image_id,kid,y,cell,present,free,r_our,source,bus_present,bus_inside,bus_cell,cell_bus,mg_presence,mg_location,mg_present,cell_mg,contradicted,verified,unverified
tr_0130,tr_0130,0,artifact_free,False,True,,TN3K,0,0,artifact_free,artifact_free,no,no,0.0,artifact_free,False,True,False
tr_1882,tr_1882,0,artifact_free,False,True,,TN3K,0,0,artifact_free,artifact_free,yes,no,1.0,trapB,True,False,False
tr_2207,tr_2207,1,trapA,True,False,0.903387703889586,TN3K,1,0,trapB,trapB,yes,no,1.0,trapB,True,False,False
tr_0690,tr_0690,0,mid,True,False,0.126865671641791,TN3K,1,0,trapB,trapB,yes,no,1.0,trapB,False,True,False
tr_1898,tr_1898,0,artifact_free,False,True,,TN3K,0,0,artifact_free,artifact_free,yes,no,1.0,trapB,True,False,False
tr_0100,tr_0100,0,artifact_free,False,True,,TN3K,0,0,artifact_free,artifact_free,no,no,0.0,artifact_free,False,True,False
tr_1013,tr_1013,0,artifact_free,False,True,,TN3K,0,0,artifact_free,artifact_free,yes,no,1.0,trapB,True,False,False
tr_0695,tr_0695,0,artifact_free,False,True,,TN3K,0,0,artifact_free,artifact_free,yes,no,1.0,trapB,True,False,False
tr_1179,tr_1179,0,trapA,True,False,0.631578947368421,TN3K,0,0,artifact_free,artifact_free,yes,no,1.0,trapB,True,False,False
tr_2305,tr_2305,0,trapA,True,False,0.9130434782608696,TN3K,1,1,trapA,trapA,yes,yes,1.0,trapA,False,True,False
tr_0641,tr_0641,0,artifact_free,False,True,,TN3K,0,0,artifact_free,artifact_free,no,no,0.0,artifact_free,False,True,False
tr_1035,tr_1035,0,trapA,True,False,0.8426339285714286,TN3K,1,0,trapB,trapB,yes,yes,1.0,trapA,True,False,False
tr_0593,tr_0593,0,artifact_free,False,True,,TN3K,0,0,artifact_free,artifact_free,no,no,0.0,artifact_free,False,True,False
tr_2734,tr_2734,1,artifact_free,False,True,,TN3K,0,0,artifact_free,artifact_free,yes,no,1.0,trapB,True,False,False
tr_1037,tr_1037,0,trapA,True,False,0.9260918253079508,TN3K,1,1,trapA,trapA,yes,yes,1.0,trapA,False,True,False
tr_2341,tr_2341,0,artifact_free,False,True,,TN3K,0,0,artifact_free,artifact_free,no,no,0.0,artifact_free,False,True,False
tr_0074,tr_0074,0,artifact_free,False,True,,TN3K,0,0,artifact_free,artifact_free,no,no,0.0,artifact_free,False,True,False
tr_0649,tr_0649,0,artifact_free,False,True,,TN3K,0,0,artifact_free,artifact_free,no,no,0.0,artifact_free,False,True,False
tr_1363,tr_1363,0,trapA,True,False,1.0,TN3K,1,1,trapA,trapA,yes,yes,1.0,trapA,False,True,False
tr_0701,tr_0701,1,artifact_free,False,True,,TN3K,0,0,artifact_free,artifact_free,yes,no,1.0,trapB,True,False,False
tr_2072,tr_2072,1,artifact_free,False,True,,TN3K,0,0,artifact_free,artifact_free,yes,no,1.0,trapB,True,False,False
tr_0800,tr_0800,1,artifact_free,False,True,,TN3K,1,0,trapB,trapB,yes,yes,1.0,trapA,True,False,False
tr_1748,tr_1748,0,artifact_free,False,True,,TN3K,0,0,artifact_free,artifact_free,no,no,0.0,artifact_free,False,True,False
tr_2464,tr_2464,0,artifact_free,False,True,,TN3K,0,0,artifact_free,artifact_free,no,no,0.0,artifact_free,False,True,False
tr_0971,tr_0971,0,artifact_free,False,True,,TN3K,0,0,artifact_free,artifact_free,yes,no,1.0,trapB,True,False,False
tr_0522,tr_0522,0,artifact_free,False,True,,TN3K,0,0,artifact_free,artifact_free,no,no,0.0,artifact_free,False,True,False
tr_0891,tr_0891,1,trapA,True,False,0.7559322033898305,TN3K,1,1,trapA,trapA,yes,yes,1.0,trapA,False,True,False
tr_0102,tr_0102,0,artifact_free,False,True,,TN3K,0,0,artifact_free,artifact_free,yes,no,1.0,trapB,True,False,False
tr_2832,tr_2832,1,artifact_free,False,True,,TN3K,0,0,artifact_free,artifact_free,no,no,0.0,artifact_free,False,True,False
tr_0652,tr_0652,0,artifact_free,False,True,,TN3K,0,0,artifact_free,artifact_free,no,no,0.0,artifact_free,False,True,False
tr_2146,tr_2146,1,trapA,True,False,0.7150259067357513,TN3K,1,1,trapA,trapA,yes,yes,1.0,trapA,False,True,False
tr_0327,tr_0327,0,trapA,True,False,0.9629629629629628,TN3K,1,1,trapA,trapA,yes,yes,1.0,trapA,False,True,False
tr_1090,tr_1090,0,artifact_free,False,True,,TN3K,0,0,artifact_free,artifact_free,no,no,0.0,artifact_free,False,True,False
tr_0243,tr_0243,0,artifact_free,False,True,,TN3K,0,0,artifact_free,artifact_free,no,no,0.0,artifact_free,False,True,False
tr_1198,tr_1198,0,artifact_free,False,True,,TN3K,0,0,artifact_free,artifact_free,no,no,0.0,artifact_free,False,True,False
tr_0143,tr_0143,0,artifact_free,False,True,,TN3K,0,0,artifact_free,artifact_free,yes,no,1.0,trapB,True,False,False
tr_0089,tr_0089,0,trapA,True,False,0.684085510688836,TN3K,1,1,trapA,trapA,yes,yes,1.0,trapA,False,True,False
tr_1340,tr_1340,0,trapA,True,False,0.7202312138728324,TN3K,0,0,artifact_free,artifact_free,yes,yes,1.0,trapA,True,False,False
tr_1531,tr_1531,1,artifact_free,False,True,,TN3K,0,0,artifact_free,artifact_free,no,no,0.0,artifact_free,False,True,False
tr_2619,tr_2619,0,artifact_free,False,True,,TN3K,0,0,artifact_free,artifact_free,no,no,0.0,artifact_free,False,True,False
tr_1193,tr_1193,0,trapA,True,False,1.0,TN3K,0,0,artifact_free,artifact_free,yes,yes,1.0,trapA,True,False,False
tr_1687,tr_1687,0,trapA,True,False,0.7921348314606742,TN3K,0,0,artifact_free,artifact_free,yes,yes,1.0,trapA,True,False,False
tr_1562,tr_1562,1,trapA,True,False,0.9111111111111112,TN3K,0,0,artifact_free,artifact_free,no,no,0.0,artifact_free,True,False,False
tr_1678,tr_1678,0,artifact_free,False,True,,TN3K,0,0,artifact_free,artifact_free,yes,no,1.0,trapB,True,False,False
tr_2499,tr_2499,0,mid,True,False,0.4545454545454545,TN3K,1,1,trapA,trapA,yes,yes,1.0,trapA,False,True,False
tr_0027,tr_0027,0,trapB,True,False,0.0,TN3K,0,0,artifact_free,artifact_free,yes,no,1.0,trapB,True,False,False
tr_0648,tr_0648,0,artifact_free,False,True,,TN3K,0,0,artifact_free,artifact_free,no,no,0.0,artifact_free,False,True,False
tr_0557,tr_0557,0,trapA,True,False,0.8125,TN3K,1,1,trapA,trapA,yes,yes,1.0,trapA,False,True,False
tr_0524,tr_0524,0,artifact_free,False,True,,TN3K,0,0,artifact_free,artifact_free,no,no,0.0,artifact_free,False,True,False
tr_0162,tr_0162,0,artifact_free,False,True,,TN3K,0,0,artifact_free,artifact_free,no,no,0.0,artifact_free,False,True,False
tr_1504,tr_1504,1,artifact_free,False,True,,TN3K,0,0,artifact_free,artifact_free,no,no,0.0,artifact_free,False,True,False
tr_0848,tr_0848,1,trapA,True,False,0.9888888888888888,TN3K,1,1,trapA,trapA,yes,no,1.0,trapB,True,False,False
tr_2733,tr_2733,1,artifact_free,False,True,,TN3K,0,0,artifact_free,artifact_free,no,no,0.0,artifact_free,False,True,False
tr_1049,tr_1049,0,trapA,True,False,0.9263622974963182,TN3K,1,1,trapA,trapA,yes,yes,1.0,trapA,False,True,False
tr_0044,tr_0044,0,trapA,True,False,0.8971631205673759,TN3K,0,0,artifact_free,artifact_free,yes,no,1.0,trapB,True,False,False
tr_2779,tr_2779,1,artifact_free,False,True,,TN3K,0,0,artifact_free,artifact_free,no,no,0.0,artifact_free,False,True,False
tr_0725,tr_0725,1,artifact_free,False,True,,TN3K,0,0,artifact_free,artifact_free,yes,no,1.0,trapB,True,False,False
tr_2124,tr_2124,1,artifact_free,False,True,,TN3K,1,1,trapA,trapA,yes,yes,1.0,trapA,True,False,False
tr_0992,tr_0992,0,artifact_free,False,True,,TN3K,0,0,artifact_free,artifact_free,no,no,0.0,artifact_free,False,True,False
tr_0164,tr_0164,0,trapA,True,False,0.8938156359393232,TN3K,1,0,trapB,trapB,yes,yes,1.0,trapA,True,False,False
tr_0514,tr_0514,0,artifact_free,False,True,,TN3K,0,0,artifact_free,artifact_free,no,no,0.0,artifact_free,False,True,False
tr_0792,tr_0792,1,artifact_free,False,True,,TN3K,0,0,artifact_free,artifact_free,no,no,0.0,artifact_free,False,True,False
tr_1040,tr_1040,0,mid,True,False,0.3508771929824561,TN3K,1,1,trapA,trapA,yes,yes,1.0,trapA,False,True,False
tr_0020,tr_0020,0,trapA,True,False,0.9442508710801394,TN3K,1,1,trapA,trapA,yes,yes,1.0,trapA,False,True,False
tr_0331,tr_0331,0,trapA,True,False,0.8840579710144928,TN3K,1,1,trapA,trapA,yes,yes,1.0,trapA,False,True,False
tr_2310,tr_2310,0,trapA,True,False,1.0,TN3K,0,0,artifact_free,artifact_free,yes,no,1.0,trapB,True,False,False
tr_0094,tr_0094,0,trapB,True,False,0.0,TN3K,0,0,artifact_free,artifact_free,yes,no,1.0,trapB,True,False,False
tr_2297,tr_2297,0,artifact_free,False,True,,TN3K,0,0,artifact_free,artifact_free,no,no,0.0,artifact_free,False,True,False
tr_1914,tr_1914,0,trapA,True,False,0.6598596043395022,TN3K,0,0,artifact_free,artifact_free,yes,no,1.0,trapB,True,False,False
tr_2179,tr_2179,1,artifact_free,False,True,,TN3K,0,0,artifact_free,artifact_free,no,no,0.0,artifact_free,False,True,False
tr_1570,tr_1570,1,artifact_free,False,True,,TN3K,0,0,artifact_free,artifact_free,yes,no,1.0,trapB,True,False,False
tr_1952,tr_1952,0,artifact_free,False,True,,TN3K,0,0,artifact_free,artifact_free,yes,no,1.0,trapB,True,False,False
tr_1313,tr_1313,0,trapA,True,False,0.5591397849462365,TN3K,1,1,trapA,trapA,yes,no,1.0,trapB,True,False,False
tr_2121,tr_2121,1,artifact_free,False,True,,TN3K,0,0,artifact_free,artifact_free,yes,no,1.0,trapB,True,False,False
tr_2053,tr_2053,1,trapA,True,False,0.53515625,TN3K,1,1,trapA,trapA,yes,yes,1.0,trapA,False,True,False
tr_2875,tr_2875,1,artifact_free,False,True,,TN3K,0,0,artifact_free,artifact_free,no,no,0.0,artifact_free,False,True,False
tr_0676,tr_0676,0,artifact_free,False,True,,TN3K,0,0,artifact_free,artifact_free,no,no,0.0,artifact_free,False,True,False
tr_1799,tr_1799,0,trapA,True,False,0.7490774907749077,TN3K,0,0,artifact_free,artifact_free,yes,no,1.0,trapB,True,False,False
tr_0537,tr_0537,0,artifact_free,False,True,,TN3K,0,0,artifact_free,artifact_free,no,no,0.0,artifact_free,False,True,False
tr_2019,tr_2019,1,artifact_free,False,True,,TN3K,1,0,trapB,trapB,yes,no,1.0,trapB,True,False,False
tr_2436,tr_2436,0,artifact_free,False,True,,TN3K,0,0,artifact_free,artifact_free,no,no,0.0,artifact_free,False,True,False
tr_0505,tr_0505,0,artifact_free,False,True,,TN3K,0,0,artifact_free,artifact_free,yes,no,1.0,trapB,True,False,False
tr_1232,tr_1232,0,trapA,True,False,0.7518427518427518,TN3K,0,0,artifact_free,artifact_free,yes,no,1.0,trapB,True,False,False
tr_1671,tr_1671,0,artifact_free,False,True,,TN3K,0,0,artifact_free,artifact_free,no,no,0.0,artifact_free,False,True,False
tr_0632,tr_0632,0,trapA,True,False,0.9081858407079646,TN3K,1,1,trapA,trapA,yes,yes,1.0,trapA,False,True,False
tr_1656,tr_1656,0,trapA,True,False,0.6756756756756757,TN3K,1,1,trapA,trapA,yes,yes,1.0,trapA,False,True,False
tr_0785,tr_0785,1,trapA,True,False,0.8656716417910447,TN3K,0,0,artifact_free,artifact_free,yes,no,1.0,trapB,True,False,False
tr_0983,tr_0983,0,trapB,True,False,0.0,TN3K,1,0,trapB,trapB,yes,yes,1.0,trapA,True,False,False
tr_0392,tr_0392,0,trapA,True,False,1.0,TN3K,0,0,artifact_free,artifact_free,yes,no,1.0,trapB,True,False,False
tr_1115,tr_1115,0,trapA,True,False,0.9524617996604414,TN3K,0,0,artifact_free,artifact_free,yes,no,1.0,trapB,True,False,False
tr_0289,tr_0289,0,trapA,True,False,0.5364238410596026,TN3K,0,0,artifact_free,artifact_free,yes,yes,1.0,trapA,True,False,False
tr_1854,tr_1854,0,trapA,True,False,0.6716981132075471,TN3K,1,1,trapA,trapA,yes,no,1.0,trapB,True,False,False
tr_0019,tr_0019,0,artifact_free,False,True,,TN3K,0,0,artifact_free,artifact_free,yes,yes,1.0,trapA,True,False,False
tr_1521,tr_1521,1,trapA,True,False,0.7347670250896058,TN3K,1,1,trapA,trapA,yes,yes,1.0,trapA,False,True,False
tr_0784,tr_0784,1,artifact_free,False,True,,TN3K,0,0,artifact_free,artifact_free,yes,no,1.0,trapB,True,False,False
tr_2212,tr_2212,1,artifact_free,False,True,,TN3K,0,0,artifact_free,artifact_free,no,no,0.0,artifact_free,False,True,False
tr_2290,tr_2290,0,artifact_free,False,True,,TN3K,0,0,artifact_free,artifact_free,no,no,0.0,artifact_free,False,True,False
tr_0818,tr_0818,1,artifact_free,False,True,,TN3K,0,0,artifact_free,artifact_free,yes,no,1.0,trapB,True,False,False
tr_0645,tr_0645,0,trapA,True,False,0.6666666666666666,TN3K,1,1,trapA,trapA,yes,yes,1.0,trapA,False,True,False
tr_2610,tr_2610,0,artifact_free,False,True,,TN3K,0,0,artifact_free,artifact_free,no,no,0.0,artifact_free,False,True,False
tr_1808,tr_1808,0,artifact_free,False,True,,TN3K,0,0,artifact_free,artifact_free,yes,no,1.0,trapB,True,False,False
tr_0401,tr_0401,0,trapA,True,False,0.532561505065123,TN3K,1,0,trapB,trapB,yes,yes,1.0,trapA,True,False,False
tr_2813,tr_2813,1,artifact_free,False,True,,TN3K,0,0,artifact_free,artifact_free,no,no,0.0,artifact_free,False,True,False
tr_1519,tr_1519,1,artifact_free,False,True,,TN3K,0,0,artifact_free,artifact_free,no,no,0.0,artifact_free,False,True,False
tr_0202,tr_0202,0,artifact_free,False,True,,TN3K,0,0,artifact_free,artifact_free,yes,no,1.0,trapB,True,False,False
tr_1413,tr_1413,1,trapA,True,False,0.6533333333333333,TN3K,1,1,trapA,trapA,yes,no,1.0,trapB,True,False,False
tr_2259,tr_2259,1,artifact_free,False,True,,TN3K,0,0,artifact_free,artifact_free,no,no,0.0,artifact_free,False,True,False
tr_1506,tr_1506,1,artifact_free,False,True,,TN3K,0,0,artifact_free,artifact_free,no,no,0.0,artifact_free,False,True,False
tr_1530,tr_1530,1,artifact_free,False,True,,TN3K,0,0,artifact_free,artifact_free,no,no,0.0,artifact_free,False,True,False
tr_2748,tr_2748,1,artifact_free,False,True,,TN3K,0,0,artifact_free,artifact_free,no,no,0.0,artifact_free,False,True,False
tr_1996,tr_1996,1,artifact_free,False,True,,TN3K,0,0,artifact_free,artifact_free,no,no,0.0,artifact_free,False,True,False
tr_1467,tr_1467,1,artifact_free,False,True,,TN3K,0,0,artifact_free,artifact_free,no,no,0.0,artifact_free,False,True,False
tr_2102,tr_2102,1,artifact_free,False,True,,TN3K,0,0,artifact_free,artifact_free,no,no,0.0,artifact_free,False,True,False
tr_0232,tr_0232,0,artifact_free,False,True,,TN3K,0,0,artifact_free,artifact_free,no,no,0.0,artifact_free,False,True,False
tr_2054,tr_2054,1,artifact_free,False,True,,TN3K,0,0,artifact_free,artifact_free,no,no,0.0,artifact_free,False,True,False
tr_0338,tr_0338,0,trapB,True,False,0.0,TN3K,1,0,trapB,trapB,yes,yes,1.0,trapA,True,False,False
tr_1594,tr_1594,1,trapA,True,False,0.9528508771929824,TN3K,1,1,trapA,trapA,yes,yes,1.0,trapA,False,True,False
tr_1447,tr_1447,1,artifact_free,False,True,,TN3K,0,0,artifact_free,artifact_free,no,no,0.0,artifact_free,False,True,False
tr_2144,tr_2144,1,artifact_free,False,True,,TN3K,0,0,artifact_free,artifact_free,no,no,0.0,artifact_free,False,True,False
tr_2116,tr_2116,1,artifact_free,False,True,,TN3K,0,0,artifact_free,artifact_free,no,no,0.0,artifact_free,False,True,False
tr_0374,tr_0374,0,trapA,True,False,0.8508771929824561,TN3K,0,0,artifact_free,artifact_free,yes,no,1.0,trapB,True,False,False
tr_0050,tr_0050,0,artifact_free,False,True,,TN3K,0,0,artifact_free,artifact_free,no,no,0.0,artifact_free,False,True,False
tr_1945,tr_1945,0,artifact_free,False,True,,TN3K,0,0,artifact_free,artifact_free,no,no,0.0,artifact_free,False,True,False
tr_0520,tr_0520,0,artifact_free,False,True,,TN3K,0,0,artifact_free,artifact_free,no,no,0.0,artifact_free,False,True,False
tr_2312,tr_2312,0,trapA,True,False,0.5895020188425303,TN3K,0,0,artifact_free,artifact_free,yes,no,1.0,trapB,True,False,False
tr_0682,tr_0682,0,trapA,True,False,0.9385245901639344,TN3K,0,0,artifact_free,artifact_free,yes,yes,1.0,trapA,True,False,False
tr_1658,tr_1658,0,trapB,True,False,0.0,TN3K,0,0,artifact_free,artifact_free,yes,no,1.0,trapB,True,False,False
tr_2708,tr_2708,1,trapB,True,False,0.0,TN3K,0,0,artifact_free,artifact_free,no,no,0.0,artifact_free,True,False,False
tr_0087,tr_0087,0,trapA,True,False,1.0,TN3K,0,0,artifact_free,artifact_free,yes,no,1.0,trapB,True,False,False
tr_0231,tr_0231,0,trapA,True,False,0.9985074626865672,TN3K,0,0,artifact_free,artifact_free,yes,yes,1.0,trapA,True,False,False
tr_0908,tr_0908,1,artifact_free,False,True,,TN3K,0,0,artifact_free,artifact_free,no,no,0.0,artifact_free,False,True,False
tr_0091,tr_0091,0,artifact_free,False,True,,TN3K,0,0,artifact_free,artifact_free,no,no,0.0,artifact_free,False,True,False
tr_1050,tr_1050,0,trapA,True,False,0.9767786561264822,TN3K,1,0,trapB,trapB,yes,no,1.0,trapB,True,False,False
tr_0960,tr_0960,0,artifact_free,False,True,,TN3K,0,0,artifact_free,artifact_free,no,no,0.0,artifact_free,False,True,False
tr_1772,tr_1772,0,artifact_free,False,True,,TN3K,0,0,artifact_free,artifact_free,no,no,0.0,artifact_free,False,True,False
tr_1213,tr_1213,0,trapB,True,False,0.024,TN3K,0,0,artifact_free,artifact_free,yes,no,1.0,trapB,True,False,False
tr_0154,tr_0154,0,artifact_free,False,True,,TN3K,0,0,artifact_free,artifact_free,yes,no,1.0,trapB,True,False,False
tr_2048,tr_2048,1,trapA,True,False,1.0,TN3K,0,0,artifact_free,artifact_free,yes,no,1.0,trapB,True,False,False
tr_2363,tr_2363,0,trapB,True,False,0.0,TN3K,0,0,artifact_free,artifact_free,yes,no,1.0,trapB,True,False,False
tr_0853,tr_0853,1,artifact_free,False,True,,TN3K,0,0,artifact_free,artifact_free,no,no,0.0,artifact_free,False,True,False
tr_0845,tr_0845,1,trapA,True,False,0.948051948051948,TN3K,0,0,artifact_free,artifact_free,yes,yes,1.0,trapA,True,False,False
tr_2716,tr_2716,1,artifact_free,False,True,,TN3K,0,0,artifact_free,artifact_free,no,no,0.0,artifact_free,False,True,False
tr_0664,tr_0664,0,trapA,True,False,0.7777777777777778,TN3K,0,0,artifact_free,artifact_free,yes,no,1.0,trapB,True,False,False
tr_0675,tr_0675,0,trapB,True,False,0.0,TN3K,1,0,trapB,trapB,yes,no,1.0,trapB,False,True,False
tr_2543,tr_2543,0,trapA,True,False,0.565880721220527,TN3K,0,0,artifact_free,artifact_free,yes,no,1.0,trapB,True,False,False
tr_2062,tr_2062,1,artifact_free,False,True,,TN3K,0,0,artifact_free,artifact_free,no,no,0.0,artifact_free,False,True,False
tr_2135,tr_2135,1,trapA,True,False,0.8533190578158458,TN3K,1,1,trapA,trapA,yes,yes,1.0,trapA,False,True,False
tr_1689,tr_1689,0,trapB,True,False,0.0671580671580671,TN3K,0,0,artifact_free,artifact_free,yes,no,1.0,trapB,True,False,False
tr_1582,tr_1582,1,trapA,True,False,1.0,TN3K,1,1,trapA,trapA,yes,yes,1.0,trapA,False,True,False
tr_1502,tr_1502,1,artifact_free,False,True,,TN3K,0,0,artifact_free,artifact_free,no,no,0.0,artifact_free,False,True,False
tr_2045,tr_2045,1,artifact_free,False,True,,TN3K,0,0,artifact_free,artifact_free,no,no,0.0,artifact_free,False,True,False
tr_2507,tr_2507,0,trapA,True,False,1.0,TN3K,0,0,artifact_free,artifact_free,yes,no,1.0,trapB,True,False,False
tr_0650,tr_0650,0,artifact_free,False,True,,TN3K,0,0,artifact_free,artifact_free,no,no,0.0,artifact_free,False,True,False
tr_2036,tr_2036,1,trapA,True,False,0.8,TN3K,0,0,artifact_free,artifact_free,yes,yes,1.0,trapA,True,False,False
tr_1440,tr_1440,1,trapA,True,False,0.9531568228105908,TN3K,0,0,artifact_free,artifact_free,yes,yes,1.0,trapA,True,False,False
tr_2264,tr_2264,1,artifact_free,False,True,,TN3K,0,0,artifact_free,artifact_free,yes,no,1.0,trapB,True,False,False
tr_0962,tr_0962,0,trapA,True,False,0.7177177177177178,TN3K,0,0,artifact_free,artifact_free,yes,yes,1.0,trapA,True,False,False
tr_1706,tr_1706,0,trapB,True,False,0.0664556962025316,TN3K,0,0,artifact_free,artifact_free,no,no,0.0,artifact_free,True,False,False
tr_0018,tr_0018,0,trapA,True,False,0.9592696629213484,TN3K,1,0,trapB,trapB,yes,yes,1.0,trapA,True,False,False
tr_1163,tr_1163,0,trapA,True,False,0.9709762532981532,TN3K,0,0,artifact_free,artifact_free,yes,yes,1.0,trapA,True,False,False
tr_0969,tr_0969,0,trapA,True,False,0.8564397046759639,TN3K,1,1,trapA,trapA,yes,no,1.0,trapB,True,False,False
tr_1788,tr_1788,0,trapA,True,False,0.9420731707317072,TN3K,0,0,artifact_free,artifact_free,yes,no,1.0,trapB,True,False,False
tr_1809,tr_1809,0,artifact_free,False,True,,TN3K,0,0,artifact_free,artifact_free,yes,no,1.0,trapB,True,False,False
tr_2617,tr_2617,0,artifact_free,False,True,,TN3K,0,0,artifact_free,artifact_free,yes,no,1.0,trapB,True,False,False
tr_2201,tr_2201,1,artifact_free,False,True,,TN3K,0,0,artifact_free,artifact_free,no,no,0.0,artifact_free,False,True,False
tr_1055,tr_1055,0,trapA,True,False,0.5333333333333333,TN3K,0,0,artifact_free,artifact_free,yes,no,1.0,trapB,True,False,False
tr_1038,tr_1038,0,artifact_free,False,True,,TN3K,1,1,trapA,trapA,yes,no,1.0,trapB,True,False,False
tr_1243,tr_1243,0,artifact_free,False,True,,TN3K,0,0,artifact_free,artifact_free,yes,no,1.0,trapB,True,False,False
tr_0743,tr_0743,1,artifact_free,False,True,,TN3K,0,0,artifact_free,artifact_free,no,no,0.0,artifact_free,False,True,False
tr_1615,tr_1615,1,artifact_free,False,True,,TN3K,0,0,artifact_free,artifact_free,no,no,0.0,artifact_free,False,True,False
tr_1217,tr_1217,0,artifact_free,False,True,,TN3K,0,0,artifact_free,artifact_free,yes,yes,1.0,trapA,True,False,False
tr_0927,tr_0927,1,mid,True,False,0.4411764705882353,TN3K,0,0,artifact_free,artifact_free,yes,yes,1.0,trapA,True,False,False
tr_2147,tr_2147,1,trapA,True,False,0.6818181818181818,TN3K,1,1,trapA,trapA,yes,yes,1.0,trapA,False,True,False
tr_1254,tr_1254,0,trapA,True,False,0.5418181818181819,TN3K,0,0,artifact_free,artifact_free,yes,no,1.0,trapB,True,False,False
tr_1756,tr_1756,0,mid,True,False,0.4675324675324675,TN3K,1,1,trapA,trapA,yes,no,1.0,trapB,False,True,False
tr_0501,tr_0501,0,trapB,True,False,0.0056439199589533,TN3K,0,0,artifact_free,artifact_free,yes,no,1.0,trapB,True,False,False
tr_0411,tr_0411,0,trapA,True,False,1.0,TN3K,0,0,artifact_free,artifact_free,yes,yes,1.0,trapA,True,False,False
tr_2555,tr_2555,0,artifact_free,False,True,,TN3K,1,0,trapB,trapB,yes,yes,1.0,trapA,True,False,False
tr_0541,tr_0541,0,artifact_free,False,True,,TN3K,0,0,artifact_free,artifact_free,no,no,0.0,artifact_free,False,True,False
tr_1036,tr_1036,0,artifact_free,False,True,,TN3K,0,0,artifact_free,artifact_free,no,no,0.0,artifact_free,False,True,False
tr_2562,tr_2562,0,trapA,True,False,0.6814814814814815,TN3K,0,0,artifact_free,artifact_free,yes,yes,1.0,trapA,True,False,False
tr_0916,tr_0916,1,trapA,True,False,1.0,TN3K,1,1,trapA,trapA,yes,yes,1.0,trapA,False,True,False
tr_2075,tr_2075,1,artifact_free,False,True,,TN3K,0,0,artifact_free,artifact_free,no,no,0.0,artifact_free,False,True,False
tr_1108,tr_1108,0,trapA,True,False,0.7801801801801802,TN3K,1,1,trapA,trapA,yes,yes,1.0,trapA,False,True,False
tr_0473,tr_0473,0,trapA,True,False,1.0,TN3K,0,0,artifact_free,artifact_free,yes,no,1.0,trapB,True,False,False
tr_2293,tr_2293,0,mid,True,False,0.2207792207792207,TN3K,0,0,artifact_free,artifact_free,yes,no,1.0,trapB,True,False,False
tr_2668,tr_2668,0,artifact_free,False,True,,TN3K,0,0,artifact_free,artifact_free,no,no,0.0,artifact_free,False,True,False
tr_2550,tr_2550,0,trapA,True,False,0.8862745098039215,TN3K,0,0,artifact_free,artifact_free,yes,no,1.0,trapB,True,False,False
tr_1838,tr_1838,0,trapA,True,False,1.0,TN3K,0,0,artifact_free,artifact_free,yes,no,1.0,trapB,True,False,False
tr_0339,tr_0339,0,trapB,True,False,0.0,TN3K,1,0,trapB,trapB,yes,no,1.0,trapB,False,True,False
tr_2525,tr_2525,0,trapB,True,False,0.0,TN3K,0,0,artifact_free,artifact_free,yes,no,1.0,trapB,True,False,False
tr_2388,tr_2388,0,artifact_free,False,True,,TN3K,0,0,artifact_free,artifact_free,no,no,0.0,artifact_free,False,True,False
tr_1464,tr_1464,1,artifact_free,False,True,,TN3K,0,0,artifact_free,artifact_free,no,no,0.0,artifact_free,False,True,False
tr_2439,tr_2439,0,artifact_free,False,True,,TN3K,0,0,artifact_free,artifact_free,no,no,0.0,artifact_free,False,True,False
tr_0176,tr_0176,0,artifact_free,False,True,,TN3K,0,0,artifact_free,artifact_free,no,no,0.0,artifact_free,False,True,False
tr_2047,tr_2047,1,trapA,True,False,0.9666666666666668,TN3K,1,1,trapA,trapA,yes,yes,1.0,trapA,False,True,False
tr_2711,tr_2711,1,artifact_free,False,True,,TN3K,0,0,artifact_free,artifact_free,no,no,0.0,artifact_free,False,True,False
tr_1973,tr_1973,0,artifact_free,False,True,,TN3K,0,0,artifact_free,artifact_free,no,no,0.0,artifact_free,False,True,False
tr_0580,tr_0580,0,trapA,True,False,0.8152524167561761,TN3K,0,0,artifact_free,artifact_free,yes,yes,1.0,trapA,True,False,False
tr_2318,tr_2318,0,artifact_free,False,True,,TN3K,0,0,artifact_free,artifact_free,no,no,0.0,artifact_free,False,True,False
tr_1226,tr_1226,0,trapA,True,False,0.9690721649484536,TN3K,0,0,artifact_free,artifact_free,yes,no,1.0,trapB,True,False,False
tr_0665,tr_0665,0,trapA,True,False,0.8888888888888888,TN3K,1,1,trapA,trapA,yes,yes,1.0,trapA,False,True,False
tr_2148,tr_2148,1,trapA,True,False,0.8272425249169435,TN3K,1,1,trapA,trapA,yes,yes,1.0,trapA,False,True,False
tr_1517,tr_1517,1,artifact_free,False,True,,TN3K,0,0,artifact_free,artifact_free,no,no,0.0,artifact_free,False,True,False
tr_0188,tr_0188,0,trapA,True,False,0.9567307692307692,TN3K,0,0,artifact_free,artifact_free,yes,yes,1.0,trapA,True,False,False
tr_0807,tr_0807,1,artifact_free,False,True,,TN3K,0,0,artifact_free,artifact_free,no,no,0.0,artifact_free,False,True,False
tr_0583,tr_0583,0,artifact_free,False,True,,TN3K,0,0,artifact_free,artifact_free,no,no,0.0,artifact_free,False,True,False
tr_2240,tr_2240,1,artifact_free,False,True,,TN3K,0,0,artifact_free,artifact_free,no,no,0.0,artifact_free,False,True,False
tr_0373,tr_0373,0,trapB,True,False,0.0,TN3K,0,0,artifact_free,artifact_free,yes,no,1.0,trapB,True,False,False
tr_0116,tr_0116,0,artifact_free,False,True,,TN3K,0,0,artifact_free,artifact_free,no,no,0.0,artifact_free,False,True,False
tr_2724,tr_2724,1,artifact_free,False,True,,TN3K,0,0,artifact_free,artifact_free,no,no,0.0,artifact_free,False,True,False
tr_2604,tr_2604,0,artifact_free,False,True,,TN3K,0,0,artifact_free,artifact_free,no,no,0.0,artifact_free,False,True,False
tr_0173,tr_0173,0,artifact_free,False,True,,TN3K,0,0,artifact_free,artifact_free,no,no,0.0,artifact_free,False,True,False
tr_1139,tr_1139,0,trapA,True,False,1.0,TN3K,0,0,artifact_free,artifact_free,yes,no,1.0,trapB,True,False,False
tr_0379,tr_0379,0,trapA,True,False,1.0,TN3K,0,0,artifact_free,artifact_free,yes,yes,1.0,trapA,True,False,False
tr_0214,tr_0214,0,artifact_free,False,True,,TN3K,0,0,artifact_free,artifact_free,no,no,0.0,artifact_free,False,True,False
tr_2314,tr_2314,0,artifact_free,False,True,,TN3K,0,0,artifact_free,artifact_free,no,no,0.0,artifact_free,False,True,False
tr_2154,tr_2154,1,trapA,True,False,0.8152985074626866,TN3K,1,1,trapA,trapA,yes,no,1.0,trapB,True,False,False
tr_0614,tr_0614,0,artifact_free,False,True,,TN3K,1,1,trapA,trapA,yes,yes,1.0,trapA,True,False,False
tr_1625,tr_1625,0,artifact_free,False,True,,TN3K,0,0,artifact_free,artifact_free,yes,no,1.0,trapB,True,False,False
tr_0129,tr_0129,0,artifact_free,False,True,,TN3K,0,0,artifact_free,artifact_free,no,no,0.0,artifact_free,False,True,False
tr_1172,tr_1172,0,trapA,True,False,0.6689655172413793,TN3K,1,1,trapA,trapA,yes,yes,1.0,trapA,False,True,False
tr_2601,tr_2601,0,trapA,True,False,0.7195767195767195,TN3K,0,0,artifact_free,artifact_free,yes,no,1.0,trapB,True,False,False
tr_1669,tr_1669,0,mid,True,False,0.4184397163120567,TN3K,1,1,trapA,trapA,yes,yes,1.0,trapA,False,True,False
tr_2229,tr_2229,1,trapB,True,False,0.0,TN3K,1,0,trapB,trapB,yes,yes,1.0,trapA,True,False,False
tr_0543,tr_0543,0,artifact_free,False,True,,TN3K,0,0,artifact_free,artifact_free,yes,no,1.0,trapB,True,False,False
tr_1885,tr_1885,0,artifact_free,False,True,,TN3K,1,0,trapB,trapB,no,no,0.0,artifact_free,True,False,False
tr_2864,tr_2864,1,artifact_free,False,True,,TN3K,0,0,artifact_free,artifact_free,no,no,0.0,artifact_free,False,True,False
tr_2320,tr_2320,0,artifact_free,False,True,,TN3K,0,0,artifact_free,artifact_free,no,no,0.0,artifact_free,False,True,False
tr_0478,tr_0478,0,trapA,True,False,0.9119496855345912,TN3K,0,0,artifact_free,artifact_free,yes,yes,1.0,trapA,True,False,False
tr_0195,tr_0195,0,mid,True,False,0.4574132492113564,TN3K,0,0,artifact_free,artifact_free,yes,no,1.0,trapB,True,False,False
tr_1711,tr_1711,0,trapA,True,False,0.9792284866468842,TN3K,0,0,artifact_free,artifact_free,yes,no,1.0,trapB,True,False,False
tr_2214,tr_2214,1,mid,True,False,0.3239017125837677,TN3K,0,0,artifact_free,artifact_free,yes,no,1.0,trapB,True,False,False
tr_1532,tr_1532,1,artifact_free,False,True,,TN3K,0,0,artifact_free,artifact_free,no,no,0.0,artifact_free,False,True,False
tr_1749,tr_1749,0,artifact_free,False,True,,TN3K,0,0,artifact_free,artifact_free,no,no,0.0,artifact_free,False,True,False
tr_1437,tr_1437,1,trapA,True,False,0.8695652173913043,TN3K,1,1,trapA,trapA,yes,yes,1.0,trapA,False,True,False
tr_1249,tr_1249,0,trapA,True,False,0.985594237695078,TN3K,1,0,trapB,trapB,yes,no,1.0,trapB,True,False,False
tr_0239,tr_0239,0,trapA,True,False,0.5605778191985089,TN3K,1,0,trapB,trapB,yes,no,1.0,trapB,True,False,False
tr_1507,tr_1507,1,artifact_free,False,True,,TN3K,0,0,artifact_free,artifact_free,yes,no,1.0,trapB,True,False,False
tr_1405,tr_1405,1,artifact_free,False,True,,TN3K,0,0,artifact_free,artifact_free,no,no,0.0,artifact_free,False,True,False
tr_1764,tr_1764,0,trapA,True,False,0.9,TN3K,1,0,trapB,trapB,yes,yes,1.0,trapA,True,False,False
tr_0707,tr_0707,1,artifact_free,False,True,,TN3K,0,0,artifact_free,artifact_free,no,no,0.0,artifact_free,False,True,False
tr_0786,tr_0786,1,artifact_free,False,True,,TN3K,0,0,artifact_free,artifact_free,no,no,0.0,artifact_free,False,True,False
tr_2641,tr_2641,0,artifact_free,False,True,,TN3K,0,0,artifact_free,artifact_free,yes,no,1.0,trapB,True,False,False
tr_1385,tr_1385,0,artifact_free,False,True,,TN3K,0,0,artifact_free,artifact_free,no,no,0.0,artifact_free,False,True,False
tr_0847,tr_0847,1,artifact_free,False,True,,TN3K,0,0,artifact_free,artifact_free,yes,no,1.0,trapB,True,False,False
tr_2371,tr_2371,0,trapA,True,False,0.6248746238716149,TN3K,1,0,trapB,trapB,yes,yes,1.0,trapA,True,False,False
tr_0468,tr_0468,0,artifact_free,False,True,,TN3K,0,0,artifact_free,artifact_free,no,no,0.0,artifact_free,False,True,False
tr_2008,tr_2008,1,artifact_free,False,True,,TN3K,0,0,artifact_free,artifact_free,no,no,0.0,artifact_free,False,True,False
tr_0952,tr_0952,0,artifact_free,False,True,,TN3K,0,0,artifact_free,artifact_free,yes,no,1.0,trapB,True,False,False
tr_0058,tr_0058,0,artifact_free,False,True,,TN3K,0,0,artifact_free,artifact_free,yes,no,1.0,trapB,True,False,False
tr_2109,tr_2109,1,trapB,True,False,0.0,TN3K,0,0,artifact_free,artifact_free,yes,no,1.0,trapB,True,False,False
tr_1455,tr_1455,1,trapA,True,False,1.0,TN3K,0,0,artifact_free,artifact_free,yes,no,1.0,trapB,True,False,False
tr_2451,tr_2451,0,artifact_free,False,True,,TN3K,0,0,artifact_free,artifact_free,yes,no,1.0,trapB,True,False,False
tr_2472,tr_2472,0,artifact_free,False,True,,TN3K,0,0,artifact_free,artifact_free,no,no,0.0,artifact_free,False,True,False
tr_2203,tr_2203,1,artifact_free,False,True,,TN3K,0,0,artifact_free,artifact_free,no,no,0.0,artifact_free,False,True,False
tr_2652,tr_2652,0,artifact_free,False,True,,TN3K,0,0,artifact_free,artifact_free,yes,no,1.0,trapB,True,False,False
tr_1802,tr_1802,0,artifact_free,False,True,,TN3K,0,0,artifact_free,artifact_free,no,no,0.0,artifact_free,False,True,False
tr_1273,tr_1273,0,trapA,True,False,0.9939024390243902,TN3K,0,0,artifact_free,artifact_free,yes,no,1.0,trapB,True,False,False
tr_0051,tr_0051,0,trapA,True,False,1.0,TN3K,1,1,trapA,trapA,yes,yes,1.0,trapA,False,True,False
tr_0219,tr_0219,0,artifact_free,False,True,,TN3K,0,0,artifact_free,artifact_free,yes,yes,1.0,trapA,True,False,False
tr_0563,tr_0563,0,artifact_free,False,True,,TN3K,0,0,artifact_free,artifact_free,no,no,0.0,artifact_free,False,True,False
tr_2577,tr_2577,0,artifact_free,False,True,,TN3K,0,0,artifact_free,artifact_free,yes,no,1.0,trapB,True,False,False
tr_0761,tr_0761,1,trapA,True,False,0.9117117117117116,TN3K,1,1,trapA,trapA,yes,yes,1.0,trapA,False,True,False
tr_0513,tr_0513,0,trapA,True,False,0.6653771760154739,TN3K,1,0,trapB,trapB,yes,yes,1.0,trapA,True,False,False
tr_0772,tr_0772,1,artifact_free,False,True,,TN3K,0,0,artifact_free,artifact_free,no,no,0.0,artifact_free,False,True,False
tr_1793,tr_1793,0,artifact_free,False,True,,TN3K,0,0,artifact_free,artifact_free,no,no,0.0,artifact_free,False,True,False
tr_2339,tr_2339,0,trapA,True,False,0.5403846153846154,TN3K,0,0,artifact_free,artifact_free,yes,no,1.0,trapB,True,False,False
tr_1751,tr_1751,0,trapA,True,False,0.701058201058201,TN3K,0,0,artifact_free,artifact_free,yes,yes,1.0,trapA,True,False,False
tr_1418,tr_1418,1,artifact_free,False,True,,TN3K,0,0,artifact_free,artifact_free,no,no,0.0,artifact_free,False,True,False
tr_0309,tr_0309,0,trapB,True,False,0.0,TN3K,1,0,trapB,trapB,yes,no,1.0,trapB,False,True,False
tr_0370,tr_0370,0,trapB,True,False,0.0,TN3K,1,0,trapB,trapB,no,no,0.0,artifact_free,True,False,False
tr_1342,tr_1342,0,trapA,True,False,0.7598870056497176,TN3K,1,1,trapA,trapA,yes,yes,1.0,trapA,False,True,False
tr_2730,tr_2730,1,artifact_free,False,True,,TN3K,0,0,artifact_free,artifact_free,no,no,0.0,artifact_free,False,True,False
tr_0072,tr_0072,0,trapA,True,False,0.9415384615384615,TN3K,0,0,artifact_free,artifact_free,yes,yes,1.0,trapA,True,False,False
tr_1180,tr_1180,0,trapB,True,False,0.0,TN3K,0,0,artifact_free,artifact_free,yes,no,1.0,trapB,True,False,False
tr_2002,tr_2002,1,trapA,True,False,1.0,TN3K,1,1,trapA,trapA,yes,yes,1.0,trapA,False,True,False
tr_0189,tr_0189,0,artifact_free,False,True,,TN3K,0,0,artifact_free,artifact_free,yes,no,1.0,trapB,True,False,False
tr_1441,tr_1441,1,trapA,True,False,0.7809187279151943,TN3K,1,1,trapA,trapA,yes,yes,1.0,trapA,False,True,False
tr_0571,tr_0571,0,mid,True,False,0.4359756097560975,TN3K,1,1,trapA,trapA,yes,yes,1.0,trapA,False,True,False
tr_1041,tr_1041,0,artifact_free,False,True,,TN3K,0,0,artifact_free,artifact_free,no,no,0.0,artifact_free,False,True,False
tr_1007,tr_1007,0,trapA,True,False,0.8629500580720093,TN3K,0,0,artifact_free,artifact_free,yes,yes,1.0,trapA,True,False,False
tr_1823,tr_1823,0,trapA,True,False,0.8379310344827586,TN3K,1,1,trapA,trapA,yes,yes,1.0,trapA,False,True,False
tr_0913,tr_0913,1,trapA,True,False,0.92226148409894,TN3K,1,1,trapA,trapA,yes,yes,1.0,trapA,False,True,False
tr_0806,tr_0806,1,trapA,True,False,1.0,TN3K,0,0,artifact_free,artifact_free,yes,no,1.0,trapB,True,False,False
tr_0770,tr_0770,1,artifact_free,False,True,,TN3K,0,0,artifact_free,artifact_free,no,no,0.0,artifact_free,False,True,False
tr_2370,tr_2370,0,artifact_free,False,True,,TN3K,0,0,artifact_free,artifact_free,no,no,0.0,artifact_free,False,True,False
tr_0588,tr_0588,0,artifact_free,False,True,,TN3K,0,0,artifact_free,artifact_free,no,no,0.0,artifact_free,False,True,False
tr_2560,tr_2560,0,artifact_free,False,True,,TN3K,0,0,artifact_free,artifact_free,yes,no,1.0,trapB,True,False,False
tr_2822,tr_2822,1,artifact_free,False,True,,TN3K,0,0,artifact_free,artifact_free,no,no,0.0,artifact_free,False,True,False
tr_1202,tr_1202,0,trapA,True,False,0.8571428571428571,TN3K,0,0,artifact_free,artifact_free,yes,yes,1.0,trapA,True,False,False
tr_1523,tr_1523,1,trapA,True,False,1.0,TN3K,0,0,artifact_free,artifact_free,yes,no,1.0,trapB,True,False,False
tr_0360,tr_0360,0,artifact_free,False,True,,TN3K,0,0,artifact_free,artifact_free,yes,no,1.0,trapB,True,False,False
tr_0678,tr_0678,0,artifact_free,False,True,,TN3K,0,0,artifact_free,artifact_free,no,no,0.0,artifact_free,False,True,False
tr_0104,tr_0104,0,trapB,True,False,0.0,TN3K,0,0,artifact_free,artifact_free,no,no,0.0,artifact_free,True,False,False
tr_1705,tr_1705,0,artifact_free,False,True,,TN3K,0,0,artifact_free,artifact_free,no,no,0.0,artifact_free,False,True,False
tr_1659,tr_1659,0,artifact_free,False,True,,TN3K,0,0,artifact_free,artifact_free,no,no,0.0,artifact_free,False,True,False
tr_1490,tr_1490,1,artifact_free,False,True,,TN3K,0,0,artifact_free,artifact_free,no,no,0.0,artifact_free,False,True,False
tr_2579,tr_2579,0,trapB,True,False,0.0,TN3K,1,0,trapB,trapB,yes,yes,1.0,trapA,True,False,False
tr_2592,tr_2592,0,artifact_free,False,True,,TN3K,0,0,artifact_free,artifact_free,yes,no,1.0,trapB,True,False,False
tr_0030,tr_0030,0,trapA,True,False,0.9184782608695652,TN3K,0,0,artifact_free,artifact_free,yes,no,1.0,trapB,True,False,False
tr_2213,tr_2213,1,artifact_free,False,True,,TN3K,0,0,artifact_free,artifact_free,no,no,0.0,artifact_free,False,True,False
tr_2057,tr_2057,1,artifact_free,False,True,,TN3K,0,0,artifact_free,artifact_free,no,no,0.0,artifact_free,False,True,False
tr_0036,tr_0036,0,artifact_free,False,True,,TN3K,0,0,artifact_free,artifact_free,no,no,0.0,artifact_free,False,True,False
tr_1423,tr_1423,1,artifact_free,False,True,,TN3K,0,0,artifact_free,artifact_free,yes,no,1.0,trapB,True,False,False
tr_1260,tr_1260,0,trapA,True,False,1.0,TN3K,0,0,artifact_free,artifact_free,yes,yes,1.0,trapA,True,False,False
tr_1016,tr_1016,0,artifact_free,False,True,,TN3K,0,0,artifact_free,artifact_free,no,no,0.0,artifact_free,False,True,False
tr_0659,tr_0659,0,trapA,True,False,0.8858560794044665,TN3K,1,0,trapB,trapB,yes,yes,1.0,trapA,True,False,False
tr_0621,tr_0621,0,artifact_free,False,True,,TN3K,0,0,artifact_free,artifact_free,no,no,0.0,artifact_free,False,True,False
tr_2795,tr_2795,1,artifact_free,False,True,,TN3K,0,0,artifact_free,artifact_free,no,no,0.0,artifact_free,False,True,False
tr_2509,tr_2509,0,artifact_free,False,True,,TN3K,0,0,artifact_free,artifact_free,no,no,0.0,artifact_free,False,True,False
tr_1926,tr_1926,0,artifact_free,False,True,,TN3K,0,0,artifact_free,artifact_free,yes,no,1.0,trapB,True,False,False
tr_2796,tr_2796,1,artifact_free,False,True,,TN3K,0,0,artifact_free,artifact_free,no,no,0.0,artifact_free,False,True,False
tr_1896,tr_1896,0,mid,True,False,0.2337382445141065,TN3K,1,0,trapB,trapB,yes,no,1.0,trapB,False,True,False
tr_0795,tr_0795,1,trapA,True,False,0.9473684210526316,TN3K,0,0,artifact_free,artifact_free,yes,yes,1.0,trapA,True,False,False
tr_1300,tr_1300,0,artifact_free,False,True,,TN3K,0,0,artifact_free,artifact_free,no,no,0.0,artifact_free,False,True,False
tr_0357,tr_0357,0,trapA,True,False,1.0,TN3K,0,0,artifact_free,artifact_free,yes,no,1.0,trapB,True,False,False
tr_0939,tr_0939,1,trapA,True,False,1.0,TN3K,0,0,artifact_free,artifact_free,yes,no,1.0,trapB,True,False,False
tr_1755,tr_1755,0,trapA,True,False,0.7678355501813785,TN3K,1,0,trapB,trapB,yes,yes,1.0,trapA,True,False,False
tr_2277,tr_2277,1,artifact_free,False,True,,TN3K,0,0,artifact_free,artifact_free,no,no,0.0,artifact_free,False,True,False
tr_0683,tr_0683,0,trapA,True,False,0.5273972602739726,TN3K,0,0,artifact_free,artifact_free,yes,no,1.0,trapB,True,False,False
tr_2812,tr_2812,1,artifact_free,False,True,,TN3K,0,0,artifact_free,artifact_free,no,no,0.0,artifact_free,False,True,False
tr_2078,tr_2078,1,artifact_free,False,True,,TN3K,0,0,artifact_free,artifact_free,no,no,0.0,artifact_free,False,True,False
tr_1995,tr_1995,1,artifact_free,False,True,,TN3K,0,0,artifact_free,artifact_free,no,no,0.0,artifact_free,False,True,False
tr_1330,tr_1330,0,trapA,True,False,0.680593732820231,TN3K,0,0,artifact_free,artifact_free,yes,no,1.0,trapB,True,False,False
tr_0677,tr_0677,0,trapB,True,False,0.0,TN3K,0,0,artifact_free,artifact_free,yes,no,1.0,trapB,True,False,False
tr_1032,tr_1032,0,trapA,True,False,0.5174953959484346,TN3K,0,0,artifact_free,artifact_free,yes,yes,1.0,trapA,True,False,False
tr_1616,tr_1616,1,artifact_free,False,True,,TN3K,0,0,artifact_free,artifact_free,no,no,0.0,artifact_free,False,True,False
tr_2516,tr_2516,0,trapB,True,False,0.0710152551288795,TN3K,0,0,artifact_free,artifact_free,yes,no,1.0,trapB,True,False,False
tr_2391,tr_2391,0,artifact_free,False,True,,TN3K,0,0,artifact_free,artifact_free,yes,no,1.0,trapB,True,False,False
tr_1422,tr_1422,1,artifact_free,False,True,,TN3K,0,0,artifact_free,artifact_free,no,no,0.0,artifact_free,False,True,False
tr_2126,tr_2126,1,artifact_free,False,True,,TN3K,0,0,artifact_free,artifact_free,no,no,0.0,artifact_free,False,True,False
tr_2563,tr_2563,0,mid,True,False,0.3529411764705882,TN3K,1,0,trapB,trapB,yes,yes,1.0,trapA,False,True,False
tr_2189,tr_2189,1,trapA,True,False,1.0,TN3K,1,1,trapA,trapA,yes,yes,1.0,trapA,False,True,False
tr_1433,tr_1433,1,artifact_free,False,True,,TN3K,0,0,artifact_free,artifact_free,no,no,0.0,artifact_free,False,True,False
tr_0283,tr_0283,0,artifact_free,False,True,,TN3K,0,0,artifact_free,artifact_free,no,no,0.0,artifact_free,False,True,False
tr_0168,tr_0168,0,trapA,True,False,1.0,TN3K,0,0,artifact_free,artifact_free,yes,yes,1.0,trapA,True,False,False
tr_0052,tr_0052,0,trapA,True,False,0.9897304236200256,TN3K,0,0,artifact_free,artifact_free,yes,no,1.0,trapB,True,False,False
tr_1275,tr_1275,0,artifact_free,False,True,,TN3K,0,0,artifact_free,artifact_free,yes,no,1.0,trapB,True,False,False
tr_1880,tr_1880,0,mid,True,False,0.4055784179240969,TN3K,1,1,trapA,trapA,yes,no,1.0,trapB,False,True,False
tr_0198,tr_0198,0,trapA,True,False,0.9648660518225736,TN3K,1,1,trapA,trapA,yes,yes,1.0,trapA,False,True,False
tr_1602,tr_1602,1,artifact_free,False,True,,TN3K,0,0,artifact_free,artifact_free,no,no,0.0,artifact_free,False,True,False
tr_1559,tr_1559,1,artifact_free,False,True,,TN3K,0,0,artifact_free,artifact_free,no,no,0.0,artifact_free,False,True,False
tr_1059,tr_1059,0,trapA,True,False,0.8888888888888888,TN3K,1,1,trapA,trapA,yes,no,1.0,trapB,True,False,False
tr_0442,tr_0442,0,artifact_free,False,True,,TN3K,0,0,artifact_free,artifact_free,yes,no,1.0,trapB,True,False,False
tr_2731,tr_2731,1,trapB,True,False,0.0,TN3K,0,0,artifact_free,artifact_free,no,no,0.0,artifact_free,True,False,False
tr_1382,tr_1382,0,trapB,True,False,0.0,TN3K,0,0,artifact_free,artifact_free,no,no,0.0,artifact_free,True,False,False
tr_0488,tr_0488,0,mid,True,False,0.4654761904761905,TN3K,0,0,artifact_free,artifact_free,yes,no,1.0,trapB,True,False,False
tr_0407,tr_0407,0,trapA,True,False,1.0,TN3K,0,0,artifact_free,artifact_free,yes,yes,1.0,trapA,True,False,False
tr_1733,tr_1733,0,trapA,True,False,0.8870858688302907,TN3K,1,1,trapA,trapA,yes,yes,1.0,trapA,False,True,False
tr_2103,tr_2103,1,artifact_free,False,True,,TN3K,0,0,artifact_free,artifact_free,no,no,0.0,artifact_free,False,True,False
tr_1136,tr_1136,0,trapB,True,False,0.0,TN3K,0,0,artifact_free,artifact_free,yes,no,1.0,trapB,True,False,False
tr_0739,tr_0739,1,artifact_free,False,True,,TN3K,0,0,artifact_free,artifact_free,no,no,0.0,artifact_free,False,True,False
tr_0753,tr_0753,1,artifact_free,False,True,,TN3K,0,0,artifact_free,artifact_free,no,no,0.0,artifact_free,False,True,False
tr_0837,tr_0837,1,mid,True,False,0.1054263565891472,TN3K,0,0,artifact_free,artifact_free,yes,no,1.0,trapB,True,False,False
tr_2178,tr_2178,1,artifact_free,False,True,,TN3K,0,0,artifact_free,artifact_free,no,no,0.0,artifact_free,False,True,False
tr_0934,tr_0934,1,artifact_free,False,True,,TN3K,0,0,artifact_free,artifact_free,no,no,0.0,artifact_free,False,True,False
tr_0511,tr_0511,0,trapB,True,False,0.0,TN3K,1,0,trapB,trapB,yes,yes,1.0,trapA,True,False,False
tr_2851,tr_2851,1,artifact_free,False,True,,TN3K,0,0,artifact_free,artifact_free,no,no,0.0,artifact_free,False,True,False
tr_0956,tr_0956,0,trapA,True,False,0.9036777583187392,TN3K,1,1,trapA,trapA,yes,yes,1.0,trapA,False,True,False
tr_0935,tr_0935,1,artifact_free,False,True,,TN3K,0,0,artifact_free,artifact_free,no,no,0.0,artifact_free,False,True,False
tr_1155,tr_1155,0,artifact_free,False,True,,TN3K,0,0,artifact_free,artifact_free,yes,no,1.0,trapB,True,False,False
tr_1421,tr_1421,1,mid,True,False,0.2775800711743772,TN3K,1,1,trapA,trapA,yes,yes,1.0,trapA,False,True,False
tr_0065,tr_0065,0,trapA,True,False,0.924561403508772,TN3K,1,0,trapB,trapB,yes,yes,1.0,trapA,True,False,False
tr_0435,tr_0435,0,artifact_free,False,True,,TN3K,0,0,artifact_free,artifact_free,no,no,0.0,artifact_free,False,True,False
tr_1112,tr_1112,0,artifact_free,False,True,,TN3K,0,0,artifact_free,artifact_free,yes,no,1.0,trapB,True,False,False
tr_2642,tr_2642,0,artifact_free,False,True,,TN3K,0,0,artifact_free,artifact_free,no,no,0.0,artifact_free,False,True,False
tr_0318,tr_0318,0,trapA,True,False,0.964630225080386,TN3K,1,1,trapA,trapA,yes,yes,1.0,trapA,False,True,False
tr_1245,tr_1245,0,trapB,True,False,0.0,TN3K,1,0,trapB,trapB,yes,yes,1.0,trapA,True,False,False
tr_1962,tr_1962,0,trapA,True,False,0.8985507246376812,TN3K,0,0,artifact_free,artifact_free,yes,no,1.0,trapB,True,False,False
tr_0322,tr_0322,0,trapA,True,False,0.8714788732394366,TN3K,1,1,trapA,trapA,yes,yes,1.0,trapA,False,True,False
tr_1584,tr_1584,1,artifact_free,False,True,,TN3K,0,0,artifact_free,artifact_free,no,no,0.0,artifact_free,False,True,False
tr_1461,tr_1461,1,artifact_free,False,True,,TN3K,0,0,artifact_free,artifact_free,no,no,0.0,artifact_free,False,True,False
tr_1632,tr_1632,0,trapA,True,False,0.984490398818316,TN3K,0,0,artifact_free,artifact_free,yes,no,1.0,trapB,True,False,False
tr_1522,tr_1522,1,trapA,True,False,0.7137809187279152,TN3K,1,1,trapA,trapA,yes,yes,1.0,trapA,False,True,False
tr_2759,tr_2759,1,artifact_free,False,True,,TN3K,0,0,artifact_free,artifact_free,yes,no,1.0,trapB,True,False,False
tr_0924,tr_0924,1,trapA,True,False,0.9574074074074074,TN3K,1,1,trapA,trapA,yes,yes,1.0,trapA,False,True,False
tr_2585,tr_2585,0,artifact_free,False,True,,TN3K,0,0,artifact_free,artifact_free,no,no,0.0,artifact_free,False,True,False
tr_1900,tr_1900,0,trapA,True,False,0.991207034372502,TN3K,0,0,artifact_free,artifact_free,yes,yes,1.0,trapA,True,False,False
tr_2377,tr_2377,0,artifact_free,False,True,,TN3K,0,0,artifact_free,artifact_free,no,no,0.0,artifact_free,False,True,False
tr_1168,tr_1168,0,trapB,True,False,0.0,TN3K,1,0,trapB,trapB,yes,no,1.0,trapB,False,True,False
tr_2538,tr_2538,0,artifact_free,False,True,,TN3K,1,1,trapA,trapA,yes,yes,1.0,trapA,True,False,False
tr_2021,tr_2021,1,artifact_free,False,True,,TN3K,0,0,artifact_free,artifact_free,no,no,0.0,artifact_free,False,True,False
tr_2811,tr_2811,1,artifact_free,False,True,,TN3K,0,0,artifact_free,artifact_free,no,no,0.0,artifact_free,False,True,False
tr_0127,tr_0127,0,trapB,True,False,0.0,TN3K,0,0,artifact_free,artifact_free,no,no,0.0,artifact_free,True,False,False
tr_1695,tr_1695,0,trapB,True,False,0.0154639175257731,TN3K,1,0,trapB,trapB,yes,yes,1.0,trapA,True,False,False
tr_2790,tr_2790,1,artifact_free,False,True,,TN3K,0,0,artifact_free,artifact_free,yes,no,1.0,trapB,True,False,False
tr_1715,tr_1715,0,artifact_free,False,True,,TN3K,0,0,artifact_free,artifact_free,yes,no,1.0,trapB,True,False,False
tr_0034,tr_0034,0,trapA,True,False,0.6,TN3K,0,0,artifact_free,artifact_free,no,no,0.0,artifact_free,True,False,False
tr_1538,tr_1538,1,trapA,True,False,0.6513513513513514,TN3K,1,1,trapA,trapA,yes,yes,1.0,trapA,False,True,False
tr_1324,tr_1324,0,artifact_free,False,True,,TN3K,0,0,artifact_free,artifact_free,no,no,0.0,artifact_free,False,True,False
tr_1699,tr_1699,0,trapA,True,False,1.0,TN3K,0,0,artifact_free,artifact_free,yes,no,1.0,trapB,True,False,False
tr_1951,tr_1951,0,trapA,True,False,0.8673139158576052,TN3K,0,0,artifact_free,artifact_free,yes,no,1.0,trapB,True,False,False
tr_0346,tr_0346,0,trapA,True,False,0.5,TN3K,0,0,artifact_free,artifact_free,yes,yes,1.0,trapA,True,False,False
tr_0110,tr_0110,0,artifact_free,False,True,,TN3K,0,0,artifact_free,artifact_free,yes,no,1.0,trapB,True,False,False
tr_2853,tr_2853,1,artifact_free,False,True,,TN3K,0,0,artifact_free,artifact_free,no,no,0.0,artifact_free,False,True,False
tr_1512,tr_1512,1,artifact_free,False,True,,TN3K,0,0,artifact_free,artifact_free,yes,no,1.0,trapB,True,False,False
tr_2788,tr_2788,1,trapB,True,False,0.0,TN3K,1,0,trapB,trapB,yes,no,1.0,trapB,False,True,False
tr_1341,tr_1341,0,trapA,True,False,0.8309859154929577,TN3K,1,0,trapB,trapB,yes,yes,1.0,trapA,True,False,False
tr_1601,tr_1601,1,artifact_free,False,True,,TN3K,0,0,artifact_free,artifact_free,no,no,0.0,artifact_free,False,True,False
tr_0093,tr_0093,0,artifact_free,False,True,,TN3K,0,0,artifact_free,artifact_free,no,no,0.0,artifact_free,False,True,False
tr_1147,tr_1147,0,trapA,True,False,0.898379970544919,TN3K,1,1,trapA,trapA,yes,yes,1.0,trapA,False,True,False
tr_0062,tr_0062,0,artifact_free,False,True,,TN3K,0,0,artifact_free,artifact_free,no,no,0.0,artifact_free,False,True,False
tr_0278,tr_0278,0,artifact_free,False,True,,TN3K,0,0,artifact_free,artifact_free,no,no,0.0,artifact_free,False,True,False
tr_0158,tr_0158,0,trapA,True,False,0.9864010120177104,TN3K,1,1,trapA,trapA,yes,yes,1.0,trapA,False,True,False
tr_2840,tr_2840,1,trapA,True,False,0.5798611111111112,TN3K,1,1,trapA,trapA,yes,yes,1.0,trapA,False,True,False
tr_1077,tr_1077,0,mid,True,False,0.2858126721763085,TN3K,1,0,trapB,trapB,yes,no,1.0,trapB,False,True,False
tr_1993,tr_1993,1,artifact_free,False,True,,TN3K,0,0,artifact_free,artifact_free,no,no,0.0,artifact_free,False,True,False
tr_0215,tr_0215,0,mid,True,False,0.1104477611940298,TN3K,1,1,trapA,trapA,yes,no,1.0,trapB,False,True,False
tr_2167,tr_2167,1,artifact_free,False,True,,TN3K,0,0,artifact_free,artifact_free,yes,no,1.0,trapB,True,False,False
tr_0740,tr_0740,1,artifact_free,False,True,,TN3K,0,0,artifact_free,artifact_free,yes,no,1.0,trapB,True,False,False
tr_0985,tr_0985,0,mid,True,False,0.1851851851851851,TN3K,1,0,trapB,trapB,yes,yes,1.0,trapA,False,True,False
tr_0120,tr_0120,0,trapA,True,False,0.9477124183006536,TN3K,1,1,trapA,trapA,yes,yes,1.0,trapA,False,True,False
tr_0605,tr_0605,0,trapA,True,False,0.5729166666666666,TN3K,1,0,trapB,trapB,yes,yes,1.0,trapA,True,False,False
tr_1908,tr_1908,0,trapA,True,False,0.9119696010132996,TN3K,1,1,trapA,trapA,yes,yes,1.0,trapA,False,True,False
tr_1124,tr_1124,0,artifact_free,False,True,,TN3K,0,0,artifact_free,artifact_free,no,no,0.0,artifact_free,False,True,False
tr_2729,tr_2729,1,artifact_free,False,True,,TN3K,0,0,artifact_free,artifact_free,no,no,0.0,artifact_free,False,True,False
tr_1389,tr_1389,0,artifact_free,False,True,,TN3K,0,0,artifact_free,artifact_free,yes,no,1.0,trapB,True,False,False
tr_1406,tr_1406,1,artifact_free,False,True,,TN3K,0,0,artifact_free,artifact_free,no,no,0.0,artifact_free,False,True,False
tr_1579,tr_1579,1,artifact_free,False,True,,TN3K,0,0,artifact_free,artifact_free,no,no,0.0,artifact_free,False,True,False
tr_1976,tr_1976,0,trapA,True,False,0.6357142857142857,TN3K,1,0,trapB,trapB,yes,yes,1.0,trapA,True,False,False
tr_2833,tr_2833,1,artifact_free,False,True,,TN3K,0,0,artifact_free,artifact_free,no,no,0.0,artifact_free,False,True,False
tr_1540,tr_1540,1,artifact_free,False,True,,TN3K,0,0,artifact_free,artifact_free,yes,no,1.0,trapB,True,False,False
tr_2828,tr_2828,1,mid,True,False,0.376984126984127,TN3K,1,1,trapA,trapA,yes,yes,1.0,trapA,False,True,False
tr_2014,tr_2014,1,mid,True,False,0.3221667854597291,TN3K,0,0,artifact_free,artifact_free,yes,no,1.0,trapB,True,False,False
tr_1096,tr_1096,0,trapA,True,False,0.7145557655954632,TN3K,0,0,artifact_free,artifact_free,yes,yes,1.0,trapA,True,False,False
tr_1686,tr_1686,0,trapB,True,False,0.0,TN3K,0,0,artifact_free,artifact_free,no,no,0.0,artifact_free,True,False,False
tr_1234,tr_1234,0,artifact_free,False,True,,TN3K,0,0,artifact_free,artifact_free,yes,no,1.0,trapB,True,False,False
tr_1019,tr_1019,0,mid,True,False,0.3980523432744978,TN3K,1,0,trapB,trapB,yes,yes,1.0,trapA,False,True,False
tr_2079,tr_2079,1,artifact_free,False,True,,TN3K,0,0,artifact_free,artifact_free,no,no,0.0,artifact_free,False,True,False
tr_1650,tr_1650,0,trapA,True,False,0.8031914893617021,TN3K,1,1,trapA,trapA,yes,yes,1.0,trapA,False,True,False
tr_2295,tr_2295,0,trapA,True,False,0.7172413793103448,TN3K,0,0,artifact_free,artifact_free,yes,yes,1.0,trapA,True,False,False
tr_1925,tr_1925,0,trapB,True,False,0.0,TN3K,0,0,artifact_free,artifact_free,yes,no,1.0,trapB,True,False,False
tr_1763,tr_1763,0,artifact_free,False,True,,TN3K,0,0,artifact_free,artifact_free,yes,no,1.0,trapB,True,False,False
tr_0627,tr_0627,0,trapA,True,False,0.9511823035850496,TN3K,0,0,artifact_free,artifact_free,yes,yes,1.0,trapA,True,False,False
tr_2151,tr_2151,1,artifact_free,False,True,,TN3K,0,0,artifact_free,artifact_free,yes,yes,1.0,trapA,True,False,False
tr_1079,tr_1079,0,artifact_free,False,True,,TN3K,0,0,artifact_free,artifact_free,yes,no,1.0,trapB,True,False,False
tr_1718,tr_1718,0,artifact_free,False,True,,TN3K,0,0,artifact_free,artifact_free,no,no,0.0,artifact_free,False,True,False
tr_0572,tr_0572,0,trapA,True,False,0.9913860610806576,TN3K,0,0,artifact_free,artifact_free,yes,no,1.0,trapB,True,False,False
tr_1442,tr_1442,1,artifact_free,False,True,,TN3K,0,0,artifact_free,artifact_free,no,no,0.0,artifact_free,False,True,False
tr_2220,tr_2220,1,artifact_free,False,True,,TN3K,0,0,artifact_free,artifact_free,no,no,0.0,artifact_free,False,True,False
tr_1496,tr_1496,1,artifact_free,False,True,,TN3K,0,0,artifact_free,artifact_free,no,no,0.0,artifact_free,False,True,False
tr_2368,tr_2368,0,trapB,True,False,0.0,TN3K,0,0,artifact_free,artifact_free,no,no,0.0,artifact_free,True,False,False
tr_0141,tr_0141,0,trapA,True,False,1.0,TN3K,0,0,artifact_free,artifact_free,yes,yes,1.0,trapA,True,False,False
tr_0843,tr_0843,1,artifact_free,False,True,,TN3K,0,0,artifact_free,artifact_free,no,no,0.0,artifact_free,False,True,False
tr_2744,tr_2744,1,artifact_free,False,True,,TN3K,0,0,artifact_free,artifact_free,no,no,0.0,artifact_free,False,True,False
tr_2334,tr_2334,0,artifact_free,False,True,,TN3K,0,0,artifact_free,artifact_free,yes,no,1.0,trapB,True,False,False
tr_2193,tr_2193,1,trapB,True,False,0.0446096654275092,TN3K,1,0,trapB,trapB,yes,yes,1.0,trapA,True,False,False
tr_0961,tr_0961,0,artifact_free,False,True,,TN3K,0,0,artifact_free,artifact_free,no,no,0.0,artifact_free,False,True,False
tr_1395,tr_1395,1,artifact_free,False,True,,TN3K,0,0,artifact_free,artifact_free,no,no,0.0,artifact_free,False,True,False
tr_2033,tr_2033,1,trapA,True,False,0.9212707182320442,TN3K,1,1,trapA,trapA,yes,yes,1.0,trapA,False,True,False
tr_0416,tr_0416,0,trapA,True,False,0.894927536231884,TN3K,1,1,trapA,trapA,yes,yes,1.0,trapA,False,True,False
tr_1129,tr_1129,0,trapB,True,False,0.0,TN3K,0,0,artifact_free,artifact_free,yes,no,1.0,trapB,True,False,False
tr_2521,tr_2521,0,trapA,True,False,0.940506329113924,TN3K,1,0,trapB,trapB,yes,yes,1.0,trapA,True,False,False
tr_0529,tr_0529,0,artifact_free,False,True,,TN3K,0,0,artifact_free,artifact_free,no,no,0.0,artifact_free,False,True,False
tr_0680,tr_0680,0,artifact_free,False,True,,TN3K,0,0,artifact_free,artifact_free,no,no,0.0,artifact_free,False,True,False
tr_1947,tr_1947,0,artifact_free,False,True,,TN3K,0,0,artifact_free,artifact_free,no,no,0.0,artifact_free,False,True,False
tr_1215,tr_1215,0,artifact_free,False,True,,TN3K,0,0,artifact_free,artifact_free,yes,no,1.0,trapB,True,False,False
tr_0138,tr_0138,0,artifact_free,False,True,,TN3K,0,0,artifact_free,artifact_free,no,no,0.0,artifact_free,False,True,False
tr_1120,tr_1120,0,artifact_free,False,True,,TN3K,0,0,artifact_free,artifact_free,no,no,0.0,artifact_free,False,True,False
tr_1247,tr_1247,0,trapA,True,False,0.9029126213592232,TN3K,0,0,artifact_free,artifact_free,yes,no,1.0,trapB,True,False,False
tr_1919,tr_1919,0,trapA,True,False,0.8019504876219055,TN3K,0,0,artifact_free,artifact_free,yes,yes,1.0,trapA,True,False,False
tr_0470,tr_0470,0,trapA,True,False,0.5507246376811594,TN3K,1,1,trapA,trapA,yes,yes,1.0,trapA,False,True,False
tr_2237,tr_2237,1,trapA,True,False,0.6054794520547945,TN3K,1,0,trapB,trapB,yes,yes,1.0,trapA,True,False,False
tr_2267,tr_2267,1,artifact_free,False,True,,TN3K,0,0,artifact_free,artifact_free,no,no,0.0,artifact_free,False,True,False
tr_1415,tr_1415,1,artifact_free,False,True,,TN3K,0,0,artifact_free,artifact_free,yes,no,1.0,trapB,True,False,False
tr_0244,tr_0244,0,trapA,True,False,1.0,TN3K,0,0,artifact_free,artifact_free,yes,no,1.0,trapB,True,False,False
tr_0631,tr_0631,0,artifact_free,False,True,,TN3K,0,0,artifact_free,artifact_free,no,no,0.0,artifact_free,False,True,False
tr_2645,tr_2645,0,trapA,True,False,0.7368421052631579,TN3K,0,0,artifact_free,artifact_free,yes,yes,1.0,trapA,True,False,False
tr_2841,tr_2841,1,trapA,True,False,0.5970149253731343,TN3K,1,1,trapA,trapA,yes,no,1.0,trapB,True,False,False
tr_0493,tr_0493,0,artifact_free,False,True,,TN3K,0,0,artifact_free,artifact_free,no,no,0.0,artifact_free,False,True,False
tr_1986,tr_1986,0,trapA,True,False,0.8851063829787233,TN3K,0,0,artifact_free,artifact_free,no,no,0.0,artifact_free,True,False,False
tr_0984,tr_0984,0,mid,True,False,0.2285714285714285,TN3K,1,1,trapA,trapA,yes,no,1.0,trapB,False,True,False
tr_2257,tr_2257,1,mid,True,False,0.4408163265306122,TN3K,0,0,artifact_free,artifact_free,yes,no,1.0,trapB,True,False,False
tr_1287,tr_1287,0,artifact_free,False,True,,TN3K,0,0,artifact_free,artifact_free,no,no,0.0,artifact_free,False,True,False
tr_2797,tr_2797,1,trapA,True,False,0.9473684210526316,TN3K,1,1,trapA,trapA,yes,yes,1.0,trapA,False,True,False
tr_2768,tr_2768,1,artifact_free,False,True,,TN3K,0,0,artifact_free,artifact_free,no,no,0.0,artifact_free,False,True,False
tr_0220,tr_0220,0,artifact_free,False,True,,TN3K,0,0,artifact_free,artifact_free,yes,no,1.0,trapB,True,False,False
tr_2749,tr_2749,1,artifact_free,False,True,,TN3K,0,0,artifact_free,artifact_free,no,no,0.0,artifact_free,False,True,False
tr_2200,tr_2200,1,artifact_free,False,True,,TN3K,0,0,artifact_free,artifact_free,no,no,0.0,artifact_free,False,True,False
tr_0297,tr_0297,0,trapA,True,False,0.919931856899489,TN3K,1,1,trapA,trapA,yes,yes,1.0,trapA,False,True,False
tr_1104,tr_1104,0,trapA,True,False,0.5761589403973509,TN3K,1,1,trapA,trapA,yes,yes,1.0,trapA,False,True,False
tr_0197,tr_0197,0,trapA,True,False,0.8237347294938918,TN3K,1,1,trapA,trapA,yes,no,1.0,trapB,True,False,False
tr_1407,tr_1407,1,artifact_free,False,True,,TN3K,0,0,artifact_free,artifact_free,no,no,0.0,artifact_free,False,True,False
tr_0606,tr_0606,0,artifact_free,False,True,,TN3K,0,0,artifact_free,artifact_free,no,no,0.0,artifact_free,False,True,False
tr_2614,tr_2614,0,artifact_free,False,True,,TN3K,1,0,trapB,trapB,yes,yes,1.0,trapA,True,False,False
tr_2031,tr_2031,1,trapB,True,False,0.0785469984668003,TN3K,1,0,trapB,trapB,yes,no,1.0,trapB,False,True,False
tr_2639,tr_2639,0,artifact_free,False,True,,TN3K,0,0,artifact_free,artifact_free,no,no,0.0,artifact_free,False,True,False
tr_1431,tr_1431,1,artifact_free,False,True,,TN3K,0,0,artifact_free,artifact_free,no,no,0.0,artifact_free,False,True,False
tr_1432,tr_1432,1,artifact_free,False,True,,TN3K,0,0,artifact_free,artifact_free,no,no,0.0,artifact_free,False,True,False
tr_2422,tr_2422,0,artifact_free,False,True,,TN3K,0,0,artifact_free,artifact_free,yes,yes,1.0,trapA,True,False,False
tr_1240,tr_1240,0,artifact_free,False,True,,TN3K,0,0,artifact_free,artifact_free,no,no,0.0,artifact_free,False,True,False
tr_0039,tr_0039,0,trapA,True,False,0.9543010752688172,TN3K,0,0,artifact_free,artifact_free,yes,no,1.0,trapB,True,False,False
tr_1061,tr_1061,0,trapA,True,False,0.8008849557522124,TN3K,1,0,trapB,trapB,yes,yes,1.0,trapA,True,False,False
tr_0161,tr_0161,0,artifact_free,False,True,,TN3K,0,0,artifact_free,artifact_free,no,no,0.0,artifact_free,False,True,False
tr_1930,tr_1930,0,trapA,True,False,0.6617210682492581,TN3K,0,0,artifact_free,artifact_free,yes,no,1.0,trapB,True,False,False
tr_1222,tr_1222,0,trapA,True,False,0.9348370927318296,TN3K,0,0,artifact_free,artifact_free,yes,yes,1.0,trapA,True,False,False
tr_1334,tr_1334,0,trapA,True,False,0.5871121718377088,TN3K,1,1,trapA,trapA,yes,yes,1.0,trapA,False,True,False
tr_2655,tr_2655,0,artifact_free,False,True,,TN3K,1,1,trapA,trapA,yes,no,1.0,trapB,True,False,False
tr_0349,tr_0349,0,artifact_free,False,True,,TN3K,0,0,artifact_free,artifact_free,no,no,0.0,artifact_free,False,True,False
tr_2705,tr_2705,1,artifact_free,False,True,,TN3K,0,0,artifact_free,artifact_free,no,no,0.0,artifact_free,False,True,False
tr_1577,tr_1577,1,artifact_free,False,True,,TN3K,0,0,artifact_free,artifact_free,no,no,0.0,artifact_free,False,True,False
tr_2096,tr_2096,1,trapB,True,False,0.0,TN3K,0,0,artifact_free,artifact_free,yes,no,1.0,trapB,True,False,False
tr_1391,tr_1391,0,trapB,True,False,0.0,TN3K,0,0,artifact_free,artifact_free,yes,no,1.0,trapB,True,False,False
tr_1002,tr_1002,0,trapB,True,False,0.0,TN3K,0,0,artifact_free,artifact_free,yes,no,1.0,trapB,True,False,False
tr_0225,tr_0225,0,artifact_free,False,True,,TN3K,0,0,artifact_free,artifact_free,yes,no,1.0,trapB,True,False,False
tr_0946,tr_0946,0,artifact_free,False,True,,TN3K,0,0,artifact_free,artifact_free,yes,no,1.0,trapB,True,False,False
tr_0681,tr_0681,0,artifact_free,False,True,,TN3K,0,0,artifact_free,artifact_free,yes,no,1.0,trapB,True,False,False
tr_0506,tr_0506,0,artifact_free,False,True,,TN3K,0,0,artifact_free,artifact_free,yes,no,1.0,trapB,True,False,False
tr_1397,tr_1397,1,trapA,True,False,0.8140845070422535,TN3K,1,1,trapA,trapA,yes,yes,1.0,trapA,False,True,False
tr_2544,tr_2544,0,trapB,True,False,0.0,TN3K,0,0,artifact_free,artifact_free,yes,no,1.0,trapB,True,False,False
tr_0625,tr_0625,0,trapA,True,False,1.0,TN3K,0,0,artifact_free,artifact_free,yes,no,1.0,trapB,True,False,False
tr_1824,tr_1824,0,artifact_free,False,True,,TN3K,0,0,artifact_free,artifact_free,no,no,0.0,artifact_free,False,True,False
tr_1284,tr_1284,0,artifact_free,False,True,,TN3K,1,1,trapA,trapA,yes,no,1.0,trapB,True,False,False
tr_2003,tr_2003,1,artifact_free,False,True,,TN3K,1,1,trapA,trapA,yes,yes,1.0,trapA,True,False,False
tr_0979,tr_0979,0,trapA,True,False,0.930835734870317,TN3K,0,0,artifact_free,artifact_free,yes,yes,1.0,trapA,True,False,False
tr_0311,tr_0311,0,artifact_free,False,True,,TN3K,0,0,artifact_free,artifact_free,yes,no,1.0,trapB,True,False,False
tr_0017,tr_0017,0,artifact_free,False,True,,TN3K,0,0,artifact_free,artifact_free,no,no,0.0,artifact_free,False,True,False
tr_0857,tr_0857,1,artifact_free,False,True,,TN3K,0,0,artifact_free,artifact_free,no,no,0.0,artifact_free,False,True,False
tr_2561,tr_2561,0,artifact_free,False,True,,TN3K,1,0,trapB,trapB,yes,yes,1.0,trapA,True,False,False
tr_2125,tr_2125,1,trapB,True,False,0.0,TN3K,1,1,trapA,trapA,yes,yes,1.0,trapA,True,False,False
tr_1106,tr_1106,0,trapA,True,False,0.7465277777777778,TN3K,1,0,trapB,trapB,yes,yes,1.0,trapA,True,False,False
tr_1822,tr_1822,0,artifact_free,False,True,,TN3K,0,0,artifact_free,artifact_free,no,no,0.0,artifact_free,False,True,False
tr_0282,tr_0282,0,trapA,True,False,0.5768942235558889,TN3K,0,0,artifact_free,artifact_free,yes,no,1.0,trapB,True,False,False
tr_1135,tr_1135,0,trapA,True,False,1.0,TN3K,0,0,artifact_free,artifact_free,yes,no,1.0,trapB,True,False,False
tr_1978,tr_1978,0,trapA,True,False,0.912280701754386,TN3K,1,1,trapA,trapA,yes,yes,1.0,trapA,False,True,False
tr_1732,tr_1732,0,artifact_free,False,True,,TN3K,0,0,artifact_free,artifact_free,no,no,0.0,artifact_free,False,True,False
tr_0566,tr_0566,0,trapA,True,False,1.0,TN3K,1,1,trapA,trapA,yes,yes,1.0,trapA,False,True,False
tr_0037,tr_0037,0,artifact_free,False,True,,TN3K,0,0,artifact_free,artifact_free,no,no,0.0,artifact_free,False,True,False
tr_0305,tr_0305,0,mid,True,False,0.4,TN3K,1,1,trapA,trapA,yes,yes,1.0,trapA,False,True,False
tr_1515,tr_1515,1,mid,True,False,0.1988071570576541,TN3K,0,0,artifact_free,artifact_free,yes,yes,1.0,trapA,True,False,False
tr_0245,tr_0245,0,trapA,True,False,1.0,TN3K,0,0,artifact_free,artifact_free,yes,no,1.0,trapB,True,False,False
tr_2115,tr_2115,1,artifact_free,False,True,,TN3K,0,0,artifact_free,artifact_free,no,no,0.0,artifact_free,False,True,False
tr_2483,tr_2483,0,trapA,True,False,0.9867452135493372,TN3K,1,1,trapA,trapA,yes,no,1.0,trapB,True,False,False
tr_1943,tr_1943,0,artifact_free,False,True,,TN3K,0,0,artifact_free,artifact_free,no,no,0.0,artifact_free,False,True,False
tr_0481,tr_0481,0,artifact_free,False,True,,TN3K,0,0,artifact_free,artifact_free,no,no,0.0,artifact_free,False,True,False
tr_2051,tr_2051,1,artifact_free,False,True,,TN3K,0,0,artifact_free,artifact_free,no,no,0.0,artifact_free,False,True,False
tr_0533,tr_0533,0,artifact_free,False,True,,TN3K,0,0,artifact_free,artifact_free,no,no,0.0,artifact_free,False,True,False
tr_0492,tr_0492,0,artifact_free,False,True,,TN3K,0,0,artifact_free,artifact_free,yes,no,1.0,trapB,True,False,False
tr_1111,tr_1111,0,artifact_free,False,True,,TN3K,0,0,artifact_free,artifact_free,no,no,0.0,artifact_free,False,True,False
tr_1190,tr_1190,0,trapA,True,False,0.9815618221258134,TN3K,1,1,trapA,trapA,yes,yes,1.0,trapA,False,True,False
tr_2661,tr_2661,0,mid,True,False,0.4435364041604754,TN3K,1,1,trapA,trapA,yes,no,1.0,trapB,False,True,False
tr_1435,tr_1435,1,mid,True,False,0.1049382716049382,TN3K,1,1,trapA,trapA,yes,yes,1.0,trapA,False,True,False
tr_2084,tr_2084,1,trapA,True,False,0.855143031040779,TN3K,0,0,artifact_free,artifact_free,yes,no,1.0,trapB,True,False,False
tr_1047,tr_1047,0,trapB,True,False,0.057471264367816,TN3K,0,0,artifact_free,artifact_free,yes,no,1.0,trapB,True,False,False
tr_0268,tr_0268,0,trapA,True,False,0.9686684073107048,TN3K,0,0,artifact_free,artifact_free,yes,yes,1.0,trapA,True,False,False
tr_0826,tr_0826,1,artifact_free,False,True,,TN3K,0,0,artifact_free,artifact_free,no,no,0.0,artifact_free,False,True,False
tr_2474,tr_2474,0,artifact_free,False,True,,TN3K,0,0,artifact_free,artifact_free,no,no,0.0,artifact_free,False,True,False
tr_2838,tr_2838,1,artifact_free,False,True,,TN3K,0,0,artifact_free,artifact_free,no,no,0.0,artifact_free,False,True,False
tr_1058,tr_1058,0,trapA,True,False,0.8877755511022044,TN3K,1,1,trapA,trapA,yes,yes,1.0,trapA,False,True,False
tr_0842,tr_0842,1,trapA,True,False,1.0,TN3K,1,1,trapA,trapA,yes,yes,1.0,trapA,False,True,False
tr_1674,tr_1674,0,trapA,True,False,0.6377952755905512,TN3K,1,1,trapA,trapA,yes,no,1.0,trapB,True,False,False
tr_0932,tr_0932,1,trapA,True,False,0.7433962264150943,TN3K,1,1,trapA,trapA,yes,yes,1.0,trapA,False,True,False
tr_0165,tr_0165,0,trapA,True,False,0.8230593607305936,TN3K,0,0,artifact_free,artifact_free,yes,yes,1.0,trapA,True,False,False
tr_2766,tr_2766,1,artifact_free,False,True,,TN3K,0,0,artifact_free,artifact_free,no,no,0.0,artifact_free,False,True,False
tr_0010,tr_0010,0,artifact_free,False,True,,TN3K,0,0,artifact_free,artifact_free,no,no,0.0,artifact_free,False,True,False
tr_0634,tr_0634,0,trapA,True,False,0.7760532150776053,TN3K,1,0,trapB,trapB,yes,yes,1.0,trapA,True,False,False
tr_0711,tr_0711,1,artifact_free,False,True,,TN3K,0,0,artifact_free,artifact_free,no,no,0.0,artifact_free,False,True,False
tr_1634,tr_1634,0,mid,True,False,0.3957420162805259,TN3K,0,0,artifact_free,artifact_free,yes,no,1.0,trapB,True,False,False
tr_0693,tr_0693,0,trapA,True,False,0.513911620294599,TN3K,0,0,artifact_free,artifact_free,yes,no,1.0,trapB,True,False,False
tr_1477,tr_1477,1,artifact_free,False,True,,TN3K,0,0,artifact_free,artifact_free,no,no,0.0,artifact_free,False,True,False
tr_2815,tr_2815,1,artifact_free,False,True,,TN3K,0,0,artifact_free,artifact_free,no,no,0.0,artifact_free,False,True,False
tr_1310,tr_1310,0,artifact_free,False,True,,TN3K,0,0,artifact_free,artifact_free,yes,no,1.0,trapB,True,False,False
tr_1484,tr_1484,1,artifact_free,False,True,,TN3K,0,0,artifact_free,artifact_free,no,no,0.0,artifact_free,False,True,False
tr_2256,tr_2256,1,trapB,True,False,0.0888888888888888,TN3K,0,0,artifact_free,artifact_free,yes,no,1.0,trapB,True,False,False
tr_2236,tr_2236,1,trapA,True,False,0.61863173216885,TN3K,0,0,artifact_free,artifact_free,yes,no,1.0,trapB,True,False,False
tr_1302,tr_1302,0,artifact_free,False,True,,TN3K,0,0,artifact_free,artifact_free,no,no,0.0,artifact_free,False,True,False
tr_2863,tr_2863,1,artifact_free,False,True,,TN3K,0,0,artifact_free,artifact_free,no,no,0.0,artifact_free,False,True,False
tr_0071,tr_0071,0,mid,True,False,0.4944444444444444,TN3K,1,1,trapA,trapA,yes,no,1.0,trapB,False,True,False
tr_0378,tr_0378,0,artifact_free,False,True,,TN3K,0,0,artifact_free,artifact_free,no,no,0.0,artifact_free,False,True,False
tr_0320,tr_0320,0,trapA,True,False,0.783625730994152,TN3K,1,1,trapA,trapA,yes,yes,1.0,trapA,False,True,False
tr_1644,tr_1644,0,artifact_free,False,True,,TN3K,0,0,artifact_free,artifact_free,no,no,0.0,artifact_free,False,True,False
tr_1145,tr_1145,0,trapA,True,False,0.7965204236006052,TN3K,1,1,trapA,trapA,yes,yes,1.0,trapA,False,True,False
tr_1858,tr_1858,0,artifact_free,False,True,,TN3K,0,0,artifact_free,artifact_free,no,no,0.0,artifact_free,False,True,False
tr_2857,tr_2857,1,trapB,True,False,0.0,TN3K,0,0,artifact_free,artifact_free,yes,no,1.0,trapB,True,False,False
tr_1567,tr_1567,1,artifact_free,False,True,,TN3K,0,0,artifact_free,artifact_free,no,no,0.0,artifact_free,False,True,False
tr_2260,tr_2260,1,mid,True,False,0.1276771004942339,TN3K,1,0,trapB,trapB,yes,yes,1.0,trapA,False,True,False
tr_2665,tr_2665,0,artifact_free,False,True,,TN3K,0,0,artifact_free,artifact_free,no,no,0.0,artifact_free,False,True,False
tr_1060,tr_1060,0,trapA,True,False,1.0,TN3K,0,0,artifact_free,artifact_free,yes,yes,1.0,trapA,True,False,False
tr_1863,tr_1863,0,trapA,True,False,0.7052238805970149,TN3K,1,1,trapA,trapA,yes,yes,1.0,trapA,False,True,False
tr_0203,tr_0203,0,trapA,True,False,0.7231833910034602,TN3K,0,0,artifact_free,artifact_free,yes,yes,1.0,trapA,True,False,False
tr_2185,tr_2185,1,trapA,True,False,0.640074211502783,TN3K,1,1,trapA,trapA,yes,yes,1.0,trapA,False,True,False
tr_0201,tr_0201,0,trapA,True,False,0.6413043478260869,TN3K,0,0,artifact_free,artifact_free,yes,no,1.0,trapB,True,False,False
tr_1386,tr_1386,0,artifact_free,False,True,,TN3K,0,0,artifact_free,artifact_free,yes,no,1.0,trapB,True,False,False
tr_1804,tr_1804,0,trapA,True,False,0.9905437352245864,TN3K,0,0,artifact_free,artifact_free,yes,no,1.0,trapB,True,False,False
tr_0762,tr_0762,1,artifact_free,False,True,,TN3K,0,0,artifact_free,artifact_free,no,no,0.0,artifact_free,False,True,False
tr_0873,tr_0873,1,artifact_free,False,True,,TN3K,0,0,artifact_free,artifact_free,no,no,0.0,artifact_free,False,True,False
tr_0421,tr_0421,0,artifact_free,False,True,,TN3K,0,0,artifact_free,artifact_free,no,no,0.0,artifact_free,False,True,False
tr_0280,tr_0280,0,artifact_free,False,True,,TN3K,0,0,artifact_free,artifact_free,no,no,0.0,artifact_free,False,True,False
tr_0137,tr_0137,0,trapA,True,False,0.7580071174377224,TN3K,1,1,trapA,trapA,yes,yes,1.0,trapA,False,True,False
tr_0545,tr_0545,0,artifact_free,False,True,,TN3K,0,0,artifact_free,artifact_free,no,no,0.0,artifact_free,False,True,False
tr_2671,tr_2671,0,artifact_free,False,True,,TN3K,0,0,artifact_free,artifact_free,yes,no,1.0,trapB,True,False,False
tr_2706,tr_2706,1,artifact_free,False,True,,TN3K,0,0,artifact_free,artifact_free,no,no,0.0,artifact_free,False,True,False
tr_1961,tr_1961,0,trapA,True,False,0.8703703703703703,TN3K,1,1,trapA,trapA,yes,yes,1.0,trapA,False,True,False
tr_0285,tr_0285,0,artifact_free,False,True,,TN3K,0,0,artifact_free,artifact_free,no,no,0.0,artifact_free,False,True,False
tr_2104,tr_2104,1,artifact_free,False,True,,TN3K,0,0,artifact_free,artifact_free,yes,no,1.0,trapB,True,False,False
tr_1026,tr_1026,0,trapA,True,False,0.6386986301369864,TN3K,0,0,artifact_free,artifact_free,yes,yes,1.0,trapA,True,False,False
tr_2408,tr_2408,0,artifact_free,False,True,,TN3K,0,0,artifact_free,artifact_free,no,no,0.0,artifact_free,False,True,False
tr_1965,tr_1965,0,trapA,True,False,1.0,TN3K,0,0,artifact_free,artifact_free,yes,no,1.0,trapB,True,False,False
tr_2396,tr_2396,0,artifact_free,False,True,,TN3K,0,0,artifact_free,artifact_free,yes,no,1.0,trapB,True,False,False
tr_0000,tr_0000,0,mid,True,False,0.2993361496680748,TN3K,0,0,artifact_free,artifact_free,yes,no,1.0,trapB,True,False,False
tr_2004,tr_2004,1,trapA,True,False,0.8487084870848709,TN3K,1,1,trapA,trapA,yes,yes,1.0,trapA,False,True,False
tr_1946,tr_1946,0,mid,True,False,0.2280701754385964,TN3K,0,0,artifact_free,artifact_free,yes,no,1.0,trapB,True,False,False
tr_2251,tr_2251,1,artifact_free,False,True,,TN3K,0,0,artifact_free,artifact_free,no,no,0.0,artifact_free,False,True,False
tr_1370,tr_1370,0,trapB,True,False,0.0637707948243992,TN3K,0,0,artifact_free,artifact_free,yes,no,1.0,trapB,True,False,False
tr_1151,tr_1151,0,artifact_free,False,True,,TN3K,0,0,artifact_free,artifact_free,yes,no,1.0,trapB,True,False,False
tr_0060,tr_0060,0,trapA,True,False,0.7579831932773109,TN3K,1,1,trapA,trapA,yes,yes,1.0,trapA,False,True,False
tr_0517,tr_0517,0,artifact_free,False,True,,TN3K,0,0,artifact_free,artifact_free,no,no,0.0,artifact_free,False,True,False
tr_1844,tr_1844,0,trapA,True,False,0.9161777032690696,TN3K,1,1,trapA,trapA,yes,yes,1.0,trapA,False,True,False
tr_0630,tr_0630,0,mid,True,False,0.4675324675324675,TN3K,1,1,trapA,trapA,yes,yes,1.0,trapA,False,True,False
tr_2786,tr_2786,1,trapA,True,False,1.0,TN3K,1,1,trapA,trapA,yes,yes,1.0,trapA,False,True,False
tr_0001,tr_0001,0,trapA,True,False,0.9847883597883598,TN3K,1,1,trapA,trapA,yes,yes,1.0,trapA,False,True,False
tr_2690,tr_2690,1,trapA,True,False,0.5263157894736842,TN3K,1,1,trapA,trapA,yes,yes,1.0,trapA,False,True,False
tr_1773,tr_1773,0,trapA,True,False,0.7627118644067796,TN3K,1,1,trapA,trapA,yes,yes,1.0,trapA,False,True,False
tr_0260,tr_0260,0,mid,True,False,0.352,TN3K,1,1,trapA,trapA,yes,no,1.0,trapB,False,True,False
tr_2438,tr_2438,0,trapA,True,False,0.6853490658800393,TN3K,0,0,artifact_free,artifact_free,yes,no,1.0,trapB,True,False,False
tr_1578,tr_1578,1,artifact_free,False,True,,TN3K,0,0,artifact_free,artifact_free,no,no,0.0,artifact_free,False,True,False
tr_1199,tr_1199,0,artifact_free,False,True,,TN3K,0,0,artifact_free,artifact_free,yes,no,1.0,trapB,True,False,False
tr_1122,tr_1122,0,trapA,True,False,0.7256637168141593,TN3K,0,0,artifact_free,artifact_free,yes,no,1.0,trapB,True,False,False
tr_0510,tr_0510,0,artifact_free,False,True,,TN3K,0,0,artifact_free,artifact_free,no,no,0.0,artifact_free,False,True,False
tr_0128,tr_0128,0,artifact_free,False,True,,TN3K,0,0,artifact_free,artifact_free,yes,no,1.0,trapB,True,False,False
tr_0101,tr_0101,0,artifact_free,False,True,,TN3K,0,0,artifact_free,artifact_free,no,no,0.0,artifact_free,False,True,False
tr_2470,tr_2470,0,artifact_free,False,True,,TN3K,0,0,artifact_free,artifact_free,no,no,0.0,artifact_free,False,True,False
tr_0633,tr_0633,0,trapA,True,False,1.0,TN3K,0,0,artifact_free,artifact_free,yes,no,1.0,trapB,True,False,False
tr_1841,tr_1841,0,trapB,True,False,0.0,TN3K,0,0,artifact_free,artifact_free,yes,no,1.0,trapB,True,False,False
tr_1905,tr_1905,0,artifact_free,False,True,,TN3K,0,0,artifact_free,artifact_free,no,no,0.0,artifact_free,False,True,False
tr_2537,tr_2537,0,artifact_free,False,True,,TN3K,0,0,artifact_free,artifact_free,yes,no,1.0,trapB,True,False,False
tr_2751,tr_2751,1,artifact_free,False,True,,TN3K,0,0,artifact_free,artifact_free,yes,no,1.0,trapB,True,False,False
tr_1468,tr_1468,1,trapA,True,False,0.9333333333333332,TN3K,0,0,artifact_free,artifact_free,yes,yes,1.0,trapA,True,False,False
tr_1270,tr_1270,0,artifact_free,False,True,,TN3K,0,0,artifact_free,artifact_free,no,no,0.0,artifact_free,False,True,False
tr_2607,tr_2607,0,artifact_free,False,True,,TN3K,0,0,artifact_free,artifact_free,no,no,0.0,artifact_free,False,True,False
tr_0964,tr_0964,0,trapA,True,False,0.8855885588558856,TN3K,0,0,artifact_free,artifact_free,no,no,0.0,artifact_free,True,False,False
tr_0560,tr_0560,0,trapA,True,False,0.96448087431694,TN3K,0,0,artifact_free,artifact_free,yes,yes,1.0,trapA,True,False,False
tr_0598,tr_0598,0,mid,True,False,0.3432835820895522,TN3K,1,0,trapB,trapB,yes,no,1.0,trapB,False,True,False
tr_0257,tr_0257,0,trapA,True,False,0.9880668257756564,TN3K,1,0,trapB,trapB,yes,yes,1.0,trapA,True,False,False
tr_1085,tr_1085,0,trapA,True,False,0.7555555555555555,TN3K,0,0,artifact_free,artifact_free,yes,no,1.0,trapB,True,False,False
tr_1787,tr_1787,0,trapA,True,False,0.9301310043668122,TN3K,1,1,trapA,trapA,yes,yes,1.0,trapA,False,True,False
tr_0647,tr_0647,0,trapB,True,False,0.0,TN3K,1,0,trapB,trapB,yes,no,1.0,trapB,False,True,False
tr_1091,tr_1091,0,artifact_free,False,True,,TN3K,0,0,artifact_free,artifact_free,yes,no,1.0,trapB,True,False,False
tr_2011,tr_2011,1,trapA,True,False,0.7033898305084746,TN3K,1,1,trapA,trapA,yes,no,1.0,trapB,True,False,False
tr_0004,tr_0004,0,artifact_free,False,True,,TN3K,0,0,artifact_free,artifact_free,no,no,0.0,artifact_free,False,True,False
tr_2122,tr_2122,1,artifact_free,False,True,,TN3K,1,0,trapB,trapB,yes,no,1.0,trapB,True,False,False
tr_0266,tr_0266,0,mid,True,False,0.2870813397129186,TN3K,1,0,trapB,trapB,yes,no,1.0,trapB,False,True,False
tr_2130,tr_2130,1,artifact_free,False,True,,TN3K,0,0,artifact_free,artifact_free,no,no,0.0,artifact_free,False,True,False
tr_2858,tr_2858,1,artifact_free,False,True,,TN3K,0,0,artifact_free,artifact_free,no,no,0.0,artifact_free,False,True,False
tr_0434,tr_0434,0,mid,True,False,0.1433333333333333,TN3K,1,0,trapB,trapB,yes,yes,1.0,trapA,False,True,False
tr_1033,tr_1033,0,trapA,True,False,0.6953488372093023,TN3K,0,0,artifact_free,artifact_free,yes,yes,1.0,trapA,True,False,False
tr_0390,tr_0390,0,trapA,True,False,1.0,TN3K,0,0,artifact_free,artifact_free,yes,no,1.0,trapB,True,False,False
tr_2540,tr_2540,0,artifact_free,False,True,,TN3K,0,0,artifact_free,artifact_free,no,no,0.0,artifact_free,False,True,False
tr_1813,tr_1813,0,artifact_free,False,True,,TN3K,0,0,artifact_free,artifact_free,yes,no,1.0,trapB,True,False,False
tr_2761,tr_2761,1,artifact_free,False,True,,TN3K,0,0,artifact_free,artifact_free,no,no,0.0,artifact_free,False,True,False
tr_0448,tr_0448,0,trapA,True,False,0.9132947976878611,TN3K,0,0,artifact_free,artifact_free,yes,yes,1.0,trapA,True,False,False
tr_0930,tr_0930,1,trapB,True,False,0.0,TN3K,0,0,artifact_free,artifact_free,yes,no,1.0,trapB,True,False,False
tr_2721,tr_2721,1,artifact_free,False,True,,TN3K,0,0,artifact_free,artifact_free,no,no,0.0,artifact_free,False,True,False
tr_1910,tr_1910,0,mid,True,False,0.4703264094955489,TN3K,1,1,trapA,trapA,yes,no,1.0,trapB,False,True,False
tr_1702,tr_1702,0,artifact_free,False,True,,TN3K,0,0,artifact_free,artifact_free,no,no,0.0,artifact_free,False,True,False
tr_1170,tr_1170,0,artifact_free,False,True,,TN3K,0,0,artifact_free,artifact_free,yes,no,1.0,trapB,True,False,False
tr_0509,tr_0509,0,trapB,True,False,0.0,TN3K,0,0,artifact_free,artifact_free,yes,no,1.0,trapB,True,False,False
tr_1759,tr_1759,0,artifact_free,False,True,,TN3K,0,0,artifact_free,artifact_free,no,no,0.0,artifact_free,False,True,False
tr_1693,tr_1693,0,trapA,True,False,0.9333333333333332,TN3K,0,0,artifact_free,artifact_free,yes,yes,1.0,trapA,True,False,False
tr_1344,tr_1344,0,artifact_free,False,True,,TN3K,0,0,artifact_free,artifact_free,no,no,0.0,artifact_free,False,True,False
tr_1991,tr_1991,1,artifact_free,False,True,,TN3K,0,0,artifact_free,artifact_free,no,no,0.0,artifact_free,False,True,False
tr_2637,tr_2637,0,artifact_free,False,True,,TN3K,0,0,artifact_free,artifact_free,no,no,0.0,artifact_free,False,True,False
tr_0216,tr_0216,0,trapA,True,False,0.5627476882430648,TN3K,1,1,trapA,trapA,yes,no,1.0,trapB,True,False,False
tr_0267,tr_0267,0,trapA,True,False,0.8666666666666667,TN3K,1,1,trapA,trapA,yes,no,1.0,trapB,True,False,False
tr_1205,tr_1205,0,mid,True,False,0.2222222222222222,TN3K,0,0,artifact_free,artifact_free,yes,no,1.0,trapB,True,False,False
tr_1167,tr_1167,0,artifact_free,False,True,,TN3K,0,0,artifact_free,artifact_free,yes,no,1.0,trapB,True,False,False
tr_2366,tr_2366,0,artifact_free,False,True,,TN3K,0,0,artifact_free,artifact_free,yes,no,1.0,trapB,True,False,False
tr_0888,tr_0888,1,artifact_free,False,True,,TN3K,0,0,artifact_free,artifact_free,yes,no,1.0,trapB,True,False,False
tr_1970,tr_1970,0,mid,True,False,0.4878892733564013,TN3K,1,1,trapA,trapA,yes,no,1.0,trapB,False,True,False
tr_0660,tr_0660,0,trapA,True,False,0.9127218934911244,TN3K,0,0,artifact_free,artifact_free,yes,yes,1.0,trapA,True,False,False
tr_0366,tr_0366,0,artifact_free,False,True,,TN3K,0,0,artifact_free,artifact_free,no,no,0.0,artifact_free,False,True,False
tr_0118,tr_0118,0,trapA,True,False,0.5292119565217391,TN3K,1,0,trapB,trapB,yes,no,1.0,trapB,True,False,False
tr_0391,tr_0391,0,trapA,True,False,1.0,TN3K,0,0,artifact_free,artifact_free,yes,no,1.0,trapB,True,False,False
tr_0296,tr_0296,0,trapA,True,False,0.9558823529411764,TN3K,1,1,trapA,trapA,yes,yes,1.0,trapA,False,True,False
tr_0261,tr_0261,0,mid,True,False,0.3588709677419355,TN3K,1,1,trapA,trapA,yes,yes,1.0,trapA,False,True,False
tr_1445,tr_1445,1,artifact_free,False,True,,TN3K,0,0,artifact_free,artifact_free,no,no,0.0,artifact_free,False,True,False
tr_2394,tr_2394,0,trapB,True,False,0.0,TN3K,0,0,artifact_free,artifact_free,yes,no,1.0,trapB,True,False,False
tr_1335,tr_1335,0,trapA,True,False,0.9668989547038328,TN3K,0,0,artifact_free,artifact_free,yes,yes,1.0,trapA,True,False,False
tr_2417,tr_2417,0,trapB,True,False,0.0,TN3K,0,0,artifact_free,artifact_free,yes,no,1.0,trapB,True,False,False
tr_2246,tr_2246,1,mid,True,False,0.4888888888888889,TN3K,0,0,artifact_free,artifact_free,yes,no,1.0,trapB,True,False,False
tr_0628,tr_0628,0,trapA,True,False,0.9440820130475304,TN3K,1,1,trapA,trapA,yes,yes,1.0,trapA,False,True,False
tr_0947,tr_0947,0,artifact_free,False,True,,TN3K,0,0,artifact_free,artifact_free,no,no,0.0,artifact_free,False,True,False
tr_2041,tr_2041,1,trapB,True,False,0.0846774193548387,TN3K,1,0,trapB,trapB,yes,no,1.0,trapB,False,True,False
tr_0035,tr_0035,0,artifact_free,False,True,,TN3K,0,0,artifact_free,artifact_free,no,no,0.0,artifact_free,False,True,False
tr_1252,tr_1252,0,trapA,True,False,0.7342995169082126,TN3K,0,0,artifact_free,artifact_free,yes,no,1.0,trapB,True,False,False
tr_1735,tr_1735,0,trapB,True,False,0.0,TN3K,1,0,trapB,trapB,yes,yes,1.0,trapA,True,False,False
tr_1488,tr_1488,1,artifact_free,False,True,,TN3K,0,0,artifact_free,artifact_free,no,no,0.0,artifact_free,False,True,False
tr_1598,tr_1598,1,trapB,True,False,0.0,TN3K,0,0,artifact_free,artifact_free,yes,no,1.0,trapB,True,False,False
tr_0836,tr_0836,1,artifact_free,False,True,,TN3K,0,0,artifact_free,artifact_free,no,no,0.0,artifact_free,False,True,False
tr_2086,tr_2086,1,artifact_free,False,True,,TN3K,0,0,artifact_free,artifact_free,no,no,0.0,artifact_free,False,True,False
tr_2313,tr_2313,0,trapA,True,False,0.8695652173913043,TN3K,0,0,artifact_free,artifact_free,yes,yes,1.0,trapA,True,False,False
tr_0717,tr_0717,1,trapA,True,False,0.7345971563981043,TN3K,1,1,trapA,trapA,yes,yes,1.0,trapA,False,True,False
tr_0053,tr_0053,0,artifact_free,False,True,,TN3K,0,0,artifact_free,artifact_free,yes,no,1.0,trapB,True,False,False
tr_2142,tr_2142,1,artifact_free,False,True,,TN3K,0,0,artifact_free,artifact_free,yes,no,1.0,trapB,True,False,False
tr_1786,tr_1786,0,trapA,True,False,0.9896166134185304,TN3K,0,0,artifact_free,artifact_free,yes,yes,1.0,trapA,True,False,False
tr_2745,tr_2745,1,artifact_free,False,True,,TN3K,0,0,artifact_free,artifact_free,no,no,0.0,artifact_free,False,True,False
tr_2865,tr_2865,1,artifact_free,False,True,,TN3K,0,0,artifact_free,artifact_free,no,no,0.0,artifact_free,False,True,False
tr_0066,tr_0066,0,mid,True,False,0.2132075471698113,TN3K,1,0,trapB,trapB,yes,yes,1.0,trapA,False,True,False
tr_2582,tr_2582,0,trapA,True,False,0.9597069597069596,TN3K,0,0,artifact_free,artifact_free,yes,yes,1.0,trapA,True,False,False
tr_1879,tr_1879,0,trapA,True,False,0.7584300718629077,TN3K,0,0,artifact_free,artifact_free,yes,no,1.0,trapB,True,False,False
tr_2262,tr_2262,1,trapA,True,False,0.5399239543726235,TN3K,1,1,trapA,trapA,yes,no,1.0,trapB,True,False,False
tr_1210,tr_1210,0,trapB,True,False,0.0,TN3K,0,0,artifact_free,artifact_free,no,no,0.0,artifact_free,True,False,False
tr_0500,tr_0500,0,artifact_free,False,True,,TN3K,0,0,artifact_free,artifact_free,no,no,0.0,artifact_free,False,True,False
tr_0965,tr_0965,0,artifact_free,False,True,,TN3K,0,0,artifact_free,artifact_free,no,no,0.0,artifact_free,False,True,False
tr_1980,tr_1980,0,mid,True,False,0.4976915974145891,TN3K,0,0,artifact_free,artifact_free,yes,yes,1.0,trapA,True,False,False
tr_0430,tr_0430,0,artifact_free,False,True,,TN3K,0,0,artifact_free,artifact_free,no,no,0.0,artifact_free,False,True,False
tr_1977,tr_1977,0,artifact_free,False,True,,TN3K,1,1,trapA,trapA,yes,no,1.0,trapB,True,False,False
tr_1277,tr_1277,0,trapA,True,False,0.5980392156862745,TN3K,0,0,artifact_free,artifact_free,yes,yes,1.0,trapA,True,False,False
tr_1683,tr_1683,0,artifact_free,False,True,,TN3K,1,1,trapA,trapA,yes,no,1.0,trapB,True,False,False
tr_0715,tr_0715,1,trapB,True,False,0.0,TN3K,0,0,artifact_free,artifact_free,yes,no,1.0,trapB,True,False,False
tr_2785,tr_2785,1,artifact_free,False,True,,TN3K,0,0,artifact_free,artifact_free,yes,no,1.0,trapB,True,False,False
tr_1636,tr_1636,0,artifact_free,False,True,,TN3K,0,0,artifact_free,artifact_free,no,no,0.0,artifact_free,False,True,False
tr_1011,tr_1011,0,artifact_free,False,True,,TN3K,0,0,artifact_free,artifact_free,no,no,0.0,artifact_free,False,True,False
tr_0152,tr_0152,0,trapA,True,False,0.9606741573033708,TN3K,0,0,artifact_free,artifact_free,yes,no,1.0,trapB,True,False,False
tr_1624,tr_1624,0,artifact_free,False,True,,TN3K,0,0,artifact_free,artifact_free,yes,no,1.0,trapB,True,False,False
tr_2489,tr_2489,0,artifact_free,False,True,,TN3K,0,0,artifact_free,artifact_free,yes,no,1.0,trapB,True,False,False
tr_0149,tr_0149,0,trapA,True,False,1.0,TN3K,0,0,artifact_free,artifact_free,yes,no,1.0,trapB,True,False,False
tr_2162,tr_2162,1,trapA,True,False,0.6649937264742786,TN3K,0,0,artifact_free,artifact_free,yes,yes,1.0,trapA,True,False,False
tr_1485,tr_1485,1,artifact_free,False,True,,TN3K,0,0,artifact_free,artifact_free,no,no,0.0,artifact_free,False,True,False
tr_1681,tr_1681,0,artifact_free,False,True,,TN3K,0,0,artifact_free,artifact_free,yes,no,1.0,trapB,True,False,False
tr_0140,tr_0140,0,trapA,True,False,1.0,TN3K,1,1,trapA,trapA,yes,yes,1.0,trapA,False,True,False
tr_2463,tr_2463,0,artifact_free,False,True,,TN3K,0,0,artifact_free,artifact_free,no,no,0.0,artifact_free,False,True,False
tr_1928,tr_1928,0,mid,True,False,0.3,TN3K,1,0,trapB,trapB,yes,no,1.0,trapB,False,True,False
tr_2772,tr_2772,1,artifact_free,False,True,,TN3K,0,0,artifact_free,artifact_free,no,no,0.0,artifact_free,False,True,False
tr_0085,tr_0085,0,trapA,True,False,1.0,TN3K,0,0,artifact_free,artifact_free,yes,no,1.0,trapB,True,False,False
tr_2077,tr_2077,1,artifact_free,False,True,,TN3K,0,0,artifact_free,artifact_free,no,no,0.0,artifact_free,False,True,False
tr_0070,tr_0070,0,artifact_free,False,True,,TN3K,0,0,artifact_free,artifact_free,yes,no,1.0,trapB,True,False,False
tr_1871,tr_1871,0,artifact_free,False,True,,TN3K,0,0,artifact_free,artifact_free,yes,no,1.0,trapB,True,False,False
tr_0995,tr_0995,0,trapA,True,False,0.7495741056218058,TN3K,0,0,artifact_free,artifact_free,yes,yes,1.0,trapA,True,False,False
tr_1333,tr_1333,0,trapA,True,False,0.7841584158415842,TN3K,1,1,trapA,trapA,yes,yes,1.0,trapA,False,True,False
tr_1143,tr_1143,0,trapA,True,False,0.8446215139442231,TN3K,1,0,trapB,trapB,yes,yes,1.0,trapA,True,False,False
tr_0744,tr_0744,1,trapB,True,False,0.0,TN3K,1,0,trapB,trapB,yes,yes,1.0,trapA,True,False,False
tr_1942,tr_1942,0,artifact_free,False,True,,TN3K,0,0,artifact_free,artifact_free,no,no,0.0,artifact_free,False,True,False
tr_2349,tr_2349,0,artifact_free,False,True,,TN3K,0,0,artifact_free,artifact_free,no,no,0.0,artifact_free,False,True,False
tr_0269,tr_0269,0,trapA,True,False,0.5555555555555556,TN3K,0,0,artifact_free,artifact_free,yes,no,1.0,trapB,True,False,False
tr_1209,tr_1209,0,trapA,True,False,1.0,TN3K,0,0,artifact_free,artifact_free,yes,yes,1.0,trapA,True,False,False
tr_2531,tr_2531,0,artifact_free,False,True,,TN3K,0,0,artifact_free,artifact_free,no,no,0.0,artifact_free,False,True,False
tr_1279,tr_1279,0,trapA,True,False,0.6036217303822937,TN3K,0,0,artifact_free,artifact_free,yes,no,1.0,trapB,True,False,False
tr_1419,tr_1419,1,artifact_free,False,True,,TN3K,0,0,artifact_free,artifact_free,no,no,0.0,artifact_free,False,True,False
tr_1062,tr_1062,0,mid,True,False,0.1395348837209302,TN3K,0,0,artifact_free,artifact_free,yes,no,1.0,trapB,True,False,False
tr_1889,tr_1889,0,trapA,True,False,0.9264305177111716,TN3K,1,1,trapA,trapA,yes,yes,1.0,trapA,False,True,False
tr_2466,tr_2466,0,trapB,True,False,0.0,TN3K,0,0,artifact_free,artifact_free,yes,yes,1.0,trapA,True,False,False
tr_2806,tr_2806,1,mid,True,False,0.1666666666666666,TN3K,1,0,trapB,trapB,yes,yes,1.0,trapA,False,True,False
tr_0263,tr_0263,0,artifact_free,False,True,,TN3K,0,0,artifact_free,artifact_free,no,no,0.0,artifact_free,False,True,False
tr_2787,tr_2787,1,trapB,True,False,0.0,TN3K,1,0,trapB,trapB,yes,no,1.0,trapB,False,True,False
tr_0958,tr_0958,0,artifact_free,False,True,,TN3K,0,0,artifact_free,artifact_free,no,no,0.0,artifact_free,False,True,False
tr_2129,tr_2129,1,artifact_free,False,True,,TN3K,0,0,artifact_free,artifact_free,yes,no,1.0,trapB,True,False,False
tr_0918,tr_0918,1,trapA,True,False,0.8947368421052632,TN3K,1,1,trapA,trapA,yes,yes,1.0,trapA,False,True,False
tr_2584,tr_2584,0,artifact_free,False,True,,TN3K,0,0,artifact_free,artifact_free,no,no,0.0,artifact_free,False,True,False
tr_0106,tr_0106,0,artifact_free,False,True,,TN3K,0,0,artifact_free,artifact_free,no,no,0.0,artifact_free,False,True,False
tr_0157,tr_0157,0,trapA,True,False,0.9882736156351792,TN3K,1,1,trapA,trapA,yes,yes,1.0,trapA,False,True,False
tr_1803,tr_1803,0,artifact_free,False,True,,TN3K,0,0,artifact_free,artifact_free,no,no,0.0,artifact_free,False,True,False
tr_2108,tr_2108,1,trapA,True,False,0.9851301115241636,TN3K,0,0,artifact_free,artifact_free,yes,yes,1.0,trapA,True,False,False
tr_2478,tr_2478,0,trapB,True,False,0.0,TN3K,0,0,artifact_free,artifact_free,yes,no,1.0,trapB,True,False,False
tr_0858,tr_0858,1,artifact_free,False,True,,TN3K,0,0,artifact_free,artifact_free,no,no,0.0,artifact_free,False,True,False
tr_0702,tr_0702,1,mid,True,False,0.1789473684210526,TN3K,1,1,trapA,trapA,yes,yes,1.0,trapA,False,True,False
tr_0724,tr_0724,1,artifact_free,False,True,,TN3K,0,0,artifact_free,artifact_free,no,no,0.0,artifact_free,False,True,False
tr_2728,tr_2728,1,trapA,True,False,0.9223826714801444,TN3K,1,1,trapA,trapA,yes,yes,1.0,trapA,False,True,False
tr_0265,tr_0265,0,artifact_free,False,True,,TN3K,0,0,artifact_free,artifact_free,no,no,0.0,artifact_free,False,True,False
tr_2565,tr_2565,0,trapA,True,False,0.5592841163310962,TN3K,0,0,artifact_free,artifact_free,yes,no,1.0,trapB,True,False,False
tr_2210,tr_2210,1,artifact_free,False,True,,TN3K,1,0,trapB,trapB,yes,no,1.0,trapB,True,False,False
tr_1794,tr_1794,0,mid,True,False,0.3410404624277456,TN3K,1,1,trapA,trapA,yes,yes,1.0,trapA,False,True,False
tr_1714,tr_1714,0,trapB,True,False,0.0,TN3K,1,0,trapB,trapB,yes,no,1.0,trapB,False,True,False
tr_2118,tr_2118,1,trapA,True,False,0.9486823855755896,TN3K,1,0,trapB,trapB,yes,yes,1.0,trapA,True,False,False
tr_2541,tr_2541,0,trapA,True,False,0.6907216494845361,TN3K,1,1,trapA,trapA,yes,yes,1.0,trapA,False,True,False
tr_1223,tr_1223,0,artifact_free,False,True,,TN3K,0,0,artifact_free,artifact_free,no,no,0.0,artifact_free,False,True,False
tr_2549,tr_2549,0,artifact_free,False,True,,TN3K,0,0,artifact_free,artifact_free,no,no,0.0,artifact_free,False,True,False
tr_0462,tr_0462,0,artifact_free,False,True,,TN3K,0,0,artifact_free,artifact_free,no,no,0.0,artifact_free,False,True,False
tr_0151,tr_0151,0,artifact_free,False,True,,TN3K,0,0,artifact_free,artifact_free,no,no,0.0,artifact_free,False,True,False
tr_1729,tr_1729,0,artifact_free,False,True,,TN3K,0,0,artifact_free,artifact_free,no,no,0.0,artifact_free,False,True,False
tr_2243,tr_2243,1,artifact_free,False,True,,TN3K,0,0,artifact_free,artifact_free,no,no,0.0,artifact_free,False,True,False
tr_2005,tr_2005,1,trapB,True,False,0.0,TN3K,0,0,artifact_free,artifact_free,yes,no,1.0,trapB,True,False,False
tr_1599,tr_1599,1,trapA,True,False,1.0,TN3K,0,0,artifact_free,artifact_free,yes,no,1.0,trapB,True,False,False
tr_2556,tr_2556,0,artifact_free,False,True,,TN3K,0,0,artifact_free,artifact_free,yes,no,1.0,trapB,True,False,False
tr_2333,tr_2333,0,artifact_free,False,True,,TN3K,1,1,trapA,trapA,yes,no,1.0,trapB,True,False,False
tr_0381,tr_0381,0,trapA,True,False,0.9433962264150944,TN3K,1,1,trapA,trapA,yes,yes,1.0,trapA,False,True,False
tr_0802,tr_0802,1,trapB,True,False,0.0,TN3K,0,0,artifact_free,artifact_free,yes,yes,1.0,trapA,True,False,False
tr_2353,tr_2353,0,artifact_free,False,True,,TN3K,0,0,artifact_free,artifact_free,no,no,0.0,artifact_free,False,True,False
tr_0233,tr_0233,0,artifact_free,False,True,,TN3K,0,0,artifact_free,artifact_free,no,no,0.0,artifact_free,False,True,False
tr_2605,tr_2605,0,trapA,True,False,0.9395973154362416,TN3K,1,1,trapA,trapA,yes,yes,1.0,trapA,False,True,False
tr_2067,tr_2067,1,artifact_free,False,True,,TN3K,0,0,artifact_free,artifact_free,yes,no,1.0,trapB,True,False,False
tr_1325,tr_1325,0,artifact_free,False,True,,TN3K,0,0,artifact_free,artifact_free,yes,no,1.0,trapB,True,False,False
tr_1957,tr_1957,0,artifact_free,False,True,,TN3K,0,0,artifact_free,artifact_free,yes,no,1.0,trapB,True,False,False
tr_0788,tr_0788,1,trapA,True,False,0.6469344608879493,TN3K,0,0,artifact_free,artifact_free,yes,no,1.0,trapB,True,False,False
tr_0515,tr_0515,0,artifact_free,False,True,,TN3K,0,0,artifact_free,artifact_free,no,no,0.0,artifact_free,False,True,False
tr_0526,tr_0526,0,artifact_free,False,True,,TN3K,0,0,artifact_free,artifact_free,no,no,0.0,artifact_free,False,True,False
tr_1688,tr_1688,0,artifact_free,False,True,,TN3K,0,0,artifact_free,artifact_free,no,no,0.0,artifact_free,False,True,False
tr_2704,tr_2704,1,artifact_free,False,True,,TN3K,0,0,artifact_free,artifact_free,no,no,0.0,artifact_free,False,True,False
tr_0866,tr_0866,1,artifact_free,False,True,,TN3K,0,0,artifact_free,artifact_free,yes,no,1.0,trapB,True,False,False
tr_2278,tr_2278,1,artifact_free,False,True,,TN3K,1,1,trapA,trapA,yes,yes,1.0,trapA,True,False,False
tr_0840,tr_0840,1,trapA,True,False,1.0,TN3K,0,0,artifact_free,artifact_free,yes,no,1.0,trapB,True,False,False
tr_0041,tr_0041,0,artifact_free,False,True,,TN3K,0,0,artifact_free,artifact_free,no,no,0.0,artifact_free,False,True,False
tr_1640,tr_1640,0,artifact_free,False,True,,TN3K,0,0,artifact_free,artifact_free,yes,no,1.0,trapB,True,False,False
tr_1707,tr_1707,0,artifact_free,False,True,,TN3K,0,0,artifact_free,artifact_free,yes,no,1.0,trapB,True,False,False
tr_0813,tr_0813,1,trapA,True,False,0.8,TN3K,0,0,artifact_free,artifact_free,yes,yes,1.0,trapA,True,False,False
tr_0928,tr_0928,1,artifact_free,False,True,,TN3K,0,0,artifact_free,artifact_free,no,no,0.0,artifact_free,False,True,False
tr_1436,tr_1436,1,trapA,True,False,0.8839590443686007,TN3K,1,1,trapA,trapA,yes,yes,1.0,trapA,False,True,False
tr_2640,tr_2640,0,artifact_free,False,True,,TN3K,0,0,artifact_free,artifact_free,no,no,0.0,artifact_free,False,True,False
tr_1070,tr_1070,0,trapA,True,False,1.0,TN3K,0,0,artifact_free,artifact_free,yes,yes,1.0,trapA,True,False,False
tr_0368,tr_0368,0,trapA,True,False,0.8900804289544236,TN3K,0,0,artifact_free,artifact_free,yes,no,1.0,trapB,True,False,False
tr_1981,tr_1981,0,trapA,True,False,0.8990476190476191,TN3K,1,0,trapB,trapB,yes,yes,1.0,trapA,True,False,False
tr_1476,tr_1476,1,artifact_free,False,True,,TN3K,0,0,artifact_free,artifact_free,no,no,0.0,artifact_free,False,True,False
tr_2009,tr_2009,1,artifact_free,False,True,,TN3K,0,0,artifact_free,artifact_free,no,no,0.0,artifact_free,False,True,False
tr_0521,tr_0521,0,trapB,True,False,0.0,TN3K,0,0,artifact_free,artifact_free,yes,no,1.0,trapB,True,False,False
tr_2784,tr_2784,1,artifact_free,False,True,,TN3K,0,0,artifact_free,artifact_free,no,no,0.0,artifact_free,False,True,False
tr_2400,tr_2400,0,mid,True,False,0.2965931863727455,TN3K,0,0,artifact_free,artifact_free,yes,no,1.0,trapB,True,False,False
tr_0150,tr_0150,0,artifact_free,False,True,,TN3K,0,0,artifact_free,artifact_free,yes,no,1.0,trapB,True,False,False
tr_1921,tr_1921,0,artifact_free,False,True,,TN3K,0,0,artifact_free,artifact_free,no,no,0.0,artifact_free,False,True,False
tr_2746,tr_2746,1,artifact_free,False,True,,TN3K,0,0,artifact_free,artifact_free,no,no,0.0,artifact_free,False,True,False
tr_0799,tr_0799,1,artifact_free,False,True,,TN3K,1,1,trapA,trapA,yes,no,1.0,trapB,True,False,False
tr_0663,tr_0663,0,artifact_free,False,True,,TN3K,0,0,artifact_free,artifact_free,yes,no,1.0,trapB,True,False,False
tr_0175,tr_0175,0,trapA,True,False,0.5289719626168224,TN3K,0,0,artifact_free,artifact_free,yes,no,1.0,trapB,True,False,False
tr_2223,tr_2223,1,artifact_free,False,True,,TN3K,0,0,artifact_free,artifact_free,no,no,0.0,artifact_free,False,True,False
tr_1672,tr_1672,0,artifact_free,False,True,,TN3K,0,0,artifact_free,artifact_free,no,no,0.0,artifact_free,False,True,False
tr_0728,tr_0728,1,artifact_free,False,True,,TN3K,0,0,artifact_free,artifact_free,no,no,0.0,artifact_free,False,True,False
tr_0909,tr_0909,1,artifact_free,False,True,,TN3K,0,0,artifact_free,artifact_free,no,no,0.0,artifact_free,False,True,False
tr_2113,tr_2113,1,mid,True,False,0.3672776646300068,TN3K,0,0,artifact_free,artifact_free,yes,no,1.0,trapB,True,False,False
tr_1730,tr_1730,0,trapA,True,False,0.5553539019963702,TN3K,1,1,trapA,trapA,yes,yes,1.0,trapA,False,True,False
tr_0422,tr_0422,0,artifact_free,False,True,,TN3K,0,0,artifact_free,artifact_free,no,no,0.0,artifact_free,False,True,False
tr_1675,tr_1675,0,artifact_free,False,True,,TN3K,0,0,artifact_free,artifact_free,no,no,0.0,artifact_free,False,True,False
tr_1842,tr_1842,0,trapA,True,False,0.9166040570999248,TN3K,1,1,trapA,trapA,yes,yes,1.0,trapA,False,True,False
tr_2629,tr_2629,0,trapA,True,False,0.5379310344827586,TN3K,1,1,trapA,trapA,yes,no,1.0,trapB,True,False,False
tr_1849,tr_1849,0,trapA,True,False,0.8,TN3K,0,0,artifact_free,artifact_free,yes,no,1.0,trapB,True,False,False
tr_2481,tr_2481,0,artifact_free,False,True,,TN3K,0,0,artifact_free,artifact_free,yes,no,1.0,trapB,True,False,False
tr_1655,tr_1655,0,mid,True,False,0.2833435771358328,TN3K,1,1,trapA,trapA,yes,no,1.0,trapB,False,True,False
tr_2653,tr_2653,0,artifact_free,False,True,,TN3K,1,0,trapB,trapB,yes,yes,1.0,trapA,True,False,False
tr_1963,tr_1963,0,artifact_free,False,True,,TN3K,0,0,artifact_free,artifact_free,no,no,0.0,artifact_free,False,True,False
tr_1229,tr_1229,0,artifact_free,False,True,,TN3K,0,0,artifact_free,artifact_free,no,no,0.0,artifact_free,False,True,False
tr_1248,tr_1248,0,artifact_free,False,True,,TN3K,0,0,artifact_free,artifact_free,yes,no,1.0,trapB,True,False,False
tr_0358,tr_0358,0,artifact_free,False,True,,TN3K,0,0,artifact_free,artifact_free,no,no,0.0,artifact_free,False,True,False
tr_0914,tr_0914,1,trapA,True,False,0.8076923076923077,TN3K,1,1,trapA,trapA,yes,yes,1.0,trapA,False,True,False
tr_2873,tr_2873,1,artifact_free,False,True,,TN3K,0,0,artifact_free,artifact_free,no,no,0.0,artifact_free,False,True,False
tr_0671,tr_0671,0,mid,True,False,0.3350345241669168,TN3K,0,0,artifact_free,artifact_free,yes,no,1.0,trapB,True,False,False
tr_2492,tr_2492,0,artifact_free,False,True,,TN3K,0,0,artifact_free,artifact_free,yes,no,1.0,trapB,True,False,False
tr_0734,tr_0734,1,trapA,True,False,1.0,TN3K,1,1,trapA,trapA,yes,yes,1.0,trapA,False,True,False
tr_1511,tr_1511,1,artifact_free,False,True,,TN3K,0,0,artifact_free,artifact_free,no,no,0.0,artifact_free,False,True,False
tr_2758,tr_2758,1,artifact_free,False,True,,TN3K,0,0,artifact_free,artifact_free,no,no,0.0,artifact_free,False,True,False
tr_1999,tr_1999,1,artifact_free,False,True,,TN3K,0,0,artifact_free,artifact_free,no,no,0.0,artifact_free,False,True,False
tr_1327,tr_1327,0,trapA,True,False,0.675,TN3K,0,0,artifact_free,artifact_free,yes,no,1.0,trapB,True,False,False
tr_0666,tr_0666,0,trapA,True,False,0.94,TN3K,0,0,artifact_free,artifact_free,yes,yes,1.0,trapA,True,False,False
tr_1886,tr_1886,0,artifact_free,False,True,,TN3K,0,0,artifact_free,artifact_free,no,no,0.0,artifact_free,False,True,False
tr_2331,tr_2331,0,artifact_free,False,True,,TN3K,1,0,trapB,trapB,yes,yes,1.0,trapA,True,False,False
tr_1375,tr_1375,0,artifact_free,False,True,,TN3K,0,0,artifact_free,artifact_free,no,no,0.0,artifact_free,False,True,False
tr_1593,tr_1593,1,trapA,True,False,0.5212992545260916,TN3K,1,1,trapA,trapA,yes,yes,1.0,trapA,False,True,False
tr_1609,tr_1609,1,artifact_free,False,True,,TN3K,0,0,artifact_free,artifact_free,no,no,0.0,artifact_free,False,True,False
tr_2596,tr_2596,0,artifact_free,False,True,,TN3K,0,0,artifact_free,artifact_free,no,no,0.0,artifact_free,False,True,False
tr_2337,tr_2337,0,trapA,True,False,0.6313868613138686,TN3K,0,0,artifact_free,artifact_free,yes,yes,1.0,trapA,True,False,False
tr_0881,tr_0881,1,artifact_free,False,True,,TN3K,0,0,artifact_free,artifact_free,yes,no,1.0,trapB,True,False,False
tr_2029,tr_2029,1,artifact_free,False,True,,TN3K,0,0,artifact_free,artifact_free,yes,no,1.0,trapB,True,False,False
tr_2551,tr_2551,0,trapA,True,False,0.8159645232815964,TN3K,1,1,trapA,trapA,yes,yes,1.0,trapA,False,True,False
tr_0076,tr_0076,0,trapA,True,False,0.9285714285714286,TN3K,1,1,trapA,trapA,yes,yes,1.0,trapA,False,True,False
tr_1635,tr_1635,0,artifact_free,False,True,,TN3K,0,0,artifact_free,artifact_free,no,no,0.0,artifact_free,False,True,False
tr_1906,tr_1906,0,artifact_free,False,True,,TN3K,0,0,artifact_free,artifact_free,no,no,0.0,artifact_free,False,True,False
tr_2382,tr_2382,0,artifact_free,False,True,,TN3K,0,0,artifact_free,artifact_free,yes,no,1.0,trapB,True,False,False
tr_1839,tr_1839,0,trapB,True,False,0.0,TN3K,0,0,artifact_free,artifact_free,yes,no,1.0,trapB,True,False,False
tr_2825,tr_2825,1,artifact_free,False,True,,TN3K,1,0,trapB,trapB,yes,yes,1.0,trapA,True,False,False
tr_1574,tr_1574,1,trapA,True,False,0.9537366548042704,TN3K,1,1,trapA,trapA,yes,yes,1.0,trapA,False,True,False
tr_1164,tr_1164,0,artifact_free,False,True,,TN3K,0,0,artifact_free,artifact_free,yes,no,1.0,trapB,True,False,False
tr_0699,tr_0699,1,mid,True,False,0.3991935483870967,TN3K,1,1,trapA,trapA,yes,yes,1.0,trapA,False,True,False
tr_2839,tr_2839,1,trapA,True,False,0.5649122807017544,TN3K,1,1,trapA,trapA,yes,yes,1.0,trapA,False,True,False
tr_0454,tr_0454,0,gap,False,False,0.0,TN3K,0,0,artifact_free,artifact_free,,,,missing,False,True,False
tr_1177,tr_1177,0,trapB,True,False,0.0,TN3K,1,0,trapB,trapB,yes,no,1.0,trapB,False,True,False
tr_1869,tr_1869,0,trapA,True,False,0.7678571428571429,TN3K,1,1,trapA,trapA,yes,yes,1.0,trapA,False,True,False
tr_0207,tr_0207,0,artifact_free,False,True,,TN3K,0,0,artifact_free,artifact_free,no,no,0.0,artifact_free,False,True,False
tr_2548,tr_2548,0,trapA,True,False,1.0,TN3K,0,0,artifact_free,artifact_free,yes,yes,1.0,trapA,True,False,False
tr_0793,tr_0793,1,artifact_free,False,True,,TN3K,0,0,artifact_free,artifact_free,no,no,0.0,artifact_free,False,True,False
tr_1349,tr_1349,0,artifact_free,False,True,,TN3K,0,0,artifact_free,artifact_free,no,no,0.0,artifact_free,False,True,False
tr_0406,tr_0406,0,trapB,True,False,0.0,TN3K,0,0,artifact_free,artifact_free,no,no,0.0,artifact_free,True,False,False
tr_1317,tr_1317,0,trapA,True,False,0.6042780748663101,TN3K,1,1,trapA,trapA,yes,no,1.0,trapB,True,False,False
tr_1501,tr_1501,1,artifact_free,False,True,,TN3K,0,0,artifact_free,artifact_free,no,no,0.0,artifact_free,False,True,False
tr_2137,tr_2137,1,trapA,True,False,0.7685250529287226,TN3K,1,1,trapA,trapA,yes,yes,1.0,trapA,False,True,False
tr_0276,tr_0276,0,trapA,True,False,0.6744669786791472,TN3K,1,1,trapA,trapA,yes,no,1.0,trapB,True,False,False
tr_1169,tr_1169,0,trapB,True,False,0.0,TN3K,0,0,artifact_free,artifact_free,yes,no,1.0,trapB,True,False,False
tr_0922,tr_0922,1,artifact_free,False,True,,TN3K,0,0,artifact_free,artifact_free,no,no,0.0,artifact_free,False,True,False
tr_2802,tr_2802,1,artifact_free,False,True,,TN3K,0,0,artifact_free,artifact_free,no,no,0.0,artifact_free,False,True,False
tr_0640,tr_0640,0,artifact_free,False,True,,TN3K,0,0,artifact_free,artifact_free,no,no,0.0,artifact_free,False,True,False
tr_2792,tr_2792,1,artifact_free,False,True,,TN3K,1,0,trapB,trapB,yes,yes,1.0,trapA,True,False,False
tr_2764,tr_2764,1,artifact_free,False,True,,TN3K,0,0,artifact_free,artifact_free,yes,no,1.0,trapB,True,False,False
tr_0525,tr_0525,0,artifact_free,False,True,,TN3K,0,0,artifact_free,artifact_free,no,no,0.0,artifact_free,False,True,False
tr_1510,tr_1510,1,artifact_free,False,True,,TN3K,0,0,artifact_free,artifact_free,no,no,0.0,artifact_free,False,True,False
tr_0555,tr_0555,0,trapA,True,False,1.0,TN3K,0,0,artifact_free,artifact_free,yes,no,1.0,trapB,True,False,False
tr_2245,tr_2245,1,trapA,True,False,0.6274509803921569,TN3K,0,0,artifact_free,artifact_free,yes,no,1.0,trapB,True,False,False
tr_0075,tr_0075,0,artifact_free,False,True,,TN3K,0,0,artifact_free,artifact_free,no,no,0.0,artifact_free,False,True,False
tr_2831,tr_2831,1,artifact_free,False,True,,TN3K,0,0,artifact_free,artifact_free,no,no,0.0,artifact_free,False,True,False
tr_1959,tr_1959,0,trapA,True,False,0.6735688185140073,TN3K,1,1,trapA,trapA,yes,yes,1.0,trapA,False,True,False
tr_2347,tr_2347,0,mid,True,False,0.1917098445595854,TN3K,1,0,trapB,trapB,yes,yes,1.0,trapA,False,True,False
tr_0229,tr_0229,0,trapA,True,False,0.7333333333333333,TN3K,0,0,artifact_free,artifact_free,yes,no,1.0,trapB,True,False,False
tr_1246,tr_1246,0,trapA,True,False,0.8324324324324325,TN3K,0,0,artifact_free,artifact_free,yes,no,1.0,trapB,True,False,False
tr_2381,tr_2381,0,trapA,True,False,0.6837743918738305,TN3K,0,0,artifact_free,artifact_free,yes,yes,1.0,trapA,True,False,False
tr_1101,tr_1101,0,artifact_free,False,True,,TN3K,0,0,artifact_free,artifact_free,yes,no,1.0,trapB,True,False,False
tr_2504,tr_2504,0,artifact_free,False,True,,TN3K,0,0,artifact_free,artifact_free,yes,no,1.0,trapB,True,False,False
tr_1367,tr_1367,0,trapA,True,False,0.726962457337884,TN3K,1,1,trapA,trapA,yes,yes,1.0,trapA,False,True,False
tr_0306,tr_0306,0,artifact_free,False,True,,TN3K,0,0,artifact_free,artifact_free,no,no,0.0,artifact_free,False,True,False
tr_2042,tr_2042,1,trapA,True,False,1.0,TN3K,0,0,artifact_free,artifact_free,yes,yes,1.0,trapA,True,False,False
tr_0235,tr_0235,0,artifact_free,False,True,,TN3K,0,0,artifact_free,artifact_free,no,no,0.0,artifact_free,False,True,False
tr_1667,tr_1667,0,artifact_free,False,True,,TN3K,0,0,artifact_free,artifact_free,no,no,0.0,artifact_free,False,True,False
tr_0608,tr_0608,0,artifact_free,False,True,,TN3K,1,1,trapA,trapA,yes,no,1.0,trapB,True,False,False
tr_2709,tr_2709,1,artifact_free,False,True,,TN3K,0,0,artifact_free,artifact_free,no,no,0.0,artifact_free,False,True,False
tr_2374,tr_2374,0,trapA,True,False,1.0,TN3K,0,0,artifact_free,artifact_free,yes,yes,1.0,trapA,True,False,False
tr_0937,tr_0937,1,artifact_free,False,True,,TN3K,0,0,artifact_free,artifact_free,yes,no,1.0,trapB,True,False,False
tr_1637,tr_1637,0,trapA,True,False,1.0,TN3K,0,0,artifact_free,artifact_free,yes,no,1.0,trapB,True,False,False
tr_0609,tr_0609,0,trapB,True,False,0.0,TN3K,0,0,artifact_free,artifact_free,yes,yes,1.0,trapA,True,False,False
tr_1564,tr_1564,1,trapA,True,False,0.9118589743589745,TN3K,1,1,trapA,trapA,yes,yes,1.0,trapA,False,True,False
tr_1045,tr_1045,0,artifact_free,False,True,,TN3K,0,0,artifact_free,artifact_free,no,no,0.0,artifact_free,False,True,False
tr_0895,tr_0895,1,artifact_free,False,True,,TN3K,0,0,artifact_free,artifact_free,no,no,0.0,artifact_free,False,True,False
tr_0523,tr_0523,0,trapA,True,False,0.9056291390728476,TN3K,0,0,artifact_free,artifact_free,yes,no,1.0,trapB,True,False,False
tr_1524,tr_1524,1,trapA,True,False,1.0,TN3K,0,0,artifact_free,artifact_free,yes,no,1.0,trapB,True,False,False
tr_1874,tr_1874,0,trapA,True,False,0.9017857142857144,TN3K,1,1,trapA,trapA,yes,yes,1.0,trapA,False,True,False
tr_0856,tr_0856,1,artifact_free,False,True,,TN3K,0,0,artifact_free,artifact_free,no,no,0.0,artifact_free,False,True,False
tr_1791,tr_1791,0,artifact_free,False,True,,TN3K,0,0,artifact_free,artifact_free,no,no,0.0,artifact_free,False,True,False
tr_0259,tr_0259,0,artifact_free,False,True,,TN3K,0,0,artifact_free,artifact_free,no,no,0.0,artifact_free,False,True,False
tr_0046,tr_0046,0,artifact_free,False,True,,TN3K,0,0,artifact_free,artifact_free,yes,no,1.0,trapB,True,False,False
tr_2598,tr_2598,0,artifact_free,False,True,,TN3K,1,1,trapA,trapA,yes,yes,1.0,trapA,True,False,False
tr_2266,tr_2266,1,artifact_free,False,True,,TN3K,0,0,artifact_free,artifact_free,no,no,0.0,artifact_free,False,True,False
tr_2493,tr_2493,0,trapB,True,False,0.0,TN3K,1,0,trapB,trapB,yes,yes,1.0,trapA,True,False,False
tr_0455,tr_0455,0,trapA,True,False,0.6,TN3K,0,0,artifact_free,artifact_free,yes,no,1.0,trapB,True,False,False
tr_1276,tr_1276,0,artifact_free,False,True,,TN3K,0,0,artifact_free,artifact_free,no,no,0.0,artifact_free,False,True,False
tr_0226,tr_0226,0,trapA,True,False,0.990112063282795,TN3K,0,0,artifact_free,artifact_free,yes,no,1.0,trapB,True,False,False
tr_0587,tr_0587,0,trapA,True,False,0.60431654676259,TN3K,1,1,trapA,trapA,yes,yes,1.0,trapA,False,True,False
tr_1295,tr_1295,0,artifact_free,False,True,,TN3K,0,0,artifact_free,artifact_free,no,no,0.0,artifact_free,False,True,False
tr_1966,tr_1966,0,artifact_free,False,True,,TN3K,0,0,artifact_free,artifact_free,no,no,0.0,artifact_free,False,True,False
tr_1713,tr_1713,0,mid,True,False,0.2780172413793103,TN3K,0,0,artifact_free,artifact_free,yes,no,1.0,trapB,True,False,False
tr_0951,tr_0951,0,trapA,True,False,0.7347826086956522,TN3K,0,0,artifact_free,artifact_free,yes,no,1.0,trapB,True,False,False
tr_2441,tr_2441,0,trapA,True,False,0.6738609112709832,TN3K,1,1,trapA,trapA,yes,yes,1.0,trapA,False,True,False
tr_1550,tr_1550,1,artifact_free,False,True,,TN3K,0,0,artifact_free,artifact_free,yes,yes,1.0,trapA,True,False,False
tr_0954,tr_0954,0,artifact_free,False,True,,TN3K,0,0,artifact_free,artifact_free,yes,no,1.0,trapB,True,False,False
tr_2199,tr_2199,1,artifact_free,False,True,,TN3K,0,0,artifact_free,artifact_free,no,no,0.0,artifact_free,False,True,False
tr_0385,tr_0385,0,trapB,True,False,0.0,TN3K,0,0,artifact_free,artifact_free,yes,no,1.0,trapB,True,False,False
tr_1737,tr_1737,0,artifact_free,False,True,,TN3K,0,0,artifact_free,artifact_free,no,no,0.0,artifact_free,False,True,False
tr_1478,tr_1478,1,artifact_free,False,True,,TN3K,0,0,artifact_free,artifact_free,no,no,0.0,artifact_free,False,True,False
tr_0086,tr_0086,0,artifact_free,False,True,,TN3K,0,0,artifact_free,artifact_free,no,no,0.0,artifact_free,False,True,False
tr_1134,tr_1134,0,artifact_free,False,True,,TN3K,0,0,artifact_free,artifact_free,yes,yes,1.0,trapA,True,False,False
tr_2723,tr_2723,1,artifact_free,False,True,,TN3K,0,0,artifact_free,artifact_free,no,no,0.0,artifact_free,False,True,False
tr_0132,tr_0132,0,trapA,True,False,0.9052631578947368,TN3K,1,1,trapA,trapA,yes,yes,1.0,trapA,False,True,False
tr_0661,tr_0661,0,artifact_free,False,True,,TN3K,0,0,artifact_free,artifact_free,no,no,0.0,artifact_free,False,True,False
tr_0316,tr_0316,0,artifact_free,False,True,,TN3K,0,0,artifact_free,artifact_free,yes,yes,1.0,trapA,True,False,False
tr_1450,tr_1450,1,artifact_free,False,True,,TN3K,0,0,artifact_free,artifact_free,no,no,0.0,artifact_free,False,True,False
tr_1642,tr_1642,0,artifact_free,False,True,,TN3K,0,0,artifact_free,artifact_free,no,no,0.0,artifact_free,False,True,False
tr_1878,tr_1878,0,trapA,True,False,0.9085714285714286,TN3K,0,0,artifact_free,artifact_free,yes,no,1.0,trapB,True,False,False
tr_0365,tr_0365,0,mid,True,False,0.3518518518518518,TN3K,0,0,artifact_free,artifact_free,yes,no,1.0,trapB,True,False,False
tr_0530,tr_0530,0,trapA,True,False,0.9943502824858758,TN3K,0,0,artifact_free,artifact_free,yes,no,1.0,trapB,True,False,False
tr_2824,tr_2824,1,artifact_free,False,True,,TN3K,1,0,trapB,trapB,yes,no,1.0,trapB,True,False,False
tr_0616,tr_0616,0,artifact_free,False,True,,TN3K,0,0,artifact_free,artifact_free,no,no,0.0,artifact_free,False,True,False
tr_2753,tr_2753,1,artifact_free,False,True,,TN3K,0,0,artifact_free,artifact_free,yes,no,1.0,trapB,True,False,False
tr_2843,tr_2843,1,mid,True,False,0.4591346153846153,TN3K,1,0,trapB,trapB,yes,yes,1.0,trapA,False,True,False
tr_2477,tr_2477,0,artifact_free,False,True,,TN3K,0,0,artifact_free,artifact_free,yes,no,1.0,trapB,True,False,False
tr_2852,tr_2852,1,artifact_free,False,True,,TN3K,0,0,artifact_free,artifact_free,no,no,0.0,artifact_free,False,True,False
tr_0153,tr_0153,0,artifact_free,False,True,,TN3K,0,0,artifact_free,artifact_free,yes,yes,1.0,trapA,True,False,False
tr_1673,tr_1673,0,trapA,True,False,0.9540983606557376,TN3K,1,1,trapA,trapA,yes,yes,1.0,trapA,False,True,False
tr_1054,tr_1054,0,artifact_free,False,True,,TN3K,0,0,artifact_free,artifact_free,no,no,0.0,artifact_free,False,True,False
tr_0575,tr_0575,0,artifact_free,False,True,,TN3K,0,0,artifact_free,artifact_free,yes,no,1.0,trapB,True,False,False
tr_1009,tr_1009,0,artifact_free,False,True,,TN3K,0,0,artifact_free,artifact_free,no,no,0.0,artifact_free,False,True,False
tr_1316,tr_1316,0,trapA,True,False,1.0,TN3K,0,0,artifact_free,artifact_free,yes,no,1.0,trapB,True,False,False
tr_1174,tr_1174,0,artifact_free,False,True,,TN3K,0,0,artifact_free,artifact_free,yes,no,1.0,trapB,True,False,False
tr_0444,tr_0444,0,trapA,True,False,0.8967391304347826,TN3K,1,1,trapA,trapA,yes,yes,1.0,trapA,False,True,False
tr_2123,tr_2123,1,artifact_free,False,True,,TN3K,1,1,trapA,trapA,yes,no,1.0,trapB,True,False,False
tr_1346,tr_1346,0,trapA,True,False,0.6052141527001862,TN3K,1,1,trapA,trapA,yes,yes,1.0,trapA,False,True,False
tr_1394,tr_1394,1,artifact_free,False,True,,TN3K,0,0,artifact_free,artifact_free,no,no,0.0,artifact_free,False,True,False
tr_2415,tr_2415,0,trapB,True,False,0.0,TN3K,0,0,artifact_free,artifact_free,yes,no,1.0,trapB,True,False,False
tr_1901,tr_1901,0,artifact_free,False,True,,TN3K,0,0,artifact_free,artifact_free,yes,no,1.0,trapB,True,False,False
tr_0095,tr_0095,0,trapB,True,False,0.0298701298701298,TN3K,0,0,artifact_free,artifact_free,yes,no,1.0,trapB,True,False,False
tr_2674,tr_2674,1,trapA,True,False,0.9076923076923076,TN3K,1,1,trapA,trapA,yes,yes,1.0,trapA,False,True,False
tr_2187,tr_2187,1,artifact_free,False,True,,TN3K,1,0,trapB,trapB,yes,yes,1.0,trapA,True,False,False
tr_2837,tr_2837,1,artifact_free,False,True,,TN3K,0,0,artifact_free,artifact_free,no,no,0.0,artifact_free,False,True,False
tr_0936,tr_0936,1,mid,True,False,0.1542857142857142,TN3K,0,0,artifact_free,artifact_free,yes,no,1.0,trapB,True,False,False
tr_1696,tr_1696,0,artifact_free,False,True,,TN3K,0,0,artifact_free,artifact_free,no,no,0.0,artifact_free,False,True,False
tr_2218,tr_2218,1,artifact_free,False,True,,TN3K,0,0,artifact_free,artifact_free,no,no,0.0,artifact_free,False,True,False
tr_2170,tr_2170,1,artifact_free,False,True,,TN3K,0,0,artifact_free,artifact_free,no,no,0.0,artifact_free,False,True,False
tr_0326,tr_0326,0,trapA,True,False,0.9817708333333334,TN3K,1,1,trapA,trapA,yes,yes,1.0,trapA,False,True,False
tr_2405,tr_2405,0,artifact_free,False,True,,TN3K,1,0,trapB,trapB,yes,yes,1.0,trapA,True,False,False
tr_2017,tr_2017,1,artifact_free,False,True,,TN3K,0,0,artifact_free,artifact_free,no,no,0.0,artifact_free,False,True,False
tr_2275,tr_2275,1,artifact_free,False,True,,TN3K,0,0,artifact_free,artifact_free,yes,no,1.0,trapB,True,False,False
tr_2575,tr_2575,0,artifact_free,False,True,,TN3K,0,0,artifact_free,artifact_free,no,no,0.0,artifact_free,False,True,False
tr_1913,tr_1913,0,artifact_free,False,True,,TN3K,0,0,artifact_free,artifact_free,no,no,0.0,artifact_free,False,True,False
tr_1086,tr_1086,0,mid,True,False,0.1633688483003551,TN3K,0,0,artifact_free,artifact_free,yes,no,1.0,trapB,True,False,False
tr_0033,tr_0033,0,artifact_free,False,True,,TN3K,0,0,artifact_free,artifact_free,no,no,0.0,artifact_free,False,True,False
tr_0769,tr_0769,1,artifact_free,False,True,,TN3K,0,0,artifact_free,artifact_free,no,no,0.0,artifact_free,False,True,False
tr_1825,tr_1825,0,trapA,True,False,0.686046511627907,TN3K,1,1,trapA,trapA,yes,yes,1.0,trapA,False,True,False
tr_0193,tr_0193,0,artifact_free,False,True,,TN3K,0,0,artifact_free,artifact_free,yes,no,1.0,trapB,True,False,False
tr_2226,tr_2226,1,artifact_free,False,True,,TN3K,0,0,artifact_free,artifact_free,no,no,0.0,artifact_free,False,True,False
tr_0194,tr_0194,0,trapA,True,False,1.0,TN3K,1,1,trapA,trapA,yes,no,1.0,trapB,True,False,False
tr_2244,tr_2244,1,artifact_free,False,True,,TN3K,0,0,artifact_free,artifact_free,no,no,0.0,artifact_free,False,True,False
tr_1935,tr_1935,0,trapA,True,False,0.933271547729379,TN3K,1,1,trapA,trapA,yes,yes,1.0,trapA,False,True,False
tr_1181,tr_1181,0,trapA,True,False,1.0,TN3K,0,0,artifact_free,artifact_free,yes,no,1.0,trapB,True,False,False
tr_1495,tr_1495,1,artifact_free,False,True,,TN3K,0,0,artifact_free,artifact_free,no,no,0.0,artifact_free,False,True,False
tr_2016,tr_2016,1,artifact_free,False,True,,TN3K,0,0,artifact_free,artifact_free,no,no,0.0,artifact_free,False,True,False
tr_0389,tr_0389,0,artifact_free,False,True,,TN3K,0,0,artifact_free,artifact_free,no,no,0.0,artifact_free,False,True,False
tr_1868,tr_1868,0,trapA,True,False,0.9728155339805824,TN3K,0,0,artifact_free,artifact_free,yes,no,1.0,trapB,True,False,False
tr_2380,tr_2380,0,artifact_free,False,True,,TN3K,0,0,artifact_free,artifact_free,no,no,0.0,artifact_free,False,True,False
tr_2168,tr_2168,1,artifact_free,False,True,,TN3K,0,0,artifact_free,artifact_free,no,no,0.0,artifact_free,False,True,False
tr_1555,tr_1555,1,artifact_free,False,True,,TN3K,0,0,artifact_free,artifact_free,no,no,0.0,artifact_free,False,True,False
tr_0008,tr_0008,0,artifact_free,False,True,,TN3K,0,0,artifact_free,artifact_free,no,no,0.0,artifact_free,False,True,False
tr_0569,tr_0569,0,artifact_free,False,True,,TN3K,0,0,artifact_free,artifact_free,no,no,0.0,artifact_free,False,True,False
tr_2524,tr_2524,0,trapA,True,False,0.6140350877192983,TN3K,1,1,trapA,trapA,yes,yes,1.0,trapA,False,True,False
tr_2692,tr_2692,1,artifact_free,False,True,,TN3K,0,0,artifact_free,artifact_free,no,no,0.0,artifact_free,False,True,False
tr_1653,tr_1653,0,mid,True,False,0.2996108949416342,TN3K,1,1,trapA,trapA,yes,no,1.0,trapB,False,True,False
tr_2726,tr_2726,1,artifact_free,False,True,,TN3K,0,0,artifact_free,artifact_free,no,no,0.0,artifact_free,False,True,False
tr_1855,tr_1855,0,trapA,True,False,0.688034188034188,TN3K,0,0,artifact_free,artifact_free,yes,no,1.0,trapB,True,False,False
tr_2035,tr_2035,1,mid,True,False,0.4563106796116505,TN3K,0,0,artifact_free,artifact_free,yes,no,1.0,trapB,True,False,False
tr_0398,tr_0398,0,trapA,True,False,0.9555555555555556,TN3K,0,0,artifact_free,artifact_free,yes,yes,1.0,trapA,True,False,False
tr_2484,tr_2484,0,artifact_free,False,True,,TN3K,0,0,artifact_free,artifact_free,no,no,0.0,artifact_free,False,True,False
tr_1005,tr_1005,0,trapB,True,False,0.0,TN3K,0,0,artifact_free,artifact_free,yes,no,1.0,trapB,True,False,False
tr_1351,tr_1351,0,trapB,True,False,0.0,TN3K,1,0,trapB,trapB,yes,no,1.0,trapB,False,True,False
tr_0131,tr_0131,0,trapA,True,False,0.7350096711798839,TN3K,0,0,artifact_free,artifact_free,no,no,0.0,artifact_free,True,False,False
tr_1888,tr_1888,0,trapB,True,False,0.0593824228028503,TN3K,0,0,artifact_free,artifact_free,no,no,0.0,artifact_free,True,False,False
tr_0534,tr_0534,0,artifact_free,False,True,,TN3K,0,0,artifact_free,artifact_free,yes,no,1.0,trapB,True,False,False
tr_2725,tr_2725,1,artifact_free,False,True,,TN3K,0,0,artifact_free,artifact_free,no,no,0.0,artifact_free,False,True,False
tr_0781,tr_0781,1,artifact_free,False,True,,TN3K,0,0,artifact_free,artifact_free,no,no,0.0,artifact_free,False,True,False
tr_2553,tr_2553,0,artifact_free,False,True,,TN3K,0,0,artifact_free,artifact_free,no,no,0.0,artifact_free,False,True,False
tr_2646,tr_2646,0,trapA,True,False,0.85,TN3K,0,0,artifact_free,artifact_free,yes,no,1.0,trapB,True,False,False
tr_0069,tr_0069,0,artifact_free,False,True,,TN3K,0,0,artifact_free,artifact_free,no,no,0.0,artifact_free,False,True,False
tr_1067,tr_1067,0,trapA,True,False,0.872,TN3K,0,0,artifact_free,artifact_free,yes,no,1.0,trapB,True,False,False
tr_1448,tr_1448,1,artifact_free,False,True,,TN3K,0,0,artifact_free,artifact_free,no,no,0.0,artifact_free,False,True,False
tr_0344,tr_0344,0,artifact_free,False,True,,TN3K,0,0,artifact_free,artifact_free,no,no,0.0,artifact_free,False,True,False
tr_2589,tr_2589,0,trapA,True,False,0.6888888888888889,TN3K,0,0,artifact_free,artifact_free,yes,no,1.0,trapB,True,False,False
tr_1244,tr_1244,0,trapB,True,False,0.0,TN3K,0,0,artifact_free,artifact_free,yes,no,1.0,trapB,True,False,False
tr_1897,tr_1897,0,artifact_free,False,True,,TN3K,0,0,artifact_free,artifact_free,yes,no,1.0,trapB,True,False,False
tr_0353,tr_0353,0,artifact_free,False,True,,TN3K,0,0,artifact_free,artifact_free,no,no,0.0,artifact_free,False,True,False
tr_2253,tr_2253,1,artifact_free,False,True,,TN3K,0,0,artifact_free,artifact_free,no,no,0.0,artifact_free,False,True,False
tr_1426,tr_1426,1,artifact_free,False,True,,TN3K,0,0,artifact_free,artifact_free,no,no,0.0,artifact_free,False,True,False
tr_2573,tr_2573,0,artifact_free,False,True,,TN3K,0,0,artifact_free,artifact_free,no,no,0.0,artifact_free,False,True,False
tr_0720,tr_0720,1,artifact_free,False,True,,TN3K,0,0,artifact_free,artifact_free,no,no,0.0,artifact_free,False,True,False
tr_1460,tr_1460,1,artifact_free,False,True,,TN3K,0,0,artifact_free,artifact_free,no,no,0.0,artifact_free,False,True,False
tr_2172,tr_2172,1,artifact_free,False,True,,TN3K,0,0,artifact_free,artifact_free,no,no,0.0,artifact_free,False,True,False
tr_0427,tr_0427,0,trapA,True,False,0.7469512195121951,TN3K,0,0,artifact_free,artifact_free,yes,no,1.0,trapB,True,False,False
tr_2658,tr_2658,0,artifact_free,False,True,,TN3K,1,1,trapA,trapA,yes,no,1.0,trapB,True,False,False
tr_1118,tr_1118,0,artifact_free,False,True,,TN3K,0,0,artifact_free,artifact_free,no,no,0.0,artifact_free,False,True,False
tr_2250,tr_2250,1,artifact_free,False,True,,TN3K,0,0,artifact_free,artifact_free,no,no,0.0,artifact_free,False,True,False
tr_0573,tr_0573,0,artifact_free,False,True,,TN3K,0,0,artifact_free,artifact_free,yes,no,1.0,trapB,True,False,False
tr_0512,tr_0512,0,artifact_free,False,True,,TN3K,0,0,artifact_free,artifact_free,yes,no,1.0,trapB,True,False,False
tr_1326,tr_1326,0,trapB,True,False,0.0678466076696165,TN3K,0,0,artifact_free,artifact_free,yes,no,1.0,trapB,True,False,False
tr_1228,tr_1228,0,trapB,True,False,0.0,TN3K,1,0,trapB,trapB,yes,no,1.0,trapB,False,True,False
tr_0083,tr_0083,0,trapA,True,False,0.7959183673469388,TN3K,1,1,trapA,trapA,yes,yes,1.0,trapA,False,True,False
tr_2597,tr_2597,0,artifact_free,False,True,,TN3K,1,1,trapA,trapA,yes,yes,1.0,trapA,True,False,False
tr_2594,tr_2594,0,artifact_free,False,True,,TN3K,0,0,artifact_free,artifact_free,yes,no,1.0,trapB,True,False,False
tr_2564,tr_2564,0,trapA,True,False,0.7647058823529411,TN3K,1,1,trapA,trapA,yes,yes,1.0,trapA,False,True,False
tr_1939,tr_1939,0,trapA,True,False,0.8309859154929577,TN3K,0,0,artifact_free,artifact_free,yes,yes,1.0,trapA,True,False,False
tr_0007,tr_0007,0,mid,True,False,0.2361842105263158,TN3K,1,1,trapA,trapA,yes,no,1.0,trapB,False,True,False
tr_2791,tr_2791,1,trapB,True,False,0.0,TN3K,0,0,artifact_free,artifact_free,no,no,0.0,artifact_free,True,False,False
tr_0489,tr_0489,0,mid,True,False,0.1111111111111111,TN3K,0,0,artifact_free,artifact_free,yes,no,1.0,trapB,True,False,False
tr_1614,tr_1614,1,artifact_free,False,True,,TN3K,0,0,artifact_free,artifact_free,no,no,0.0,artifact_free,False,True,False
tr_1262,tr_1262,0,artifact_free,False,True,,TN3K,0,0,artifact_free,artifact_free,yes,no,1.0,trapB,True,False,False
tr_2065,tr_2065,1,trapB,True,False,0.0,TN3K,0,0,artifact_free,artifact_free,yes,no,1.0,trapB,True,False,False
tr_0906,tr_0906,1,trapA,True,False,0.9942857142857144,TN3K,1,1,trapA,trapA,yes,no,1.0,trapB,True,False,False
tr_0589,tr_0589,0,trapA,True,False,1.0,TN3K,1,1,trapA,trapA,yes,yes,1.0,trapA,False,True,False
tr_2689,tr_2689,1,artifact_free,False,True,,TN3K,0,0,artifact_free,artifact_free,no,no,0.0,artifact_free,False,True,False
tr_2090,tr_2090,1,artifact_free,False,True,,TN3K,0,0,artifact_free,artifact_free,no,no,0.0,artifact_free,False,True,False
tr_0741,tr_0741,1,trapA,True,False,1.0,TN3K,0,0,artifact_free,artifact_free,yes,no,1.0,trapB,True,False,False
tr_0581,tr_0581,0,trapA,True,False,0.9116915422885572,TN3K,0,0,artifact_free,artifact_free,yes,yes,1.0,trapA,True,False,False
tr_2298,tr_2298,0,artifact_free,False,True,,TN3K,0,0,artifact_free,artifact_free,no,no,0.0,artifact_free,False,True,False
tr_1697,tr_1697,0,trapB,True,False,0.0,TN3K,0,0,artifact_free,artifact_free,yes,no,1.0,trapB,True,False,False
tr_2526,tr_2526,0,artifact_free,False,True,,TN3K,0,0,artifact_free,artifact_free,yes,no,1.0,trapB,True,False,False
tr_0078,tr_0078,0,trapA,True,False,0.5512465373961218,TN3K,0,0,artifact_free,artifact_free,yes,no,1.0,trapB,True,False,False
tr_2769,tr_2769,1,trapB,True,False,0.0,TN3K,0,0,artifact_free,artifact_free,yes,no,1.0,trapB,True,False,False
tr_1552,tr_1552,1,artifact_free,False,True,,TN3K,0,0,artifact_free,artifact_free,no,no,0.0,artifact_free,False,True,False
tr_0562,tr_0562,0,artifact_free,False,True,,TN3K,0,0,artifact_free,artifact_free,no,no,0.0,artifact_free,False,True,False
tr_1494,tr_1494,1,trapA,True,False,0.7018716577540107,TN3K,0,0,artifact_free,artifact_free,yes,yes,1.0,trapA,True,False,False
tr_0048,tr_0048,0,trapA,True,False,0.988950276243094,TN3K,0,0,artifact_free,artifact_free,yes,yes,1.0,trapA,True,False,False
tr_2830,tr_2830,1,artifact_free,False,True,,TN3K,0,0,artifact_free,artifact_free,no,no,0.0,artifact_free,False,True,False
tr_0292,tr_0292,0,artifact_free,False,True,,TN3K,0,0,artifact_free,artifact_free,no,no,0.0,artifact_free,False,True,False
tr_1722,tr_1722,0,artifact_free,False,True,,TN3K,0,0,artifact_free,artifact_free,no,no,0.0,artifact_free,False,True,False
tr_0295,tr_0295,0,trapA,True,False,0.8132530120481928,TN3K,1,0,trapB,trapB,yes,yes,1.0,trapA,True,False,False
tr_1768,tr_1768,0,mid,True,False,0.2398190045248869,TN3K,0,0,artifact_free,artifact_free,yes,no,1.0,trapB,True,False,False
tr_2736,tr_2736,1,artifact_free,False,True,,TN3K,0,0,artifact_free,artifact_free,no,no,0.0,artifact_free,False,True,False
tr_1424,tr_1424,1,trapA,True,False,0.7037037037037037,TN3K,0,0,artifact_free,artifact_free,yes,no,1.0,trapB,True,False,False
tr_0487,tr_0487,0,artifact_free,False,True,,TN3K,0,0,artifact_free,artifact_free,no,no,0.0,artifact_free,False,True,False
tr_2754,tr_2754,1,artifact_free,False,True,,TN3K,0,0,artifact_free,artifact_free,no,no,0.0,artifact_free,False,True,False
tr_2403,tr_2403,0,artifact_free,False,True,,TN3K,0,0,artifact_free,artifact_free,no,no,0.0,artifact_free,False,True,False
tr_1239,tr_1239,0,artifact_free,False,True,,TN3K,0,0,artifact_free,artifact_free,yes,no,1.0,trapB,True,False,False
tr_1356,tr_1356,0,artifact_free,False,True,,TN3K,0,0,artifact_free,artifact_free,no,no,0.0,artifact_free,False,True,False
tr_2576,tr_2576,0,artifact_free,False,True,,TN3K,0,0,artifact_free,artifact_free,no,no,0.0,artifact_free,False,True,False
tr_1132,tr_1132,0,artifact_free,False,True,,TN3K,0,0,artifact_free,artifact_free,no,no,0.0,artifact_free,False,True,False
tr_1815,tr_1815,0,artifact_free,False,True,,TN3K,0,0,artifact_free,artifact_free,yes,no,1.0,trapB,True,False,False
tr_2324,tr_2324,0,artifact_free,False,True,,TN3K,0,0,artifact_free,artifact_free,no,no,0.0,artifact_free,False,True,False
tr_1514,tr_1514,1,artifact_free,False,True,,TN3K,0,0,artifact_free,artifact_free,no,no,0.0,artifact_free,False,True,False
tr_2628,tr_2628,0,trapA,True,False,0.5960264900662252,TN3K,1,1,trapA,trapA,yes,yes,1.0,trapA,False,True,False
tr_1404,tr_1404,1,mid,True,False,0.2,TN3K,0,0,artifact_free,artifact_free,yes,no,1.0,trapB,True,False,False
tr_1518,tr_1518,1,trapB,True,False,0.0,TN3K,0,0,artifact_free,artifact_free,yes,no,1.0,trapB,True,False,False
tr_0539,tr_0539,0,artifact_free,False,True,,TN3K,0,0,artifact_free,artifact_free,yes,no,1.0,trapB,True,False,False
tr_0697,tr_0697,1,trapA,True,False,1.0,TN3K,0,0,artifact_free,artifact_free,yes,yes,1.0,trapA,True,False,False
tr_2546,tr_2546,0,artifact_free,False,True,,TN3K,0,0,artifact_free,artifact_free,no,no,0.0,artifact_free,False,True,False
tr_1299,tr_1299,0,artifact_free,False,True,,TN3K,0,0,artifact_free,artifact_free,no,no,0.0,artifact_free,False,True,False
tr_0015,tr_0015,0,artifact_free,False,True,,TN3K,0,0,artifact_free,artifact_free,no,no,0.0,artifact_free,False,True,False
tr_1573,tr_1573,1,trapA,True,False,0.9059040590405903,TN3K,1,1,trapA,trapA,yes,yes,1.0,trapA,False,True,False
tr_1133,tr_1133,0,artifact_free,False,True,,TN3K,0,0,artifact_free,artifact_free,no,no,0.0,artifact_free,False,True,False
tr_2666,tr_2666,0,artifact_free,False,True,,TN3K,0,0,artifact_free,artifact_free,no,no,0.0,artifact_free,False,True,False
tr_0518,tr_0518,0,artifact_free,False,True,,TN3K,0,0,artifact_free,artifact_free,yes,no,1.0,trapB,True,False,False
tr_0250,tr_0250,0,trapB,True,False,0.0,TN3K,1,0,trapB,trapB,no,no,0.0,artifact_free,True,False,False
tr_2173,tr_2173,1,artifact_free,False,True,,TN3K,0,0,artifact_free,artifact_free,yes,no,1.0,trapB,True,False,False
tr_0139,tr_0139,0,trapA,True,False,1.0,TN3K,0,0,artifact_free,artifact_free,yes,yes,1.0,trapA,True,False,False
tr_0281,tr_0281,0,artifact_free,False,True,,TN3K,0,0,artifact_free,artifact_free,yes,no,1.0,trapB,True,False,False
tr_1425,tr_1425,1,artifact_free,False,True,,TN3K,0,0,artifact_free,artifact_free,no,no,0.0,artifact_free,False,True,False
tr_2462,tr_2462,0,artifact_free,False,True,,TN3K,0,0,artifact_free,artifact_free,no,no,0.0,artifact_free,False,True,False
tr_0917,tr_0917,1,trapA,True,False,0.8617021276595744,TN3K,1,1,trapA,trapA,yes,yes,1.0,trapA,False,True,False
tr_2225,tr_2225,1,artifact_free,False,True,,TN3K,0,0,artifact_free,artifact_free,no,no,0.0,artifact_free,False,True,False
tr_2673,tr_2673,1,artifact_free,False,True,,TN3K,0,0,artifact_free,artifact_free,no,no,0.0,artifact_free,False,True,False
tr_0171,tr_0171,0,artifact_free,False,True,,TN3K,0,0,artifact_free,artifact_free,no,no,0.0,artifact_free,False,True,False
tr_0944,tr_0944,0,trapB,True,False,0.0,TN3K,0,0,artifact_free,artifact_free,yes,yes,1.0,trapA,True,False,False
tr_1710,tr_1710,0,trapA,True,False,1.0,TN3K,0,0,artifact_free,artifact_free,yes,yes,1.0,trapA,True,False,False
tr_2393,tr_2393,0,artifact_free,False,True,,TN3K,0,0,artifact_free,artifact_free,yes,no,1.0,trapB,True,False,False
tr_1866,tr_1866,0,artifact_free,False,True,,TN3K,0,0,artifact_free,artifact_free,no,no,0.0,artifact_free,False,True,False
tr_2110,tr_2110,1,trapA,True,False,0.960308710033076,TN3K,1,1,trapA,trapA,yes,yes,1.0,trapA,False,True,False
tr_0860,tr_0860,1,trapA,True,False,0.7974137931034483,TN3K,0,0,artifact_free,artifact_free,yes,yes,1.0,trapA,True,False,False
tr_1744,tr_1744,0,artifact_free,False,True,,TN3K,0,0,artifact_free,artifact_free,yes,no,1.0,trapB,True,False,False
tr_0821,tr_0821,1,artifact_free,False,True,,TN3K,0,0,artifact_free,artifact_free,yes,yes,1.0,trapA,True,False,False
tr_0047,tr_0047,0,artifact_free,False,True,,TN3K,0,0,artifact_free,artifact_free,no,no,0.0,artifact_free,False,True,False
tr_1990,tr_1990,1,artifact_free,False,True,,TN3K,0,0,artifact_free,artifact_free,no,no,0.0,artifact_free,False,True,False
tr_0092,tr_0092,0,artifact_free,False,True,,TN3K,0,0,artifact_free,artifact_free,no,no,0.0,artifact_free,False,True,False
tr_2515,tr_2515,0,artifact_free,False,True,,TN3K,1,1,trapA,trapA,yes,yes,1.0,trapA,True,False,False
tr_2423,tr_2423,0,artifact_free,False,True,,TN3K,0,0,artifact_free,artifact_free,no,no,0.0,artifact_free,False,True,False
tr_1171,tr_1171,0,trapA,True,False,0.6284779050736498,TN3K,1,0,trapB,trapB,yes,yes,1.0,trapA,True,False,False
tr_1922,tr_1922,0,artifact_free,False,True,,TN3K,0,0,artifact_free,artifact_free,no,no,0.0,artifact_free,False,True,False
tr_1207,tr_1207,0,artifact_free,False,True,,TN3K,0,0,artifact_free,artifact_free,yes,no,1.0,trapB,True,False,False
tr_1473,tr_1473,1,trapA,True,False,0.5198019801980198,TN3K,0,0,artifact_free,artifact_free,yes,no,1.0,trapB,True,False,False
tr_2228,tr_2228,1,artifact_free,False,True,,TN3K,0,0,artifact_free,artifact_free,no,no,0.0,artifact_free,False,True,False
tr_1837,tr_1837,0,artifact_free,False,True,,TN3K,0,0,artifact_free,artifact_free,yes,no,1.0,trapB,True,False,False
tr_0012,tr_0012,0,artifact_free,False,True,,TN3K,0,0,artifact_free,artifact_free,yes,no,1.0,trapB,True,False,False
tr_0776,tr_0776,1,artifact_free,False,True,,TN3K,0,0,artifact_free,artifact_free,no,no,0.0,artifact_free,False,True,False
tr_0343,tr_0343,0,trapA,True,False,0.8666666666666667,TN3K,0,0,artifact_free,artifact_free,yes,no,1.0,trapB,True,False,False
tr_1933,tr_1933,0,artifact_free,False,True,,TN3K,0,0,artifact_free,artifact_free,yes,no,1.0,trapB,True,False,False
tr_1427,tr_1427,1,artifact_free,False,True,,TN3K,0,0,artifact_free,artifact_free,no,no,0.0,artifact_free,False,True,False
tr_0122,tr_0122,0,trapA,True,False,1.0,TN3K,1,1,trapA,trapA,yes,yes,1.0,trapA,False,True,False
tr_1576,tr_1576,1,artifact_free,False,True,,TN3K,0,0,artifact_free,artifact_free,no,no,0.0,artifact_free,False,True,False
tr_0213,tr_0213,0,trapB,True,False,0.0,TN3K,0,0,artifact_free,artifact_free,yes,no,1.0,trapB,True,False,False
tr_1466,tr_1466,1,artifact_free,False,True,,TN3K,0,0,artifact_free,artifact_free,no,no,0.0,artifact_free,False,True,False
tr_2714,tr_2714,1,trapB,True,False,0.0,TN3K,0,0,artifact_free,artifact_free,no,no,0.0,artifact_free,True,False,False
tr_2735,tr_2735,1,artifact_free,False,True,,TN3K,0,0,artifact_free,artifact_free,no,no,0.0,artifact_free,False,True,False
tr_2613,tr_2613,0,trapA,True,False,0.7890466531440162,TN3K,1,1,trapA,trapA,yes,yes,1.0,trapA,False,True,False
tr_0045,tr_0045,0,artifact_free,False,True,,TN3K,0,0,artifact_free,artifact_free,yes,no,1.0,trapB,True,False,False
tr_0412,tr_0412,0,artifact_free,False,True,,TN3K,0,0,artifact_free,artifact_free,no,no,0.0,artifact_free,False,True,False
tr_0646,tr_0646,0,trapA,True,False,0.6306451612903226,TN3K,1,0,trapB,trapB,yes,yes,1.0,trapA,True,False,False
tr_1875,tr_1875,0,trapA,True,False,0.7739130434782608,TN3K,0,0,artifact_free,artifact_free,yes,yes,1.0,trapA,True,False,False
tr_2327,tr_2327,0,trapB,True,False,0.0,TN3K,0,0,artifact_free,artifact_free,yes,no,1.0,trapB,True,False,False
tr_0700,tr_0700,1,trapB,True,False,0.0,TN3K,1,0,trapB,trapB,yes,yes,1.0,trapA,True,False,False
tr_2703,tr_2703,1,artifact_free,False,True,,TN3K,0,0,artifact_free,artifact_free,no,no,0.0,artifact_free,False,True,False
tr_0375,tr_0375,0,artifact_free,False,True,,TN3K,0,0,artifact_free,artifact_free,yes,no,1.0,trapB,True,False,False
tr_2401,tr_2401,0,artifact_free,False,True,,TN3K,0,0,artifact_free,artifact_free,yes,no,1.0,trapB,True,False,False
tr_1297,tr_1297,0,artifact_free,False,True,,TN3K,0,0,artifact_free,artifact_free,no,no,0.0,artifact_free,False,True,False
tr_0439,tr_0439,0,artifact_free,False,True,,TN3K,0,0,artifact_free,artifact_free,yes,no,1.0,trapB,True,False,False
tr_0549,tr_0549,0,artifact_free,False,True,,TN3K,0,0,artifact_free,artifact_free,yes,no,1.0,trapB,True,False,False
tr_1894,tr_1894,0,artifact_free,False,True,,TN3K,0,0,artifact_free,artifact_free,no,no,0.0,artifact_free,False,True,False
tr_2660,tr_2660,0,artifact_free,False,True,,TN3K,0,0,artifact_free,artifact_free,no,no,0.0,artifact_free,False,True,False
tr_1662,tr_1662,0,trapA,True,False,0.6053664921465969,TN3K,1,0,trapB,trapB,yes,no,1.0,trapB,True,False,False
tr_0811,tr_0811,1,artifact_free,False,True,,TN3K,0,0,artifact_free,artifact_free,no,no,0.0,artifact_free,False,True,False
tr_2235,tr_2235,1,artifact_free,False,True,,TN3K,0,0,artifact_free,artifact_free,no,no,0.0,artifact_free,False,True,False
tr_1175,tr_1175,0,trapA,True,False,0.8721934369602763,TN3K,1,1,trapA,trapA,yes,yes,1.0,trapA,False,True,False
tr_1627,tr_1627,0,trapA,True,False,0.964735516372796,TN3K,0,0,artifact_free,artifact_free,yes,no,1.0,trapB,True,False,False
tr_1071,tr_1071,0,trapA,True,False,1.0,TN3K,0,0,artifact_free,artifact_free,yes,no,1.0,trapB,True,False,False
tr_1676,tr_1676,0,artifact_free,False,True,,TN3K,0,0,artifact_free,artifact_free,no,no,0.0,artifact_free,False,True,False
tr_2025,tr_2025,1,artifact_free,False,True,,TN3K,0,0,artifact_free,artifact_free,no,no,0.0,artifact_free,False,True,False
tr_1929,tr_1929,0,trapA,True,False,0.8986301369863013,TN3K,0,0,artifact_free,artifact_free,yes,no,1.0,trapB,True,False,False
tr_0674,tr_0674,0,artifact_free,False,True,,TN3K,0,0,artifact_free,artifact_free,yes,no,1.0,trapB,True,False,False
tr_2566,tr_2566,0,artifact_free,False,True,,TN3K,0,0,artifact_free,artifact_free,yes,no,1.0,trapB,True,False,False
tr_2268,tr_2268,1,artifact_free,False,True,,TN3K,0,0,artifact_free,artifact_free,no,no,0.0,artifact_free,False,True,False
tr_1451,tr_1451,1,artifact_free,False,True,,TN3K,0,0,artifact_free,artifact_free,no,no,0.0,artifact_free,False,True,False
tr_1471,tr_1471,1,artifact_free,False,True,,TN3K,0,0,artifact_free,artifact_free,no,no,0.0,artifact_free,False,True,False
tr_0773,tr_0773,1,artifact_free,False,True,,TN3K,0,0,artifact_free,artifact_free,no,no,0.0,artifact_free,False,True,False
tr_0177,tr_0177,0,trapA,True,False,0.9822335025380712,TN3K,1,1,trapA,trapA,yes,yes,1.0,trapA,False,True,False
tr_0002,tr_0002,0,artifact_free,False,True,,TN3K,0,0,artifact_free,artifact_free,no,no,0.0,artifact_free,False,True,False
tr_0768,tr_0768,1,artifact_free,False,True,,TN3K,0,0,artifact_free,artifact_free,no,no,0.0,artifact_free,False,True,False
tr_2064,tr_2064,1,artifact_free,False,True,,TN3K,0,0,artifact_free,artifact_free,no,no,0.0,artifact_free,False,True,False
tr_1807,tr_1807,0,artifact_free,False,True,,TN3K,0,0,artifact_free,artifact_free,no,no,0.0,artifact_free,False,True,False
tr_0738,tr_0738,1,trapA,True,False,1.0,TN3K,0,0,artifact_free,artifact_free,yes,no,1.0,trapB,True,False,False
tr_2469,tr_2469,0,artifact_free,False,True,,TN3K,1,0,trapB,trapB,yes,no,1.0,trapB,True,False,False
tr_0107,tr_0107,0,artifact_free,False,True,,TN3K,0,0,artifact_free,artifact_free,no,no,0.0,artifact_free,False,True,False
tr_2219,tr_2219,1,artifact_free,False,True,,TN3K,0,0,artifact_free,artifact_free,no,no,0.0,artifact_free,False,True,False
tr_1452,tr_1452,1,artifact_free,False,True,,TN3K,0,0,artifact_free,artifact_free,no,no,0.0,artifact_free,False,True,False
tr_1178,tr_1178,0,trapA,True,False,0.6787003610108303,TN3K,1,1,trapA,trapA,yes,yes,1.0,trapA,False,True,False
tr_1378,tr_1378,0,trapA,True,False,0.5333333333333333,TN3K,0,0,artifact_free,artifact_free,yes,no,1.0,trapB,True,False,False
tr_0622,tr_0622,0,artifact_free,False,True,,TN3K,0,0,artifact_free,artifact_free,yes,yes,1.0,trapA,True,False,False
tr_2426,tr_2426,0,trapB,True,False,0.0,TN3K,0,0,artifact_free,artifact_free,yes,no,1.0,trapB,True,False,False
tr_1114,tr_1114,0,trapA,True,False,0.9212253829321664,TN3K,0,0,artifact_free,artifact_free,yes,no,1.0,trapB,True,False,False
tr_2316,tr_2316,0,artifact_free,False,True,,TN3K,0,0,artifact_free,artifact_free,no,no,0.0,artifact_free,False,True,False
tr_1571,tr_1571,1,mid,True,False,0.3154805575935436,TN3K,0,0,artifact_free,artifact_free,yes,no,1.0,trapB,True,False,False
tr_2625,tr_2625,0,trapA,True,False,0.6524163568773235,TN3K,0,0,artifact_free,artifact_free,yes,no,1.0,trapB,True,False,False
tr_1747,tr_1747,0,trapA,True,False,0.9308724832214764,TN3K,1,1,trapA,trapA,yes,yes,1.0,trapA,False,True,False
tr_0742,tr_0742,1,artifact_free,False,True,,TN3K,0,0,artifact_free,artifact_free,no,no,0.0,artifact_free,False,True,False
tr_0399,tr_0399,0,mid,True,False,0.1038961038961039,TN3K,1,0,trapB,trapB,yes,yes,1.0,trapA,False,True,False
tr_2296,tr_2296,0,trapA,True,False,0.5156889495225102,TN3K,0,0,artifact_free,artifact_free,yes,no,1.0,trapB,True,False,False
tr_1233,tr_1233,0,artifact_free,False,True,,TN3K,0,0,artifact_free,artifact_free,yes,no,1.0,trapB,True,False,False
tr_1600,tr_1600,1,artifact_free,False,True,,TN3K,0,0,artifact_free,artifact_free,no,no,0.0,artifact_free,False,True,False
tr_2315,tr_2315,0,artifact_free,False,True,,TN3K,0,0,artifact_free,artifact_free,no,no,0.0,artifact_free,False,True,False
tr_1337,tr_1337,0,artifact_free,False,True,,TN3K,0,0,artifact_free,artifact_free,no,no,0.0,artifact_free,False,True,False
tr_1795,tr_1795,0,trapA,True,False,0.5238095238095238,TN3K,0,0,artifact_free,artifact_free,yes,no,1.0,trapB,True,False,False
tr_1613,tr_1613,1,artifact_free,False,True,,TN3K,0,0,artifact_free,artifact_free,no,no,0.0,artifact_free,False,True,False
tr_0440,tr_0440,0,artifact_free,False,True,,TN3K,0,0,artifact_free,artifact_free,no,no,0.0,artifact_free,False,True,False
tr_0082,tr_0082,0,trapA,True,False,0.9756944444444444,TN3K,1,1,trapA,trapA,yes,yes,1.0,trapA,False,True,False
tr_1690,tr_1690,0,trapA,True,False,0.9396681749622926,TN3K,1,1,trapA,trapA,yes,yes,1.0,trapA,False,True,False
tr_1225,tr_1225,0,artifact_free,False,True,,TN3K,0,0,artifact_free,artifact_free,no,no,0.0,artifact_free,False,True,False
tr_1500,tr_1500,1,artifact_free,False,True,,TN3K,0,0,artifact_free,artifact_free,yes,no,1.0,trapB,True,False,False
tr_2001,tr_2001,1,artifact_free,False,True,,TN3K,0,0,artifact_free,artifact_free,yes,no,1.0,trapB,True,False,False
tr_1503,tr_1503,1,artifact_free,False,True,,TN3K,0,0,artifact_free,artifact_free,no,no,0.0,artifact_free,False,True,False
tr_1698,tr_1698,0,artifact_free,False,True,,TN3K,0,0,artifact_free,artifact_free,no,no,0.0,artifact_free,False,True,False
tr_0619,tr_0619,0,trapA,True,False,0.9750356633380884,TN3K,1,1,trapA,trapA,yes,yes,1.0,trapA,False,True,False
tr_1979,tr_1979,0,artifact_free,False,True,,TN3K,0,0,artifact_free,artifact_free,no,no,0.0,artifact_free,False,True,False
tr_0708,tr_0708,1,trapA,True,False,0.8656716417910447,TN3K,0,0,artifact_free,artifact_free,yes,no,1.0,trapB,True,False,False
tr_1682,tr_1682,0,trapA,True,False,1.0,TN3K,0,0,artifact_free,artifact_free,yes,no,1.0,trapB,True,False,False
tr_0691,tr_0691,0,trapA,True,False,0.8,TN3K,0,0,artifact_free,artifact_free,no,no,0.0,artifact_free,True,False,False
tr_1462,tr_1462,1,artifact_free,False,True,,TN3K,0,0,artifact_free,artifact_free,no,no,0.0,artifact_free,False,True,False
tr_0685,tr_0685,0,mid,True,False,0.1093877551020408,TN3K,1,0,trapB,trapB,yes,no,1.0,trapB,False,True,False
tr_2654,tr_2654,0,artifact_free,False,True,,TN3K,0,0,artifact_free,artifact_free,yes,no,1.0,trapB,True,False,False
tr_1154,tr_1154,0,artifact_free,False,True,,TN3K,0,0,artifact_free,artifact_free,yes,no,1.0,trapB,True,False,False
tr_0117,tr_0117,0,artifact_free,False,True,,TN3K,0,0,artifact_free,artifact_free,no,no,0.0,artifact_free,False,True,False
tr_1728,tr_1728,0,artifact_free,False,True,,TN3K,0,0,artifact_free,artifact_free,no,no,0.0,artifact_free,False,True,False
tr_1623,tr_1623,0,artifact_free,False,True,,TN3K,0,0,artifact_free,artifact_free,yes,no,1.0,trapB,True,False,False
tr_1127,tr_1127,0,artifact_free,False,True,,TN3K,0,0,artifact_free,artifact_free,no,no,0.0,artifact_free,False,True,False
tr_0759,tr_0759,1,trapB,True,False,0.0,TN3K,0,0,artifact_free,artifact_free,yes,no,1.0,trapB,True,False,False
tr_2152,tr_2152,1,artifact_free,False,True,,TN3K,0,0,artifact_free,artifact_free,no,no,0.0,artifact_free,False,True,False
tr_1214,tr_1214,0,trapA,True,False,0.8034934497816594,TN3K,0,0,artifact_free,artifact_free,yes,no,1.0,trapB,True,False,False
tr_1586,tr_1586,1,mid,True,False,0.4592760180995475,TN3K,0,0,artifact_free,artifact_free,yes,no,1.0,trapB,True,False,False
tr_2398,tr_2398,0,artifact_free,False,True,,TN3K,0,0,artifact_free,artifact_free,no,no,0.0,artifact_free,False,True,False
tr_0611,tr_0611,0,trapA,True,False,0.5925925925925926,TN3K,0,0,artifact_free,artifact_free,yes,yes,1.0,trapA,True,False,False
tr_0911,tr_0911,1,artifact_free,False,True,,TN3K,0,0,artifact_free,artifact_free,no,no,0.0,artifact_free,False,True,False
tr_1533,tr_1533,1,artifact_free,False,True,,TN3K,0,0,artifact_free,artifact_free,no,no,0.0,artifact_free,False,True,False
tr_1469,tr_1469,1,artifact_free,False,True,,TN3K,0,0,artifact_free,artifact_free,no,no,0.0,artifact_free,False,True,False
tr_0031,tr_0031,0,artifact_free,False,True,,TN3K,0,0,artifact_free,artifact_free,no,no,0.0,artifact_free,False,True,False
tr_0823,tr_0823,1,artifact_free,False,True,,TN3K,0,0,artifact_free,artifact_free,no,no,0.0,artifact_free,False,True,False
tr_1931,tr_1931,0,trapA,True,False,0.8283261802575107,TN3K,0,0,artifact_free,artifact_free,yes,no,1.0,trapB,True,False,False
tr_2557,tr_2557,0,artifact_free,False,True,,TN3K,0,0,artifact_free,artifact_free,no,no,0.0,artifact_free,False,True,False
tr_2807,tr_2807,1,artifact_free,False,True,,TN3K,1,0,trapB,trapB,yes,yes,1.0,trapA,True,False,False
tr_2659,tr_2659,0,trapA,True,False,0.6231884057971014,TN3K,0,0,artifact_free,artifact_free,yes,no,1.0,trapB,True,False,False
tr_0656,tr_0656,0,mid,True,False,0.1777777777777777,TN3K,0,0,artifact_free,artifact_free,yes,no,1.0,trapB,True,False,False
tr_1520,tr_1520,1,artifact_free,False,True,,TN3K,0,0,artifact_free,artifact_free,no,no,0.0,artifact_free,False,True,False
tr_0981,tr_0981,0,artifact_free,False,True,,TN3K,0,0,artifact_free,artifact_free,yes,no,1.0,trapB,True,False,False
tr_0332,tr_0332,0,trapA,True,False,0.7719298245614035,TN3K,0,0,artifact_free,artifact_free,yes,yes,1.0,trapA,True,False,False
tr_1160,tr_1160,0,trapA,True,False,0.9307228915662652,TN3K,0,0,artifact_free,artifact_free,yes,no,1.0,trapB,True,False,False
tr_2216,tr_2216,1,artifact_free,False,True,,TN3K,0,0,artifact_free,artifact_free,no,no,0.0,artifact_free,False,True,False
tr_2650,tr_2650,0,trapB,True,False,0.0,TN3K,0,0,artifact_free,artifact_free,yes,yes,1.0,trapA,True,False,False
tr_1332,tr_1332,0,trapA,True,False,0.6318785578747628,TN3K,1,1,trapA,trapA,yes,yes,1.0,trapA,False,True,False
tr_2762,tr_2762,1,artifact_free,False,True,,TN3K,0,0,artifact_free,artifact_free,no,no,0.0,artifact_free,False,True,False
tr_2713,tr_2713,1,artifact_free,False,True,,TN3K,0,0,artifact_free,artifact_free,no,no,0.0,artifact_free,False,True,False
tr_2000,tr_2000,1,artifact_free,False,True,,TN3K,0,0,artifact_free,artifact_free,no,no,0.0,artifact_free,False,True,False
tr_1827,tr_1827,0,artifact_free,False,True,,TN3K,0,0,artifact_free,artifact_free,no,no,0.0,artifact_free,False,True,False
tr_1253,tr_1253,0,trapA,True,False,0.6903225806451613,TN3K,1,1,trapA,trapA,yes,yes,1.0,trapA,False,True,False
tr_2747,tr_2747,1,artifact_free,False,True,,TN3K,0,0,artifact_free,artifact_free,no,no,0.0,artifact_free,False,True,False
tr_1486,tr_1486,1,artifact_free,False,True,,TN3K,0,0,artifact_free,artifact_free,no,no,0.0,artifact_free,False,True,False
tr_2810,tr_2810,1,artifact_free,False,True,,TN3K,0,0,artifact_free,artifact_free,no,no,0.0,artifact_free,False,True,False
tr_0460,tr_0460,0,artifact_free,False,True,,TN3K,0,0,artifact_free,artifact_free,no,no,0.0,artifact_free,False,True,False
tr_1739,tr_1739,0,trapA,True,False,0.7462121212121212,TN3K,1,1,trapA,trapA,yes,yes,1.0,trapA,False,True,False
tr_0876,tr_0876,1,trapB,True,False,0.0,TN3K,1,0,trapB,trapB,yes,no,1.0,trapB,False,True,False
tr_1649,tr_1649,0,artifact_free,False,True,,TN3K,0,0,artifact_free,artifact_free,no,no,0.0,artifact_free,False,True,False
tr_0655,tr_0655,0,trapB,True,False,0.0,TN3K,0,0,artifact_free,artifact_free,no,no,0.0,artifact_free,True,False,False
tr_1537,tr_1537,1,trapA,True,False,0.72,TN3K,1,1,trapA,trapA,yes,yes,1.0,trapA,False,True,False
tr_1211,tr_1211,0,artifact_free,False,True,,TN3K,0,0,artifact_free,artifact_free,no,no,0.0,artifact_free,False,True,False
tr_0948,tr_0948,0,artifact_free,False,True,,TN3K,0,0,artifact_free,artifact_free,no,no,0.0,artifact_free,False,True,False
tr_0553,tr_0553,0,trapA,True,False,0.6494845360824743,TN3K,0,0,artifact_free,artifact_free,yes,no,1.0,trapB,True,False,False
tr_2487,tr_2487,0,artifact_free,False,True,,TN3K,0,0,artifact_free,artifact_free,no,no,0.0,artifact_free,False,True,False
tr_2571,tr_2571,0,trapA,True,False,0.9785478547854786,TN3K,0,0,artifact_free,artifact_free,yes,yes,1.0,trapA,True,False,False
tr_2355,tr_2355,0,artifact_free,False,True,,TN3K,0,0,artifact_free,artifact_free,no,no,0.0,artifact_free,False,True,False
tr_1102,tr_1102,0,trapB,True,False,0.0,TN3K,0,0,artifact_free,artifact_free,yes,no,1.0,trapB,True,False,False
tr_0834,tr_0834,1,artifact_free,False,True,,TN3K,0,0,artifact_free,artifact_free,yes,no,1.0,trapB,True,False,False
tr_1100,tr_1100,0,artifact_free,False,True,,TN3K,0,0,artifact_free,artifact_free,no,no,0.0,artifact_free,False,True,False
tr_2453,tr_2453,0,artifact_free,False,True,,TN3K,0,0,artifact_free,artifact_free,no,no,0.0,artifact_free,False,True,False
tr_1546,tr_1546,1,artifact_free,False,True,,TN3K,0,0,artifact_free,artifact_free,no,no,0.0,artifact_free,False,True,False
tr_2055,tr_2055,1,artifact_free,False,True,,TN3K,0,0,artifact_free,artifact_free,no,no,0.0,artifact_free,False,True,False
tr_1073,tr_1073,0,mid,True,False,0.2543859649122807,TN3K,0,0,artifact_free,artifact_free,yes,no,1.0,trapB,True,False,False
tr_1069,tr_1069,0,trapA,True,False,0.917487684729064,TN3K,0,0,artifact_free,artifact_free,yes,no,1.0,trapB,True,False,False
tr_2269,tr_2269,1,artifact_free,False,True,,TN3K,0,0,artifact_free,artifact_free,no,no,0.0,artifact_free,False,True,False
tr_0990,tr_0990,0,trapA,True,False,0.9090909090909092,TN3K,0,0,artifact_free,artifact_free,yes,no,1.0,trapB,True,False,False
tr_1352,tr_1352,0,trapA,True,False,0.5746753246753247,TN3K,0,0,artifact_free,artifact_free,yes,yes,1.0,trapA,True,False,False
tr_0114,tr_0114,0,artifact_free,False,True,,TN3K,0,0,artifact_free,artifact_free,no,no,0.0,artifact_free,False,True,False
tr_0667,tr_0667,0,artifact_free,False,True,,TN3K,0,0,artifact_free,artifact_free,no,no,0.0,artifact_free,False,True,False
tr_0397,tr_0397,0,artifact_free,False,True,,TN3K,0,0,artifact_free,artifact_free,no,no,0.0,artifact_free,False,True,False
tr_2131,tr_2131,1,mid,True,False,0.4214285714285714,TN3K,1,1,trapA,trapA,yes,no,1.0,trapB,False,True,False
tr_2159,tr_2159,1,artifact_free,False,True,,TN3K,0,0,artifact_free,artifact_free,no,no,0.0,artifact_free,False,True,False
tr_2097,tr_2097,1,artifact_free,False,True,,TN3K,0,0,artifact_free,artifact_free,no,no,0.0,artifact_free,False,True,False
tr_0825,tr_0825,1,trapA,True,False,0.988909426987061,TN3K,1,1,trapA,trapA,yes,yes,1.0,trapA,False,True,False
tr_1371,tr_1371,0,mid,True,False,0.2836879432624113,TN3K,0,0,artifact_free,artifact_free,yes,no,1.0,trapB,True,False,False
tr_0319,tr_0319,0,trapA,True,False,0.8781094527363185,TN3K,0,0,artifact_free,artifact_free,yes,yes,1.0,trapA,True,False,False
tr_1918,tr_1918,0,artifact_free,False,True,,TN3K,0,0,artifact_free,artifact_free,no,no,0.0,artifact_free,False,True,False
tr_2662,tr_2662,0,artifact_free,False,True,,TN3K,0,0,artifact_free,artifact_free,no,no,0.0,artifact_free,False,True,False
tr_1873,tr_1873,0,trapA,True,False,0.6047835990888383,TN3K,0,0,artifact_free,artifact_free,yes,yes,1.0,trapA,True,False,False
tr_2651,tr_2651,0,trapB,True,False,0.0,TN3K,1,0,trapB,trapB,yes,yes,1.0,trapA,True,False,False
tr_1934,tr_1934,0,trapA,True,False,0.7585616438356164,TN3K,0,0,artifact_free,artifact_free,yes,no,1.0,trapB,True,False,False
tr_0402,tr_0402,0,trapB,True,False,0.0,TN3K,0,0,artifact_free,artifact_free,no,no,0.0,artifact_free,True,False,False
tr_1107,tr_1107,0,trapB,True,False,0.0362573099415204,TN3K,0,0,artifact_free,artifact_free,yes,no,1.0,trapB,True,False,False
tr_1353,tr_1353,0,artifact_free,False,True,,TN3K,0,0,artifact_free,artifact_free,yes,no,1.0,trapB,True,False,False
tr_2208,tr_2208,1,trapA,True,False,0.9546247818499128,TN3K,1,1,trapA,trapA,yes,no,1.0,trapB,True,False,False
tr_0167,tr_0167,0,trapA,True,False,1.0,TN3K,0,0,artifact_free,artifact_free,yes,no,1.0,trapB,True,False,False
tr_0144,tr_0144,0,trapA,True,False,0.7018181818181818,TN3K,0,0,artifact_free,artifact_free,yes,no,1.0,trapB,True,False,False
tr_2510,tr_2510,0,trapB,True,False,0.0,TN3K,1,0,trapB,trapB,yes,no,1.0,trapB,False,True,False
tr_0463,tr_0463,0,artifact_free,False,True,,TN3K,0,0,artifact_free,artifact_free,no,no,0.0,artifact_free,False,True,False
tr_2819,tr_2819,1,trapA,True,False,0.776303317535545,TN3K,1,1,trapA,trapA,yes,yes,1.0,trapA,False,True,False
tr_1932,tr_1932,0,trapA,True,False,0.811046511627907,TN3K,0,0,artifact_free,artifact_free,yes,no,1.0,trapB,True,False,False
tr_0413,tr_0413,0,trapB,True,False,0.0,TN3K,0,0,artifact_free,artifact_free,no,no,0.0,artifact_free,True,False,False
tr_2204,tr_2204,1,artifact_free,False,True,,TN3K,0,0,artifact_free,artifact_free,no,no,0.0,artifact_free,False,True,False
tr_1336,tr_1336,0,trapA,True,False,0.6488946684005201,TN3K,1,1,trapA,trapA,yes,yes,1.0,trapA,False,True,False
tr_0315,tr_0315,0,artifact_free,False,True,,TN3K,0,0,artifact_free,artifact_free,no,no,0.0,artifact_free,False,True,False
tr_0013,tr_0013,0,artifact_free,False,True,,TN3K,0,0,artifact_free,artifact_free,no,no,0.0,artifact_free,False,True,False
tr_1843,tr_1843,0,trapB,True,False,0.0821917808219178,TN3K,0,0,artifact_free,artifact_free,yes,no,1.0,trapB,True,False,False
tr_2411,tr_2411,0,trapA,True,False,0.9463886820551004,TN3K,0,0,artifact_free,artifact_free,yes,yes,1.0,trapA,True,False,False
tr_0852,tr_0852,1,trapA,True,False,0.9283121597096188,TN3K,1,1,trapA,trapA,yes,yes,1.0,trapA,False,True,False
tr_1446,tr_1446,1,artifact_free,False,True,,TN3K,0,0,artifact_free,artifact_free,no,no,0.0,artifact_free,False,True,False
tr_1321,tr_1321,0,trapA,True,False,0.7232227488151659,TN3K,1,1,trapA,trapA,yes,yes,1.0,trapA,False,True,False
tr_1348,tr_1348,0,trapA,True,False,0.8768115942028986,TN3K,1,1,trapA,trapA,yes,yes,1.0,trapA,False,True,False
tr_1677,tr_1677,0,mid,True,False,0.2402826855123674,TN3K,1,0,trapB,trapB,yes,yes,1.0,trapA,False,True,False
tr_1345,tr_1345,0,artifact_free,False,True,,TN3K,0,0,artifact_free,artifact_free,no,no,0.0,artifact_free,False,True,False
tr_1588,tr_1588,1,trapB,True,False,0.0606060606060606,TN3K,1,0,trapB,trapB,yes,yes,1.0,trapA,True,False,False
tr_2634,tr_2634,0,artifact_free,False,True,,TN3K,0,0,artifact_free,artifact_free,yes,yes,1.0,trapA,True,False,False
tr_0570,tr_0570,0,artifact_free,False,True,,TN3K,0,0,artifact_free,artifact_free,no,no,0.0,artifact_free,False,True,False
tr_0901,tr_0901,1,artifact_free,False,True,,TN3K,0,0,artifact_free,artifact_free,no,no,0.0,artifact_free,False,True,False
tr_1618,tr_1618,1,trapB,True,False,0.0,TN3K,0,0,artifact_free,artifact_free,yes,no,1.0,trapB,True,False,False
tr_1694,tr_1694,0,trapB,True,False,0.0,TN3K,0,0,artifact_free,artifact_free,yes,no,1.0,trapB,True,False,False
tr_0274,tr_0274,0,artifact_free,False,True,,TN3K,1,0,trapB,trapB,no,no,0.0,artifact_free,True,False,False
tr_0464,tr_0464,0,trapA,True,False,1.0,TN3K,1,1,trapA,trapA,yes,yes,1.0,trapA,False,True,False
tr_2801,tr_2801,1,trapA,True,False,0.9689655172413794,TN3K,1,1,trapA,trapA,yes,yes,1.0,trapA,False,True,False
tr_0480,tr_0480,0,artifact_free,False,True,,TN3K,0,0,artifact_free,artifact_free,no,no,0.0,artifact_free,False,True,False
tr_0586,tr_0586,0,trapB,True,False,0.0,TN3K,0,0,artifact_free,artifact_free,yes,no,1.0,trapB,True,False,False
tr_1820,tr_1820,0,artifact_free,False,True,,TN3K,0,0,artifact_free,artifact_free,no,no,0.0,artifact_free,False,True,False
tr_0942,tr_0942,1,artifact_free,False,True,,TN3K,0,0,artifact_free,artifact_free,no,no,0.0,artifact_free,False,True,False
tr_0453,tr_0453,0,trapA,True,False,0.9221789883268484,TN3K,0,0,artifact_free,artifact_free,yes,no,1.0,trapB,True,False,False
tr_0542,tr_0542,0,artifact_free,False,True,,TN3K,0,0,artifact_free,artifact_free,yes,no,1.0,trapB,True,False,False
tr_2657,tr_2657,0,trapB,True,False,0.0,TN3K,0,0,artifact_free,artifact_free,yes,no,1.0,trapB,True,False,False
tr_1434,tr_1434,1,artifact_free,False,True,,TN3K,0,0,artifact_free,artifact_free,no,no,0.0,artifact_free,False,True,False
tr_2718,tr_2718,1,artifact_free,False,True,,TN3K,0,0,artifact_free,artifact_free,no,no,0.0,artifact_free,False,True,False
tr_1754,tr_1754,0,trapA,True,False,0.582089552238806,TN3K,0,0,artifact_free,artifact_free,yes,no,1.0,trapB,True,False,False
tr_0896,tr_0896,1,artifact_free,False,True,,TN3K,0,0,artifact_free,artifact_free,no,no,0.0,artifact_free,False,True,False
tr_1740,tr_1740,0,trapA,True,False,0.9756711409395972,TN3K,1,1,trapA,trapA,yes,no,1.0,trapB,True,False,False
tr_2868,tr_2868,1,artifact_free,False,True,,TN3K,0,0,artifact_free,artifact_free,yes,no,1.0,trapB,True,False,False
tr_2696,tr_2696,1,mid,True,False,0.2827586206896552,TN3K,1,1,trapA,trapA,yes,yes,1.0,trapA,False,True,False
tr_2409,tr_2409,0,trapA,True,False,0.8477508650519031,TN3K,1,0,trapB,trapB,yes,yes,1.0,trapA,True,False,False
tr_2188,tr_2188,1,artifact_free,False,True,,TN3K,0,0,artifact_free,artifact_free,no,no,0.0,artifact_free,False,True,False
tr_0495,tr_0495,0,artifact_free,False,True,,TN3K,0,0,artifact_free,artifact_free,no,no,0.0,artifact_free,False,True,False
tr_2814,tr_2814,1,artifact_free,False,True,,TN3K,0,0,artifact_free,artifact_free,no,no,0.0,artifact_free,False,True,False
tr_0999,tr_0999,0,mid,True,False,0.1780821917808219,TN3K,1,0,trapB,trapB,yes,yes,1.0,trapA,False,True,False
tr_1810,tr_1810,0,trapB,True,False,0.0,TN3K,0,0,artifact_free,artifact_free,yes,yes,1.0,trapA,True,False,False
tr_1311,tr_1311,0,trapB,True,False,0.0,TN3K,1,0,trapB,trapB,yes,yes,1.0,trapA,True,False,False
tr_2643,tr_2643,0,artifact_free,False,True,,TN3K,0,0,artifact_free,artifact_free,no,no,0.0,artifact_free,False,True,False
tr_2732,tr_2732,1,artifact_free,False,True,,TN3K,0,0,artifact_free,artifact_free,no,no,0.0,artifact_free,False,True,False
tr_1307,tr_1307,0,trapB,True,False,0.0928571428571428,TN3K,1,0,trapB,trapB,yes,no,1.0,trapB,False,True,False
tr_0432,tr_0432,0,artifact_free,False,True,,TN3K,0,0,artifact_free,artifact_free,no,no,0.0,artifact_free,False,True,False
tr_2583,tr_2583,0,artifact_free,False,True,,TN3K,0,0,artifact_free,artifact_free,no,no,0.0,artifact_free,False,True,False
tr_0558,tr_0558,0,trapA,True,False,0.6075808249721293,TN3K,1,0,trapB,trapB,yes,yes,1.0,trapA,True,False,False
tr_1320,tr_1320,0,trapB,True,False,0.074074074074074,TN3K,0,0,artifact_free,artifact_free,yes,yes,1.0,trapA,True,False,False
tr_2384,tr_2384,0,trapA,True,False,1.0,TN3K,1,1,trapA,trapA,yes,yes,1.0,trapA,False,True,False
tr_0403,tr_0403,0,trapB,True,False,0.0,TN3K,0,0,artifact_free,artifact_free,yes,no,1.0,trapB,True,False,False
tr_0604,tr_0604,0,trapA,True,False,0.5845410628019324,TN3K,0,0,artifact_free,artifact_free,yes,yes,1.0,trapA,True,False,False
tr_0735,tr_0735,1,trapA,True,False,1.0,TN3K,1,1,trapA,trapA,yes,yes,1.0,trapA,False,True,False
tr_2369,tr_2369,0,artifact_free,False,True,,TN3K,0,0,artifact_free,artifact_free,yes,no,1.0,trapB,True,False,False
tr_0180,tr_0180,0,trapA,True,False,0.7639703008987886,TN3K,1,0,trapB,trapB,yes,yes,1.0,trapA,True,False,False
tr_2134,tr_2134,1,mid,True,False,0.4668901927912824,TN3K,1,0,trapB,trapB,yes,yes,1.0,trapA,False,True,False
tr_1800,tr_1800,0,trapA,True,False,0.9180131657690006,TN3K,0,0,artifact_free,artifact_free,yes,no,1.0,trapB,True,False,False
tr_0105,tr_0105,0,artifact_free,False,True,,TN3K,0,0,artifact_free,artifact_free,no,no,0.0,artifact_free,False,True,False
tr_2715,tr_2715,1,artifact_free,False,True,,TN3K,0,0,artifact_free,artifact_free,no,no,0.0,artifact_free,False,True,False
tr_0902,tr_0902,1,artifact_free,False,True,,TN3K,0,0,artifact_free,artifact_free,no,no,0.0,artifact_free,False,True,False
tr_2272,tr_2272,1,artifact_free,False,True,,TN3K,0,0,artifact_free,artifact_free,no,no,0.0,artifact_free,False,True,False
tr_0273,tr_0273,0,artifact_free,False,True,,TN3K,0,0,artifact_free,artifact_free,no,no,0.0,artifact_free,False,True,False
tr_0851,tr_0851,1,trapA,True,False,1.0,TN3K,0,0,artifact_free,artifact_free,yes,no,1.0,trapB,True,False,False
tr_0084,tr_0084,0,trapA,True,False,0.8075601374570447,TN3K,1,1,trapA,trapA,yes,yes,1.0,trapA,False,True,False
tr_2757,tr_2757,1,artifact_free,False,True,,TN3K,0,0,artifact_free,artifact_free,no,no,0.0,artifact_free,False,True,False
tr_2059,tr_2059,1,artifact_free,False,True,,TN3K,1,1,trapA,trapA,yes,yes,1.0,trapA,True,False,False
tr_2330,tr_2330,0,artifact_free,False,True,,TN3K,0,0,artifact_free,artifact_free,no,no,0.0,artifact_free,False,True,False
tr_0752,tr_0752,1,artifact_free,False,True,,TN3K,0,0,artifact_free,artifact_free,no,no,0.0,artifact_free,False,True,False
tr_2419,tr_2419,0,trapA,True,False,0.9547738693467336,TN3K,1,1,trapA,trapA,yes,yes,1.0,trapA,False,True,False
tr_2416,tr_2416,0,trapA,True,False,0.7543859649122807,TN3K,1,1,trapA,trapA,yes,yes,1.0,trapA,False,True,False
tr_1554,tr_1554,1,artifact_free,False,True,,TN3K,0,0,artifact_free,artifact_free,no,no,0.0,artifact_free,False,True,False
tr_0669,tr_0669,0,trapA,True,False,0.6224489795918368,TN3K,1,1,trapA,trapA,yes,yes,1.0,trapA,False,True,False
tr_0490,tr_0490,0,artifact_free,False,True,,TN3K,0,0,artifact_free,artifact_free,yes,no,1.0,trapB,True,False,False
tr_2677,tr_2677,1,artifact_free,False,True,,TN3K,0,0,artifact_free,artifact_free,no,no,0.0,artifact_free,False,True,False
tr_1610,tr_1610,1,artifact_free,False,True,,TN3K,0,0,artifact_free,artifact_free,no,no,0.0,artifact_free,False,True,False
tr_0987,tr_0987,0,trapB,True,False,0.062730627306273,TN3K,1,0,trapB,trapB,yes,yes,1.0,trapA,True,False,False
tr_0400,tr_0400,0,trapA,True,False,0.8195488721804511,TN3K,1,1,trapA,trapA,yes,yes,1.0,trapA,False,True,False
tr_0592,tr_0592,0,mid,True,False,0.4010574018126888,TN3K,0,0,artifact_free,artifact_free,yes,no,1.0,trapB,True,False,False
tr_2454,tr_2454,0,artifact_free,False,True,,TN3K,0,0,artifact_free,artifact_free,no,no,0.0,artifact_free,False,True,False
tr_1475,tr_1475,1,artifact_free,False,True,,TN3K,0,0,artifact_free,artifact_free,no,no,0.0,artifact_free,False,True,False
tr_0880,tr_0880,1,trapB,True,False,0.0197044334975369,TN3K,1,0,trapB,trapB,yes,no,1.0,trapB,False,True,False
tr_0409,tr_0409,0,artifact_free,False,True,,TN3K,0,0,artifact_free,artifact_free,no,no,0.0,artifact_free,False,True,False
tr_1641,tr_1641,0,trapB,True,False,0.0,TN3K,1,0,trapB,trapB,yes,no,1.0,trapB,False,True,False
tr_2407,tr_2407,0,artifact_free,False,True,,TN3K,0,0,artifact_free,artifact_free,no,no,0.0,artifact_free,False,True,False
tr_2249,tr_2249,1,trapA,True,False,0.7339181286549707,TN3K,1,0,trapB,trapB,yes,yes,1.0,trapA,True,False,False
tr_0377,tr_0377,0,artifact_free,False,True,,TN3K,0,0,artifact_free,artifact_free,no,no,0.0,artifact_free,False,True,False
tr_2397,tr_2397,0,trapA,True,False,0.5358490566037736,TN3K,1,0,trapB,trapB,yes,yes,1.0,trapA,True,False,False
tr_0618,tr_0618,0,artifact_free,False,True,,TN3K,0,0,artifact_free,artifact_free,no,no,0.0,artifact_free,False,True,False
tr_1536,tr_1536,1,artifact_free,False,True,,TN3K,0,0,artifact_free,artifact_free,yes,no,1.0,trapB,True,False,False
tr_2197,tr_2197,1,artifact_free,False,True,,TN3K,0,0,artifact_free,artifact_free,no,no,0.0,artifact_free,False,True,False
tr_2273,tr_2273,1,artifact_free,False,True,,TN3K,0,0,artifact_free,artifact_free,no,no,0.0,artifact_free,False,True,False
tr_0073,tr_0073,0,trapA,True,False,0.9814814814814816,TN3K,1,1,trapA,trapA,yes,no,1.0,trapB,True,False,False
tr_0347,tr_0347,0,artifact_free,False,True,,TN3K,0,0,artifact_free,artifact_free,no,no,0.0,artifact_free,False,True,False
tr_0328,tr_0328,0,artifact_free,False,True,,TN3K,0,0,artifact_free,artifact_free,no,no,0.0,artifact_free,False,True,False
tr_2294,tr_2294,0,trapA,True,False,0.5946745562130178,TN3K,1,1,trapA,trapA,yes,yes,1.0,trapA,False,True,False
tr_2497,tr_2497,0,trapA,True,False,0.6237288135593221,TN3K,1,1,trapA,trapA,yes,yes,1.0,trapA,False,True,False
tr_1042,tr_1042,0,artifact_free,False,True,,TN3K,0,0,artifact_free,artifact_free,yes,no,1.0,trapB,True,False,False
tr_0482,tr_0482,0,mid,True,False,0.1642512077294686,TN3K,1,0,trapB,trapB,yes,yes,1.0,trapA,False,True,False
tr_0938,tr_0938,1,trapA,True,False,1.0,TN3K,0,0,artifact_free,artifact_free,yes,no,1.0,trapB,True,False,False
tr_1862,tr_1862,0,trapA,True,False,0.658273381294964,TN3K,1,1,trapA,trapA,yes,yes,1.0,trapA,False,True,False
tr_2329,tr_2329,0,artifact_free,False,True,,TN3K,0,0,artifact_free,artifact_free,no,no,0.0,artifact_free,False,True,False
tr_0372,tr_0372,0,artifact_free,False,True,,TN3K,0,0,artifact_free,artifact_free,yes,no,1.0,trapB,True,False,False
tr_2221,tr_2221,1,artifact_free,False,True,,TN3K,0,0,artifact_free,artifact_free,no,no,0.0,artifact_free,False,True,False
tr_2252,tr_2252,1,artifact_free,False,True,,TN3K,0,0,artifact_free,artifact_free,no,no,0.0,artifact_free,False,True,False
tr_2595,tr_2595,0,artifact_free,False,True,,TN3K,0,0,artifact_free,artifact_free,no,no,0.0,artifact_free,False,True,False
tr_1853,tr_1853,0,artifact_free,False,True,,TN3K,0,0,artifact_free,artifact_free,yes,no,1.0,trapB,True,False,False
tr_2870,tr_2870,1,trapB,True,False,0.0,TN3K,0,0,artifact_free,artifact_free,no,no,0.0,artifact_free,True,False,False
tr_0264,tr_0264,0,artifact_free,False,True,,TN3K,0,0,artifact_free,artifact_free,no,no,0.0,artifact_free,False,True,False
tr_0755,tr_0755,1,artifact_free,False,True,,TN3K,0,0,artifact_free,artifact_free,no,no,0.0,artifact_free,False,True,False
tr_1492,tr_1492,1,artifact_free,False,True,,TN3K,0,0,artifact_free,artifact_free,no,no,0.0,artifact_free,False,True,False
tr_1703,tr_1703,0,mid,True,False,0.1290322580645161,TN3K,0,0,artifact_free,artifact_free,yes,no,1.0,trapB,True,False,False
tr_0829,tr_0829,1,trapA,True,False,0.6072319201995012,TN3K,1,1,trapA,trapA,yes,yes,1.0,trapA,False,True,False
tr_0414,tr_0414,0,artifact_free,False,True,,TN3K,0,0,artifact_free,artifact_free,no,no,0.0,artifact_free,False,True,False
tr_1479,tr_1479,1,artifact_free,False,True,,TN3K,0,0,artifact_free,artifact_free,no,no,0.0,artifact_free,False,True,False
tr_0298,tr_0298,0,mid,True,False,0.1442307692307692,TN3K,1,1,trapA,trapA,yes,no,1.0,trapB,False,True,False
tr_0597,tr_0597,0,artifact_free,False,True,,TN3K,0,0,artifact_free,artifact_free,no,no,0.0,artifact_free,False,True,False
tr_0626,tr_0626,0,trapA,True,False,0.7433224755700326,TN3K,1,1,trapA,trapA,yes,yes,1.0,trapA,False,True,False
tr_2861,tr_2861,1,artifact_free,False,True,,TN3K,0,0,artifact_free,artifact_free,yes,no,1.0,trapB,True,False,False
tr_0552,tr_0552,0,artifact_free,False,True,,TN3K,0,0,artifact_free,artifact_free,yes,yes,1.0,trapA,True,False,False
tr_1231,tr_1231,0,trapB,True,False,0.0794105607859189,TN3K,0,0,artifact_free,artifact_free,yes,no,1.0,trapB,True,False,False
tr_0612,tr_0612,0,trapB,True,False,0.0,TN3K,0,0,artifact_free,artifact_free,yes,no,1.0,trapB,True,False,False
tr_1322,tr_1322,0,artifact_free,False,True,,TN3K,0,0,artifact_free,artifact_free,no,no,0.0,artifact_free,False,True,False
tr_1975,tr_1975,0,trapA,True,False,0.9897959183673468,TN3K,0,0,artifact_free,artifact_free,yes,no,1.0,trapB,True,False,False
tr_2539,tr_2539,0,artifact_free,False,True,,TN3K,1,0,trapB,trapB,yes,yes,1.0,trapA,True,False,False
tr_1043,tr_1043,0,trapA,True,False,1.0,TN3K,0,0,artifact_free,artifact_free,yes,no,1.0,trapB,True,False,False
tr_1261,tr_1261,0,trapA,True,False,0.9253081943437274,TN3K,1,1,trapA,trapA,yes,yes,1.0,trapA,False,True,False
tr_2289,tr_2289,0,trapB,True,False,0.0,TN3K,0,0,artifact_free,artifact_free,yes,no,1.0,trapB,True,False,False
tr_0910,tr_0910,1,trapB,True,False,0.0,TN3K,1,1,trapA,trapA,no,no,0.0,artifact_free,True,False,False
tr_0907,tr_0907,1,trapA,True,False,1.0,TN3K,0,0,artifact_free,artifact_free,yes,no,1.0,trapB,True,False,False
tr_0335,tr_0335,0,trapB,True,False,0.0,TN3K,1,0,trapB,trapB,yes,no,1.0,trapB,False,True,False
tr_2514,tr_2514,0,artifact_free,False,True,,TN3K,0,0,artifact_free,artifact_free,no,no,0.0,artifact_free,False,True,False
tr_0765,tr_0765,1,trapA,True,False,0.8,TN3K,0,0,artifact_free,artifact_free,yes,no,1.0,trapB,True,False,False
tr_0653,tr_0653,0,trapA,True,False,1.0,TN3K,0,0,artifact_free,artifact_free,yes,yes,1.0,trapA,True,False,False
tr_0736,tr_0736,1,mid,True,False,0.2273838630806846,TN3K,0,0,artifact_free,artifact_free,yes,no,1.0,trapB,True,False,False
tr_2808,tr_2808,1,artifact_free,False,True,,TN3K,0,0,artifact_free,artifact_free,no,no,0.0,artifact_free,False,True,False
tr_2624,tr_2624,0,artifact_free,False,True,,TN3K,0,0,artifact_free,artifact_free,no,no,0.0,artifact_free,False,True,False
tr_1924,tr_1924,0,trapA,True,False,0.91871921182266,TN3K,0,0,artifact_free,artifact_free,yes,no,1.0,trapB,True,False,False
tr_0556,tr_0556,0,artifact_free,False,True,,TN3K,0,0,artifact_free,artifact_free,no,no,0.0,artifact_free,False,True,False
tr_0844,tr_0844,1,trapB,True,False,0.0,TN3K,0,0,artifact_free,artifact_free,yes,no,1.0,trapB,True,False,False
tr_2620,tr_2620,0,artifact_free,False,True,,TN3K,0,0,artifact_free,artifact_free,no,no,0.0,artifact_free,False,True,False
tr_0191,tr_0191,0,trapA,True,False,1.0,TN3K,1,1,trapA,trapA,yes,yes,1.0,trapA,False,True,False
tr_1271,tr_1271,0,trapA,True,False,1.0,TN3K,1,1,trapA,trapA,yes,yes,1.0,trapA,False,True,False
tr_1004,tr_1004,0,trapA,True,False,0.6073298429319371,TN3K,1,1,trapA,trapA,yes,yes,1.0,trapA,False,True,False
tr_0855,tr_0855,1,artifact_free,False,True,,TN3K,0,0,artifact_free,artifact_free,no,no,0.0,artifact_free,False,True,False
tr_0654,tr_0654,0,mid,True,False,0.133630289532294,TN3K,0,0,artifact_free,artifact_free,no,no,0.0,artifact_free,True,False,False
tr_0803,tr_0803,1,trapA,True,False,0.9601328903654484,TN3K,1,1,trapA,trapA,yes,yes,1.0,trapA,False,True,False
tr_1347,tr_1347,0,artifact_free,False,True,,TN3K,0,0,artifact_free,artifact_free,yes,yes,1.0,trapA,True,False,False
tr_2473,tr_2473,0,artifact_free,False,True,,TN3K,0,0,artifact_free,artifact_free,yes,no,1.0,trapB,True,False,False
tr_1444,tr_1444,1,artifact_free,False,True,,TN3K,0,0,artifact_free,artifact_free,no,no,0.0,artifact_free,False,True,False
tr_2323,tr_2323,0,trapA,True,False,0.935738444193912,TN3K,1,1,trapA,trapA,yes,yes,1.0,trapA,False,True,False
tr_0778,tr_0778,1,trapA,True,False,0.8771929824561403,TN3K,0,0,artifact_free,artifact_free,yes,no,1.0,trapB,True,False,False
tr_1938,tr_1938,0,trapA,True,False,0.6504739336492891,TN3K,1,0,trapB,trapB,yes,yes,1.0,trapA,True,False,False
tr_2600,tr_2600,0,trapA,True,False,0.7987012987012987,TN3K,0,0,artifact_free,artifact_free,yes,yes,1.0,trapA,True,False,False
tr_1068,tr_1068,0,artifact_free,False,True,,TN3K,0,0,artifact_free,artifact_free,no,no,0.0,artifact_free,False,True,False
tr_0710,tr_0710,1,trapA,True,False,1.0,TN3K,0,0,artifact_free,artifact_free,yes,no,1.0,trapB,True,False,False
tr_0838,tr_0838,1,trapB,True,False,0.0,TN3K,0,0,artifact_free,artifact_free,no,no,0.0,artifact_free,True,False,False
tr_0915,tr_0915,1,trapA,True,False,0.8487084870848709,TN3K,1,1,trapA,trapA,yes,yes,1.0,trapA,False,True,False
tr_0384,tr_0384,0,mid,True,False,0.4468085106382978,TN3K,1,1,trapA,trapA,yes,yes,1.0,trapA,False,True,False
tr_1292,tr_1292,0,artifact_free,False,True,,TN3K,0,0,artifact_free,artifact_free,no,no,0.0,artifact_free,False,True,False
tr_1105,tr_1105,0,artifact_free,False,True,,TN3K,0,0,artifact_free,artifact_free,no,no,0.0,artifact_free,False,True,False
tr_2434,tr_2434,0,artifact_free,False,True,,TN3K,0,0,artifact_free,artifact_free,yes,no,1.0,trapB,True,False,False
tr_2094,tr_2094,1,trapA,True,False,1.0,TN3K,1,1,trapA,trapA,yes,no,1.0,trapB,True,False,False
tr_2442,tr_2442,0,trapA,True,False,0.7702265372168284,TN3K,1,1,trapA,trapA,yes,no,1.0,trapB,True,False,False
tr_0376,tr_0376,0,trapA,True,False,0.8666666666666667,TN3K,1,1,trapA,trapA,yes,no,1.0,trapB,True,False,False
tr_0550,tr_0550,0,artifact_free,False,True,,TN3K,0,0,artifact_free,artifact_free,no,no,0.0,artifact_free,False,True,False
tr_2626,tr_2626,0,artifact_free,False,True,,TN3K,0,0,artifact_free,artifact_free,no,no,0.0,artifact_free,False,True,False
tr_1984,tr_1984,0,artifact_free,False,True,,TN3K,1,1,trapA,trapA,yes,yes,1.0,trapA,True,False,False
tr_2590,tr_2590,0,trapA,True,False,0.6909090909090909,TN3K,0,0,artifact_free,artifact_free,yes,no,1.0,trapB,True,False,False
tr_0166,tr_0166,0,trapA,True,False,1.0,TN3K,0,0,artifact_free,artifact_free,yes,no,1.0,trapB,True,False,False
tr_1443,tr_1443,1,artifact_free,False,True,,TN3K,0,0,artifact_free,artifact_free,no,no,0.0,artifact_free,False,True,False
tr_0731,tr_0731,1,artifact_free,False,True,,TN3K,0,0,artifact_free,artifact_free,no,no,0.0,artifact_free,False,True,False
tr_2632,tr_2632,0,trapA,True,False,0.5540308747855918,TN3K,0,0,artifact_free,artifact_free,yes,no,1.0,trapB,True,False,False
tr_0174,tr_0174,0,trapB,True,False,0.0,TN3K,0,0,artifact_free,artifact_free,yes,no,1.0,trapB,True,False,False
tr_2684,tr_2684,1,artifact_free,False,True,,TN3K,0,0,artifact_free,artifact_free,no,no,0.0,artifact_free,False,True,False
tr_1030,tr_1030,0,artifact_free,False,True,,TN3K,0,0,artifact_free,artifact_free,no,no,0.0,artifact_free,False,True,False
tr_0418,tr_0418,0,trapA,True,False,0.8054607508532423,TN3K,0,0,artifact_free,artifact_free,yes,yes,1.0,trapA,True,False,False
tr_1242,tr_1242,0,artifact_free,False,True,,TN3K,0,0,artifact_free,artifact_free,no,no,0.0,artifact_free,False,True,False
tr_0950,tr_0950,0,trapA,True,False,0.7502890173410405,TN3K,0,0,artifact_free,artifact_free,yes,no,1.0,trapB,True,False,False
tr_0405,tr_0405,0,trapA,True,False,0.890625,TN3K,1,1,trapA,trapA,yes,yes,1.0,trapA,False,True,False
tr_1212,tr_1212,0,artifact_free,False,True,,TN3K,0,0,artifact_free,artifact_free,no,no,0.0,artifact_free,False,True,False
tr_2580,tr_2580,0,trapA,True,False,0.949175824175824,TN3K,0,0,artifact_free,artifact_free,yes,yes,1.0,trapA,True,False,False
tr_1830,tr_1830,0,artifact_free,False,True,,TN3K,0,0,artifact_free,artifact_free,yes,no,1.0,trapB,True,False,False
tr_1643,tr_1643,0,trapB,True,False,0.0,TN3K,0,0,artifact_free,artifact_free,yes,no,1.0,trapB,True,False,False
tr_0404,tr_0404,0,trapB,True,False,0.0,TN3K,1,0,trapB,trapB,yes,yes,1.0,trapA,True,False,False
tr_0568,tr_0568,0,trapA,True,False,0.9829443447037702,TN3K,0,0,artifact_free,artifact_free,yes,yes,1.0,trapA,True,False,False
tr_1166,tr_1166,0,mid,True,False,0.3798449612403101,TN3K,0,0,artifact_free,artifact_free,yes,no,1.0,trapB,True,False,False
tr_0436,tr_0436,0,trapB,True,False,0.0,TN3K,1,0,trapB,trapB,yes,no,1.0,trapB,False,True,False
tr_0355,tr_0355,0,artifact_free,False,True,,TN3K,0,0,artifact_free,artifact_free,no,no,0.0,artifact_free,False,True,False
tr_2112,tr_2112,1,artifact_free,False,True,,TN3K,1,0,trapB,trapB,no,no,0.0,artifact_free,True,False,False
tr_1430,tr_1430,1,artifact_free,False,True,,TN3K,0,0,artifact_free,artifact_free,no,no,0.0,artifact_free,False,True,False
tr_0330,tr_0330,0,artifact_free,False,True,,TN3K,0,0,artifact_free,artifact_free,no,no,0.0,artifact_free,False,True,False
tr_0275,tr_0275,0,trapB,True,False,0.0,TN3K,1,0,trapB,trapB,yes,no,1.0,trapB,False,True,False
tr_2049,tr_2049,1,artifact_free,False,True,,TN3K,0,0,artifact_free,artifact_free,no,no,0.0,artifact_free,False,True,False
tr_0546,tr_0546,0,trapA,True,False,0.588065447545717,TN3K,1,1,trapA,trapA,yes,yes,1.0,trapA,False,True,False
tr_1400,tr_1400,1,artifact_free,False,True,,TN3K,0,0,artifact_free,artifact_free,no,no,0.0,artifact_free,False,True,False
tr_1208,tr_1208,0,trapA,True,False,0.9329268292682928,TN3K,0,0,artifact_free,artifact_free,yes,no,1.0,trapB,True,False,False
tr_1806,tr_1806,0,artifact_free,False,True,,TN3K,0,0,artifact_free,artifact_free,no,no,0.0,artifact_free,False,True,False
tr_1354,tr_1354,0,trapA,True,False,0.9351851851851852,TN3K,1,1,trapA,trapA,yes,yes,1.0,trapA,False,True,False
tr_1110,tr_1110,0,artifact_free,False,True,,TN3K,0,0,artifact_free,artifact_free,no,no,0.0,artifact_free,False,True,False
tr_0865,tr_0865,1,trapA,True,False,0.8284313725490197,TN3K,0,0,artifact_free,artifact_free,yes,yes,1.0,trapA,True,False,False
tr_1216,tr_1216,0,trapA,True,False,0.9124709527498064,TN3K,1,0,trapB,trapB,yes,yes,1.0,trapA,True,False,False
tr_1526,tr_1526,1,artifact_free,False,True,,TN3K,0,0,artifact_free,artifact_free,yes,no,1.0,trapB,True,False,False
tr_2738,tr_2738,1,artifact_free,False,True,,TN3K,0,0,artifact_free,artifact_free,no,no,0.0,artifact_free,False,True,False
tr_1982,tr_1982,0,trapA,True,False,0.8509659613615456,TN3K,1,0,trapB,trapB,yes,yes,1.0,trapA,True,False,False
tr_2028,tr_2028,1,trapA,True,False,0.9949664429530202,TN3K,1,1,trapA,trapA,yes,yes,1.0,trapA,False,True,False
tr_1544,tr_1544,1,artifact_free,False,True,,TN3K,0,0,artifact_free,artifact_free,no,no,0.0,artifact_free,False,True,False
tr_1734,tr_1734,0,trapA,True,False,0.5868725868725869,TN3K,1,0,trapB,trapB,yes,yes,1.0,trapA,True,False,False
tr_2234,tr_2234,1,artifact_free,False,True,,TN3K,0,0,artifact_free,artifact_free,no,no,0.0,artifact_free,False,True,False
tr_1020,tr_1020,0,trapA,True,False,0.907070707070707,TN3K,1,1,trapA,trapA,yes,yes,1.0,trapA,False,True,False
tr_1482,tr_1482,1,mid,True,False,0.3554006968641115,TN3K,0,0,artifact_free,artifact_free,no,no,0.0,artifact_free,True,False,False
tr_0730,tr_0730,1,artifact_free,False,True,,TN3K,0,0,artifact_free,artifact_free,no,no,0.0,artifact_free,False,True,False
tr_0185,tr_0185,0,trapA,True,False,0.8868852459016393,TN3K,1,1,trapA,trapA,yes,yes,1.0,trapA,False,True,False
tr_2691,tr_2691,1,artifact_free,False,True,,TN3K,0,0,artifact_free,artifact_free,no,no,0.0,artifact_free,False,True,False
tr_1280,tr_1280,0,trapA,True,False,0.5,TN3K,0,0,artifact_free,artifact_free,yes,no,1.0,trapB,True,False,False
tr_1438,tr_1438,1,artifact_free,False,True,,TN3K,0,0,artifact_free,artifact_free,no,no,0.0,artifact_free,False,True,False
tr_2458,tr_2458,0,trapA,True,False,0.6619433198380567,TN3K,1,1,trapA,trapA,yes,yes,1.0,trapA,False,True,False
tr_1569,tr_1569,1,trapA,True,False,0.7475728155339806,TN3K,1,0,trapB,trapB,yes,yes,1.0,trapA,True,False,False
tr_2856,tr_2856,1,artifact_free,False,True,,TN3K,0,0,artifact_free,artifact_free,no,no,0.0,artifact_free,False,True,False
tr_2680,tr_2680,1,artifact_free,False,True,,TN3K,0,0,artifact_free,artifact_free,no,no,0.0,artifact_free,False,True,False
tr_1560,tr_1560,1,artifact_free,False,True,,TN3K,0,0,artifact_free,artifact_free,no,no,0.0,artifact_free,False,True,False
tr_0727,tr_0727,1,artifact_free,False,True,,TN3K,0,0,artifact_free,artifact_free,no,no,0.0,artifact_free,False,True,False
tr_2649,tr_2649,0,artifact_free,False,True,,TN3K,0,0,artifact_free,artifact_free,yes,no,1.0,trapB,True,False,False
tr_1141,tr_1141,0,artifact_free,False,True,,TN3K,0,0,artifact_free,artifact_free,no,no,0.0,artifact_free,False,True,False
tr_1290,tr_1290,0,trapA,True,False,0.5910953291450424,TN3K,1,1,trapA,trapA,yes,yes,1.0,trapA,False,True,False
tr_1117,tr_1117,0,artifact_free,False,True,,TN3K,0,0,artifact_free,artifact_free,no,no,0.0,artifact_free,False,True,False
tr_2335,tr_2335,0,artifact_free,False,True,,TN3K,0,0,artifact_free,artifact_free,yes,no,1.0,trapB,True,False,False
tr_2511,tr_2511,0,artifact_free,False,True,,TN3K,0,0,artifact_free,artifact_free,no,no,0.0,artifact_free,False,True,False
tr_2862,tr_2862,1,artifact_free,False,True,,TN3K,0,0,artifact_free,artifact_free,no,no,0.0,artifact_free,False,True,False
tr_0126,tr_0126,0,artifact_free,False,True,,TN3K,0,0,artifact_free,artifact_free,no,no,0.0,artifact_free,False,True,False
tr_0684,tr_0684,0,trapA,True,False,0.8360655737704918,TN3K,1,1,trapA,trapA,yes,yes,1.0,trapA,False,True,False
tr_1491,tr_1491,1,artifact_free,False,True,,TN3K,0,0,artifact_free,artifact_free,no,no,0.0,artifact_free,False,True,False
tr_0747,tr_0747,1,trapA,True,False,0.9932095971027616,TN3K,1,1,trapA,trapA,yes,yes,1.0,trapA,False,True,False
tr_2771,tr_2771,1,artifact_free,False,True,,TN3K,0,0,artifact_free,artifact_free,no,no,0.0,artifact_free,False,True,False
tr_1015,tr_1015,0,mid,True,False,0.1343283582089552,TN3K,1,0,trapB,trapB,yes,no,1.0,trapB,False,True,False
tr_1298,tr_1298,0,artifact_free,False,True,,TN3K,0,0,artifact_free,artifact_free,no,no,0.0,artifact_free,False,True,False
tr_1097,tr_1097,0,artifact_free,False,True,,TN3K,0,0,artifact_free,artifact_free,no,no,0.0,artifact_free,False,True,False
tr_0673,tr_0673,0,artifact_free,False,True,,TN3K,0,0,artifact_free,artifact_free,no,no,0.0,artifact_free,False,True,False
tr_2215,tr_2215,1,mid,True,False,0.3896583564173592,TN3K,1,0,trapB,trapB,yes,yes,1.0,trapA,False,True,False
tr_1776,tr_1776,0,trapA,True,False,0.9569377990430622,TN3K,0,0,artifact_free,artifact_free,yes,no,1.0,trapB,True,False,False
tr_0973,tr_0973,0,artifact_free,False,True,,TN3K,0,0,artifact_free,artifact_free,yes,no,1.0,trapB,True,False,False
tr_1230,tr_1230,0,artifact_free,False,True,,TN3K,0,0,artifact_free,artifact_free,no,no,0.0,artifact_free,False,True,False
tr_2523,tr_2523,0,trapA,True,False,0.8414872798434442,TN3K,1,0,trapB,trapB,yes,yes,1.0,trapA,True,False,False
tr_2482,tr_2482,0,trapA,True,False,0.9416292495189224,TN3K,0,0,artifact_free,artifact_free,yes,no,1.0,trapB,True,False,False
tr_2800,tr_2800,1,artifact_free,False,True,,TN3K,0,0,artifact_free,artifact_free,no,no,0.0,artifact_free,False,True,False
tr_1870,tr_1870,0,artifact_free,False,True,,TN3K,0,0,artifact_free,artifact_free,yes,no,1.0,trapB,True,False,False
tr_2517,tr_2517,0,trapA,True,False,0.6407147415443523,TN3K,1,1,trapA,trapA,yes,no,1.0,trapB,True,False,False
tr_2767,tr_2767,1,artifact_free,False,True,,TN3K,0,0,artifact_free,artifact_free,no,no,0.0,artifact_free,False,True,False
tr_1372,tr_1372,0,trapA,True,False,0.9278688524590164,TN3K,1,0,trapB,trapB,yes,yes,1.0,trapA,True,False,False
tr_2356,tr_2356,0,artifact_free,False,True,,TN3K,0,0,artifact_free,artifact_free,no,no,0.0,artifact_free,False,True,False
tr_2685,tr_2685,1,trapA,True,False,0.8640350877192983,TN3K,0,0,artifact_free,artifact_free,yes,no,1.0,trapB,True,False,False
tr_0603,tr_0603,0,trapA,True,False,0.9304635761589404,TN3K,1,1,trapA,trapA,yes,yes,1.0,trapA,False,True,False
tr_2026,tr_2026,1,mid,True,False,0.2206385404789053,TN3K,0,0,artifact_free,artifact_free,yes,no,1.0,trapB,True,False,False
tr_1305,tr_1305,0,trapA,True,False,0.8604651162790697,TN3K,1,1,trapA,trapA,yes,yes,1.0,trapA,False,True,False
tr_2139,tr_2139,1,trapB,True,False,0.0,TN3K,1,1,trapA,trapA,yes,yes,1.0,trapA,True,False,False
tr_1309,tr_1309,0,artifact_free,False,True,,TN3K,0,0,artifact_free,artifact_free,no,no,0.0,artifact_free,False,True,False
tr_1597,tr_1597,1,artifact_free,False,True,,TN3K,0,0,artifact_free,artifact_free,yes,no,1.0,trapB,True,False,False
tr_0459,tr_0459,0,trapB,True,False,0.0,TN3K,0,0,artifact_free,artifact_free,no,no,0.0,artifact_free,True,False,False
tr_2138,tr_2138,1,trapB,True,False,0.0405405405405405,TN3K,0,0,artifact_free,artifact_free,yes,no,1.0,trapB,True,False,False
tr_2782,tr_2782,1,trapB,True,False,0.0,TN3K,0,0,artifact_free,artifact_free,no,no,0.0,artifact_free,True,False,False
tr_2578,tr_2578,0,trapA,True,False,0.8680412371134021,TN3K,0,0,artifact_free,artifact_free,yes,yes,1.0,trapA,True,False,False
tr_2750,tr_2750,1,artifact_free,False,True,,TN3K,0,0,artifact_free,artifact_free,no,no,0.0,artifact_free,False,True,False
tr_2344,tr_2344,0,artifact_free,False,True,,TN3K,0,0,artifact_free,artifact_free,no,no,0.0,artifact_free,False,True,False
tr_0472,tr_0472,0,artifact_free,False,True,,TN3K,0,0,artifact_free,artifact_free,yes,no,1.0,trapB,True,False,False
tr_0883,tr_0883,1,trapA,True,False,0.9692451071761417,TN3K,1,1,trapA,trapA,yes,yes,1.0,trapA,False,True,False
tr_2143,tr_2143,1,artifact_free,False,True,,TN3K,0,0,artifact_free,artifact_free,yes,no,1.0,trapB,True,False,False
tr_1907,tr_1907,0,trapA,True,False,0.7111111111111111,TN3K,0,0,artifact_free,artifact_free,yes,no,1.0,trapB,True,False,False
tr_0854,tr_0854,1,trapA,True,False,0.6851851851851852,TN3K,0,0,artifact_free,artifact_free,yes,no,1.0,trapB,True,False,False
tr_2006,tr_2006,1,artifact_free,False,True,,TN3K,0,0,artifact_free,artifact_free,no,no,0.0,artifact_free,False,True,False
tr_2180,tr_2180,1,artifact_free,False,True,,TN3K,0,0,artifact_free,artifact_free,no,no,0.0,artifact_free,False,True,False
tr_0980,tr_0980,0,trapB,True,False,0.0811518324607329,TN3K,1,0,trapB,trapB,yes,no,1.0,trapB,False,True,False
tr_0227,tr_0227,0,trapB,True,False,0.0,TN3K,1,0,trapB,trapB,yes,no,1.0,trapB,False,True,False
tr_1470,tr_1470,1,artifact_free,False,True,,TN3K,0,0,artifact_free,artifact_free,no,no,0.0,artifact_free,False,True,False
tr_0828,tr_0828,1,artifact_free,False,True,,TN3K,0,0,artifact_free,artifact_free,yes,no,1.0,trapB,True,False,False
tr_1343,tr_1343,0,trapA,True,False,0.868995633187773,TN3K,0,0,artifact_free,artifact_free,yes,no,1.0,trapB,True,False,False
tr_0451,tr_0451,0,artifact_free,False,True,,TN3K,0,0,artifact_free,artifact_free,no,no,0.0,artifact_free,False,True,False
tr_1619,tr_1619,1,trapA,True,False,0.8888888888888888,TN3K,0,0,artifact_free,artifact_free,yes,yes,1.0,trapA,True,False,False
tr_0042,tr_0042,0,trapA,True,False,0.830945558739255,TN3K,1,1,trapA,trapA,yes,yes,1.0,trapA,False,True,False
tr_0342,tr_0342,0,trapA,True,False,0.5111111111111111,TN3K,0,0,artifact_free,artifact_free,yes,no,1.0,trapB,True,False,False
tr_1960,tr_1960,0,trapA,True,False,0.7333333333333333,TN3K,0,0,artifact_free,artifact_free,yes,yes,1.0,trapA,True,False,False
tr_1113,tr_1113,0,artifact_free,False,True,,TN3K,0,0,artifact_free,artifact_free,yes,no,1.0,trapB,True,False,False
tr_1412,tr_1412,1,artifact_free,False,True,,TN3K,0,0,artifact_free,artifact_free,no,no,0.0,artifact_free,False,True,False
tr_2271,tr_2271,1,artifact_free,False,True,,TN3K,0,0,artifact_free,artifact_free,no,no,0.0,artifact_free,False,True,False
tr_0986,tr_0986,0,trapB,True,False,0.0,TN3K,1,0,trapB,trapB,yes,no,1.0,trapB,False,True,False
tr_0476,tr_0476,0,artifact_free,False,True,,TN3K,0,0,artifact_free,artifact_free,yes,no,1.0,trapB,True,False,False
tr_2581,tr_2581,0,artifact_free,False,True,,TN3K,0,0,artifact_free,artifact_free,no,no,0.0,artifact_free,False,True,False
tr_0371,tr_0371,0,artifact_free,False,True,,TN3K,0,0,artifact_free,artifact_free,no,no,0.0,artifact_free,False,True,False
tr_2040,tr_2040,1,trapB,True,False,0.0,TN3K,0,0,artifact_free,artifact_free,yes,no,1.0,trapB,True,False,False
tr_0170,tr_0170,0,artifact_free,False,True,,TN3K,0,0,artifact_free,artifact_free,no,no,0.0,artifact_free,False,True,False
tr_1575,tr_1575,1,artifact_free,False,True,,TN3K,0,0,artifact_free,artifact_free,no,no,0.0,artifact_free,False,True,False
tr_0991,tr_0991,0,trapA,True,False,1.0,TN3K,0,0,artifact_free,artifact_free,yes,no,1.0,trapB,True,False,False
tr_0713,tr_0713,1,artifact_free,False,True,,TN3K,0,0,artifact_free,artifact_free,no,no,0.0,artifact_free,False,True,False
tr_1379,tr_1379,0,artifact_free,False,True,,TN3K,0,0,artifact_free,artifact_free,no,no,0.0,artifact_free,False,True,False
tr_2789,tr_2789,1,artifact_free,False,True,,TN3K,0,0,artifact_free,artifact_free,yes,no,1.0,trapB,True,False,False
tr_0286,tr_0286,0,artifact_free,False,True,,TN3K,0,0,artifact_free,artifact_free,yes,no,1.0,trapB,True,False,False
tr_1604,tr_1604,1,trapA,True,False,0.8793103448275862,TN3K,0,0,artifact_free,artifact_free,yes,no,1.0,trapB,True,False,False
tr_1936,tr_1936,0,mid,True,False,0.1756756756756756,TN3K,1,0,trapB,trapB,yes,yes,1.0,trapA,False,True,False
tr_0211,tr_0211,0,trapA,True,False,1.0,TN3K,0,0,artifact_free,artifact_free,yes,no,1.0,trapB,True,False,False
tr_2522,tr_2522,0,trapA,True,False,0.6116504854368932,TN3K,0,0,artifact_free,artifact_free,yes,no,1.0,trapB,True,False,False
tr_1572,tr_1572,1,mid,True,False,0.3817891373801917,TN3K,1,1,trapA,trapA,yes,yes,1.0,trapA,False,True,False
tr_1778,tr_1778,0,artifact_free,False,True,,TN3K,0,0,artifact_free,artifact_free,yes,no,1.0,trapB,True,False,False
tr_0750,tr_0750,1,artifact_free,False,True,,TN3K,0,0,artifact_free,artifact_free,yes,no,1.0,trapB,True,False,False
tr_2533,tr_2533,0,trapA,True,False,0.6765578635014837,TN3K,1,1,trapA,trapA,yes,yes,1.0,trapA,False,True,False
tr_0043,tr_0043,0,artifact_free,False,True,,TN3K,0,0,artifact_free,artifact_free,no,no,0.0,artifact_free,False,True,False
tr_0810,tr_0810,1,trapA,True,False,1.0,TN3K,0,0,artifact_free,artifact_free,yes,no,1.0,trapB,True,False,False
tr_2050,tr_2050,1,artifact_free,False,True,,TN3K,0,0,artifact_free,artifact_free,no,no,0.0,artifact_free,False,True,False
tr_1265,tr_1265,0,artifact_free,False,True,,TN3K,0,0,artifact_free,artifact_free,no,no,0.0,artifact_free,False,True,False
tr_2635,tr_2635,0,artifact_free,False,True,,TN3K,0,0,artifact_free,artifact_free,no,no,0.0,artifact_free,False,True,False
tr_0923,tr_0923,1,trapA,True,False,0.978829389788294,TN3K,1,1,trapA,trapA,yes,yes,1.0,trapA,False,True,False
tr_1805,tr_1805,0,artifact_free,False,True,,TN3K,0,0,artifact_free,artifact_free,yes,no,1.0,trapB,True,False,False
tr_2224,tr_2224,1,artifact_free,False,True,,TN3K,0,0,artifact_free,artifact_free,no,no,0.0,artifact_free,False,True,False
tr_2445,tr_2445,0,artifact_free,False,True,,TN3K,0,0,artifact_free,artifact_free,no,no,0.0,artifact_free,False,True,False
tr_2285,tr_2285,0,artifact_free,False,True,,TN3K,0,0,artifact_free,artifact_free,no,no,0.0,artifact_free,False,True,False
tr_0388,tr_0388,0,artifact_free,False,True,,TN3K,0,0,artifact_free,artifact_free,no,no,0.0,artifact_free,False,True,False
tr_0885,tr_0885,1,artifact_free,False,True,,TN3K,0,0,artifact_free,artifact_free,yes,no,1.0,trapB,True,False,False
tr_1621,tr_1621,1,artifact_free,False,True,,TN3K,0,0,artifact_free,artifact_free,no,no,0.0,artifact_free,False,True,False
tr_1064,tr_1064,0,artifact_free,False,True,,TN3K,0,0,artifact_free,artifact_free,no,no,0.0,artifact_free,False,True,False
tr_2350,tr_2350,0,trapB,True,False,0.0,TN3K,0,0,artifact_free,artifact_free,yes,yes,1.0,trapA,True,False,False
tr_2209,tr_2209,1,artifact_free,False,True,,TN3K,0,0,artifact_free,artifact_free,no,no,0.0,artifact_free,False,True,False
tr_2798,tr_2798,1,artifact_free,False,True,,TN3K,0,0,artifact_free,artifact_free,no,no,0.0,artifact_free,False,True,False
tr_0187,tr_0187,0,trapA,True,False,0.8513011152416357,TN3K,1,0,trapB,trapB,yes,yes,1.0,trapA,True,False,False
tr_1126,tr_1126,0,trapA,True,False,1.0,TN3K,0,0,artifact_free,artifact_free,yes,yes,1.0,trapA,True,False,False
tr_1833,tr_1833,0,artifact_free,False,True,,TN3K,0,0,artifact_free,artifact_free,no,no,0.0,artifact_free,False,True,False
tr_2860,tr_2860,1,artifact_free,False,True,,TN3K,0,0,artifact_free,artifact_free,no,no,0.0,artifact_free,False,True,False
tr_1607,tr_1607,1,trapA,True,False,0.9523809523809524,TN3K,1,1,trapA,trapA,yes,yes,1.0,trapA,False,True,False
tr_2166,tr_2166,1,artifact_free,False,True,,TN3K,0,0,artifact_free,artifact_free,no,no,0.0,artifact_free,False,True,False
tr_2265,tr_2265,1,trapA,True,False,0.9322033898305084,TN3K,1,1,trapA,trapA,yes,yes,1.0,trapA,False,True,False
tr_1428,tr_1428,1,artifact_free,False,True,,TN3K,0,0,artifact_free,artifact_free,no,no,0.0,artifact_free,False,True,False
tr_2322,tr_2322,0,mid,True,False,0.1013927576601671,TN3K,0,0,artifact_free,artifact_free,yes,no,1.0,trapB,True,False,False
tr_1250,tr_1250,0,artifact_free,False,True,,TN3K,0,0,artifact_free,artifact_free,no,no,0.0,artifact_free,False,True,False
tr_1331,tr_1331,0,trapA,True,False,0.9675984752223634,TN3K,1,1,trapA,trapA,yes,yes,1.0,trapA,False,True,False
tr_2647,tr_2647,0,artifact_free,False,True,,TN3K,0,0,artifact_free,artifact_free,no,no,0.0,artifact_free,False,True,False
tr_0321,tr_0321,0,trapA,True,False,0.9377593360995852,TN3K,1,1,trapA,trapA,yes,yes,1.0,trapA,False,True,False
tr_2448,tr_2448,0,artifact_free,False,True,,TN3K,0,0,artifact_free,artifact_free,no,no,0.0,artifact_free,False,True,False
tr_1972,tr_1972,0,trapB,True,False,0.0,TN3K,1,0,trapB,trapB,yes,yes,1.0,trapA,True,False,False
tr_1022,tr_1022,0,trapA,True,False,1.0,TN3K,0,0,artifact_free,artifact_free,yes,no,1.0,trapB,True,False,False
tr_2222,tr_2222,1,artifact_free,False,True,,TN3K,0,0,artifact_free,artifact_free,no,no,0.0,artifact_free,False,True,False
tr_0112,tr_0112,0,artifact_free,False,True,,TN3K,0,0,artifact_free,artifact_free,no,no,0.0,artifact_free,False,True,False
tr_0797,tr_0797,1,artifact_free,False,True,,TN3K,0,0,artifact_free,artifact_free,yes,no,1.0,trapB,True,False,False
tr_1173,tr_1173,0,artifact_free,False,True,,TN3K,0,0,artifact_free,artifact_free,no,no,0.0,artifact_free,False,True,False
tr_0159,tr_0159,0,artifact_free,False,True,,TN3K,0,0,artifact_free,artifact_free,yes,no,1.0,trapB,True,False,False
tr_1603,tr_1603,1,artifact_free,False,True,,TN3K,0,0,artifact_free,artifact_free,no,no,0.0,artifact_free,False,True,False
tr_2587,tr_2587,0,artifact_free,False,True,,TN3K,0,0,artifact_free,artifact_free,yes,yes,1.0,trapA,True,False,False
tr_1831,tr_1831,0,artifact_free,False,True,,TN3K,0,0,artifact_free,artifact_free,no,no,0.0,artifact_free,False,True,False
tr_2609,tr_2609,0,trapA,True,False,0.7509293680297398,TN3K,1,1,trapA,trapA,yes,yes,1.0,trapA,False,True,False
tr_2559,tr_2559,0,trapB,True,False,0.0,TN3K,1,0,trapB,trapB,yes,yes,1.0,trapA,True,False,False
tr_1633,tr_1633,0,artifact_free,False,True,,TN3K,0,0,artifact_free,artifact_free,yes,no,1.0,trapB,True,False,False
tr_1725,tr_1725,0,trapB,True,False,0.0,TN3K,0,0,artifact_free,artifact_free,yes,no,1.0,trapB,True,False,False
tr_1770,tr_1770,0,artifact_free,False,True,,TN3K,0,0,artifact_free,artifact_free,no,no,0.0,artifact_free,False,True,False
tr_2866,tr_2866,1,trapB,True,False,0.0,TN3K,0,0,artifact_free,artifact_free,yes,no,1.0,trapB,True,False,False
tr_0254,tr_0254,0,trapA,True,False,0.7894736842105263,TN3K,0,0,artifact_free,artifact_free,yes,yes,1.0,trapA,True,False,False
tr_0835,tr_0835,1,artifact_free,False,True,,TN3K,0,0,artifact_free,artifact_free,no,no,0.0,artifact_free,False,True,False
tr_0415,tr_0415,0,artifact_free,False,True,,TN3K,0,0,artifact_free,artifact_free,no,no,0.0,artifact_free,False,True,False
tr_1052,tr_1052,0,trapA,True,False,0.917189460476788,TN3K,1,1,trapA,trapA,yes,yes,1.0,trapA,False,True,False
tr_0354,tr_0354,0,artifact_free,False,True,,TN3K,0,0,artifact_free,artifact_free,no,no,0.0,artifact_free,False,True,False
tr_1399,tr_1399,1,artifact_free,False,True,,TN3K,0,0,artifact_free,artifact_free,no,no,0.0,artifact_free,False,True,False
tr_1606,tr_1606,1,artifact_free,False,True,,TN3K,0,0,artifact_free,artifact_free,no,no,0.0,artifact_free,False,True,False
tr_1782,tr_1782,0,trapB,True,False,0.0621890547263681,TN3K,1,1,trapA,trapA,yes,no,1.0,trapB,True,False,False
tr_1883,tr_1883,0,trapA,True,False,0.723479804704838,TN3K,1,1,trapA,trapA,yes,yes,1.0,trapA,False,True,False
tr_1206,tr_1206,0,artifact_free,False,True,,TN3K,0,0,artifact_free,artifact_free,no,no,0.0,artifact_free,False,True,False
tr_0303,tr_0303,0,trapB,True,False,0.0,TN3K,0,0,artifact_free,artifact_free,yes,no,1.0,trapB,True,False,False
tr_1383,tr_1383,0,artifact_free,False,True,,TN3K,0,0,artifact_free,artifact_free,yes,no,1.0,trapB,True,False,False
tr_2783,tr_2783,1,artifact_free,False,True,,TN3K,0,0,artifact_free,artifact_free,no,no,0.0,artifact_free,False,True,False
tr_0998,tr_0998,0,artifact_free,False,True,,TN3K,0,0,artifact_free,artifact_free,no,no,0.0,artifact_free,False,True,False
tr_0903,tr_0903,1,artifact_free,False,True,,TN3K,0,0,artifact_free,artifact_free,no,no,0.0,artifact_free,False,True,False
tr_1318,tr_1318,0,trapA,True,False,1.0,TN3K,1,1,trapA,trapA,yes,yes,1.0,trapA,False,True,False
tr_0288,tr_0288,0,artifact_free,False,True,,TN3K,0,0,artifact_free,artifact_free,no,no,0.0,artifact_free,False,True,False
tr_0304,tr_0304,0,artifact_free,False,True,,TN3K,0,0,artifact_free,artifact_free,no,no,0.0,artifact_free,False,True,False
tr_2153,tr_2153,1,trapB,True,False,0.0,TN3K,0,0,artifact_free,artifact_free,yes,no,1.0,trapB,True,False,False
tr_2638,tr_2638,0,artifact_free,False,True,,TN3K,0,0,artifact_free,artifact_free,no,no,0.0,artifact_free,False,True,False
tr_1580,tr_1580,1,artifact_free,False,True,,TN3K,0,0,artifact_free,artifact_free,no,no,0.0,artifact_free,False,True,False
tr_0886,tr_0886,1,trapA,True,False,0.6735395189003437,TN3K,1,1,trapA,trapA,yes,yes,1.0,trapA,False,True,False
tr_1617,tr_1617,1,artifact_free,False,True,,TN3K,0,0,artifact_free,artifact_free,no,no,0.0,artifact_free,False,True,False
tr_1534,tr_1534,1,artifact_free,False,True,,TN3K,0,0,artifact_free,artifact_free,yes,no,1.0,trapB,True,False,False
tr_1899,tr_1899,0,trapB,True,False,0.0,TN3K,1,0,trapB,trapB,yes,yes,1.0,trapA,True,False,False
tr_0764,tr_0764,1,artifact_free,False,True,,TN3K,0,0,artifact_free,artifact_free,yes,no,1.0,trapB,True,False,False
tr_2506,tr_2506,0,artifact_free,False,True,,TN3K,0,0,artifact_free,artifact_free,yes,no,1.0,trapB,True,False,False
tr_0757,tr_0757,1,trapA,True,False,0.6989869753979739,TN3K,0,0,artifact_free,artifact_free,yes,yes,1.0,trapA,True,False,False
tr_2699,tr_2699,1,trapA,True,False,0.9413680781758956,TN3K,1,1,trapA,trapA,yes,yes,1.0,trapA,False,True,False
tr_1366,tr_1366,0,mid,True,False,0.3386983904828551,TN3K,1,1,trapA,trapA,yes,no,1.0,trapB,False,True,False
tr_0576,tr_0576,0,artifact_free,False,True,,TN3K,0,0,artifact_free,artifact_free,yes,no,1.0,trapB,True,False,False
tr_2424,tr_2424,0,trapB,True,False,0.0,TN3K,0,0,artifact_free,artifact_free,yes,no,1.0,trapB,True,False,False
tr_2175,tr_2175,1,artifact_free,False,True,,TN3K,1,1,trapA,trapA,yes,yes,1.0,trapA,True,False,False
tr_0395,tr_0395,0,artifact_free,False,True,,TN3K,0,0,artifact_free,artifact_free,no,no,0.0,artifact_free,False,True,False
tr_1373,tr_1373,0,mid,True,False,0.4302325581395348,TN3K,0,0,artifact_free,artifact_free,no,no,0.0,artifact_free,True,False,False
tr_0635,tr_0635,0,artifact_free,False,True,,TN3K,0,0,artifact_free,artifact_free,no,no,0.0,artifact_free,False,True,False
tr_1581,tr_1581,1,artifact_free,False,True,,TN3K,0,0,artifact_free,artifact_free,no,no,0.0,artifact_free,False,True,False
tr_0687,tr_0687,0,trapA,True,False,0.7517241379310344,TN3K,1,1,trapA,trapA,yes,no,1.0,trapB,True,False,False
tr_2586,tr_2586,0,artifact_free,False,True,,TN3K,0,0,artifact_free,artifact_free,yes,no,1.0,trapB,True,False,False
tr_1218,tr_1218,0,trapA,True,False,0.7827102803738317,TN3K,1,0,trapB,trapB,yes,yes,1.0,trapA,True,False,False
tr_1200,tr_1200,0,trapA,True,False,0.8299319727891157,TN3K,0,0,artifact_free,artifact_free,yes,no,1.0,trapB,True,False,False
tr_2181,tr_2181,1,artifact_free,False,True,,TN3K,0,0,artifact_free,artifact_free,no,no,0.0,artifact_free,False,True,False
tr_2799,tr_2799,1,artifact_free,False,True,,TN3K,0,0,artifact_free,artifact_free,no,no,0.0,artifact_free,False,True,False
tr_2672,tr_2672,0,artifact_free,False,True,,TN3K,1,1,trapA,trapA,yes,yes,1.0,trapA,True,False,False
tr_1017,tr_1017,0,artifact_free,False,True,,TN3K,0,0,artifact_free,artifact_free,yes,no,1.0,trapB,True,False,False
tr_0777,tr_0777,1,artifact_free,False,True,,TN3K,0,0,artifact_free,artifact_free,no,no,0.0,artifact_free,False,True,False
tr_1082,tr_1082,0,artifact_free,False,True,,TN3K,0,0,artifact_free,artifact_free,no,no,0.0,artifact_free,False,True,False
tr_2302,tr_2302,0,trapA,True,False,0.5483870967741935,TN3K,0,0,artifact_free,artifact_free,yes,yes,1.0,trapA,True,False,False
tr_0798,tr_0798,1,artifact_free,False,True,,TN3K,0,0,artifact_free,artifact_free,no,no,0.0,artifact_free,False,True,False
tr_1726,tr_1726,0,trapA,True,False,0.8010899182561307,TN3K,1,1,trapA,trapA,yes,yes,1.0,trapA,False,True,False
tr_2080,tr_2080,1,artifact_free,False,True,,TN3K,1,1,trapA,trapA,yes,yes,1.0,trapA,True,False,False
tr_1099,tr_1099,0,artifact_free,False,True,,TN3K,0,0,artifact_free,artifact_free,no,no,0.0,artifact_free,False,True,False
tr_0919,tr_0919,1,trapA,True,False,0.925,TN3K,1,1,trapA,trapA,yes,yes,1.0,trapA,False,True,False
tr_0831,tr_0831,1,artifact_free,False,True,,TN3K,0,0,artifact_free,artifact_free,no,no,0.0,artifact_free,False,True,False
tr_2058,tr_2058,1,artifact_free,False,True,,TN3K,0,0,artifact_free,artifact_free,no,no,0.0,artifact_free,False,True,False
tr_1089,tr_1089,0,artifact_free,False,True,,TN3K,0,0,artifact_free,artifact_free,no,no,0.0,artifact_free,False,True,False
tr_1745,tr_1745,0,artifact_free,False,True,,TN3K,0,0,artifact_free,artifact_free,no,no,0.0,artifact_free,False,True,False
tr_0059,tr_0059,0,trapA,True,False,0.5681114551083591,TN3K,1,0,trapB,trapB,yes,yes,1.0,trapA,True,False,False
tr_0698,tr_0698,1,artifact_free,False,True,,TN3K,0,0,artifact_free,artifact_free,yes,yes,1.0,trapA,True,False,False
tr_2433,tr_2433,0,trapA,True,False,1.0,TN3K,1,1,trapA,trapA,yes,yes,1.0,trapA,False,True,False
tr_2737,tr_2737,1,artifact_free,False,True,,TN3K,0,0,artifact_free,artifact_free,no,no,0.0,artifact_free,False,True,False
tr_0181,tr_0181,0,trapA,True,False,1.0,TN3K,1,1,trapA,trapA,yes,yes,1.0,trapA,False,True,False
tr_1417,tr_1417,1,artifact_free,False,True,,TN3K,0,0,artifact_free,artifact_free,no,no,0.0,artifact_free,False,True,False
tr_1911,tr_1911,0,artifact_free,False,True,,TN3K,0,0,artifact_free,artifact_free,yes,no,1.0,trapB,True,False,False
tr_0968,tr_0968,0,trapA,True,False,1.0,TN3K,0,0,artifact_free,artifact_free,yes,no,1.0,trapB,True,False,False
tr_2602,tr_2602,0,artifact_free,False,True,,TN3K,0,0,artifact_free,artifact_free,yes,no,1.0,trapB,True,False,False
tr_2558,tr_2558,0,trapA,True,False,1.0,TN3K,0,0,artifact_free,artifact_free,yes,no,1.0,trapB,True,False,False
tr_0726,tr_0726,1,mid,True,False,0.2549019607843137,TN3K,0,0,artifact_free,artifact_free,yes,no,1.0,trapB,True,False,False
tr_2710,tr_2710,1,artifact_free,False,True,,TN3K,0,0,artifact_free,artifact_free,no,no,0.0,artifact_free,False,True,False
tr_1256,tr_1256,0,artifact_free,False,True,,TN3K,0,0,artifact_free,artifact_free,yes,yes,1.0,trapA,True,False,False
tr_1612,tr_1612,1,trapA,True,False,0.6866197183098591,TN3K,1,1,trapA,trapA,yes,yes,1.0,trapA,False,True,False
tr_2286,tr_2286,0,artifact_free,False,True,,TN3K,0,0,artifact_free,artifact_free,no,no,0.0,artifact_free,False,True,False
tr_1777,tr_1777,0,artifact_free,False,True,,TN3K,0,0,artifact_free,artifact_free,no,no,0.0,artifact_free,False,True,False
tr_1357,tr_1357,0,trapA,True,False,0.9433333333333334,TN3K,1,1,trapA,trapA,yes,yes,1.0,trapA,False,True,False
tr_1771,tr_1771,0,trapB,True,False,0.0,TN3K,0,0,artifact_free,artifact_free,yes,no,1.0,trapB,True,False,False
tr_0590,tr_0590,0,trapA,True,False,0.8279678068410463,TN3K,0,0,artifact_free,artifact_free,yes,no,1.0,trapB,True,False,False
tr_2052,tr_2052,1,trapA,True,False,0.967741935483871,TN3K,1,0,trapB,trapB,yes,yes,1.0,trapA,True,False,False
tr_2603,tr_2603,0,artifact_free,False,True,,TN3K,0,0,artifact_free,artifact_free,yes,no,1.0,trapB,True,False,False
tr_0123,tr_0123,0,artifact_free,False,True,,TN3K,0,0,artifact_free,artifact_free,yes,no,1.0,trapB,True,False,False
tr_1195,tr_1195,0,trapA,True,False,0.8448660714285714,TN3K,1,1,trapA,trapA,yes,yes,1.0,trapA,False,True,False
tr_2485,tr_2485,0,mid,True,False,0.3395908543922984,TN3K,0,0,artifact_free,artifact_free,yes,no,1.0,trapB,True,False,False
tr_0067,tr_0067,0,trapA,True,False,0.8960674157303371,TN3K,1,1,trapA,trapA,yes,yes,1.0,trapA,False,True,False
tr_0774,tr_0774,1,trapB,True,False,0.0,TN3K,1,0,trapB,trapB,yes,no,1.0,trapB,False,True,False
tr_2414,tr_2414,0,artifact_free,False,True,,TN3K,0,0,artifact_free,artifact_free,no,no,0.0,artifact_free,False,True,False
tr_0933,tr_0933,1,artifact_free,False,True,,TN3K,0,0,artifact_free,artifact_free,no,no,0.0,artifact_free,False,True,False
tr_0294,tr_0294,0,trapA,True,False,0.9609164420485176,TN3K,1,0,trapB,trapB,yes,no,1.0,trapB,True,False,False
tr_1646,tr_1646,0,mid,True,False,0.4296028880866426,TN3K,1,1,trapA,trapA,yes,yes,1.0,trapA,False,True,False
tr_0142,tr_0142,0,trapA,True,False,0.9817739975698664,TN3K,0,0,artifact_free,artifact_free,yes,yes,1.0,trapA,True,False,False
tr_1388,tr_1388,0,artifact_free,False,True,,TN3K,0,0,artifact_free,artifact_free,no,no,0.0,artifact_free,False,True,False
tr_2101,tr_2101,1,trapB,True,False,0.0,TN3K,1,0,trapB,trapB,yes,yes,1.0,trapA,True,False,False
tr_1021,tr_1021,0,trapA,True,False,0.7252032520325203,TN3K,0,0,artifact_free,artifact_free,yes,no,1.0,trapB,True,False,False
tr_0446,tr_0446,0,artifact_free,False,True,,TN3K,0,0,artifact_free,artifact_free,no,no,0.0,artifact_free,False,True,False
tr_0337,tr_0337,0,artifact_free,False,True,,TN3K,0,0,artifact_free,artifact_free,no,no,0.0,artifact_free,False,True,False
tr_2630,tr_2630,0,trapA,True,False,0.8446601941747572,TN3K,1,1,trapA,trapA,yes,yes,1.0,trapA,False,True,False
tr_0090,tr_0090,0,artifact_free,False,True,,TN3K,0,0,artifact_free,artifact_free,yes,no,1.0,trapB,True,False,False
tr_0248,tr_0248,0,trapA,True,False,1.0,TN3K,0,0,artifact_free,artifact_free,yes,no,1.0,trapB,True,False,False
tr_2644,tr_2644,0,artifact_free,False,True,,TN3K,0,0,artifact_free,artifact_free,yes,no,1.0,trapB,True,False,False
tr_2038,tr_2038,1,trapA,True,False,0.6444444444444445,TN3K,0,0,artifact_free,artifact_free,yes,no,1.0,trapB,True,False,False
tr_2486,tr_2486,0,trapA,True,False,0.9545454545454546,TN3K,1,1,trapA,trapA,yes,yes,1.0,trapA,False,True,False
tr_0889,tr_0889,1,artifact_free,False,True,,TN3K,0,0,artifact_free,artifact_free,yes,no,1.0,trapB,True,False,False
tr_1000,tr_1000,0,mid,True,False,0.1978798586572438,TN3K,1,1,trapA,trapA,yes,yes,1.0,trapA,False,True,False
tr_0712,tr_0712,1,trapA,True,False,0.8805970149253731,TN3K,0,0,artifact_free,artifact_free,yes,no,1.0,trapB,True,False,False
tr_0722,tr_0722,1,artifact_free,False,True,,TN3K,0,0,artifact_free,artifact_free,yes,no,1.0,trapB,True,False,False
tr_1630,tr_1630,0,artifact_free,False,True,,TN3K,0,0,artifact_free,artifact_free,no,no,0.0,artifact_free,False,True,False
tr_0801,tr_0801,1,trapA,True,False,0.8741721854304636,TN3K,0,0,artifact_free,artifact_free,yes,yes,1.0,trapA,True,False,False
tr_1140,tr_1140,0,artifact_free,False,True,,TN3K,0,0,artifact_free,artifact_free,yes,no,1.0,trapB,True,False,False
tr_1608,tr_1608,1,artifact_free,False,True,,TN3K,0,0,artifact_free,artifact_free,no,no,0.0,artifact_free,False,True,False
tr_1629,tr_1629,0,trapA,True,False,0.8579545454545454,TN3K,0,0,artifact_free,artifact_free,yes,yes,1.0,trapA,True,False,False
tr_1176,tr_1176,0,artifact_free,False,True,,TN3K,0,0,artifact_free,artifact_free,yes,no,1.0,trapB,True,False,False
tr_2399,tr_2399,0,trapB,True,False,0.0,TN3K,0,0,artifact_free,artifact_free,yes,yes,1.0,trapA,True,False,False
tr_1861,tr_1861,0,artifact_free,False,True,,TN3K,0,0,artifact_free,artifact_free,yes,no,1.0,trapB,True,False,False
tr_0428,tr_0428,0,artifact_free,False,True,,TN3K,0,0,artifact_free,artifact_free,yes,yes,1.0,trapA,True,False,False
tr_0003,tr_0003,0,artifact_free,False,True,,TN3K,0,0,artifact_free,artifact_free,no,no,0.0,artifact_free,False,True,False
tr_2043,tr_2043,1,artifact_free,False,True,,TN3K,0,0,artifact_free,artifact_free,no,no,0.0,artifact_free,False,True,False
tr_0206,tr_0206,0,artifact_free,False,True,,TN3K,0,0,artifact_free,artifact_free,yes,no,1.0,trapB,True,False,False
tr_0096,tr_0096,0,artifact_free,False,True,,TN3K,0,0,artifact_free,artifact_free,no,no,0.0,artifact_free,False,True,False
tr_2719,tr_2719,1,artifact_free,False,True,,TN3K,0,0,artifact_free,artifact_free,no,no,0.0,artifact_free,False,True,False
tr_0893,tr_0893,1,trapA,True,False,1.0,TN3K,0,0,artifact_free,artifact_free,yes,no,1.0,trapB,True,False,False
tr_1241,tr_1241,0,artifact_free,False,True,,TN3K,0,0,artifact_free,artifact_free,no,no,0.0,artifact_free,False,True,False
tr_1084,tr_1084,0,artifact_free,False,True,,TN3K,1,1,trapA,trapA,yes,no,1.0,trapB,True,False,False
tr_1652,tr_1652,0,artifact_free,False,True,,TN3K,0,0,artifact_free,artifact_free,no,no,0.0,artifact_free,False,True,False
tr_0668,tr_0668,0,trapA,True,False,0.735973597359736,TN3K,0,0,artifact_free,artifact_free,yes,yes,1.0,trapA,True,False,False
tr_1712,tr_1712,0,trapA,True,False,0.9927710843373494,TN3K,0,0,artifact_free,artifact_free,yes,no,1.0,trapB,True,False,False
tr_2532,tr_2532,0,artifact_free,False,True,,TN3K,0,0,artifact_free,artifact_free,no,no,0.0,artifact_free,False,True,False
tr_0943,tr_0943,0,mid,True,False,0.3790186125211506,TN3K,1,1,trapA,trapA,yes,yes,1.0,trapA,False,True,False
tr_2385,tr_2385,0,trapB,True,False,0.0,TN3K,0,0,artifact_free,artifact_free,yes,no,1.0,trapB,True,False,False
tr_1716,tr_1716,0,trapA,True,False,0.8841870824053452,TN3K,0,0,artifact_free,artifact_free,yes,yes,1.0,trapA,True,False,False
tr_0005,tr_0005,0,artifact_free,False,True,,TN3K,0,0,artifact_free,artifact_free,no,no,0.0,artifact_free,False,True,False
tr_0897,tr_0897,1,artifact_free,False,True,,TN3K,0,0,artifact_free,artifact_free,yes,yes,1.0,trapA,True,False,False
tr_0032,tr_0032,0,trapA,True,False,0.8159722222222222,TN3K,1,1,trapA,trapA,yes,yes,1.0,trapA,False,True,False
tr_2299,tr_2299,0,artifact_free,False,True,,TN3K,0,0,artifact_free,artifact_free,no,no,0.0,artifact_free,False,True,False
tr_1123,tr_1123,0,artifact_free,False,True,,TN3K,0,0,artifact_free,artifact_free,no,no,0.0,artifact_free,False,True,False
tr_0567,tr_0567,0,mid,True,False,0.3345794392523364,TN3K,1,0,trapB,trapB,yes,yes,1.0,trapA,False,True,False
tr_0686,tr_0686,0,mid,True,False,0.4452830188679245,TN3K,1,1,trapA,trapA,yes,yes,1.0,trapA,False,True,False
tr_0485,tr_0485,0,artifact_free,False,True,,TN3K,0,0,artifact_free,artifact_free,no,no,0.0,artifact_free,False,True,False
tr_0445,tr_0445,0,trapA,True,False,0.5910064239828694,TN3K,1,0,trapB,trapB,yes,yes,1.0,trapA,True,False,False
tr_1620,tr_1620,1,artifact_free,False,True,,TN3K,0,0,artifact_free,artifact_free,no,no,0.0,artifact_free,False,True,False
tr_1527,tr_1527,1,artifact_free,False,True,,TN3K,0,0,artifact_free,artifact_free,no,no,0.0,artifact_free,False,True,False
tr_1916,tr_1916,0,mid,True,False,0.4849624060150376,TN3K,1,1,trapA,trapA,yes,no,1.0,trapB,False,True,False
tr_2390,tr_2390,0,artifact_free,False,True,,TN3K,0,0,artifact_free,artifact_free,no,no,0.0,artifact_free,False,True,False
tr_2676,tr_2676,1,trapB,True,False,0.0,TN3K,0,0,artifact_free,artifact_free,yes,no,1.0,trapB,True,False,False
tr_0864,tr_0864,1,mid,True,False,0.4390243902439024,TN3K,0,0,artifact_free,artifact_free,yes,yes,1.0,trapA,True,False,False
tr_2254,tr_2254,1,artifact_free,False,True,,TN3K,0,0,artifact_free,artifact_free,no,no,0.0,artifact_free,False,True,False
tr_0363,tr_0363,0,artifact_free,False,True,,TN3K,0,0,artifact_free,artifact_free,no,no,0.0,artifact_free,False,True,False
tr_2386,tr_2386,0,artifact_free,False,True,,TN3K,0,0,artifact_free,artifact_free,no,no,0.0,artifact_free,False,True,False
tr_2529,tr_2529,0,artifact_free,False,True,,TN3K,0,0,artifact_free,artifact_free,yes,no,1.0,trapB,True,False,False
tr_2780,tr_2780,1,trapA,True,False,0.6007067137809188,TN3K,1,1,trapA,trapA,yes,yes,1.0,trapA,False,True,False
tr_1267,tr_1267,0,artifact_free,False,True,,TN3K,0,0,artifact_free,artifact_free,yes,no,1.0,trapB,True,False,False
tr_1829,tr_1829,0,artifact_free,False,True,,TN3K,0,0,artifact_free,artifact_free,no,no,0.0,artifact_free,False,True,False
tr_1848,tr_1848,0,artifact_free,False,True,,TN3K,0,0,artifact_free,artifact_free,no,no,0.0,artifact_free,False,True,False
tr_0967,tr_0967,0,trapA,True,False,1.0,TN3K,1,1,trapA,trapA,yes,yes,1.0,trapA,False,True,False
tr_0779,tr_0779,1,artifact_free,False,True,,TN3K,0,0,artifact_free,artifact_free,no,no,0.0,artifact_free,False,True,False
tr_0758,tr_0758,1,artifact_free,False,True,,TN3K,0,0,artifact_free,artifact_free,no,no,0.0,artifact_free,False,True,False
tr_1263,tr_1263,0,trapA,True,False,0.5263157894736842,TN3K,1,0,trapB,trapB,yes,yes,1.0,trapA,True,False,False
tr_1046,tr_1046,0,artifact_free,False,True,,TN3K,0,0,artifact_free,artifact_free,no,no,0.0,artifact_free,False,True,False
tr_0136,tr_0136,0,artifact_free,False,True,,TN3K,0,0,artifact_free,artifact_free,yes,no,1.0,trapB,True,False,False
tr_1651,tr_1651,0,trapB,True,False,0.0,TN3K,0,0,artifact_free,artifact_free,yes,no,1.0,trapB,True,False,False
tr_1152,tr_1152,0,artifact_free,False,True,,TN3K,0,0,artifact_free,artifact_free,yes,no,1.0,trapB,True,False,False
tr_1622,tr_1622,1,artifact_free,False,True,,TN3K,0,0,artifact_free,artifact_free,no,no,0.0,artifact_free,False,True,False
tr_2372,tr_2372,0,trapA,True,False,0.7801418439716312,TN3K,1,1,trapA,trapA,yes,yes,1.0,trapA,False,True,False
tr_1238,tr_1238,0,artifact_free,False,True,,TN3K,0,0,artifact_free,artifact_free,no,no,0.0,artifact_free,False,True,False
tr_1812,tr_1812,0,artifact_free,False,True,,TN3K,0,0,artifact_free,artifact_free,yes,no,1.0,trapB,True,False,False
tr_1691,tr_1691,0,artifact_free,False,True,,TN3K,0,0,artifact_free,artifact_free,no,no,0.0,artifact_free,False,True,False
tr_1314,tr_1314,0,artifact_free,False,True,,TN3K,0,0,artifact_free,artifact_free,no,no,0.0,artifact_free,False,True,False
tr_1131,tr_1131,0,artifact_free,False,True,,TN3K,0,0,artifact_free,artifact_free,no,no,0.0,artifact_free,False,True,False
tr_2847,tr_2847,1,artifact_free,False,True,,TN3K,0,0,artifact_free,artifact_free,no,no,0.0,artifact_free,False,True,False
tr_2554,tr_2554,0,artifact_free,False,True,,TN3K,0,0,artifact_free,artifact_free,no,no,0.0,artifact_free,False,True,False
tr_2088,tr_2088,1,artifact_free,False,True,,TN3K,0,0,artifact_free,artifact_free,no,no,0.0,artifact_free,False,True,False
tr_0751,tr_0751,1,artifact_free,False,True,,TN3K,0,0,artifact_free,artifact_free,no,no,0.0,artifact_free,False,True,False
tr_0794,tr_0794,1,trapA,True,False,0.912280701754386,TN3K,1,1,trapA,trapA,yes,no,1.0,trapB,True,False,False
tr_2378,tr_2378,0,artifact_free,False,True,,TN3K,0,0,artifact_free,artifact_free,no,no,0.0,artifact_free,False,True,False
tr_2615,tr_2615,0,artifact_free,False,True,,TN3K,0,0,artifact_free,artifact_free,no,no,0.0,artifact_free,False,True,False
tr_1289,tr_1289,0,trapA,True,False,0.9939698492462312,TN3K,0,0,artifact_free,artifact_free,yes,no,1.0,trapB,True,False,False
tr_2120,tr_2120,1,trapA,True,False,0.7791208791208791,TN3K,1,1,trapA,trapA,yes,yes,1.0,trapA,False,True,False
tr_1024,tr_1024,0,artifact_free,False,True,,TN3K,0,0,artifact_free,artifact_free,no,no,0.0,artifact_free,False,True,False
tr_0420,tr_0420,0,trapA,True,False,1.0,TN3K,0,0,artifact_free,artifact_free,yes,no,1.0,trapB,True,False,False
tr_0988,tr_0988,0,trapB,True,False,0.0,TN3K,0,0,artifact_free,artifact_free,yes,no,1.0,trapB,True,False,False
tr_0709,tr_0709,1,trapB,True,False,0.0,TN3K,0,0,artifact_free,artifact_free,no,no,0.0,artifact_free,True,False,False
tr_1384,tr_1384,0,artifact_free,False,True,,TN3K,0,0,artifact_free,artifact_free,yes,no,1.0,trapB,True,False,False
tr_0516,tr_0516,0,artifact_free,False,True,,TN3K,0,0,artifact_free,artifact_free,no,no,0.0,artifact_free,False,True,False
tr_0300,tr_0300,0,trapA,True,False,1.0,TN3K,0,0,artifact_free,artifact_free,yes,yes,1.0,trapA,True,False,False
tr_1648,tr_1648,0,trapA,True,False,0.5170068027210885,TN3K,1,1,trapA,trapA,yes,yes,1.0,trapA,False,True,False
tr_2859,tr_2859,1,artifact_free,False,True,,TN3K,0,0,artifact_free,artifact_free,no,no,0.0,artifact_free,False,True,False
tr_0861,tr_0861,1,artifact_free,False,True,,TN3K,0,0,artifact_free,artifact_free,yes,no,1.0,trapB,True,False,False
tr_2844,tr_2844,1,artifact_free,False,True,,TN3K,0,0,artifact_free,artifact_free,no,no,0.0,artifact_free,False,True,False
tr_1409,tr_1409,1,artifact_free,False,True,,TN3K,0,0,artifact_free,artifact_free,yes,no,1.0,trapB,True,False,False
tr_0369,tr_0369,0,trapA,True,False,0.7265625,TN3K,0,0,artifact_free,artifact_free,yes,no,1.0,trapB,True,False,False
tr_0504,tr_0504,0,artifact_free,False,True,,TN3K,0,0,artifact_free,artifact_free,yes,no,1.0,trapB,True,False,False
tr_1881,tr_1881,0,artifact_free,False,True,,TN3K,0,0,artifact_free,artifact_free,no,no,0.0,artifact_free,False,True,False
tr_1362,tr_1362,0,artifact_free,False,True,,TN3K,0,0,artifact_free,artifact_free,no,no,0.0,artifact_free,False,True,False
tr_1380,tr_1380,0,artifact_free,False,True,,TN3K,0,0,artifact_free,artifact_free,no,no,0.0,artifact_free,False,True,False
tr_1757,tr_1757,0,artifact_free,False,True,,TN3K,0,0,artifact_free,artifact_free,no,no,0.0,artifact_free,False,True,False
tr_2678,tr_2678,1,artifact_free,False,True,,TN3K,0,0,artifact_free,artifact_free,no,no,0.0,artifact_free,False,True,False
tr_1758,tr_1758,0,artifact_free,False,True,,TN3K,0,0,artifact_free,artifact_free,no,no,0.0,artifact_free,False,True,False
tr_0348,tr_0348,0,artifact_free,False,True,,TN3K,0,0,artifact_free,artifact_free,no,no,0.0,artifact_free,False,True,False
tr_1645,tr_1645,0,trapA,True,False,0.9854014598540146,TN3K,0,0,artifact_free,artifact_free,yes,no,1.0,trapB,True,False,False
tr_2488,tr_2488,0,trapA,True,False,0.9362549800796812,TN3K,1,1,trapA,trapA,yes,yes,1.0,trapA,False,True,False
tr_1817,tr_1817,0,artifact_free,False,True,,TN3K,0,0,artifact_free,artifact_free,no,no,0.0,artifact_free,False,True,False
tr_2351,tr_2351,0,artifact_free,False,True,,TN3K,0,0,artifact_free,artifact_free,no,no,0.0,artifact_free,False,True,False
tr_0450,tr_0450,0,trapA,True,False,0.5555555555555556,TN3K,1,1,trapA,trapA,yes,yes,1.0,trapA,False,True,False
tr_1679,tr_1679,0,artifact_free,False,True,,TN3K,0,0,artifact_free,artifact_free,yes,no,1.0,trapB,True,False,False
tr_0657,tr_0657,0,artifact_free,False,True,,TN3K,0,0,artifact_free,artifact_free,no,no,0.0,artifact_free,False,True,False
tr_2083,tr_2083,1,trapB,True,False,0.0,TN3K,1,0,trapB,trapB,yes,no,1.0,trapB,False,True,False
tr_2319,tr_2319,0,artifact_free,False,True,,TN3K,0,0,artifact_free,artifact_free,no,no,0.0,artifact_free,False,True,False
tr_1846,tr_1846,0,trapB,True,False,0.0,TN3K,0,0,artifact_free,artifact_free,no,no,0.0,artifact_free,True,False,False
tr_2140,tr_2140,1,trapA,True,False,0.9682741116751268,TN3K,1,1,trapA,trapA,yes,yes,1.0,trapA,False,True,False
tr_2301,tr_2301,0,trapA,True,False,0.9566179725542276,TN3K,0,0,artifact_free,artifact_free,yes,no,1.0,trapB,True,False,False
tr_2196,tr_2196,1,trapB,True,False,0.0,TN3K,0,0,artifact_free,artifact_free,yes,no,1.0,trapB,True,False,False
tr_0579,tr_0579,0,trapB,True,False,0.0,TN3K,1,1,trapA,trapA,yes,no,1.0,trapB,True,False,False
tr_1116,tr_1116,0,artifact_free,False,True,,TN3K,0,0,artifact_free,artifact_free,no,no,0.0,artifact_free,False,True,False
tr_2717,tr_2717,1,trapB,True,False,0.0,TN3K,1,0,trapB,trapB,yes,yes,1.0,trapA,True,False,False
tr_0714,tr_0714,1,artifact_free,False,True,,TN3K,0,0,artifact_free,artifact_free,no,no,0.0,artifact_free,False,True,False
tr_2367,tr_2367,0,artifact_free,False,True,,TN3K,0,0,artifact_free,artifact_free,no,no,0.0,artifact_free,False,True,False
tr_1704,tr_1704,0,trapB,True,False,0.0,TN3K,0,0,artifact_free,artifact_free,yes,yes,1.0,trapA,True,False,False
tr_0904,tr_0904,1,artifact_free,False,True,,TN3K,0,0,artifact_free,artifact_free,yes,no,1.0,trapB,True,False,False
tr_1798,tr_1798,0,trapA,True,False,0.5851528384279476,TN3K,0,0,artifact_free,artifact_free,yes,no,1.0,trapB,True,False,False
tr_2061,tr_2061,1,artifact_free,False,True,,TN3K,0,0,artifact_free,artifact_free,no,no,0.0,artifact_free,False,True,False
tr_2283,tr_2283,0,artifact_free,False,True,,TN3K,1,0,trapB,trapB,yes,yes,1.0,trapA,True,False,False
tr_1529,tr_1529,1,artifact_free,False,True,,TN3K,0,0,artifact_free,artifact_free,no,no,0.0,artifact_free,False,True,False
tr_1781,tr_1781,0,trapA,True,False,0.5437352245862884,TN3K,1,0,trapB,trapB,yes,yes,1.0,trapA,True,False,False
tr_1387,tr_1387,0,trapA,True,False,0.9682377049180328,TN3K,1,1,trapA,trapA,yes,yes,1.0,trapA,False,True,False
tr_1631,tr_1631,0,artifact_free,False,True,,TN3K,0,0,artifact_free,artifact_free,yes,no,1.0,trapB,True,False,False
tr_0780,tr_0780,1,artifact_free,False,True,,TN3K,0,0,artifact_free,artifact_free,no,no,0.0,artifact_free,False,True,False
tr_0333,tr_0333,0,artifact_free,False,True,,TN3K,0,0,artifact_free,artifact_free,no,no,0.0,artifact_free,False,True,False
tr_2850,tr_2850,1,artifact_free,False,True,,TN3K,0,0,artifact_free,artifact_free,no,no,0.0,artifact_free,False,True,False
tr_2157,tr_2157,1,artifact_free,False,True,,TN3K,0,0,artifact_free,artifact_free,no,no,0.0,artifact_free,False,True,False
tr_0565,tr_0565,0,trapA,True,False,0.8260869565217391,TN3K,1,1,trapA,trapA,yes,yes,1.0,trapA,False,True,False
tr_0996,tr_0996,0,artifact_free,False,True,,TN3K,0,0,artifact_free,artifact_free,no,no,0.0,artifact_free,False,True,False
tr_2325,tr_2325,0,artifact_free,False,True,,TN3K,0,0,artifact_free,artifact_free,yes,no,1.0,trapB,True,False,False
tr_0696,tr_0696,0,trapA,True,False,0.6842105263157895,TN3K,0,0,artifact_free,artifact_free,yes,no,1.0,trapB,True,False,False
tr_1780,tr_1780,0,trapA,True,False,0.9475409836065574,TN3K,1,1,trapA,trapA,yes,yes,1.0,trapA,False,True,False
tr_1272,tr_1272,0,artifact_free,False,True,,TN3K,0,0,artifact_free,artifact_free,yes,no,1.0,trapB,True,False,False
tr_0115,tr_0115,0,trapA,True,False,0.711340206185567,TN3K,0,0,artifact_free,artifact_free,yes,no,1.0,trapB,True,False,False
tr_0536,tr_0536,0,artifact_free,False,True,,TN3K,0,0,artifact_free,artifact_free,no,no,0.0,artifact_free,False,True,False
tr_1454,tr_1454,1,artifact_free,False,True,,TN3K,0,0,artifact_free,artifact_free,no,no,0.0,artifact_free,False,True,False
tr_2308,tr_2308,0,artifact_free,False,True,,TN3K,0,0,artifact_free,artifact_free,no,no,0.0,artifact_free,False,True,False
tr_2698,tr_2698,1,trapB,True,False,0.0240384615384615,TN3K,1,0,trapB,trapB,yes,no,1.0,trapB,False,True,False
tr_1821,tr_1821,0,artifact_free,False,True,,TN3K,0,0,artifact_free,artifact_free,no,no,0.0,artifact_free,False,True,False
tr_0977,tr_0977,0,artifact_free,False,True,,TN3K,0,0,artifact_free,artifact_free,no,no,0.0,artifact_free,False,True,False
tr_2098,tr_2098,1,artifact_free,False,True,,TN3K,0,0,artifact_free,artifact_free,yes,yes,1.0,trapA,True,False,False
tr_0540,tr_0540,0,trapA,True,False,0.8666666666666667,TN3K,0,0,artifact_free,artifact_free,yes,no,1.0,trapB,True,False,False
tr_2280,tr_2280,1,artifact_free,False,True,,TN3K,0,0,artifact_free,artifact_free,no,no,0.0,artifact_free,False,True,False
tr_0643,tr_0643,0,trapA,True,False,0.8919182083739046,TN3K,1,0,trapB,trapB,yes,yes,1.0,trapA,True,False,False
tr_0038,tr_0038,0,trapA,True,False,1.0,TN3K,0,0,artifact_free,artifact_free,yes,yes,1.0,trapA,True,False,False
tr_1094,tr_1094,0,trapA,True,False,0.8227272727272728,TN3K,0,0,artifact_free,artifact_free,yes,no,1.0,trapB,True,False,False
tr_2664,tr_2664,0,trapA,True,False,0.8370689655172414,TN3K,0,0,artifact_free,artifact_free,yes,yes,1.0,trapA,True,False,False
tr_1194,tr_1194,0,trapA,True,False,1.0,TN3K,1,1,trapA,trapA,yes,no,1.0,trapB,True,False,False
tr_2032,tr_2032,1,mid,True,False,0.2906192519926425,TN3K,0,0,artifact_free,artifact_free,yes,no,1.0,trapB,True,False,False
tr_0063,tr_0063,0,artifact_free,False,True,,TN3K,0,0,artifact_free,artifact_free,yes,no,1.0,trapB,True,False,False
tr_0182,tr_0182,0,artifact_free,False,True,,TN3K,0,0,artifact_free,artifact_free,yes,yes,1.0,trapA,True,False,False
tr_1338,tr_1338,0,trapA,True,False,1.0,TN3K,1,1,trapA,trapA,yes,yes,1.0,trapA,False,True,False
tr_2111,tr_2111,1,artifact_free,False,True,,TN3K,0,0,artifact_free,artifact_free,no,no,0.0,artifact_free,False,True,False
tr_0782,tr_0782,1,trapA,True,False,1.0,TN3K,0,0,artifact_free,artifact_free,yes,no,1.0,trapB,True,False,False
tr_0941,tr_0941,1,artifact_free,False,True,,TN3K,0,0,artifact_free,artifact_free,no,no,0.0,artifact_free,False,True,False
tr_2013,tr_2013,1,artifact_free,False,True,,TN3K,0,0,artifact_free,artifact_free,yes,no,1.0,trapB,True,False,False
tr_0486,tr_0486,0,artifact_free,False,True,,TN3K,0,0,artifact_free,artifact_free,no,no,0.0,artifact_free,False,True,False
tr_0417,tr_0417,0,artifact_free,False,True,,TN3K,0,0,artifact_free,artifact_free,yes,no,1.0,trapB,True,False,False
tr_0172,tr_0172,0,artifact_free,False,True,,TN3K,0,0,artifact_free,artifact_free,no,no,0.0,artifact_free,False,True,False
tr_2359,tr_2359,0,artifact_free,False,True,,TN3K,0,0,artifact_free,artifact_free,no,no,0.0,artifact_free,False,True,False
tr_1872,tr_1872,0,artifact_free,False,True,,TN3K,0,0,artifact_free,artifact_free,no,no,0.0,artifact_free,False,True,False
tr_0559,tr_0559,0,trapA,True,False,0.8627946127946128,TN3K,1,1,trapA,trapA,yes,no,1.0,trapB,True,False,False
tr_0989,tr_0989,0,artifact_free,False,True,,TN3K,0,0,artifact_free,artifact_free,no,no,0.0,artifact_free,False,True,False
tr_1093,tr_1093,0,artifact_free,False,True,,TN3K,0,0,artifact_free,artifact_free,no,no,0.0,artifact_free,False,True,False
tr_1498,tr_1498,1,artifact_free,False,True,,TN3K,0,0,artifact_free,artifact_free,no,no,0.0,artifact_free,False,True,False
tr_1720,tr_1720,0,trapA,True,False,0.8321554770318021,TN3K,0,0,artifact_free,artifact_free,yes,no,1.0,trapB,True,False,False
tr_2648,tr_2648,0,artifact_free,False,True,,TN3K,0,0,artifact_free,artifact_free,yes,no,1.0,trapB,True,False,False
tr_0972,tr_0972,0,trapA,True,False,1.0,TN3K,0,0,artifact_free,artifact_free,yes,no,1.0,trapB,True,False,False
tr_2348,tr_2348,0,trapB,True,False,0.0,TN3K,1,0,trapB,trapB,yes,no,1.0,trapB,False,True,False
tr_0199,tr_0199,0,trapA,True,False,0.9523470839260312,TN3K,1,1,trapA,trapA,yes,yes,1.0,trapA,False,True,False
tr_1281,tr_1281,0,trapA,True,False,0.9144893111638956,TN3K,0,0,artifact_free,artifact_free,yes,no,1.0,trapB,True,False,False
tr_1953,tr_1953,0,trapA,True,False,0.5016949152542373,TN3K,1,0,trapB,trapB,yes,yes,1.0,trapA,True,False,False
tr_2781,tr_2781,1,artifact_free,False,True,,TN3K,0,0,artifact_free,artifact_free,no,no,0.0,artifact_free,False,True,False
tr_0224,tr_0224,0,artifact_free,False,True,,TN3K,0,0,artifact_free,artifact_free,no,no,0.0,artifact_free,False,True,False
tr_0912,tr_0912,1,trapA,True,False,0.7158931082981715,TN3K,1,1,trapA,trapA,yes,yes,1.0,trapA,False,True,False
tr_1660,tr_1660,0,artifact_free,False,True,,TN3K,0,0,artifact_free,artifact_free,yes,no,1.0,trapB,True,False,False
tr_2440,tr_2440,0,trapB,True,False,0.0,TN3K,0,0,artifact_free,artifact_free,yes,no,1.0,trapB,True,False,False
tr_0898,tr_0898,1,trapB,True,False,0.0,TN3K,0,0,artifact_free,artifact_free,no,no,0.0,artifact_free,True,False,False
tr_0169,tr_0169,0,trapA,True,False,0.9612676056338028,TN3K,1,1,trapA,trapA,yes,yes,1.0,trapA,False,True,False
tr_1138,tr_1138,0,trapA,True,False,0.975929978118162,TN3K,0,0,artifact_free,artifact_free,yes,no,1.0,trapB,True,False,False
tr_1752,tr_1752,0,artifact_free,False,True,,TN3K,0,0,artifact_free,artifact_free,yes,no,1.0,trapB,True,False,False
tr_1948,tr_1948,0,artifact_free,False,True,,TN3K,0,0,artifact_free,artifact_free,no,no,0.0,artifact_free,False,True,False
tr_1884,tr_1884,0,trapA,True,False,0.6159346271705822,TN3K,0,0,artifact_free,artifact_free,yes,no,1.0,trapB,True,False,False
tr_1988,tr_1988,0,trapA,True,False,0.8020247469066367,TN3K,1,0,trapB,trapB,yes,yes,1.0,trapA,True,False,False
tr_1078,tr_1078,0,mid,True,False,0.4838709677419355,TN3K,1,1,trapA,trapA,yes,yes,1.0,trapA,False,True,False
tr_2480,tr_2480,0,artifact_free,False,True,,TN3K,0,0,artifact_free,artifact_free,no,no,0.0,artifact_free,False,True,False
tr_0884,tr_0884,1,artifact_free,False,True,,TN3K,0,0,artifact_free,artifact_free,no,no,0.0,artifact_free,False,True,False
tr_1724,tr_1724,0,trapA,True,False,0.8985294117647059,TN3K,1,1,trapA,trapA,yes,yes,1.0,trapA,False,True,False
tr_2100,tr_2100,1,artifact_free,False,True,,TN3K,1,1,trapA,trapA,yes,no,1.0,trapB,True,False,False
tr_2702,tr_2702,1,trapB,True,False,0.0,TN3K,0,0,artifact_free,artifact_free,yes,no,1.0,trapB,True,False,False
tr_0077,tr_0077,0,trapA,True,False,0.8405797101449275,TN3K,1,1,trapA,trapA,yes,yes,1.0,trapA,False,True,False
tr_1156,tr_1156,0,mid,True,False,0.2936170212765957,TN3K,0,0,artifact_free,artifact_free,yes,no,1.0,trapB,True,False,False
tr_0160,tr_0160,0,artifact_free,False,True,,TN3K,0,0,artifact_free,artifact_free,no,no,0.0,artifact_free,False,True,False
tr_1018,tr_1018,0,artifact_free,False,True,,TN3K,0,0,artifact_free,artifact_free,no,no,0.0,artifact_free,False,True,False
tr_2171,tr_2171,1,artifact_free,False,True,,TN3K,0,0,artifact_free,artifact_free,no,no,0.0,artifact_free,False,True,False
tr_1185,tr_1185,0,trapA,True,False,0.9068684516880092,TN3K,1,1,trapA,trapA,yes,yes,1.0,trapA,False,True,False
tr_1949,tr_1949,0,mid,True,False,0.4838709677419355,TN3K,1,1,trapA,trapA,yes,no,1.0,trapB,False,True,False
tr_0271,tr_0271,0,trapA,True,False,1.0,TN3K,1,1,trapA,trapA,yes,yes,1.0,trapA,False,True,False
tr_2491,tr_2491,0,artifact_free,False,True,,TN3K,0,0,artifact_free,artifact_free,no,no,0.0,artifact_free,False,True,False
tr_2069,tr_2069,1,artifact_free,False,True,,TN3K,0,0,artifact_free,artifact_free,no,no,0.0,artifact_free,False,True,False
tr_0341,tr_0341,0,trapA,True,False,0.8496332518337408,TN3K,0,0,artifact_free,artifact_free,yes,yes,1.0,trapA,True,False,False
tr_1184,tr_1184,0,trapA,True,False,0.8301435406698564,TN3K,1,1,trapA,trapA,yes,yes,1.0,trapA,False,True,False
tr_0443,tr_0443,0,trapA,True,False,0.9419795221843004,TN3K,0,0,artifact_free,artifact_free,yes,yes,1.0,trapA,True,False,False
tr_2569,tr_2569,0,artifact_free,False,True,,TN3K,0,0,artifact_free,artifact_free,yes,no,1.0,trapB,True,False,False
tr_1481,tr_1481,1,artifact_free,False,True,,TN3K,0,0,artifact_free,artifact_free,no,no,0.0,artifact_free,False,True,False
tr_2494,tr_2494,0,artifact_free,False,True,,TN3K,0,0,artifact_free,artifact_free,no,no,0.0,artifact_free,False,True,False
tr_1457,tr_1457,1,artifact_free,False,True,,TN3K,0,0,artifact_free,artifact_free,no,no,0.0,artifact_free,False,True,False
tr_0498,tr_0498,0,artifact_free,False,True,,TN3K,0,0,artifact_free,artifact_free,no,no,0.0,artifact_free,False,True,False
tr_0183,tr_0183,0,trapA,True,False,1.0,TN3K,0,0,artifact_free,artifact_free,yes,yes,1.0,trapA,True,False,False
tr_1286,tr_1286,0,trapA,True,False,0.8945841392649904,TN3K,1,1,trapA,trapA,yes,yes,1.0,trapA,False,True,False
tr_1783,tr_1783,0,trapB,True,False,0.0,TN3K,1,0,trapB,trapB,yes,yes,1.0,trapA,True,False,False
tr_2346,tr_2346,0,artifact_free,False,True,,TN3K,0,0,artifact_free,artifact_free,no,no,0.0,artifact_free,False,True,False
tr_0234,tr_0234,0,artifact_free,False,True,,TN3K,0,0,artifact_free,artifact_free,no,no,0.0,artifact_free,False,True,False
tr_0746,tr_0746,1,trapA,True,False,0.8104059913283406,TN3K,1,0,trapB,trapB,yes,no,1.0,trapB,True,False,False
tr_1293,tr_1293,0,artifact_free,False,True,,TN3K,0,0,artifact_free,artifact_free,no,no,0.0,artifact_free,False,True,False
tr_1814,tr_1814,0,artifact_free,False,True,,TN3K,0,0,artifact_free,artifact_free,no,no,0.0,artifact_free,False,True,False
tr_2835,tr_2835,1,artifact_free,False,True,,TN3K,0,0,artifact_free,artifact_free,no,no,0.0,artifact_free,False,True,False
tr_0824,tr_0824,1,trapA,True,False,0.8167202572347267,TN3K,0,0,artifact_free,artifact_free,yes,no,1.0,trapB,True,False,False
tr_2793,tr_2793,1,artifact_free,False,True,,TN3K,1,0,trapB,trapB,no,no,0.0,artifact_free,True,False,False
tr_0719,tr_0719,1,artifact_free,False,True,,TN3K,0,0,artifact_free,artifact_free,no,no,0.0,artifact_free,False,True,False
tr_1006,tr_1006,0,artifact_free,False,True,,TN3K,0,0,artifact_free,artifact_free,no,no,0.0,artifact_free,False,True,False
tr_1852,tr_1852,0,artifact_free,False,True,,TN3K,0,0,artifact_free,artifact_free,yes,no,1.0,trapB,True,False,False
tr_1769,tr_1769,0,artifact_free,False,True,,TN3K,0,0,artifact_free,artifact_free,no,no,0.0,artifact_free,False,True,False
tr_2475,tr_2475,0,trapB,True,False,0.0,TN3K,0,0,artifact_free,artifact_free,yes,no,1.0,trapB,True,False,False
tr_0099,tr_0099,0,trapA,True,False,1.0,TN3K,1,1,trapA,trapA,no,no,0.0,artifact_free,True,False,False
tr_2345,tr_2345,0,artifact_free,False,True,,TN3K,0,0,artifact_free,artifact_free,no,no,0.0,artifact_free,False,True,False
tr_0340,tr_0340,0,artifact_free,False,True,,TN3K,0,0,artifact_free,artifact_free,no,no,0.0,artifact_free,False,True,False
tr_1611,tr_1611,1,artifact_free,False,True,,TN3K,0,0,artifact_free,artifact_free,no,no,0.0,artifact_free,False,True,False
tr_1025,tr_1025,0,trapA,True,False,1.0,TN3K,1,1,trapA,trapA,yes,yes,1.0,trapA,False,True,False
tr_0679,tr_0679,0,trapB,True,False,0.0,TN3K,0,0,artifact_free,artifact_free,yes,no,1.0,trapB,True,False,False
tr_1008,tr_1008,0,mid,True,False,0.1384715871979098,TN3K,1,0,trapB,trapB,yes,no,1.0,trapB,False,True,False
tr_0251,tr_0251,0,artifact_free,False,True,,TN3K,0,0,artifact_free,artifact_free,no,no,0.0,artifact_free,False,True,False
tr_2274,tr_2274,1,artifact_free,False,True,,TN3K,0,0,artifact_free,artifact_free,yes,no,1.0,trapB,True,False,False
tr_0554,tr_0554,0,trapA,True,False,0.8906560636182903,TN3K,0,0,artifact_free,artifact_free,yes,no,1.0,trapB,True,False,False
tr_2697,tr_2697,1,artifact_free,False,True,,TN3K,0,0,artifact_free,artifact_free,no,no,0.0,artifact_free,False,True,False
tr_0080,tr_0080,0,artifact_free,False,True,,TN3K,0,0,artifact_free,artifact_free,yes,no,1.0,trapB,True,False,False
tr_0155,tr_0155,0,trapA,True,False,0.6026962727993656,TN3K,0,0,artifact_free,artifact_free,yes,no,1.0,trapB,True,False,False
tr_1201,tr_1201,0,trapA,True,False,0.9341463414634148,TN3K,0,0,artifact_free,artifact_free,yes,no,1.0,trapB,True,False,False
tr_2534,tr_2534,0,trapA,True,False,0.7446428571428572,TN3K,1,1,trapA,trapA,yes,yes,1.0,trapA,False,True,False
tr_2352,tr_2352,0,artifact_free,False,True,,TN3K,0,0,artifact_free,artifact_free,no,no,0.0,artifact_free,False,True,False
tr_2693,tr_2693,1,trapB,True,False,0.0,TN3K,1,0,trapB,trapB,yes,no,1.0,trapB,False,True,False
tr_1158,tr_1158,0,trapA,True,False,0.7151750972762646,TN3K,0,0,artifact_free,artifact_free,yes,yes,1.0,trapA,True,False,False
tr_1834,tr_1834,0,trapA,True,False,0.891941391941392,TN3K,1,1,trapA,trapA,yes,yes,1.0,trapA,False,True,False
tr_1743,tr_1743,0,trapA,True,False,0.7508196721311475,TN3K,0,0,artifact_free,artifact_free,yes,no,1.0,trapB,True,False,False
tr_1592,tr_1592,1,mid,True,False,0.4770642201834862,TN3K,0,0,artifact_free,artifact_free,yes,no,1.0,trapB,True,False,False
tr_0135,tr_0135,0,trapB,True,False,0.0,TN3K,0,0,artifact_free,artifact_free,yes,no,1.0,trapB,True,False,False
tr_0049,tr_0049,0,trapA,True,False,0.9072847682119204,TN3K,1,1,trapA,trapA,yes,yes,1.0,trapA,False,True,False
tr_0055,tr_0055,0,artifact_free,False,True,,TN3K,1,0,trapB,trapB,no,no,0.0,artifact_free,True,False,False
tr_0237,tr_0237,0,artifact_free,False,True,,TN3K,0,0,artifact_free,artifact_free,no,no,0.0,artifact_free,False,True,False
tr_0503,tr_0503,0,artifact_free,False,True,,TN3K,0,0,artifact_free,artifact_free,yes,no,1.0,trapB,True,False,False
tr_0277,tr_0277,0,artifact_free,False,True,,TN3K,0,0,artifact_free,artifact_free,no,no,0.0,artifact_free,False,True,False
tr_2376,tr_2376,0,trapA,True,False,1.0,TN3K,1,1,trapA,trapA,yes,no,1.0,trapB,True,False,False
tr_0766,tr_0766,1,artifact_free,False,True,,TN3K,0,0,artifact_free,artifact_free,no,no,0.0,artifact_free,False,True,False
tr_0210,tr_0210,0,trapA,True,False,0.8811659192825112,TN3K,0,0,artifact_free,artifact_free,yes,no,1.0,trapB,True,False,False
tr_0846,tr_0846,1,artifact_free,False,True,,TN3K,0,0,artifact_free,artifact_free,yes,no,1.0,trapB,True,False,False
tr_2552,tr_2552,0,artifact_free,False,True,,TN3K,0,0,artifact_free,artifact_free,no,no,0.0,artifact_free,False,True,False
tr_2765,tr_2765,1,artifact_free,False,True,,TN3K,0,0,artifact_free,artifact_free,no,no,0.0,artifact_free,False,True,False
tr_1595,tr_1595,1,artifact_free,False,True,,TN3K,0,0,artifact_free,artifact_free,no,no,0.0,artifact_free,False,True,False
tr_1153,tr_1153,0,trapA,True,False,0.5504201680672269,TN3K,0,0,artifact_free,artifact_free,yes,no,1.0,trapB,True,False,False
tr_2074,tr_2074,1,trapA,True,False,0.9819494584837544,TN3K,1,1,trapA,trapA,yes,yes,1.0,trapA,False,True,False
tr_2444,tr_2444,0,artifact_free,False,True,,TN3K,0,0,artifact_free,artifact_free,yes,no,1.0,trapB,True,False,False
tr_2636,tr_2636,0,artifact_free,False,True,,TN3K,0,0,artifact_free,artifact_free,yes,no,1.0,trapB,True,False,False
tr_0456,tr_0456,0,artifact_free,False,True,,TN3K,0,0,artifact_free,artifact_free,no,no,0.0,artifact_free,False,True,False
tr_0308,tr_0308,0,artifact_free,False,True,,TN3K,0,0,artifact_free,artifact_free,no,no,0.0,artifact_free,False,True,False
tr_2300,tr_2300,0,artifact_free,False,True,,TN3K,0,0,artifact_free,artifact_free,no,no,0.0,artifact_free,False,True,False
tr_1142,tr_1142,0,trapA,True,False,0.7664670658682635,TN3K,1,1,trapA,trapA,yes,yes,1.0,trapA,False,True,False
tr_2490,tr_2490,0,trapA,True,False,0.9230769230769232,TN3K,0,0,artifact_free,artifact_free,yes,no,1.0,trapB,True,False,False
tr_1796,tr_1796,0,trapA,True,False,0.9798994974874372,TN3K,1,1,trapA,trapA,yes,yes,1.0,trapA,False,True,False
tr_1543,tr_1543,1,artifact_free,False,True,,TN3K,0,0,artifact_free,artifact_free,no,no,0.0,artifact_free,False,True,False
tr_0113,tr_0113,0,trapA,True,False,1.0,TN3K,0,0,artifact_free,artifact_free,yes,no,1.0,trapB,True,False,False
tr_1360,tr_1360,0,trapA,True,False,0.8571428571428571,TN3K,0,0,artifact_free,artifact_free,yes,no,1.0,trapB,True,False,False
tr_0921,tr_0921,1,artifact_free,False,True,,TN3K,0,0,artifact_free,artifact_free,yes,no,1.0,trapB,True,False,False
tr_1542,tr_1542,1,artifact_free,False,True,,TN3K,0,0,artifact_free,artifact_free,no,no,0.0,artifact_free,False,True,False
tr_0356,tr_0356,0,artifact_free,False,True,,TN3K,0,0,artifact_free,artifact_free,no,no,0.0,artifact_free,False,True,False
tr_1339,tr_1339,0,artifact_free,False,True,,TN3K,0,0,artifact_free,artifact_free,no,no,0.0,artifact_free,False,True,False
tr_2406,tr_2406,0,mid,True,False,0.3711340206185567,TN3K,1,0,trapB,trapB,yes,yes,1.0,trapA,False,True,False
tr_0613,tr_0613,0,trapA,True,False,0.916083916083916,TN3K,0,0,artifact_free,artifact_free,yes,no,1.0,trapB,True,False,False
tr_0602,tr_0602,0,trapA,True,False,0.6863084922010398,TN3K,1,1,trapA,trapA,yes,yes,1.0,trapA,False,True,False
tr_0591,tr_0591,0,trapB,True,False,0.0069868995633187,TN3K,0,0,artifact_free,artifact_free,yes,no,1.0,trapB,True,False,False
tr_1549,tr_1549,1,trapB,True,False,0.0,TN3K,0,0,artifact_free,artifact_free,yes,no,1.0,trapB,True,False,False
tr_2024,tr_2024,1,artifact_free,False,True,,TN3K,0,0,artifact_free,artifact_free,no,no,0.0,artifact_free,False,True,False
tr_1251,tr_1251,0,artifact_free,False,True,,TN3K,0,0,artifact_free,artifact_free,yes,no,1.0,trapB,True,False,False
tr_2611,tr_2611,0,artifact_free,False,True,,TN3K,0,0,artifact_free,artifact_free,no,no,0.0,artifact_free,False,True,False
tr_1700,tr_1700,0,trapB,True,False,0.0,TN3K,0,0,artifact_free,artifact_free,yes,no,1.0,trapB,True,False,False
tr_2402,tr_2402,0,artifact_free,False,True,,TN3K,0,0,artifact_free,artifact_free,no,no,0.0,artifact_free,False,True,False
tr_1369,tr_1369,0,trapA,True,False,0.7474815312290127,TN3K,1,1,trapA,trapA,yes,yes,1.0,trapA,False,True,False
tr_1291,tr_1291,0,artifact_free,False,True,,TN3K,0,0,artifact_free,artifact_free,no,no,0.0,artifact_free,False,True,False
tr_0334,tr_0334,0,trapB,True,False,0.0685920577617328,TN3K,1,0,trapB,trapB,yes,yes,1.0,trapA,True,False,False
tr_1119,tr_1119,0,artifact_free,False,True,,TN3K,0,0,artifact_free,artifact_free,no,no,0.0,artifact_free,False,True,False
tr_0192,tr_0192,0,trapA,True,False,1.0,TN3K,1,1,trapA,trapA,yes,yes,1.0,trapA,False,True,False
tr_1840,tr_1840,0,trapA,True,False,0.8452655889145496,TN3K,0,0,artifact_free,artifact_free,yes,no,1.0,trapB,True,False,False
tr_1557,tr_1557,1,artifact_free,False,True,,TN3K,0,0,artifact_free,artifact_free,no,no,0.0,artifact_free,False,True,False
tr_2707,tr_2707,1,artifact_free,False,True,,TN3K,0,0,artifact_free,artifact_free,no,no,0.0,artifact_free,False,True,False
tr_0246,tr_0246,0,trapA,True,False,1.0,TN3K,1,1,trapA,trapA,yes,yes,1.0,trapA,False,True,False
tr_0204,tr_0204,0,trapA,True,False,0.8342245989304813,TN3K,0,0,artifact_free,artifact_free,yes,no,1.0,trapB,True,False,False
tr_0119,tr_0119,0,artifact_free,False,True,,TN3K,0,0,artifact_free,artifact_free,no,no,0.0,artifact_free,False,True,False
tr_0737,tr_0737,1,trapA,True,False,0.9393258426966292,TN3K,0,0,artifact_free,artifact_free,yes,no,1.0,trapB,True,False,False
tr_2763,tr_2763,1,mid,True,False,0.105954465849387,TN3K,0,0,artifact_free,artifact_free,yes,no,1.0,trapB,True,False,False
tr_0408,tr_0408,0,trapA,True,False,0.8927738927738927,TN3K,1,1,trapA,trapA,yes,yes,1.0,trapA,False,True,False
tr_2114,tr_2114,1,trapA,True,False,0.8271221532091098,TN3K,1,1,trapA,trapA,yes,yes,1.0,trapA,False,True,False
tr_1319,tr_1319,0,trapA,True,False,0.8095238095238095,TN3K,1,0,trapB,trapB,yes,yes,1.0,trapA,True,False,False
tr_1708,tr_1708,0,artifact_free,False,True,,TN3K,0,0,artifact_free,artifact_free,no,no,0.0,artifact_free,False,True,False
tr_1301,tr_1301,0,trapA,True,False,0.6616161616161617,TN3K,1,1,trapA,trapA,yes,yes,1.0,trapA,False,True,False
tr_2722,tr_2722,1,trapA,True,False,0.7083333333333334,TN3K,1,1,trapA,trapA,yes,yes,1.0,trapA,False,True,False
tr_0491,tr_0491,0,trapA,True,False,0.9813432835820896,TN3K,0,0,artifact_free,artifact_free,yes,no,1.0,trapB,True,False,False
tr_0882,tr_0882,1,artifact_free,False,True,,TN3K,0,0,artifact_free,artifact_free,yes,no,1.0,trapB,True,False,False
tr_0452,tr_0452,0,trapA,True,False,0.8862433862433863,TN3K,0,0,artifact_free,artifact_free,yes,no,1.0,trapB,True,False,False
tr_2459,tr_2459,0,artifact_free,False,True,,TN3K,0,0,artifact_free,artifact_free,no,no,0.0,artifact_free,False,True,False
tr_1150,tr_1150,0,artifact_free,False,True,,TN3K,0,0,artifact_free,artifact_free,no,no,0.0,artifact_free,False,True,False
tr_1306,tr_1306,0,trapA,True,False,0.7826887661141805,TN3K,0,0,artifact_free,artifact_free,yes,yes,1.0,trapA,True,False,False
tr_2542,tr_2542,0,trapA,True,False,0.74140625,TN3K,1,0,trapB,trapB,yes,yes,1.0,trapA,True,False,False
tr_0993,tr_0993,0,trapA,True,False,0.8758815232722144,TN3K,1,1,trapA,trapA,yes,yes,1.0,trapA,False,True,False
tr_1161,tr_1161,0,artifact_free,False,True,,TN3K,0,0,artifact_free,artifact_free,yes,no,1.0,trapB,True,False,False
tr_0466,tr_0466,0,artifact_free,False,True,,TN3K,0,0,artifact_free,artifact_free,no,no,0.0,artifact_free,False,True,False
tr_1088,tr_1088,0,artifact_free,False,True,,TN3K,0,0,artifact_free,artifact_free,yes,no,1.0,trapB,True,False,False
tr_1075,tr_1075,0,trapA,True,False,0.8837209302325582,TN3K,0,0,artifact_free,artifact_free,yes,no,1.0,trapB,True,False,False
tr_1416,tr_1416,1,artifact_free,False,True,,TN3K,0,0,artifact_free,artifact_free,no,no,0.0,artifact_free,False,True,False
tr_0054,tr_0054,0,trapA,True,False,0.9929906542056076,TN3K,0,0,artifact_free,artifact_free,yes,no,1.0,trapB,True,False,False
tr_1183,tr_1183,0,artifact_free,False,True,,TN3K,0,0,artifact_free,artifact_free,no,no,0.0,artifact_free,False,True,False
tr_1489,tr_1489,1,trapA,True,False,0.8070175438596491,TN3K,1,1,trapA,trapA,yes,yes,1.0,trapA,False,True,False
tr_2456,tr_2456,0,artifact_free,False,True,,TN3K,0,0,artifact_free,artifact_free,no,no,0.0,artifact_free,False,True,False
tr_1989,tr_1989,0,trapA,True,False,0.7140425531914893,TN3K,1,0,trapB,trapB,yes,no,1.0,trapB,True,False,False
tr_1197,tr_1197,0,mid,True,False,0.2077393075356415,TN3K,1,0,trapB,trapB,yes,no,1.0,trapB,False,True,False
tr_2447,tr_2447,0,trapB,True,False,0.0,TN3K,0,0,artifact_free,artifact_free,no,no,0.0,artifact_free,True,False,False
tr_0644,tr_0644,0,trapB,True,False,0.0,TN3K,0,0,artifact_free,artifact_free,yes,no,1.0,trapB,True,False,False
tr_1818,tr_1818,0,trapA,True,False,0.9403636363636364,TN3K,0,0,artifact_free,artifact_free,yes,yes,1.0,trapA,True,False,False
tr_0190,tr_0190,0,artifact_free,False,True,,TN3K,0,0,artifact_free,artifact_free,no,no,0.0,artifact_free,False,True,False
tr_2190,tr_2190,1,artifact_free,False,True,,TN3K,0,0,artifact_free,artifact_free,no,no,0.0,artifact_free,False,True,False
tr_2519,tr_2519,0,mid,True,False,0.4628297362110312,TN3K,0,0,artifact_free,artifact_free,yes,no,1.0,trapB,True,False,False
tr_0997,tr_0997,0,trapB,True,False,0.0,TN3K,1,0,trapB,trapB,yes,yes,1.0,trapA,True,False,False
tr_2535,tr_2535,0,trapA,True,False,0.7965779467680608,TN3K,1,1,trapA,trapA,yes,no,1.0,trapB,True,False,False
tr_2379,tr_2379,0,artifact_free,False,True,,TN3K,0,0,artifact_free,artifact_free,no,no,0.0,artifact_free,False,True,False
tr_1381,tr_1381,0,artifact_free,False,True,,TN3K,0,0,artifact_free,artifact_free,no,no,0.0,artifact_free,False,True,False
tr_2476,tr_2476,0,mid,True,False,0.1097560975609756,TN3K,0,0,artifact_free,artifact_free,yes,no,1.0,trapB,True,False,False
tr_0329,tr_0329,0,artifact_free,False,True,,TN3K,0,0,artifact_free,artifact_free,yes,no,1.0,trapB,True,False,False
tr_1774,tr_1774,0,trapA,True,False,0.9826839826839828,TN3K,0,0,artifact_free,artifact_free,yes,no,1.0,trapB,True,False,False
tr_2567,tr_2567,0,artifact_free,False,True,,TN3K,0,0,artifact_free,artifact_free,yes,no,1.0,trapB,True,False,False
tr_2547,tr_2547,0,artifact_free,False,True,,TN3K,0,0,artifact_free,artifact_free,no,no,0.0,artifact_free,False,True,False
tr_2387,tr_2387,0,artifact_free,False,True,,TN3K,0,0,artifact_free,artifact_free,no,no,0.0,artifact_free,False,True,False
tr_2667,tr_2667,0,artifact_free,False,True,,TN3K,0,0,artifact_free,artifact_free,yes,no,1.0,trapB,True,False,False
tr_1365,tr_1365,0,trapA,True,False,0.8020565552699229,TN3K,1,0,trapB,trapB,yes,yes,1.0,trapA,True,False,False
tr_2513,tr_2513,0,artifact_free,False,True,,TN3K,0,0,artifact_free,artifact_free,yes,no,1.0,trapB,True,False,False
tr_0703,tr_0703,1,trapB,True,False,0.0,TN3K,1,0,trapB,trapB,yes,yes,1.0,trapA,True,False,False
tr_0209,tr_0209,0,artifact_free,False,True,,TN3K,0,0,artifact_free,artifact_free,yes,no,1.0,trapB,True,False,False
tr_0931,tr_0931,1,trapB,True,False,0.0,TN3K,1,0,trapB,trapB,yes,no,1.0,trapB,False,True,False
tr_1377,tr_1377,0,artifact_free,False,True,,TN3K,0,0,artifact_free,artifact_free,yes,no,1.0,trapB,True,False,False
tr_1835,tr_1835,0,trapA,True,False,0.7537688442211056,TN3K,0,0,artifact_free,artifact_free,yes,no,1.0,trapB,True,False,False
tr_1472,tr_1472,1,artifact_free,False,True,,TN3K,0,0,artifact_free,artifact_free,no,no,0.0,artifact_free,False,True,False
tr_2682,tr_2682,1,artifact_free,False,True,,TN3K,0,0,artifact_free,artifact_free,no,no,0.0,artifact_free,False,True,False
tr_2695,tr_2695,1,trapA,True,False,0.924901185770751,TN3K,1,1,trapA,trapA,yes,yes,1.0,trapA,False,True,False
tr_2155,tr_2155,1,artifact_free,False,True,,TN3K,0,0,artifact_free,artifact_free,yes,no,1.0,trapB,True,False,False
tr_0716,tr_0716,1,trapA,True,False,0.8991228070175439,TN3K,1,1,trapA,trapA,yes,yes,1.0,trapA,False,True,False
tr_2099,tr_2099,1,artifact_free,False,True,,TN3K,0,0,artifact_free,artifact_free,no,no,0.0,artifact_free,False,True,False
tr_0016,tr_0016,0,artifact_free,False,True,,TN3K,0,0,artifact_free,artifact_free,yes,no,1.0,trapB,True,False,False
tr_2106,tr_2106,1,trapB,True,False,0.0,TN3K,0,0,artifact_free,artifact_free,yes,no,1.0,trapB,True,False,False
tr_0236,tr_0236,0,artifact_free,False,True,,TN3K,0,0,artifact_free,artifact_free,no,no,0.0,artifact_free,False,True,False
tr_0585,tr_0585,0,artifact_free,False,True,,TN3K,0,0,artifact_free,artifact_free,yes,no,1.0,trapB,True,False,False
tr_2834,tr_2834,1,artifact_free,False,True,,TN3K,0,0,artifact_free,artifact_free,no,no,0.0,artifact_free,False,True,False
tr_2410,tr_2410,0,artifact_free,False,True,,TN3K,0,0,artifact_free,artifact_free,no,no,0.0,artifact_free,False,True,False
tr_1282,tr_1282,0,artifact_free,False,True,,TN3K,0,0,artifact_free,artifact_free,no,no,0.0,artifact_free,False,True,False
tr_0601,tr_0601,0,trapB,True,False,0.0205627705627705,TN3K,0,0,artifact_free,artifact_free,yes,yes,1.0,trapA,True,False,False
tr_2776,tr_2776,1,artifact_free,False,True,,TN3K,1,1,trapA,trapA,yes,yes,1.0,trapA,True,False,False
tr_0056,tr_0056,0,artifact_free,False,True,,TN3K,0,0,artifact_free,artifact_free,no,no,0.0,artifact_free,False,True,False
tr_2468,tr_2468,0,artifact_free,False,True,,TN3K,1,0,trapB,trapB,yes,no,1.0,trapB,True,False,False
tr_2192,tr_2192,1,artifact_free,False,True,,TN3K,0,0,artifact_free,artifact_free,no,no,0.0,artifact_free,False,True,False
tr_2599,tr_2599,0,artifact_free,False,True,,TN3K,0,0,artifact_free,artifact_free,no,no,0.0,artifact_free,False,True,False
tr_1493,tr_1493,1,trapA,True,False,0.8703403565640194,TN3K,0,0,artifact_free,artifact_free,yes,yes,1.0,trapA,True,False,False
tr_0196,tr_0196,0,artifact_free,False,True,,TN3K,0,0,artifact_free,artifact_free,yes,no,1.0,trapB,True,False,False
tr_2568,tr_2568,0,artifact_free,False,True,,TN3K,0,0,artifact_free,artifact_free,no,no,0.0,artifact_free,False,True,False
tr_1857,tr_1857,0,trapA,True,False,0.9763488543976347,TN3K,1,1,trapA,trapA,yes,yes,1.0,trapA,False,True,False
tr_1516,tr_1516,1,artifact_free,False,True,,TN3K,0,0,artifact_free,artifact_free,no,no,0.0,artifact_free,False,True,False
tr_1760,tr_1760,0,artifact_free,False,True,,TN3K,0,0,artifact_free,artifact_free,no,no,0.0,artifact_free,False,True,False
tr_1558,tr_1558,1,artifact_free,False,True,,TN3K,0,0,artifact_free,artifact_free,no,no,0.0,artifact_free,False,True,False
tr_0706,tr_0706,1,artifact_free,False,True,,TN3K,0,0,artifact_free,artifact_free,no,no,0.0,artifact_free,False,True,False
tr_1480,tr_1480,1,trapA,True,False,0.6575342465753424,TN3K,0,0,artifact_free,artifact_free,yes,yes,1.0,trapA,True,False,False
tr_0205,tr_0205,0,trapA,True,False,0.958904109589041,TN3K,0,0,artifact_free,artifact_free,yes,no,1.0,trapB,True,False,False
tr_0756,tr_0756,1,artifact_free,False,True,,TN3K,0,0,artifact_free,artifact_free,no,no,0.0,artifact_free,False,True,False
tr_0270,tr_0270,0,trapB,True,False,0.0,TN3K,0,0,artifact_free,artifact_free,yes,no,1.0,trapB,True,False,False
tr_0484,tr_0484,0,artifact_free,False,True,,TN3K,0,0,artifact_free,artifact_free,no,no,0.0,artifact_free,False,True,False
tr_0431,tr_0431,0,trapA,True,False,1.0,TN3K,0,0,artifact_free,artifact_free,yes,no,1.0,trapB,True,False,False
tr_2198,tr_2198,1,artifact_free,False,True,,TN3K,1,1,trapA,trapA,yes,no,1.0,trapB,True,False,False
tr_2530,tr_2530,0,trapB,True,False,0.0,TN3K,1,0,trapB,trapB,yes,yes,1.0,trapA,True,False,False
tr_1851,tr_1851,0,artifact_free,False,True,,TN3K,0,0,artifact_free,artifact_free,yes,no,1.0,trapB,True,False,False
tr_0025,tr_0025,0,artifact_free,False,True,,TN3K,0,0,artifact_free,artifact_free,yes,no,1.0,trapB,True,False,False
tr_0670,tr_0670,0,artifact_free,False,True,,TN3K,0,0,artifact_free,artifact_free,no,no,0.0,artifact_free,False,True,False
tr_2670,tr_2670,0,artifact_free,False,True,,TN3K,0,0,artifact_free,artifact_free,no,no,0.0,artifact_free,False,True,False
tr_0872,tr_0872,1,trapA,True,False,0.9777777777777776,TN3K,1,1,trapA,trapA,yes,no,1.0,trapB,True,False,False
tr_2284,tr_2284,0,artifact_free,False,True,,TN3K,0,0,artifact_free,artifact_free,no,no,0.0,artifact_free,False,True,False
tr_0974,tr_0974,0,trapA,True,False,0.5785876993166287,TN3K,1,1,trapA,trapA,yes,yes,1.0,trapA,False,True,False
tr_0240,tr_0240,0,trapB,True,False,0.0,TN3K,1,0,trapB,trapB,yes,no,1.0,trapB,False,True,False
tr_1867,tr_1867,0,artifact_free,False,True,,TN3K,0,0,artifact_free,artifact_free,no,no,0.0,artifact_free,False,True,False
tr_2430,tr_2430,0,artifact_free,False,True,,TN3K,0,0,artifact_free,artifact_free,no,no,0.0,artifact_free,False,True,False
tr_1029,tr_1029,0,trapA,True,False,0.860655737704918,TN3K,1,1,trapA,trapA,yes,yes,1.0,trapA,False,True,False
tr_2158,tr_2158,1,artifact_free,False,True,,TN3K,0,0,artifact_free,artifact_free,no,no,0.0,artifact_free,False,True,False
tr_1974,tr_1974,0,artifact_free,False,True,,TN3K,0,0,artifact_free,artifact_free,no,no,0.0,artifact_free,False,True,False
tr_1074,tr_1074,0,artifact_free,False,True,,TN3K,0,0,artifact_free,artifact_free,yes,no,1.0,trapB,True,False,False
tr_2342,tr_2342,0,artifact_free,False,True,,TN3K,0,0,artifact_free,artifact_free,yes,no,1.0,trapB,True,False,False
tr_1525,tr_1525,1,trapA,True,False,0.8844765342960289,TN3K,0,0,artifact_free,artifact_free,no,no,0.0,artifact_free,True,False,False
tr_0387,tr_0387,0,mid,True,False,0.1470223325062034,TN3K,1,0,trapB,trapB,yes,no,1.0,trapB,False,True,False
tr_0467,tr_0467,0,artifact_free,False,True,,TN3K,0,0,artifact_free,artifact_free,no,no,0.0,artifact_free,False,True,False
tr_0787,tr_0787,1,artifact_free,False,True,,TN3K,0,0,artifact_free,artifact_free,no,no,0.0,artifact_free,False,True,False
tr_1545,tr_1545,1,artifact_free,False,True,,TN3K,0,0,artifact_free,artifact_free,no,no,0.0,artifact_free,False,True,False
tr_1528,tr_1528,1,artifact_free,False,True,,TN3K,0,0,artifact_free,artifact_free,no,no,0.0,artifact_free,False,True,False
tr_2242,tr_2242,1,artifact_free,False,True,,TN3K,0,0,artifact_free,artifact_free,no,no,0.0,artifact_free,False,True,False
tr_2496,tr_2496,0,artifact_free,False,True,,TN3K,0,0,artifact_free,artifact_free,yes,no,1.0,trapB,True,False,False
tr_2128,tr_2128,1,artifact_free,False,True,,TN3K,0,0,artifact_free,artifact_free,no,no,0.0,artifact_free,False,True,False
tr_2701,tr_2701,1,artifact_free,False,True,,TN3K,0,0,artifact_free,artifact_free,no,no,0.0,artifact_free,False,True,False
tr_0238,tr_0238,0,trapA,True,False,0.9533333333333334,TN3K,1,1,trapA,trapA,yes,no,1.0,trapB,True,False,False
tr_0458,tr_0458,0,artifact_free,False,True,,TN3K,0,0,artifact_free,artifact_free,no,no,0.0,artifact_free,False,True,False
tr_0662,tr_0662,0,artifact_free,False,True,,TN3K,0,0,artifact_free,artifact_free,no,no,0.0,artifact_free,False,True,False
tr_0819,tr_0819,1,trapB,True,False,0.0,TN3K,1,1,trapA,trapA,yes,no,1.0,trapB,True,False,False
tr_1731,tr_1731,0,artifact_free,False,True,,TN3K,0,0,artifact_free,artifact_free,no,no,0.0,artifact_free,False,True,False
tr_2805,tr_2805,1,artifact_free,False,True,,TN3K,0,0,artifact_free,artifact_free,no,no,0.0,artifact_free,False,True,False
tr_1741,tr_1741,0,trapB,True,False,0.0,TN3K,1,0,trapB,trapB,yes,no,1.0,trapB,False,True,False
tr_0610,tr_0610,0,trapB,True,False,0.0,TN3K,0,0,artifact_free,artifact_free,yes,no,1.0,trapB,True,False,False
tr_1057,tr_1057,0,trapA,True,False,0.6814449917898193,TN3K,0,0,artifact_free,artifact_free,yes,yes,1.0,trapA,True,False,False
tr_0531,tr_0531,0,artifact_free,False,True,,TN3K,1,0,trapB,trapB,yes,no,1.0,trapB,True,False,False
tr_1663,tr_1663,0,mid,True,False,0.3861386138613861,TN3K,0,0,artifact_free,artifact_free,yes,no,1.0,trapB,True,False,False
tr_1566,tr_1566,1,artifact_free,False,True,,TN3K,0,0,artifact_free,artifact_free,no,no,0.0,artifact_free,False,True,False
tr_1505,tr_1505,1,trapB,True,False,0.0,TN3K,0,0,artifact_free,artifact_free,yes,no,1.0,trapB,True,False,False
tr_0497,tr_0497,0,trapA,True,False,0.6059113300492611,TN3K,1,1,trapA,trapA,yes,yes,1.0,trapA,False,True,False
tr_2195,tr_2195,1,artifact_free,False,True,,TN3K,0,0,artifact_free,artifact_free,yes,no,1.0,trapB,True,False,False
tr_1816,tr_1816,0,artifact_free,False,True,,TN3K,0,0,artifact_free,artifact_free,no,no,0.0,artifact_free,False,True,False
tr_2270,tr_2270,1,artifact_free,False,True,,TN3K,0,0,artifact_free,artifact_free,no,no,0.0,artifact_free,False,True,False
tr_0830,tr_0830,1,mid,True,False,0.4664246823956443,TN3K,1,1,trapA,trapA,yes,yes,1.0,trapA,False,True,False
tr_1034,tr_1034,0,artifact_free,False,True,,TN3K,0,0,artifact_free,artifact_free,no,no,0.0,artifact_free,False,True,False
tr_0023,tr_0023,0,trapA,True,False,1.0,TN3K,0,0,artifact_free,artifact_free,yes,yes,1.0,trapA,True,False,False
tr_1654,tr_1654,0,trapB,True,False,0.0,TN3K,0,0,artifact_free,artifact_free,yes,no,1.0,trapB,True,False,False
tr_1390,tr_1390,0,trapA,True,False,0.7716150081566069,TN3K,1,1,trapA,trapA,yes,yes,1.0,trapA,False,True,False
tr_1294,tr_1294,0,trapB,True,False,0.0,TN3K,0,0,artifact_free,artifact_free,yes,no,1.0,trapB,True,False,False
tr_1736,tr_1736,0,artifact_free,False,True,,TN3K,0,0,artifact_free,artifact_free,no,no,0.0,artifact_free,False,True,False
tr_2425,tr_2425,0,mid,True,False,0.4,TN3K,0,0,artifact_free,artifact_free,yes,yes,1.0,trapA,True,False,False
tr_2136,tr_2136,1,trapA,True,False,0.9172749391727494,TN3K,1,1,trapA,trapA,yes,yes,1.0,trapA,False,True,False
tr_2276,tr_2276,1,artifact_free,False,True,,TN3K,0,0,artifact_free,artifact_free,yes,no,1.0,trapB,True,False,False
tr_1750,tr_1750,0,trapB,True,False,0.0,TN3K,0,0,artifact_free,artifact_free,yes,no,1.0,trapB,True,False,False
tr_1539,tr_1539,1,artifact_free,False,True,,TN3K,0,0,artifact_free,artifact_free,no,no,0.0,artifact_free,False,True,False
tr_0028,tr_0028,0,artifact_free,False,True,,TN3K,0,0,artifact_free,artifact_free,yes,no,1.0,trapB,True,False,False
tr_1727,tr_1727,0,trapA,True,False,0.8884297520661157,TN3K,0,0,artifact_free,artifact_free,yes,yes,1.0,trapA,True,False,False
tr_2303,tr_2303,0,trapA,True,False,0.936806148590948,TN3K,0,0,artifact_free,artifact_free,yes,yes,1.0,trapA,True,False,False
tr_1237,tr_1237,0,trapA,True,False,0.9323979591836736,TN3K,1,0,trapB,trapB,yes,yes,1.0,trapA,True,False,False
tr_0767,tr_0767,1,artifact_free,False,True,,TN3K,0,0,artifact_free,artifact_free,no,no,0.0,artifact_free,False,True,False
tr_1876,tr_1876,0,artifact_free,False,True,,TN3K,0,0,artifact_free,artifact_free,no,no,0.0,artifact_free,False,True,False
tr_2046,tr_2046,1,trapA,True,False,0.57,TN3K,1,1,trapA,trapA,yes,yes,1.0,trapA,False,True,False
tr_2633,tr_2633,0,artifact_free,False,True,,TN3K,0,0,artifact_free,artifact_free,yes,no,1.0,trapB,True,False,False
tr_1547,tr_1547,1,trapA,True,False,0.9707112970711296,TN3K,1,1,trapA,trapA,yes,yes,1.0,trapA,False,True,False
tr_2755,tr_2755,1,trapA,True,False,0.9395348837209302,TN3K,1,1,trapA,trapA,yes,no,1.0,trapB,True,False,False
tr_1165,tr_1165,0,trapA,True,False,0.7585089141004863,TN3K,1,1,trapA,trapA,yes,yes,1.0,trapA,False,True,False
tr_1125,tr_1125,0,trapA,True,False,0.6243822075782537,TN3K,0,0,artifact_free,artifact_free,yes,yes,1.0,trapA,True,False,False
tr_1258,tr_1258,0,trapA,True,False,1.0,TN3K,1,1,trapA,trapA,yes,yes,1.0,trapA,False,True,False
tr_0879,tr_0879,1,trapA,True,False,0.9528619528619529,TN3K,0,0,artifact_free,artifact_free,yes,yes,1.0,trapA,True,False,False
tr_2443,tr_2443,0,artifact_free,False,True,,TN3K,1,1,trapA,trapA,yes,yes,1.0,trapA,True,False,False
tr_1670,tr_1670,0,mid,True,False,0.422062350119904,TN3K,1,1,trapA,trapA,yes,yes,1.0,trapA,False,True,False
tr_0382,tr_0382,0,mid,True,False,0.1323529411764706,TN3K,1,1,trapA,trapA,yes,yes,1.0,trapA,False,True,False
tr_1278,tr_1278,0,trapA,True,False,0.746031746031746,TN3K,1,0,trapB,trapB,yes,yes,1.0,trapA,True,False,False
tr_0775,tr_0775,1,trapA,True,False,0.986013986013986,TN3K,1,1,trapA,trapA,yes,yes,1.0,trapA,False,True,False
tr_0832,tr_0832,1,artifact_free,False,True,,TN3K,0,0,artifact_free,artifact_free,no,no,0.0,artifact_free,False,True,False
tr_0809,tr_0809,1,artifact_free,False,True,,TN3K,0,0,artifact_free,artifact_free,yes,no,1.0,trapB,True,False,False
tr_2502,tr_2502,0,trapA,True,False,0.9161882893226176,TN3K,1,1,trapA,trapA,yes,yes,1.0,trapA,False,True,False
tr_1236,tr_1236,0,artifact_free,False,True,,TN3K,0,0,artifact_free,artifact_free,no,no,0.0,artifact_free,False,True,False
tr_1483,tr_1483,1,artifact_free,False,True,,TN3K,0,0,artifact_free,artifact_free,no,no,0.0,artifact_free,False,True,False
tr_0279,tr_0279,0,trapA,True,False,0.9757383966244726,TN3K,1,1,trapA,trapA,yes,yes,1.0,trapA,False,True,False
tr_1066,tr_1066,0,artifact_free,False,True,,TN3K,0,0,artifact_free,artifact_free,no,no,0.0,artifact_free,False,True,False
tr_1023,tr_1023,0,artifact_free,False,True,,TN3K,0,0,artifact_free,artifact_free,yes,no,1.0,trapB,True,False,False
tr_2332,tr_2332,0,trapA,True,False,1.0,TN3K,0,0,artifact_free,artifact_free,yes,yes,1.0,trapA,True,False,False
tr_1259,tr_1259,0,trapA,True,False,0.925925925925926,TN3K,1,1,trapA,trapA,yes,yes,1.0,trapA,False,True,False
tr_2063,tr_2063,1,artifact_free,False,True,,TN3K,0,0,artifact_free,artifact_free,no,no,0.0,artifact_free,False,True,False
tr_2528,tr_2528,0,trapA,True,False,0.8070175438596491,TN3K,1,0,trapB,trapB,yes,yes,1.0,trapA,True,False,False
tr_2498,tr_2498,0,trapA,True,False,0.9943502824858758,TN3K,0,0,artifact_free,artifact_free,yes,no,1.0,trapB,True,False,False
tr_0578,tr_0578,0,trapA,True,False,0.8595419847328244,TN3K,0,0,artifact_free,artifact_free,yes,yes,1.0,trapA,True,False,False
tr_0890,tr_0890,1,artifact_free,False,True,,TN3K,1,1,trapA,trapA,yes,yes,1.0,trapA,True,False,False
tr_2846,tr_2846,1,trapA,True,False,0.624561403508772,TN3K,1,1,trapA,trapA,yes,no,1.0,trapB,True,False,False
tr_1761,tr_1761,0,artifact_free,False,True,,TN3K,0,0,artifact_free,artifact_free,yes,no,1.0,trapB,True,False,False
tr_1044,tr_1044,0,artifact_free,False,True,,TN3K,0,0,artifact_free,artifact_free,no,no,0.0,artifact_free,False,True,False
tr_1639,tr_1639,0,trapA,True,False,0.9067796610169492,TN3K,0,0,artifact_free,artifact_free,yes,no,1.0,trapB,True,False,False
tr_0850,tr_0850,1,trapA,True,False,0.926056338028169,TN3K,0,0,artifact_free,artifact_free,yes,no,1.0,trapB,True,False,False
tr_0108,tr_0108,0,trapA,True,False,0.7371244635193133,TN3K,0,0,artifact_free,artifact_free,yes,no,1.0,trapB,True,False,False
tr_0393,tr_0393,0,trapB,True,False,0.0,TN3K,0,0,artifact_free,artifact_free,yes,no,1.0,trapB,True,False,False
tr_2479,tr_2479,0,artifact_free,False,True,,TN3K,0,0,artifact_free,artifact_free,yes,no,1.0,trapB,True,False,False
tr_1162,tr_1162,0,trapA,True,False,0.8946280991735537,TN3K,0,0,artifact_free,artifact_free,yes,no,1.0,trapB,True,False,False
tr_1628,tr_1628,0,artifact_free,False,True,,TN3K,0,0,artifact_free,artifact_free,yes,yes,1.0,trapA,True,False,False
tr_2007,tr_2007,1,trapA,True,False,0.7862068965517242,TN3K,1,1,trapA,trapA,yes,yes,1.0,trapA,False,True,False
tr_2420,tr_2420,0,trapB,True,False,0.0,TN3K,0,0,artifact_free,artifact_free,yes,yes,1.0,trapA,True,False,False
tr_0966,tr_0966,0,artifact_free,False,True,,TN3K,0,0,artifact_free,artifact_free,yes,no,1.0,trapB,True,False,False
tr_0816,tr_0816,1,artifact_free,False,True,,TN3K,0,0,artifact_free,artifact_free,no,no,0.0,artifact_free,False,True,False
tr_0290,tr_0290,0,trapB,True,False,0.0,TN3K,1,0,trapB,trapB,yes,no,1.0,trapB,False,True,False
tr_0217,tr_0217,0,trapA,True,False,1.0,TN3K,1,1,trapA,trapA,yes,yes,1.0,trapA,False,True,False
tr_0179,tr_0179,0,trapA,True,False,1.0,TN3K,1,1,trapA,trapA,yes,yes,1.0,trapA,False,True,False
tr_2700,tr_2700,1,artifact_free,False,True,,TN3K,0,0,artifact_free,artifact_free,no,no,0.0,artifact_free,False,True,False
tr_0623,tr_0623,0,artifact_free,False,True,,TN3K,0,0,artifact_free,artifact_free,no,no,0.0,artifact_free,False,True,False
tr_1439,tr_1439,1,mid,True,False,0.1206896551724138,TN3K,0,0,artifact_free,artifact_free,yes,no,1.0,trapB,True,False,False
tr_2087,tr_2087,1,artifact_free,False,True,,TN3K,0,0,artifact_free,artifact_free,no,no,0.0,artifact_free,False,True,False
tr_1956,tr_1956,0,trapA,True,False,0.9147609147609148,TN3K,0,0,artifact_free,artifact_free,yes,no,1.0,trapB,True,False,False
tr_2429,tr_2429,0,artifact_free,False,True,,TN3K,0,0,artifact_free,artifact_free,yes,no,1.0,trapB,True,False,False
tr_0272,tr_0272,0,trapA,True,False,0.7268817204301076,TN3K,0,0,artifact_free,artifact_free,yes,yes,1.0,trapA,True,False,False
tr_0551,tr_0551,0,artifact_free,False,True,,TN3K,0,0,artifact_free,artifact_free,no,no,0.0,artifact_free,False,True,False
tr_0892,tr_0892,1,artifact_free,False,True,,TN3K,0,0,artifact_free,artifact_free,no,no,0.0,artifact_free,False,True,False
tr_1591,tr_1591,1,artifact_free,False,True,,TN3K,0,0,artifact_free,artifact_free,no,no,0.0,artifact_free,False,True,False
tr_1361,tr_1361,0,trapA,True,False,0.9432048681541582,TN3K,0,0,artifact_free,artifact_free,yes,yes,1.0,trapA,True,False,False
tr_1590,tr_1590,1,artifact_free,False,True,,TN3K,0,0,artifact_free,artifact_free,no,no,0.0,artifact_free,False,True,False
tr_0638,tr_0638,0,artifact_free,False,True,,TN3K,0,0,artifact_free,artifact_free,no,no,0.0,artifact_free,False,True,False
tr_0957,tr_0957,0,trapA,True,False,0.9408906882591092,TN3K,0,0,artifact_free,artifact_free,yes,yes,1.0,trapA,True,False,False
tr_2291,tr_2291,0,artifact_free,False,True,,TN3K,0,0,artifact_free,artifact_free,no,no,0.0,artifact_free,False,True,False
tr_1836,tr_1836,0,trapA,True,False,0.5733788395904437,TN3K,1,1,trapA,trapA,yes,yes,1.0,trapA,False,True,False
tr_0383,tr_0383,0,trapA,True,False,0.7391304347826086,TN3K,0,0,artifact_free,artifact_free,yes,no,1.0,trapB,True,False,False
tr_2034,tr_2034,1,artifact_free,False,True,,TN3K,0,0,artifact_free,artifact_free,no,no,0.0,artifact_free,False,True,False
tr_1308,tr_1308,0,trapA,True,False,0.5496688741721855,TN3K,1,0,trapB,trapB,yes,no,1.0,trapB,True,False,False
tr_1499,tr_1499,1,artifact_free,False,True,,TN3K,0,0,artifact_free,artifact_free,no,no,0.0,artifact_free,False,True,False
tr_0704,tr_0704,1,artifact_free,False,True,,TN3K,1,0,trapB,trapB,no,no,0.0,artifact_free,True,False,False
tr_0925,tr_0925,1,artifact_free,False,True,,TN3K,0,0,artifact_free,artifact_free,no,no,0.0,artifact_free,False,True,False
tr_0975,tr_0975,0,trapA,True,False,0.7928240740740741,TN3K,1,1,trapA,trapA,yes,yes,1.0,trapA,False,True,False
tr_2177,tr_2177,1,artifact_free,False,True,,TN3K,0,0,artifact_free,artifact_free,no,no,0.0,artifact_free,False,True,False
tr_0465,tr_0465,0,trapB,True,False,0.0197368421052631,TN3K,1,0,trapB,trapB,yes,yes,1.0,trapA,True,False,False
tr_2418,tr_2418,0,trapA,True,False,0.9200666111573688,TN3K,1,1,trapA,trapA,yes,yes,1.0,trapA,False,True,False
tr_0749,tr_0749,1,mid,True,False,0.3340983378538146,TN3K,1,0,trapB,trapB,no,no,0.0,artifact_free,True,False,False
tr_1188,tr_1188,0,mid,True,False,0.2200956937799043,TN3K,1,0,trapB,trapB,yes,yes,1.0,trapA,False,True,False
tr_2070,tr_2070,1,artifact_free,False,True,,TN3K,0,0,artifact_free,artifact_free,no,no,0.0,artifact_free,False,True,False
tr_0584,tr_0584,0,mid,True,False,0.3333333333333333,TN3K,0,0,artifact_free,artifact_free,yes,no,1.0,trapB,True,False,False
tr_1411,tr_1411,1,artifact_free,False,True,,TN3K,0,0,artifact_free,artifact_free,yes,no,1.0,trapB,True,False,False
tr_0796,tr_0796,1,trapB,True,False,0.0,TN3K,0,0,artifact_free,artifact_free,no,no,0.0,artifact_free,True,False,False
tr_2500,tr_2500,0,artifact_free,False,True,,TN3K,0,0,artifact_free,artifact_free,no,no,0.0,artifact_free,False,True,False
tr_1664,tr_1664,0,trapA,True,False,0.8816362053959965,TN3K,1,1,trapA,trapA,yes,yes,1.0,trapA,False,True,False
tr_2743,tr_2743,1,artifact_free,False,True,,TN3K,0,0,artifact_free,artifact_free,no,no,0.0,artifact_free,False,True,False
tr_2232,tr_2232,1,trapA,True,False,0.5669824086603519,TN3K,1,1,trapA,trapA,yes,yes,1.0,trapA,False,True,False
tr_1605,tr_1605,1,artifact_free,False,True,,TN3K,0,0,artifact_free,artifact_free,no,no,0.0,artifact_free,False,True,False
tr_0894,tr_0894,1,artifact_free,False,True,,TN3K,0,0,artifact_free,artifact_free,no,no,0.0,artifact_free,False,True,False
tr_1790,tr_1790,0,trapA,True,False,0.6552125800815376,TN3K,0,0,artifact_free,artifact_free,yes,no,1.0,trapB,True,False,False
tr_2431,tr_2431,0,artifact_free,False,True,,TN3K,0,0,artifact_free,artifact_free,no,no,0.0,artifact_free,False,True,False
tr_0723,tr_0723,1,trapA,True,False,0.9345794392523364,TN3K,0,0,artifact_free,artifact_free,yes,no,1.0,trapB,True,False,False
tr_0863,tr_0863,1,artifact_free,False,True,,TN3K,0,0,artifact_free,artifact_free,no,no,0.0,artifact_free,False,True,False
tr_0538,tr_0538,0,trapB,True,False,0.0,TN3K,0,0,artifact_free,artifact_free,no,no,0.0,artifact_free,True,False,False
tr_1048,tr_1048,0,trapB,True,False,0.0,TN3K,0,0,artifact_free,artifact_free,no,no,0.0,artifact_free,True,False,False
tr_1904,tr_1904,0,artifact_free,False,True,,TN3K,1,1,trapA,trapA,yes,yes,1.0,trapA,True,False,False
tr_0689,tr_0689,0,trapA,True,False,1.0,TN3K,0,0,artifact_free,artifact_free,no,no,0.0,artifact_free,True,False,False
tr_1051,tr_1051,0,trapA,True,False,0.8394160583941606,TN3K,1,1,trapA,trapA,yes,yes,1.0,trapA,False,True,False
tr_0868,tr_0868,1,trapB,True,False,0.0,TN3K,0,0,artifact_free,artifact_free,yes,yes,1.0,trapA,True,False,False
tr_1003,tr_1003,0,trapB,True,False,0.0,TN3K,0,0,artifact_free,artifact_free,yes,no,1.0,trapB,True,False,False
tr_1012,tr_1012,0,trapA,True,False,0.8844444444444445,TN3K,0,0,artifact_free,artifact_free,yes,yes,1.0,trapA,True,False,False
tr_0125,tr_0125,0,mid,True,False,0.2052283653846154,TN3K,1,1,trapA,trapA,yes,yes,1.0,trapA,False,True,False
tr_1903,tr_1903,0,trapA,True,False,0.541371158392435,TN3K,1,1,trapA,trapA,yes,yes,1.0,trapA,False,True,False
tr_0323,tr_0323,0,trapA,True,False,0.9300518134715026,TN3K,1,1,trapA,trapA,yes,yes,1.0,trapA,False,True,False
tr_2037,tr_2037,1,artifact_free,False,True,,TN3K,0,0,artifact_free,artifact_free,yes,no,1.0,trapB,True,False,False
tr_2288,tr_2288,0,trapA,True,False,0.9242424242424242,TN3K,0,0,artifact_free,artifact_free,yes,no,1.0,trapB,True,False,False
tr_1098,tr_1098,0,trapA,True,False,0.8449477351916377,TN3K,1,1,trapA,trapA,yes,yes,1.0,trapA,False,True,False
tr_2133,tr_2133,1,trapA,True,False,0.5323232323232323,TN3K,0,0,artifact_free,artifact_free,yes,no,1.0,trapB,True,False,False
tr_2233,tr_2233,1,artifact_free,False,True,,TN3K,0,0,artifact_free,artifact_free,no,no,0.0,artifact_free,False,True,False
tr_0600,tr_0600,0,mid,True,False,0.1929824561403508,TN3K,0,0,artifact_free,artifact_free,yes,no,1.0,trapB,True,False,False
tr_1847,tr_1847,0,trapB,True,False,0.0,TN3K,0,0,artifact_free,artifact_free,no,no,0.0,artifact_free,True,False,False
tr_1887,tr_1887,0,artifact_free,False,True,,TN3K,0,0,artifact_free,artifact_free,yes,no,1.0,trapB,True,False,False
tr_2068,tr_2068,1,trapA,True,False,0.8445229681978799,TN3K,1,1,trapA,trapA,yes,yes,1.0,trapA,False,True,False
tr_0582,tr_0582,0,artifact_free,False,True,,TN3K,0,0,artifact_free,artifact_free,no,no,0.0,artifact_free,False,True,False
tr_1596,tr_1596,1,artifact_free,False,True,,TN3K,0,0,artifact_free,artifact_free,no,no,0.0,artifact_free,False,True,False
tr_2141,tr_2141,1,trapA,True,False,0.9982078853046596,TN3K,1,1,trapA,trapA,yes,yes,1.0,trapA,False,True,False
tr_2742,tr_2742,1,artifact_free,False,True,,TN3K,0,0,artifact_free,artifact_free,no,no,0.0,artifact_free,False,True,False
tr_0361,tr_0361,0,artifact_free,False,True,,TN3K,0,0,artifact_free,artifact_free,no,no,0.0,artifact_free,False,True,False
tr_1149,tr_1149,0,trapA,True,False,0.8948545861297539,TN3K,1,1,trapA,trapA,yes,yes,1.0,trapA,False,True,False
tr_1811,tr_1811,0,artifact_free,False,True,,TN3K,0,0,artifact_free,artifact_free,no,no,0.0,artifact_free,False,True,False
tr_0658,tr_0658,0,artifact_free,False,True,,TN3K,0,0,artifact_free,artifact_free,no,no,0.0,artifact_free,False,True,False
tr_0325,tr_0325,0,trapA,True,False,0.8899082568807339,TN3K,1,1,trapA,trapA,yes,yes,1.0,trapA,False,True,False
tr_0624,tr_0624,0,trapA,True,False,0.5222222222222223,TN3K,1,1,trapA,trapA,yes,yes,1.0,trapA,False,True,False
tr_0535,tr_0535,0,trapA,True,False,0.6455223880597015,TN3K,1,1,trapA,trapA,yes,no,1.0,trapB,True,False,False
tr_2149,tr_2149,1,trapA,True,False,0.8973941368078175,TN3K,1,1,trapA,trapA,yes,yes,1.0,trapA,False,True,False
tr_0212,tr_0212,0,artifact_free,False,True,,TN3K,0,0,artifact_free,artifact_free,no,no,0.0,artifact_free,False,True,False
tr_0313,tr_0313,0,artifact_free,False,True,,TN3K,0,0,artifact_free,artifact_free,no,no,0.0,artifact_free,False,True,False
tr_2238,tr_2238,1,trapA,True,False,0.94185303514377,TN3K,1,0,trapB,trapB,yes,yes,1.0,trapA,True,False,False
tr_2404,tr_2404,0,trapA,True,False,0.9335394126738794,TN3K,1,0,trapB,trapB,yes,yes,1.0,trapA,True,False,False
tr_2775,tr_2775,1,artifact_free,False,True,,TN3K,0,0,artifact_free,artifact_free,no,no,0.0,artifact_free,False,True,False
tr_1964,tr_1964,0,artifact_free,False,True,,TN3K,0,0,artifact_free,artifact_free,no,no,0.0,artifact_free,False,True,False
tr_1283,tr_1283,0,trapA,True,False,0.79,TN3K,1,0,trapB,trapB,yes,yes,1.0,trapA,True,False,False
tr_0976,tr_0976,0,artifact_free,False,True,,TN3K,0,0,artifact_free,artifact_free,yes,no,1.0,trapB,True,False,False
tr_1766,tr_1766,0,trapA,True,False,0.9456721915285452,TN3K,0,0,artifact_free,artifact_free,yes,yes,1.0,trapA,True,False,False
tr_1784,tr_1784,0,artifact_free,False,True,,TN3K,0,0,artifact_free,artifact_free,no,no,0.0,artifact_free,False,True,False
tr_2669,tr_2669,0,artifact_free,False,True,,TN3K,0,0,artifact_free,artifact_free,no,no,0.0,artifact_free,False,True,False
tr_2307,tr_2307,0,trapA,True,False,0.9333333333333332,TN3K,0,0,artifact_free,artifact_free,yes,yes,1.0,trapA,True,False,False
tr_0804,tr_0804,1,artifact_free,False,True,,TN3K,0,0,artifact_free,artifact_free,yes,no,1.0,trapB,True,False,False
tr_0548,tr_0548,0,artifact_free,False,True,,TN3K,0,0,artifact_free,artifact_free,no,no,0.0,artifact_free,False,True,False
tr_0147,tr_0147,0,artifact_free,False,True,,TN3K,0,0,artifact_free,artifact_free,yes,no,1.0,trapB,True,False,False
tr_0841,tr_0841,1,artifact_free,False,True,,TN3K,0,0,artifact_free,artifact_free,no,no,0.0,artifact_free,False,True,False
tr_2686,tr_2686,1,trapB,True,False,0.0,TN3K,0,0,artifact_free,artifact_free,yes,no,1.0,trapB,True,False,False
tr_1414,tr_1414,1,mid,True,False,0.4358974358974359,TN3K,1,1,trapA,trapA,yes,no,1.0,trapB,False,True,False
tr_1103,tr_1103,0,trapA,True,False,0.9137199434229136,TN3K,1,1,trapA,trapA,yes,yes,1.0,trapA,False,True,False
tr_1638,tr_1638,0,trapA,True,False,0.9494444444444444,TN3K,0,0,artifact_free,artifact_free,yes,yes,1.0,trapA,True,False,False
tr_0940,tr_0940,1,mid,True,False,0.3873239436619718,TN3K,1,1,trapA,trapA,yes,yes,1.0,trapA,False,True,False
tr_2612,tr_2612,0,artifact_free,False,True,,TN3K,0,0,artifact_free,artifact_free,no,no,0.0,artifact_free,False,True,False
tr_1762,tr_1762,0,artifact_free,False,True,,TN3K,0,0,artifact_free,artifact_free,no,no,0.0,artifact_free,False,True,False
tr_2656,tr_2656,0,artifact_free,False,True,,TN3K,0,0,artifact_free,artifact_free,no,no,0.0,artifact_free,False,True,False
tr_1001,tr_1001,0,trapA,True,False,0.9710144927536232,TN3K,1,0,trapB,trapB,yes,yes,1.0,trapA,True,False,False
tr_0022,tr_0022,0,artifact_free,False,True,,TN3K,0,0,artifact_free,artifact_free,yes,no,1.0,trapB,True,False,False
tr_2872,tr_2872,1,artifact_free,False,True,,TN3K,0,0,artifact_free,artifact_free,yes,no,1.0,trapB,True,False,False
tr_0133,tr_0133,0,artifact_free,False,True,,TN3K,0,0,artifact_free,artifact_free,no,no,0.0,artifact_free,False,True,False
tr_0599,tr_0599,0,mid,True,False,0.4482758620689655,TN3K,0,0,artifact_free,artifact_free,yes,no,1.0,trapB,True,False,False
tr_2161,tr_2161,1,trapA,True,False,0.9448275862068966,TN3K,1,1,trapA,trapA,yes,yes,1.0,trapA,False,True,False
tr_1465,tr_1465,1,artifact_free,False,True,,TN3K,0,0,artifact_free,artifact_free,no,no,0.0,artifact_free,False,True,False
tr_1626,tr_1626,0,trapB,True,False,0.0,TN3K,0,0,artifact_free,artifact_free,yes,no,1.0,trapB,True,False,False
tr_2877,tr_2877,1,artifact_free,False,True,,TN3K,0,0,artifact_free,artifact_free,no,no,0.0,artifact_free,False,True,False
tr_0949,tr_0949,0,trapA,True,False,0.8465116279069768,TN3K,1,0,trapB,trapB,yes,yes,1.0,trapA,True,False,False
tr_2071,tr_2071,1,artifact_free,False,True,,TN3K,0,0,artifact_free,artifact_free,no,no,0.0,artifact_free,False,True,False
tr_1583,tr_1583,1,artifact_free,False,True,,TN3K,0,0,artifact_free,artifact_free,no,no,0.0,artifact_free,False,True,False
tr_2015,tr_2015,1,trapA,True,False,0.6100131752305665,TN3K,1,1,trapA,trapA,yes,yes,1.0,trapA,False,True,False
tr_2412,tr_2412,0,trapA,True,False,0.9100449775112444,TN3K,1,1,trapA,trapA,yes,yes,1.0,trapA,False,True,False
tr_0867,tr_0867,1,trapA,True,False,0.8057971014492754,TN3K,1,1,trapA,trapA,yes,no,1.0,trapB,True,False,False
tr_2306,tr_2306,0,trapB,True,False,0.0046296296296296,TN3K,1,0,trapB,trapB,yes,yes,1.0,trapA,True,False,False
tr_1647,tr_1647,0,trapB,True,False,0.0,TN3K,1,0,trapB,trapB,yes,no,1.0,trapB,False,True,False
tr_1513,tr_1513,1,trapB,True,False,0.0,TN3K,0,0,artifact_free,artifact_free,no,no,0.0,artifact_free,True,False,False
tr_0156,tr_0156,0,trapA,True,False,0.9741324921135648,TN3K,0,0,artifact_free,artifact_free,yes,yes,1.0,trapA,True,False,False
tr_1927,tr_1927,0,trapB,True,False,0.0,TN3K,0,0,artifact_free,artifact_free,no,no,0.0,artifact_free,True,False,False
tr_2675,tr_2675,1,trapB,True,False,0.0,TN3K,1,0,trapB,trapB,yes,no,1.0,trapB,False,True,False
tr_1095,tr_1095,0,trapB,True,False,0.0,TN3K,0,0,artifact_free,artifact_free,yes,no,1.0,trapB,True,False,False
tr_0419,tr_0419,0,artifact_free,False,True,,TN3K,0,0,artifact_free,artifact_free,no,no,0.0,artifact_free,False,True,False
tr_1304,tr_1304,0,mid,True,False,0.1241379310344827,TN3K,1,0,trapB,trapB,yes,yes,1.0,trapA,False,True,False
tr_0475,tr_0475,0,artifact_free,False,True,,TN3K,0,0,artifact_free,artifact_free,no,no,0.0,artifact_free,False,True,False
tr_2182,tr_2182,1,artifact_free,False,True,,TN3K,0,0,artifact_free,artifact_free,no,no,0.0,artifact_free,False,True,False
tr_2503,tr_2503,0,trapA,True,False,0.9957694341618192,TN3K,0,0,artifact_free,artifact_free,yes,no,1.0,trapB,True,False,False
tr_1255,tr_1255,0,mid,True,False,0.3206106870229007,TN3K,0,0,artifact_free,artifact_free,yes,no,1.0,trapB,True,False,False
tr_1083,tr_1083,0,artifact_free,False,True,,TN3K,0,0,artifact_free,artifact_free,yes,no,1.0,trapB,True,False,False
tr_2044,tr_2044,1,trapA,True,False,0.9956709956709956,TN3K,1,1,trapA,trapA,yes,yes,1.0,trapA,False,True,False
tr_0705,tr_0705,1,artifact_free,False,True,,TN3K,0,0,artifact_free,artifact_free,no,no,0.0,artifact_free,False,True,False
tr_1917,tr_1917,0,mid,True,False,0.176978417266187,TN3K,0,0,artifact_free,artifact_free,yes,no,1.0,trapB,True,False,False
tr_1092,tr_1092,0,artifact_free,False,True,,TN3K,0,0,artifact_free,artifact_free,no,no,0.0,artifact_free,False,True,False
tr_0502,tr_0502,0,mid,True,False,0.3569039655996178,TN3K,0,0,artifact_free,artifact_free,yes,no,1.0,trapB,True,False,False
tr_1860,tr_1860,0,artifact_free,False,True,,TN3K,0,0,artifact_free,artifact_free,no,no,0.0,artifact_free,False,True,False
tr_1937,tr_1937,0,artifact_free,False,True,,TN3K,0,0,artifact_free,artifact_free,no,no,0.0,artifact_free,False,True,False
tr_2855,tr_2855,1,artifact_free,False,True,,TN3K,0,0,artifact_free,artifact_free,no,no,0.0,artifact_free,False,True,False
tr_2467,tr_2467,0,artifact_free,False,True,,TN3K,1,0,trapB,trapB,yes,no,1.0,trapB,True,False,False
tr_2095,tr_2095,1,artifact_free,False,True,,TN3K,0,0,artifact_free,artifact_free,yes,no,1.0,trapB,True,False,False
tr_0057,tr_0057,0,artifact_free,False,True,,TN3K,0,0,artifact_free,artifact_free,no,no,0.0,artifact_free,False,True,False
tr_2336,tr_2336,0,trapA,True,False,0.847255369928401,TN3K,1,1,trapA,trapA,yes,yes,1.0,trapA,False,True,False
tr_2435,tr_2435,0,artifact_free,False,True,,TN3K,1,1,trapA,trapA,yes,no,1.0,trapB,True,False,False
tr_2282,tr_2282,1,trapA,True,False,1.0,TN3K,1,1,trapA,trapA,yes,no,1.0,trapB,True,False,False
tr_2255,tr_2255,1,artifact_free,False,True,,TN3K,0,0,artifact_free,artifact_free,no,no,0.0,artifact_free,False,True,False
tr_2010,tr_2010,1,trapA,True,False,0.8137651821862348,TN3K,1,1,trapA,trapA,yes,yes,1.0,trapA,False,True,False
tr_1296,tr_1296,0,trapA,True,False,0.7754811119030649,TN3K,1,1,trapA,trapA,yes,yes,1.0,trapA,False,True,False
tr_0955,tr_0955,0,trapA,True,False,0.506079027355623,TN3K,0,0,artifact_free,artifact_free,yes,no,1.0,trapB,True,False,False
tr_1269,tr_1269,0,artifact_free,False,True,,TN3K,0,0,artifact_free,artifact_free,no,no,0.0,artifact_free,False,True,False
tr_2362,tr_2362,0,artifact_free,False,True,,TN3K,0,0,artifact_free,artifact_free,no,no,0.0,artifact_free,False,True,False
tr_1587,tr_1587,1,trapA,True,False,0.8464566929133859,TN3K,0,0,artifact_free,artifact_free,yes,no,1.0,trapB,True,False,False
tr_2373,tr_2373,0,trapB,True,False,0.0,TN3K,0,0,artifact_free,artifact_free,yes,yes,1.0,trapA,True,False,False
tr_2205,tr_2205,1,artifact_free,False,True,,TN3K,1,1,trapA,trapA,yes,no,1.0,trapB,True,False,False
tr_2622,tr_2622,0,artifact_free,False,True,,TN3K,0,0,artifact_free,artifact_free,no,no,0.0,artifact_free,False,True,False
tr_1789,tr_1789,0,trapA,True,False,0.8714759535655058,TN3K,0,0,artifact_free,artifact_free,yes,yes,1.0,trapA,True,False,False
tr_1692,tr_1692,0,artifact_free,False,True,,TN3K,0,0,artifact_free,artifact_free,no,no,0.0,artifact_free,False,True,False
tr_2457,tr_2457,0,trapB,True,False,0.0,TN3K,0,0,artifact_free,artifact_free,no,no,0.0,artifact_free,True,False,False
tr_2683,tr_2683,1,artifact_free,False,True,,TN3K,1,0,trapB,trapB,yes,yes,1.0,trapA,True,False,False
tr_0024,tr_0024,0,artifact_free,False,True,,TN3K,0,0,artifact_free,artifact_free,yes,no,1.0,trapB,True,False,False
tr_1227,tr_1227,0,trapB,True,False,0.0,TN3K,1,1,trapA,trapA,yes,no,1.0,trapB,True,False,False
tr_2082,tr_2082,1,trapA,True,False,0.8796875,TN3K,1,1,trapA,trapA,yes,yes,1.0,trapA,False,True,False
tr_0324,tr_0324,0,artifact_free,False,True,,TN3K,0,0,artifact_free,artifact_free,no,no,0.0,artifact_free,False,True,False
tr_0293,tr_0293,0,trapB,True,False,0.0,TN3K,1,0,trapB,trapB,yes,no,1.0,trapB,False,True,False
tr_0429,tr_0429,0,trapA,True,False,0.7541371158392435,TN3K,0,0,artifact_free,artifact_free,yes,no,1.0,trapB,True,False,False
tr_2160,tr_2160,1,artifact_free,False,True,,TN3K,0,0,artifact_free,artifact_free,no,no,0.0,artifact_free,False,True,False
tr_2809,tr_2809,1,mid,True,False,0.4702842377260982,TN3K,1,1,trapA,trapA,yes,yes,1.0,trapA,False,True,False
tr_1081,tr_1081,0,mid,True,False,0.3777777777777777,TN3K,0,0,artifact_free,artifact_free,yes,no,1.0,trapB,True,False,False
tr_1969,tr_1969,0,artifact_free,False,True,,TN3K,0,0,artifact_free,artifact_free,no,no,0.0,artifact_free,False,True,False
tr_1826,tr_1826,0,artifact_free,False,True,,TN3K,0,0,artifact_free,artifact_free,no,no,0.0,artifact_free,False,True,False
tr_1288,tr_1288,0,artifact_free,False,True,,TN3K,0,0,artifact_free,artifact_free,yes,no,1.0,trapB,True,False,False
tr_0508,tr_0508,0,trapA,True,False,0.9023405972558516,TN3K,1,1,trapA,trapA,yes,no,1.0,trapB,True,False,False
tr_0386,tr_0386,0,trapA,True,False,0.8286713286713286,TN3K,1,1,trapA,trapA,yes,yes,1.0,trapA,False,True,False
tr_0178,tr_0178,0,artifact_free,False,True,,TN3K,1,1,trapA,trapA,yes,yes,1.0,trapA,True,False,False
tr_2794,tr_2794,1,artifact_free,False,True,,TN3K,0,0,artifact_free,artifact_free,no,no,0.0,artifact_free,False,True,False
tr_2623,tr_2623,0,artifact_free,False,True,,TN3K,0,0,artifact_free,artifact_free,yes,no,1.0,trapB,True,False,False
tr_0783,tr_0783,1,trapA,True,False,0.9906015037593984,TN3K,1,1,trapA,trapA,yes,yes,1.0,trapA,False,True,False
tr_0009,tr_0009,0,trapA,True,False,0.8888888888888888,TN3K,0,0,artifact_free,artifact_free,yes,no,1.0,trapB,True,False,False
tr_2027,tr_2027,1,trapA,True,False,0.6346433770014556,TN3K,1,0,trapB,trapB,yes,yes,1.0,trapA,True,False,False
tr_2826,tr_2826,1,trapB,True,False,0.0,TN3K,1,0,trapB,trapB,yes,yes,1.0,trapA,True,False,False
tr_0814,tr_0814,1,trapA,True,False,0.8937875751503006,TN3K,1,1,trapA,trapA,yes,yes,1.0,trapA,False,True,False
tr_2085,tr_2085,1,trapA,True,False,0.964722822174226,TN3K,1,1,trapA,trapA,yes,yes,1.0,trapA,False,True,False
tr_1944,tr_1944,0,trapA,True,False,0.7906066536203522,TN3K,1,1,trapA,trapA,yes,yes,1.0,trapA,False,True,False
tr_1376,tr_1376,0,artifact_free,False,True,,TN3K,0,0,artifact_free,artifact_free,yes,no,1.0,trapB,True,False,False
tr_0367,tr_0367,0,trapA,True,False,1.0,TN3K,0,0,artifact_free,artifact_free,yes,no,1.0,trapB,True,False,False
tr_2230,tr_2230,1,trapB,True,False,0.0,TN3K,0,0,artifact_free,artifact_free,yes,no,1.0,trapB,True,False,False
tr_0163,tr_0163,0,artifact_free,False,True,,TN3K,0,0,artifact_free,artifact_free,no,no,0.0,artifact_free,False,True,False
tr_1955,tr_1955,0,trapA,True,False,0.5474777448071216,TN3K,0,0,artifact_free,artifact_free,yes,no,1.0,trapB,True,False,False
tr_2413,tr_2413,0,artifact_free,False,True,,TN3K,0,0,artifact_free,artifact_free,no,no,0.0,artifact_free,False,True,False
tr_1950,tr_1950,0,trapA,True,False,0.9381054897739504,TN3K,1,1,trapA,trapA,yes,yes,1.0,trapA,False,True,False
tr_2317,tr_2317,0,mid,True,False,0.4501845018450184,TN3K,1,1,trapA,trapA,yes,yes,1.0,trapA,False,True,False
tr_1856,tr_1856,0,artifact_free,False,True,,TN3K,0,0,artifact_free,artifact_free,yes,no,1.0,trapB,True,False,False
tr_0242,tr_0242,0,trapA,True,False,0.8602150537634409,TN3K,1,1,trapA,trapA,yes,yes,1.0,trapA,False,True,False
tr_0314,tr_0314,0,trapA,True,False,0.9481012658227848,TN3K,1,1,trapA,trapA,yes,yes,1.0,trapA,False,True,False
tr_1801,tr_1801,0,trapA,True,False,0.7269230769230769,TN3K,1,1,trapA,trapA,yes,yes,1.0,trapA,False,True,False
tr_2827,tr_2827,1,artifact_free,False,True,,TN3K,0,0,artifact_free,artifact_free,no,no,0.0,artifact_free,False,True,False
tr_2165,tr_2165,1,artifact_free,False,True,,TN3K,0,0,artifact_free,artifact_free,yes,no,1.0,trapB,True,False,False
tr_1072,tr_1072,0,artifact_free,False,True,,TN3K,0,0,artifact_free,artifact_free,no,no,0.0,artifact_free,False,True,False
tr_1968,tr_1968,0,trapA,True,False,0.9347826086956522,TN3K,0,0,artifact_free,artifact_free,yes,no,1.0,trapB,True,False,False
tr_0424,tr_0424,0,trapA,True,False,0.7777777777777778,TN3K,0,0,artifact_free,artifact_free,yes,no,1.0,trapB,True,False,False
tr_0672,tr_0672,0,trapB,True,False,0.0381331815594763,TN3K,1,1,trapA,trapA,yes,no,1.0,trapB,True,False,False
tr_0483,tr_0483,0,trapA,True,False,0.6492890995260664,TN3K,1,1,trapA,trapA,yes,yes,1.0,trapA,False,True,False
tr_1985,tr_1985,0,artifact_free,False,True,,TN3K,0,0,artifact_free,artifact_free,no,no,0.0,artifact_free,False,True,False
tr_0729,tr_0729,1,trapA,True,False,1.0,TN3K,0,0,artifact_free,artifact_free,yes,no,1.0,trapB,True,False,False
tr_1497,tr_1497,1,artifact_free,False,True,,TN3K,0,0,artifact_free,artifact_free,no,no,0.0,artifact_free,False,True,False
tr_2279,tr_2279,1,artifact_free,False,True,,TN3K,0,0,artifact_free,artifact_free,no,no,0.0,artifact_free,False,True,False
tr_2383,tr_2383,0,artifact_free,False,True,,TN3K,0,0,artifact_free,artifact_free,yes,no,1.0,trapB,True,False,False
tr_1274,tr_1274,0,trapA,True,False,0.9280155642023348,TN3K,1,1,trapA,trapA,yes,no,1.0,trapB,True,False,False
tr_1915,tr_1915,0,trapB,True,False,0.0,TN3K,0,0,artifact_free,artifact_free,yes,no,1.0,trapB,True,False,False
tr_0905,tr_0905,1,trapA,True,False,1.0,TN3K,0,0,artifact_free,artifact_free,yes,yes,1.0,trapA,True,False,False
tr_2321,tr_2321,0,mid,True,False,0.3871970167806091,TN3K,0,0,artifact_free,artifact_free,yes,no,1.0,trapB,True,False,False
tr_2460,tr_2460,0,trapA,True,False,0.891832229580574,TN3K,0,0,artifact_free,artifact_free,yes,yes,1.0,trapA,True,False,False
tr_0900,tr_0900,1,artifact_free,False,True,,TN3K,0,0,artifact_free,artifact_free,yes,no,1.0,trapB,True,False,False
tr_2570,tr_2570,0,artifact_free,False,True,,TN3K,0,0,artifact_free,artifact_free,no,no,0.0,artifact_free,False,True,False
tr_2217,tr_2217,1,artifact_free,False,True,,TN3K,0,0,artifact_free,artifact_free,no,no,0.0,artifact_free,False,True,False
tr_1410,tr_1410,1,trapA,True,False,0.977055449330784,TN3K,0,0,artifact_free,artifact_free,yes,yes,1.0,trapA,True,False,False
tr_0805,tr_0805,1,trapA,True,False,0.96875,TN3K,0,0,artifact_free,artifact_free,yes,yes,1.0,trapA,True,False,False
tr_2465,tr_2465,0,artifact_free,False,True,,TN3K,0,0,artifact_free,artifact_free,no,no,0.0,artifact_free,False,True,False
tr_0827,tr_0827,1,trapA,True,False,0.8771929824561403,TN3K,0,0,artifact_free,artifact_free,yes,no,1.0,trapB,True,False,False
tr_0252,tr_0252,0,mid,True,False,0.1804691239827668,TN3K,0,0,artifact_free,artifact_free,yes,no,1.0,trapB,True,False,False
tr_1797,tr_1797,0,trapA,True,False,0.6172248803827751,TN3K,1,1,trapA,trapA,yes,yes,1.0,trapA,False,True,False
tr_0253,tr_0253,0,artifact_free,False,True,,TN3K,0,0,artifact_free,artifact_free,no,no,0.0,artifact_free,False,True,False
tr_0507,tr_0507,0,artifact_free,False,True,,TN3K,1,1,trapA,trapA,yes,no,1.0,trapB,True,False,False
tr_1556,tr_1556,1,trapA,True,False,0.7453874538745388,TN3K,1,1,trapA,trapA,yes,yes,1.0,trapA,False,True,False
tr_0230,tr_0230,0,artifact_free,False,True,,TN3K,0,0,artifact_free,artifact_free,yes,no,1.0,trapB,True,False,False
tr_0287,tr_0287,0,artifact_free,False,True,,TN3K,0,0,artifact_free,artifact_free,yes,no,1.0,trapB,True,False,False
tr_0878,tr_0878,1,trapB,True,False,0.0433084842030528,TN3K,1,1,trapA,trapA,yes,no,1.0,trapB,True,False,False
tr_0014,tr_0014,0,artifact_free,False,True,,TN3K,0,0,artifact_free,artifact_free,yes,no,1.0,trapB,True,False,False
tr_0284,tr_0284,0,artifact_free,False,True,,TN3K,0,0,artifact_free,artifact_free,no,no,0.0,artifact_free,False,True,False
tr_2778,tr_2778,1,artifact_free,False,True,,TN3K,0,0,artifact_free,artifact_free,yes,no,1.0,trapB,True,False,False
tr_1940,tr_1940,0,artifact_free,False,True,,TN3K,0,0,artifact_free,artifact_free,no,no,0.0,artifact_free,False,True,False
tr_0791,tr_0791,1,artifact_free,False,True,,TN3K,0,0,artifact_free,artifact_free,no,no,0.0,artifact_free,False,True,False
tr_1221,tr_1221,0,artifact_free,False,True,,TN3K,0,0,artifact_free,artifact_free,no,no,0.0,artifact_free,False,True,False
tr_0477,tr_0477,0,artifact_free,False,True,,TN3K,0,0,artifact_free,artifact_free,yes,no,1.0,trapB,True,False,False
tr_1792,tr_1792,0,trapB,True,False,0.0,TN3K,1,1,trapA,trapA,yes,no,1.0,trapB,True,False,False
tr_1063,tr_1063,0,artifact_free,False,True,,TN3K,0,0,artifact_free,artifact_free,no,no,0.0,artifact_free,False,True,False
tr_2164,tr_2164,1,trapA,True,False,0.9892344497607656,TN3K,1,1,trapA,trapA,yes,yes,1.0,trapA,False,True,False
tr_1832,tr_1832,0,artifact_free,False,True,,TN3K,0,0,artifact_free,artifact_free,no,no,0.0,artifact_free,False,True,False
tr_0859,tr_0859,1,trapA,True,False,1.0,TN3K,1,1,trapA,trapA,yes,yes,1.0,trapA,False,True,False
tr_0317,tr_0317,0,trapA,True,False,0.9354081033470346,TN3K,0,0,artifact_free,artifact_free,yes,yes,1.0,trapA,True,False,False
tr_1589,tr_1589,1,artifact_free,False,True,,TN3K,0,0,artifact_free,artifact_free,no,no,0.0,artifact_free,False,True,False
tr_1396,tr_1396,1,trapB,True,False,0.0,TN3K,0,0,artifact_free,artifact_free,yes,yes,1.0,trapA,True,False,False
tr_2039,tr_2039,1,trapA,True,False,1.0,TN3K,0,0,artifact_free,artifact_free,yes,no,1.0,trapB,True,False,False
tr_2292,tr_2292,0,artifact_free,False,True,,TN3K,0,0,artifact_free,artifact_free,no,no,0.0,artifact_free,False,True,False
tr_0345,tr_0345,0,artifact_free,False,True,,TN3K,0,0,artifact_free,artifact_free,no,no,0.0,artifact_free,False,True,False
tr_0718,tr_0718,1,artifact_free,False,True,,TN3K,0,0,artifact_free,artifact_free,no,no,0.0,artifact_free,False,True,False
tr_2354,tr_2354,0,artifact_free,False,True,,TN3K,0,0,artifact_free,artifact_free,no,no,0.0,artifact_free,False,True,False
tr_1146,tr_1146,0,artifact_free,False,True,,TN3K,1,0,trapB,trapB,yes,no,1.0,trapB,True,False,False
tr_0970,tr_0970,0,artifact_free,False,True,,TN3K,0,0,artifact_free,artifact_free,yes,no,1.0,trapB,True,False,False
tr_0745,tr_0745,1,artifact_free,False,True,,TN3K,0,0,artifact_free,artifact_free,no,no,0.0,artifact_free,False,True,False
tr_2527,tr_2527,0,trapA,True,False,0.5925925925925926,TN3K,1,1,trapA,trapA,yes,yes,1.0,trapA,False,True,False
tr_1449,tr_1449,1,artifact_free,False,True,,TN3K,0,0,artifact_free,artifact_free,no,no,0.0,artifact_free,False,True,False
tr_1895,tr_1895,0,artifact_free,False,True,,TN3K,0,0,artifact_free,artifact_free,yes,no,1.0,trapB,True,False,False
tr_1219,tr_1219,0,artifact_free,False,True,,TN3K,0,0,artifact_free,artifact_free,yes,no,1.0,trapB,True,False,False
tr_2163,tr_2163,1,trapA,True,False,0.7703488372093024,TN3K,0,0,artifact_free,artifact_free,yes,yes,1.0,trapA,True,False,False
tr_1303,tr_1303,0,artifact_free,False,True,,TN3K,0,0,artifact_free,artifact_free,no,no,0.0,artifact_free,False,True,False
tr_2681,tr_2681,1,artifact_free,False,True,,TN3K,0,0,artifact_free,artifact_free,no,no,0.0,artifact_free,False,True,False
tr_2608,tr_2608,0,trapA,True,False,0.7573385518590998,TN3K,1,1,trapA,trapA,yes,yes,1.0,trapA,False,True,False
tr_2836,tr_2836,1,artifact_free,False,True,,TN3K,0,0,artifact_free,artifact_free,no,no,0.0,artifact_free,False,True,False
tr_0256,tr_0256,0,artifact_free,False,True,,TN3K,0,0,artifact_free,artifact_free,no,no,0.0,artifact_free,False,True,False
tr_0336,tr_0336,0,trapA,True,False,1.0,TN3K,1,1,trapA,trapA,yes,yes,1.0,trapA,False,True,False
tr_1056,tr_1056,0,trapA,True,False,0.6096463022508039,TN3K,0,0,artifact_free,artifact_free,yes,no,1.0,trapB,True,False,False
tr_1893,tr_1893,0,trapB,True,False,0.0,TN3K,0,0,artifact_free,artifact_free,yes,no,1.0,trapB,True,False,False
tr_1723,tr_1723,0,artifact_free,False,True,,TN3K,0,0,artifact_free,artifact_free,no,no,0.0,artifact_free,False,True,False
tr_2066,tr_2066,1,trapA,True,False,0.9079497907949792,TN3K,0,0,artifact_free,artifact_free,yes,no,1.0,trapB,True,False,False
tr_0899,tr_0899,1,trapB,True,False,0.0,TN3K,0,0,artifact_free,artifact_free,no,no,0.0,artifact_free,True,False,False
tr_2073,tr_2073,1,artifact_free,False,True,,TN3K,0,0,artifact_free,artifact_free,no,no,0.0,artifact_free,False,True,False
tr_2421,tr_2421,0,trapA,True,False,0.8012820512820513,TN3K,0,0,artifact_free,artifact_free,yes,yes,1.0,trapA,True,False,False
tr_2357,tr_2357,0,artifact_free,False,True,,TN3K,0,0,artifact_free,artifact_free,no,no,0.0,artifact_free,False,True,False
tr_0103,tr_0103,0,trapA,True,False,0.9529780564263324,TN3K,0,0,artifact_free,artifact_free,yes,yes,1.0,trapA,True,False,False
tr_1203,tr_1203,0,trapA,True,False,0.7610062893081762,TN3K,1,1,trapA,trapA,yes,yes,1.0,trapA,False,True,False
tr_2545,tr_2545,0,trapA,True,False,1.0,TN3K,0,0,artifact_free,artifact_free,yes,yes,1.0,trapA,True,False,False
tr_2150,tr_2150,1,trapA,True,False,0.9941634241245136,TN3K,0,0,artifact_free,artifact_free,yes,no,1.0,trapB,True,False,False
tr_1680,tr_1680,0,artifact_free,False,True,,TN3K,0,0,artifact_free,artifact_free,yes,no,1.0,trapB,True,False,False
tr_0877,tr_0877,1,trapA,True,False,0.9205298013245032,TN3K,1,1,trapA,trapA,yes,yes,1.0,trapA,False,True,False
tr_0789,tr_0789,1,trapB,True,False,0.0,TN3K,0,0,artifact_free,artifact_free,yes,yes,1.0,trapA,True,False,False
tr_2169,tr_2169,1,artifact_free,False,True,,TN3K,0,0,artifact_free,artifact_free,yes,no,1.0,trapB,True,False,False
tr_1408,tr_1408,1,artifact_free,False,True,,TN3K,0,0,artifact_free,artifact_free,no,no,0.0,artifact_free,False,True,False
tr_2287,tr_2287,0,artifact_free,False,True,,TN3K,0,0,artifact_free,artifact_free,no,no,0.0,artifact_free,False,True,False
tr_2263,tr_2263,1,artifact_free,False,True,,TN3K,0,0,artifact_free,artifact_free,no,no,0.0,artifact_free,False,True,False
tr_1828,tr_1828,0,trapA,True,False,0.9773371104815864,TN3K,0,0,artifact_free,artifact_free,yes,no,1.0,trapB,True,False,False
tr_0862,tr_0862,1,artifact_free,False,True,,TN3K,0,0,artifact_free,artifact_free,no,no,0.0,artifact_free,False,True,False
tr_0301,tr_0301,0,trapA,True,False,0.5894308943089431,TN3K,1,1,trapA,trapA,yes,yes,1.0,trapA,False,True,False
tr_1668,tr_1668,0,trapA,True,False,1.0,TN3K,0,0,artifact_free,artifact_free,yes,no,1.0,trapB,True,False,False
tr_0258,tr_0258,0,trapA,True,False,0.9545454545454546,TN3K,0,0,artifact_free,artifact_free,yes,no,1.0,trapB,True,False,False
tr_1941,tr_1941,0,trapA,True,False,0.7425474254742548,TN3K,0,0,artifact_free,artifact_free,no,no,0.0,artifact_free,True,False,False
tr_1065,tr_1065,0,artifact_free,False,True,,TN3K,0,0,artifact_free,artifact_free,no,no,0.0,artifact_free,False,True,False
tr_0208,tr_0208,0,artifact_free,False,True,,TN3K,0,0,artifact_free,artifact_free,no,no,0.0,artifact_free,False,True,False
tr_2281,tr_2281,1,artifact_free,False,True,,TN3K,0,0,artifact_free,artifact_free,no,no,0.0,artifact_free,False,True,False
tr_1912,tr_1912,0,artifact_free,False,True,,TN3K,0,0,artifact_free,artifact_free,no,no,0.0,artifact_free,False,True,False
tr_0380,tr_0380,0,artifact_free,False,True,,TN3K,0,0,artifact_free,artifact_free,no,no,0.0,artifact_free,False,True,False
tr_2740,tr_2740,1,trapA,True,False,0.8115942028985508,TN3K,0,0,artifact_free,artifact_free,yes,yes,1.0,trapA,True,False,False
tr_1268,tr_1268,0,artifact_free,False,True,,TN3K,0,0,artifact_free,artifact_free,no,no,0.0,artifact_free,False,True,False
tr_0617,tr_0617,0,trapA,True,False,0.8852988691437803,TN3K,1,1,trapA,trapA,yes,yes,1.0,trapA,False,True,False
tr_2132,tr_2132,1,artifact_free,False,True,,TN3K,0,0,artifact_free,artifact_free,no,no,0.0,artifact_free,False,True,False
tr_1137,tr_1137,0,trapB,True,False,0.0,TN3K,0,0,artifact_free,artifact_free,yes,no,1.0,trapB,True,False,False
tr_0021,tr_0021,0,artifact_free,False,True,,TN3K,0,0,artifact_free,artifact_free,yes,no,1.0,trapB,True,False,False
tr_1358,tr_1358,0,trapA,True,False,0.933009708737864,TN3K,1,1,trapA,trapA,yes,yes,1.0,trapA,False,True,False
tr_2093,tr_2093,1,artifact_free,False,True,,TN3K,0,0,artifact_free,artifact_free,no,no,0.0,artifact_free,False,True,False
tr_0963,tr_0963,0,trapA,True,False,0.8360655737704918,TN3K,1,0,trapB,trapB,yes,yes,1.0,trapA,True,False,False
tr_0532,tr_0532,0,artifact_free,False,True,,TN3K,0,0,artifact_free,artifact_free,yes,no,1.0,trapB,True,False,False
tr_0815,tr_0815,1,artifact_free,False,True,,TN3K,0,0,artifact_free,artifact_free,yes,no,1.0,trapB,True,False,False
tr_0307,tr_0307,0,artifact_free,False,True,,TN3K,0,0,artifact_free,artifact_free,no,no,0.0,artifact_free,False,True,False
tr_0754,tr_0754,1,artifact_free,False,True,,TN3K,0,0,artifact_free,artifact_free,yes,yes,1.0,trapA,True,False,False
tr_0822,tr_0822,1,artifact_free,False,True,,TN3K,0,0,artifact_free,artifact_free,yes,no,1.0,trapB,True,False,False
tr_1902,tr_1902,0,trapA,True,False,0.7502487562189055,TN3K,0,0,artifact_free,artifact_free,yes,no,1.0,trapB,True,False,False
tr_1775,tr_1775,0,trapB,True,False,0.0666666666666666,TN3K,0,0,artifact_free,artifact_free,yes,no,1.0,trapB,True,False,False
tr_1315,tr_1315,0,artifact_free,False,True,,TN3K,0,0,artifact_free,artifact_free,no,no,0.0,artifact_free,False,True,False
tr_2849,tr_2849,1,artifact_free,False,True,,TN3K,0,0,artifact_free,artifact_free,yes,no,1.0,trapB,True,False,False
tr_1701,tr_1701,0,trapA,True,False,0.5914786967418546,TN3K,0,0,artifact_free,artifact_free,yes,yes,1.0,trapA,True,False,False
tr_2621,tr_2621,0,mid,True,False,0.3889310083396513,TN3K,0,0,artifact_free,artifact_free,yes,no,1.0,trapB,True,False,False
tr_0040,tr_0040,0,artifact_free,False,True,,TN3K,0,0,artifact_free,artifact_free,no,no,0.0,artifact_free,False,True,False
tr_0218,tr_0218,0,artifact_free,False,True,,TN3K,0,0,artifact_free,artifact_free,no,no,0.0,artifact_free,False,True,False
tr_0291,tr_0291,0,artifact_free,False,True,,TN3K,0,0,artifact_free,artifact_free,yes,no,1.0,trapB,True,False,False
tr_0607,tr_0607,0,trapA,True,False,0.869281045751634,TN3K,0,0,artifact_free,artifact_free,yes,no,1.0,trapB,True,False,False
tr_0447,tr_0447,0,mid,True,False,0.3430599369085173,TN3K,0,0,artifact_free,artifact_free,yes,no,1.0,trapB,True,False,False
tr_0874,tr_0874,1,artifact_free,False,True,,TN3K,0,0,artifact_free,artifact_free,no,no,0.0,artifact_free,False,True,False
tr_1746,tr_1746,0,trapA,True,False,1.0,TN3K,0,0,artifact_free,artifact_free,yes,no,1.0,trapB,True,False,False
tr_2211,tr_2211,1,artifact_free,False,True,,TN3K,0,0,artifact_free,artifact_free,no,no,0.0,artifact_free,False,True,False
tr_2816,tr_2816,1,artifact_free,False,True,,TN3K,0,0,artifact_free,artifact_free,yes,no,1.0,trapB,True,False,False
tr_1285,tr_1285,0,trapA,True,False,0.7598398932621748,TN3K,1,0,trapB,trapB,yes,yes,1.0,trapA,True,False,False
tr_0594,tr_0594,0,trapA,True,False,0.7824427480916031,TN3K,1,1,trapA,trapA,yes,yes,1.0,trapA,False,True,False
tr_1364,tr_1364,0,trapA,True,False,0.9621972829297104,TN3K,0,0,artifact_free,artifact_free,yes,yes,1.0,trapA,True,False,False
tr_2176,tr_2176,1,trapA,True,False,0.7296416938110749,TN3K,1,1,trapA,trapA,yes,no,1.0,trapB,True,False,False
tr_1039,tr_1039,0,trapB,True,False,0.0,TN3K,0,0,artifact_free,artifact_free,yes,no,1.0,trapB,True,False,False
tr_2117,tr_2117,1,artifact_free,False,True,,TN3K,0,0,artifact_free,artifact_free,no,no,0.0,artifact_free,False,True,False
tr_1864,tr_1864,0,trapA,True,False,0.7386934673366834,TN3K,0,0,artifact_free,artifact_free,yes,yes,1.0,trapA,True,False,False
tr_1742,tr_1742,0,trapB,True,False,0.0,TN3K,0,0,artifact_free,artifact_free,yes,no,1.0,trapB,True,False,False
tr_0441,tr_0441,0,artifact_free,False,True,,TN3K,0,0,artifact_free,artifact_free,no,no,0.0,artifact_free,False,True,False
tr_0474,tr_0474,0,trapA,True,False,1.0,TN3K,1,1,trapA,trapA,yes,no,1.0,trapB,True,False,False
tr_0771,tr_0771,1,artifact_free,False,True,,TN3K,0,0,artifact_free,artifact_free,yes,yes,1.0,trapA,True,False,False
tr_2518,tr_2518,0,artifact_free,False,True,,TN3K,1,0,trapB,trapB,yes,yes,1.0,trapA,True,False,False
tr_2752,tr_2752,1,trapA,True,False,0.6333333333333333,TN3K,1,1,trapA,trapA,yes,yes,1.0,trapA,False,True,False
tr_2687,tr_2687,1,artifact_free,False,True,,TN3K,0,0,artifact_free,artifact_free,no,no,0.0,artifact_free,False,True,False
tr_1666,tr_1666,0,mid,True,False,0.2467532467532467,TN3K,1,1,trapA,trapA,yes,yes,1.0,trapA,False,True,False
tr_0519,tr_0519,0,mid,True,False,0.2222222222222222,TN3K,0,0,artifact_free,artifact_free,yes,no,1.0,trapB,True,False,False
tr_2107,tr_2107,1,trapA,True,False,1.0,TN3K,1,1,trapA,trapA,yes,yes,1.0,trapA,False,True,False
tr_0097,tr_0097,0,artifact_free,False,True,,TN3K,0,0,artifact_free,artifact_free,no,no,0.0,artifact_free,False,True,False
tr_0457,tr_0457,0,trapA,True,False,0.9864176570458404,TN3K,1,1,trapA,trapA,yes,yes,1.0,trapA,False,True,False
tr_0410,tr_0410,0,trapA,True,False,0.7511737089201878,TN3K,0,0,artifact_free,artifact_free,yes,yes,1.0,trapA,True,False,False
tr_0920,tr_0920,1,mid,True,False,0.3944785276073619,TN3K,1,1,trapA,trapA,yes,no,1.0,trapB,False,True,False
tr_2328,tr_2328,0,artifact_free,False,True,,TN3K,0,0,artifact_free,artifact_free,no,no,0.0,artifact_free,False,True,False
tr_0310,tr_0310,0,trapA,True,False,0.8128654970760234,TN3K,1,1,trapA,trapA,yes,yes,1.0,trapA,False,True,False
tr_0426,tr_0426,0,trapA,True,False,0.815403422982885,TN3K,1,1,trapA,trapA,yes,yes,1.0,trapA,False,True,False
tr_0875,tr_0875,1,artifact_free,False,True,,TN3K,0,0,artifact_free,artifact_free,no,no,0.0,artifact_free,False,True,False
tr_2202,tr_2202,1,artifact_free,False,True,,TN3K,0,0,artifact_free,artifact_free,no,no,0.0,artifact_free,False,True,False
tr_1891,tr_1891,0,trapA,True,False,0.9375,TN3K,1,1,trapA,trapA,yes,yes,1.0,trapA,False,True,False
tr_2361,tr_2361,0,artifact_free,False,True,,TN3K,1,1,trapA,trapA,yes,no,1.0,trapB,True,False,False
tr_0561,tr_0561,0,trapA,True,False,0.6139705882352942,TN3K,1,1,trapA,trapA,yes,yes,1.0,trapA,False,True,False
tr_0121,tr_0121,0,trapA,True,False,0.951436388508892,TN3K,0,0,artifact_free,artifact_free,yes,yes,1.0,trapA,True,False,False
tr_2247,tr_2247,1,mid,True,False,0.1328609388839681,TN3K,0,0,artifact_free,artifact_free,yes,no,1.0,trapB,True,False,False
tr_2871,tr_2871,1,artifact_free,False,True,,TN3K,0,0,artifact_free,artifact_free,no,no,0.0,artifact_free,False,True,False
tr_2536,tr_2536,0,artifact_free,False,True,,TN3K,1,0,trapB,trapB,yes,no,1.0,trapB,True,False,False
tr_0362,tr_0362,0,mid,True,False,0.1342729970326409,TN3K,0,0,artifact_free,artifact_free,yes,no,1.0,trapB,True,False,False
tr_1541,tr_1541,1,artifact_free,False,True,,TN3K,0,0,artifact_free,artifact_free,no,no,0.0,artifact_free,False,True,False
tr_2869,tr_2869,1,artifact_free,False,True,,TN3K,0,0,artifact_free,artifact_free,no,no,0.0,artifact_free,False,True,False
tr_1551,tr_1551,1,artifact_free,False,True,,TN3K,0,0,artifact_free,artifact_free,no,no,0.0,artifact_free,False,True,False
tr_0748,tr_0748,1,trapA,True,False,0.963381958916344,TN3K,1,1,trapA,trapA,yes,yes,1.0,trapA,False,True,False
tr_1553,tr_1553,1,artifact_free,False,True,,TN3K,0,0,artifact_free,artifact_free,no,no,0.0,artifact_free,False,True,False
tr_0839,tr_0839,1,artifact_free,False,True,,TN3K,0,0,artifact_free,artifact_free,no,no,0.0,artifact_free,False,True,False
tr_2338,tr_2338,0,artifact_free,False,True,,TN3K,0,0,artifact_free,artifact_free,no,no,0.0,artifact_free,False,True,False
tr_2437,tr_2437,0,artifact_free,False,True,,TN3K,0,0,artifact_free,artifact_free,yes,no,1.0,trapB,True,False,False
tr_0068,tr_0068,0,artifact_free,False,True,,TN3K,0,0,artifact_free,artifact_free,yes,no,1.0,trapB,True,False,False
tr_2076,tr_2076,1,trapA,True,False,1.0,TN3K,0,0,artifact_free,artifact_free,yes,no,1.0,trapB,True,False,False
tr_1392,tr_1392,0,artifact_free,False,True,,TN3K,0,0,artifact_free,artifact_free,no,no,0.0,artifact_free,False,True,False
tr_0302,tr_0302,0,trapA,True,False,0.9136690647482014,TN3K,1,1,trapA,trapA,yes,yes,1.0,trapA,False,True,False
tr_2823,tr_2823,1,artifact_free,False,True,,TN3K,0,0,artifact_free,artifact_free,no,no,0.0,artifact_free,False,True,False
tr_2261,tr_2261,1,artifact_free,False,True,,TN3K,0,0,artifact_free,artifact_free,no,no,0.0,artifact_free,False,True,False
tr_1890,tr_1890,0,artifact_free,False,True,,TN3K,0,0,artifact_free,artifact_free,no,no,0.0,artifact_free,False,True,False
tr_0098,tr_0098,0,trapA,True,False,0.9623893805309734,TN3K,0,0,artifact_free,artifact_free,yes,no,1.0,trapB,True,False,False
tr_2012,tr_2012,1,artifact_free,False,True,,TN3K,0,0,artifact_free,artifact_free,yes,no,1.0,trapB,True,False,False
tr_2606,tr_2606,0,artifact_free,False,True,,TN3K,0,0,artifact_free,artifact_free,yes,no,1.0,trapB,True,False,False
tr_0148,tr_0148,0,artifact_free,False,True,,TN3K,0,0,artifact_free,artifact_free,no,no,0.0,artifact_free,False,True,False
tr_0978,tr_0978,0,artifact_free,False,True,,TN3K,0,0,artifact_free,artifact_free,no,no,0.0,artifact_free,False,True,False
tr_2663,tr_2663,0,trapA,True,False,0.807495741056218,TN3K,0,0,artifact_free,artifact_free,yes,no,1.0,trapB,True,False,False
tr_1535,tr_1535,1,artifact_free,False,True,,TN3K,0,0,artifact_free,artifact_free,no,no,0.0,artifact_free,False,True,False
tr_1967,tr_1967,0,trapA,True,False,0.7420382165605095,TN3K,0,0,artifact_free,artifact_free,yes,no,1.0,trapB,True,False,False
tr_2803,tr_2803,1,artifact_free,False,True,,TN3K,0,0,artifact_free,artifact_free,no,no,0.0,artifact_free,False,True,False
tr_2739,tr_2739,1,artifact_free,False,True,,TN3K,0,0,artifact_free,artifact_free,no,no,0.0,artifact_free,False,True,False
tr_2727,tr_2727,1,artifact_free,False,True,,TN3K,0,0,artifact_free,artifact_free,no,no,0.0,artifact_free,False,True,False
tr_0528,tr_0528,0,artifact_free,False,True,,TN3K,0,0,artifact_free,artifact_free,no,no,0.0,artifact_free,False,True,False
tr_1128,tr_1128,0,artifact_free,False,True,,TN3K,0,0,artifact_free,artifact_free,no,no,0.0,artifact_free,False,True,False
tr_0760,tr_0760,1,trapA,True,False,1.0,TN3K,0,0,artifact_free,artifact_free,yes,no,1.0,trapB,True,False,False
tr_0200,tr_0200,0,trapA,True,False,1.0,TN3K,0,0,artifact_free,artifact_free,yes,no,1.0,trapB,True,False,False
tr_0620,tr_0620,0,trapB,True,False,0.0,TN3K,0,0,artifact_free,artifact_free,yes,no,1.0,trapB,True,False,False
tr_2248,tr_2248,1,trapA,True,False,0.6629213483146067,TN3K,1,0,trapB,trapB,yes,yes,1.0,trapA,True,False,False
tr_1717,tr_1717,0,artifact_free,False,True,,TN3K,0,0,artifact_free,artifact_free,no,no,0.0,artifact_free,False,True,False
tr_2326,tr_2326,0,trapA,True,False,0.8213058419243986,TN3K,1,1,trapA,trapA,yes,yes,1.0,trapA,False,True,False
tr_2760,tr_2760,1,artifact_free,False,True,,TN3K,1,0,trapB,trapB,yes,no,1.0,trapB,True,False,False
tr_0790,tr_0790,1,trapB,True,False,0.0,TN3K,0,0,artifact_free,artifact_free,no,no,0.0,artifact_free,True,False,False
tr_0926,tr_0926,1,artifact_free,False,True,,TN3K,0,0,artifact_free,artifact_free,yes,no,1.0,trapB,True,False,False
tr_0574,tr_0574,0,artifact_free,False,True,,TN3K,0,0,artifact_free,artifact_free,no,no,0.0,artifact_free,False,True,False
tr_2174,tr_2174,1,artifact_free,False,True,,TN3K,0,0,artifact_free,artifact_free,yes,no,1.0,trapB,True,False,False
tr_0527,tr_0527,0,artifact_free,False,True,,TN3K,0,0,artifact_free,artifact_free,no,no,0.0,artifact_free,False,True,False
tr_2092,tr_2092,1,trapA,True,False,1.0,TN3K,0,0,artifact_free,artifact_free,yes,yes,1.0,trapA,True,False,False
tr_0732,tr_0732,1,artifact_free,False,True,,TN3K,0,0,artifact_free,artifact_free,no,no,0.0,artifact_free,False,True,False
tr_0596,tr_0596,0,trapA,True,False,0.9863945578231292,TN3K,0,0,artifact_free,artifact_free,yes,no,1.0,trapB,True,False,False
tr_0547,tr_0547,0,artifact_free,False,True,,TN3K,0,0,artifact_free,artifact_free,no,no,0.0,artifact_free,False,True,False
tr_0438,tr_0438,0,artifact_free,False,True,,TN3K,0,0,artifact_free,artifact_free,yes,no,1.0,trapB,True,False,False
tr_2206,tr_2206,1,mid,True,False,0.4436222692036645,TN3K,1,0,trapB,trapB,yes,no,1.0,trapB,False,True,False
tr_2820,tr_2820,1,artifact_free,False,True,,TN3K,0,0,artifact_free,artifact_free,no,no,0.0,artifact_free,False,True,False
tr_2572,tr_2572,0,trapA,True,False,0.9038686987104336,TN3K,1,1,trapA,trapA,yes,yes,1.0,trapA,False,True,False
tr_0694,tr_0694,0,trapA,True,False,1.0,TN3K,0,0,artifact_free,artifact_free,yes,no,1.0,trapB,True,False,False
tr_0364,tr_0364,0,artifact_free,False,True,,TN3K,0,0,artifact_free,artifact_free,no,no,0.0,artifact_free,False,True,False
tr_0642,tr_0642,0,trapA,True,False,0.8614457831325302,TN3K,0,0,artifact_free,artifact_free,yes,yes,1.0,trapA,True,False,False
tr_1509,tr_1509,1,artifact_free,False,True,,TN3K,0,0,artifact_free,artifact_free,no,no,0.0,artifact_free,False,True,False
tr_2688,tr_2688,1,artifact_free,False,True,,TN3K,0,0,artifact_free,artifact_free,no,no,0.0,artifact_free,False,True,False
tr_1087,tr_1087,0,artifact_free,False,True,,TN3K,0,0,artifact_free,artifact_free,yes,no,1.0,trapB,True,False,False
tr_0812,tr_0812,1,artifact_free,False,True,,TN3K,0,0,artifact_free,artifact_free,no,no,0.0,artifact_free,False,True,False
tr_2631,tr_2631,0,trapA,True,False,1.0,TN3K,0,0,artifact_free,artifact_free,yes,no,1.0,trapB,True,False,False
tr_0461,tr_0461,0,trapA,True,False,0.6719056974459725,TN3K,0,0,artifact_free,artifact_free,yes,no,1.0,trapB,True,False,False
tr_0394,tr_0394,0,artifact_free,False,True,,TN3K,0,0,artifact_free,artifact_free,no,no,0.0,artifact_free,False,True,False
tr_0982,tr_0982,0,trapB,True,False,0.0,TN3K,0,0,artifact_free,artifact_free,yes,yes,1.0,trapA,True,False,False
tr_0262,tr_0262,0,trapA,True,False,0.8529411764705882,TN3K,1,1,trapA,trapA,yes,no,1.0,trapB,True,False,False
tr_1738,tr_1738,0,trapA,True,False,0.8444444444444444,TN3K,0,0,artifact_free,artifact_free,yes,no,1.0,trapB,True,False,False
tr_1144,tr_1144,0,artifact_free,False,True,,TN3K,1,1,trapA,trapA,yes,yes,1.0,trapA,True,False,False
tr_0064,tr_0064,0,artifact_free,False,True,,TN3K,0,0,artifact_free,artifact_free,no,no,0.0,artifact_free,False,True,False
tr_1765,tr_1765,0,trapA,True,False,0.9608323133414932,TN3K,0,0,artifact_free,artifact_free,yes,yes,1.0,trapA,True,False,False
tr_2452,tr_2452,0,artifact_free,False,True,,TN3K,0,0,artifact_free,artifact_free,yes,no,1.0,trapB,True,False,False
tr_2588,tr_2588,0,artifact_free,False,True,,TN3K,1,1,trapA,trapA,yes,no,1.0,trapB,True,False,False
tr_1031,tr_1031,0,trapA,True,False,0.8171521035598706,TN3K,1,1,trapA,trapA,yes,yes,1.0,trapA,False,True,False
tr_0186,tr_0186,0,trapA,True,False,0.9586776859504132,TN3K,1,1,trapA,trapA,yes,yes,1.0,trapA,False,True,False
tr_1753,tr_1753,0,artifact_free,False,True,,TN3K,0,0,artifact_free,artifact_free,yes,no,1.0,trapB,True,False,False
tr_1565,tr_1565,1,artifact_free,False,True,,TN3K,0,0,artifact_free,artifact_free,no,no,0.0,artifact_free,False,True,False
tr_1719,tr_1719,0,trapA,True,False,0.8005801305293692,TN3K,0,0,artifact_free,artifact_free,yes,yes,1.0,trapA,True,False,False
tr_0849,tr_0849,1,trapA,True,False,1.0,TN3K,0,0,artifact_free,artifact_free,yes,no,1.0,trapB,True,False,False
tr_2241,tr_2241,1,trapA,True,False,0.7591623036649214,TN3K,1,1,trapA,trapA,yes,no,1.0,trapB,True,False,False
tr_1548,tr_1548,1,trapA,True,False,0.9509433962264152,TN3K,1,1,trapA,trapA,yes,yes,1.0,trapA,False,True,False
tr_0721,tr_0721,1,artifact_free,False,True,,TN3K,0,0,artifact_free,artifact_free,no,no,0.0,artifact_free,False,True,False
tr_1328,tr_1328,0,trapB,True,False,0.0994152046783625,TN3K,0,0,artifact_free,artifact_free,yes,no,1.0,trapB,True,False,False
tr_0499,tr_0499,0,artifact_free,False,True,,TN3K,0,0,artifact_free,artifact_free,no,no,0.0,artifact_free,False,True,False
tr_0222,tr_0222,0,trapA,True,False,0.5143884892086331,TN3K,1,0,trapB,trapB,yes,no,1.0,trapB,True,False,False
tr_2156,tr_2156,1,artifact_free,False,True,,TN3K,0,0,artifact_free,artifact_free,no,no,0.0,artifact_free,False,True,False
tr_1859,tr_1859,0,trapA,True,False,1.0,TN3K,0,0,artifact_free,artifact_free,yes,no,1.0,trapB,True,False,False
tr_2105,tr_2105,1,trapA,True,False,0.9333333333333332,TN3K,0,0,artifact_free,artifact_free,yes,no,1.0,trapB,True,False,False
tr_1196,tr_1196,0,mid,True,False,0.260377358490566,TN3K,1,0,trapB,trapB,yes,yes,1.0,trapA,False,True,False
tr_1393,tr_1393,0,artifact_free,False,True,,TN3K,0,0,artifact_free,artifact_free,no,no,0.0,artifact_free,False,True,False
tr_0350,tr_0350,0,artifact_free,False,True,,TN3K,0,0,artifact_free,artifact_free,yes,no,1.0,trapB,True,False,False
tr_1235,tr_1235,0,artifact_free,False,True,,TN3K,0,0,artifact_free,artifact_free,no,no,0.0,artifact_free,False,True,False
tr_0006,tr_0006,0,artifact_free,False,True,,TN3K,0,0,artifact_free,artifact_free,yes,yes,1.0,trapA,True,False,False
tr_2446,tr_2446,0,artifact_free,False,True,,TN3K,0,0,artifact_free,artifact_free,no,no,0.0,artifact_free,False,True,False
tr_2593,tr_2593,0,artifact_free,False,True,,TN3K,0,0,artifact_free,artifact_free,yes,no,1.0,trapB,True,False,False
tr_1121,tr_1121,0,artifact_free,False,True,,TN3K,0,0,artifact_free,artifact_free,yes,no,1.0,trapB,True,False,False
tr_0433,tr_0433,0,artifact_free,False,True,,TN3K,0,0,artifact_free,artifact_free,yes,no,1.0,trapB,True,False,False
tr_2712,tr_2712,1,artifact_free,False,True,,TN3K,0,0,artifact_free,artifact_free,no,no,0.0,artifact_free,False,True,False
tr_2679,tr_2679,1,artifact_free,False,True,,TN3K,0,0,artifact_free,artifact_free,no,no,0.0,artifact_free,False,True,False
tr_0026,tr_0026,0,trapA,True,False,0.9002086230876217,TN3K,0,0,artifact_free,artifact_free,yes,no,1.0,trapB,True,False,False
tr_2311,tr_2311,0,artifact_free,False,True,,TN3K,0,0,artifact_free,artifact_free,yes,no,1.0,trapB,True,False,False
tr_2876,tr_2876,1,artifact_free,False,True,,TN3K,0,0,artifact_free,artifact_free,no,no,0.0,artifact_free,False,True,False
tr_2427,tr_2427,0,artifact_free,False,True,,TN3K,0,0,artifact_free,artifact_free,yes,no,1.0,trapB,True,False,False
tr_1992,tr_1992,1,artifact_free,False,True,,TN3K,0,0,artifact_free,artifact_free,no,no,0.0,artifact_free,False,True,False
tr_0869,tr_0869,1,artifact_free,False,True,,TN3K,0,0,artifact_free,artifact_free,no,no,0.0,artifact_free,False,True,False
tr_0629,tr_0629,0,trapA,True,False,0.7524271844660194,TN3K,1,1,trapA,trapA,yes,yes,1.0,trapA,False,True,False
tr_2495,tr_2495,0,artifact_free,False,True,,TN3K,0,0,artifact_free,artifact_free,no,no,0.0,artifact_free,False,True,False
tr_2186,tr_2186,1,trapB,True,False,0.052562417871222,TN3K,1,0,trapB,trapB,yes,yes,1.0,trapA,True,False,False
tr_1474,tr_1474,1,artifact_free,False,True,,TN3K,0,0,artifact_free,artifact_free,no,no,0.0,artifact_free,False,True,False
tr_0449,tr_0449,0,trapA,True,False,1.0,TN3K,1,1,trapA,trapA,yes,yes,1.0,trapA,False,True,False
tr_0929,tr_0929,1,mid,True,False,0.2885021097046413,TN3K,1,1,trapA,trapA,yes,no,1.0,trapB,False,True,False
tr_1187,tr_1187,0,trapA,True,False,1.0,TN3K,1,1,trapA,trapA,yes,yes,1.0,trapA,False,True,False
tr_1456,tr_1456,1,trapA,True,False,0.9820359281437124,TN3K,0,0,artifact_free,artifact_free,yes,no,1.0,trapB,True,False,False
tr_1010,tr_1010,0,trapA,True,False,1.0,TN3K,0,0,artifact_free,artifact_free,yes,no,1.0,trapB,True,False,False
tr_1997,tr_1997,1,artifact_free,False,True,,TN3K,0,0,artifact_free,artifact_free,no,no,0.0,artifact_free,False,True,False
tr_2389,tr_2389,0,artifact_free,False,True,,TN3K,0,0,artifact_free,artifact_free,yes,no,1.0,trapB,True,False,False
tr_1191,tr_1191,0,trapA,True,False,0.943310657596372,TN3K,1,1,trapA,trapA,yes,yes,1.0,trapA,False,True,False
tr_1109,tr_1109,0,artifact_free,False,True,,TN3K,0,0,artifact_free,artifact_free,yes,no,1.0,trapB,True,False,False
tr_1779,tr_1779,0,trapA,True,False,0.9742489270386266,TN3K,1,1,trapA,trapA,yes,yes,1.0,trapA,False,True,False
tr_2119,tr_2119,1,trapA,True,False,0.79333838001514,TN3K,0,0,artifact_free,artifact_free,yes,no,1.0,trapB,True,False,False
tr_0817,tr_0817,1,trapA,True,False,1.0,TN3K,0,0,artifact_free,artifact_free,yes,no,1.0,trapB,True,False,False
tr_0994,tr_0994,0,trapA,True,False,0.8626373626373627,TN3K,1,1,trapA,trapA,yes,yes,1.0,trapA,False,True,False
tr_0146,tr_0146,0,trapA,True,False,0.97008547008547,TN3K,0,0,artifact_free,artifact_free,yes,no,1.0,trapB,True,False,False
tr_0255,tr_0255,0,trapB,True,False,0.0,TN3K,0,0,artifact_free,artifact_free,yes,no,1.0,trapB,True,False,False
tr_0221,tr_0221,0,artifact_free,False,True,,TN3K,0,0,artifact_free,artifact_free,no,no,0.0,artifact_free,False,True,False
tr_1508,tr_1508,1,artifact_free,False,True,,TN3K,0,0,artifact_free,artifact_free,no,no,0.0,artifact_free,False,True,False
tr_2428,tr_2428,0,artifact_free,False,True,,TN3K,0,0,artifact_free,artifact_free,yes,no,1.0,trapB,True,False,False
tr_1657,tr_1657,0,trapA,True,False,0.7770700636942676,TN3K,1,1,trapA,trapA,yes,yes,1.0,trapA,False,True,False
tr_1845,tr_1845,0,trapA,True,False,0.5185185185185185,TN3K,0,0,artifact_free,artifact_free,yes,no,1.0,trapB,True,False,False
tr_0134,tr_0134,0,trapA,True,False,1.0,TN3K,1,1,trapA,trapA,yes,yes,1.0,trapA,False,True,False
tr_1374,tr_1374,0,trapA,True,False,0.6499133448873483,TN3K,1,0,trapB,trapB,yes,yes,1.0,trapA,True,False,False
tr_0425,tr_0425,0,mid,True,False,0.3282442748091603,TN3K,1,1,trapA,trapA,yes,yes,1.0,trapA,False,True,False
tr_2432,tr_2432,0,artifact_free,False,True,,TN3K,0,0,artifact_free,artifact_free,yes,no,1.0,trapB,True,False,False
tr_1487,tr_1487,1,artifact_free,False,True,,TN3K,0,0,artifact_free,artifact_free,no,no,0.0,artifact_free,False,True,False
tr_1563,tr_1563,1,trapB,True,False,0.0,TN3K,0,0,artifact_free,artifact_free,yes,no,1.0,trapB,True,False,False
tr_2867,tr_2867,1,artifact_free,False,True,,TN3K,0,0,artifact_free,artifact_free,yes,no,1.0,trapB,True,False,False
tr_2508,tr_2508,0,artifact_free,False,True,,TN3K,0,0,artifact_free,artifact_free,yes,no,1.0,trapB,True,False,False
tr_1661,tr_1661,0,trapA,True,False,0.7710843373493976,TN3K,1,1,trapA,trapA,yes,yes,1.0,trapA,False,True,False
tr_0081,tr_0081,0,trapA,True,False,0.9763313609467456,TN3K,0,0,artifact_free,artifact_free,yes,no,1.0,trapB,True,False,False
tr_1186,tr_1186,0,trapB,True,False,0.0,TN3K,0,0,artifact_free,artifact_free,no,no,0.0,artifact_free,True,False,False
tr_2365,tr_2365,0,trapA,True,False,0.8913857677902621,TN3K,1,1,trapA,trapA,yes,yes,1.0,trapA,False,True,False
tr_2340,tr_2340,0,artifact_free,False,True,,TN3K,0,0,artifact_free,artifact_free,no,no,0.0,artifact_free,False,True,False
tr_2056,tr_2056,1,trapA,True,False,0.7931547619047619,TN3K,1,1,trapA,trapA,yes,yes,1.0,trapA,False,True,False
tr_0249,tr_0249,0,trapA,True,False,1.0,TN3K,1,1,trapA,trapA,yes,yes,1.0,trapA,False,True,False
tr_1585,tr_1585,1,artifact_free,False,True,,TN3K,0,0,artifact_free,artifact_free,no,no,0.0,artifact_free,False,True,False
tr_0109,tr_0109,0,artifact_free,False,True,,TN3K,0,0,artifact_free,artifact_free,no,no,0.0,artifact_free,False,True,False
tr_0577,tr_0577,0,trapA,True,False,0.8232044198895028,TN3K,1,1,trapA,trapA,yes,yes,1.0,trapA,False,True,False
tr_0688,tr_0688,0,artifact_free,False,True,,TN3K,0,0,artifact_free,artifact_free,no,no,0.0,artifact_free,False,True,False
tr_0312,tr_0312,0,artifact_free,False,True,,TN3K,0,0,artifact_free,artifact_free,no,no,0.0,artifact_free,False,True,False
tr_0352,tr_0352,0,artifact_free,False,True,,TN3K,0,0,artifact_free,artifact_free,no,no,0.0,artifact_free,False,True,False
tr_0651,tr_0651,0,mid,True,False,0.1419333108790838,TN3K,1,0,trapB,trapB,yes,no,1.0,trapB,False,True,False
tr_1865,tr_1865,0,artifact_free,False,True,,TN3K,0,0,artifact_free,artifact_free,no,no,0.0,artifact_free,False,True,False
tr_2817,tr_2817,1,trapB,True,False,0.0,TN3K,0,0,artifact_free,artifact_free,yes,no,1.0,trapB,True,False,False
tr_2395,tr_2395,0,artifact_free,False,True,,TN3K,0,0,artifact_free,artifact_free,no,no,0.0,artifact_free,False,True,False
tr_1721,tr_1721,0,artifact_free,False,True,,TN3K,0,0,artifact_free,artifact_free,no,no,0.0,artifact_free,False,True,False
tr_0471,tr_0471,0,artifact_free,False,True,,TN3K,0,0,artifact_free,artifact_free,no,no,0.0,artifact_free,False,True,False
tr_2501,tr_2501,0,artifact_free,False,True,,TN3K,0,0,artifact_free,artifact_free,no,no,0.0,artifact_free,False,True,False
tr_1767,tr_1767,0,artifact_free,False,True,,TN3K,0,0,artifact_free,artifact_free,yes,no,1.0,trapB,True,False,False
tr_1920,tr_1920,0,artifact_free,False,True,,TN3K,0,0,artifact_free,artifact_free,no,no,0.0,artifact_free,False,True,False
tr_0636,tr_0636,0,artifact_free,False,True,,TN3K,0,0,artifact_free,artifact_free,yes,no,1.0,trapB,True,False,False
tr_1157,tr_1157,0,trapA,True,False,0.8333333333333334,TN3K,0,0,artifact_free,artifact_free,yes,no,1.0,trapB,True,False,False
tr_2627,tr_2627,0,artifact_free,False,True,,TN3K,0,0,artifact_free,artifact_free,yes,no,1.0,trapB,True,False,False
tr_2191,tr_2191,1,artifact_free,False,True,,TN3K,0,0,artifact_free,artifact_free,no,no,0.0,artifact_free,False,True,False
tr_0564,tr_0564,0,trapA,True,False,0.775178026449644,TN3K,1,0,trapB,trapB,yes,yes,1.0,trapA,True,False,False
tr_1350,tr_1350,0,artifact_free,False,True,,TN3K,0,0,artifact_free,artifact_free,no,no,0.0,artifact_free,False,True,False
tr_2018,tr_2018,1,artifact_free,False,True,,TN3K,0,0,artifact_free,artifact_free,yes,yes,1.0,trapA,True,False,False
tr_2231,tr_2231,1,mid,True,False,0.2628458498023715,TN3K,1,0,trapB,trapB,yes,yes,1.0,trapA,False,True,False
tr_2618,tr_2618,0,artifact_free,False,True,,TN3K,1,0,trapB,trapB,yes,yes,1.0,trapA,True,False,False
tr_2461,tr_2461,0,trapB,True,False,0.0,TN3K,0,0,artifact_free,artifact_free,yes,yes,1.0,trapA,True,False,False
tr_1463,tr_1463,1,artifact_free,False,True,,TN3K,0,0,artifact_free,artifact_free,no,no,0.0,artifact_free,False,True,False
tr_1076,tr_1076,0,trapA,True,False,0.8385481852315394,TN3K,0,0,artifact_free,artifact_free,yes,yes,1.0,trapA,True,False,False
tr_2774,tr_2774,1,artifact_free,False,True,,TN3K,0,0,artifact_free,artifact_free,no,no,0.0,artifact_free,False,True,False
tr_1014,tr_1014,0,artifact_free,False,True,,TN3K,0,0,artifact_free,artifact_free,no,no,0.0,artifact_free,False,True,False
tr_1148,tr_1148,0,artifact_free,False,True,,TN3K,0,0,artifact_free,artifact_free,no,no,0.0,artifact_free,False,True,False
tr_0228,tr_0228,0,mid,True,False,0.1733050847457627,TN3K,1,0,trapB,trapB,yes,no,1.0,trapB,False,True,False
tr_2030,tr_2030,1,trapB,True,False,0.0,TN3K,0,0,artifact_free,artifact_free,yes,yes,1.0,trapA,True,False,False
tr_0359,tr_0359,0,artifact_free,False,True,,TN3K,0,0,artifact_free,artifact_free,no,no,0.0,artifact_free,False,True,False
tr_2845,tr_2845,1,trapA,True,False,0.9307432432432432,TN3K,1,1,trapA,trapA,yes,yes,1.0,trapA,False,True,False
tr_2874,tr_2874,1,trapA,True,False,0.6797945205479452,TN3K,1,1,trapA,trapA,yes,yes,1.0,trapA,False,True,False
tr_1204,tr_1204,0,trapA,True,False,0.6501103752759382,TN3K,1,1,trapA,trapA,yes,yes,1.0,trapA,False,True,False
tr_1159,tr_1159,0,artifact_free,False,True,,TN3K,0,0,artifact_free,artifact_free,no,no,0.0,artifact_free,False,True,False
tr_2777,tr_2777,1,artifact_free,False,True,,TN3K,0,0,artifact_free,artifact_free,yes,no,1.0,trapB,True,False,False
tr_0871,tr_0871,1,artifact_free,False,True,,TN3K,0,0,artifact_free,artifact_free,no,no,0.0,artifact_free,False,True,False
tr_0833,tr_0833,1,artifact_free,False,True,,TN3K,0,0,artifact_free,artifact_free,no,no,0.0,artifact_free,False,True,False
tr_0124,tr_0124,0,artifact_free,False,True,,TN3K,0,0,artifact_free,artifact_free,yes,no,1.0,trapB,True,False,False
tr_2804,tr_2804,1,artifact_free,False,True,,TN3K,0,0,artifact_free,artifact_free,no,no,0.0,artifact_free,False,True,False
tr_2091,tr_2091,1,artifact_free,False,True,,TN3K,0,0,artifact_free,artifact_free,no,no,0.0,artifact_free,False,True,False
tr_2455,tr_2455,0,artifact_free,False,True,,TN3K,0,0,artifact_free,artifact_free,no,no,0.0,artifact_free,False,True,False
tr_2842,tr_2842,1,artifact_free,False,True,,TN3K,0,0,artifact_free,artifact_free,yes,no,1.0,trapB,True,False,False
tr_2591,tr_2591,0,trapA,True,False,0.8581314878892734,TN3K,1,1,trapA,trapA,yes,yes,1.0,trapA,False,True,False
tr_2818,tr_2818,1,artifact_free,False,True,,TN3K,0,0,artifact_free,artifact_free,yes,no,1.0,trapB,True,False,False
tr_1192,tr_1192,0,trapA,True,False,0.7937902753368483,TN3K,1,1,trapA,trapA,yes,yes,1.0,trapA,False,True,False
tr_2616,tr_2616,0,artifact_free,False,True,,TN3K,0,0,artifact_free,artifact_free,yes,yes,1.0,trapA,True,False,False
tr_0733,tr_0733,1,trapB,True,False,0.0,TN3K,0,0,artifact_free,artifact_free,yes,no,1.0,trapB,True,False,False
tr_2239,tr_2239,1,trapA,True,False,0.9860302677532014,TN3K,1,1,trapA,trapA,yes,yes,1.0,trapA,False,True,False
tr_1459,tr_1459,1,artifact_free,False,True,,TN3K,0,0,artifact_free,artifact_free,yes,no,1.0,trapB,True,False,False
tr_0870,tr_0870,1,artifact_free,False,True,,TN3K,0,0,artifact_free,artifact_free,no,no,0.0,artifact_free,False,True,False
tr_0088,tr_0088,0,artifact_free,False,True,,TN3K,0,0,artifact_free,artifact_free,no,no,0.0,artifact_free,False,True,False
tr_2023,tr_2023,1,artifact_free,False,True,,TN3K,0,0,artifact_free,artifact_free,no,no,0.0,artifact_free,False,True,False
tr_1355,tr_1355,0,trapA,True,False,0.5,TN3K,0,0,artifact_free,artifact_free,yes,no,1.0,trapB,True,False,False
tr_0396,tr_0396,0,artifact_free,False,True,,TN3K,0,0,artifact_free,artifact_free,no,no,0.0,artifact_free,False,True,False
tr_0615,tr_0615,0,artifact_free,False,True,,TN3K,1,1,trapA,trapA,yes,yes,1.0,trapA,True,False,False
tr_1785,tr_1785,0,mid,True,False,0.4747109826589595,TN3K,1,0,trapB,trapB,yes,yes,1.0,trapA,False,True,False
tr_2258,tr_2258,1,trapA,True,False,0.553831231813773,TN3K,0,0,artifact_free,artifact_free,yes,yes,1.0,trapA,True,False,False
tr_0469,tr_0469,0,trapA,True,False,0.9777777777777776,TN3K,1,1,trapA,trapA,yes,yes,1.0,trapA,False,True,False
tr_1402,tr_1402,1,trapB,True,False,0.0,TN3K,0,0,artifact_free,artifact_free,yes,no,1.0,trapB,True,False,False
tr_0061,tr_0061,0,artifact_free,False,True,,TN3K,0,0,artifact_free,artifact_free,no,no,0.0,artifact_free,False,True,False
tr_2449,tr_2449,0,artifact_free,False,True,,TN3K,0,0,artifact_free,artifact_free,yes,no,1.0,trapB,True,False,False
tr_1665,tr_1665,0,artifact_free,False,True,,TN3K,0,0,artifact_free,artifact_free,yes,no,1.0,trapB,True,False,False
tr_0496,tr_0496,0,mid,True,False,0.3586206896551724,TN3K,1,1,trapA,trapA,yes,yes,1.0,trapA,False,True,False
tr_1685,tr_1685,0,trapA,True,False,0.994750656167979,TN3K,1,0,trapB,trapB,yes,yes,1.0,trapA,True,False,False
tr_1709,tr_1709,0,trapB,True,False,0.0,TN3K,0,0,artifact_free,artifact_free,yes,no,1.0,trapB,True,False,False
tr_1909,tr_1909,0,trapA,True,False,0.7616,TN3K,1,0,trapB,trapB,yes,yes,1.0,trapA,True,False,False
tr_2741,tr_2741,1,trapB,True,False,0.0,TN3K,0,0,artifact_free,artifact_free,no,no,0.0,artifact_free,True,False,False
tr_1027,tr_1027,0,artifact_free,False,True,,TN3K,0,0,artifact_free,artifact_free,yes,no,1.0,trapB,True,False,False
tr_2505,tr_2505,0,artifact_free,False,True,,TN3K,0,0,artifact_free,artifact_free,no,no,0.0,artifact_free,False,True,False
tr_1987,tr_1987,0,trapB,True,False,0.0001887504718761,TN3K,1,1,trapA,trapA,yes,no,1.0,trapB,True,False,False
tr_2770,tr_2770,1,trapB,True,False,0.0,TN3K,0,0,artifact_free,artifact_free,no,no,0.0,artifact_free,True,False,False
tr_1923,tr_1923,0,artifact_free,False,True,,TN3K,0,0,artifact_free,artifact_free,no,no,0.0,artifact_free,False,True,False
tr_2821,tr_2821,1,artifact_free,False,True,,TN3K,1,0,trapB,trapB,yes,yes,1.0,trapA,True,False,False
tr_0820,tr_0820,1,artifact_free,False,True,,TN3K,0,0,artifact_free,artifact_free,yes,no,1.0,trapB,True,False,False
tr_0029,tr_0029,0,artifact_free,False,True,,TN3K,0,0,artifact_free,artifact_free,no,no,0.0,artifact_free,False,True,False
tr_0595,tr_0595,0,trapA,True,False,0.5381679389312977,TN3K,1,1,trapA,trapA,yes,no,1.0,trapB,True,False,False
tr_2364,tr_2364,0,trapA,True,False,0.7708333333333334,TN3K,0,0,artifact_free,artifact_free,yes,no,1.0,trapB,True,False,False
tr_0079,tr_0079,0,artifact_free,False,True,,TN3K,0,0,artifact_free,artifact_free,yes,no,1.0,trapB,True,False,False
tr_1561,tr_1561,1,artifact_free,False,True,,TN3K,0,0,artifact_free,artifact_free,yes,no,1.0,trapB,True,False,False
tr_2773,tr_2773,1,artifact_free,False,True,,TN3K,0,0,artifact_free,artifact_free,no,no,0.0,artifact_free,False,True,False
tr_2375,tr_2375,0,mid,True,False,0.2556357078449053,TN3K,1,0,trapB,trapB,yes,no,1.0,trapB,False,True,False
tr_0692,tr_0692,0,artifact_free,False,True,,TN3K,0,0,artifact_free,artifact_free,yes,no,1.0,trapB,True,False,False
tr_0011,tr_0011,0,artifact_free,False,True,,TN3K,0,0,artifact_free,artifact_free,yes,no,1.0,trapB,True,False,False
tr_1080,tr_1080,0,mid,True,False,0.2828947368421052,TN3K,1,0,trapB,trapB,yes,yes,1.0,trapA,False,True,False
tr_1368,tr_1368,0,artifact_free,False,True,,TN3K,0,0,artifact_free,artifact_free,no,no,0.0,artifact_free,False,True,False
tr_2756,tr_2756,1,mid,True,False,0.1617507136060894,TN3K,0,0,artifact_free,artifact_free,yes,no,1.0,trapB,True,False,False
tr_0544,tr_0544,0,artifact_free,False,True,,TN3K,0,0,artifact_free,artifact_free,yes,no,1.0,trapB,True,False,False
tr_1850,tr_1850,0,artifact_free,False,True,,TN3K,0,0,artifact_free,artifact_free,yes,no,1.0,trapB,True,False,False
tr_1971,tr_1971,0,trapB,True,False,0.0,TN3K,0,0,artifact_free,artifact_free,yes,yes,1.0,trapA,True,False,False
tr_2343,tr_2343,0,artifact_free,False,True,,TN3K,0,0,artifact_free,artifact_free,no,no,0.0,artifact_free,False,True,False
tr_0111,tr_0111,0,mid,True,False,0.2105263157894736,TN3K,1,0,trapB,trapB,yes,no,1.0,trapB,False,True,False
tr_1403,tr_1403,1,trapA,True,False,0.9739130434782608,TN3K,0,0,artifact_free,artifact_free,yes,no,1.0,trapB,True,False,False
tr_0351,tr_0351,0,artifact_free,False,True,,TN3K,0,0,artifact_free,artifact_free,no,no,0.0,artifact_free,False,True,False
tr_1954,tr_1954,0,trapB,True,False,0.0,TN3K,0,0,artifact_free,artifact_free,yes,no,1.0,trapB,True,False,False
tr_2060,tr_2060,1,artifact_free,False,True,,TN3K,0,0,artifact_free,artifact_free,no,no,0.0,artifact_free,False,True,False
tr_2720,tr_2720,1,artifact_free,False,True,,TN3K,0,0,artifact_free,artifact_free,yes,no,1.0,trapB,True,False,False
tr_0639,tr_0639,0,artifact_free,False,True,,TN3K,0,0,artifact_free,artifact_free,no,no,0.0,artifact_free,False,True,False
tr_0637,tr_0637,0,trapA,True,False,0.9482352941176472,TN3K,1,1,trapA,trapA,yes,yes,1.0,trapA,False,True,False
tr_2392,tr_2392,0,trapB,True,False,0.0,TN3K,0,0,artifact_free,artifact_free,yes,no,1.0,trapB,True,False,False
tr_2520,tr_2520,0,trapA,True,False,0.9260089686098656,TN3K,1,0,trapB,trapB,yes,yes,1.0,trapA,True,False,False
tr_1994,tr_1994,1,artifact_free,False,True,,TN3K,0,0,artifact_free,artifact_free,no,no,0.0,artifact_free,False,True,False
tr_1958,tr_1958,0,trapB,True,False,0.0,TN3K,1,0,trapB,trapB,yes,yes,1.0,trapA,True,False,False
tr_0184,tr_0184,0,trapB,True,False,0.0,TN3K,0,0,artifact_free,artifact_free,yes,no,1.0,trapB,True,False,False
tr_1429,tr_1429,1,artifact_free,False,True,,TN3K,0,0,artifact_free,artifact_free,no,no,0.0,artifact_free,False,True,False
tr_1264,tr_1264,0,trapA,True,False,1.0,TN3K,0,0,artifact_free,artifact_free,yes,no,1.0,trapB,True,False,False
tr_2829,tr_2829,1,trapB,True,False,0.0,TN3K,0,0,artifact_free,artifact_free,no,no,0.0,artifact_free,True,False,False
tr_0479,tr_0479,0,trapA,True,False,0.9190140845070424,TN3K,1,0,trapB,trapB,yes,yes,1.0,trapA,True,False,False
tr_1359,tr_1359,0,trapA,True,False,0.9874055415617128,TN3K,1,1,trapA,trapA,yes,yes,1.0,trapA,False,True,False
tr_2184,tr_2184,1,trapA,True,False,0.8112874779541446,TN3K,1,1,trapA,trapA,yes,no,1.0,trapB,True,False,False
tr_1220,tr_1220,0,artifact_free,False,True,,TN3K,0,0,artifact_free,artifact_free,no,no,0.0,artifact_free,False,True,False
tr_2694,tr_2694,1,mid,True,False,0.3801369863013699,TN3K,0,0,artifact_free,artifact_free,yes,no,1.0,trapB,True,False,False
tr_2450,tr_2450,0,artifact_free,False,True,,TN3K,0,0,artifact_free,artifact_free,yes,no,1.0,trapB,True,False,False
tr_0953,tr_0953,0,artifact_free,False,True,,TN3K,0,0,artifact_free,artifact_free,no,no,0.0,artifact_free,False,True,False
tr_0887,tr_0887,1,trapA,True,False,0.9333333333333332,TN3K,0,0,artifact_free,artifact_free,yes,no,1.0,trapB,True,False,False
tr_1130,tr_1130,0,trapA,True,False,0.9955623353210372,TN3K,0,0,artifact_free,artifact_free,no,no,0.0,artifact_free,True,False,False
tr_2089,tr_2089,1,artifact_free,False,True,,TN3K,0,0,artifact_free,artifact_free,no,no,0.0,artifact_free,False,True,False
tr_1189,tr_1189,0,artifact_free,False,True,,TN3K,0,0,artifact_free,artifact_free,no,no,0.0,artifact_free,False,True,False
tr_2574,tr_2574,0,artifact_free,False,True,,TN3K,0,0,artifact_free,artifact_free,no,no,0.0,artifact_free,False,True,False
tr_2227,tr_2227,1,artifact_free,False,True,,TN3K,0,0,artifact_free,artifact_free,yes,no,1.0,trapB,True,False,False
tr_1892,tr_1892,0,trapA,True,False,0.9383983572895276,TN3K,1,0,trapB,trapB,yes,yes,1.0,trapA,True,False,False
tr_1312,tr_1312,0,trapA,True,False,0.5371024734982333,TN3K,1,1,trapA,trapA,yes,yes,1.0,trapA,False,True,False
tr_0945,tr_0945,0,trapB,True,False,0.0,TN3K,1,1,trapA,trapA,yes,yes,1.0,trapA,True,False,False
tr_0808,tr_0808,1,artifact_free,False,True,,TN3K,0,0,artifact_free,artifact_free,no,no,0.0,artifact_free,False,True,False
tr_0494,tr_0494,0,artifact_free,False,True,,TN3K,0,0,artifact_free,artifact_free,yes,no,1.0,trapB,True,False,False
tr_2145,tr_2145,1,artifact_free,False,True,,TN3K,0,0,artifact_free,artifact_free,no,no,0.0,artifact_free,False,True,False
tr_2848,tr_2848,1,trapA,True,False,1.0,TN3K,1,1,trapA,trapA,yes,no,1.0,trapB,True,False,False
tr_2194,tr_2194,1,trapA,True,False,0.6456140350877193,TN3K,1,0,trapB,trapB,yes,yes,1.0,trapA,True,False,False
tr_0959,tr_0959,0,trapA,True,False,0.921921921921922,TN3K,0,0,artifact_free,artifact_free,yes,no,1.0,trapB,True,False,False
tr_2127,tr_2127,1,artifact_free,False,True,,TN3K,0,0,artifact_free,artifact_free,no,no,0.0,artifact_free,False,True,False
tr_1401,tr_1401,1,mid,True,False,0.26171875,TN3K,0,0,artifact_free,artifact_free,yes,no,1.0,trapB,True,False,False
tr_2360,tr_2360,0,artifact_free,False,True,,TN3K,0,0,artifact_free,artifact_free,no,no,0.0,artifact_free,False,True,False
tr_1453,tr_1453,1,artifact_free,False,True,,TN3K,0,0,artifact_free,artifact_free,no,no,0.0,artifact_free,False,True,False
tr_2854,tr_2854,1,artifact_free,False,True,,TN3K,1,0,trapB,trapB,no,no,0.0,artifact_free,True,False,False
tr_1998,tr_1998,1,artifact_free,False,True,,TN3K,0,0,artifact_free,artifact_free,no,no,0.0,artifact_free,False,True,False
tr_1053,tr_1053,0,trapA,True,False,0.9255813953488372,TN3K,1,1,trapA,trapA,yes,yes,1.0,trapA,False,True,False
tr_1420,tr_1420,1,artifact_free,False,True,,TN3K,0,0,artifact_free,artifact_free,no,no,0.0,artifact_free,False,True,False
tr_2471,tr_2471,0,trapA,True,False,1.0,TN3K,0,0,artifact_free,artifact_free,yes,no,1.0,trapB,True,False,False
tr_1983,tr_1983,0,artifact_free,False,True,,TN3K,1,1,trapA,trapA,yes,yes,1.0,trapA,True,False,False
tr_1877,tr_1877,0,trapA,True,False,0.8565022421524664,TN3K,0,0,artifact_free,artifact_free,yes,no,1.0,trapB,True,False,False
tr_2309,tr_2309,0,artifact_free,False,True,,TN3K,0,0,artifact_free,artifact_free,yes,no,1.0,trapB,True,False,False
tr_0423,tr_0423,0,artifact_free,False,True,,TN3K,0,0,artifact_free,artifact_free,no,no,0.0,artifact_free,False,True,False
tr_2081,tr_2081,1,trapA,True,False,0.9303135888501742,TN3K,1,1,trapA,trapA,yes,yes,1.0,trapA,False,True,False
tr_2022,tr_2022,1,artifact_free,False,True,,TN3K,0,0,artifact_free,artifact_free,no,no,0.0,artifact_free,False,True,False
tr_2512,tr_2512,0,trapB,True,False,0.0,TN3K,0,0,artifact_free,artifact_free,yes,no,1.0,trapB,True,False,False
tr_0145,tr_0145,0,artifact_free,False,True,,TN3K,0,0,artifact_free,artifact_free,yes,no,1.0,trapB,True,False,False
tr_1819,tr_1819,0,trapA,True,False,0.7155963302752294,TN3K,0,0,artifact_free,artifact_free,yes,no,1.0,trapB,True,False,False
tr_2358,tr_2358,0,trapA,True,False,0.8118745830553702,TN3K,0,0,artifact_free,artifact_free,yes,no,1.0,trapB,True,False,False
tr_1323,tr_1323,0,trapA,True,False,0.6864686468646864,TN3K,0,0,artifact_free,artifact_free,yes,no,1.0,trapB,True,False,False
tr_2020,tr_2020,1,artifact_free,False,True,,TN3K,0,0,artifact_free,artifact_free,no,no,0.0,artifact_free,False,True,False
tr_2183,tr_2183,1,artifact_free,False,True,,TN3K,0,0,artifact_free,artifact_free,no,no,0.0,artifact_free,False,True,False
tr_1028,tr_1028,0,trapA,True,False,0.8743654822335025,TN3K,1,1,trapA,trapA,yes,yes,1.0,trapA,False,True,False
tr_0437,tr_0437,0,trapA,True,False,1.0,TN3K,0,0,artifact_free,artifact_free,yes,yes,1.0,trapA,True,False,False
tr_0223,tr_0223,0,trapA,True,False,0.9967845659163987,TN3K,0,0,artifact_free,artifact_free,yes,no,1.0,trapB,True,False,False
tr_1182,tr_1182,0,artifact_free,False,True,,TN3K,0,0,artifact_free,artifact_free,no,no,0.0,artifact_free,False,True,False
tr_1329,tr_1329,0,artifact_free,False,True,,TN3K,0,0,artifact_free,artifact_free,no,no,0.0,artifact_free,False,True,False
tr_1398,tr_1398,1,artifact_free,False,True,,TN3K,0,0,artifact_free,artifact_free,no,no,0.0,artifact_free,False,True,False
tr_0241,tr_0241,0,trapA,True,False,0.8977272727272727,TN3K,0,0,artifact_free,artifact_free,yes,no,1.0,trapB,True,False,False
tr_0299,tr_0299,0,artifact_free,False,True,,TN3K,0,0,artifact_free,artifact_free,no,no,0.0,artifact_free,False,True,False
tr_1684,tr_1684,0,artifact_free,False,True,,TN3K,0,0,artifact_free,artifact_free,no,no,0.0,artifact_free,False,True,False
tr_0763,tr_0763,1,artifact_free,False,True,,TN3K,0,0,artifact_free,artifact_free,no,no,0.0,artifact_free,False,True,False
tr_1266,tr_1266,0,artifact_free,False,True,,TN3K,0,0,artifact_free,artifact_free,no,no,0.0,artifact_free,False,True,False
tr_1458,tr_1458,1,artifact_free,False,True,,TN3K,0,0,artifact_free,artifact_free,no,no,0.0,artifact_free,False,True,False
tr_1568,tr_1568,1,artifact_free,False,True,,TN3K,0,0,artifact_free,artifact_free,no,no,0.0,artifact_free,False,True,False
tr_1257,tr_1257,0,mid,True,False,0.2569674067076051,TN3K,0,0,artifact_free,artifact_free,yes,no,1.0,trapB,True,False,False
tr_2304,tr_2304,0,trapA,True,False,0.9561068702290076,TN3K,1,1,trapA,trapA,yes,yes,1.0,trapA,False,True,False
tr_0247,tr_0247,0,artifact_free,False,True,,TN3K,0,0,artifact_free,artifact_free,no,no,0.0,artifact_free,False,True,False
tr_1224,tr_1224,0,trapA,True,False,0.902439024390244,TN3K,1,1,trapA,trapA,yes,no,1.0,trapB,True,False,False
tr_2878,tr_2878,1,artifact_free,False,True,,TN3K,0,0,artifact_free,artifact_free,yes,no,1.0,trapB,True,False,False
te_0000,te_0000,0,artifact_free,False,True,,TN3K,0,0,artifact_free,artifact_free,no,no,0.0,artifact_free,False,True,False
te_0001,te_0001,0,trapA,True,False,0.8440492476060192,TN3K,1,0,trapB,trapB,yes,yes,1.0,trapA,True,False,False
te_0002,te_0002,0,trapA,True,False,0.5778625954198473,TN3K,1,1,trapA,trapA,yes,yes,1.0,trapA,False,True,False
te_0003,te_0003,0,mid,True,False,0.3421450151057402,TN3K,1,0,trapB,trapB,yes,no,1.0,trapB,False,True,False
te_0004,te_0004,0,trapA,True,False,0.6814814814814815,TN3K,1,1,trapA,trapA,yes,yes,1.0,trapA,False,True,False
te_0005,te_0005,0,artifact_free,False,True,,TN3K,0,0,artifact_free,artifact_free,no,no,0.0,artifact_free,False,True,False
te_0006,te_0006,0,trapA,True,False,0.9721706864564008,TN3K,1,1,trapA,trapA,yes,no,1.0,trapB,True,False,False
te_0007,te_0007,0,trapA,True,False,0.9182879377431906,TN3K,0,0,artifact_free,artifact_free,yes,no,1.0,trapB,True,False,False
te_0008,te_0008,0,trapA,True,False,0.900952380952381,TN3K,1,1,trapA,trapA,yes,yes,1.0,trapA,False,True,False
te_0009,te_0009,0,artifact_free,False,True,,TN3K,0,0,artifact_free,artifact_free,no,no,0.0,artifact_free,False,True,False
te_0010,te_0010,0,artifact_free,False,True,,TN3K,0,0,artifact_free,artifact_free,no,no,0.0,artifact_free,False,True,False
te_0011,te_0011,0,trapA,True,False,0.7940397350993378,TN3K,1,0,trapB,trapB,yes,yes,1.0,trapA,True,False,False
te_0012,te_0012,0,trapA,True,False,0.9306839186691312,TN3K,0,0,artifact_free,artifact_free,yes,no,1.0,trapB,True,False,False
te_0013,te_0013,0,mid,True,False,0.1471698113207547,TN3K,1,0,trapB,trapB,yes,yes,1.0,trapA,False,True,False
te_0014,te_0014,0,mid,True,False,0.3611111111111111,TN3K,1,1,trapA,trapA,yes,no,1.0,trapB,False,True,False
te_0015,te_0015,0,artifact_free,False,True,,TN3K,0,0,artifact_free,artifact_free,yes,no,1.0,trapB,True,False,False
te_0016,te_0016,0,artifact_free,False,True,,TN3K,0,0,artifact_free,artifact_free,yes,no,1.0,trapB,True,False,False
te_0017,te_0017,0,mid,True,False,0.4962686567164179,TN3K,0,0,artifact_free,artifact_free,yes,yes,1.0,trapA,True,False,False
te_0018,te_0018,0,artifact_free,False,True,,TN3K,0,0,artifact_free,artifact_free,yes,no,1.0,trapB,True,False,False
te_0019,te_0019,0,artifact_free,False,True,,TN3K,0,0,artifact_free,artifact_free,no,no,0.0,artifact_free,False,True,False
te_0020,te_0020,0,artifact_free,False,True,,TN3K,0,0,artifact_free,artifact_free,yes,no,1.0,trapB,True,False,False
te_0021,te_0021,0,trapA,True,False,0.9827072152653548,TN3K,1,1,trapA,trapA,yes,no,1.0,trapB,True,False,False
te_0022,te_0022,0,artifact_free,False,True,,TN3K,0,0,artifact_free,artifact_free,no,no,0.0,artifact_free,False,True,False
te_0023,te_0023,0,trapB,True,False,0.0,TN3K,0,0,artifact_free,artifact_free,yes,no,1.0,trapB,True,False,False
te_0024,te_0024,0,trapA,True,False,0.8910107126222636,TN3K,0,0,artifact_free,artifact_free,yes,yes,1.0,trapA,True,False,False
te_0025,te_0025,0,trapA,True,False,0.7141292442497261,TN3K,1,0,trapB,trapB,yes,yes,1.0,trapA,True,False,False
te_0026,te_0026,0,artifact_free,False,True,,TN3K,0,0,artifact_free,artifact_free,yes,no,1.0,trapB,True,False,False
te_0027,te_0027,0,trapB,True,False,0.0039682539682539,TN3K,1,0,trapB,trapB,yes,yes,1.0,trapA,True,False,False
te_0028,te_0028,0,trapA,True,False,0.7508650519031141,TN3K,1,1,trapA,trapA,yes,yes,1.0,trapA,False,True,False
te_0029,te_0029,0,artifact_free,False,True,,TN3K,0,0,artifact_free,artifact_free,yes,no,1.0,trapB,True,False,False
te_0030,te_0030,0,trapA,True,False,0.7901639344262295,TN3K,1,1,trapA,trapA,yes,yes,1.0,trapA,False,True,False
te_0031,te_0031,0,artifact_free,False,True,,TN3K,1,0,trapB,trapB,no,no,0.0,artifact_free,True,False,False
te_0032,te_0032,0,trapB,True,False,0.0,TN3K,1,0,trapB,trapB,yes,yes,1.0,trapA,True,False,False
te_0033,te_0033,0,trapB,True,False,0.0,TN3K,1,0,trapB,trapB,yes,yes,1.0,trapA,True,False,False
te_0034,te_0034,0,trapA,True,False,0.7407407407407407,TN3K,1,1,trapA,trapA,yes,yes,1.0,trapA,False,True,False
te_0035,te_0035,0,artifact_free,False,True,,TN3K,0,0,artifact_free,artifact_free,no,no,0.0,artifact_free,False,True,False
te_0036,te_0036,0,artifact_free,False,True,,TN3K,0,0,artifact_free,artifact_free,yes,yes,1.0,trapA,True,False,False
te_0037,te_0037,0,artifact_free,False,True,,TN3K,0,0,artifact_free,artifact_free,no,no,0.0,artifact_free,False,True,False
te_0038,te_0038,0,artifact_free,False,True,,TN3K,0,0,artifact_free,artifact_free,yes,no,1.0,trapB,True,False,False
te_0039,te_0039,0,mid,True,False,0.3636363636363636,TN3K,1,1,trapA,trapA,yes,yes,1.0,trapA,False,True,False
te_0040,te_0040,0,trapA,True,False,0.9432835820895522,TN3K,0,0,artifact_free,artifact_free,yes,no,1.0,trapB,True,False,False
te_0041,te_0041,0,trapA,True,False,0.8210526315789474,TN3K,0,0,artifact_free,artifact_free,yes,yes,1.0,trapA,True,False,False
te_0042,te_0042,0,trapA,True,False,0.8258575197889182,TN3K,0,0,artifact_free,artifact_free,yes,no,1.0,trapB,True,False,False
te_0043,te_0043,0,trapA,True,False,0.8994627782041443,TN3K,0,0,artifact_free,artifact_free,yes,no,1.0,trapB,True,False,False
te_0044,te_0044,0,mid,True,False,0.2363238512035011,TN3K,1,0,trapB,trapB,yes,yes,1.0,trapA,False,True,False
te_0045,te_0045,0,artifact_free,False,True,,TN3K,0,0,artifact_free,artifact_free,yes,no,1.0,trapB,True,False,False
te_0046,te_0046,0,artifact_free,False,True,,TN3K,0,0,artifact_free,artifact_free,yes,no,1.0,trapB,True,False,False
te_0047,te_0047,0,trapA,True,False,0.90311986863711,TN3K,1,0,trapB,trapB,yes,yes,1.0,trapA,True,False,False
te_0048,te_0048,0,mid,True,False,0.4492753623188406,TN3K,1,1,trapA,trapA,yes,yes,1.0,trapA,False,True,False
te_0049,te_0049,0,trapA,True,False,0.9130841121495328,TN3K,1,1,trapA,trapA,yes,yes,1.0,trapA,False,True,False
te_0050,te_0050,0,trapA,True,False,0.8695652173913043,TN3K,0,0,artifact_free,artifact_free,yes,yes,1.0,trapA,True,False,False
te_0051,te_0051,0,trapA,True,False,1.0,TN3K,0,0,artifact_free,artifact_free,yes,yes,1.0,trapA,True,False,False
te_0052,te_0052,0,artifact_free,False,True,,TN3K,0,0,artifact_free,artifact_free,no,no,0.0,artifact_free,False,True,False
te_0053,te_0053,0,artifact_free,False,True,,TN3K,0,0,artifact_free,artifact_free,no,no,0.0,artifact_free,False,True,False
te_0054,te_0054,0,mid,True,False,0.4487208512565089,TN3K,0,0,artifact_free,artifact_free,yes,no,1.0,trapB,True,False,False
te_0055,te_0055,0,trapA,True,False,0.9108367626886146,TN3K,1,0,trapB,trapB,yes,yes,1.0,trapA,True,False,False
te_0056,te_0056,0,mid,True,False,0.2560975609756097,TN3K,1,1,trapA,trapA,yes,yes,1.0,trapA,False,True,False
te_0057,te_0057,0,trapA,True,False,0.8179611650485437,TN3K,1,0,trapB,trapB,yes,yes,1.0,trapA,True,False,False
te_0058,te_0058,0,trapA,True,False,0.9585284280936456,TN3K,1,0,trapB,trapB,yes,no,1.0,trapB,True,False,False
te_0059,te_0059,0,artifact_free,False,True,,TN3K,0,0,artifact_free,artifact_free,no,no,0.0,artifact_free,False,True,False
te_0060,te_0060,0,artifact_free,False,True,,TN3K,0,0,artifact_free,artifact_free,no,no,0.0,artifact_free,False,True,False
te_0061,te_0061,0,trapA,True,False,0.9817073170731708,TN3K,1,1,trapA,trapA,yes,yes,1.0,trapA,False,True,False
te_0062,te_0062,0,trapA,True,False,0.9225225225225224,TN3K,0,0,artifact_free,artifact_free,yes,no,1.0,trapB,True,False,False
te_0063,te_0063,0,trapA,True,False,0.7169410515135423,TN3K,0,0,artifact_free,artifact_free,yes,no,1.0,trapB,True,False,False
te_0064,te_0064,0,trapA,True,False,0.993626062322946,TN3K,0,0,artifact_free,artifact_free,yes,no,1.0,trapB,True,False,False
te_0065,te_0065,0,trapA,True,False,0.6211020931225972,TN3K,0,0,artifact_free,artifact_free,yes,no,1.0,trapB,True,False,False
te_0066,te_0066,0,artifact_free,False,True,,TN3K,0,0,artifact_free,artifact_free,no,no,0.0,artifact_free,False,True,False
te_0067,te_0067,0,artifact_free,False,True,,TN3K,0,0,artifact_free,artifact_free,no,no,0.0,artifact_free,False,True,False
te_0068,te_0068,0,trapA,True,False,0.9314792422410318,TN3K,1,1,trapA,trapA,yes,yes,1.0,trapA,False,True,False
te_0069,te_0069,0,trapA,True,False,1.0,TN3K,1,1,trapA,trapA,yes,no,1.0,trapB,True,False,False
te_0070,te_0070,0,trapA,True,False,0.7346938775510204,TN3K,0,0,artifact_free,artifact_free,yes,no,1.0,trapB,True,False,False
te_0071,te_0071,0,artifact_free,False,True,,TN3K,0,0,artifact_free,artifact_free,no,no,0.0,artifact_free,False,True,False
te_0072,te_0072,0,trapA,True,False,0.954308093994778,TN3K,0,0,artifact_free,artifact_free,yes,yes,1.0,trapA,True,False,False
te_0073,te_0073,0,trapA,True,False,0.7884130982367759,TN3K,1,1,trapA,trapA,yes,yes,1.0,trapA,False,True,False
te_0074,te_0074,0,artifact_free,False,True,,TN3K,0,0,artifact_free,artifact_free,yes,no,1.0,trapB,True,False,False
te_0075,te_0075,0,artifact_free,False,True,,TN3K,0,0,artifact_free,artifact_free,no,no,0.0,artifact_free,False,True,False
te_0076,te_0076,0,artifact_free,False,True,,TN3K,0,0,artifact_free,artifact_free,no,no,0.0,artifact_free,False,True,False
te_0077,te_0077,0,trapA,True,False,0.8902439024390244,TN3K,0,0,artifact_free,artifact_free,yes,yes,1.0,trapA,True,False,False
te_0078,te_0078,0,trapA,True,False,0.8260869565217391,TN3K,1,1,trapA,trapA,yes,no,1.0,trapB,True,False,False
te_0079,te_0079,0,artifact_free,False,True,,TN3K,0,0,artifact_free,artifact_free,yes,no,1.0,trapB,True,False,False
te_0080,te_0080,0,trapA,True,False,0.9081225033288948,TN3K,0,0,artifact_free,artifact_free,yes,yes,1.0,trapA,True,False,False
te_0081,te_0081,0,mid,True,False,0.3924611973392461,TN3K,1,0,trapB,trapB,yes,yes,1.0,trapA,False,True,False
te_0082,te_0082,0,artifact_free,False,True,,TN3K,0,0,artifact_free,artifact_free,no,no,0.0,artifact_free,False,True,False
te_0083,te_0083,0,trapA,True,False,0.7272727272727273,TN3K,0,0,artifact_free,artifact_free,yes,no,1.0,trapB,True,False,False
te_0084,te_0084,0,trapA,True,False,0.8247291268323773,TN3K,0,0,artifact_free,artifact_free,yes,yes,1.0,trapA,True,False,False
te_0085,te_0085,0,trapB,True,False,0.0,TN3K,1,0,trapB,trapB,yes,yes,1.0,trapA,True,False,False
te_0086,te_0086,0,trapA,True,False,0.9837728194726166,TN3K,1,0,trapB,trapB,yes,yes,1.0,trapA,True,False,False
te_0087,te_0087,0,artifact_free,False,True,,TN3K,0,0,artifact_free,artifact_free,no,no,0.0,artifact_free,False,True,False
te_0088,te_0088,0,artifact_free,False,True,,TN3K,0,0,artifact_free,artifact_free,yes,no,1.0,trapB,True,False,False
te_0089,te_0089,0,trapA,True,False,0.967391304347826,TN3K,1,1,trapA,trapA,yes,yes,1.0,trapA,False,True,False
te_0090,te_0090,0,artifact_free,False,True,,TN3K,0,0,artifact_free,artifact_free,no,no,0.0,artifact_free,False,True,False
te_0091,te_0091,0,trapA,True,False,0.7631578947368421,TN3K,1,1,trapA,trapA,yes,yes,1.0,trapA,False,True,False
te_0092,te_0092,0,trapA,True,False,0.5748031496062992,TN3K,1,1,trapA,trapA,yes,yes,1.0,trapA,False,True,False
te_0093,te_0093,0,trapA,True,False,0.5346153846153846,TN3K,1,1,trapA,trapA,yes,yes,1.0,trapA,False,True,False
te_0094,te_0094,0,trapA,True,False,0.7,TN3K,1,1,trapA,trapA,yes,yes,1.0,trapA,False,True,False
te_0095,te_0095,0,artifact_free,False,True,,TN3K,0,0,artifact_free,artifact_free,no,no,0.0,artifact_free,False,True,False
te_0096,te_0096,0,artifact_free,False,True,,TN3K,1,1,trapA,trapA,no,no,0.0,artifact_free,True,False,False
te_0097,te_0097,0,trapB,True,False,0.0,TN3K,0,0,artifact_free,artifact_free,yes,no,1.0,trapB,True,False,False
te_0098,te_0098,0,artifact_free,False,True,,TN3K,0,0,artifact_free,artifact_free,no,no,0.0,artifact_free,False,True,False
te_0099,te_0099,0,mid,True,False,0.432084963666853,TN3K,0,0,artifact_free,artifact_free,yes,no,1.0,trapB,True,False,False
te_0100,te_0100,0,trapA,True,False,0.8894830659536542,TN3K,1,0,trapB,trapB,yes,yes,1.0,trapA,True,False,False
te_0101,te_0101,0,trapA,True,False,0.5893719806763285,TN3K,0,0,artifact_free,artifact_free,yes,yes,1.0,trapA,True,False,False
te_0102,te_0102,0,trapA,True,False,0.6228070175438597,TN3K,1,1,trapA,trapA,yes,yes,1.0,trapA,False,True,False
te_0103,te_0103,0,trapA,True,False,0.6858129315756435,TN3K,0,0,artifact_free,artifact_free,yes,no,1.0,trapB,True,False,False
te_0104,te_0104,0,trapA,True,False,0.8779795686719637,TN3K,0,0,artifact_free,artifact_free,yes,yes,1.0,trapA,True,False,False
te_0105,te_0105,0,mid,True,False,0.2112676056338028,TN3K,0,0,artifact_free,artifact_free,yes,no,1.0,trapB,True,False,False
te_0106,te_0106,0,trapA,True,False,0.7134482758620689,TN3K,0,0,artifact_free,artifact_free,yes,no,1.0,trapB,True,False,False
te_0107,te_0107,0,trapB,True,False,0.0539682539682539,TN3K,1,0,trapB,trapB,yes,yes,1.0,trapA,True,False,False
te_0108,te_0108,0,mid,True,False,0.2831325301204819,TN3K,1,0,trapB,trapB,yes,yes,1.0,trapA,False,True,False
te_0109,te_0109,0,trapA,True,False,0.8852988691437803,TN3K,1,1,trapA,trapA,yes,yes,1.0,trapA,False,True,False
te_0110,te_0110,0,artifact_free,False,True,,TN3K,0,0,artifact_free,artifact_free,no,no,0.0,artifact_free,False,True,False
te_0111,te_0111,0,artifact_free,False,True,,TN3K,0,0,artifact_free,artifact_free,yes,no,1.0,trapB,True,False,False
te_0112,te_0112,0,trapB,True,False,0.0,TN3K,0,0,artifact_free,artifact_free,yes,no,1.0,trapB,True,False,False
te_0113,te_0113,0,artifact_free,False,True,,TN3K,0,0,artifact_free,artifact_free,yes,no,1.0,trapB,True,False,False
te_0114,te_0114,0,trapA,True,False,0.9797174936617168,TN3K,0,0,artifact_free,artifact_free,yes,yes,1.0,trapA,True,False,False
te_0115,te_0115,0,artifact_free,False,True,,TN3K,0,0,artifact_free,artifact_free,no,no,0.0,artifact_free,False,True,False
te_0116,te_0116,0,trapA,True,False,0.6324503311258278,TN3K,1,1,trapA,trapA,yes,yes,1.0,trapA,False,True,False
te_0117,te_0117,0,artifact_free,False,True,,TN3K,0,0,artifact_free,artifact_free,no,no,0.0,artifact_free,False,True,False
te_0118,te_0118,0,trapA,True,False,0.6237037037037036,TN3K,0,0,artifact_free,artifact_free,yes,yes,1.0,trapA,True,False,False
te_0119,te_0119,0,artifact_free,False,True,,TN3K,0,0,artifact_free,artifact_free,no,no,0.0,artifact_free,False,True,False
te_0120,te_0120,0,artifact_free,False,True,,TN3K,0,0,artifact_free,artifact_free,no,no,0.0,artifact_free,False,True,False
te_0121,te_0121,0,artifact_free,False,True,,TN3K,0,0,artifact_free,artifact_free,no,no,0.0,artifact_free,False,True,False
te_0122,te_0122,0,trapA,True,False,0.8532608695652174,TN3K,0,0,artifact_free,artifact_free,no,no,0.0,artifact_free,True,False,False
te_0123,te_0123,0,artifact_free,False,True,,TN3K,0,0,artifact_free,artifact_free,no,no,0.0,artifact_free,False,True,False
te_0124,te_0124,0,trapA,True,False,0.602112676056338,TN3K,1,1,trapA,trapA,yes,no,1.0,trapB,True,False,False
te_0125,te_0125,0,trapA,True,False,0.6784452296819788,TN3K,1,1,trapA,trapA,yes,yes,1.0,trapA,False,True,False
te_0126,te_0126,0,trapA,True,False,0.7879604672057502,TN3K,1,1,trapA,trapA,yes,yes,1.0,trapA,False,True,False
te_0127,te_0127,0,mid,True,False,0.3625730994152046,TN3K,1,1,trapA,trapA,yes,yes,1.0,trapA,False,True,False
te_0128,te_0128,0,mid,True,False,0.1947863866763215,TN3K,0,0,artifact_free,artifact_free,yes,no,1.0,trapB,True,False,False
te_0129,te_0129,0,artifact_free,False,True,,TN3K,0,0,artifact_free,artifact_free,no,no,0.0,artifact_free,False,True,False
te_0130,te_0130,0,artifact_free,False,True,,TN3K,0,0,artifact_free,artifact_free,no,no,0.0,artifact_free,False,True,False
te_0131,te_0131,0,trapA,True,False,0.9447852760736196,TN3K,1,1,trapA,trapA,yes,yes,1.0,trapA,False,True,False
te_0132,te_0132,0,artifact_free,False,True,,TN3K,0,0,artifact_free,artifact_free,no,no,0.0,artifact_free,False,True,False
te_0133,te_0133,0,artifact_free,False,True,,TN3K,0,0,artifact_free,artifact_free,yes,no,1.0,trapB,True,False,False
te_0134,te_0134,0,mid,True,False,0.2807253190060443,TN3K,0,0,artifact_free,artifact_free,yes,no,1.0,trapB,True,False,False
te_0135,te_0135,0,trapB,True,False,0.0,TN3K,0,0,artifact_free,artifact_free,no,no,0.0,artifact_free,True,False,False
te_0136,te_0136,0,artifact_free,False,True,,TN3K,1,0,trapB,trapB,yes,yes,1.0,trapA,True,False,False
te_0137,te_0137,0,mid,True,False,0.2458791208791208,TN3K,1,0,trapB,trapB,yes,yes,1.0,trapA,False,True,False
te_0138,te_0138,0,mid,True,False,0.3928896991795806,TN3K,1,0,trapB,trapB,yes,yes,1.0,trapA,False,True,False
te_0139,te_0139,0,trapB,True,False,0.010752688172043,TN3K,1,0,trapB,trapB,yes,yes,1.0,trapA,True,False,False
te_0140,te_0140,0,trapA,True,False,0.7043795620437956,TN3K,1,1,trapA,trapA,yes,no,1.0,trapB,True,False,False
te_0141,te_0141,0,artifact_free,False,True,,TN3K,0,0,artifact_free,artifact_free,no,no,0.0,artifact_free,False,True,False
te_0142,te_0142,0,artifact_free,False,True,,TN3K,0,0,artifact_free,artifact_free,no,no,0.0,artifact_free,False,True,False
te_0143,te_0143,0,trapA,True,False,0.9931869795609388,TN3K,0,0,artifact_free,artifact_free,yes,yes,1.0,trapA,True,False,False
te_0144,te_0144,0,artifact_free,False,True,,TN3K,0,0,artifact_free,artifact_free,yes,no,1.0,trapB,True,False,False
te_0145,te_0145,0,trapA,True,False,0.6252465483234714,TN3K,1,1,trapA,trapA,yes,yes,1.0,trapA,False,True,False
te_0146,te_0146,0,artifact_free,False,True,,TN3K,0,0,artifact_free,artifact_free,no,no,0.0,artifact_free,False,True,False
te_0147,te_0147,0,trapA,True,False,0.883453237410072,TN3K,0,0,artifact_free,artifact_free,yes,yes,1.0,trapA,True,False,False
te_0148,te_0148,0,trapA,True,False,0.9552594002855784,TN3K,1,1,trapA,trapA,yes,no,1.0,trapB,True,False,False
te_0149,te_0149,0,artifact_free,False,True,,TN3K,0,0,artifact_free,artifact_free,yes,no,1.0,trapB,True,False,False
te_0150,te_0150,0,trapA,True,False,1.0,TN3K,1,1,trapA,trapA,yes,no,1.0,trapB,True,False,False
te_0151,te_0151,0,trapA,True,False,1.0,TN3K,1,1,trapA,trapA,yes,yes,1.0,trapA,False,True,False
te_0152,te_0152,0,trapA,True,False,0.97196261682243,TN3K,1,1,trapA,trapA,yes,yes,1.0,trapA,False,True,False
te_0153,te_0153,0,trapA,True,False,1.0,TN3K,1,1,trapA,trapA,yes,yes,1.0,trapA,False,True,False
te_0154,te_0154,0,trapB,True,False,0.0,TN3K,0,0,artifact_free,artifact_free,yes,yes,1.0,trapA,True,False,False
te_0155,te_0155,0,trapA,True,False,0.7828418230563002,TN3K,0,0,artifact_free,artifact_free,yes,no,1.0,trapB,True,False,False
te_0156,te_0156,0,trapA,True,False,0.7510373443983402,TN3K,1,1,trapA,trapA,yes,no,1.0,trapB,True,False,False
te_0157,te_0157,0,trapA,True,False,0.8524590163934426,TN3K,0,0,artifact_free,artifact_free,yes,yes,1.0,trapA,True,False,False
te_0158,te_0158,0,artifact_free,False,True,,TN3K,1,1,trapA,trapA,yes,no,1.0,trapB,True,False,False
te_0159,te_0159,0,artifact_free,False,True,,TN3K,1,1,trapA,trapA,yes,yes,1.0,trapA,True,False,False
te_0160,te_0160,0,artifact_free,False,True,,TN3K,0,0,artifact_free,artifact_free,yes,no,1.0,trapB,True,False,False
te_0161,te_0161,0,trapA,True,False,0.861934856587263,TN3K,1,0,trapB,trapB,yes,yes,1.0,trapA,True,False,False
te_0162,te_0162,0,trapA,True,False,0.9949944382647384,TN3K,1,1,trapA,trapA,yes,yes,1.0,trapA,False,True,False
te_0163,te_0163,0,trapA,True,False,0.9901800327332242,TN3K,1,1,trapA,trapA,yes,yes,1.0,trapA,False,True,False
te_0164,te_0164,0,trapB,True,False,0.0,TN3K,1,0,trapB,trapB,yes,yes,1.0,trapA,True,False,False
te_0165,te_0165,0,trapA,True,False,0.5504866180048662,TN3K,0,0,artifact_free,artifact_free,yes,no,1.0,trapB,True,False,False
te_0166,te_0166,0,artifact_free,False,True,,TN3K,0,0,artifact_free,artifact_free,no,no,0.0,artifact_free,False,True,False
te_0167,te_0167,0,artifact_free,False,True,,TN3K,0,0,artifact_free,artifact_free,no,no,0.0,artifact_free,False,True,False
te_0168,te_0168,0,trapB,True,False,0.0,TN3K,1,0,trapB,trapB,yes,no,1.0,trapB,False,True,False
te_0169,te_0169,0,artifact_free,False,True,,TN3K,0,0,artifact_free,artifact_free,yes,no,1.0,trapB,True,False,False
te_0170,te_0170,0,trapB,True,False,0.0,TN3K,1,0,trapB,trapB,yes,yes,1.0,trapA,True,False,False
te_0171,te_0171,0,trapA,True,False,0.791588785046729,TN3K,1,1,trapA,trapA,yes,yes,1.0,trapA,False,True,False
te_0172,te_0172,0,trapA,True,False,0.5339366515837104,TN3K,1,1,trapA,trapA,yes,yes,1.0,trapA,False,True,False
te_0173,te_0173,0,artifact_free,False,True,,TN3K,0,0,artifact_free,artifact_free,yes,no,1.0,trapB,True,False,False
te_0174,te_0174,0,artifact_free,False,True,,TN3K,0,0,artifact_free,artifact_free,no,no,0.0,artifact_free,False,True,False
te_0175,te_0175,0,artifact_free,False,True,,TN3K,0,0,artifact_free,artifact_free,yes,no,1.0,trapB,True,False,False
te_0176,te_0176,0,mid,True,False,0.2003129890453834,TN3K,1,1,trapA,trapA,yes,yes,1.0,trapA,False,True,False
te_0177,te_0177,0,artifact_free,False,True,,TN3K,0,0,artifact_free,artifact_free,no,no,0.0,artifact_free,False,True,False
te_0178,te_0178,0,trapA,True,False,0.7611464968152867,TN3K,1,1,trapA,trapA,yes,yes,1.0,trapA,False,True,False
te_0179,te_0179,0,trapA,True,False,0.9654736842105264,TN3K,1,1,trapA,trapA,yes,yes,1.0,trapA,False,True,False
te_0180,te_0180,0,artifact_free,False,True,,TN3K,0,0,artifact_free,artifact_free,no,no,0.0,artifact_free,False,True,False
te_0181,te_0181,0,artifact_free,False,True,,TN3K,0,0,artifact_free,artifact_free,no,no,0.0,artifact_free,False,True,False
te_0182,te_0182,0,artifact_free,False,True,,TN3K,0,0,artifact_free,artifact_free,no,no,0.0,artifact_free,False,True,False
te_0183,te_0183,0,trapA,True,False,0.6752411575562701,TN3K,1,1,trapA,trapA,yes,yes,1.0,trapA,False,True,False
te_0184,te_0184,0,trapA,True,False,0.9293478260869564,TN3K,1,1,trapA,trapA,yes,yes,1.0,trapA,False,True,False
te_0185,te_0185,0,artifact_free,False,True,,TN3K,0,0,artifact_free,artifact_free,no,no,0.0,artifact_free,False,True,False
te_0186,te_0186,0,trapB,True,False,0.0,TN3K,1,0,trapB,trapB,yes,yes,1.0,trapA,True,False,False
te_0187,te_0187,0,trapB,True,False,0.0,TN3K,0,0,artifact_free,artifact_free,yes,no,1.0,trapB,True,False,False
te_0188,te_0188,0,artifact_free,False,True,,TN3K,1,1,trapA,trapA,yes,yes,1.0,trapA,True,False,False
te_0189,te_0189,0,trapA,True,False,0.8336221837088388,TN3K,1,1,trapA,trapA,yes,no,1.0,trapB,True,False,False
te_0190,te_0190,0,trapB,True,False,0.0210526315789473,TN3K,1,0,trapB,trapB,yes,yes,1.0,trapA,True,False,False
te_0191,te_0191,0,trapA,True,False,0.5544554455445545,TN3K,1,0,trapB,trapB,yes,no,1.0,trapB,True,False,False
te_0192,te_0192,0,trapA,True,False,0.8069852941176471,TN3K,1,1,trapA,trapA,yes,yes,1.0,trapA,False,True,False
te_0193,te_0193,0,artifact_free,False,True,,TN3K,0,0,artifact_free,artifact_free,yes,no,1.0,trapB,True,False,False
te_0194,te_0194,0,artifact_free,False,True,,TN3K,0,0,artifact_free,artifact_free,yes,no,1.0,trapB,True,False,False
te_0195,te_0195,0,trapB,True,False,0.0890410958904109,TN3K,0,0,artifact_free,artifact_free,yes,no,1.0,trapB,True,False,False
te_0196,te_0196,0,artifact_free,False,True,,TN3K,0,0,artifact_free,artifact_free,no,no,0.0,artifact_free,False,True,False
te_0197,te_0197,0,trapA,True,False,0.7956448911222781,TN3K,1,0,trapB,trapB,yes,yes,1.0,trapA,True,False,False
te_0198,te_0198,0,artifact_free,False,True,,TN3K,0,0,artifact_free,artifact_free,no,no,0.0,artifact_free,False,True,False
te_0199,te_0199,0,trapA,True,False,0.6252699784017278,TN3K,1,0,trapB,trapB,yes,yes,1.0,trapA,True,False,False
te_0200,te_0200,0,trapA,True,False,0.6599326599326599,TN3K,1,1,trapA,trapA,yes,no,1.0,trapB,True,False,False
te_0201,te_0201,0,trapB,True,False,0.0019943493435266,TN3K,1,0,trapB,trapB,yes,no,1.0,trapB,False,True,False
te_0202,te_0202,0,trapB,True,False,0.0,TN3K,1,0,trapB,trapB,yes,no,1.0,trapB,False,True,False
te_0203,te_0203,0,mid,True,False,0.1764705882352941,TN3K,1,1,trapA,trapA,yes,yes,1.0,trapA,False,True,False
te_0204,te_0204,0,artifact_free,False,True,,TN3K,0,0,artifact_free,artifact_free,no,no,0.0,artifact_free,False,True,False
te_0205,te_0205,0,trapB,True,False,0.0138297872340425,TN3K,0,0,artifact_free,artifact_free,yes,no,1.0,trapB,True,False,False
te_0206,te_0206,0,trapA,True,False,0.9027237354085604,TN3K,1,1,trapA,trapA,yes,yes,1.0,trapA,False,True,False
te_0207,te_0207,0,trapA,True,False,0.9454225352112676,TN3K,1,1,trapA,trapA,yes,yes,1.0,trapA,False,True,False
te_0208,te_0208,0,artifact_free,False,True,,TN3K,1,1,trapA,trapA,yes,no,1.0,trapB,True,False,False
te_0209,te_0209,0,trapA,True,False,0.9318715740015662,TN3K,1,0,trapB,trapB,yes,yes,1.0,trapA,True,False,False
te_0210,te_0210,0,trapA,True,False,0.9396014943960148,TN3K,1,1,trapA,trapA,yes,yes,1.0,trapA,False,True,False
te_0211,te_0211,0,artifact_free,False,True,,TN3K,0,0,artifact_free,artifact_free,yes,no,1.0,trapB,True,False,False
te_0212,te_0212,0,artifact_free,False,True,,TN3K,0,0,artifact_free,artifact_free,yes,no,1.0,trapB,True,False,False
te_0213,te_0213,0,artifact_free,False,True,,TN3K,0,0,artifact_free,artifact_free,yes,no,1.0,trapB,True,False,False
te_0214,te_0214,0,artifact_free,False,True,,TN3K,0,0,artifact_free,artifact_free,no,no,0.0,artifact_free,False,True,False
te_0215,te_0215,0,trapA,True,False,0.6675291073738681,TN3K,1,1,trapA,trapA,yes,yes,1.0,trapA,False,True,False
te_0216,te_0216,0,trapA,True,False,0.9516752577319588,TN3K,0,0,artifact_free,artifact_free,yes,no,1.0,trapB,True,False,False
te_0217,te_0217,0,artifact_free,False,True,,TN3K,0,0,artifact_free,artifact_free,no,no,0.0,artifact_free,False,True,False
te_0218,te_0218,0,trapA,True,False,1.0,TN3K,1,0,trapB,trapB,yes,no,1.0,trapB,True,False,False
te_0219,te_0219,0,trapB,True,False,0.0,TN3K,0,0,artifact_free,artifact_free,yes,yes,1.0,trapA,True,False,False
te_0220,te_0220,0,trapB,True,False,0.0512820512820512,TN3K,1,1,trapA,trapA,yes,yes,1.0,trapA,True,False,False
te_0221,te_0221,0,trapA,True,False,0.9275136399064692,TN3K,0,0,artifact_free,artifact_free,yes,yes,1.0,trapA,True,False,False
te_0222,te_0222,0,trapA,True,False,0.8961693548387096,TN3K,1,0,trapB,trapB,yes,yes,1.0,trapA,True,False,False
te_0223,te_0223,0,trapA,True,False,0.877164056059357,TN3K,1,1,trapA,trapA,yes,yes,1.0,trapA,False,True,False
te_0224,te_0224,0,trapA,True,False,0.8200654307524536,TN3K,1,1,trapA,trapA,yes,no,1.0,trapB,True,False,False
te_0225,te_0225,0,trapA,True,False,0.5865724381625441,TN3K,1,1,trapA,trapA,yes,no,1.0,trapB,True,False,False
te_0226,te_0226,0,trapA,True,False,0.9333333333333332,TN3K,0,0,artifact_free,artifact_free,yes,no,1.0,trapB,True,False,False
te_0227,te_0227,0,artifact_free,False,True,,TN3K,0,0,artifact_free,artifact_free,no,no,0.0,artifact_free,False,True,False
te_0228,te_0228,0,trapA,True,False,0.9792387543252596,TN3K,1,1,trapA,trapA,yes,yes,1.0,trapA,False,True,False
te_0229,te_0229,0,trapB,True,False,0.0,TN3K,0,0,artifact_free,artifact_free,yes,no,1.0,trapB,True,False,False
te_0230,te_0230,0,trapA,True,False,0.5785876993166287,TN3K,1,0,trapB,trapB,yes,yes,1.0,trapA,True,False,False
te_0231,te_0231,0,trapB,True,False,0.0,TN3K,1,0,trapB,trapB,yes,yes,1.0,trapA,True,False,False
te_0232,te_0232,0,artifact_free,False,True,,TN3K,1,1,trapA,trapA,yes,yes,1.0,trapA,True,False,False
te_0233,te_0233,0,artifact_free,False,True,,TN3K,0,0,artifact_free,artifact_free,no,no,0.0,artifact_free,False,True,False
te_0234,te_0234,0,trapA,True,False,0.9681788862610192,TN3K,0,0,artifact_free,artifact_free,yes,no,1.0,trapB,True,False,False
te_0235,te_0235,0,trapA,True,False,0.7553191489361702,TN3K,1,1,trapA,trapA,yes,yes,1.0,trapA,False,True,False
te_0236,te_0236,0,mid,True,False,0.2446535500427716,TN3K,1,0,trapB,trapB,yes,yes,1.0,trapA,False,True,False
te_0237,te_0237,0,trapA,True,False,0.9315789473684212,TN3K,1,1,trapA,trapA,yes,yes,1.0,trapA,False,True,False
te_0238,te_0238,0,trapA,True,False,0.980226733456367,TN3K,0,0,artifact_free,artifact_free,yes,no,1.0,trapB,True,False,False
te_0239,te_0239,0,trapA,True,False,0.9334558823529412,TN3K,0,0,artifact_free,artifact_free,yes,no,1.0,trapB,True,False,False
te_0240,te_0240,0,trapA,True,False,0.9655330882352942,TN3K,0,0,artifact_free,artifact_free,yes,no,1.0,trapB,True,False,False
te_0241,te_0241,0,trapA,True,False,0.9252948885976408,TN3K,1,1,trapA,trapA,yes,yes,1.0,trapA,False,True,False
te_0242,te_0242,0,artifact_free,False,True,,TN3K,1,0,trapB,trapB,yes,no,1.0,trapB,True,False,False
te_0243,te_0243,0,artifact_free,False,True,,TN3K,1,0,trapB,trapB,yes,no,1.0,trapB,True,False,False
te_0244,te_0244,0,mid,True,False,0.2867647058823529,TN3K,0,0,artifact_free,artifact_free,yes,no,1.0,trapB,True,False,False
te_0245,te_0245,0,artifact_free,False,True,,TN3K,0,0,artifact_free,artifact_free,no,no,0.0,artifact_free,False,True,False
te_0246,te_0246,0,trapA,True,False,0.9423076923076924,TN3K,0,0,artifact_free,artifact_free,yes,no,1.0,trapB,True,False,False
te_0247,te_0247,0,trapA,True,False,0.7348484848484849,TN3K,1,0,trapB,trapB,yes,yes,1.0,trapA,True,False,False
te_0248,te_0248,0,trapA,True,False,0.5397877984084881,TN3K,1,0,trapB,trapB,yes,yes,1.0,trapA,True,False,False
te_0249,te_0249,0,trapB,True,False,0.0,TN3K,1,0,trapB,trapB,yes,yes,1.0,trapA,True,False,False
te_0250,te_0250,0,trapA,True,False,0.8882175226586103,TN3K,1,1,trapA,trapA,yes,yes,1.0,trapA,False,True,False
te_0251,te_0251,0,trapB,True,False,0.0190023752969121,TN3K,1,0,trapB,trapB,yes,yes,1.0,trapA,True,False,False
te_0252,te_0252,0,mid,True,False,0.3735584843492586,TN3K,0,0,artifact_free,artifact_free,yes,no,1.0,trapB,True,False,False
te_0253,te_0253,0,artifact_free,False,True,,TN3K,0,0,artifact_free,artifact_free,no,no,0.0,artifact_free,False,True,False
te_0254,te_0254,0,trapA,True,False,0.6646171045276691,TN3K,0,0,artifact_free,artifact_free,yes,no,1.0,trapB,True,False,False
te_0255,te_0255,0,trapB,True,False,0.0,TN3K,0,0,artifact_free,artifact_free,yes,no,1.0,trapB,True,False,False
te_0256,te_0256,0,trapB,True,False,0.0,TN3K,1,0,trapB,trapB,yes,yes,1.0,trapA,True,False,False
te_0257,te_0257,0,trapA,True,False,0.5902864259028643,TN3K,1,0,trapB,trapB,yes,yes,1.0,trapA,True,False,False
te_0258,te_0258,0,trapA,True,False,0.790929203539823,TN3K,1,1,trapA,trapA,yes,yes,1.0,trapA,False,True,False
te_0259,te_0259,0,artifact_free,False,True,,TN3K,0,0,artifact_free,artifact_free,yes,no,1.0,trapB,True,False,False
te_0260,te_0260,0,artifact_free,False,True,,TN3K,0,0,artifact_free,artifact_free,yes,no,1.0,trapB,True,False,False
te_0261,te_0261,0,trapA,True,False,1.0,TN3K,1,1,trapA,trapA,yes,yes,1.0,trapA,False,True,False
te_0262,te_0262,0,trapA,True,False,0.9831223628691984,TN3K,1,0,trapB,trapB,yes,no,1.0,trapB,True,False,False
te_0263,te_0263,0,trapB,True,False,0.0,TN3K,1,1,trapA,trapA,yes,no,1.0,trapB,True,False,False
te_0264,te_0264,0,artifact_free,False,True,,TN3K,0,0,artifact_free,artifact_free,yes,no,1.0,trapB,True,False,False
te_0265,te_0265,0,trapA,True,False,0.7369062119366626,TN3K,0,0,artifact_free,artifact_free,yes,yes,1.0,trapA,True,False,False
te_0266,te_0266,0,artifact_free,False,True,,TN3K,1,1,trapA,trapA,yes,yes,1.0,trapA,True,False,False
te_0267,te_0267,0,trapA,True,False,0.9631336405529954,TN3K,1,0,trapB,trapB,yes,yes,1.0,trapA,True,False,False
te_0268,te_0268,0,artifact_free,False,True,,TN3K,0,0,artifact_free,artifact_free,no,no,0.0,artifact_free,False,True,False
te_0269,te_0269,0,artifact_free,False,True,,TN3K,0,0,artifact_free,artifact_free,no,no,0.0,artifact_free,False,True,False
te_0270,te_0270,0,artifact_free,False,True,,TN3K,0,0,artifact_free,artifact_free,no,no,0.0,artifact_free,False,True,False
te_0271,te_0271,0,artifact_free,False,True,,TN3K,0,0,artifact_free,artifact_free,yes,no,1.0,trapB,True,False,False
te_0272,te_0272,0,artifact_free,False,True,,TN3K,0,0,artifact_free,artifact_free,no,no,0.0,artifact_free,False,True,False
te_0273,te_0273,0,trapA,True,False,1.0,TN3K,1,1,trapA,trapA,yes,yes,1.0,trapA,False,True,False
te_0274,te_0274,0,trapA,True,False,0.6745762711864407,TN3K,1,1,trapA,trapA,yes,yes,1.0,trapA,False,True,False
te_0275,te_0275,0,trapA,True,False,0.7738095238095238,TN3K,1,1,trapA,trapA,yes,yes,1.0,trapA,False,True,False
te_0276,te_0276,0,artifact_free,False,True,,TN3K,0,0,artifact_free,artifact_free,yes,no,1.0,trapB,True,False,False
te_0277,te_0277,0,trapB,True,False,0.0696864111498257,TN3K,1,0,trapB,trapB,yes,yes,1.0,trapA,True,False,False
te_0278,te_0278,0,trapA,True,False,0.9107142857142856,TN3K,1,1,trapA,trapA,yes,yes,1.0,trapA,False,True,False
te_0279,te_0279,0,artifact_free,False,True,,TN3K,0,0,artifact_free,artifact_free,no,no,0.0,artifact_free,False,True,False
te_0280,te_0280,0,trapA,True,False,0.9440298507462688,TN3K,0,0,artifact_free,artifact_free,yes,no,1.0,trapB,True,False,False
te_0281,te_0281,0,trapA,True,False,0.7586206896551724,TN3K,1,0,trapB,trapB,yes,yes,1.0,trapA,True,False,False
te_0282,te_0282,0,artifact_free,False,True,,TN3K,0,0,artifact_free,artifact_free,no,no,0.0,artifact_free,False,True,False
te_0283,te_0283,0,artifact_free,False,True,,TN3K,0,0,artifact_free,artifact_free,no,no,0.0,artifact_free,False,True,False
te_0284,te_0284,0,trapA,True,False,0.7992537313432836,TN3K,1,1,trapA,trapA,yes,yes,1.0,trapA,False,True,False
te_0285,te_0285,0,artifact_free,False,True,,TN3K,0,0,artifact_free,artifact_free,no,no,0.0,artifact_free,False,True,False
te_0286,te_0286,0,artifact_free,False,True,,TN3K,0,0,artifact_free,artifact_free,yes,no,1.0,trapB,True,False,False
te_0287,te_0287,0,artifact_free,False,True,,TN3K,0,0,artifact_free,artifact_free,yes,no,1.0,trapB,True,False,False
te_0288,te_0288,0,trapB,True,False,0.0,TN3K,1,0,trapB,trapB,yes,yes,1.0,trapA,True,False,False
te_0289,te_0289,0,trapB,True,False,0.0,TN3K,1,0,trapB,trapB,yes,yes,1.0,trapA,True,False,False
te_0290,te_0290,0,trapB,True,False,0.0,TN3K,0,0,artifact_free,artifact_free,yes,no,1.0,trapB,True,False,False
te_0291,te_0291,0,artifact_free,False,True,,TN3K,0,0,artifact_free,artifact_free,no,no,0.0,artifact_free,False,True,False
te_0292,te_0292,0,trapA,True,False,0.9991482112436116,TN3K,0,0,artifact_free,artifact_free,yes,no,1.0,trapB,True,False,False
te_0293,te_0293,0,trapB,True,False,0.0,TN3K,0,0,artifact_free,artifact_free,yes,no,1.0,trapB,True,False,False
te_0294,te_0294,0,trapA,True,False,1.0,TN3K,1,1,trapA,trapA,yes,yes,1.0,trapA,False,True,False
te_0295,te_0295,0,trapA,True,False,0.9740871613663132,TN3K,0,0,artifact_free,artifact_free,yes,yes,1.0,trapA,True,False,False
te_0296,te_0296,0,trapA,True,False,0.8895463510848126,TN3K,1,1,trapA,trapA,yes,yes,1.0,trapA,False,True,False
te_0297,te_0297,0,artifact_free,False,True,,TN3K,0,0,artifact_free,artifact_free,yes,yes,1.0,trapA,True,False,False
te_0298,te_0298,0,trapB,True,False,0.0211267605633802,TN3K,1,0,trapB,trapB,yes,yes,1.0,trapA,True,False,False
te_0299,te_0299,0,artifact_free,False,True,,TN3K,0,0,artifact_free,artifact_free,no,no,0.0,artifact_free,False,True,False
te_0300,te_0300,0,trapA,True,False,0.9444444444444444,TN3K,1,0,trapB,trapB,yes,yes,1.0,trapA,True,False,False
te_0301,te_0301,0,artifact_free,False,True,,TN3K,0,0,artifact_free,artifact_free,no,no,0.0,artifact_free,False,True,False
te_0302,te_0302,0,artifact_free,False,True,,TN3K,0,0,artifact_free,artifact_free,yes,no,1.0,trapB,True,False,False
te_0303,te_0303,0,artifact_free,False,True,,TN3K,0,0,artifact_free,artifact_free,no,no,0.0,artifact_free,False,True,False
te_0304,te_0304,0,trapA,True,False,0.8961600865332612,TN3K,0,0,artifact_free,artifact_free,yes,no,1.0,trapB,True,False,False
te_0305,te_0305,0,artifact_free,False,True,,TN3K,0,0,artifact_free,artifact_free,yes,no,1.0,trapB,True,False,False
te_0306,te_0306,0,mid,True,False,0.418013856812933,TN3K,0,0,artifact_free,artifact_free,yes,no,1.0,trapB,True,False,False
te_0307,te_0307,0,artifact_free,False,True,,TN3K,1,0,trapB,trapB,yes,yes,1.0,trapA,True,False,False
te_0308,te_0308,0,trapA,True,False,0.718936877076412,TN3K,1,0,trapB,trapB,yes,yes,1.0,trapA,True,False,False
te_0309,te_0309,0,artifact_free,False,True,,TN3K,0,0,artifact_free,artifact_free,no,no,0.0,artifact_free,False,True,False
te_0310,te_0310,0,trapA,True,False,0.853185595567867,TN3K,1,1,trapA,trapA,yes,yes,1.0,trapA,False,True,False
te_0311,te_0311,0,trapA,True,False,0.8598654708520179,TN3K,1,1,trapA,trapA,yes,yes,1.0,trapA,False,True,False
te_0312,te_0312,0,trapB,True,False,0.0,TN3K,1,0,trapB,trapB,yes,yes,1.0,trapA,True,False,False
te_0313,te_0313,0,trapA,True,False,1.0,TN3K,1,1,trapA,trapA,yes,no,1.0,trapB,True,False,False
te_0314,te_0314,0,trapA,True,False,0.9076396807297604,TN3K,0,0,artifact_free,artifact_free,yes,no,1.0,trapB,True,False,False
te_0315,te_0315,0,artifact_free,False,True,,TN3K,0,0,artifact_free,artifact_free,yes,no,1.0,trapB,True,False,False
te_0316,te_0316,0,artifact_free,False,True,,TN3K,0,0,artifact_free,artifact_free,no,no,0.0,artifact_free,False,True,False
te_0317,te_0317,0,trapB,True,False,0.0010937927262783,TN3K,0,0,artifact_free,artifact_free,yes,no,1.0,trapB,True,False,False
te_0318,te_0318,0,trapB,True,False,0.0,TN3K,1,0,trapB,trapB,yes,no,1.0,trapB,False,True,False
te_0319,te_0319,0,trapA,True,False,0.6263650546021841,TN3K,1,1,trapA,trapA,yes,yes,1.0,trapA,False,True,False
te_0320,te_0320,0,mid,True,False,0.2740458015267175,TN3K,1,0,trapB,trapB,yes,yes,1.0,trapA,False,True,False
te_0321,te_0321,0,trapA,True,False,0.7537714139606239,TN3K,0,0,artifact_free,artifact_free,yes,no,1.0,trapB,True,False,False
te_0322,te_0322,0,trapA,True,False,0.9076819407008088,TN3K,0,0,artifact_free,artifact_free,yes,yes,1.0,trapA,True,False,False
te_0323,te_0323,0,trapA,True,False,0.9686440677966102,TN3K,1,0,trapB,trapB,yes,no,1.0,trapB,True,False,False
te_0324,te_0324,0,trapA,True,False,0.9844533600802408,TN3K,1,1,trapA,trapA,yes,yes,1.0,trapA,False,True,False
te_0325,te_0325,0,trapB,True,False,0.0,TN3K,1,0,trapB,trapB,yes,yes,1.0,trapA,True,False,False
te_0326,te_0326,0,trapA,True,False,0.7313432835820896,TN3K,1,1,trapA,trapA,yes,yes,1.0,trapA,False,True,False
te_0327,te_0327,0,mid,True,False,0.3167155425219941,TN3K,1,1,trapA,trapA,yes,yes,1.0,trapA,False,True,False
te_0328,te_0328,0,artifact_free,False,True,,TN3K,0,0,artifact_free,artifact_free,yes,no,1.0,trapB,True,False,False
te_0329,te_0329,0,trapA,True,False,0.9973776223776224,TN3K,1,0,trapB,trapB,yes,yes,1.0,trapA,True,False,False
te_0330,te_0330,0,artifact_free,False,True,,TN3K,1,1,trapA,trapA,yes,no,1.0,trapB,True,False,False
te_0331,te_0331,0,artifact_free,False,True,,TN3K,0,0,artifact_free,artifact_free,no,no,0.0,artifact_free,False,True,False
te_0332,te_0332,0,trapA,True,False,0.8948019801980198,TN3K,1,1,trapA,trapA,yes,no,1.0,trapB,True,False,False
te_0333,te_0333,0,trapA,True,False,0.6230769230769231,TN3K,1,1,trapA,trapA,yes,yes,1.0,trapA,False,True,False
te_0334,te_0334,0,trapA,True,False,0.8858858858858859,TN3K,1,1,trapA,trapA,yes,yes,1.0,trapA,False,True,False
te_0335,te_0335,0,mid,True,False,0.4992846924177396,TN3K,1,0,trapB,trapB,yes,yes,1.0,trapA,False,True,False
te_0336,te_0336,0,trapA,True,False,0.855072463768116,TN3K,1,1,trapA,trapA,yes,yes,1.0,trapA,False,True,False
te_0337,te_0337,0,trapB,True,False,0.0,TN3K,1,0,trapB,trapB,yes,yes,1.0,trapA,True,False,False
te_0338,te_0338,0,artifact_free,False,True,,TN3K,0,0,artifact_free,artifact_free,no,no,0.0,artifact_free,False,True,False
te_0339,te_0339,0,trapA,True,False,0.8150943396226416,TN3K,1,1,trapA,trapA,yes,yes,1.0,trapA,False,True,False
te_0340,te_0340,0,trapA,True,False,0.9467353951890034,TN3K,0,0,artifact_free,artifact_free,yes,no,1.0,trapB,True,False,False
te_0341,te_0341,0,artifact_free,False,True,,TN3K,0,0,artifact_free,artifact_free,no,no,0.0,artifact_free,False,True,False
te_0342,te_0342,0,mid,True,False,0.2648221343873518,TN3K,1,0,trapB,trapB,yes,yes,1.0,trapA,False,True,False
te_0343,te_0343,0,trapA,True,False,0.6923076923076923,TN3K,1,1,trapA,trapA,yes,yes,1.0,trapA,False,True,False
te_0344,te_0344,0,artifact_free,False,True,,TN3K,0,0,artifact_free,artifact_free,no,no,0.0,artifact_free,False,True,False
te_0345,te_0345,0,trapA,True,False,1.0,TN3K,1,1,trapA,trapA,yes,yes,1.0,trapA,False,True,False
te_0346,te_0346,0,mid,True,False,0.3196448390677026,TN3K,0,0,artifact_free,artifact_free,yes,yes,1.0,trapA,True,False,False
te_0347,te_0347,0,artifact_free,False,True,,TN3K,0,0,artifact_free,artifact_free,no,no,0.0,artifact_free,False,True,False
te_0348,te_0348,0,trapA,True,False,0.926829268292683,TN3K,1,0,trapB,trapB,yes,yes,1.0,trapA,True,False,False
te_0349,te_0349,0,trapA,True,False,0.9829059829059827,TN3K,1,1,trapA,trapA,yes,yes,1.0,trapA,False,True,False
te_0350,te_0350,0,artifact_free,False,True,,TN3K,0,0,artifact_free,artifact_free,no,no,0.0,artifact_free,False,True,False
te_0351,te_0351,0,artifact_free,False,True,,TN3K,0,0,artifact_free,artifact_free,yes,no,1.0,trapB,True,False,False
te_0352,te_0352,0,trapA,True,False,0.7684210526315789,TN3K,1,1,trapA,trapA,yes,yes,1.0,trapA,False,True,False
te_0353,te_0353,0,trapA,True,False,0.9555555555555556,TN3K,1,1,trapA,trapA,yes,no,1.0,trapB,True,False,False
te_0354,te_0354,0,trapB,True,False,0.0,TN3K,1,0,trapB,trapB,yes,yes,1.0,trapA,True,False,False
te_0355,te_0355,0,trapA,True,False,0.6765119549929677,TN3K,1,1,trapA,trapA,yes,yes,1.0,trapA,False,True,False
te_0356,te_0356,0,artifact_free,False,True,,TN3K,0,0,artifact_free,artifact_free,no,no,0.0,artifact_free,False,True,False
te_0357,te_0357,0,artifact_free,False,True,,TN3K,0,0,artifact_free,artifact_free,no,no,0.0,artifact_free,False,True,False
te_0358,te_0358,0,trapB,True,False,0.0,TN3K,0,0,artifact_free,artifact_free,yes,no,1.0,trapB,True,False,False
te_0359,te_0359,0,mid,True,False,0.2,TN3K,0,0,artifact_free,artifact_free,yes,no,1.0,trapB,True,False,False
te_0360,te_0360,0,artifact_free,False,True,,TN3K,0,0,artifact_free,artifact_free,no,no,0.0,artifact_free,False,True,False
te_0361,te_0361,0,trapB,True,False,0.0,TN3K,1,1,trapA,trapA,yes,no,1.0,trapB,True,False,False
te_0362,te_0362,0,trapB,True,False,0.0,TN3K,1,0,trapB,trapB,yes,yes,1.0,trapA,True,False,False
te_0363,te_0363,0,trapB,True,False,0.0975609756097561,TN3K,0,0,artifact_free,artifact_free,yes,no,1.0,trapB,True,False,False
te_0364,te_0364,0,trapA,True,False,1.0,TN3K,1,1,trapA,trapA,no,no,0.0,artifact_free,True,False,False
te_0365,te_0365,0,artifact_free,False,True,,TN3K,0,0,artifact_free,artifact_free,no,no,0.0,artifact_free,False,True,False
te_0366,te_0366,0,trapB,True,False,0.0,TN3K,0,0,artifact_free,artifact_free,yes,no,1.0,trapB,True,False,False
te_0367,te_0367,0,artifact_free,False,True,,TN3K,0,0,artifact_free,artifact_free,no,no,0.0,artifact_free,False,True,False
te_0368,te_0368,0,artifact_free,False,True,,TN3K,0,0,artifact_free,artifact_free,no,no,0.0,artifact_free,False,True,False
te_0369,te_0369,0,trapB,True,False,0.0,TN3K,1,0,trapB,trapB,yes,no,1.0,trapB,False,True,False
te_0370,te_0370,0,trapA,True,False,0.9211822660098522,TN3K,0,0,artifact_free,artifact_free,yes,yes,1.0,trapA,True,False,False
te_0371,te_0371,0,trapA,True,False,0.851963746223565,TN3K,0,0,artifact_free,artifact_free,yes,yes,1.0,trapA,True,False,False
te_0372,te_0372,0,artifact_free,False,True,,TN3K,0,0,artifact_free,artifact_free,no,no,0.0,artifact_free,False,True,False
te_0373,te_0373,0,trapB,True,False,0.0,TN3K,0,0,artifact_free,artifact_free,no,no,0.0,artifact_free,True,False,False
te_0374,te_0374,0,artifact_free,False,True,,TN3K,0,0,artifact_free,artifact_free,no,no,0.0,artifact_free,False,True,False
te_0375,te_0375,0,artifact_free,False,True,,TN3K,0,0,artifact_free,artifact_free,no,no,0.0,artifact_free,False,True,False
te_0376,te_0376,0,trapA,True,False,0.928,TN3K,0,0,artifact_free,artifact_free,yes,no,1.0,trapB,True,False,False
te_0377,te_0377,0,artifact_free,False,True,,TN3K,0,0,artifact_free,artifact_free,yes,no,1.0,trapB,True,False,False
te_0378,te_0378,1,artifact_free,False,True,,TN3K,0,0,artifact_free,artifact_free,yes,no,1.0,trapB,True,False,False
te_0379,te_0379,1,trapA,True,False,0.603157321720196,TN3K,0,0,artifact_free,artifact_free,yes,no,1.0,trapB,True,False,False
te_0380,te_0380,1,trapA,True,False,0.7027027027027027,TN3K,0,0,artifact_free,artifact_free,yes,no,1.0,trapB,True,False,False
te_0381,te_0381,1,artifact_free,False,True,,TN3K,0,0,artifact_free,artifact_free,yes,no,1.0,trapB,True,False,False
te_0382,te_0382,1,artifact_free,False,True,,TN3K,0,0,artifact_free,artifact_free,no,no,0.0,artifact_free,False,True,False
te_0383,te_0383,1,artifact_free,False,True,,TN3K,1,1,trapA,trapA,yes,yes,1.0,trapA,True,False,False
te_0384,te_0384,1,trapA,True,False,0.68,TN3K,1,1,trapA,trapA,yes,no,1.0,trapB,True,False,False
te_0385,te_0385,1,trapB,True,False,0.0,TN3K,1,0,trapB,trapB,yes,yes,1.0,trapA,True,False,False
te_0386,te_0386,1,mid,True,False,0.2197032531563911,TN3K,1,1,trapA,trapA,yes,no,1.0,trapB,False,True,False
te_0387,te_0387,1,artifact_free,False,True,,TN3K,1,0,trapB,trapB,yes,yes,1.0,trapA,True,False,False
te_0388,te_0388,1,artifact_free,False,True,,TN3K,0,0,artifact_free,artifact_free,no,no,0.0,artifact_free,False,True,False
te_0389,te_0389,1,trapA,True,False,0.8303886925795053,TN3K,1,1,trapA,trapA,yes,yes,1.0,trapA,False,True,False
te_0390,te_0390,1,artifact_free,False,True,,TN3K,0,0,artifact_free,artifact_free,no,no,0.0,artifact_free,False,True,False
te_0391,te_0391,1,artifact_free,False,True,,TN3K,0,0,artifact_free,artifact_free,no,no,0.0,artifact_free,False,True,False
te_0392,te_0392,1,artifact_free,False,True,,TN3K,0,0,artifact_free,artifact_free,no,no,0.0,artifact_free,False,True,False
te_0393,te_0393,1,trapA,True,False,0.8065359477124183,TN3K,1,0,trapB,trapB,yes,yes,1.0,trapA,True,False,False
te_0394,te_0394,1,artifact_free,False,True,,TN3K,0,0,artifact_free,artifact_free,no,no,0.0,artifact_free,False,True,False
te_0395,te_0395,1,trapA,True,False,0.5694444444444444,TN3K,1,0,trapB,trapB,yes,yes,1.0,trapA,True,False,False
te_0396,te_0396,1,trapB,True,False,0.0,TN3K,0,0,artifact_free,artifact_free,yes,no,1.0,trapB,True,False,False
te_0397,te_0397,1,artifact_free,False,True,,TN3K,0,0,artifact_free,artifact_free,yes,yes,1.0,trapA,True,False,False
te_0398,te_0398,1,trapA,True,False,0.9334500875656744,TN3K,1,1,trapA,trapA,yes,yes,1.0,trapA,False,True,False
te_0399,te_0399,1,trapA,True,False,0.7964285714285714,TN3K,1,1,trapA,trapA,yes,yes,1.0,trapA,False,True,False
te_0400,te_0400,1,trapA,True,False,0.9715447154471544,TN3K,1,1,trapA,trapA,yes,yes,1.0,trapA,False,True,False
te_0401,te_0401,1,trapA,True,False,0.7854545454545454,TN3K,1,1,trapA,trapA,yes,yes,1.0,trapA,False,True,False
te_0402,te_0402,1,artifact_free,False,True,,TN3K,0,0,artifact_free,artifact_free,no,no,0.0,artifact_free,False,True,False
te_0403,te_0403,1,trapA,True,False,0.6944444444444444,TN3K,1,1,trapA,trapA,yes,no,1.0,trapB,True,False,False
te_0404,te_0404,1,trapA,True,False,0.8911174785100286,TN3K,1,1,trapA,trapA,yes,yes,1.0,trapA,False,True,False
te_0405,te_0405,1,trapA,True,False,0.5357142857142857,TN3K,0,0,artifact_free,artifact_free,yes,yes,1.0,trapA,True,False,False
te_0406,te_0406,1,trapA,True,False,0.8883720930232558,TN3K,1,0,trapB,trapB,yes,yes,1.0,trapA,True,False,False
te_0407,te_0407,1,trapA,True,False,0.7392638036809815,TN3K,1,0,trapB,trapB,yes,yes,1.0,trapA,True,False,False
te_0408,te_0408,1,trapA,True,False,0.9008152173913044,TN3K,1,0,trapB,trapB,yes,yes,1.0,trapA,True,False,False
te_0409,te_0409,1,trapA,True,False,0.6007194244604317,TN3K,1,1,trapA,trapA,yes,yes,1.0,trapA,False,True,False
te_0410,te_0410,1,trapA,True,False,0.8650793650793651,TN3K,1,1,trapA,trapA,yes,yes,1.0,trapA,False,True,False
te_0411,te_0411,1,artifact_free,False,True,,TN3K,0,0,artifact_free,artifact_free,no,no,0.0,artifact_free,False,True,False
te_0412,te_0412,1,trapA,True,False,0.8048780487804879,TN3K,1,1,trapA,trapA,yes,yes,1.0,trapA,False,True,False
te_0413,te_0413,1,trapA,True,False,0.989816700610998,TN3K,0,0,artifact_free,artifact_free,yes,yes,1.0,trapA,True,False,False
te_0414,te_0414,1,artifact_free,False,True,,TN3K,0,0,artifact_free,artifact_free,no,no,0.0,artifact_free,False,True,False
te_0415,te_0415,1,mid,True,False,0.4993542832544124,TN3K,0,0,artifact_free,artifact_free,yes,no,1.0,trapB,True,False,False
te_0416,te_0416,1,artifact_free,False,True,,TN3K,0,0,artifact_free,artifact_free,yes,no,1.0,trapB,True,False,False
te_0417,te_0417,1,artifact_free,False,True,,TN3K,1,0,trapB,trapB,yes,yes,1.0,trapA,True,False,False
te_0418,te_0418,1,trapA,True,False,0.8041237113402062,TN3K,1,0,trapB,trapB,yes,yes,1.0,trapA,True,False,False
te_0419,te_0419,1,artifact_free,False,True,,TN3K,0,0,artifact_free,artifact_free,no,no,0.0,artifact_free,False,True,False
te_0420,te_0420,1,artifact_free,False,True,,TN3K,0,0,artifact_free,artifact_free,no,no,0.0,artifact_free,False,True,False
te_0421,te_0421,1,artifact_free,False,True,,TN3K,0,0,artifact_free,artifact_free,no,no,0.0,artifact_free,False,True,False
te_0422,te_0422,1,artifact_free,False,True,,TN3K,0,0,artifact_free,artifact_free,no,no,0.0,artifact_free,False,True,False
te_0423,te_0423,1,artifact_free,False,True,,TN3K,0,0,artifact_free,artifact_free,no,no,0.0,artifact_free,False,True,False
te_0424,te_0424,1,artifact_free,False,True,,TN3K,0,0,artifact_free,artifact_free,yes,no,1.0,trapB,True,False,False
te_0425,te_0425,1,mid,True,False,0.4189120488052872,TN3K,0,0,artifact_free,artifact_free,yes,no,1.0,trapB,True,False,False
te_0426,te_0426,1,trapB,True,False,0.0690335305719921,TN3K,0,0,artifact_free,artifact_free,yes,no,1.0,trapB,True,False,False
te_0427,te_0427,1,trapA,True,False,0.9715781600598354,TN3K,0,0,artifact_free,artifact_free,yes,no,1.0,trapB,True,False,False
te_0428,te_0428,1,trapB,True,False,0.0,TN3K,0,0,artifact_free,artifact_free,yes,no,1.0,trapB,True,False,False
te_0429,te_0429,1,mid,True,False,0.4592592592592592,TN3K,1,1,trapA,trapA,yes,yes,1.0,trapA,False,True,False
te_0430,te_0430,1,trapA,True,False,0.5361881785283474,TN3K,0,0,artifact_free,artifact_free,yes,no,1.0,trapB,True,False,False
te_0431,te_0431,1,trapA,True,False,0.7779097387173397,TN3K,1,1,trapA,trapA,yes,yes,1.0,trapA,False,True,False
te_0432,te_0432,1,artifact_free,False,True,,TN3K,0,0,artifact_free,artifact_free,no,no,0.0,artifact_free,False,True,False
te_0433,te_0433,1,trapA,True,False,0.7272727272727273,TN3K,1,0,trapB,trapB,yes,yes,1.0,trapA,True,False,False
te_0434,te_0434,1,artifact_free,False,True,,TN3K,0,0,artifact_free,artifact_free,yes,no,1.0,trapB,True,False,False
te_0435,te_0435,1,artifact_free,False,True,,TN3K,0,0,artifact_free,artifact_free,yes,no,1.0,trapB,True,False,False
te_0436,te_0436,1,trapA,True,False,1.0,TN3K,1,1,trapA,trapA,yes,yes,1.0,trapA,False,True,False
te_0437,te_0437,1,artifact_free,False,True,,TN3K,0,0,artifact_free,artifact_free,no,no,0.0,artifact_free,False,True,False
te_0438,te_0438,1,artifact_free,False,True,,TN3K,0,0,artifact_free,artifact_free,yes,no,1.0,trapB,True,False,False
te_0439,te_0439,1,trapA,True,False,0.6094420600858369,TN3K,0,0,artifact_free,artifact_free,yes,no,1.0,trapB,True,False,False
te_0440,te_0440,1,artifact_free,False,True,,TN3K,0,0,artifact_free,artifact_free,no,no,0.0,artifact_free,False,True,False
te_0441,te_0441,1,artifact_free,False,True,,TN3K,0,0,artifact_free,artifact_free,yes,no,1.0,trapB,True,False,False
te_0442,te_0442,1,trapA,True,False,0.9912832929782084,TN3K,0,0,artifact_free,artifact_free,yes,yes,1.0,trapA,True,False,False
te_0443,te_0443,1,trapA,True,False,0.9728205128205129,TN3K,0,0,artifact_free,artifact_free,yes,no,1.0,trapB,True,False,False
te_0444,te_0444,1,trapA,True,False,0.6291390728476821,TN3K,1,1,trapA,trapA,yes,yes,1.0,trapA,False,True,False
te_0445,te_0445,1,trapB,True,False,0.0,TN3K,0,0,artifact_free,artifact_free,yes,no,1.0,trapB,True,False,False
te_0446,te_0446,1,artifact_free,False,True,,TN3K,0,0,artifact_free,artifact_free,yes,no,1.0,trapB,True,False,False
te_0447,te_0447,1,artifact_free,False,True,,TN3K,0,0,artifact_free,artifact_free,no,no,0.0,artifact_free,False,True,False
te_0448,te_0448,1,trapA,True,False,0.9715789473684212,TN3K,0,0,artifact_free,artifact_free,yes,yes,1.0,trapA,True,False,False
te_0449,te_0449,1,artifact_free,False,True,,TN3K,0,0,artifact_free,artifact_free,yes,no,1.0,trapB,True,False,False
te_0450,te_0450,1,artifact_free,False,True,,TN3K,0,0,artifact_free,artifact_free,no,no,0.0,artifact_free,False,True,False
te_0451,te_0451,1,artifact_free,False,True,,TN3K,1,0,trapB,trapB,no,no,0.0,artifact_free,True,False,False
te_0452,te_0452,1,artifact_free,False,True,,TN3K,0,0,artifact_free,artifact_free,no,no,0.0,artifact_free,False,True,False
te_0453,te_0453,1,mid,True,False,0.4898550724637681,TN3K,1,1,trapA,trapA,yes,yes,1.0,trapA,False,True,False
te_0454,te_0454,1,trapA,True,False,0.8245614035087719,TN3K,1,1,trapA,trapA,yes,yes,1.0,trapA,False,True,False
te_0455,te_0455,1,artifact_free,False,True,,TN3K,0,0,artifact_free,artifact_free,no,no,0.0,artifact_free,False,True,False
te_0456,te_0456,1,artifact_free,False,True,,TN3K,0,0,artifact_free,artifact_free,no,no,0.0,artifact_free,False,True,False
te_0457,te_0457,1,artifact_free,False,True,,TN3K,0,0,artifact_free,artifact_free,no,no,0.0,artifact_free,False,True,False
te_0458,te_0458,1,artifact_free,False,True,,TN3K,0,0,artifact_free,artifact_free,no,no,0.0,artifact_free,False,True,False
te_0459,te_0459,1,artifact_free,False,True,,TN3K,0,0,artifact_free,artifact_free,no,no,0.0,artifact_free,False,True,False
te_0460,te_0460,1,trapA,True,False,0.9215686274509804,TN3K,1,1,trapA,trapA,yes,yes,1.0,trapA,False,True,False
te_0461,te_0461,1,trapA,True,False,0.6098484848484849,TN3K,1,1,trapA,trapA,yes,yes,1.0,trapA,False,True,False
te_0462,te_0462,1,artifact_free,False,True,,TN3K,0,0,artifact_free,artifact_free,no,no,0.0,artifact_free,False,True,False
te_0463,te_0463,1,artifact_free,False,True,,TN3K,0,0,artifact_free,artifact_free,yes,no,1.0,trapB,True,False,False
te_0464,te_0464,1,artifact_free,False,True,,TN3K,0,0,artifact_free,artifact_free,yes,no,1.0,trapB,True,False,False
te_0465,te_0465,1,artifact_free,False,True,,TN3K,0,0,artifact_free,artifact_free,no,no,0.0,artifact_free,False,True,False
te_0466,te_0466,1,trapA,True,False,0.9064546304957904,TN3K,1,1,trapA,trapA,yes,yes,1.0,trapA,False,True,False
te_0467,te_0467,1,trapA,True,False,0.6953125,TN3K,1,1,trapA,trapA,yes,no,1.0,trapB,True,False,False
te_0468,te_0468,1,artifact_free,False,True,,TN3K,0,0,artifact_free,artifact_free,no,no,0.0,artifact_free,False,True,False
te_0469,te_0469,1,trapA,True,False,0.9939839572192514,TN3K,0,0,artifact_free,artifact_free,yes,no,1.0,trapB,True,False,False
te_0470,te_0470,1,artifact_free,False,True,,TN3K,0,0,artifact_free,artifact_free,no,no,0.0,artifact_free,False,True,False
te_0471,te_0471,1,trapA,True,False,0.5434782608695652,TN3K,1,1,trapA,trapA,yes,yes,1.0,trapA,False,True,False
te_0472,te_0472,1,trapA,True,False,0.6470588235294118,TN3K,1,1,trapA,trapA,yes,yes,1.0,trapA,False,True,False
te_0473,te_0473,1,trapA,True,False,0.8553345388788427,TN3K,0,0,artifact_free,artifact_free,yes,yes,1.0,trapA,True,False,False
te_0474,te_0474,1,trapA,True,False,0.7551020408163265,TN3K,1,1,trapA,trapA,yes,no,1.0,trapB,True,False,False
te_0475,te_0475,1,trapB,True,False,0.0,TN3K,0,0,artifact_free,artifact_free,yes,no,1.0,trapB,True,False,False
te_0476,te_0476,1,trapA,True,False,0.7350230414746544,TN3K,1,1,trapA,trapA,yes,yes,1.0,trapA,False,True,False
te_0477,te_0477,1,trapA,True,False,0.6013745704467354,TN3K,1,1,trapA,trapA,yes,yes,1.0,trapA,False,True,False
te_0478,te_0478,1,artifact_free,False,True,,TN3K,0,0,artifact_free,artifact_free,no,no,0.0,artifact_free,False,True,False
te_0479,te_0479,1,trapB,True,False,0.0,TN3K,0,0,artifact_free,artifact_free,yes,no,1.0,trapB,True,False,False
te_0480,te_0480,1,artifact_free,False,True,,TN3K,0,0,artifact_free,artifact_free,no,no,0.0,artifact_free,False,True,False
te_0481,te_0481,1,artifact_free,False,True,,TN3K,0,0,artifact_free,artifact_free,no,no,0.0,artifact_free,False,True,False
te_0482,te_0482,1,artifact_free,False,True,,TN3K,0,0,artifact_free,artifact_free,no,no,0.0,artifact_free,False,True,False
te_0483,te_0483,1,mid,True,False,0.3246187363834422,TN3K,0,0,artifact_free,artifact_free,yes,no,1.0,trapB,True,False,False
te_0484,te_0484,1,trapA,True,False,0.5933333333333334,TN3K,1,1,trapA,trapA,yes,no,1.0,trapB,True,False,False
te_0485,te_0485,1,trapA,True,False,0.5313807531380753,TN3K,0,0,artifact_free,artifact_free,yes,no,1.0,trapB,True,False,False
te_0486,te_0486,1,trapA,True,False,0.7530719719133997,TN3K,1,0,trapB,trapB,yes,yes,1.0,trapA,True,False,False
te_0487,te_0487,1,artifact_free,False,True,,TN3K,0,0,artifact_free,artifact_free,yes,no,1.0,trapB,True,False,False
te_0488,te_0488,1,trapA,True,False,0.6761565836298933,TN3K,1,0,trapB,trapB,yes,yes,1.0,trapA,True,False,False
te_0489,te_0489,1,trapA,True,False,0.5601503759398496,TN3K,1,1,trapA,trapA,yes,no,1.0,trapB,True,False,False
te_0490,te_0490,1,trapB,True,False,0.0,TN3K,0,0,artifact_free,artifact_free,yes,no,1.0,trapB,True,False,False
te_0491,te_0491,1,trapB,True,False,0.0,TN3K,1,0,trapB,trapB,yes,yes,1.0,trapA,True,False,False
te_0492,te_0492,1,trapA,True,False,0.7412060301507538,TN3K,1,1,trapA,trapA,yes,yes,1.0,trapA,False,True,False
te_0493,te_0493,1,artifact_free,False,True,,TN3K,0,0,artifact_free,artifact_free,yes,no,1.0,trapB,True,False,False
te_0494,te_0494,1,trapA,True,False,0.898876404494382,TN3K,1,1,trapA,trapA,yes,no,1.0,trapB,True,False,False
te_0495,te_0495,1,trapA,True,False,1.0,TN3K,1,1,trapA,trapA,yes,no,1.0,trapB,True,False,False
te_0496,te_0496,1,trapA,True,False,1.0,TN3K,1,1,trapA,trapA,yes,yes,1.0,trapA,False,True,False
te_0497,te_0497,1,trapA,True,False,0.9846153846153848,TN3K,1,1,trapA,trapA,yes,yes,1.0,trapA,False,True,False
te_0498,te_0498,1,trapB,True,False,0.0,TN3K,1,0,trapB,trapB,yes,no,1.0,trapB,False,True,False
te_0499,te_0499,1,artifact_free,False,True,,TN3K,0,0,artifact_free,artifact_free,no,no,0.0,artifact_free,False,True,False
te_0500,te_0500,1,trapA,True,False,0.5207547169811321,TN3K,1,0,trapB,trapB,yes,yes,1.0,trapA,True,False,False
te_0501,te_0501,1,trapB,True,False,0.0,TN3K,1,0,trapB,trapB,no,no,0.0,artifact_free,True,False,False
te_0502,te_0502,1,mid,True,False,0.3053435114503817,TN3K,1,1,trapA,trapA,yes,no,1.0,trapB,False,True,False
te_0503,te_0503,1,artifact_free,False,True,,TN3K,0,0,artifact_free,artifact_free,no,no,0.0,artifact_free,False,True,False
te_0504,te_0504,1,artifact_free,False,True,,TN3K,0,0,artifact_free,artifact_free,no,no,0.0,artifact_free,False,True,False
te_0505,te_0505,1,artifact_free,False,True,,TN3K,0,0,artifact_free,artifact_free,yes,no,1.0,trapB,True,False,False
te_0506,te_0506,1,artifact_free,False,True,,TN3K,0,0,artifact_free,artifact_free,no,no,0.0,artifact_free,False,True,False
te_0507,te_0507,1,artifact_free,False,True,,TN3K,0,0,artifact_free,artifact_free,yes,yes,1.0,trapA,True,False,False
te_0508,te_0508,1,artifact_free,False,True,,TN3K,0,0,artifact_free,artifact_free,yes,no,1.0,trapB,True,False,False
te_0509,te_0509,1,trapB,True,False,0.0,TN3K,1,0,trapB,trapB,yes,no,1.0,trapB,False,True,False
te_0510,te_0510,1,trapA,True,False,0.8571428571428571,TN3K,1,1,trapA,trapA,yes,yes,1.0,trapA,False,True,False
te_0511,te_0511,1,trapA,True,False,0.8220640569395018,TN3K,1,1,trapA,trapA,yes,no,1.0,trapB,True,False,False
te_0512,te_0512,1,artifact_free,False,True,,TN3K,0,0,artifact_free,artifact_free,yes,no,1.0,trapB,True,False,False
te_0513,te_0513,1,artifact_free,False,True,,TN3K,0,0,artifact_free,artifact_free,yes,no,1.0,trapB,True,False,False
te_0514,te_0514,1,artifact_free,False,True,,TN3K,0,0,artifact_free,artifact_free,no,no,0.0,artifact_free,False,True,False
te_0515,te_0515,1,artifact_free,False,True,,TN3K,0,0,artifact_free,artifact_free,yes,no,1.0,trapB,True,False,False
te_0516,te_0516,1,artifact_free,False,True,,TN3K,0,0,artifact_free,artifact_free,no,no,0.0,artifact_free,False,True,False
te_0517,te_0517,1,artifact_free,False,True,,TN3K,0,0,artifact_free,artifact_free,no,no,0.0,artifact_free,False,True,False
te_0518,te_0518,1,trapA,True,False,0.8317865429234339,TN3K,1,1,trapA,trapA,yes,yes,1.0,trapA,False,True,False
te_0519,te_0519,1,artifact_free,False,True,,TN3K,0,0,artifact_free,artifact_free,no,no,0.0,artifact_free,False,True,False
te_0520,te_0520,1,artifact_free,False,True,,TN3K,0,0,artifact_free,artifact_free,no,no,0.0,artifact_free,False,True,False
te_0521,te_0521,1,trapA,True,False,0.8434237995824635,TN3K,1,1,trapA,trapA,yes,yes,1.0,trapA,False,True,False
te_0522,te_0522,1,trapA,True,False,0.8392857142857143,TN3K,0,0,artifact_free,artifact_free,yes,yes,1.0,trapA,True,False,False
te_0523,te_0523,1,artifact_free,False,True,,TN3K,0,0,artifact_free,artifact_free,yes,no,1.0,trapB,True,False,False
te_0524,te_0524,1,artifact_free,False,True,,TN3K,0,0,artifact_free,artifact_free,no,no,0.0,artifact_free,False,True,False
te_0525,te_0525,1,artifact_free,False,True,,TN3K,0,0,artifact_free,artifact_free,yes,no,1.0,trapB,True,False,False
te_0526,te_0526,1,mid,True,False,0.1777777777777777,TN3K,1,0,trapB,trapB,yes,no,1.0,trapB,False,True,False
te_0527,te_0527,1,artifact_free,False,True,,TN3K,0,0,artifact_free,artifact_free,no,no,0.0,artifact_free,False,True,False
te_0528,te_0528,1,trapA,True,False,0.9320987654320988,TN3K,0,0,artifact_free,artifact_free,yes,no,1.0,trapB,True,False,False
te_0529,te_0529,1,trapA,True,False,0.964616222101252,TN3K,0,0,artifact_free,artifact_free,yes,no,1.0,trapB,True,False,False
te_0530,te_0530,1,artifact_free,False,True,,TN3K,0,0,artifact_free,artifact_free,no,no,0.0,artifact_free,False,True,False
te_0531,te_0531,1,trapA,True,False,0.6156462585034014,TN3K,0,0,artifact_free,artifact_free,yes,no,1.0,trapB,True,False,False
te_0532,te_0532,1,mid,True,False,0.2819767441860465,TN3K,0,0,artifact_free,artifact_free,yes,no,1.0,trapB,True,False,False
te_0533,te_0533,1,artifact_free,False,True,,TN3K,0,0,artifact_free,artifact_free,yes,no,1.0,trapB,True,False,False
te_0534,te_0534,1,mid,True,False,0.4243386243386243,TN3K,1,0,trapB,trapB,yes,yes,1.0,trapA,False,True,False
te_0535,te_0535,1,artifact_free,False,True,,TN3K,0,0,artifact_free,artifact_free,no,no,0.0,artifact_free,False,True,False
te_0536,te_0536,1,artifact_free,False,True,,TN3K,0,0,artifact_free,artifact_free,no,no,0.0,artifact_free,False,True,False
te_0537,te_0537,1,mid,True,False,0.1911764705882352,TN3K,1,0,trapB,trapB,yes,yes,1.0,trapA,False,True,False
te_0538,te_0538,1,trapA,True,False,0.7179176755447942,TN3K,1,1,trapA,trapA,yes,yes,1.0,trapA,False,True,False
te_0539,te_0539,1,trapA,True,False,0.907051282051282,TN3K,1,0,trapB,trapB,yes,yes,1.0,trapA,True,False,False
te_0540,te_0540,1,mid,True,False,0.4875153499795334,TN3K,0,0,artifact_free,artifact_free,yes,no,1.0,trapB,True,False,False
te_0541,te_0541,1,trapA,True,False,0.8271604938271605,TN3K,1,1,trapA,trapA,yes,yes,1.0,trapA,False,True,False
te_0542,te_0542,1,artifact_free,False,True,,TN3K,0,0,artifact_free,artifact_free,no,no,0.0,artifact_free,False,True,False
te_0543,te_0543,1,artifact_free,False,True,,TN3K,0,0,artifact_free,artifact_free,yes,no,1.0,trapB,True,False,False
te_0544,te_0544,1,mid,True,False,0.4872838250254323,TN3K,1,0,trapB,trapB,yes,yes,1.0,trapA,False,True,False
te_0545,te_0545,1,mid,True,False,0.1657303370786516,TN3K,0,0,artifact_free,artifact_free,no,no,0.0,artifact_free,True,False,False
te_0546,te_0546,1,artifact_free,False,True,,TN3K,0,0,artifact_free,artifact_free,no,no,0.0,artifact_free,False,True,False
te_0547,te_0547,1,artifact_free,False,True,,TN3K,0,0,artifact_free,artifact_free,no,no,0.0,artifact_free,False,True,False
te_0548,te_0548,1,artifact_free,False,True,,TN3K,0,0,artifact_free,artifact_free,no,no,0.0,artifact_free,False,True,False
te_0549,te_0549,1,trapB,True,False,0.0,TN3K,1,1,trapA,trapA,yes,yes,1.0,trapA,True,False,False
te_0550,te_0550,1,artifact_free,False,True,,TN3K,0,0,artifact_free,artifact_free,no,no,0.0,artifact_free,False,True,False
te_0551,te_0551,1,artifact_free,False,True,,TN3K,0,0,artifact_free,artifact_free,no,no,0.0,artifact_free,False,True,False
te_0552,te_0552,1,artifact_free,False,True,,TN3K,0,0,artifact_free,artifact_free,no,no,0.0,artifact_free,False,True,False
te_0553,te_0553,1,trapA,True,False,0.8592592592592593,TN3K,1,1,trapA,trapA,yes,yes,1.0,trapA,False,True,False
te_0554,te_0554,1,trapA,True,False,0.8222222222222222,TN3K,1,1,trapA,trapA,yes,yes,1.0,trapA,False,True,False
te_0555,te_0555,1,artifact_free,False,True,,TN3K,0,0,artifact_free,artifact_free,no,no,0.0,artifact_free,False,True,False
te_0556,te_0556,1,trapA,True,False,0.6060606060606061,TN3K,1,1,trapA,trapA,yes,no,1.0,trapB,True,False,False
te_0557,te_0557,1,artifact_free,False,True,,TN3K,0,0,artifact_free,artifact_free,no,no,0.0,artifact_free,False,True,False
te_0558,te_0558,1,trapA,True,False,0.9152249134948096,TN3K,1,1,trapA,trapA,yes,yes,1.0,trapA,False,True,False
te_0559,te_0559,1,trapB,True,False,0.0,TN3K,0,0,artifact_free,artifact_free,yes,no,1.0,trapB,True,False,False
te_0560,te_0560,1,trapA,True,False,0.9294871794871796,TN3K,0,0,artifact_free,artifact_free,yes,no,1.0,trapB,True,False,False
te_0561,te_0561,1,artifact_free,False,True,,TN3K,1,1,trapA,trapA,yes,no,1.0,trapB,True,False,False
te_0562,te_0562,1,trapB,True,False,0.0,TN3K,1,1,trapA,trapA,yes,no,1.0,trapB,True,False,False
te_0563,te_0563,1,artifact_free,False,True,,TN3K,1,1,trapA,trapA,yes,yes,1.0,trapA,True,False,False
te_0564,te_0564,1,artifact_free,False,True,,TN3K,0,0,artifact_free,artifact_free,no,no,0.0,artifact_free,False,True,False
te_0565,te_0565,1,artifact_free,False,True,,TN3K,0,0,artifact_free,artifact_free,no,no,0.0,artifact_free,False,True,False
te_0566,te_0566,1,artifact_free,False,True,,TN3K,0,0,artifact_free,artifact_free,no,no,0.0,artifact_free,False,True,False
te_0567,te_0567,1,artifact_free,False,True,,TN3K,0,0,artifact_free,artifact_free,no,no,0.0,artifact_free,False,True,False
te_0568,te_0568,1,artifact_free,False,True,,TN3K,0,0,artifact_free,artifact_free,no,no,0.0,artifact_free,False,True,False
te_0569,te_0569,1,mid,True,False,0.2320604280318925,TN3K,0,0,artifact_free,artifact_free,yes,yes,1.0,trapA,True,False,False
te_0570,te_0570,1,artifact_free,False,True,,TN3K,0,0,artifact_free,artifact_free,yes,no,1.0,trapB,True,False,False
te_0571,te_0571,1,trapB,True,False,0.0,TN3K,1,1,trapA,trapA,yes,yes,1.0,trapA,True,False,False
te_0572,te_0572,1,trapB,True,False,0.0,TN3K,0,0,artifact_free,artifact_free,no,no,0.0,artifact_free,True,False,False
te_0573,te_0573,1,artifact_free,False,True,,TN3K,0,0,artifact_free,artifact_free,no,no,0.0,artifact_free,False,True,False
te_0574,te_0574,1,trapB,True,False,0.0,TN3K,0,0,artifact_free,artifact_free,yes,yes,1.0,trapA,True,False,False
te_0575,te_0575,1,trapA,True,False,0.9934747145187602,TN3K,1,1,trapA,trapA,yes,yes,1.0,trapA,False,True,False
te_0576,te_0576,1,artifact_free,False,True,,TN3K,0,0,artifact_free,artifact_free,yes,no,1.0,trapB,True,False,False
te_0577,te_0577,1,mid,True,False,0.2829769508469869,TN3K,0,0,artifact_free,artifact_free,yes,no,1.0,trapB,True,False,False
te_0578,te_0578,1,mid,True,False,0.1351188684923262,TN3K,0,0,artifact_free,artifact_free,yes,no,1.0,trapB,True,False,False
te_0579,te_0579,1,artifact_free,False,True,,TN3K,0,0,artifact_free,artifact_free,no,no,0.0,artifact_free,False,True,False
te_0580,te_0580,1,artifact_free,False,True,,TN3K,0,0,artifact_free,artifact_free,no,no,0.0,artifact_free,False,True,False
te_0581,te_0581,1,mid,True,False,0.2366412213740458,TN3K,1,0,trapB,trapB,yes,yes,1.0,trapA,False,True,False
te_0582,te_0582,1,artifact_free,False,True,,TN3K,1,0,trapB,trapB,yes,no,1.0,trapB,True,False,False
te_0583,te_0583,1,artifact_free,False,True,,TN3K,0,0,artifact_free,artifact_free,no,no,0.0,artifact_free,False,True,False
te_0584,te_0584,1,trapB,True,False,0.0,TN3K,0,0,artifact_free,artifact_free,yes,no,1.0,trapB,True,False,False
te_0585,te_0585,1,mid,True,False,0.4492753623188406,TN3K,1,0,trapB,trapB,yes,no,1.0,trapB,False,True,False
te_0586,te_0586,1,artifact_free,False,True,,TN3K,0,0,artifact_free,artifact_free,no,no,0.0,artifact_free,False,True,False
te_0587,te_0587,1,mid,True,False,0.4818840579710144,TN3K,1,1,trapA,trapA,yes,yes,1.0,trapA,False,True,False
te_0588,te_0588,1,artifact_free,False,True,,TN3K,0,0,artifact_free,artifact_free,yes,yes,1.0,trapA,True,False,False
te_0589,te_0589,1,artifact_free,False,True,,TN3K,0,0,artifact_free,artifact_free,yes,no,1.0,trapB,True,False,False
te_0590,te_0590,1,artifact_free,False,True,,TN3K,0,0,artifact_free,artifact_free,yes,no,1.0,trapB,True,False,False
te_0591,te_0591,1,artifact_free,False,True,,TN3K,0,0,artifact_free,artifact_free,no,no,0.0,artifact_free,False,True,False
te_0592,te_0592,1,trapA,True,False,0.9895734597156398,TN3K,1,0,trapB,trapB,yes,yes,1.0,trapA,True,False,False
te_0593,te_0593,1,artifact_free,False,True,,TN3K,0,0,artifact_free,artifact_free,no,no,0.0,artifact_free,False,True,False
te_0594,te_0594,1,artifact_free,False,True,,TN3K,0,0,artifact_free,artifact_free,no,no,0.0,artifact_free,False,True,False
te_0595,te_0595,1,mid,True,False,0.4290865384615384,TN3K,1,0,trapB,trapB,yes,yes,1.0,trapA,False,True,False
te_0596,te_0596,1,mid,True,False,0.4110378912685338,TN3K,1,0,trapB,trapB,yes,yes,1.0,trapA,False,True,False
te_0597,te_0597,1,trapA,True,False,0.9310810810810812,TN3K,0,0,artifact_free,artifact_free,yes,yes,1.0,trapA,True,False,False
te_0598,te_0598,1,artifact_free,False,True,,TN3K,0,0,artifact_free,artifact_free,no,no,0.0,artifact_free,False,True,False
te_0599,te_0599,1,artifact_free,False,True,,TN3K,0,0,artifact_free,artifact_free,no,no,0.0,artifact_free,False,True,False
te_0600,te_0600,1,artifact_free,False,True,,TN3K,0,0,artifact_free,artifact_free,no,no,0.0,artifact_free,False,True,False
te_0601,te_0601,1,trapA,True,False,0.9130434782608696,TN3K,1,1,trapA,trapA,yes,yes,1.0,trapA,False,True,False
te_0602,te_0602,1,trapA,True,False,0.9168081494057724,TN3K,1,1,trapA,trapA,yes,yes,1.0,trapA,False,True,False
te_0603,te_0603,1,artifact_free,False,True,,TN3K,0,0,artifact_free,artifact_free,no,no,0.0,artifact_free,False,True,False
te_0604,te_0604,1,artifact_free,False,True,,TN3K,0,0,artifact_free,artifact_free,no,no,0.0,artifact_free,False,True,False
te_0605,te_0605,1,artifact_free,False,True,,TN3K,0,0,artifact_free,artifact_free,no,no,0.0,artifact_free,False,True,False
te_0606,te_0606,1,artifact_free,False,True,,TN3K,0,0,artifact_free,artifact_free,no,no,0.0,artifact_free,False,True,False
te_0607,te_0607,1,trapA,True,False,0.572139303482587,TN3K,1,1,trapA,trapA,yes,yes,1.0,trapA,False,True,False
te_0608,te_0608,1,trapA,True,False,0.8841870824053452,TN3K,1,0,trapB,trapB,yes,yes,1.0,trapA,True,False,False
te_0609,te_0609,1,artifact_free,False,True,,TN3K,0,0,artifact_free,artifact_free,yes,no,1.0,trapB,True,False,False
te_0610,te_0610,1,trapB,True,False,0.0,TN3K,1,0,trapB,trapB,yes,yes,1.0,trapA,True,False,False
te_0611,te_0611,1,trapA,True,False,0.8478057889822596,TN3K,1,1,trapA,trapA,yes,yes,1.0,trapA,False,True,False
te_0612,te_0612,1,trapB,True,False,0.0,TN3K,0,0,artifact_free,artifact_free,yes,yes,1.0,trapA,True,False,False
te_0613,te_0613,1,artifact_free,False,True,,TN3K,0,0,artifact_free,artifact_free,no,no,0.0,artifact_free,False,True,False
