cohort,backbone,trap,seed,method,env,auc,auc_artifact_present,auc_artifact_absent,n,n_pos,n_artifact_present,accuracy,balanced_accuracy,worst_group_accuracy,group_details_json,threshold_clean_val
isic2019,dinov2_b14_518,trapA,0,erm,clean,0.7482836119577599,,0.7482836119577599,482,81,0,0.6680497925311203,0.6625719651488562,,"{""y0_a0"": {""n"": 401, ""accuracy"": 0.6708229426433915}, ""y0_a1"": {""n"": 0, ""accuracy"": NaN}, ""y1_a0"": {""n"": 81, ""accuracy"": 0.654320987654321}, ""y1_a1"": {""n"": 0, ""accuracy"": NaN}}",0.17658457702017002
isic2019,dinov2_b14_518,trapA,0,erm,test_corr,0.9457144799148107,0.7969530469530469,0.8053435114503817,538,101,135,0.6784386617100372,0.7906405056981671,0.09090909090909091,"{""y0_a0"": {""n"": 393, ""accuracy"": 0.6692111959287532}, ""y0_a1"": {""n"": 44, ""accuracy"": 0.09090909090909091}, ""y1_a0"": {""n"": 10, ""accuracy"": 0.7}, ""y1_a1"": {""n"": 91, ""accuracy"": 1.0}}",0.17658457702017002
isic2019,dinov2_b14_518,trapA,0,erm,test_rev,0.4754910714285714,0.8526785714285715,0.7859623015873016,640,80,512,0.2375,0.4303571428571429,0.10714285714285714,"{""y0_a0"": {""n"": 56, ""accuracy"": 0.7678571428571429}, ""y0_a1"": {""n"": 504, ""accuracy"": 0.10714285714285714}, ""y1_a0"": {""n"": 72, ""accuracy"": 0.6527777777777778}, ""y1_a1"": {""n"": 8, ""accuracy"": 1.0}}",0.17658457702017002
isic2019,dinov2_b14_518,trapA,0,prevcal,clean,0.7482836119577599,,0.7482836119577599,482,81,0,0.6680497925311203,0.6625719651488562,,"{""y0_a0"": {""n"": 401, ""accuracy"": 0.6708229426433915}, ""y0_a1"": {""n"": 0, ""accuracy"": NaN}, ""y1_a0"": {""n"": 81, ""accuracy"": 0.654320987654321}, ""y1_a1"": {""n"": 0, ""accuracy"": NaN}}",0.6593463659830091
isic2019,dinov2_b14_518,trapA,0,prevcal,test_corr,0.576613725445771,0.7969530469530469,0.8053435114503817,538,101,135,0.6449814126394052,0.5645037043750142,0.4065934065934066,"{""y0_a0"": {""n"": 393, ""accuracy"": 0.6692111959287532}, ""y0_a1"": {""n"": 44, ""accuracy"": 0.9090909090909091}, ""y1_a0"": {""n"": 10, ""accuracy"": 0.7}, ""y1_a1"": {""n"": 91, ""accuracy"": 0.4065934065934066}}",0.6593463659830091
isic2019,dinov2_b14_518,trapA,0,prevcal,test_rev,0.9094642857142857,0.8526785714285715,0.7859623015873016,640,80,512,0.9,0.7767857142857143,0.25,"{""y0_a0"": {""n"": 56, ""accuracy"": 0.7678571428571429}, ""y0_a1"": {""n"": 504, ""accuracy"": 0.9603174603174603}, ""y1_a0"": {""n"": 72, ""accuracy"": 0.6527777777777778}, ""y1_a1"": {""n"": 8, ""accuracy"": 0.25}}",0.6593463659830091
isic2019,dinov2_b14_518,trapA,0,mask,clean,0.7123241279517256,,0.7123241279517256,482,81,0,0.6659751037344398,0.6514731689295281,,"{""y0_a0"": {""n"": 401, ""accuracy"": 0.6733167082294265}, ""y0_a1"": {""n"": 0, ""accuracy"": NaN}, ""y1_a0"": {""n"": 81, ""accuracy"": 0.6296296296296297}, ""y1_a1"": {""n"": 0, ""accuracy"": NaN}}",0.1725281964216822
isic2019,dinov2_b14_518,trapA,0,mask,test_corr,0.9190021977026078,0.7937062937062939,0.5918575063613232,538,101,135,0.6728624535315985,0.7681763599700931,0.13636363636363635,"{""y0_a0"": {""n"": 393, ""accuracy"": 0.6692111959287532}, ""y0_a1"": {""n"": 44, ""accuracy"": 0.13636363636363635}, ""y1_a0"": {""n"": 10, ""accuracy"": 0.3}, ""y1_a1"": {""n"": 91, ""accuracy"": 0.989010989010989}}",0.1725281964216822
isic2019,dinov2_b14_518,trapA,0,mask,test_rev,0.4421651785714286,0.869295634920635,0.7452876984126985,640,80,512,0.2625,0.4392857142857143,0.14285714285714285,"{""y0_a0"": {""n"": 56, ""accuracy"": 0.75}, ""y0_a1"": {""n"": 504, ""accuracy"": 0.14285714285714285}, ""y1_a0"": {""n"": 72, ""accuracy"": 0.6388888888888888}, ""y1_a1"": {""n"": 8, ""accuracy"": 1.0}}",0.1725281964216822
isic2019,dinov2_b14_518,trapA,0,inpaint,clean,0.7324281887872911,,0.7324281887872911,482,81,0,0.7365145228215768,0.6692374003263446,,"{""y0_a0"": {""n"": 401, ""accuracy"": 0.770573566084788}, ""y0_a1"": {""n"": 0, ""accuracy"": NaN}, ""y1_a0"": {""n"": 81, ""accuracy"": 0.5679012345679012}, ""y1_a1"": {""n"": 0, ""accuracy"": NaN}}",0.32630890893933
isic2019,dinov2_b14_518,trapA,0,inpaint,test_corr,0.9145161655753676,0.8204295704295704,0.7623409669211196,538,101,135,0.7565055762081785,0.812051113578177,0.3181818181818182,"{""y0_a0"": {""n"": 393, ""accuracy"": 0.7684478371501272}, ""y0_a1"": {""n"": 44, ""accuracy"": 0.3181818181818182}, ""y1_a0"": {""n"": 10, ""accuracy"": 0.6}, ""y1_a1"": {""n"": 91, ""accuracy"": 0.9340659340659341}}",0.32630890893933
isic2019,dinov2_b14_518,trapA,0,inpaint,test_rev,0.5811160714285715,0.9441964285714285,0.7564484126984128,640,80,512,0.4421875,0.5151785714285715,0.373015873015873,"{""y0_a0"": {""n"": 56, ""accuracy"": 0.8214285714285714}, ""y0_a1"": {""n"": 504, ""accuracy"": 0.373015873015873}, ""y1_a0"": {""n"": 72, ""accuracy"": 0.5694444444444444}, ""y1_a1"": {""n"": 8, ""accuracy"": 1.0}}",0.32630890893933
isic2019,dinov2_b14_518,trapA,0,balanced,clean,0.7508697392321666,,0.7508697392321666,482,81,0,0.7946058091286307,0.7090760752439889,,"{""y0_a0"": {""n"": 401, ""accuracy"": 0.8379052369077307}, ""y0_a1"": {""n"": 0, ""accuracy"": NaN}, ""y1_a0"": {""n"": 81, ""accuracy"": 0.5802469135802469}, ""y1_a1"": {""n"": 0, ""accuracy"": NaN}}",0.4586112912808925
isic2019,dinov2_b14_518,trapA,0,balanced,test_corr,0.8738699956952217,0.80994005994006,0.789058524173028,538,101,135,0.8122676579925651,0.7892811020232458,0.6,"{""y0_a0"": {""n"": 393, ""accuracy"": 0.8371501272264631}, ""y0_a1"": {""n"": 44, ""accuracy"": 0.7272727272727273}, ""y1_a0"": {""n"": 10, ""accuracy"": 0.6}, ""y1_a1"": {""n"": 91, ""accuracy"": 0.7692307692307693}}",0.4586112912808925
isic2019,dinov2_b14_518,trapA,0,balanced,test_rev,0.7142410714285715,0.7864583333333334,0.7824900793650793,640,80,512,0.7328125,0.6705357142857142,0.5833333333333334,"{""y0_a0"": {""n"": 56, ""accuracy"": 0.8928571428571429}, ""y0_a1"": {""n"": 504, ""accuracy"": 0.7380952380952381}, ""y1_a0"": {""n"": 72, ""accuracy"": 0.5833333333333334}, ""y1_a1"": {""n"": 8, ""accuracy"": 0.625}}",0.4586112912808925
isic2019,dinov2_b14_518,trapA,0,dfr,clean,0.6903728333487269,,0.6903728333487269,482,81,0,0.7240663900414938,0.637126320002463,,"{""y0_a0"": {""n"": 401, ""accuracy"": 0.7680798004987531}, ""y0_a1"": {""n"": 0, ""accuracy"": NaN}, ""y1_a0"": {""n"": 81, ""accuracy"": 0.5061728395061729}, ""y1_a1"": {""n"": 0, ""accuracy"": NaN}}",0.5338056104564606
isic2019,dinov2_b14_518,trapA,0,dfr,test_corr,0.7884767881822506,0.8234265734265733,0.8211195928753181,538,101,135,0.7453531598513011,0.7138341980651155,0.6593406593406593,"{""y0_a0"": {""n"": 393, ""accuracy"": 0.7659033078880407}, ""y0_a1"": {""n"": 44, ""accuracy"": 0.75}, ""y1_a0"": {""n"": 10, ""accuracy"": 0.7}, ""y1_a1"": {""n"": 91, ""accuracy"": 0.6593406593406593}}",0.5338056104564606
isic2019,dinov2_b14_518,trapA,0,dfr,test_rev,0.7394419642857143,0.8209325396825397,0.7311507936507937,640,80,512,0.7921875,0.6616071428571428,0.4722222222222222,"{""y0_a0"": {""n"": 56, ""accuracy"": 0.8571428571428571}, ""y0_a1"": {""n"": 504, ""accuracy"": 0.8333333333333334}, ""y1_a0"": {""n"": 72, ""accuracy"": 0.4722222222222222}, ""y1_a1"": {""n"": 8, ""accuracy"": 0.625}}",0.5338056104564606
isic2019,dinov2_b14_518,trapA,0,leace_paired,clean,0.7379698900895908,,0.7379698900895908,482,81,0,0.6721991701244814,0.6699916874480465,,"{""y0_a0"": {""n"": 401, ""accuracy"": 0.6733167082294265}, ""y0_a1"": {""n"": 0, ""accuracy"": NaN}, ""y1_a0"": {""n"": 81, ""accuracy"": 0.6666666666666666}, ""y1_a1"": {""n"": 0, ""accuracy"": NaN}}",0.21094999848318294
isic2019,dinov2_b14_518,trapA,0,leace_paired,test_corr,0.9296055463669937,0.8169330669330669,0.810941475826972,538,101,135,0.6858736059479554,0.7876045041575095,0.20454545454545456,"{""y0_a0"": {""n"": 393, ""accuracy"": 0.6717557251908397}, ""y0_a1"": {""n"": 44, ""accuracy"": 0.20454545454545456}, ""y1_a0"": {""n"": 10, ""accuracy"": 0.7}, ""y1_a1"": {""n"": 91, ""accuracy"": 0.978021978021978}}",0.21094999848318294
isic2019,dinov2_b14_518,trapA,0,leace_paired,test_rev,0.5334151785714286,0.7879464285714286,0.7713293650793651,640,80,512,0.3203125,0.48303571428571423,0.21031746031746032,"{""y0_a0"": {""n"": 56, ""accuracy"": 0.7678571428571429}, ""y0_a1"": {""n"": 504, ""accuracy"": 0.21031746031746032}, ""y1_a0"": {""n"": 72, ""accuracy"": 0.6666666666666666}, ""y1_a1"": {""n"": 8, ""accuracy"": 1.0}}",0.21094999848318294
isic2019,dinov2_b14_518,trapA,0,leace_unpaired,clean,0.7311659123795451,,0.7311659123795451,482,81,0,0.8049792531120332,0.6611249653643668,,"{""y0_a0"": {""n"": 401, ""accuracy"": 0.8778054862842892}, ""y0_a1"": {""n"": 0, ""accuracy"": NaN}, ""y1_a0"": {""n"": 81, ""accuracy"": 0.4444444444444444}, ""y1_a1"": {""n"": 0, ""accuracy"": NaN}}",0.5804885157481106
isic2019,dinov2_b14_518,trapA,0,leace_unpaired,test_corr,0.5869225366472575,0.7507492507492507,0.8020356234096693,538,101,135,0.7565055762081785,0.5456079932936085,0.18681318681318682,"{""y0_a0"": {""n"": 393, ""accuracy"": 0.8753180661577609}, ""y0_a1"": {""n"": 44, ""accuracy"": 0.9545454545454546}, ""y1_a0"": {""n"": 10, ""accuracy"": 0.4}, ""y1_a1"": {""n"": 91, ""accuracy"": 0.18681318681318682}}",0.5804885157481106
isic2019,dinov2_b14_518,trapA,0,leace_unpaired,test_rev,0.84390625,0.7056051587301587,0.7695932539682541,640,80,512,0.8984375,0.6955357142857143,0.125,"{""y0_a0"": {""n"": 56, ""accuracy"": 0.9107142857142857}, ""y0_a1"": {""n"": 504, ""accuracy"": 0.9722222222222222}, ""y1_a0"": {""n"": 72, ""accuracy"": 0.4583333333333333}, ""y1_a1"": {""n"": 8, ""accuracy"": 0.125}}",0.5804885157481106
isic2019,dinov2_b14_518,trapA,0,i2e,clean,0.7485299097934177,,0.7485299097934177,482,81,0,0.7780082987551867,0.6892490994735384,,"{""y0_a0"": {""n"": 401, ""accuracy"": 0.8229426433915212}, ""y0_a1"": {""n"": 0, ""accuracy"": NaN}, ""y1_a0"": {""n"": 81, ""accuracy"": 0.5555555555555556}, ""y1_a1"": {""n"": 0, ""accuracy"": NaN}}",0.34710373468761924
isic2019,dinov2_b14_518,trapA,0,i2e,test_corr,0.9362666243741078,0.8179320679320681,0.783969465648855,538,101,135,0.79182156133829,0.8414029045925188,0.22727272727272727,"{""y0_a0"": {""n"": 393, ""accuracy"": 0.821882951653944}, ""y0_a1"": {""n"": 44, ""accuracy"": 0.22727272727272727}, ""y1_a0"": {""n"": 10, ""accuracy"": 0.5}, ""y1_a1"": {""n"": 91, ""accuracy"": 0.967032967032967}}",0.34710373468761924
isic2019,dinov2_b14_518,trapA,0,i2e,test_rev,0.4985044642857143,0.8536706349206349,0.7708333333333334,640,80,512,0.3703125,0.46339285714285716,0.28174603174603174,"{""y0_a0"": {""n"": 56, ""accuracy"": 0.8571428571428571}, ""y0_a1"": {""n"": 504, ""accuracy"": 0.28174603174603174}, ""y1_a0"": {""n"": 72, ""accuracy"": 0.5416666666666666}, ""y1_a1"": {""n"": 8, ""accuracy"": 1.0}}",0.34710373468761924
isic2019,dinov2_b14_518,trapA,0,i2e_balanced,clean,0.7374465071888181,,0.7374465071888181,482,81,0,0.8008298755186722,0.7177426803361966,,"{""y0_a0"": {""n"": 401, ""accuracy"": 0.8428927680798005}, ""y0_a1"": {""n"": 0, ""accuracy"": NaN}, ""y1_a0"": {""n"": 81, ""accuracy"": 0.5925925925925926}, ""y1_a1"": {""n"": 0, ""accuracy"": NaN}}",0.4725452635873751
isic2019,dinov2_b14_518,trapA,0,i2e_balanced,test_corr,0.8581688832498812,0.7992007992007992,0.7427480916030534,538,101,135,0.8104089219330854,0.7843306069737408,0.6,"{""y0_a0"": {""n"": 393, ""accuracy"": 0.8396946564885496}, ""y0_a1"": {""n"": 44, ""accuracy"": 0.7045454545454546}, ""y1_a0"": {""n"": 10, ""accuracy"": 0.6}, ""y1_a1"": {""n"": 91, ""accuracy"": 0.7582417582417582}}",0.4725452635873751
isic2019,dinov2_b14_518,trapA,0,i2e_balanced,test_rev,0.6995982142857143,0.8120039682539683,0.7633928571428572,640,80,512,0.7375,0.6678571428571428,0.5,"{""y0_a0"": {""n"": 56, ""accuracy"": 0.8928571428571429}, ""y0_a1"": {""n"": 504, ""accuracy"": 0.746031746031746}, ""y1_a0"": {""n"": 72, ""accuracy"": 0.5833333333333334}, ""y1_a1"": {""n"": 8, ""accuracy"": 0.5}}",0.4725452635873751
isic2019,dinov2_b14_518,trapA,0,i2e_rank1,clean,0.7476370801391583,,0.7476370801391583,482,81,0,0.6618257261410788,0.6637572734829593,,"{""y0_a0"": {""n"": 401, ""accuracy"": 0.6608478802992519}, ""y0_a1"": {""n"": 0, ""accuracy"": NaN}, ""y1_a0"": {""n"": 81, ""accuracy"": 0.6666666666666666}, ""y1_a1"": {""n"": 0, ""accuracy"": NaN}}",0.1741679060636207
isic2019,dinov2_b14_518,trapA,0,i2e_rank1,test_corr,0.9449441511656886,0.7922077922077922,0.803562340966921,538,101,135,0.671003717472119,0.7860638466592654,0.09090909090909091,"{""y0_a0"": {""n"": 393, ""accuracy"": 0.6590330788804071}, ""y0_a1"": {""n"": 44, ""accuracy"": 0.09090909090909091}, ""y1_a0"": {""n"": 10, ""accuracy"": 0.7}, ""y1_a1"": {""n"": 91, ""accuracy"": 1.0}}",0.1741679060636207
isic2019,dinov2_b14_518,trapA,0,i2e_rank1,test_rev,0.4731919642857143,0.847718253968254,0.7822420634920635,640,80,512,0.2453125,0.4401785714285714,0.11507936507936507,"{""y0_a0"": {""n"": 56, ""accuracy"": 0.7678571428571429}, ""y0_a1"": {""n"": 504, ""accuracy"": 0.11507936507936507}, ""y1_a0"": {""n"": 72, ""accuracy"": 0.6666666666666666}, ""y1_a1"": {""n"": 8, ""accuracy"": 1.0}}",0.1741679060636207
isic2019,dinov2_b14_518,trapA,0,insert_aug,clean,0.7539176749484313,,0.7539176749484313,482,81,0,0.6535269709543569,0.6636956990240448,,"{""y0_a0"": {""n"": 401, ""accuracy"": 0.6483790523690773}, ""y0_a1"": {""n"": 0, ""accuracy"": NaN}, ""y1_a0"": {""n"": 81, ""accuracy"": 0.6790123456790124}, ""y1_a1"": {""n"": 0, ""accuracy"": NaN}}",0.13412857156903182
isic2019,dinov2_b14_518,trapA,0,insert_aug,test_corr,0.9468020028547477,0.8069430569430569,0.8109414758269721,538,101,135,0.6635687732342007,0.7852935179101435,0.09090909090909091,"{""y0_a0"": {""n"": 393, ""accuracy"": 0.6463104325699746}, ""y0_a1"": {""n"": 44, ""accuracy"": 0.09090909090909091}, ""y1_a0"": {""n"": 10, ""accuracy"": 0.8}, ""y1_a1"": {""n"": 91, ""accuracy"": 1.0}}",0.13412857156903182
isic2019,dinov2_b14_518,trapA,0,insert_aug,test_rev,0.49080357142857134,0.8635912698412698,0.7857142857142857,640,80,512,0.2203125,0.43125,0.08928571428571429,"{""y0_a0"": {""n"": 56, ""accuracy"": 0.6964285714285714}, ""y0_a1"": {""n"": 504, ""accuracy"": 0.08928571428571429}, ""y1_a0"": {""n"": 72, ""accuracy"": 0.6805555555555556}, ""y1_a1"": {""n"": 8, ""accuracy"": 1.0}}",0.13412857156903182
isic2019,dinov2_b14_518,trapA,1,erm,clean,0.7565653190778483,,0.7565653190778483,447,82,0,0.7718120805369127,0.6617106582024724,,"{""y0_a0"": {""n"": 365, ""accuracy"": 0.8356164383561644}, ""y0_a1"": {""n"": 0, ""accuracy"": NaN}, ""y1_a0"": {""n"": 82, ""accuracy"": 0.4878048780487805}, ""y1_a1"": {""n"": 0, ""accuracy"": NaN}}",0.37676314122748716
isic2019,dinov2_b14_518,trapA,1,erm,test_corr,0.9016617742176227,0.5515947467166978,0.7380952380952381,499,101,132,0.7835671342685371,0.8236852579730335,0.024390243902439025,"{""y0_a0"": {""n"": 357, ""accuracy"": 0.8403361344537815}, ""y0_a1"": {""n"": 41, ""accuracy"": 0.024390243902439025}, ""y1_a0"": {""n"": 10, ""accuracy"": 0.3}, ""y1_a1"": {""n"": 91, ""accuracy"": 0.9560439560439561}}",0.37676314122748716
isic2019,dinov2_b14_518,trapA,1,erm,test_rev,0.33194686411149826,0.6598837209302325,0.7741858237547893,654,80,524,0.27217125382262997,0.38634581881533103,0.16085271317829458,"{""y0_a0"": {""n"": 58, ""accuracy"": 0.896551724137931}, ""y0_a1"": {""n"": 516, ""accuracy"": 0.16085271317829458}, ""y1_a0"": {""n"": 72, ""accuracy"": 0.4861111111111111}, ""y1_a1"": {""n"": 8, ""accuracy"": 1.0}}",0.37676314122748716
isic2019,dinov2_b14_518,trapA,1,prevcal,clean,0.7565653190778483,,0.7565653190778483,447,82,0,0.7718120805369127,0.6617106582024724,,"{""y0_a0"": {""n"": 365, ""accuracy"": 0.8356164383561644}, ""y0_a1"": {""n"": 0, ""accuracy"": NaN}, ""y1_a0"": {""n"": 82, ""accuracy"": 0.4878048780487805}, ""y1_a1"": {""n"": 0, ""accuracy"": NaN}}",0.8513697016744373
isic2019,dinov2_b14_518,trapA,1,prevcal,test_corr,0.2131946863028011,0.5515947467166978,0.7380952380952381,499,101,132,0.6893787575150301,0.44324344494750983,0.0,"{""y0_a0"": {""n"": 357, ""accuracy"": 0.8403361344537815}, ""y0_a1"": {""n"": 41, ""accuracy"": 1.0}, ""y1_a0"": {""n"": 10, ""accuracy"": 0.3}, ""y1_a1"": {""n"": 91, ""accuracy"": 0.0}}",0.8513697016744373
isic2019,dinov2_b14_518,trapA,1,prevcal,test_rev,0.9389155052264808,0.6598837209302325,0.7741858237547893,654,80,524,0.9220183486238532,0.713523519163763,0.0,"{""y0_a0"": {""n"": 58, ""accuracy"": 0.896551724137931}, ""y0_a1"": {""n"": 516, ""accuracy"": 1.0}, ""y1_a0"": {""n"": 72, ""accuracy"": 0.4861111111111111}, ""y1_a1"": {""n"": 8, ""accuracy"": 0.0}}",0.8513697016744373
isic2019,dinov2_b14_518,trapA,1,mask,clean,0.7473772134981623,,0.7473772134981623,447,82,0,0.7897091722595079,0.6679418643501503,,"{""y0_a0"": {""n"": 365, ""accuracy"": 0.8602739726027397}, ""y0_a1"": {""n"": 0, ""accuracy"": NaN}, ""y1_a0"": {""n"": 82, ""accuracy"": 0.47560975609756095}, ""y1_a1"": {""n"": 0, ""accuracy"": NaN}}",0.29906344043338523
isic2019,dinov2_b14_518,trapA,1,mask,test_corr,0.9366635155977909,0.6987402841061379,0.8630252100840335,499,101,132,0.8096192384769539,0.8584879844768396,0.04878048780487805,"{""y0_a0"": {""n"": 357, ""accuracy"": 0.8599439775910365}, ""y0_a1"": {""n"": 41, ""accuracy"": 0.04878048780487805}, ""y1_a0"": {""n"": 10, ""accuracy"": 0.7}, ""y1_a1"": {""n"": 91, ""accuracy"": 0.967032967032967}}",0.29906344043338523
isic2019,dinov2_b14_518,trapA,1,mask,test_rev,0.3757621951219512,0.7650193798449613,0.774904214559387,654,80,524,0.2782874617737003,0.38445121951219513,0.17635658914728683,"{""y0_a0"": {""n"": 58, ""accuracy"": 0.8448275862068966}, ""y0_a1"": {""n"": 516, ""accuracy"": 0.17635658914728683}, ""y1_a0"": {""n"": 72, ""accuracy"": 0.4722222222222222}, ""y1_a1"": {""n"": 8, ""accuracy"": 1.0}}",0.29906344043338523
isic2019,dinov2_b14_518,trapA,1,inpaint,clean,0.7759104577347143,,0.7759104577347143,447,82,0,0.7494407158836689,0.681105913798864,,"{""y0_a0"": {""n"": 365, ""accuracy"": 0.7890410958904109}, ""y0_a1"": {""n"": 0, ""accuracy"": NaN}, ""y1_a0"": {""n"": 82, ""accuracy"": 0.573170731707317}, ""y1_a1"": {""n"": 0, ""accuracy"": NaN}}",0.4269685896274123
isic2019,dinov2_b14_518,trapA,1,inpaint,test_corr,0.8993731031394596,0.7022246046636289,0.7896358543417368,499,101,132,0.7775551102204409,0.8236106273943977,0.2926829268292683,"{""y0_a0"": {""n"": 357, ""accuracy"": 0.7983193277310925}, ""y0_a1"": {""n"": 41, ""accuracy"": 0.2926829268292683}, ""y1_a0"": {""n"": 10, ""accuracy"": 0.5}, ""y1_a1"": {""n"": 91, ""accuracy"": 0.945054945054945}}",0.4269685896274123
isic2019,dinov2_b14_518,trapA,1,inpaint,test_rev,0.568619337979094,0.8062015503875969,0.8081896551724138,654,80,524,0.4648318042813456,0.5283754355400697,0.39728682170542634,"{""y0_a0"": {""n"": 58, ""accuracy"": 0.8620689655172413}, ""y0_a1"": {""n"": 516, ""accuracy"": 0.39728682170542634}, ""y1_a0"": {""n"": 72, ""accuracy"": 0.5694444444444444}, ""y1_a1"": {""n"": 8, ""accuracy"": 1.0}}",0.4269685896274123
isic2019,dinov2_b14_518,trapA,1,balanced,clean,0.7984296692281991,,0.7984296692281991,447,82,0,0.7539149888143176,0.7263949214834614,,"{""y0_a0"": {""n"": 365, ""accuracy"": 0.7698630136986301}, ""y0_a1"": {""n"": 0, ""accuracy"": NaN}, ""y1_a0"": {""n"": 82, ""accuracy"": 0.6829268292682927}, ""y1_a1"": {""n"": 0, ""accuracy"": NaN}}",0.48392166975662687
isic2019,dinov2_b14_518,trapA,1,balanced,test_corr,0.8603164336534157,0.7887965692843741,0.7719887955182072,499,101,132,0.7695390781563126,0.7742549380566197,0.6,"{""y0_a0"": {""n"": 357, ""accuracy"": 0.7815126050420168}, ""y0_a1"": {""n"": 41, ""accuracy"": 0.6341463414634146}, ""y1_a0"": {""n"": 10, ""accuracy"": 0.6}, ""y1_a1"": {""n"": 91, ""accuracy"": 0.8021978021978022}}",0.48392166975662687
isic2019,dinov2_b14_518,trapA,1,balanced,test_rev,0.7542029616724739,0.9195736434108527,0.7943007662835249,654,80,524,0.7140672782874617,0.6972560975609756,0.6527777777777778,"{""y0_a0"": {""n"": 58, ""accuracy"": 0.7758620689655172}, ""y0_a1"": {""n"": 516, ""accuracy"": 0.7131782945736435}, ""y1_a0"": {""n"": 72, ""accuracy"": 0.6527777777777778}, ""y1_a1"": {""n"": 8, ""accuracy"": 0.875}}",0.48392166975662687
isic2019,dinov2_b14_518,trapA,1,dfr,clean,0.8233879051119279,,0.8233879051119279,447,82,0,0.7807606263982103,0.742833277647845,,"{""y0_a0"": {""n"": 365, ""accuracy"": 0.8027397260273973}, ""y0_a1"": {""n"": 0, ""accuracy"": NaN}, ""y1_a0"": {""n"": 82, ""accuracy"": 0.6829268292682927}, ""y1_a1"": {""n"": 0, ""accuracy"": NaN}}",0.5924680748827462
isic2019,dinov2_b14_518,trapA,1,dfr,test_corr,0.7547141648838251,0.8273921200750469,0.7820728291316527,499,101,132,0.749498997995992,0.647171501069705,0.4725274725274725,"{""y0_a0"": {""n"": 357, ""accuracy"": 0.803921568627451}, ""y0_a1"": {""n"": 41, ""accuracy"": 0.9512195121951219}, ""y1_a0"": {""n"": 10, ""accuracy"": 0.5}, ""y1_a1"": {""n"": 91, ""accuracy"": 0.4725274725274725}}",0.5924680748827462
isic2019,dinov2_b14_518,trapA,1,dfr,test_rev,0.8594947735191638,0.9210271317829457,0.8235153256704981,654,80,524,0.8470948012232415,0.7569033101045296,0.5,"{""y0_a0"": {""n"": 58, ""accuracy"": 0.7758620689655172}, ""y0_a1"": {""n"": 516, ""accuracy"": 0.8875968992248062}, ""y1_a0"": {""n"": 72, ""accuracy"": 0.6527777777777778}, ""y1_a1"": {""n"": 8, ""accuracy"": 0.5}}",0.5924680748827462
isic2019,dinov2_b14_518,trapA,1,leace_paired,clean,0.763013698630137,,0.763013698630137,447,82,0,0.7024608501118568,0.7043434680922152,,"{""y0_a0"": {""n"": 365, ""accuracy"": 0.7013698630136986}, ""y0_a1"": {""n"": 0, ""accuracy"": NaN}, ""y1_a0"": {""n"": 82, ""accuracy"": 0.7073170731707317}, ""y1_a1"": {""n"": 0, ""accuracy"": NaN}}",0.3451167204131009
isic2019,dinov2_b14_518,trapA,1,leace_paired,test_corr,0.9142245882879745,0.7558295363173411,0.7857142857142857,499,101,132,0.7114228456913828,0.8043186228170556,0.12195121951219512,"{""y0_a0"": {""n"": 357, ""accuracy"": 0.7086834733893558}, ""y0_a1"": {""n"": 41, ""accuracy"": 0.12195121951219512}, ""y1_a0"": {""n"": 10, ""accuracy"": 0.7}, ""y1_a1"": {""n"": 91, ""accuracy"": 0.989010989010989}}",0.3451167204131009
isic2019,dinov2_b14_518,trapA,1,leace_paired,test_rev,0.5189242160278745,0.8204941860465116,0.7954980842911877,654,80,524,0.327217125382263,0.49838850174216026,0.21511627906976744,"{""y0_a0"": {""n"": 58, ""accuracy"": 0.7758620689655172}, ""y0_a1"": {""n"": 516, ""accuracy"": 0.21511627906976744}, ""y1_a0"": {""n"": 72, ""accuracy"": 0.6944444444444444}, ""y1_a1"": {""n"": 8, ""accuracy"": 1.0}}",0.3451167204131009
isic2019,dinov2_b14_518,trapA,1,leace_unpaired,clean,0.7845973939191447,,0.7845973939191447,447,82,0,0.6644295302013423,0.6905111927831606,,"{""y0_a0"": {""n"": 365, ""accuracy"": 0.6493150684931507}, ""y0_a1"": {""n"": 0, ""accuracy"": NaN}, ""y1_a0"": {""n"": 82, ""accuracy"": 0.7317073170731707}, ""y1_a1"": {""n"": 0, ""accuracy"": NaN}}",0.5100528673807846
isic2019,dinov2_b14_518,trapA,1,leace_unpaired,test_corr,0.7232698144186278,0.7938890377914768,0.7554621848739496,499,101,132,0.657314629258517,0.6411015473406637,0.6,"{""y0_a0"": {""n"": 357, ""accuracy"": 0.6582633053221288}, ""y0_a1"": {""n"": 41, ""accuracy"": 0.7560975609756098}, ""y1_a0"": {""n"": 10, ""accuracy"": 0.6}, ""y1_a1"": {""n"": 91, ""accuracy"": 0.6153846153846154}}",0.5100528673807846
isic2019,dinov2_b14_518,trapA,1,leace_unpaired,test_rev,0.8700783972125435,0.8875968992248062,0.7624521072796935,654,80,524,0.8058103975535168,0.7710365853658536,0.7068965517241379,"{""y0_a0"": {""n"": 58, ""accuracy"": 0.7068965517241379}, ""y0_a1"": {""n"": 516, ""accuracy"": 0.8294573643410853}, ""y1_a0"": {""n"": 72, ""accuracy"": 0.7083333333333334}, ""y1_a1"": {""n"": 8, ""accuracy"": 0.875}}",0.5100528673807846
isic2019,dinov2_b14_518,trapA,1,i2e,clean,0.7546274640828601,,0.7546274640828601,447,82,0,0.7874720357941835,0.6854827931840962,,"{""y0_a0"": {""n"": 365, ""accuracy"": 0.8465753424657534}, ""y0_a1"": {""n"": 0, ""accuracy"": NaN}, ""y1_a0"": {""n"": 82, ""accuracy"": 0.524390243902439}, ""y1_a1"": {""n"": 0, ""accuracy"": NaN}}",0.33877166404430403
isic2019,dinov2_b14_518,trapA,1,i2e,test_corr,0.9241007015274393,0.7735191637630662,0.7560224089635854,499,101,132,0.8016032064128257,0.8423802179212896,0.0975609756097561,"{""y0_a0"": {""n"": 357, ""accuracy"": 0.8515406162464986}, ""y0_a1"": {""n"": 41, ""accuracy"": 0.0975609756097561}, ""y1_a0"": {""n"": 10, ""accuracy"": 0.4}, ""y1_a1"": {""n"": 91, ""accuracy"": 0.967032967032967}}",0.33877166404430403
isic2019,dinov2_b14_518,trapA,1,i2e,test_rev,0.442661149825784,0.7754360465116279,0.7598180076628352,654,80,524,0.3211009174311927,0.42497822299651566,0.22286821705426357,"{""y0_a0"": {""n"": 58, ""accuracy"": 0.8620689655172413}, ""y0_a1"": {""n"": 516, ""accuracy"": 0.22286821705426357}, ""y1_a0"": {""n"": 72, ""accuracy"": 0.5138888888888888}, ""y1_a1"": {""n"": 8, ""accuracy"": 1.0}}",0.33877166404430403
isic2019,dinov2_b14_518,trapA,1,i2e_balanced,clean,0.7462746408286,,0.7462746408286,447,82,0,0.7494407158836689,0.6905613097226863,,"{""y0_a0"": {""n"": 365, ""accuracy"": 0.7835616438356164}, ""y0_a1"": {""n"": 0, ""accuracy"": NaN}, ""y1_a0"": {""n"": 82, ""accuracy"": 0.5975609756097561}, ""y1_a1"": {""n"": 0, ""accuracy"": NaN}}",0.49929916734761975
isic2019,dinov2_b14_518,trapA,1,i2e_balanced,test_corr,0.870466192347878,0.830340391316001,0.7271708683473389,499,101,132,0.779559118236473,0.7953131996616747,0.5,"{""y0_a0"": {""n"": 357, ""accuracy"": 0.7843137254901961}, ""y0_a1"": {""n"": 41, ""accuracy"": 0.6341463414634146}, ""y1_a0"": {""n"": 10, ""accuracy"": 0.5}, ""y1_a1"": {""n"": 91, ""accuracy"": 0.8571428571428571}}",0.49929916734761975
isic2019,dinov2_b14_518,trapA,1,i2e_balanced,test_rev,0.6887630662020905,0.8805717054263567,0.7399425287356323,654,80,524,0.6391437308868502,0.6384364111498257,0.5972222222222222,"{""y0_a0"": {""n"": 58, ""accuracy"": 0.7586206896551724}, ""y0_a1"": {""n"": 516, ""accuracy"": 0.625968992248062}, ""y1_a0"": {""n"": 72, ""accuracy"": 0.5972222222222222}, ""y1_a1"": {""n"": 8, ""accuracy"": 1.0}}",0.49929916734761975
isic2019,dinov2_b14_518,trapA,1,i2e_rank1,clean,0.7575676578683594,,0.7575676578683594,447,82,0,0.7740492170022372,0.6725359171399934,,"{""y0_a0"": {""n"": 365, ""accuracy"": 0.8328767123287671}, ""y0_a1"": {""n"": 0, ""accuracy"": NaN}, ""y1_a0"": {""n"": 82, ""accuracy"": 0.5121951219512195}, ""y1_a1"": {""n"": 0, ""accuracy"": NaN}}",0.36960260110226606
isic2019,dinov2_b14_518,trapA,1,i2e_rank1,test_corr,0.9021593114085278,0.5590994371482176,0.7431372549019608,499,101,132,0.7835671342685371,0.8273794716155033,0.024390243902439025,"{""y0_a0"": {""n"": 357, ""accuracy"": 0.8375350140056023}, ""y0_a1"": {""n"": 41, ""accuracy"": 0.024390243902439025}, ""y1_a0"": {""n"": 10, ""accuracy"": 0.4}, ""y1_a1"": {""n"": 91, ""accuracy"": 0.9560439560439561}}",0.36960260110226606
isic2019,dinov2_b14_518,trapA,1,i2e_rank1,test_rev,0.3360191637630662,0.6681201550387597,0.7741858237547893,654,80,524,0.2706422018348624,0.39623257839721254,0.15503875968992248,"{""y0_a0"": {""n"": 58, ""accuracy"": 0.896551724137931}, ""y0_a1"": {""n"": 516, ""accuracy"": 0.15503875968992248}, ""y1_a0"": {""n"": 72, ""accuracy"": 0.5138888888888888}, ""y1_a1"": {""n"": 8, ""accuracy"": 1.0}}",0.36960260110226606
isic2019,dinov2_b14_518,trapA,1,insert_aug,clean,0.7644503842298698,,0.7644503842298698,447,82,0,0.7740492170022372,0.6819913130638156,,"{""y0_a0"": {""n"": 365, ""accuracy"": 0.8273972602739726}, ""y0_a1"": {""n"": 0, ""accuracy"": NaN}, ""y1_a0"": {""n"": 82, ""accuracy"": 0.5365853658536586}, ""y1_a1"": {""n"": 0, ""accuracy"": NaN}}",0.33375392234453527
isic2019,dinov2_b14_518,trapA,1,insert_aug,test_corr,0.907532713070302,0.6124363441436613,0.7352941176470589,499,101,132,0.7855711422845691,0.8360241803074779,0.024390243902439025,"{""y0_a0"": {""n"": 357, ""accuracy"": 0.834733893557423}, ""y0_a1"": {""n"": 41, ""accuracy"": 0.024390243902439025}, ""y1_a0"": {""n"": 10, ""accuracy"": 0.4}, ""y1_a1"": {""n"": 91, ""accuracy"": 0.978021978021978}}",0.33375392234453527
isic2019,dinov2_b14_518,trapA,1,insert_aug,test_rev,0.3711454703832753,0.6991279069767442,0.7784961685823755,654,80,524,0.26299694189602446,0.3972560975609756,0.1434108527131783,"{""y0_a0"": {""n"": 58, ""accuracy"": 0.896551724137931}, ""y0_a1"": {""n"": 516, ""accuracy"": 0.1434108527131783}, ""y1_a0"": {""n"": 72, ""accuracy"": 0.5277777777777778}, ""y1_a1"": {""n"": 8, ""accuracy"": 1.0}}",0.33375392234453527
isic2019,dinov2_b14_518,trapA,2,erm,clean,0.7483098591549295,,0.7483098591549295,455,100,0,0.7076923076923077,0.6797887323943662,,"{""y0_a0"": {""n"": 355, ""accuracy"": 0.7295774647887324}, ""y0_a1"": {""n"": 0, ""accuracy"": NaN}, ""y1_a0"": {""n"": 100, ""accuracy"": 0.63}, ""y1_a1"": {""n"": 0, ""accuracy"": NaN}}",0.18548286478972142
isic2019,dinov2_b14_518,trapA,2,erm,test_corr,0.9451789649216843,0.7468770545693622,0.8786423310918987,473,87,117,0.718816067653277,0.8188166279554523,0.07692307692307693,"{""y0_a0"": {""n"": 347, ""accuracy"": 0.7262247838616714}, ""y0_a1"": {""n"": 39, ""accuracy"": 0.07692307692307693}, ""y1_a0"": {""n"": 9, ""accuracy"": 0.8888888888888888}, ""y1_a1"": {""n"": 78, ""accuracy"": 0.9871794871794872}}",0.18548286478972142
isic2019,dinov2_b14_518,trapA,2,erm,test_rev,0.3833590190297508,0.7984526112185686,0.7560656961552819,678,104,527,0.2374631268436578,0.4079335298847494,0.09284332688588008,"{""y0_a0"": {""n"": 57, ""accuracy"": 0.7894736842105263}, ""y0_a1"": {""n"": 517, ""accuracy"": 0.09284332688588008}, ""y1_a0"": {""n"": 94, ""accuracy"": 0.6170212765957447}, ""y1_a1"": {""n"": 10, ""accuracy"": 1.0}}",0.18548286478972142
isic2019,dinov2_b14_518,trapA,2,prevcal,clean,0.7483098591549295,,0.7483098591549295,455,100,0,0.7076923076923077,0.6797887323943662,,"{""y0_a0"": {""n"": 355, ""accuracy"": 0.7295774647887324}, ""y0_a1"": {""n"": 0, ""accuracy"": NaN}, ""y1_a0"": {""n"": 100, ""accuracy"": 0.63}, ""y1_a1"": {""n"": 0, ""accuracy"": NaN}}",0.6795423093782277
isic2019,dinov2_b14_518,trapA,2,prevcal,test_corr,0.5778393186826276,0.7468770545693622,0.8786423310918987,473,87,117,0.6807610993657506,0.5595557143707939,0.3076923076923077,"{""y0_a0"": {""n"": 347, ""accuracy"": 0.7262247838616714}, ""y0_a1"": {""n"": 39, ""accuracy"": 0.9743589743589743}, ""y1_a0"": {""n"": 9, ""accuracy"": 0.8888888888888888}, ""y1_a1"": {""n"": 78, ""accuracy"": 0.3076923076923077}}",0.6795423093782277
isic2019,dinov2_b14_518,trapA,2,prevcal,test_rev,0.873676628249799,0.7984526112185686,0.7560656961552819,678,104,527,0.8849557522123894,0.762781425891182,0.3,"{""y0_a0"": {""n"": 57, ""accuracy"": 0.7894736842105263}, ""y0_a1"": {""n"": 517, ""accuracy"": 0.9555125725338491}, ""y1_a0"": {""n"": 94, ""accuracy"": 0.6170212765957447}, ""y1_a1"": {""n"": 10, ""accuracy"": 0.3}}",0.6795423093782277
isic2019,dinov2_b14_518,trapA,2,mask,clean,0.7817746478873239,,0.7817746478873239,455,100,0,0.7406593406593407,0.7188732394366197,,"{""y0_a0"": {""n"": 355, ""accuracy"": 0.7577464788732394}, ""y0_a1"": {""n"": 0, ""accuracy"": NaN}, ""y1_a0"": {""n"": 100, ""accuracy"": 0.68}, ""y1_a1"": {""n"": 0, ""accuracy"": NaN}}",0.20171323662051288
isic2019,dinov2_b14_518,trapA,2,mask,test_corr,0.9446727413495325,0.7406311637080868,0.9237912263848863,473,87,117,0.7441860465116279,0.8254570901077958,0.1282051282051282,"{""y0_a0"": {""n"": 347, ""accuracy"": 0.760806916426513}, ""y0_a1"": {""n"": 39, ""accuracy"": 0.1282051282051282}, ""y1_a0"": {""n"": 9, ""accuracy"": 0.8888888888888888}, ""y1_a1"": {""n"": 78, ""accuracy"": 0.9615384615384616}}",0.20171323662051288
isic2019,dinov2_b14_518,trapA,2,mask,test_rev,0.4518058161350844,0.7889748549323017,0.7989921612541994,678,104,527,0.2640117994100295,0.4432960332350576,0.11798839458413926,"{""y0_a0"": {""n"": 57, ""accuracy"": 0.7894736842105263}, ""y0_a1"": {""n"": 517, ""accuracy"": 0.11798839458413926}, ""y1_a0"": {""n"": 94, ""accuracy"": 0.6702127659574468}, ""y1_a1"": {""n"": 10, ""accuracy"": 1.0}}",0.20171323662051288
isic2019,dinov2_b14_518,trapA,2,inpaint,clean,0.7746760563380283,,0.7746760563380283,455,100,0,0.7252747252747253,0.6946478873239437,,"{""y0_a0"": {""n"": 355, ""accuracy"": 0.7492957746478873}, ""y0_a1"": {""n"": 0, ""accuracy"": NaN}, ""y1_a0"": {""n"": 100, ""accuracy"": 0.64}, ""y1_a1"": {""n"": 0, ""accuracy"": NaN}}",0.26664083531407873
isic2019,dinov2_b14_518,trapA,2,inpaint,test_corr,0.9310047049014354,0.7850098619329389,0.9077809798270893,473,87,117,0.7505285412262156,0.8293431004704901,0.28205128205128205,"{""y0_a0"": {""n"": 347, ""accuracy"": 0.7521613832853026}, ""y0_a1"": {""n"": 39, ""accuracy"": 0.28205128205128205}, ""y1_a0"": {""n"": 9, ""accuracy"": 0.8888888888888888}, ""y1_a1"": {""n"": 78, ""accuracy"": 0.9615384615384616}}",0.26664083531407873
isic2019,dinov2_b14_518,trapA,2,inpaint,test_rev,0.5652640042883945,0.8427466150870406,0.8008585293019783,678,104,527,0.3938053097345133,0.5002680246582686,0.29593810444874274,"{""y0_a0"": {""n"": 57, ""accuracy"": 0.8070175438596491}, ""y0_a1"": {""n"": 517, ""accuracy"": 0.29593810444874274}, ""y1_a0"": {""n"": 94, ""accuracy"": 0.6276595744680851}, ""y1_a1"": {""n"": 10, ""accuracy"": 0.9}}",0.26664083531407873
isic2019,dinov2_b14_518,trapA,2,balanced,clean,0.7636901408450705,,0.7636901408450705,455,100,0,0.7714285714285715,0.652394366197183,,"{""y0_a0"": {""n"": 355, ""accuracy"": 0.8647887323943662}, ""y0_a1"": {""n"": 0, ""accuracy"": NaN}, ""y1_a0"": {""n"": 100, ""accuracy"": 0.44}, ""y1_a1"": {""n"": 0, ""accuracy"": NaN}}",0.4990996129320689
isic2019,dinov2_b14_518,trapA,2,balanced,test_corr,0.9042641891489488,0.8113083497698883,0.87223823246878,473,87,117,0.828752642706131,0.8015901375737002,0.6666666666666666,"{""y0_a0"": {""n"": 347, ""accuracy"": 0.8645533141210374}, ""y0_a1"": {""n"": 39, ""accuracy"": 0.6666666666666666}, ""y1_a0"": {""n"": 9, ""accuracy"": 0.7777777777777778}, ""y1_a1"": {""n"": 78, ""accuracy"": 0.7564102564102564}}",0.4990996129320689
isic2019,dinov2_b14_518,trapA,2,balanced,test_rev,0.6437952291610828,0.8640232108317214,0.7736095558044046,678,104,527,0.6858407079646017,0.5979462610560171,0.425531914893617,"{""y0_a0"": {""n"": 57, ""accuracy"": 0.8771929824561403}, ""y0_a1"": {""n"": 517, ""accuracy"": 0.7079303675048356}, ""y1_a0"": {""n"": 94, ""accuracy"": 0.425531914893617}, ""y1_a1"": {""n"": 10, ""accuracy"": 0.9}}",0.4990996129320689
isic2019,dinov2_b14_518,trapA,2,dfr,clean,0.8283661971830987,,0.8283661971830987,455,100,0,0.7934065934065934,0.785,,"{""y0_a0"": {""n"": 355, ""accuracy"": 0.8}, ""y0_a1"": {""n"": 0, ""accuracy"": NaN}, ""y1_a0"": {""n"": 100, ""accuracy"": 0.77}, ""y1_a1"": {""n"": 0, ""accuracy"": NaN}}",0.5161184978105147
isic2019,dinov2_b14_518,trapA,2,dfr,test_corr,0.8358942290512775,0.7800788954635108,0.893691962856228,473,87,117,0.7864693446088795,0.771231612173188,0.717948717948718,"{""y0_a0"": {""n"": 347, ""accuracy"": 0.8040345821325648}, ""y0_a1"": {""n"": 39, ""accuracy"": 0.717948717948718}, ""y1_a0"": {""n"": 9, ""accuracy"": 0.7777777777777778}, ""y1_a1"": {""n"": 78, ""accuracy"": 0.7435897435897436}}",0.5161184978105147
isic2019,dinov2_b14_518,trapA,2,dfr,test_rev,0.834863307424283,0.8282398452611219,0.8911907428144831,678,104,527,0.7876106194690266,0.772212543554007,0.6,"{""y0_a0"": {""n"": 57, ""accuracy"": 0.9122807017543859}, ""y0_a1"": {""n"": 517, ""accuracy"": 0.781431334622824}, ""y1_a0"": {""n"": 94, ""accuracy"": 0.7659574468085106}, ""y1_a1"": {""n"": 10, ""accuracy"": 0.6}}",0.5161184978105147
isic2019,dinov2_b14_518,trapA,2,leace_paired,clean,0.7614647887323944,,0.7614647887323944,455,100,0,0.7142857142857143,0.6840140845070423,,"{""y0_a0"": {""n"": 355, ""accuracy"": 0.7380281690140845}, ""y0_a1"": {""n"": 0, ""accuracy"": NaN}, ""y1_a0"": {""n"": 100, ""accuracy"": 0.63}, ""y1_a1"": {""n"": 0, ""accuracy"": NaN}}",0.23998283547209154
isic2019,dinov2_b14_518,trapA,2,leace_paired,test_corr,0.9460127449228753,0.8090072320841551,0.8997758565481908,473,87,117,0.7399577167019028,0.8317699958311,0.1794871794871795,"{""y0_a0"": {""n"": 347, ""accuracy"": 0.7435158501440923}, ""y0_a1"": {""n"": 39, ""accuracy"": 0.1794871794871795}, ""y1_a0"": {""n"": 9, ""accuracy"": 0.8888888888888888}, ""y1_a1"": {""n"": 78, ""accuracy"": 0.9871794871794872}}",0.23998283547209154
isic2019,dinov2_b14_518,trapA,2,leace_paired,test_rev,0.4903846153846154,0.839651837524178,0.7771556550951848,678,104,527,0.29646017699115046,0.4427767354596623,0.16827852998065765,"{""y0_a0"": {""n"": 57, ""accuracy"": 0.8070175438596491}, ""y0_a1"": {""n"": 517, ""accuracy"": 0.16827852998065765}, ""y1_a0"": {""n"": 94, ""accuracy"": 0.6170212765957447}, ""y1_a1"": {""n"": 10, ""accuracy"": 1.0}}",0.23998283547209154
isic2019,dinov2_b14_518,trapA,2,leace_unpaired,clean,0.7567887323943662,,0.7567887323943662,455,100,0,0.7692307692307693,0.6869014084507042,,"{""y0_a0"": {""n"": 355, ""accuracy"": 0.8338028169014085}, ""y0_a1"": {""n"": 0, ""accuracy"": NaN}, ""y1_a0"": {""n"": 100, ""accuracy"": 0.54}, ""y1_a1"": {""n"": 0, ""accuracy"": NaN}}",0.5881504733917261
isic2019,dinov2_b14_518,trapA,2,leace_unpaired,test_corr,0.7334584003335121,0.7587113740959894,0.7518411783541465,473,87,117,0.758985200845666,0.6386457030552082,0.4444444444444444,"{""y0_a0"": {""n"": 347, ""accuracy"": 0.8357348703170029}, ""y0_a1"": {""n"": 39, ""accuracy"": 0.7692307692307693}, ""y1_a0"": {""n"": 9, ""accuracy"": 0.4444444444444444}, ""y1_a1"": {""n"": 78, ""accuracy"": 0.44871794871794873}}",0.5881504733917261
isic2019,dinov2_b14_518,trapA,2,leace_unpaired,test_rev,0.859957116054677,0.8294003868471954,0.7870474057484137,678,104,527,0.8510324483775811,0.7230635218440096,0.5319148936170213,"{""y0_a0"": {""n"": 57, ""accuracy"": 0.8596491228070176}, ""y0_a1"": {""n"": 517, ""accuracy"": 0.9129593810444874}, ""y1_a0"": {""n"": 94, ""accuracy"": 0.5319148936170213}, ""y1_a1"": {""n"": 10, ""accuracy"": 0.6}}",0.5881504733917261
isic2019,dinov2_b14_518,trapA,2,i2e,clean,0.7545915492957747,,0.7545915492957747,455,100,0,0.7846153846153846,0.693169014084507,,"{""y0_a0"": {""n"": 355, ""accuracy"": 0.856338028169014}, ""y0_a1"": {""n"": 0, ""accuracy"": NaN}, ""y1_a0"": {""n"": 100, ""accuracy"": 0.53}, ""y1_a1"": {""n"": 0, ""accuracy"": NaN}}",0.37202712448126735
isic2019,dinov2_b14_518,trapA,2,i2e,test_corr,0.9465785242093978,0.7764628533859302,0.9225104066602625,473,87,117,0.8224101479915433,0.8689327615984754,0.2564102564102564,"{""y0_a0"": {""n"": 347, ""accuracy"": 0.8559077809798271}, ""y0_a1"": {""n"": 39, ""accuracy"": 0.2564102564102564}, ""y1_a0"": {""n"": 9, ""accuracy"": 0.8888888888888888}, ""y1_a1"": {""n"": 78, ""accuracy"": 0.9487179487179487}}",0.37202712448126735
isic2019,dinov2_b14_518,trapA,2,i2e,test_rev,0.44706512999195924,0.8419729206963249,0.7698768197088467,678,104,527,0.3495575221238938,0.43476949879388904,0.2495164410058027,"{""y0_a0"": {""n"": 57, ""accuracy"": 0.8771929824561403}, ""y0_a1"": {""n"": 517, ""accuracy"": 0.2495164410058027}, ""y1_a0"": {""n"": 94, ""accuracy"": 0.5106382978723404}, ""y1_a1"": {""n"": 10, ""accuracy"": 1.0}}",0.37202712448126735
isic2019,dinov2_b14_518,trapA,2,i2e_balanced,clean,0.7539718309859155,,0.7539718309859155,455,100,0,0.6747252747252748,0.6802112676056338,,"{""y0_a0"": {""n"": 355, ""accuracy"": 0.6704225352112676}, ""y0_a1"": {""n"": 0, ""accuracy"": NaN}, ""y1_a0"": {""n"": 100, ""accuracy"": 0.69}, ""y1_a1"": {""n"": 0, ""accuracy"": NaN}}",0.29212789018423313
isic2019,dinov2_b14_518,trapA,2,i2e_balanced,test_corr,0.8975343934250491,0.7925706771860619,0.9116234390009607,473,87,117,0.6997885835095138,0.789351438270502,0.38461538461538464,"{""y0_a0"": {""n"": 347, ""accuracy"": 0.6772334293948127}, ""y0_a1"": {""n"": 39, ""accuracy"": 0.38461538461538464}, ""y1_a0"": {""n"": 9, ""accuracy"": 0.8888888888888888}, ""y1_a1"": {""n"": 78, ""accuracy"": 0.9358974358974359}}",0.29212789018423313
isic2019,dinov2_b14_518,trapA,2,i2e_balanced,test_rev,0.6479496113642456,0.8634429400386847,0.7622247107129526,678,104,527,0.4911504424778761,0.5774423746984723,0.42940038684719534,"{""y0_a0"": {""n"": 57, ""accuracy"": 0.6666666666666666}, ""y0_a1"": {""n"": 517, ""accuracy"": 0.42940038684719534}, ""y1_a0"": {""n"": 94, ""accuracy"": 0.6808510638297872}, ""y1_a1"": {""n"": 10, ""accuracy"": 0.9}}",0.29212789018423313
isic2019,dinov2_b14_518,trapA,2,i2e_rank1,clean,0.7480845070422535,,0.7480845070422535,455,100,0,0.6945054945054945,0.6749295774647888,,"{""y0_a0"": {""n"": 355, ""accuracy"": 0.7098591549295775}, ""y0_a1"": {""n"": 0, ""accuracy"": NaN}, ""y1_a0"": {""n"": 100, ""accuracy"": 0.64}, ""y1_a1"": {""n"": 0, ""accuracy"": NaN}}",0.1782320155651154
isic2019,dinov2_b14_518,trapA,2,i2e_rank1,test_corr,0.9448811863498302,0.7442472057856673,0.8754402817803394,473,87,117,0.7082452431289641,0.8167917336668453,0.07692307692307693,"{""y0_a0"": {""n"": 347, ""accuracy"": 0.7089337175792507}, ""y0_a1"": {""n"": 39, ""accuracy"": 0.07692307692307693}, ""y1_a0"": {""n"": 9, ""accuracy"": 0.8888888888888888}, ""y1_a1"": {""n"": 78, ""accuracy"": 1.0}}",0.1782320155651154
isic2019,dinov2_b14_518,trapA,2,i2e_rank1,test_rev,0.38531894934333966,0.8029013539651837,0.7581187010078387,678,104,527,0.2359882005899705,0.41099906191369606,0.09090909090909091,"{""y0_a0"": {""n"": 57, ""accuracy"": 0.7719298245614035}, ""y0_a1"": {""n"": 517, ""accuracy"": 0.09090909090909091}, ""y1_a0"": {""n"": 94, ""accuracy"": 0.6276595744680851}, ""y1_a1"": {""n"": 10, ""accuracy"": 1.0}}",0.1782320155651154
isic2019,dinov2_b14_518,trapA,2,insert_aug,clean,0.7523943661971831,,0.7523943661971831,455,100,0,0.7472527472527473,0.7015492957746479,,"{""y0_a0"": {""n"": 355, ""accuracy"": 0.7830985915492957}, ""y0_a1"": {""n"": 0, ""accuracy"": NaN}, ""y1_a0"": {""n"": 100, ""accuracy"": 0.62}, ""y1_a1"": {""n"": 0, ""accuracy"": NaN}}",0.2054097411840496
isic2019,dinov2_b14_518,trapA,2,insert_aug,test_corr,0.9457447442082068,0.7666009204470743,0.8914505283381364,473,87,117,0.7695560253699789,0.8499047108570068,0.1794871794871795,"{""y0_a0"": {""n"": 347, ""accuracy"": 0.7838616714697406}, ""y0_a1"": {""n"": 39, ""accuracy"": 0.1794871794871795}, ""y1_a0"": {""n"": 9, ""accuracy"": 0.8888888888888888}, ""y1_a1"": {""n"": 78, ""accuracy"": 0.9871794871794872}}",0.2054097411840496
isic2019,dinov2_b14_518,trapA,2,insert_aug,test_rev,0.4091228893058161,0.837137330754352,0.7560656961552819,678,104,527,0.2713864306784661,0.42403176092200484,0.13733075435203096,"{""y0_a0"": {""n"": 57, ""accuracy"": 0.8070175438596491}, ""y0_a1"": {""n"": 517, ""accuracy"": 0.13733075435203096}, ""y1_a0"": {""n"": 94, ""accuracy"": 0.6063829787234043}, ""y1_a1"": {""n"": 10, ""accuracy"": 1.0}}",0.2054097411840496
isic2019,dinov2_b14_518,trapA,3,erm,clean,0.7264306298888431,,0.7264306298888431,431,84,0,0.6566125290023201,0.6649341292713051,,"{""y0_a0"": {""n"": 347, ""accuracy"": 0.6512968299711815}, ""y0_a1"": {""n"": 0, ""accuracy"": NaN}, ""y1_a0"": {""n"": 84, ""accuracy"": 0.6785714285714286}, ""y1_a1"": {""n"": 0, ""accuracy"": NaN}}",0.14921436797825757
isic2019,dinov2_b14_518,trapA,3,erm,test_corr,0.9182432432432432,0.7369578881206788,0.7363363363363363,466,96,123,0.6695278969957081,0.776463963963964,0.05405405405405406,"{""y0_a0"": {""n"": 333, ""accuracy"": 0.6546546546546547}, ""y0_a1"": {""n"": 37, ""accuracy"": 0.05405405405405406}, ""y1_a0"": {""n"": 10, ""accuracy"": 0.8}, ""y1_a1"": {""n"": 86, ""accuracy"": 0.9767441860465116}}",0.14921436797825757
isic2019,dinov2_b14_518,trapA,3,erm,test_rev,0.34057649667405765,0.5598623853211009,0.7394144144144145,687,82,553,0.2052401746724891,0.41698246321306187,0.07889908256880734,"{""y0_a0"": {""n"": 60, ""accuracy"": 0.6833333333333333}, ""y0_a1"": {""n"": 545, ""accuracy"": 0.07889908256880734}, ""y1_a0"": {""n"": 74, ""accuracy"": 0.6621621621621622}, ""y1_a1"": {""n"": 8, ""accuracy"": 1.0}}",0.14921436797825757
isic2019,dinov2_b14_518,trapA,3,prevcal,clean,0.7264306298888431,,0.7264306298888431,431,84,0,0.6566125290023201,0.6649341292713051,,"{""y0_a0"": {""n"": 347, ""accuracy"": 0.6512968299711815}, ""y0_a1"": {""n"": 0, ""accuracy"": NaN}, ""y1_a0"": {""n"": 84, ""accuracy"": 0.6785714285714286}, ""y1_a1"": {""n"": 0, ""accuracy"": NaN}}",0.606811831388512
isic2019,dinov2_b14_518,trapA,3,prevcal,test_corr,0.4952421171171171,0.7369578881206788,0.7363363363363363,466,96,123,0.6158798283261803,0.5189752252252252,0.3023255813953488,"{""y0_a0"": {""n"": 333, ""accuracy"": 0.6546546546546547}, ""y0_a1"": {""n"": 37, ""accuracy"": 0.9459459459459459}, ""y1_a0"": {""n"": 10, ""accuracy"": 0.8}, ""y1_a1"": {""n"": 86, ""accuracy"": 0.3023255813953488}}",0.606811831388512
isic2019,dinov2_b14_518,trapA,3,prevcal,test_rev,0.8705502922797822,0.5598623853211009,0.7394144144144145,687,82,553,0.8719068413391557,0.7585970570449506,0.125,"{""y0_a0"": {""n"": 60, ""accuracy"": 0.6833333333333333}, ""y0_a1"": {""n"": 545, ""accuracy"": 0.9321100917431193}, ""y1_a0"": {""n"": 74, ""accuracy"": 0.6621621621621622}, ""y1_a1"": {""n"": 8, ""accuracy"": 0.125}}",0.606811831388512
isic2019,dinov2_b14_518,trapA,3,mask,clean,0.7491766158913132,,0.7491766158913132,431,84,0,0.6728538283062645,0.6885549608892548,,"{""y0_a0"": {""n"": 347, ""accuracy"": 0.6628242074927954}, ""y0_a1"": {""n"": 0, ""accuracy"": NaN}, ""y1_a0"": {""n"": 84, ""accuracy"": 0.7142857142857143}, ""y1_a1"": {""n"": 0, ""accuracy"": NaN}}",0.14184125612051374
isic2019,dinov2_b14_518,trapA,3,mask,test_corr,0.9246903153153152,0.7935260842237586,0.7006006006006007,466,96,123,0.6824034334763949,0.7884290540540541,0.02702702702702703,"{""y0_a0"": {""n"": 333, ""accuracy"": 0.6726726726726727}, ""y0_a1"": {""n"": 37, ""accuracy"": 0.02702702702702703}, ""y1_a0"": {""n"": 10, ""accuracy"": 0.8}, ""y1_a1"": {""n"": 86, ""accuracy"": 0.9883720930232558}}",0.14184125612051374
isic2019,dinov2_b14_518,trapA,3,mask,test_rev,0.39568635355775045,0.6986238532110092,0.7756756756756755,687,82,553,0.21542940320232898,0.428038701874622,0.08440366972477065,"{""y0_a0"": {""n"": 60, ""accuracy"": 0.7333333333333333}, ""y0_a1"": {""n"": 545, ""accuracy"": 0.08440366972477065}, ""y1_a0"": {""n"": 74, ""accuracy"": 0.6756756756756757}, ""y1_a1"": {""n"": 8, ""accuracy"": 1.0}}",0.14184125612051374
isic2019,dinov2_b14_518,trapA,3,inpaint,clean,0.7009400301907506,,0.7009400301907506,431,84,0,0.728538283062645,0.6599766707835872,,"{""y0_a0"": {""n"": 347, ""accuracy"": 0.7723342939481268}, ""y0_a1"": {""n"": 0, ""accuracy"": NaN}, ""y1_a0"": {""n"": 84, ""accuracy"": 0.5476190476190477}, ""y1_a1"": {""n"": 0, ""accuracy"": NaN}}",0.4231251669637528
isic2019,dinov2_b14_518,trapA,3,inpaint,test_corr,0.8461711711711711,0.7212445003142677,0.684084084084084,466,96,123,0.7639484978540773,0.7703547297297297,0.5,"{""y0_a0"": {""n"": 333, ""accuracy"": 0.7837837837837838}, ""y0_a1"": {""n"": 37, ""accuracy"": 0.5405405405405406}, ""y1_a0"": {""n"": 10, ""accuracy"": 0.5}, ""y1_a1"": {""n"": 86, ""accuracy"": 0.813953488372093}}",0.4231251669637528
isic2019,dinov2_b14_518,trapA,3,inpaint,test_rev,0.5099576698246321,0.6185779816513761,0.7234234234234235,687,82,553,0.5254730713245997,0.5355472686958275,0.4917431192660551,"{""y0_a0"": {""n"": 60, ""accuracy"": 0.8}, ""y0_a1"": {""n"": 545, ""accuracy"": 0.4917431192660551}, ""y1_a0"": {""n"": 74, ""accuracy"": 0.527027027027027}, ""y1_a1"": {""n"": 8, ""accuracy"": 0.75}}",0.4231251669637528
isic2019,dinov2_b14_518,trapA,3,balanced,clean,0.7244750926307123,,0.7244750926307123,431,84,0,0.6473317865429234,0.6681933580348566,,"{""y0_a0"": {""n"": 347, ""accuracy"": 0.6340057636887608}, ""y0_a1"": {""n"": 0, ""accuracy"": NaN}, ""y1_a0"": {""n"": 84, ""accuracy"": 0.7023809523809523}, ""y1_a1"": {""n"": 0, ""accuracy"": NaN}}",0.4118125520912708
isic2019,dinov2_b14_518,trapA,3,balanced,test_corr,0.7589245495495497,0.7438717787554996,0.7102102102102101,466,96,123,0.6545064377682404,0.6821509009009008,0.6,"{""y0_a0"": {""n"": 333, ""accuracy"": 0.6366366366366366}, ""y0_a1"": {""n"": 37, ""accuracy"": 0.6216216216216216}, ""y1_a0"": {""n"": 10, ""accuracy"": 0.6}, ""y1_a1"": {""n"": 86, ""accuracy"": 0.7441860465116279}}",0.4118125520912708
isic2019,dinov2_b14_518,trapA,3,balanced,test_rev,0.7292884499092924,0.7022935779816514,0.7515765765765765,687,82,553,0.6812227074235808,0.6872303970973594,0.625,"{""y0_a0"": {""n"": 60, ""accuracy"": 0.6833333333333333}, ""y0_a1"": {""n"": 545, ""accuracy"": 0.6788990825688074}, ""y1_a0"": {""n"": 74, ""accuracy"": 0.7027027027027027}, ""y1_a1"": {""n"": 8, ""accuracy"": 0.625}}",0.4118125520912708
isic2019,dinov2_b14_518,trapA,3,dfr,clean,0.7237889392068066,,0.7237889392068066,431,84,0,0.679814385150812,0.629717304789351,,"{""y0_a0"": {""n"": 347, ""accuracy"": 0.7118155619596542}, ""y0_a1"": {""n"": 0, ""accuracy"": NaN}, ""y1_a0"": {""n"": 84, ""accuracy"": 0.5476190476190477}, ""y1_a1"": {""n"": 0, ""accuracy"": NaN}}",0.501350584850369
isic2019,dinov2_b14_518,trapA,3,dfr,test_corr,0.7458051801801803,0.7360150848522942,0.7135135135135136,466,96,123,0.6931330472103004,0.6756193693693694,0.4,"{""y0_a0"": {""n"": 333, ""accuracy"": 0.7087087087087087}, ""y0_a1"": {""n"": 37, ""accuracy"": 0.6756756756756757}, ""y1_a0"": {""n"": 10, ""accuracy"": 0.4}, ""y1_a1"": {""n"": 86, ""accuracy"": 0.6744186046511628}}",0.501350584850369
isic2019,dinov2_b14_518,trapA,3,dfr,test_rev,0.7531546059262246,0.721788990825688,0.7578828828828827,687,82,553,0.75254730713246,0.6592017738359202,0.527027027027027,"{""y0_a0"": {""n"": 60, ""accuracy"": 0.7833333333333333}, ""y0_a1"": {""n"": 545, ""accuracy"": 0.781651376146789}, ""y1_a0"": {""n"": 74, ""accuracy"": 0.527027027027027}, ""y1_a1"": {""n"": 8, ""accuracy"": 0.625}}",0.501350584850369
isic2019,dinov2_b14_518,trapA,3,leace_paired,clean,0.7232743241388774,,0.7232743241388774,431,84,0,0.6937354988399071,0.6518972142170989,,"{""y0_a0"": {""n"": 347, ""accuracy"": 0.7204610951008645}, ""y0_a1"": {""n"": 0, ""accuracy"": NaN}, ""y1_a0"": {""n"": 84, ""accuracy"": 0.5833333333333334}, ""y1_a1"": {""n"": 0, ""accuracy"": NaN}}",0.2345695912852087
isic2019,dinov2_b14_518,trapA,3,leace_paired,test_corr,0.8965653153153154,0.7397862979258328,0.7384384384384385,466,96,123,0.7188841201716738,0.7844031531531532,0.1891891891891892,"{""y0_a0"": {""n"": 333, ""accuracy"": 0.7267267267267268}, ""y0_a1"": {""n"": 37, ""accuracy"": 0.1891891891891892}, ""y1_a0"": {""n"": 10, ""accuracy"": 0.7}, ""y1_a1"": {""n"": 86, ""accuracy"": 0.9186046511627907}}",0.2345695912852087
isic2019,dinov2_b14_518,trapA,3,leace_paired,test_rev,0.4456359604918363,0.6314220183486238,0.7466216216216217,687,82,553,0.3406113537117904,0.45694416448296715,0.25321100917431194,"{""y0_a0"": {""n"": 60, ""accuracy"": 0.7666666666666667}, ""y0_a1"": {""n"": 545, ""accuracy"": 0.25321100917431194}, ""y1_a0"": {""n"": 74, ""accuracy"": 0.581081081081081}, ""y1_a1"": {""n"": 8, ""accuracy"": 0.875}}",0.2345695912852087
isic2019,dinov2_b14_518,trapA,3,leace_unpaired,clean,0.7196720186633732,,0.7196720186633732,431,84,0,0.5707656612529002,0.6432002195690956,,"{""y0_a0"": {""n"": 347, ""accuracy"": 0.5244956772334294}, ""y0_a1"": {""n"": 0, ""accuracy"": NaN}, ""y1_a0"": {""n"": 84, ""accuracy"": 0.7619047619047619}, ""y1_a1"": {""n"": 0, ""accuracy"": NaN}}",0.4772795908341279
isic2019,dinov2_b14_518,trapA,3,leace_unpaired,test_corr,0.5546734234234234,0.7118164676304211,0.709009009009009,466,96,123,0.5450643776824035,0.5360923423423424,0.47674418604651164,"{""y0_a0"": {""n"": 333, ""accuracy"": 0.5255255255255256}, ""y0_a1"": {""n"": 37, ""accuracy"": 0.7837837837837838}, ""y1_a0"": {""n"": 10, ""accuracy"": 0.9}, ""y1_a1"": {""n"": 86, ""accuracy"": 0.47674418604651164}}",0.4772795908341279
isic2019,dinov2_b14_518,trapA,3,leace_unpaired,test_rev,0.8599879056641807,0.7685779816513761,0.747072072072072,687,82,553,0.7918486171761281,0.7763958879258215,0.6166666666666667,"{""y0_a0"": {""n"": 60, ""accuracy"": 0.6166666666666667}, ""y0_a1"": {""n"": 545, ""accuracy"": 0.8165137614678899}, ""y1_a0"": {""n"": 74, ""accuracy"": 0.7702702702702703}, ""y1_a1"": {""n"": 8, ""accuracy"": 0.625}}",0.4772795908341279
isic2019,dinov2_b14_518,trapA,3,i2e,clean,0.7252641690682036,,0.7252641690682036,431,84,0,0.6519721577726219,0.6530293673665432,,"{""y0_a0"": {""n"": 347, ""accuracy"": 0.6512968299711815}, ""y0_a1"": {""n"": 0, ""accuracy"": NaN}, ""y1_a0"": {""n"": 84, ""accuracy"": 0.6547619047619048}, ""y1_a1"": {""n"": 0, ""accuracy"": NaN}}",0.21321292971324304
isic2019,dinov2_b14_518,trapA,3,i2e,test_corr,0.9278153153153152,0.7554996857322439,0.7582582582582582,466,96,123,0.6673819742489271,0.7789695945945946,0.0,"{""y0_a0"": {""n"": 333, ""accuracy"": 0.6546546546546547}, ""y0_a1"": {""n"": 37, ""accuracy"": 0.0}, ""y1_a0"": {""n"": 10, ""accuracy"": 0.7}, ""y1_a1"": {""n"": 86, ""accuracy"": 1.0}}",0.21321292971324304
isic2019,dinov2_b14_518,trapA,3,i2e,test_rev,0.3803668615198549,0.5685779816513762,0.7445945945945946,687,82,553,0.22416302765647744,0.42772626486595444,0.09908256880733946,"{""y0_a0"": {""n"": 60, ""accuracy"": 0.7166666666666667}, ""y0_a1"": {""n"": 545, ""accuracy"": 0.09908256880733946}, ""y1_a0"": {""n"": 74, ""accuracy"": 0.6621621621621622}, ""y1_a1"": {""n"": 8, ""accuracy"": 1.0}}",0.21321292971324304
isic2019,dinov2_b14_518,trapA,3,i2e_balanced,clean,0.771991217236174,,0.771991217236174,431,84,0,0.7308584686774942,0.7065321805955811,,"{""y0_a0"": {""n"": 347, ""accuracy"": 0.7463976945244957}, ""y0_a1"": {""n"": 0, ""accuracy"": NaN}, ""y1_a0"": {""n"": 84, ""accuracy"": 0.6666666666666666}, ""y1_a1"": {""n"": 0, ""accuracy"": NaN}}",0.3525328930537728
isic2019,dinov2_b14_518,trapA,3,i2e_balanced,test_corr,0.8588682432432432,0.7872407291011941,0.8354354354354355,466,96,123,0.7510729613733905,0.7853885135135135,0.5675675675675675,"{""y0_a0"": {""n"": 333, ""accuracy"": 0.7447447447447447}, ""y0_a1"": {""n"": 37, ""accuracy"": 0.5675675675675675}, ""y1_a0"": {""n"": 10, ""accuracy"": 0.9}, ""y1_a1"": {""n"": 86, ""accuracy"": 0.8372093023255814}}",0.3525328930537728
isic2019,dinov2_b14_518,trapA,3,i2e_balanced,test_rev,0.6995766982463213,0.6795871559633028,0.7907657657657657,687,82,553,0.6579330422125182,0.6581939125176376,0.625,"{""y0_a0"": {""n"": 60, ""accuracy"": 0.8166666666666667}, ""y0_a1"": {""n"": 545, ""accuracy"": 0.6403669724770642}, ""y1_a0"": {""n"": 74, ""accuracy"": 0.6621621621621622}, ""y1_a1"": {""n"": 8, ""accuracy"": 0.625}}",0.3525328930537728
isic2019,dinov2_b14_518,trapA,3,i2e_rank1,clean,0.726293399204062,,0.726293399204062,431,84,0,0.642691415313225,0.6608000548922739,,"{""y0_a0"": {""n"": 347, ""accuracy"": 0.6311239193083573}, ""y0_a1"": {""n"": 0, ""accuracy"": NaN}, ""y1_a0"": {""n"": 84, ""accuracy"": 0.6904761904761905}, ""y1_a1"": {""n"": 0, ""accuracy"": NaN}}",0.1410943190671599
isic2019,dinov2_b14_518,trapA,3,i2e_rank1,test_corr,0.9198761261261261,0.7372721558768072,0.7429429429429429,466,96,123,0.6566523605150214,0.7722128378378379,0.05405405405405406,"{""y0_a0"": {""n"": 333, ""accuracy"": 0.6336336336336337}, ""y0_a1"": {""n"": 37, ""accuracy"": 0.05405405405405406}, ""y1_a0"": {""n"": 10, ""accuracy"": 0.8}, ""y1_a1"": {""n"": 86, ""accuracy"": 0.9883720930232558}}",0.1410943190671599
isic2019,dinov2_b14_518,trapA,3,i2e_rank1,test_rev,0.3411812134650272,0.5568807339449542,0.7373873873873873,687,82,553,0.20232896652110627,0.4206006853456964,0.07155963302752294,"{""y0_a0"": {""n"": 60, ""accuracy"": 0.7}, ""y0_a1"": {""n"": 545, ""accuracy"": 0.07155963302752294}, ""y1_a0"": {""n"": 74, ""accuracy"": 0.6756756756756757}, ""y1_a1"": {""n"": 8, ""accuracy"": 1.0}}",0.1410943190671599
isic2019,dinov2_b14_518,trapA,3,insert_aug,clean,0.7230341704405105,,0.7230341704405105,431,84,0,0.679814385150812,0.6387402223137093,,"{""y0_a0"": {""n"": 347, ""accuracy"": 0.7060518731988472}, ""y0_a1"": {""n"": 0, ""accuracy"": NaN}, ""y1_a0"": {""n"": 84, ""accuracy"": 0.5714285714285714}, ""y1_a1"": {""n"": 0, ""accuracy"": NaN}}",0.1762211850855815
isic2019,dinov2_b14_518,trapA,3,insert_aug,test_corr,0.9166666666666666,0.7231301068510371,0.7441441441441442,466,96,123,0.7017167381974249,0.7813063063063063,0.05405405405405406,"{""y0_a0"": {""n"": 333, ""accuracy"": 0.7117117117117117}, ""y0_a1"": {""n"": 37, ""accuracy"": 0.05405405405405406}, ""y1_a0"": {""n"": 10, ""accuracy"": 0.6}, ""y1_a1"": {""n"": 86, ""accuracy"": 0.9534883720930233}}",0.1762211850855815
isic2019,dinov2_b14_518,trapA,3,insert_aug,test_rev,0.355331586373715,0.5853211009174312,0.7238738738738738,687,82,553,0.23435225618631733,0.38080024188671635,0.12844036697247707,"{""y0_a0"": {""n"": 60, ""accuracy"": 0.7333333333333333}, ""y0_a1"": {""n"": 545, ""accuracy"": 0.12844036697247707}, ""y1_a0"": {""n"": 74, ""accuracy"": 0.5405405405405406}, ""y1_a1"": {""n"": 8, ""accuracy"": 0.875}}",0.1762211850855815
isic2019,dinov2_b14_518,trapA,4,erm,clean,0.7866418764302059,,0.7866418764302059,472,92,0,0.7796610169491526,0.65720823798627,,"{""y0_a0"": {""n"": 380, ""accuracy"": 0.8578947368421053}, ""y0_a1"": {""n"": 0, ""accuracy"": NaN}, ""y1_a0"": {""n"": 92, ""accuracy"": 0.45652173913043476}, ""y1_a1"": {""n"": 0, ""accuracy"": NaN}}",0.3126591716425291
isic2019,dinov2_b14_518,trapA,4,erm,test_corr,0.9163690476190477,0.7428571428571429,0.6749811035525322,492,72,107,0.806910569105691,0.8351190476190475,0.14285714285714285,"{""y0_a0"": {""n"": 378, ""accuracy"": 0.8597883597883598}, ""y0_a1"": {""n"": 42, ""accuracy"": 0.21428571428571427}, ""y1_a0"": {""n"": 7, ""accuracy"": 0.14285714285714285}, ""y1_a1"": {""n"": 65, ""accuracy"": 0.9538461538461539}}",0.3126591716425291
isic2019,dinov2_b14_518,trapA,4,erm,test_rev,0.4128484848484848,0.7011648745519713,0.7752629172382258,640,90,505,0.353125,0.41454545454545455,0.2721774193548387,"{""y0_a0"": {""n"": 54, ""accuracy"": 0.8518518518518519}, ""y0_a1"": {""n"": 496, ""accuracy"": 0.2721774193548387}, ""y1_a0"": {""n"": 81, ""accuracy"": 0.4567901234567901}, ""y1_a1"": {""n"": 9, ""accuracy"": 0.8888888888888888}}",0.3126591716425291
isic2019,dinov2_b14_518,trapA,4,prevcal,clean,0.7866418764302059,,0.7866418764302059,472,92,0,0.7796610169491526,0.65720823798627,,"{""y0_a0"": {""n"": 380, ""accuracy"": 0.8578947368421053}, ""y0_a1"": {""n"": 0, ""accuracy"": NaN}, ""y1_a0"": {""n"": 92, ""accuracy"": 0.45652173913043476}, ""y1_a1"": {""n"": 0, ""accuracy"": NaN}}",0.8020895231960519
isic2019,dinov2_b14_518,trapA,4,prevcal,test_corr,0.47539682539682543,0.7428571428571429,0.6749811035525322,492,72,107,0.7621951219512195,0.4924603174603175,0.1076923076923077,"{""y0_a0"": {""n"": 378, ""accuracy"": 0.8597883597883598}, ""y0_a1"": {""n"": 42, ""accuracy"": 1.0}, ""y1_a0"": {""n"": 7, ""accuracy"": 0.14285714285714285}, ""y1_a1"": {""n"": 65, ""accuracy"": 0.1076923076923077}}",0.8020895231960519
isic2019,dinov2_b14_518,trapA,4,prevcal,test_rev,0.9063232323232324,0.7011648745519713,0.7752629172382258,640,90,505,0.9,0.7002020202020202,0.1111111111111111,"{""y0_a0"": {""n"": 54, ""accuracy"": 0.8518518518518519}, ""y0_a1"": {""n"": 496, ""accuracy"": 0.9919354838709677}, ""y1_a0"": {""n"": 81, ""accuracy"": 0.4567901234567901}, ""y1_a1"": {""n"": 9, ""accuracy"": 0.1111111111111111}}",0.8020895231960519
isic2019,dinov2_b14_518,trapA,4,mask,clean,0.7843535469107553,,0.7843535469107553,472,92,0,0.777542372881356,0.6929633867276888,,"{""y0_a0"": {""n"": 380, ""accuracy"": 0.8315789473684211}, ""y0_a1"": {""n"": 0, ""accuracy"": NaN}, ""y1_a0"": {""n"": 92, ""accuracy"": 0.5543478260869565}, ""y1_a1"": {""n"": 0, ""accuracy"": NaN}}",0.37319195695862184
isic2019,dinov2_b14_518,trapA,4,mask,test_corr,0.902281746031746,0.6509157509157509,0.6413454270597128,492,72,107,0.7865853658536586,0.8347222222222223,0.14285714285714285,"{""y0_a0"": {""n"": 378, ""accuracy"": 0.8333333333333334}, ""y0_a1"": {""n"": 42, ""accuracy"": 0.16666666666666666}, ""y1_a0"": {""n"": 7, ""accuracy"": 0.14285714285714285}, ""y1_a1"": {""n"": 65, ""accuracy"": 0.9846153846153847}}",0.37319195695862184
isic2019,dinov2_b14_518,trapA,4,mask,test_rev,0.3390707070707071,0.7063172043010753,0.7903520804755373,640,90,505,0.2921875,0.4116161616161616,0.17943548387096775,"{""y0_a0"": {""n"": 54, ""accuracy"": 0.8518518518518519}, ""y0_a1"": {""n"": 496, ""accuracy"": 0.17943548387096775}, ""y1_a0"": {""n"": 81, ""accuracy"": 0.5308641975308642}, ""y1_a1"": {""n"": 9, ""accuracy"": 1.0}}",0.37319195695862184
isic2019,dinov2_b14_518,trapA,4,inpaint,clean,0.7808066361556065,,0.7808066361556065,472,92,0,0.8072033898305084,0.6413615560640732,,"{""y0_a0"": {""n"": 380, ""accuracy"": 0.9131578947368421}, ""y0_a1"": {""n"": 0, ""accuracy"": NaN}, ""y1_a0"": {""n"": 92, ""accuracy"": 0.3695652173913043}, ""y1_a1"": {""n"": 0, ""accuracy"": NaN}}",0.557296530398932
isic2019,dinov2_b14_518,trapA,4,inpaint,test_corr,0.891170634920635,0.7538461538461539,0.627739984882842,492,72,107,0.8556910569105691,0.7831349206349206,0.14285714285714285,"{""y0_a0"": {""n"": 378, ""accuracy"": 0.9153439153439153}, ""y0_a1"": {""n"": 42, ""accuracy"": 0.6190476190476191}, ""y1_a0"": {""n"": 7, ""accuracy"": 0.14285714285714285}, ""y1_a1"": {""n"": 65, ""accuracy"": 0.7384615384615385}}",0.557296530398932
isic2019,dinov2_b14_518,trapA,4,inpaint,test_rev,0.5718787878787879,0.7161738351254481,0.7780064014631917,640,90,505,0.6578125,0.55,0.37037037037037035,"{""y0_a0"": {""n"": 54, ""accuracy"": 0.9259259259259259}, ""y0_a1"": {""n"": 496, ""accuracy"": 0.6754032258064516}, ""y1_a0"": {""n"": 81, ""accuracy"": 0.37037037037037035}, ""y1_a1"": {""n"": 9, ""accuracy"": 0.6666666666666666}}",0.557296530398932
isic2019,dinov2_b14_518,trapA,4,balanced,clean,0.8168478260869565,,0.8168478260869565,472,92,0,0.7902542372881356,0.7338100686498856,,"{""y0_a0"": {""n"": 380, ""accuracy"": 0.8263157894736842}, ""y0_a1"": {""n"": 0, ""accuracy"": NaN}, ""y1_a0"": {""n"": 92, ""accuracy"": 0.6413043478260869}, ""y1_a1"": {""n"": 0, ""accuracy"": NaN}}",0.423364642819865
isic2019,dinov2_b14_518,trapA,4,balanced,test_corr,0.8511904761904762,0.7871794871794872,0.782312925170068,492,72,107,0.7987804878048781,0.767063492063492,0.42857142857142855,"{""y0_a0"": {""n"": 378, ""accuracy"": 0.828042328042328}, ""y0_a1"": {""n"": 42, ""accuracy"": 0.6666666666666666}, ""y1_a0"": {""n"": 7, ""accuracy"": 0.42857142857142855}, ""y1_a1"": {""n"": 65, ""accuracy"": 0.7538461538461538}}",0.423364642819865
isic2019,dinov2_b14_518,trapA,4,balanced,test_rev,0.7759393939393939,0.693100358422939,0.8168724279835391,640,90,505,0.7609375,0.7168686868686869,0.5555555555555556,"{""y0_a0"": {""n"": 54, ""accuracy"": 0.8333333333333334}, ""y0_a1"": {""n"": 496, ""accuracy"": 0.7721774193548387}, ""y1_a0"": {""n"": 81, ""accuracy"": 0.6666666666666666}, ""y1_a1"": {""n"": 9, ""accuracy"": 0.5555555555555556}}",0.423364642819865
isic2019,dinov2_b14_518,trapA,4,dfr,clean,0.8215675057208238,,0.8215675057208238,472,92,0,0.7817796610169492,0.7244279176201374,,"{""y0_a0"": {""n"": 380, ""accuracy"": 0.8184210526315789}, ""y0_a1"": {""n"": 0, ""accuracy"": NaN}, ""y1_a0"": {""n"": 92, ""accuracy"": 0.6304347826086957}, ""y1_a1"": {""n"": 0, ""accuracy"": NaN}}",0.550912920159987
isic2019,dinov2_b14_518,trapA,4,dfr,test_corr,0.7848214285714286,0.6802197802197802,0.8340891912320484,492,72,107,0.7642276422764228,0.6662698412698413,0.5076923076923077,"{""y0_a0"": {""n"": 378, ""accuracy"": 0.8174603174603174}, ""y0_a1"": {""n"": 42, ""accuracy"": 0.6904761904761905}, ""y1_a0"": {""n"": 7, ""accuracy"": 0.7142857142857143}, ""y1_a1"": {""n"": 65, ""accuracy"": 0.5076923076923077}}",0.550912920159987
isic2019,dinov2_b14_518,trapA,4,dfr,test_rev,0.782,0.7708333333333333,0.8374485596707819,640,90,505,0.75,0.7012121212121212,0.6296296296296297,"{""y0_a0"": {""n"": 54, ""accuracy"": 0.7962962962962963}, ""y0_a1"": {""n"": 496, ""accuracy"": 0.7661290322580645}, ""y1_a0"": {""n"": 81, ""accuracy"": 0.6296296296296297}, ""y1_a1"": {""n"": 9, ""accuracy"": 0.6666666666666666}}",0.550912920159987
isic2019,dinov2_b14_518,trapA,4,leace_paired,clean,0.7853832951945081,,0.7853832951945081,472,92,0,0.7923728813559322,0.6980549199084668,,"{""y0_a0"": {""n"": 380, ""accuracy"": 0.8526315789473684}, ""y0_a1"": {""n"": 0, ""accuracy"": NaN}, ""y1_a0"": {""n"": 92, ""accuracy"": 0.5434782608695652}, ""y1_a1"": {""n"": 0, ""accuracy"": NaN}}",0.3379237697180253
isic2019,dinov2_b14_518,trapA,4,leace_paired,test_corr,0.9015873015873016,0.761904761904762,0.6235827664399094,492,72,107,0.8048780487804879,0.8281746031746031,0.14285714285714285,"{""y0_a0"": {""n"": 378, ""accuracy"": 0.8544973544973545}, ""y0_a1"": {""n"": 42, ""accuracy"": 0.2619047619047619}, ""y1_a0"": {""n"": 7, ""accuracy"": 0.14285714285714285}, ""y1_a1"": {""n"": 65, ""accuracy"": 0.9384615384615385}}",0.3379237697180253
isic2019,dinov2_b14_518,trapA,4,leace_paired,test_rev,0.5338787878787878,0.7211021505376344,0.7846364883401921,640,90,505,0.4640625,0.5023232323232323,0.40524193548387094,"{""y0_a0"": {""n"": 54, ""accuracy"": 0.8518518518518519}, ""y0_a1"": {""n"": 496, ""accuracy"": 0.40524193548387094}, ""y1_a0"": {""n"": 81, ""accuracy"": 0.5308641975308642}, ""y1_a1"": {""n"": 9, ""accuracy"": 0.7777777777777778}}",0.3379237697180253
isic2019,dinov2_b14_518,trapA,4,leace_unpaired,clean,0.810812356979405,,0.810812356979405,472,92,0,0.684322033898305,0.7380434782608696,,"{""y0_a0"": {""n"": 380, ""accuracy"": 0.65}, ""y0_a1"": {""n"": 0, ""accuracy"": NaN}, ""y1_a0"": {""n"": 92, ""accuracy"": 0.8260869565217391}, ""y1_a1"": {""n"": 0, ""accuracy"": NaN}}",0.5068408936438392
isic2019,dinov2_b14_518,trapA,4,leace_unpaired,test_corr,0.5982142857142857,0.7234432234432234,0.7739984882842026,492,72,107,0.6402439024390244,0.5821428571428571,0.47692307692307695,"{""y0_a0"": {""n"": 378, ""accuracy"": 0.6507936507936508}, ""y0_a1"": {""n"": 42, ""accuracy"": 0.7857142857142857}, ""y1_a0"": {""n"": 7, ""accuracy"": 0.7142857142857143}, ""y1_a1"": {""n"": 65, ""accuracy"": 0.47692307692307695}}",0.5068408936438392
isic2019,dinov2_b14_518,trapA,4,leace_unpaired,test_rev,0.9124444444444445,0.7385752688172043,0.8065843621399176,640,90,505,0.859375,0.8345454545454546,0.3333333333333333,"{""y0_a0"": {""n"": 54, ""accuracy"": 0.6296296296296297}, ""y0_a1"": {""n"": 496, ""accuracy"": 0.8951612903225806}, ""y1_a0"": {""n"": 81, ""accuracy"": 0.8518518518518519}, ""y1_a1"": {""n"": 9, ""accuracy"": 0.3333333333333333}}",0.5068408936438392
isic2019,dinov2_b14_518,trapA,4,i2e,clean,0.74279176201373,,0.74279176201373,472,92,0,0.7711864406779662,0.6890160183066362,,"{""y0_a0"": {""n"": 380, ""accuracy"": 0.8236842105263158}, ""y0_a1"": {""n"": 0, ""accuracy"": NaN}, ""y1_a0"": {""n"": 92, ""accuracy"": 0.5543478260869565}, ""y1_a1"": {""n"": 0, ""accuracy"": NaN}}",0.498827586739135
isic2019,dinov2_b14_518,trapA,4,i2e,test_corr,0.896660052910053,0.7578754578754578,0.5687830687830687,492,72,107,0.7967479674796748,0.8464285714285714,0.3333333333333333,"{""y0_a0"": {""n"": 378, ""accuracy"": 0.8253968253968254}, ""y0_a1"": {""n"": 42, ""accuracy"": 0.3333333333333333}, ""y1_a0"": {""n"": 7, ""accuracy"": 0.42857142857142855}, ""y1_a1"": {""n"": 65, ""accuracy"": 0.9692307692307692}}",0.498827586739135
isic2019,dinov2_b14_518,trapA,4,i2e,test_rev,0.5127474747474747,0.8104838709677419,0.7238225880201189,640,90,505,0.421875,0.48707070707070704,0.3487903225806452,"{""y0_a0"": {""n"": 54, ""accuracy"": 0.8333333333333334}, ""y0_a1"": {""n"": 496, ""accuracy"": 0.3487903225806452}, ""y1_a0"": {""n"": 81, ""accuracy"": 0.5432098765432098}, ""y1_a1"": {""n"": 9, ""accuracy"": 0.8888888888888888}}",0.498827586739135
isic2019,dinov2_b14_518,trapA,4,i2e_balanced,clean,0.7650743707093822,,0.7650743707093822,472,92,0,0.6885593220338984,0.6706521739130434,,"{""y0_a0"": {""n"": 380, ""accuracy"": 0.7}, ""y0_a1"": {""n"": 0, ""accuracy"": NaN}, ""y1_a0"": {""n"": 92, ""accuracy"": 0.6413043478260869}, ""y1_a1"": {""n"": 0, ""accuracy"": NaN}}",0.46050499449795357
isic2019,dinov2_b14_518,trapA,4,i2e_balanced,test_corr,0.7921296296296296,0.7611721611721611,0.7048374905517762,492,72,107,0.6971544715447154,0.7075396825396825,0.5714285714285714,"{""y0_a0"": {""n"": 378, ""accuracy"": 0.701058201058201}, ""y0_a1"": {""n"": 42, ""accuracy"": 0.6190476190476191}, ""y1_a0"": {""n"": 7, ""accuracy"": 0.5714285714285714}, ""y1_a1"": {""n"": 65, ""accuracy"": 0.7384615384615385}}",0.46050499449795357
isic2019,dinov2_b14_518,trapA,4,i2e_balanced,test_rev,0.7785656565656565,0.8035394265232976,0.7661179698216736,640,90,505,0.7140625,0.6988888888888889,0.6666666666666666,"{""y0_a0"": {""n"": 54, ""accuracy"": 0.6666666666666666}, ""y0_a1"": {""n"": 496, ""accuracy"": 0.7258064516129032}, ""y1_a0"": {""n"": 81, ""accuracy"": 0.6666666666666666}, ""y1_a1"": {""n"": 9, ""accuracy"": 0.7777777777777778}}",0.46050499449795357
isic2019,dinov2_b14_518,trapA,4,i2e_rank1,clean,0.7858695652173914,,0.7858695652173914,472,92,0,0.7796610169491526,0.6489702517162471,,"{""y0_a0"": {""n"": 380, ""accuracy"": 0.8631578947368421}, ""y0_a1"": {""n"": 0, ""accuracy"": NaN}, ""y1_a0"": {""n"": 92, ""accuracy"": 0.43478260869565216}, ""y1_a1"": {""n"": 0, ""accuracy"": NaN}}",0.3247698033874091
isic2019,dinov2_b14_518,trapA,4,i2e_rank1,test_corr,0.9169973544973545,0.7454212454212454,0.6783824640967498,492,72,107,0.8130081300813008,0.8386904761904762,0.14285714285714285,"{""y0_a0"": {""n"": 378, ""accuracy"": 0.8650793650793651}, ""y0_a1"": {""n"": 42, ""accuracy"": 0.23809523809523808}, ""y1_a0"": {""n"": 7, ""accuracy"": 0.14285714285714285}, ""y1_a1"": {""n"": 65, ""accuracy"": 0.9538461538461539}}",0.3247698033874091
isic2019,dinov2_b14_518,trapA,4,i2e_rank1,test_rev,0.41153535353535353,0.6995967741935484,0.773891175125743,640,90,505,0.3515625,0.408989898989899,0.2721774193548387,"{""y0_a0"": {""n"": 54, ""accuracy"": 0.8518518518518519}, ""y0_a1"": {""n"": 496, ""accuracy"": 0.2721774193548387}, ""y1_a0"": {""n"": 81, ""accuracy"": 0.4444444444444444}, ""y1_a1"": {""n"": 9, ""accuracy"": 0.8888888888888888}}",0.3247698033874091
isic2019,dinov2_b14_518,trapA,4,insert_aug,clean,0.7760869565217393,,0.7760869565217393,472,92,0,0.8135593220338984,0.665903890160183,,"{""y0_a0"": {""n"": 380, ""accuracy"": 0.9078947368421053}, ""y0_a1"": {""n"": 0, ""accuracy"": NaN}, ""y1_a0"": {""n"": 92, ""accuracy"": 0.42391304347826086}, ""y1_a1"": {""n"": 0, ""accuracy"": NaN}}",0.39533573518839704
isic2019,dinov2_b14_518,trapA,4,insert_aug,test_corr,0.9154761904761904,0.7655677655677656,0.6326530612244898,492,72,107,0.8556910569105691,0.8636904761904762,0.14285714285714285,"{""y0_a0"": {""n"": 378, ""accuracy"": 0.91005291005291}, ""y0_a1"": {""n"": 42, ""accuracy"": 0.3333333333333333}, ""y1_a0"": {""n"": 7, ""accuracy"": 0.14285714285714285}, ""y1_a1"": {""n"": 65, ""accuracy"": 0.9538461538461539}}",0.39533573518839704
isic2019,dinov2_b14_518,trapA,4,insert_aug,test_rev,0.4481818181818182,0.7291666666666666,0.762002743484225,640,90,505,0.4265625,0.44333333333333336,0.3689516129032258,"{""y0_a0"": {""n"": 54, ""accuracy"": 0.8888888888888888}, ""y0_a1"": {""n"": 496, ""accuracy"": 0.3689516129032258}, ""y1_a0"": {""n"": 81, ""accuracy"": 0.41975308641975306}, ""y1_a1"": {""n"": 9, ""accuracy"": 0.8888888888888888}}",0.39533573518839704
isic2019,dinov2_b14_518,trapB,0,erm,clean,0.7769465225824328,,0.7769465225824328,482,81,0,0.7053941908713693,0.7096456389889474,,"{""y0_a0"": {""n"": 401, ""accuracy"": 0.7032418952618454}, ""y0_a1"": {""n"": 0, ""accuracy"": NaN}, ""y1_a0"": {""n"": 81, ""accuracy"": 0.7160493827160493}, ""y1_a1"": {""n"": 0, ""accuracy"": NaN}}",0.18936295858619737
isic2019,dinov2_b14_518,trapB,0,erm,test_corr,0.9236468269252555,0.7307692307692308,0.7580152671755724,538,101,135,0.7044609665427509,0.8028524820445431,0.1590909090909091,"{""y0_a0"": {""n"": 393, ""accuracy"": 0.6997455470737913}, ""y0_a1"": {""n"": 44, ""accuracy"": 0.1590909090909091}, ""y1_a0"": {""n"": 10, ""accuracy"": 0.7}, ""y1_a1"": {""n"": 91, ""accuracy"": 0.989010989010989}}",0.18936295858619737
isic2019,dinov2_b14_518,trapB,0,erm,test_rev,0.39542410714285714,0.6847718253968255,0.8035714285714286,640,80,512,0.2625,0.4607142857142857,0.13095238095238096,"{""y0_a0"": {""n"": 56, ""accuracy"": 0.7857142857142857}, ""y0_a1"": {""n"": 504, ""accuracy"": 0.13095238095238096}, ""y1_a0"": {""n"": 72, ""accuracy"": 0.6944444444444444}, ""y1_a1"": {""n"": 8, ""accuracy"": 1.0}}",0.18936295858619737
isic2019,dinov2_b14_518,trapB,0,prevcal,clean,0.7769465225824328,,0.7769465225824328,482,81,0,0.7053941908713693,0.7096456389889474,,"{""y0_a0"": {""n"": 401, ""accuracy"": 0.7032418952618454}, ""y0_a1"": {""n"": 0, ""accuracy"": NaN}, ""y1_a0"": {""n"": 81, ""accuracy"": 0.7160493827160493}, ""y1_a1"": {""n"": 0, ""accuracy"": NaN}}",0.6782822373535101
isic2019,dinov2_b14_518,trapB,0,prevcal,test_corr,0.44660942066746717,0.7307692307692308,0.7580152671755724,538,101,135,0.637546468401487,0.4876067698303011,0.1978021978021978,"{""y0_a0"": {""n"": 393, ""accuracy"": 0.6997455470737913}, ""y0_a1"": {""n"": 44, ""accuracy"": 0.9772727272727273}, ""y1_a0"": {""n"": 10, ""accuracy"": 0.7}, ""y1_a1"": {""n"": 91, ""accuracy"": 0.1978021978021978}}",0.6782822373535101
isic2019,dinov2_b14_518,trapB,0,prevcal,test_rev,0.8852232142857144,0.6847718253968255,0.8035714285714286,640,80,512,0.8859375,0.7848214285714286,0.25,"{""y0_a0"": {""n"": 56, ""accuracy"": 0.7857142857142857}, ""y0_a1"": {""n"": 504, ""accuracy"": 0.9345238095238095}, ""y1_a0"": {""n"": 72, ""accuracy"": 0.6944444444444444}, ""y1_a1"": {""n"": 8, ""accuracy"": 0.25}}",0.6782822373535101
isic2019,dinov2_b14_518,trapB,0,mask,clean,0.7470213355500138,,0.7470213355500138,482,81,0,0.7136929460580913,0.7146331701610171,,"{""y0_a0"": {""n"": 401, ""accuracy"": 0.713216957605985}, ""y0_a1"": {""n"": 0, ""accuracy"": NaN}, ""y1_a0"": {""n"": 81, ""accuracy"": 0.7160493827160493}, ""y1_a1"": {""n"": 0, ""accuracy"": NaN}}",0.3365553921887134
isic2019,dinov2_b14_518,trapB,0,mask,test_corr,0.8208532523732922,0.6523476523476524,0.6409669211195929,538,101,135,0.6933085501858736,0.7198608876905997,0.36363636363636365,"{""y0_a0"": {""n"": 393, ""accuracy"": 0.712468193384224}, ""y0_a1"": {""n"": 44, ""accuracy"": 0.36363636363636365}, ""y1_a0"": {""n"": 10, ""accuracy"": 0.5}, ""y1_a1"": {""n"": 91, ""accuracy"": 0.7912087912087912}}",0.3365553921887134
isic2019,dinov2_b14_518,trapB,0,mask,test_rev,0.556875,0.5421626984126984,0.7688492063492063,640,80,512,0.45625,0.55,0.3869047619047619,"{""y0_a0"": {""n"": 56, ""accuracy"": 0.7678571428571429}, ""y0_a1"": {""n"": 504, ""accuracy"": 0.3869047619047619}, ""y1_a0"": {""n"": 72, ""accuracy"": 0.6944444444444444}, ""y1_a1"": {""n"": 8, ""accuracy"": 0.5}}",0.3365553921887134
isic2019,dinov2_b14_518,trapB,0,inpaint,clean,0.7092761922354607,,0.7092761922354607,482,81,0,0.7240663900414938,0.6666820602813952,,"{""y0_a0"": {""n"": 401, ""accuracy"": 0.7531172069825436}, ""y0_a1"": {""n"": 0, ""accuracy"": NaN}, ""y1_a0"": {""n"": 81, ""accuracy"": 0.5802469135802469}, ""y1_a1"": {""n"": 0, ""accuracy"": NaN}}",0.4262679975682656
isic2019,dinov2_b14_518,trapB,0,inpaint,test_corr,0.8670729773206153,0.685064935064935,0.7030534351145038,538,101,135,0.7360594795539034,0.7842399800620794,0.29545454545454547,"{""y0_a0"": {""n"": 393, ""accuracy"": 0.7531806615776081}, ""y0_a1"": {""n"": 44, ""accuracy"": 0.29545454545454547}, ""y1_a0"": {""n"": 10, ""accuracy"": 0.6}, ""y1_a1"": {""n"": 91, ""accuracy"": 0.8901098901098901}}",0.4262679975682656
isic2019,dinov2_b14_518,trapB,0,inpaint,test_rev,0.4803348214285714,0.7375992063492064,0.7343749999999999,640,80,512,0.4046875,0.49375,0.3253968253968254,"{""y0_a0"": {""n"": 56, ""accuracy"": 0.8214285714285714}, ""y0_a1"": {""n"": 504, ""accuracy"": 0.3253968253968254}, ""y1_a0"": {""n"": 72, ""accuracy"": 0.5833333333333334}, ""y1_a1"": {""n"": 8, ""accuracy"": 0.875}}",0.4262679975682656
isic2019,dinov2_b14_518,trapB,0,balanced,clean,0.7359687201748714,,0.7359687201748714,482,81,0,0.6639004149377593,0.6699301129891322,,"{""y0_a0"": {""n"": 401, ""accuracy"": 0.6608478802992519}, ""y0_a1"": {""n"": 0, ""accuracy"": NaN}, ""y1_a0"": {""n"": 81, ""accuracy"": 0.6790123456790124}, ""y1_a1"": {""n"": 0, ""accuracy"": NaN}}",0.5050413804915955
isic2019,dinov2_b14_518,trapB,0,balanced,test_corr,0.6313750368171829,0.6825674325674326,0.8254452926208651,538,101,135,0.6301115241635687,0.5743820377461086,0.4725274725274725,"{""y0_a0"": {""n"": 393, ""accuracy"": 0.6590330788804071}, ""y0_a1"": {""n"": 44, ""accuracy"": 0.7045454545454546}, ""y1_a0"": {""n"": 10, ""accuracy"": 0.6}, ""y1_a1"": {""n"": 91, ""accuracy"": 0.4725274725274725}}",0.5050413804915955
isic2019,dinov2_b14_518,trapB,0,balanced,test_rev,0.7919196428571429,0.7428075396825397,0.7653769841269842,640,80,512,0.7359375,0.69375,0.5,"{""y0_a0"": {""n"": 56, ""accuracy"": 0.6964285714285714}, ""y0_a1"": {""n"": 504, ""accuracy"": 0.7559523809523809}, ""y1_a0"": {""n"": 72, ""accuracy"": 0.6527777777777778}, ""y1_a1"": {""n"": 8, ""accuracy"": 0.5}}",0.5050413804915955
isic2019,dinov2_b14_518,trapB,0,dfr,clean,0.7293186786121117,,0.7293186786121117,482,81,0,0.7261410788381742,0.6432991595086358,,"{""y0_a0"": {""n"": 401, ""accuracy"": 0.7680798004987531}, ""y0_a1"": {""n"": 0, ""accuracy"": NaN}, ""y1_a0"": {""n"": 81, ""accuracy"": 0.5185185185185185}, ""y1_a1"": {""n"": 0, ""accuracy"": NaN}}",0.5466118442910842
isic2019,dinov2_b14_518,trapB,0,dfr,test_corr,0.687314498040193,0.718031968031968,0.8111959287531807,538,101,135,0.7100371747211895,0.6007431406756236,0.3956043956043956,"{""y0_a0"": {""n"": 393, ""accuracy"": 0.7659033078880407}, ""y0_a1"": {""n"": 44, ""accuracy"": 0.8636363636363636}, ""y1_a0"": {""n"": 10, ""accuracy"": 0.7}, ""y1_a1"": {""n"": 91, ""accuracy"": 0.3956043956043956}}",0.5466118442910842
isic2019,dinov2_b14_518,trapB,0,dfr,test_rev,0.7537276785714284,0.7430555555555556,0.7800099206349207,640,80,512,0.796875,0.675,0.5,"{""y0_a0"": {""n"": 56, ""accuracy"": 0.8392857142857143}, ""y0_a1"": {""n"": 504, ""accuracy"": 0.8373015873015873}, ""y1_a0"": {""n"": 72, ""accuracy"": 0.5138888888888888}, ""y1_a1"": {""n"": 8, ""accuracy"": 0.5}}",0.5466118442910842
isic2019,dinov2_b14_518,trapB,0,leace_paired,clean,0.7054893630122225,,0.7054893630122225,482,81,0,0.6867219917012448,0.6688679535728579,,"{""y0_a0"": {""n"": 401, ""accuracy"": 0.6957605985037406}, ""y0_a1"": {""n"": 0, ""accuracy"": NaN}, ""y1_a0"": {""n"": 81, ""accuracy"": 0.6419753086419753}, ""y1_a1"": {""n"": 0, ""accuracy"": NaN}}",0.3677406282884169
isic2019,dinov2_b14_518,trapB,0,leace_paired,test_corr,0.8779935201758162,0.7327672327672328,0.7007633587786259,538,101,135,0.6970260223048327,0.7678251806874051,0.29545454545454547,"{""y0_a0"": {""n"": 393, ""accuracy"": 0.6946564885496184}, ""y0_a1"": {""n"": 44, ""accuracy"": 0.29545454545454547}, ""y1_a0"": {""n"": 10, ""accuracy"": 0.6}, ""y1_a1"": {""n"": 91, ""accuracy"": 0.9120879120879121}}",0.3677406282884169
isic2019,dinov2_b14_518,trapB,0,leace_paired,test_rev,0.46562499999999996,0.767609126984127,0.7331349206349206,640,80,512,0.3578125,0.4830357142857143,0.2638888888888889,"{""y0_a0"": {""n"": 56, ""accuracy"": 0.7857142857142857}, ""y0_a1"": {""n"": 504, ""accuracy"": 0.2638888888888889}, ""y1_a0"": {""n"": 72, ""accuracy"": 0.625}, ""y1_a1"": {""n"": 8, ""accuracy"": 0.875}}",0.3677406282884169
isic2019,dinov2_b14_518,trapB,0,leace_unpaired,clean,0.7106000431021212,,0.7106000431021212,482,81,0,0.6763485477178424,0.6577075828946153,,"{""y0_a0"": {""n"": 401, ""accuracy"": 0.685785536159601}, ""y0_a1"": {""n"": 0, ""accuracy"": NaN}, ""y1_a0"": {""n"": 81, ""accuracy"": 0.6296296296296297}, ""y1_a1"": {""n"": 0, ""accuracy"": NaN}}",0.5140089963832497
isic2019,dinov2_b14_518,trapB,0,leace_unpaired,test_corr,0.5523257131205112,0.663086913086913,0.8297709923664123,538,101,135,0.6598513011152416,0.5888823436119355,0.4175824175824176,"{""y0_a0"": {""n"": 393, ""accuracy"": 0.6819338422391857}, ""y0_a1"": {""n"": 44, ""accuracy"": 0.8863636363636364}, ""y1_a0"": {""n"": 10, ""accuracy"": 1.0}, ""y1_a1"": {""n"": 91, ""accuracy"": 0.4175824175824176}}",0.5140089963832497
isic2019,dinov2_b14_518,trapB,0,leace_unpaired,test_rev,0.8118526785714285,0.7410714285714285,0.7547123015873016,640,80,512,0.79375,0.7107142857142856,0.375,"{""y0_a0"": {""n"": 56, ""accuracy"": 0.75}, ""y0_a1"": {""n"": 504, ""accuracy"": 0.8293650793650794}, ""y1_a0"": {""n"": 72, ""accuracy"": 0.625}, ""y1_a1"": {""n"": 8, ""accuracy"": 0.375}}",0.5140089963832497
isic2019,dinov2_b14_518,trapB,0,i2e,clean,0.7557341214864074,,0.7557341214864074,482,81,0,0.6639004149377593,0.6994858532680643,,"{""y0_a0"": {""n"": 401, ""accuracy"": 0.6458852867830424}, ""y0_a1"": {""n"": 0, ""accuracy"": NaN}, ""y1_a0"": {""n"": 81, ""accuracy"": 0.7530864197530864}, ""y1_a1"": {""n"": 0, ""accuracy"": NaN}}",0.2379379677274772
isic2019,dinov2_b14_518,trapB,0,i2e,test_corr,0.9081043115753222,0.7187812187812188,0.6704834605597964,538,101,135,0.6617100371747212,0.7765366925708589,0.11363636363636363,"{""y0_a0"": {""n"": 393, ""accuracy"": 0.6463104325699746}, ""y0_a1"": {""n"": 44, ""accuracy"": 0.11363636363636363}, ""y1_a0"": {""n"": 10, ""accuracy"": 0.6}, ""y1_a1"": {""n"": 91, ""accuracy"": 1.0}}",0.2379379677274772
isic2019,dinov2_b14_518,trapB,0,i2e,test_rev,0.44756696428571424,0.7291666666666667,0.7822420634920635,640,80,512,0.265625,0.47857142857142854,0.1349206349206349,"{""y0_a0"": {""n"": 56, ""accuracy"": 0.7321428571428571}, ""y0_a1"": {""n"": 504, ""accuracy"": 0.1349206349206349}, ""y1_a0"": {""n"": 72, ""accuracy"": 0.7361111111111112}, ""y1_a1"": {""n"": 8, ""accuracy"": 1.0}}",0.2379379677274772
isic2019,dinov2_b14_518,trapB,0,i2e_balanced,clean,0.8015147316892952,,0.8015147316892952,482,81,0,0.6576763485477178,0.7253009451679444,,"{""y0_a0"": {""n"": 401, ""accuracy"": 0.6234413965087282}, ""y0_a1"": {""n"": 0, ""accuracy"": NaN}, ""y1_a0"": {""n"": 81, ""accuracy"": 0.8271604938271605}, ""y1_a1"": {""n"": 0, ""accuracy"": NaN}}",0.3031419493159208
isic2019,dinov2_b14_518,trapB,0,i2e_balanced,test_corr,0.8246822393909871,0.7502497502497503,0.7338422391857505,538,101,135,0.654275092936803,0.7338967306341618,0.4772727272727273,"{""y0_a0"": {""n"": 393, ""accuracy"": 0.6208651399491094}, ""y0_a1"": {""n"": 44, ""accuracy"": 0.4772727272727273}, ""y1_a0"": {""n"": 10, ""accuracy"": 0.7}, ""y1_a1"": {""n"": 91, ""accuracy"": 0.8791208791208791}}",0.3031419493159208
isic2019,dinov2_b14_518,trapB,0,i2e_balanced,test_rev,0.7215848214285715,0.777529761904762,0.8231646825396826,640,80,512,0.5171875,0.64375,0.45436507936507936,"{""y0_a0"": {""n"": 56, ""accuracy"": 0.6607142857142857}, ""y0_a1"": {""n"": 504, ""accuracy"": 0.45436507936507936}, ""y1_a0"": {""n"": 72, ""accuracy"": 0.8055555555555556}, ""y1_a1"": {""n"": 8, ""accuracy"": 0.875}}",0.3031419493159208
isic2019,dinov2_b14_518,trapB,0,i2e_rank1,clean,0.7654936732243466,,0.7654936732243466,482,81,0,0.7033195020746889,0.7133247129090854,,"{""y0_a0"": {""n"": 401, ""accuracy"": 0.6982543640897756}, ""y0_a1"": {""n"": 0, ""accuracy"": NaN}, ""y1_a0"": {""n"": 81, ""accuracy"": 0.7283950617283951}, ""y1_a1"": {""n"": 0, ""accuracy"": NaN}}",0.1840775097719209
isic2019,dinov2_b14_518,trapB,0,i2e_rank1,test_corr,0.9218342886920271,0.729020979020979,0.7498727735368957,538,101,135,0.6970260223048327,0.794469492715862,0.13636363636363635,"{""y0_a0"": {""n"": 393, ""accuracy"": 0.6946564885496184}, ""y0_a1"": {""n"": 44, ""accuracy"": 0.13636363636363635}, ""y1_a0"": {""n"": 10, ""accuracy"": 0.7}, ""y1_a1"": {""n"": 91, ""accuracy"": 0.978021978021978}}",0.1840775097719209
isic2019,dinov2_b14_518,trapB,0,i2e_rank1,test_rev,0.3890625,0.6909722222222222,0.7844742063492063,640,80,512,0.2625,0.4660714285714286,0.13293650793650794,"{""y0_a0"": {""n"": 56, ""accuracy"": 0.75}, ""y0_a1"": {""n"": 504, ""accuracy"": 0.13293650793650794}, ""y1_a0"": {""n"": 72, ""accuracy"": 0.7083333333333334}, ""y1_a1"": {""n"": 8, ""accuracy"": 1.0}}",0.1840775097719209
isic2019,dinov2_b14_518,trapB,0,insert_aug,clean,0.7835657769157354,,0.7835657769157354,482,81,0,0.7323651452282157,0.7307810720113297,,"{""y0_a0"": {""n"": 401, ""accuracy"": 0.7331670822942643}, ""y0_a1"": {""n"": 0, ""accuracy"": NaN}, ""y1_a0"": {""n"": 81, ""accuracy"": 0.7283950617283951}, ""y1_a1"": {""n"": 0, ""accuracy"": NaN}}",0.1851626046230925
isic2019,dinov2_b14_518,trapB,0,insert_aug,test_corr,0.9240999614835624,0.7290209790209791,0.7524173027989821,538,101,135,0.7230483271375465,0.806681469062238,0.1590909090909091,"{""y0_a0"": {""n"": 393, ""accuracy"": 0.7302798982188295}, ""y0_a1"": {""n"": 44, ""accuracy"": 0.1590909090909091}, ""y1_a0"": {""n"": 10, ""accuracy"": 0.6}, ""y1_a1"": {""n"": 91, ""accuracy"": 0.978021978021978}}",0.1851626046230925
isic2019,dinov2_b14_518,trapB,0,insert_aug,test_rev,0.41426339285714286,0.689236111111111,0.8090277777777778,640,80,512,0.278125,0.47500000000000003,0.1488095238095238,"{""y0_a0"": {""n"": 56, ""accuracy"": 0.7857142857142857}, ""y0_a1"": {""n"": 504, ""accuracy"": 0.1488095238095238}, ""y1_a0"": {""n"": 72, ""accuracy"": 0.7222222222222222}, ""y1_a1"": {""n"": 8, ""accuracy"": 0.875}}",0.1851626046230925
isic2019,dinov2_b14_518,trapB,1,erm,clean,0.7208820581356499,,0.7208820581356499,447,82,0,0.7718120805369127,0.6711660541262947,,"{""y0_a0"": {""n"": 365, ""accuracy"": 0.8301369863013699}, ""y0_a1"": {""n"": 0, ""accuracy"": NaN}, ""y1_a0"": {""n"": 82, ""accuracy"": 0.5121951219512195}, ""y1_a1"": {""n"": 0, ""accuracy"": NaN}}",0.30428412636352903
isic2019,dinov2_b14_518,trapB,1,erm,test_corr,0.9325837106323698,0.7405521307960332,0.7179271708683473,499,101,132,0.7955911823647295,0.8496940146275933,0.12195121951219512,"{""y0_a0"": {""n"": 357, ""accuracy"": 0.8319327731092437}, ""y0_a1"": {""n"": 41, ""accuracy"": 0.12195121951219512}, ""y1_a0"": {""n"": 10, ""accuracy"": 0.6}, ""y1_a1"": {""n"": 91, ""accuracy"": 0.978021978021978}}",0.30428412636352903
isic2019,dinov2_b14_518,trapB,1,erm,test_rev,0.32367160278745644,0.6661821705426356,0.6527777777777778,654,80,524,0.24464831804281345,0.3760452961672474,0.14147286821705427,"{""y0_a0"": {""n"": 58, ""accuracy"": 0.7413793103448276}, ""y0_a1"": {""n"": 516, ""accuracy"": 0.14147286821705427}, ""y1_a0"": {""n"": 72, ""accuracy"": 0.5}, ""y1_a1"": {""n"": 8, ""accuracy"": 1.0}}",0.30428412636352903
isic2019,dinov2_b14_518,trapB,1,prevcal,clean,0.7208820581356499,,0.7208820581356499,447,82,0,0.7718120805369127,0.6711660541262947,,"{""y0_a0"": {""n"": 365, ""accuracy"": 0.8301369863013699}, ""y0_a1"": {""n"": 0, ""accuracy"": NaN}, ""y1_a0"": {""n"": 82, ""accuracy"": 0.5121951219512195}, ""y1_a1"": {""n"": 0, ""accuracy"": NaN}}",0.8056071216821008
isic2019,dinov2_b14_518,trapB,1,prevcal,test_corr,0.5165431115975919,0.7405521307960332,0.7179271708683473,499,101,132,0.7074148296593187,0.5025747549629335,0.10989010989010989,"{""y0_a0"": {""n"": 357, ""accuracy"": 0.8319327731092437}, ""y0_a1"": {""n"": 41, ""accuracy"": 0.975609756097561}, ""y1_a0"": {""n"": 10, ""accuracy"": 0.6}, ""y1_a1"": {""n"": 91, ""accuracy"": 0.10989010989010989}}",0.8056071216821008
isic2019,dinov2_b14_518,trapB,1,prevcal,test_rev,0.8488458188153309,0.6661821705426356,0.6527777777777778,654,80,524,0.8929663608562691,0.7023519163763067,0.0,"{""y0_a0"": {""n"": 58, ""accuracy"": 0.7413793103448276}, ""y0_a1"": {""n"": 516, ""accuracy"": 0.9786821705426356}, ""y1_a0"": {""n"": 72, ""accuracy"": 0.5}, ""y1_a1"": {""n"": 8, ""accuracy"": 0.0}}",0.8056071216821008
isic2019,dinov2_b14_518,trapB,1,mask,clean,0.7634146341463414,,0.7634146341463414,447,82,0,0.7360178970917226,0.6870698296024056,,"{""y0_a0"": {""n"": 365, ""accuracy"": 0.7643835616438356}, ""y0_a1"": {""n"": 0, ""accuracy"": NaN}, ""y1_a0"": {""n"": 82, ""accuracy"": 0.6097560975609756}, ""y1_a1"": {""n"": 0, ""accuracy"": NaN}}",0.35371710483726565
isic2019,dinov2_b14_518,trapB,1,mask,test_corr,0.8897208816359022,0.7445725006700616,0.8512605042016806,499,101,132,0.749498997995992,0.794940046768496,0.3170731707317073,"{""y0_a0"": {""n"": 357, ""accuracy"": 0.7647058823529411}, ""y0_a1"": {""n"": 41, ""accuracy"": 0.3170731707317073}, ""y1_a0"": {""n"": 10, ""accuracy"": 0.7}, ""y1_a1"": {""n"": 91, ""accuracy"": 0.8901098901098901}}",0.35371710483726565
isic2019,dinov2_b14_518,trapB,1,mask,test_rev,0.5273519163763066,0.7470930232558141,0.7485632183908046,654,80,524,0.38685015290519875,0.4947081881533101,0.313953488372093,"{""y0_a0"": {""n"": 58, ""accuracy"": 0.6896551724137931}, ""y0_a1"": {""n"": 516, ""accuracy"": 0.313953488372093}, ""y1_a0"": {""n"": 72, ""accuracy"": 0.6111111111111112}, ""y1_a1"": {""n"": 8, ""accuracy"": 0.875}}",0.35371710483726565
isic2019,dinov2_b14_518,trapB,1,inpaint,clean,0.7325425993985967,,0.7325425993985967,447,82,0,0.7136465324384788,0.6733711994654192,,"{""y0_a0"": {""n"": 365, ""accuracy"": 0.736986301369863}, ""y0_a1"": {""n"": 0, ""accuracy"": NaN}, ""y1_a0"": {""n"": 82, ""accuracy"": 0.6097560975609756}, ""y1_a1"": {""n"": 0, ""accuracy"": NaN}}",0.43384283032072546
isic2019,dinov2_b14_518,trapB,1,inpaint,test_corr,0.890492064281805,0.7322433663897079,0.7308123249299721,499,101,132,0.7234468937875751,0.7712199611920991,0.2682926829268293,"{""y0_a0"": {""n"": 357, ""accuracy"": 0.7394957983193278}, ""y0_a1"": {""n"": 41, ""accuracy"": 0.2682926829268293}, ""y1_a0"": {""n"": 10, ""accuracy"": 0.4}, ""y1_a1"": {""n"": 91, ""accuracy"": 0.9010989010989011}}",0.43384283032072546
isic2019,dinov2_b14_518,trapB,1,inpaint,test_rev,0.43155487804878045,0.5443313953488372,0.678639846743295,654,80,524,0.3318042813455658,0.4418336236933798,0.25,"{""y0_a0"": {""n"": 58, ""accuracy"": 0.7068965517241379}, ""y0_a1"": {""n"": 516, ""accuracy"": 0.25}, ""y1_a0"": {""n"": 72, ""accuracy"": 0.5833333333333334}, ""y1_a1"": {""n"": 8, ""accuracy"": 0.625}}",0.43384283032072546
isic2019,dinov2_b14_518,trapB,1,balanced,clean,0.7918476445038424,,0.7918476445038424,447,82,0,0.7695749440715883,0.7218008686936184,,"{""y0_a0"": {""n"": 365, ""accuracy"": 0.7972602739726027}, ""y0_a1"": {""n"": 0, ""accuracy"": NaN}, ""y1_a0"": {""n"": 82, ""accuracy"": 0.6463414634146342}, ""y1_a1"": {""n"": 0, ""accuracy"": NaN}}",0.5373768247954864
isic2019,dinov2_b14_518,trapB,1,balanced,test_corr,0.7931489128812379,0.8139908871616188,0.7050420168067227,499,101,132,0.7635270541082164,0.6855191800587095,0.5,"{""y0_a0"": {""n"": 357, ""accuracy"": 0.8067226890756303}, ""y0_a1"": {""n"": 41, ""accuracy"": 0.9024390243902439}, ""y1_a0"": {""n"": 10, ""accuracy"": 0.5}, ""y1_a1"": {""n"": 91, ""accuracy"": 0.5604395604395604}}",0.5373768247954864
isic2019,dinov2_b14_518,trapB,1,balanced,test_rev,0.7742813588850174,0.7429748062015504,0.7660440613026819,654,80,524,0.7935779816513762,0.7102787456445994,0.375,"{""y0_a0"": {""n"": 58, ""accuracy"": 0.7931034482758621}, ""y0_a1"": {""n"": 516, ""accuracy"": 0.8236434108527132}, ""y1_a0"": {""n"": 72, ""accuracy"": 0.625}, ""y1_a1"": {""n"": 8, ""accuracy"": 0.375}}",0.5373768247954864
isic2019,dinov2_b14_518,trapB,1,dfr,clean,0.8219846308052122,,0.8219846308052122,447,82,0,0.7002237136465325,0.7266120948880721,,"{""y0_a0"": {""n"": 365, ""accuracy"": 0.684931506849315}, ""y0_a1"": {""n"": 0, ""accuracy"": NaN}, ""y1_a0"": {""n"": 82, ""accuracy"": 0.7682926829268293}, ""y1_a1"": {""n"": 0, ""accuracy"": NaN}}",0.47976523549974065
isic2019,dinov2_b14_518,trapB,1,dfr,test_corr,0.7411811532912085,0.7652103993567407,0.7630252100840337,499,101,132,0.6833667334669339,0.6685158465595303,0.6,"{""y0_a0"": {""n"": 357, ""accuracy"": 0.6862745098039216}, ""y0_a1"": {""n"": 41, ""accuracy"": 0.7560975609756098}, ""y1_a0"": {""n"": 10, ""accuracy"": 0.6}, ""y1_a1"": {""n"": 91, ""accuracy"": 0.6483516483516484}}",0.47976523549974065
isic2019,dinov2_b14_518,trapB,1,dfr,test_rev,0.8535496515679443,0.7533914728682171,0.8263888888888888,654,80,524,0.7599388379204893,0.7502831010452962,0.625,"{""y0_a0"": {""n"": 58, ""accuracy"": 0.6896551724137931}, ""y0_a1"": {""n"": 516, ""accuracy"": 0.7713178294573644}, ""y1_a0"": {""n"": 72, ""accuracy"": 0.75}, ""y1_a1"": {""n"": 8, ""accuracy"": 0.625}}",0.47976523549974065
isic2019,dinov2_b14_518,trapB,1,leace_paired,clean,0.7180420982292014,,0.7180420982292014,447,82,0,0.6845637583892618,0.6602906782492483,,"{""y0_a0"": {""n"": 365, ""accuracy"": 0.6986301369863014}, ""y0_a1"": {""n"": 0, ""accuracy"": NaN}, ""y1_a0"": {""n"": 82, ""accuracy"": 0.6219512195121951}, ""y1_a1"": {""n"": 0, ""accuracy"": NaN}}",0.25090546633095895
isic2019,dinov2_b14_518,trapB,1,leace_paired,test_corr,0.9218866610279118,0.7459126239614045,0.7521008403361344,499,101,132,0.7034068136272545,0.7919050699039754,0.14634146341463414,"{""y0_a0"": {""n"": 357, ""accuracy"": 0.7002801120448179}, ""y0_a1"": {""n"": 41, ""accuracy"": 0.14634146341463414}, ""y1_a0"": {""n"": 10, ""accuracy"": 0.6}, ""y1_a1"": {""n"": 91, ""accuracy"": 0.978021978021978}}",0.25090546633095895
isic2019,dinov2_b14_518,trapB,1,leace_paired,test_rev,0.4021341463414634,0.6790213178294574,0.6628352490421455,654,80,524,0.27522935779816515,0.4364982578397213,0.17248062015503876,"{""y0_a0"": {""n"": 58, ""accuracy"": 0.6724137931034483}, ""y0_a1"": {""n"": 516, ""accuracy"": 0.17248062015503876}, ""y1_a0"": {""n"": 72, ""accuracy"": 0.6111111111111112}, ""y1_a1"": {""n"": 8, ""accuracy"": 1.0}}",0.25090546633095895
isic2019,dinov2_b14_518,trapB,1,leace_unpaired,clean,0.7885399264951555,,0.7885399264951555,447,82,0,0.6957494407158836,0.723872368860675,,"{""y0_a0"": {""n"": 365, ""accuracy"": 0.6794520547945205}, ""y0_a1"": {""n"": 0, ""accuracy"": NaN}, ""y1_a0"": {""n"": 82, ""accuracy"": 0.7682926829268293}, ""y1_a1"": {""n"": 0, ""accuracy"": NaN}}",0.5133122046158324
isic2019,dinov2_b14_518,trapB,1,leace_unpaired,test_corr,0.612393651425444,0.7483248458858215,0.7280112044817927,499,101,132,0.655310621242485,0.584432061296582,0.45054945054945056,"{""y0_a0"": {""n"": 357, ""accuracy"": 0.6862745098039216}, ""y0_a1"": {""n"": 41, ""accuracy"": 0.8536585365853658}, ""y1_a0"": {""n"": 10, ""accuracy"": 0.6}, ""y1_a1"": {""n"": 91, ""accuracy"": 0.45054945054945056}}",0.5133122046158324
isic2019,dinov2_b14_518,trapB,1,leace_unpaired,test_rev,0.8439024390243902,0.6945251937984497,0.7674808429118773,654,80,524,0.8195718654434251,0.7681184668989547,0.375,"{""y0_a0"": {""n"": 58, ""accuracy"": 0.6724137931034483}, ""y0_a1"": {""n"": 516, ""accuracy"": 0.8546511627906976}, ""y1_a0"": {""n"": 72, ""accuracy"": 0.7361111111111112}, ""y1_a1"": {""n"": 8, ""accuracy"": 0.375}}",0.5133122046158324
isic2019,dinov2_b14_518,trapB,1,i2e,clean,0.7341463414634146,,0.7341463414634146,447,82,0,0.6241610738255033,0.6658536585365853,,"{""y0_a0"": {""n"": 365, ""accuracy"": 0.6}, ""y0_a1"": {""n"": 0, ""accuracy"": NaN}, ""y1_a0"": {""n"": 82, ""accuracy"": 0.7317073170731707}, ""y1_a1"": {""n"": 0, ""accuracy"": NaN}}",0.2288412932048564
isic2019,dinov2_b14_518,trapB,1,i2e,test_corr,0.9260908502910592,0.7654784240150093,0.7338935574229691,499,101,132,0.6332665330661322,0.7590178615851535,0.04878048780487805,"{""y0_a0"": {""n"": 357, ""accuracy"": 0.6050420168067226}, ""y0_a1"": {""n"": 41, ""accuracy"": 0.04878048780487805}, ""y1_a0"": {""n"": 10, ""accuracy"": 0.7}, ""y1_a1"": {""n"": 91, ""accuracy"": 1.0}}",0.2288412932048564
isic2019,dinov2_b14_518,trapB,1,i2e,test_rev,0.3941419860627178,0.7623546511627908,0.6712164750957854,654,80,524,0.19724770642201836,0.4297256097560976,0.06976744186046512,"{""y0_a0"": {""n"": 58, ""accuracy"": 0.5862068965517241}, ""y0_a1"": {""n"": 516, ""accuracy"": 0.06976744186046512}, ""y1_a0"": {""n"": 72, ""accuracy"": 0.7083333333333334}, ""y1_a1"": {""n"": 8, ""accuracy"": 1.0}}",0.2288412932048564
isic2019,dinov2_b14_518,trapB,1,i2e_balanced,clean,0.7685933845639826,,0.7685933845639826,447,82,0,0.680089485458613,0.7048279318409623,,"{""y0_a0"": {""n"": 365, ""accuracy"": 0.6657534246575343}, ""y0_a1"": {""n"": 0, ""accuracy"": NaN}, ""y1_a0"": {""n"": 82, ""accuracy"": 0.7439024390243902}, ""y1_a1"": {""n"": 0, ""accuracy"": NaN}}",0.4912362945286328
isic2019,dinov2_b14_518,trapB,1,i2e_balanced,test_corr,0.7885466938653665,0.7989815062985794,0.7358543417366947,499,101,132,0.6993987975951904,0.7376735160953282,0.6694677871148459,"{""y0_a0"": {""n"": 357, ""accuracy"": 0.6694677871148459}, ""y0_a1"": {""n"": 41, ""accuracy"": 0.7073170731707317}, ""y1_a0"": {""n"": 10, ""accuracy"": 0.8}, ""y1_a1"": {""n"": 91, ""accuracy"": 0.8021978021978022}}",0.4912362945286328
isic2019,dinov2_b14_518,trapB,1,i2e_balanced,test_rev,0.7400914634146342,0.7415213178294573,0.7425766283524905,654,80,524,0.6299694189602446,0.6708623693379792,0.6143410852713178,"{""y0_a0"": {""n"": 58, ""accuracy"": 0.6379310344827587}, ""y0_a1"": {""n"": 516, ""accuracy"": 0.6143410852713178}, ""y1_a0"": {""n"": 72, ""accuracy"": 0.7222222222222222}, ""y1_a1"": {""n"": 8, ""accuracy"": 0.75}}",0.4912362945286328
isic2019,dinov2_b14_518,trapB,1,i2e_rank1,clean,0.7214500501169396,,0.7214500501169396,447,82,0,0.7718120805369127,0.6758937520882058,,"{""y0_a0"": {""n"": 365, ""accuracy"": 0.8273972602739726}, ""y0_a1"": {""n"": 0, ""accuracy"": NaN}, ""y1_a0"": {""n"": 82, ""accuracy"": 0.524390243902439}, ""y1_a1"": {""n"": 0, ""accuracy"": NaN}}",0.2930318474689138
isic2019,dinov2_b14_518,trapB,1,i2e_rank1,test_corr,0.9321110503010098,0.7389439828464219,0.7210084033613444,499,101,132,0.7935871743486974,0.8484377332205582,0.12195121951219512,"{""y0_a0"": {""n"": 357, ""accuracy"": 0.8291316526610645}, ""y0_a1"": {""n"": 41, ""accuracy"": 0.12195121951219512}, ""y1_a0"": {""n"": 10, ""accuracy"": 0.6}, ""y1_a1"": {""n"": 91, ""accuracy"": 0.978021978021978}}",0.2930318474689138
isic2019,dinov2_b14_518,trapB,1,i2e_rank1,test_rev,0.32195121951219513,0.6659399224806202,0.6525383141762452,654,80,524,0.23853211009174313,0.37793989547038326,0.13178294573643412,"{""y0_a0"": {""n"": 58, ""accuracy"": 0.7413793103448276}, ""y0_a1"": {""n"": 516, ""accuracy"": 0.13178294573643412}, ""y1_a0"": {""n"": 72, ""accuracy"": 0.5138888888888888}, ""y1_a1"": {""n"": 8, ""accuracy"": 1.0}}",0.2930318474689138
isic2019,dinov2_b14_518,trapB,1,insert_aug,clean,0.7130972268626795,,0.7130972268626795,447,82,0,0.6890380313199105,0.6724858002004678,,"{""y0_a0"": {""n"": 365, ""accuracy"": 0.6986301369863014}, ""y0_a1"": {""n"": 0, ""accuracy"": NaN}, ""y1_a0"": {""n"": 82, ""accuracy"": 0.6463414634146342}, ""y1_a1"": {""n"": 0, ""accuracy"": NaN}}",0.18845577663179863
isic2019,dinov2_b14_518,trapB,1,insert_aug,test_corr,0.9336782924523608,0.7566336102921469,0.7109243697478991,499,101,132,0.7074148296593187,0.8018060600029853,0.12195121951219512,"{""y0_a0"": {""n"": 357, ""accuracy"": 0.7030812324929971}, ""y0_a1"": {""n"": 41, ""accuracy"": 0.12195121951219512}, ""y1_a0"": {""n"": 10, ""accuracy"": 0.6}, ""y1_a1"": {""n"": 91, ""accuracy"": 1.0}}",0.18845577663179863
isic2019,dinov2_b14_518,trapB,1,insert_aug,test_rev,0.32661149825783975,0.686531007751938,0.6520593869731801,654,80,524,0.20948012232415902,0.3990418118466899,0.08914728682170543,"{""y0_a0"": {""n"": 58, ""accuracy"": 0.6724137931034483}, ""y0_a1"": {""n"": 516, ""accuracy"": 0.08914728682170543}, ""y1_a0"": {""n"": 72, ""accuracy"": 0.6111111111111112}, ""y1_a1"": {""n"": 8, ""accuracy"": 1.0}}",0.18845577663179863
isic2019,dinov2_b14_518,trapB,2,erm,clean,0.772225352112676,,0.772225352112676,455,100,0,0.6989010989010989,0.7136619718309859,,"{""y0_a0"": {""n"": 355, ""accuracy"": 0.6873239436619718}, ""y0_a1"": {""n"": 0, ""accuracy"": NaN}, ""y1_a0"": {""n"": 100, ""accuracy"": 0.74}, ""y1_a1"": {""n"": 0, ""accuracy"": NaN}}",0.19062354265104636
isic2019,dinov2_b14_518,trapB,2,erm,test_corr,0.9466380799237687,0.7692307692307692,0.8341338456612232,473,87,117,0.6892177589852009,0.8051337025787624,0.05128205128205128,"{""y0_a0"": {""n"": 347, ""accuracy"": 0.6858789625360231}, ""y0_a1"": {""n"": 39, ""accuracy"": 0.05128205128205128}, ""y1_a0"": {""n"": 9, ""accuracy"": 0.8888888888888888}, ""y1_a1"": {""n"": 78, ""accuracy"": 1.0}}",0.19062354265104636
isic2019,dinov2_b14_518,trapB,2,erm,test_rev,0.35947132136156523,0.7833655705996132,0.7428144830160508,678,104,527,0.22713864306784662,0.445138702760654,0.0735009671179884,"{""y0_a0"": {""n"": 57, ""accuracy"": 0.6491228070175439}, ""y0_a1"": {""n"": 517, ""accuracy"": 0.0735009671179884}, ""y1_a0"": {""n"": 94, ""accuracy"": 0.7340425531914894}, ""y1_a1"": {""n"": 10, ""accuracy"": 1.0}}",0.19062354265104636
isic2019,dinov2_b14_518,trapB,2,prevcal,clean,0.772225352112676,,0.772225352112676,455,100,0,0.6989010989010989,0.7136619718309859,,"{""y0_a0"": {""n"": 355, ""accuracy"": 0.6873239436619718}, ""y0_a1"": {""n"": 0, ""accuracy"": NaN}, ""y1_a0"": {""n"": 100, ""accuracy"": 0.74}, ""y1_a1"": {""n"": 0, ""accuracy"": NaN}}",0.6868295532014018
isic2019,dinov2_b14_518,trapB,2,prevcal,test_corr,0.5052706807218154,0.7692307692307692,0.8341338456612232,473,87,117,0.6363636363636364,0.49673932463819903,0.20512820512820512,"{""y0_a0"": {""n"": 347, ""accuracy"": 0.6858789625360231}, ""y0_a1"": {""n"": 39, ""accuracy"": 1.0}, ""y1_a0"": {""n"": 9, ""accuracy"": 0.8888888888888888}, ""y1_a1"": {""n"": 78, ""accuracy"": 0.20512820512820512}}",0.6868295532014018
isic2019,dinov2_b14_518,trapB,2,prevcal,test_rev,0.908201554543018,0.7833655705996132,0.7428144830160508,678,104,527,0.8938053097345132,0.8073740284106138,0.2,"{""y0_a0"": {""n"": 57, ""accuracy"": 0.6491228070175439}, ""y0_a1"": {""n"": 517, ""accuracy"": 0.9632495164410058}, ""y1_a0"": {""n"": 94, ""accuracy"": 0.7340425531914894}, ""y1_a1"": {""n"": 10, ""accuracy"": 0.2}}",0.6868295532014018
isic2019,dinov2_b14_518,trapB,2,mask,clean,0.7597183098591549,,0.7597183098591549,455,100,0,0.5560439560439561,0.6616197183098591,,"{""y0_a0"": {""n"": 355, ""accuracy"": 0.4732394366197183}, ""y0_a1"": {""n"": 0, ""accuracy"": NaN}, ""y1_a0"": {""n"": 100, ""accuracy"": 0.85}, ""y1_a1"": {""n"": 0, ""accuracy"": NaN}}",0.20581549867598292
isic2019,dinov2_b14_518,trapB,2,mask,test_corr,0.872759216246799,0.7222222222222222,0.7819404418828049,473,87,117,0.5433403805496829,0.7024000952891429,0.1794871794871795,"{""y0_a0"": {""n"": 347, ""accuracy"": 0.4812680115273775}, ""y0_a1"": {""n"": 39, ""accuracy"": 0.1794871794871795}, ""y1_a0"": {""n"": 9, ""accuracy"": 1.0}, ""y1_a1"": {""n"": 78, ""accuracy"": 0.9487179487179487}}",0.20581549867598292
isic2019,dinov2_b14_518,trapB,2,mask,test_rev,0.5780621817207183,0.758220502901354,0.782568122433744,678,104,527,0.32595870206489674,0.5468038059501474,0.195357833655706,"{""y0_a0"": {""n"": 57, ""accuracy"": 0.5263157894736842}, ""y0_a1"": {""n"": 517, ""accuracy"": 0.195357833655706}, ""y1_a0"": {""n"": 94, ""accuracy"": 0.851063829787234}, ""y1_a1"": {""n"": 10, ""accuracy"": 1.0}}",0.20581549867598292
isic2019,dinov2_b14_518,trapB,2,inpaint,clean,0.7812676056338028,,0.7812676056338028,455,100,0,0.6593406593406593,0.7098591549295774,,"{""y0_a0"": {""n"": 355, ""accuracy"": 0.6197183098591549}, ""y0_a1"": {""n"": 0, ""accuracy"": NaN}, ""y1_a0"": {""n"": 100, ""accuracy"": 0.8}, ""y1_a1"": {""n"": 0, ""accuracy"": NaN}}",0.22357512581327474
isic2019,dinov2_b14_518,trapB,2,inpaint,test_corr,0.9226073491751534,0.7754766600920447,0.8539865513928915,473,87,117,0.6490486257928119,0.7805223036150319,0.15384615384615385,"{""y0_a0"": {""n"": 347, ""accuracy"": 0.6195965417867435}, ""y0_a1"": {""n"": 39, ""accuracy"": 0.15384615384615385}, ""y1_a0"": {""n"": 9, ""accuracy"": 1.0}, ""y1_a1"": {""n"": 78, ""accuracy"": 0.9871794871794872}}",0.22357512581327474
isic2019,dinov2_b14_518,trapB,2,inpaint,test_rev,0.4989614044492093,0.7622823984526113,0.7428144830160508,678,104,527,0.2994100294985251,0.5075046904315197,0.16827852998065765,"{""y0_a0"": {""n"": 57, ""accuracy"": 0.5614035087719298}, ""y0_a1"": {""n"": 517, ""accuracy"": 0.16827852998065765}, ""y1_a0"": {""n"": 94, ""accuracy"": 0.7978723404255319}, ""y1_a1"": {""n"": 10, ""accuracy"": 0.9}}",0.22357512581327474
isic2019,dinov2_b14_518,trapB,2,balanced,clean,0.7901408450704225,,0.7901408450704225,455,100,0,0.6747252747252748,0.6945774647887324,,"{""y0_a0"": {""n"": 355, ""accuracy"": 0.6591549295774648}, ""y0_a1"": {""n"": 0, ""accuracy"": NaN}, ""y1_a0"": {""n"": 100, ""accuracy"": 0.73}, ""y1_a1"": {""n"": 0, ""accuracy"": NaN}}",0.28547282848569455
isic2019,dinov2_b14_518,trapB,2,balanced,test_corr,0.8953903877077006,0.8198553583168967,0.8744796669868716,473,87,117,0.6892177589852009,0.7828747543326782,0.41025641025641024,"{""y0_a0"": {""n"": 347, ""accuracy"": 0.659942363112392}, ""y0_a1"": {""n"": 39, ""accuracy"": 0.41025641025641024}, ""y1_a0"": {""n"": 9, ""accuracy"": 0.8888888888888888}, ""y1_a1"": {""n"": 78, ""accuracy"": 0.9358974358974359}}",0.28547282848569455
isic2019,dinov2_b14_518,trapB,2,balanced,test_rev,0.6820389975877781,0.8005802707930367,0.7797685703620754,678,104,527,0.5162241887905604,0.6079971857410882,0.45454545454545453,"{""y0_a0"": {""n"": 57, ""accuracy"": 0.6666666666666666}, ""y0_a1"": {""n"": 517, ""accuracy"": 0.45454545454545453}, ""y1_a0"": {""n"": 94, ""accuracy"": 0.723404255319149}, ""y1_a1"": {""n"": 10, ""accuracy"": 0.9}}",0.28547282848569455
isic2019,dinov2_b14_518,trapB,2,dfr,clean,0.8006197183098592,,0.8006197183098592,455,100,0,0.7714285714285715,0.7206338028169015,,"{""y0_a0"": {""n"": 355, ""accuracy"": 0.8112676056338028}, ""y0_a1"": {""n"": 0, ""accuracy"": NaN}, ""y1_a0"": {""n"": 100, ""accuracy"": 0.63}, ""y1_a1"": {""n"": 0, ""accuracy"": NaN}}",0.5355333072608198
isic2019,dinov2_b14_518,trapB,2,dfr,test_corr,0.7460544339229348,0.7130177514792899,0.8302913864873519,473,87,117,0.7505285412262156,0.6512715145018164,0.47435897435897434,"{""y0_a0"": {""n"": 347, ""accuracy"": 0.8155619596541787}, ""y0_a1"": {""n"": 39, ""accuracy"": 0.7435897435897436}, ""y1_a0"": {""n"": 9, ""accuracy"": 0.6666666666666666}, ""y1_a1"": {""n"": 78, ""accuracy"": 0.47435897435897434}}",0.5355333072608198
isic2019,dinov2_b14_518,trapB,2,dfr,test_rev,0.8048445456982043,0.6856866537717602,0.8314669652855543,678,104,527,0.7979351032448377,0.7192609220048245,0.3,"{""y0_a0"": {""n"": 57, ""accuracy"": 0.8947368421052632}, ""y0_a1"": {""n"": 517, ""accuracy"": 0.8259187620889749}, ""y1_a0"": {""n"": 94, ""accuracy"": 0.6382978723404256}, ""y1_a1"": {""n"": 10, ""accuracy"": 0.3}}",0.5355333072608198
isic2019,dinov2_b14_518,trapB,2,leace_paired,clean,0.7807605633802817,,0.7807605633802817,455,100,0,0.643956043956044,0.7071830985915493,,"{""y0_a0"": {""n"": 355, ""accuracy"": 0.5943661971830986}, ""y0_a1"": {""n"": 0, ""accuracy"": NaN}, ""y1_a0"": {""n"": 100, ""accuracy"": 0.82}, ""y1_a1"": {""n"": 0, ""accuracy"": NaN}}",0.17323002897461187
isic2019,dinov2_b14_518,trapB,2,leace_paired,test_corr,0.9389851706271217,0.8021038790269559,0.8418187640089658,473,87,117,0.627906976744186,0.7720207253886011,0.07692307692307693,"{""y0_a0"": {""n"": 347, ""accuracy"": 0.5965417867435159}, ""y0_a1"": {""n"": 39, ""accuracy"": 0.07692307692307693}, ""y1_a0"": {""n"": 9, ""accuracy"": 1.0}, ""y1_a1"": {""n"": 78, ""accuracy"": 1.0}}",0.17323002897461187
isic2019,dinov2_b14_518,trapB,2,leace_paired,test_rev,0.45048244438488344,0.7524177949709865,0.7471071295259425,678,104,527,0.2448377581120944,0.48708456177968373,0.08897485493230174,"{""y0_a0"": {""n"": 57, ""accuracy"": 0.5789473684210527}, ""y0_a1"": {""n"": 517, ""accuracy"": 0.08897485493230174}, ""y1_a0"": {""n"": 94, ""accuracy"": 0.8191489361702128}, ""y1_a1"": {""n"": 10, ""accuracy"": 1.0}}",0.17323002897461187
isic2019,dinov2_b14_518,trapB,2,leace_unpaired,clean,0.7708169014084506,,0.7708169014084506,455,100,0,0.6615384615384615,0.6609859154929578,,"{""y0_a0"": {""n"": 355, ""accuracy"": 0.6619718309859155}, ""y0_a1"": {""n"": 0, ""accuracy"": NaN}, ""y1_a0"": {""n"": 100, ""accuracy"": 0.66}, ""y1_a1"": {""n"": 0, ""accuracy"": NaN}}",0.5017966805858852
isic2019,dinov2_b14_518,trapB,2,leace_unpaired,test_corr,0.6835507116907866,0.7412886259040105,0.8200448286903618,473,87,117,0.6617336152219874,0.6235781073193973,0.5384615384615384,"{""y0_a0"": {""n"": 347, ""accuracy"": 0.6657060518731989}, ""y0_a1"": {""n"": 39, ""accuracy"": 0.8461538461538461}, ""y1_a0"": {""n"": 9, ""accuracy"": 0.7777777777777778}, ""y1_a1"": {""n"": 78, ""accuracy"": 0.5384615384615384}}",0.5017966805858852
isic2019,dinov2_b14_518,trapB,2,leace_unpaired,test_rev,0.8103893058161351,0.7096711798839458,0.7456140350877193,678,104,527,0.7448377581120944,0.6918386491557224,0.4,"{""y0_a0"": {""n"": 57, ""accuracy"": 0.631578947368421}, ""y0_a1"": {""n"": 517, ""accuracy"": 0.7833655705996132}, ""y1_a0"": {""n"": 94, ""accuracy"": 0.6382978723404256}, ""y1_a1"": {""n"": 10, ""accuracy"": 0.4}}",0.5017966805858852
isic2019,dinov2_b14_518,trapB,2,i2e,clean,0.7738028169014084,,0.7738028169014084,455,100,0,0.7252747252747253,0.6838732394366197,,"{""y0_a0"": {""n"": 355, ""accuracy"": 0.7577464788732394}, ""y0_a1"": {""n"": 0, ""accuracy"": NaN}, ""y1_a0"": {""n"": 100, ""accuracy"": 0.61}, ""y1_a1"": {""n"": 0, ""accuracy"": NaN}}",0.30721218142558915
isic2019,dinov2_b14_518,trapB,2,i2e,test_corr,0.9354118277648741,0.7442472057856674,0.8709574127441563,473,87,117,0.7526427061310782,0.8395420165564886,0.1794871794871795,"{""y0_a0"": {""n"": 347, ""accuracy"": 0.760806916426513}, ""y0_a1"": {""n"": 39, ""accuracy"": 0.1794871794871795}, ""y1_a0"": {""n"": 9, ""accuracy"": 0.8888888888888888}, ""y1_a1"": {""n"": 78, ""accuracy"": 0.9871794871794872}}",0.30721218142558915
isic2019,dinov2_b14_518,trapB,2,i2e,test_rev,0.3889707853122487,0.6911025145067698,0.7487868607689436,678,104,527,0.2743362831858407,0.41790069686411146,0.15087040618955513,"{""y0_a0"": {""n"": 57, ""accuracy"": 0.7543859649122807}, ""y0_a1"": {""n"": 517, ""accuracy"": 0.15087040618955513}, ""y1_a0"": {""n"": 94, ""accuracy"": 0.5957446808510638}, ""y1_a1"": {""n"": 10, ""accuracy"": 0.9}}",0.30721218142558915
isic2019,dinov2_b14_518,trapB,2,i2e_balanced,clean,0.7883661971830986,,0.7883661971830986,455,100,0,0.7076923076923077,0.7049295774647888,,"{""y0_a0"": {""n"": 355, ""accuracy"": 0.7098591549295775}, ""y0_a1"": {""n"": 0, ""accuracy"": NaN}, ""y1_a0"": {""n"": 100, ""accuracy"": 0.7}, ""y1_a1"": {""n"": 0, ""accuracy"": NaN}}",0.37735925257385233
isic2019,dinov2_b14_518,trapB,2,i2e_balanced,test_corr,0.8606991840867131,0.7679158448389218,0.9276336855587577,473,87,117,0.7167019027484144,0.7640998153772854,0.46153846153846156,"{""y0_a0"": {""n"": 347, ""accuracy"": 0.7146974063400576}, ""y0_a1"": {""n"": 39, ""accuracy"": 0.46153846153846156}, ""y1_a0"": {""n"": 9, ""accuracy"": 1.0}, ""y1_a1"": {""n"": 78, ""accuracy"": 0.8205128205128205}}",0.37735925257385233
isic2019,dinov2_b14_518,trapB,2,i2e_balanced,test_rev,0.6863776467435003,0.7083172147001934,0.7640910787607316,678,104,527,0.5796460176991151,0.6257705708925221,0.5435203094777563,"{""y0_a0"": {""n"": 57, ""accuracy"": 0.7017543859649122}, ""y0_a1"": {""n"": 517, ""accuracy"": 0.5435203094777563}, ""y1_a0"": {""n"": 94, ""accuracy"": 0.6914893617021277}, ""y1_a1"": {""n"": 10, ""accuracy"": 0.7}}",0.37735925257385233
isic2019,dinov2_b14_518,trapB,2,i2e_rank1,clean,0.7708450704225351,,0.7708450704225351,455,100,0,0.7054945054945055,0.7107042253521126,,"{""y0_a0"": {""n"": 355, ""accuracy"": 0.7014084507042253}, ""y0_a1"": {""n"": 0, ""accuracy"": NaN}, ""y1_a0"": {""n"": 100, ""accuracy"": 0.72}, ""y1_a1"": {""n"": 0, ""accuracy"": NaN}}",0.1989517199774145
isic2019,dinov2_b14_518,trapB,2,i2e_rank1,test_corr,0.9473229706390328,0.7708744247205785,0.8395773294908742,473,87,117,0.6997885835095138,0.8116103865165862,0.05128205128205128,"{""y0_a0"": {""n"": 347, ""accuracy"": 0.7002881844380403}, ""y0_a1"": {""n"": 39, ""accuracy"": 0.05128205128205128}, ""y1_a0"": {""n"": 9, ""accuracy"": 0.8888888888888888}, ""y1_a1"": {""n"": 78, ""accuracy"": 1.0}}",0.1989517199774145
isic2019,dinov2_b14_518,trapB,2,i2e_rank1,test_rev,0.358164701152506,0.7789168278529981,0.7409481149682718,678,104,527,0.23156342182890854,0.4398787188421335,0.07930367504835589,"{""y0_a0"": {""n"": 57, ""accuracy"": 0.6842105263157895}, ""y0_a1"": {""n"": 517, ""accuracy"": 0.07930367504835589}, ""y1_a0"": {""n"": 94, ""accuracy"": 0.7127659574468085}, ""y1_a1"": {""n"": 10, ""accuracy"": 1.0}}",0.1989517199774145
isic2019,dinov2_b14_518,trapB,2,insert_aug,clean,0.7671549295774648,,0.7671549295774648,455,100,0,0.7120879120879121,0.7005633802816902,,"{""y0_a0"": {""n"": 355, ""accuracy"": 0.7211267605633803}, ""y0_a1"": {""n"": 0, ""accuracy"": NaN}, ""y1_a0"": {""n"": 100, ""accuracy"": 0.68}, ""y1_a1"": {""n"": 0, ""accuracy"": NaN}}",0.1943396008505324
isic2019,dinov2_b14_518,trapB,2,insert_aug,test_corr,0.9434518492049312,0.76232741617357,0.8382965097662504,473,87,117,0.7167019027484144,0.8219730808171044,0.07692307692307693,"{""y0_a0"": {""n"": 347, ""accuracy"": 0.7204610951008645}, ""y0_a1"": {""n"": 39, ""accuracy"": 0.07692307692307693}, ""y1_a0"": {""n"": 9, ""accuracy"": 0.8888888888888888}, ""y1_a1"": {""n"": 78, ""accuracy"": 1.0}}",0.1943396008505324
isic2019,dinov2_b14_518,trapB,2,insert_aug,test_rev,0.36721053336906995,0.765183752417795,0.7273236282194849,678,104,527,0.24336283185840707,0.4311009112838381,0.10251450676982592,"{""y0_a0"": {""n"": 57, ""accuracy"": 0.6842105263157895}, ""y0_a1"": {""n"": 517, ""accuracy"": 0.10251450676982592}, ""y1_a0"": {""n"": 94, ""accuracy"": 0.6702127659574468}, ""y1_a1"": {""n"": 10, ""accuracy"": 1.0}}",0.1943396008505324
isic2019,dinov2_b14_518,trapB,3,erm,clean,0.7714422944970495,,0.7714422944970495,431,84,0,0.7354988399071926,0.7049025662138054,,"{""y0_a0"": {""n"": 347, ""accuracy"": 0.7550432276657061}, ""y0_a1"": {""n"": 0, ""accuracy"": NaN}, ""y1_a0"": {""n"": 84, ""accuracy"": 0.6547619047619048}, ""y1_a1"": {""n"": 0, ""accuracy"": NaN}}",0.21439927270261272
isic2019,dinov2_b14_518,trapB,3,erm,test_corr,0.9178209459459459,0.6382778126964174,0.821021021021021,466,96,123,0.7467811158798283,0.8251126126126127,0.10810810810810811,"{""y0_a0"": {""n"": 333, ""accuracy"": 0.7567567567567568}, ""y0_a1"": {""n"": 37, ""accuracy"": 0.10810810810810811}, ""y1_a0"": {""n"": 10, ""accuracy"": 0.8}, ""y1_a1"": {""n"": 86, ""accuracy"": 0.9767441860465116}}",0.21439927270261272
isic2019,dinov2_b14_518,trapB,3,erm,test_rev,0.35315460592622455,0.7247706422018348,0.7932432432432432,687,82,553,0.2663755458515284,0.43587986293086073,0.14495412844036698,"{""y0_a0"": {""n"": 60, ""accuracy"": 0.8333333333333334}, ""y0_a1"": {""n"": 545, ""accuracy"": 0.14495412844036698}, ""y1_a0"": {""n"": 74, ""accuracy"": 0.6351351351351351}, ""y1_a1"": {""n"": 8, ""accuracy"": 0.875}}",0.21439927270261272
isic2019,dinov2_b14_518,trapB,3,prevcal,clean,0.7714422944970495,,0.7714422944970495,431,84,0,0.7354988399071926,0.7049025662138054,,"{""y0_a0"": {""n"": 347, ""accuracy"": 0.7550432276657061}, ""y0_a1"": {""n"": 0, ""accuracy"": NaN}, ""y1_a0"": {""n"": 84, ""accuracy"": 0.6547619047619048}, ""y1_a1"": {""n"": 0, ""accuracy"": NaN}}",0.7060129816641897
isic2019,dinov2_b14_518,trapB,3,prevcal,test_corr,0.4790259009009009,0.6382778126964174,0.821021021021021,466,96,123,0.6652360515021459,0.5037725225225226,0.16279069767441862,"{""y0_a0"": {""n"": 333, ""accuracy"": 0.7567567567567568}, ""y0_a1"": {""n"": 37, ""accuracy"": 0.972972972972973}, ""y1_a0"": {""n"": 10, ""accuracy"": 0.8}, ""y1_a1"": {""n"": 86, ""accuracy"": 0.16279069767441862}}",0.7060129816641897
isic2019,dinov2_b14_518,trapB,3,prevcal,test_rev,0.8962305986696231,0.7247706422018348,0.7932432432432432,687,82,553,0.9097525473071325,0.7695424309614997,0.125,"{""y0_a0"": {""n"": 60, ""accuracy"": 0.8333333333333334}, ""y0_a1"": {""n"": 545, ""accuracy"": 0.9669724770642202}, ""y1_a0"": {""n"": 74, ""accuracy"": 0.6351351351351351}, ""y1_a1"": {""n"": 8, ""accuracy"": 0.125}}",0.7060129816641897
isic2019,dinov2_b14_518,trapB,3,mask,clean,0.7312337038561822,,0.7312337038561822,431,84,0,0.4965197215777262,0.6151365445313572,,"{""y0_a0"": {""n"": 347, ""accuracy"": 0.4207492795389049}, ""y0_a1"": {""n"": 0, ""accuracy"": NaN}, ""y1_a0"": {""n"": 84, ""accuracy"": 0.8095238095238095}, ""y1_a1"": {""n"": 0, ""accuracy"": NaN}}",0.12606935213620254
isic2019,dinov2_b14_518,trapB,3,mask,test_corr,0.8179898648648649,0.6131363922061598,0.6552552552552553,466,96,123,0.5128755364806867,0.6816722972972973,0.10810810810810811,"{""y0_a0"": {""n"": 333, ""accuracy"": 0.4264264264264264}, ""y0_a1"": {""n"": 37, ""accuracy"": 0.10810810810810811}, ""y1_a0"": {""n"": 10, ""accuracy"": 0.8}, ""y1_a1"": {""n"": 86, ""accuracy"": 0.9883720930232558}}",0.12606935213620254
isic2019,dinov2_b14_518,trapB,3,mask,test_rev,0.50880870792179,0.6419724770642201,0.7387387387387387,687,82,553,0.26055312954876275,0.501098568836928,0.15045871559633028,"{""y0_a0"": {""n"": 60, ""accuracy"": 0.5}, ""y0_a1"": {""n"": 545, ""accuracy"": 0.15045871559633028}, ""y1_a0"": {""n"": 74, ""accuracy"": 0.7972972972972973}, ""y1_a1"": {""n"": 8, ""accuracy"": 1.0}}",0.12606935213620254
isic2019,dinov2_b14_518,trapB,3,inpaint,clean,0.7612872238232469,,0.7612872238232469,431,84,0,0.6612529002320185,0.7039076437491423,,"{""y0_a0"": {""n"": 347, ""accuracy"": 0.6340057636887608}, ""y0_a1"": {""n"": 0, ""accuracy"": NaN}, ""y1_a0"": {""n"": 84, ""accuracy"": 0.7738095238095238}, ""y1_a1"": {""n"": 0, ""accuracy"": NaN}}",0.2212510140319124
isic2019,dinov2_b14_518,trapB,3,inpaint,test_corr,0.8613738738738739,0.6228786926461345,0.8405405405405405,466,96,123,0.648068669527897,0.7359515765765765,0.10810810810810811,"{""y0_a0"": {""n"": 333, ""accuracy"": 0.6396396396396397}, ""y0_a1"": {""n"": 37, ""accuracy"": 0.10810810810810811}, ""y1_a0"": {""n"": 10, ""accuracy"": 0.9}, ""y1_a1"": {""n"": 86, ""accuracy"": 0.8837209302325582}}",0.2212510140319124
isic2019,dinov2_b14_518,trapB,3,inpaint,test_rev,0.47268695827454144,0.7233944954128441,0.7743243243243244,687,82,553,0.3231441048034934,0.5102801854464826,0.22018348623853212,"{""y0_a0"": {""n"": 60, ""accuracy"": 0.6666666666666666}, ""y0_a1"": {""n"": 545, ""accuracy"": 0.22018348623853212}, ""y1_a0"": {""n"": 74, ""accuracy"": 0.7567567567567568}, ""y1_a1"": {""n"": 8, ""accuracy"": 0.75}}",0.2212510140319124
isic2019,dinov2_b14_518,trapB,3,balanced,clean,0.7311650885137917,,0.7311650885137917,431,84,0,0.6751740139211136,0.6764615067929189,,"{""y0_a0"": {""n"": 347, ""accuracy"": 0.6743515850144092}, ""y0_a1"": {""n"": 0, ""accuracy"": NaN}, ""y1_a0"": {""n"": 84, ""accuracy"": 0.6785714285714286}, ""y1_a1"": {""n"": 0, ""accuracy"": NaN}}",0.43563799107633827
isic2019,dinov2_b14_518,trapB,3,balanced,test_corr,0.7612049549549549,0.7454431175361408,0.7609609609609609,466,96,123,0.6781115879828327,0.6777308558558559,0.6486486486486487,"{""y0_a0"": {""n"": 333, ""accuracy"": 0.6816816816816816}, ""y0_a1"": {""n"": 37, ""accuracy"": 0.6486486486486487}, ""y1_a0"": {""n"": 10, ""accuracy"": 0.7}, ""y1_a1"": {""n"": 86, ""accuracy"": 0.6744186046511628}}",0.43563799107633827
isic2019,dinov2_b14_518,trapB,3,balanced,test_rev,0.7107841161056239,0.7878440366972477,0.7518018018018018,687,82,553,0.660844250363901,0.6598468050796211,0.6486486486486487,"{""y0_a0"": {""n"": 60, ""accuracy"": 0.7166666666666667}, ""y0_a1"": {""n"": 545, ""accuracy"": 0.655045871559633}, ""y1_a0"": {""n"": 74, ""accuracy"": 0.6486486486486487}, ""y1_a1"": {""n"": 8, ""accuracy"": 0.75}}",0.43563799107633827
isic2019,dinov2_b14_518,trapB,3,dfr,clean,0.7210443255111842,,0.7210443255111842,431,84,0,0.7192575406032483,0.6587244407849595,,"{""y0_a0"": {""n"": 347, ""accuracy"": 0.7579250720461095}, ""y0_a1"": {""n"": 0, ""accuracy"": NaN}, ""y1_a0"": {""n"": 84, ""accuracy"": 0.5595238095238095}, ""y1_a1"": {""n"": 0, ""accuracy"": NaN}}",0.5828001780949155
isic2019,dinov2_b14_518,trapB,3,dfr,test_corr,0.684009009009009,0.7686989314896291,0.6096096096096095,466,96,123,0.7017167381974249,0.611599099099099,0.3,"{""y0_a0"": {""n"": 333, ""accuracy"": 0.7567567567567568}, ""y0_a1"": {""n"": 37, ""accuracy"": 0.8378378378378378}, ""y1_a0"": {""n"": 10, ""accuracy"": 0.3}, ""y1_a1"": {""n"": 86, ""accuracy"": 0.47674418604651164}}",0.5828001780949155
isic2019,dinov2_b14_518,trapB,3,dfr,test_rev,0.8027010683329974,0.8495412844036698,0.7488738738738739,687,82,553,0.8296943231441049,0.7135456561177183,0.5,"{""y0_a0"": {""n"": 60, ""accuracy"": 0.85}, ""y0_a1"": {""n"": 545, ""accuracy"": 0.8678899082568807}, ""y1_a0"": {""n"": 74, ""accuracy"": 0.5675675675675675}, ""y1_a1"": {""n"": 8, ""accuracy"": 0.5}}",0.5828001780949155
isic2019,dinov2_b14_518,trapB,3,leace_paired,clean,0.7848565939344037,,0.7848565939344037,431,84,0,0.7563805104408353,0.6908021133525457,,"{""y0_a0"": {""n"": 347, ""accuracy"": 0.7982708933717579}, ""y0_a1"": {""n"": 0, ""accuracy"": NaN}, ""y1_a0"": {""n"": 84, ""accuracy"": 0.5833333333333334}, ""y1_a1"": {""n"": 0, ""accuracy"": NaN}}",0.3365422476919536
isic2019,dinov2_b14_518,trapB,3,leace_paired,test_corr,0.9081644144144144,0.6876178504085481,0.8384384384384385,466,96,123,0.7703862660944206,0.8091216216216216,0.24324324324324326,"{""y0_a0"": {""n"": 333, ""accuracy"": 0.7987987987987988}, ""y0_a1"": {""n"": 37, ""accuracy"": 0.24324324324324326}, ""y1_a0"": {""n"": 10, ""accuracy"": 0.7}, ""y1_a1"": {""n"": 86, ""accuracy"": 0.8953488372093024}}",0.3365422476919536
isic2019,dinov2_b14_518,trapB,3,leace_paired,test_rev,0.4648861116710341,0.7605504587155963,0.81509009009009,687,82,553,0.4017467248908297,0.49165490828462,0.3174311926605505,"{""y0_a0"": {""n"": 60, ""accuracy"": 0.8833333333333333}, ""y0_a1"": {""n"": 545, ""accuracy"": 0.3174311926605505}, ""y1_a0"": {""n"": 74, ""accuracy"": 0.581081081081081}, ""y1_a1"": {""n"": 8, ""accuracy"": 0.875}}",0.3365422476919536
isic2019,dinov2_b14_518,trapB,3,leace_unpaired,clean,0.7306161657746673,,0.7306161657746673,431,84,0,0.6450116009280742,0.6577295183202965,,"{""y0_a0"": {""n"": 347, ""accuracy"": 0.6368876080691642}, ""y0_a1"": {""n"": 0, ""accuracy"": NaN}, ""y1_a0"": {""n"": 84, ""accuracy"": 0.6785714285714286}, ""y1_a1"": {""n"": 0, ""accuracy"": NaN}}",0.5118337327112054
isic2019,dinov2_b14_518,trapB,3,leace_unpaired,test_corr,0.6128378378378379,0.8045254556882464,0.7936936936936937,466,96,123,0.6351931330472103,0.5774211711711712,0.43023255813953487,"{""y0_a0"": {""n"": 333, ""accuracy"": 0.6456456456456456}, ""y0_a1"": {""n"": 37, ""accuracy"": 0.9459459459459459}, ""y1_a0"": {""n"": 10, ""accuracy"": 0.9}, ""y1_a1"": {""n"": 86, ""accuracy"": 0.43023255813953487}}",0.5118337327112054
isic2019,dinov2_b14_518,trapB,3,leace_unpaired,test_rev,0.8401935093731103,0.7272935779816514,0.7657657657657658,687,82,553,0.8165938864628821,0.7324632130618827,0.25,"{""y0_a0"": {""n"": 60, ""accuracy"": 0.6833333333333333}, ""y0_a1"": {""n"": 545, ""accuracy"": 0.8605504587155963}, ""y1_a0"": {""n"": 74, ""accuracy"": 0.6621621621621622}, ""y1_a1"": {""n"": 8, ""accuracy"": 0.25}}",0.5118337327112054
isic2019,dinov2_b14_518,trapB,3,i2e,clean,0.7577878413613284,,0.7577878413613284,431,84,0,0.5916473317865429,0.6832372718539865,,"{""y0_a0"": {""n"": 347, ""accuracy"": 0.5331412103746398}, ""y0_a1"": {""n"": 0, ""accuracy"": NaN}, ""y1_a0"": {""n"": 84, ""accuracy"": 0.8333333333333334}, ""y1_a1"": {""n"": 0, ""accuracy"": NaN}}",0.1760666632133652
isic2019,dinov2_b14_518,trapB,3,i2e,test_corr,0.9188063063063063,0.6599622878692647,0.881081081081081,466,96,123,0.592274678111588,0.7355292792792792,0.05405405405405406,"{""y0_a0"": {""n"": 333, ""accuracy"": 0.5405405405405406}, ""y0_a1"": {""n"": 37, ""accuracy"": 0.05405405405405406}, ""y1_a0"": {""n"": 10, ""accuracy"": 0.9}, ""y1_a1"": {""n"": 86, ""accuracy"": 0.9883720930232558}}",0.1760666632133652
isic2019,dinov2_b14_518,trapB,3,i2e,test_rev,0.3787341261842371,0.7479357798165138,0.7927927927927928,687,82,553,0.2066957787481805,0.48106228582946986,0.06788990825688074,"{""y0_a0"": {""n"": 60, ""accuracy"": 0.6}, ""y0_a1"": {""n"": 545, ""accuracy"": 0.06788990825688074}, ""y1_a0"": {""n"": 74, ""accuracy"": 0.8243243243243243}, ""y1_a1"": {""n"": 8, ""accuracy"": 1.0}}",0.1760666632133652
isic2019,dinov2_b14_518,trapB,3,i2e_balanced,clean,0.7823864416083436,,0.7823864416083436,431,84,0,0.7563805104408353,0.6953135721147248,,"{""y0_a0"": {""n"": 347, ""accuracy"": 0.7953890489913544}, ""y0_a1"": {""n"": 0, ""accuracy"": NaN}, ""y1_a0"": {""n"": 84, ""accuracy"": 0.5952380952380952}, ""y1_a1"": {""n"": 0, ""accuracy"": NaN}}",0.4008483135941859
isic2019,dinov2_b14_518,trapB,3,i2e_balanced,test_corr,0.8440033783783782,0.7589566310496543,0.9153153153153153,466,96,123,0.7703862660944206,0.758980855855856,0.6486486486486487,"{""y0_a0"": {""n"": 333, ""accuracy"": 0.7927927927927928}, ""y0_a1"": {""n"": 37, ""accuracy"": 0.6486486486486487}, ""y1_a0"": {""n"": 10, ""accuracy"": 0.9}, ""y1_a1"": {""n"": 86, ""accuracy"": 0.7209302325581395}}",0.4008483135941859
isic2019,dinov2_b14_518,trapB,3,i2e_balanced,test_rev,0.6575891957266681,0.7853211009174312,0.8162162162162161,687,82,553,0.6128093158660844,0.6114896190284217,0.581081081081081,"{""y0_a0"": {""n"": 60, ""accuracy"": 0.8833333333333333}, ""y0_a1"": {""n"": 545, ""accuracy"": 0.5834862385321101}, ""y1_a0"": {""n"": 74, ""accuracy"": 0.581081081081081}, ""y1_a1"": {""n"": 8, ""accuracy"": 0.875}}",0.4008483135941859
isic2019,dinov2_b14_518,trapB,3,i2e_rank1,clean,0.7718539865513929,,0.7718539865513929,431,84,0,0.7331786542923434,0.6989501852614245,,"{""y0_a0"": {""n"": 347, ""accuracy"": 0.7550432276657061}, ""y0_a1"": {""n"": 0, ""accuracy"": NaN}, ""y1_a0"": {""n"": 84, ""accuracy"": 0.6428571428571429}, ""y1_a1"": {""n"": 0, ""accuracy"": NaN}}",0.21398400604400694
isic2019,dinov2_b14_518,trapB,3,i2e_rank1,test_corr,0.9181024774774775,0.6389063482086738,0.8228228228228228,466,96,123,0.7446351931330472,0.8237612612612613,0.08108108108108109,"{""y0_a0"": {""n"": 333, ""accuracy"": 0.7567567567567568}, ""y0_a1"": {""n"": 37, ""accuracy"": 0.08108108108108109}, ""y1_a0"": {""n"": 10, ""accuracy"": 0.8}, ""y1_a1"": {""n"": 86, ""accuracy"": 0.9767441860465116}}",0.21398400604400694
isic2019,dinov2_b14_518,trapB,3,i2e_rank1,test_rev,0.35355775045353754,0.7256880733944954,0.7927927927927928,687,82,553,0.26346433770014555,0.4289558556742592,0.14311926605504588,"{""y0_a0"": {""n"": 60, ""accuracy"": 0.8333333333333334}, ""y0_a1"": {""n"": 545, ""accuracy"": 0.14311926605504588}, ""y1_a0"": {""n"": 74, ""accuracy"": 0.6216216216216216}, ""y1_a1"": {""n"": 8, ""accuracy"": 0.875}}",0.21398400604400694
isic2019,dinov2_b14_518,trapB,3,insert_aug,clean,0.777892136681762,,0.777892136681762,431,84,0,0.7633410672853829,0.7086592562096885,,"{""y0_a0"": {""n"": 347, ""accuracy"": 0.7982708933717579}, ""y0_a1"": {""n"": 0, ""accuracy"": NaN}, ""y1_a0"": {""n"": 84, ""accuracy"": 0.6190476190476191}, ""y1_a1"": {""n"": 0, ""accuracy"": NaN}}",0.23779371918639436
isic2019,dinov2_b14_518,trapB,3,insert_aug,test_corr,0.9153716216216217,0.637649277184161,0.8639639639639639,466,96,123,0.7703862660944206,0.8245495495495495,0.10810810810810811,"{""y0_a0"": {""n"": 333, ""accuracy"": 0.8018018018018018}, ""y0_a1"": {""n"": 37, ""accuracy"": 0.10810810810810811}, ""y1_a0"": {""n"": 10, ""accuracy"": 0.8}, ""y1_a1"": {""n"": 86, ""accuracy"": 0.9302325581395349}}",0.23779371918639436
isic2019,dinov2_b14_518,trapB,3,insert_aug,test_rev,0.3771618625277162,0.7344036697247706,0.7923423423423424,687,82,553,0.3027656477438137,0.44072767587180006,0.1926605504587156,"{""y0_a0"": {""n"": 60, ""accuracy"": 0.8666666666666667}, ""y0_a1"": {""n"": 545, ""accuracy"": 0.1926605504587156}, ""y1_a0"": {""n"": 74, ""accuracy"": 0.5945945945945946}, ""y1_a1"": {""n"": 8, ""accuracy"": 0.875}}",0.23779371918639436
isic2019,dinov2_b14_518,trapB,4,erm,clean,0.7584096109839816,,0.7584096109839816,472,92,0,0.7245762711864406,0.6477116704805492,,"{""y0_a0"": {""n"": 380, ""accuracy"": 0.7736842105263158}, ""y0_a1"": {""n"": 0, ""accuracy"": NaN}, ""y1_a0"": {""n"": 92, ""accuracy"": 0.5217391304347826}, ""y1_a1"": {""n"": 0, ""accuracy"": NaN}}",0.2101410724148217
isic2019,dinov2_b14_518,trapB,4,erm,test_corr,0.9067791005291005,0.6945054945054946,0.7445200302343158,492,72,107,0.733739837398374,0.8152777777777778,0.023809523809523808,"{""y0_a0"": {""n"": 378, ""accuracy"": 0.7751322751322751}, ""y0_a1"": {""n"": 42, ""accuracy"": 0.023809523809523808}, ""y1_a0"": {""n"": 7, ""accuracy"": 0.5714285714285714}, ""y1_a1"": {""n"": 65, ""accuracy"": 0.9692307692307692}}",0.2101410724148217
isic2019,dinov2_b14_518,trapB,4,erm,test_rev,0.3636565656565657,0.6937724014336917,0.7553726566072245,640,90,505,0.2515625,0.387979797979798,0.13306451612903225,"{""y0_a0"": {""n"": 54, ""accuracy"": 0.7962962962962963}, ""y0_a1"": {""n"": 496, ""accuracy"": 0.13306451612903225}, ""y1_a0"": {""n"": 81, ""accuracy"": 0.5308641975308642}, ""y1_a1"": {""n"": 9, ""accuracy"": 1.0}}",0.2101410724148217
isic2019,dinov2_b14_518,trapB,4,prevcal,clean,0.7584096109839816,,0.7584096109839816,472,92,0,0.7245762711864406,0.6477116704805492,,"{""y0_a0"": {""n"": 380, ""accuracy"": 0.7736842105263158}, ""y0_a1"": {""n"": 0, ""accuracy"": NaN}, ""y1_a0"": {""n"": 92, ""accuracy"": 0.5217391304347826}, ""y1_a1"": {""n"": 0, ""accuracy"": NaN}}",0.7032968141947966
isic2019,dinov2_b14_518,trapB,4,prevcal,test_corr,0.4915343915343915,0.6945054945054946,0.7445200302343158,492,72,107,0.7113821138211383,0.5087301587301587,0.18461538461538463,"{""y0_a0"": {""n"": 378, ""accuracy"": 0.7751322751322751}, ""y0_a1"": {""n"": 42, ""accuracy"": 0.9761904761904762}, ""y1_a0"": {""n"": 7, ""accuracy"": 0.5714285714285714}, ""y1_a1"": {""n"": 65, ""accuracy"": 0.18461538461538463}}",0.7032968141947966
isic2019,dinov2_b14_518,trapB,4,prevcal,test_rev,0.8968888888888888,0.6937724014336917,0.7553726566072245,640,90,505,0.8875,0.7301010101010101,0.3333333333333333,"{""y0_a0"": {""n"": 54, ""accuracy"": 0.7962962962962963}, ""y0_a1"": {""n"": 496, ""accuracy"": 0.9657258064516129}, ""y1_a0"": {""n"": 81, ""accuracy"": 0.5308641975308642}, ""y1_a1"": {""n"": 9, ""accuracy"": 0.3333333333333333}}",0.7032968141947966
isic2019,dinov2_b14_518,trapB,4,mask,clean,0.7291762013729978,,0.7291762013729978,472,92,0,0.7288135593220338,0.6132723112128147,,"{""y0_a0"": {""n"": 380, ""accuracy"": 0.8026315789473685}, ""y0_a1"": {""n"": 0, ""accuracy"": NaN}, ""y1_a0"": {""n"": 92, ""accuracy"": 0.42391304347826086}, ""y1_a1"": {""n"": 0, ""accuracy"": NaN}}",0.475513333121868
isic2019,dinov2_b14_518,trapB,4,mask,test_corr,0.8296626984126985,0.6421245421245422,0.6470143613000756,492,72,107,0.7621951219512195,0.7456349206349207,0.42857142857142855,"{""y0_a0"": {""n"": 378, ""accuracy"": 0.8068783068783069}, ""y0_a1"": {""n"": 42, ""accuracy"": 0.42857142857142855}, ""y1_a0"": {""n"": 7, ""accuracy"": 0.42857142857142855}, ""y1_a1"": {""n"": 65, ""accuracy"": 0.7538461538461538}}",0.475513333121868
isic2019,dinov2_b14_518,trapB,4,mask,test_rev,0.5135151515151515,0.682347670250896,0.7588020118884315,640,90,505,0.51875,0.4923232323232323,0.41975308641975306,"{""y0_a0"": {""n"": 54, ""accuracy"": 0.8518518518518519}, ""y0_a1"": {""n"": 496, ""accuracy"": 0.4939516129032258}, ""y1_a0"": {""n"": 81, ""accuracy"": 0.41975308641975306}, ""y1_a1"": {""n"": 9, ""accuracy"": 0.7777777777777778}}",0.475513333121868
isic2019,dinov2_b14_518,trapB,4,inpaint,clean,0.7645594965675058,,0.7645594965675058,472,92,0,0.7097457627118644,0.6796910755148742,,"{""y0_a0"": {""n"": 380, ""accuracy"": 0.7289473684210527}, ""y0_a1"": {""n"": 0, ""accuracy"": NaN}, ""y1_a0"": {""n"": 92, ""accuracy"": 0.6304347826086957}, ""y1_a1"": {""n"": 0, ""accuracy"": NaN}}",0.2660195672469922
isic2019,dinov2_b14_518,trapB,4,inpaint,test_corr,0.8701719576719577,0.7106227106227107,0.7437641723356009,492,72,107,0.7134146341463414,0.7803571428571429,0.2857142857142857,"{""y0_a0"": {""n"": 378, ""accuracy"": 0.7301587301587301}, ""y0_a1"": {""n"": 42, ""accuracy"": 0.2857142857142857}, ""y1_a0"": {""n"": 7, ""accuracy"": 0.7142857142857143}, ""y1_a1"": {""n"": 65, ""accuracy"": 0.8923076923076924}}",0.2660195672469922
isic2019,dinov2_b14_518,trapB,4,inpaint,test_rev,0.5047070707070707,0.7018369175627239,0.7423411065386375,640,90,505,0.3765625,0.49787878787878787,0.2862903225806452,"{""y0_a0"": {""n"": 54, ""accuracy"": 0.7222222222222222}, ""y0_a1"": {""n"": 496, ""accuracy"": 0.2862903225806452}, ""y1_a0"": {""n"": 81, ""accuracy"": 0.6419753086419753}, ""y1_a1"": {""n"": 9, ""accuracy"": 0.8888888888888888}}",0.2660195672469922
isic2019,dinov2_b14_518,trapB,4,balanced,clean,0.7925057208237987,,0.7925057208237987,472,92,0,0.7690677966101694,0.724771167048055,,"{""y0_a0"": {""n"": 380, ""accuracy"": 0.7973684210526316}, ""y0_a1"": {""n"": 0, ""accuracy"": NaN}, ""y1_a0"": {""n"": 92, ""accuracy"": 0.6521739130434783}, ""y1_a1"": {""n"": 0, ""accuracy"": NaN}}",0.36149010692719674
isic2019,dinov2_b14_518,trapB,4,balanced,test_corr,0.8262896825396825,0.7542124542124542,0.7970521541950113,492,72,107,0.7682926829268293,0.7261904761904762,0.6615384615384615,"{""y0_a0"": {""n"": 378, ""accuracy"": 0.798941798941799}, ""y0_a1"": {""n"": 42, ""accuracy"": 0.6666666666666666}, ""y1_a0"": {""n"": 7, ""accuracy"": 0.7142857142857143}, ""y1_a1"": {""n"": 65, ""accuracy"": 0.6615384615384615}}",0.36149010692719674
isic2019,dinov2_b14_518,trapB,4,balanced,test_rev,0.709191919191919,0.693100358422939,0.7816643804298126,640,90,505,0.6765625,0.6677777777777778,0.5555555555555556,"{""y0_a0"": {""n"": 54, ""accuracy"": 0.7592592592592593}, ""y0_a1"": {""n"": 496, ""accuracy"": 0.6713709677419355}, ""y1_a0"": {""n"": 81, ""accuracy"": 0.6666666666666666}, ""y1_a1"": {""n"": 9, ""accuracy"": 0.5555555555555556}}",0.36149010692719674
isic2019,dinov2_b14_518,trapB,4,dfr,clean,0.8372425629290619,,0.8372425629290619,472,92,0,0.8029661016949152,0.733466819221968,,"{""y0_a0"": {""n"": 380, ""accuracy"": 0.8473684210526315}, ""y0_a1"": {""n"": 0, ""accuracy"": NaN}, ""y1_a0"": {""n"": 92, ""accuracy"": 0.6195652173913043}, ""y1_a1"": {""n"": 0, ""accuracy"": NaN}}",0.6099847270817764
isic2019,dinov2_b14_518,trapB,4,dfr,test_corr,0.737962962962963,0.7293040293040293,0.8805744520030234,492,72,107,0.7947154471544715,0.6553571428571429,0.4461538461538462,"{""y0_a0"": {""n"": 378, ""accuracy"": 0.8492063492063492}, ""y0_a1"": {""n"": 42, ""accuracy"": 0.8809523809523809}, ""y1_a0"": {""n"": 7, ""accuracy"": 0.5714285714285714}, ""y1_a1"": {""n"": 65, ""accuracy"": 0.4461538461538462}}",0.6099847270817764
isic2019,dinov2_b14_518,trapB,4,dfr,test_rev,0.8615959595959596,0.7995071684587812,0.8349336991312301,640,90,505,0.8546875,0.7388888888888889,0.3333333333333333,"{""y0_a0"": {""n"": 54, ""accuracy"": 0.8518518518518519}, ""y0_a1"": {""n"": 496, ""accuracy"": 0.905241935483871}, ""y1_a0"": {""n"": 81, ""accuracy"": 0.6049382716049383}, ""y1_a1"": {""n"": 9, ""accuracy"": 0.3333333333333333}}",0.6099847270817764
isic2019,dinov2_b14_518,trapB,4,leace_paired,clean,0.7657894736842105,,0.7657894736842105,472,92,0,0.7055084745762712,0.6729405034324942,,"{""y0_a0"": {""n"": 380, ""accuracy"": 0.7263157894736842}, ""y0_a1"": {""n"": 0, ""accuracy"": NaN}, ""y1_a0"": {""n"": 92, ""accuracy"": 0.6195652173913043}, ""y1_a1"": {""n"": 0, ""accuracy"": NaN}}",0.23166648812732174
isic2019,dinov2_b14_518,trapB,4,leace_paired,test_corr,0.8885251322751322,0.7267399267399268,0.7067271352985639,492,72,107,0.7032520325203252,0.78015873015873,0.16666666666666666,"{""y0_a0"": {""n"": 378, ""accuracy"": 0.7275132275132276}, ""y0_a1"": {""n"": 42, ""accuracy"": 0.16666666666666666}, ""y1_a0"": {""n"": 7, ""accuracy"": 0.5714285714285714}, ""y1_a1"": {""n"": 65, ""accuracy"": 0.9230769230769231}}",0.23166648812732174
isic2019,dinov2_b14_518,trapB,4,leace_paired,test_rev,0.4804848484848485,0.6908602150537635,0.7690900777320532,640,90,505,0.35,0.4824242424242424,0.25,"{""y0_a0"": {""n"": 54, ""accuracy"": 0.7407407407407407}, ""y0_a1"": {""n"": 496, ""accuracy"": 0.25}, ""y1_a0"": {""n"": 81, ""accuracy"": 0.6419753086419753}, ""y1_a1"": {""n"": 9, ""accuracy"": 0.8888888888888888}}",0.23166648812732174
isic2019,dinov2_b14_518,trapB,4,leace_unpaired,clean,0.770966819221968,,0.770966819221968,472,92,0,0.7055084745762712,0.7017734553775743,,"{""y0_a0"": {""n"": 380, ""accuracy"": 0.7078947368421052}, ""y0_a1"": {""n"": 0, ""accuracy"": NaN}, ""y1_a0"": {""n"": 92, ""accuracy"": 0.6956521739130435}, ""y1_a1"": {""n"": 0, ""accuracy"": NaN}}",0.5152134296484873
isic2019,dinov2_b14_518,trapB,4,leace_unpaired,test_corr,0.6145502645502645,0.7040293040293041,0.8261526832955405,492,72,107,0.676829268292683,0.5863095238095238,0.4307692307692308,"{""y0_a0"": {""n"": 378, ""accuracy"": 0.708994708994709}, ""y0_a1"": {""n"": 42, ""accuracy"": 0.7619047619047619}, ""y1_a0"": {""n"": 7, ""accuracy"": 0.7142857142857143}, ""y1_a1"": {""n"": 65, ""accuracy"": 0.4307692307692308}}",0.5152134296484873
isic2019,dinov2_b14_518,trapB,4,leace_unpaired,test_rev,0.8570909090909091,0.6664426523297491,0.7768632830361225,640,90,505,0.8265625,0.768989898989899,0.3333333333333333,"{""y0_a0"": {""n"": 54, ""accuracy"": 0.6481481481481481}, ""y0_a1"": {""n"": 496, ""accuracy"": 0.8709677419354839}, ""y1_a0"": {""n"": 81, ""accuracy"": 0.7283950617283951}, ""y1_a1"": {""n"": 9, ""accuracy"": 0.3333333333333333}}",0.5152134296484873
isic2019,dinov2_b14_518,trapB,4,i2e,clean,0.7348398169336385,,0.7348398169336385,472,92,0,0.711864406779661,0.6604118993135011,,"{""y0_a0"": {""n"": 380, ""accuracy"": 0.7447368421052631}, ""y0_a1"": {""n"": 0, ""accuracy"": NaN}, ""y1_a0"": {""n"": 92, ""accuracy"": 0.5760869565217391}, ""y1_a1"": {""n"": 0, ""accuracy"": NaN}}",0.25751262208511155
isic2019,dinov2_b14_518,trapB,4,i2e,test_corr,0.9082010582010582,0.721978021978022,0.6500377928949358,492,72,107,0.7154471544715447,0.8045634920634921,0.07142857142857142,"{""y0_a0"": {""n"": 378, ""accuracy"": 0.746031746031746}, ""y0_a1"": {""n"": 42, ""accuracy"": 0.07142857142857142}, ""y1_a0"": {""n"": 7, ""accuracy"": 0.42857142857142855}, ""y1_a1"": {""n"": 65, ""accuracy"": 0.9846153846153847}}",0.25751262208511155
isic2019,dinov2_b14_518,trapB,4,i2e,test_rev,0.4219393939393939,0.7437275985663083,0.7053040695016003,640,90,505,0.2671875,0.4203030303030303,0.15725806451612903,"{""y0_a0"": {""n"": 54, ""accuracy"": 0.6666666666666666}, ""y0_a1"": {""n"": 496, ""accuracy"": 0.15725806451612903}, ""y1_a0"": {""n"": 81, ""accuracy"": 0.5925925925925926}, ""y1_a1"": {""n"": 9, ""accuracy"": 1.0}}",0.25751262208511155
isic2019,dinov2_b14_518,trapB,4,i2e_balanced,clean,0.7979977116704805,,0.7979977116704805,472,92,0,0.7288135593220338,0.6997711670480549,,"{""y0_a0"": {""n"": 380, ""accuracy"": 0.7473684210526316}, ""y0_a1"": {""n"": 0, ""accuracy"": NaN}, ""y1_a0"": {""n"": 92, ""accuracy"": 0.6521739130434783}, ""y1_a1"": {""n"": 0, ""accuracy"": NaN}}",0.35621136710307655
isic2019,dinov2_b14_518,trapB,4,i2e_balanced,test_corr,0.8415013227513227,0.765934065934066,0.8117913832199546,492,72,107,0.7398373983739838,0.7498015873015873,0.6190476190476191,"{""y0_a0"": {""n"": 378, ""accuracy"": 0.7486772486772487}, ""y0_a1"": {""n"": 42, ""accuracy"": 0.6190476190476191}, ""y1_a0"": {""n"": 7, ""accuracy"": 0.8571428571428571}, ""y1_a1"": {""n"": 65, ""accuracy"": 0.7538461538461538}}",0.35621136710307655
isic2019,dinov2_b14_518,trapB,4,i2e_balanced,test_rev,0.7226666666666666,0.7011648745519714,0.7924096936442615,640,90,505,0.6390625,0.6552525252525252,0.6229838709677419,"{""y0_a0"": {""n"": 54, ""accuracy"": 0.7222222222222222}, ""y0_a1"": {""n"": 496, ""accuracy"": 0.6229838709677419}, ""y1_a0"": {""n"": 81, ""accuracy"": 0.6790123456790124}, ""y1_a1"": {""n"": 9, ""accuracy"": 0.6666666666666666}}",0.35621136710307655
isic2019,dinov2_b14_518,trapB,4,i2e_rank1,clean,0.7576659038901602,,0.7576659038901602,472,92,0,0.7139830508474576,0.6534897025171624,,"{""y0_a0"": {""n"": 380, ""accuracy"": 0.7526315789473684}, ""y0_a1"": {""n"": 0, ""accuracy"": NaN}, ""y1_a0"": {""n"": 92, ""accuracy"": 0.5543478260869565}, ""y1_a1"": {""n"": 0, ""accuracy"": NaN}}",0.193283252981117
isic2019,dinov2_b14_518,trapB,4,i2e_rank1,test_corr,0.9077380952380952,0.6956043956043957,0.7399848828420257,492,72,107,0.717479674796748,0.8057539682539683,0.023809523809523808,"{""y0_a0"": {""n"": 378, ""accuracy"": 0.753968253968254}, ""y0_a1"": {""n"": 42, ""accuracy"": 0.023809523809523808}, ""y1_a0"": {""n"": 7, ""accuracy"": 0.5714285714285714}, ""y1_a1"": {""n"": 65, ""accuracy"": 0.9692307692307692}}",0.193283252981117
isic2019,dinov2_b14_518,trapB,4,i2e_rank1,test_rev,0.3678585858585859,0.6886200716845877,0.7583447645176041,640,90,505,0.246875,0.3991919191919192,0.12096774193548387,"{""y0_a0"": {""n"": 54, ""accuracy"": 0.7962962962962963}, ""y0_a1"": {""n"": 496, ""accuracy"": 0.12096774193548387}, ""y1_a0"": {""n"": 81, ""accuracy"": 0.5679012345679012}, ""y1_a1"": {""n"": 9, ""accuracy"": 1.0}}",0.193283252981117
isic2019,dinov2_b14_518,trapB,4,insert_aug,clean,0.7606693363844393,,0.7606693363844393,472,92,0,0.739406779661017,0.6486842105263158,,"{""y0_a0"": {""n"": 380, ""accuracy"": 0.7973684210526316}, ""y0_a1"": {""n"": 0, ""accuracy"": NaN}, ""y1_a0"": {""n"": 92, ""accuracy"": 0.5}, ""y1_a1"": {""n"": 0, ""accuracy"": NaN}}",0.215892594092872
isic2019,dinov2_b14_518,trapB,4,insert_aug,test_corr,0.9027777777777779,0.6945054945054945,0.7418745275888132,492,72,107,0.7459349593495935,0.7878968253968254,0.09523809523809523,"{""y0_a0"": {""n"": 378, ""accuracy"": 0.798941798941799}, ""y0_a1"": {""n"": 42, ""accuracy"": 0.09523809523809523}, ""y1_a0"": {""n"": 7, ""accuracy"": 0.2857142857142857}, ""y1_a1"": {""n"": 65, ""accuracy"": 0.9076923076923077}}",0.215892594092872
isic2019,dinov2_b14_518,trapB,4,insert_aug,test_rev,0.379030303030303,0.6861559139784945,0.7478280749885688,640,90,505,0.2640625,0.38595959595959595,0.1532258064516129,"{""y0_a0"": {""n"": 54, ""accuracy"": 0.7962962962962963}, ""y0_a1"": {""n"": 496, ""accuracy"": 0.1532258064516129}, ""y1_a0"": {""n"": 81, ""accuracy"": 0.5061728395061729}, ""y1_a1"": {""n"": 9, ""accuracy"": 1.0}}",0.215892594092872
