phase,artifact,backbone,method,overlap,seed,env,auc,auc_artifact_present,auc_artifact_absent,n,n_pos,n_artifact_present,accuracy,balanced_accuracy,worst_group_accuracy,group_details_json,threshold_clean_val
corr,debris,medsiglip_448,erm,0.0,42,clean,0.9110559006211181,,0.9110559006211181,150,115,0,0.8533333333333334,0.7950310559006211,,"{""y0_a0"": {""n"": 35, ""accuracy"": 0.6857142857142857}, ""y0_a1"": {""n"": 0, ""accuracy"": NaN}, ""y1_a0"": {""n"": 115, ""accuracy"": 0.9043478260869565}, ""y1_a1"": {""n"": 0, ""accuracy"": NaN}}",0.2619169303407128
corr,debris,medsiglip_448,erm,0.0,42,test_corr,0.9791304347826087,1.0,0.8865546218487395,150,115,102,0.9133333333333333,0.8341614906832298,0.6764705882352942,"{""y0_a0"": {""n"": 34, ""accuracy"": 0.6764705882352942}, ""y0_a1"": {""n"": 1, ""accuracy"": 1.0}, ""y1_a0"": {""n"": 14, ""accuracy"": 0.8571428571428571}, ""y1_a1"": {""n"": 101, ""accuracy"": 1.0}}",0.2619169303407128
corr,debris,medsiglip_448,erm,0.0,42,test_rev,0.6392546583850932,0.9327956989247312,0.912621359223301,150,115,43,0.7866666666666666,0.6521739130434783,0.3548387096774194,"{""y0_a0"": {""n"": 4, ""accuracy"": 0.75}, ""y0_a1"": {""n"": 31, ""accuracy"": 0.3548387096774194}, ""y1_a0"": {""n"": 103, ""accuracy"": 0.8932038834951457}, ""y1_a1"": {""n"": 12, ""accuracy"": 1.0}}",0.2619169303407128
corr,debris,medsiglip_448,mask,0.0,42,clean,0.9602484472049689,,0.9602484472049689,150,115,0,0.8733333333333333,0.8776397515527949,,"{""y0_a0"": {""n"": 35, ""accuracy"": 0.8857142857142857}, ""y0_a1"": {""n"": 0, ""accuracy"": NaN}, ""y1_a0"": {""n"": 115, ""accuracy"": 0.8695652173913043}, ""y1_a1"": {""n"": 0, ""accuracy"": NaN}}",0.5642220211989549
corr,debris,medsiglip_448,mask,0.0,42,test_corr,0.9602484472049689,1.0,0.9831932773109243,150,115,102,0.8733333333333333,0.8776397515527949,0.8613861386138614,"{""y0_a0"": {""n"": 34, ""accuracy"": 0.8823529411764706}, ""y0_a1"": {""n"": 1, ""accuracy"": 1.0}, ""y1_a0"": {""n"": 14, ""accuracy"": 0.9285714285714286}, ""y1_a1"": {""n"": 101, ""accuracy"": 0.8613861386138614}}",0.5642220211989549
corr,debris,medsiglip_448,mask,0.0,42,test_rev,0.9602484472049689,0.989247311827957,0.9344660194174758,150,115,43,0.8733333333333333,0.8776397515527949,0.75,"{""y0_a0"": {""n"": 4, ""accuracy"": 0.75}, ""y0_a1"": {""n"": 31, ""accuracy"": 0.9032258064516129}, ""y1_a0"": {""n"": 103, ""accuracy"": 0.8640776699029126}, ""y1_a1"": {""n"": 12, ""accuracy"": 0.9166666666666666}}",0.5642220211989549
corr,debris,medsiglip_448,inpaint,0.0,42,clean,0.9105590062111801,,0.9105590062111801,150,115,0,0.8333333333333334,0.7720496894409938,,"{""y0_a0"": {""n"": 35, ""accuracy"": 0.6571428571428571}, ""y0_a1"": {""n"": 0, ""accuracy"": NaN}, ""y1_a0"": {""n"": 115, ""accuracy"": 0.8869565217391304}, ""y1_a1"": {""n"": 0, ""accuracy"": NaN}}",0.4339378309859344
corr,debris,medsiglip_448,inpaint,0.0,42,test_corr,0.9237267080745342,1.0,0.8949579831932774,150,115,102,0.84,0.7763975155279503,0.6470588235294118,"{""y0_a0"": {""n"": 34, ""accuracy"": 0.6470588235294118}, ""y0_a1"": {""n"": 1, ""accuracy"": 1.0}, ""y1_a0"": {""n"": 14, ""accuracy"": 0.8571428571428571}, ""y1_a1"": {""n"": 101, ""accuracy"": 0.900990099009901}}",0.4339378309859344
corr,debris,medsiglip_448,inpaint,0.0,42,test_rev,0.8909316770186335,0.9543010752688172,0.8713592233009708,150,115,43,0.8333333333333334,0.7720496894409938,0.5,"{""y0_a0"": {""n"": 4, ""accuracy"": 0.5}, ""y0_a1"": {""n"": 31, ""accuracy"": 0.6774193548387096}, ""y1_a0"": {""n"": 103, ""accuracy"": 0.8737864077669902}, ""y1_a1"": {""n"": 12, ""accuracy"": 1.0}}",0.4339378309859344
corr,debris,medsiglip_448,balanced,0.0,42,clean,0.9182608695652172,,0.9182608695652172,150,115,0,0.82,0.7832298136645963,,"{""y0_a0"": {""n"": 35, ""accuracy"": 0.7142857142857143}, ""y0_a1"": {""n"": 0, ""accuracy"": NaN}, ""y1_a0"": {""n"": 115, ""accuracy"": 0.8521739130434782}, ""y1_a1"": {""n"": 0, ""accuracy"": NaN}}",0.492281805225066
corr,debris,medsiglip_448,balanced,0.0,42,test_corr,0.937639751552795,1.0,0.9180672268907563,150,115,102,0.8466666666666667,0.8006211180124223,0.7058823529411765,"{""y0_a0"": {""n"": 34, ""accuracy"": 0.7058823529411765}, ""y0_a1"": {""n"": 1, ""accuracy"": 1.0}, ""y1_a0"": {""n"": 14, ""accuracy"": 0.7857142857142857}, ""y1_a1"": {""n"": 101, ""accuracy"": 0.900990099009901}}",0.492281805225066
corr,debris,medsiglip_448,balanced,0.0,42,test_rev,0.8864596273291925,0.9650537634408602,0.7864077669902912,150,115,43,0.8066666666666666,0.7447204968944099,0.25,"{""y0_a0"": {""n"": 4, ""accuracy"": 0.25}, ""y0_a1"": {""n"": 31, ""accuracy"": 0.6774193548387096}, ""y1_a0"": {""n"": 103, ""accuracy"": 0.8446601941747572}, ""y1_a1"": {""n"": 12, ""accuracy"": 1.0}}",0.492281805225066
corr,debris,medsiglip_448,dfr,0.0,42,clean,0.8745341614906832,,0.8745341614906832,150,115,0,0.8133333333333334,0.768944099378882,,"{""y0_a0"": {""n"": 35, ""accuracy"": 0.6857142857142857}, ""y0_a1"": {""n"": 0, ""accuracy"": NaN}, ""y1_a0"": {""n"": 115, ""accuracy"": 0.8521739130434782}, ""y1_a1"": {""n"": 0, ""accuracy"": NaN}}",0.5341136673517513
corr,debris,medsiglip_448,dfr,0.0,42,test_corr,0.8680745341614907,0.9900990099009901,0.8718487394957983,150,115,102,0.8133333333333334,0.768944099378882,0.6764705882352942,"{""y0_a0"": {""n"": 34, ""accuracy"": 0.6764705882352942}, ""y0_a1"": {""n"": 1, ""accuracy"": 1.0}, ""y1_a0"": {""n"": 14, ""accuracy"": 0.7857142857142857}, ""y1_a1"": {""n"": 101, ""accuracy"": 0.8613861386138614}}",0.5341136673517513
corr,debris,medsiglip_448,dfr,0.0,42,test_rev,0.8742857142857143,0.8951612903225806,0.8179611650485437,150,115,43,0.8133333333333334,0.768944099378882,0.25,"{""y0_a0"": {""n"": 4, ""accuracy"": 0.25}, ""y0_a1"": {""n"": 31, ""accuracy"": 0.7419354838709677}, ""y1_a0"": {""n"": 103, ""accuracy"": 0.8543689320388349}, ""y1_a1"": {""n"": 12, ""accuracy"": 0.8333333333333334}}",0.5341136673517513
corr,debris,medsiglip_448,leace,0.0,42,clean,0.9142857142857143,,0.9142857142857143,150,115,0,0.84,0.7962732919254658,,"{""y0_a0"": {""n"": 35, ""accuracy"": 0.7142857142857143}, ""y0_a1"": {""n"": 0, ""accuracy"": NaN}, ""y1_a0"": {""n"": 115, ""accuracy"": 0.8782608695652174}, ""y1_a1"": {""n"": 0, ""accuracy"": NaN}}",0.48719266815031864
corr,debris,medsiglip_448,leace,0.0,42,test_corr,0.9122981366459627,1.0,0.903361344537815,150,115,102,0.8466666666666667,0.8006211180124223,0.7058823529411765,"{""y0_a0"": {""n"": 34, ""accuracy"": 0.7058823529411765}, ""y0_a1"": {""n"": 1, ""accuracy"": 1.0}, ""y1_a0"": {""n"": 14, ""accuracy"": 0.8571428571428571}, ""y1_a1"": {""n"": 101, ""accuracy"": 0.8910891089108911}}",0.48719266815031864
corr,debris,medsiglip_448,leace,0.0,42,test_rev,0.9043478260869565,0.9381720430107527,0.883495145631068,150,115,43,0.8466666666666667,0.8105590062111802,0.7419354838709677,"{""y0_a0"": {""n"": 4, ""accuracy"": 0.75}, ""y0_a1"": {""n"": 31, ""accuracy"": 0.7419354838709677}, ""y1_a0"": {""n"": 103, ""accuracy"": 0.8640776699029126}, ""y1_a1"": {""n"": 12, ""accuracy"": 1.0}}",0.48719266815031864
corr,debris,medsiglip_448,umte_protect,0.0,42,clean,0.9458385093167702,,0.9458385093167702,150,115,0,0.8866666666666667,0.8763975155279503,,"{""y0_a0"": {""n"": 35, ""accuracy"": 0.8571428571428571}, ""y0_a1"": {""n"": 0, ""accuracy"": NaN}, ""y1_a0"": {""n"": 115, ""accuracy"": 0.8956521739130435}, ""y1_a1"": {""n"": 0, ""accuracy"": NaN}}",0.42651013049431163
corr,debris,medsiglip_448,umte_protect,0.0,42,test_corr,0.9458385093167702,1.0,0.9684873949579832,150,115,102,0.8866666666666667,0.8763975155279503,0.8529411764705882,"{""y0_a0"": {""n"": 34, ""accuracy"": 0.8529411764705882}, ""y0_a1"": {""n"": 1, ""accuracy"": 1.0}, ""y1_a0"": {""n"": 14, ""accuracy"": 1.0}, ""y1_a1"": {""n"": 101, ""accuracy"": 0.8811881188118812}}",0.42651013049431163
corr,debris,medsiglip_448,umte_protect,0.0,42,test_rev,0.9458385093167702,0.967741935483871,0.9247572815533981,150,115,43,0.8866666666666667,0.8763975155279503,0.75,"{""y0_a0"": {""n"": 4, ""accuracy"": 0.75}, ""y0_a1"": {""n"": 31, ""accuracy"": 0.8709677419354839}, ""y1_a0"": {""n"": 103, ""accuracy"": 0.883495145631068}, ""y1_a1"": {""n"": 12, ""accuracy"": 1.0}}",0.42651013049431163
corr,debris,medsiglip_448,umte_protect_balanced,0.0,42,clean,0.942111801242236,,0.942111801242236,150,115,0,0.88,0.8919254658385093,,"{""y0_a0"": {""n"": 35, ""accuracy"": 0.9142857142857143}, ""y0_a1"": {""n"": 0, ""accuracy"": NaN}, ""y1_a0"": {""n"": 115, ""accuracy"": 0.8695652173913043}, ""y1_a1"": {""n"": 0, ""accuracy"": NaN}}",0.531763266186078
corr,debris,medsiglip_448,umte_protect_balanced,0.0,42,test_corr,0.942111801242236,0.9801980198019802,0.9726890756302521,150,115,102,0.88,0.8919254658385093,0.8514851485148515,"{""y0_a0"": {""n"": 34, ""accuracy"": 0.9117647058823529}, ""y0_a1"": {""n"": 1, ""accuracy"": 1.0}, ""y1_a0"": {""n"": 14, ""accuracy"": 1.0}, ""y1_a1"": {""n"": 101, ""accuracy"": 0.8514851485148515}}",0.531763266186078
corr,debris,medsiglip_448,umte_protect_balanced,0.0,42,test_rev,0.942111801242236,0.9704301075268817,0.9150485436893204,150,115,43,0.88,0.8919254658385093,0.8543689320388349,"{""y0_a0"": {""n"": 4, ""accuracy"": 1.0}, ""y0_a1"": {""n"": 31, ""accuracy"": 0.9032258064516129}, ""y1_a0"": {""n"": 103, ""accuracy"": 0.8543689320388349}, ""y1_a1"": {""n"": 12, ""accuracy"": 1.0}}",0.531763266186078
corr,debris,medsiglip_448,i2e,0.0,42,clean,0.9050931677018634,,0.9050931677018634,150,115,0,0.8666666666666667,0.8335403726708075,,"{""y0_a0"": {""n"": 35, ""accuracy"": 0.7714285714285715}, ""y0_a1"": {""n"": 0, ""accuracy"": NaN}, ""y1_a0"": {""n"": 115, ""accuracy"": 0.8956521739130435}, ""y1_a1"": {""n"": 0, ""accuracy"": NaN}}",0.3304914225755987
corr,debris,medsiglip_448,i2e,0.0,42,test_corr,0.9783850931677018,1.0,0.8991596638655461,150,115,102,0.92,0.858385093167702,0.0,"{""y0_a0"": {""n"": 34, ""accuracy"": 0.7647058823529411}, ""y0_a1"": {""n"": 1, ""accuracy"": 0.0}, ""y1_a0"": {""n"": 14, ""accuracy"": 0.7857142857142857}, ""y1_a1"": {""n"": 101, ""accuracy"": 1.0}}",0.3304914225755987
corr,debris,medsiglip_448,i2e,0.0,42,test_rev,0.6022360248447205,0.9166666666666666,0.9490291262135923,150,115,43,0.7533333333333333,0.5807453416149069,0.16129032258064516,"{""y0_a0"": {""n"": 4, ""accuracy"": 1.0}, ""y0_a1"": {""n"": 31, ""accuracy"": 0.16129032258064516}, ""y1_a0"": {""n"": 103, ""accuracy"": 0.8932038834951457}, ""y1_a1"": {""n"": 12, ""accuracy"": 1.0}}",0.3304914225755987
corr,debris,medsiglip_448,i2e_balanced,0.0,42,clean,0.9016149068322981,,0.9016149068322981,150,115,0,0.86,0.7795031055900621,,"{""y0_a0"": {""n"": 35, ""accuracy"": 0.6285714285714286}, ""y0_a1"": {""n"": 0, ""accuracy"": NaN}, ""y1_a0"": {""n"": 115, ""accuracy"": 0.9304347826086956}, ""y1_a1"": {""n"": 0, ""accuracy"": NaN}}",0.39384412158831494
corr,debris,medsiglip_448,i2e_balanced,0.0,42,test_corr,0.9386335403726708,1.0,0.8991596638655462,150,115,102,0.88,0.7925465838509317,0.6176470588235294,"{""y0_a0"": {""n"": 34, ""accuracy"": 0.6176470588235294}, ""y0_a1"": {""n"": 1, ""accuracy"": 1.0}, ""y1_a0"": {""n"": 14, ""accuracy"": 0.9285714285714286}, ""y1_a1"": {""n"": 101, ""accuracy"": 0.9603960396039604}}",0.39384412158831494
corr,debris,medsiglip_448,i2e_balanced,0.0,42,test_rev,0.8327950310559006,0.9408602150537633,0.8033980582524272,150,115,43,0.82,0.6838509316770186,0.25,"{""y0_a0"": {""n"": 4, ""accuracy"": 0.25}, ""y0_a1"": {""n"": 31, ""accuracy"": 0.45161290322580644}, ""y1_a0"": {""n"": 103, ""accuracy"": 0.9320388349514563}, ""y1_a1"": {""n"": 12, ""accuracy"": 1.0}}",0.39384412158831494
corr,debris,medsiglip_448,i2e_rank1,0.0,42,clean,0.9217391304347826,,0.9217391304347826,150,115,0,0.86,0.8093167701863354,,"{""y0_a0"": {""n"": 35, ""accuracy"": 0.7142857142857143}, ""y0_a1"": {""n"": 0, ""accuracy"": NaN}, ""y1_a0"": {""n"": 115, ""accuracy"": 0.9043478260869565}, ""y1_a1"": {""n"": 0, ""accuracy"": NaN}}",0.29974297113274295
corr,debris,medsiglip_448,i2e_rank1,0.0,42,test_corr,0.9813664596273293,1.0,0.9033613445378151,150,115,102,0.92,0.8484472049689441,0.7058823529411765,"{""y0_a0"": {""n"": 34, ""accuracy"": 0.7058823529411765}, ""y0_a1"": {""n"": 1, ""accuracy"": 1.0}, ""y1_a0"": {""n"": 14, ""accuracy"": 0.8571428571428571}, ""y1_a1"": {""n"": 101, ""accuracy"": 1.0}}",0.29974297113274295
corr,debris,medsiglip_448,i2e_rank1,0.0,42,test_rev,0.6785093167701862,0.9408602150537635,0.9223300970873787,150,115,43,0.7866666666666666,0.6521739130434783,0.3548387096774194,"{""y0_a0"": {""n"": 4, ""accuracy"": 0.75}, ""y0_a1"": {""n"": 31, ""accuracy"": 0.3548387096774194}, ""y1_a0"": {""n"": 103, ""accuracy"": 0.8932038834951457}, ""y1_a1"": {""n"": 12, ""accuracy"": 1.0}}",0.29974297113274295
corr,debris,medsiglip_448,insert_aug,0.0,42,clean,0.9247204968944098,,0.9247204968944098,150,115,0,0.8733333333333333,0.837888198757764,,"{""y0_a0"": {""n"": 35, ""accuracy"": 0.7714285714285715}, ""y0_a1"": {""n"": 0, ""accuracy"": NaN}, ""y1_a0"": {""n"": 115, ""accuracy"": 0.9043478260869565}, ""y1_a1"": {""n"": 0, ""accuracy"": NaN}}",0.31273931290895585
corr,debris,medsiglip_448,insert_aug,0.0,42,test_corr,0.977639751552795,1.0,0.907563025210084,150,115,102,0.9266666666666666,0.8726708074534162,0.7647058823529411,"{""y0_a0"": {""n"": 34, ""accuracy"": 0.7647058823529411}, ""y0_a1"": {""n"": 1, ""accuracy"": 1.0}, ""y1_a0"": {""n"": 14, ""accuracy"": 0.8571428571428571}, ""y1_a1"": {""n"": 101, ""accuracy"": 0.9900990099009901}}",0.31273931290895585
corr,debris,medsiglip_448,insert_aug,0.0,42,test_rev,0.7227329192546584,0.9462365591397849,0.9514563106796117,150,115,43,0.8066666666666666,0.6950310559006211,0.41935483870967744,"{""y0_a0"": {""n"": 4, ""accuracy"": 1.0}, ""y0_a1"": {""n"": 31, ""accuracy"": 0.41935483870967744}, ""y1_a0"": {""n"": 103, ""accuracy"": 0.8932038834951457}, ""y1_a1"": {""n"": 12, ""accuracy"": 1.0}}",0.31273931290895585
corr,debris,medsiglip_448,mte,0.0,42,clean,0.9570186335403726,,0.9570186335403726,150,115,0,0.9,0.9049689440993789,,"{""y0_a0"": {""n"": 35, ""accuracy"": 0.9142857142857143}, ""y0_a1"": {""n"": 0, ""accuracy"": NaN}, ""y1_a0"": {""n"": 115, ""accuracy"": 0.8956521739130435}, ""y1_a1"": {""n"": 0, ""accuracy"": NaN}}",0.5045898338606891
corr,debris,medsiglip_448,mte,0.0,42,test_corr,0.9570186335403726,0.9702970297029703,0.9852941176470588,150,115,102,0.9,0.9049689440993789,0.8811881188118812,"{""y0_a0"": {""n"": 34, ""accuracy"": 0.9117647058823529}, ""y0_a1"": {""n"": 1, ""accuracy"": 1.0}, ""y1_a0"": {""n"": 14, ""accuracy"": 1.0}, ""y1_a1"": {""n"": 101, ""accuracy"": 0.8811881188118812}}",0.5045898338606891
corr,debris,medsiglip_448,mte,0.0,42,test_rev,0.9570186335403726,0.989247311827957,0.9296116504854369,150,115,43,0.9,0.9049689440993789,0.75,"{""y0_a0"": {""n"": 4, ""accuracy"": 0.75}, ""y0_a1"": {""n"": 31, ""accuracy"": 0.9354838709677419}, ""y1_a0"": {""n"": 103, ""accuracy"": 0.883495145631068}, ""y1_a1"": {""n"": 12, ""accuracy"": 1.0}}",0.5045898338606891
corr,debris,medsiglip_448,mte_balanced,0.0,42,clean,0.9587577639751553,,0.9587577639751553,150,115,0,0.8666666666666667,0.893167701863354,,"{""y0_a0"": {""n"": 35, ""accuracy"": 0.9428571428571428}, ""y0_a1"": {""n"": 0, ""accuracy"": NaN}, ""y1_a0"": {""n"": 115, ""accuracy"": 0.8434782608695652}, ""y1_a1"": {""n"": 0, ""accuracy"": NaN}}",0.544655129596285
corr,debris,medsiglip_448,mte_balanced,0.0,42,test_corr,0.9587577639751553,0.900990099009901,0.9936974789915967,150,115,102,0.8666666666666667,0.893167701863354,0.8217821782178217,"{""y0_a0"": {""n"": 34, ""accuracy"": 0.9411764705882353}, ""y0_a1"": {""n"": 1, ""accuracy"": 1.0}, ""y1_a0"": {""n"": 14, ""accuracy"": 1.0}, ""y1_a1"": {""n"": 101, ""accuracy"": 0.8217821782178217}}",0.544655129596285
corr,debris,medsiglip_448,mte_balanced,0.0,42,test_rev,0.9587577639751553,0.9946236559139785,0.9635922330097088,150,115,43,0.8666666666666667,0.893167701863354,0.8252427184466019,"{""y0_a0"": {""n"": 4, ""accuracy"": 1.0}, ""y0_a1"": {""n"": 31, ""accuracy"": 0.9354838709677419}, ""y1_a0"": {""n"": 103, ""accuracy"": 0.8252427184466019}, ""y1_a1"": {""n"": 12, ""accuracy"": 1.0}}",0.544655129596285
corr,debris,medsiglip_448,ui2e,0.0,42,clean,0.8727950310559006,,0.8727950310559006,150,115,0,0.8466666666666667,0.8105590062111802,,"{""y0_a0"": {""n"": 35, ""accuracy"": 0.7428571428571429}, ""y0_a1"": {""n"": 0, ""accuracy"": NaN}, ""y1_a0"": {""n"": 115, ""accuracy"": 0.8782608695652174}, ""y1_a1"": {""n"": 0, ""accuracy"": NaN}}",0.5000575021087302
corr,debris,medsiglip_448,ui2e,0.0,42,test_corr,0.9075776397515528,0.9900990099009901,0.8760504201680672,150,115,102,0.8666666666666667,0.8236024844720498,0.7352941176470589,"{""y0_a0"": {""n"": 34, ""accuracy"": 0.7352941176470589}, ""y0_a1"": {""n"": 1, ""accuracy"": 1.0}, ""y1_a0"": {""n"": 14, ""accuracy"": 0.7857142857142857}, ""y1_a1"": {""n"": 101, ""accuracy"": 0.9207920792079208}}",0.5000575021087302
corr,debris,medsiglip_448,ui2e,0.0,42,test_rev,0.822111801242236,0.9032258064516129,0.8859223300970874,150,115,43,0.8333333333333334,0.7720496894409938,0.6451612903225806,"{""y0_a0"": {""n"": 4, ""accuracy"": 0.75}, ""y0_a1"": {""n"": 31, ""accuracy"": 0.6451612903225806}, ""y1_a0"": {""n"": 103, ""accuracy"": 0.8737864077669902}, ""y1_a1"": {""n"": 12, ""accuracy"": 1.0}}",0.5000575021087302
corr,debris,medsiglip_448,ui2e_balanced,0.0,42,clean,0.8839751552795031,,0.8839751552795031,150,115,0,0.8266666666666667,0.817391304347826,,"{""y0_a0"": {""n"": 35, ""accuracy"": 0.8}, ""y0_a1"": {""n"": 0, ""accuracy"": NaN}, ""y1_a0"": {""n"": 115, ""accuracy"": 0.8347826086956521}, ""y1_a1"": {""n"": 0, ""accuracy"": NaN}}",0.49984959049771993
corr,debris,medsiglip_448,ui2e_balanced,0.0,42,test_corr,0.8842236024844721,1.0,0.8823529411764706,150,115,102,0.8266666666666667,0.817391304347826,0.7857142857142857,"{""y0_a0"": {""n"": 34, ""accuracy"": 0.7941176470588235}, ""y0_a1"": {""n"": 1, ""accuracy"": 1.0}, ""y1_a0"": {""n"": 14, ""accuracy"": 0.7857142857142857}, ""y1_a1"": {""n"": 101, ""accuracy"": 0.8415841584158416}}",0.49984959049771993
corr,debris,medsiglip_448,ui2e_balanced,0.0,42,test_rev,0.8752795031055901,0.9301075268817203,0.7888349514563107,150,115,43,0.8266666666666667,0.817391304347826,0.5,"{""y0_a0"": {""n"": 4, ""accuracy"": 0.5}, ""y0_a1"": {""n"": 31, ""accuracy"": 0.8387096774193549}, ""y1_a0"": {""n"": 103, ""accuracy"": 0.8252427184466019}, ""y1_a1"": {""n"": 12, ""accuracy"": 0.9166666666666666}}",0.49984959049771993
corr,debris,medsiglip_448,umte,0.0,42,clean,0.9455900621118012,,0.9455900621118012,150,115,0,0.9066666666666666,0.8795031055900622,,"{""y0_a0"": {""n"": 35, ""accuracy"": 0.8285714285714286}, ""y0_a1"": {""n"": 0, ""accuracy"": NaN}, ""y1_a0"": {""n"": 115, ""accuracy"": 0.9304347826086956}, ""y1_a1"": {""n"": 0, ""accuracy"": NaN}}",0.42551995450847496
corr,debris,medsiglip_448,umte,0.0,42,test_corr,0.9455900621118012,1.0,0.9621848739495799,150,115,102,0.9066666666666666,0.8795031055900622,0.8235294117647058,"{""y0_a0"": {""n"": 34, ""accuracy"": 0.8235294117647058}, ""y0_a1"": {""n"": 1, ""accuracy"": 1.0}, ""y1_a0"": {""n"": 14, ""accuracy"": 1.0}, ""y1_a1"": {""n"": 101, ""accuracy"": 0.9207920792079208}}",0.42551995450847496
corr,debris,medsiglip_448,umte,0.0,42,test_rev,0.9455900621118012,0.9811827956989247,0.9174757281553398,150,115,43,0.9066666666666666,0.8795031055900622,0.75,"{""y0_a0"": {""n"": 4, ""accuracy"": 0.75}, ""y0_a1"": {""n"": 31, ""accuracy"": 0.8387096774193549}, ""y1_a0"": {""n"": 103, ""accuracy"": 0.9223300970873787}, ""y1_a1"": {""n"": 12, ""accuracy"": 1.0}}",0.42551995450847496
corr,debris,medsiglip_448,umte_balanced,0.0,42,clean,0.9560248447204969,,0.9560248447204969,150,115,0,0.88,0.8720496894409937,,"{""y0_a0"": {""n"": 35, ""accuracy"": 0.8571428571428571}, ""y0_a1"": {""n"": 0, ""accuracy"": NaN}, ""y1_a0"": {""n"": 115, ""accuracy"": 0.8869565217391304}, ""y1_a1"": {""n"": 0, ""accuracy"": NaN}}",0.5078460353074487
corr,debris,medsiglip_448,umte_balanced,0.0,42,test_corr,0.9560248447204969,1.0,0.9852941176470588,150,115,102,0.88,0.8720496894409937,0.8529411764705882,"{""y0_a0"": {""n"": 34, ""accuracy"": 0.8529411764705882}, ""y0_a1"": {""n"": 1, ""accuracy"": 1.0}, ""y1_a0"": {""n"": 14, ""accuracy"": 1.0}, ""y1_a1"": {""n"": 101, ""accuracy"": 0.8712871287128713}}",0.5078460353074487
corr,debris,medsiglip_448,umte_balanced,0.0,42,test_rev,0.9560248447204969,0.9919354838709677,0.9514563106796117,150,115,43,0.88,0.8720496894409937,0.8387096774193549,"{""y0_a0"": {""n"": 4, ""accuracy"": 1.0}, ""y0_a1"": {""n"": 31, ""accuracy"": 0.8387096774193549}, ""y1_a0"": {""n"": 103, ""accuracy"": 0.8737864077669902}, ""y1_a1"": {""n"": 12, ""accuracy"": 1.0}}",0.5078460353074487
corr,debris,medsiglip_448,erm,0.0,123,clean,0.8929192546583852,,0.8929192546583852,150,115,0,0.8466666666666667,0.8006211180124223,,"{""y0_a0"": {""n"": 35, ""accuracy"": 0.7142857142857143}, ""y0_a1"": {""n"": 0, ""accuracy"": NaN}, ""y1_a0"": {""n"": 115, ""accuracy"": 0.8869565217391304}, ""y1_a1"": {""n"": 0, ""accuracy"": NaN}}",0.2391616551542676
corr,debris,medsiglip_448,erm,0.0,123,test_corr,0.9132919254658385,0.6802721088435374,0.9071428571428571,150,115,112,0.9133333333333333,0.8142857142857143,0.14285714285714285,"{""y0_a0"": {""n"": 28, ""accuracy"": 0.75}, ""y0_a1"": {""n"": 7, ""accuracy"": 0.14285714285714285}, ""y1_a0"": {""n"": 10, ""accuracy"": 1.0}, ""y1_a1"": {""n"": 105, ""accuracy"": 1.0}}",0.2391616551542676
corr,debris,medsiglip_448,erm,0.0,123,test_rev,0.5127950310559006,0.7792207792207793,0.8564814814814814,150,115,40,0.7466666666666667,0.5863354037267081,0.2727272727272727,"{""y0_a0"": {""n"": 2, ""accuracy"": 0.5}, ""y0_a1"": {""n"": 33, ""accuracy"": 0.2727272727272727}, ""y1_a0"": {""n"": 108, ""accuracy"": 0.8796296296296297}, ""y1_a1"": {""n"": 7, ""accuracy"": 1.0}}",0.2391616551542676
corr,debris,medsiglip_448,mask,0.0,123,clean,0.9602484472049689,,0.9602484472049689,150,115,0,0.8733333333333333,0.8776397515527949,,"{""y0_a0"": {""n"": 35, ""accuracy"": 0.8857142857142857}, ""y0_a1"": {""n"": 0, ""accuracy"": NaN}, ""y1_a0"": {""n"": 115, ""accuracy"": 0.8695652173913043}, ""y1_a1"": {""n"": 0, ""accuracy"": NaN}}",0.5642220211989549
corr,debris,medsiglip_448,mask,0.0,123,test_corr,0.9602484472049689,0.9877551020408163,0.9142857142857144,150,115,112,0.8733333333333333,0.8776397515527949,0.8,"{""y0_a0"": {""n"": 28, ""accuracy"": 0.8571428571428571}, ""y0_a1"": {""n"": 7, ""accuracy"": 1.0}, ""y1_a0"": {""n"": 10, ""accuracy"": 0.8}, ""y1_a1"": {""n"": 105, ""accuracy"": 0.8761904761904762}}",0.5642220211989549
corr,debris,medsiglip_448,mask,0.0,123,test_rev,0.9602484472049689,0.9437229437229437,1.0,150,115,40,0.8733333333333333,0.8776397515527949,0.8571428571428571,"{""y0_a0"": {""n"": 2, ""accuracy"": 1.0}, ""y0_a1"": {""n"": 33, ""accuracy"": 0.8787878787878788}, ""y1_a0"": {""n"": 108, ""accuracy"": 0.8703703703703703}, ""y1_a1"": {""n"": 7, ""accuracy"": 0.8571428571428571}}",0.5642220211989549
corr,debris,medsiglip_448,inpaint,0.0,123,clean,0.9088198757763974,,0.9088198757763974,150,115,0,0.8333333333333334,0.7720496894409938,,"{""y0_a0"": {""n"": 35, ""accuracy"": 0.6571428571428571}, ""y0_a1"": {""n"": 0, ""accuracy"": NaN}, ""y1_a0"": {""n"": 115, ""accuracy"": 0.8869565217391304}, ""y1_a1"": {""n"": 0, ""accuracy"": NaN}}",0.41419937449849936
corr,debris,medsiglip_448,inpaint,0.0,123,test_corr,0.9125465838509317,0.8625850340136055,0.9321428571428572,150,115,112,0.8533333333333334,0.7850931677018633,0.42857142857142855,"{""y0_a0"": {""n"": 28, ""accuracy"": 0.7142857142857143}, ""y0_a1"": {""n"": 7, ""accuracy"": 0.42857142857142855}, ""y1_a0"": {""n"": 10, ""accuracy"": 1.0}, ""y1_a1"": {""n"": 105, ""accuracy"": 0.9047619047619048}}",0.41419937449849936
corr,debris,medsiglip_448,inpaint,0.0,123,test_rev,0.8822360248447205,0.9393939393939394,0.8472222222222222,150,115,40,0.8266666666666667,0.7577639751552795,0.5,"{""y0_a0"": {""n"": 2, ""accuracy"": 0.5}, ""y0_a1"": {""n"": 33, ""accuracy"": 0.6363636363636364}, ""y1_a0"": {""n"": 108, ""accuracy"": 0.8796296296296297}, ""y1_a1"": {""n"": 7, ""accuracy"": 1.0}}",0.41419937449849936
corr,debris,medsiglip_448,balanced,0.0,123,clean,0.8633540372670807,,0.8633540372670807,150,115,0,0.8266666666666667,0.7875776397515528,,"{""y0_a0"": {""n"": 35, ""accuracy"": 0.7142857142857143}, ""y0_a1"": {""n"": 0, ""accuracy"": NaN}, ""y1_a0"": {""n"": 115, ""accuracy"": 0.8608695652173913}, ""y1_a1"": {""n"": 0, ""accuracy"": NaN}}",0.5046859635094254
corr,debris,medsiglip_448,balanced,0.0,123,test_corr,0.8479503105590063,0.7714285714285714,0.8857142857142857,150,115,112,0.8266666666666667,0.7875776397515528,0.5714285714285714,"{""y0_a0"": {""n"": 28, ""accuracy"": 0.75}, ""y0_a1"": {""n"": 7, ""accuracy"": 0.5714285714285714}, ""y1_a0"": {""n"": 10, ""accuracy"": 0.9}, ""y1_a1"": {""n"": 105, ""accuracy"": 0.8571428571428571}}",0.5046859635094254
corr,debris,medsiglip_448,balanced,0.0,123,test_rev,0.8695652173913044,0.9264069264069263,0.6944444444444444,150,115,40,0.8266666666666667,0.7875776397515528,0.5,"{""y0_a0"": {""n"": 2, ""accuracy"": 0.5}, ""y0_a1"": {""n"": 33, ""accuracy"": 0.7272727272727273}, ""y1_a0"": {""n"": 108, ""accuracy"": 0.8518518518518519}, ""y1_a1"": {""n"": 7, ""accuracy"": 1.0}}",0.5046859635094254
corr,debris,medsiglip_448,dfr,0.0,123,clean,0.8812422360248447,,0.8812422360248447,150,115,0,0.8333333333333334,0.7819875776397516,,"{""y0_a0"": {""n"": 35, ""accuracy"": 0.6857142857142857}, ""y0_a1"": {""n"": 0, ""accuracy"": NaN}, ""y1_a0"": {""n"": 115, ""accuracy"": 0.8782608695652174}, ""y1_a1"": {""n"": 0, ""accuracy"": NaN}}",0.4802227308925662
corr,debris,medsiglip_448,dfr,0.0,123,test_corr,0.8678260869565217,0.8027210884353743,0.8928571428571429,150,115,112,0.8266666666666667,0.7776397515527951,0.42857142857142855,"{""y0_a0"": {""n"": 28, ""accuracy"": 0.75}, ""y0_a1"": {""n"": 7, ""accuracy"": 0.42857142857142855}, ""y1_a0"": {""n"": 10, ""accuracy"": 0.9}, ""y1_a1"": {""n"": 105, ""accuracy"": 0.8666666666666667}}",0.4802227308925662
corr,debris,medsiglip_448,dfr,0.0,123,test_rev,0.8814906832298137,0.961038961038961,0.8148148148148149,150,115,40,0.8466666666666667,0.8105590062111802,0.5,"{""y0_a0"": {""n"": 2, ""accuracy"": 0.5}, ""y0_a1"": {""n"": 33, ""accuracy"": 0.7575757575757576}, ""y1_a0"": {""n"": 108, ""accuracy"": 0.8703703703703703}, ""y1_a1"": {""n"": 7, ""accuracy"": 1.0}}",0.4802227308925662
corr,debris,medsiglip_448,leace,0.0,123,clean,0.9127950310559007,,0.9127950310559007,150,115,0,0.8466666666666667,0.8105590062111802,,"{""y0_a0"": {""n"": 35, ""accuracy"": 0.7428571428571429}, ""y0_a1"": {""n"": 0, ""accuracy"": NaN}, ""y1_a0"": {""n"": 115, ""accuracy"": 0.8782608695652174}, ""y1_a1"": {""n"": 0, ""accuracy"": NaN}}",0.49446656485492857
corr,debris,medsiglip_448,leace,0.0,123,test_corr,0.9103105590062112,0.8693877551020407,0.9321428571428572,150,115,112,0.8466666666666667,0.8006211180124223,0.42857142857142855,"{""y0_a0"": {""n"": 28, ""accuracy"": 0.7857142857142857}, ""y0_a1"": {""n"": 7, ""accuracy"": 0.42857142857142855}, ""y1_a0"": {""n"": 10, ""accuracy"": 1.0}, ""y1_a1"": {""n"": 105, ""accuracy"": 0.8761904761904762}}",0.49446656485492857
corr,debris,medsiglip_448,leace,0.0,123,test_rev,0.9048447204968945,0.961038961038961,0.8611111111111112,150,115,40,0.84,0.7962732919254658,0.5,"{""y0_a0"": {""n"": 2, ""accuracy"": 0.5}, ""y0_a1"": {""n"": 33, ""accuracy"": 0.7272727272727273}, ""y1_a0"": {""n"": 108, ""accuracy"": 0.8703703703703703}, ""y1_a1"": {""n"": 7, ""accuracy"": 1.0}}",0.49446656485492857
corr,debris,medsiglip_448,umte_protect,0.0,123,clean,0.9458385093167702,,0.9458385093167702,150,115,0,0.8733333333333333,0.837888198757764,,"{""y0_a0"": {""n"": 35, ""accuracy"": 0.7714285714285715}, ""y0_a1"": {""n"": 0, ""accuracy"": NaN}, ""y1_a0"": {""n"": 115, ""accuracy"": 0.9043478260869565}, ""y1_a1"": {""n"": 0, ""accuracy"": NaN}}",0.3581294392318641
corr,debris,medsiglip_448,umte_protect,0.0,123,test_corr,0.9458385093167702,0.983673469387755,0.8964285714285714,150,115,112,0.8733333333333333,0.837888198757764,0.75,"{""y0_a0"": {""n"": 28, ""accuracy"": 0.75}, ""y0_a1"": {""n"": 7, ""accuracy"": 0.8571428571428571}, ""y1_a0"": {""n"": 10, ""accuracy"": 0.8}, ""y1_a1"": {""n"": 105, ""accuracy"": 0.9142857142857143}}",0.3581294392318641
corr,debris,medsiglip_448,umte_protect,0.0,123,test_rev,0.9458385093167702,0.9264069264069263,1.0,150,115,40,0.8733333333333333,0.837888198757764,0.7575757575757576,"{""y0_a0"": {""n"": 2, ""accuracy"": 1.0}, ""y0_a1"": {""n"": 33, ""accuracy"": 0.7575757575757576}, ""y1_a0"": {""n"": 108, ""accuracy"": 0.9074074074074074}, ""y1_a1"": {""n"": 7, ""accuracy"": 0.8571428571428571}}",0.3581294392318641
corr,debris,medsiglip_448,umte_protect_balanced,0.0,123,clean,0.9388819875776397,,0.9388819875776397,150,115,0,0.8733333333333333,0.837888198757764,,"{""y0_a0"": {""n"": 35, ""accuracy"": 0.7714285714285715}, ""y0_a1"": {""n"": 0, ""accuracy"": NaN}, ""y1_a0"": {""n"": 115, ""accuracy"": 0.9043478260869565}, ""y1_a1"": {""n"": 0, ""accuracy"": NaN}}",0.36965680285051145
corr,debris,medsiglip_448,umte_protect_balanced,0.0,123,test_corr,0.9388819875776397,0.982312925170068,0.8857142857142858,150,115,112,0.8733333333333333,0.837888198757764,0.75,"{""y0_a0"": {""n"": 28, ""accuracy"": 0.75}, ""y0_a1"": {""n"": 7, ""accuracy"": 0.8571428571428571}, ""y1_a0"": {""n"": 10, ""accuracy"": 0.8}, ""y1_a1"": {""n"": 105, ""accuracy"": 0.9142857142857143}}",0.36965680285051145
corr,debris,medsiglip_448,umte_protect_balanced,0.0,123,test_rev,0.9388819875776397,0.9264069264069263,0.9907407407407407,150,115,40,0.8733333333333333,0.837888198757764,0.7575757575757576,"{""y0_a0"": {""n"": 2, ""accuracy"": 1.0}, ""y0_a1"": {""n"": 33, ""accuracy"": 0.7575757575757576}, ""y1_a0"": {""n"": 108, ""accuracy"": 0.9074074074074074}, ""y1_a1"": {""n"": 7, ""accuracy"": 0.8571428571428571}}",0.36965680285051145
corr,debris,medsiglip_448,i2e,0.0,123,clean,0.880248447204969,,0.880248447204969,150,115,0,0.8533333333333334,0.8049689440993789,,"{""y0_a0"": {""n"": 35, ""accuracy"": 0.7142857142857143}, ""y0_a1"": {""n"": 0, ""accuracy"": NaN}, ""y1_a0"": {""n"": 115, ""accuracy"": 0.8956521739130435}, ""y1_a1"": {""n"": 0, ""accuracy"": NaN}}",0.4361014612013544
corr,debris,medsiglip_448,i2e,0.0,123,test_corr,0.9018633540372671,0.673469387755102,0.9071428571428571,150,115,112,0.9,0.7956521739130435,0.0,"{""y0_a0"": {""n"": 28, ""accuracy"": 0.75}, ""y0_a1"": {""n"": 7, ""accuracy"": 0.0}, ""y1_a0"": {""n"": 10, ""accuracy"": 1.0}, ""y1_a1"": {""n"": 105, ""accuracy"": 0.9904761904761905}}",0.4361014612013544
corr,debris,medsiglip_448,i2e,0.0,123,test_rev,0.5704347826086956,0.8051948051948052,0.8055555555555556,150,115,40,0.76,0.6049689440993788,0.30303030303030304,"{""y0_a0"": {""n"": 2, ""accuracy"": 0.5}, ""y0_a1"": {""n"": 33, ""accuracy"": 0.30303030303030304}, ""y1_a0"": {""n"": 108, ""accuracy"": 0.8888888888888888}, ""y1_a1"": {""n"": 7, ""accuracy"": 1.0}}",0.4361014612013544
corr,debris,medsiglip_448,i2e_balanced,0.0,123,clean,0.8675776397515528,,0.8675776397515528,150,115,0,0.8333333333333334,0.7819875776397516,,"{""y0_a0"": {""n"": 35, ""accuracy"": 0.6857142857142857}, ""y0_a1"": {""n"": 0, ""accuracy"": NaN}, ""y1_a0"": {""n"": 115, ""accuracy"": 0.8782608695652174}, ""y1_a1"": {""n"": 0, ""accuracy"": NaN}}",0.49980111040446523
corr,debris,medsiglip_448,i2e_balanced,0.0,123,test_corr,0.8762732919254659,0.7319727891156462,0.9142857142857144,150,115,112,0.8533333333333334,0.7850931677018633,0.14285714285714285,"{""y0_a0"": {""n"": 28, ""accuracy"": 0.7857142857142857}, ""y0_a1"": {""n"": 7, ""accuracy"": 0.14285714285714285}, ""y1_a0"": {""n"": 10, ""accuracy"": 1.0}, ""y1_a1"": {""n"": 105, ""accuracy"": 0.9047619047619048}}",0.49980111040446523
corr,debris,medsiglip_448,i2e_balanced,0.0,123,test_rev,0.8258385093167703,0.9004329004329005,0.7037037037037037,150,115,40,0.82,0.753416149068323,0.5,"{""y0_a0"": {""n"": 2, ""accuracy"": 0.5}, ""y0_a1"": {""n"": 33, ""accuracy"": 0.6363636363636364}, ""y1_a0"": {""n"": 108, ""accuracy"": 0.8703703703703703}, ""y1_a1"": {""n"": 7, ""accuracy"": 1.0}}",0.49980111040446523
corr,debris,medsiglip_448,i2e_rank1,0.0,123,clean,0.9063354037267082,,0.9063354037267082,150,115,0,0.86,0.8192546583850933,,"{""y0_a0"": {""n"": 35, ""accuracy"": 0.7428571428571429}, ""y0_a1"": {""n"": 0, ""accuracy"": NaN}, ""y1_a0"": {""n"": 115, ""accuracy"": 0.8956521739130435}, ""y1_a1"": {""n"": 0, ""accuracy"": NaN}}",0.2918845964838746
corr,debris,medsiglip_448,i2e_rank1,0.0,123,test_corr,0.9247204968944099,0.7319727891156463,0.9285714285714286,150,115,112,0.92,0.8285714285714285,0.14285714285714285,"{""y0_a0"": {""n"": 28, ""accuracy"": 0.7857142857142857}, ""y0_a1"": {""n"": 7, ""accuracy"": 0.14285714285714285}, ""y1_a0"": {""n"": 10, ""accuracy"": 1.0}, ""y1_a1"": {""n"": 105, ""accuracy"": 1.0}}",0.2918845964838746
corr,debris,medsiglip_448,i2e_rank1,0.0,123,test_rev,0.5709316770186336,0.8051948051948051,0.875,150,115,40,0.76,0.6049689440993788,0.30303030303030304,"{""y0_a0"": {""n"": 2, ""accuracy"": 0.5}, ""y0_a1"": {""n"": 33, ""accuracy"": 0.30303030303030304}, ""y1_a0"": {""n"": 108, ""accuracy"": 0.8888888888888888}, ""y1_a1"": {""n"": 7, ""accuracy"": 1.0}}",0.2918845964838746
corr,debris,medsiglip_448,insert_aug,0.0,123,clean,0.902111801242236,,0.902111801242236,150,115,0,0.8333333333333334,0.8118012422360248,,"{""y0_a0"": {""n"": 35, ""accuracy"": 0.7714285714285715}, ""y0_a1"": {""n"": 0, ""accuracy"": NaN}, ""y1_a0"": {""n"": 115, ""accuracy"": 0.8521739130434782}, ""y1_a1"": {""n"": 0, ""accuracy"": NaN}}",0.3236632244682941
corr,debris,medsiglip_448,insert_aug,0.0,123,test_corr,0.9199999999999999,0.7238095238095238,0.9321428571428572,150,115,112,0.92,0.8385093167701864,0.14285714285714285,"{""y0_a0"": {""n"": 28, ""accuracy"": 0.8214285714285714}, ""y0_a1"": {""n"": 7, ""accuracy"": 0.14285714285714285}, ""y1_a0"": {""n"": 10, ""accuracy"": 1.0}, ""y1_a1"": {""n"": 105, ""accuracy"": 0.9904761904761905}}",0.3236632244682941
corr,debris,medsiglip_448,insert_aug,0.0,123,test_rev,0.6196273291925466,0.8311688311688311,0.8611111111111112,150,115,40,0.74,0.6118012422360248,0.36363636363636365,"{""y0_a0"": {""n"": 2, ""accuracy"": 0.5}, ""y0_a1"": {""n"": 33, ""accuracy"": 0.36363636363636365}, ""y1_a0"": {""n"": 108, ""accuracy"": 0.8425925925925926}, ""y1_a1"": {""n"": 7, ""accuracy"": 1.0}}",0.3236632244682941
corr,debris,medsiglip_448,mte,0.0,123,clean,0.9570186335403726,,0.9570186335403726,150,115,0,0.9,0.9049689440993789,,"{""y0_a0"": {""n"": 35, ""accuracy"": 0.9142857142857143}, ""y0_a1"": {""n"": 0, ""accuracy"": NaN}, ""y1_a0"": {""n"": 115, ""accuracy"": 0.8956521739130435}, ""y1_a1"": {""n"": 0, ""accuracy"": NaN}}",0.5045898338606891
corr,debris,medsiglip_448,mte,0.0,123,test_corr,0.9570186335403726,0.9863945578231292,0.9178571428571428,150,115,112,0.9,0.9049689440993789,0.8,"{""y0_a0"": {""n"": 28, ""accuracy"": 0.8928571428571429}, ""y0_a1"": {""n"": 7, ""accuracy"": 1.0}, ""y1_a0"": {""n"": 10, ""accuracy"": 0.8}, ""y1_a1"": {""n"": 105, ""accuracy"": 0.9047619047619048}}",0.5045898338606891
corr,debris,medsiglip_448,mte,0.0,123,test_rev,0.9570186335403726,0.9653679653679653,0.9953703703703703,150,115,40,0.9,0.9049689440993789,0.8888888888888888,"{""y0_a0"": {""n"": 2, ""accuracy"": 1.0}, ""y0_a1"": {""n"": 33, ""accuracy"": 0.9090909090909091}, ""y1_a0"": {""n"": 108, ""accuracy"": 0.8888888888888888}, ""y1_a1"": {""n"": 7, ""accuracy"": 1.0}}",0.5045898338606891
corr,debris,medsiglip_448,mte_balanced,0.0,123,clean,0.9455900621118013,,0.9455900621118013,150,115,0,0.8933333333333333,0.831055900621118,,"{""y0_a0"": {""n"": 35, ""accuracy"": 0.7142857142857143}, ""y0_a1"": {""n"": 0, ""accuracy"": NaN}, ""y1_a0"": {""n"": 115, ""accuracy"": 0.9478260869565217}, ""y1_a1"": {""n"": 0, ""accuracy"": NaN}}",0.4484422584208268
corr,debris,medsiglip_448,mte_balanced,0.0,123,test_corr,0.9455900621118013,0.983673469387755,0.8964285714285714,150,115,112,0.8933333333333333,0.831055900621118,0.6428571428571429,"{""y0_a0"": {""n"": 28, ""accuracy"": 0.6428571428571429}, ""y0_a1"": {""n"": 7, ""accuracy"": 1.0}, ""y1_a0"": {""n"": 10, ""accuracy"": 0.8}, ""y1_a1"": {""n"": 105, ""accuracy"": 0.9619047619047619}}",0.4484422584208268
corr,debris,medsiglip_448,mte_balanced,0.0,123,test_rev,0.9455900621118013,0.948051948051948,0.9861111111111112,150,115,40,0.8933333333333333,0.831055900621118,0.696969696969697,"{""y0_a0"": {""n"": 2, ""accuracy"": 1.0}, ""y0_a1"": {""n"": 33, ""accuracy"": 0.696969696969697}, ""y1_a0"": {""n"": 108, ""accuracy"": 0.9444444444444444}, ""y1_a1"": {""n"": 7, ""accuracy"": 1.0}}",0.4484422584208268
corr,debris,medsiglip_448,ui2e,0.0,123,clean,0.8720496894409938,,0.8720496894409938,150,115,0,0.84,0.8161490683229814,,"{""y0_a0"": {""n"": 35, ""accuracy"": 0.7714285714285715}, ""y0_a1"": {""n"": 0, ""accuracy"": NaN}, ""y1_a0"": {""n"": 115, ""accuracy"": 0.8608695652173913}, ""y1_a1"": {""n"": 0, ""accuracy"": NaN}}",0.5000910192226563
corr,debris,medsiglip_448,ui2e,0.0,123,test_corr,0.8814906832298136,0.7346938775510203,0.9071428571428573,150,115,112,0.8733333333333333,0.8279503105590063,0.2857142857142857,"{""y0_a0"": {""n"": 28, ""accuracy"": 0.8571428571428571}, ""y0_a1"": {""n"": 7, ""accuracy"": 0.2857142857142857}, ""y1_a0"": {""n"": 10, ""accuracy"": 0.9}, ""y1_a1"": {""n"": 105, ""accuracy"": 0.9142857142857143}}",0.5000910192226563
corr,debris,medsiglip_448,ui2e,0.0,123,test_rev,0.80472049689441,0.8961038961038961,0.7083333333333334,150,115,40,0.8,0.7304347826086957,0.5,"{""y0_a0"": {""n"": 2, ""accuracy"": 0.5}, ""y0_a1"": {""n"": 33, ""accuracy"": 0.6060606060606061}, ""y1_a0"": {""n"": 108, ""accuracy"": 0.8518518518518519}, ""y1_a1"": {""n"": 7, ""accuracy"": 1.0}}",0.5000910192226563
corr,debris,medsiglip_448,ui2e_balanced,0.0,123,clean,0.871801242236025,,0.871801242236025,150,115,0,0.8133333333333334,0.7788819875776398,,"{""y0_a0"": {""n"": 35, ""accuracy"": 0.7142857142857143}, ""y0_a1"": {""n"": 0, ""accuracy"": NaN}, ""y1_a0"": {""n"": 115, ""accuracy"": 0.8434782608695652}, ""y1_a1"": {""n"": 0, ""accuracy"": NaN}}",0.5003856517146532
corr,debris,medsiglip_448,ui2e_balanced,0.0,123,test_corr,0.8683229813664597,0.7578231292517006,0.8964285714285714,150,115,112,0.8,0.7701863354037267,0.2857142857142857,"{""y0_a0"": {""n"": 28, ""accuracy"": 0.8214285714285714}, ""y0_a1"": {""n"": 7, ""accuracy"": 0.2857142857142857}, ""y1_a0"": {""n"": 10, ""accuracy"": 1.0}, ""y1_a1"": {""n"": 105, ""accuracy"": 0.8095238095238095}}",0.5003856517146532
corr,debris,medsiglip_448,ui2e_balanced,0.0,123,test_rev,0.8693167701863354,0.9177489177489178,0.6666666666666666,150,115,40,0.8133333333333334,0.7788819875776398,0.5,"{""y0_a0"": {""n"": 2, ""accuracy"": 0.5}, ""y0_a1"": {""n"": 33, ""accuracy"": 0.7272727272727273}, ""y1_a0"": {""n"": 108, ""accuracy"": 0.8425925925925926}, ""y1_a1"": {""n"": 7, ""accuracy"": 0.8571428571428571}}",0.5003856517146532
corr,debris,medsiglip_448,umte,0.0,123,clean,0.9455900621118012,,0.9455900621118012,150,115,0,0.9066666666666666,0.8795031055900622,,"{""y0_a0"": {""n"": 35, ""accuracy"": 0.8285714285714286}, ""y0_a1"": {""n"": 0, ""accuracy"": NaN}, ""y1_a0"": {""n"": 115, ""accuracy"": 0.9304347826086956}, ""y1_a1"": {""n"": 0, ""accuracy"": NaN}}",0.42551995450847496
corr,debris,medsiglip_448,umte,0.0,123,test_corr,0.9455900621118012,0.982312925170068,0.9321428571428572,150,115,112,0.9066666666666666,0.8795031055900622,0.7857142857142857,"{""y0_a0"": {""n"": 28, ""accuracy"": 0.7857142857142857}, ""y0_a1"": {""n"": 7, ""accuracy"": 1.0}, ""y1_a0"": {""n"": 10, ""accuracy"": 0.9}, ""y1_a1"": {""n"": 105, ""accuracy"": 0.9333333333333333}}",0.42551995450847496
corr,debris,medsiglip_448,umte,0.0,123,test_rev,0.9455900621118012,0.9393939393939393,0.9861111111111112,150,115,40,0.9066666666666666,0.8795031055900622,0.8181818181818182,"{""y0_a0"": {""n"": 2, ""accuracy"": 1.0}, ""y0_a1"": {""n"": 33, ""accuracy"": 0.8181818181818182}, ""y1_a0"": {""n"": 108, ""accuracy"": 0.9259259259259259}, ""y1_a1"": {""n"": 7, ""accuracy"": 1.0}}",0.42551995450847496
corr,debris,medsiglip_448,umte_balanced,0.0,123,clean,0.9314285714285715,,0.9314285714285715,150,115,0,0.8933333333333333,0.8807453416149068,,"{""y0_a0"": {""n"": 35, ""accuracy"": 0.8571428571428571}, ""y0_a1"": {""n"": 0, ""accuracy"": NaN}, ""y1_a0"": {""n"": 115, ""accuracy"": 0.9043478260869565}, ""y1_a1"": {""n"": 0, ""accuracy"": NaN}}",0.5304050273957506
corr,debris,medsiglip_448,umte_balanced,0.0,123,test_corr,0.9314285714285715,0.9782312925170068,0.9071428571428571,150,115,112,0.8933333333333333,0.8807453416149068,0.8,"{""y0_a0"": {""n"": 28, ""accuracy"": 0.8214285714285714}, ""y0_a1"": {""n"": 7, ""accuracy"": 1.0}, ""y1_a0"": {""n"": 10, ""accuracy"": 0.8}, ""y1_a1"": {""n"": 105, ""accuracy"": 0.9142857142857143}}",0.5304050273957506
corr,debris,medsiglip_448,umte_balanced,0.0,123,test_rev,0.9314285714285715,0.9264069264069263,0.9768518518518519,150,115,40,0.8933333333333333,0.8807453416149068,0.8484848484848485,"{""y0_a0"": {""n"": 2, ""accuracy"": 1.0}, ""y0_a1"": {""n"": 33, ""accuracy"": 0.8484848484848485}, ""y1_a0"": {""n"": 108, ""accuracy"": 0.9074074074074074}, ""y1_a1"": {""n"": 7, ""accuracy"": 0.8571428571428571}}",0.5304050273957506
corr,debris,medsiglip_448,erm,0.0,456,clean,0.9018633540372671,,0.9018633540372671,150,115,0,0.8666666666666667,0.8037267080745342,,"{""y0_a0"": {""n"": 35, ""accuracy"": 0.6857142857142857}, ""y0_a1"": {""n"": 0, ""accuracy"": NaN}, ""y1_a0"": {""n"": 115, ""accuracy"": 0.9217391304347826}, ""y1_a1"": {""n"": 0, ""accuracy"": NaN}}",0.22779636491950125
corr,debris,medsiglip_448,erm,0.0,456,test_corr,0.9768944099378882,0.780952380952381,0.9382352941176471,150,115,106,0.92,0.8285714285714285,0.0,"{""y0_a0"": {""n"": 34, ""accuracy"": 0.6764705882352942}, ""y0_a1"": {""n"": 1, ""accuracy"": 0.0}, ""y1_a0"": {""n"": 10, ""accuracy"": 1.0}, ""y1_a1"": {""n"": 105, ""accuracy"": 1.0}}",0.22779636491950125
corr,debris,medsiglip_448,erm,0.0,456,test_rev,0.6064596273291926,0.8103448275862069,0.7815533980582524,150,115,41,0.76,0.5751552795031056,0.1724137931034483,"{""y0_a0"": {""n"": 6, ""accuracy"": 0.5}, ""y0_a1"": {""n"": 29, ""accuracy"": 0.1724137931034483}, ""y1_a0"": {""n"": 103, ""accuracy"": 0.912621359223301}, ""y1_a1"": {""n"": 12, ""accuracy"": 1.0}}",0.22779636491950125
corr,debris,medsiglip_448,mask,0.0,456,clean,0.9602484472049689,,0.9602484472049689,150,115,0,0.8733333333333333,0.8776397515527949,,"{""y0_a0"": {""n"": 35, ""accuracy"": 0.8857142857142857}, ""y0_a1"": {""n"": 0, ""accuracy"": NaN}, ""y1_a0"": {""n"": 115, ""accuracy"": 0.8695652173913043}, ""y1_a1"": {""n"": 0, ""accuracy"": NaN}}",0.5642220211989549
corr,debris,medsiglip_448,mask,0.0,456,test_corr,0.9602484472049689,0.9619047619047619,0.9235294117647058,150,115,106,0.8733333333333333,0.8776397515527949,0.8,"{""y0_a0"": {""n"": 34, ""accuracy"": 0.8823529411764706}, ""y0_a1"": {""n"": 1, ""accuracy"": 1.0}, ""y1_a0"": {""n"": 10, ""accuracy"": 0.8}, ""y1_a1"": {""n"": 105, ""accuracy"": 0.8761904761904762}}",0.5642220211989549
corr,debris,medsiglip_448,mask,0.0,456,test_rev,0.9602484472049689,0.9425287356321839,0.9336569579288025,150,115,41,0.8733333333333333,0.8776397515527949,0.6666666666666666,"{""y0_a0"": {""n"": 6, ""accuracy"": 0.6666666666666666}, ""y0_a1"": {""n"": 29, ""accuracy"": 0.9310344827586207}, ""y1_a0"": {""n"": 103, ""accuracy"": 0.883495145631068}, ""y1_a1"": {""n"": 12, ""accuracy"": 0.75}}",0.5642220211989549
corr,debris,medsiglip_448,inpaint,0.0,456,clean,0.9090683229813665,,0.9090683229813665,150,115,0,0.84,0.7863354037267081,,"{""y0_a0"": {""n"": 35, ""accuracy"": 0.6857142857142857}, ""y0_a1"": {""n"": 0, ""accuracy"": NaN}, ""y1_a0"": {""n"": 115, ""accuracy"": 0.8869565217391304}, ""y1_a1"": {""n"": 0, ""accuracy"": NaN}}",0.44275033033706823
corr,debris,medsiglip_448,inpaint,0.0,456,test_corr,0.920248447204969,0.9523809523809523,0.9470588235294117,150,115,106,0.84,0.7863354037267081,0.6764705882352942,"{""y0_a0"": {""n"": 34, ""accuracy"": 0.6764705882352942}, ""y0_a1"": {""n"": 1, ""accuracy"": 1.0}, ""y1_a0"": {""n"": 10, ""accuracy"": 0.9}, ""y1_a1"": {""n"": 105, ""accuracy"": 0.8857142857142857}}",0.44275033033706823
corr,debris,medsiglip_448,inpaint,0.0,456,test_rev,0.8946583850931678,0.9626436781609196,0.8171521035598706,150,115,41,0.8266666666666667,0.7577639751552795,0.5,"{""y0_a0"": {""n"": 6, ""accuracy"": 0.5}, ""y0_a1"": {""n"": 29, ""accuracy"": 0.6551724137931034}, ""y1_a0"": {""n"": 103, ""accuracy"": 0.8737864077669902}, ""y1_a1"": {""n"": 12, ""accuracy"": 1.0}}",0.44275033033706823
corr,debris,medsiglip_448,balanced,0.0,456,clean,0.8742857142857142,,0.8742857142857142,150,115,0,0.8333333333333334,0.7919254658385093,,"{""y0_a0"": {""n"": 35, ""accuracy"": 0.7142857142857143}, ""y0_a1"": {""n"": 0, ""accuracy"": NaN}, ""y1_a0"": {""n"": 115, ""accuracy"": 0.8695652173913043}, ""y1_a1"": {""n"": 0, ""accuracy"": NaN}}",0.48512928869942085
corr,debris,medsiglip_448,balanced,0.0,456,test_corr,0.8819875776397517,0.8952380952380953,0.9235294117647058,150,115,106,0.8333333333333334,0.7919254658385093,0.7058823529411765,"{""y0_a0"": {""n"": 34, ""accuracy"": 0.7058823529411765}, ""y0_a1"": {""n"": 1, ""accuracy"": 1.0}, ""y1_a0"": {""n"": 10, ""accuracy"": 1.0}, ""y1_a1"": {""n"": 105, ""accuracy"": 0.8571428571428571}}",0.48512928869942085
corr,debris,medsiglip_448,balanced,0.0,456,test_rev,0.8653416149068323,0.896551724137931,0.7605177993527508,150,115,41,0.82,0.7633540372670807,0.5,"{""y0_a0"": {""n"": 6, ""accuracy"": 0.5}, ""y0_a1"": {""n"": 29, ""accuracy"": 0.6896551724137931}, ""y1_a0"": {""n"": 103, ""accuracy"": 0.8640776699029126}, ""y1_a1"": {""n"": 12, ""accuracy"": 0.9166666666666666}}",0.48512928869942085
corr,debris,medsiglip_448,dfr,0.0,456,clean,0.8785093167701863,,0.8785093167701863,150,115,0,0.8333333333333334,0.801863354037267,,"{""y0_a0"": {""n"": 35, ""accuracy"": 0.7428571428571429}, ""y0_a1"": {""n"": 0, ""accuracy"": NaN}, ""y1_a0"": {""n"": 115, ""accuracy"": 0.8608695652173913}, ""y1_a1"": {""n"": 0, ""accuracy"": NaN}}",0.5570563652353356
corr,debris,medsiglip_448,dfr,0.0,456,test_corr,0.867080745341615,0.5714285714285714,0.9323529411764706,150,115,106,0.84,0.8062111801242235,0.0,"{""y0_a0"": {""n"": 34, ""accuracy"": 0.7647058823529411}, ""y0_a1"": {""n"": 1, ""accuracy"": 0.0}, ""y1_a0"": {""n"": 10, ""accuracy"": 1.0}, ""y1_a1"": {""n"": 105, ""accuracy"": 0.8571428571428571}}",0.5570563652353356
corr,debris,medsiglip_448,dfr,0.0,456,test_rev,0.8834782608695653,0.8706896551724138,0.7896440129449838,150,115,41,0.8466666666666667,0.8105590062111802,0.5,"{""y0_a0"": {""n"": 6, ""accuracy"": 0.5}, ""y0_a1"": {""n"": 29, ""accuracy"": 0.7931034482758621}, ""y1_a0"": {""n"": 103, ""accuracy"": 0.8737864077669902}, ""y1_a1"": {""n"": 12, ""accuracy"": 0.9166666666666666}}",0.5570563652353356
corr,debris,medsiglip_448,leace,0.0,456,clean,0.9140372670807453,,0.9140372670807453,150,115,0,0.8466666666666667,0.8105590062111802,,"{""y0_a0"": {""n"": 35, ""accuracy"": 0.7428571428571429}, ""y0_a1"": {""n"": 0, ""accuracy"": NaN}, ""y1_a0"": {""n"": 115, ""accuracy"": 0.8782608695652174}, ""y1_a1"": {""n"": 0, ""accuracy"": NaN}}",0.49491452957831067
corr,debris,medsiglip_448,leace,0.0,456,test_corr,0.9125465838509317,0.9714285714285714,0.9558823529411765,150,115,106,0.8466666666666667,0.8105590062111802,0.7352941176470589,"{""y0_a0"": {""n"": 34, ""accuracy"": 0.7352941176470589}, ""y0_a1"": {""n"": 1, ""accuracy"": 1.0}, ""y1_a0"": {""n"": 10, ""accuracy"": 0.9}, ""y1_a1"": {""n"": 105, ""accuracy"": 0.8761904761904762}}",0.49491452957831067
corr,debris,medsiglip_448,leace,0.0,456,test_rev,0.9048447204968944,0.9626436781609196,0.8155339805825244,150,115,41,0.8466666666666667,0.8105590062111802,0.5,"{""y0_a0"": {""n"": 6, ""accuracy"": 0.5}, ""y0_a1"": {""n"": 29, ""accuracy"": 0.7931034482758621}, ""y1_a0"": {""n"": 103, ""accuracy"": 0.8640776699029126}, ""y1_a1"": {""n"": 12, ""accuracy"": 1.0}}",0.49491452957831067
corr,debris,medsiglip_448,umte_protect,0.0,456,clean,0.9495652173913043,,0.9495652173913043,150,115,0,0.8733333333333333,0.8478260869565217,,"{""y0_a0"": {""n"": 35, ""accuracy"": 0.8}, ""y0_a1"": {""n"": 0, ""accuracy"": NaN}, ""y1_a0"": {""n"": 115, ""accuracy"": 0.8956521739130435}, ""y1_a1"": {""n"": 0, ""accuracy"": NaN}}",0.42025273014444614
corr,debris,medsiglip_448,umte_protect,0.0,456,test_corr,0.9495652173913043,0.9047619047619048,0.9176470588235293,150,115,106,0.8733333333333333,0.8478260869565217,0.0,"{""y0_a0"": {""n"": 34, ""accuracy"": 0.8235294117647058}, ""y0_a1"": {""n"": 1, ""accuracy"": 0.0}, ""y1_a0"": {""n"": 10, ""accuracy"": 0.8}, ""y1_a1"": {""n"": 105, ""accuracy"": 0.9047619047619048}}",0.42025273014444614
corr,debris,medsiglip_448,umte_protect,0.0,456,test_rev,0.9495652173913043,0.9454022988505748,0.889967637540453,150,115,41,0.8733333333333333,0.8478260869565217,0.6666666666666666,"{""y0_a0"": {""n"": 6, ""accuracy"": 0.6666666666666666}, ""y0_a1"": {""n"": 29, ""accuracy"": 0.8275862068965517}, ""y1_a0"": {""n"": 103, ""accuracy"": 0.9029126213592233}, ""y1_a1"": {""n"": 12, ""accuracy"": 0.8333333333333334}}",0.42025273014444614
corr,debris,medsiglip_448,umte_protect_balanced,0.0,456,clean,0.9416149068322982,,0.9416149068322982,150,115,0,0.8666666666666667,0.8434782608695652,,"{""y0_a0"": {""n"": 35, ""accuracy"": 0.8}, ""y0_a1"": {""n"": 0, ""accuracy"": NaN}, ""y1_a0"": {""n"": 115, ""accuracy"": 0.8869565217391304}, ""y1_a1"": {""n"": 0, ""accuracy"": NaN}}",0.48759295896171173
corr,debris,medsiglip_448,umte_protect_balanced,0.0,456,test_corr,0.9416149068322982,0.8857142857142857,0.9147058823529413,150,115,106,0.8666666666666667,0.8434782608695652,0.0,"{""y0_a0"": {""n"": 34, ""accuracy"": 0.8235294117647058}, ""y0_a1"": {""n"": 1, ""accuracy"": 0.0}, ""y1_a0"": {""n"": 10, ""accuracy"": 0.8}, ""y1_a1"": {""n"": 105, ""accuracy"": 0.8952380952380953}}",0.48759295896171173
corr,debris,medsiglip_448,umte_protect_balanced,0.0,456,test_rev,0.9416149068322982,0.9367816091954023,0.8656957928802589,150,115,41,0.8666666666666667,0.8434782608695652,0.6666666666666666,"{""y0_a0"": {""n"": 6, ""accuracy"": 0.6666666666666666}, ""y0_a1"": {""n"": 29, ""accuracy"": 0.8275862068965517}, ""y1_a0"": {""n"": 103, ""accuracy"": 0.9029126213592233}, ""y1_a1"": {""n"": 12, ""accuracy"": 0.75}}",0.48759295896171173
corr,debris,medsiglip_448,i2e,0.0,456,clean,0.8812422360248447,,0.8812422360248447,150,115,0,0.8533333333333334,0.8049689440993789,,"{""y0_a0"": {""n"": 35, ""accuracy"": 0.7142857142857143}, ""y0_a1"": {""n"": 0, ""accuracy"": NaN}, ""y1_a0"": {""n"": 115, ""accuracy"": 0.8956521739130435}, ""y1_a1"": {""n"": 0, ""accuracy"": NaN}}",0.43573053532314676
corr,debris,medsiglip_448,i2e,0.0,456,test_corr,0.9567701863354038,0.5619047619047619,0.9235294117647058,150,115,106,0.9266666666666666,0.8527950310559007,0.0,"{""y0_a0"": {""n"": 34, ""accuracy"": 0.7352941176470589}, ""y0_a1"": {""n"": 1, ""accuracy"": 0.0}, ""y1_a0"": {""n"": 10, ""accuracy"": 1.0}, ""y1_a1"": {""n"": 105, ""accuracy"": 0.9904761904761905}}",0.43573053532314676
corr,debris,medsiglip_448,i2e,0.0,456,test_rev,0.6399999999999999,0.8333333333333334,0.7378640776699029,150,115,41,0.7733333333333333,0.6335403726708075,0.3448275862068966,"{""y0_a0"": {""n"": 6, ""accuracy"": 0.5}, ""y0_a1"": {""n"": 29, ""accuracy"": 0.3448275862068966}, ""y1_a0"": {""n"": 103, ""accuracy"": 0.883495145631068}, ""y1_a1"": {""n"": 12, ""accuracy"": 1.0}}",0.43573053532314676
corr,debris,medsiglip_448,i2e_balanced,0.0,456,clean,0.8727950310559006,,0.8727950310559006,150,115,0,0.7933333333333333,0.7857142857142858,,"{""y0_a0"": {""n"": 35, ""accuracy"": 0.7714285714285715}, ""y0_a1"": {""n"": 0, ""accuracy"": NaN}, ""y1_a0"": {""n"": 115, ""accuracy"": 0.8}, ""y1_a1"": {""n"": 0, ""accuracy"": NaN}}",0.5011379167511517
corr,debris,medsiglip_448,i2e_balanced,0.0,456,test_corr,0.9068322981366459,0.8571428571428571,0.9294117647058823,150,115,106,0.84,0.8062111801242235,0.0,"{""y0_a0"": {""n"": 34, ""accuracy"": 0.7647058823529411}, ""y0_a1"": {""n"": 1, ""accuracy"": 0.0}, ""y1_a0"": {""n"": 10, ""accuracy"": 0.9}, ""y1_a1"": {""n"": 105, ""accuracy"": 0.8666666666666667}}",0.5011379167511517
corr,debris,medsiglip_448,i2e_balanced,0.0,456,test_rev,0.8236024844720498,0.8994252873563218,0.7427184466019418,150,115,41,0.7533333333333333,0.7,0.5,"{""y0_a0"": {""n"": 6, ""accuracy"": 0.5}, ""y0_a1"": {""n"": 29, ""accuracy"": 0.6206896551724138}, ""y1_a0"": {""n"": 103, ""accuracy"": 0.7864077669902912}, ""y1_a1"": {""n"": 12, ""accuracy"": 0.9166666666666666}}",0.5011379167511517
corr,debris,medsiglip_448,i2e_rank1,0.0,456,clean,0.9132919254658385,,0.9132919254658385,150,115,0,0.8533333333333334,0.7850931677018633,,"{""y0_a0"": {""n"": 35, ""accuracy"": 0.6571428571428571}, ""y0_a1"": {""n"": 0, ""accuracy"": NaN}, ""y1_a0"": {""n"": 115, ""accuracy"": 0.9130434782608695}, ""y1_a1"": {""n"": 0, ""accuracy"": NaN}}",0.27194223919020205
corr,debris,medsiglip_448,i2e_rank1,0.0,456,test_corr,0.9803726708074534,0.8095238095238095,0.9470588235294118,150,115,106,0.9133333333333333,0.8142857142857143,0.0,"{""y0_a0"": {""n"": 34, ""accuracy"": 0.6470588235294118}, ""y0_a1"": {""n"": 1, ""accuracy"": 0.0}, ""y1_a0"": {""n"": 10, ""accuracy"": 1.0}, ""y1_a1"": {""n"": 105, ""accuracy"": 1.0}}",0.27194223919020205
corr,debris,medsiglip_448,i2e_rank1,0.0,456,test_rev,0.653416149068323,0.8247126436781609,0.8042071197411003,150,115,41,0.7866666666666666,0.6422360248447205,0.3448275862068966,"{""y0_a0"": {""n"": 6, ""accuracy"": 0.5}, ""y0_a1"": {""n"": 29, ""accuracy"": 0.3448275862068966}, ""y1_a0"": {""n"": 103, ""accuracy"": 0.9029126213592233}, ""y1_a1"": {""n"": 12, ""accuracy"": 1.0}}",0.27194223919020205
corr,debris,medsiglip_448,insert_aug,0.0,456,clean,0.9192546583850931,,0.9192546583850931,150,115,0,0.8933333333333333,0.8409937888198757,,"{""y0_a0"": {""n"": 35, ""accuracy"": 0.7428571428571429}, ""y0_a1"": {""n"": 0, ""accuracy"": NaN}, ""y1_a0"": {""n"": 115, ""accuracy"": 0.9391304347826087}, ""y1_a1"": {""n"": 0, ""accuracy"": NaN}}",0.2513005773782519
corr,debris,medsiglip_448,insert_aug,0.0,456,test_corr,0.9773913043478261,0.8666666666666667,0.9617647058823529,150,115,106,0.9333333333333333,0.8571428571428572,0.0,"{""y0_a0"": {""n"": 34, ""accuracy"": 0.7352941176470589}, ""y0_a1"": {""n"": 1, ""accuracy"": 0.0}, ""y1_a0"": {""n"": 10, ""accuracy"": 1.0}, ""y1_a1"": {""n"": 105, ""accuracy"": 1.0}}",0.2513005773782519
corr,debris,medsiglip_448,insert_aug,0.0,456,test_rev,0.7142857142857143,0.8735632183908046,0.8139158576051779,150,115,41,0.8133333333333334,0.6695652173913044,0.3793103448275862,"{""y0_a0"": {""n"": 6, ""accuracy"": 0.5}, ""y0_a1"": {""n"": 29, ""accuracy"": 0.3793103448275862}, ""y1_a0"": {""n"": 103, ""accuracy"": 0.9320388349514563}, ""y1_a1"": {""n"": 12, ""accuracy"": 1.0}}",0.2513005773782519
corr,debris,medsiglip_448,mte,0.0,456,clean,0.9570186335403726,,0.9570186335403726,150,115,0,0.9,0.9049689440993789,,"{""y0_a0"": {""n"": 35, ""accuracy"": 0.9142857142857143}, ""y0_a1"": {""n"": 0, ""accuracy"": NaN}, ""y1_a0"": {""n"": 115, ""accuracy"": 0.8956521739130435}, ""y1_a1"": {""n"": 0, ""accuracy"": NaN}}",0.5045898338606891
corr,debris,medsiglip_448,mte,0.0,456,test_corr,0.9570186335403726,1.0,0.9558823529411765,150,115,106,0.9,0.9049689440993789,0.8,"{""y0_a0"": {""n"": 34, ""accuracy"": 0.9117647058823529}, ""y0_a1"": {""n"": 1, ""accuracy"": 1.0}, ""y1_a0"": {""n"": 10, ""accuracy"": 0.8}, ""y1_a1"": {""n"": 105, ""accuracy"": 0.9047619047619048}}",0.5045898338606891
corr,debris,medsiglip_448,mte,0.0,456,test_rev,0.9570186335403726,0.9712643678160919,0.8754045307443366,150,115,41,0.9,0.9049689440993789,0.6666666666666666,"{""y0_a0"": {""n"": 6, ""accuracy"": 0.6666666666666666}, ""y0_a1"": {""n"": 29, ""accuracy"": 0.9655172413793104}, ""y1_a0"": {""n"": 103, ""accuracy"": 0.9029126213592233}, ""y1_a1"": {""n"": 12, ""accuracy"": 0.8333333333333334}}",0.5045898338606891
corr,debris,medsiglip_448,mte_balanced,0.0,456,clean,0.9421118012422361,,0.9421118012422361,150,115,0,0.9,0.8552795031055901,,"{""y0_a0"": {""n"": 35, ""accuracy"": 0.7714285714285715}, ""y0_a1"": {""n"": 0, ""accuracy"": NaN}, ""y1_a0"": {""n"": 115, ""accuracy"": 0.9391304347826087}, ""y1_a1"": {""n"": 0, ""accuracy"": NaN}}",0.44628741742071065
corr,debris,medsiglip_448,mte_balanced,0.0,456,test_corr,0.9421118012422361,0.9904761904761905,0.9529411764705883,150,115,106,0.9,0.8552795031055901,0.7647058823529411,"{""y0_a0"": {""n"": 34, ""accuracy"": 0.7647058823529411}, ""y0_a1"": {""n"": 1, ""accuracy"": 1.0}, ""y1_a0"": {""n"": 10, ""accuracy"": 1.0}, ""y1_a1"": {""n"": 105, ""accuracy"": 0.9333333333333333}}",0.44628741742071065
corr,debris,medsiglip_448,mte_balanced,0.0,456,test_rev,0.9421118012422361,0.9367816091954023,0.8624595469255663,150,115,41,0.9,0.8552795031055901,0.6666666666666666,"{""y0_a0"": {""n"": 6, ""accuracy"": 0.6666666666666666}, ""y0_a1"": {""n"": 29, ""accuracy"": 0.7931034482758621}, ""y1_a0"": {""n"": 103, ""accuracy"": 0.9514563106796117}, ""y1_a1"": {""n"": 12, ""accuracy"": 0.8333333333333334}}",0.44628741742071065
corr,debris,medsiglip_448,ui2e,0.0,456,clean,0.8715527950310559,,0.8715527950310559,150,115,0,0.8466666666666667,0.8105590062111802,,"{""y0_a0"": {""n"": 35, ""accuracy"": 0.7428571428571429}, ""y0_a1"": {""n"": 0, ""accuracy"": NaN}, ""y1_a0"": {""n"": 115, ""accuracy"": 0.8782608695652174}, ""y1_a1"": {""n"": 0, ""accuracy"": NaN}}",0.5000069141451939
corr,debris,medsiglip_448,ui2e,0.0,456,test_corr,0.9050931677018633,0.7428571428571429,0.9147058823529411,150,115,106,0.88,0.8322981366459627,0.0,"{""y0_a0"": {""n"": 34, ""accuracy"": 0.7647058823529411}, ""y0_a1"": {""n"": 1, ""accuracy"": 0.0}, ""y1_a0"": {""n"": 10, ""accuracy"": 1.0}, ""y1_a1"": {""n"": 105, ""accuracy"": 0.9142857142857143}}",0.5000069141451939
corr,debris,medsiglip_448,ui2e,0.0,456,test_rev,0.817391304347826,0.9022988505747126,0.7378640776699029,150,115,41,0.82,0.753416149068323,0.6206896551724138,"{""y0_a0"": {""n"": 6, ""accuracy"": 0.6666666666666666}, ""y0_a1"": {""n"": 29, ""accuracy"": 0.6206896551724138}, ""y1_a0"": {""n"": 103, ""accuracy"": 0.8640776699029126}, ""y1_a1"": {""n"": 12, ""accuracy"": 1.0}}",0.5000069141451939
corr,debris,medsiglip_448,ui2e_balanced,0.0,456,clean,0.8812422360248447,,0.8812422360248447,150,115,0,0.8466666666666667,0.7807453416149068,,"{""y0_a0"": {""n"": 35, ""accuracy"": 0.6571428571428571}, ""y0_a1"": {""n"": 0, ""accuracy"": NaN}, ""y1_a0"": {""n"": 115, ""accuracy"": 0.9043478260869565}, ""y1_a1"": {""n"": 0, ""accuracy"": NaN}}",0.49892344505347225
corr,debris,medsiglip_448,ui2e_balanced,0.0,456,test_corr,0.8832298136645963,0.8476190476190476,0.9235294117647059,150,115,106,0.8533333333333334,0.7850931677018633,0.0,"{""y0_a0"": {""n"": 34, ""accuracy"": 0.6764705882352942}, ""y0_a1"": {""n"": 1, ""accuracy"": 0.0}, ""y1_a0"": {""n"": 10, ""accuracy"": 1.0}, ""y1_a1"": {""n"": 105, ""accuracy"": 0.9047619047619048}}",0.49892344505347225
corr,debris,medsiglip_448,ui2e_balanced,0.0,456,test_rev,0.8762732919254659,0.9367816091954022,0.7362459546925566,150,115,41,0.8466666666666667,0.7807453416149068,0.5,"{""y0_a0"": {""n"": 6, ""accuracy"": 0.5}, ""y0_a1"": {""n"": 29, ""accuracy"": 0.6896551724137931}, ""y1_a0"": {""n"": 103, ""accuracy"": 0.8932038834951457}, ""y1_a1"": {""n"": 12, ""accuracy"": 1.0}}",0.49892344505347225
corr,debris,medsiglip_448,umte,0.0,456,clean,0.9455900621118012,,0.9455900621118012,150,115,0,0.9066666666666666,0.8795031055900622,,"{""y0_a0"": {""n"": 35, ""accuracy"": 0.8285714285714286}, ""y0_a1"": {""n"": 0, ""accuracy"": NaN}, ""y1_a0"": {""n"": 115, ""accuracy"": 0.9304347826086956}, ""y1_a1"": {""n"": 0, ""accuracy"": NaN}}",0.42551995450847496
corr,debris,medsiglip_448,umte,0.0,456,test_corr,0.9455900621118012,0.9523809523809523,0.9441176470588236,150,115,106,0.9066666666666666,0.8795031055900622,0.8,"{""y0_a0"": {""n"": 34, ""accuracy"": 0.8235294117647058}, ""y0_a1"": {""n"": 1, ""accuracy"": 1.0}, ""y1_a0"": {""n"": 10, ""accuracy"": 0.8}, ""y1_a1"": {""n"": 105, ""accuracy"": 0.9428571428571428}}",0.42551995450847496
corr,debris,medsiglip_448,umte,0.0,456,test_rev,0.9455900621118012,0.9568965517241379,0.8883495145631067,150,115,41,0.9066666666666666,0.8795031055900622,0.6666666666666666,"{""y0_a0"": {""n"": 6, ""accuracy"": 0.6666666666666666}, ""y0_a1"": {""n"": 29, ""accuracy"": 0.8620689655172413}, ""y1_a0"": {""n"": 103, ""accuracy"": 0.941747572815534}, ""y1_a1"": {""n"": 12, ""accuracy"": 0.8333333333333334}}",0.42551995450847496
corr,debris,medsiglip_448,umte_balanced,0.0,456,clean,0.9217391304347826,,0.9217391304347826,150,115,0,0.8733333333333333,0.8677018633540372,,"{""y0_a0"": {""n"": 35, ""accuracy"": 0.8571428571428571}, ""y0_a1"": {""n"": 0, ""accuracy"": NaN}, ""y1_a0"": {""n"": 115, ""accuracy"": 0.8782608695652174}, ""y1_a1"": {""n"": 0, ""accuracy"": NaN}}",0.5284072992572686
corr,debris,medsiglip_448,umte_balanced,0.0,456,test_corr,0.9217391304347826,0.9333333333333333,0.9264705882352942,150,115,106,0.8733333333333333,0.8677018633540372,0.8,"{""y0_a0"": {""n"": 34, ""accuracy"": 0.8529411764705882}, ""y0_a1"": {""n"": 1, ""accuracy"": 1.0}, ""y1_a0"": {""n"": 10, ""accuracy"": 0.8}, ""y1_a1"": {""n"": 105, ""accuracy"": 0.8857142857142857}}",0.5284072992572686
corr,debris,medsiglip_448,umte_balanced,0.0,456,test_rev,0.9217391304347826,0.9109195402298851,0.8543689320388349,150,115,41,0.8733333333333333,0.8677018633540372,0.6666666666666666,"{""y0_a0"": {""n"": 6, ""accuracy"": 0.6666666666666666}, ""y0_a1"": {""n"": 29, ""accuracy"": 0.896551724137931}, ""y1_a0"": {""n"": 103, ""accuracy"": 0.883495145631068}, ""y1_a1"": {""n"": 12, ""accuracy"": 0.8333333333333334}}",0.5284072992572686
corr,debris,medsiglip_448,erm,0.25,42,clean,0.9038509316770186,,0.9038509316770186,150,115,0,0.82,0.7732919254658386,,"{""y0_a0"": {""n"": 35, ""accuracy"": 0.6857142857142857}, ""y0_a1"": {""n"": 0, ""accuracy"": NaN}, ""y1_a0"": {""n"": 115, ""accuracy"": 0.8608695652173913}, ""y1_a1"": {""n"": 0, ""accuracy"": NaN}}",0.21383612021906523
corr,debris,medsiglip_448,erm,0.25,42,test_corr,0.982608695652174,1.0,0.8739495798319328,150,115,102,0.9,0.815527950310559,0.0,"{""y0_a0"": {""n"": 34, ""accuracy"": 0.6764705882352942}, ""y0_a1"": {""n"": 1, ""accuracy"": 0.0}, ""y1_a0"": {""n"": 14, ""accuracy"": 0.7857142857142857}, ""y1_a1"": {""n"": 101, ""accuracy"": 1.0}}",0.21383612021906523
corr,debris,medsiglip_448,erm,0.25,42,test_rev,0.49739130434782614,0.9005376344086022,0.8810679611650486,150,115,43,0.7,0.5062111801242236,0.0967741935483871,"{""y0_a0"": {""n"": 4, ""accuracy"": 0.5}, ""y0_a1"": {""n"": 31, ""accuracy"": 0.0967741935483871}, ""y1_a0"": {""n"": 103, ""accuracy"": 0.8543689320388349}, ""y1_a1"": {""n"": 12, ""accuracy"": 1.0}}",0.21383612021906523
corr,debris,medsiglip_448,mask,0.25,42,clean,0.9542857142857143,,0.9542857142857143,150,115,0,0.8933333333333333,0.8807453416149068,,"{""y0_a0"": {""n"": 35, ""accuracy"": 0.8571428571428571}, ""y0_a1"": {""n"": 0, ""accuracy"": NaN}, ""y1_a0"": {""n"": 115, ""accuracy"": 0.9043478260869565}, ""y1_a1"": {""n"": 0, ""accuracy"": NaN}}",0.3394432725514731
corr,debris,medsiglip_448,mask,0.25,42,test_corr,0.9858385093167702,0.9702970297029703,0.9810924369747899,150,115,102,0.9466666666666667,0.915527950310559,0.8529411764705882,"{""y0_a0"": {""n"": 34, ""accuracy"": 0.8529411764705882}, ""y0_a1"": {""n"": 1, ""accuracy"": 1.0}, ""y1_a0"": {""n"": 14, ""accuracy"": 1.0}, ""y1_a1"": {""n"": 101, ""accuracy"": 0.9702970297029703}}",0.3394432725514731
corr,debris,medsiglip_448,mask,0.25,42,test_rev,0.8670807453416148,0.9811827956989246,0.9490291262135923,150,115,43,0.8333333333333334,0.7521739130434782,0.5806451612903226,"{""y0_a0"": {""n"": 4, ""accuracy"": 0.75}, ""y0_a1"": {""n"": 31, ""accuracy"": 0.5806451612903226}, ""y1_a0"": {""n"": 103, ""accuracy"": 0.8932038834951457}, ""y1_a1"": {""n"": 12, ""accuracy"": 1.0}}",0.3394432725514731
corr,debris,medsiglip_448,inpaint,0.25,42,clean,0.9105590062111801,,0.9105590062111801,150,115,0,0.8733333333333333,0.7881987577639751,,"{""y0_a0"": {""n"": 35, ""accuracy"": 0.6285714285714286}, ""y0_a1"": {""n"": 0, ""accuracy"": NaN}, ""y1_a0"": {""n"": 115, ""accuracy"": 0.9478260869565217}, ""y1_a1"": {""n"": 0, ""accuracy"": NaN}}",0.3453257172576459
corr,debris,medsiglip_448,inpaint,0.25,42,test_corr,0.92944099378882,1.0,0.9033613445378151,150,115,102,0.8866666666666667,0.7968944099378882,0.6176470588235294,"{""y0_a0"": {""n"": 34, ""accuracy"": 0.6176470588235294}, ""y0_a1"": {""n"": 1, ""accuracy"": 1.0}, ""y1_a0"": {""n"": 14, ""accuracy"": 1.0}, ""y1_a1"": {""n"": 101, ""accuracy"": 0.9603960396039604}}",0.3453257172576459
corr,debris,medsiglip_448,inpaint,0.25,42,test_rev,0.8919254658385094,0.9543010752688172,0.8786407766990292,150,115,43,0.8666666666666667,0.7739130434782608,0.25,"{""y0_a0"": {""n"": 4, ""accuracy"": 0.25}, ""y0_a1"": {""n"": 31, ""accuracy"": 0.6451612903225806}, ""y1_a0"": {""n"": 103, ""accuracy"": 0.941747572815534}, ""y1_a1"": {""n"": 12, ""accuracy"": 1.0}}",0.3453257172576459
corr,debris,medsiglip_448,balanced,0.25,42,clean,0.9162732919254659,,0.9162732919254659,150,115,0,0.8133333333333334,0.7788819875776398,,"{""y0_a0"": {""n"": 35, ""accuracy"": 0.7142857142857143}, ""y0_a1"": {""n"": 0, ""accuracy"": NaN}, ""y1_a0"": {""n"": 115, ""accuracy"": 0.8434782608695652}, ""y1_a1"": {""n"": 0, ""accuracy"": NaN}}",0.47582512999497034
corr,debris,medsiglip_448,balanced,0.25,42,test_corr,0.9575155279503106,1.0,0.9159663865546218,150,115,102,0.88,0.822360248447205,0.7058823529411765,"{""y0_a0"": {""n"": 34, ""accuracy"": 0.7058823529411765}, ""y0_a1"": {""n"": 1, ""accuracy"": 1.0}, ""y1_a0"": {""n"": 14, ""accuracy"": 0.7857142857142857}, ""y1_a1"": {""n"": 101, ""accuracy"": 0.9504950495049505}}",0.47582512999497034
corr,debris,medsiglip_448,balanced,0.25,42,test_rev,0.8608695652173912,0.9704301075268817,0.7815533980582524,150,115,43,0.8066666666666666,0.7546583850931676,0.25,"{""y0_a0"": {""n"": 4, ""accuracy"": 0.25}, ""y0_a1"": {""n"": 31, ""accuracy"": 0.7096774193548387}, ""y1_a0"": {""n"": 103, ""accuracy"": 0.8349514563106796}, ""y1_a1"": {""n"": 12, ""accuracy"": 1.0}}",0.47582512999497034
corr,debris,medsiglip_448,dfr,0.25,42,clean,0.8735403726708074,,0.8735403726708074,150,115,0,0.8066666666666666,0.7645962732919255,,"{""y0_a0"": {""n"": 35, ""accuracy"": 0.6857142857142857}, ""y0_a1"": {""n"": 0, ""accuracy"": NaN}, ""y1_a0"": {""n"": 115, ""accuracy"": 0.8434782608695652}, ""y1_a1"": {""n"": 0, ""accuracy"": NaN}}",0.5119614016591932
corr,debris,medsiglip_448,dfr,0.25,42,test_corr,0.8795031055900622,0.9900990099009901,0.8697478991596639,150,115,102,0.8133333333333334,0.768944099378882,0.6764705882352942,"{""y0_a0"": {""n"": 34, ""accuracy"": 0.6764705882352942}, ""y0_a1"": {""n"": 1, ""accuracy"": 1.0}, ""y1_a0"": {""n"": 14, ""accuracy"": 0.7857142857142857}, ""y1_a1"": {""n"": 101, ""accuracy"": 0.8613861386138614}}",0.5119614016591932
corr,debris,medsiglip_448,dfr,0.25,42,test_rev,0.8745341614906832,0.9301075268817204,0.8179611650485437,150,115,43,0.8266666666666667,0.7875776397515528,0.25,"{""y0_a0"": {""n"": 4, ""accuracy"": 0.25}, ""y0_a1"": {""n"": 31, ""accuracy"": 0.7741935483870968}, ""y1_a0"": {""n"": 103, ""accuracy"": 0.8446601941747572}, ""y1_a1"": {""n"": 12, ""accuracy"": 1.0}}",0.5119614016591932
corr,debris,medsiglip_448,leace,0.25,42,clean,0.9122981366459627,,0.9122981366459627,150,115,0,0.8533333333333334,0.8049689440993789,,"{""y0_a0"": {""n"": 35, ""accuracy"": 0.7142857142857143}, ""y0_a1"": {""n"": 0, ""accuracy"": NaN}, ""y1_a0"": {""n"": 115, ""accuracy"": 0.8956521739130435}, ""y1_a1"": {""n"": 0, ""accuracy"": NaN}}",0.4776750250433846
corr,debris,medsiglip_448,leace,0.25,42,test_corr,0.9093167701863354,1.0,0.903361344537815,150,115,102,0.8666666666666667,0.8136645962732919,0.7058823529411765,"{""y0_a0"": {""n"": 34, ""accuracy"": 0.7058823529411765}, ""y0_a1"": {""n"": 1, ""accuracy"": 1.0}, ""y1_a0"": {""n"": 14, ""accuracy"": 0.8571428571428571}, ""y1_a1"": {""n"": 101, ""accuracy"": 0.9207920792079208}}",0.4776750250433846
corr,debris,medsiglip_448,leace,0.25,42,test_rev,0.9145341614906832,0.9327956989247312,0.8907766990291263,150,115,43,0.8466666666666667,0.8006211180124223,0.5,"{""y0_a0"": {""n"": 4, ""accuracy"": 0.5}, ""y0_a1"": {""n"": 31, ""accuracy"": 0.7419354838709677}, ""y1_a0"": {""n"": 103, ""accuracy"": 0.883495145631068}, ""y1_a1"": {""n"": 12, ""accuracy"": 0.9166666666666666}}",0.4776750250433846
corr,debris,medsiglip_448,umte_protect,0.25,42,clean,0.9354037267080746,,0.9354037267080746,150,115,0,0.88,0.8621118012422361,,"{""y0_a0"": {""n"": 35, ""accuracy"": 0.8285714285714286}, ""y0_a1"": {""n"": 0, ""accuracy"": NaN}, ""y1_a0"": {""n"": 115, ""accuracy"": 0.8956521739130435}, ""y1_a1"": {""n"": 0, ""accuracy"": NaN}}",0.3486581090334317
corr,debris,medsiglip_448,umte_protect,0.25,42,test_corr,0.9535403726708074,0.9405940594059405,0.9684873949579832,150,115,102,0.9,0.8751552795031057,0.8235294117647058,"{""y0_a0"": {""n"": 34, ""accuracy"": 0.8235294117647058}, ""y0_a1"": {""n"": 1, ""accuracy"": 1.0}, ""y1_a0"": {""n"": 14, ""accuracy"": 1.0}, ""y1_a1"": {""n"": 101, ""accuracy"": 0.9108910891089109}}",0.3486581090334317
corr,debris,medsiglip_448,umte_protect,0.25,42,test_rev,0.9021118012422359,0.967741935483871,0.9029126213592233,150,115,43,0.84,0.7763975155279503,0.6451612903225806,"{""y0_a0"": {""n"": 4, ""accuracy"": 0.75}, ""y0_a1"": {""n"": 31, ""accuracy"": 0.6451612903225806}, ""y1_a0"": {""n"": 103, ""accuracy"": 0.883495145631068}, ""y1_a1"": {""n"": 12, ""accuracy"": 1.0}}",0.3486581090334317
corr,debris,medsiglip_448,umte_protect_balanced,0.25,42,clean,0.9349068322981366,,0.9349068322981366,150,115,0,0.8666666666666667,0.8335403726708075,,"{""y0_a0"": {""n"": 35, ""accuracy"": 0.7714285714285715}, ""y0_a1"": {""n"": 0, ""accuracy"": NaN}, ""y1_a0"": {""n"": 115, ""accuracy"": 0.8956521739130435}, ""y1_a1"": {""n"": 0, ""accuracy"": NaN}}",0.38133773885695005
corr,debris,medsiglip_448,umte_protect_balanced,0.25,42,test_corr,0.9401242236024845,0.9108910891089109,0.9726890756302521,150,115,102,0.88,0.8422360248447205,0.7647058823529411,"{""y0_a0"": {""n"": 34, ""accuracy"": 0.7647058823529411}, ""y0_a1"": {""n"": 1, ""accuracy"": 1.0}, ""y1_a0"": {""n"": 14, ""accuracy"": 1.0}, ""y1_a1"": {""n"": 101, ""accuracy"": 0.900990099009901}}",0.38133773885695005
corr,debris,medsiglip_448,umte_protect_balanced,0.25,42,test_rev,0.9217391304347826,0.967741935483871,0.9004854368932039,150,115,43,0.8466666666666667,0.7906832298136646,0.6774193548387096,"{""y0_a0"": {""n"": 4, ""accuracy"": 0.75}, ""y0_a1"": {""n"": 31, ""accuracy"": 0.6774193548387096}, ""y1_a0"": {""n"": 103, ""accuracy"": 0.883495145631068}, ""y1_a1"": {""n"": 12, ""accuracy"": 1.0}}",0.38133773885695005
corr,debris,medsiglip_448,i2e,0.25,42,clean,0.897639751552795,,0.897639751552795,150,115,0,0.8466666666666667,0.7509316770186335,,"{""y0_a0"": {""n"": 35, ""accuracy"": 0.5714285714285714}, ""y0_a1"": {""n"": 0, ""accuracy"": NaN}, ""y1_a0"": {""n"": 115, ""accuracy"": 0.9304347826086956}, ""y1_a1"": {""n"": 0, ""accuracy"": NaN}}",0.22973371914731416
corr,debris,medsiglip_448,i2e,0.25,42,test_corr,0.9823602484472049,1.0,0.8781512605042017,150,115,102,0.8866666666666667,0.7670807453416149,0.0,"{""y0_a0"": {""n"": 34, ""accuracy"": 0.5588235294117647}, ""y0_a1"": {""n"": 1, ""accuracy"": 0.0}, ""y1_a0"": {""n"": 14, ""accuracy"": 0.9285714285714286}, ""y1_a1"": {""n"": 101, ""accuracy"": 1.0}}",0.22973371914731416
corr,debris,medsiglip_448,i2e,0.25,42,test_rev,0.4370186335403727,0.8924731182795699,0.9053398058252428,150,115,43,0.7333333333333333,0.49813664596273294,0.03225806451612903,"{""y0_a0"": {""n"": 4, ""accuracy"": 0.25}, ""y0_a1"": {""n"": 31, ""accuracy"": 0.03225806451612903}, ""y1_a0"": {""n"": 103, ""accuracy"": 0.9320388349514563}, ""y1_a1"": {""n"": 12, ""accuracy"": 1.0}}",0.22973371914731416
corr,debris,medsiglip_448,i2e_balanced,0.25,42,clean,0.8966459627329193,,0.8966459627329193,150,115,0,0.86,0.739751552795031,,"{""y0_a0"": {""n"": 35, ""accuracy"": 0.5142857142857142}, ""y0_a1"": {""n"": 0, ""accuracy"": NaN}, ""y1_a0"": {""n"": 115, ""accuracy"": 0.9652173913043478}, ""y1_a1"": {""n"": 0, ""accuracy"": NaN}}",0.3307856963544127
corr,debris,medsiglip_448,i2e_balanced,0.25,42,test_corr,0.9572670807453416,1.0,0.8886554621848739,150,115,102,0.88,0.7527950310559006,0.5,"{""y0_a0"": {""n"": 34, ""accuracy"": 0.5}, ""y0_a1"": {""n"": 1, ""accuracy"": 1.0}, ""y1_a0"": {""n"": 14, ""accuracy"": 0.9285714285714286}, ""y1_a1"": {""n"": 101, ""accuracy"": 1.0}}",0.3307856963544127
corr,debris,medsiglip_448,i2e_balanced,0.25,42,test_rev,0.8017391304347826,0.943548387096774,0.7864077669902912,150,115,43,0.8066666666666666,0.6155279503105591,0.25,"{""y0_a0"": {""n"": 4, ""accuracy"": 0.25}, ""y0_a1"": {""n"": 31, ""accuracy"": 0.25806451612903225}, ""y1_a0"": {""n"": 103, ""accuracy"": 0.970873786407767}, ""y1_a1"": {""n"": 12, ""accuracy"": 1.0}}",0.3307856963544127
corr,debris,medsiglip_448,i2e_rank1,0.25,42,clean,0.9135403726708073,,0.9135403726708073,150,115,0,0.8266666666666667,0.7975155279503106,,"{""y0_a0"": {""n"": 35, ""accuracy"": 0.7428571428571429}, ""y0_a1"": {""n"": 0, ""accuracy"": NaN}, ""y1_a0"": {""n"": 115, ""accuracy"": 0.8521739130434782}, ""y1_a1"": {""n"": 0, ""accuracy"": NaN}}",0.2561877059394914
corr,debris,medsiglip_448,i2e_rank1,0.25,42,test_corr,0.9840993788819876,1.0,0.8907563025210083,150,115,102,0.9133333333333333,0.8440993788819876,0.0,"{""y0_a0"": {""n"": 34, ""accuracy"": 0.7352941176470589}, ""y0_a1"": {""n"": 1, ""accuracy"": 0.0}, ""y1_a0"": {""n"": 14, ""accuracy"": 0.7857142857142857}, ""y1_a1"": {""n"": 101, ""accuracy"": 1.0}}",0.2561877059394914
corr,debris,medsiglip_448,i2e_rank1,0.25,42,test_rev,0.555527950310559,0.9139784946236559,0.9077669902912622,150,115,43,0.7266666666666667,0.5732919254658385,0.22580645161290322,"{""y0_a0"": {""n"": 4, ""accuracy"": 0.75}, ""y0_a1"": {""n"": 31, ""accuracy"": 0.22580645161290322}, ""y1_a0"": {""n"": 103, ""accuracy"": 0.8446601941747572}, ""y1_a1"": {""n"": 12, ""accuracy"": 1.0}}",0.2561877059394914
corr,debris,medsiglip_448,insert_aug,0.25,42,clean,0.920496894409938,,0.920496894409938,150,115,0,0.8733333333333333,0.8279503105590063,,"{""y0_a0"": {""n"": 35, ""accuracy"": 0.7428571428571429}, ""y0_a1"": {""n"": 0, ""accuracy"": NaN}, ""y1_a0"": {""n"": 115, ""accuracy"": 0.9130434782608695}, ""y1_a1"": {""n"": 0, ""accuracy"": NaN}}",0.2632956206555799
corr,debris,medsiglip_448,insert_aug,0.25,42,test_corr,0.9838509316770188,1.0,0.9012605042016807,150,115,102,0.92,0.8484472049689441,0.0,"{""y0_a0"": {""n"": 34, ""accuracy"": 0.7352941176470589}, ""y0_a1"": {""n"": 1, ""accuracy"": 0.0}, ""y1_a0"": {""n"": 14, ""accuracy"": 0.8571428571428571}, ""y1_a1"": {""n"": 101, ""accuracy"": 1.0}}",0.2632956206555799
corr,debris,medsiglip_448,insert_aug,0.25,42,test_rev,0.6526708074534161,0.9381720430107526,0.9368932038834952,150,115,43,0.7666666666666667,0.5993788819875776,0.22580645161290322,"{""y0_a0"": {""n"": 4, ""accuracy"": 0.75}, ""y0_a1"": {""n"": 31, ""accuracy"": 0.22580645161290322}, ""y1_a0"": {""n"": 103, ""accuracy"": 0.9029126213592233}, ""y1_a1"": {""n"": 12, ""accuracy"": 1.0}}",0.2632956206555799
corr,debris,medsiglip_448,mte,0.25,42,clean,0.9592546583850932,,0.9592546583850932,150,115,0,0.88,0.9018633540372671,,"{""y0_a0"": {""n"": 35, ""accuracy"": 0.9428571428571428}, ""y0_a1"": {""n"": 0, ""accuracy"": NaN}, ""y1_a0"": {""n"": 115, ""accuracy"": 0.8608695652173913}, ""y1_a1"": {""n"": 0, ""accuracy"": NaN}}",0.37641683899611406
corr,debris,medsiglip_448,mte,0.25,42,test_corr,0.9870807453416148,0.9702970297029703,0.9747899159663865,150,115,102,0.96,0.9440993788819876,0.0,"{""y0_a0"": {""n"": 34, ""accuracy"": 0.9411764705882353}, ""y0_a1"": {""n"": 1, ""accuracy"": 0.0}, ""y1_a0"": {""n"": 14, ""accuracy"": 0.9285714285714286}, ""y1_a1"": {""n"": 101, ""accuracy"": 0.9801980198019802}}",0.37641683899611406
corr,debris,medsiglip_448,mte,0.25,42,test_rev,0.768944099378882,0.9758064516129032,0.9320388349514563,150,115,43,0.7733333333333333,0.6732919254658385,0.45161290322580644,"{""y0_a0"": {""n"": 4, ""accuracy"": 0.75}, ""y0_a1"": {""n"": 31, ""accuracy"": 0.45161290322580644}, ""y1_a0"": {""n"": 103, ""accuracy"": 0.8446601941747572}, ""y1_a1"": {""n"": 12, ""accuracy"": 1.0}}",0.37641683899611406
corr,debris,medsiglip_448,mte_balanced,0.25,42,clean,0.9552795031055901,,0.9552795031055901,150,115,0,0.8866666666666667,0.846583850931677,,"{""y0_a0"": {""n"": 35, ""accuracy"": 0.7714285714285715}, ""y0_a1"": {""n"": 0, ""accuracy"": NaN}, ""y1_a0"": {""n"": 115, ""accuracy"": 0.9217391304347826}, ""y1_a1"": {""n"": 0, ""accuracy"": NaN}}",0.40394864066812297
corr,debris,medsiglip_448,mte_balanced,0.25,42,test_corr,0.9773913043478261,0.8415841584158416,0.9936974789915967,150,115,102,0.92,0.8683229813664597,0.0,"{""y0_a0"": {""n"": 34, ""accuracy"": 0.7941176470588235}, ""y0_a1"": {""n"": 1, ""accuracy"": 0.0}, ""y1_a0"": {""n"": 14, ""accuracy"": 1.0}, ""y1_a1"": {""n"": 101, ""accuracy"": 0.9603960396039604}}",0.40394864066812297
corr,debris,medsiglip_448,mte_balanced,0.25,42,test_rev,0.88472049689441,0.9865591397849462,0.970873786407767,150,115,43,0.86,0.7894409937888198,0.6129032258064516,"{""y0_a0"": {""n"": 4, ""accuracy"": 1.0}, ""y0_a1"": {""n"": 31, ""accuracy"": 0.6129032258064516}, ""y1_a0"": {""n"": 103, ""accuracy"": 0.912621359223301}, ""y1_a1"": {""n"": 12, ""accuracy"": 1.0}}",0.40394864066812297
corr,debris,medsiglip_448,ui2e,0.25,42,clean,0.8683229813664597,,0.8683229813664597,150,115,0,0.84,0.7863354037267081,,"{""y0_a0"": {""n"": 35, ""accuracy"": 0.6857142857142857}, ""y0_a1"": {""n"": 0, ""accuracy"": NaN}, ""y1_a0"": {""n"": 115, ""accuracy"": 0.8869565217391304}, ""y1_a1"": {""n"": 0, ""accuracy"": NaN}}",0.4949850505475397
corr,debris,medsiglip_448,ui2e,0.25,42,test_corr,0.9242236024844721,0.9801980198019802,0.8676470588235294,150,115,102,0.8933333333333333,0.8211180124223603,0.6764705882352942,"{""y0_a0"": {""n"": 34, ""accuracy"": 0.6764705882352942}, ""y0_a1"": {""n"": 1, ""accuracy"": 1.0}, ""y1_a0"": {""n"": 14, ""accuracy"": 0.8571428571428571}, ""y1_a1"": {""n"": 101, ""accuracy"": 0.9702970297029703}}",0.4949850505475397
corr,debris,medsiglip_448,ui2e,0.25,42,test_rev,0.7955279503105591,0.9112903225806451,0.8762135922330098,150,115,43,0.8066666666666666,0.7049689440993789,0.5,"{""y0_a0"": {""n"": 4, ""accuracy"": 0.5}, ""y0_a1"": {""n"": 31, ""accuracy"": 0.5161290322580645}, ""y1_a0"": {""n"": 103, ""accuracy"": 0.883495145631068}, ""y1_a1"": {""n"": 12, ""accuracy"": 1.0}}",0.4949850505475397
corr,debris,medsiglip_448,ui2e_balanced,0.25,42,clean,0.9055900621118013,,0.9055900621118013,150,115,0,0.8533333333333334,0.8248447204968945,,"{""y0_a0"": {""n"": 35, ""accuracy"": 0.7714285714285715}, ""y0_a1"": {""n"": 0, ""accuracy"": NaN}, ""y1_a0"": {""n"": 115, ""accuracy"": 0.8782608695652174}, ""y1_a1"": {""n"": 0, ""accuracy"": NaN}}",0.4702871323309194
corr,debris,medsiglip_448,ui2e_balanced,0.25,42,test_corr,0.9373913043478261,1.0,0.8907563025210083,150,115,102,0.8933333333333333,0.8509316770186335,0.7647058823529411,"{""y0_a0"": {""n"": 34, ""accuracy"": 0.7647058823529411}, ""y0_a1"": {""n"": 1, ""accuracy"": 1.0}, ""y1_a0"": {""n"": 14, ""accuracy"": 0.7857142857142857}, ""y1_a1"": {""n"": 101, ""accuracy"": 0.9504950495049505}}",0.4702871323309194
corr,debris,medsiglip_448,ui2e_balanced,0.25,42,test_rev,0.8626086956521739,0.9596774193548387,0.8009708737864077,150,115,43,0.82,0.7434782608695651,0.25,"{""y0_a0"": {""n"": 4, ""accuracy"": 0.25}, ""y0_a1"": {""n"": 31, ""accuracy"": 0.6451612903225806}, ""y1_a0"": {""n"": 103, ""accuracy"": 0.8737864077669902}, ""y1_a1"": {""n"": 12, ""accuracy"": 1.0}}",0.4702871323309194
corr,debris,medsiglip_448,umte,0.25,42,clean,0.9247204968944099,,0.9247204968944099,150,115,0,0.8733333333333333,0.8478260869565217,,"{""y0_a0"": {""n"": 35, ""accuracy"": 0.8}, ""y0_a1"": {""n"": 0, ""accuracy"": NaN}, ""y1_a0"": {""n"": 115, ""accuracy"": 0.8956521739130435}, ""y1_a1"": {""n"": 0, ""accuracy"": NaN}}",0.3654956822923979
corr,debris,medsiglip_448,umte,0.25,42,test_corr,0.9627329192546583,0.9306930693069307,0.9621848739495797,150,115,102,0.9066666666666666,0.8596273291925466,0.0,"{""y0_a0"": {""n"": 34, ""accuracy"": 0.7941176470588235}, ""y0_a1"": {""n"": 1, ""accuracy"": 0.0}, ""y1_a0"": {""n"": 14, ""accuracy"": 1.0}, ""y1_a1"": {""n"": 101, ""accuracy"": 0.9405940594059405}}",0.3654956822923979
corr,debris,medsiglip_448,umte,0.25,42,test_rev,0.8596273291925466,0.9731182795698925,0.8956310679611651,150,115,43,0.8133333333333334,0.7192546583850932,0.5161290322580645,"{""y0_a0"": {""n"": 4, ""accuracy"": 0.75}, ""y0_a1"": {""n"": 31, ""accuracy"": 0.5161290322580645}, ""y1_a0"": {""n"": 103, ""accuracy"": 0.883495145631068}, ""y1_a1"": {""n"": 12, ""accuracy"": 1.0}}",0.3654956822923979
corr,debris,medsiglip_448,umte_balanced,0.25,42,clean,0.947329192546584,,0.947329192546584,150,115,0,0.8666666666666667,0.8335403726708075,,"{""y0_a0"": {""n"": 35, ""accuracy"": 0.7714285714285715}, ""y0_a1"": {""n"": 0, ""accuracy"": NaN}, ""y1_a0"": {""n"": 115, ""accuracy"": 0.8956521739130435}, ""y1_a1"": {""n"": 0, ""accuracy"": NaN}}",0.4590003766881182
corr,debris,medsiglip_448,umte_balanced,0.25,42,test_corr,0.9609937888198757,0.9207920792079208,0.9768907563025211,150,115,102,0.8866666666666667,0.846583850931677,0.7647058823529411,"{""y0_a0"": {""n"": 34, ""accuracy"": 0.7647058823529411}, ""y0_a1"": {""n"": 1, ""accuracy"": 1.0}, ""y1_a0"": {""n"": 14, ""accuracy"": 1.0}, ""y1_a1"": {""n"": 101, ""accuracy"": 0.9108910891089109}}",0.4590003766881182
corr,debris,medsiglip_448,umte_balanced,0.25,42,test_rev,0.9147826086956522,0.989247311827957,0.941747572815534,150,115,43,0.8533333333333334,0.8049689440993789,0.7096774193548387,"{""y0_a0"": {""n"": 4, ""accuracy"": 0.75}, ""y0_a1"": {""n"": 31, ""accuracy"": 0.7096774193548387}, ""y1_a0"": {""n"": 103, ""accuracy"": 0.883495145631068}, ""y1_a1"": {""n"": 12, ""accuracy"": 1.0}}",0.4590003766881182
corr,debris,medsiglip_448,erm,0.25,123,clean,0.880248447204969,,0.880248447204969,150,115,0,0.8333333333333334,0.7819875776397516,,"{""y0_a0"": {""n"": 35, ""accuracy"": 0.6857142857142857}, ""y0_a1"": {""n"": 0, ""accuracy"": NaN}, ""y1_a0"": {""n"": 115, ""accuracy"": 0.8782608695652174}, ""y1_a1"": {""n"": 0, ""accuracy"": NaN}}",0.17880903188578817
corr,debris,medsiglip_448,erm,0.25,123,test_corr,0.9503105590062112,0.8421768707482993,0.9142857142857143,150,115,112,0.9066666666666666,0.8,0.0,"{""y0_a0"": {""n"": 28, ""accuracy"": 0.75}, ""y0_a1"": {""n"": 7, ""accuracy"": 0.0}, ""y1_a0"": {""n"": 10, ""accuracy"": 1.0}, ""y1_a1"": {""n"": 105, ""accuracy"": 1.0}}",0.17880903188578817
corr,debris,medsiglip_448,erm,0.25,123,test_rev,0.40024844720496894,0.8311688311688311,0.8240740740740741,150,115,40,0.7066666666666667,0.5105590062111801,0.12121212121212122,"{""y0_a0"": {""n"": 2, ""accuracy"": 0.5}, ""y0_a1"": {""n"": 33, ""accuracy"": 0.12121212121212122}, ""y1_a0"": {""n"": 108, ""accuracy"": 0.8703703703703703}, ""y1_a1"": {""n"": 7, ""accuracy"": 1.0}}",0.17880903188578817
corr,debris,medsiglip_448,mask,0.25,123,clean,0.9515527950310559,,0.9515527950310559,150,115,0,0.8866666666666667,0.8763975155279503,,"{""y0_a0"": {""n"": 35, ""accuracy"": 0.8571428571428571}, ""y0_a1"": {""n"": 0, ""accuracy"": NaN}, ""y1_a0"": {""n"": 115, ""accuracy"": 0.8956521739130435}, ""y1_a1"": {""n"": 0, ""accuracy"": NaN}}",0.34043455978821574
corr,debris,medsiglip_448,mask,0.25,123,test_corr,0.9786335403726708,0.9768707482993196,0.9214285714285715,150,115,112,0.9266666666666666,0.8925465838509317,0.8214285714285714,"{""y0_a0"": {""n"": 28, ""accuracy"": 0.8214285714285714}, ""y0_a1"": {""n"": 7, ""accuracy"": 0.8571428571428571}, ""y1_a0"": {""n"": 10, ""accuracy"": 0.9}, ""y1_a1"": {""n"": 105, ""accuracy"": 0.9619047619047619}}",0.34043455978821574
corr,debris,medsiglip_448,mask,0.25,123,test_rev,0.853416149068323,0.8831168831168831,1.0,150,115,40,0.84,0.7763975155279503,0.6363636363636364,"{""y0_a0"": {""n"": 2, ""accuracy"": 1.0}, ""y0_a1"": {""n"": 33, ""accuracy"": 0.6363636363636364}, ""y1_a0"": {""n"": 108, ""accuracy"": 0.8981481481481481}, ""y1_a1"": {""n"": 7, ""accuracy"": 0.8571428571428571}}",0.34043455978821574
corr,debris,medsiglip_448,inpaint,0.25,123,clean,0.906583850931677,,0.906583850931677,150,115,0,0.86,0.7695652173913043,,"{""y0_a0"": {""n"": 35, ""accuracy"": 0.6}, ""y0_a1"": {""n"": 0, ""accuracy"": NaN}, ""y1_a0"": {""n"": 115, ""accuracy"": 0.9391304347826087}, ""y1_a1"": {""n"": 0, ""accuracy"": NaN}}",0.3312743486827917
corr,debris,medsiglip_448,inpaint,0.25,123,test_corr,0.9242236024844721,0.889795918367347,0.9249999999999999,150,115,112,0.88,0.7726708074534161,0.2857142857142857,"{""y0_a0"": {""n"": 28, ""accuracy"": 0.6428571428571429}, ""y0_a1"": {""n"": 7, ""accuracy"": 0.2857142857142857}, ""y1_a0"": {""n"": 10, ""accuracy"": 1.0}, ""y1_a1"": {""n"": 105, ""accuracy"": 0.9714285714285714}}",0.3312743486827917
corr,debris,medsiglip_448,inpaint,0.25,123,test_rev,0.8814906832298136,0.935064935064935,0.8518518518518519,150,115,40,0.84,0.7267080745341614,0.5,"{""y0_a0"": {""n"": 2, ""accuracy"": 0.5}, ""y0_a1"": {""n"": 33, ""accuracy"": 0.5151515151515151}, ""y1_a0"": {""n"": 108, ""accuracy"": 0.9351851851851852}, ""y1_a1"": {""n"": 7, ""accuracy"": 1.0}}",0.3312743486827917
corr,debris,medsiglip_448,balanced,0.25,123,clean,0.8640993788819875,,0.8640993788819875,150,115,0,0.84,0.7763975155279503,,"{""y0_a0"": {""n"": 35, ""accuracy"": 0.6571428571428571}, ""y0_a1"": {""n"": 0, ""accuracy"": NaN}, ""y1_a0"": {""n"": 115, ""accuracy"": 0.8956521739130435}, ""y1_a1"": {""n"": 0, ""accuracy"": NaN}}",0.48873886859817806
corr,debris,medsiglip_448,balanced,0.25,123,test_corr,0.8949068322981366,0.8054421768707483,0.8928571428571429,150,115,112,0.8866666666666667,0.7869565217391304,0.2857142857142857,"{""y0_a0"": {""n"": 28, ""accuracy"": 0.6785714285714286}, ""y0_a1"": {""n"": 7, ""accuracy"": 0.2857142857142857}, ""y1_a0"": {""n"": 10, ""accuracy"": 1.0}, ""y1_a1"": {""n"": 105, ""accuracy"": 0.9714285714285714}}",0.48873886859817806
corr,debris,medsiglip_448,balanced,0.25,123,test_rev,0.8064596273291925,0.9134199134199135,0.6805555555555556,150,115,40,0.8,0.6906832298136646,0.48484848484848486,"{""y0_a0"": {""n"": 2, ""accuracy"": 0.5}, ""y0_a1"": {""n"": 33, ""accuracy"": 0.48484848484848486}, ""y1_a0"": {""n"": 108, ""accuracy"": 0.8888888888888888}, ""y1_a1"": {""n"": 7, ""accuracy"": 1.0}}",0.48873886859817806
corr,debris,medsiglip_448,dfr,0.25,123,clean,0.8782608695652174,,0.8782608695652174,150,115,0,0.84,0.7763975155279503,,"{""y0_a0"": {""n"": 35, ""accuracy"": 0.6571428571428571}, ""y0_a1"": {""n"": 0, ""accuracy"": NaN}, ""y1_a0"": {""n"": 115, ""accuracy"": 0.8956521739130435}, ""y1_a1"": {""n"": 0, ""accuracy"": NaN}}",0.4466294454169849
corr,debris,medsiglip_448,dfr,0.25,123,test_corr,0.8737888198757764,0.8190476190476189,0.8928571428571429,150,115,112,0.8466666666666667,0.7708074534161491,0.2857142857142857,"{""y0_a0"": {""n"": 28, ""accuracy"": 0.7142857142857143}, ""y0_a1"": {""n"": 7, ""accuracy"": 0.2857142857142857}, ""y1_a0"": {""n"": 10, ""accuracy"": 0.9}, ""y1_a1"": {""n"": 105, ""accuracy"": 0.9142857142857143}}",0.4466294454169849
corr,debris,medsiglip_448,dfr,0.25,123,test_rev,0.879751552795031,0.9437229437229437,0.7916666666666667,150,115,40,0.8333333333333334,0.7621118012422361,0.5,"{""y0_a0"": {""n"": 2, ""accuracy"": 0.5}, ""y0_a1"": {""n"": 33, ""accuracy"": 0.6363636363636364}, ""y1_a0"": {""n"": 108, ""accuracy"": 0.8888888888888888}, ""y1_a1"": {""n"": 7, ""accuracy"": 1.0}}",0.4466294454169849
corr,debris,medsiglip_448,leace,0.25,123,clean,0.9105590062111802,,0.9105590062111802,150,115,0,0.86,0.829192546583851,,"{""y0_a0"": {""n"": 35, ""accuracy"": 0.7714285714285715}, ""y0_a1"": {""n"": 0, ""accuracy"": NaN}, ""y1_a0"": {""n"": 115, ""accuracy"": 0.8869565217391304}, ""y1_a1"": {""n"": 0, ""accuracy"": NaN}}",0.49050885641263625
corr,debris,medsiglip_448,leace,0.25,123,test_corr,0.9127950310559007,0.9020408163265307,0.9392857142857143,150,115,112,0.8666666666666667,0.8236024844720498,0.5714285714285714,"{""y0_a0"": {""n"": 28, ""accuracy"": 0.7857142857142857}, ""y0_a1"": {""n"": 7, ""accuracy"": 0.5714285714285714}, ""y1_a0"": {""n"": 10, ""accuracy"": 1.0}, ""y1_a1"": {""n"": 105, ""accuracy"": 0.8952380952380953}}",0.49050885641263625
corr,debris,medsiglip_448,leace,0.25,123,test_rev,0.9130434782608696,0.9567099567099567,0.8472222222222222,150,115,40,0.8466666666666667,0.8006211180124223,0.5,"{""y0_a0"": {""n"": 2, ""accuracy"": 0.5}, ""y0_a1"": {""n"": 33, ""accuracy"": 0.7272727272727273}, ""y1_a0"": {""n"": 108, ""accuracy"": 0.8796296296296297}, ""y1_a1"": {""n"": 7, ""accuracy"": 1.0}}",0.49050885641263625
corr,debris,medsiglip_448,umte_protect,0.25,123,clean,0.9376397515527951,,0.9376397515527951,150,115,0,0.88,0.8422360248447205,,"{""y0_a0"": {""n"": 35, ""accuracy"": 0.7714285714285715}, ""y0_a1"": {""n"": 0, ""accuracy"": NaN}, ""y1_a0"": {""n"": 115, ""accuracy"": 0.9130434782608695}, ""y1_a1"": {""n"": 0, ""accuracy"": NaN}}",0.285339315820459
corr,debris,medsiglip_448,umte_protect,0.25,123,test_corr,0.9458385093167703,0.9673469387755103,0.8857142857142857,150,115,112,0.8866666666666667,0.846583850931677,0.75,"{""y0_a0"": {""n"": 28, ""accuracy"": 0.75}, ""y0_a1"": {""n"": 7, ""accuracy"": 0.8571428571428571}, ""y1_a0"": {""n"": 10, ""accuracy"": 0.8}, ""y1_a1"": {""n"": 105, ""accuracy"": 0.9333333333333333}}",0.285339315820459
corr,debris,medsiglip_448,umte_protect,0.25,123,test_rev,0.906832298136646,0.9177489177489178,0.9953703703703703,150,115,40,0.8466666666666667,0.7708074534161491,0.6060606060606061,"{""y0_a0"": {""n"": 2, ""accuracy"": 1.0}, ""y0_a1"": {""n"": 33, ""accuracy"": 0.6060606060606061}, ""y1_a0"": {""n"": 108, ""accuracy"": 0.9166666666666666}, ""y1_a1"": {""n"": 7, ""accuracy"": 0.8571428571428571}}",0.285339315820459
corr,debris,medsiglip_448,umte_protect_balanced,0.25,123,clean,0.9361490683229813,,0.9361490683229813,150,115,0,0.8866666666666667,0.846583850931677,,"{""y0_a0"": {""n"": 35, ""accuracy"": 0.7714285714285715}, ""y0_a1"": {""n"": 0, ""accuracy"": NaN}, ""y1_a0"": {""n"": 115, ""accuracy"": 0.9217391304347826}, ""y1_a1"": {""n"": 0, ""accuracy"": NaN}}",0.3175384372780516
corr,debris,medsiglip_448,umte_protect_balanced,0.25,123,test_corr,0.92944099378882,0.964625850340136,0.8678571428571429,150,115,112,0.88,0.8422360248447205,0.75,"{""y0_a0"": {""n"": 28, ""accuracy"": 0.75}, ""y0_a1"": {""n"": 7, ""accuracy"": 0.8571428571428571}, ""y1_a0"": {""n"": 10, ""accuracy"": 0.8}, ""y1_a1"": {""n"": 105, ""accuracy"": 0.9238095238095239}}",0.3175384372780516
corr,debris,medsiglip_448,umte_protect_balanced,0.25,123,test_rev,0.9304347826086956,0.9177489177489176,0.9907407407407407,150,115,40,0.8733333333333333,0.8180124223602485,0.696969696969697,"{""y0_a0"": {""n"": 2, ""accuracy"": 1.0}, ""y0_a1"": {""n"": 33, ""accuracy"": 0.696969696969697}, ""y1_a0"": {""n"": 108, ""accuracy"": 0.9259259259259259}, ""y1_a1"": {""n"": 7, ""accuracy"": 0.8571428571428571}}",0.3175384372780516
corr,debris,medsiglip_448,i2e,0.25,123,clean,0.8705590062111802,,0.8705590062111802,150,115,0,0.8266666666666667,0.7577639751552795,,"{""y0_a0"": {""n"": 35, ""accuracy"": 0.6285714285714286}, ""y0_a1"": {""n"": 0, ""accuracy"": NaN}, ""y1_a0"": {""n"": 115, ""accuracy"": 0.8869565217391304}, ""y1_a1"": {""n"": 0, ""accuracy"": NaN}}",0.39156926278822674
corr,debris,medsiglip_448,i2e,0.25,123,test_corr,0.937142857142857,0.798639455782313,0.8964285714285714,150,115,112,0.9,0.7857142857142857,0.0,"{""y0_a0"": {""n"": 28, ""accuracy"": 0.7142857142857143}, ""y0_a1"": {""n"": 7, ""accuracy"": 0.0}, ""y1_a0"": {""n"": 10, ""accuracy"": 1.0}, ""y1_a1"": {""n"": 105, ""accuracy"": 1.0}}",0.39156926278822674
corr,debris,medsiglip_448,i2e,0.25,123,test_rev,0.3960248447204968,0.8398268398268397,0.7731481481481481,150,115,40,0.7133333333333334,0.5149068322981366,0.12121212121212122,"{""y0_a0"": {""n"": 2, ""accuracy"": 0.5}, ""y0_a1"": {""n"": 33, ""accuracy"": 0.12121212121212122}, ""y1_a0"": {""n"": 108, ""accuracy"": 0.8796296296296297}, ""y1_a1"": {""n"": 7, ""accuracy"": 1.0}}",0.39156926278822674
corr,debris,medsiglip_448,i2e_balanced,0.25,123,clean,0.871055900621118,,0.871055900621118,150,115,0,0.8533333333333334,0.7751552795031056,,"{""y0_a0"": {""n"": 35, ""accuracy"": 0.6285714285714286}, ""y0_a1"": {""n"": 0, ""accuracy"": NaN}, ""y1_a0"": {""n"": 115, ""accuracy"": 0.9217391304347826}, ""y1_a1"": {""n"": 0, ""accuracy"": NaN}}",0.49589409654046707
corr,debris,medsiglip_448,i2e_balanced,0.25,123,test_corr,0.9125465838509317,0.780952380952381,0.9107142857142858,150,115,112,0.9066666666666666,0.8099378881987578,0.14285714285714285,"{""y0_a0"": {""n"": 28, ""accuracy"": 0.75}, ""y0_a1"": {""n"": 7, ""accuracy"": 0.14285714285714285}, ""y1_a0"": {""n"": 10, ""accuracy"": 1.0}, ""y1_a1"": {""n"": 105, ""accuracy"": 0.9904761904761905}}",0.49589409654046707
corr,debris,medsiglip_448,i2e_balanced,0.25,123,test_rev,0.7478260869565218,0.9004329004329004,0.7037037037037037,150,115,40,0.8,0.6608695652173913,0.3939393939393939,"{""y0_a0"": {""n"": 2, ""accuracy"": 0.5}, ""y0_a1"": {""n"": 33, ""accuracy"": 0.3939393939393939}, ""y1_a0"": {""n"": 108, ""accuracy"": 0.9166666666666666}, ""y1_a1"": {""n"": 7, ""accuracy"": 1.0}}",0.49589409654046707
corr,debris,medsiglip_448,i2e_rank1,0.25,123,clean,0.8916770186335403,,0.8916770186335403,150,115,0,0.84,0.7962732919254658,,"{""y0_a0"": {""n"": 35, ""accuracy"": 0.7142857142857143}, ""y0_a1"": {""n"": 0, ""accuracy"": NaN}, ""y1_a0"": {""n"": 115, ""accuracy"": 0.8782608695652174}, ""y1_a1"": {""n"": 0, ""accuracy"": NaN}}",0.22082205980369912
corr,debris,medsiglip_448,i2e_rank1,0.25,123,test_corr,0.9532919254658385,0.8571428571428572,0.9142857142857143,150,115,112,0.9066666666666666,0.8,0.0,"{""y0_a0"": {""n"": 28, ""accuracy"": 0.75}, ""y0_a1"": {""n"": 7, ""accuracy"": 0.0}, ""y1_a0"": {""n"": 10, ""accuracy"": 1.0}, ""y1_a1"": {""n"": 105, ""accuracy"": 1.0}}",0.22082205980369912
corr,debris,medsiglip_448,i2e_rank1,0.25,123,test_rev,0.4643478260869565,0.8484848484848485,0.837962962962963,150,115,40,0.72,0.5391304347826087,0.18181818181818182,"{""y0_a0"": {""n"": 2, ""accuracy"": 0.5}, ""y0_a1"": {""n"": 33, ""accuracy"": 0.18181818181818182}, ""y1_a0"": {""n"": 108, ""accuracy"": 0.8703703703703703}, ""y1_a1"": {""n"": 7, ""accuracy"": 1.0}}",0.22082205980369912
corr,debris,medsiglip_448,insert_aug,0.25,123,clean,0.8976397515527951,,0.8976397515527951,150,115,0,0.8266666666666667,0.7875776397515528,,"{""y0_a0"": {""n"": 35, ""accuracy"": 0.7142857142857143}, ""y0_a1"": {""n"": 0, ""accuracy"": NaN}, ""y1_a0"": {""n"": 115, ""accuracy"": 0.8608695652173913}, ""y1_a1"": {""n"": 0, ""accuracy"": NaN}}",0.27638848032374397
corr,debris,medsiglip_448,insert_aug,0.25,123,test_corr,0.9552795031055901,0.8639455782312926,0.9357142857142857,150,115,112,0.92,0.8285714285714285,0.14285714285714285,"{""y0_a0"": {""n"": 28, ""accuracy"": 0.7857142857142857}, ""y0_a1"": {""n"": 7, ""accuracy"": 0.14285714285714285}, ""y1_a0"": {""n"": 10, ""accuracy"": 1.0}, ""y1_a1"": {""n"": 105, ""accuracy"": 1.0}}",0.27638848032374397
corr,debris,medsiglip_448,insert_aug,0.25,123,test_rev,0.5662111801242236,0.9004329004329004,0.837962962962963,150,115,40,0.7133333333333334,0.5447204968944099,0.21212121212121213,"{""y0_a0"": {""n"": 2, ""accuracy"": 0.5}, ""y0_a1"": {""n"": 33, ""accuracy"": 0.21212121212121213}, ""y1_a0"": {""n"": 108, ""accuracy"": 0.8518518518518519}, ""y1_a1"": {""n"": 7, ""accuracy"": 1.0}}",0.27638848032374397
corr,debris,medsiglip_448,mte,0.25,123,clean,0.9550310559006211,,0.9550310559006211,150,115,0,0.88,0.9018633540372671,,"{""y0_a0"": {""n"": 35, ""accuracy"": 0.9428571428571428}, ""y0_a1"": {""n"": 0, ""accuracy"": NaN}, ""y1_a0"": {""n"": 115, ""accuracy"": 0.8608695652173913}, ""y1_a1"": {""n"": 0, ""accuracy"": NaN}}",0.36990186651108364
corr,debris,medsiglip_448,mte,0.25,123,test_corr,0.9811180124223603,0.9727891156462585,0.9142857142857143,150,115,112,0.9466666666666667,0.915527950310559,0.5714285714285714,"{""y0_a0"": {""n"": 28, ""accuracy"": 0.9285714285714286}, ""y0_a1"": {""n"": 7, ""accuracy"": 0.5714285714285714}, ""y1_a0"": {""n"": 10, ""accuracy"": 0.8}, ""y1_a1"": {""n"": 105, ""accuracy"": 0.9904761904761905}}",0.36990186651108364
corr,debris,medsiglip_448,mte,0.25,123,test_rev,0.7267080745341615,0.8744588744588745,0.9907407407407407,150,115,40,0.7733333333333333,0.6633540372670808,0.42424242424242425,"{""y0_a0"": {""n"": 2, ""accuracy"": 1.0}, ""y0_a1"": {""n"": 33, ""accuracy"": 0.42424242424242425}, ""y1_a0"": {""n"": 108, ""accuracy"": 0.8611111111111112}, ""y1_a1"": {""n"": 7, ""accuracy"": 1.0}}",0.36990186651108364
corr,debris,medsiglip_448,mte_balanced,0.25,123,clean,0.937888198757764,,0.937888198757764,150,115,0,0.86,0.868944099378882,,"{""y0_a0"": {""n"": 35, ""accuracy"": 0.8857142857142857}, ""y0_a1"": {""n"": 0, ""accuracy"": NaN}, ""y1_a0"": {""n"": 115, ""accuracy"": 0.8521739130434782}, ""y1_a1"": {""n"": 0, ""accuracy"": NaN}}",0.47032078187039045
corr,debris,medsiglip_448,mte_balanced,0.25,123,test_corr,0.9612422360248448,0.9782312925170067,0.8821428571428571,150,115,112,0.92,0.9080745341614906,0.7,"{""y0_a0"": {""n"": 28, ""accuracy"": 0.8571428571428571}, ""y0_a1"": {""n"": 7, ""accuracy"": 1.0}, ""y1_a0"": {""n"": 10, ""accuracy"": 0.7}, ""y1_a1"": {""n"": 105, ""accuracy"": 0.9523809523809523}}",0.47032078187039045
corr,debris,medsiglip_448,mte_balanced,0.25,123,test_rev,0.8715527950310559,0.8571428571428571,0.9861111111111112,150,115,40,0.8266666666666667,0.7875776397515528,0.696969696969697,"{""y0_a0"": {""n"": 2, ""accuracy"": 1.0}, ""y0_a1"": {""n"": 33, ""accuracy"": 0.696969696969697}, ""y1_a0"": {""n"": 108, ""accuracy"": 0.8611111111111112}, ""y1_a1"": {""n"": 7, ""accuracy"": 0.8571428571428571}}",0.47032078187039045
corr,debris,medsiglip_448,ui2e,0.25,123,clean,0.8653416149068323,,0.8653416149068323,150,115,0,0.8333333333333334,0.7819875776397516,,"{""y0_a0"": {""n"": 35, ""accuracy"": 0.6857142857142857}, ""y0_a1"": {""n"": 0, ""accuracy"": NaN}, ""y1_a0"": {""n"": 115, ""accuracy"": 0.8782608695652174}, ""y1_a1"": {""n"": 0, ""accuracy"": NaN}}",0.4997658793615825
corr,debris,medsiglip_448,ui2e,0.25,123,test_corr,0.8991304347826088,0.7741496598639456,0.8964285714285714,150,115,112,0.9,0.8254658385093168,0.2857142857142857,"{""y0_a0"": {""n"": 28, ""accuracy"": 0.7857142857142857}, ""y0_a1"": {""n"": 7, ""accuracy"": 0.2857142857142857}, ""y1_a0"": {""n"": 10, ""accuracy"": 1.0}, ""y1_a1"": {""n"": 105, ""accuracy"": 0.9619047619047619}}",0.4997658793615825
corr,debris,medsiglip_448,ui2e,0.25,123,test_rev,0.7734161490683231,0.9090909090909092,0.6759259259259259,150,115,40,0.7933333333333333,0.6962732919254658,0.5,"{""y0_a0"": {""n"": 2, ""accuracy"": 0.5}, ""y0_a1"": {""n"": 33, ""accuracy"": 0.5151515151515151}, ""y1_a0"": {""n"": 108, ""accuracy"": 0.8703703703703703}, ""y1_a1"": {""n"": 7, ""accuracy"": 1.0}}",0.4997658793615825
corr,debris,medsiglip_448,ui2e_balanced,0.25,123,clean,0.871304347826087,,0.871304347826087,150,115,0,0.8133333333333334,0.7788819875776398,,"{""y0_a0"": {""n"": 35, ""accuracy"": 0.7142857142857143}, ""y0_a1"": {""n"": 0, ""accuracy"": NaN}, ""y1_a0"": {""n"": 115, ""accuracy"": 0.8434782608695652}, ""y1_a1"": {""n"": 0, ""accuracy"": NaN}}",0.5002769951620682
corr,debris,medsiglip_448,ui2e_balanced,0.25,123,test_corr,0.8727950310559006,0.7523809523809524,0.8999999999999999,150,115,112,0.8466666666666667,0.8006211180124223,0.2857142857142857,"{""y0_a0"": {""n"": 28, ""accuracy"": 0.8214285714285714}, ""y0_a1"": {""n"": 7, ""accuracy"": 0.2857142857142857}, ""y1_a0"": {""n"": 10, ""accuracy"": 1.0}, ""y1_a1"": {""n"": 105, ""accuracy"": 0.8761904761904762}}",0.5002769951620682
corr,debris,medsiglip_448,ui2e_balanced,0.25,123,test_rev,0.8496894409937888,0.9264069264069265,0.6481481481481481,150,115,40,0.8066666666666666,0.7645962732919255,0.5,"{""y0_a0"": {""n"": 2, ""accuracy"": 0.5}, ""y0_a1"": {""n"": 33, ""accuracy"": 0.696969696969697}, ""y1_a0"": {""n"": 108, ""accuracy"": 0.8425925925925926}, ""y1_a1"": {""n"": 7, ""accuracy"": 0.8571428571428571}}",0.5002769951620682
corr,debris,medsiglip_448,umte,0.25,123,clean,0.9237267080745342,,0.9237267080745342,150,115,0,0.88,0.8521739130434782,,"{""y0_a0"": {""n"": 35, ""accuracy"": 0.8}, ""y0_a1"": {""n"": 0, ""accuracy"": NaN}, ""y1_a0"": {""n"": 115, ""accuracy"": 0.9043478260869565}, ""y1_a1"": {""n"": 0, ""accuracy"": NaN}}",0.3668422306871312
corr,debris,medsiglip_448,umte,0.25,123,test_corr,0.9567701863354037,0.964625850340136,0.9035714285714286,150,115,112,0.9,0.8552795031055901,0.7142857142857143,"{""y0_a0"": {""n"": 28, ""accuracy"": 0.7857142857142857}, ""y0_a1"": {""n"": 7, ""accuracy"": 0.7142857142857143}, ""y1_a0"": {""n"": 10, ""accuracy"": 0.8}, ""y1_a1"": {""n"": 105, ""accuracy"": 0.9523809523809523}}",0.3668422306871312
corr,debris,medsiglip_448,umte,0.25,123,test_rev,0.8559006211180124,0.8917748917748918,0.9814814814814814,150,115,40,0.8333333333333334,0.7422360248447204,0.5454545454545454,"{""y0_a0"": {""n"": 2, ""accuracy"": 1.0}, ""y0_a1"": {""n"": 33, ""accuracy"": 0.5454545454545454}, ""y1_a0"": {""n"": 108, ""accuracy"": 0.9074074074074074}, ""y1_a1"": {""n"": 7, ""accuracy"": 1.0}}",0.3668422306871312
corr,debris,medsiglip_448,umte_balanced,0.25,123,clean,0.9237267080745342,,0.9237267080745342,150,115,0,0.8733333333333333,0.8577639751552795,,"{""y0_a0"": {""n"": 35, ""accuracy"": 0.8285714285714286}, ""y0_a1"": {""n"": 0, ""accuracy"": NaN}, ""y1_a0"": {""n"": 115, ""accuracy"": 0.8869565217391304}, ""y1_a1"": {""n"": 0, ""accuracy"": NaN}}",0.4735968532574705
corr,debris,medsiglip_448,umte_balanced,0.25,123,test_corr,0.9373913043478261,0.9700680272108844,0.8857142857142857,150,115,112,0.8933333333333333,0.8608695652173913,0.7857142857142857,"{""y0_a0"": {""n"": 28, ""accuracy"": 0.7857142857142857}, ""y0_a1"": {""n"": 7, ""accuracy"": 0.8571428571428571}, ""y1_a0"": {""n"": 10, ""accuracy"": 0.8}, ""y1_a1"": {""n"": 105, ""accuracy"": 0.9333333333333333}}",0.4735968532574705
corr,debris,medsiglip_448,umte_balanced,0.25,123,test_rev,0.9050931677018633,0.922077922077922,0.9768518518518519,150,115,40,0.8733333333333333,0.8577639751552795,0.8181818181818182,"{""y0_a0"": {""n"": 2, ""accuracy"": 1.0}, ""y0_a1"": {""n"": 33, ""accuracy"": 0.8181818181818182}, ""y1_a0"": {""n"": 108, ""accuracy"": 0.8888888888888888}, ""y1_a1"": {""n"": 7, ""accuracy"": 0.8571428571428571}}",0.4735968532574705
corr,debris,medsiglip_448,erm,0.25,456,clean,0.8879503105590062,,0.8879503105590062,150,115,0,0.84,0.7763975155279503,,"{""y0_a0"": {""n"": 35, ""accuracy"": 0.6571428571428571}, ""y0_a1"": {""n"": 0, ""accuracy"": NaN}, ""y1_a0"": {""n"": 115, ""accuracy"": 0.8956521739130435}, ""y1_a1"": {""n"": 0, ""accuracy"": NaN}}",0.18962503598199065
corr,debris,medsiglip_448,erm,0.25,456,test_corr,0.9890683229813664,1.0,0.9205882352941176,150,115,106,0.9133333333333333,0.8142857142857143,0.0,"{""y0_a0"": {""n"": 34, ""accuracy"": 0.6470588235294118}, ""y0_a1"": {""n"": 1, ""accuracy"": 0.0}, ""y1_a0"": {""n"": 10, ""accuracy"": 1.0}, ""y1_a1"": {""n"": 105, ""accuracy"": 1.0}}",0.18962503598199065
corr,debris,medsiglip_448,erm,0.25,456,test_rev,0.5326708074534161,0.8908045977011494,0.7653721682847896,150,115,41,0.7266666666666667,0.5236024844720497,0.06896551724137931,"{""y0_a0"": {""n"": 6, ""accuracy"": 0.5}, ""y0_a1"": {""n"": 29, ""accuracy"": 0.06896551724137931}, ""y1_a0"": {""n"": 103, ""accuracy"": 0.8932038834951457}, ""y1_a1"": {""n"": 12, ""accuracy"": 1.0}}",0.18962503598199065
corr,debris,medsiglip_448,mask,0.25,456,clean,0.942111801242236,,0.942111801242236,150,115,0,0.8733333333333333,0.8677018633540372,,"{""y0_a0"": {""n"": 35, ""accuracy"": 0.8571428571428571}, ""y0_a1"": {""n"": 0, ""accuracy"": NaN}, ""y1_a0"": {""n"": 115, ""accuracy"": 0.8782608695652174}, ""y1_a1"": {""n"": 0, ""accuracy"": NaN}}",0.4167500353407572
corr,debris,medsiglip_448,mask,0.25,456,test_corr,0.9619875776397515,0.9428571428571428,0.8794117647058824,150,115,106,0.9066666666666666,0.8795031055900622,0.0,"{""y0_a0"": {""n"": 34, ""accuracy"": 0.8529411764705882}, ""y0_a1"": {""n"": 1, ""accuracy"": 0.0}, ""y1_a0"": {""n"": 10, ""accuracy"": 0.8}, ""y1_a1"": {""n"": 105, ""accuracy"": 0.9428571428571428}}",0.4167500353407572
corr,debris,medsiglip_448,mask,0.25,456,test_rev,0.9001242236024845,0.9281609195402298,0.8834951456310679,150,115,41,0.84,0.7863354037267081,0.6666666666666666,"{""y0_a0"": {""n"": 6, ""accuracy"": 0.6666666666666666}, ""y0_a1"": {""n"": 29, ""accuracy"": 0.6896551724137931}, ""y1_a0"": {""n"": 103, ""accuracy"": 0.883495145631068}, ""y1_a1"": {""n"": 12, ""accuracy"": 0.9166666666666666}}",0.4167500353407572
corr,debris,medsiglip_448,inpaint,0.25,456,clean,0.9073291925465838,,0.9073291925465838,150,115,0,0.8533333333333334,0.7652173913043478,,"{""y0_a0"": {""n"": 35, ""accuracy"": 0.6}, ""y0_a1"": {""n"": 0, ""accuracy"": NaN}, ""y1_a0"": {""n"": 115, ""accuracy"": 0.9304347826086956}, ""y1_a1"": {""n"": 0, ""accuracy"": NaN}}",0.33795669460047484
corr,debris,medsiglip_448,inpaint,0.25,456,test_corr,0.9281987577639751,0.9523809523809523,0.9529411764705882,150,115,106,0.8733333333333333,0.7782608695652173,0.5882352941176471,"{""y0_a0"": {""n"": 34, ""accuracy"": 0.5882352941176471}, ""y0_a1"": {""n"": 1, ""accuracy"": 1.0}, ""y1_a0"": {""n"": 10, ""accuracy"": 1.0}, ""y1_a1"": {""n"": 105, ""accuracy"": 0.9523809523809523}}",0.33795669460047484
corr,debris,medsiglip_448,inpaint,0.25,456,test_rev,0.8919254658385093,0.9655172413793104,0.8090614886731392,150,115,41,0.8466666666666667,0.7509316770186335,0.5,"{""y0_a0"": {""n"": 6, ""accuracy"": 0.5}, ""y0_a1"": {""n"": 29, ""accuracy"": 0.5862068965517241}, ""y1_a0"": {""n"": 103, ""accuracy"": 0.9223300970873787}, ""y1_a1"": {""n"": 12, ""accuracy"": 1.0}}",0.33795669460047484
corr,debris,medsiglip_448,balanced,0.25,456,clean,0.8760248447204969,,0.8760248447204969,150,115,0,0.8466666666666667,0.8006211180124223,,"{""y0_a0"": {""n"": 35, ""accuracy"": 0.7142857142857143}, ""y0_a1"": {""n"": 0, ""accuracy"": NaN}, ""y1_a0"": {""n"": 115, ""accuracy"": 0.8869565217391304}, ""y1_a1"": {""n"": 0, ""accuracy"": NaN}}",0.4728771702898455
corr,debris,medsiglip_448,balanced,0.25,456,test_corr,0.8732919254658386,0.8857142857142857,0.926470588235294,150,115,106,0.8533333333333334,0.8049689440993789,0.7058823529411765,"{""y0_a0"": {""n"": 34, ""accuracy"": 0.7058823529411765}, ""y0_a1"": {""n"": 1, ""accuracy"": 1.0}, ""y1_a0"": {""n"": 10, ""accuracy"": 1.0}, ""y1_a1"": {""n"": 105, ""accuracy"": 0.8857142857142857}}",0.4728771702898455
corr,debris,medsiglip_448,balanced,0.25,456,test_rev,0.8770186335403727,0.9281609195402298,0.7686084142394822,150,115,41,0.8466666666666667,0.7906832298136646,0.5,"{""y0_a0"": {""n"": 6, ""accuracy"": 0.5}, ""y0_a1"": {""n"": 29, ""accuracy"": 0.7241379310344828}, ""y1_a0"": {""n"": 103, ""accuracy"": 0.883495145631068}, ""y1_a1"": {""n"": 12, ""accuracy"": 1.0}}",0.4728771702898455
corr,debris,medsiglip_448,dfr,0.25,456,clean,0.8730434782608696,,0.8730434782608696,150,115,0,0.8266666666666667,0.7677018633540373,,"{""y0_a0"": {""n"": 35, ""accuracy"": 0.6571428571428571}, ""y0_a1"": {""n"": 0, ""accuracy"": NaN}, ""y1_a0"": {""n"": 115, ""accuracy"": 0.8782608695652174}, ""y1_a1"": {""n"": 0, ""accuracy"": NaN}}",0.526080040662617
corr,debris,medsiglip_448,dfr,0.25,456,test_corr,0.8556521739130435,0.4666666666666667,0.9294117647058824,150,115,106,0.8133333333333334,0.7590062111801242,0.0,"{""y0_a0"": {""n"": 34, ""accuracy"": 0.6764705882352942}, ""y0_a1"": {""n"": 1, ""accuracy"": 0.0}, ""y1_a0"": {""n"": 10, ""accuracy"": 1.0}, ""y1_a1"": {""n"": 105, ""accuracy"": 0.8476190476190476}}",0.526080040662617
corr,debris,medsiglip_448,dfr,0.25,456,test_rev,0.8842236024844721,0.8793103448275863,0.7847896440129449,150,115,41,0.84,0.7962732919254658,0.5,"{""y0_a0"": {""n"": 6, ""accuracy"": 0.5}, ""y0_a1"": {""n"": 29, ""accuracy"": 0.7586206896551724}, ""y1_a0"": {""n"": 103, ""accuracy"": 0.883495145631068}, ""y1_a1"": {""n"": 12, ""accuracy"": 0.8333333333333334}}",0.526080040662617
corr,debris,medsiglip_448,leace,0.25,456,clean,0.9083229813664597,,0.9083229813664597,150,115,0,0.86,0.829192546583851,,"{""y0_a0"": {""n"": 35, ""accuracy"": 0.7714285714285715}, ""y0_a1"": {""n"": 0, ""accuracy"": NaN}, ""y1_a0"": {""n"": 115, ""accuracy"": 0.8869565217391304}, ""y1_a1"": {""n"": 0, ""accuracy"": NaN}}",0.4931689177998343
corr,debris,medsiglip_448,leace,0.25,456,test_corr,0.9050931677018634,0.9714285714285714,0.9441176470588235,150,115,106,0.8666666666666667,0.8335403726708075,0.7647058823529411,"{""y0_a0"": {""n"": 34, ""accuracy"": 0.7647058823529411}, ""y0_a1"": {""n"": 1, ""accuracy"": 1.0}, ""y1_a0"": {""n"": 10, ""accuracy"": 0.9}, ""y1_a1"": {""n"": 105, ""accuracy"": 0.8952380952380953}}",0.4931689177998343
corr,debris,medsiglip_448,leace,0.25,456,test_rev,0.9118012422360249,0.9626436781609196,0.8090614886731392,150,115,41,0.86,0.829192546583851,0.5,"{""y0_a0"": {""n"": 6, ""accuracy"": 0.5}, ""y0_a1"": {""n"": 29, ""accuracy"": 0.8275862068965517}, ""y1_a0"": {""n"": 103, ""accuracy"": 0.8737864077669902}, ""y1_a1"": {""n"": 12, ""accuracy"": 1.0}}",0.4931689177998343
corr,debris,medsiglip_448,umte_protect,0.25,456,clean,0.9386335403726709,,0.9386335403726709,150,115,0,0.8733333333333333,0.8478260869565217,,"{""y0_a0"": {""n"": 35, ""accuracy"": 0.8}, ""y0_a1"": {""n"": 0, ""accuracy"": NaN}, ""y1_a0"": {""n"": 115, ""accuracy"": 0.8956521739130435}, ""y1_a1"": {""n"": 0, ""accuracy"": NaN}}",0.43090721924061226
corr,debris,medsiglip_448,umte_protect,0.25,456,test_corr,0.9503105590062112,0.8476190476190476,0.9176470588235294,150,115,106,0.8733333333333333,0.8478260869565217,0.0,"{""y0_a0"": {""n"": 34, ""accuracy"": 0.8235294117647058}, ""y0_a1"": {""n"": 1, ""accuracy"": 0.0}, ""y1_a0"": {""n"": 10, ""accuracy"": 0.8}, ""y1_a1"": {""n"": 105, ""accuracy"": 0.9047619047619048}}",0.43090721924061226
corr,debris,medsiglip_448,umte_protect,0.25,456,test_rev,0.9190062111801243,0.9281609195402298,0.8640776699029127,150,115,41,0.86,0.8192546583850933,0.6666666666666666,"{""y0_a0"": {""n"": 6, ""accuracy"": 0.6666666666666666}, ""y0_a1"": {""n"": 29, ""accuracy"": 0.7586206896551724}, ""y1_a0"": {""n"": 103, ""accuracy"": 0.9029126213592233}, ""y1_a1"": {""n"": 12, ""accuracy"": 0.8333333333333334}}",0.43090721924061226
corr,debris,medsiglip_448,umte_protect_balanced,0.25,456,clean,0.9359006211180124,,0.9359006211180124,150,115,0,0.8733333333333333,0.837888198757764,,"{""y0_a0"": {""n"": 35, ""accuracy"": 0.7714285714285715}, ""y0_a1"": {""n"": 0, ""accuracy"": NaN}, ""y1_a0"": {""n"": 115, ""accuracy"": 0.9043478260869565}, ""y1_a1"": {""n"": 0, ""accuracy"": NaN}}",0.37356590687023533
corr,debris,medsiglip_448,umte_protect_balanced,0.25,456,test_corr,0.9368944099378882,0.8666666666666667,0.9147058823529413,150,115,106,0.8666666666666667,0.8335403726708075,0.0,"{""y0_a0"": {""n"": 34, ""accuracy"": 0.7941176470588235}, ""y0_a1"": {""n"": 1, ""accuracy"": 0.0}, ""y1_a0"": {""n"": 10, ""accuracy"": 0.9}, ""y1_a1"": {""n"": 105, ""accuracy"": 0.8952380952380953}}",0.37356590687023533
corr,debris,medsiglip_448,umte_protect_balanced,0.25,456,test_rev,0.9341614906832298,0.9310344827586208,0.8673139158576052,150,115,41,0.8666666666666667,0.8236024844720498,0.6666666666666666,"{""y0_a0"": {""n"": 6, ""accuracy"": 0.6666666666666666}, ""y0_a1"": {""n"": 29, ""accuracy"": 0.7586206896551724}, ""y1_a0"": {""n"": 103, ""accuracy"": 0.912621359223301}, ""y1_a1"": {""n"": 12, ""accuracy"": 0.8333333333333334}}",0.37356590687023533
corr,debris,medsiglip_448,i2e,0.25,456,clean,0.8737888198757764,,0.8737888198757764,150,115,0,0.8466666666666667,0.8006211180124223,,"{""y0_a0"": {""n"": 35, ""accuracy"": 0.7142857142857143}, ""y0_a1"": {""n"": 0, ""accuracy"": NaN}, ""y1_a0"": {""n"": 115, ""accuracy"": 0.8869565217391304}, ""y1_a1"": {""n"": 0, ""accuracy"": NaN}}",0.3992168949693772
corr,debris,medsiglip_448,i2e,0.25,456,test_corr,0.9848447204968944,0.9809523809523809,0.9235294117647058,150,115,106,0.9333333333333333,0.8571428571428572,0.0,"{""y0_a0"": {""n"": 34, ""accuracy"": 0.7352941176470589}, ""y0_a1"": {""n"": 1, ""accuracy"": 0.0}, ""y1_a0"": {""n"": 10, ""accuracy"": 1.0}, ""y1_a1"": {""n"": 105, ""accuracy"": 1.0}}",0.3992168949693772
corr,debris,medsiglip_448,i2e,0.25,456,test_rev,0.4655900621118012,0.8591954022988506,0.7119741100323624,150,115,41,0.72,0.529192546583851,0.10344827586206896,"{""y0_a0"": {""n"": 6, ""accuracy"": 0.5}, ""y0_a1"": {""n"": 29, ""accuracy"": 0.10344827586206896}, ""y1_a0"": {""n"": 103, ""accuracy"": 0.8737864077669902}, ""y1_a1"": {""n"": 12, ""accuracy"": 1.0}}",0.3992168949693772
corr,debris,medsiglip_448,i2e_balanced,0.25,456,clean,0.8690683229813665,,0.8690683229813665,150,115,0,0.8066666666666666,0.7844720496894411,,"{""y0_a0"": {""n"": 35, ""accuracy"": 0.7428571428571429}, ""y0_a1"": {""n"": 0, ""accuracy"": NaN}, ""y1_a0"": {""n"": 115, ""accuracy"": 0.8260869565217391}, ""y1_a1"": {""n"": 0, ""accuracy"": NaN}}",0.5000467413954547
corr,debris,medsiglip_448,i2e_balanced,0.25,456,test_corr,0.9026086956521739,0.9333333333333333,0.9147058823529411,150,115,106,0.8533333333333334,0.8149068322981367,0.7352941176470589,"{""y0_a0"": {""n"": 34, ""accuracy"": 0.7352941176470589}, ""y0_a1"": {""n"": 1, ""accuracy"": 1.0}, ""y1_a0"": {""n"": 10, ""accuracy"": 0.9}, ""y1_a1"": {""n"": 105, ""accuracy"": 0.8857142857142857}}",0.5000467413954547
corr,debris,medsiglip_448,i2e_balanced,0.25,456,test_rev,0.822111801242236,0.8994252873563219,0.7330097087378641,150,115,41,0.7666666666666667,0.6987577639751552,0.5,"{""y0_a0"": {""n"": 6, ""accuracy"": 0.5}, ""y0_a1"": {""n"": 29, ""accuracy"": 0.5862068965517241}, ""y1_a0"": {""n"": 103, ""accuracy"": 0.8155339805825242}, ""y1_a1"": {""n"": 12, ""accuracy"": 0.9166666666666666}}",0.5000467413954547
corr,debris,medsiglip_448,i2e_rank1,0.25,456,clean,0.8949068322981366,,0.8949068322981366,150,115,0,0.82,0.7732919254658386,,"{""y0_a0"": {""n"": 35, ""accuracy"": 0.6857142857142857}, ""y0_a1"": {""n"": 0, ""accuracy"": NaN}, ""y1_a0"": {""n"": 115, ""accuracy"": 0.8608695652173913}, ""y1_a1"": {""n"": 0, ""accuracy"": NaN}}",0.2500360795659156
corr,debris,medsiglip_448,i2e_rank1,0.25,456,test_corr,0.9893167701863355,1.0,0.9264705882352942,150,115,106,0.9133333333333333,0.824223602484472,0.0,"{""y0_a0"": {""n"": 34, ""accuracy"": 0.6764705882352942}, ""y0_a1"": {""n"": 1, ""accuracy"": 0.0}, ""y1_a0"": {""n"": 10, ""accuracy"": 0.9}, ""y1_a1"": {""n"": 105, ""accuracy"": 1.0}}",0.2500360795659156
corr,debris,medsiglip_448,i2e_rank1,0.25,456,test_rev,0.5883229813664597,0.9022988505747127,0.7799352750809061,150,115,41,0.7266666666666667,0.5633540372670807,0.20689655172413793,"{""y0_a0"": {""n"": 6, ""accuracy"": 0.5}, ""y0_a1"": {""n"": 29, ""accuracy"": 0.20689655172413793}, ""y1_a0"": {""n"": 103, ""accuracy"": 0.8543689320388349}, ""y1_a1"": {""n"": 12, ""accuracy"": 1.0}}",0.2500360795659156
corr,debris,medsiglip_448,insert_aug,0.25,456,clean,0.9145341614906832,,0.9145341614906832,150,115,0,0.8866666666666667,0.8267080745341615,,"{""y0_a0"": {""n"": 35, ""accuracy"": 0.7142857142857143}, ""y0_a1"": {""n"": 0, ""accuracy"": NaN}, ""y1_a0"": {""n"": 115, ""accuracy"": 0.9391304347826087}, ""y1_a1"": {""n"": 0, ""accuracy"": NaN}}",0.22579134308556123
corr,debris,medsiglip_448,insert_aug,0.25,456,test_corr,0.9883229813664597,1.0,0.9529411764705883,150,115,106,0.9266666666666666,0.8428571428571429,0.0,"{""y0_a0"": {""n"": 34, ""accuracy"": 0.7058823529411765}, ""y0_a1"": {""n"": 1, ""accuracy"": 0.0}, ""y1_a0"": {""n"": 10, ""accuracy"": 1.0}, ""y1_a1"": {""n"": 105, ""accuracy"": 1.0}}",0.22579134308556123
corr,debris,medsiglip_448,insert_aug,0.25,456,test_rev,0.6914285714285714,0.9396551724137931,0.8009708737864077,150,115,41,0.7666666666666667,0.5695652173913044,0.13793103448275862,"{""y0_a0"": {""n"": 6, ""accuracy"": 0.5}, ""y0_a1"": {""n"": 29, ""accuracy"": 0.13793103448275862}, ""y1_a0"": {""n"": 103, ""accuracy"": 0.9320388349514563}, ""y1_a1"": {""n"": 12, ""accuracy"": 1.0}}",0.22579134308556123
corr,debris,medsiglip_448,mte,0.25,456,clean,0.9565217391304348,,0.9565217391304348,150,115,0,0.88,0.8720496894409937,,"{""y0_a0"": {""n"": 35, ""accuracy"": 0.8571428571428571}, ""y0_a1"": {""n"": 0, ""accuracy"": NaN}, ""y1_a0"": {""n"": 115, ""accuracy"": 0.8869565217391304}, ""y1_a1"": {""n"": 0, ""accuracy"": NaN}}",0.35606119842516204
corr,debris,medsiglip_448,mte,0.25,456,test_corr,0.9870807453416149,0.9809523809523809,0.9647058823529412,150,115,106,0.9466666666666667,0.915527950310559,0.8529411764705882,"{""y0_a0"": {""n"": 34, ""accuracy"": 0.8529411764705882}, ""y0_a1"": {""n"": 1, ""accuracy"": 1.0}, ""y1_a0"": {""n"": 10, ""accuracy"": 0.9}, ""y1_a1"": {""n"": 105, ""accuracy"": 0.9809523809523809}}",0.35606119842516204
corr,debris,medsiglip_448,mte,0.25,456,test_rev,0.8086956521739131,0.9425287356321839,0.8851132686084142,150,115,41,0.8,0.6807453416149069,0.41379310344827586,"{""y0_a0"": {""n"": 6, ""accuracy"": 0.6666666666666666}, ""y0_a1"": {""n"": 29, ""accuracy"": 0.41379310344827586}, ""y1_a0"": {""n"": 103, ""accuracy"": 0.8932038834951457}, ""y1_a1"": {""n"": 12, ""accuracy"": 1.0}}",0.35606119842516204
corr,debris,medsiglip_448,mte_balanced,0.25,456,clean,0.9406211180124223,,0.9406211180124223,150,115,0,0.9066666666666666,0.8596273291925466,,"{""y0_a0"": {""n"": 35, ""accuracy"": 0.7714285714285715}, ""y0_a1"": {""n"": 0, ""accuracy"": NaN}, ""y1_a0"": {""n"": 115, ""accuracy"": 0.9478260869565217}, ""y1_a1"": {""n"": 0, ""accuracy"": NaN}}",0.41474903258942
corr,debris,medsiglip_448,mte_balanced,0.25,456,test_corr,0.9520496894409939,0.9809523809523809,0.9529411764705883,150,115,106,0.9,0.8552795031055901,0.7647058823529411,"{""y0_a0"": {""n"": 34, ""accuracy"": 0.7647058823529411}, ""y0_a1"": {""n"": 1, ""accuracy"": 1.0}, ""y1_a0"": {""n"": 10, ""accuracy"": 1.0}, ""y1_a1"": {""n"": 105, ""accuracy"": 0.9333333333333333}}",0.41474903258942
corr,debris,medsiglip_448,mte_balanced,0.25,456,test_rev,0.9070807453416149,0.9252873563218391,0.8705501618122977,150,115,41,0.8866666666666667,0.806832298136646,0.6551724137931034,"{""y0_a0"": {""n"": 6, ""accuracy"": 0.6666666666666666}, ""y0_a1"": {""n"": 29, ""accuracy"": 0.6551724137931034}, ""y1_a0"": {""n"": 103, ""accuracy"": 0.9611650485436893}, ""y1_a1"": {""n"": 12, ""accuracy"": 0.9166666666666666}}",0.41474903258942
corr,debris,medsiglip_448,ui2e,0.25,456,clean,0.8678260869565217,,0.8678260869565217,150,115,0,0.84,0.7863354037267081,,"{""y0_a0"": {""n"": 35, ""accuracy"": 0.6857142857142857}, ""y0_a1"": {""n"": 0, ""accuracy"": NaN}, ""y1_a0"": {""n"": 115, ""accuracy"": 0.8869565217391304}, ""y1_a1"": {""n"": 0, ""accuracy"": NaN}}",0.49973400174469224
corr,debris,medsiglip_448,ui2e,0.25,456,test_corr,0.9269565217391303,0.8761904761904762,0.9117647058823529,150,115,106,0.9066666666666666,0.8298136645962733,0.0,"{""y0_a0"": {""n"": 34, ""accuracy"": 0.7058823529411765}, ""y0_a1"": {""n"": 1, ""accuracy"": 0.0}, ""y1_a0"": {""n"": 10, ""accuracy"": 1.0}, ""y1_a1"": {""n"": 105, ""accuracy"": 0.9714285714285714}}",0.49973400174469224
corr,debris,medsiglip_448,ui2e,0.25,456,test_rev,0.7883229813664596,0.9051724137931034,0.7249190938511327,150,115,41,0.8066666666666666,0.7149068322981367,0.5,"{""y0_a0"": {""n"": 6, ""accuracy"": 0.5}, ""y0_a1"": {""n"": 29, ""accuracy"": 0.5517241379310345}, ""y1_a0"": {""n"": 103, ""accuracy"": 0.8737864077669902}, ""y1_a1"": {""n"": 12, ""accuracy"": 1.0}}",0.49973400174469224
corr,debris,medsiglip_448,ui2e_balanced,0.25,456,clean,0.88,,0.88,150,115,0,0.8466666666666667,0.7708074534161491,,"{""y0_a0"": {""n"": 35, ""accuracy"": 0.6285714285714286}, ""y0_a1"": {""n"": 0, ""accuracy"": NaN}, ""y1_a0"": {""n"": 115, ""accuracy"": 0.9130434782608695}, ""y1_a1"": {""n"": 0, ""accuracy"": NaN}}",0.4999722657309139
corr,debris,medsiglip_448,ui2e_balanced,0.25,456,test_corr,0.8867080745341615,0.9142857142857143,0.9235294117647059,150,115,106,0.8666666666666667,0.7838509316770186,0.0,"{""y0_a0"": {""n"": 34, ""accuracy"": 0.6470588235294118}, ""y0_a1"": {""n"": 1, ""accuracy"": 0.0}, ""y1_a0"": {""n"": 10, ""accuracy"": 1.0}, ""y1_a1"": {""n"": 105, ""accuracy"": 0.9333333333333333}}",0.4999722657309139
corr,debris,medsiglip_448,ui2e_balanced,0.25,456,test_rev,0.866832298136646,0.9339080459770115,0.7346278317152104,150,115,41,0.8466666666666667,0.7708074534161491,0.5,"{""y0_a0"": {""n"": 6, ""accuracy"": 0.5}, ""y0_a1"": {""n"": 29, ""accuracy"": 0.6551724137931034}, ""y1_a0"": {""n"": 103, ""accuracy"": 0.9029126213592233}, ""y1_a1"": {""n"": 12, ""accuracy"": 1.0}}",0.4999722657309139
corr,debris,medsiglip_448,umte,0.25,456,clean,0.9227329192546584,,0.9227329192546584,150,115,0,0.88,0.8521739130434782,,"{""y0_a0"": {""n"": 35, ""accuracy"": 0.8}, ""y0_a1"": {""n"": 0, ""accuracy"": NaN}, ""y1_a0"": {""n"": 115, ""accuracy"": 0.9043478260869565}, ""y1_a1"": {""n"": 0, ""accuracy"": NaN}}",0.35483800303276813
corr,debris,medsiglip_448,umte,0.25,456,test_corr,0.9585093167701864,0.9047619047619048,0.9235294117647058,150,115,106,0.9066666666666666,0.8695652173913044,0.0,"{""y0_a0"": {""n"": 34, ""accuracy"": 0.8235294117647058}, ""y0_a1"": {""n"": 1, ""accuracy"": 0.0}, ""y1_a0"": {""n"": 10, ""accuracy"": 0.8}, ""y1_a1"": {""n"": 105, ""accuracy"": 0.9523809523809523}}",0.35483800303276813
corr,debris,medsiglip_448,umte,0.25,456,test_rev,0.8750310559006212,0.9109195402298851,0.8592233009708737,150,115,41,0.84,0.746583850931677,0.5517241379310345,"{""y0_a0"": {""n"": 6, ""accuracy"": 0.6666666666666666}, ""y0_a1"": {""n"": 29, ""accuracy"": 0.5517241379310345}, ""y1_a0"": {""n"": 103, ""accuracy"": 0.912621359223301}, ""y1_a1"": {""n"": 12, ""accuracy"": 1.0}}",0.35483800303276813
corr,debris,medsiglip_448,umte_balanced,0.25,456,clean,0.9085714285714286,,0.9085714285714286,150,115,0,0.8333333333333334,0.8416149068322981,,"{""y0_a0"": {""n"": 35, ""accuracy"": 0.8571428571428571}, ""y0_a1"": {""n"": 0, ""accuracy"": NaN}, ""y1_a0"": {""n"": 115, ""accuracy"": 0.8260869565217391}, ""y1_a1"": {""n"": 0, ""accuracy"": NaN}}",0.5065876357002757
corr,debris,medsiglip_448,umte_balanced,0.25,456,test_corr,0.9277018633540373,0.8761904761904762,0.9117647058823528,150,115,106,0.8666666666666667,0.853416149068323,0.0,"{""y0_a0"": {""n"": 34, ""accuracy"": 0.8529411764705882}, ""y0_a1"": {""n"": 1, ""accuracy"": 0.0}, ""y1_a0"": {""n"": 10, ""accuracy"": 0.8}, ""y1_a1"": {""n"": 105, ""accuracy"": 0.8857142857142857}}",0.5065876357002757
corr,debris,medsiglip_448,umte_balanced,0.25,456,test_rev,0.8884472049689441,0.9109195402298851,0.8365695792880258,150,115,41,0.82,0.8130434782608695,0.6666666666666666,"{""y0_a0"": {""n"": 6, ""accuracy"": 0.6666666666666666}, ""y0_a1"": {""n"": 29, ""accuracy"": 0.8275862068965517}, ""y1_a0"": {""n"": 103, ""accuracy"": 0.8252427184466019}, ""y1_a1"": {""n"": 12, ""accuracy"": 0.8333333333333334}}",0.5065876357002757
corr,debris,medsiglip_448,erm,0.5,42,clean,0.9008695652173914,,0.9008695652173914,150,115,0,0.8533333333333334,0.7850931677018633,,"{""y0_a0"": {""n"": 35, ""accuracy"": 0.6571428571428571}, ""y0_a1"": {""n"": 0, ""accuracy"": NaN}, ""y1_a0"": {""n"": 115, ""accuracy"": 0.9130434782608695}, ""y1_a1"": {""n"": 0, ""accuracy"": NaN}}",0.17711817805674113
corr,debris,medsiglip_448,erm,0.5,42,test_corr,0.9808695652173913,0.9603960396039604,0.884453781512605,150,115,102,0.8933333333333333,0.8012422360248448,0.0,"{""y0_a0"": {""n"": 34, ""accuracy"": 0.6470588235294118}, ""y0_a1"": {""n"": 1, ""accuracy"": 0.0}, ""y1_a0"": {""n"": 14, ""accuracy"": 0.7857142857142857}, ""y1_a1"": {""n"": 101, ""accuracy"": 1.0}}",0.17711817805674113
corr,debris,medsiglip_448,erm,0.5,42,test_rev,0.4427329192546584,0.7903225806451613,0.8737864077669903,150,115,43,0.74,0.5322981366459627,0.0967741935483871,"{""y0_a0"": {""n"": 4, ""accuracy"": 0.5}, ""y0_a1"": {""n"": 31, ""accuracy"": 0.0967741935483871}, ""y1_a0"": {""n"": 103, ""accuracy"": 0.912621359223301}, ""y1_a1"": {""n"": 12, ""accuracy"": 1.0}}",0.17711817805674113
corr,debris,medsiglip_448,mask,0.5,42,clean,0.9498136645962733,,0.9498136645962733,150,115,0,0.8933333333333333,0.8608695652173913,,"{""y0_a0"": {""n"": 35, ""accuracy"": 0.8}, ""y0_a1"": {""n"": 0, ""accuracy"": NaN}, ""y1_a0"": {""n"": 115, ""accuracy"": 0.9217391304347826}, ""y1_a1"": {""n"": 0, ""accuracy"": NaN}}",0.19001519041244694
corr,debris,medsiglip_448,mask,0.5,42,test_corr,0.9932919254658384,1.0,0.976890756302521,150,115,102,0.9533333333333334,0.9,0.7941176470588235,"{""y0_a0"": {""n"": 34, ""accuracy"": 0.7941176470588235}, ""y0_a1"": {""n"": 1, ""accuracy"": 1.0}, ""y1_a0"": {""n"": 14, ""accuracy"": 1.0}, ""y1_a1"": {""n"": 101, ""accuracy"": 1.0}}",0.19001519041244694
corr,debris,medsiglip_448,mask,0.5,42,test_rev,0.7694409937888199,0.9650537634408602,0.941747572815534,150,115,43,0.78,0.6180124223602484,0.25806451612903225,"{""y0_a0"": {""n"": 4, ""accuracy"": 0.75}, ""y0_a1"": {""n"": 31, ""accuracy"": 0.25806451612903225}, ""y1_a0"": {""n"": 103, ""accuracy"": 0.912621359223301}, ""y1_a1"": {""n"": 12, ""accuracy"": 1.0}}",0.19001519041244694
corr,debris,medsiglip_448,inpaint,0.5,42,clean,0.9095652173913044,,0.9095652173913044,150,115,0,0.86,0.7795031055900621,,"{""y0_a0"": {""n"": 35, ""accuracy"": 0.6285714285714286}, ""y0_a1"": {""n"": 0, ""accuracy"": NaN}, ""y1_a0"": {""n"": 115, ""accuracy"": 0.9304347826086956}, ""y1_a1"": {""n"": 0, ""accuracy"": NaN}}",0.34639669156927194
corr,debris,medsiglip_448,inpaint,0.5,42,test_corr,0.9284472049689441,1.0,0.8991596638655461,150,115,102,0.88,0.7925465838509317,0.6176470588235294,"{""y0_a0"": {""n"": 34, ""accuracy"": 0.6176470588235294}, ""y0_a1"": {""n"": 1, ""accuracy"": 1.0}, ""y1_a0"": {""n"": 14, ""accuracy"": 0.9285714285714286}, ""y1_a1"": {""n"": 101, ""accuracy"": 0.9603960396039604}}",0.34639669156927194
corr,debris,medsiglip_448,inpaint,0.5,42,test_rev,0.8879503105590063,0.9301075268817205,0.8689320388349515,150,115,43,0.8466666666666667,0.7509316770186335,0.25,"{""y0_a0"": {""n"": 4, ""accuracy"": 0.25}, ""y0_a1"": {""n"": 31, ""accuracy"": 0.6129032258064516}, ""y1_a0"": {""n"": 103, ""accuracy"": 0.9223300970873787}, ""y1_a1"": {""n"": 12, ""accuracy"": 1.0}}",0.34639669156927194
corr,debris,medsiglip_448,balanced,0.5,42,clean,0.9157763975155279,,0.9157763975155279,150,115,0,0.8333333333333334,0.7919254658385093,,"{""y0_a0"": {""n"": 35, ""accuracy"": 0.7142857142857143}, ""y0_a1"": {""n"": 0, ""accuracy"": NaN}, ""y1_a0"": {""n"": 115, ""accuracy"": 0.8695652173913043}, ""y1_a1"": {""n"": 0, ""accuracy"": NaN}}",0.4432951634594183
corr,debris,medsiglip_448,balanced,0.5,42,test_corr,0.9500621118012422,1.0,0.9096638655462185,150,115,102,0.8933333333333333,0.831055900621118,0.7058823529411765,"{""y0_a0"": {""n"": 34, ""accuracy"": 0.7058823529411765}, ""y0_a1"": {""n"": 1, ""accuracy"": 1.0}, ""y1_a0"": {""n"": 14, ""accuracy"": 0.7857142857142857}, ""y1_a1"": {""n"": 101, ""accuracy"": 0.9702970297029703}}",0.4432951634594183
corr,debris,medsiglip_448,balanced,0.5,42,test_rev,0.844968944099379,0.9247311827956988,0.7985436893203883,150,115,43,0.7933333333333333,0.7062111801242236,0.25,"{""y0_a0"": {""n"": 4, ""accuracy"": 0.25}, ""y0_a1"": {""n"": 31, ""accuracy"": 0.5806451612903226}, ""y1_a0"": {""n"": 103, ""accuracy"": 0.8640776699029126}, ""y1_a1"": {""n"": 12, ""accuracy"": 0.9166666666666666}}",0.4432951634594183
corr,debris,medsiglip_448,dfr,0.5,42,clean,0.8737888198757764,,0.8737888198757764,150,115,0,0.8066666666666666,0.7645962732919255,,"{""y0_a0"": {""n"": 35, ""accuracy"": 0.6857142857142857}, ""y0_a1"": {""n"": 0, ""accuracy"": NaN}, ""y1_a0"": {""n"": 115, ""accuracy"": 0.8434782608695652}, ""y1_a1"": {""n"": 0, ""accuracy"": NaN}}",0.5099466471321769
corr,debris,medsiglip_448,dfr,0.5,42,test_corr,0.8837267080745341,0.9900990099009901,0.865546218487395,150,115,102,0.8333333333333334,0.7819875776397516,0.6764705882352942,"{""y0_a0"": {""n"": 34, ""accuracy"": 0.6764705882352942}, ""y0_a1"": {""n"": 1, ""accuracy"": 1.0}, ""y1_a0"": {""n"": 14, ""accuracy"": 0.7857142857142857}, ""y1_a1"": {""n"": 101, ""accuracy"": 0.8910891089108911}}",0.5099466471321769
corr,debris,medsiglip_448,dfr,0.5,42,test_rev,0.8596273291925466,0.9032258064516128,0.8276699029126213,150,115,43,0.8066666666666666,0.7546583850931676,0.25,"{""y0_a0"": {""n"": 4, ""accuracy"": 0.25}, ""y0_a1"": {""n"": 31, ""accuracy"": 0.7096774193548387}, ""y1_a0"": {""n"": 103, ""accuracy"": 0.8446601941747572}, ""y1_a1"": {""n"": 12, ""accuracy"": 0.9166666666666666}}",0.5099466471321769
corr,debris,medsiglip_448,leace,0.5,42,clean,0.9100621118012422,,0.9100621118012422,150,115,0,0.84,0.7962732919254658,,"{""y0_a0"": {""n"": 35, ""accuracy"": 0.7142857142857143}, ""y0_a1"": {""n"": 0, ""accuracy"": NaN}, ""y1_a0"": {""n"": 115, ""accuracy"": 0.8782608695652174}, ""y1_a1"": {""n"": 0, ""accuracy"": NaN}}",0.49122103661255445
corr,debris,medsiglip_448,leace,0.5,42,test_corr,0.9053416149068324,1.0,0.8949579831932774,150,115,102,0.8466666666666667,0.8006211180124223,0.7058823529411765,"{""y0_a0"": {""n"": 34, ""accuracy"": 0.7058823529411765}, ""y0_a1"": {""n"": 1, ""accuracy"": 1.0}, ""y1_a0"": {""n"": 14, ""accuracy"": 0.8571428571428571}, ""y1_a1"": {""n"": 101, ""accuracy"": 0.8910891089108911}}",0.49122103661255445
corr,debris,medsiglip_448,leace,0.5,42,test_rev,0.9068322981366459,0.9489247311827956,0.8786407766990292,150,115,43,0.8533333333333334,0.8248447204968945,0.5,"{""y0_a0"": {""n"": 4, ""accuracy"": 0.5}, ""y0_a1"": {""n"": 31, ""accuracy"": 0.8064516129032258}, ""y1_a0"": {""n"": 103, ""accuracy"": 0.8640776699029126}, ""y1_a1"": {""n"": 12, ""accuracy"": 1.0}}",0.49122103661255445
corr,debris,medsiglip_448,umte_protect,0.5,42,clean,0.9277018633540373,,0.9277018633540373,150,115,0,0.8666666666666667,0.8236024844720498,,"{""y0_a0"": {""n"": 35, ""accuracy"": 0.7428571428571429}, ""y0_a1"": {""n"": 0, ""accuracy"": NaN}, ""y1_a0"": {""n"": 115, ""accuracy"": 0.9043478260869565}, ""y1_a1"": {""n"": 0, ""accuracy"": NaN}}",0.23490629451513984
corr,debris,medsiglip_448,umte_protect,0.5,42,test_corr,0.9746583850931677,1.0,0.9684873949579832,150,115,102,0.9333333333333333,0.867080745341615,0.7352941176470589,"{""y0_a0"": {""n"": 34, ""accuracy"": 0.7352941176470589}, ""y0_a1"": {""n"": 1, ""accuracy"": 1.0}, ""y1_a0"": {""n"": 14, ""accuracy"": 1.0}, ""y1_a1"": {""n"": 101, ""accuracy"": 0.9900990099009901}}",0.23490629451513984
corr,debris,medsiglip_448,umte_protect,0.5,42,test_rev,0.8104347826086956,0.9731182795698925,0.9053398058252428,150,115,43,0.7933333333333333,0.6664596273291925,0.41935483870967744,"{""y0_a0"": {""n"": 4, ""accuracy"": 0.5}, ""y0_a1"": {""n"": 31, ""accuracy"": 0.41935483870967744}, ""y1_a0"": {""n"": 103, ""accuracy"": 0.8932038834951457}, ""y1_a1"": {""n"": 12, ""accuracy"": 1.0}}",0.23490629451513984
corr,debris,medsiglip_448,umte_protect_balanced,0.5,42,clean,0.9378881987577641,,0.9378881987577641,150,115,0,0.8866666666666667,0.886335403726708,,"{""y0_a0"": {""n"": 35, ""accuracy"": 0.8857142857142857}, ""y0_a1"": {""n"": 0, ""accuracy"": NaN}, ""y1_a0"": {""n"": 115, ""accuracy"": 0.8869565217391304}, ""y1_a1"": {""n"": 0, ""accuracy"": NaN}}",0.4385510040266559
corr,debris,medsiglip_448,umte_protect_balanced,0.5,42,test_corr,0.9587577639751552,1.0,0.9747899159663865,150,115,102,0.92,0.9080745341614906,0.8823529411764706,"{""y0_a0"": {""n"": 34, ""accuracy"": 0.8823529411764706}, ""y0_a1"": {""n"": 1, ""accuracy"": 1.0}, ""y1_a0"": {""n"": 14, ""accuracy"": 1.0}, ""y1_a1"": {""n"": 101, ""accuracy"": 0.9207920792079208}}",0.4385510040266559
corr,debris,medsiglip_448,umte_protect_balanced,0.5,42,test_rev,0.9075776397515529,0.9704301075268817,0.9344660194174758,150,115,43,0.8533333333333334,0.8149068322981367,0.7096774193548387,"{""y0_a0"": {""n"": 4, ""accuracy"": 1.0}, ""y0_a1"": {""n"": 31, ""accuracy"": 0.7096774193548387}, ""y1_a0"": {""n"": 103, ""accuracy"": 0.8737864077669902}, ""y1_a1"": {""n"": 12, ""accuracy"": 1.0}}",0.4385510040266559
corr,debris,medsiglip_448,i2e,0.5,42,clean,0.8946583850931678,,0.8946583850931678,150,115,0,0.8066666666666666,0.7944099378881988,,"{""y0_a0"": {""n"": 35, ""accuracy"": 0.7714285714285715}, ""y0_a1"": {""n"": 0, ""accuracy"": NaN}, ""y1_a0"": {""n"": 115, ""accuracy"": 0.8173913043478261}, ""y1_a1"": {""n"": 0, ""accuracy"": NaN}}",0.29413585443719226
corr,debris,medsiglip_448,i2e,0.5,42,test_corr,0.9813664596273292,0.9801980198019802,0.8781512605042017,150,115,102,0.92,0.858385093167702,0.0,"{""y0_a0"": {""n"": 34, ""accuracy"": 0.7647058823529411}, ""y0_a1"": {""n"": 1, ""accuracy"": 0.0}, ""y1_a0"": {""n"": 14, ""accuracy"": 0.7857142857142857}, ""y1_a1"": {""n"": 101, ""accuracy"": 1.0}}",0.29413585443719226
corr,debris,medsiglip_448,i2e,0.5,42,test_rev,0.3840993788819876,0.7607526881720429,0.8883495145631068,150,115,43,0.68,0.5130434782608696,0.12903225806451613,"{""y0_a0"": {""n"": 4, ""accuracy"": 0.75}, ""y0_a1"": {""n"": 31, ""accuracy"": 0.12903225806451613}, ""y1_a0"": {""n"": 103, ""accuracy"": 0.8155339805825242}, ""y1_a1"": {""n"": 12, ""accuracy"": 0.9166666666666666}}",0.29413585443719226
corr,debris,medsiglip_448,i2e_balanced,0.5,42,clean,0.8924223602484472,,0.8924223602484472,150,115,0,0.86,0.7695652173913043,,"{""y0_a0"": {""n"": 35, ""accuracy"": 0.6}, ""y0_a1"": {""n"": 0, ""accuracy"": NaN}, ""y1_a0"": {""n"": 115, ""accuracy"": 0.9391304347826087}, ""y1_a1"": {""n"": 0, ""accuracy"": NaN}}",0.3628666941365295
corr,debris,medsiglip_448,i2e_balanced,0.5,42,test_corr,0.9532919254658385,1.0,0.8907563025210083,150,115,102,0.8933333333333333,0.7913043478260869,0.5882352941176471,"{""y0_a0"": {""n"": 34, ""accuracy"": 0.5882352941176471}, ""y0_a1"": {""n"": 1, ""accuracy"": 1.0}, ""y1_a0"": {""n"": 14, ""accuracy"": 0.9285714285714286}, ""y1_a1"": {""n"": 101, ""accuracy"": 0.9900990099009901}}",0.3628666941365295
corr,debris,medsiglip_448,i2e_balanced,0.5,42,test_rev,0.7729192546583851,0.9059139784946236,0.7742718446601942,150,115,43,0.7866666666666666,0.6124223602484472,0.25,"{""y0_a0"": {""n"": 4, ""accuracy"": 0.25}, ""y0_a1"": {""n"": 31, ""accuracy"": 0.2903225806451613}, ""y1_a0"": {""n"": 103, ""accuracy"": 0.941747572815534}, ""y1_a1"": {""n"": 12, ""accuracy"": 0.9166666666666666}}",0.3628666941365295
corr,debris,medsiglip_448,i2e_rank1,0.5,42,clean,0.9078260869565217,,0.9078260869565217,150,115,0,0.86,0.7795031055900621,,"{""y0_a0"": {""n"": 35, ""accuracy"": 0.6285714285714286}, ""y0_a1"": {""n"": 0, ""accuracy"": NaN}, ""y1_a0"": {""n"": 115, ""accuracy"": 0.9304347826086956}, ""y1_a1"": {""n"": 0, ""accuracy"": NaN}}",0.19693044869502999
corr,debris,medsiglip_448,i2e_rank1,0.5,42,test_corr,0.9806211180124224,0.9504950495049505,0.8886554621848739,150,115,102,0.8933333333333333,0.7913043478260869,0.0,"{""y0_a0"": {""n"": 34, ""accuracy"": 0.6176470588235294}, ""y0_a1"": {""n"": 1, ""accuracy"": 0.0}, ""y1_a0"": {""n"": 14, ""accuracy"": 0.8571428571428571}, ""y1_a1"": {""n"": 101, ""accuracy"": 1.0}}",0.19693044869502999
corr,debris,medsiglip_448,i2e_rank1,0.5,42,test_rev,0.48347826086956525,0.7903225806451613,0.8907766990291263,150,115,43,0.74,0.522360248447205,0.0967741935483871,"{""y0_a0"": {""n"": 4, ""accuracy"": 0.25}, ""y0_a1"": {""n"": 31, ""accuracy"": 0.0967741935483871}, ""y1_a0"": {""n"": 103, ""accuracy"": 0.9223300970873787}, ""y1_a1"": {""n"": 12, ""accuracy"": 1.0}}",0.19693044869502999
corr,debris,medsiglip_448,insert_aug,0.5,42,clean,0.920248447204969,,0.920248447204969,150,115,0,0.8733333333333333,0.8080745341614907,,"{""y0_a0"": {""n"": 35, ""accuracy"": 0.6857142857142857}, ""y0_a1"": {""n"": 0, ""accuracy"": NaN}, ""y1_a0"": {""n"": 115, ""accuracy"": 0.9304347826086956}, ""y1_a1"": {""n"": 0, ""accuracy"": NaN}}",0.24083235612277837
corr,debris,medsiglip_448,insert_aug,0.5,42,test_corr,0.982360248447205,0.9900990099009901,0.907563025210084,150,115,102,0.9066666666666666,0.8198757763975155,0.0,"{""y0_a0"": {""n"": 34, ""accuracy"": 0.6764705882352942}, ""y0_a1"": {""n"": 1, ""accuracy"": 0.0}, ""y1_a0"": {""n"": 14, ""accuracy"": 0.8571428571428571}, ""y1_a1"": {""n"": 101, ""accuracy"": 1.0}}",0.24083235612277837
corr,debris,medsiglip_448,insert_aug,0.5,42,test_rev,0.6000000000000001,0.8521505376344085,0.9344660194174758,150,115,43,0.7533333333333333,0.5509316770186335,0.12903225806451613,"{""y0_a0"": {""n"": 4, ""accuracy"": 0.5}, ""y0_a1"": {""n"": 31, ""accuracy"": 0.12903225806451613}, ""y1_a0"": {""n"": 103, ""accuracy"": 0.9223300970873787}, ""y1_a1"": {""n"": 12, ""accuracy"": 1.0}}",0.24083235612277837
corr,debris,medsiglip_448,mte,0.5,42,clean,0.9411180124223603,,0.9411180124223603,150,115,0,0.8533333333333334,0.8645962732919255,,"{""y0_a0"": {""n"": 35, ""accuracy"": 0.8857142857142857}, ""y0_a1"": {""n"": 0, ""accuracy"": NaN}, ""y1_a0"": {""n"": 115, ""accuracy"": 0.8434782608695652}, ""y1_a1"": {""n"": 0, ""accuracy"": NaN}}",0.3034432968135039
corr,debris,medsiglip_448,mte,0.5,42,test_corr,0.9960248447204969,1.0,0.976890756302521,150,115,102,0.9666666666666667,0.9385093167701863,0.8823529411764706,"{""y0_a0"": {""n"": 34, ""accuracy"": 0.8823529411764706}, ""y0_a1"": {""n"": 1, ""accuracy"": 1.0}, ""y1_a0"": {""n"": 14, ""accuracy"": 0.9285714285714286}, ""y1_a1"": {""n"": 101, ""accuracy"": 1.0}}",0.3034432968135039
corr,debris,medsiglip_448,mte,0.5,42,test_rev,0.5622360248447205,0.8763440860215054,0.9150485436893204,150,115,43,0.7133333333333334,0.5645962732919254,0.22580645161290322,"{""y0_a0"": {""n"": 4, ""accuracy"": 0.75}, ""y0_a1"": {""n"": 31, ""accuracy"": 0.22580645161290322}, ""y1_a0"": {""n"": 103, ""accuracy"": 0.8252427184466019}, ""y1_a1"": {""n"": 12, ""accuracy"": 1.0}}",0.3034432968135039
corr,debris,medsiglip_448,mte_balanced,0.5,42,clean,0.9493167701863354,,0.9493167701863354,150,115,0,0.8933333333333333,0.8211180124223603,,"{""y0_a0"": {""n"": 35, ""accuracy"": 0.6857142857142857}, ""y0_a1"": {""n"": 0, ""accuracy"": NaN}, ""y1_a0"": {""n"": 115, ""accuracy"": 0.9565217391304348}, ""y1_a1"": {""n"": 0, ""accuracy"": NaN}}",0.36997823781926265
corr,debris,medsiglip_448,mte_balanced,0.5,42,test_corr,0.9880745341614907,0.9900990099009901,0.9873949579831932,150,115,102,0.92,0.8385093167701864,0.6764705882352942,"{""y0_a0"": {""n"": 34, ""accuracy"": 0.6764705882352942}, ""y0_a1"": {""n"": 1, ""accuracy"": 1.0}, ""y1_a0"": {""n"": 14, ""accuracy"": 1.0}, ""y1_a1"": {""n"": 101, ""accuracy"": 0.9900990099009901}}",0.36997823781926265
corr,debris,medsiglip_448,mte_balanced,0.5,42,test_rev,0.8568944099378882,0.9596774193548386,0.9733009708737864,150,115,43,0.8533333333333334,0.7354037267080745,0.4838709677419355,"{""y0_a0"": {""n"": 4, ""accuracy"": 0.75}, ""y0_a1"": {""n"": 31, ""accuracy"": 0.4838709677419355}, ""y1_a0"": {""n"": 103, ""accuracy"": 0.9514563106796117}, ""y1_a1"": {""n"": 12, ""accuracy"": 1.0}}",0.36997823781926265
corr,debris,medsiglip_448,ui2e,0.5,42,clean,0.8675776397515529,,0.8675776397515529,150,115,0,0.84,0.7863354037267081,,"{""y0_a0"": {""n"": 35, ""accuracy"": 0.6857142857142857}, ""y0_a1"": {""n"": 0, ""accuracy"": NaN}, ""y1_a0"": {""n"": 115, ""accuracy"": 0.8869565217391304}, ""y1_a1"": {""n"": 0, ""accuracy"": NaN}}",0.49528426981438967
corr,debris,medsiglip_448,ui2e,0.5,42,test_corr,0.924472049689441,1.0,0.865546218487395,150,115,102,0.8933333333333333,0.8211180124223603,0.6764705882352942,"{""y0_a0"": {""n"": 34, ""accuracy"": 0.6764705882352942}, ""y0_a1"": {""n"": 1, ""accuracy"": 1.0}, ""y1_a0"": {""n"": 14, ""accuracy"": 0.8571428571428571}, ""y1_a1"": {""n"": 101, ""accuracy"": 0.9702970297029703}}",0.49528426981438967
corr,debris,medsiglip_448,ui2e,0.5,42,test_rev,0.7681987577639752,0.8790322580645161,0.8762135922330098,150,115,43,0.8,0.7006211180124223,0.5,"{""y0_a0"": {""n"": 4, ""accuracy"": 0.5}, ""y0_a1"": {""n"": 31, ""accuracy"": 0.5161290322580645}, ""y1_a0"": {""n"": 103, ""accuracy"": 0.883495145631068}, ""y1_a1"": {""n"": 12, ""accuracy"": 0.9166666666666666}}",0.49528426981438967
corr,debris,medsiglip_448,ui2e_balanced,0.5,42,clean,0.8817391304347826,,0.8817391304347826,150,115,0,0.8466666666666667,0.7906832298136646,,"{""y0_a0"": {""n"": 35, ""accuracy"": 0.6857142857142857}, ""y0_a1"": {""n"": 0, ""accuracy"": NaN}, ""y1_a0"": {""n"": 115, ""accuracy"": 0.8956521739130435}, ""y1_a1"": {""n"": 0, ""accuracy"": NaN}}",0.47586317383935484
corr,debris,medsiglip_448,ui2e_balanced,0.5,42,test_corr,0.8954037267080746,1.0,0.8739495798319328,150,115,102,0.8466666666666667,0.7906832298136646,0.6764705882352942,"{""y0_a0"": {""n"": 34, ""accuracy"": 0.6764705882352942}, ""y0_a1"": {""n"": 1, ""accuracy"": 1.0}, ""y1_a0"": {""n"": 14, ""accuracy"": 0.7857142857142857}, ""y1_a1"": {""n"": 101, ""accuracy"": 0.9108910891089109}}",0.47586317383935484
corr,debris,medsiglip_448,ui2e_balanced,0.5,42,test_rev,0.8623602484472049,0.9274193548387096,0.7815533980582524,150,115,43,0.8266666666666667,0.7478260869565218,0.25,"{""y0_a0"": {""n"": 4, ""accuracy"": 0.25}, ""y0_a1"": {""n"": 31, ""accuracy"": 0.6451612903225806}, ""y1_a0"": {""n"": 103, ""accuracy"": 0.8932038834951457}, ""y1_a1"": {""n"": 12, ""accuracy"": 0.9166666666666666}}",0.47586317383935484
corr,debris,medsiglip_448,umte,0.5,42,clean,0.9085714285714286,,0.9085714285714286,150,115,0,0.8666666666666667,0.8434782608695652,,"{""y0_a0"": {""n"": 35, ""accuracy"": 0.8}, ""y0_a1"": {""n"": 0, ""accuracy"": NaN}, ""y1_a0"": {""n"": 115, ""accuracy"": 0.8869565217391304}, ""y1_a1"": {""n"": 0, ""accuracy"": NaN}}",0.3071959977220393
corr,debris,medsiglip_448,umte,0.5,42,test_corr,0.9761490683229814,1.0,0.9453781512605042,150,115,102,0.9533333333333334,0.9,0.7941176470588235,"{""y0_a0"": {""n"": 34, ""accuracy"": 0.7941176470588235}, ""y0_a1"": {""n"": 1, ""accuracy"": 1.0}, ""y1_a0"": {""n"": 14, ""accuracy"": 1.0}, ""y1_a1"": {""n"": 101, ""accuracy"": 1.0}}",0.3071959977220393
corr,debris,medsiglip_448,umte,0.5,42,test_rev,0.68944099378882,0.9623655913978495,0.9004854368932039,150,115,43,0.7666666666666667,0.6291925465838509,0.3225806451612903,"{""y0_a0"": {""n"": 4, ""accuracy"": 0.75}, ""y0_a1"": {""n"": 31, ""accuracy"": 0.3225806451612903}, ""y1_a0"": {""n"": 103, ""accuracy"": 0.8737864077669902}, ""y1_a1"": {""n"": 12, ""accuracy"": 1.0}}",0.3071959977220393
corr,debris,medsiglip_448,umte_balanced,0.5,42,clean,0.9403726708074535,,0.9403726708074535,150,115,0,0.8866666666666667,0.8565217391304347,,"{""y0_a0"": {""n"": 35, ""accuracy"": 0.8}, ""y0_a1"": {""n"": 0, ""accuracy"": NaN}, ""y1_a0"": {""n"": 115, ""accuracy"": 0.9130434782608695}, ""y1_a1"": {""n"": 0, ""accuracy"": NaN}}",0.399950670871234
corr,debris,medsiglip_448,umte_balanced,0.5,42,test_corr,0.972670807453416,1.0,0.976890756302521,150,115,102,0.9333333333333333,0.8869565217391304,0.7941176470588235,"{""y0_a0"": {""n"": 34, ""accuracy"": 0.7941176470588235}, ""y0_a1"": {""n"": 1, ""accuracy"": 1.0}, ""y1_a0"": {""n"": 14, ""accuracy"": 1.0}, ""y1_a1"": {""n"": 101, ""accuracy"": 0.9702970297029703}}",0.399950670871234
corr,debris,medsiglip_448,umte_balanced,0.5,42,test_rev,0.8725465838509316,0.9731182795698925,0.9587378640776699,150,115,43,0.8333333333333334,0.7422360248447204,0.5483870967741935,"{""y0_a0"": {""n"": 4, ""accuracy"": 0.75}, ""y0_a1"": {""n"": 31, ""accuracy"": 0.5483870967741935}, ""y1_a0"": {""n"": 103, ""accuracy"": 0.9029126213592233}, ""y1_a1"": {""n"": 12, ""accuracy"": 1.0}}",0.399950670871234
corr,debris,medsiglip_448,erm,0.5,123,clean,0.8752795031055901,,0.8752795031055901,150,115,0,0.8,0.7602484472049689,,"{""y0_a0"": {""n"": 35, ""accuracy"": 0.6857142857142857}, ""y0_a1"": {""n"": 0, ""accuracy"": NaN}, ""y1_a0"": {""n"": 115, ""accuracy"": 0.8347826086956521}, ""y1_a1"": {""n"": 0, ""accuracy"": NaN}}",0.16805858734218843
corr,debris,medsiglip_448,erm,0.5,123,test_corr,0.9113043478260869,0.6666666666666667,0.875,150,115,112,0.8933333333333333,0.7813664596273292,0.0,"{""y0_a0"": {""n"": 28, ""accuracy"": 0.7142857142857143}, ""y0_a1"": {""n"": 7, ""accuracy"": 0.0}, ""y1_a0"": {""n"": 10, ""accuracy"": 0.9}, ""y1_a1"": {""n"": 105, ""accuracy"": 1.0}}",0.16805858734218843
corr,debris,medsiglip_448,erm,0.5,123,test_rev,0.31751552795031057,0.8528138528138527,0.8425925925925926,150,115,40,0.66,0.46024844720496894,0.06060606060606061,"{""y0_a0"": {""n"": 2, ""accuracy"": 0.5}, ""y0_a1"": {""n"": 33, ""accuracy"": 0.06060606060606061}, ""y1_a0"": {""n"": 108, ""accuracy"": 0.8240740740740741}, ""y1_a1"": {""n"": 7, ""accuracy"": 1.0}}",0.16805858734218843
corr,debris,medsiglip_448,mask,0.5,123,clean,0.937391304347826,,0.937391304347826,150,115,0,0.8666666666666667,0.8335403726708075,,"{""y0_a0"": {""n"": 35, ""accuracy"": 0.7714285714285715}, ""y0_a1"": {""n"": 0, ""accuracy"": NaN}, ""y1_a0"": {""n"": 115, ""accuracy"": 0.8956521739130435}, ""y1_a1"": {""n"": 0, ""accuracy"": NaN}}",0.2122831895155047
corr,debris,medsiglip_448,mask,0.5,123,test_corr,0.9714285714285714,0.9360544217687075,0.9178571428571429,150,115,112,0.9066666666666666,0.8099378881987578,0.14285714285714285,"{""y0_a0"": {""n"": 28, ""accuracy"": 0.75}, ""y0_a1"": {""n"": 7, ""accuracy"": 0.14285714285714285}, ""y1_a0"": {""n"": 10, ""accuracy"": 0.9}, ""y1_a1"": {""n"": 105, ""accuracy"": 1.0}}",0.2122831895155047
corr,debris,medsiglip_448,mask,0.5,123,test_rev,0.7341614906832298,0.909090909090909,1.0,150,115,40,0.7733333333333333,0.6236024844720497,0.30303030303030304,"{""y0_a0"": {""n"": 2, ""accuracy"": 1.0}, ""y0_a1"": {""n"": 33, ""accuracy"": 0.30303030303030304}, ""y1_a0"": {""n"": 108, ""accuracy"": 0.8981481481481481}, ""y1_a1"": {""n"": 7, ""accuracy"": 1.0}}",0.2122831895155047
corr,debris,medsiglip_448,inpaint,0.5,123,clean,0.9080745341614906,,0.9080745341614906,150,115,0,0.88,0.7826086956521738,,"{""y0_a0"": {""n"": 35, ""accuracy"": 0.6}, ""y0_a1"": {""n"": 0, ""accuracy"": NaN}, ""y1_a0"": {""n"": 115, ""accuracy"": 0.9652173913043478}, ""y1_a1"": {""n"": 0, ""accuracy"": NaN}}",0.31884745453455676
corr,debris,medsiglip_448,inpaint,0.5,123,test_corr,0.9207453416149068,0.8802721088435375,0.9321428571428572,150,115,112,0.8933333333333333,0.7913043478260869,0.42857142857142855,"{""y0_a0"": {""n"": 28, ""accuracy"": 0.6428571428571429}, ""y0_a1"": {""n"": 7, ""accuracy"": 0.42857142857142855}, ""y1_a0"": {""n"": 10, ""accuracy"": 1.0}, ""y1_a1"": {""n"": 105, ""accuracy"": 0.9809523809523809}}",0.31884745453455676
corr,debris,medsiglip_448,inpaint,0.5,123,test_rev,0.8762732919254659,0.9393939393939394,0.8611111111111112,150,115,40,0.8733333333333333,0.7683229813664596,0.5,"{""y0_a0"": {""n"": 2, ""accuracy"": 0.5}, ""y0_a1"": {""n"": 33, ""accuracy"": 0.5757575757575758}, ""y1_a0"": {""n"": 108, ""accuracy"": 0.9629629629629629}, ""y1_a1"": {""n"": 7, ""accuracy"": 1.0}}",0.31884745453455676
corr,debris,medsiglip_448,balanced,0.5,123,clean,0.8660869565217392,,0.8660869565217392,150,115,0,0.8133333333333334,0.7788819875776398,,"{""y0_a0"": {""n"": 35, ""accuracy"": 0.7142857142857143}, ""y0_a1"": {""n"": 0, ""accuracy"": NaN}, ""y1_a0"": {""n"": 115, ""accuracy"": 0.8434782608695652}, ""y1_a1"": {""n"": 0, ""accuracy"": NaN}}",0.4979800621896329
corr,debris,medsiglip_448,balanced,0.5,123,test_corr,0.8827329192546584,0.7714285714285714,0.8964285714285716,150,115,112,0.86,0.7894409937888198,0.2857142857142857,"{""y0_a0"": {""n"": 28, ""accuracy"": 0.75}, ""y0_a1"": {""n"": 7, ""accuracy"": 0.2857142857142857}, ""y1_a0"": {""n"": 10, ""accuracy"": 0.9}, ""y1_a1"": {""n"": 105, ""accuracy"": 0.9238095238095239}}",0.4979800621896329
corr,debris,medsiglip_448,balanced,0.5,123,test_rev,0.8009937888198757,0.9307359307359306,0.6944444444444444,150,115,40,0.78,0.7074534161490683,0.5,"{""y0_a0"": {""n"": 2, ""accuracy"": 0.5}, ""y0_a1"": {""n"": 33, ""accuracy"": 0.5757575757575758}, ""y1_a0"": {""n"": 108, ""accuracy"": 0.8333333333333334}, ""y1_a1"": {""n"": 7, ""accuracy"": 1.0}}",0.4979800621896329
corr,debris,medsiglip_448,dfr,0.5,123,clean,0.880248447204969,,0.880248447204969,150,115,0,0.8533333333333334,0.7652173913043478,,"{""y0_a0"": {""n"": 35, ""accuracy"": 0.6}, ""y0_a1"": {""n"": 0, ""accuracy"": NaN}, ""y1_a0"": {""n"": 115, ""accuracy"": 0.9304347826086956}, ""y1_a1"": {""n"": 0, ""accuracy"": NaN}}",0.4197008531011298
corr,debris,medsiglip_448,dfr,0.5,123,test_corr,0.8732919254658384,0.8054421768707484,0.8964285714285715,150,115,112,0.8533333333333334,0.7652173913043478,0.2857142857142857,"{""y0_a0"": {""n"": 28, ""accuracy"": 0.6785714285714286}, ""y0_a1"": {""n"": 7, ""accuracy"": 0.2857142857142857}, ""y1_a0"": {""n"": 10, ""accuracy"": 1.0}, ""y1_a1"": {""n"": 105, ""accuracy"": 0.9238095238095239}}",0.4197008531011298
corr,debris,medsiglip_448,dfr,0.5,123,test_rev,0.8745341614906832,0.948051948051948,0.8240740740740741,150,115,40,0.8466666666666667,0.7509316770186335,0.5,"{""y0_a0"": {""n"": 2, ""accuracy"": 0.5}, ""y0_a1"": {""n"": 33, ""accuracy"": 0.5757575757575758}, ""y1_a0"": {""n"": 108, ""accuracy"": 0.9259259259259259}, ""y1_a1"": {""n"": 7, ""accuracy"": 1.0}}",0.4197008531011298
corr,debris,medsiglip_448,leace,0.5,123,clean,0.9098136645962733,,0.9098136645962733,150,115,0,0.8533333333333334,0.8248447204968945,,"{""y0_a0"": {""n"": 35, ""accuracy"": 0.7714285714285715}, ""y0_a1"": {""n"": 0, ""accuracy"": NaN}, ""y1_a0"": {""n"": 115, ""accuracy"": 0.8782608695652174}, ""y1_a1"": {""n"": 0, ""accuracy"": NaN}}",0.49920299080182196
corr,debris,medsiglip_448,leace,0.5,123,test_corr,0.9038509316770186,0.8612244897959184,0.9392857142857143,150,115,112,0.8533333333333334,0.8149068322981367,0.5714285714285714,"{""y0_a0"": {""n"": 28, ""accuracy"": 0.7857142857142857}, ""y0_a1"": {""n"": 7, ""accuracy"": 0.5714285714285714}, ""y1_a0"": {""n"": 10, ""accuracy"": 1.0}, ""y1_a1"": {""n"": 105, ""accuracy"": 0.8761904761904762}}",0.49920299080182196
corr,debris,medsiglip_448,leace,0.5,123,test_rev,0.9060869565217391,0.9567099567099567,0.8333333333333333,150,115,40,0.8533333333333334,0.8248447204968945,0.5,"{""y0_a0"": {""n"": 2, ""accuracy"": 0.5}, ""y0_a1"": {""n"": 33, ""accuracy"": 0.7878787878787878}, ""y1_a0"": {""n"": 108, ""accuracy"": 0.8703703703703703}, ""y1_a1"": {""n"": 7, ""accuracy"": 1.0}}",0.49920299080182196
corr,debris,medsiglip_448,umte_protect,0.5,123,clean,0.9269565217391305,,0.9269565217391305,150,115,0,0.86,0.8192546583850933,,"{""y0_a0"": {""n"": 35, ""accuracy"": 0.7428571428571429}, ""y0_a1"": {""n"": 0, ""accuracy"": NaN}, ""y1_a0"": {""n"": 115, ""accuracy"": 0.8956521739130435}, ""y1_a1"": {""n"": 0, ""accuracy"": NaN}}",0.2253728314625831
corr,debris,medsiglip_448,umte_protect,0.5,123,test_corr,0.9545341614906832,0.9333333333333333,0.8857142857142857,150,115,112,0.9,0.815527950310559,0.42857142857142855,"{""y0_a0"": {""n"": 28, ""accuracy"": 0.7142857142857143}, ""y0_a1"": {""n"": 7, ""accuracy"": 0.42857142857142855}, ""y1_a0"": {""n"": 10, ""accuracy"": 0.8}, ""y1_a1"": {""n"": 105, ""accuracy"": 0.9904761904761905}}",0.2253728314625831
corr,debris,medsiglip_448,umte_protect,0.5,123,test_rev,0.8022360248447206,0.9004329004329004,0.9953703703703703,150,115,40,0.78,0.637888198757764,0.3333333333333333,"{""y0_a0"": {""n"": 2, ""accuracy"": 1.0}, ""y0_a1"": {""n"": 33, ""accuracy"": 0.3333333333333333}, ""y1_a0"": {""n"": 108, ""accuracy"": 0.8981481481481481}, ""y1_a1"": {""n"": 7, ""accuracy"": 1.0}}",0.2253728314625831
corr,debris,medsiglip_448,umte_protect_balanced,0.5,123,clean,0.9341614906832298,,0.9341614906832298,150,115,0,0.8733333333333333,0.837888198757764,,"{""y0_a0"": {""n"": 35, ""accuracy"": 0.7714285714285715}, ""y0_a1"": {""n"": 0, ""accuracy"": NaN}, ""y1_a0"": {""n"": 115, ""accuracy"": 0.9043478260869565}, ""y1_a1"": {""n"": 0, ""accuracy"": NaN}}",0.3161440292977837
corr,debris,medsiglip_448,umte_protect_balanced,0.5,123,test_corr,0.9361490683229813,0.9510204081632653,0.8785714285714286,150,115,112,0.9066666666666666,0.839751552795031,0.5714285714285714,"{""y0_a0"": {""n"": 28, ""accuracy"": 0.75}, ""y0_a1"": {""n"": 7, ""accuracy"": 0.5714285714285714}, ""y1_a0"": {""n"": 10, ""accuracy"": 0.8}, ""y1_a1"": {""n"": 105, ""accuracy"": 0.9809523809523809}}",0.3161440292977837
corr,debris,medsiglip_448,umte_protect_balanced,0.5,123,test_rev,0.9160248447204968,0.9350649350649352,0.9953703703703703,150,115,40,0.84,0.7565217391304347,0.5757575757575758,"{""y0_a0"": {""n"": 2, ""accuracy"": 1.0}, ""y0_a1"": {""n"": 33, ""accuracy"": 0.5757575757575758}, ""y1_a0"": {""n"": 108, ""accuracy"": 0.9074074074074074}, ""y1_a1"": {""n"": 7, ""accuracy"": 1.0}}",0.3161440292977837
corr,debris,medsiglip_448,i2e,0.5,123,clean,0.8645962732919255,,0.8645962732919255,150,115,0,0.84,0.7763975155279503,,"{""y0_a0"": {""n"": 35, ""accuracy"": 0.6571428571428571}, ""y0_a1"": {""n"": 0, ""accuracy"": NaN}, ""y1_a0"": {""n"": 115, ""accuracy"": 0.8956521739130435}, ""y1_a1"": {""n"": 0, ""accuracy"": NaN}}",0.4986006411903094
corr,debris,medsiglip_448,i2e,0.5,123,test_corr,0.8956521739130435,0.6068027210884354,0.8928571428571428,150,115,112,0.9066666666666666,0.8,0.0,"{""y0_a0"": {""n"": 28, ""accuracy"": 0.75}, ""y0_a1"": {""n"": 7, ""accuracy"": 0.0}, ""y1_a0"": {""n"": 10, ""accuracy"": 1.0}, ""y1_a1"": {""n"": 105, ""accuracy"": 1.0}}",0.4986006411903094
corr,debris,medsiglip_448,i2e,0.5,123,test_rev,0.3354037267080746,0.8311688311688311,0.7546296296296297,150,115,40,0.7066666666666667,0.49068322981366463,0.06060606060606061,"{""y0_a0"": {""n"": 2, ""accuracy"": 0.5}, ""y0_a1"": {""n"": 33, ""accuracy"": 0.06060606060606061}, ""y1_a0"": {""n"": 108, ""accuracy"": 0.8888888888888888}, ""y1_a1"": {""n"": 7, ""accuracy"": 1.0}}",0.4986006411903094
corr,debris,medsiglip_448,i2e_balanced,0.5,123,clean,0.8725465838509316,,0.8725465838509316,150,115,0,0.8266666666666667,0.7975155279503106,,"{""y0_a0"": {""n"": 35, ""accuracy"": 0.7428571428571429}, ""y0_a1"": {""n"": 0, ""accuracy"": NaN}, ""y1_a0"": {""n"": 115, ""accuracy"": 0.8521739130434782}, ""y1_a1"": {""n"": 0, ""accuracy"": NaN}}",0.49971594542023384
corr,debris,medsiglip_448,i2e_balanced,0.5,123,test_corr,0.893167701863354,0.6829931972789116,0.9178571428571429,150,115,112,0.8866666666666667,0.8267080745341615,0.14285714285714285,"{""y0_a0"": {""n"": 28, ""accuracy"": 0.8571428571428571}, ""y0_a1"": {""n"": 7, ""accuracy"": 0.14285714285714285}, ""y1_a0"": {""n"": 10, ""accuracy"": 1.0}, ""y1_a1"": {""n"": 105, ""accuracy"": 0.9333333333333333}}",0.49971594542023384
corr,debris,medsiglip_448,i2e_balanced,0.5,123,test_rev,0.7187577639751552,0.8917748917748918,0.7037037037037037,150,115,40,0.7733333333333333,0.6732919254658385,0.48484848484848486,"{""y0_a0"": {""n"": 2, ""accuracy"": 0.5}, ""y0_a1"": {""n"": 33, ""accuracy"": 0.48484848484848486}, ""y1_a0"": {""n"": 108, ""accuracy"": 0.8518518518518519}, ""y1_a1"": {""n"": 7, ""accuracy"": 1.0}}",0.49971594542023384
corr,debris,medsiglip_448,i2e_rank1,0.5,123,clean,0.8862111801242235,,0.8862111801242235,150,115,0,0.8133333333333334,0.768944099378882,,"{""y0_a0"": {""n"": 35, ""accuracy"": 0.6857142857142857}, ""y0_a1"": {""n"": 0, ""accuracy"": NaN}, ""y1_a0"": {""n"": 115, ""accuracy"": 0.8521739130434782}, ""y1_a1"": {""n"": 0, ""accuracy"": NaN}}",0.19916554466184605
corr,debris,medsiglip_448,i2e_rank1,0.5,123,test_corr,0.9125465838509317,0.672108843537415,0.8892857142857142,150,115,112,0.8933333333333333,0.7813664596273292,0.0,"{""y0_a0"": {""n"": 28, ""accuracy"": 0.7142857142857143}, ""y0_a1"": {""n"": 7, ""accuracy"": 0.0}, ""y1_a0"": {""n"": 10, ""accuracy"": 0.9}, ""y1_a1"": {""n"": 105, ""accuracy"": 1.0}}",0.19916554466184605
corr,debris,medsiglip_448,i2e_rank1,0.5,123,test_rev,0.3654658385093168,0.857142857142857,0.8472222222222222,150,115,40,0.68,0.4832298136645963,0.09090909090909091,"{""y0_a0"": {""n"": 2, ""accuracy"": 0.5}, ""y0_a1"": {""n"": 33, ""accuracy"": 0.09090909090909091}, ""y1_a0"": {""n"": 108, ""accuracy"": 0.8425925925925926}, ""y1_a1"": {""n"": 7, ""accuracy"": 1.0}}",0.19916554466184605
corr,debris,medsiglip_448,insert_aug,0.5,123,clean,0.8981366459627329,,0.8981366459627329,150,115,0,0.82,0.7931677018633541,,"{""y0_a0"": {""n"": 35, ""accuracy"": 0.7428571428571429}, ""y0_a1"": {""n"": 0, ""accuracy"": NaN}, ""y1_a0"": {""n"": 115, ""accuracy"": 0.8434782608695652}, ""y1_a1"": {""n"": 0, ""accuracy"": NaN}}",0.26188285605965306
corr,debris,medsiglip_448,insert_aug,0.5,123,test_corr,0.9247204968944099,0.7210884353741497,0.9285714285714286,150,115,112,0.9133333333333333,0.8142857142857143,0.0,"{""y0_a0"": {""n"": 28, ""accuracy"": 0.7857142857142857}, ""y0_a1"": {""n"": 7, ""accuracy"": 0.0}, ""y1_a0"": {""n"": 10, ""accuracy"": 1.0}, ""y1_a1"": {""n"": 105, ""accuracy"": 1.0}}",0.26188285605965306
corr,debris,medsiglip_448,insert_aug,0.5,123,test_rev,0.48298136645962736,0.8874458874458875,0.8564814814814814,150,115,40,0.6933333333333334,0.5217391304347826,0.18181818181818182,"{""y0_a0"": {""n"": 2, ""accuracy"": 0.5}, ""y0_a1"": {""n"": 33, ""accuracy"": 0.18181818181818182}, ""y1_a0"": {""n"": 108, ""accuracy"": 0.8333333333333334}, ""y1_a1"": {""n"": 7, ""accuracy"": 1.0}}",0.26188285605965306
corr,debris,medsiglip_448,mte,0.5,123,clean,0.9224844720496894,,0.9224844720496894,150,115,0,0.84,0.8559006211180125,,"{""y0_a0"": {""n"": 35, ""accuracy"": 0.8857142857142857}, ""y0_a1"": {""n"": 0, ""accuracy"": NaN}, ""y1_a0"": {""n"": 115, ""accuracy"": 0.8260869565217391}, ""y1_a1"": {""n"": 0, ""accuracy"": NaN}}",0.27260802677329854
corr,debris,medsiglip_448,mte,0.5,123,test_corr,0.9577639751552796,0.8666666666666666,0.8928571428571428,150,115,112,0.9133333333333333,0.8341614906832298,0.0,"{""y0_a0"": {""n"": 28, ""accuracy"": 0.8571428571428571}, ""y0_a1"": {""n"": 7, ""accuracy"": 0.0}, ""y1_a0"": {""n"": 10, ""accuracy"": 0.8}, ""y1_a1"": {""n"": 105, ""accuracy"": 1.0}}",0.27260802677329854
corr,debris,medsiglip_448,mte,0.5,123,test_rev,0.46583850931677023,0.8225108225108224,0.9907407407407407,150,115,40,0.6866666666666666,0.5173913043478261,0.15151515151515152,"{""y0_a0"": {""n"": 2, ""accuracy"": 1.0}, ""y0_a1"": {""n"": 33, ""accuracy"": 0.15151515151515152}, ""y1_a0"": {""n"": 108, ""accuracy"": 0.8240740740740741}, ""y1_a1"": {""n"": 7, ""accuracy"": 1.0}}",0.27260802677329854
corr,debris,medsiglip_448,mte_balanced,0.5,123,clean,0.9175155279503105,,0.9175155279503105,150,115,0,0.8733333333333333,0.8577639751552795,,"{""y0_a0"": {""n"": 35, ""accuracy"": 0.8285714285714286}, ""y0_a1"": {""n"": 0, ""accuracy"": NaN}, ""y1_a0"": {""n"": 115, ""accuracy"": 0.8869565217391304}, ""y1_a1"": {""n"": 0, ""accuracy"": NaN}}",0.4906837639456214
corr,debris,medsiglip_448,mte_balanced,0.5,123,test_corr,0.9406211180124223,0.9455782312925171,0.8571428571428571,150,115,112,0.9133333333333333,0.8739130434782609,0.7857142857142857,"{""y0_a0"": {""n"": 28, ""accuracy"": 0.7857142857142857}, ""y0_a1"": {""n"": 7, ""accuracy"": 0.8571428571428571}, ""y1_a0"": {""n"": 10, ""accuracy"": 0.8}, ""y1_a1"": {""n"": 105, ""accuracy"": 0.9619047619047619}}",0.4906837639456214
corr,debris,medsiglip_448,mte_balanced,0.5,123,test_rev,0.8663354037267081,0.9004329004329004,0.9814814814814814,150,115,40,0.8333333333333334,0.7720496894409938,0.6363636363636364,"{""y0_a0"": {""n"": 2, ""accuracy"": 1.0}, ""y0_a1"": {""n"": 33, ""accuracy"": 0.6363636363636364}, ""y1_a0"": {""n"": 108, ""accuracy"": 0.8888888888888888}, ""y1_a1"": {""n"": 7, ""accuracy"": 0.8571428571428571}}",0.4906837639456214
corr,debris,medsiglip_448,ui2e,0.5,123,clean,0.8655900621118013,,0.8655900621118013,150,115,0,0.84,0.7863354037267081,,"{""y0_a0"": {""n"": 35, ""accuracy"": 0.6857142857142857}, ""y0_a1"": {""n"": 0, ""accuracy"": NaN}, ""y1_a0"": {""n"": 115, ""accuracy"": 0.8869565217391304}, ""y1_a1"": {""n"": 0, ""accuracy"": NaN}}",0.49973177702145954
corr,debris,medsiglip_448,ui2e,0.5,123,test_corr,0.8916770186335403,0.7374149659863946,0.8928571428571428,150,115,112,0.9,0.8254658385093168,0.2857142857142857,"{""y0_a0"": {""n"": 28, ""accuracy"": 0.7857142857142857}, ""y0_a1"": {""n"": 7, ""accuracy"": 0.2857142857142857}, ""y1_a0"": {""n"": 10, ""accuracy"": 1.0}, ""y1_a1"": {""n"": 105, ""accuracy"": 0.9619047619047619}}",0.49973177702145954
corr,debris,medsiglip_448,ui2e,0.5,123,test_rev,0.7391304347826086,0.9134199134199134,0.6851851851851851,150,115,40,0.7933333333333333,0.6863354037267081,0.48484848484848486,"{""y0_a0"": {""n"": 2, ""accuracy"": 0.5}, ""y0_a1"": {""n"": 33, ""accuracy"": 0.48484848484848486}, ""y1_a0"": {""n"": 108, ""accuracy"": 0.8796296296296297}, ""y1_a1"": {""n"": 7, ""accuracy"": 1.0}}",0.49973177702145954
corr,debris,medsiglip_448,ui2e_balanced,0.5,123,clean,0.8718012422360248,,0.8718012422360248,150,115,0,0.8066666666666666,0.7745341614906832,,"{""y0_a0"": {""n"": 35, ""accuracy"": 0.7142857142857143}, ""y0_a1"": {""n"": 0, ""accuracy"": NaN}, ""y1_a0"": {""n"": 115, ""accuracy"": 0.8347826086956521}, ""y1_a1"": {""n"": 0, ""accuracy"": NaN}}",0.5003376893615121
corr,debris,medsiglip_448,ui2e_balanced,0.5,123,test_corr,0.866335403726708,0.7170068027210884,0.8964285714285714,150,115,112,0.8333333333333334,0.7919254658385093,0.2857142857142857,"{""y0_a0"": {""n"": 28, ""accuracy"": 0.8214285714285714}, ""y0_a1"": {""n"": 7, ""accuracy"": 0.2857142857142857}, ""y1_a0"": {""n"": 10, ""accuracy"": 1.0}, ""y1_a1"": {""n"": 105, ""accuracy"": 0.8571428571428571}}",0.5003376893615121
corr,debris,medsiglip_448,ui2e_balanced,0.5,123,test_rev,0.8481987577639751,0.935064935064935,0.662037037037037,150,115,40,0.8066666666666666,0.7645962732919255,0.5,"{""y0_a0"": {""n"": 2, ""accuracy"": 0.5}, ""y0_a1"": {""n"": 33, ""accuracy"": 0.696969696969697}, ""y1_a0"": {""n"": 108, ""accuracy"": 0.8333333333333334}, ""y1_a1"": {""n"": 7, ""accuracy"": 1.0}}",0.5003376893615121
corr,debris,medsiglip_448,umte,0.5,123,clean,0.8968944099378883,,0.8968944099378883,150,115,0,0.8733333333333333,0.8279503105590063,,"{""y0_a0"": {""n"": 35, ""accuracy"": 0.7428571428571429}, ""y0_a1"": {""n"": 0, ""accuracy"": NaN}, ""y1_a0"": {""n"": 115, ""accuracy"": 0.9130434782608695}, ""y1_a1"": {""n"": 0, ""accuracy"": NaN}}",0.23775680753493794
corr,debris,medsiglip_448,umte,0.5,123,test_corr,0.9530434782608695,0.9142857142857143,0.8892857142857143,150,115,112,0.9066666666666666,0.8099378881987578,0.2857142857142857,"{""y0_a0"": {""n"": 28, ""accuracy"": 0.7142857142857143}, ""y0_a1"": {""n"": 7, ""accuracy"": 0.2857142857142857}, ""y1_a0"": {""n"": 10, ""accuracy"": 0.9}, ""y1_a1"": {""n"": 105, ""accuracy"": 1.0}}",0.23775680753493794
corr,debris,medsiglip_448,umte,0.5,123,test_rev,0.6419875776397514,0.8484848484848484,0.9861111111111112,150,115,40,0.7666666666666667,0.5894409937888199,0.21212121212121213,"{""y0_a0"": {""n"": 2, ""accuracy"": 1.0}, ""y0_a1"": {""n"": 33, ""accuracy"": 0.21212121212121213}, ""y1_a0"": {""n"": 108, ""accuracy"": 0.9166666666666666}, ""y1_a1"": {""n"": 7, ""accuracy"": 1.0}}",0.23775680753493794
corr,debris,medsiglip_448,umte_balanced,0.5,123,clean,0.9165217391304348,,0.9165217391304348,150,115,0,0.88,0.8521739130434782,,"{""y0_a0"": {""n"": 35, ""accuracy"": 0.8}, ""y0_a1"": {""n"": 0, ""accuracy"": NaN}, ""y1_a0"": {""n"": 115, ""accuracy"": 0.9043478260869565}, ""y1_a1"": {""n"": 0, ""accuracy"": NaN}}",0.43080541428654207
corr,debris,medsiglip_448,umte_balanced,0.5,123,test_corr,0.942608695652174,0.9551020408163264,0.9,150,115,112,0.9133333333333333,0.8639751552795032,0.7142857142857143,"{""y0_a0"": {""n"": 28, ""accuracy"": 0.7857142857142857}, ""y0_a1"": {""n"": 7, ""accuracy"": 0.7142857142857143}, ""y1_a0"": {""n"": 10, ""accuracy"": 0.8}, ""y1_a1"": {""n"": 105, ""accuracy"": 0.9714285714285714}}",0.43080541428654207
corr,debris,medsiglip_448,umte_balanced,0.5,123,test_rev,0.8767701863354037,0.935064935064935,0.9814814814814814,150,115,40,0.84,0.7565217391304347,0.5757575757575758,"{""y0_a0"": {""n"": 2, ""accuracy"": 1.0}, ""y0_a1"": {""n"": 33, ""accuracy"": 0.5757575757575758}, ""y1_a0"": {""n"": 108, ""accuracy"": 0.9074074074074074}, ""y1_a1"": {""n"": 7, ""accuracy"": 1.0}}",0.43080541428654207
corr,debris,medsiglip_448,erm,0.5,456,clean,0.8829813664596273,,0.8829813664596273,150,115,0,0.82,0.7633540372670807,,"{""y0_a0"": {""n"": 35, ""accuracy"": 0.6571428571428571}, ""y0_a1"": {""n"": 0, ""accuracy"": NaN}, ""y1_a0"": {""n"": 115, ""accuracy"": 0.8695652173913043}, ""y1_a1"": {""n"": 0, ""accuracy"": NaN}}",0.17256939663625268
corr,debris,medsiglip_448,erm,0.5,456,test_corr,0.9883229813664596,0.9904761904761905,0.9205882352941176,150,115,106,0.9066666666666666,0.8099378881987578,0.0,"{""y0_a0"": {""n"": 34, ""accuracy"": 0.6470588235294118}, ""y0_a1"": {""n"": 1, ""accuracy"": 0.0}, ""y1_a0"": {""n"": 10, ""accuracy"": 0.9}, ""y1_a1"": {""n"": 105, ""accuracy"": 1.0}}",0.17256939663625268
corr,debris,medsiglip_448,erm,0.5,456,test_rev,0.43453416149068325,0.7844827586206896,0.7621359223300971,150,115,41,0.7133333333333334,0.5248447204968945,0.10344827586206896,"{""y0_a0"": {""n"": 6, ""accuracy"": 0.5}, ""y0_a1"": {""n"": 29, ""accuracy"": 0.10344827586206896}, ""y1_a0"": {""n"": 103, ""accuracy"": 0.8640776699029126}, ""y1_a1"": {""n"": 12, ""accuracy"": 1.0}}",0.17256939663625268
corr,debris,medsiglip_448,mask,0.5,456,clean,0.9304347826086957,,0.9304347826086957,150,115,0,0.86,0.8192546583850933,,"{""y0_a0"": {""n"": 35, ""accuracy"": 0.7428571428571429}, ""y0_a1"": {""n"": 0, ""accuracy"": NaN}, ""y1_a0"": {""n"": 115, ""accuracy"": 0.8956521739130435}, ""y1_a1"": {""n"": 0, ""accuracy"": NaN}}",0.2896570976227567
corr,debris,medsiglip_448,mask,0.5,456,test_corr,0.9761490683229814,0.9428571428571428,0.8705882352941177,150,115,106,0.9266666666666666,0.8627329192546584,0.0,"{""y0_a0"": {""n"": 34, ""accuracy"": 0.7647058823529411}, ""y0_a1"": {""n"": 1, ""accuracy"": 0.0}, ""y1_a0"": {""n"": 10, ""accuracy"": 0.8}, ""y1_a1"": {""n"": 105, ""accuracy"": 1.0}}",0.2896570976227567
corr,debris,medsiglip_448,mask,0.5,456,test_rev,0.8052173913043479,0.9080459770114943,0.8576051779935275,150,115,41,0.7866666666666666,0.6422360248447205,0.3103448275862069,"{""y0_a0"": {""n"": 6, ""accuracy"": 0.6666666666666666}, ""y0_a1"": {""n"": 29, ""accuracy"": 0.3103448275862069}, ""y1_a0"": {""n"": 103, ""accuracy"": 0.9029126213592233}, ""y1_a1"": {""n"": 12, ""accuracy"": 1.0}}",0.2896570976227567
corr,debris,medsiglip_448,inpaint,0.5,456,clean,0.9088198757763974,,0.9088198757763974,150,115,0,0.84,0.7664596273291926,,"{""y0_a0"": {""n"": 35, ""accuracy"": 0.6285714285714286}, ""y0_a1"": {""n"": 0, ""accuracy"": NaN}, ""y1_a0"": {""n"": 115, ""accuracy"": 0.9043478260869565}, ""y1_a1"": {""n"": 0, ""accuracy"": NaN}}",0.3800558120712976
corr,debris,medsiglip_448,inpaint,0.5,456,test_corr,0.9272049689440993,0.9904761904761905,0.9529411764705883,150,115,106,0.8733333333333333,0.7881987577639751,0.6176470588235294,"{""y0_a0"": {""n"": 34, ""accuracy"": 0.6176470588235294}, ""y0_a1"": {""n"": 1, ""accuracy"": 1.0}, ""y1_a0"": {""n"": 10, ""accuracy"": 1.0}, ""y1_a1"": {""n"": 105, ""accuracy"": 0.9428571428571428}}",0.3800558120712976
corr,debris,medsiglip_448,inpaint,0.5,456,test_rev,0.8914285714285715,0.9540229885057471,0.8009708737864077,150,115,41,0.8333333333333334,0.7521739130434782,0.5,"{""y0_a0"": {""n"": 6, ""accuracy"": 0.5}, ""y0_a1"": {""n"": 29, ""accuracy"": 0.6206896551724138}, ""y1_a0"": {""n"": 103, ""accuracy"": 0.8932038834951457}, ""y1_a1"": {""n"": 12, ""accuracy"": 1.0}}",0.3800558120712976
corr,debris,medsiglip_448,balanced,0.5,456,clean,0.875527950310559,,0.875527950310559,150,115,0,0.8,0.7701863354037267,,"{""y0_a0"": {""n"": 35, ""accuracy"": 0.7142857142857143}, ""y0_a1"": {""n"": 0, ""accuracy"": NaN}, ""y1_a0"": {""n"": 115, ""accuracy"": 0.8260869565217391}, ""y1_a1"": {""n"": 0, ""accuracy"": NaN}}",0.48219597246310425
corr,debris,medsiglip_448,balanced,0.5,456,test_corr,0.9026086956521739,0.9523809523809523,0.926470588235294,150,115,106,0.8666666666666667,0.8136645962732919,0.7058823529411765,"{""y0_a0"": {""n"": 34, ""accuracy"": 0.7058823529411765}, ""y0_a1"": {""n"": 1, ""accuracy"": 1.0}, ""y1_a0"": {""n"": 10, ""accuracy"": 1.0}, ""y1_a1"": {""n"": 105, ""accuracy"": 0.9047619047619048}}",0.48219597246310425
corr,debris,medsiglip_448,balanced,0.5,456,test_rev,0.8454658385093168,0.8908045977011495,0.7766990291262136,150,115,41,0.8,0.7503105590062111,0.5,"{""y0_a0"": {""n"": 6, ""accuracy"": 0.5}, ""y0_a1"": {""n"": 29, ""accuracy"": 0.6896551724137931}, ""y1_a0"": {""n"": 103, ""accuracy"": 0.8252427184466019}, ""y1_a1"": {""n"": 12, ""accuracy"": 1.0}}",0.48219597246310425
corr,debris,medsiglip_448,dfr,0.5,456,clean,0.8795031055900621,,0.8795031055900621,150,115,0,0.8333333333333334,0.7919254658385093,,"{""y0_a0"": {""n"": 35, ""accuracy"": 0.7142857142857143}, ""y0_a1"": {""n"": 0, ""accuracy"": NaN}, ""y1_a0"": {""n"": 115, ""accuracy"": 0.8695652173913043}, ""y1_a1"": {""n"": 0, ""accuracy"": NaN}}",0.547450580517404
corr,debris,medsiglip_448,dfr,0.5,456,test_corr,0.8568944099378882,0.5619047619047619,0.9352941176470588,150,115,106,0.82,0.7832298136645963,0.0,"{""y0_a0"": {""n"": 34, ""accuracy"": 0.7352941176470589}, ""y0_a1"": {""n"": 1, ""accuracy"": 0.0}, ""y1_a0"": {""n"": 10, ""accuracy"": 1.0}, ""y1_a1"": {""n"": 105, ""accuracy"": 0.8380952380952381}}",0.547450580517404
corr,debris,medsiglip_448,dfr,0.5,456,test_rev,0.8929192546583851,0.8850574712643678,0.7944983818770226,150,115,41,0.82,0.7732919254658386,0.5,"{""y0_a0"": {""n"": 6, ""accuracy"": 0.5}, ""y0_a1"": {""n"": 29, ""accuracy"": 0.7241379310344828}, ""y1_a0"": {""n"": 103, ""accuracy"": 0.8737864077669902}, ""y1_a1"": {""n"": 12, ""accuracy"": 0.75}}",0.547450580517404
corr,debris,medsiglip_448,leace,0.5,456,clean,0.9100621118012423,,0.9100621118012423,150,115,0,0.8466666666666667,0.8105590062111802,,"{""y0_a0"": {""n"": 35, ""accuracy"": 0.7428571428571429}, ""y0_a1"": {""n"": 0, ""accuracy"": NaN}, ""y1_a0"": {""n"": 115, ""accuracy"": 0.8782608695652174}, ""y1_a1"": {""n"": 0, ""accuracy"": NaN}}",0.48145644667442783
corr,debris,medsiglip_448,leace,0.5,456,test_corr,0.9078260869565218,0.9809523809523809,0.9441176470588235,150,115,106,0.8666666666666667,0.8236024844720498,0.7352941176470589,"{""y0_a0"": {""n"": 34, ""accuracy"": 0.7352941176470589}, ""y0_a1"": {""n"": 1, ""accuracy"": 1.0}, ""y1_a0"": {""n"": 10, ""accuracy"": 0.9}, ""y1_a1"": {""n"": 105, ""accuracy"": 0.9047619047619048}}",0.48145644667442783
corr,debris,medsiglip_448,leace,0.5,456,test_rev,0.9028571428571428,0.9511494252873564,0.813915857605178,150,115,41,0.8466666666666667,0.8105590062111802,0.5,"{""y0_a0"": {""n"": 6, ""accuracy"": 0.5}, ""y0_a1"": {""n"": 29, ""accuracy"": 0.7931034482758621}, ""y1_a0"": {""n"": 103, ""accuracy"": 0.8640776699029126}, ""y1_a1"": {""n"": 12, ""accuracy"": 1.0}}",0.48145644667442783
corr,debris,medsiglip_448,umte_protect,0.5,456,clean,0.9239751552795031,,0.9239751552795031,150,115,0,0.8533333333333334,0.8248447204968945,,"{""y0_a0"": {""n"": 35, ""accuracy"": 0.7714285714285715}, ""y0_a1"": {""n"": 0, ""accuracy"": NaN}, ""y1_a0"": {""n"": 115, ""accuracy"": 0.8782608695652174}, ""y1_a1"": {""n"": 0, ""accuracy"": NaN}}",0.3359033893838542
corr,debris,medsiglip_448,umte_protect,0.5,456,test_corr,0.964472049689441,0.8380952380952381,0.8970588235294117,150,115,106,0.92,0.8683229813664597,0.0,"{""y0_a0"": {""n"": 34, ""accuracy"": 0.7941176470588235}, ""y0_a1"": {""n"": 1, ""accuracy"": 0.0}, ""y1_a0"": {""n"": 10, ""accuracy"": 0.8}, ""y1_a1"": {""n"": 105, ""accuracy"": 0.9809523809523809}}",0.3359033893838542
corr,debris,medsiglip_448,umte_protect,0.5,456,test_rev,0.8454658385093169,0.9281609195402298,0.8446601941747572,150,115,41,0.8133333333333334,0.7291925465838509,0.5517241379310345,"{""y0_a0"": {""n"": 6, ""accuracy"": 0.6666666666666666}, ""y0_a1"": {""n"": 29, ""accuracy"": 0.5517241379310345}, ""y1_a0"": {""n"": 103, ""accuracy"": 0.883495145631068}, ""y1_a1"": {""n"": 12, ""accuracy"": 0.9166666666666666}}",0.3359033893838542
corr,debris,medsiglip_448,umte_protect_balanced,0.5,456,clean,0.9217391304347826,,0.9217391304347826,150,115,0,0.86,0.829192546583851,,"{""y0_a0"": {""n"": 35, ""accuracy"": 0.7714285714285715}, ""y0_a1"": {""n"": 0, ""accuracy"": NaN}, ""y1_a0"": {""n"": 115, ""accuracy"": 0.8869565217391304}, ""y1_a1"": {""n"": 0, ""accuracy"": NaN}}",0.4674084732086192
corr,debris,medsiglip_448,umte_protect_balanced,0.5,456,test_corr,0.9378881987577641,0.7619047619047619,0.8911764705882353,150,115,106,0.9,0.8552795031055901,0.0,"{""y0_a0"": {""n"": 34, ""accuracy"": 0.7941176470588235}, ""y0_a1"": {""n"": 1, ""accuracy"": 0.0}, ""y1_a0"": {""n"": 10, ""accuracy"": 0.8}, ""y1_a1"": {""n"": 105, ""accuracy"": 0.9523809523809523}}",0.4674084732086192
corr,debris,medsiglip_448,umte_protect_balanced,0.5,456,test_rev,0.9053416149068323,0.9367816091954022,0.8398058252427185,150,115,41,0.8533333333333334,0.8049689440993789,0.6666666666666666,"{""y0_a0"": {""n"": 6, ""accuracy"": 0.6666666666666666}, ""y0_a1"": {""n"": 29, ""accuracy"": 0.7241379310344828}, ""y1_a0"": {""n"": 103, ""accuracy"": 0.8932038834951457}, ""y1_a1"": {""n"": 12, ""accuracy"": 0.9166666666666666}}",0.4674084732086192
corr,debris,medsiglip_448,i2e,0.5,456,clean,0.888944099378882,,0.888944099378882,150,115,0,0.86,0.7496894409937889,,"{""y0_a0"": {""n"": 35, ""accuracy"": 0.5428571428571428}, ""y0_a1"": {""n"": 0, ""accuracy"": NaN}, ""y1_a0"": {""n"": 115, ""accuracy"": 0.9565217391304348}, ""y1_a1"": {""n"": 0, ""accuracy"": NaN}}",0.19680453860592395
corr,debris,medsiglip_448,i2e,0.5,456,test_corr,0.9898136645962733,0.9809523809523809,0.9441176470588235,150,115,106,0.8933333333333333,0.7714285714285714,0.0,"{""y0_a0"": {""n"": 34, ""accuracy"": 0.5588235294117647}, ""y0_a1"": {""n"": 1, ""accuracy"": 0.0}, ""y1_a0"": {""n"": 10, ""accuracy"": 1.0}, ""y1_a1"": {""n"": 105, ""accuracy"": 1.0}}",0.19680453860592395
corr,debris,medsiglip_448,i2e,0.5,456,test_rev,0.3739130434782609,0.7672413793103448,0.7427184466019418,150,115,41,0.7666666666666667,0.5496894409937888,0.06896551724137931,"{""y0_a0"": {""n"": 6, ""accuracy"": 0.5}, ""y0_a1"": {""n"": 29, ""accuracy"": 0.06896551724137931}, ""y1_a0"": {""n"": 103, ""accuracy"": 0.9514563106796117}, ""y1_a1"": {""n"": 12, ""accuracy"": 1.0}}",0.19680453860592395
corr,debris,medsiglip_448,i2e_balanced,0.5,456,clean,0.8770186335403726,,0.8770186335403726,150,115,0,0.84,0.7962732919254658,,"{""y0_a0"": {""n"": 35, ""accuracy"": 0.7142857142857143}, ""y0_a1"": {""n"": 0, ""accuracy"": NaN}, ""y1_a0"": {""n"": 115, ""accuracy"": 0.8782608695652174}, ""y1_a1"": {""n"": 0, ""accuracy"": NaN}}",0.479533342460577
corr,debris,medsiglip_448,i2e_balanced,0.5,456,test_corr,0.9391304347826086,0.9523809523809523,0.9323529411764706,150,115,106,0.9,0.8354037267080745,0.7058823529411765,"{""y0_a0"": {""n"": 34, ""accuracy"": 0.7058823529411765}, ""y0_a1"": {""n"": 1, ""accuracy"": 1.0}, ""y1_a0"": {""n"": 10, ""accuracy"": 1.0}, ""y1_a1"": {""n"": 105, ""accuracy"": 0.9523809523809523}}",0.479533342460577
corr,debris,medsiglip_448,i2e_balanced,0.5,456,test_rev,0.760248447204969,0.896551724137931,0.7459546925566343,150,115,41,0.7866666666666666,0.6720496894409937,0.4482758620689655,"{""y0_a0"": {""n"": 6, ""accuracy"": 0.5}, ""y0_a1"": {""n"": 29, ""accuracy"": 0.4482758620689655}, ""y1_a0"": {""n"": 103, ""accuracy"": 0.8737864077669902}, ""y1_a1"": {""n"": 12, ""accuracy"": 1.0}}",0.479533342460577
corr,debris,medsiglip_448,i2e_rank1,0.5,456,clean,0.888447204968944,,0.888447204968944,150,115,0,0.86,0.7894409937888198,,"{""y0_a0"": {""n"": 35, ""accuracy"": 0.6571428571428571}, ""y0_a1"": {""n"": 0, ""accuracy"": NaN}, ""y1_a0"": {""n"": 115, ""accuracy"": 0.9217391304347826}, ""y1_a1"": {""n"": 0, ""accuracy"": NaN}}",0.1725771827883678
corr,debris,medsiglip_448,i2e_rank1,0.5,456,test_corr,0.9858385093167702,1.0,0.9205882352941176,150,115,106,0.9133333333333333,0.8142857142857143,0.0,"{""y0_a0"": {""n"": 34, ""accuracy"": 0.6470588235294118}, ""y0_a1"": {""n"": 1, ""accuracy"": 0.0}, ""y1_a0"": {""n"": 10, ""accuracy"": 1.0}, ""y1_a1"": {""n"": 105, ""accuracy"": 1.0}}",0.1725771827883678
corr,debris,medsiglip_448,i2e_rank1,0.5,456,test_rev,0.4812422360248447,0.7902298850574713,0.7718446601941747,150,115,41,0.74,0.5322981366459627,0.06896551724137931,"{""y0_a0"": {""n"": 6, ""accuracy"": 0.5}, ""y0_a1"": {""n"": 29, ""accuracy"": 0.06896551724137931}, ""y1_a0"": {""n"": 103, ""accuracy"": 0.912621359223301}, ""y1_a1"": {""n"": 12, ""accuracy"": 1.0}}",0.1725771827883678
corr,debris,medsiglip_448,insert_aug,0.5,456,clean,0.9130434782608696,,0.9130434782608696,150,115,0,0.8733333333333333,0.7683229813664596,,"{""y0_a0"": {""n"": 35, ""accuracy"": 0.5714285714285714}, ""y0_a1"": {""n"": 0, ""accuracy"": NaN}, ""y1_a0"": {""n"": 115, ""accuracy"": 0.9652173913043478}, ""y1_a1"": {""n"": 0, ""accuracy"": NaN}}",0.15643246264794614
corr,debris,medsiglip_448,insert_aug,0.5,456,test_corr,0.9888198757763975,1.0,0.95,150,115,106,0.9,0.7857142857142857,0.0,"{""y0_a0"": {""n"": 34, ""accuracy"": 0.5882352941176471}, ""y0_a1"": {""n"": 1, ""accuracy"": 0.0}, ""y1_a0"": {""n"": 10, ""accuracy"": 1.0}, ""y1_a1"": {""n"": 105, ""accuracy"": 1.0}}",0.15643246264794614
corr,debris,medsiglip_448,insert_aug,0.5,456,test_rev,0.6037267080745341,0.8591954022988506,0.7944983818770226,150,115,41,0.7733333333333333,0.5540372670807453,0.06896551724137931,"{""y0_a0"": {""n"": 6, ""accuracy"": 0.5}, ""y0_a1"": {""n"": 29, ""accuracy"": 0.06896551724137931}, ""y1_a0"": {""n"": 103, ""accuracy"": 0.9611650485436893}, ""y1_a1"": {""n"": 12, ""accuracy"": 1.0}}",0.15643246264794614
corr,debris,medsiglip_448,mte,0.5,456,clean,0.9316770186335405,,0.9316770186335405,150,115,0,0.8533333333333334,0.8546583850931677,,"{""y0_a0"": {""n"": 35, ""accuracy"": 0.8571428571428571}, ""y0_a1"": {""n"": 0, ""accuracy"": NaN}, ""y1_a0"": {""n"": 115, ""accuracy"": 0.8521739130434782}, ""y1_a1"": {""n"": 0, ""accuracy"": NaN}}",0.2975012018045672
corr,debris,medsiglip_448,mte,0.5,456,test_corr,0.9935403726708075,0.9904761904761905,0.95,150,115,106,0.9466666666666667,0.9055900621118013,0.0,"{""y0_a0"": {""n"": 34, ""accuracy"": 0.8529411764705882}, ""y0_a1"": {""n"": 1, ""accuracy"": 0.0}, ""y1_a0"": {""n"": 10, ""accuracy"": 0.8}, ""y1_a1"": {""n"": 105, ""accuracy"": 1.0}}",0.2975012018045672
corr,debris,medsiglip_448,mte,0.5,456,test_rev,0.5639751552795031,0.8563218390804598,0.8236245954692557,150,115,41,0.7333333333333333,0.577639751552795,0.20689655172413793,"{""y0_a0"": {""n"": 6, ""accuracy"": 0.6666666666666666}, ""y0_a1"": {""n"": 29, ""accuracy"": 0.20689655172413793}, ""y1_a0"": {""n"": 103, ""accuracy"": 0.8543689320388349}, ""y1_a1"": {""n"": 12, ""accuracy"": 1.0}}",0.2975012018045672
corr,debris,medsiglip_448,mte_balanced,0.5,456,clean,0.9254658385093167,,0.9254658385093167,150,115,0,0.8466666666666667,0.8503105590062112,,"{""y0_a0"": {""n"": 35, ""accuracy"": 0.8571428571428571}, ""y0_a1"": {""n"": 0, ""accuracy"": NaN}, ""y1_a0"": {""n"": 115, ""accuracy"": 0.8434782608695652}, ""y1_a1"": {""n"": 0, ""accuracy"": NaN}}",0.49465615038433675
corr,debris,medsiglip_448,mte_balanced,0.5,456,test_corr,0.9677018633540373,0.9619047619047619,0.9382352941176471,150,115,106,0.9066666666666666,0.8894409937888199,0.8,"{""y0_a0"": {""n"": 34, ""accuracy"": 0.8529411764705882}, ""y0_a1"": {""n"": 1, ""accuracy"": 1.0}, ""y1_a0"": {""n"": 10, ""accuracy"": 0.8}, ""y1_a1"": {""n"": 105, ""accuracy"": 0.9333333333333333}}",0.49465615038433675
corr,debris,medsiglip_448,mte_balanced,0.5,456,test_rev,0.8583850931677018,0.9252873563218391,0.8284789644012945,150,115,41,0.7933333333333333,0.7260869565217392,0.5862068965517241,"{""y0_a0"": {""n"": 6, ""accuracy"": 0.6666666666666666}, ""y0_a1"": {""n"": 29, ""accuracy"": 0.5862068965517241}, ""y1_a0"": {""n"": 103, ""accuracy"": 0.8446601941747572}, ""y1_a1"": {""n"": 12, ""accuracy"": 0.9166666666666666}}",0.49465615038433675
corr,debris,medsiglip_448,ui2e,0.5,456,clean,0.8650931677018634,,0.8650931677018634,150,115,0,0.84,0.7863354037267081,,"{""y0_a0"": {""n"": 35, ""accuracy"": 0.6857142857142857}, ""y0_a1"": {""n"": 0, ""accuracy"": NaN}, ""y1_a0"": {""n"": 115, ""accuracy"": 0.8869565217391304}, ""y1_a1"": {""n"": 0, ""accuracy"": NaN}}",0.4997426986822449
corr,debris,medsiglip_448,ui2e,0.5,456,test_corr,0.9267080745341615,0.8571428571428571,0.9117647058823529,150,115,106,0.8933333333333333,0.8211180124223603,0.0,"{""y0_a0"": {""n"": 34, ""accuracy"": 0.7058823529411765}, ""y0_a1"": {""n"": 1, ""accuracy"": 0.0}, ""y1_a0"": {""n"": 10, ""accuracy"": 1.0}, ""y1_a1"": {""n"": 105, ""accuracy"": 0.9523809523809523}}",0.4997426986822449
corr,debris,medsiglip_448,ui2e,0.5,456,test_rev,0.7614906832298136,0.8936781609195402,0.7233009708737864,150,115,41,0.7933333333333333,0.6863354037267081,0.4827586206896552,"{""y0_a0"": {""n"": 6, ""accuracy"": 0.5}, ""y0_a1"": {""n"": 29, ""accuracy"": 0.4827586206896552}, ""y1_a0"": {""n"": 103, ""accuracy"": 0.8737864077669902}, ""y1_a1"": {""n"": 12, ""accuracy"": 1.0}}",0.4997426986822449
corr,debris,medsiglip_448,ui2e_balanced,0.5,456,clean,0.8819875776397516,,0.8819875776397516,150,115,0,0.84,0.7664596273291926,,"{""y0_a0"": {""n"": 35, ""accuracy"": 0.6285714285714286}, ""y0_a1"": {""n"": 0, ""accuracy"": NaN}, ""y1_a0"": {""n"": 115, ""accuracy"": 0.9043478260869565}, ""y1_a1"": {""n"": 0, ""accuracy"": NaN}}",0.4999160647387146
corr,debris,medsiglip_448,ui2e_balanced,0.5,456,test_corr,0.897888198757764,0.8857142857142857,0.9235294117647059,150,115,106,0.88,0.7925465838509317,0.0,"{""y0_a0"": {""n"": 34, ""accuracy"": 0.6470588235294118}, ""y0_a1"": {""n"": 1, ""accuracy"": 0.0}, ""y1_a0"": {""n"": 10, ""accuracy"": 1.0}, ""y1_a1"": {""n"": 105, ""accuracy"": 0.9523809523809523}}",0.4999160647387146
corr,debris,medsiglip_448,ui2e_balanced,0.5,456,test_rev,0.8551552795031057,0.9166666666666666,0.7459546925566343,150,115,41,0.8333333333333334,0.7521739130434782,0.5,"{""y0_a0"": {""n"": 6, ""accuracy"": 0.5}, ""y0_a1"": {""n"": 29, ""accuracy"": 0.6206896551724138}, ""y1_a0"": {""n"": 103, ""accuracy"": 0.8932038834951457}, ""y1_a1"": {""n"": 12, ""accuracy"": 1.0}}",0.4999160647387146
corr,debris,medsiglip_448,umte,0.5,456,clean,0.8901863354037268,,0.8901863354037268,150,115,0,0.86,0.8093167701863354,,"{""y0_a0"": {""n"": 35, ""accuracy"": 0.7142857142857143}, ""y0_a1"": {""n"": 0, ""accuracy"": NaN}, ""y1_a0"": {""n"": 115, ""accuracy"": 0.9043478260869565}, ""y1_a1"": {""n"": 0, ""accuracy"": NaN}}",0.23389519836956293
corr,debris,medsiglip_448,umte,0.5,456,test_corr,0.9681987577639751,0.8666666666666667,0.9000000000000001,150,115,106,0.92,0.8484472049689441,0.0,"{""y0_a0"": {""n"": 34, ""accuracy"": 0.7352941176470589}, ""y0_a1"": {""n"": 1, ""accuracy"": 0.0}, ""y1_a0"": {""n"": 10, ""accuracy"": 0.8}, ""y1_a1"": {""n"": 105, ""accuracy"": 1.0}}",0.23389519836956293
corr,debris,medsiglip_448,umte,0.5,456,test_rev,0.7045962732919254,0.8879310344827587,0.7944983818770226,150,115,41,0.78,0.6180124223602484,0.2413793103448276,"{""y0_a0"": {""n"": 6, ""accuracy"": 0.6666666666666666}, ""y0_a1"": {""n"": 29, ""accuracy"": 0.2413793103448276}, ""y1_a0"": {""n"": 103, ""accuracy"": 0.912621359223301}, ""y1_a1"": {""n"": 12, ""accuracy"": 1.0}}",0.23389519836956293
corr,debris,medsiglip_448,umte_balanced,0.5,456,clean,0.8976397515527951,,0.8976397515527951,150,115,0,0.8133333333333334,0.8186335403726708,,"{""y0_a0"": {""n"": 35, ""accuracy"": 0.8285714285714286}, ""y0_a1"": {""n"": 0, ""accuracy"": NaN}, ""y1_a0"": {""n"": 115, ""accuracy"": 0.808695652173913}, ""y1_a1"": {""n"": 0, ""accuracy"": NaN}}",0.4865248803347159
corr,debris,medsiglip_448,umte_balanced,0.5,456,test_corr,0.9401242236024845,0.8761904761904762,0.8941176470588236,150,115,106,0.9066666666666666,0.8795031055900622,0.0,"{""y0_a0"": {""n"": 34, ""accuracy"": 0.8529411764705882}, ""y0_a1"": {""n"": 1, ""accuracy"": 0.0}, ""y1_a0"": {""n"": 10, ""accuracy"": 0.8}, ""y1_a1"": {""n"": 105, ""accuracy"": 0.9428571428571428}}",0.4865248803347159
corr,debris,medsiglip_448,umte_balanced,0.5,456,test_rev,0.8280745341614907,0.8994252873563218,0.7669902912621359,150,115,41,0.7733333333333333,0.7229813664596274,0.5,"{""y0_a0"": {""n"": 6, ""accuracy"": 0.5}, ""y0_a1"": {""n"": 29, ""accuracy"": 0.6551724137931034}, ""y1_a0"": {""n"": 103, ""accuracy"": 0.8058252427184466}, ""y1_a1"": {""n"": 12, ""accuracy"": 0.9166666666666666}}",0.4865248803347159
corr,debris,medsiglip_448,erm,0.75,42,clean,0.8986335403726707,,0.8986335403726707,150,115,0,0.82,0.8031055900621118,,"{""y0_a0"": {""n"": 35, ""accuracy"": 0.7714285714285715}, ""y0_a1"": {""n"": 0, ""accuracy"": NaN}, ""y1_a0"": {""n"": 115, ""accuracy"": 0.8347826086956521}, ""y1_a1"": {""n"": 0, ""accuracy"": NaN}}",0.24151389111541535
corr,debris,medsiglip_448,erm,0.75,42,test_corr,0.973416149068323,0.8217821782178217,0.8718487394957983,150,115,102,0.9133333333333333,0.8540372670807453,0.0,"{""y0_a0"": {""n"": 34, ""accuracy"": 0.7647058823529411}, ""y0_a1"": {""n"": 1, ""accuracy"": 0.0}, ""y1_a0"": {""n"": 14, ""accuracy"": 0.7857142857142857}, ""y1_a1"": {""n"": 101, ""accuracy"": 0.9900990099009901}}",0.24151389111541535
corr,debris,medsiglip_448,erm,0.75,42,test_rev,0.39180124223602486,0.8575268817204301,0.8640776699029126,150,115,43,0.68,0.493167701863354,0.06451612903225806,"{""y0_a0"": {""n"": 4, ""accuracy"": 0.75}, ""y0_a1"": {""n"": 31, ""accuracy"": 0.06451612903225806}, ""y1_a0"": {""n"": 103, ""accuracy"": 0.8252427184466019}, ""y1_a1"": {""n"": 12, ""accuracy"": 1.0}}",0.24151389111541535
corr,debris,medsiglip_448,mask,0.75,42,clean,0.9428571428571428,,0.9428571428571428,150,115,0,0.8733333333333333,0.8677018633540372,,"{""y0_a0"": {""n"": 35, ""accuracy"": 0.8571428571428571}, ""y0_a1"": {""n"": 0, ""accuracy"": NaN}, ""y1_a0"": {""n"": 115, ""accuracy"": 0.8782608695652174}, ""y1_a1"": {""n"": 0, ""accuracy"": NaN}}",0.22993221501168562
corr,debris,medsiglip_448,mask,0.75,42,test_corr,0.9955279503105591,1.0,0.9747899159663865,150,115,102,0.9666666666666667,0.9285714285714286,0.8529411764705882,"{""y0_a0"": {""n"": 34, ""accuracy"": 0.8529411764705882}, ""y0_a1"": {""n"": 1, ""accuracy"": 1.0}, ""y1_a0"": {""n"": 14, ""accuracy"": 1.0}, ""y1_a1"": {""n"": 101, ""accuracy"": 1.0}}",0.22993221501168562
corr,debris,medsiglip_448,mask,0.75,42,test_rev,0.702360248447205,0.9569892473118279,0.9174757281553398,150,115,43,0.76,0.6248447204968944,0.3225806451612903,"{""y0_a0"": {""n"": 4, ""accuracy"": 0.75}, ""y0_a1"": {""n"": 31, ""accuracy"": 0.3225806451612903}, ""y1_a0"": {""n"": 103, ""accuracy"": 0.8640776699029126}, ""y1_a1"": {""n"": 12, ""accuracy"": 1.0}}",0.22993221501168562
corr,debris,medsiglip_448,inpaint,0.75,42,clean,0.9125465838509318,,0.9125465838509318,150,115,0,0.8733333333333333,0.7881987577639751,,"{""y0_a0"": {""n"": 35, ""accuracy"": 0.6285714285714286}, ""y0_a1"": {""n"": 0, ""accuracy"": NaN}, ""y1_a0"": {""n"": 115, ""accuracy"": 0.9478260869565217}, ""y1_a1"": {""n"": 0, ""accuracy"": NaN}}",0.3360671050974815
corr,debris,medsiglip_448,inpaint,0.75,42,test_corr,0.928944099378882,1.0,0.9033613445378151,150,115,102,0.8933333333333333,0.8012422360248448,0.6176470588235294,"{""y0_a0"": {""n"": 34, ""accuracy"": 0.6176470588235294}, ""y0_a1"": {""n"": 1, ""accuracy"": 1.0}, ""y1_a0"": {""n"": 14, ""accuracy"": 1.0}, ""y1_a1"": {""n"": 101, ""accuracy"": 0.9702970297029703}}",0.3360671050974815
corr,debris,medsiglip_448,inpaint,0.75,42,test_rev,0.893664596273292,0.9489247311827957,0.8883495145631068,150,115,43,0.86,0.7596273291925466,0.25,"{""y0_a0"": {""n"": 4, ""accuracy"": 0.25}, ""y0_a1"": {""n"": 31, ""accuracy"": 0.6129032258064516}, ""y1_a0"": {""n"": 103, ""accuracy"": 0.941747572815534}, ""y1_a1"": {""n"": 12, ""accuracy"": 1.0}}",0.3360671050974815
corr,debris,medsiglip_448,balanced,0.75,42,clean,0.910807453416149,,0.910807453416149,150,115,0,0.88,0.7726708074534161,,"{""y0_a0"": {""n"": 35, ""accuracy"": 0.5714285714285714}, ""y0_a1"": {""n"": 0, ""accuracy"": NaN}, ""y1_a0"": {""n"": 115, ""accuracy"": 0.9739130434782609}, ""y1_a1"": {""n"": 0, ""accuracy"": NaN}}",0.27558888817275
corr,debris,medsiglip_448,balanced,0.75,42,test_corr,0.9463354037267082,1.0,0.9096638655462184,150,115,102,0.8933333333333333,0.7813664596273292,0.5588235294117647,"{""y0_a0"": {""n"": 34, ""accuracy"": 0.5588235294117647}, ""y0_a1"": {""n"": 1, ""accuracy"": 1.0}, ""y1_a0"": {""n"": 14, ""accuracy"": 1.0}, ""y1_a1"": {""n"": 101, ""accuracy"": 0.9900990099009901}}",0.27558888817275
corr,debris,medsiglip_448,balanced,0.75,42,test_rev,0.8332919254658385,0.9435483870967742,0.7936893203883495,150,115,43,0.8266666666666667,0.6583850931677019,0.25,"{""y0_a0"": {""n"": 4, ""accuracy"": 0.25}, ""y0_a1"": {""n"": 31, ""accuracy"": 0.3548387096774194}, ""y1_a0"": {""n"": 103, ""accuracy"": 0.970873786407767}, ""y1_a1"": {""n"": 12, ""accuracy"": 1.0}}",0.27558888817275
corr,debris,medsiglip_448,dfr,0.75,42,clean,0.875527950310559,,0.875527950310559,150,115,0,0.8133333333333334,0.768944099378882,,"{""y0_a0"": {""n"": 35, ""accuracy"": 0.6857142857142857}, ""y0_a1"": {""n"": 0, ""accuracy"": NaN}, ""y1_a0"": {""n"": 115, ""accuracy"": 0.8521739130434782}, ""y1_a1"": {""n"": 0, ""accuracy"": NaN}}",0.5097224154073206
corr,debris,medsiglip_448,dfr,0.75,42,test_corr,0.8735403726708074,1.0,0.8739495798319328,150,115,102,0.8133333333333334,0.768944099378882,0.6764705882352942,"{""y0_a0"": {""n"": 34, ""accuracy"": 0.6764705882352942}, ""y0_a1"": {""n"": 1, ""accuracy"": 1.0}, ""y1_a0"": {""n"": 14, ""accuracy"": 0.7857142857142857}, ""y1_a1"": {""n"": 101, ""accuracy"": 0.8613861386138614}}",0.5097224154073206
corr,debris,medsiglip_448,dfr,0.75,42,test_rev,0.8678260869565217,0.903225806451613,0.8276699029126213,150,115,43,0.8066666666666666,0.7546583850931676,0.25,"{""y0_a0"": {""n"": 4, ""accuracy"": 0.25}, ""y0_a1"": {""n"": 31, ""accuracy"": 0.7096774193548387}, ""y1_a0"": {""n"": 103, ""accuracy"": 0.8543689320388349}, ""y1_a1"": {""n"": 12, ""accuracy"": 0.8333333333333334}}",0.5097224154073206
corr,debris,medsiglip_448,leace,0.75,42,clean,0.9120496894409938,,0.9120496894409938,150,115,0,0.8466666666666667,0.8006211180124223,,"{""y0_a0"": {""n"": 35, ""accuracy"": 0.7142857142857143}, ""y0_a1"": {""n"": 0, ""accuracy"": NaN}, ""y1_a0"": {""n"": 115, ""accuracy"": 0.8869565217391304}, ""y1_a1"": {""n"": 0, ""accuracy"": NaN}}",0.464844253331166
corr,debris,medsiglip_448,leace,0.75,42,test_corr,0.9058385093167701,0.9801980198019802,0.9054621848739495,150,115,102,0.8466666666666667,0.8006211180124223,0.7058823529411765,"{""y0_a0"": {""n"": 34, ""accuracy"": 0.7058823529411765}, ""y0_a1"": {""n"": 1, ""accuracy"": 1.0}, ""y1_a0"": {""n"": 14, ""accuracy"": 0.8571428571428571}, ""y1_a1"": {""n"": 101, ""accuracy"": 0.8910891089108911}}",0.464844253331166
corr,debris,medsiglip_448,leace,0.75,42,test_rev,0.9043478260869565,0.9327956989247312,0.8932038834951457,150,115,43,0.8266666666666667,0.7577639751552795,0.5,"{""y0_a0"": {""n"": 4, ""accuracy"": 0.5}, ""y0_a1"": {""n"": 31, ""accuracy"": 0.6451612903225806}, ""y1_a0"": {""n"": 103, ""accuracy"": 0.8737864077669902}, ""y1_a1"": {""n"": 12, ""accuracy"": 1.0}}",0.464844253331166
corr,debris,medsiglip_448,umte_protect,0.75,42,clean,0.9229813664596274,,0.9229813664596274,150,115,0,0.8733333333333333,0.837888198757764,,"{""y0_a0"": {""n"": 35, ""accuracy"": 0.7714285714285715}, ""y0_a1"": {""n"": 0, ""accuracy"": NaN}, ""y1_a0"": {""n"": 115, ""accuracy"": 0.9043478260869565}, ""y1_a1"": {""n"": 0, ""accuracy"": NaN}}",0.19469222216219523
corr,debris,medsiglip_448,umte_protect,0.75,42,test_corr,0.977639751552795,1.0,0.9684873949579832,150,115,102,0.9333333333333333,0.8770186335403727,0.7647058823529411,"{""y0_a0"": {""n"": 34, ""accuracy"": 0.7647058823529411}, ""y0_a1"": {""n"": 1, ""accuracy"": 1.0}, ""y1_a0"": {""n"": 14, ""accuracy"": 1.0}, ""y1_a1"": {""n"": 101, ""accuracy"": 0.9801980198019802}}",0.19469222216219523
corr,debris,medsiglip_448,umte_protect,0.75,42,test_rev,0.747080745341615,0.9327956989247311,0.8932038834951457,150,115,43,0.7666666666666667,0.6093167701863353,0.2903225806451613,"{""y0_a0"": {""n"": 4, ""accuracy"": 0.5}, ""y0_a1"": {""n"": 31, ""accuracy"": 0.2903225806451613}, ""y1_a0"": {""n"": 103, ""accuracy"": 0.8932038834951457}, ""y1_a1"": {""n"": 12, ""accuracy"": 1.0}}",0.19469222216219523
corr,debris,medsiglip_448,umte_protect_balanced,0.75,42,clean,0.9371428571428572,,0.9371428571428572,150,115,0,0.86,0.8788819875776397,,"{""y0_a0"": {""n"": 35, ""accuracy"": 0.9142857142857143}, ""y0_a1"": {""n"": 0, ""accuracy"": NaN}, ""y1_a0"": {""n"": 115, ""accuracy"": 0.8434782608695652}, ""y1_a1"": {""n"": 0, ""accuracy"": NaN}}",0.490948931936891
corr,debris,medsiglip_448,umte_protect_balanced,0.75,42,test_corr,0.9619875776397515,1.0,0.9705882352941176,150,115,102,0.9333333333333333,0.9267080745341615,0.9117647058823529,"{""y0_a0"": {""n"": 34, ""accuracy"": 0.9117647058823529}, ""y0_a1"": {""n"": 1, ""accuracy"": 1.0}, ""y1_a0"": {""n"": 14, ""accuracy"": 1.0}, ""y1_a1"": {""n"": 101, ""accuracy"": 0.9306930693069307}}",0.490948931936891
corr,debris,medsiglip_448,umte_protect_balanced,0.75,42,test_rev,0.9031055900621118,0.9623655913978495,0.9296116504854369,150,115,43,0.8333333333333334,0.8217391304347826,0.7741935483870968,"{""y0_a0"": {""n"": 4, ""accuracy"": 1.0}, ""y0_a1"": {""n"": 31, ""accuracy"": 0.7741935483870968}, ""y1_a0"": {""n"": 103, ""accuracy"": 0.8252427184466019}, ""y1_a1"": {""n"": 12, ""accuracy"": 1.0}}",0.490948931936891
corr,debris,medsiglip_448,i2e,0.75,42,clean,0.8924223602484472,,0.8924223602484472,150,115,0,0.82,0.8031055900621118,,"{""y0_a0"": {""n"": 35, ""accuracy"": 0.7714285714285715}, ""y0_a1"": {""n"": 0, ""accuracy"": NaN}, ""y1_a0"": {""n"": 115, ""accuracy"": 0.8347826086956521}, ""y1_a1"": {""n"": 0, ""accuracy"": NaN}}",0.29961941427826133
corr,debris,medsiglip_448,i2e,0.75,42,test_corr,0.9736645962732918,0.8217821782178217,0.8886554621848739,150,115,102,0.9133333333333333,0.8540372670807453,0.0,"{""y0_a0"": {""n"": 34, ""accuracy"": 0.7647058823529411}, ""y0_a1"": {""n"": 1, ""accuracy"": 0.0}, ""y1_a0"": {""n"": 14, ""accuracy"": 0.7857142857142857}, ""y1_a1"": {""n"": 101, ""accuracy"": 0.9900990099009901}}",0.29961941427826133
corr,debris,medsiglip_448,i2e,0.75,42,test_rev,0.33714285714285713,0.8655913978494624,0.8859223300970874,150,115,43,0.6666666666666666,0.4645962732919255,0.0,"{""y0_a0"": {""n"": 4, ""accuracy"": 0.75}, ""y0_a1"": {""n"": 31, ""accuracy"": 0.0}, ""y1_a0"": {""n"": 103, ""accuracy"": 0.8252427184466019}, ""y1_a1"": {""n"": 12, ""accuracy"": 1.0}}",0.29961941427826133
corr,debris,medsiglip_448,i2e_balanced,0.75,42,clean,0.8936645962732919,,0.8936645962732919,150,115,0,0.8266666666666667,0.7577639751552795,,"{""y0_a0"": {""n"": 35, ""accuracy"": 0.6285714285714286}, ""y0_a1"": {""n"": 0, ""accuracy"": NaN}, ""y1_a0"": {""n"": 115, ""accuracy"": 0.8869565217391304}, ""y1_a1"": {""n"": 0, ""accuracy"": NaN}}",0.38619875991606234
corr,debris,medsiglip_448,i2e_balanced,0.75,42,test_corr,0.9450931677018634,0.9801980198019802,0.8928571428571429,150,115,102,0.8866666666666667,0.7869565217391304,0.0,"{""y0_a0"": {""n"": 34, ""accuracy"": 0.6176470588235294}, ""y0_a1"": {""n"": 1, ""accuracy"": 0.0}, ""y1_a0"": {""n"": 14, ""accuracy"": 0.9285714285714286}, ""y1_a1"": {""n"": 101, ""accuracy"": 0.9801980198019802}}",0.38619875991606234
corr,debris,medsiglip_448,i2e_balanced,0.75,42,test_rev,0.764223602484472,0.9112903225806451,0.7645631067961165,150,115,43,0.7533333333333333,0.6006211180124224,0.25,"{""y0_a0"": {""n"": 4, ""accuracy"": 0.25}, ""y0_a1"": {""n"": 31, ""accuracy"": 0.3225806451612903}, ""y1_a0"": {""n"": 103, ""accuracy"": 0.883495145631068}, ""y1_a1"": {""n"": 12, ""accuracy"": 0.9166666666666666}}",0.38619875991606234
corr,debris,medsiglip_448,i2e_rank1,0.75,42,clean,0.9058385093167701,,0.9058385093167701,150,115,0,0.8266666666666667,0.8074534161490683,,"{""y0_a0"": {""n"": 35, ""accuracy"": 0.7714285714285715}, ""y0_a1"": {""n"": 0, ""accuracy"": NaN}, ""y1_a0"": {""n"": 115, ""accuracy"": 0.8434782608695652}, ""y1_a1"": {""n"": 0, ""accuracy"": NaN}}",0.2543387427453576
corr,debris,medsiglip_448,i2e_rank1,0.75,42,test_corr,0.9714285714285713,0.8217821782178217,0.8865546218487395,150,115,102,0.9133333333333333,0.8540372670807453,0.0,"{""y0_a0"": {""n"": 34, ""accuracy"": 0.7647058823529411}, ""y0_a1"": {""n"": 1, ""accuracy"": 0.0}, ""y1_a0"": {""n"": 14, ""accuracy"": 0.7857142857142857}, ""y1_a1"": {""n"": 101, ""accuracy"": 0.9900990099009901}}",0.2543387427453576
corr,debris,medsiglip_448,i2e_rank1,0.75,42,test_rev,0.44322981366459624,0.8709677419354838,0.8907766990291263,150,115,43,0.6866666666666666,0.4975155279503105,0.06451612903225806,"{""y0_a0"": {""n"": 4, ""accuracy"": 0.75}, ""y0_a1"": {""n"": 31, ""accuracy"": 0.06451612903225806}, ""y1_a0"": {""n"": 103, ""accuracy"": 0.8349514563106796}, ""y1_a1"": {""n"": 12, ""accuracy"": 1.0}}",0.2543387427453576
corr,debris,medsiglip_448,insert_aug,0.75,42,clean,0.9172670807453416,,0.9172670807453416,150,115,0,0.86,0.8093167701863354,,"{""y0_a0"": {""n"": 35, ""accuracy"": 0.7142857142857143}, ""y0_a1"": {""n"": 0, ""accuracy"": NaN}, ""y1_a0"": {""n"": 115, ""accuracy"": 0.9043478260869565}, ""y1_a1"": {""n"": 0, ""accuracy"": NaN}}",0.2568928903941085
corr,debris,medsiglip_448,insert_aug,0.75,42,test_corr,0.9773913043478261,0.9207920792079208,0.9033613445378151,150,115,102,0.9133333333333333,0.8341614906832298,0.0,"{""y0_a0"": {""n"": 34, ""accuracy"": 0.7058823529411765}, ""y0_a1"": {""n"": 1, ""accuracy"": 0.0}, ""y1_a0"": {""n"": 14, ""accuracy"": 0.8571428571428571}, ""y1_a1"": {""n"": 101, ""accuracy"": 1.0}}",0.2568928903941085
corr,debris,medsiglip_448,insert_aug,0.75,42,test_rev,0.5602484472049689,0.9112903225806451,0.9320388349514563,150,115,43,0.7266666666666667,0.5236024844720497,0.06451612903225806,"{""y0_a0"": {""n"": 4, ""accuracy"": 0.75}, ""y0_a1"": {""n"": 31, ""accuracy"": 0.06451612903225806}, ""y1_a0"": {""n"": 103, ""accuracy"": 0.8932038834951457}, ""y1_a1"": {""n"": 12, ""accuracy"": 1.0}}",0.2568928903941085
corr,debris,medsiglip_448,mte,0.75,42,clean,0.929192546583851,,0.929192546583851,150,115,0,0.8733333333333333,0.8776397515527949,,"{""y0_a0"": {""n"": 35, ""accuracy"": 0.8857142857142857}, ""y0_a1"": {""n"": 0, ""accuracy"": NaN}, ""y1_a0"": {""n"": 115, ""accuracy"": 0.8695652173913043}, ""y1_a1"": {""n"": 0, ""accuracy"": NaN}}",0.22851939841999325
corr,debris,medsiglip_448,mte,0.75,42,test_corr,0.9965217391304347,1.0,0.9726890756302521,150,115,102,0.9666666666666667,0.9285714285714286,0.0,"{""y0_a0"": {""n"": 34, ""accuracy"": 0.8823529411764706}, ""y0_a1"": {""n"": 1, ""accuracy"": 0.0}, ""y1_a0"": {""n"": 14, ""accuracy"": 1.0}, ""y1_a1"": {""n"": 101, ""accuracy"": 1.0}}",0.22851939841999325
corr,debris,medsiglip_448,mte,0.75,42,test_rev,0.4439751552795031,0.9086021505376344,0.883495145631068,150,115,43,0.7066666666666667,0.5204968944099378,0.0967741935483871,"{""y0_a0"": {""n"": 4, ""accuracy"": 0.75}, ""y0_a1"": {""n"": 31, ""accuracy"": 0.0967741935483871}, ""y1_a0"": {""n"": 103, ""accuracy"": 0.8543689320388349}, ""y1_a1"": {""n"": 12, ""accuracy"": 1.0}}",0.22851939841999325
corr,debris,medsiglip_448,mte_balanced,0.75,42,clean,0.924472049689441,,0.924472049689441,150,115,0,0.82,0.832919254658385,,"{""y0_a0"": {""n"": 35, ""accuracy"": 0.8571428571428571}, ""y0_a1"": {""n"": 0, ""accuracy"": NaN}, ""y1_a0"": {""n"": 115, ""accuracy"": 0.808695652173913}, ""y1_a1"": {""n"": 0, ""accuracy"": NaN}}",0.4725261020616687
corr,debris,medsiglip_448,mte_balanced,0.75,42,test_corr,0.978136645962733,0.9702970297029703,0.9726890756302521,150,115,102,0.9466666666666667,0.915527950310559,0.8529411764705882,"{""y0_a0"": {""n"": 34, ""accuracy"": 0.8529411764705882}, ""y0_a1"": {""n"": 1, ""accuracy"": 1.0}, ""y1_a0"": {""n"": 14, ""accuracy"": 1.0}, ""y1_a1"": {""n"": 101, ""accuracy"": 0.9702970297029703}}",0.4725261020616687
corr,debris,medsiglip_448,mte_balanced,0.75,42,test_rev,0.8407453416149069,0.9623655913978494,0.9174757281553398,150,115,43,0.78,0.7472049689440994,0.6774193548387096,"{""y0_a0"": {""n"": 4, ""accuracy"": 0.75}, ""y0_a1"": {""n"": 31, ""accuracy"": 0.6774193548387096}, ""y1_a0"": {""n"": 103, ""accuracy"": 0.7864077669902912}, ""y1_a1"": {""n"": 12, ""accuracy"": 1.0}}",0.4725261020616687
corr,debris,medsiglip_448,ui2e,0.75,42,clean,0.8675776397515528,,0.8675776397515528,150,115,0,0.84,0.7863354037267081,,"{""y0_a0"": {""n"": 35, ""accuracy"": 0.6857142857142857}, ""y0_a1"": {""n"": 0, ""accuracy"": NaN}, ""y1_a0"": {""n"": 115, ""accuracy"": 0.8869565217391304}, ""y1_a1"": {""n"": 0, ""accuracy"": NaN}}",0.4997813234580608
corr,debris,medsiglip_448,ui2e,0.75,42,test_corr,0.9187577639751552,0.9801980198019802,0.8676470588235294,150,115,102,0.8866666666666667,0.8167701863354038,0.6764705882352942,"{""y0_a0"": {""n"": 34, ""accuracy"": 0.6764705882352942}, ""y0_a1"": {""n"": 1, ""accuracy"": 1.0}, ""y1_a0"": {""n"": 14, ""accuracy"": 0.8571428571428571}, ""y1_a1"": {""n"": 101, ""accuracy"": 0.9603960396039604}}",0.4997813234580608
corr,debris,medsiglip_448,ui2e,0.75,42,test_rev,0.7808695652173914,0.9059139784946235,0.8713592233009709,150,115,43,0.82,0.7335403726708074,0.5,"{""y0_a0"": {""n"": 4, ""accuracy"": 0.5}, ""y0_a1"": {""n"": 31, ""accuracy"": 0.5806451612903226}, ""y1_a0"": {""n"": 103, ""accuracy"": 0.883495145631068}, ""y1_a1"": {""n"": 12, ""accuracy"": 1.0}}",0.4997813234580608
corr,debris,medsiglip_448,ui2e_balanced,0.75,42,clean,0.8770186335403727,,0.8770186335403727,150,115,0,0.8466666666666667,0.7708074534161491,,"{""y0_a0"": {""n"": 35, ""accuracy"": 0.6285714285714286}, ""y0_a1"": {""n"": 0, ""accuracy"": NaN}, ""y1_a0"": {""n"": 115, ""accuracy"": 0.9130434782608695}, ""y1_a1"": {""n"": 0, ""accuracy"": NaN}}",0.4689048986249267
corr,debris,medsiglip_448,ui2e_balanced,0.75,42,test_corr,0.8909316770186335,1.0,0.8760504201680672,150,115,102,0.8666666666666667,0.7838509316770186,0.6176470588235294,"{""y0_a0"": {""n"": 34, ""accuracy"": 0.6176470588235294}, ""y0_a1"": {""n"": 1, ""accuracy"": 1.0}, ""y1_a0"": {""n"": 14, ""accuracy"": 0.8571428571428571}, ""y1_a1"": {""n"": 101, ""accuracy"": 0.9504950495049505}}",0.4689048986249267
corr,debris,medsiglip_448,ui2e_balanced,0.75,42,test_rev,0.8422360248447205,0.9274193548387096,0.7621359223300971,150,115,43,0.82,0.7136645962732919,0.25,"{""y0_a0"": {""n"": 4, ""accuracy"": 0.25}, ""y0_a1"": {""n"": 31, ""accuracy"": 0.5483870967741935}, ""y1_a0"": {""n"": 103, ""accuracy"": 0.912621359223301}, ""y1_a1"": {""n"": 12, ""accuracy"": 0.9166666666666666}}",0.4689048986249267
corr,debris,medsiglip_448,umte,0.75,42,clean,0.9162732919254658,,0.9162732919254658,150,115,0,0.8666666666666667,0.8633540372670807,,"{""y0_a0"": {""n"": 35, ""accuracy"": 0.8571428571428571}, ""y0_a1"": {""n"": 0, ""accuracy"": NaN}, ""y1_a0"": {""n"": 115, ""accuracy"": 0.8695652173913043}, ""y1_a1"": {""n"": 0, ""accuracy"": NaN}}",0.278985777709035
corr,debris,medsiglip_448,umte,0.75,42,test_corr,0.991552795031056,1.0,0.9621848739495797,150,115,102,0.9533333333333334,0.9198757763975155,0.8529411764705882,"{""y0_a0"": {""n"": 34, ""accuracy"": 0.8529411764705882}, ""y0_a1"": {""n"": 1, ""accuracy"": 1.0}, ""y1_a0"": {""n"": 14, ""accuracy"": 0.9285714285714286}, ""y1_a1"": {""n"": 101, ""accuracy"": 0.9900990099009901}}",0.278985777709035
corr,debris,medsiglip_448,umte,0.75,42,test_rev,0.6139130434782609,0.9193548387096775,0.8932038834951457,150,115,43,0.7333333333333333,0.5677018633540373,0.1935483870967742,"{""y0_a0"": {""n"": 4, ""accuracy"": 0.75}, ""y0_a1"": {""n"": 31, ""accuracy"": 0.1935483870967742}, ""y1_a0"": {""n"": 103, ""accuracy"": 0.8640776699029126}, ""y1_a1"": {""n"": 12, ""accuracy"": 1.0}}",0.278985777709035
corr,debris,medsiglip_448,umte_balanced,0.75,42,clean,0.9500621118012422,,0.9500621118012422,150,115,0,0.84,0.8658385093167702,,"{""y0_a0"": {""n"": 35, ""accuracy"": 0.9142857142857143}, ""y0_a1"": {""n"": 0, ""accuracy"": NaN}, ""y1_a0"": {""n"": 115, ""accuracy"": 0.8173913043478261}, ""y1_a1"": {""n"": 0, ""accuracy"": NaN}}",0.5397252566027324
corr,debris,medsiglip_448,umte_balanced,0.75,42,test_corr,0.9883229813664597,1.0,0.9726890756302522,150,115,102,0.9333333333333333,0.9267080745341615,0.8571428571428571,"{""y0_a0"": {""n"": 34, ""accuracy"": 0.9117647058823529}, ""y0_a1"": {""n"": 1, ""accuracy"": 1.0}, ""y1_a0"": {""n"": 14, ""accuracy"": 0.8571428571428571}, ""y1_a1"": {""n"": 101, ""accuracy"": 0.9504950495049505}}",0.5397252566027324
corr,debris,medsiglip_448,umte_balanced,0.75,42,test_rev,0.8884472049689441,0.9704301075268817,0.9514563106796117,150,115,43,0.8133333333333334,0.7987577639751553,0.7419354838709677,"{""y0_a0"": {""n"": 4, ""accuracy"": 1.0}, ""y0_a1"": {""n"": 31, ""accuracy"": 0.7419354838709677}, ""y1_a0"": {""n"": 103, ""accuracy"": 0.8058252427184466}, ""y1_a1"": {""n"": 12, ""accuracy"": 1.0}}",0.5397252566027324
corr,debris,medsiglip_448,erm,0.75,123,clean,0.8750310559006211,,0.8750310559006211,150,115,0,0.8,0.7701863354037267,,"{""y0_a0"": {""n"": 35, ""accuracy"": 0.7142857142857143}, ""y0_a1"": {""n"": 0, ""accuracy"": NaN}, ""y1_a0"": {""n"": 115, ""accuracy"": 0.8260869565217391}, ""y1_a1"": {""n"": 0, ""accuracy"": NaN}}",0.1916499487033779
corr,debris,medsiglip_448,erm,0.75,123,test_corr,0.9170186335403726,0.7034013605442178,0.9,150,115,112,0.9,0.7956521739130435,0.0,"{""y0_a0"": {""n"": 28, ""accuracy"": 0.75}, ""y0_a1"": {""n"": 7, ""accuracy"": 0.0}, ""y1_a0"": {""n"": 10, ""accuracy"": 0.9}, ""y1_a1"": {""n"": 105, ""accuracy"": 1.0}}",0.1916499487033779
corr,debris,medsiglip_448,erm,0.75,123,test_rev,0.31254658385093165,0.974025974025974,0.8425925925925926,150,115,40,0.66,0.47018633540372673,0.09090909090909091,"{""y0_a0"": {""n"": 2, ""accuracy"": 0.5}, ""y0_a1"": {""n"": 33, ""accuracy"": 0.09090909090909091}, ""y1_a0"": {""n"": 108, ""accuracy"": 0.8148148148148148}, ""y1_a1"": {""n"": 7, ""accuracy"": 1.0}}",0.1916499487033779
corr,debris,medsiglip_448,mask,0.75,123,clean,0.9267080745341615,,0.9267080745341615,150,115,0,0.8733333333333333,0.837888198757764,,"{""y0_a0"": {""n"": 35, ""accuracy"": 0.7714285714285715}, ""y0_a1"": {""n"": 0, ""accuracy"": NaN}, ""y1_a0"": {""n"": 115, ""accuracy"": 0.9043478260869565}, ""y1_a1"": {""n"": 0, ""accuracy"": NaN}}",0.137013478183044
corr,debris,medsiglip_448,mask,0.75,123,test_corr,0.9607453416149069,0.8965986394557822,0.8785714285714286,150,115,112,0.9066666666666666,0.8099378881987578,0.14285714285714285,"{""y0_a0"": {""n"": 28, ""accuracy"": 0.75}, ""y0_a1"": {""n"": 7, ""accuracy"": 0.14285714285714285}, ""y1_a0"": {""n"": 10, ""accuracy"": 0.9}, ""y1_a1"": {""n"": 105, ""accuracy"": 1.0}}",0.137013478183044
corr,debris,medsiglip_448,mask,0.75,123,test_rev,0.6571428571428571,0.935064935064935,0.9861111111111112,150,115,40,0.76,0.5850931677018634,0.21212121212121213,"{""y0_a0"": {""n"": 2, ""accuracy"": 1.0}, ""y0_a1"": {""n"": 33, ""accuracy"": 0.21212121212121213}, ""y1_a0"": {""n"": 108, ""accuracy"": 0.9074074074074074}, ""y1_a1"": {""n"": 7, ""accuracy"": 1.0}}",0.137013478183044
corr,debris,medsiglip_448,inpaint,0.75,123,clean,0.9073291925465838,,0.9073291925465838,150,115,0,0.8666666666666667,0.7739130434782608,,"{""y0_a0"": {""n"": 35, ""accuracy"": 0.6}, ""y0_a1"": {""n"": 0, ""accuracy"": NaN}, ""y1_a0"": {""n"": 115, ""accuracy"": 0.9478260869565217}, ""y1_a1"": {""n"": 0, ""accuracy"": NaN}}",0.3212406644355578
corr,debris,medsiglip_448,inpaint,0.75,123,test_corr,0.9222360248447204,0.8843537414965986,0.9392857142857143,150,115,112,0.88,0.7726708074534161,0.2857142857142857,"{""y0_a0"": {""n"": 28, ""accuracy"": 0.6428571428571429}, ""y0_a1"": {""n"": 7, ""accuracy"": 0.2857142857142857}, ""y1_a0"": {""n"": 10, ""accuracy"": 1.0}, ""y1_a1"": {""n"": 105, ""accuracy"": 0.9714285714285714}}",0.3212406644355578
corr,debris,medsiglip_448,inpaint,0.75,123,test_rev,0.8857142857142857,0.9393939393939394,0.8611111111111112,150,115,40,0.8533333333333334,0.7453416149068323,0.5,"{""y0_a0"": {""n"": 2, ""accuracy"": 0.5}, ""y0_a1"": {""n"": 33, ""accuracy"": 0.5454545454545454}, ""y1_a0"": {""n"": 108, ""accuracy"": 0.9444444444444444}, ""y1_a1"": {""n"": 7, ""accuracy"": 1.0}}",0.3212406644355578
corr,debris,medsiglip_448,balanced,0.75,123,clean,0.8623602484472049,,0.8623602484472049,150,115,0,0.84,0.7664596273291926,,"{""y0_a0"": {""n"": 35, ""accuracy"": 0.6285714285714286}, ""y0_a1"": {""n"": 0, ""accuracy"": NaN}, ""y1_a0"": {""n"": 115, ""accuracy"": 0.9043478260869565}, ""y1_a1"": {""n"": 0, ""accuracy"": NaN}}",0.4903676037749786
corr,debris,medsiglip_448,balanced,0.75,123,test_corr,0.8795031055900622,0.7891156462585034,0.8928571428571429,150,115,112,0.86,0.7596273291925466,0.14285714285714285,"{""y0_a0"": {""n"": 28, ""accuracy"": 0.6785714285714286}, ""y0_a1"": {""n"": 7, ""accuracy"": 0.14285714285714285}, ""y1_a0"": {""n"": 10, ""accuracy"": 1.0}, ""y1_a1"": {""n"": 105, ""accuracy"": 0.9428571428571428}}",0.4903676037749786
corr,debris,medsiglip_448,balanced,0.75,123,test_rev,0.8303105590062112,0.9264069264069263,0.6898148148148149,150,115,40,0.8266666666666667,0.7378881987577639,0.5,"{""y0_a0"": {""n"": 2, ""accuracy"": 0.5}, ""y0_a1"": {""n"": 33, ""accuracy"": 0.5757575757575758}, ""y1_a0"": {""n"": 108, ""accuracy"": 0.8981481481481481}, ""y1_a1"": {""n"": 7, ""accuracy"": 1.0}}",0.4903676037749786
corr,debris,medsiglip_448,dfr,0.75,123,clean,0.8777639751552795,,0.8777639751552795,150,115,0,0.84,0.7664596273291926,,"{""y0_a0"": {""n"": 35, ""accuracy"": 0.6285714285714286}, ""y0_a1"": {""n"": 0, ""accuracy"": NaN}, ""y1_a0"": {""n"": 115, ""accuracy"": 0.9043478260869565}, ""y1_a1"": {""n"": 0, ""accuracy"": NaN}}",0.43681536558798373
corr,debris,medsiglip_448,dfr,0.75,123,test_corr,0.8683229813664596,0.8122448979591838,0.8964285714285715,150,115,112,0.8466666666666667,0.7608695652173914,0.2857142857142857,"{""y0_a0"": {""n"": 28, ""accuracy"": 0.6785714285714286}, ""y0_a1"": {""n"": 7, ""accuracy"": 0.2857142857142857}, ""y1_a0"": {""n"": 10, ""accuracy"": 0.9}, ""y1_a1"": {""n"": 105, ""accuracy"": 0.9238095238095239}}",0.43681536558798373
corr,debris,medsiglip_448,dfr,0.75,123,test_rev,0.8824844720496894,0.9567099567099567,0.8009259259259259,150,115,40,0.84,0.7664596273291926,0.5,"{""y0_a0"": {""n"": 2, ""accuracy"": 0.5}, ""y0_a1"": {""n"": 33, ""accuracy"": 0.6363636363636364}, ""y1_a0"": {""n"": 108, ""accuracy"": 0.8981481481481481}, ""y1_a1"": {""n"": 7, ""accuracy"": 1.0}}",0.43681536558798373
corr,debris,medsiglip_448,leace,0.75,123,clean,0.9147826086956522,,0.9147826086956522,150,115,0,0.86,0.829192546583851,,"{""y0_a0"": {""n"": 35, ""accuracy"": 0.7714285714285715}, ""y0_a1"": {""n"": 0, ""accuracy"": NaN}, ""y1_a0"": {""n"": 115, ""accuracy"": 0.8869565217391304}, ""y1_a1"": {""n"": 0, ""accuracy"": NaN}}",0.49878822686980057
corr,debris,medsiglip_448,leace,0.75,123,test_corr,0.9142857142857143,0.8884353741496599,0.9428571428571428,150,115,112,0.8466666666666667,0.8006211180124223,0.42857142857142855,"{""y0_a0"": {""n"": 28, ""accuracy"": 0.7857142857142857}, ""y0_a1"": {""n"": 7, ""accuracy"": 0.42857142857142855}, ""y1_a0"": {""n"": 10, ""accuracy"": 1.0}, ""y1_a1"": {""n"": 105, ""accuracy"": 0.8761904761904762}}",0.49878822686980057
corr,debris,medsiglip_448,leace,0.75,123,test_rev,0.902111801242236,0.961038961038961,0.8425925925925926,150,115,40,0.8266666666666667,0.7577639751552795,0.5,"{""y0_a0"": {""n"": 2, ""accuracy"": 0.5}, ""y0_a1"": {""n"": 33, ""accuracy"": 0.6363636363636364}, ""y1_a0"": {""n"": 108, ""accuracy"": 0.8796296296296297}, ""y1_a1"": {""n"": 7, ""accuracy"": 1.0}}",0.49878822686980057
corr,debris,medsiglip_448,umte_protect,0.75,123,clean,0.9277018633540373,,0.9277018633540373,150,115,0,0.86,0.7795031055900621,,"{""y0_a0"": {""n"": 35, ""accuracy"": 0.6285714285714286}, ""y0_a1"": {""n"": 0, ""accuracy"": NaN}, ""y1_a0"": {""n"": 115, ""accuracy"": 0.9304347826086956}, ""y1_a1"": {""n"": 0, ""accuracy"": NaN}}",0.43853038551376233
corr,debris,medsiglip_448,umte_protect,0.75,123,test_corr,0.9383850931677018,0.8680272108843538,0.8964285714285714,150,115,112,0.8933333333333333,0.7813664596273292,0.2857142857142857,"{""y0_a0"": {""n"": 28, ""accuracy"": 0.6428571428571429}, ""y0_a1"": {""n"": 7, ""accuracy"": 0.2857142857142857}, ""y1_a0"": {""n"": 10, ""accuracy"": 0.9}, ""y1_a1"": {""n"": 105, ""accuracy"": 1.0}}",0.43853038551376233
corr,debris,medsiglip_448,umte_protect,0.75,123,test_rev,0.8626086956521739,0.9307359307359307,0.9444444444444444,150,115,40,0.82,0.6838509316770186,0.42424242424242425,"{""y0_a0"": {""n"": 2, ""accuracy"": 0.5}, ""y0_a1"": {""n"": 33, ""accuracy"": 0.42424242424242425}, ""y1_a0"": {""n"": 108, ""accuracy"": 0.9351851851851852}, ""y1_a1"": {""n"": 7, ""accuracy"": 1.0}}",0.43853038551376233
corr,debris,medsiglip_448,umte_protect_balanced,0.75,123,clean,0.933416149068323,,0.933416149068323,150,115,0,0.8666666666666667,0.8037267080745342,,"{""y0_a0"": {""n"": 35, ""accuracy"": 0.6857142857142857}, ""y0_a1"": {""n"": 0, ""accuracy"": NaN}, ""y1_a0"": {""n"": 115, ""accuracy"": 0.9217391304347826}, ""y1_a1"": {""n"": 0, ""accuracy"": NaN}}",0.2758970964706592
corr,debris,medsiglip_448,umte_protect_balanced,0.75,123,test_corr,0.9279503105590061,0.9360544217687075,0.8714285714285714,150,115,112,0.86,0.7695652173913043,0.42857142857142855,"{""y0_a0"": {""n"": 28, ""accuracy"": 0.6428571428571429}, ""y0_a1"": {""n"": 7, ""accuracy"": 0.42857142857142855}, ""y1_a0"": {""n"": 10, ""accuracy"": 0.8}, ""y1_a1"": {""n"": 105, ""accuracy"": 0.9523809523809523}}",0.2758970964706592
corr,debris,medsiglip_448,umte_protect_balanced,0.75,123,test_rev,0.9113043478260869,0.9047619047619049,0.9768518518518519,150,115,40,0.8533333333333334,0.7652173913043478,0.5757575757575758,"{""y0_a0"": {""n"": 2, ""accuracy"": 1.0}, ""y0_a1"": {""n"": 33, ""accuracy"": 0.5757575757575758}, ""y1_a0"": {""n"": 108, ""accuracy"": 0.9259259259259259}, ""y1_a1"": {""n"": 7, ""accuracy"": 1.0}}",0.2758970964706592
corr,debris,medsiglip_448,i2e,0.75,123,clean,0.8653416149068323,,0.8653416149068323,150,115,0,0.84,0.7763975155279503,,"{""y0_a0"": {""n"": 35, ""accuracy"": 0.6571428571428571}, ""y0_a1"": {""n"": 0, ""accuracy"": NaN}, ""y1_a0"": {""n"": 115, ""accuracy"": 0.8956521739130435}, ""y1_a1"": {""n"": 0, ""accuracy"": NaN}}",0.49859226630831255
corr,debris,medsiglip_448,i2e,0.75,123,test_corr,0.9060869565217391,0.6816326530612246,0.8928571428571428,150,115,112,0.9066666666666666,0.8,0.0,"{""y0_a0"": {""n"": 28, ""accuracy"": 0.75}, ""y0_a1"": {""n"": 7, ""accuracy"": 0.0}, ""y1_a0"": {""n"": 10, ""accuracy"": 1.0}, ""y1_a1"": {""n"": 105, ""accuracy"": 1.0}}",0.49859226630831255
corr,debris,medsiglip_448,i2e,0.75,123,test_rev,0.30807453416149067,0.9393939393939394,0.7592592592592593,150,115,40,0.7,0.47639751552795034,0.030303030303030304,"{""y0_a0"": {""n"": 2, ""accuracy"": 0.5}, ""y0_a1"": {""n"": 33, ""accuracy"": 0.030303030303030304}, ""y1_a0"": {""n"": 108, ""accuracy"": 0.8888888888888888}, ""y1_a1"": {""n"": 7, ""accuracy"": 1.0}}",0.49859226630831255
corr,debris,medsiglip_448,i2e_balanced,0.75,123,clean,0.8685714285714285,,0.8685714285714285,150,115,0,0.8266666666666667,0.7677018633540373,,"{""y0_a0"": {""n"": 35, ""accuracy"": 0.6571428571428571}, ""y0_a1"": {""n"": 0, ""accuracy"": NaN}, ""y1_a0"": {""n"": 115, ""accuracy"": 0.8782608695652174}, ""y1_a1"": {""n"": 0, ""accuracy"": NaN}}",0.4982588384713858
corr,debris,medsiglip_448,i2e_balanced,0.75,123,test_corr,0.8899378881987579,0.7251700680272108,0.9178571428571429,150,115,112,0.88,0.7925465838509317,0.0,"{""y0_a0"": {""n"": 28, ""accuracy"": 0.7857142857142857}, ""y0_a1"": {""n"": 7, ""accuracy"": 0.0}, ""y1_a0"": {""n"": 10, ""accuracy"": 1.0}, ""y1_a1"": {""n"": 105, ""accuracy"": 0.9523809523809523}}",0.4982588384713858
corr,debris,medsiglip_448,i2e_balanced,0.75,123,test_rev,0.769192546583851,0.9307359307359307,0.6944444444444444,150,115,40,0.7933333333333333,0.6962732919254658,0.5,"{""y0_a0"": {""n"": 2, ""accuracy"": 0.5}, ""y0_a1"": {""n"": 33, ""accuracy"": 0.5151515151515151}, ""y1_a0"": {""n"": 108, ""accuracy"": 0.8703703703703703}, ""y1_a1"": {""n"": 7, ""accuracy"": 1.0}}",0.4982588384713858
corr,debris,medsiglip_448,i2e_rank1,0.75,123,clean,0.884472049689441,,0.884472049689441,150,115,0,0.7933333333333333,0.775776397515528,,"{""y0_a0"": {""n"": 35, ""accuracy"": 0.7428571428571429}, ""y0_a1"": {""n"": 0, ""accuracy"": NaN}, ""y1_a0"": {""n"": 115, ""accuracy"": 0.808695652173913}, ""y1_a1"": {""n"": 0, ""accuracy"": NaN}}",0.2221428064786701
corr,debris,medsiglip_448,i2e_rank1,0.75,123,test_corr,0.9182608695652175,0.726530612244898,0.9107142857142857,150,115,112,0.8933333333333333,0.7913043478260869,0.0,"{""y0_a0"": {""n"": 28, ""accuracy"": 0.75}, ""y0_a1"": {""n"": 7, ""accuracy"": 0.0}, ""y1_a0"": {""n"": 10, ""accuracy"": 0.9}, ""y1_a1"": {""n"": 105, ""accuracy"": 0.9904761904761905}}",0.2221428064786701
corr,debris,medsiglip_448,i2e_rank1,0.75,123,test_rev,0.3585093167701863,0.961038961038961,0.8472222222222222,150,115,40,0.6533333333333333,0.46583850931677023,0.09090909090909091,"{""y0_a0"": {""n"": 2, ""accuracy"": 0.5}, ""y0_a1"": {""n"": 33, ""accuracy"": 0.09090909090909091}, ""y1_a0"": {""n"": 108, ""accuracy"": 0.8055555555555556}, ""y1_a1"": {""n"": 7, ""accuracy"": 1.0}}",0.2221428064786701
corr,debris,medsiglip_448,insert_aug,0.75,123,clean,0.8963975155279503,,0.8963975155279503,150,115,0,0.8133333333333334,0.7788819875776398,,"{""y0_a0"": {""n"": 35, ""accuracy"": 0.7142857142857143}, ""y0_a1"": {""n"": 0, ""accuracy"": NaN}, ""y1_a0"": {""n"": 115, ""accuracy"": 0.8434782608695652}, ""y1_a1"": {""n"": 0, ""accuracy"": NaN}}",0.26699378239077465
corr,debris,medsiglip_448,insert_aug,0.75,123,test_corr,0.9237267080745342,0.7442176870748299,0.9321428571428572,150,115,112,0.9133333333333333,0.8142857142857143,0.0,"{""y0_a0"": {""n"": 28, ""accuracy"": 0.7857142857142857}, ""y0_a1"": {""n"": 7, ""accuracy"": 0.0}, ""y1_a0"": {""n"": 10, ""accuracy"": 1.0}, ""y1_a1"": {""n"": 105, ""accuracy"": 1.0}}",0.26699378239077465
corr,debris,medsiglip_448,insert_aug,0.75,123,test_rev,0.4782608695652174,0.948051948051948,0.8518518518518519,150,115,40,0.68,0.493167701863354,0.12121212121212122,"{""y0_a0"": {""n"": 2, ""accuracy"": 0.5}, ""y0_a1"": {""n"": 33, ""accuracy"": 0.12121212121212122}, ""y1_a0"": {""n"": 108, ""accuracy"": 0.8333333333333334}, ""y1_a1"": {""n"": 7, ""accuracy"": 1.0}}",0.26699378239077465
corr,debris,medsiglip_448,mte,0.75,123,clean,0.9214906832298136,,0.9214906832298136,150,115,0,0.86,0.8391304347826087,,"{""y0_a0"": {""n"": 35, ""accuracy"": 0.8}, ""y0_a1"": {""n"": 0, ""accuracy"": NaN}, ""y1_a0"": {""n"": 115, ""accuracy"": 0.8782608695652174}, ""y1_a1"": {""n"": 0, ""accuracy"": NaN}}",0.18876160056801855
corr,debris,medsiglip_448,mte,0.75,123,test_corr,0.9423602484472049,0.8081632653061225,0.8857142857142857,150,115,112,0.9066666666666666,0.8198757763975155,0.14285714285714285,"{""y0_a0"": {""n"": 28, ""accuracy"": 0.7857142857142857}, ""y0_a1"": {""n"": 7, ""accuracy"": 0.14285714285714285}, ""y1_a0"": {""n"": 10, ""accuracy"": 0.8}, ""y1_a1"": {""n"": 105, ""accuracy"": 1.0}}",0.18876160056801855
corr,debris,medsiglip_448,mte,0.75,123,test_rev,0.3361490683229814,0.8095238095238095,0.9814814814814814,150,115,40,0.72,0.529192546583851,0.12121212121212122,"{""y0_a0"": {""n"": 2, ""accuracy"": 1.0}, ""y0_a1"": {""n"": 33, ""accuracy"": 0.12121212121212122}, ""y1_a0"": {""n"": 108, ""accuracy"": 0.8796296296296297}, ""y1_a1"": {""n"": 7, ""accuracy"": 1.0}}",0.18876160056801855
corr,debris,medsiglip_448,mte_balanced,0.75,123,clean,0.9470807453416149,,0.9470807453416149,150,115,0,0.8866666666666667,0.8664596273291926,,"{""y0_a0"": {""n"": 35, ""accuracy"": 0.8285714285714286}, ""y0_a1"": {""n"": 0, ""accuracy"": NaN}, ""y1_a0"": {""n"": 115, ""accuracy"": 0.9043478260869565}, ""y1_a1"": {""n"": 0, ""accuracy"": NaN}}",0.3961535622701007
corr,debris,medsiglip_448,mte_balanced,0.75,123,test_corr,0.9677018633540373,0.9564625850340136,0.8892857142857142,150,115,112,0.9,0.8254658385093168,0.2857142857142857,"{""y0_a0"": {""n"": 28, ""accuracy"": 0.7857142857142857}, ""y0_a1"": {""n"": 7, ""accuracy"": 0.2857142857142857}, ""y1_a0"": {""n"": 10, ""accuracy"": 0.8}, ""y1_a1"": {""n"": 105, ""accuracy"": 0.9809523809523809}}",0.3961535622701007
corr,debris,medsiglip_448,mte_balanced,0.75,123,test_rev,0.7895652173913043,0.7965367965367965,0.9814814814814814,150,115,40,0.8133333333333334,0.7093167701863354,0.48484848484848486,"{""y0_a0"": {""n"": 2, ""accuracy"": 1.0}, ""y0_a1"": {""n"": 33, ""accuracy"": 0.48484848484848486}, ""y1_a0"": {""n"": 108, ""accuracy"": 0.9074074074074074}, ""y1_a1"": {""n"": 7, ""accuracy"": 0.8571428571428571}}",0.3961535622701007
corr,debris,medsiglip_448,ui2e,0.75,123,clean,0.867080745341615,,0.867080745341615,150,115,0,0.84,0.7863354037267081,,"{""y0_a0"": {""n"": 35, ""accuracy"": 0.6857142857142857}, ""y0_a1"": {""n"": 0, ""accuracy"": NaN}, ""y1_a0"": {""n"": 115, ""accuracy"": 0.8869565217391304}, ""y1_a1"": {""n"": 0, ""accuracy"": NaN}}",0.49969438034854036
corr,debris,medsiglip_448,ui2e,0.75,123,test_corr,0.8911801242236025,0.7360544217687075,0.9,150,115,112,0.9066666666666666,0.8298136645962733,0.2857142857142857,"{""y0_a0"": {""n"": 28, ""accuracy"": 0.7857142857142857}, ""y0_a1"": {""n"": 7, ""accuracy"": 0.2857142857142857}, ""y1_a0"": {""n"": 10, ""accuracy"": 1.0}, ""y1_a1"": {""n"": 105, ""accuracy"": 0.9714285714285714}}",0.49969438034854036
corr,debris,medsiglip_448,ui2e,0.75,123,test_rev,0.7503105590062111,0.9393939393939394,0.6759259259259259,150,115,40,0.8066666666666666,0.7149068322981367,0.5,"{""y0_a0"": {""n"": 2, ""accuracy"": 0.5}, ""y0_a1"": {""n"": 33, ""accuracy"": 0.5454545454545454}, ""y1_a0"": {""n"": 108, ""accuracy"": 0.8796296296296297}, ""y1_a1"": {""n"": 7, ""accuracy"": 1.0}}",0.49969438034854036
corr,debris,medsiglip_448,ui2e_balanced,0.75,123,clean,0.8695652173913043,,0.8695652173913043,150,115,0,0.8133333333333334,0.7788819875776398,,"{""y0_a0"": {""n"": 35, ""accuracy"": 0.7142857142857143}, ""y0_a1"": {""n"": 0, ""accuracy"": NaN}, ""y1_a0"": {""n"": 115, ""accuracy"": 0.8434782608695652}, ""y1_a1"": {""n"": 0, ""accuracy"": NaN}}",0.5002642823575388
corr,debris,medsiglip_448,ui2e_balanced,0.75,123,test_corr,0.8727950310559006,0.7673469387755102,0.9035714285714286,150,115,112,0.84,0.7962732919254658,0.2857142857142857,"{""y0_a0"": {""n"": 28, ""accuracy"": 0.8214285714285714}, ""y0_a1"": {""n"": 7, ""accuracy"": 0.2857142857142857}, ""y1_a0"": {""n"": 10, ""accuracy"": 1.0}, ""y1_a1"": {""n"": 105, ""accuracy"": 0.8666666666666667}}",0.5002642823575388
corr,debris,medsiglip_448,ui2e_balanced,0.75,123,test_rev,0.8491925465838509,0.9264069264069265,0.6574074074074074,150,115,40,0.8133333333333334,0.768944099378882,0.5,"{""y0_a0"": {""n"": 2, ""accuracy"": 0.5}, ""y0_a1"": {""n"": 33, ""accuracy"": 0.696969696969697}, ""y1_a0"": {""n"": 108, ""accuracy"": 0.8425925925925926}, ""y1_a1"": {""n"": 7, ""accuracy"": 1.0}}",0.5002642823575388
corr,debris,medsiglip_448,umte,0.75,123,clean,0.8924223602484473,,0.8924223602484473,150,115,0,0.8266666666666667,0.8372670807453416,,"{""y0_a0"": {""n"": 35, ""accuracy"": 0.8571428571428571}, ""y0_a1"": {""n"": 0, ""accuracy"": NaN}, ""y1_a0"": {""n"": 115, ""accuracy"": 0.8173913043478261}, ""y1_a1"": {""n"": 0, ""accuracy"": NaN}}",0.31985975360746155
corr,debris,medsiglip_448,umte,0.75,123,test_corr,0.9319254658385093,0.7687074829931974,0.8607142857142858,150,115,112,0.92,0.858385093167702,0.2857142857142857,"{""y0_a0"": {""n"": 28, ""accuracy"": 0.8571428571428571}, ""y0_a1"": {""n"": 7, ""accuracy"": 0.2857142857142857}, ""y1_a0"": {""n"": 10, ""accuracy"": 0.8}, ""y1_a1"": {""n"": 105, ""accuracy"": 0.9904761904761905}}",0.31985975360746155
corr,debris,medsiglip_448,umte,0.75,123,test_rev,0.5590062111801243,0.9956709956709957,0.9722222222222222,150,115,40,0.7266666666666667,0.6031055900621118,0.3333333333333333,"{""y0_a0"": {""n"": 2, ""accuracy"": 1.0}, ""y0_a1"": {""n"": 33, ""accuracy"": 0.3333333333333333}, ""y1_a0"": {""n"": 108, ""accuracy"": 0.8240740740740741}, ""y1_a1"": {""n"": 7, ""accuracy"": 1.0}}",0.31985975360746155
corr,debris,medsiglip_448,umte_balanced,0.75,123,clean,0.9222360248447206,,0.9222360248447206,150,115,0,0.86,0.829192546583851,,"{""y0_a0"": {""n"": 35, ""accuracy"": 0.7714285714285715}, ""y0_a1"": {""n"": 0, ""accuracy"": NaN}, ""y1_a0"": {""n"": 115, ""accuracy"": 0.8869565217391304}, ""y1_a1"": {""n"": 0, ""accuracy"": NaN}}",0.44410544351335
corr,debris,medsiglip_448,umte_balanced,0.75,123,test_corr,0.9274534161490683,0.8979591836734694,0.8857142857142857,150,115,112,0.88,0.822360248447205,0.5714285714285714,"{""y0_a0"": {""n"": 28, ""accuracy"": 0.75}, ""y0_a1"": {""n"": 7, ""accuracy"": 0.5714285714285714}, ""y1_a0"": {""n"": 10, ""accuracy"": 0.8}, ""y1_a1"": {""n"": 105, ""accuracy"": 0.9428571428571428}}",0.44410544351335
corr,debris,medsiglip_448,umte_balanced,0.75,123,test_rev,0.8705590062111801,0.922077922077922,0.9675925925925926,150,115,40,0.84,0.7763975155279503,0.6363636363636364,"{""y0_a0"": {""n"": 2, ""accuracy"": 1.0}, ""y0_a1"": {""n"": 33, ""accuracy"": 0.6363636363636364}, ""y1_a0"": {""n"": 108, ""accuracy"": 0.8888888888888888}, ""y1_a1"": {""n"": 7, ""accuracy"": 1.0}}",0.44410544351335
corr,debris,medsiglip_448,erm,0.75,456,clean,0.8879503105590062,,0.8879503105590062,150,115,0,0.8333333333333334,0.7720496894409938,,"{""y0_a0"": {""n"": 35, ""accuracy"": 0.6571428571428571}, ""y0_a1"": {""n"": 0, ""accuracy"": NaN}, ""y1_a0"": {""n"": 115, ""accuracy"": 0.8869565217391304}, ""y1_a1"": {""n"": 0, ""accuracy"": NaN}}",0.17978920646919652
corr,debris,medsiglip_448,erm,0.75,456,test_corr,0.9803726708074534,0.8380952380952381,0.9235294117647059,150,115,106,0.9133333333333333,0.8142857142857143,0.0,"{""y0_a0"": {""n"": 34, ""accuracy"": 0.6470588235294118}, ""y0_a1"": {""n"": 1, ""accuracy"": 0.0}, ""y1_a0"": {""n"": 10, ""accuracy"": 1.0}, ""y1_a1"": {""n"": 105, ""accuracy"": 1.0}}",0.17978920646919652
corr,debris,medsiglip_448,erm,0.75,456,test_rev,0.41664596273291926,0.8017241379310345,0.7653721682847896,150,115,41,0.7133333333333334,0.5049689440993789,0.034482758620689655,"{""y0_a0"": {""n"": 6, ""accuracy"": 0.5}, ""y0_a1"": {""n"": 29, ""accuracy"": 0.034482758620689655}, ""y1_a0"": {""n"": 103, ""accuracy"": 0.883495145631068}, ""y1_a1"": {""n"": 12, ""accuracy"": 1.0}}",0.17978920646919652
corr,debris,medsiglip_448,mask,0.75,456,clean,0.9232298136645963,,0.9232298136645963,150,115,0,0.82,0.7931677018633541,,"{""y0_a0"": {""n"": 35, ""accuracy"": 0.7428571428571429}, ""y0_a1"": {""n"": 0, ""accuracy"": NaN}, ""y1_a0"": {""n"": 115, ""accuracy"": 0.8434782608695652}, ""y1_a1"": {""n"": 0, ""accuracy"": NaN}}",0.31689142855281605
corr,debris,medsiglip_448,mask,0.75,456,test_corr,0.9763975155279504,0.8476190476190476,0.861764705882353,150,115,106,0.9266666666666666,0.8627329192546584,0.0,"{""y0_a0"": {""n"": 34, ""accuracy"": 0.7647058823529411}, ""y0_a1"": {""n"": 1, ""accuracy"": 0.0}, ""y1_a0"": {""n"": 10, ""accuracy"": 0.8}, ""y1_a1"": {""n"": 105, ""accuracy"": 1.0}}",0.31689142855281605
corr,debris,medsiglip_448,mask,0.75,456,test_rev,0.6837267080745342,0.8850574712643677,0.8462783171521036,150,115,41,0.76,0.6347826086956522,0.3448275862068966,"{""y0_a0"": {""n"": 6, ""accuracy"": 0.6666666666666666}, ""y0_a1"": {""n"": 29, ""accuracy"": 0.3448275862068966}, ""y1_a0"": {""n"": 103, ""accuracy"": 0.8543689320388349}, ""y1_a1"": {""n"": 12, ""accuracy"": 1.0}}",0.31689142855281605
corr,debris,medsiglip_448,inpaint,0.75,456,clean,0.9085714285714287,,0.9085714285714287,150,115,0,0.8666666666666667,0.7739130434782608,,"{""y0_a0"": {""n"": 35, ""accuracy"": 0.6}, ""y0_a1"": {""n"": 0, ""accuracy"": NaN}, ""y1_a0"": {""n"": 115, ""accuracy"": 0.9478260869565217}, ""y1_a1"": {""n"": 0, ""accuracy"": NaN}}",0.32993667842524904
corr,debris,medsiglip_448,inpaint,0.75,456,test_corr,0.9301863354037267,0.9809523809523809,0.9529411764705882,150,115,106,0.88,0.7826086956521738,0.5882352941176471,"{""y0_a0"": {""n"": 34, ""accuracy"": 0.5882352941176471}, ""y0_a1"": {""n"": 1, ""accuracy"": 1.0}, ""y1_a0"": {""n"": 10, ""accuracy"": 1.0}, ""y1_a1"": {""n"": 105, ""accuracy"": 0.9619047619047619}}",0.32993667842524904
corr,debris,medsiglip_448,inpaint,0.75,456,test_rev,0.888944099378882,0.9597701149425287,0.8025889967637541,150,115,41,0.8533333333333334,0.7453416149068323,0.5,"{""y0_a0"": {""n"": 6, ""accuracy"": 0.5}, ""y0_a1"": {""n"": 29, ""accuracy"": 0.5517241379310345}, ""y1_a0"": {""n"": 103, ""accuracy"": 0.941747572815534}, ""y1_a1"": {""n"": 12, ""accuracy"": 1.0}}",0.32993667842524904
corr,debris,medsiglip_448,balanced,0.75,456,clean,0.8914285714285715,,0.8914285714285715,150,115,0,0.8533333333333334,0.8049689440993789,,"{""y0_a0"": {""n"": 35, ""accuracy"": 0.7142857142857143}, ""y0_a1"": {""n"": 0, ""accuracy"": NaN}, ""y1_a0"": {""n"": 115, ""accuracy"": 0.8956521739130435}, ""y1_a1"": {""n"": 0, ""accuracy"": NaN}}",0.3795537329969075
corr,debris,medsiglip_448,balanced,0.75,456,test_corr,0.9212422360248447,0.9809523809523809,0.9323529411764705,150,115,106,0.9,0.8354037267080745,0.7058823529411765,"{""y0_a0"": {""n"": 34, ""accuracy"": 0.7058823529411765}, ""y0_a1"": {""n"": 1, ""accuracy"": 1.0}, ""y1_a0"": {""n"": 10, ""accuracy"": 1.0}, ""y1_a1"": {""n"": 105, ""accuracy"": 0.9523809523809523}}",0.3795537329969075
corr,debris,medsiglip_448,balanced,0.75,456,test_rev,0.8422360248447205,0.8620689655172413,0.7928802588996764,150,115,41,0.8266666666666667,0.7378881987577639,0.5,"{""y0_a0"": {""n"": 6, ""accuracy"": 0.5}, ""y0_a1"": {""n"": 29, ""accuracy"": 0.5862068965517241}, ""y1_a0"": {""n"": 103, ""accuracy"": 0.8932038834951457}, ""y1_a1"": {""n"": 12, ""accuracy"": 1.0}}",0.3795537329969075
corr,debris,medsiglip_448,dfr,0.75,456,clean,0.8792546583850932,,0.8792546583850932,150,115,0,0.8466666666666667,0.7807453416149068,,"{""y0_a0"": {""n"": 35, ""accuracy"": 0.6571428571428571}, ""y0_a1"": {""n"": 0, ""accuracy"": NaN}, ""y1_a0"": {""n"": 115, ""accuracy"": 0.9043478260869565}, ""y1_a1"": {""n"": 0, ""accuracy"": NaN}}",0.48641865828131287
corr,debris,medsiglip_448,dfr,0.75,456,test_corr,0.8767701863354036,0.5238095238095238,0.9323529411764706,150,115,106,0.8466666666666667,0.7807453416149068,0.0,"{""y0_a0"": {""n"": 34, ""accuracy"": 0.6764705882352942}, ""y0_a1"": {""n"": 1, ""accuracy"": 0.0}, ""y1_a0"": {""n"": 10, ""accuracy"": 1.0}, ""y1_a1"": {""n"": 105, ""accuracy"": 0.8952380952380953}}",0.48641865828131287
corr,debris,medsiglip_448,dfr,0.75,456,test_rev,0.8750310559006211,0.867816091954023,0.7928802588996764,150,115,41,0.8466666666666667,0.7807453416149068,0.5,"{""y0_a0"": {""n"": 6, ""accuracy"": 0.5}, ""y0_a1"": {""n"": 29, ""accuracy"": 0.6896551724137931}, ""y1_a0"": {""n"": 103, ""accuracy"": 0.9029126213592233}, ""y1_a1"": {""n"": 12, ""accuracy"": 0.9166666666666666}}",0.48641865828131287
corr,debris,medsiglip_448,leace,0.75,456,clean,0.9142857142857143,,0.9142857142857143,150,115,0,0.8533333333333334,0.8248447204968945,,"{""y0_a0"": {""n"": 35, ""accuracy"": 0.7714285714285715}, ""y0_a1"": {""n"": 0, ""accuracy"": NaN}, ""y1_a0"": {""n"": 115, ""accuracy"": 0.8782608695652174}, ""y1_a1"": {""n"": 0, ""accuracy"": NaN}}",0.4945609865211674
corr,debris,medsiglip_448,leace,0.75,456,test_corr,0.9088198757763974,0.9523809523809523,0.9470588235294117,150,115,106,0.8533333333333334,0.8248447204968945,0.7647058823529411,"{""y0_a0"": {""n"": 34, ""accuracy"": 0.7647058823529411}, ""y0_a1"": {""n"": 1, ""accuracy"": 1.0}, ""y1_a0"": {""n"": 10, ""accuracy"": 0.9}, ""y1_a1"": {""n"": 105, ""accuracy"": 0.8761904761904762}}",0.4945609865211674
corr,debris,medsiglip_448,leace,0.75,456,test_rev,0.9036024844720496,0.9425287356321839,0.8203883495145632,150,115,41,0.82,0.753416149068323,0.5,"{""y0_a0"": {""n"": 6, ""accuracy"": 0.5}, ""y0_a1"": {""n"": 29, ""accuracy"": 0.6551724137931034}, ""y1_a0"": {""n"": 103, ""accuracy"": 0.8640776699029126}, ""y1_a1"": {""n"": 12, ""accuracy"": 1.0}}",0.4945609865211674
corr,debris,medsiglip_448,umte_protect,0.75,456,clean,0.92,,0.92,150,115,0,0.8666666666666667,0.8335403726708075,,"{""y0_a0"": {""n"": 35, ""accuracy"": 0.7714285714285715}, ""y0_a1"": {""n"": 0, ""accuracy"": NaN}, ""y1_a0"": {""n"": 115, ""accuracy"": 0.8956521739130435}, ""y1_a1"": {""n"": 0, ""accuracy"": NaN}}",0.2895130507107235
corr,debris,medsiglip_448,umte_protect,0.75,456,test_corr,0.9624844720496895,0.5904761904761905,0.9,150,115,106,0.9133333333333333,0.8639751552795032,0.0,"{""y0_a0"": {""n"": 34, ""accuracy"": 0.7941176470588235}, ""y0_a1"": {""n"": 1, ""accuracy"": 0.0}, ""y1_a0"": {""n"": 10, ""accuracy"": 0.8}, ""y1_a1"": {""n"": 105, ""accuracy"": 0.9714285714285714}}",0.2895130507107235
corr,debris,medsiglip_448,umte_protect,0.75,456,test_rev,0.7873291925465838,0.9540229885057472,0.8446601941747572,150,115,41,0.8133333333333334,0.6993788819875776,0.4482758620689655,"{""y0_a0"": {""n"": 6, ""accuracy"": 0.6666666666666666}, ""y0_a1"": {""n"": 29, ""accuracy"": 0.4482758620689655}, ""y1_a0"": {""n"": 103, ""accuracy"": 0.9029126213592233}, ""y1_a1"": {""n"": 12, ""accuracy"": 1.0}}",0.2895130507107235
corr,debris,medsiglip_448,umte_protect_balanced,0.75,456,clean,0.9249689440993789,,0.9249689440993789,150,115,0,0.86,0.829192546583851,,"{""y0_a0"": {""n"": 35, ""accuracy"": 0.7714285714285715}, ""y0_a1"": {""n"": 0, ""accuracy"": NaN}, ""y1_a0"": {""n"": 115, ""accuracy"": 0.8869565217391304}, ""y1_a1"": {""n"": 0, ""accuracy"": NaN}}",0.4473205771367448
corr,debris,medsiglip_448,umte_protect_balanced,0.75,456,test_corr,0.9301863354037267,0.7428571428571429,0.8970588235294117,150,115,106,0.8933333333333333,0.8509316770186335,0.0,"{""y0_a0"": {""n"": 34, ""accuracy"": 0.7941176470588235}, ""y0_a1"": {""n"": 1, ""accuracy"": 0.0}, ""y1_a0"": {""n"": 10, ""accuracy"": 0.8}, ""y1_a1"": {""n"": 105, ""accuracy"": 0.9428571428571428}}",0.4473205771367448
corr,debris,medsiglip_448,umte_protect_balanced,0.75,456,test_rev,0.9125465838509317,0.9626436781609196,0.8349514563106797,150,115,41,0.8533333333333334,0.8049689440993789,0.6666666666666666,"{""y0_a0"": {""n"": 6, ""accuracy"": 0.6666666666666666}, ""y0_a1"": {""n"": 29, ""accuracy"": 0.7241379310344828}, ""y1_a0"": {""n"": 103, ""accuracy"": 0.8932038834951457}, ""y1_a1"": {""n"": 12, ""accuracy"": 0.9166666666666666}}",0.4473205771367448
corr,debris,medsiglip_448,i2e,0.75,456,clean,0.8727950310559006,,0.8727950310559006,150,115,0,0.8466666666666667,0.8006211180124223,,"{""y0_a0"": {""n"": 35, ""accuracy"": 0.7142857142857143}, ""y0_a1"": {""n"": 0, ""accuracy"": NaN}, ""y1_a0"": {""n"": 115, ""accuracy"": 0.8869565217391304}, ""y1_a1"": {""n"": 0, ""accuracy"": NaN}}",0.3900304742151931
corr,debris,medsiglip_448,i2e,0.75,456,test_corr,0.973416149068323,0.7238095238095238,0.9205882352941176,150,115,106,0.9333333333333333,0.8571428571428572,0.0,"{""y0_a0"": {""n"": 34, ""accuracy"": 0.7352941176470589}, ""y0_a1"": {""n"": 1, ""accuracy"": 0.0}, ""y1_a0"": {""n"": 10, ""accuracy"": 1.0}, ""y1_a1"": {""n"": 105, ""accuracy"": 1.0}}",0.3900304742151931
corr,debris,medsiglip_448,i2e,0.75,456,test_rev,0.3729192546583851,0.8160919540229885,0.7152103559870551,150,115,41,0.7,0.4863354037267081,0.0,"{""y0_a0"": {""n"": 6, ""accuracy"": 0.5}, ""y0_a1"": {""n"": 29, ""accuracy"": 0.0}, ""y1_a0"": {""n"": 103, ""accuracy"": 0.8737864077669902}, ""y1_a1"": {""n"": 12, ""accuracy"": 1.0}}",0.3900304742151931
corr,debris,medsiglip_448,i2e_balanced,0.75,456,clean,0.8730434782608696,,0.8730434782608696,150,115,0,0.8066666666666666,0.7944099378881988,,"{""y0_a0"": {""n"": 35, ""accuracy"": 0.7714285714285715}, ""y0_a1"": {""n"": 0, ""accuracy"": NaN}, ""y1_a0"": {""n"": 115, ""accuracy"": 0.8173913043478261}, ""y1_a1"": {""n"": 0, ""accuracy"": NaN}}",0.5000170935763486
corr,debris,medsiglip_448,i2e_balanced,0.75,456,test_corr,0.9192546583850931,0.8666666666666667,0.9235294117647058,150,115,106,0.8666666666666667,0.8236024844720498,0.0,"{""y0_a0"": {""n"": 34, ""accuracy"": 0.7647058823529411}, ""y0_a1"": {""n"": 1, ""accuracy"": 0.0}, ""y1_a0"": {""n"": 10, ""accuracy"": 0.9}, ""y1_a1"": {""n"": 105, ""accuracy"": 0.9047619047619048}}",0.5000170935763486
corr,debris,medsiglip_448,i2e_balanced,0.75,456,test_rev,0.8027329192546584,0.9109195402298851,0.7459546925566343,150,115,41,0.7666666666666667,0.6987577639751552,0.5,"{""y0_a0"": {""n"": 6, ""accuracy"": 0.5}, ""y0_a1"": {""n"": 29, ""accuracy"": 0.5862068965517241}, ""y1_a0"": {""n"": 103, ""accuracy"": 0.8058252427184466}, ""y1_a1"": {""n"": 12, ""accuracy"": 1.0}}",0.5000170935763486
corr,debris,medsiglip_448,i2e_rank1,0.75,456,clean,0.8956521739130435,,0.8956521739130435,150,115,0,0.8066666666666666,0.7645962732919255,,"{""y0_a0"": {""n"": 35, ""accuracy"": 0.6857142857142857}, ""y0_a1"": {""n"": 0, ""accuracy"": NaN}, ""y1_a0"": {""n"": 115, ""accuracy"": 0.8434782608695652}, ""y1_a1"": {""n"": 0, ""accuracy"": NaN}}",0.234606042641286
corr,debris,medsiglip_448,i2e_rank1,0.75,456,test_corr,0.9786335403726708,0.8476190476190476,0.9294117647058824,150,115,106,0.9066666666666666,0.8198757763975155,0.0,"{""y0_a0"": {""n"": 34, ""accuracy"": 0.6764705882352942}, ""y0_a1"": {""n"": 1, ""accuracy"": 0.0}, ""y1_a0"": {""n"": 10, ""accuracy"": 0.9}, ""y1_a1"": {""n"": 105, ""accuracy"": 0.9904761904761905}}",0.234606042641286
corr,debris,medsiglip_448,i2e_rank1,0.75,456,test_rev,0.4705590062111801,0.824712643678161,0.7928802588996764,150,115,41,0.6866666666666666,0.4975155279503105,0.06896551724137931,"{""y0_a0"": {""n"": 6, ""accuracy"": 0.5}, ""y0_a1"": {""n"": 29, ""accuracy"": 0.06896551724137931}, ""y1_a0"": {""n"": 103, ""accuracy"": 0.8349514563106796}, ""y1_a1"": {""n"": 12, ""accuracy"": 1.0}}",0.234606042641286
corr,debris,medsiglip_448,insert_aug,0.75,456,clean,0.9167701863354036,,0.9167701863354036,150,115,0,0.88,0.8024844720496894,,"{""y0_a0"": {""n"": 35, ""accuracy"": 0.6571428571428571}, ""y0_a1"": {""n"": 0, ""accuracy"": NaN}, ""y1_a0"": {""n"": 115, ""accuracy"": 0.9478260869565217}, ""y1_a1"": {""n"": 0, ""accuracy"": NaN}}",0.18734713064216973
corr,debris,medsiglip_448,insert_aug,0.75,456,test_corr,0.9821118012422361,0.8857142857142857,0.9529411764705883,150,115,106,0.9133333333333333,0.8142857142857143,0.0,"{""y0_a0"": {""n"": 34, ""accuracy"": 0.6470588235294118}, ""y0_a1"": {""n"": 1, ""accuracy"": 0.0}, ""y1_a0"": {""n"": 10, ""accuracy"": 1.0}, ""y1_a1"": {""n"": 105, ""accuracy"": 1.0}}",0.18734713064216973
corr,debris,medsiglip_448,insert_aug,0.75,456,test_rev,0.5970186335403727,0.8908045977011494,0.8074433656957929,150,115,41,0.7533333333333333,0.531055900621118,0.034482758620689655,"{""y0_a0"": {""n"": 6, ""accuracy"": 0.5}, ""y0_a1"": {""n"": 29, ""accuracy"": 0.034482758620689655}, ""y1_a0"": {""n"": 103, ""accuracy"": 0.941747572815534}, ""y1_a1"": {""n"": 12, ""accuracy"": 1.0}}",0.18734713064216973
corr,debris,medsiglip_448,mte,0.75,456,clean,0.9165217391304348,,0.9165217391304348,150,115,0,0.7866666666666666,0.8409937888198757,,"{""y0_a0"": {""n"": 35, ""accuracy"": 0.9428571428571428}, ""y0_a1"": {""n"": 0, ""accuracy"": NaN}, ""y1_a0"": {""n"": 115, ""accuracy"": 0.7391304347826086}, ""y1_a1"": {""n"": 0, ""accuracy"": NaN}}",0.2917166077613593
corr,debris,medsiglip_448,mte,0.75,456,test_corr,0.9870807453416149,0.8666666666666667,0.9235294117647058,150,115,106,0.9666666666666667,0.9484472049689441,0.0,"{""y0_a0"": {""n"": 34, ""accuracy"": 0.9411764705882353}, ""y0_a1"": {""n"": 1, ""accuracy"": 0.0}, ""y1_a0"": {""n"": 10, ""accuracy"": 0.8}, ""y1_a1"": {""n"": 105, ""accuracy"": 1.0}}",0.2917166077613593
corr,debris,medsiglip_448,mte,0.75,456,test_rev,0.4504347826086956,0.8850574712643678,0.7847896440129449,150,115,41,0.6333333333333333,0.49254658385093164,0.13793103448275862,"{""y0_a0"": {""n"": 6, ""accuracy"": 0.6666666666666666}, ""y0_a1"": {""n"": 29, ""accuracy"": 0.13793103448275862}, ""y1_a0"": {""n"": 103, ""accuracy"": 0.7281553398058253}, ""y1_a1"": {""n"": 12, ""accuracy"": 1.0}}",0.2917166077613593
corr,debris,medsiglip_448,mte_balanced,0.75,456,clean,0.9222360248447204,,0.9222360248447204,150,115,0,0.82,0.832919254658385,,"{""y0_a0"": {""n"": 35, ""accuracy"": 0.8571428571428571}, ""y0_a1"": {""n"": 0, ""accuracy"": NaN}, ""y1_a0"": {""n"": 115, ""accuracy"": 0.808695652173913}, ""y1_a1"": {""n"": 0, ""accuracy"": NaN}}",0.5205810644092764
corr,debris,medsiglip_448,mte_balanced,0.75,456,test_corr,0.9706832298136646,0.9904761904761905,0.9441176470588236,150,115,106,0.9066666666666666,0.8894409937888199,0.8,"{""y0_a0"": {""n"": 34, ""accuracy"": 0.8529411764705882}, ""y0_a1"": {""n"": 1, ""accuracy"": 1.0}, ""y1_a0"": {""n"": 10, ""accuracy"": 0.8}, ""y1_a1"": {""n"": 105, ""accuracy"": 0.9333333333333333}}",0.5205810644092764
corr,debris,medsiglip_448,mte_balanced,0.75,456,test_rev,0.867080745341615,0.9568965517241379,0.813915857605178,150,115,41,0.8133333333333334,0.7987577639751553,0.6666666666666666,"{""y0_a0"": {""n"": 6, ""accuracy"": 0.6666666666666666}, ""y0_a1"": {""n"": 29, ""accuracy"": 0.7931034482758621}, ""y1_a0"": {""n"": 103, ""accuracy"": 0.8058252427184466}, ""y1_a1"": {""n"": 12, ""accuracy"": 1.0}}",0.5205810644092764
corr,debris,medsiglip_448,ui2e,0.75,456,clean,0.8673291925465839,,0.8673291925465839,150,115,0,0.84,0.7863354037267081,,"{""y0_a0"": {""n"": 35, ""accuracy"": 0.6857142857142857}, ""y0_a1"": {""n"": 0, ""accuracy"": NaN}, ""y1_a0"": {""n"": 115, ""accuracy"": 0.8869565217391304}, ""y1_a1"": {""n"": 0, ""accuracy"": NaN}}",0.4997252720042908
corr,debris,medsiglip_448,ui2e,0.75,456,test_corr,0.9204968944099379,0.7619047619047619,0.9088235294117647,150,115,106,0.9,0.8254658385093168,0.0,"{""y0_a0"": {""n"": 34, ""accuracy"": 0.7058823529411765}, ""y0_a1"": {""n"": 1, ""accuracy"": 0.0}, ""y1_a0"": {""n"": 10, ""accuracy"": 1.0}, ""y1_a1"": {""n"": 105, ""accuracy"": 0.9619047619047619}}",0.4997252720042908
corr,debris,medsiglip_448,ui2e,0.75,456,test_rev,0.7644720496894409,0.8879310344827587,0.7265372168284789,150,115,41,0.8066666666666666,0.7149068322981367,0.5,"{""y0_a0"": {""n"": 6, ""accuracy"": 0.5}, ""y0_a1"": {""n"": 29, ""accuracy"": 0.5517241379310345}, ""y1_a0"": {""n"": 103, ""accuracy"": 0.8737864077669902}, ""y1_a1"": {""n"": 12, ""accuracy"": 1.0}}",0.4997252720042908
corr,debris,medsiglip_448,ui2e_balanced,0.75,456,clean,0.8839751552795032,,0.8839751552795032,150,115,0,0.84,0.7664596273291926,,"{""y0_a0"": {""n"": 35, ""accuracy"": 0.6285714285714286}, ""y0_a1"": {""n"": 0, ""accuracy"": NaN}, ""y1_a0"": {""n"": 115, ""accuracy"": 0.9043478260869565}, ""y1_a1"": {""n"": 0, ""accuracy"": NaN}}",0.4974568738691542
corr,debris,medsiglip_448,ui2e_balanced,0.75,456,test_corr,0.8919254658385094,0.8666666666666667,0.9235294117647059,150,115,106,0.86,0.7795031055900621,0.0,"{""y0_a0"": {""n"": 34, ""accuracy"": 0.6470588235294118}, ""y0_a1"": {""n"": 1, ""accuracy"": 0.0}, ""y1_a0"": {""n"": 10, ""accuracy"": 1.0}, ""y1_a1"": {""n"": 105, ""accuracy"": 0.9238095238095239}}",0.4974568738691542
corr,debris,medsiglip_448,ui2e_balanced,0.75,456,test_rev,0.8616149068322981,0.9137931034482759,0.7459546925566343,150,115,41,0.84,0.7664596273291926,0.5,"{""y0_a0"": {""n"": 6, ""accuracy"": 0.5}, ""y0_a1"": {""n"": 29, ""accuracy"": 0.6551724137931034}, ""y1_a0"": {""n"": 103, ""accuracy"": 0.8932038834951457}, ""y1_a1"": {""n"": 12, ""accuracy"": 1.0}}",0.4974568738691542
corr,debris,medsiglip_448,umte,0.75,456,clean,0.8896894409937889,,0.8896894409937889,150,115,0,0.8333333333333334,0.8416149068322981,,"{""y0_a0"": {""n"": 35, ""accuracy"": 0.8571428571428571}, ""y0_a1"": {""n"": 0, ""accuracy"": NaN}, ""y1_a0"": {""n"": 115, ""accuracy"": 0.8260869565217391}, ""y1_a1"": {""n"": 0, ""accuracy"": NaN}}",0.29294142191315115
corr,debris,medsiglip_448,umte,0.75,456,test_corr,0.9694409937888199,0.6,0.9029411764705882,150,115,106,0.94,0.9111801242236024,0.0,"{""y0_a0"": {""n"": 34, ""accuracy"": 0.8823529411764706}, ""y0_a1"": {""n"": 1, ""accuracy"": 0.0}, ""y1_a0"": {""n"": 10, ""accuracy"": 0.8}, ""y1_a1"": {""n"": 105, ""accuracy"": 0.9809523809523809}}",0.29294142191315115
corr,debris,medsiglip_448,umte,0.75,456,test_rev,0.6114285714285714,0.9425287356321839,0.7928802588996764,150,115,41,0.72,0.5788819875776398,0.2413793103448276,"{""y0_a0"": {""n"": 6, ""accuracy"": 0.6666666666666666}, ""y0_a1"": {""n"": 29, ""accuracy"": 0.2413793103448276}, ""y1_a0"": {""n"": 103, ""accuracy"": 0.8252427184466019}, ""y1_a1"": {""n"": 12, ""accuracy"": 1.0}}",0.29294142191315115
corr,debris,medsiglip_448,umte_balanced,0.75,456,clean,0.9031055900621118,,0.9031055900621118,150,115,0,0.8,0.8298136645962733,,"{""y0_a0"": {""n"": 35, ""accuracy"": 0.8857142857142857}, ""y0_a1"": {""n"": 0, ""accuracy"": NaN}, ""y1_a0"": {""n"": 115, ""accuracy"": 0.7739130434782608}, ""y1_a1"": {""n"": 0, ""accuracy"": NaN}}",0.5058978862728425
corr,debris,medsiglip_448,umte_balanced,0.75,456,test_corr,0.924223602484472,0.9047619047619048,0.8941176470588235,150,115,106,0.8866666666666667,0.886335403726708,0.8,"{""y0_a0"": {""n"": 34, ""accuracy"": 0.8823529411764706}, ""y0_a1"": {""n"": 1, ""accuracy"": 1.0}, ""y1_a0"": {""n"": 10, ""accuracy"": 0.8}, ""y1_a1"": {""n"": 105, ""accuracy"": 0.8952380952380953}}",0.5058978862728425
corr,debris,medsiglip_448,umte_balanced,0.75,456,test_rev,0.8675776397515528,0.9482758620689655,0.7896440129449838,150,115,41,0.7866666666666666,0.7813664596273292,0.6666666666666666,"{""y0_a0"": {""n"": 6, ""accuracy"": 0.6666666666666666}, ""y0_a1"": {""n"": 29, ""accuracy"": 0.7931034482758621}, ""y1_a0"": {""n"": 103, ""accuracy"": 0.7766990291262136}, ""y1_a1"": {""n"": 12, ""accuracy"": 0.9166666666666666}}",0.5058978862728425
corr,debris,medsiglip_448,erm,1.0,42,clean,0.8983850931677019,,0.8983850931677019,150,115,0,0.86,0.7894409937888198,,"{""y0_a0"": {""n"": 35, ""accuracy"": 0.6571428571428571}, ""y0_a1"": {""n"": 0, ""accuracy"": NaN}, ""y1_a0"": {""n"": 115, ""accuracy"": 0.9217391304347826}, ""y1_a1"": {""n"": 0, ""accuracy"": NaN}}",0.1470032022183651
corr,debris,medsiglip_448,erm,1.0,42,test_corr,0.9808695652173913,0.9801980198019802,0.8718487394957983,150,115,102,0.8933333333333333,0.8012422360248448,0.0,"{""y0_a0"": {""n"": 34, ""accuracy"": 0.6470588235294118}, ""y0_a1"": {""n"": 1, ""accuracy"": 0.0}, ""y1_a0"": {""n"": 14, ""accuracy"": 0.7857142857142857}, ""y1_a1"": {""n"": 101, ""accuracy"": 1.0}}",0.1470032022183651
corr,debris,medsiglip_448,erm,1.0,42,test_rev,0.3344099378881988,0.9220430107526881,0.8883495145631068,150,115,43,0.7266666666666667,0.4937888198757764,0.0,"{""y0_a0"": {""n"": 4, ""accuracy"": 0.5}, ""y0_a1"": {""n"": 31, ""accuracy"": 0.0}, ""y1_a0"": {""n"": 103, ""accuracy"": 0.9223300970873787}, ""y1_a1"": {""n"": 12, ""accuracy"": 1.0}}",0.1470032022183651
corr,debris,medsiglip_448,mask,1.0,42,clean,0.9426086956521739,,0.9426086956521739,150,115,0,0.88,0.8521739130434782,,"{""y0_a0"": {""n"": 35, ""accuracy"": 0.8}, ""y0_a1"": {""n"": 0, ""accuracy"": NaN}, ""y1_a0"": {""n"": 115, ""accuracy"": 0.9043478260869565}, ""y1_a1"": {""n"": 0, ""accuracy"": NaN}}",0.14473315250053986
corr,debris,medsiglip_448,mask,1.0,42,test_corr,0.9957763975155279,1.0,0.9684873949579831,150,115,102,0.9533333333333334,0.9,0.7941176470588235,"{""y0_a0"": {""n"": 34, ""accuracy"": 0.7941176470588235}, ""y0_a1"": {""n"": 1, ""accuracy"": 1.0}, ""y1_a0"": {""n"": 14, ""accuracy"": 1.0}, ""y1_a1"": {""n"": 101, ""accuracy"": 1.0}}",0.14473315250053986
corr,debris,medsiglip_448,mask,1.0,42,test_rev,0.5180124223602485,0.9811827956989247,0.9029126213592233,150,115,43,0.72,0.5093167701863354,0.03225806451612903,"{""y0_a0"": {""n"": 4, ""accuracy"": 0.75}, ""y0_a1"": {""n"": 31, ""accuracy"": 0.03225806451612903}, ""y1_a0"": {""n"": 103, ""accuracy"": 0.8932038834951457}, ""y1_a1"": {""n"": 12, ""accuracy"": 1.0}}",0.14473315250053986
corr,debris,medsiglip_448,inpaint,1.0,42,clean,0.916024844720497,,0.916024844720497,150,115,0,0.8733333333333333,0.7881987577639751,,"{""y0_a0"": {""n"": 35, ""accuracy"": 0.6285714285714286}, ""y0_a1"": {""n"": 0, ""accuracy"": NaN}, ""y1_a0"": {""n"": 115, ""accuracy"": 0.9478260869565217}, ""y1_a1"": {""n"": 0, ""accuracy"": NaN}}",0.3374709430028186
corr,debris,medsiglip_448,inpaint,1.0,42,test_corr,0.9361490683229814,1.0,0.8970588235294118,150,115,102,0.8866666666666667,0.7968944099378882,0.6176470588235294,"{""y0_a0"": {""n"": 34, ""accuracy"": 0.6176470588235294}, ""y0_a1"": {""n"": 1, ""accuracy"": 1.0}, ""y1_a0"": {""n"": 14, ""accuracy"": 1.0}, ""y1_a1"": {""n"": 101, ""accuracy"": 0.9603960396039604}}",0.3374709430028186
corr,debris,medsiglip_448,inpaint,1.0,42,test_rev,0.8790062111801242,0.9327956989247312,0.9174757281553398,150,115,43,0.86,0.7596273291925466,0.5,"{""y0_a0"": {""n"": 4, ""accuracy"": 0.5}, ""y0_a1"": {""n"": 31, ""accuracy"": 0.5806451612903226}, ""y1_a0"": {""n"": 103, ""accuracy"": 0.941747572815534}, ""y1_a1"": {""n"": 12, ""accuracy"": 1.0}}",0.3374709430028186
corr,debris,medsiglip_448,balanced,1.0,42,clean,0.9135403726708075,,0.9135403726708075,150,115,0,0.8133333333333334,0.7788819875776398,,"{""y0_a0"": {""n"": 35, ""accuracy"": 0.7142857142857143}, ""y0_a1"": {""n"": 0, ""accuracy"": NaN}, ""y1_a0"": {""n"": 115, ""accuracy"": 0.8434782608695652}, ""y1_a1"": {""n"": 0, ""accuracy"": NaN}}",0.43743267944082953
corr,debris,medsiglip_448,balanced,1.0,42,test_corr,0.9545341614906833,1.0,0.9033613445378151,150,115,102,0.8933333333333333,0.831055900621118,0.7058823529411765,"{""y0_a0"": {""n"": 34, ""accuracy"": 0.7058823529411765}, ""y0_a1"": {""n"": 1, ""accuracy"": 1.0}, ""y1_a0"": {""n"": 14, ""accuracy"": 0.7857142857142857}, ""y1_a1"": {""n"": 101, ""accuracy"": 0.9702970297029703}}",0.43743267944082953
corr,debris,medsiglip_448,balanced,1.0,42,test_rev,0.835527950310559,0.967741935483871,0.8106796116504854,150,115,43,0.7733333333333333,0.6832298136645962,0.25,"{""y0_a0"": {""n"": 4, ""accuracy"": 0.25}, ""y0_a1"": {""n"": 31, ""accuracy"": 0.5483870967741935}, ""y1_a0"": {""n"": 103, ""accuracy"": 0.8349514563106796}, ""y1_a1"": {""n"": 12, ""accuracy"": 1.0}}",0.43743267944082953
corr,debris,medsiglip_448,dfr,1.0,42,clean,0.8750310559006211,,0.8750310559006211,150,115,0,0.8066666666666666,0.7645962732919255,,"{""y0_a0"": {""n"": 35, ""accuracy"": 0.6857142857142857}, ""y0_a1"": {""n"": 0, ""accuracy"": NaN}, ""y1_a0"": {""n"": 115, ""accuracy"": 0.8434782608695652}, ""y1_a1"": {""n"": 0, ""accuracy"": NaN}}",0.5056932839803719
corr,debris,medsiglip_448,dfr,1.0,42,test_corr,0.8787577639751553,0.9900990099009901,0.865546218487395,150,115,102,0.8266666666666667,0.7776397515527951,0.6764705882352942,"{""y0_a0"": {""n"": 34, ""accuracy"": 0.6764705882352942}, ""y0_a1"": {""n"": 1, ""accuracy"": 1.0}, ""y1_a0"": {""n"": 14, ""accuracy"": 0.7857142857142857}, ""y1_a1"": {""n"": 101, ""accuracy"": 0.8811881188118812}}",0.5056932839803719
corr,debris,medsiglip_448,dfr,1.0,42,test_rev,0.8703105590062112,0.913978494623656,0.8495145631067961,150,115,43,0.8133333333333334,0.768944099378882,0.25,"{""y0_a0"": {""n"": 4, ""accuracy"": 0.25}, ""y0_a1"": {""n"": 31, ""accuracy"": 0.7419354838709677}, ""y1_a0"": {""n"": 103, ""accuracy"": 0.8446601941747572}, ""y1_a1"": {""n"": 12, ""accuracy"": 0.9166666666666666}}",0.5056932839803719
corr,debris,medsiglip_448,leace,1.0,42,clean,0.9110559006211179,,0.9110559006211179,150,115,0,0.8466666666666667,0.8105590062111802,,"{""y0_a0"": {""n"": 35, ""accuracy"": 0.7428571428571429}, ""y0_a1"": {""n"": 0, ""accuracy"": NaN}, ""y1_a0"": {""n"": 115, ""accuracy"": 0.8782608695652174}, ""y1_a1"": {""n"": 0, ""accuracy"": NaN}}",0.4836665553454259
corr,debris,medsiglip_448,leace,1.0,42,test_corr,0.9053416149068323,1.0,0.9096638655462186,150,115,102,0.8533333333333334,0.8149068322981367,0.7352941176470589,"{""y0_a0"": {""n"": 34, ""accuracy"": 0.7352941176470589}, ""y0_a1"": {""n"": 1, ""accuracy"": 1.0}, ""y1_a0"": {""n"": 14, ""accuracy"": 0.8571428571428571}, ""y1_a1"": {""n"": 101, ""accuracy"": 0.8910891089108911}}",0.4836665553454259
corr,debris,medsiglip_448,leace,1.0,42,test_rev,0.9132919254658385,0.967741935483871,0.9029126213592233,150,115,43,0.82,0.753416149068323,0.5,"{""y0_a0"": {""n"": 4, ""accuracy"": 0.5}, ""y0_a1"": {""n"": 31, ""accuracy"": 0.6451612903225806}, ""y1_a0"": {""n"": 103, ""accuracy"": 0.8640776699029126}, ""y1_a1"": {""n"": 12, ""accuracy"": 1.0}}",0.4836665553454259
corr,debris,medsiglip_448,umte_protect,1.0,42,clean,0.9140372670807454,,0.9140372670807454,150,115,0,0.88,0.8720496894409937,,"{""y0_a0"": {""n"": 35, ""accuracy"": 0.8571428571428571}, ""y0_a1"": {""n"": 0, ""accuracy"": NaN}, ""y1_a0"": {""n"": 115, ""accuracy"": 0.8869565217391304}, ""y1_a1"": {""n"": 0, ""accuracy"": NaN}}",0.21330168257663923
corr,debris,medsiglip_448,umte_protect,1.0,42,test_corr,0.9853416149068323,1.0,0.9516806722689075,150,115,102,0.9666666666666667,0.9285714285714286,0.8529411764705882,"{""y0_a0"": {""n"": 34, ""accuracy"": 0.8529411764705882}, ""y0_a1"": {""n"": 1, ""accuracy"": 1.0}, ""y1_a0"": {""n"": 14, ""accuracy"": 1.0}, ""y1_a1"": {""n"": 101, ""accuracy"": 1.0}}",0.21330168257663923
corr,debris,medsiglip_448,umte_protect,1.0,42,test_rev,0.5629813664596273,0.9327956989247311,0.9029126213592233,150,115,43,0.7133333333333334,0.5149068322981366,0.03225806451612903,"{""y0_a0"": {""n"": 4, ""accuracy"": 1.0}, ""y0_a1"": {""n"": 31, ""accuracy"": 0.03225806451612903}, ""y1_a0"": {""n"": 103, ""accuracy"": 0.8737864077669902}, ""y1_a1"": {""n"": 12, ""accuracy"": 1.0}}",0.21330168257663923
corr,debris,medsiglip_448,umte_protect_balanced,1.0,42,clean,0.9311801242236025,,0.9311801242236025,150,115,0,0.86,0.8590062111801242,,"{""y0_a0"": {""n"": 35, ""accuracy"": 0.8571428571428571}, ""y0_a1"": {""n"": 0, ""accuracy"": NaN}, ""y1_a0"": {""n"": 115, ""accuracy"": 0.8608695652173913}, ""y1_a1"": {""n"": 0, ""accuracy"": NaN}}",0.4454965383398182
corr,debris,medsiglip_448,umte_protect_balanced,1.0,42,test_corr,0.9547826086956522,1.0,0.9642857142857143,150,115,102,0.92,0.8981366459627329,0.8529411764705882,"{""y0_a0"": {""n"": 34, ""accuracy"": 0.8529411764705882}, ""y0_a1"": {""n"": 1, ""accuracy"": 1.0}, ""y1_a0"": {""n"": 14, ""accuracy"": 1.0}, ""y1_a1"": {""n"": 101, ""accuracy"": 0.9306930693069307}}",0.4454965383398182
corr,debris,medsiglip_448,umte_protect_balanced,1.0,42,test_rev,0.8566459627329193,0.9516129032258065,0.9466019417475728,150,115,43,0.8133333333333334,0.7590062111801242,0.6129032258064516,"{""y0_a0"": {""n"": 4, ""accuracy"": 1.0}, ""y0_a1"": {""n"": 31, ""accuracy"": 0.6129032258064516}, ""y1_a0"": {""n"": 103, ""accuracy"": 0.8446601941747572}, ""y1_a1"": {""n"": 12, ""accuracy"": 1.0}}",0.4454965383398182
corr,debris,medsiglip_448,i2e,1.0,42,clean,0.8961490683229814,,0.8961490683229814,150,115,0,0.8133333333333334,0.7987577639751553,,"{""y0_a0"": {""n"": 35, ""accuracy"": 0.7714285714285715}, ""y0_a1"": {""n"": 0, ""accuracy"": NaN}, ""y1_a0"": {""n"": 115, ""accuracy"": 0.8260869565217391}, ""y1_a1"": {""n"": 0, ""accuracy"": NaN}}",0.26708520133288194
corr,debris,medsiglip_448,i2e,1.0,42,test_corr,0.9828571428571429,1.0,0.8802521008403361,150,115,102,0.92,0.858385093167702,0.0,"{""y0_a0"": {""n"": 34, ""accuracy"": 0.7647058823529411}, ""y0_a1"": {""n"": 1, ""accuracy"": 0.0}, ""y1_a0"": {""n"": 14, ""accuracy"": 0.7857142857142857}, ""y1_a1"": {""n"": 101, ""accuracy"": 1.0}}",0.26708520133288194
corr,debris,medsiglip_448,i2e,1.0,42,test_rev,0.2944099378881988,0.9381720430107527,0.9101941747572816,150,115,43,0.66,0.46024844720496894,0.0,"{""y0_a0"": {""n"": 4, ""accuracy"": 0.75}, ""y0_a1"": {""n"": 31, ""accuracy"": 0.0}, ""y1_a0"": {""n"": 103, ""accuracy"": 0.8155339805825242}, ""y1_a1"": {""n"": 12, ""accuracy"": 1.0}}",0.26708520133288194
corr,debris,medsiglip_448,i2e_balanced,1.0,42,clean,0.8886956521739131,,0.8886956521739131,150,115,0,0.8266666666666667,0.7677018633540373,,"{""y0_a0"": {""n"": 35, ""accuracy"": 0.6571428571428571}, ""y0_a1"": {""n"": 0, ""accuracy"": NaN}, ""y1_a0"": {""n"": 115, ""accuracy"": 0.8782608695652174}, ""y1_a1"": {""n"": 0, ""accuracy"": NaN}}",0.3869105492823776
corr,debris,medsiglip_448,i2e_balanced,1.0,42,test_corr,0.9587577639751553,1.0,0.8970588235294118,150,115,102,0.9066666666666666,0.8198757763975155,0.6470588235294118,"{""y0_a0"": {""n"": 34, ""accuracy"": 0.6470588235294118}, ""y0_a1"": {""n"": 1, ""accuracy"": 1.0}, ""y1_a0"": {""n"": 14, ""accuracy"": 0.8571428571428571}, ""y1_a1"": {""n"": 101, ""accuracy"": 1.0}}",0.3869105492823776
corr,debris,medsiglip_448,i2e_balanced,1.0,42,test_rev,0.7527950310559006,0.9408602150537634,0.7815533980582524,150,115,43,0.7466666666666667,0.5962732919254659,0.25,"{""y0_a0"": {""n"": 4, ""accuracy"": 0.25}, ""y0_a1"": {""n"": 31, ""accuracy"": 0.3225806451612903}, ""y1_a0"": {""n"": 103, ""accuracy"": 0.8737864077669902}, ""y1_a1"": {""n"": 12, ""accuracy"": 0.9166666666666666}}",0.3869105492823776
corr,debris,medsiglip_448,i2e_rank1,1.0,42,clean,0.9003726708074534,,0.9003726708074534,150,115,0,0.84,0.7763975155279503,,"{""y0_a0"": {""n"": 35, ""accuracy"": 0.6571428571428571}, ""y0_a1"": {""n"": 0, ""accuracy"": NaN}, ""y1_a0"": {""n"": 115, ""accuracy"": 0.8956521739130435}, ""y1_a1"": {""n"": 0, ""accuracy"": NaN}}",0.1727110422544767
corr,debris,medsiglip_448,i2e_rank1,1.0,42,test_corr,0.9816149068322981,0.9702970297029703,0.8802521008403361,150,115,102,0.8933333333333333,0.8012422360248448,0.0,"{""y0_a0"": {""n"": 34, ""accuracy"": 0.6470588235294118}, ""y0_a1"": {""n"": 1, ""accuracy"": 0.0}, ""y1_a0"": {""n"": 14, ""accuracy"": 0.7857142857142857}, ""y1_a1"": {""n"": 101, ""accuracy"": 1.0}}",0.1727110422544767
corr,debris,medsiglip_448,i2e_rank1,1.0,42,test_rev,0.3739130434782609,0.9381720430107527,0.9077669902912622,150,115,43,0.7066666666666667,0.48074534161490684,0.0,"{""y0_a0"": {""n"": 4, ""accuracy"": 0.5}, ""y0_a1"": {""n"": 31, ""accuracy"": 0.0}, ""y1_a0"": {""n"": 103, ""accuracy"": 0.8932038834951457}, ""y1_a1"": {""n"": 12, ""accuracy"": 1.0}}",0.1727110422544767
corr,debris,medsiglip_448,insert_aug,1.0,42,clean,0.920248447204969,,0.920248447204969,150,115,0,0.86,0.7795031055900621,,"{""y0_a0"": {""n"": 35, ""accuracy"": 0.6285714285714286}, ""y0_a1"": {""n"": 0, ""accuracy"": NaN}, ""y1_a0"": {""n"": 115, ""accuracy"": 0.9304347826086956}, ""y1_a1"": {""n"": 0, ""accuracy"": NaN}}",0.21035349066165132
corr,debris,medsiglip_448,insert_aug,1.0,42,test_corr,0.9845962732919255,1.0,0.9033613445378151,150,115,102,0.8933333333333333,0.7913043478260869,0.0,"{""y0_a0"": {""n"": 34, ""accuracy"": 0.6176470588235294}, ""y0_a1"": {""n"": 1, ""accuracy"": 0.0}, ""y1_a0"": {""n"": 14, ""accuracy"": 0.8571428571428571}, ""y1_a1"": {""n"": 101, ""accuracy"": 1.0}}",0.21035349066165132
corr,debris,medsiglip_448,insert_aug,1.0,42,test_rev,0.5403726708074534,0.9596774193548387,0.9490291262135923,150,115,43,0.7266666666666667,0.4937888198757764,0.0,"{""y0_a0"": {""n"": 4, ""accuracy"": 0.5}, ""y0_a1"": {""n"": 31, ""accuracy"": 0.0}, ""y1_a0"": {""n"": 103, ""accuracy"": 0.9223300970873787}, ""y1_a1"": {""n"": 12, ""accuracy"": 1.0}}",0.21035349066165132
corr,debris,medsiglip_448,mte,1.0,42,clean,0.92944099378882,,0.92944099378882,150,115,0,0.8466666666666667,0.860248447204969,,"{""y0_a0"": {""n"": 35, ""accuracy"": 0.8857142857142857}, ""y0_a1"": {""n"": 0, ""accuracy"": NaN}, ""y1_a0"": {""n"": 115, ""accuracy"": 0.8347826086956521}, ""y1_a1"": {""n"": 0, ""accuracy"": NaN}}",0.18461247741354772
corr,debris,medsiglip_448,mte,1.0,42,test_corr,0.9952795031055901,1.0,0.9621848739495797,150,115,102,0.9666666666666667,0.9385093167701863,0.8823529411764706,"{""y0_a0"": {""n"": 34, ""accuracy"": 0.8823529411764706}, ""y0_a1"": {""n"": 1, ""accuracy"": 1.0}, ""y1_a0"": {""n"": 14, ""accuracy"": 0.9285714285714286}, ""y1_a1"": {""n"": 101, ""accuracy"": 1.0}}",0.18461247741354772
corr,debris,medsiglip_448,mte,1.0,42,test_rev,0.25142857142857145,0.9596774193548386,0.9344660194174758,150,115,43,0.6666666666666666,0.4745341614906832,0.03225806451612903,"{""y0_a0"": {""n"": 4, ""accuracy"": 0.75}, ""y0_a1"": {""n"": 31, ""accuracy"": 0.03225806451612903}, ""y1_a0"": {""n"": 103, ""accuracy"": 0.8155339805825242}, ""y1_a1"": {""n"": 12, ""accuracy"": 1.0}}",0.18461247741354772
corr,debris,medsiglip_448,mte_balanced,1.0,42,clean,0.937639751552795,,0.937639751552795,150,115,0,0.8133333333333334,0.8583850931677018,,"{""y0_a0"": {""n"": 35, ""accuracy"": 0.9428571428571428}, ""y0_a1"": {""n"": 0, ""accuracy"": NaN}, ""y1_a0"": {""n"": 115, ""accuracy"": 0.7739130434782608}, ""y1_a1"": {""n"": 0, ""accuracy"": NaN}}",0.5004618474635748
corr,debris,medsiglip_448,mte_balanced,1.0,42,test_corr,0.9793788819875777,0.9900990099009901,0.9726890756302521,150,115,102,0.9333333333333333,0.9366459627329192,0.8571428571428571,"{""y0_a0"": {""n"": 34, ""accuracy"": 0.9411764705882353}, ""y0_a1"": {""n"": 1, ""accuracy"": 1.0}, ""y1_a0"": {""n"": 14, ""accuracy"": 0.8571428571428571}, ""y1_a1"": {""n"": 101, ""accuracy"": 0.9405940594059405}}",0.5004618474635748
corr,debris,medsiglip_448,mte_balanced,1.0,42,test_rev,0.8121739130434783,0.9758064516129032,0.9684466019417476,150,115,43,0.7466666666666667,0.7155279503105589,0.6129032258064516,"{""y0_a0"": {""n"": 4, ""accuracy"": 1.0}, ""y0_a1"": {""n"": 31, ""accuracy"": 0.6129032258064516}, ""y1_a0"": {""n"": 103, ""accuracy"": 0.7475728155339806}, ""y1_a1"": {""n"": 12, ""accuracy"": 1.0}}",0.5004618474635748
corr,debris,medsiglip_448,ui2e,1.0,42,clean,0.8658385093167702,,0.8658385093167702,150,115,0,0.84,0.8161490683229814,,"{""y0_a0"": {""n"": 35, ""accuracy"": 0.7714285714285715}, ""y0_a1"": {""n"": 0, ""accuracy"": NaN}, ""y1_a0"": {""n"": 115, ""accuracy"": 0.8608695652173913}, ""y1_a1"": {""n"": 0, ""accuracy"": NaN}}",0.49988731074295617
corr,debris,medsiglip_448,ui2e,1.0,42,test_corr,0.9299378881987577,1.0,0.865546218487395,150,115,102,0.9,0.8552795031055901,0.7647058823529411,"{""y0_a0"": {""n"": 34, ""accuracy"": 0.7647058823529411}, ""y0_a1"": {""n"": 1, ""accuracy"": 1.0}, ""y1_a0"": {""n"": 14, ""accuracy"": 0.7857142857142857}, ""y1_a1"": {""n"": 101, ""accuracy"": 0.9603960396039604}}",0.49988731074295617
corr,debris,medsiglip_448,ui2e,1.0,42,test_rev,0.764472049689441,0.9193548387096774,0.8762135922330098,150,115,43,0.8066666666666666,0.7347826086956522,0.5806451612903226,"{""y0_a0"": {""n"": 4, ""accuracy"": 0.75}, ""y0_a1"": {""n"": 31, ""accuracy"": 0.5806451612903226}, ""y1_a0"": {""n"": 103, ""accuracy"": 0.8543689320388349}, ""y1_a1"": {""n"": 12, ""accuracy"": 1.0}}",0.49988731074295617
corr,debris,medsiglip_448,ui2e_balanced,1.0,42,clean,0.8827329192546584,,0.8827329192546584,150,115,0,0.8466666666666667,0.7708074534161491,,"{""y0_a0"": {""n"": 35, ""accuracy"": 0.6285714285714286}, ""y0_a1"": {""n"": 0, ""accuracy"": NaN}, ""y1_a0"": {""n"": 115, ""accuracy"": 0.9130434782608695}, ""y1_a1"": {""n"": 0, ""accuracy"": NaN}}",0.4704460517393862
corr,debris,medsiglip_448,ui2e_balanced,1.0,42,test_corr,0.8944099378881987,1.0,0.8823529411764706,150,115,102,0.8466666666666667,0.7708074534161491,0.6176470588235294,"{""y0_a0"": {""n"": 34, ""accuracy"": 0.6176470588235294}, ""y0_a1"": {""n"": 1, ""accuracy"": 1.0}, ""y1_a0"": {""n"": 14, ""accuracy"": 0.8571428571428571}, ""y1_a1"": {""n"": 101, ""accuracy"": 0.9207920792079208}}",0.4704460517393862
corr,debris,medsiglip_448,ui2e_balanced,1.0,42,test_rev,0.8705590062111802,0.9301075268817204,0.7815533980582524,150,115,43,0.8333333333333334,0.7422360248447204,0.25,"{""y0_a0"": {""n"": 4, ""accuracy"": 0.25}, ""y0_a1"": {""n"": 31, ""accuracy"": 0.6129032258064516}, ""y1_a0"": {""n"": 103, ""accuracy"": 0.912621359223301}, ""y1_a1"": {""n"": 12, ""accuracy"": 0.9166666666666666}}",0.4704460517393862
corr,debris,medsiglip_448,umte,1.0,42,clean,0.8872049689440994,,0.8872049689440994,150,115,0,0.8533333333333334,0.8248447204968945,,"{""y0_a0"": {""n"": 35, ""accuracy"": 0.7714285714285715}, ""y0_a1"": {""n"": 0, ""accuracy"": NaN}, ""y1_a0"": {""n"": 115, ""accuracy"": 0.8782608695652174}, ""y1_a1"": {""n"": 0, ""accuracy"": NaN}}",0.22211051884523247
corr,debris,medsiglip_448,umte,1.0,42,test_corr,0.9888198757763975,1.0,0.9243697478991596,150,115,102,0.9466666666666667,0.8857142857142857,0.7647058823529411,"{""y0_a0"": {""n"": 34, ""accuracy"": 0.7647058823529411}, ""y0_a1"": {""n"": 1, ""accuracy"": 1.0}, ""y1_a0"": {""n"": 14, ""accuracy"": 1.0}, ""y1_a1"": {""n"": 101, ""accuracy"": 1.0}}",0.22211051884523247
corr,debris,medsiglip_448,umte,1.0,42,test_rev,0.3567701863354037,0.9193548387096774,0.8956310679611651,150,115,43,0.6933333333333334,0.4819875776397516,0.03225806451612903,"{""y0_a0"": {""n"": 4, ""accuracy"": 0.5}, ""y0_a1"": {""n"": 31, ""accuracy"": 0.03225806451612903}, ""y1_a0"": {""n"": 103, ""accuracy"": 0.8640776699029126}, ""y1_a1"": {""n"": 12, ""accuracy"": 1.0}}",0.22211051884523247
corr,debris,medsiglip_448,umte_balanced,1.0,42,clean,0.937639751552795,,0.937639751552795,150,115,0,0.86,0.868944099378882,,"{""y0_a0"": {""n"": 35, ""accuracy"": 0.8857142857142857}, ""y0_a1"": {""n"": 0, ""accuracy"": NaN}, ""y1_a0"": {""n"": 115, ""accuracy"": 0.8521739130434782}, ""y1_a1"": {""n"": 0, ""accuracy"": NaN}}",0.5015529090070883
corr,debris,medsiglip_448,umte_balanced,1.0,42,test_corr,0.9709316770186336,1.0,0.9726890756302521,150,115,102,0.92,0.9080745341614906,0.8823529411764706,"{""y0_a0"": {""n"": 34, ""accuracy"": 0.8823529411764706}, ""y0_a1"": {""n"": 1, ""accuracy"": 1.0}, ""y1_a0"": {""n"": 14, ""accuracy"": 0.9285714285714286}, ""y1_a1"": {""n"": 101, ""accuracy"": 0.9306930693069307}}",0.5015529090070883
corr,debris,medsiglip_448,umte_balanced,1.0,42,test_rev,0.8382608695652173,0.9596774193548387,0.9320388349514563,150,115,43,0.8,0.7304347826086957,0.5483870967741935,"{""y0_a0"": {""n"": 4, ""accuracy"": 1.0}, ""y0_a1"": {""n"": 31, ""accuracy"": 0.5483870967741935}, ""y1_a0"": {""n"": 103, ""accuracy"": 0.8446601941747572}, ""y1_a1"": {""n"": 12, ""accuracy"": 1.0}}",0.5015529090070883
corr,debris,medsiglip_448,erm,1.0,123,clean,0.8760248447204968,,0.8760248447204968,150,115,0,0.8266666666666667,0.8074534161490683,,"{""y0_a0"": {""n"": 35, ""accuracy"": 0.7714285714285715}, ""y0_a1"": {""n"": 0, ""accuracy"": NaN}, ""y1_a0"": {""n"": 115, ""accuracy"": 0.8434782608695652}, ""y1_a1"": {""n"": 0, ""accuracy"": NaN}}",0.16277214095097292
corr,debris,medsiglip_448,erm,1.0,123,test_corr,0.924472049689441,0.7210884353741497,0.9107142857142857,150,115,112,0.9133333333333333,0.824223602484472,0.0,"{""y0_a0"": {""n"": 28, ""accuracy"": 0.8214285714285714}, ""y0_a1"": {""n"": 7, ""accuracy"": 0.0}, ""y1_a0"": {""n"": 10, ""accuracy"": 0.9}, ""y1_a1"": {""n"": 105, ""accuracy"": 1.0}}",0.16277214095097292
corr,debris,medsiglip_448,erm,1.0,123,test_rev,0.2144099378881988,0.8354978354978354,0.8333333333333333,150,115,40,0.6533333333333333,0.4360248447204969,0.0,"{""y0_a0"": {""n"": 2, ""accuracy"": 0.5}, ""y0_a1"": {""n"": 33, ""accuracy"": 0.0}, ""y1_a0"": {""n"": 108, ""accuracy"": 0.8333333333333334}, ""y1_a1"": {""n"": 7, ""accuracy"": 1.0}}",0.16277214095097292
corr,debris,medsiglip_448,mask,1.0,123,clean,0.9212422360248448,,0.9212422360248448,150,115,0,0.8533333333333334,0.8149068322981367,,"{""y0_a0"": {""n"": 35, ""accuracy"": 0.7428571428571429}, ""y0_a1"": {""n"": 0, ""accuracy"": NaN}, ""y1_a0"": {""n"": 115, ""accuracy"": 0.8869565217391304}, ""y1_a1"": {""n"": 0, ""accuracy"": NaN}}",0.09980523151572918
corr,debris,medsiglip_448,mask,1.0,123,test_corr,0.9662111801242237,0.9401360544217686,0.8607142857142858,150,115,112,0.8866666666666667,0.7770186335403726,0.0,"{""y0_a0"": {""n"": 28, ""accuracy"": 0.7142857142857143}, ""y0_a1"": {""n"": 7, ""accuracy"": 0.0}, ""y1_a0"": {""n"": 10, ""accuracy"": 0.8}, ""y1_a1"": {""n"": 105, ""accuracy"": 1.0}}",0.09980523151572918
corr,debris,medsiglip_448,mask,1.0,123,test_rev,0.44795031055900625,0.8701298701298701,0.9907407407407407,150,115,40,0.7066666666666667,0.49068322981366463,0.030303030303030304,"{""y0_a0"": {""n"": 2, ""accuracy"": 1.0}, ""y0_a1"": {""n"": 33, ""accuracy"": 0.030303030303030304}, ""y1_a0"": {""n"": 108, ""accuracy"": 0.8888888888888888}, ""y1_a1"": {""n"": 7, ""accuracy"": 1.0}}",0.09980523151572918
corr,debris,medsiglip_448,inpaint,1.0,123,clean,0.9118012422360249,,0.9118012422360249,150,115,0,0.8733333333333333,0.8080745341614907,,"{""y0_a0"": {""n"": 35, ""accuracy"": 0.6857142857142857}, ""y0_a1"": {""n"": 0, ""accuracy"": NaN}, ""y1_a0"": {""n"": 115, ""accuracy"": 0.9304347826086956}, ""y1_a1"": {""n"": 0, ""accuracy"": NaN}}",0.3454367275103972
corr,debris,medsiglip_448,inpaint,1.0,123,test_corr,0.9294409937888198,0.8829931972789116,0.9357142857142857,150,115,112,0.8933333333333333,0.8211180124223603,0.42857142857142855,"{""y0_a0"": {""n"": 28, ""accuracy"": 0.75}, ""y0_a1"": {""n"": 7, ""accuracy"": 0.42857142857142855}, ""y1_a0"": {""n"": 10, ""accuracy"": 1.0}, ""y1_a1"": {""n"": 105, ""accuracy"": 0.9523809523809523}}",0.3454367275103972
corr,debris,medsiglip_448,inpaint,1.0,123,test_rev,0.8633540372670807,0.9307359307359307,0.8657407407407407,150,115,40,0.8466666666666667,0.7509316770186335,0.5,"{""y0_a0"": {""n"": 2, ""accuracy"": 0.5}, ""y0_a1"": {""n"": 33, ""accuracy"": 0.5757575757575758}, ""y1_a0"": {""n"": 108, ""accuracy"": 0.9259259259259259}, ""y1_a1"": {""n"": 7, ""accuracy"": 1.0}}",0.3454367275103972
corr,debris,medsiglip_448,balanced,1.0,123,clean,0.8715527950310559,,0.8715527950310559,150,115,0,0.7933333333333333,0.775776397515528,,"{""y0_a0"": {""n"": 35, ""accuracy"": 0.7428571428571429}, ""y0_a1"": {""n"": 0, ""accuracy"": NaN}, ""y1_a0"": {""n"": 115, ""accuracy"": 0.808695652173913}, ""y1_a1"": {""n"": 0, ""accuracy"": NaN}}",0.5127488629160326
corr,debris,medsiglip_448,balanced,1.0,123,test_corr,0.8854658385093168,0.7537414965986395,0.9107142857142857,150,115,112,0.84,0.7763975155279503,0.14285714285714285,"{""y0_a0"": {""n"": 28, ""accuracy"": 0.7857142857142857}, ""y0_a1"": {""n"": 7, ""accuracy"": 0.14285714285714285}, ""y1_a0"": {""n"": 10, ""accuracy"": 0.9}, ""y1_a1"": {""n"": 105, ""accuracy"": 0.8952380952380953}}",0.5127488629160326
corr,debris,medsiglip_448,balanced,1.0,123,test_rev,0.8161490683229814,0.9393939393939394,0.6759259259259259,150,115,40,0.7666666666666667,0.7086956521739131,0.5,"{""y0_a0"": {""n"": 2, ""accuracy"": 0.5}, ""y0_a1"": {""n"": 33, ""accuracy"": 0.6060606060606061}, ""y1_a0"": {""n"": 108, ""accuracy"": 0.8055555555555556}, ""y1_a1"": {""n"": 7, ""accuracy"": 1.0}}",0.5127488629160326
corr,debris,medsiglip_448,dfr,1.0,123,clean,0.8800000000000001,,0.8800000000000001,150,115,0,0.82,0.7931677018633541,,"{""y0_a0"": {""n"": 35, ""accuracy"": 0.7428571428571429}, ""y0_a1"": {""n"": 0, ""accuracy"": NaN}, ""y1_a0"": {""n"": 115, ""accuracy"": 0.8434782608695652}, ""y1_a1"": {""n"": 0, ""accuracy"": NaN}}",0.5380641082658821
corr,debris,medsiglip_448,dfr,1.0,123,test_corr,0.8772670807453417,0.8299319727891156,0.8928571428571429,150,115,112,0.8333333333333334,0.801863354037267,0.42857142857142855,"{""y0_a0"": {""n"": 28, ""accuracy"": 0.8214285714285714}, ""y0_a1"": {""n"": 7, ""accuracy"": 0.42857142857142855}, ""y1_a0"": {""n"": 10, ""accuracy"": 0.9}, ""y1_a1"": {""n"": 105, ""accuracy"": 0.8571428571428571}}",0.5380641082658821
corr,debris,medsiglip_448,dfr,1.0,123,test_rev,0.8722981366459627,0.9523809523809523,0.8055555555555556,150,115,40,0.8133333333333334,0.7788819875776398,0.5,"{""y0_a0"": {""n"": 2, ""accuracy"": 0.5}, ""y0_a1"": {""n"": 33, ""accuracy"": 0.7272727272727273}, ""y1_a0"": {""n"": 108, ""accuracy"": 0.8333333333333334}, ""y1_a1"": {""n"": 7, ""accuracy"": 1.0}}",0.5380641082658821
corr,debris,medsiglip_448,leace,1.0,123,clean,0.9130434782608696,,0.9130434782608696,150,115,0,0.86,0.8192546583850933,,"{""y0_a0"": {""n"": 35, ""accuracy"": 0.7428571428571429}, ""y0_a1"": {""n"": 0, ""accuracy"": NaN}, ""y1_a0"": {""n"": 115, ""accuracy"": 0.8956521739130435}, ""y1_a1"": {""n"": 0, ""accuracy"": NaN}}",0.4741680245978819
corr,debris,medsiglip_448,leace,1.0,123,test_corr,0.9122981366459627,0.8952380952380953,0.9535714285714286,150,115,112,0.8533333333333334,0.8049689440993789,0.42857142857142855,"{""y0_a0"": {""n"": 28, ""accuracy"": 0.7857142857142857}, ""y0_a1"": {""n"": 7, ""accuracy"": 0.42857142857142855}, ""y1_a0"": {""n"": 10, ""accuracy"": 1.0}, ""y1_a1"": {""n"": 105, ""accuracy"": 0.8857142857142857}}",0.4741680245978819
corr,debris,medsiglip_448,leace,1.0,123,test_rev,0.9078260869565218,0.948051948051948,0.8564814814814814,150,115,40,0.8333333333333334,0.7621118012422361,0.5,"{""y0_a0"": {""n"": 2, ""accuracy"": 0.5}, ""y0_a1"": {""n"": 33, ""accuracy"": 0.6363636363636364}, ""y1_a0"": {""n"": 108, ""accuracy"": 0.8888888888888888}, ""y1_a1"": {""n"": 7, ""accuracy"": 1.0}}",0.4741680245978819
corr,debris,medsiglip_448,umte_protect,1.0,123,clean,0.9296894409937887,,0.9296894409937887,150,115,0,0.8533333333333334,0.7850931677018633,,"{""y0_a0"": {""n"": 35, ""accuracy"": 0.6571428571428571}, ""y0_a1"": {""n"": 0, ""accuracy"": NaN}, ""y1_a0"": {""n"": 115, ""accuracy"": 0.9130434782608695}, ""y1_a1"": {""n"": 0, ""accuracy"": NaN}}",0.42796097629137725
corr,debris,medsiglip_448,umte_protect,1.0,123,test_corr,0.9475776397515527,0.8448979591836735,0.9071428571428571,150,115,112,0.8933333333333333,0.7813664596273292,0.14285714285714285,"{""y0_a0"": {""n"": 28, ""accuracy"": 0.6785714285714286}, ""y0_a1"": {""n"": 7, ""accuracy"": 0.14285714285714285}, ""y1_a0"": {""n"": 10, ""accuracy"": 0.9}, ""y1_a1"": {""n"": 105, ""accuracy"": 1.0}}",0.42796097629137725
corr,debris,medsiglip_448,umte_protect,1.0,123,test_rev,0.6832298136645962,0.9047619047619049,0.9398148148148149,150,115,40,0.7266666666666667,0.5037267080745341,0.06060606060606061,"{""y0_a0"": {""n"": 2, ""accuracy"": 0.5}, ""y0_a1"": {""n"": 33, ""accuracy"": 0.06060606060606061}, ""y1_a0"": {""n"": 108, ""accuracy"": 0.9166666666666666}, ""y1_a1"": {""n"": 7, ""accuracy"": 1.0}}",0.42796097629137725
corr,debris,medsiglip_448,umte_protect_balanced,1.0,123,clean,0.9319254658385093,,0.9319254658385093,150,115,0,0.88,0.8521739130434782,,"{""y0_a0"": {""n"": 35, ""accuracy"": 0.8}, ""y0_a1"": {""n"": 0, ""accuracy"": NaN}, ""y1_a0"": {""n"": 115, ""accuracy"": 0.9043478260869565}, ""y1_a1"": {""n"": 0, ""accuracy"": NaN}}",0.3368450399971185
corr,debris,medsiglip_448,umte_protect_balanced,1.0,123,test_corr,0.9301863354037267,0.9401360544217687,0.8678571428571429,150,115,112,0.8866666666666667,0.8267080745341615,0.42857142857142855,"{""y0_a0"": {""n"": 28, ""accuracy"": 0.7857142857142857}, ""y0_a1"": {""n"": 7, ""accuracy"": 0.42857142857142855}, ""y1_a0"": {""n"": 10, ""accuracy"": 0.8}, ""y1_a1"": {""n"": 105, ""accuracy"": 0.9523809523809523}}",0.3368450399971185
corr,debris,medsiglip_448,umte_protect_balanced,1.0,123,test_rev,0.8655900621118011,0.8917748917748918,0.9907407407407407,150,115,40,0.82,0.7136645962732919,0.48484848484848486,"{""y0_a0"": {""n"": 2, ""accuracy"": 1.0}, ""y0_a1"": {""n"": 33, ""accuracy"": 0.48484848484848486}, ""y1_a0"": {""n"": 108, ""accuracy"": 0.9074074074074074}, ""y1_a1"": {""n"": 7, ""accuracy"": 1.0}}",0.3368450399971185
corr,debris,medsiglip_448,i2e,1.0,123,clean,0.8867080745341616,,0.8867080745341616,150,115,0,0.8533333333333334,0.7652173913043478,,"{""y0_a0"": {""n"": 35, ""accuracy"": 0.6}, ""y0_a1"": {""n"": 0, ""accuracy"": NaN}, ""y1_a0"": {""n"": 115, ""accuracy"": 0.9304347826086956}, ""y1_a1"": {""n"": 0, ""accuracy"": NaN}}",0.18010064099072332
corr,debris,medsiglip_448,i2e,1.0,123,test_corr,0.9239751552795031,0.7047619047619047,0.9285714285714286,150,115,112,0.9,0.7857142857142857,0.0,"{""y0_a0"": {""n"": 28, ""accuracy"": 0.7142857142857143}, ""y0_a1"": {""n"": 7, ""accuracy"": 0.0}, ""y1_a0"": {""n"": 10, ""accuracy"": 1.0}, ""y1_a1"": {""n"": 105, ""accuracy"": 1.0}}",0.18010064099072332
corr,debris,medsiglip_448,i2e,1.0,123,test_rev,0.16670807453416148,0.7835497835497836,0.8472222222222222,150,115,40,0.72,0.4795031055900621,0.0,"{""y0_a0"": {""n"": 2, ""accuracy"": 0.5}, ""y0_a1"": {""n"": 33, ""accuracy"": 0.0}, ""y1_a0"": {""n"": 108, ""accuracy"": 0.9259259259259259}, ""y1_a1"": {""n"": 7, ""accuracy"": 1.0}}",0.18010064099072332
corr,debris,medsiglip_448,i2e_balanced,1.0,123,clean,0.8713043478260869,,0.8713043478260869,150,115,0,0.82,0.7931677018633541,,"{""y0_a0"": {""n"": 35, ""accuracy"": 0.7428571428571429}, ""y0_a1"": {""n"": 0, ""accuracy"": NaN}, ""y1_a0"": {""n"": 115, ""accuracy"": 0.8434782608695652}, ""y1_a1"": {""n"": 0, ""accuracy"": NaN}}",0.49938019992933336
corr,debris,medsiglip_448,i2e_balanced,1.0,123,test_corr,0.8988819875776397,0.7346938775510203,0.9178571428571429,150,115,112,0.8733333333333333,0.7981366459627329,0.0,"{""y0_a0"": {""n"": 28, ""accuracy"": 0.8214285714285714}, ""y0_a1"": {""n"": 7, ""accuracy"": 0.0}, ""y1_a0"": {""n"": 10, ""accuracy"": 1.0}, ""y1_a1"": {""n"": 105, ""accuracy"": 0.9333333333333333}}",0.49938019992933336
corr,debris,medsiglip_448,i2e_balanced,1.0,123,test_rev,0.7500621118012423,0.9004329004329004,0.7037037037037037,150,115,40,0.78,0.6975155279503105,0.5,"{""y0_a0"": {""n"": 2, ""accuracy"": 0.5}, ""y0_a1"": {""n"": 33, ""accuracy"": 0.5454545454545454}, ""y1_a0"": {""n"": 108, ""accuracy"": 0.8425925925925926}, ""y1_a1"": {""n"": 7, ""accuracy"": 1.0}}",0.49938019992933336
corr,debris,medsiglip_448,i2e_rank1,1.0,123,clean,0.8837267080745341,,0.8837267080745341,150,115,0,0.8333333333333334,0.801863354037267,,"{""y0_a0"": {""n"": 35, ""accuracy"": 0.7428571428571429}, ""y0_a1"": {""n"": 0, ""accuracy"": NaN}, ""y1_a0"": {""n"": 115, ""accuracy"": 0.8608695652173913}, ""y1_a1"": {""n"": 0, ""accuracy"": NaN}}",0.16966538399407474
corr,debris,medsiglip_448,i2e_rank1,1.0,123,test_corr,0.9242236024844721,0.7170068027210884,0.9178571428571428,150,115,112,0.9133333333333333,0.8142857142857143,0.0,"{""y0_a0"": {""n"": 28, ""accuracy"": 0.7857142857142857}, ""y0_a1"": {""n"": 7, ""accuracy"": 0.0}, ""y1_a0"": {""n"": 10, ""accuracy"": 1.0}, ""y1_a1"": {""n"": 105, ""accuracy"": 1.0}}",0.16966538399407474
corr,debris,medsiglip_448,i2e_rank1,1.0,123,test_rev,0.25614906832298134,0.8181818181818181,0.8287037037037037,150,115,40,0.6666666666666666,0.44472049689440996,0.0,"{""y0_a0"": {""n"": 2, ""accuracy"": 0.5}, ""y0_a1"": {""n"": 33, ""accuracy"": 0.0}, ""y1_a0"": {""n"": 108, ""accuracy"": 0.8518518518518519}, ""y1_a1"": {""n"": 7, ""accuracy"": 1.0}}",0.16966538399407474
corr,debris,medsiglip_448,insert_aug,1.0,123,clean,0.8973913043478261,,0.8973913043478261,150,115,0,0.8533333333333334,0.8049689440993789,,"{""y0_a0"": {""n"": 35, ""accuracy"": 0.7142857142857143}, ""y0_a1"": {""n"": 0, ""accuracy"": NaN}, ""y1_a0"": {""n"": 115, ""accuracy"": 0.8956521739130435}, ""y1_a1"": {""n"": 0, ""accuracy"": NaN}}",0.20601131177077445
corr,debris,medsiglip_448,insert_aug,1.0,123,test_corr,0.9416149068322981,0.801360544217687,0.9392857142857144,150,115,112,0.9133333333333333,0.8142857142857143,0.0,"{""y0_a0"": {""n"": 28, ""accuracy"": 0.7857142857142857}, ""y0_a1"": {""n"": 7, ""accuracy"": 0.0}, ""y1_a0"": {""n"": 10, ""accuracy"": 1.0}, ""y1_a1"": {""n"": 105, ""accuracy"": 1.0}}",0.20601131177077445
corr,debris,medsiglip_448,insert_aug,1.0,123,test_rev,0.4447204968944099,0.9047619047619048,0.837962962962963,150,115,40,0.6933333333333334,0.46211180124223605,0.0,"{""y0_a0"": {""n"": 2, ""accuracy"": 0.5}, ""y0_a1"": {""n"": 33, ""accuracy"": 0.0}, ""y1_a0"": {""n"": 108, ""accuracy"": 0.8888888888888888}, ""y1_a1"": {""n"": 7, ""accuracy"": 1.0}}",0.20601131177077445
corr,debris,medsiglip_448,mte,1.0,123,clean,0.8976397515527951,,0.8976397515527951,150,115,0,0.8466666666666667,0.8105590062111802,,"{""y0_a0"": {""n"": 35, ""accuracy"": 0.7428571428571429}, ""y0_a1"": {""n"": 0, ""accuracy"": NaN}, ""y1_a0"": {""n"": 115, ""accuracy"": 0.8782608695652174}, ""y1_a1"": {""n"": 0, ""accuracy"": NaN}}",0.12348498153780252
corr,debris,medsiglip_448,mte,1.0,123,test_corr,0.9652173913043478,0.94421768707483,0.8892857142857142,150,115,112,0.9,0.7956521739130435,0.0,"{""y0_a0"": {""n"": 28, ""accuracy"": 0.75}, ""y0_a1"": {""n"": 7, ""accuracy"": 0.0}, ""y1_a0"": {""n"": 10, ""accuracy"": 0.9}, ""y1_a1"": {""n"": 105, ""accuracy"": 1.0}}",0.12348498153780252
corr,debris,medsiglip_448,mte,1.0,123,test_rev,0.14037267080745344,0.8181818181818182,0.9722222222222222,150,115,40,0.6933333333333334,0.4720496894409938,0.0,"{""y0_a0"": {""n"": 2, ""accuracy"": 1.0}, ""y0_a1"": {""n"": 33, ""accuracy"": 0.0}, ""y1_a0"": {""n"": 108, ""accuracy"": 0.8796296296296297}, ""y1_a1"": {""n"": 7, ""accuracy"": 1.0}}",0.12348498153780252
corr,debris,medsiglip_448,mte_balanced,1.0,123,clean,0.9314285714285715,,0.9314285714285715,150,115,0,0.86,0.8391304347826087,,"{""y0_a0"": {""n"": 35, ""accuracy"": 0.8}, ""y0_a1"": {""n"": 0, ""accuracy"": NaN}, ""y1_a0"": {""n"": 115, ""accuracy"": 0.8782608695652174}, ""y1_a1"": {""n"": 0, ""accuracy"": NaN}}",0.479909196479097
corr,debris,medsiglip_448,mte_balanced,1.0,123,test_corr,0.9691925465838509,0.982312925170068,0.8928571428571428,150,115,112,0.92,0.8782608695652174,0.7857142857142857,"{""y0_a0"": {""n"": 28, ""accuracy"": 0.7857142857142857}, ""y0_a1"": {""n"": 7, ""accuracy"": 0.8571428571428571}, ""y1_a0"": {""n"": 10, ""accuracy"": 0.8}, ""y1_a1"": {""n"": 105, ""accuracy"": 0.9714285714285714}}",0.479909196479097
corr,debris,medsiglip_448,mte_balanced,1.0,123,test_rev,0.7980124223602484,0.8311688311688312,0.9861111111111112,150,115,40,0.8133333333333334,0.7192546583850932,0.5151515151515151,"{""y0_a0"": {""n"": 2, ""accuracy"": 1.0}, ""y0_a1"": {""n"": 33, ""accuracy"": 0.5151515151515151}, ""y1_a0"": {""n"": 108, ""accuracy"": 0.8888888888888888}, ""y1_a1"": {""n"": 7, ""accuracy"": 1.0}}",0.479909196479097
corr,debris,medsiglip_448,ui2e,1.0,123,clean,0.8648447204968944,,0.8648447204968944,150,115,0,0.84,0.7863354037267081,,"{""y0_a0"": {""n"": 35, ""accuracy"": 0.6857142857142857}, ""y0_a1"": {""n"": 0, ""accuracy"": NaN}, ""y1_a0"": {""n"": 115, ""accuracy"": 0.8869565217391304}, ""y1_a1"": {""n"": 0, ""accuracy"": NaN}}",0.4996271929017781
corr,debris,medsiglip_448,ui2e,1.0,123,test_corr,0.9033540372670807,0.7619047619047619,0.9,150,115,112,0.92,0.8385093167701864,0.2857142857142857,"{""y0_a0"": {""n"": 28, ""accuracy"": 0.7857142857142857}, ""y0_a1"": {""n"": 7, ""accuracy"": 0.2857142857142857}, ""y1_a0"": {""n"": 10, ""accuracy"": 1.0}, ""y1_a1"": {""n"": 105, ""accuracy"": 0.9904761904761905}}",0.4996271929017781
corr,debris,medsiglip_448,ui2e,1.0,123,test_rev,0.7411180124223603,0.9177489177489178,0.6712962962962963,150,115,40,0.78,0.6577639751552795,0.42424242424242425,"{""y0_a0"": {""n"": 2, ""accuracy"": 0.5}, ""y0_a1"": {""n"": 33, ""accuracy"": 0.42424242424242425}, ""y1_a0"": {""n"": 108, ""accuracy"": 0.8796296296296297}, ""y1_a1"": {""n"": 7, ""accuracy"": 1.0}}",0.4996271929017781
corr,debris,medsiglip_448,ui2e_balanced,1.0,123,clean,0.8735403726708075,,0.8735403726708075,150,115,0,0.8466666666666667,0.7906832298136646,,"{""y0_a0"": {""n"": 35, ""accuracy"": 0.6857142857142857}, ""y0_a1"": {""n"": 0, ""accuracy"": NaN}, ""y1_a0"": {""n"": 115, ""accuracy"": 0.8956521739130435}, ""y1_a1"": {""n"": 0, ""accuracy"": NaN}}",0.5000353258368516
corr,debris,medsiglip_448,ui2e_balanced,1.0,123,test_corr,0.8722981366459628,0.7482993197278912,0.8964285714285714,150,115,112,0.8533333333333334,0.7950310559006211,0.2857142857142857,"{""y0_a0"": {""n"": 28, ""accuracy"": 0.7857142857142857}, ""y0_a1"": {""n"": 7, ""accuracy"": 0.2857142857142857}, ""y1_a0"": {""n"": 10, ""accuracy"": 1.0}, ""y1_a1"": {""n"": 105, ""accuracy"": 0.8952380952380953}}",0.5000353258368516
corr,debris,medsiglip_448,ui2e_balanced,1.0,123,test_rev,0.8655900621118013,0.935064935064935,0.6759259259259259,150,115,40,0.8466666666666667,0.7906832298136646,0.5,"{""y0_a0"": {""n"": 2, ""accuracy"": 0.5}, ""y0_a1"": {""n"": 33, ""accuracy"": 0.696969696969697}, ""y1_a0"": {""n"": 108, ""accuracy"": 0.8888888888888888}, ""y1_a1"": {""n"": 7, ""accuracy"": 1.0}}",0.5000353258368516
corr,debris,medsiglip_448,umte,1.0,123,clean,0.8621118012422361,,0.8621118012422361,150,115,0,0.8066666666666666,0.824223602484472,,"{""y0_a0"": {""n"": 35, ""accuracy"": 0.8571428571428571}, ""y0_a1"": {""n"": 0, ""accuracy"": NaN}, ""y1_a0"": {""n"": 115, ""accuracy"": 0.7913043478260869}, ""y1_a1"": {""n"": 0, ""accuracy"": NaN}}",0.24795863579407357
corr,debris,medsiglip_448,umte,1.0,123,test_corr,0.9530434782608695,0.8843537414965987,0.8464285714285714,150,115,112,0.9133333333333333,0.8341614906832298,0.0,"{""y0_a0"": {""n"": 28, ""accuracy"": 0.8571428571428571}, ""y0_a1"": {""n"": 7, ""accuracy"": 0.0}, ""y1_a0"": {""n"": 10, ""accuracy"": 0.8}, ""y1_a1"": {""n"": 105, ""accuracy"": 1.0}}",0.24795863579407357
corr,debris,medsiglip_448,umte,1.0,123,test_rev,0.24596273291925466,0.9264069264069263,0.9583333333333333,150,115,40,0.64,0.4472049689440994,0.030303030303030304,"{""y0_a0"": {""n"": 2, ""accuracy"": 1.0}, ""y0_a1"": {""n"": 33, ""accuracy"": 0.030303030303030304}, ""y1_a0"": {""n"": 108, ""accuracy"": 0.7962962962962963}, ""y1_a1"": {""n"": 7, ""accuracy"": 1.0}}",0.24795863579407357
corr,debris,medsiglip_448,umte_balanced,1.0,123,clean,0.9100621118012423,,0.9100621118012423,150,115,0,0.84,0.8559006211180125,,"{""y0_a0"": {""n"": 35, ""accuracy"": 0.8857142857142857}, ""y0_a1"": {""n"": 0, ""accuracy"": NaN}, ""y1_a0"": {""n"": 115, ""accuracy"": 0.8260869565217391}, ""y1_a1"": {""n"": 0, ""accuracy"": NaN}}",0.5392127442434203
corr,debris,medsiglip_448,umte_balanced,1.0,123,test_corr,0.9423602484472049,0.9700680272108843,0.8607142857142858,150,115,112,0.88,0.8720496894409937,0.7,"{""y0_a0"": {""n"": 28, ""accuracy"": 0.8571428571428571}, ""y0_a1"": {""n"": 7, ""accuracy"": 0.8571428571428571}, ""y1_a0"": {""n"": 10, ""accuracy"": 0.7}, ""y1_a1"": {""n"": 105, ""accuracy"": 0.9047619047619048}}",0.5392127442434203
corr,debris,medsiglip_448,umte_balanced,1.0,123,test_rev,0.8131677018633541,0.9090909090909091,0.9768518518518519,150,115,40,0.8066666666666666,0.7745341614906832,0.696969696969697,"{""y0_a0"": {""n"": 2, ""accuracy"": 1.0}, ""y0_a1"": {""n"": 33, ""accuracy"": 0.696969696969697}, ""y1_a0"": {""n"": 108, ""accuracy"": 0.8333333333333334}, ""y1_a1"": {""n"": 7, ""accuracy"": 0.8571428571428571}}",0.5392127442434203
corr,debris,medsiglip_448,erm,1.0,456,clean,0.8859627329192548,,0.8859627329192548,150,115,0,0.8533333333333334,0.7652173913043478,,"{""y0_a0"": {""n"": 35, ""accuracy"": 0.6}, ""y0_a1"": {""n"": 0, ""accuracy"": NaN}, ""y1_a0"": {""n"": 115, ""accuracy"": 0.9304347826086956}, ""y1_a1"": {""n"": 0, ""accuracy"": NaN}}",0.11860628210879041
corr,debris,medsiglip_448,erm,1.0,456,test_corr,0.9893167701863355,1.0,0.9294117647058824,150,115,106,0.9066666666666666,0.8,0.0,"{""y0_a0"": {""n"": 34, ""accuracy"": 0.6176470588235294}, ""y0_a1"": {""n"": 1, ""accuracy"": 0.0}, ""y1_a0"": {""n"": 10, ""accuracy"": 1.0}, ""y1_a1"": {""n"": 105, ""accuracy"": 1.0}}",0.11860628210879041
corr,debris,medsiglip_448,erm,1.0,456,test_rev,0.35701863354037267,0.8247126436781609,0.7783171521035599,150,115,41,0.74,0.5124223602484472,0.0,"{""y0_a0"": {""n"": 6, ""accuracy"": 0.5}, ""y0_a1"": {""n"": 29, ""accuracy"": 0.0}, ""y1_a0"": {""n"": 103, ""accuracy"": 0.9320388349514563}, ""y1_a1"": {""n"": 12, ""accuracy"": 1.0}}",0.11860628210879041
corr,debris,medsiglip_448,mask,1.0,456,clean,0.928695652173913,,0.928695652173913,150,115,0,0.86,0.829192546583851,,"{""y0_a0"": {""n"": 35, ""accuracy"": 0.7714285714285715}, ""y0_a1"": {""n"": 0, ""accuracy"": NaN}, ""y1_a0"": {""n"": 115, ""accuracy"": 0.8869565217391304}, ""y1_a1"": {""n"": 0, ""accuracy"": NaN}}",0.15073876080488868
corr,debris,medsiglip_448,mask,1.0,456,test_corr,0.9858385093167702,0.9428571428571428,0.8970588235294118,150,115,106,0.9333333333333333,0.8770186335403727,0.0,"{""y0_a0"": {""n"": 34, ""accuracy"": 0.7941176470588235}, ""y0_a1"": {""n"": 1, ""accuracy"": 0.0}, ""y1_a0"": {""n"": 10, ""accuracy"": 0.8}, ""y1_a1"": {""n"": 105, ""accuracy"": 1.0}}",0.15073876080488868
corr,debris,medsiglip_448,mask,1.0,456,test_rev,0.5888198757763975,0.8793103448275862,0.8737864077669902,150,115,41,0.7333333333333333,0.5279503105590062,0.034482758620689655,"{""y0_a0"": {""n"": 6, ""accuracy"": 0.6666666666666666}, ""y0_a1"": {""n"": 29, ""accuracy"": 0.034482758620689655}, ""y1_a0"": {""n"": 103, ""accuracy"": 0.9029126213592233}, ""y1_a1"": {""n"": 12, ""accuracy"": 1.0}}",0.15073876080488868
corr,debris,medsiglip_448,inpaint,1.0,456,clean,0.9115527950310558,,0.9115527950310558,150,115,0,0.88,0.8124223602484473,,"{""y0_a0"": {""n"": 35, ""accuracy"": 0.6857142857142857}, ""y0_a1"": {""n"": 0, ""accuracy"": NaN}, ""y1_a0"": {""n"": 115, ""accuracy"": 0.9391304347826087}, ""y1_a1"": {""n"": 0, ""accuracy"": NaN}}",0.33698995551988303
corr,debris,medsiglip_448,inpaint,1.0,456,test_corr,0.9363975155279504,0.9904761904761905,0.9529411764705882,150,115,106,0.8933333333333333,0.8211180124223603,0.6764705882352942,"{""y0_a0"": {""n"": 34, ""accuracy"": 0.6764705882352942}, ""y0_a1"": {""n"": 1, ""accuracy"": 1.0}, ""y1_a0"": {""n"": 10, ""accuracy"": 1.0}, ""y1_a1"": {""n"": 105, ""accuracy"": 0.9523809523809523}}",0.33698995551988303
corr,debris,medsiglip_448,inpaint,1.0,456,test_rev,0.8745341614906832,0.9482758620689655,0.8042071197411003,150,115,41,0.8533333333333334,0.7552795031055901,0.5,"{""y0_a0"": {""n"": 6, ""accuracy"": 0.5}, ""y0_a1"": {""n"": 29, ""accuracy"": 0.5862068965517241}, ""y1_a0"": {""n"": 103, ""accuracy"": 0.9320388349514563}, ""y1_a1"": {""n"": 12, ""accuracy"": 1.0}}",0.33698995551988303
corr,debris,medsiglip_448,balanced,1.0,456,clean,0.8765217391304347,,0.8765217391304347,150,115,0,0.8,0.7801242236024846,,"{""y0_a0"": {""n"": 35, ""accuracy"": 0.7428571428571429}, ""y0_a1"": {""n"": 0, ""accuracy"": NaN}, ""y1_a0"": {""n"": 115, ""accuracy"": 0.8173913043478261}, ""y1_a1"": {""n"": 0, ""accuracy"": NaN}}",0.5011498194007962
corr,debris,medsiglip_448,balanced,1.0,456,test_corr,0.9021118012422361,0.9619047619047619,0.9235294117647059,150,115,106,0.8466666666666667,0.8105590062111802,0.7352941176470589,"{""y0_a0"": {""n"": 34, ""accuracy"": 0.7352941176470589}, ""y0_a1"": {""n"": 1, ""accuracy"": 1.0}, ""y1_a0"": {""n"": 10, ""accuracy"": 1.0}, ""y1_a1"": {""n"": 105, ""accuracy"": 0.8666666666666667}}",0.5011498194007962
corr,debris,medsiglip_448,balanced,1.0,456,test_rev,0.8529192546583851,0.8879310344827586,0.7815533980582525,150,115,41,0.8,0.7701863354037267,0.5,"{""y0_a0"": {""n"": 6, ""accuracy"": 0.5}, ""y0_a1"": {""n"": 29, ""accuracy"": 0.7586206896551724}, ""y1_a0"": {""n"": 103, ""accuracy"": 0.8155339805825242}, ""y1_a1"": {""n"": 12, ""accuracy"": 0.9166666666666666}}",0.5011498194007962
corr,debris,medsiglip_448,dfr,1.0,456,clean,0.8807453416149068,,0.8807453416149068,150,115,0,0.8266666666666667,0.7677018633540373,,"{""y0_a0"": {""n"": 35, ""accuracy"": 0.6571428571428571}, ""y0_a1"": {""n"": 0, ""accuracy"": NaN}, ""y1_a0"": {""n"": 115, ""accuracy"": 0.8782608695652174}, ""y1_a1"": {""n"": 0, ""accuracy"": NaN}}",0.5074944689241018
corr,debris,medsiglip_448,dfr,1.0,456,test_corr,0.8645962732919255,0.6095238095238096,0.9323529411764706,150,115,106,0.8333333333333334,0.7720496894409938,0.0,"{""y0_a0"": {""n"": 34, ""accuracy"": 0.6764705882352942}, ""y0_a1"": {""n"": 1, ""accuracy"": 0.0}, ""y1_a0"": {""n"": 10, ""accuracy"": 1.0}, ""y1_a1"": {""n"": 105, ""accuracy"": 0.8761904761904762}}",0.5074944689241018
corr,debris,medsiglip_448,dfr,1.0,456,test_rev,0.8874534161490683,0.8879310344827587,0.7912621359223302,150,115,41,0.84,0.7863354037267081,0.5,"{""y0_a0"": {""n"": 6, ""accuracy"": 0.5}, ""y0_a1"": {""n"": 29, ""accuracy"": 0.7241379310344828}, ""y1_a0"": {""n"": 103, ""accuracy"": 0.883495145631068}, ""y1_a1"": {""n"": 12, ""accuracy"": 0.9166666666666666}}",0.5074944689241018
corr,debris,medsiglip_448,leace,1.0,456,clean,0.9115527950310559,,0.9115527950310559,150,115,0,0.8533333333333334,0.8149068322981367,,"{""y0_a0"": {""n"": 35, ""accuracy"": 0.7428571428571429}, ""y0_a1"": {""n"": 0, ""accuracy"": NaN}, ""y1_a0"": {""n"": 115, ""accuracy"": 0.8869565217391304}, ""y1_a1"": {""n"": 0, ""accuracy"": NaN}}",0.48301513093099374
corr,debris,medsiglip_448,leace,1.0,456,test_corr,0.906335403726708,1.0,0.9529411764705883,150,115,106,0.8466666666666667,0.8105590062111802,0.7352941176470589,"{""y0_a0"": {""n"": 34, ""accuracy"": 0.7352941176470589}, ""y0_a1"": {""n"": 1, ""accuracy"": 1.0}, ""y1_a0"": {""n"": 10, ""accuracy"": 0.9}, ""y1_a1"": {""n"": 105, ""accuracy"": 0.8761904761904762}}",0.48301513093099374
corr,debris,medsiglip_448,leace,1.0,456,test_rev,0.9073291925465838,0.9741379310344828,0.8171521035598706,150,115,41,0.8266666666666667,0.7577639751552795,0.5,"{""y0_a0"": {""n"": 6, ""accuracy"": 0.5}, ""y0_a1"": {""n"": 29, ""accuracy"": 0.6551724137931034}, ""y1_a0"": {""n"": 103, ""accuracy"": 0.8737864077669902}, ""y1_a1"": {""n"": 12, ""accuracy"": 1.0}}",0.48301513093099374
corr,debris,medsiglip_448,umte_protect,1.0,456,clean,0.9142857142857143,,0.9142857142857143,150,115,0,0.8466666666666667,0.8304347826086957,,"{""y0_a0"": {""n"": 35, ""accuracy"": 0.8}, ""y0_a1"": {""n"": 0, ""accuracy"": NaN}, ""y1_a0"": {""n"": 115, ""accuracy"": 0.8608695652173913}, ""y1_a1"": {""n"": 0, ""accuracy"": NaN}}",0.2448896391770407
corr,debris,medsiglip_448,umte_protect,1.0,456,test_corr,0.9746583850931677,0.6857142857142857,0.8970588235294118,150,115,106,0.94,0.8913043478260869,0.0,"{""y0_a0"": {""n"": 34, ""accuracy"": 0.8235294117647058}, ""y0_a1"": {""n"": 1, ""accuracy"": 0.0}, ""y1_a0"": {""n"": 10, ""accuracy"": 0.8}, ""y1_a1"": {""n"": 105, ""accuracy"": 1.0}}",0.2448896391770407
corr,debris,medsiglip_448,umte_protect,1.0,456,test_rev,0.6514285714285714,0.882183908045977,0.8203883495145631,150,115,41,0.74,0.5720496894409938,0.1724137931034483,"{""y0_a0"": {""n"": 6, ""accuracy"": 0.6666666666666666}, ""y0_a1"": {""n"": 29, ""accuracy"": 0.1724137931034483}, ""y1_a0"": {""n"": 103, ""accuracy"": 0.8737864077669902}, ""y1_a1"": {""n"": 12, ""accuracy"": 1.0}}",0.2448896391770407
corr,debris,medsiglip_448,umte_protect_balanced,1.0,456,clean,0.9232298136645962,,0.9232298136645962,150,115,0,0.9,0.8552795031055901,,"{""y0_a0"": {""n"": 35, ""accuracy"": 0.7714285714285715}, ""y0_a1"": {""n"": 0, ""accuracy"": NaN}, ""y1_a0"": {""n"": 115, ""accuracy"": 0.9391304347826087}, ""y1_a1"": {""n"": 0, ""accuracy"": NaN}}",0.27054804981793534
corr,debris,medsiglip_448,umte_protect_balanced,1.0,456,test_corr,0.9296894409937888,0.6666666666666666,0.8794117647058823,150,115,106,0.92,0.8683229813664597,0.0,"{""y0_a0"": {""n"": 34, ""accuracy"": 0.7941176470588235}, ""y0_a1"": {""n"": 1, ""accuracy"": 0.0}, ""y1_a0"": {""n"": 10, ""accuracy"": 0.9}, ""y1_a1"": {""n"": 105, ""accuracy"": 0.9714285714285714}}",0.27054804981793534
corr,debris,medsiglip_448,umte_protect_balanced,1.0,456,test_rev,0.8939130434782608,0.9310344827586208,0.8300970873786409,150,115,41,0.8533333333333334,0.7552795031055901,0.5517241379310345,"{""y0_a0"": {""n"": 6, ""accuracy"": 0.6666666666666666}, ""y0_a1"": {""n"": 29, ""accuracy"": 0.5517241379310345}, ""y1_a0"": {""n"": 103, ""accuracy"": 0.941747572815534}, ""y1_a1"": {""n"": 12, ""accuracy"": 0.9166666666666666}}",0.27054804981793534
corr,debris,medsiglip_448,i2e,1.0,456,clean,0.893664596273292,,0.893664596273292,150,115,0,0.86,0.7496894409937889,,"{""y0_a0"": {""n"": 35, ""accuracy"": 0.5428571428571428}, ""y0_a1"": {""n"": 0, ""accuracy"": NaN}, ""y1_a0"": {""n"": 115, ""accuracy"": 0.9565217391304348}, ""y1_a1"": {""n"": 0, ""accuracy"": NaN}}",0.17106484413267592
corr,debris,medsiglip_448,i2e,1.0,456,test_corr,0.9930434782608696,1.0,0.9470588235294117,150,115,106,0.8933333333333333,0.7714285714285714,0.0,"{""y0_a0"": {""n"": 34, ""accuracy"": 0.5588235294117647}, ""y0_a1"": {""n"": 1, ""accuracy"": 0.0}, ""y1_a0"": {""n"": 10, ""accuracy"": 1.0}, ""y1_a1"": {""n"": 105, ""accuracy"": 1.0}}",0.17106484413267592
corr,debris,medsiglip_448,i2e,1.0,456,test_rev,0.28993788819875776,0.8275862068965517,0.7669902912621359,150,115,41,0.7533333333333333,0.5211180124223602,0.0,"{""y0_a0"": {""n"": 6, ""accuracy"": 0.5}, ""y0_a1"": {""n"": 29, ""accuracy"": 0.0}, ""y1_a0"": {""n"": 103, ""accuracy"": 0.9514563106796117}, ""y1_a1"": {""n"": 12, ""accuracy"": 1.0}}",0.17106484413267592
corr,debris,medsiglip_448,i2e_balanced,1.0,456,clean,0.8735403726708074,,0.8735403726708074,150,115,0,0.8066666666666666,0.7944099378881988,,"{""y0_a0"": {""n"": 35, ""accuracy"": 0.7714285714285715}, ""y0_a1"": {""n"": 0, ""accuracy"": NaN}, ""y1_a0"": {""n"": 115, ""accuracy"": 0.8173913043478261}, ""y1_a1"": {""n"": 0, ""accuracy"": NaN}}",0.49998321180656397
corr,debris,medsiglip_448,i2e_balanced,1.0,456,test_corr,0.9354037267080746,0.9333333333333333,0.9235294117647058,150,115,106,0.8866666666666667,0.8366459627329192,0.0,"{""y0_a0"": {""n"": 34, ""accuracy"": 0.7647058823529411}, ""y0_a1"": {""n"": 1, ""accuracy"": 0.0}, ""y1_a0"": {""n"": 10, ""accuracy"": 0.9}, ""y1_a1"": {""n"": 105, ""accuracy"": 0.9333333333333333}}",0.49998321180656397
corr,debris,medsiglip_448,i2e_balanced,1.0,456,test_rev,0.7756521739130435,0.896551724137931,0.7475728155339806,150,115,41,0.7533333333333333,0.6701863354037267,0.5,"{""y0_a0"": {""n"": 6, ""accuracy"": 0.5}, ""y0_a1"": {""n"": 29, ""accuracy"": 0.5172413793103449}, ""y1_a0"": {""n"": 103, ""accuracy"": 0.8058252427184466}, ""y1_a1"": {""n"": 12, ""accuracy"": 1.0}}",0.49998321180656397
corr,debris,medsiglip_448,i2e_rank1,1.0,456,clean,0.8921739130434783,,0.8921739130434783,150,115,0,0.84,0.8062111801242235,,"{""y0_a0"": {""n"": 35, ""accuracy"": 0.7428571428571429}, ""y0_a1"": {""n"": 0, ""accuracy"": NaN}, ""y1_a0"": {""n"": 115, ""accuracy"": 0.8695652173913043}, ""y1_a1"": {""n"": 0, ""accuracy"": NaN}}",0.18159176745602956
corr,debris,medsiglip_448,i2e_rank1,1.0,456,test_corr,0.9885714285714287,1.0,0.9323529411764706,150,115,106,0.9333333333333333,0.8571428571428572,0.0,"{""y0_a0"": {""n"": 34, ""accuracy"": 0.7352941176470589}, ""y0_a1"": {""n"": 1, ""accuracy"": 0.0}, ""y1_a0"": {""n"": 10, ""accuracy"": 1.0}, ""y1_a1"": {""n"": 105, ""accuracy"": 1.0}}",0.18159176745602956
corr,debris,medsiglip_448,i2e_rank1,1.0,456,test_rev,0.3927950310559006,0.8247126436781609,0.8025889967637541,150,115,41,0.7,0.4962732919254659,0.0,"{""y0_a0"": {""n"": 6, ""accuracy"": 0.6666666666666666}, ""y0_a1"": {""n"": 29, ""accuracy"": 0.0}, ""y1_a0"": {""n"": 103, ""accuracy"": 0.8640776699029126}, ""y1_a1"": {""n"": 12, ""accuracy"": 1.0}}",0.18159176745602956
corr,debris,medsiglip_448,insert_aug,1.0,456,clean,0.915527950310559,,0.915527950310559,150,115,0,0.8866666666666667,0.7770186335403726,,"{""y0_a0"": {""n"": 35, ""accuracy"": 0.5714285714285714}, ""y0_a1"": {""n"": 0, ""accuracy"": NaN}, ""y1_a0"": {""n"": 115, ""accuracy"": 0.9826086956521739}, ""y1_a1"": {""n"": 0, ""accuracy"": NaN}}",0.1403507434943268
corr,debris,medsiglip_448,insert_aug,1.0,456,test_corr,0.9903105590062112,1.0,0.9500000000000001,150,115,106,0.9,0.7857142857142857,0.0,"{""y0_a0"": {""n"": 34, ""accuracy"": 0.5882352941176471}, ""y0_a1"": {""n"": 1, ""accuracy"": 0.0}, ""y1_a0"": {""n"": 10, ""accuracy"": 1.0}, ""y1_a1"": {""n"": 105, ""accuracy"": 1.0}}",0.1403507434943268
corr,debris,medsiglip_448,insert_aug,1.0,456,test_rev,0.573664596273292,0.9137931034482758,0.8058252427184467,150,115,41,0.7733333333333333,0.5341614906832298,0.0,"{""y0_a0"": {""n"": 6, ""accuracy"": 0.5}, ""y0_a1"": {""n"": 29, ""accuracy"": 0.0}, ""y1_a0"": {""n"": 103, ""accuracy"": 0.9805825242718447}, ""y1_a1"": {""n"": 12, ""accuracy"": 1.0}}",0.1403507434943268
corr,debris,medsiglip_448,mte,1.0,456,clean,0.9137888198757764,,0.9137888198757764,150,115,0,0.8133333333333334,0.8186335403726708,,"{""y0_a0"": {""n"": 35, ""accuracy"": 0.8285714285714286}, ""y0_a1"": {""n"": 0, ""accuracy"": NaN}, ""y1_a0"": {""n"": 115, ""accuracy"": 0.808695652173913}, ""y1_a1"": {""n"": 0, ""accuracy"": NaN}}",0.1708807464765272
corr,debris,medsiglip_448,mte,1.0,456,test_corr,0.9895652173913043,0.9619047619047619,0.9176470588235295,150,115,106,0.9466666666666667,0.9055900621118013,0.0,"{""y0_a0"": {""n"": 34, ""accuracy"": 0.8529411764705882}, ""y0_a1"": {""n"": 1, ""accuracy"": 0.0}, ""y1_a0"": {""n"": 10, ""accuracy"": 0.8}, ""y1_a1"": {""n"": 105, ""accuracy"": 1.0}}",0.1708807464765272
corr,debris,medsiglip_448,mte,1.0,456,test_rev,0.26708074534161497,0.8103448275862069,0.7686084142394822,150,115,41,0.6666666666666666,0.484472049689441,0.034482758620689655,"{""y0_a0"": {""n"": 6, ""accuracy"": 0.6666666666666666}, ""y0_a1"": {""n"": 29, ""accuracy"": 0.034482758620689655}, ""y1_a0"": {""n"": 103, ""accuracy"": 0.8058252427184466}, ""y1_a1"": {""n"": 12, ""accuracy"": 1.0}}",0.1708807464765272
corr,debris,medsiglip_448,mte_balanced,1.0,456,clean,0.9105590062111801,,0.9105590062111801,150,115,0,0.7666666666666667,0.7881987577639752,,"{""y0_a0"": {""n"": 35, ""accuracy"": 0.8285714285714286}, ""y0_a1"": {""n"": 0, ""accuracy"": NaN}, ""y1_a0"": {""n"": 115, ""accuracy"": 0.7478260869565218}, ""y1_a1"": {""n"": 0, ""accuracy"": NaN}}",0.4593269473552214
corr,debris,medsiglip_448,mte_balanced,1.0,456,test_corr,0.964968944099379,0.9619047619047619,0.911764705882353,150,115,106,0.92,0.8881987577639752,0.8,"{""y0_a0"": {""n"": 34, ""accuracy"": 0.8235294117647058}, ""y0_a1"": {""n"": 1, ""accuracy"": 1.0}, ""y1_a0"": {""n"": 10, ""accuracy"": 0.8}, ""y1_a1"": {""n"": 105, ""accuracy"": 0.9619047619047619}}",0.4593269473552214
corr,debris,medsiglip_448,mte_balanced,1.0,456,test_rev,0.8186335403726709,0.8994252873563218,0.784789644012945,150,115,41,0.74,0.7111801242236024,0.6551724137931034,"{""y0_a0"": {""n"": 6, ""accuracy"": 0.6666666666666666}, ""y0_a1"": {""n"": 29, ""accuracy"": 0.6551724137931034}, ""y1_a0"": {""n"": 103, ""accuracy"": 0.7475728155339806}, ""y1_a1"": {""n"": 12, ""accuracy"": 0.9166666666666666}}",0.4593269473552214
corr,debris,medsiglip_448,ui2e,1.0,456,clean,0.866335403726708,,0.866335403726708,150,115,0,0.84,0.7863354037267081,,"{""y0_a0"": {""n"": 35, ""accuracy"": 0.6857142857142857}, ""y0_a1"": {""n"": 0, ""accuracy"": NaN}, ""y1_a0"": {""n"": 115, ""accuracy"": 0.8869565217391304}, ""y1_a1"": {""n"": 0, ""accuracy"": NaN}}",0.49413772104758086
corr,debris,medsiglip_448,ui2e,1.0,456,test_corr,0.937391304347826,0.8952380952380953,0.9117647058823529,150,115,106,0.92,0.8385093167701864,0.0,"{""y0_a0"": {""n"": 34, ""accuracy"": 0.7058823529411765}, ""y0_a1"": {""n"": 1, ""accuracy"": 0.0}, ""y1_a0"": {""n"": 10, ""accuracy"": 1.0}, ""y1_a1"": {""n"": 105, ""accuracy"": 0.9904761904761905}}",0.49413772104758086
corr,debris,medsiglip_448,ui2e,1.0,456,test_rev,0.7503105590062111,0.8908045977011494,0.7249190938511327,150,115,41,0.78,0.6577639751552795,0.41379310344827586,"{""y0_a0"": {""n"": 6, ""accuracy"": 0.5}, ""y0_a1"": {""n"": 29, ""accuracy"": 0.41379310344827586}, ""y1_a0"": {""n"": 103, ""accuracy"": 0.8737864077669902}, ""y1_a1"": {""n"": 12, ""accuracy"": 1.0}}",0.49413772104758086
corr,debris,medsiglip_448,ui2e_balanced,1.0,456,clean,0.8852173913043478,,0.8852173913043478,150,115,0,0.84,0.7763975155279503,,"{""y0_a0"": {""n"": 35, ""accuracy"": 0.6571428571428571}, ""y0_a1"": {""n"": 0, ""accuracy"": NaN}, ""y1_a0"": {""n"": 115, ""accuracy"": 0.8956521739130435}, ""y1_a1"": {""n"": 0, ""accuracy"": NaN}}",0.4999619761537856
corr,debris,medsiglip_448,ui2e_balanced,1.0,456,test_corr,0.8993788819875776,0.9047619047619048,0.926470588235294,150,115,106,0.86,0.7894409937888198,0.0,"{""y0_a0"": {""n"": 34, ""accuracy"": 0.6764705882352942}, ""y0_a1"": {""n"": 1, ""accuracy"": 0.0}, ""y1_a0"": {""n"": 10, ""accuracy"": 1.0}, ""y1_a1"": {""n"": 105, ""accuracy"": 0.9142857142857143}}",0.4999619761537856
corr,debris,medsiglip_448,ui2e_balanced,1.0,456,test_rev,0.8732919254658386,0.9367816091954023,0.7508090614886732,150,115,41,0.84,0.7763975155279503,0.5,"{""y0_a0"": {""n"": 6, ""accuracy"": 0.5}, ""y0_a1"": {""n"": 29, ""accuracy"": 0.6896551724137931}, ""y1_a0"": {""n"": 103, ""accuracy"": 0.883495145631068}, ""y1_a1"": {""n"": 12, ""accuracy"": 1.0}}",0.4999619761537856
corr,debris,medsiglip_448,umte,1.0,456,clean,0.8722981366459628,,0.8722981366459628,150,115,0,0.82,0.8229813664596274,,"{""y0_a0"": {""n"": 35, ""accuracy"": 0.8285714285714286}, ""y0_a1"": {""n"": 0, ""accuracy"": NaN}, ""y1_a0"": {""n"": 115, ""accuracy"": 0.8173913043478261}, ""y1_a1"": {""n"": 0, ""accuracy"": NaN}}",0.21995930154231627
corr,debris,medsiglip_448,umte,1.0,456,test_corr,0.9759006211180123,0.6476190476190476,0.8764705882352941,150,115,106,0.9466666666666667,0.9055900621118013,0.0,"{""y0_a0"": {""n"": 34, ""accuracy"": 0.8529411764705882}, ""y0_a1"": {""n"": 1, ""accuracy"": 0.0}, ""y1_a0"": {""n"": 10, ""accuracy"": 0.8}, ""y1_a1"": {""n"": 105, ""accuracy"": 1.0}}",0.21995930154231627
corr,debris,medsiglip_448,umte,1.0,456,test_rev,0.3826086956521739,0.8620689655172414,0.7766990291262136,150,115,41,0.6733333333333333,0.4888198757763975,0.034482758620689655,"{""y0_a0"": {""n"": 6, ""accuracy"": 0.6666666666666666}, ""y0_a1"": {""n"": 29, ""accuracy"": 0.034482758620689655}, ""y1_a0"": {""n"": 103, ""accuracy"": 0.8155339805825242}, ""y1_a1"": {""n"": 12, ""accuracy"": 1.0}}",0.21995930154231627
corr,debris,medsiglip_448,umte_balanced,1.0,456,clean,0.8844720496894409,,0.8844720496894409,150,115,0,0.76,0.8037267080745342,,"{""y0_a0"": {""n"": 35, ""accuracy"": 0.8857142857142857}, ""y0_a1"": {""n"": 0, ""accuracy"": NaN}, ""y1_a0"": {""n"": 115, ""accuracy"": 0.7217391304347827}, ""y1_a1"": {""n"": 0, ""accuracy"": NaN}}",0.5160135688077078
corr,debris,medsiglip_448,umte_balanced,1.0,456,test_corr,0.9403726708074533,0.7904761904761904,0.8911764705882352,150,115,106,0.9066666666666666,0.8894409937888199,0.0,"{""y0_a0"": {""n"": 34, ""accuracy"": 0.8823529411764706}, ""y0_a1"": {""n"": 1, ""accuracy"": 0.0}, ""y1_a0"": {""n"": 10, ""accuracy"": 0.7}, ""y1_a1"": {""n"": 105, ""accuracy"": 0.9428571428571428}}",0.5160135688077078
corr,debris,medsiglip_448,umte_balanced,1.0,456,test_rev,0.7995031055900621,0.9109195402298851,0.7605177993527508,150,115,41,0.7266666666666667,0.7124223602484472,0.6666666666666666,"{""y0_a0"": {""n"": 6, ""accuracy"": 0.6666666666666666}, ""y0_a1"": {""n"": 29, ""accuracy"": 0.6896551724137931}, ""y1_a0"": {""n"": 103, ""accuracy"": 0.7184466019417476}, ""y1_a1"": {""n"": 12, ""accuracy"": 0.9166666666666666}}",0.5160135688077078
