phase,artifact,backbone,method,overlap,seed,env,auc,auc_artifact_present,auc_artifact_absent,n,n_pos,n_artifact_present,accuracy,balanced_accuracy,worst_group_accuracy,group_details_json,threshold_clean_val
corr,ruler_variable,dinov2_b14_518,erm,0.0,42,clean,0.7990222179195507,,0.7990222179195507,356,73,0,0.7443820224719101,0.7324894719008664,,"{""y0_a0"": {""n"": 283, ""accuracy"": 0.7526501766784452}, ""y0_a1"": {""n"": 0, ""accuracy"": NaN}, ""y1_a0"": {""n"": 73, ""accuracy"": 0.7123287671232876}, ""y1_a1"": {""n"": 0, ""accuracy"": NaN}}",0.42677287382732954
corr,ruler_variable,dinov2_b14_518,erm,0.0,42,test_corr,0.8896364780483083,0.8353794642857143,0.8618736383442266,356,73,92,0.7584269662921348,0.7921487003243138,0.5714285714285714,"{""y0_a0"": {""n"": 255, ""accuracy"": 0.7529411764705882}, ""y0_a1"": {""n"": 28, ""accuracy"": 0.5714285714285714}, ""y1_a0"": {""n"": 9, ""accuracy"": 0.8888888888888888}, ""y1_a1"": {""n"": 64, ""accuracy"": 0.84375}}",0.42677287382732954
corr,ruler_variable,dinov2_b14_518,erm,0.0,42,test_rev,0.7068589960791907,0.8008130081300813,0.8297700685760387,356,73,252,0.6039325842696629,0.6543153105184181,0.540650406504065,"{""y0_a0"": {""n"": 37, ""accuracy"": 0.7567567567567568}, ""y0_a1"": {""n"": 246, ""accuracy"": 0.540650406504065}, ""y1_a0"": {""n"": 67, ""accuracy"": 0.7313432835820896}, ""y1_a1"": {""n"": 6, ""accuracy"": 0.8333333333333334}}",0.42677287382732954
corr,ruler_variable,dinov2_b14_518,mask,0.0,42,clean,0.8488310179582749,,0.8488310179582749,356,73,0,0.75,0.7766832857350308,,"{""y0_a0"": {""n"": 283, ""accuracy"": 0.7314487632508834}, ""y0_a1"": {""n"": 0, ""accuracy"": NaN}, ""y1_a0"": {""n"": 73, ""accuracy"": 0.821917808219178}, ""y1_a1"": {""n"": 0, ""accuracy"": NaN}}",0.39609327693081975
corr,ruler_variable,dinov2_b14_518,mask,0.0,42,test_corr,0.8488310179582749,0.859375,0.89760348583878,356,73,92,0.75,0.7766832857350308,0.6785714285714286,"{""y0_a0"": {""n"": 255, ""accuracy"": 0.7372549019607844}, ""y0_a1"": {""n"": 28, ""accuracy"": 0.6785714285714286}, ""y1_a0"": {""n"": 9, ""accuracy"": 0.8888888888888888}, ""y1_a1"": {""n"": 64, ""accuracy"": 0.8125}}",0.39609327693081975
corr,ruler_variable,dinov2_b14_518,mask,0.0,42,test_rev,0.8488310179582749,0.9356368563685638,0.8475191609519968,356,73,252,0.75,0.7766832857350308,0.7235772357723578,"{""y0_a0"": {""n"": 37, ""accuracy"": 0.7837837837837838}, ""y0_a1"": {""n"": 246, ""accuracy"": 0.7235772357723578}, ""y1_a0"": {""n"": 67, ""accuracy"": 0.8059701492537313}, ""y1_a1"": {""n"": 6, ""accuracy"": 1.0}}",0.39609327693081975
corr,ruler_variable,dinov2_b14_518,balanced,0.0,42,clean,0.8351323878212885,,0.8351323878212885,356,73,0,0.8033707865168539,0.7543443535505107,,"{""y0_a0"": {""n"": 283, ""accuracy"": 0.8374558303886925}, ""y0_a1"": {""n"": 0, ""accuracy"": NaN}, ""y1_a0"": {""n"": 73, ""accuracy"": 0.6712328767123288}, ""y1_a1"": {""n"": 0, ""accuracy"": NaN}}",0.4390564228552502
corr,ruler_variable,dinov2_b14_518,balanced,0.0,42,test_corr,0.8784065056391888,0.8822544642857143,0.852723311546841,356,73,92,0.8146067415730337,0.8020717362892686,0.7777777777777778,"{""y0_a0"": {""n"": 255, ""accuracy"": 0.8235294117647058}, ""y0_a1"": {""n"": 28, ""accuracy"": 0.8214285714285714}, ""y1_a0"": {""n"": 9, ""accuracy"": 0.7777777777777778}, ""y1_a1"": {""n"": 64, ""accuracy"": 0.78125}}",0.4390564228552502
corr,ruler_variable,dinov2_b14_518,balanced,0.0,42,test_rev,0.7985865724381626,0.8922764227642276,0.8693021379588544,356,73,252,0.7443820224719101,0.7324894719008664,0.6865671641791045,"{""y0_a0"": {""n"": 37, ""accuracy"": 0.8648648648648649}, ""y0_a1"": {""n"": 246, ""accuracy"": 0.7357723577235772}, ""y1_a0"": {""n"": 67, ""accuracy"": 0.6865671641791045}, ""y1_a1"": {""n"": 6, ""accuracy"": 1.0}}",0.4390564228552502
corr,ruler_variable,dinov2_b14_518,leace,0.0,42,clean,0.8373590202817174,,0.8373590202817174,356,73,0,0.7837078651685393,0.7368943317682366,,"{""y0_a0"": {""n"": 283, ""accuracy"": 0.8162544169611308}, ""y0_a1"": {""n"": 0, ""accuracy"": NaN}, ""y1_a0"": {""n"": 73, ""accuracy"": 0.6575342465753424}, ""y1_a1"": {""n"": 0, ""accuracy"": NaN}}",0.5284695869831731
corr,ruler_variable,dinov2_b14_518,leace,0.0,42,test_corr,0.8414734498281621,0.8900669642857143,0.8692810457516339,356,73,92,0.7808988764044944,0.7300450166997434,0.640625,"{""y0_a0"": {""n"": 255, ""accuracy"": 0.803921568627451}, ""y0_a1"": {""n"": 28, ""accuracy"": 0.9285714285714286}, ""y1_a0"": {""n"": 9, ""accuracy"": 0.6666666666666666}, ""y1_a1"": {""n"": 64, ""accuracy"": 0.640625}}",0.5284695869831731
corr,ruler_variable,dinov2_b14_518,leace,0.0,42,test_rev,0.8392468173677331,0.8265582655826558,0.8701089148850343,356,73,252,0.7808988764044944,0.7351275473159398,0.5,"{""y0_a0"": {""n"": 37, ""accuracy"": 0.8648648648648649}, ""y0_a1"": {""n"": 246, ""accuracy"": 0.8048780487804879}, ""y1_a0"": {""n"": 67, ""accuracy"": 0.6716417910447762}, ""y1_a1"": {""n"": 6, ""accuracy"": 0.5}}",0.5284695869831731
corr,ruler_variable,dinov2_b14_518,umte_protect,0.0,42,clean,0.8454910692676315,,0.8454910692676315,356,73,0,0.7752808988764045,0.7671716927247205,,"{""y0_a0"": {""n"": 283, ""accuracy"": 0.7809187279151943}, ""y0_a1"": {""n"": 0, ""accuracy"": NaN}, ""y1_a0"": {""n"": 73, ""accuracy"": 0.7534246575342466}, ""y1_a1"": {""n"": 0, ""accuracy"": NaN}}",0.45788007046285095
corr,ruler_variable,dinov2_b14_518,umte_protect,0.0,42,test_corr,0.8454910692676315,0.8470982142857142,0.9093681917211329,356,73,92,0.7752808988764045,0.7671716927247205,0.75,"{""y0_a0"": {""n"": 255, ""accuracy"": 0.7843137254901961}, ""y0_a1"": {""n"": 28, ""accuracy"": 0.75}, ""y1_a0"": {""n"": 9, ""accuracy"": 0.7777777777777778}, ""y1_a1"": {""n"": 64, ""accuracy"": 0.75}}",0.45788007046285095
corr,ruler_variable,dinov2_b14_518,umte_protect,0.0,42,test_rev,0.8454910692676315,0.9417344173441735,0.8414683340056475,356,73,252,0.7752808988764045,0.7671716927247205,0.7313432835820896,"{""y0_a0"": {""n"": 37, ""accuracy"": 0.8108108108108109}, ""y0_a1"": {""n"": 246, ""accuracy"": 0.7764227642276422}, ""y1_a0"": {""n"": 67, ""accuracy"": 0.7313432835820896}, ""y1_a1"": {""n"": 6, ""accuracy"": 1.0}}",0.45788007046285095
corr,ruler_variable,dinov2_b14_518,umte_protect_balanced,0.0,42,clean,0.8522677767558933,,0.8522677767558933,356,73,0,0.7865168539325843,0.779321361150104,,"{""y0_a0"": {""n"": 283, ""accuracy"": 0.7915194346289752}, ""y0_a1"": {""n"": 0, ""accuracy"": NaN}, ""y1_a0"": {""n"": 73, ""accuracy"": 0.7671232876712328}, ""y1_a1"": {""n"": 0, ""accuracy"": NaN}}",0.4260223058736694
corr,ruler_variable,dinov2_b14_518,umte_protect_balanced,0.0,42,test_corr,0.8522677767558933,0.828125,0.9032679738562092,356,73,92,0.7865168539325843,0.779321361150104,0.7142857142857143,"{""y0_a0"": {""n"": 255, ""accuracy"": 0.8}, ""y0_a1"": {""n"": 28, ""accuracy"": 0.7142857142857143}, ""y1_a0"": {""n"": 9, ""accuracy"": 0.7777777777777778}, ""y1_a1"": {""n"": 64, ""accuracy"": 0.765625}}",0.4260223058736694
corr,ruler_variable,dinov2_b14_518,umte_protect_balanced,0.0,42,test_rev,0.8522677767558933,0.9329268292682926,0.854780153287616,356,73,252,0.7865168539325843,0.779321361150104,0.7611940298507462,"{""y0_a0"": {""n"": 37, ""accuracy"": 0.8648648648648649}, ""y0_a1"": {""n"": 246, ""accuracy"": 0.7804878048780488}, ""y1_a0"": {""n"": 67, ""accuracy"": 0.7611940298507462}, ""y1_a1"": {""n"": 6, ""accuracy"": 0.8333333333333334}}",0.4260223058736694
corr,ruler_variable,dinov2_b14_518,i2e,0.0,42,clean,0.8488310179582749,,0.8488310179582749,356,73,0,0.7752808988764045,0.7620891621085242,,"{""y0_a0"": {""n"": 283, ""accuracy"": 0.784452296819788}, ""y0_a1"": {""n"": 0, ""accuracy"": NaN}, ""y1_a0"": {""n"": 73, ""accuracy"": 0.7397260273972602}, ""y1_a1"": {""n"": 0, ""accuracy"": NaN}}",0.4819737473406326
corr,ruler_variable,dinov2_b14_518,i2e,0.0,42,test_corr,0.8540103586814464,0.9056919642857143,0.8766884531590414,356,73,92,0.7780898876404494,0.7689384771770174,0.734375,"{""y0_a0"": {""n"": 255, ""accuracy"": 0.7764705882352941}, ""y0_a1"": {""n"": 28, ""accuracy"": 0.8571428571428571}, ""y1_a0"": {""n"": 9, ""accuracy"": 0.8888888888888888}, ""y1_a1"": {""n"": 64, ""accuracy"": 0.734375}}",0.4819737473406326
corr,ruler_variable,dinov2_b14_518,i2e,0.0,42,test_rev,0.8504767897768527,0.8346883468834688,0.881403791851553,356,73,252,0.7752808988764045,0.7620891621085242,0.6666666666666666,"{""y0_a0"": {""n"": 37, ""accuracy"": 0.8378378378378378}, ""y0_a1"": {""n"": 246, ""accuracy"": 0.7764227642276422}, ""y1_a0"": {""n"": 67, ""accuracy"": 0.746268656716418}, ""y1_a1"": {""n"": 6, ""accuracy"": 0.6666666666666666}}",0.4819737473406326
corr,ruler_variable,dinov2_b14_518,i2e_balanced,0.0,42,clean,0.8463139551769205,,0.8463139551769205,356,73,0,0.7612359550561798,0.783750423544218,,"{""y0_a0"": {""n"": 283, ""accuracy"": 0.7455830388692579}, ""y0_a1"": {""n"": 0, ""accuracy"": NaN}, ""y1_a0"": {""n"": 73, ""accuracy"": 0.821917808219178}, ""y1_a1"": {""n"": 0, ""accuracy"": NaN}}",0.3794680228355725
corr,ruler_variable,dinov2_b14_518,i2e_balanced,0.0,42,test_corr,0.850089549348952,0.8895089285714286,0.8640522875816994,356,73,92,0.7640449438202247,0.7905997386127112,0.7411764705882353,"{""y0_a0"": {""n"": 255, ""accuracy"": 0.7411764705882353}, ""y0_a1"": {""n"": 28, ""accuracy"": 0.7857142857142857}, ""y1_a0"": {""n"": 9, ""accuracy"": 1.0}, ""y1_a1"": {""n"": 64, ""accuracy"": 0.8125}}",0.3794680228355725
corr,ruler_variable,dinov2_b14_518,i2e_balanced,0.0,42,test_rev,0.8472820562466721,0.8787262872628726,0.8810004033884631,356,73,252,0.7584269662921348,0.7819836390919213,0.7276422764227642,"{""y0_a0"": {""n"": 37, ""accuracy"": 0.8378378378378378}, ""y0_a1"": {""n"": 246, ""accuracy"": 0.7276422764227642}, ""y1_a0"": {""n"": 67, ""accuracy"": 0.8059701492537313}, ""y1_a1"": {""n"": 6, ""accuracy"": 1.0}}",0.3794680228355725
corr,ruler_variable,dinov2_b14_518,i2e_rank1,0.0,42,clean,0.8112686964519095,,0.8112686964519095,356,73,0,0.7780898876404494,0.7130306403988576,,"{""y0_a0"": {""n"": 283, ""accuracy"": 0.823321554770318}, ""y0_a1"": {""n"": 0, ""accuracy"": NaN}, ""y1_a0"": {""n"": 73, ""accuracy"": 0.6027397260273972}, ""y1_a1"": {""n"": 0, ""accuracy"": NaN}}",0.5534949337981756
corr,ruler_variable,dinov2_b14_518,i2e_rank1,0.0,42,test_corr,0.8138825693402391,0.8314732142857143,0.868409586056645,356,73,92,0.7696629213483146,0.6975652258095746,0.5625,"{""y0_a0"": {""n"": 255, ""accuracy"": 0.8156862745098039}, ""y0_a1"": {""n"": 28, ""accuracy"": 0.8571428571428571}, ""y1_a0"": {""n"": 9, ""accuracy"": 0.6666666666666666}, ""y1_a1"": {""n"": 64, ""accuracy"": 0.5625}}",0.5534949337981756
corr,ruler_variable,dinov2_b14_518,i2e_rank1,0.0,42,test_rev,0.8121399874146861,0.7533875338753387,0.853973376361436,356,73,252,0.7780898876404494,0.7079481097826613,0.3333333333333333,"{""y0_a0"": {""n"": 37, ""accuracy"": 0.8648648648648649}, ""y0_a1"": {""n"": 246, ""accuracy"": 0.8211382113821138}, ""y1_a0"": {""n"": 67, ""accuracy"": 0.6119402985074627}, ""y1_a1"": {""n"": 6, ""accuracy"": 0.3333333333333333}}",0.5534949337981756
corr,ruler_variable,dinov2_b14_518,insert_aug,0.0,42,clean,0.8213853526308146,,0.8213853526308146,356,73,0,0.7808988764044944,0.7300450166997434,,"{""y0_a0"": {""n"": 283, ""accuracy"": 0.8162544169611308}, ""y0_a1"": {""n"": 0, ""accuracy"": NaN}, ""y1_a0"": {""n"": 73, ""accuracy"": 0.6438356164383562}, ""y1_a1"": {""n"": 0, ""accuracy"": NaN}}",0.47934402752562705
corr,ruler_variable,dinov2_b14_518,insert_aug,0.0,42,test_corr,0.8821820998112202,0.8738839285714286,0.8714596949891067,356,73,92,0.797752808988764,0.7863884989592913,0.75,"{""y0_a0"": {""n"": 255, ""accuracy"": 0.807843137254902}, ""y0_a1"": {""n"": 28, ""accuracy"": 0.7857142857142857}, ""y1_a0"": {""n"": 9, ""accuracy"": 0.8888888888888888}, ""y1_a1"": {""n"": 64, ""accuracy"": 0.75}}",0.47934402752562705
corr,ruler_variable,dinov2_b14_518,insert_aug,0.0,42,test_rev,0.7654291107991674,0.8062330623306233,0.8527632109721662,356,73,252,0.7106741573033708,0.6909579360085193,0.6567164179104478,"{""y0_a0"": {""n"": 37, ""accuracy"": 0.8108108108108109}, ""y0_a1"": {""n"": 246, ""accuracy"": 0.7113821138211383}, ""y1_a0"": {""n"": 67, ""accuracy"": 0.6567164179104478}, ""y1_a1"": {""n"": 6, ""accuracy"": 0.6666666666666666}}",0.47934402752562705
corr,ruler_variable,dinov2_b14_518,mte,0.0,42,clean,0.844038917663004,,0.844038917663004,356,73,0,0.8286516853932584,0.7499152911563967,,"{""y0_a0"": {""n"": 283, ""accuracy"": 0.8833922261484098}, ""y0_a1"": {""n"": 0, ""accuracy"": NaN}, ""y1_a0"": {""n"": 73, ""accuracy"": 0.6164383561643836}, ""y1_a1"": {""n"": 0, ""accuracy"": NaN}}",0.6035605841654874
corr,ruler_variable,dinov2_b14_518,mte,0.0,42,test_corr,0.844038917663004,0.8521205357142858,0.8945533769063181,356,73,92,0.8286516853932584,0.7499152911563967,0.59375,"{""y0_a0"": {""n"": 255, ""accuracy"": 0.8823529411764706}, ""y0_a1"": {""n"": 28, ""accuracy"": 0.8928571428571429}, ""y1_a0"": {""n"": 9, ""accuracy"": 0.7777777777777778}, ""y1_a1"": {""n"": 64, ""accuracy"": 0.59375}}",0.6035605841654874
corr,ruler_variable,dinov2_b14_518,mte,0.0,42,test_rev,0.844038917663004,0.9397018970189702,0.8475191609519968,356,73,252,0.8286516853932584,0.7499152911563967,0.5970149253731343,"{""y0_a0"": {""n"": 37, ""accuracy"": 0.8918918918918919}, ""y0_a1"": {""n"": 246, ""accuracy"": 0.8821138211382114}, ""y1_a0"": {""n"": 67, ""accuracy"": 0.5970149253731343}, ""y1_a1"": {""n"": 6, ""accuracy"": 0.8333333333333334}}",0.6035605841654874
corr,ruler_variable,dinov2_b14_518,mte_balanced,0.0,42,clean,0.8483953724768865,,0.8483953724768865,356,73,0,0.8146067415730337,0.7512464301273053,,"{""y0_a0"": {""n"": 283, ""accuracy"": 0.8586572438162544}, ""y0_a1"": {""n"": 0, ""accuracy"": NaN}, ""y1_a0"": {""n"": 73, ""accuracy"": 0.6438356164383562}, ""y1_a1"": {""n"": 0, ""accuracy"": NaN}}",0.5302201293544011
corr,ruler_variable,dinov2_b14_518,mte_balanced,0.0,42,test_corr,0.8483953724768865,0.8337053571428571,0.865359477124183,356,73,92,0.8146067415730337,0.7512464301273053,0.640625,"{""y0_a0"": {""n"": 255, ""accuracy"": 0.8627450980392157}, ""y0_a1"": {""n"": 28, ""accuracy"": 0.8214285714285714}, ""y1_a0"": {""n"": 9, ""accuracy"": 0.6666666666666666}, ""y1_a1"": {""n"": 64, ""accuracy"": 0.640625}}",0.5302201293544011
corr,ruler_variable,dinov2_b14_518,mte_balanced,0.0,42,test_rev,0.8483953724768865,0.9424119241192411,0.8612343686970553,356,73,252,0.8146067415730337,0.7512464301273053,0.6268656716417911,"{""y0_a0"": {""n"": 37, ""accuracy"": 0.8648648648648649}, ""y0_a1"": {""n"": 246, ""accuracy"": 0.8577235772357723}, ""y1_a0"": {""n"": 67, ""accuracy"": 0.6268656716417911}, ""y1_a1"": {""n"": 6, ""accuracy"": 0.8333333333333334}}",0.5302201293544011
corr,ruler_variable,dinov2_b14_518,ui2e,0.0,42,clean,0.8396340577956339,,0.8396340577956339,356,73,0,0.7837078651685393,0.757224454233022,,"{""y0_a0"": {""n"": 283, ""accuracy"": 0.8021201413427562}, ""y0_a1"": {""n"": 0, ""accuracy"": NaN}, ""y1_a0"": {""n"": 73, ""accuracy"": 0.7123287671232876}, ""y1_a1"": {""n"": 0, ""accuracy"": NaN}}",0.459762426960636
corr,ruler_variable,dinov2_b14_518,ui2e,0.0,42,test_corr,0.8928796166319763,0.9017857142857143,0.8784313725490196,356,73,92,0.797752808988764,0.796553560191684,0.7777777777777778,"{""y0_a0"": {""n"": 255, ""accuracy"": 0.796078431372549}, ""y0_a1"": {""n"": 28, ""accuracy"": 0.8214285714285714}, ""y1_a0"": {""n"": 9, ""accuracy"": 0.7777777777777778}, ""y1_a1"": {""n"": 64, ""accuracy"": 0.796875}}",0.459762426960636
corr,ruler_variable,dinov2_b14_518,ui2e,0.0,42,test_rev,0.783290575536086,0.8238482384823849,0.8894715611133521,356,73,252,0.7219101123595506,0.7234377268986882,0.7073170731707317,"{""y0_a0"": {""n"": 37, ""accuracy"": 0.8108108108108109}, ""y0_a1"": {""n"": 246, ""accuracy"": 0.7073170731707317}, ""y1_a0"": {""n"": 67, ""accuracy"": 0.7164179104477612}, ""y1_a1"": {""n"": 6, ""accuracy"": 0.8333333333333334}}",0.459762426960636
corr,ruler_variable,dinov2_b14_518,ui2e_balanced,0.0,42,clean,0.8310179582748438,,0.8310179582748438,356,73,0,0.7331460674157303,0.7559175177888571,,"{""y0_a0"": {""n"": 283, ""accuracy"": 0.7173144876325088}, ""y0_a1"": {""n"": 0, ""accuracy"": NaN}, ""y1_a0"": {""n"": 73, ""accuracy"": 0.7945205479452054}, ""y1_a1"": {""n"": 0, ""accuracy"": NaN}}",0.37956072665887713
corr,ruler_variable,dinov2_b14_518,ui2e_balanced,0.0,42,test_corr,0.852993852558207,0.8883928571428572,0.8627450980392157,356,73,92,0.7387640449438202,0.7746986785420398,0.7058823529411765,"{""y0_a0"": {""n"": 255, ""accuracy"": 0.7058823529411765}, ""y0_a1"": {""n"": 28, ""accuracy"": 0.7857142857142857}, ""y1_a0"": {""n"": 9, ""accuracy"": 0.8888888888888888}, ""y1_a1"": {""n"": 64, ""accuracy"": 0.828125}}",0.37956072665887713
corr,ruler_variable,dinov2_b14_518,ui2e_balanced,0.0,42,test_rev,0.8165932523355439,0.874661246612466,0.8765631302944735,356,73,252,0.7106741573033708,0.746865772786679,0.6666666666666666,"{""y0_a0"": {""n"": 37, ""accuracy"": 0.8108108108108109}, ""y0_a1"": {""n"": 246, ""accuracy"": 0.6666666666666666}, ""y1_a0"": {""n"": 67, ""accuracy"": 0.7910447761194029}, ""y1_a1"": {""n"": 6, ""accuracy"": 1.0}}",0.37956072665887713
corr,ruler_variable,dinov2_b14_518,umte,0.0,42,clean,0.8345515271794375,,0.8345515271794375,356,73,0,0.7808988764044944,0.7402100779321361,,"{""y0_a0"": {""n"": 283, ""accuracy"": 0.8091872791519434}, ""y0_a1"": {""n"": 0, ""accuracy"": NaN}, ""y1_a0"": {""n"": 73, ""accuracy"": 0.6712328767123288}, ""y1_a1"": {""n"": 0, ""accuracy"": NaN}}",0.5001345137477501
corr,ruler_variable,dinov2_b14_518,umte,0.0,42,test_corr,0.8345515271794375,0.8426339285714286,0.8901960784313725,356,73,92,0.7808988764044944,0.7402100779321361,0.65625,"{""y0_a0"": {""n"": 255, ""accuracy"": 0.807843137254902}, ""y0_a1"": {""n"": 28, ""accuracy"": 0.8214285714285714}, ""y1_a0"": {""n"": 9, ""accuracy"": 0.7777777777777778}, ""y1_a1"": {""n"": 64, ""accuracy"": 0.65625}}",0.5001345137477501
corr,ruler_variable,dinov2_b14_518,umte,0.0,42,test_rev,0.8345515271794375,0.910569105691057,0.8313836224283986,356,73,252,0.7808988764044944,0.7402100779321361,0.6567164179104478,"{""y0_a0"": {""n"": 37, ""accuracy"": 0.8378378378378378}, ""y0_a1"": {""n"": 246, ""accuracy"": 0.8048780487804879}, ""y1_a0"": {""n"": 67, ""accuracy"": 0.6567164179104478}, ""y1_a1"": {""n"": 6, ""accuracy"": 0.8333333333333334}}",0.5001345137477501
corr,ruler_variable,dinov2_b14_518,umte_balanced,0.0,42,clean,0.8424899559514013,,0.8424899559514013,356,73,0,0.7837078651685393,0.741976862384433,,"{""y0_a0"": {""n"": 283, ""accuracy"": 0.8127208480565371}, ""y0_a1"": {""n"": 0, ""accuracy"": NaN}, ""y1_a0"": {""n"": 73, ""accuracy"": 0.6712328767123288}, ""y1_a1"": {""n"": 0, ""accuracy"": NaN}}",0.4680911809939857
corr,ruler_variable,dinov2_b14_518,umte_balanced,0.0,42,test_corr,0.8424899559514013,0.8387276785714286,0.8771241830065359,356,73,92,0.7837078651685393,0.741976862384433,0.6666666666666666,"{""y0_a0"": {""n"": 255, ""accuracy"": 0.8156862745098039}, ""y0_a1"": {""n"": 28, ""accuracy"": 0.7857142857142857}, ""y1_a0"": {""n"": 9, ""accuracy"": 0.6666666666666666}, ""y1_a1"": {""n"": 64, ""accuracy"": 0.671875}}",0.4680911809939857
corr,ruler_variable,dinov2_b14_518,umte_balanced,0.0,42,test_rev,0.8424899559514013,0.9037940379403794,0.8346107301331182,356,73,252,0.7837078651685393,0.741976862384433,0.6666666666666666,"{""y0_a0"": {""n"": 37, ""accuracy"": 0.8648648648648649}, ""y0_a1"": {""n"": 246, ""accuracy"": 0.8048780487804879}, ""y1_a0"": {""n"": 67, ""accuracy"": 0.6716417910447762}, ""y1_a1"": {""n"": 6, ""accuracy"": 0.6666666666666666}}",0.4680911809939857
corr,ruler_variable,dinov2_b14_518,erm,0.0,123,clean,0.798538167384675,,0.798538167384675,356,73,0,0.7640449438202247,0.7397744324507478,,"{""y0_a0"": {""n"": 283, ""accuracy"": 0.7809187279151943}, ""y0_a1"": {""n"": 0, ""accuracy"": NaN}, ""y1_a0"": {""n"": 73, ""accuracy"": 0.6986301369863014}, ""y1_a1"": {""n"": 0, ""accuracy"": NaN}}",0.4477968504243772
corr,ruler_variable,dinov2_b14_518,erm,0.0,123,test_corr,0.8877002759088048,0.8323607427055704,0.8459645669291339,356,73,94,0.7696629213483146,0.7788857156687158,0.625,"{""y0_a0"": {""n"": 254, ""accuracy"": 0.7755905511811023}, ""y0_a1"": {""n"": 29, ""accuracy"": 0.6551724137931034}, ""y1_a0"": {""n"": 8, ""accuracy"": 0.625}, ""y1_a1"": {""n"": 65, ""accuracy"": 0.8153846153846154}}",0.4477968504243772
corr,ruler_variable,dinov2_b14_518,erm,0.0,123,test_rev,0.6982428965584008,0.8542471042471043,0.7294871794871796,356,73,267,0.6067415730337079,0.6459170337383222,0.5752895752895753,"{""y0_a0"": {""n"": 24, ""accuracy"": 0.625}, ""y0_a1"": {""n"": 259, ""accuracy"": 0.5752895752895753}, ""y1_a0"": {""n"": 65, ""accuracy"": 0.6923076923076923}, ""y1_a1"": {""n"": 8, ""accuracy"": 0.875}}",0.4477968504243772
corr,ruler_variable,dinov2_b14_518,mask,0.0,123,clean,0.8488310179582749,,0.8488310179582749,356,73,0,0.75,0.7766832857350308,,"{""y0_a0"": {""n"": 283, ""accuracy"": 0.7314487632508834}, ""y0_a1"": {""n"": 0, ""accuracy"": NaN}, ""y1_a0"": {""n"": 73, ""accuracy"": 0.821917808219178}, ""y1_a1"": {""n"": 0, ""accuracy"": NaN}}",0.39609327693081975
corr,ruler_variable,dinov2_b14_518,mask,0.0,123,test_corr,0.8488310179582749,0.8976127320954908,0.7485236220472441,356,73,94,0.75,0.7766832857350308,0.7204724409448819,"{""y0_a0"": {""n"": 254, ""accuracy"": 0.7204724409448819}, ""y0_a1"": {""n"": 29, ""accuracy"": 0.8275862068965517}, ""y1_a0"": {""n"": 8, ""accuracy"": 0.75}, ""y1_a1"": {""n"": 65, ""accuracy"": 0.8307692307692308}}",0.39609327693081975
corr,ruler_variable,dinov2_b14_518,mask,0.0,123,test_rev,0.8488310179582749,0.8064671814671814,0.826923076923077,356,73,267,0.75,0.7766832857350308,0.625,"{""y0_a0"": {""n"": 24, ""accuracy"": 0.7083333333333334}, ""y0_a1"": {""n"": 259, ""accuracy"": 0.7335907335907336}, ""y1_a0"": {""n"": 65, ""accuracy"": 0.8461538461538461}, ""y1_a1"": {""n"": 8, ""accuracy"": 0.625}}",0.39609327693081975
corr,ruler_variable,dinov2_b14_518,balanced,0.0,123,clean,0.8171257079239073,,0.8171257079239073,356,73,0,0.6769662921348315,0.7053342368943318,,"{""y0_a0"": {""n"": 283, ""accuracy"": 0.657243816254417}, ""y0_a1"": {""n"": 0, ""accuracy"": NaN}, ""y1_a0"": {""n"": 73, ""accuracy"": 0.7534246575342466}, ""y1_a1"": {""n"": 0, ""accuracy"": NaN}}",0.41407203409084165
corr,ruler_variable,dinov2_b14_518,balanced,0.0,123,test_corr,0.8163512270681059,0.8456233421750663,0.7775590551181102,356,73,94,0.6882022471910112,0.7225664359359116,0.6496062992125984,"{""y0_a0"": {""n"": 254, ""accuracy"": 0.6496062992125984}, ""y0_a1"": {""n"": 29, ""accuracy"": 0.7931034482758621}, ""y1_a0"": {""n"": 8, ""accuracy"": 0.75}, ""y1_a1"": {""n"": 65, ""accuracy"": 0.7846153846153846}}",0.41407203409084165
corr,ruler_variable,dinov2_b14_518,balanced,0.0,123,test_rev,0.8220630233796409,0.8494208494208495,0.7397435897435898,356,73,267,0.6769662921348315,0.7053342368943318,0.5833333333333334,"{""y0_a0"": {""n"": 24, ""accuracy"": 0.5833333333333334}, ""y0_a1"": {""n"": 259, ""accuracy"": 0.6640926640926641}, ""y1_a0"": {""n"": 65, ""accuracy"": 0.7538461538461538}, ""y1_a1"": {""n"": 8, ""accuracy"": 0.75}}",0.41407203409084165
corr,ruler_variable,dinov2_b14_518,leace,0.0,123,clean,0.8373590202817175,,0.8373590202817175,356,73,0,0.7865168539325843,0.7284960549881407,,"{""y0_a0"": {""n"": 283, ""accuracy"": 0.8268551236749117}, ""y0_a1"": {""n"": 0, ""accuracy"": NaN}, ""y1_a0"": {""n"": 73, ""accuracy"": 0.6301369863013698}, ""y1_a1"": {""n"": 0, ""accuracy"": NaN}}",0.5462862881369313
corr,ruler_variable,dinov2_b14_518,leace,0.0,123,test_corr,0.8396340577956338,0.8625994694960213,0.862204724409449,356,73,94,0.7808988764044944,0.7147974248511544,0.5,"{""y0_a0"": {""n"": 254, ""accuracy"": 0.8188976377952756}, ""y0_a1"": {""n"": 29, ""accuracy"": 0.896551724137931}, ""y1_a0"": {""n"": 8, ""accuracy"": 0.5}, ""y1_a1"": {""n"": 65, ""accuracy"": 0.6153846153846154}}",0.5462862881369313
corr,ruler_variable,dinov2_b14_518,leace,0.0,123,test_rev,0.8371654000677671,0.8788610038610039,0.7737179487179487,356,73,267,0.7893258426966292,0.7302628394404376,0.625,"{""y0_a0"": {""n"": 24, ""accuracy"": 0.75}, ""y0_a1"": {""n"": 259, ""accuracy"": 0.8378378378378378}, ""y1_a0"": {""n"": 65, ""accuracy"": 0.6307692307692307}, ""y1_a1"": {""n"": 8, ""accuracy"": 0.625}}",0.5462862881369313
corr,ruler_variable,dinov2_b14_518,umte_protect,0.0,123,clean,0.8441357277699791,,0.8441357277699791,356,73,0,0.8089887640449438,0.7578779224551043,,"{""y0_a0"": {""n"": 283, ""accuracy"": 0.8445229681978799}, ""y0_a1"": {""n"": 0, ""accuracy"": NaN}, ""y1_a0"": {""n"": 73, ""accuracy"": 0.6712328767123288}, ""y1_a1"": {""n"": 0, ""accuracy"": NaN}}",0.5441087350278051
corr,ruler_variable,dinov2_b14_518,umte_protect,0.0,123,test_corr,0.8441357277699791,0.9007957559681699,0.7150590551181102,356,73,94,0.8089887640449438,0.7578779224551043,0.625,"{""y0_a0"": {""n"": 254, ""accuracy"": 0.8385826771653543}, ""y0_a1"": {""n"": 29, ""accuracy"": 0.896551724137931}, ""y1_a0"": {""n"": 8, ""accuracy"": 0.625}, ""y1_a1"": {""n"": 65, ""accuracy"": 0.676923076923077}}",0.5441087350278051
corr,ruler_variable,dinov2_b14_518,umte_protect,0.0,123,test_rev,0.8441357277699791,0.8055019305019305,0.8211538461538461,356,73,267,0.8089887640449438,0.7578779224551043,0.5,"{""y0_a0"": {""n"": 24, ""accuracy"": 0.7916666666666666}, ""y0_a1"": {""n"": 259, ""accuracy"": 0.8494208494208494}, ""y1_a0"": {""n"": 65, ""accuracy"": 0.6923076923076923}, ""y1_a1"": {""n"": 8, ""accuracy"": 0.5}}",0.5441087350278051
corr,ruler_variable,dinov2_b14_518,umte_protect_balanced,0.0,123,clean,0.8231763396098553,,0.8231763396098553,356,73,0,0.7696629213483146,0.7280604095067524,,"{""y0_a0"": {""n"": 283, ""accuracy"": 0.7985865724381626}, ""y0_a1"": {""n"": 0, ""accuracy"": NaN}, ""y1_a0"": {""n"": 73, ""accuracy"": 0.6575342465753424}, ""y1_a1"": {""n"": 0, ""accuracy"": NaN}}",0.49361708049707514
corr,ruler_variable,dinov2_b14_518,umte_protect_balanced,0.0,123,test_corr,0.8231763396098553,0.8726790450928382,0.7258858267716536,356,73,94,0.7696629213483146,0.7280604095067524,0.6461538461538462,"{""y0_a0"": {""n"": 254, ""accuracy"": 0.7913385826771654}, ""y0_a1"": {""n"": 29, ""accuracy"": 0.8620689655172413}, ""y1_a0"": {""n"": 8, ""accuracy"": 0.75}, ""y1_a1"": {""n"": 65, ""accuracy"": 0.6461538461538462}}",0.49361708049707514
corr,ruler_variable,dinov2_b14_518,umte_protect_balanced,0.0,123,test_rev,0.8231763396098553,0.6930501930501931,0.833974358974359,356,73,267,0.7696629213483146,0.7280604095067524,0.375,"{""y0_a0"": {""n"": 24, ""accuracy"": 0.75}, ""y0_a1"": {""n"": 259, ""accuracy"": 0.803088803088803}, ""y1_a0"": {""n"": 65, ""accuracy"": 0.6923076923076923}, ""y1_a1"": {""n"": 8, ""accuracy"": 0.375}}",0.49361708049707514
corr,ruler_variable,dinov2_b14_518,i2e,0.0,123,clean,0.8491214482792003,,0.8491214482792003,356,73,0,0.7752808988764045,0.7570066314923278,,"{""y0_a0"": {""n"": 283, ""accuracy"": 0.7879858657243817}, ""y0_a1"": {""n"": 0, ""accuracy"": NaN}, ""y1_a0"": {""n"": 73, ""accuracy"": 0.726027397260274}, ""y1_a1"": {""n"": 0, ""accuracy"": NaN}}",0.4834435350003429
corr,ruler_variable,dinov2_b14_518,i2e,0.0,123,test_corr,0.8528002323442567,0.8811671087533157,0.890748031496063,356,73,94,0.7808988764044944,0.7707052616293142,0.75,"{""y0_a0"": {""n"": 254, ""accuracy"": 0.7795275590551181}, ""y0_a1"": {""n"": 29, ""accuracy"": 0.8620689655172413}, ""y1_a0"": {""n"": 8, ""accuracy"": 0.75}, ""y1_a1"": {""n"": 65, ""accuracy"": 0.7538461538461538}}",0.4834435350003429
corr,ruler_variable,dinov2_b14_518,i2e,0.0,123,test_rev,0.8510092453652162,0.8532818532818534,0.798076923076923,356,73,267,0.7780898876404494,0.763855946560821,0.7083333333333334,"{""y0_a0"": {""n"": 24, ""accuracy"": 0.7083333333333334}, ""y0_a1"": {""n"": 259, ""accuracy"": 0.7953667953667953}, ""y1_a0"": {""n"": 65, ""accuracy"": 0.7230769230769231}, ""y1_a1"": {""n"": 8, ""accuracy"": 0.875}}",0.4834435350003429
corr,ruler_variable,dinov2_b14_518,i2e_balanced,0.0,123,clean,0.8433128418606903,,0.8433128418606903,356,73,0,0.7584269662921348,0.7870661697081176,,"{""y0_a0"": {""n"": 283, ""accuracy"": 0.7385159010600707}, ""y0_a1"": {""n"": 0, ""accuracy"": NaN}, ""y1_a0"": {""n"": 73, ""accuracy"": 0.8356164383561644}, ""y1_a1"": {""n"": 0, ""accuracy"": NaN}}",0.46783489292476327
corr,ruler_variable,dinov2_b14_518,i2e_balanced,0.0,123,test_corr,0.8466527905513335,0.8742705570291777,0.859744094488189,356,73,94,0.7556179775280899,0.7802168546396244,0.7244094488188977,"{""y0_a0"": {""n"": 254, ""accuracy"": 0.7244094488188977}, ""y0_a1"": {""n"": 29, ""accuracy"": 0.8620689655172413}, ""y1_a0"": {""n"": 8, ""accuracy"": 1.0}, ""y1_a1"": {""n"": 65, ""accuracy"": 0.8}}",0.46783489292476327
corr,ruler_variable,dinov2_b14_518,i2e_balanced,0.0,123,test_rev,0.8449586136792681,0.8363899613899615,0.7602564102564103,356,73,267,0.7556179775280899,0.7852993852558208,0.5833333333333334,"{""y0_a0"": {""n"": 24, ""accuracy"": 0.5833333333333334}, ""y0_a1"": {""n"": 259, ""accuracy"": 0.749034749034749}, ""y1_a0"": {""n"": 65, ""accuracy"": 0.8461538461538461}, ""y1_a1"": {""n"": 8, ""accuracy"": 0.75}}",0.46783489292476327
corr,ruler_variable,dinov2_b14_518,i2e_rank1,0.0,123,clean,0.8116075318263226,,0.8116075318263226,356,73,0,0.7808988764044944,0.7147974248511544,,"{""y0_a0"": {""n"": 283, ""accuracy"": 0.8268551236749117}, ""y0_a1"": {""n"": 0, ""accuracy"": NaN}, ""y1_a0"": {""n"": 73, ""accuracy"": 0.6027397260273972}, ""y1_a1"": {""n"": 0, ""accuracy"": NaN}}",0.5535370531343651
corr,ruler_variable,dinov2_b14_518,i2e_rank1,0.0,123,test_corr,0.8133985188053632,0.846684350132626,0.8001968503937007,356,73,94,0.7752808988764045,0.7010987947141681,0.375,"{""y0_a0"": {""n"": 254, ""accuracy"": 0.8188976377952756}, ""y0_a1"": {""n"": 29, ""accuracy"": 0.896551724137931}, ""y1_a0"": {""n"": 8, ""accuracy"": 0.375}, ""y1_a1"": {""n"": 65, ""accuracy"": 0.6}}",0.5535370531343651
corr,ruler_variable,dinov2_b14_518,i2e_rank1,0.0,123,test_rev,0.811801152040273,0.8581081081081081,0.742948717948718,356,73,267,0.7837078651685393,0.7165642093034512,0.6,"{""y0_a0"": {""n"": 24, ""accuracy"": 0.7083333333333334}, ""y0_a1"": {""n"": 259, ""accuracy"": 0.8416988416988417}, ""y1_a0"": {""n"": 65, ""accuracy"": 0.6}, ""y1_a1"": {""n"": 8, ""accuracy"": 0.625}}",0.5535370531343651
corr,ruler_variable,dinov2_b14_518,insert_aug,0.0,123,clean,0.8094777094728689,,0.8094777094728689,356,73,0,0.7668539325842697,0.7262936250544556,,"{""y0_a0"": {""n"": 283, ""accuracy"": 0.7950530035335689}, ""y0_a1"": {""n"": 0, ""accuracy"": NaN}, ""y1_a0"": {""n"": 73, ""accuracy"": 0.6575342465753424}, ""y1_a1"": {""n"": 0, ""accuracy"": NaN}}",0.4499696685169667
corr,ruler_variable,dinov2_b14_518,insert_aug,0.0,123,test_corr,0.877680429836875,0.8435013262599469,0.8380905511811024,356,73,94,0.7724719101123596,0.7654049082724237,0.5,"{""y0_a0"": {""n"": 254, ""accuracy"": 0.7874015748031497}, ""y0_a1"": {""n"": 29, ""accuracy"": 0.6896551724137931}, ""y1_a0"": {""n"": 8, ""accuracy"": 0.5}, ""y1_a1"": {""n"": 65, ""accuracy"": 0.7846153846153846}}",0.4499696685169667
corr,ruler_variable,dinov2_b14_518,insert_aug,0.0,123,test_rev,0.7432111912483663,0.8527992277992278,0.7365384615384616,356,73,267,0.6573033707865169,0.662471562031076,0.6461538461538462,"{""y0_a0"": {""n"": 24, ""accuracy"": 0.6666666666666666}, ""y0_a1"": {""n"": 259, ""accuracy"": 0.6525096525096525}, ""y1_a0"": {""n"": 65, ""accuracy"": 0.6461538461538462}, ""y1_a1"": {""n"": 8, ""accuracy"": 0.875}}",0.4499696685169667
corr,ruler_variable,dinov2_b14_518,mte,0.0,123,clean,0.844038917663004,,0.844038917663004,356,73,0,0.8286516853932584,0.7499152911563967,,"{""y0_a0"": {""n"": 283, ""accuracy"": 0.8833922261484098}, ""y0_a1"": {""n"": 0, ""accuracy"": NaN}, ""y1_a0"": {""n"": 73, ""accuracy"": 0.6164383561643836}, ""y1_a1"": {""n"": 0, ""accuracy"": NaN}}",0.6035605841654874
corr,ruler_variable,dinov2_b14_518,mte,0.0,123,test_corr,0.844038917663004,0.8785145888594165,0.7416338582677164,356,73,94,0.8286516853932584,0.7499152911563967,0.6153846153846154,"{""y0_a0"": {""n"": 254, ""accuracy"": 0.8779527559055118}, ""y0_a1"": {""n"": 29, ""accuracy"": 0.9310344827586207}, ""y1_a0"": {""n"": 8, ""accuracy"": 0.625}, ""y1_a1"": {""n"": 65, ""accuracy"": 0.6153846153846154}}",0.6035605841654874
corr,ruler_variable,dinov2_b14_518,mte,0.0,123,test_rev,0.844038917663004,0.7944015444015444,0.8423076923076923,356,73,267,0.8286516853932584,0.7499152911563967,0.375,"{""y0_a0"": {""n"": 24, ""accuracy"": 0.8333333333333334}, ""y0_a1"": {""n"": 259, ""accuracy"": 0.888030888030888}, ""y1_a0"": {""n"": 65, ""accuracy"": 0.6461538461538462}, ""y1_a1"": {""n"": 8, ""accuracy"": 0.375}}",0.6035605841654874
corr,ruler_variable,dinov2_b14_518,mte_balanced,0.0,123,clean,0.8300498572050922,,0.8300498572050922,356,73,0,0.8202247191011236,0.7395324071833099,,"{""y0_a0"": {""n"": 283, ""accuracy"": 0.8763250883392226}, ""y0_a1"": {""n"": 0, ""accuracy"": NaN}, ""y1_a0"": {""n"": 73, ""accuracy"": 0.6027397260273972}, ""y1_a1"": {""n"": 0, ""accuracy"": NaN}}",0.5656305896170667
corr,ruler_variable,dinov2_b14_518,mte_balanced,0.0,123,test_corr,0.8300498572050922,0.8535809018567639,0.7573818897637795,356,73,94,0.8202247191011236,0.7395324071833099,0.6,"{""y0_a0"": {""n"": 254, ""accuracy"": 0.8740157480314961}, ""y0_a1"": {""n"": 29, ""accuracy"": 0.896551724137931}, ""y1_a0"": {""n"": 8, ""accuracy"": 0.625}, ""y1_a1"": {""n"": 65, ""accuracy"": 0.6}}",0.5656305896170667
corr,ruler_variable,dinov2_b14_518,mte_balanced,0.0,123,test_rev,0.8300498572050922,0.7195945945945945,0.8493589743589745,356,73,267,0.8202247191011236,0.7395324071833099,0.25,"{""y0_a0"": {""n"": 24, ""accuracy"": 0.875}, ""y0_a1"": {""n"": 259, ""accuracy"": 0.8764478764478765}, ""y1_a0"": {""n"": 65, ""accuracy"": 0.6461538461538462}, ""y1_a1"": {""n"": 8, ""accuracy"": 0.25}}",0.5656305896170667
corr,ruler_variable,dinov2_b14_518,ui2e,0.0,123,clean,0.838085096084031,,0.838085096084031,356,73,0,0.7724719101123596,0.755239847040031,,"{""y0_a0"": {""n"": 283, ""accuracy"": 0.784452296819788}, ""y0_a1"": {""n"": 0, ""accuracy"": NaN}, ""y1_a0"": {""n"": 73, ""accuracy"": 0.726027397260274}, ""y1_a1"": {""n"": 0, ""accuracy"": NaN}}",0.44689476972705605
corr,ruler_variable,dinov2_b14_518,ui2e,0.0,123,test_corr,0.8906529841715475,0.849867374005305,0.892716535433071,356,73,94,0.7837078651685393,0.7928021685463962,0.7586206896551724,"{""y0_a0"": {""n"": 254, ""accuracy"": 0.7795275590551181}, ""y0_a1"": {""n"": 29, ""accuracy"": 0.7586206896551724}, ""y1_a0"": {""n"": 8, ""accuracy"": 0.875}, ""y1_a1"": {""n"": 65, ""accuracy"": 0.8}}",0.44689476972705605
corr,ruler_variable,dinov2_b14_518,ui2e,0.0,123,test_rev,0.781547993610533,0.862934362934363,0.7583333333333334,356,73,267,0.7191011235955056,0.7267534730625878,0.6666666666666666,"{""y0_a0"": {""n"": 24, ""accuracy"": 0.6666666666666666}, ""y0_a1"": {""n"": 259, ""accuracy"": 0.7181467181467182}, ""y1_a0"": {""n"": 65, ""accuracy"": 0.7230769230769231}, ""y1_a1"": {""n"": 8, ""accuracy"": 0.875}}",0.44689476972705605
corr,ruler_variable,dinov2_b14_518,ui2e_balanced,0.0,123,clean,0.8165932523355437,,0.8165932523355437,356,73,0,0.7078651685393258,0.7450989883343822,,"{""y0_a0"": {""n"": 283, ""accuracy"": 0.6819787985865724}, ""y0_a1"": {""n"": 0, ""accuracy"": NaN}, ""y1_a0"": {""n"": 73, ""accuracy"": 0.8082191780821918}, ""y1_a1"": {""n"": 0, ""accuracy"": NaN}}",0.44809899411475895
corr,ruler_variable,dinov2_b14_518,ui2e_balanced,0.0,123,test_corr,0.8237572002517063,0.8350132625994694,0.8356299212598426,356,73,94,0.7050561797752809,0.738249673265889,0.6692913385826772,"{""y0_a0"": {""n"": 254, ""accuracy"": 0.6692913385826772}, ""y0_a1"": {""n"": 29, ""accuracy"": 0.7931034482758621}, ""y1_a0"": {""n"": 8, ""accuracy"": 0.875}, ""y1_a1"": {""n"": 65, ""accuracy"": 0.7846153846153846}}",0.44809899411475895
corr,ruler_variable,dinov2_b14_518,ui2e_balanced,0.0,123,test_rev,0.8153831259983542,0.818050193050193,0.7217948717948718,356,73,267,0.702247191011236,0.7415654194297885,0.4583333333333333,"{""y0_a0"": {""n"": 24, ""accuracy"": 0.4583333333333333}, ""y0_a1"": {""n"": 259, ""accuracy"": 0.694980694980695}, ""y1_a0"": {""n"": 65, ""accuracy"": 0.8153846153846154}, ""y1_a1"": {""n"": 8, ""accuracy"": 0.75}}",0.44809899411475895
corr,ruler_variable,dinov2_b14_518,umte,0.0,123,clean,0.8345515271794375,,0.8345515271794375,356,73,0,0.7808988764044944,0.7402100779321361,,"{""y0_a0"": {""n"": 283, ""accuracy"": 0.8091872791519434}, ""y0_a1"": {""n"": 0, ""accuracy"": NaN}, ""y1_a0"": {""n"": 73, ""accuracy"": 0.6712328767123288}, ""y1_a1"": {""n"": 0, ""accuracy"": NaN}}",0.5001345137477501
corr,ruler_variable,dinov2_b14_518,umte,0.0,123,test_corr,0.8345515271794375,0.8816976127320956,0.7224409448818897,356,73,94,0.7808988764044944,0.7402100779321361,0.625,"{""y0_a0"": {""n"": 254, ""accuracy"": 0.8031496062992126}, ""y0_a1"": {""n"": 29, ""accuracy"": 0.8620689655172413}, ""y1_a0"": {""n"": 8, ""accuracy"": 0.625}, ""y1_a1"": {""n"": 65, ""accuracy"": 0.676923076923077}}",0.5001345137477501
corr,ruler_variable,dinov2_b14_518,umte,0.0,123,test_rev,0.8345515271794375,0.7813706563706564,0.8160256410256411,356,73,267,0.7808988764044944,0.7402100779321361,0.5,"{""y0_a0"": {""n"": 24, ""accuracy"": 0.75}, ""y0_a1"": {""n"": 259, ""accuracy"": 0.8146718146718147}, ""y1_a0"": {""n"": 65, ""accuracy"": 0.6923076923076923}, ""y1_a1"": {""n"": 8, ""accuracy"": 0.5}}",0.5001345137477501
corr,ruler_variable,dinov2_b14_518,umte_balanced,0.0,123,clean,0.8111234812914468,,0.8111234812914468,356,73,0,0.7865168539325843,0.7386611162205334,,"{""y0_a0"": {""n"": 283, ""accuracy"": 0.8197879858657244}, ""y0_a1"": {""n"": 0, ""accuracy"": NaN}, ""y1_a0"": {""n"": 73, ""accuracy"": 0.6575342465753424}, ""y1_a1"": {""n"": 0, ""accuracy"": NaN}}",0.49393696099010953
corr,ruler_variable,dinov2_b14_518,umte_balanced,0.0,123,test_corr,0.8111234812914468,0.846684350132626,0.7327755905511811,356,73,94,0.7865168539325843,0.7386611162205334,0.625,"{""y0_a0"": {""n"": 254, ""accuracy"": 0.8110236220472441}, ""y0_a1"": {""n"": 29, ""accuracy"": 0.896551724137931}, ""y1_a0"": {""n"": 8, ""accuracy"": 0.625}, ""y1_a1"": {""n"": 65, ""accuracy"": 0.6615384615384615}}",0.49393696099010953
corr,ruler_variable,dinov2_b14_518,umte_balanced,0.0,123,test_rev,0.8111234812914468,0.6689189189189189,0.8230769230769232,356,73,267,0.7865168539325843,0.7386611162205334,0.25,"{""y0_a0"": {""n"": 24, ""accuracy"": 0.7916666666666666}, ""y0_a1"": {""n"": 259, ""accuracy"": 0.8223938223938224}, ""y1_a0"": {""n"": 65, ""accuracy"": 0.7076923076923077}, ""y1_a1"": {""n"": 8, ""accuracy"": 0.25}}",0.49393696099010953
corr,ruler_variable,dinov2_b14_518,erm,0.0,456,clean,0.7972796359939978,,0.7972796359939978,356,73,0,0.75,0.73602304080546,,"{""y0_a0"": {""n"": 283, ""accuracy"": 0.7597173144876325}, ""y0_a1"": {""n"": 0, ""accuracy"": NaN}, ""y1_a0"": {""n"": 73, ""accuracy"": 0.7123287671232876}, ""y1_a1"": {""n"": 0, ""accuracy"": NaN}}",0.43163508298386793
corr,ruler_variable,dinov2_b14_518,erm,0.0,456,test_corr,0.8948642238249673,0.8156108597285068,0.8591439688715953,356,73,94,0.7640449438202247,0.7956822692289075,0.5384615384615384,"{""y0_a0"": {""n"": 257, ""accuracy"": 0.7626459143968871}, ""y0_a1"": {""n"": 26, ""accuracy"": 0.5384615384615384}, ""y1_a0"": {""n"": 5, ""accuracy"": 0.8}, ""y1_a1"": {""n"": 68, ""accuracy"": 0.8529411764705882}}",0.43163508298386793
corr,ruler_variable,dinov2_b14_518,erm,0.0,456,test_rev,0.7022605159978701,0.8500881834215167,0.845766129032258,356,73,261,0.598314606741573,0.6456992109976282,0.5317460317460317,"{""y0_a0"": {""n"": 31, ""accuracy"": 0.8387096774193549}, ""y0_a1"": {""n"": 252, ""accuracy"": 0.5317460317460317}, ""y1_a0"": {""n"": 64, ""accuracy"": 0.703125}, ""y1_a1"": {""n"": 9, ""accuracy"": 0.8888888888888888}}",0.43163508298386793
corr,ruler_variable,dinov2_b14_518,mask,0.0,456,clean,0.8488310179582749,,0.8488310179582749,356,73,0,0.75,0.7766832857350308,,"{""y0_a0"": {""n"": 283, ""accuracy"": 0.7314487632508834}, ""y0_a1"": {""n"": 0, ""accuracy"": NaN}, ""y1_a0"": {""n"": 73, ""accuracy"": 0.821917808219178}, ""y1_a1"": {""n"": 0, ""accuracy"": NaN}}",0.39609327693081975
corr,ruler_variable,dinov2_b14_518,mask,0.0,456,test_corr,0.8488310179582749,0.862556561085973,0.8754863813229572,356,73,94,0.75,0.7766832857350308,0.6923076923076923,"{""y0_a0"": {""n"": 257, ""accuracy"": 0.7354085603112841}, ""y0_a1"": {""n"": 26, ""accuracy"": 0.6923076923076923}, ""y1_a0"": {""n"": 5, ""accuracy"": 0.8}, ""y1_a1"": {""n"": 68, ""accuracy"": 0.8235294117647058}}",0.39609327693081975
corr,ruler_variable,dinov2_b14_518,mask,0.0,456,test_rev,0.8488310179582749,0.9462081128747796,0.8780241935483871,356,73,261,0.75,0.7766832857350308,0.7261904761904762,"{""y0_a0"": {""n"": 31, ""accuracy"": 0.7741935483870968}, ""y0_a1"": {""n"": 252, ""accuracy"": 0.7261904761904762}, ""y1_a0"": {""n"": 64, ""accuracy"": 0.796875}, ""y1_a1"": {""n"": 9, ""accuracy"": 1.0}}",0.39609327693081975
corr,ruler_variable,dinov2_b14_518,balanced,0.0,456,clean,0.7892443971150588,,0.7892443971150588,356,73,0,0.7078651685393258,0.699356212788615,,"{""y0_a0"": {""n"": 283, ""accuracy"": 0.7137809187279152}, ""y0_a1"": {""n"": 0, ""accuracy"": NaN}, ""y1_a0"": {""n"": 73, ""accuracy"": 0.684931506849315}, ""y1_a1"": {""n"": 0, ""accuracy"": NaN}}",0.4487027892540453
corr,ruler_variable,dinov2_b14_518,balanced,0.0,456,test_corr,0.7870661697081175,0.7816742081447964,0.8178988326848249,356,73,94,0.7134831460674157,0.7130548429256014,0.6,"{""y0_a0"": {""n"": 257, ""accuracy"": 0.7198443579766537}, ""y0_a1"": {""n"": 26, ""accuracy"": 0.6538461538461539}, ""y1_a0"": {""n"": 5, ""accuracy"": 0.6}, ""y1_a1"": {""n"": 68, ""accuracy"": 0.7205882352941176}}",0.4487027892540453
corr,ruler_variable,dinov2_b14_518,balanced,0.0,456,test_rev,0.7941333075173048,0.8156966490299824,0.8185483870967742,356,73,261,0.7134831460674157,0.7028897816932087,0.671875,"{""y0_a0"": {""n"": 31, ""accuracy"": 0.7419354838709677}, ""y0_a1"": {""n"": 252, ""accuracy"": 0.7182539682539683}, ""y1_a0"": {""n"": 64, ""accuracy"": 0.671875}, ""y1_a1"": {""n"": 9, ""accuracy"": 0.7777777777777778}}",0.4487027892540453
corr,ruler_variable,dinov2_b14_518,leace,0.0,456,clean,0.8102037852751828,,0.8102037852751828,356,73,0,0.7780898876404494,0.718113171015054,,"{""y0_a0"": {""n"": 283, ""accuracy"": 0.8197879858657244}, ""y0_a1"": {""n"": 0, ""accuracy"": NaN}, ""y1_a0"": {""n"": 73, ""accuracy"": 0.6164383561643836}, ""y1_a1"": {""n"": 0, ""accuracy"": NaN}}",0.5385118176222534
corr,ruler_variable,dinov2_b14_518,leace,0.0,456,test_corr,0.8129144682704874,0.8212669683257918,0.8233463035019456,356,73,94,0.7780898876404494,0.7130306403988576,0.6,"{""y0_a0"": {""n"": 257, ""accuracy"": 0.8249027237354085}, ""y0_a1"": {""n"": 26, ""accuracy"": 0.8076923076923077}, ""y1_a0"": {""n"": 5, ""accuracy"": 0.6}, ""y1_a1"": {""n"": 68, ""accuracy"": 0.6029411764705882}}",0.5385118176222534
corr,ruler_variable,dinov2_b14_518,leace,0.0,456,test_rev,0.8116559368798103,0.8602292768959435,0.8351814516129032,356,73,261,0.7724719101123596,0.7145796021104603,0.59375,"{""y0_a0"": {""n"": 31, ""accuracy"": 0.8387096774193549}, ""y0_a1"": {""n"": 252, ""accuracy"": 0.8095238095238095}, ""y1_a0"": {""n"": 64, ""accuracy"": 0.59375}, ""y1_a1"": {""n"": 9, ""accuracy"": 0.7777777777777778}}",0.5385118176222534
corr,ruler_variable,dinov2_b14_518,umte_protect,0.0,456,clean,0.8485889926908369,,0.8485889926908369,356,73,0,0.7780898876404494,0.763855946560821,,"{""y0_a0"": {""n"": 283, ""accuracy"": 0.7879858657243817}, ""y0_a1"": {""n"": 0, ""accuracy"": NaN}, ""y1_a0"": {""n"": 73, ""accuracy"": 0.7397260273972602}, ""y1_a1"": {""n"": 0, ""accuracy"": NaN}}",0.48624874764379206
corr,ruler_variable,dinov2_b14_518,umte_protect,0.0,456,test_corr,0.8485889926908369,0.8421945701357466,0.9159533073929962,356,73,94,0.7780898876404494,0.763855946560821,0.6923076923076923,"{""y0_a0"": {""n"": 257, ""accuracy"": 0.7976653696498055}, ""y0_a1"": {""n"": 26, ""accuracy"": 0.6923076923076923}, ""y1_a0"": {""n"": 5, ""accuracy"": 0.8}, ""y1_a1"": {""n"": 68, ""accuracy"": 0.7352941176470589}}",0.48624874764379206
corr,ruler_variable,dinov2_b14_518,umte_protect,0.0,456,test_rev,0.8485889926908369,0.9263668430335098,0.8830645161290323,356,73,261,0.7780898876404494,0.763855946560821,0.703125,"{""y0_a0"": {""n"": 31, ""accuracy"": 0.8387096774193549}, ""y0_a1"": {""n"": 252, ""accuracy"": 0.7817460317460317}, ""y1_a0"": {""n"": 64, ""accuracy"": 0.703125}, ""y1_a1"": {""n"": 9, ""accuracy"": 1.0}}",0.48624874764379206
corr,ruler_variable,dinov2_b14_518,umte_protect_balanced,0.0,456,clean,0.8330509705213223,,0.8330509705213223,356,73,0,0.8286516853932584,0.7397502299240041,,"{""y0_a0"": {""n"": 283, ""accuracy"": 0.8904593639575972}, ""y0_a1"": {""n"": 0, ""accuracy"": NaN}, ""y1_a0"": {""n"": 73, ""accuracy"": 0.589041095890411}, ""y1_a1"": {""n"": 0, ""accuracy"": NaN}}",0.6338507581187457
corr,ruler_variable,dinov2_b14_518,umte_protect_balanced,0.0,456,test_corr,0.8330509705213223,0.8444570135746606,0.8809338521400778,356,73,94,0.8286516853932584,0.7397502299240041,0.5882352941176471,"{""y0_a0"": {""n"": 257, ""accuracy"": 0.8832684824902723}, ""y0_a1"": {""n"": 26, ""accuracy"": 0.9615384615384616}, ""y1_a0"": {""n"": 5, ""accuracy"": 0.6}, ""y1_a1"": {""n"": 68, ""accuracy"": 0.5882352941176471}}",0.6338507581187457
corr,ruler_variable,dinov2_b14_518,umte_protect_balanced,0.0,456,test_rev,0.8330509705213223,0.900352733686067,0.8775201612903226,356,73,261,0.8286516853932584,0.7397502299240041,0.5625,"{""y0_a0"": {""n"": 31, ""accuracy"": 1.0}, ""y0_a1"": {""n"": 252, ""accuracy"": 0.876984126984127}, ""y1_a0"": {""n"": 64, ""accuracy"": 0.5625}, ""y1_a1"": {""n"": 9, ""accuracy"": 0.7777777777777778}}",0.6338507581187457
corr,ruler_variable,dinov2_b14_518,i2e,0.0,456,clean,0.84892782806525,,0.84892782806525,356,73,0,0.7780898876404494,0.7689384771770174,,"{""y0_a0"": {""n"": 283, ""accuracy"": 0.784452296819788}, ""y0_a1"": {""n"": 0, ""accuracy"": NaN}, ""y1_a0"": {""n"": 73, ""accuracy"": 0.7534246575342466}, ""y1_a1"": {""n"": 0, ""accuracy"": NaN}}",0.4762367771553374
corr,ruler_variable,dinov2_b14_518,i2e,0.0,456,test_corr,0.8530906626651823,0.833710407239819,0.8389105058365759,356,73,94,0.7808988764044944,0.7757877922455104,0.6,"{""y0_a0"": {""n"": 257, ""accuracy"": 0.7898832684824902}, ""y0_a1"": {""n"": 26, ""accuracy"": 0.7307692307692307}, ""y1_a0"": {""n"": 5, ""accuracy"": 0.6}, ""y1_a1"": {""n"": 68, ""accuracy"": 0.7794117647058824}}",0.4762367771553374
corr,ruler_variable,dinov2_b14_518,i2e,0.0,456,test_rev,0.8498959291350017,0.8932980599647266,0.8755040322580645,356,73,261,0.7752808988764045,0.7671716927247205,0.75,"{""y0_a0"": {""n"": 31, ""accuracy"": 0.8064516129032258}, ""y0_a1"": {""n"": 252, ""accuracy"": 0.7777777777777778}, ""y1_a0"": {""n"": 64, ""accuracy"": 0.75}, ""y1_a1"": {""n"": 9, ""accuracy"": 0.7777777777777778}}",0.4762367771553374
corr,ruler_variable,dinov2_b14_518,i2e_balanced,0.0,456,clean,0.8341642867515369,,0.8341642867515369,356,73,0,0.7752808988764045,0.7468415702599351,,"{""y0_a0"": {""n"": 283, ""accuracy"": 0.7950530035335689}, ""y0_a1"": {""n"": 0, ""accuracy"": NaN}, ""y1_a0"": {""n"": 73, ""accuracy"": 0.6986301369863014}, ""y1_a1"": {""n"": 0, ""accuracy"": NaN}}",0.5006515247315989
corr,ruler_variable,dinov2_b14_518,i2e_balanced,0.0,456,test_corr,0.8379398809235685,0.8156108597285068,0.8404669260700389,356,73,94,0.7752808988764045,0.7468415702599351,0.6,"{""y0_a0"": {""n"": 257, ""accuracy"": 0.8015564202334631}, ""y0_a1"": {""n"": 26, ""accuracy"": 0.7307692307692307}, ""y1_a0"": {""n"": 5, ""accuracy"": 0.6}, ""y1_a1"": {""n"": 68, ""accuracy"": 0.7058823529411765}}",0.5006515247315989
corr,ruler_variable,dinov2_b14_518,i2e_balanced,0.0,456,test_rev,0.8365845394259162,0.8778659611992945,0.8770161290322581,356,73,261,0.7837078651685393,0.7521419236168256,0.6875,"{""y0_a0"": {""n"": 31, ""accuracy"": 0.8709677419354839}, ""y0_a1"": {""n"": 252, ""accuracy"": 0.7976190476190477}, ""y1_a0"": {""n"": 64, ""accuracy"": 0.6875}, ""y1_a1"": {""n"": 9, ""accuracy"": 0.7777777777777778}}",0.5006515247315989
corr,ruler_variable,dinov2_b14_518,i2e_rank1,0.0,456,clean,0.8115591267728351,,0.8115591267728351,356,73,0,0.7837078651685393,0.7165642093034512,,"{""y0_a0"": {""n"": 283, ""accuracy"": 0.8303886925795053}, ""y0_a1"": {""n"": 0, ""accuracy"": NaN}, ""y1_a0"": {""n"": 73, ""accuracy"": 0.6027397260273972}, ""y1_a1"": {""n"": 0, ""accuracy"": NaN}}",0.5537208600621614
corr,ruler_variable,dinov2_b14_518,i2e_rank1,0.0,456,test_corr,0.8146086451425528,0.8252262443438914,0.8217898832684825,356,73,94,0.7808988764044944,0.7097148942349581,0.5882352941176471,"{""y0_a0"": {""n"": 257, ""accuracy"": 0.8326848249027238}, ""y0_a1"": {""n"": 26, ""accuracy"": 0.8076923076923077}, ""y1_a0"": {""n"": 5, ""accuracy"": 0.6}, ""y1_a1"": {""n"": 68, ""accuracy"": 0.5882352941176471}}",0.5537208600621614
corr,ruler_variable,dinov2_b14_518,i2e_rank1,0.0,456,test_rev,0.8118979621472481,0.8567019400352733,0.8361895161290323,356,73,261,0.7837078651685393,0.7165642093034512,0.578125,"{""y0_a0"": {""n"": 31, ""accuracy"": 0.8709677419354839}, ""y0_a1"": {""n"": 252, ""accuracy"": 0.8253968253968254}, ""y1_a0"": {""n"": 64, ""accuracy"": 0.578125}, ""y1_a1"": {""n"": 9, ""accuracy"": 0.7777777777777778}}",0.5537208600621614
corr,ruler_variable,dinov2_b14_518,insert_aug,0.0,456,clean,0.8143182148216275,,0.8143182148216275,356,73,0,0.7752808988764045,0.7366765090275424,,"{""y0_a0"": {""n"": 283, ""accuracy"": 0.8021201413427562}, ""y0_a1"": {""n"": 0, ""accuracy"": NaN}, ""y1_a0"": {""n"": 73, ""accuracy"": 0.6712328767123288}, ""y1_a1"": {""n"": 0, ""accuracy"": NaN}}",0.4483037649171235
corr,ruler_variable,dinov2_b14_518,insert_aug,0.0,456,test_corr,0.8828113655065589,0.8269230769230769,0.8614785992217899,356,73,94,0.800561797752809,0.8034028752601772,0.6,"{""y0_a0"": {""n"": 257, ""accuracy"": 0.8093385214007782}, ""y0_a1"": {""n"": 26, ""accuracy"": 0.6923076923076923}, ""y1_a0"": {""n"": 5, ""accuracy"": 0.6}, ""y1_a1"": {""n"": 68, ""accuracy"": 0.8235294117647058}}",0.4483037649171235
corr,ruler_variable,dinov2_b14_518,insert_aug,0.0,456,test_rev,0.7556028849411878,0.8562610229276895,0.8598790322580645,356,73,261,0.6825842696629213,0.6834551527179438,0.65625,"{""y0_a0"": {""n"": 31, ""accuracy"": 0.8709677419354839}, ""y0_a1"": {""n"": 252, ""accuracy"": 0.6587301587301587}, ""y1_a0"": {""n"": 64, ""accuracy"": 0.65625}, ""y1_a1"": {""n"": 9, ""accuracy"": 0.8888888888888888}}",0.4483037649171235
corr,ruler_variable,dinov2_b14_518,mte,0.0,456,clean,0.844038917663004,,0.844038917663004,356,73,0,0.8286516853932584,0.7499152911563967,,"{""y0_a0"": {""n"": 283, ""accuracy"": 0.8833922261484098}, ""y0_a1"": {""n"": 0, ""accuracy"": NaN}, ""y1_a0"": {""n"": 73, ""accuracy"": 0.6164383561643836}, ""y1_a1"": {""n"": 0, ""accuracy"": NaN}}",0.6035605841654874
corr,ruler_variable,dinov2_b14_518,mte,0.0,456,test_corr,0.844038917663004,0.8461538461538461,0.9175097276264591,356,73,94,0.8286516853932584,0.7499152911563967,0.6,"{""y0_a0"": {""n"": 257, ""accuracy"": 0.8793774319066148}, ""y0_a1"": {""n"": 26, ""accuracy"": 0.9230769230769231}, ""y1_a0"": {""n"": 5, ""accuracy"": 0.6}, ""y1_a1"": {""n"": 68, ""accuracy"": 0.6176470588235294}}",0.6035605841654874
corr,ruler_variable,dinov2_b14_518,mte,0.0,456,test_rev,0.844038917663004,0.9215167548500882,0.8790322580645161,356,73,261,0.8286516853932584,0.7499152911563967,0.59375,"{""y0_a0"": {""n"": 31, ""accuracy"": 0.9354838709677419}, ""y0_a1"": {""n"": 252, ""accuracy"": 0.876984126984127}, ""y1_a0"": {""n"": 64, ""accuracy"": 0.59375}, ""y1_a1"": {""n"": 9, ""accuracy"": 0.7777777777777778}}",0.6035605841654874
corr,ruler_variable,dinov2_b14_518,mte_balanced,0.0,456,clean,0.8404569437049227,,0.8404569437049227,356,73,0,0.8089887640449438,0.7324652693741227,,"{""y0_a0"": {""n"": 283, ""accuracy"": 0.8621908127208481}, ""y0_a1"": {""n"": 0, ""accuracy"": NaN}, ""y1_a0"": {""n"": 73, ""accuracy"": 0.6027397260273972}, ""y1_a1"": {""n"": 0, ""accuracy"": NaN}}",0.5522182825965088
corr,ruler_variable,dinov2_b14_518,mte_balanced,0.0,456,test_corr,0.8404569437049227,0.8416289592760181,0.9073929961089494,356,73,94,0.8089887640449438,0.7324652693741227,0.6,"{""y0_a0"": {""n"": 257, ""accuracy"": 0.8638132295719845}, ""y0_a1"": {""n"": 26, ""accuracy"": 0.8461538461538461}, ""y1_a0"": {""n"": 5, ""accuracy"": 0.6}, ""y1_a1"": {""n"": 68, ""accuracy"": 0.6029411764705882}}",0.5522182825965088
corr,ruler_variable,dinov2_b14_518,mte_balanced,0.0,456,test_rev,0.8404569437049227,0.914021164021164,0.8810483870967742,356,73,261,0.8089887640449438,0.7324652693741227,0.578125,"{""y0_a0"": {""n"": 31, ""accuracy"": 1.0}, ""y0_a1"": {""n"": 252, ""accuracy"": 0.8452380952380952}, ""y1_a0"": {""n"": 64, ""accuracy"": 0.578125}, ""y1_a1"": {""n"": 9, ""accuracy"": 0.7777777777777778}}",0.5522182825965088
corr,ruler_variable,dinov2_b14_518,ui2e,0.0,456,clean,0.8364877293189408,,0.8364877293189408,356,73,0,0.7696629213483146,0.7585555932039305,,"{""y0_a0"": {""n"": 283, ""accuracy"": 0.7773851590106007}, ""y0_a1"": {""n"": 0, ""accuracy"": NaN}, ""y1_a0"": {""n"": 73, ""accuracy"": 0.7397260273972602}, ""y1_a1"": {""n"": 0, ""accuracy"": NaN}}",0.4393433348709539
corr,ruler_variable,dinov2_b14_518,ui2e,0.0,456,test_corr,0.8943801732900915,0.8574660633484164,0.8015564202334631,356,73,94,0.7837078651685393,0.7978846991625925,0.6,"{""y0_a0"": {""n"": 257, ""accuracy"": 0.7782101167315175}, ""y0_a1"": {""n"": 26, ""accuracy"": 0.7307692307692307}, ""y1_a0"": {""n"": 5, ""accuracy"": 0.6}, ""y1_a1"": {""n"": 68, ""accuracy"": 0.8382352941176471}}",0.4393433348709539
corr,ruler_variable,dinov2_b14_518,ui2e,0.0,456,test_rev,0.777239943850138,0.8677248677248678,0.873991935483871,356,73,261,0.6882022471910112,0.7073188440873227,0.6547619047619048,"{""y0_a0"": {""n"": 31, ""accuracy"": 0.8387096774193549}, ""y0_a1"": {""n"": 252, ""accuracy"": 0.6547619047619048}, ""y1_a0"": {""n"": 64, ""accuracy"": 0.71875}, ""y1_a1"": {""n"": 9, ""accuracy"": 0.8888888888888888}}",0.4393433348709539
corr,ruler_variable,dinov2_b14_518,ui2e_balanced,0.0,456,clean,0.8268551236749117,,0.8268551236749117,356,73,0,0.7808988764044944,0.7757877922455104,,"{""y0_a0"": {""n"": 283, ""accuracy"": 0.784452296819788}, ""y0_a1"": {""n"": 0, ""accuracy"": NaN}, ""y1_a0"": {""n"": 73, ""accuracy"": 0.7671232876712328}, ""y1_a1"": {""n"": 0, ""accuracy"": NaN}}",0.45030740111160744
corr,ruler_variable,dinov2_b14_518,ui2e_balanced,0.0,456,test_corr,0.8462655501234329,0.8410633484162896,0.8163424124513619,356,73,94,0.7865168539325843,0.7894864223824967,0.6,"{""y0_a0"": {""n"": 257, ""accuracy"": 0.7859922178988327}, ""y0_a1"": {""n"": 26, ""accuracy"": 0.7692307692307693}, ""y1_a0"": {""n"": 5, ""accuracy"": 0.6}, ""y1_a1"": {""n"": 68, ""accuracy"": 0.8088235294117647}}",0.45030740111160744
corr,ruler_variable,dinov2_b14_518,ui2e_balanced,0.0,456,test_rev,0.8147538603030157,0.8567019400352733,0.8649193548387097,356,73,261,0.7640449438202247,0.7651870855317295,0.75,"{""y0_a0"": {""n"": 31, ""accuracy"": 0.8709677419354839}, ""y0_a1"": {""n"": 252, ""accuracy"": 0.75}, ""y1_a0"": {""n"": 64, ""accuracy"": 0.75}, ""y1_a1"": {""n"": 9, ""accuracy"": 0.8888888888888888}}",0.45030740111160744
corr,ruler_variable,dinov2_b14_518,umte,0.0,456,clean,0.8345515271794375,,0.8345515271794375,356,73,0,0.7808988764044944,0.7402100779321361,,"{""y0_a0"": {""n"": 283, ""accuracy"": 0.8091872791519434}, ""y0_a1"": {""n"": 0, ""accuracy"": NaN}, ""y1_a0"": {""n"": 73, ""accuracy"": 0.6712328767123288}, ""y1_a1"": {""n"": 0, ""accuracy"": NaN}}",0.5001345137477501
corr,ruler_variable,dinov2_b14_518,umte,0.0,456,test_corr,0.8345515271794375,0.798076923076923,0.914396887159533,356,73,94,0.7808988764044944,0.7402100779321361,0.6,"{""y0_a0"": {""n"": 257, ""accuracy"": 0.8171206225680934}, ""y0_a1"": {""n"": 26, ""accuracy"": 0.7307692307692307}, ""y1_a0"": {""n"": 5, ""accuracy"": 0.6}, ""y1_a1"": {""n"": 68, ""accuracy"": 0.6764705882352942}}",0.5001345137477501
corr,ruler_variable,dinov2_b14_518,umte,0.0,456,test_rev,0.8345515271794375,0.9281305114638447,0.8573588709677419,356,73,261,0.7808988764044944,0.7402100779321361,0.625,"{""y0_a0"": {""n"": 31, ""accuracy"": 0.8387096774193549}, ""y0_a1"": {""n"": 252, ""accuracy"": 0.8055555555555556}, ""y1_a0"": {""n"": 64, ""accuracy"": 0.625}, ""y1_a1"": {""n"": 9, ""accuracy"": 1.0}}",0.5001345137477501
corr,ruler_variable,dinov2_b14_518,umte_balanced,0.0,456,clean,0.8237087951982186,,0.8237087951982186,356,73,0,0.7668539325842697,0.746623747519241,,"{""y0_a0"": {""n"": 283, ""accuracy"": 0.7809187279151943}, ""y0_a1"": {""n"": 0, ""accuracy"": NaN}, ""y1_a0"": {""n"": 73, ""accuracy"": 0.7123287671232876}, ""y1_a1"": {""n"": 0, ""accuracy"": NaN}}",0.4469397164834947
corr,ruler_variable,dinov2_b14_518,umte_balanced,0.0,456,test_corr,0.8237087951982186,0.7895927601809956,0.9042801556420232,356,73,94,0.7668539325842697,0.746623747519241,0.6,"{""y0_a0"": {""n"": 257, ""accuracy"": 0.7898832684824902}, ""y0_a1"": {""n"": 26, ""accuracy"": 0.6923076923076923}, ""y1_a0"": {""n"": 5, ""accuracy"": 0.6}, ""y1_a1"": {""n"": 68, ""accuracy"": 0.7205882352941176}}",0.4469397164834947
corr,ruler_variable,dinov2_b14_518,umte_balanced,0.0,456,test_rev,0.8237087951982186,0.9131393298059964,0.8608870967741936,356,73,261,0.7668539325842697,0.746623747519241,0.6875,"{""y0_a0"": {""n"": 31, ""accuracy"": 0.8387096774193549}, ""y0_a1"": {""n"": 252, ""accuracy"": 0.7738095238095238}, ""y1_a0"": {""n"": 64, ""accuracy"": 0.6875}, ""y1_a1"": {""n"": 9, ""accuracy"": 0.8888888888888888}}",0.4469397164834947
corr,ruler_variable,dinov2_b14_518,erm,0.5,42,clean,0.7961179147102957,,0.7961179147102957,356,73,0,0.7443820224719101,0.7223244106684737,,"{""y0_a0"": {""n"": 283, ""accuracy"": 0.7597173144876325}, ""y0_a1"": {""n"": 0, ""accuracy"": NaN}, ""y1_a0"": {""n"": 73, ""accuracy"": 0.684931506849315}, ""y1_a1"": {""n"": 0, ""accuracy"": NaN}}",0.3953101983832711
corr,ruler_variable,dinov2_b14_518,erm,0.5,42,test_corr,0.9040611839876083,0.7946428571428571,0.85838779956427,356,73,92,0.7696629213483146,0.8246284912144828,0.4642857142857143,"{""y0_a0"": {""n"": 255, ""accuracy"": 0.7607843137254902}, ""y0_a1"": {""n"": 28, ""accuracy"": 0.4642857142857143}, ""y1_a0"": {""n"": 9, ""accuracy"": 0.8888888888888888}, ""y1_a1"": {""n"": 64, ""accuracy"": 0.921875}}",0.3953101983832711
corr,ruler_variable,dinov2_b14_518,erm,0.5,42,test_rev,0.6308630621036835,0.7831978319783197,0.8289632916498588,356,73,252,0.5280898876404494,0.6015295996902077,0.43089430894308944,"{""y0_a0"": {""n"": 37, ""accuracy"": 0.7837837837837838}, ""y0_a1"": {""n"": 246, ""accuracy"": 0.43089430894308944}, ""y1_a0"": {""n"": 67, ""accuracy"": 0.7014925373134329}, ""y1_a1"": {""n"": 6, ""accuracy"": 1.0}}",0.3953101983832711
corr,ruler_variable,dinov2_b14_518,mask,0.5,42,clean,0.8489762331187376,,0.8489762331187376,356,73,0,0.7752808988764045,0.7570066314923278,,"{""y0_a0"": {""n"": 283, ""accuracy"": 0.7879858657243817}, ""y0_a1"": {""n"": 0, ""accuracy"": NaN}, ""y1_a0"": {""n"": 73, ""accuracy"": 0.726027397260274}, ""y1_a1"": {""n"": 0, ""accuracy"": NaN}}",0.24079518024021937
corr,ruler_variable,dinov2_b14_518,mask,0.5,42,test_corr,0.9492230988915242,0.8030133928571429,0.885838779956427,356,73,92,0.7865168539325843,0.8504767897768527,0.32142857142857145,"{""y0_a0"": {""n"": 255, ""accuracy"": 0.788235294117647}, ""y0_a1"": {""n"": 28, ""accuracy"": 0.32142857142857145}, ""y1_a0"": {""n"": 9, ""accuracy"": 0.7777777777777778}, ""y1_a1"": {""n"": 64, ""accuracy"": 0.984375}}",0.24079518024021937
corr,ruler_variable,dinov2_b14_518,mask,0.5,42,test_rev,0.5609177598141246,0.8685636856368564,0.8604275917708754,356,73,252,0.4297752808988764,0.5447746744760152,0.2764227642276423,"{""y0_a0"": {""n"": 37, ""accuracy"": 0.8378378378378378}, ""y0_a1"": {""n"": 246, ""accuracy"": 0.2764227642276423}, ""y1_a0"": {""n"": 67, ""accuracy"": 0.7164179104477612}, ""y1_a1"": {""n"": 6, ""accuracy"": 1.0}}",0.24079518024021937
corr,ruler_variable,dinov2_b14_518,balanced,0.5,42,clean,0.8382787162979815,,0.8382787162979815,356,73,0,0.7837078651685393,0.7521419236168256,,"{""y0_a0"": {""n"": 283, ""accuracy"": 0.8056537102473498}, ""y0_a1"": {""n"": 0, ""accuracy"": NaN}, ""y1_a0"": {""n"": 73, ""accuracy"": 0.6986301369863014}, ""y1_a1"": {""n"": 0, ""accuracy"": NaN}}",0.3900884922283302
corr,ruler_variable,dinov2_b14_518,balanced,0.5,42,test_corr,0.8758410378043467,0.8577008928571429,0.8618736383442266,356,73,92,0.7780898876404494,0.7791035384094099,0.6428571428571429,"{""y0_a0"": {""n"": 255, ""accuracy"": 0.792156862745098}, ""y0_a1"": {""n"": 28, ""accuracy"": 0.6428571428571429}, ""y1_a0"": {""n"": 9, ""accuracy"": 0.8888888888888888}, ""y1_a1"": {""n"": 64, ""accuracy"": 0.765625}}",0.3900884922283302
corr,ruler_variable,dinov2_b14_518,balanced,0.5,42,test_rev,0.7890023718476209,0.8861788617886178,0.8765631302944735,356,73,252,0.7106741573033708,0.7214531197056973,0.6788617886178862,"{""y0_a0"": {""n"": 37, ""accuracy"": 0.8648648648648649}, ""y0_a1"": {""n"": 246, ""accuracy"": 0.6788617886178862}, ""y1_a0"": {""n"": 67, ""accuracy"": 0.7164179104477612}, ""y1_a1"": {""n"": 6, ""accuracy"": 1.0}}",0.3900884922283302
corr,ruler_variable,dinov2_b14_518,leace,0.5,42,clean,0.8412314245607242,,0.8412314245607242,356,73,0,0.7837078651685393,0.711481678687255,,"{""y0_a0"": {""n"": 283, ""accuracy"": 0.833922261484099}, ""y0_a1"": {""n"": 0, ""accuracy"": NaN}, ""y1_a0"": {""n"": 73, ""accuracy"": 0.589041095890411}, ""y1_a1"": {""n"": 0, ""accuracy"": NaN}}",0.5586937366345331
corr,ruler_variable,dinov2_b14_518,leace,0.5,42,test_corr,0.8365361343724286,0.8783482142857143,0.870152505446623,356,73,92,0.7865168539325843,0.718330993755748,0.4444444444444444,"{""y0_a0"": {""n"": 255, ""accuracy"": 0.8235294117647058}, ""y0_a1"": {""n"": 28, ""accuracy"": 0.9285714285714286}, ""y1_a0"": {""n"": 9, ""accuracy"": 0.4444444444444444}, ""y1_a1"": {""n"": 64, ""accuracy"": 0.625}}",0.5586937366345331
corr,ruler_variable,dinov2_b14_518,leace,0.5,42,test_rev,0.8386659567258822,0.8306233062330624,0.873336022589754,356,73,252,0.7780898876404494,0.7079481097826613,0.5,"{""y0_a0"": {""n"": 37, ""accuracy"": 0.8648648648648649}, ""y0_a1"": {""n"": 246, ""accuracy"": 0.8211382113821138}, ""y1_a0"": {""n"": 67, ""accuracy"": 0.5970149253731343}, ""y1_a1"": {""n"": 6, ""accuracy"": 0.5}}",0.5586937366345331
corr,ruler_variable,dinov2_b14_518,umte_protect,0.5,42,clean,0.8402633234909724,,0.8402633234909724,356,73,0,0.7387640449438202,0.749286025461058,,"{""y0_a0"": {""n"": 283, ""accuracy"": 0.7314487632508834}, ""y0_a1"": {""n"": 0, ""accuracy"": NaN}, ""y1_a0"": {""n"": 73, ""accuracy"": 0.7671232876712328}, ""y1_a1"": {""n"": 0, ""accuracy"": NaN}}",0.2848680998694368
corr,ruler_variable,dinov2_b14_518,umte_protect,0.5,42,test_corr,0.9162592574664795,0.7801339285714286,0.9289760348583878,356,73,92,0.75,0.8224260612807976,0.39285714285714285,"{""y0_a0"": {""n"": 255, ""accuracy"": 0.7333333333333333}, ""y0_a1"": {""n"": 28, ""accuracy"": 0.39285714285714285}, ""y1_a0"": {""n"": 9, ""accuracy"": 1.0}, ""y1_a1"": {""n"": 64, ""accuracy"": 0.9375}}",0.2848680998694368
corr,ruler_variable,dinov2_b14_518,umte_protect,0.5,42,test_rev,0.6834793552446874,0.8739837398373984,0.8434852763210972,356,73,252,0.5252808988764045,0.6200929377026961,0.4146341463414634,"{""y0_a0"": {""n"": 37, ""accuracy"": 0.7567567567567568}, ""y0_a1"": {""n"": 246, ""accuracy"": 0.4146341463414634}, ""y1_a0"": {""n"": 67, ""accuracy"": 0.7611940298507462}, ""y1_a1"": {""n"": 6, ""accuracy"": 1.0}}",0.2848680998694368
corr,ruler_variable,dinov2_b14_518,umte_protect_balanced,0.5,42,clean,0.8543007890023718,,0.8543007890023718,356,73,0,0.7893258426966292,0.7760056149862046,,"{""y0_a0"": {""n"": 283, ""accuracy"": 0.7985865724381626}, ""y0_a1"": {""n"": 0, ""accuracy"": NaN}, ""y1_a0"": {""n"": 73, ""accuracy"": 0.7534246575342466}, ""y1_a1"": {""n"": 0, ""accuracy"": NaN}}",0.3946154067412235
corr,ruler_variable,dinov2_b14_518,umte_protect_balanced,0.5,42,test_corr,0.8765187085531729,0.8018973214285714,0.9206971677559912,356,73,92,0.7949438202247191,0.7998693063555835,0.6428571428571429,"{""y0_a0"": {""n"": 255, ""accuracy"": 0.807843137254902}, ""y0_a1"": {""n"": 28, ""accuracy"": 0.6428571428571429}, ""y1_a0"": {""n"": 9, ""accuracy"": 0.8888888888888888}, ""y1_a1"": {""n"": 64, ""accuracy"": 0.796875}}",0.3946154067412235
corr,ruler_variable,dinov2_b14_518,umte_protect_balanced,0.5,42,test_rev,0.8110266711844717,0.9261517615176151,0.8616377571601452,356,73,252,0.7191011235955056,0.7369185342949804,0.6829268292682927,"{""y0_a0"": {""n"": 37, ""accuracy"": 0.8648648648648649}, ""y0_a1"": {""n"": 246, ""accuracy"": 0.6829268292682927}, ""y1_a0"": {""n"": 67, ""accuracy"": 0.746268656716418}, ""y1_a1"": {""n"": 6, ""accuracy"": 1.0}}",0.3946154067412235
corr,ruler_variable,dinov2_b14_518,i2e,0.5,42,clean,0.8519289413814802,,0.8519289413814802,356,73,0,0.7893258426966292,0.7404279006728303,,"{""y0_a0"": {""n"": 283, ""accuracy"": 0.823321554770318}, ""y0_a1"": {""n"": 0, ""accuracy"": NaN}, ""y1_a0"": {""n"": 73, ""accuracy"": 0.6575342465753424}, ""y1_a1"": {""n"": 0, ""accuracy"": NaN}}",0.536048083707739
corr,ruler_variable,dinov2_b14_518,i2e,0.5,42,test_corr,0.846943220872259,0.8844866071428572,0.8797385620915033,356,73,92,0.7808988764044944,0.7249624860835471,0.609375,"{""y0_a0"": {""n"": 255, ""accuracy"": 0.8117647058823529}, ""y0_a1"": {""n"": 28, ""accuracy"": 0.8928571428571429}, ""y1_a0"": {""n"": 9, ""accuracy"": 0.7777777777777778}, ""y1_a1"": {""n"": 64, ""accuracy"": 0.609375}}",0.536048083707739
corr,ruler_variable,dinov2_b14_518,i2e,0.5,42,test_rev,0.8500411442954644,0.8306233062330622,0.8870512303348125,356,73,252,0.7808988764044944,0.7351275473159398,0.5,"{""y0_a0"": {""n"": 37, ""accuracy"": 0.8648648648648649}, ""y0_a1"": {""n"": 246, ""accuracy"": 0.8048780487804879}, ""y1_a0"": {""n"": 67, ""accuracy"": 0.6716417910447762}, ""y1_a1"": {""n"": 6, ""accuracy"": 0.5}}",0.536048083707739
corr,ruler_variable,dinov2_b14_518,i2e_balanced,0.5,42,clean,0.8485405876373493,,0.8485405876373493,356,73,0,0.7893258426966292,0.7760056149862046,,"{""y0_a0"": {""n"": 283, ""accuracy"": 0.7985865724381626}, ""y0_a1"": {""n"": 0, ""accuracy"": NaN}, ""y1_a0"": {""n"": 73, ""accuracy"": 0.7534246575342466}, ""y1_a1"": {""n"": 0, ""accuracy"": NaN}}",0.4440658062587886
corr,ruler_variable,dinov2_b14_518,i2e_balanced,0.5,42,test_corr,0.8447165884118302,0.8772321428571429,0.8649237472766884,356,73,92,0.7837078651685393,0.7623069848492183,0.6666666666666666,"{""y0_a0"": {""n"": 255, ""accuracy"": 0.792156862745098}, ""y0_a1"": {""n"": 28, ""accuracy"": 0.8571428571428571}, ""y1_a0"": {""n"": 9, ""accuracy"": 0.6666666666666666}, ""y1_a1"": {""n"": 64, ""accuracy"": 0.734375}}",0.4440658062587886
corr,ruler_variable,dinov2_b14_518,i2e_balanced,0.5,42,test_rev,0.8480565371024734,0.8787262872628727,0.8866478418717224,356,73,252,0.7837078651685393,0.7724720460816109,0.7313432835820896,"{""y0_a0"": {""n"": 37, ""accuracy"": 0.8648648648648649}, ""y0_a1"": {""n"": 246, ""accuracy"": 0.7804878048780488}, ""y1_a0"": {""n"": 67, ""accuracy"": 0.7313432835820896}, ""y1_a1"": {""n"": 6, ""accuracy"": 1.0}}",0.4440658062587886
corr,ruler_variable,dinov2_b14_518,i2e_rank1,0.5,42,clean,0.8394404375816834,,0.8394404375816834,356,73,0,0.7837078651685393,0.7165642093034512,,"{""y0_a0"": {""n"": 283, ""accuracy"": 0.8303886925795053}, ""y0_a1"": {""n"": 0, ""accuracy"": NaN}, ""y1_a0"": {""n"": 73, ""accuracy"": 0.6027397260273972}, ""y1_a1"": {""n"": 0, ""accuracy"": NaN}}",0.5564863127436241
corr,ruler_variable,dinov2_b14_518,i2e_rank1,0.5,42,test_corr,0.8372622101747423,0.8716517857142857,0.8727668845315905,356,73,92,0.7865168539325843,0.7284960549881407,0.5555555555555556,"{""y0_a0"": {""n"": 255, ""accuracy"": 0.8196078431372549}, ""y0_a1"": {""n"": 28, ""accuracy"": 0.8928571428571429}, ""y1_a0"": {""n"": 9, ""accuracy"": 0.5555555555555556}, ""y1_a1"": {""n"": 64, ""accuracy"": 0.640625}}",0.5564863127436241
corr,ruler_variable,dinov2_b14_518,i2e_rank1,0.5,42,test_rev,0.8344547170724623,0.8224932249322494,0.8789834610730133,356,73,252,0.7837078651685393,0.7165642093034512,0.5,"{""y0_a0"": {""n"": 37, ""accuracy"": 0.8648648648648649}, ""y0_a1"": {""n"": 246, ""accuracy"": 0.8252032520325203}, ""y1_a0"": {""n"": 67, ""accuracy"": 0.6119402985074627}, ""y1_a1"": {""n"": 6, ""accuracy"": 0.5}}",0.5564863127436241
corr,ruler_variable,dinov2_b14_518,insert_aug,0.5,42,clean,0.8190619100634106,,0.8190619100634106,356,73,0,0.7696629213483146,0.7280604095067524,,"{""y0_a0"": {""n"": 283, ""accuracy"": 0.7985865724381626}, ""y0_a1"": {""n"": 0, ""accuracy"": NaN}, ""y1_a0"": {""n"": 73, ""accuracy"": 0.6575342465753424}, ""y1_a1"": {""n"": 0, ""accuracy"": NaN}}",0.43113289981892816
corr,ruler_variable,dinov2_b14_518,insert_aug,0.5,42,test_corr,0.8981073624086354,0.8448660714285715,0.8736383442265795,356,73,92,0.797752808988764,0.827048743888862,0.6071428571428571,"{""y0_a0"": {""n"": 255, ""accuracy"": 0.796078431372549}, ""y0_a1"": {""n"": 28, ""accuracy"": 0.6071428571428571}, ""y1_a0"": {""n"": 9, ""accuracy"": 0.8888888888888888}, ""y1_a1"": {""n"": 64, ""accuracy"": 0.875}}",0.43113289981892816
corr,ruler_variable,dinov2_b14_518,insert_aug,0.5,42,test_rev,0.7088436032721815,0.787940379403794,0.8547801532876159,356,73,252,0.6067415730337079,0.640834503122126,0.5487804878048781,"{""y0_a0"": {""n"": 37, ""accuracy"": 0.8108108108108109}, ""y0_a1"": {""n"": 246, ""accuracy"": 0.5487804878048781}, ""y1_a0"": {""n"": 67, ""accuracy"": 0.6716417910447762}, ""y1_a1"": {""n"": 6, ""accuracy"": 1.0}}",0.43113289981892816
corr,ruler_variable,dinov2_b14_518,mte,0.5,42,clean,0.8429740064862771,,0.8429740064862771,356,73,0,0.8174157303370787,0.7479306839634058,,"{""y0_a0"": {""n"": 283, ""accuracy"": 0.8657243816254417}, ""y0_a1"": {""n"": 0, ""accuracy"": NaN}, ""y1_a0"": {""n"": 73, ""accuracy"": 0.6301369863013698}, ""y1_a1"": {""n"": 0, ""accuracy"": NaN}}",0.5741066065006591
corr,ruler_variable,dinov2_b14_518,mte,0.5,42,test_corr,0.8472336511931845,0.8197544642857143,0.8971677559912853,356,73,92,0.8174157303370787,0.7580957451957984,0.640625,"{""y0_a0"": {""n"": 255, ""accuracy"": 0.8666666666666667}, ""y0_a1"": {""n"": 28, ""accuracy"": 0.7857142857142857}, ""y1_a0"": {""n"": 9, ""accuracy"": 0.7777777777777778}, ""y1_a1"": {""n"": 64, ""accuracy"": 0.640625}}",0.5741066065006591
corr,ruler_variable,dinov2_b14_518,mte,0.5,42,test_rev,0.8288397308679026,0.9146341463414634,0.8543767648245261,356,73,252,0.7865168539325843,0.7284960549881407,0.6119402985074627,"{""y0_a0"": {""n"": 37, ""accuracy"": 0.8648648648648649}, ""y0_a1"": {""n"": 246, ""accuracy"": 0.8211382113821138}, ""y1_a0"": {""n"": 67, ""accuracy"": 0.6119402985074627}, ""y1_a1"": {""n"": 6, ""accuracy"": 0.8333333333333334}}",0.5741066065006591
corr,ruler_variable,dinov2_b14_518,mte_balanced,0.5,42,clean,0.850089549348952,,0.850089549348952,356,73,0,0.8033707865168539,0.7543443535505107,,"{""y0_a0"": {""n"": 283, ""accuracy"": 0.8374558303886925}, ""y0_a1"": {""n"": 0, ""accuracy"": NaN}, ""y1_a0"": {""n"": 73, ""accuracy"": 0.6712328767123288}, ""y1_a1"": {""n"": 0, ""accuracy"": NaN}}",0.4971456223003062
corr,ruler_variable,dinov2_b14_518,mte_balanced,0.5,42,test_corr,0.852074156541943,0.8191964285714285,0.8705882352941177,356,73,92,0.8033707865168539,0.7543443535505107,0.65625,"{""y0_a0"": {""n"": 255, ""accuracy"": 0.8431372549019608}, ""y0_a1"": {""n"": 28, ""accuracy"": 0.7857142857142857}, ""y1_a0"": {""n"": 9, ""accuracy"": 0.7777777777777778}, ""y1_a1"": {""n"": 64, ""accuracy"": 0.65625}}",0.4971456223003062
corr,ruler_variable,dinov2_b14_518,mte_balanced,0.5,42,test_rev,0.843458057021153,0.9349593495934959,0.8652682533279549,356,73,252,0.7921348314606742,0.7421946851251271,0.6417910447761194,"{""y0_a0"": {""n"": 37, ""accuracy"": 0.8648648648648649}, ""y0_a1"": {""n"": 246, ""accuracy"": 0.8211382113821138}, ""y1_a0"": {""n"": 67, ""accuracy"": 0.6417910447761194}, ""y1_a1"": {""n"": 6, ""accuracy"": 0.8333333333333334}}",0.4971456223003062
corr,ruler_variable,dinov2_b14_518,ui2e,0.5,42,clean,0.842296335737451,,0.842296335737451,356,73,0,0.7865168539325843,0.7589912386853187,,"{""y0_a0"": {""n"": 283, ""accuracy"": 0.8056537102473498}, ""y0_a1"": {""n"": 0, ""accuracy"": NaN}, ""y1_a0"": {""n"": 73, ""accuracy"": 0.7123287671232876}, ""y1_a1"": {""n"": 0, ""accuracy"": NaN}}",0.4294254928688977
corr,ruler_variable,dinov2_b14_518,ui2e,0.5,42,test_corr,0.904109589041096,0.8677455357142857,0.8875816993464053,356,73,92,0.7893258426966292,0.8115833292995789,0.6071428571428571,"{""y0_a0"": {""n"": 255, ""accuracy"": 0.792156862745098}, ""y0_a1"": {""n"": 28, ""accuracy"": 0.6071428571428571}, ""y1_a0"": {""n"": 9, ""accuracy"": 0.7777777777777778}, ""y1_a1"": {""n"": 64, ""accuracy"": 0.859375}}",0.4294254928688977
corr,ruler_variable,dinov2_b14_518,ui2e,0.5,42,test_rev,0.7378382303112446,0.8238482384823849,0.8918918918918919,356,73,252,0.6404494382022472,0.6722009777820804,0.5853658536585366,"{""y0_a0"": {""n"": 37, ""accuracy"": 0.8378378378378378}, ""y0_a1"": {""n"": 246, ""accuracy"": 0.5853658536585366}, ""y1_a0"": {""n"": 67, ""accuracy"": 0.7164179104477612}, ""y1_a1"": {""n"": 6, ""accuracy"": 0.8333333333333334}}",0.4294254928688977
corr,ruler_variable,dinov2_b14_518,ui2e_balanced,0.5,42,clean,0.8324217048259838,,0.8324217048259838,356,73,0,0.7556179775280899,0.7649692627910354,,"{""y0_a0"": {""n"": 283, ""accuracy"": 0.7491166077738516}, ""y0_a1"": {""n"": 0, ""accuracy"": NaN}, ""y1_a0"": {""n"": 73, ""accuracy"": 0.7808219178082192}, ""y1_a1"": {""n"": 0, ""accuracy"": NaN}}",0.39482138477040807
corr,ruler_variable,dinov2_b14_518,ui2e_balanced,0.5,42,test_corr,0.8516869161140423,0.8610491071428572,0.8649237472766884,356,73,92,0.7415730337078652,0.7612178711457476,0.6785714285714286,"{""y0_a0"": {""n"": 255, ""accuracy"": 0.7333333333333333}, ""y0_a1"": {""n"": 28, ""accuracy"": 0.6785714285714286}, ""y1_a0"": {""n"": 9, ""accuracy"": 0.8888888888888888}, ""y1_a1"": {""n"": 64, ""accuracy"": 0.78125}}",0.39482138477040807
corr,ruler_variable,dinov2_b14_518,ui2e_balanced,0.5,42,test_rev,0.8090420639914807,0.8753387533875339,0.8753529649052036,356,73,252,0.7106741573033708,0.7367007115542863,0.6707317073170732,"{""y0_a0"": {""n"": 37, ""accuracy"": 0.8378378378378378}, ""y0_a1"": {""n"": 246, ""accuracy"": 0.6707317073170732}, ""y1_a0"": {""n"": 67, ""accuracy"": 0.7761194029850746}, ""y1_a1"": {""n"": 6, ""accuracy"": 0.8333333333333334}}",0.39482138477040807
corr,ruler_variable,dinov2_b14_518,umte,0.5,42,clean,0.8242896558400696,,0.8242896558400696,356,73,0,0.800561797752809,0.6966697323200541,,"{""y0_a0"": {""n"": 283, ""accuracy"": 0.872791519434629}, ""y0_a1"": {""n"": 0, ""accuracy"": NaN}, ""y1_a0"": {""n"": 73, ""accuracy"": 0.5205479452054794}, ""y1_a1"": {""n"": 0, ""accuracy"": NaN}}",0.4658576997527372
corr,ruler_variable,dinov2_b14_518,umte,0.5,42,test_corr,0.9090469044968295,0.7818080357142857,0.8797385620915033,356,73,92,0.8286516853932584,0.8261532503993416,0.5,"{""y0_a0"": {""n"": 255, ""accuracy"": 0.8666666666666667}, ""y0_a1"": {""n"": 28, ""accuracy"": 0.5}, ""y1_a0"": {""n"": 9, ""accuracy"": 0.5555555555555556}, ""y1_a1"": {""n"": 64, ""accuracy"": 0.859375}}",0.4658576997527372
corr,ruler_variable,dinov2_b14_518,umte,0.5,42,test_rev,0.6664891814705456,0.8414634146341464,0.8204921339249698,356,73,252,0.6207865168539326,0.5988431192216468,0.5223880597014925,"{""y0_a0"": {""n"": 37, ""accuracy"": 0.8378378378378378}, ""y0_a1"": {""n"": 246, ""accuracy"": 0.6056910569105691}, ""y1_a0"": {""n"": 67, ""accuracy"": 0.5223880597014925}, ""y1_a1"": {""n"": 6, ""accuracy"": 1.0}}",0.4658576997527372
corr,ruler_variable,dinov2_b14_518,umte_balanced,0.5,42,clean,0.8456362844280942,,0.8456362844280942,356,73,0,0.8174157303370787,0.7377656227310131,,"{""y0_a0"": {""n"": 283, ""accuracy"": 0.872791519434629}, ""y0_a1"": {""n"": 0, ""accuracy"": NaN}, ""y1_a0"": {""n"": 73, ""accuracy"": 0.6027397260273972}, ""y1_a1"": {""n"": 0, ""accuracy"": NaN}}",0.5057424760944198
corr,ruler_variable,dinov2_b14_518,umte_balanced,0.5,42,test_corr,0.8693063555835229,0.8164062500000001,0.889760348583878,356,73,92,0.8230337078651685,0.761629314100392,0.5555555555555556,"{""y0_a0"": {""n"": 255, ""accuracy"": 0.8745098039215686}, ""y0_a1"": {""n"": 28, ""accuracy"": 0.7857142857142857}, ""y1_a0"": {""n"": 9, ""accuracy"": 0.5555555555555556}, ""y1_a1"": {""n"": 64, ""accuracy"": 0.671875}}",0.5057424760944198
corr,ruler_variable,dinov2_b14_518,umte_balanced,0.5,42,test_rev,0.8088484437775303,0.9166666666666666,0.8450988301734571,356,73,252,0.7724719101123596,0.7145796021104603,0.5970149253731343,"{""y0_a0"": {""n"": 37, ""accuracy"": 0.8648648648648649}, ""y0_a1"": {""n"": 246, ""accuracy"": 0.8048780487804879}, ""y1_a0"": {""n"": 67, ""accuracy"": 0.5970149253731343}, ""y1_a1"": {""n"": 6, ""accuracy"": 0.8333333333333334}}",0.5057424760944198
corr,ruler_variable,dinov2_b14_518,erm,0.5,123,clean,0.7961179147102958,,0.7961179147102958,356,73,0,0.7471910112359551,0.7291737257369669,,"{""y0_a0"": {""n"": 283, ""accuracy"": 0.7597173144876325}, ""y0_a1"": {""n"": 0, ""accuracy"": NaN}, ""y1_a0"": {""n"": 73, ""accuracy"": 0.6986301369863014}, ""y1_a1"": {""n"": 0, ""accuracy"": NaN}}",0.39452771706781603
corr,ruler_variable,dinov2_b14_518,erm,0.5,123,test_corr,0.9081272084805654,0.8153846153846154,0.8439960629921262,356,73,94,0.7612359550561798,0.8091630766251996,0.4827586206896552,"{""y0_a0"": {""n"": 254, ""accuracy"": 0.7559055118110236}, ""y0_a1"": {""n"": 29, ""accuracy"": 0.4827586206896552}, ""y1_a0"": {""n"": 8, ""accuracy"": 0.625}, ""y1_a1"": {""n"": 65, ""accuracy"": 0.9230769230769231}}",0.39452771706781603
corr,ruler_variable,dinov2_b14_518,erm,0.5,123,test_rev,0.6223437726898688,0.8291505791505792,0.7352564102564103,356,73,267,0.5,0.5838617551672395,0.4247104247104247,"{""y0_a0"": {""n"": 24, ""accuracy"": 0.625}, ""y0_a1"": {""n"": 259, ""accuracy"": 0.4247104247104247}, ""y1_a0"": {""n"": 65, ""accuracy"": 0.6923076923076923}, ""y1_a1"": {""n"": 8, ""accuracy"": 1.0}}",0.39452771706781603
corr,ruler_variable,dinov2_b14_518,mask,0.5,123,clean,0.8336318311631734,,0.8336318311631734,356,73,0,0.7865168539325843,0.718330993755748,,"{""y0_a0"": {""n"": 283, ""accuracy"": 0.833922261484099}, ""y0_a1"": {""n"": 0, ""accuracy"": NaN}, ""y1_a0"": {""n"": 73, ""accuracy"": 0.6027397260273972}, ""y1_a1"": {""n"": 0, ""accuracy"": NaN}}",0.31466704230115417
corr,ruler_variable,dinov2_b14_518,mask,0.5,123,test_corr,0.9425432015102376,0.8217506631299735,0.7504921259842519,356,73,94,0.8174157303370787,0.8699114187521177,0.3793103448275862,"{""y0_a0"": {""n"": 254, ""accuracy"": 0.8267716535433071}, ""y0_a1"": {""n"": 29, ""accuracy"": 0.3793103448275862}, ""y1_a0"": {""n"": 8, ""accuracy"": 0.625}, ""y1_a1"": {""n"": 65, ""accuracy"": 1.0}}",0.31466704230115417
corr,ruler_variable,dinov2_b14_518,mask,0.5,123,test_rev,0.5106249092405247,0.7750965250965252,0.8192307692307693,356,73,267,0.40730337078651685,0.5001452151604627,0.2972972972972973,"{""y0_a0"": {""n"": 24, ""accuracy"": 0.8333333333333334}, ""y0_a1"": {""n"": 259, ""accuracy"": 0.2972972972972973}, ""y1_a0"": {""n"": 65, ""accuracy"": 0.6153846153846154}, ""y1_a1"": {""n"": 8, ""accuracy"": 1.0}}",0.31466704230115417
corr,ruler_variable,dinov2_b14_518,balanced,0.5,123,clean,0.8177065685657583,,0.8177065685657583,356,73,0,0.6853932584269663,0.7055520596350259,,"{""y0_a0"": {""n"": 283, ""accuracy"": 0.6713780918727915}, ""y0_a1"": {""n"": 0, ""accuracy"": NaN}, ""y1_a0"": {""n"": 73, ""accuracy"": 0.7397260273972602}, ""y1_a1"": {""n"": 0, ""accuracy"": NaN}}",0.41249118024281656
corr,ruler_variable,dinov2_b14_518,balanced,0.5,123,test_corr,0.8209497071494264,0.8461538461538463,0.7750984251968502,356,73,94,0.6825842696629213,0.7088678057989254,0.625,"{""y0_a0"": {""n"": 254, ""accuracy"": 0.6614173228346457}, ""y0_a1"": {""n"": 29, ""accuracy"": 0.6896551724137931}, ""y1_a0"": {""n"": 8, ""accuracy"": 0.625}, ""y1_a1"": {""n"": 65, ""accuracy"": 0.7692307692307693}}",0.41249118024281656
corr,ruler_variable,dinov2_b14_518,balanced,0.5,123,test_rev,0.8145118350355777,0.8503861003861002,0.742948717948718,356,73,267,0.6741573033707865,0.6984849218258387,0.5833333333333334,"{""y0_a0"": {""n"": 24, ""accuracy"": 0.5833333333333334}, ""y0_a1"": {""n"": 259, ""accuracy"": 0.6640926640926641}, ""y1_a0"": {""n"": 65, ""accuracy"": 0.7384615384615385}, ""y1_a1"": {""n"": 8, ""accuracy"": 0.75}}",0.41249118024281656
corr,ruler_variable,dinov2_b14_518,leace,0.5,123,clean,0.811559126772835,,0.811559126772835,356,73,0,0.7780898876404494,0.7130306403988576,,"{""y0_a0"": {""n"": 283, ""accuracy"": 0.823321554770318}, ""y0_a1"": {""n"": 0, ""accuracy"": NaN}, ""y1_a0"": {""n"": 73, ""accuracy"": 0.6027397260273972}, ""y1_a1"": {""n"": 0, ""accuracy"": NaN}}",0.5441241231776729
corr,ruler_variable,dinov2_b14_518,leace,0.5,123,test_corr,0.8094777094728689,0.8498673740053051,0.7942913385826771,356,73,94,0.7780898876404494,0.7130306403988576,0.375,"{""y0_a0"": {""n"": 254, ""accuracy"": 0.8149606299212598}, ""y0_a1"": {""n"": 29, ""accuracy"": 0.896551724137931}, ""y1_a0"": {""n"": 8, ""accuracy"": 0.375}, ""y1_a1"": {""n"": 65, ""accuracy"": 0.6307692307692307}}",0.5441241231776729
corr,ruler_variable,dinov2_b14_518,leace,0.5,123,test_rev,0.8123336076286364,0.8552123552123553,0.7461538461538462,356,73,267,0.7808988764044944,0.7147974248511544,0.6,"{""y0_a0"": {""n"": 24, ""accuracy"": 0.7083333333333334}, ""y0_a1"": {""n"": 259, ""accuracy"": 0.8378378378378378}, ""y1_a0"": {""n"": 65, ""accuracy"": 0.6}, ""y1_a1"": {""n"": 8, ""accuracy"": 0.625}}",0.5441241231776729
corr,ruler_variable,dinov2_b14_518,umte_protect,0.5,123,clean,0.8190135050099231,,0.8190135050099231,356,73,0,0.7584269662921348,0.6650854349194055,,"{""y0_a0"": {""n"": 283, ""accuracy"": 0.823321554770318}, ""y0_a1"": {""n"": 0, ""accuracy"": NaN}, ""y1_a0"": {""n"": 73, ""accuracy"": 0.5068493150684932}, ""y1_a1"": {""n"": 0, ""accuracy"": NaN}}",0.4428488820480634
corr,ruler_variable,dinov2_b14_518,umte_protect,0.5,123,test_corr,0.9018345515271794,0.8482758620689654,0.7007874015748031,356,73,94,0.8033707865168539,0.8102521903286704,0.5,"{""y0_a0"": {""n"": 254, ""accuracy"": 0.8188976377952756}, ""y0_a1"": {""n"": 29, ""accuracy"": 0.6206896551724138}, ""y1_a0"": {""n"": 8, ""accuracy"": 0.5}, ""y1_a1"": {""n"": 65, ""accuracy"": 0.8615384615384616}}",0.4428488820480634
corr,ruler_variable,dinov2_b14_518,umte_protect,0.5,123,test_rev,0.6485793116801393,0.7215250965250966,0.8057692307692308,356,73,267,0.550561797752809,0.5445084466818335,0.5076923076923077,"{""y0_a0"": {""n"": 24, ""accuracy"": 0.8333333333333334}, ""y0_a1"": {""n"": 259, ""accuracy"": 0.528957528957529}, ""y1_a0"": {""n"": 65, ""accuracy"": 0.5076923076923077}, ""y1_a1"": {""n"": 8, ""accuracy"": 0.75}}",0.4428488820480634
corr,ruler_variable,dinov2_b14_518,umte_protect_balanced,0.5,123,clean,0.8184810494215595,,0.8184810494215595,356,73,0,0.7696629213483146,0.7229778788905562,,"{""y0_a0"": {""n"": 283, ""accuracy"": 0.8021201413427562}, ""y0_a1"": {""n"": 0, ""accuracy"": NaN}, ""y1_a0"": {""n"": 73, ""accuracy"": 0.6438356164383562}, ""y1_a1"": {""n"": 0, ""accuracy"": NaN}}",0.4502714962525581
corr,ruler_variable,dinov2_b14_518,umte_protect_balanced,0.5,123,test_corr,0.8381819061910063,0.8318302387267904,0.7209645669291339,356,73,94,0.7780898876404494,0.763855946560821,0.7384615384615385,"{""y0_a0"": {""n"": 254, ""accuracy"": 0.7913385826771654}, ""y0_a1"": {""n"": 29, ""accuracy"": 0.7586206896551724}, ""y1_a0"": {""n"": 8, ""accuracy"": 0.75}, ""y1_a1"": {""n"": 65, ""accuracy"": 0.7384615384615385}}",0.4502714962525581
corr,ruler_variable,dinov2_b14_518,umte_protect_balanced,0.5,123,test_rev,0.7681881988479596,0.6674710424710424,0.8282051282051281,356,73,267,0.7106741573033708,0.6909579360085193,0.5,"{""y0_a0"": {""n"": 24, ""accuracy"": 0.8333333333333334}, ""y0_a1"": {""n"": 259, ""accuracy"": 0.7142857142857143}, ""y1_a0"": {""n"": 65, ""accuracy"": 0.676923076923077}, ""y1_a1"": {""n"": 8, ""accuracy"": 0.5}}",0.4502714962525581
corr,ruler_variable,dinov2_b14_518,i2e,0.5,123,clean,0.8507672200977782,,0.8507672200977782,356,73,0,0.7808988764044944,0.7351275473159398,,"{""y0_a0"": {""n"": 283, ""accuracy"": 0.8127208480565371}, ""y0_a1"": {""n"": 0, ""accuracy"": NaN}, ""y1_a0"": {""n"": 73, ""accuracy"": 0.6575342465753424}, ""y1_a1"": {""n"": 0, ""accuracy"": NaN}}",0.5284391229585974
corr,ruler_variable,dinov2_b14_518,i2e,0.5,123,test_corr,0.8487342078512997,0.8673740053050398,0.8848425196850394,356,73,94,0.7837078651685393,0.741976862384433,0.625,"{""y0_a0"": {""n"": 254, ""accuracy"": 0.8031496062992126}, ""y0_a1"": {""n"": 29, ""accuracy"": 0.896551724137931}, ""y1_a0"": {""n"": 8, ""accuracy"": 0.625}, ""y1_a1"": {""n"": 65, ""accuracy"": 0.676923076923077}}",0.5284391229585974
corr,ruler_variable,dinov2_b14_518,i2e,0.5,123,test_rev,0.8482017522629363,0.8407335907335907,0.8044871794871795,356,73,267,0.7780898876404494,0.7333607628636429,0.625,"{""y0_a0"": {""n"": 24, ""accuracy"": 0.75}, ""y0_a1"": {""n"": 259, ""accuracy"": 0.8146718146718147}, ""y1_a0"": {""n"": 65, ""accuracy"": 0.6615384615384615}, ""y1_a1"": {""n"": 8, ""accuracy"": 0.625}}",0.5284391229585974
corr,ruler_variable,dinov2_b14_518,i2e_balanced,0.5,123,clean,0.8445713732513674,,0.8445713732513674,356,73,0,0.7668539325842697,0.777118931216419,,"{""y0_a0"": {""n"": 283, ""accuracy"": 0.7597173144876325}, ""y0_a1"": {""n"": 0, ""accuracy"": NaN}, ""y1_a0"": {""n"": 73, ""accuracy"": 0.7945205479452054}, ""y1_a1"": {""n"": 0, ""accuracy"": NaN}}",0.48538525540616995
corr,ruler_variable,dinov2_b14_518,i2e_balanced,0.5,123,test_corr,0.8412314245607241,0.8679045092838197,0.860236220472441,356,73,94,0.7612359550561798,0.7634203010794327,0.7480314960629921,"{""y0_a0"": {""n"": 254, ""accuracy"": 0.7480314960629921}, ""y0_a1"": {""n"": 29, ""accuracy"": 0.8620689655172413}, ""y1_a0"": {""n"": 8, ""accuracy"": 0.875}, ""y1_a1"": {""n"": 65, ""accuracy"": 0.7538461538461538}}",0.48538525540616995
corr,ruler_variable,dinov2_b14_518,i2e_balanced,0.5,123,test_rev,0.8439905126095164,0.8301158301158301,0.7647435897435898,356,73,267,0.7640449438202247,0.7753521467641222,0.5833333333333334,"{""y0_a0"": {""n"": 24, ""accuracy"": 0.5833333333333334}, ""y0_a1"": {""n"": 259, ""accuracy"": 0.7722007722007722}, ""y1_a0"": {""n"": 65, ""accuracy"": 0.8}, ""y1_a1"": {""n"": 8, ""accuracy"": 0.75}}",0.48538525540616995
corr,ruler_variable,dinov2_b14_518,i2e_rank1,0.5,123,clean,0.8090904690449682,,0.8090904690449682,356,73,0,0.7696629213483146,0.7128128176581635,,"{""y0_a0"": {""n"": 283, ""accuracy"": 0.8091872791519434}, ""y0_a1"": {""n"": 0, ""accuracy"": NaN}, ""y1_a0"": {""n"": 73, ""accuracy"": 0.6164383561643836}, ""y1_a1"": {""n"": 0, ""accuracy"": NaN}}",0.5276607458683981
corr,ruler_variable,dinov2_b14_518,i2e_rank1,0.5,123,test_corr,0.8103490004356455,0.8514588859416445,0.7814960629921259,356,73,94,0.7696629213483146,0.7128128176581635,0.5,"{""y0_a0"": {""n"": 254, ""accuracy"": 0.7992125984251969}, ""y0_a1"": {""n"": 29, ""accuracy"": 0.896551724137931}, ""y1_a0"": {""n"": 8, ""accuracy"": 0.5}, ""y1_a1"": {""n"": 65, ""accuracy"": 0.6307692307692307}}",0.5276607458683981
corr,ruler_variable,dinov2_b14_518,i2e_rank1,0.5,123,test_rev,0.806331380996176,0.8484555984555985,0.7423076923076923,356,73,267,0.7724719101123596,0.7145796021104603,0.6153846153846154,"{""y0_a0"": {""n"": 24, ""accuracy"": 0.7083333333333334}, ""y0_a1"": {""n"": 259, ""accuracy"": 0.8223938223938224}, ""y1_a0"": {""n"": 65, ""accuracy"": 0.6153846153846154}, ""y1_a1"": {""n"": 8, ""accuracy"": 0.625}}",0.5276607458683981
corr,ruler_variable,dinov2_b14_518,insert_aug,0.5,123,clean,0.8082675831356794,,0.8082675831356794,356,73,0,0.7443820224719101,0.7375720025170628,,"{""y0_a0"": {""n"": 283, ""accuracy"": 0.7491166077738516}, ""y0_a1"": {""n"": 0, ""accuracy"": NaN}, ""y1_a0"": {""n"": 73, ""accuracy"": 0.726027397260274}, ""y1_a1"": {""n"": 0, ""accuracy"": NaN}}",0.3842169650840034
corr,ruler_variable,dinov2_b14_518,insert_aug,0.5,123,test_corr,0.8957355147877438,0.8244031830238726,0.8351377952755905,356,73,94,0.7528089887640449,0.7987801926521129,0.5517241379310345,"{""y0_a0"": {""n"": 254, ""accuracy"": 0.7401574803149606}, ""y0_a1"": {""n"": 29, ""accuracy"": 0.5517241379310345}, ""y1_a0"": {""n"": 8, ""accuracy"": 0.625}, ""y1_a1"": {""n"": 65, ""accuracy"": 0.9076923076923077}}",0.3842169650840034
corr,ruler_variable,dinov2_b14_518,insert_aug,0.5,123,test_rev,0.6836729754586378,0.8392857142857144,0.7384615384615385,356,73,267,0.5421348314606742,0.6205285831840844,0.47876447876447875,"{""y0_a0"": {""n"": 24, ""accuracy"": 0.5833333333333334}, ""y0_a1"": {""n"": 259, ""accuracy"": 0.47876447876447875}, ""y1_a0"": {""n"": 65, ""accuracy"": 0.7230769230769231}, ""y1_a1"": {""n"": 8, ""accuracy"": 1.0}}",0.3842169650840034
corr,ruler_variable,dinov2_b14_518,mte,0.5,123,clean,0.8431192216467399,,0.8431192216467399,356,73,0,0.8230337078651685,0.7463817222518031,,"{""y0_a0"": {""n"": 283, ""accuracy"": 0.8763250883392226}, ""y0_a1"": {""n"": 0, ""accuracy"": NaN}, ""y1_a0"": {""n"": 73, ""accuracy"": 0.6164383561643836}, ""y1_a1"": {""n"": 0, ""accuracy"": NaN}}",0.5856619304308267
corr,ruler_variable,dinov2_b14_518,mte,0.5,123,test_corr,0.852170966648918,0.8986737400530505,0.7327755905511811,356,73,94,0.8286516853932584,0.7651628830049857,0.625,"{""y0_a0"": {""n"": 254, ""accuracy"": 0.8700787401574803}, ""y0_a1"": {""n"": 29, ""accuracy"": 0.896551724137931}, ""y1_a0"": {""n"": 8, ""accuracy"": 0.625}, ""y1_a1"": {""n"": 65, ""accuracy"": 0.6615384615384615}}",0.5856619304308267
corr,ruler_variable,dinov2_b14_518,mte,0.5,123,test_rev,0.8331961856817851,0.79488416988417,0.8467948717948719,356,73,267,0.797752808988764,0.7304806621811317,0.375,"{""y0_a0"": {""n"": 24, ""accuracy"": 0.8333333333333334}, ""y0_a1"": {""n"": 259, ""accuracy"": 0.8455598455598455}, ""y1_a0"": {""n"": 65, ""accuracy"": 0.6461538461538462}, ""y1_a1"": {""n"": 8, ""accuracy"": 0.375}}",0.5856619304308267
corr,ruler_variable,dinov2_b14_518,mte_balanced,0.5,123,clean,0.8318408441841328,,0.8318408441841328,356,73,0,0.7949438202247191,0.7693741226584055,,"{""y0_a0"": {""n"": 283, ""accuracy"": 0.8127208480565371}, ""y0_a1"": {""n"": 0, ""accuracy"": NaN}, ""y1_a0"": {""n"": 73, ""accuracy"": 0.726027397260274}, ""y1_a1"": {""n"": 0, ""accuracy"": NaN}}",0.4571745215837526
corr,ruler_variable,dinov2_b14_518,mte_balanced,0.5,123,test_corr,0.8388111718863448,0.8700265251989391,0.7691929133858267,356,73,94,0.797752808988764,0.781305968343095,0.75,"{""y0_a0"": {""n"": 254, ""accuracy"": 0.8070866141732284}, ""y0_a1"": {""n"": 29, ""accuracy"": 0.8275862068965517}, ""y1_a0"": {""n"": 8, ""accuracy"": 0.75}, ""y1_a1"": {""n"": 65, ""accuracy"": 0.7538461538461538}}",0.4571745215837526
corr,ruler_variable,dinov2_b14_518,mte_balanced,0.5,123,test_rev,0.8307275279539184,0.747104247104247,0.8532051282051282,356,73,267,0.7808988764044944,0.7656227310131177,0.5,"{""y0_a0"": {""n"": 24, ""accuracy"": 0.8333333333333334}, ""y0_a1"": {""n"": 259, ""accuracy"": 0.7876447876447876}, ""y1_a0"": {""n"": 65, ""accuracy"": 0.7692307692307693}, ""y1_a1"": {""n"": 8, ""accuracy"": 0.5}}",0.4571745215837526
corr,ruler_variable,dinov2_b14_518,ui2e,0.5,123,clean,0.8134953289123384,,0.8134953289123384,356,73,0,0.7443820224719101,0.7324894719008664,,"{""y0_a0"": {""n"": 283, ""accuracy"": 0.7526501766784452}, ""y0_a1"": {""n"": 0, ""accuracy"": NaN}, ""y1_a0"": {""n"": 73, ""accuracy"": 0.7123287671232876}, ""y1_a1"": {""n"": 0, ""accuracy"": NaN}}",0.491292708401646
corr,ruler_variable,dinov2_b14_518,ui2e,0.5,123,test_corr,0.8499443341884894,0.8175066312997348,0.8243110236220472,356,73,94,0.7528089887640449,0.7581199477225422,0.625,"{""y0_a0"": {""n"": 254, ""accuracy"": 0.7440944881889764}, ""y0_a1"": {""n"": 29, ""accuracy"": 0.7931034482758621}, ""y1_a0"": {""n"": 8, ""accuracy"": 0.625}, ""y1_a1"": {""n"": 65, ""accuracy"": 0.7846153846153846}}",0.491292708401646
corr,ruler_variable,dinov2_b14_518,ui2e,0.5,123,test_rev,0.7678493634735466,0.8069498069498069,0.7314102564102564,356,73,267,0.6966292134831461,0.7024541362118205,0.5833333333333334,"{""y0_a0"": {""n"": 24, ""accuracy"": 0.5833333333333334}, ""y0_a1"": {""n"": 259, ""accuracy"": 0.7027027027027027}, ""y1_a0"": {""n"": 65, ""accuracy"": 0.7076923076923077}, ""y1_a1"": {""n"": 8, ""accuracy"": 0.75}}",0.491292708401646
corr,ruler_variable,dinov2_b14_518,ui2e_balanced,0.5,123,clean,0.8170773028704197,,0.8170773028704197,356,73,0,0.699438202247191,0.7397986349774917,,"{""y0_a0"": {""n"": 283, ""accuracy"": 0.6713780918727915}, ""y0_a1"": {""n"": 0, ""accuracy"": NaN}, ""y1_a0"": {""n"": 73, ""accuracy"": 0.8082191780821918}, ""y1_a1"": {""n"": 0, ""accuracy"": NaN}}",0.4410729090398313
corr,ruler_variable,dinov2_b14_518,ui2e_balanced,0.5,123,test_corr,0.8228859092889298,0.8286472148541115,0.8336614173228347,356,73,94,0.699438202247191,0.7397986349774917,0.6653543307086615,"{""y0_a0"": {""n"": 254, ""accuracy"": 0.6653543307086615}, ""y0_a1"": {""n"": 29, ""accuracy"": 0.7241379310344828}, ""y1_a0"": {""n"": 8, ""accuracy"": 0.875}, ""y1_a1"": {""n"": 65, ""accuracy"": 0.8}}",0.4410729090398313
corr,ruler_variable,dinov2_b14_518,ui2e_balanced,0.5,123,test_rev,0.8127692531100247,0.8137065637065637,0.7217948717948718,356,73,267,0.6825842696629213,0.7291979282637107,0.4166666666666667,"{""y0_a0"": {""n"": 24, ""accuracy"": 0.4166666666666667}, ""y0_a1"": {""n"": 259, ""accuracy"": 0.6718146718146718}, ""y1_a0"": {""n"": 65, ""accuracy"": 0.8153846153846154}, ""y1_a1"": {""n"": 8, ""accuracy"": 0.75}}",0.4410729090398313
corr,ruler_variable,dinov2_b14_518,umte,0.5,123,clean,0.8157219613727672,,0.8157219613727672,356,73,0,0.7837078651685393,0.7063991480710585,,"{""y0_a0"": {""n"": 283, ""accuracy"": 0.8374558303886925}, ""y0_a1"": {""n"": 0, ""accuracy"": NaN}, ""y1_a0"": {""n"": 73, ""accuracy"": 0.5753424657534246}, ""y1_a1"": {""n"": 0, ""accuracy"": NaN}}",0.42352526574505545
corr,ruler_variable,dinov2_b14_518,umte,0.5,123,test_corr,0.9111283217967955,0.8625994694960212,0.7121062992125984,356,73,94,0.8202247191011236,0.8361004888910402,0.5,"{""y0_a0"": {""n"": 254, ""accuracy"": 0.8307086614173228}, ""y0_a1"": {""n"": 29, ""accuracy"": 0.6206896551724138}, ""y1_a0"": {""n"": 8, ""accuracy"": 0.5}, ""y1_a1"": {""n"": 65, ""accuracy"": 0.9076923076923077}}",0.42352526574505545
corr,ruler_variable,dinov2_b14_518,umte,0.5,123,test_rev,0.6433515659034803,0.7239382239382239,0.8064102564102564,356,73,267,0.5702247191011236,0.582288590928893,0.5366795366795367,"{""y0_a0"": {""n"": 24, ""accuracy"": 0.8333333333333334}, ""y0_a1"": {""n"": 259, ""accuracy"": 0.5366795366795367}, ""y1_a0"": {""n"": 65, ""accuracy"": 0.5846153846153846}, ""y1_a1"": {""n"": 8, ""accuracy"": 0.75}}",0.42352526574505545
corr,ruler_variable,dinov2_b14_518,umte_balanced,0.5,123,clean,0.8101069751682075,,0.8101069751682075,356,73,0,0.7949438202247191,0.7033012246478532,,"{""y0_a0"": {""n"": 283, ""accuracy"": 0.8586572438162544}, ""y0_a1"": {""n"": 0, ""accuracy"": NaN}, ""y1_a0"": {""n"": 73, ""accuracy"": 0.547945205479452}, ""y1_a1"": {""n"": 0, ""accuracy"": NaN}}",0.5101358552951573
corr,ruler_variable,dinov2_b14_518,umte_balanced,0.5,123,test_corr,0.8512028655791664,0.8456233421750663,0.7347440944881889,356,73,94,0.8174157303370787,0.7682608064281911,0.625,"{""y0_a0"": {""n"": 254, ""accuracy"": 0.8543307086614174}, ""y0_a1"": {""n"": 29, ""accuracy"": 0.8275862068965517}, ""y1_a0"": {""n"": 8, ""accuracy"": 0.625}, ""y1_a1"": {""n"": 65, ""accuracy"": 0.6923076923076923}}",0.5101358552951573
corr,ruler_variable,dinov2_b14_518,umte_balanced,0.5,123,test_rev,0.7612178711457477,0.6790540540540541,0.823076923076923,356,73,267,0.7331460674157303,0.6644319666973232,0.25,"{""y0_a0"": {""n"": 24, ""accuracy"": 0.875}, ""y0_a1"": {""n"": 259, ""accuracy"": 0.7722007722007722}, ""y1_a0"": {""n"": 65, ""accuracy"": 0.5846153846153846}, ""y1_a1"": {""n"": 8, ""accuracy"": 0.25}}",0.5101358552951573
corr,ruler_variable,dinov2_b14_518,erm,0.5,456,clean,0.7929715862336029,,0.7929715862336029,356,73,0,0.7359550561797753,0.7221065879277797,,"{""y0_a0"": {""n"": 283, ""accuracy"": 0.7455830388692579}, ""y0_a1"": {""n"": 0, ""accuracy"": NaN}, ""y1_a0"": {""n"": 73, ""accuracy"": 0.6986301369863014}, ""y1_a1"": {""n"": 0, ""accuracy"": NaN}}",0.3865268530873661
corr,ruler_variable,dinov2_b14_518,erm,0.5,456,test_corr,0.9163560675734547,0.8014705882352942,0.867704280155642,356,73,94,0.7640449438202247,0.8210949223098891,0.5,"{""y0_a0"": {""n"": 257, ""accuracy"": 0.7470817120622568}, ""y0_a1"": {""n"": 26, ""accuracy"": 0.5}, ""y1_a0"": {""n"": 5, ""accuracy"": 0.8}, ""y1_a1"": {""n"": 68, ""accuracy"": 0.9264705882352942}}",0.3865268530873661
corr,ruler_variable,dinov2_b14_518,erm,0.5,456,test_rev,0.6223437726898688,0.8408289241622575,0.8452620967741936,356,73,261,0.4943820224719101,0.5752456556464495,0.3888888888888889,"{""y0_a0"": {""n"": 31, ""accuracy"": 0.8387096774193549}, ""y0_a1"": {""n"": 252, ""accuracy"": 0.3888888888888889}, ""y1_a0"": {""n"": 64, ""accuracy"": 0.6875}, ""y1_a1"": {""n"": 9, ""accuracy"": 0.8888888888888888}}",0.3865268530873661
corr,ruler_variable,dinov2_b14_518,mask,0.5,456,clean,0.8335834261096858,,0.8335834261096858,356,73,0,0.75,0.7461881020378527,,"{""y0_a0"": {""n"": 283, ""accuracy"": 0.7526501766784452}, ""y0_a1"": {""n"": 0, ""accuracy"": NaN}, ""y1_a0"": {""n"": 73, ""accuracy"": 0.7397260273972602}, ""y1_a1"": {""n"": 0, ""accuracy"": NaN}}",0.2051019509076168
corr,ruler_variable,dinov2_b14_518,mask,0.5,456,test_corr,0.961711602691321,0.8472850678733032,0.8887159533073931,356,73,94,0.7556179775280899,0.836124691417784,0.19230769230769232,"{""y0_a0"": {""n"": 257, ""accuracy"": 0.7509727626459144}, ""y0_a1"": {""n"": 26, ""accuracy"": 0.19230769230769232}, ""y1_a0"": {""n"": 5, ""accuracy"": 0.8}, ""y1_a1"": {""n"": 68, ""accuracy"": 0.9852941176470589}}",0.2051019509076168
corr,ruler_variable,dinov2_b14_518,mask,0.5,456,test_rev,0.5214192361682559,0.9144620811287478,0.8790322580645162,356,73,261,0.34831460674157305,0.4935379253594075,0.1746031746031746,"{""y0_a0"": {""n"": 31, ""accuracy"": 0.8387096774193549}, ""y0_a1"": {""n"": 252, ""accuracy"": 0.1746031746031746}, ""y1_a0"": {""n"": 64, ""accuracy"": 0.703125}, ""y1_a1"": {""n"": 9, ""accuracy"": 1.0}}",0.2051019509076168
corr,ruler_variable,dinov2_b14_518,balanced,0.5,456,clean,0.7925843458057021,,0.7925843458057021,356,73,0,0.7078651685393258,0.7044387434048115,,"{""y0_a0"": {""n"": 283, ""accuracy"": 0.7102473498233216}, ""y0_a1"": {""n"": 0, ""accuracy"": NaN}, ""y1_a0"": {""n"": 73, ""accuracy"": 0.6986301369863014}, ""y1_a1"": {""n"": 0, ""accuracy"": NaN}}",0.4404203850316095
corr,ruler_variable,dinov2_b14_518,balanced,0.5,456,test_corr,0.7973764461009729,0.7748868778280542,0.8249027237354085,356,73,94,0.7078651685393258,0.7044387434048115,0.6,"{""y0_a0"": {""n"": 257, ""accuracy"": 0.7198443579766537}, ""y0_a1"": {""n"": 26, ""accuracy"": 0.6153846153846154}, ""y1_a0"": {""n"": 5, ""accuracy"": 0.6}, ""y1_a1"": {""n"": 68, ""accuracy"": 0.7058823529411765}}",0.4404203850316095
corr,ruler_variable,dinov2_b14_518,balanced,0.5,456,test_rev,0.7854688029430272,0.8117283950617284,0.8210685483870968,356,73,261,0.702247191011236,0.7009051745002178,0.6875,"{""y0_a0"": {""n"": 31, ""accuracy"": 0.7419354838709677}, ""y0_a1"": {""n"": 252, ""accuracy"": 0.6984126984126984}, ""y1_a0"": {""n"": 64, ""accuracy"": 0.6875}, ""y1_a1"": {""n"": 9, ""accuracy"": 0.7777777777777778}}",0.4404203850316095
corr,ruler_variable,dinov2_b14_518,leace,0.5,456,clean,0.8392468173677331,,0.8392468173677331,356,73,0,0.7865168539325843,0.7132484631395517,,"{""y0_a0"": {""n"": 283, ""accuracy"": 0.8374558303886925}, ""y0_a1"": {""n"": 0, ""accuracy"": NaN}, ""y1_a0"": {""n"": 73, ""accuracy"": 0.589041095890411}, ""y1_a1"": {""n"": 0, ""accuracy"": NaN}}",0.5670427869050658
corr,ruler_variable,dinov2_b14_518,leace,0.5,456,test_corr,0.8366329444794036,0.8314479638009049,0.8046692607003891,356,73,94,0.7921348314606742,0.7218645626603417,0.6,"{""y0_a0"": {""n"": 257, ""accuracy"": 0.8404669260700389}, ""y0_a1"": {""n"": 26, ""accuracy"": 0.8461538461538461}, ""y1_a0"": {""n"": 5, ""accuracy"": 0.6}, ""y1_a1"": {""n"": 68, ""accuracy"": 0.6029411764705882}}",0.5670427869050658
corr,ruler_variable,dinov2_b14_518,leace,0.5,456,test_rev,0.8354712231957016,0.8425925925925926,0.8785282258064516,356,73,261,0.7865168539325843,0.7081659325233554,0.5555555555555556,"{""y0_a0"": {""n"": 31, ""accuracy"": 0.8709677419354839}, ""y0_a1"": {""n"": 252, ""accuracy"": 0.8373015873015873}, ""y1_a0"": {""n"": 64, ""accuracy"": 0.578125}, ""y1_a1"": {""n"": 9, ""accuracy"": 0.5555555555555556}}",0.5670427869050658
corr,ruler_variable,dinov2_b14_518,umte_protect,0.5,456,clean,0.8238540103586813,,0.8238540103586813,356,73,0,0.7612359550561798,0.7075124643012731,,"{""y0_a0"": {""n"": 283, ""accuracy"": 0.7985865724381626}, ""y0_a1"": {""n"": 0, ""accuracy"": NaN}, ""y1_a0"": {""n"": 73, ""accuracy"": 0.6164383561643836}, ""y1_a1"": {""n"": 0, ""accuracy"": NaN}}",0.4009860228236578
corr,ruler_variable,dinov2_b14_518,umte_protect,0.5,456,test_corr,0.9268115591267728,0.8297511312217195,0.8949416342412451,356,73,94,0.7921348314606742,0.8285977056004648,0.4230769230769231,"{""y0_a0"": {""n"": 257, ""accuracy"": 0.8015564202334631}, ""y0_a1"": {""n"": 26, ""accuracy"": 0.4230769230769231}, ""y1_a0"": {""n"": 5, ""accuracy"": 0.6}, ""y1_a1"": {""n"": 68, ""accuracy"": 0.9117647058823529}}",0.4009860228236578
corr,ruler_variable,dinov2_b14_518,umte_protect,0.5,456,test_rev,0.65898639817997,0.8968253968253967,0.8760080645161291,356,73,261,0.5814606741573034,0.6046033205866692,0.5238095238095238,"{""y0_a0"": {""n"": 31, ""accuracy"": 0.9032258064516129}, ""y0_a1"": {""n"": 252, ""accuracy"": 0.5238095238095238}, ""y1_a0"": {""n"": 64, ""accuracy"": 0.59375}, ""y1_a1"": {""n"": 9, ""accuracy"": 1.0}}",0.4009860228236578
corr,ruler_variable,dinov2_b14_518,umte_protect_balanced,0.5,456,clean,0.8275327944237377,,0.8275327944237377,356,73,0,0.7808988764044944,0.7097148942349581,,"{""y0_a0"": {""n"": 283, ""accuracy"": 0.8303886925795053}, ""y0_a1"": {""n"": 0, ""accuracy"": NaN}, ""y1_a0"": {""n"": 73, ""accuracy"": 0.589041095890411}, ""y1_a1"": {""n"": 0, ""accuracy"": NaN}}",0.520112576409685
corr,ruler_variable,dinov2_b14_518,umte_protect_balanced,0.5,456,test_corr,0.8628200784161867,0.8427601809954751,0.8754863813229572,356,73,94,0.8089887640449438,0.7883731061522823,0.6,"{""y0_a0"": {""n"": 257, ""accuracy"": 0.8287937743190662}, ""y0_a1"": {""n"": 26, ""accuracy"": 0.7692307692307693}, ""y1_a0"": {""n"": 5, ""accuracy"": 0.6}, ""y1_a1"": {""n"": 68, ""accuracy"": 0.7647058823529411}}",0.520112576409685
corr,ruler_variable,dinov2_b14_518,umte_protect_balanced,0.5,456,test_rev,0.7865821191732417,0.9113756613756614,0.8855846774193549,356,73,261,0.75,0.7004453264920858,0.5625,"{""y0_a0"": {""n"": 31, ""accuracy"": 0.967741935483871}, ""y0_a1"": {""n"": 252, ""accuracy"": 0.7619047619047619}, ""y1_a0"": {""n"": 64, ""accuracy"": 0.5625}, ""y1_a1"": {""n"": 9, ""accuracy"": 1.0}}",0.520112576409685
corr,ruler_variable,dinov2_b14_518,i2e,0.5,456,clean,0.8509124352582409,,0.8509124352582409,356,73,0,0.7893258426966292,0.7404279006728303,,"{""y0_a0"": {""n"": 283, ""accuracy"": 0.823321554770318}, ""y0_a1"": {""n"": 0, ""accuracy"": NaN}, ""y1_a0"": {""n"": 73, ""accuracy"": 0.6575342465753424}, ""y1_a1"": {""n"": 0, ""accuracy"": NaN}}",0.5405858633287125
corr,ruler_variable,dinov2_b14_518,i2e,0.5,456,test_corr,0.8497023089210514,0.8331447963800904,0.8264591439688717,356,73,94,0.7837078651685393,0.7267292705358439,0.6,"{""y0_a0"": {""n"": 257, ""accuracy"": 0.8287937743190662}, ""y0_a1"": {""n"": 26, ""accuracy"": 0.7692307692307693}, ""y1_a0"": {""n"": 5, ""accuracy"": 0.6}, ""y1_a1"": {""n"": 68, ""accuracy"": 0.6323529411764706}}",0.5405858633287125
corr,ruler_variable,dinov2_b14_518,i2e,0.5,456,test_rev,0.8471368410862093,0.8752204585537919,0.8785282258064516,356,73,261,0.7837078651685393,0.7368943317682366,0.640625,"{""y0_a0"": {""n"": 31, ""accuracy"": 0.8709677419354839}, ""y0_a1"": {""n"": 252, ""accuracy"": 0.8095238095238095}, ""y1_a0"": {""n"": 64, ""accuracy"": 0.640625}, ""y1_a1"": {""n"": 9, ""accuracy"": 0.7777777777777778}}",0.5405858633287125
corr,ruler_variable,dinov2_b14_518,i2e_balanced,0.5,456,clean,0.836245704051503,,0.836245704051503,356,73,0,0.7696629213483146,0.7483905319715378,,"{""y0_a0"": {""n"": 283, ""accuracy"": 0.784452296819788}, ""y0_a1"": {""n"": 0, ""accuracy"": NaN}, ""y1_a0"": {""n"": 73, ""accuracy"": 0.7123287671232876}, ""y1_a1"": {""n"": 0, ""accuracy"": NaN}}",0.4761457734592327
corr,ruler_variable,dinov2_b14_518,i2e_balanced,0.5,456,test_corr,0.8338254513771237,0.8133484162895928,0.8365758754863812,356,73,94,0.7696629213483146,0.7433080013553415,0.6,"{""y0_a0"": {""n"": 257, ""accuracy"": 0.7898832684824902}, ""y0_a1"": {""n"": 26, ""accuracy"": 0.7692307692307693}, ""y1_a0"": {""n"": 5, ""accuracy"": 0.6}, ""y1_a1"": {""n"": 68, ""accuracy"": 0.7058823529411765}}",0.4761457734592327
corr,ruler_variable,dinov2_b14_518,i2e_balanced,0.5,456,test_rev,0.8353260080352388,0.876984126984127,0.876008064516129,356,73,261,0.7724719101123596,0.755239847040031,0.703125,"{""y0_a0"": {""n"": 31, ""accuracy"": 0.8709677419354839}, ""y0_a1"": {""n"": 252, ""accuracy"": 0.7738095238095238}, ""y1_a0"": {""n"": 64, ""accuracy"": 0.703125}, ""y1_a1"": {""n"": 9, ""accuracy"": 0.8888888888888888}}",0.4761457734592327
corr,ruler_variable,dinov2_b14_518,i2e_rank1,0.5,456,clean,0.8085096084031173,,0.8085096084031173,356,73,0,0.7724719101123596,0.7145796021104603,,"{""y0_a0"": {""n"": 283, ""accuracy"": 0.8127208480565371}, ""y0_a1"": {""n"": 0, ""accuracy"": NaN}, ""y1_a0"": {""n"": 73, ""accuracy"": 0.6164383561643836}, ""y1_a1"": {""n"": 0, ""accuracy"": NaN}}",0.5324542368813935
corr,ruler_variable,dinov2_b14_518,i2e_rank1,0.5,456,test_corr,0.8114623166658599,0.8167420814479638,0.8249027237354085,356,73,94,0.7724719101123596,0.7145796021104603,0.6,"{""y0_a0"": {""n"": 257, ""accuracy"": 0.8171206225680934}, ""y0_a1"": {""n"": 26, ""accuracy"": 0.7692307692307693}, ""y1_a0"": {""n"": 5, ""accuracy"": 0.6}, ""y1_a1"": {""n"": 68, ""accuracy"": 0.6176470588235294}}",0.5324542368813935
corr,ruler_variable,dinov2_b14_518,i2e_rank1,0.5,456,test_rev,0.804346773803185,0.8421516754850088,0.8326612903225806,356,73,261,0.7752808988764045,0.7163463865627572,0.59375,"{""y0_a0"": {""n"": 31, ""accuracy"": 0.8064516129032258}, ""y0_a1"": {""n"": 252, ""accuracy"": 0.8174603174603174}, ""y1_a0"": {""n"": 64, ""accuracy"": 0.59375}, ""y1_a1"": {""n"": 9, ""accuracy"": 0.7777777777777778}}",0.5324542368813935
corr,ruler_variable,dinov2_b14_518,insert_aug,0.5,456,clean,0.8118495570937606,,0.8118495570937606,356,73,0,0.7528089887640449,0.7428723558739532,,"{""y0_a0"": {""n"": 283, ""accuracy"": 0.7597173144876325}, ""y0_a1"": {""n"": 0, ""accuracy"": NaN}, ""y1_a0"": {""n"": 73, ""accuracy"": 0.726027397260274}, ""y1_a1"": {""n"": 0, ""accuracy"": NaN}}",0.3859044890009512
corr,ruler_variable,dinov2_b14_518,insert_aug,0.5,456,test_corr,0.9049808800038723,0.8133484162895928,0.8715953307392996,356,73,94,0.7752808988764045,0.8230795295028801,0.5384615384615384,"{""y0_a0"": {""n"": 257, ""accuracy"": 0.7626459143968871}, ""y0_a1"": {""n"": 26, ""accuracy"": 0.5384615384615384}, ""y1_a0"": {""n"": 5, ""accuracy"": 0.8}, ""y1_a1"": {""n"": 68, ""accuracy"": 0.9117647058823529}}",0.3859044890009512
corr,ruler_variable,dinov2_b14_518,insert_aug,0.5,456,test_rev,0.6954354034561209,0.8421516754850088,0.8588709677419355,356,73,261,0.5617977528089888,0.6278135437339658,0.47619047619047616,"{""y0_a0"": {""n"": 31, ""accuracy"": 0.8387096774193549}, ""y0_a1"": {""n"": 252, ""accuracy"": 0.47619047619047616}, ""y1_a0"": {""n"": 64, ""accuracy"": 0.71875}, ""y1_a1"": {""n"": 9, ""accuracy"": 0.8888888888888888}}",0.3859044890009512
corr,ruler_variable,dinov2_b14_518,mte,0.5,456,clean,0.8417154750956,,0.8417154750956,356,73,0,0.7893258426966292,0.750592961905223,,"{""y0_a0"": {""n"": 283, ""accuracy"": 0.8162544169611308}, ""y0_a1"": {""n"": 0, ""accuracy"": NaN}, ""y1_a0"": {""n"": 73, ""accuracy"": 0.684931506849315}, ""y1_a1"": {""n"": 0, ""accuracy"": NaN}}",0.502346021795781
corr,ruler_variable,dinov2_b14_518,mte,0.5,456,test_corr,0.8492666634396632,0.8376696832579186,0.9120622568093385,356,73,94,0.7893258426966292,0.7556754925214193,0.6911764705882353,"{""y0_a0"": {""n"": 257, ""accuracy"": 0.8171206225680934}, ""y0_a1"": {""n"": 26, ""accuracy"": 0.7692307692307693}, ""y1_a0"": {""n"": 5, ""accuracy"": 0.8}, ""y1_a1"": {""n"": 68, ""accuracy"": 0.6911764705882353}}",0.502346021795781
corr,ruler_variable,dinov2_b14_518,mte,0.5,456,test_rev,0.8315504138632073,0.9237213403880071,0.8780241935483871,356,73,261,0.7724719101123596,0.739992255191442,0.65625,"{""y0_a0"": {""n"": 31, ""accuracy"": 0.9032258064516129}, ""y0_a1"": {""n"": 252, ""accuracy"": 0.7817460317460317}, ""y1_a0"": {""n"": 64, ""accuracy"": 0.65625}, ""y1_a1"": {""n"": 9, ""accuracy"": 0.8888888888888888}}",0.502346021795781
corr,ruler_variable,dinov2_b14_518,mte_balanced,0.5,456,clean,0.8402149184374847,,0.8402149184374847,356,73,0,0.7921348314606742,0.7371121545089308,,"{""y0_a0"": {""n"": 283, ""accuracy"": 0.8303886925795053}, ""y0_a1"": {""n"": 0, ""accuracy"": NaN}, ""y1_a0"": {""n"": 73, ""accuracy"": 0.6438356164383562}, ""y1_a1"": {""n"": 0, ""accuracy"": NaN}}",0.5188224760574368
corr,ruler_variable,dinov2_b14_518,mte_balanced,0.5,456,test_corr,0.838569146618907,0.8320135746606334,0.9089494163424123,356,73,94,0.7949438202247191,0.7439614695774239,0.6,"{""y0_a0"": {""n"": 257, ""accuracy"": 0.8365758754863813}, ""y0_a1"": {""n"": 26, ""accuracy"": 0.7692307692307693}, ""y1_a0"": {""n"": 5, ""accuracy"": 0.6}, ""y1_a1"": {""n"": 68, ""accuracy"": 0.6617647058823529}}",0.5188224760574368
corr,ruler_variable,dinov2_b14_518,mte_balanced,0.5,456,test_rev,0.8327121351469093,0.9135802469135803,0.8865927419354839,356,73,261,0.7752808988764045,0.7214289171789534,0.609375,"{""y0_a0"": {""n"": 31, ""accuracy"": 1.0}, ""y0_a1"": {""n"": 252, ""accuracy"": 0.7896825396825397}, ""y1_a0"": {""n"": 64, ""accuracy"": 0.609375}, ""y1_a1"": {""n"": 9, ""accuracy"": 0.7777777777777778}}",0.5188224760574368
corr,ruler_variable,dinov2_b14_518,ui2e,0.5,456,clean,0.8127692531100247,,0.8127692531100247,356,73,0,0.7443820224719101,0.7324894719008664,,"{""y0_a0"": {""n"": 283, ""accuracy"": 0.7526501766784452}, ""y0_a1"": {""n"": 0, ""accuracy"": NaN}, ""y1_a0"": {""n"": 73, ""accuracy"": 0.7123287671232876}, ""y1_a1"": {""n"": 0, ""accuracy"": NaN}}",0.48923142050414337
corr,ruler_variable,dinov2_b14_518,ui2e,0.5,456,test_corr,0.8551236749116607,0.8427601809954751,0.8031128404669261,356,73,94,0.7528089887640449,0.7581199477225422,0.6,"{""y0_a0"": {""n"": 257, ""accuracy"": 0.7509727626459144}, ""y0_a1"": {""n"": 26, ""accuracy"": 0.7307692307692307}, ""y1_a0"": {""n"": 5, ""accuracy"": 0.6}, ""y1_a1"": {""n"": 68, ""accuracy"": 0.7794117647058824}}",0.48923142050414337
corr,ruler_variable,dinov2_b14_518,ui2e,0.5,456,test_rev,0.7649450602642915,0.8637566137566137,0.8326612903225806,356,73,261,0.6938202247191011,0.70576988237572,0.6706349206349206,"{""y0_a0"": {""n"": 31, ""accuracy"": 0.8064516129032258}, ""y0_a1"": {""n"": 252, ""accuracy"": 0.6706349206349206}, ""y1_a0"": {""n"": 64, ""accuracy"": 0.703125}, ""y1_a1"": {""n"": 9, ""accuracy"": 0.8888888888888888}}",0.48923142050414337
corr,ruler_variable,dinov2_b14_518,ui2e_balanced,0.5,456,clean,0.8278716297981509,,0.8278716297981509,356,73,0,0.7837078651685393,0.757224454233022,,"{""y0_a0"": {""n"": 283, ""accuracy"": 0.8021201413427562}, ""y0_a1"": {""n"": 0, ""accuracy"": NaN}, ""y1_a0"": {""n"": 73, ""accuracy"": 0.7123287671232876}, ""y1_a1"": {""n"": 0, ""accuracy"": NaN}}",0.45898314948378305
corr,ruler_variable,dinov2_b14_518,ui2e_balanced,0.5,456,test_corr,0.8496539038675638,0.8376696832579186,0.8202334630350194,356,73,94,0.7865168539325843,0.779321361150104,0.6,"{""y0_a0"": {""n"": 257, ""accuracy"": 0.8015564202334631}, ""y0_a1"": {""n"": 26, ""accuracy"": 0.6923076923076923}, ""y1_a0"": {""n"": 5, ""accuracy"": 0.6}, ""y1_a1"": {""n"": 68, ""accuracy"": 0.7794117647058824}}",0.45898314948378305
corr,ruler_variable,dinov2_b14_518,ui2e_balanced,0.5,456,test_rev,0.8058473304613002,0.8492063492063492,0.8654233870967742,356,73,261,0.7443820224719101,0.7324894719008664,0.6875,"{""y0_a0"": {""n"": 31, ""accuracy"": 0.8709677419354839}, ""y0_a1"": {""n"": 252, ""accuracy"": 0.7380952380952381}, ""y1_a0"": {""n"": 64, ""accuracy"": 0.6875}, ""y1_a1"": {""n"": 9, ""accuracy"": 0.8888888888888888}}",0.45898314948378305
corr,ruler_variable,dinov2_b14_518,umte,0.5,456,clean,0.8117527469867853,,0.8117527469867853,356,73,0,0.7808988764044944,0.6893847717701729,,"{""y0_a0"": {""n"": 283, ""accuracy"": 0.8445229681978799}, ""y0_a1"": {""n"": 0, ""accuracy"": NaN}, ""y1_a0"": {""n"": 73, ""accuracy"": 0.5342465753424658}, ""y1_a1"": {""n"": 0, ""accuracy"": NaN}}",0.43907613774784154
corr,ruler_variable,dinov2_b14_518,umte,0.5,456,test_corr,0.919696016264098,0.7895927601809956,0.8972762645914397,356,73,94,0.8286516853932584,0.846483372864127,0.46153846153846156,"{""y0_a0"": {""n"": 257, ""accuracy"": 0.8521400778210116}, ""y0_a1"": {""n"": 26, ""accuracy"": 0.46153846153846156}, ""y1_a0"": {""n"": 5, ""accuracy"": 0.6}, ""y1_a1"": {""n"": 68, ""accuracy"": 0.8970588235294118}}",0.43907613774784154
corr,ruler_variable,dinov2_b14_518,umte,0.5,456,test_rev,0.6430611355825547,0.900352733686067,0.8482862903225805,356,73,261,0.5870786516853933,0.5827242364102811,0.515625,"{""y0_a0"": {""n"": 31, ""accuracy"": 0.9354838709677419}, ""y0_a1"": {""n"": 252, ""accuracy"": 0.5476190476190477}, ""y1_a0"": {""n"": 64, ""accuracy"": 0.515625}, ""y1_a1"": {""n"": 9, ""accuracy"": 1.0}}",0.43907613774784154
corr,ruler_variable,dinov2_b14_518,umte_balanced,0.5,456,clean,0.8157703664262549,,0.8157703664262549,356,73,0,0.7921348314606742,0.7269470932765381,,"{""y0_a0"": {""n"": 283, ""accuracy"": 0.8374558303886925}, ""y0_a1"": {""n"": 0, ""accuracy"": NaN}, ""y1_a0"": {""n"": 73, ""accuracy"": 0.6164383561643836}, ""y1_a1"": {""n"": 0, ""accuracy"": NaN}}",0.4797226076361637
corr,ruler_variable,dinov2_b14_518,umte_balanced,0.5,456,test_corr,0.8566726366232634,0.7901583710407241,0.8949416342412452,356,73,94,0.8089887640449438,0.7782080449198896,0.6,"{""y0_a0"": {""n"": 257, ""accuracy"": 0.8443579766536965}, ""y0_a1"": {""n"": 26, ""accuracy"": 0.6923076923076923}, ""y1_a0"": {""n"": 5, ""accuracy"": 0.6}, ""y1_a1"": {""n"": 68, ""accuracy"": 0.7352941176470589}}",0.4797226076361637
corr,ruler_variable,dinov2_b14_518,umte_balanced,0.5,456,test_rev,0.7713829323781403,0.9250440917107584,0.8608870967741936,356,73,261,0.7443820224719101,0.7070768188198848,0.59375,"{""y0_a0"": {""n"": 31, ""accuracy"": 0.967741935483871}, ""y0_a1"": {""n"": 252, ""accuracy"": 0.746031746031746}, ""y1_a0"": {""n"": 64, ""accuracy"": 0.59375}, ""y1_a1"": {""n"": 9, ""accuracy"": 1.0}}",0.4797226076361637
corr,ruler_variable,dinov2_b14_518,erm,1.0,42,clean,0.7957790793358827,,0.7957790793358827,356,73,0,0.7556179775280899,0.729391548477661,,"{""y0_a0"": {""n"": 283, ""accuracy"": 0.773851590106007}, ""y0_a1"": {""n"": 0, ""accuracy"": NaN}, ""y1_a0"": {""n"": 73, ""accuracy"": 0.684931506849315}, ""y1_a1"": {""n"": 0, ""accuracy"": NaN}}",0.370731431667446
corr,ruler_variable,dinov2_b14_518,erm,1.0,42,test_corr,0.9266663439663101,0.8152901785714285,0.8601307189542483,356,73,92,0.7865168539325843,0.8504767897768527,0.39285714285714285,"{""y0_a0"": {""n"": 255, ""accuracy"": 0.7803921568627451}, ""y0_a1"": {""n"": 28, ""accuracy"": 0.39285714285714285}, ""y1_a0"": {""n"": 9, ""accuracy"": 0.8888888888888888}, ""y1_a1"": {""n"": 64, ""accuracy"": 0.96875}}",0.370731431667446
corr,ruler_variable,dinov2_b14_518,erm,1.0,42,test_rev,0.5824096035626118,0.7710027100271003,0.8245260185558693,356,73,252,0.48314606741573035,0.5732610484534586,0.3617886178861789,"{""y0_a0"": {""n"": 37, ""accuracy"": 0.8108108108108109}, ""y0_a1"": {""n"": 246, ""accuracy"": 0.3617886178861789}, ""y1_a0"": {""n"": 67, ""accuracy"": 0.7014925373134329}, ""y1_a1"": {""n"": 6, ""accuracy"": 1.0}}",0.370731431667446
corr,ruler_variable,dinov2_b14_518,mask,1.0,42,clean,0.8388595769398325,,0.8388595769398325,356,73,0,0.7556179775280899,0.7395566097100537,,"{""y0_a0"": {""n"": 283, ""accuracy"": 0.7667844522968198}, ""y0_a1"": {""n"": 0, ""accuracy"": NaN}, ""y1_a0"": {""n"": 73, ""accuracy"": 0.7123287671232876}, ""y1_a1"": {""n"": 0, ""accuracy"": NaN}}",0.1528989871466701
corr,ruler_variable,dinov2_b14_518,mask,1.0,42,test_corr,0.9539183890798199,0.8180803571428572,0.8671023965141613,356,73,92,0.7668539325842697,0.838109298610775,0.21428571428571427,"{""y0_a0"": {""n"": 255, ""accuracy"": 0.7725490196078432}, ""y0_a1"": {""n"": 28, ""accuracy"": 0.21428571428571427}, ""y1_a0"": {""n"": 9, ""accuracy"": 0.7777777777777778}, ""y1_a1"": {""n"": 64, ""accuracy"": 0.984375}}",0.1528989871466701
corr,ruler_variable,dinov2_b14_518,mask,1.0,42,test_rev,0.44668183358342606,0.9159891598915989,0.8491327148043566,356,73,252,0.3342696629213483,0.4796214724817271,0.13821138211382114,"{""y0_a0"": {""n"": 37, ""accuracy"": 0.8648648648648649}, ""y0_a1"": {""n"": 246, ""accuracy"": 0.13821138211382114}, ""y1_a0"": {""n"": 67, ""accuracy"": 0.7014925373134329}, ""y1_a1"": {""n"": 6, ""accuracy"": 1.0}}",0.1528989871466701
corr,ruler_variable,dinov2_b14_518,balanced,1.0,42,clean,0.8114623166658599,,0.8114623166658599,356,73,0,0.7752808988764045,0.7315939784113461,,"{""y0_a0"": {""n"": 283, ""accuracy"": 0.8056537102473498}, ""y0_a1"": {""n"": 0, ""accuracy"": NaN}, ""y1_a0"": {""n"": 73, ""accuracy"": 0.6575342465753424}, ""y1_a1"": {""n"": 0, ""accuracy"": NaN}}",0.4847647910114435
corr,ruler_variable,dinov2_b14_518,balanced,1.0,42,test_corr,0.8241444406796069,0.8197544642857142,0.8557734204793028,356,73,92,0.7808988764044944,0.7554576697807251,0.703125,"{""y0_a0"": {""n"": 255, ""accuracy"": 0.803921568627451}, ""y0_a1"": {""n"": 28, ""accuracy"": 0.75}, ""y1_a0"": {""n"": 9, ""accuracy"": 0.7777777777777778}, ""y1_a1"": {""n"": 64, ""accuracy"": 0.703125}}",0.4847647910114435
corr,ruler_variable,dinov2_b14_518,balanced,1.0,42,test_rev,0.799119028026526,0.806910569105691,0.862444534086325,356,73,252,0.7612359550561798,0.7278425867660584,0.6666666666666666,"{""y0_a0"": {""n"": 37, ""accuracy"": 0.8648648648648649}, ""y0_a1"": {""n"": 246, ""accuracy"": 0.7723577235772358}, ""y1_a0"": {""n"": 67, ""accuracy"": 0.6716417910447762}, ""y1_a1"": {""n"": 6, ""accuracy"": 0.6666666666666666}}",0.4847647910114435
corr,ruler_variable,dinov2_b14_518,leace,1.0,42,clean,0.8116559368798103,,0.8116559368798103,356,73,0,0.7837078651685393,0.7267292705358439,,"{""y0_a0"": {""n"": 283, ""accuracy"": 0.823321554770318}, ""y0_a1"": {""n"": 0, ""accuracy"": NaN}, ""y1_a0"": {""n"": 73, ""accuracy"": 0.6301369863013698}, ""y1_a1"": {""n"": 0, ""accuracy"": NaN}}",0.5387518192314041
corr,ruler_variable,dinov2_b14_518,leace,1.0,42,test_corr,0.8118495570937606,0.8292410714285714,0.8718954248366013,356,73,92,0.7752808988764045,0.7112638559465608,0.59375,"{""y0_a0"": {""n"": 255, ""accuracy"": 0.8156862745098039}, ""y0_a1"": {""n"": 28, ""accuracy"": 0.8571428571428571}, ""y1_a0"": {""n"": 9, ""accuracy"": 0.6666666666666666}, ""y1_a1"": {""n"": 64, ""accuracy"": 0.59375}}",0.5387518192314041
corr,ruler_variable,dinov2_b14_518,leace,1.0,42,test_rev,0.8111234812914467,0.7601626016260162,0.854780153287616,356,73,252,0.7780898876404494,0.7231957016312502,0.5,"{""y0_a0"": {""n"": 37, ""accuracy"": 0.8648648648648649}, ""y0_a1"": {""n"": 246, ""accuracy"": 0.8089430894308943}, ""y1_a0"": {""n"": 67, ""accuracy"": 0.6417910447761194}, ""y1_a1"": {""n"": 6, ""accuracy"": 0.5}}",0.5387518192314041
corr,ruler_variable,dinov2_b14_518,umte_protect,1.0,42,clean,0.8410862094002612,,0.8410862094002612,356,73,0,0.7134831460674157,0.7486325572389758,,"{""y0_a0"": {""n"": 283, ""accuracy"": 0.6890459363957597}, ""y0_a1"": {""n"": 0, ""accuracy"": NaN}, ""y1_a0"": {""n"": 73, ""accuracy"": 0.8082191780821918}, ""y1_a1"": {""n"": 0, ""accuracy"": NaN}}",0.1855773189615796
corr,ruler_variable,dinov2_b14_518,umte_protect,1.0,42,test_corr,0.9424463914032625,0.7935267857142857,0.9128540305010893,356,73,92,0.7191011235955056,0.8182390241541216,0.25,"{""y0_a0"": {""n"": 255, ""accuracy"": 0.6941176470588235}, ""y0_a1"": {""n"": 28, ""accuracy"": 0.25}, ""y1_a0"": {""n"": 9, ""accuracy"": 1.0}, ""y1_a1"": {""n"": 64, ""accuracy"": 0.984375}}",0.1855773189615796
corr,ruler_variable,dinov2_b14_518,umte_protect,1.0,42,test_rev,0.568323732997725,0.8902439024390244,0.8459056070996369,356,73,252,0.4101123595505618,0.5629023670071155,0.23577235772357724,"{""y0_a0"": {""n"": 37, ""accuracy"": 0.7567567567567568}, ""y0_a1"": {""n"": 246, ""accuracy"": 0.23577235772357724}, ""y1_a0"": {""n"": 67, ""accuracy"": 0.8059701492537313}, ""y1_a1"": {""n"": 6, ""accuracy"": 1.0}}",0.1855773189615796
corr,ruler_variable,dinov2_b14_518,umte_protect_balanced,1.0,42,clean,0.8536231182535456,,0.8536231182535456,356,73,0,0.8146067415730337,0.7563289607435015,,"{""y0_a0"": {""n"": 283, ""accuracy"": 0.8551236749116607}, ""y0_a1"": {""n"": 0, ""accuracy"": NaN}, ""y1_a0"": {""n"": 73, ""accuracy"": 0.6575342465753424}, ""y1_a1"": {""n"": 0, ""accuracy"": NaN}}",0.46981842203216034
corr,ruler_variable,dinov2_b14_518,umte_protect_balanced,1.0,42,test_corr,0.8918147054552495,0.8214285714285714,0.918954248366013,356,73,92,0.8286516853932584,0.8058231279345563,0.6785714285714286,"{""y0_a0"": {""n"": 255, ""accuracy"": 0.8627450980392157}, ""y0_a1"": {""n"": 28, ""accuracy"": 0.6785714285714286}, ""y1_a0"": {""n"": 9, ""accuracy"": 0.7777777777777778}, ""y1_a1"": {""n"": 64, ""accuracy"": 0.765625}}",0.46981842203216034
corr,ruler_variable,dinov2_b14_518,umte_protect_balanced,1.0,42,test_rev,0.7870177646546299,0.9342818428184283,0.8608309802339652,356,73,252,0.7134831460674157,0.6978072510770125,0.6417910447761194,"{""y0_a0"": {""n"": 37, ""accuracy"": 0.8918918918918919}, ""y0_a1"": {""n"": 246, ""accuracy"": 0.6991869918699187}, ""y1_a0"": {""n"": 67, ""accuracy"": 0.6417910447761194}, ""y1_a1"": {""n"": 6, ""accuracy"": 1.0}}",0.46981842203216034
corr,ruler_variable,dinov2_b14_518,i2e,1.0,42,clean,0.8478145118350355,,0.8478145118350355,356,73,0,0.7865168539325843,0.7437436468367298,,"{""y0_a0"": {""n"": 283, ""accuracy"": 0.8162544169611308}, ""y0_a1"": {""n"": 0, ""accuracy"": NaN}, ""y1_a0"": {""n"": 73, ""accuracy"": 0.6712328767123288}, ""y1_a1"": {""n"": 0, ""accuracy"": NaN}}",0.5110454674081512
corr,ruler_variable,dinov2_b14_518,i2e,1.0,42,test_corr,0.8445229681978799,0.8761160714285714,0.8806100217864924,356,73,92,0.7865168539325843,0.7488261774529261,0.65625,"{""y0_a0"": {""n"": 255, ""accuracy"": 0.803921568627451}, ""y0_a1"": {""n"": 28, ""accuracy"": 0.8928571428571429}, ""y1_a0"": {""n"": 9, ""accuracy"": 0.8888888888888888}, ""y1_a1"": {""n"": 64, ""accuracy"": 0.65625}}",0.5110454674081512
corr,ruler_variable,dinov2_b14_518,i2e,1.0,42,test_rev,0.8460719299094825,0.8102981029810299,0.8773699072206534,356,73,252,0.7865168539325843,0.7488261774529261,0.6666666666666666,"{""y0_a0"": {""n"": 37, ""accuracy"": 0.8378378378378378}, ""y0_a1"": {""n"": 246, ""accuracy"": 0.8089430894308943}, ""y1_a0"": {""n"": 67, ""accuracy"": 0.6865671641791045}, ""y1_a1"": {""n"": 6, ""accuracy"": 0.6666666666666666}}",0.5110454674081512
corr,ruler_variable,dinov2_b14_518,i2e_balanced,1.0,42,clean,0.848346967423399,,0.848346967423399,356,73,0,0.7528089887640449,0.7886151314197202,,"{""y0_a0"": {""n"": 283, ""accuracy"": 0.7279151943462897}, ""y0_a1"": {""n"": 0, ""accuracy"": NaN}, ""y1_a0"": {""n"": 73, ""accuracy"": 0.8493150684931506}, ""y1_a1"": {""n"": 0, ""accuracy"": NaN}}",0.36423255601218607
corr,ruler_variable,dinov2_b14_518,i2e_balanced,1.0,42,test_corr,0.839730867902609,0.8722098214285714,0.8640522875816994,356,73,92,0.7443820224719101,0.7731497168304371,0.7215686274509804,"{""y0_a0"": {""n"": 255, ""accuracy"": 0.7215686274509804}, ""y0_a1"": {""n"": 28, ""accuracy"": 0.75}, ""y1_a0"": {""n"": 9, ""accuracy"": 1.0}, ""y1_a1"": {""n"": 64, ""accuracy"": 0.796875}}",0.36423255601218607
corr,ruler_variable,dinov2_b14_518,i2e_balanced,1.0,42,test_rev,0.850089549348952,0.8746612466124661,0.882210568777733,356,73,252,0.7556179775280899,0.790381915872017,0.7195121951219512,"{""y0_a0"": {""n"": 37, ""accuracy"": 0.8108108108108109}, ""y0_a1"": {""n"": 246, ""accuracy"": 0.7195121951219512}, ""y1_a0"": {""n"": 67, ""accuracy"": 0.835820895522388}, ""y1_a1"": {""n"": 6, ""accuracy"": 1.0}}",0.36423255601218607
corr,ruler_variable,dinov2_b14_518,i2e_rank1,1.0,42,clean,0.8057989254078125,,0.8057989254078125,356,73,0,0.7331460674157303,0.7152572728592865,,"{""y0_a0"": {""n"": 283, ""accuracy"": 0.7455830388692579}, ""y0_a1"": {""n"": 0, ""accuracy"": NaN}, ""y1_a0"": {""n"": 73, ""accuracy"": 0.684931506849315}, ""y1_a1"": {""n"": 0, ""accuracy"": NaN}}",0.479375467660775
corr,ruler_variable,dinov2_b14_518,i2e_rank1,1.0,42,test_corr,0.8205140616680381,0.8169642857142857,0.8596949891067538,356,73,92,0.7359550561797753,0.7322716491601724,0.7142857142857143,"{""y0_a0"": {""n"": 255, ""accuracy"": 0.7411764705882353}, ""y0_a1"": {""n"": 28, ""accuracy"": 0.7142857142857143}, ""y1_a0"": {""n"": 9, ""accuracy"": 0.7777777777777778}, ""y1_a1"": {""n"": 64, ""accuracy"": 0.71875}}",0.479375467660775
corr,ruler_variable,dinov2_b14_518,i2e_rank1,1.0,42,test_rev,0.795149813640544,0.7459349593495935,0.8410649455425575,356,73,252,0.7050561797752809,0.7026719589525147,0.6666666666666666,"{""y0_a0"": {""n"": 37, ""accuracy"": 0.7297297297297297}, ""y0_a1"": {""n"": 246, ""accuracy"": 0.7032520325203252}, ""y1_a0"": {""n"": 67, ""accuracy"": 0.7014925373134329}, ""y1_a1"": {""n"": 6, ""accuracy"": 0.6666666666666666}}",0.479375467660775
corr,ruler_variable,dinov2_b14_518,insert_aug,1.0,42,clean,0.8168836826564693,,0.8168836826564693,356,73,0,0.7640449438202247,0.7448569630669442,,"{""y0_a0"": {""n"": 283, ""accuracy"": 0.7773851590106007}, ""y0_a1"": {""n"": 0, ""accuracy"": NaN}, ""y1_a0"": {""n"": 73, ""accuracy"": 0.7123287671232876}, ""y1_a1"": {""n"": 0, ""accuracy"": NaN}}",0.37910662203946405
corr,ruler_variable,dinov2_b14_518,insert_aug,1.0,42,test_corr,0.9198896364780482,0.8543526785714286,0.8718954248366013,356,73,92,0.7893258426966292,0.8420785129967568,0.5357142857142857,"{""y0_a0"": {""n"": 255, ""accuracy"": 0.7764705882352941}, ""y0_a1"": {""n"": 28, ""accuracy"": 0.5357142857142857}, ""y1_a0"": {""n"": 9, ""accuracy"": 0.8888888888888888}, ""y1_a1"": {""n"": 64, ""accuracy"": 0.9375}}",0.37910662203946405
corr,ruler_variable,dinov2_b14_518,insert_aug,1.0,42,test_rev,0.6643109540636042,0.7730352303523036,0.8467123840258168,356,73,252,0.5646067415730337,0.634662858802459,0.4715447154471545,"{""y0_a0"": {""n"": 37, ""accuracy"": 0.8108108108108109}, ""y0_a1"": {""n"": 246, ""accuracy"": 0.4715447154471545}, ""y1_a0"": {""n"": 67, ""accuracy"": 0.7313432835820896}, ""y1_a1"": {""n"": 6, ""accuracy"": 1.0}}",0.37910662203946405
corr,ruler_variable,dinov2_b14_518,mte,1.0,42,clean,0.8449586136792682,,0.8449586136792682,356,73,0,0.8202247191011236,0.7446149377995063,,"{""y0_a0"": {""n"": 283, ""accuracy"": 0.872791519434629}, ""y0_a1"": {""n"": 0, ""accuracy"": NaN}, ""y1_a0"": {""n"": 73, ""accuracy"": 0.6164383561643836}, ""y1_a1"": {""n"": 0, ""accuracy"": NaN}}",0.5780407058337783
corr,ruler_variable,dinov2_b14_518,mte,1.0,42,test_corr,0.8487826129047873,0.8448660714285714,0.9032679738562092,356,73,92,0.8258426966292135,0.7583135679364925,0.625,"{""y0_a0"": {""n"": 255, ""accuracy"": 0.8705882352941177}, ""y0_a1"": {""n"": 28, ""accuracy"": 0.8928571428571429}, ""y1_a0"": {""n"": 9, ""accuracy"": 0.7777777777777778}, ""y1_a1"": {""n"": 64, ""accuracy"": 0.625}}",0.5780407058337783
corr,ruler_variable,dinov2_b14_518,mte,1.0,42,test_rev,0.8433612469141779,0.9613821138211383,0.8511496571198063,356,73,252,0.8230337078651685,0.7514642528679993,0.5970149253731343,"{""y0_a0"": {""n"": 37, ""accuracy"": 0.8378378378378378}, ""y0_a1"": {""n"": 246, ""accuracy"": 0.8780487804878049}, ""y1_a0"": {""n"": 67, ""accuracy"": 0.5970149253731343}, ""y1_a1"": {""n"": 6, ""accuracy"": 1.0}}",0.5780407058337783
corr,ruler_variable,dinov2_b14_518,mte_balanced,1.0,42,clean,0.8469916259257466,,0.8469916259257466,356,73,0,0.7808988764044944,0.7503751391645288,,"{""y0_a0"": {""n"": 283, ""accuracy"": 0.8021201413427562}, ""y0_a1"": {""n"": 0, ""accuracy"": NaN}, ""y1_a0"": {""n"": 73, ""accuracy"": 0.6986301369863014}, ""y1_a1"": {""n"": 0, ""accuracy"": NaN}}",0.4550616579037316
corr,ruler_variable,dinov2_b14_518,mte_balanced,1.0,42,test_corr,0.8510576504187037,0.8387276785714286,0.8788671023965142,356,73,92,0.7949438202247191,0.7795391838907981,0.75,"{""y0_a0"": {""n"": 255, ""accuracy"": 0.807843137254902}, ""y0_a1"": {""n"": 28, ""accuracy"": 0.7857142857142857}, ""y1_a0"": {""n"": 9, ""accuracy"": 0.7777777777777778}, ""y1_a1"": {""n"": 64, ""accuracy"": 0.75}}",0.4550616579037316
corr,ruler_variable,dinov2_b14_518,mte_balanced,1.0,42,test_rev,0.8487826129047872,0.9607046070460705,0.862444534086325,356,73,252,0.7865168539325843,0.7539087080691225,0.6716417910447762,"{""y0_a0"": {""n"": 37, ""accuracy"": 0.8648648648648649}, ""y0_a1"": {""n"": 246, ""accuracy"": 0.8008130081300813}, ""y1_a0"": {""n"": 67, ""accuracy"": 0.6716417910447762}, ""y1_a1"": {""n"": 6, ""accuracy"": 1.0}}",0.4550616579037316
corr,ruler_variable,dinov2_b14_518,ui2e,1.0,42,clean,0.8138825693402392,,0.8138825693402392,356,73,0,0.75,0.7309405101892638,,"{""y0_a0"": {""n"": 283, ""accuracy"": 0.7632508833922261}, ""y0_a1"": {""n"": 0, ""accuracy"": NaN}, ""y1_a0"": {""n"": 73, ""accuracy"": 0.6986301369863014}, ""y1_a1"": {""n"": 0, ""accuracy"": NaN}}",0.48834492564994597
corr,ruler_variable,dinov2_b14_518,ui2e,1.0,42,test_corr,0.8672733433370444,0.8487723214285714,0.8649237472766884,356,73,92,0.75,0.7563531632702454,0.7450980392156863,"{""y0_a0"": {""n"": 255, ""accuracy"": 0.7450980392156863}, ""y0_a1"": {""n"": 28, ""accuracy"": 0.75}, ""y1_a0"": {""n"": 9, ""accuracy"": 0.7777777777777778}, ""y1_a1"": {""n"": 64, ""accuracy"": 0.765625}}",0.48834492564994597
corr,ruler_variable,dinov2_b14_518,ui2e,1.0,42,test_rev,0.7521177210900818,0.755420054200542,0.8430818878580072,356,73,252,0.6853932584269663,0.6953869984026333,0.6666666666666666,"{""y0_a0"": {""n"": 37, ""accuracy"": 0.7567567567567568}, ""y0_a1"": {""n"": 246, ""accuracy"": 0.6666666666666666}, ""y1_a0"": {""n"": 67, ""accuracy"": 0.7164179104477612}, ""y1_a1"": {""n"": 6, ""accuracy"": 0.6666666666666666}}",0.48834492564994597
corr,ruler_variable,dinov2_b14_518,ui2e_balanced,1.0,42,clean,0.833680236216661,,0.833680236216661,356,73,0,0.7359550561797753,0.7475192410087612,,"{""y0_a0"": {""n"": 283, ""accuracy"": 0.7279151943462897}, ""y0_a1"": {""n"": 0, ""accuracy"": NaN}, ""y1_a0"": {""n"": 73, ""accuracy"": 0.7671232876712328}, ""y1_a1"": {""n"": 0, ""accuracy"": NaN}}",0.3765036998156284
corr,ruler_variable,dinov2_b14_518,ui2e_balanced,1.0,42,test_corr,0.8563338012488504,0.8722098214285714,0.8657952069716774,356,73,92,0.7387640449438202,0.7696161479258434,0.7142857142857143,"{""y0_a0"": {""n"": 255, ""accuracy"": 0.7176470588235294}, ""y0_a1"": {""n"": 28, ""accuracy"": 0.7142857142857143}, ""y1_a0"": {""n"": 9, ""accuracy"": 0.8888888888888888}, ""y1_a1"": {""n"": 64, ""accuracy"": 0.8125}}",0.3765036998156284
corr,ruler_variable,dinov2_b14_518,ui2e_balanced,1.0,42,test_rev,0.8091872791519434,0.8705962059620596,0.8745461879790237,356,73,252,0.7050561797752809,0.7331671426496926,0.6666666666666666,"{""y0_a0"": {""n"": 37, ""accuracy"": 0.8108108108108109}, ""y0_a1"": {""n"": 246, ""accuracy"": 0.6666666666666666}, ""y1_a0"": {""n"": 67, ""accuracy"": 0.7611940298507462}, ""y1_a1"": {""n"": 6, ""accuracy"": 1.0}}",0.3765036998156284
corr,ruler_variable,dinov2_b14_518,umte,1.0,42,clean,0.8209497071494264,,0.8209497071494264,356,73,0,0.7949438202247191,0.7134662858802459,,"{""y0_a0"": {""n"": 283, ""accuracy"": 0.8515901060070671}, ""y0_a1"": {""n"": 0, ""accuracy"": NaN}, ""y1_a0"": {""n"": 73, ""accuracy"": 0.5753424657534246}, ""y1_a1"": {""n"": 0, ""accuracy"": NaN}}",0.3383483906860755
corr,ruler_variable,dinov2_b14_518,umte,1.0,42,test_corr,0.9352340384336124,0.7957589285714286,0.8662309368191721,356,73,92,0.8202247191011236,0.8411830195072365,0.39285714285714285,"{""y0_a0"": {""n"": 255, ""accuracy"": 0.8509803921568627}, ""y0_a1"": {""n"": 28, ""accuracy"": 0.39285714285714285}, ""y1_a0"": {""n"": 9, ""accuracy"": 0.5555555555555556}, ""y1_a1"": {""n"": 64, ""accuracy"": 0.921875}}",0.3383483906860755
corr,ruler_variable,dinov2_b14_518,umte,1.0,42,test_rev,0.5500750278329058,0.8726287262872628,0.8285599031867688,356,73,252,0.4550561797752809,0.5098504283847234,0.35365853658536583,"{""y0_a0"": {""n"": 37, ""accuracy"": 0.8378378378378378}, ""y0_a1"": {""n"": 246, ""accuracy"": 0.35365853658536583}, ""y1_a0"": {""n"": 67, ""accuracy"": 0.5671641791044776}, ""y1_a1"": {""n"": 6, ""accuracy"": 1.0}}",0.3383483906860755
corr,ruler_variable,dinov2_b14_518,umte_balanced,1.0,42,clean,0.8432644368072025,,0.8432644368072025,356,73,0,0.8033707865168539,0.7543443535505107,,"{""y0_a0"": {""n"": 283, ""accuracy"": 0.8374558303886925}, ""y0_a1"": {""n"": 0, ""accuracy"": NaN}, ""y1_a0"": {""n"": 73, ""accuracy"": 0.6712328767123288}, ""y1_a1"": {""n"": 0, ""accuracy"": NaN}}",0.436611741982734
corr,ruler_variable,dinov2_b14_518,umte_balanced,1.0,42,test_corr,0.8850864030204754,0.8270089285714285,0.885838779956427,356,73,92,0.8202247191011236,0.8106878358100585,0.6666666666666666,"{""y0_a0"": {""n"": 255, ""accuracy"": 0.8392156862745098}, ""y0_a1"": {""n"": 28, ""accuracy"": 0.7142857142857143}, ""y1_a0"": {""n"": 9, ""accuracy"": 0.6666666666666666}, ""y1_a1"": {""n"": 64, ""accuracy"": 0.8125}}",0.436611741982734
corr,ruler_variable,dinov2_b14_518,umte_balanced,1.0,42,test_rev,0.78701776465463,0.9308943089430894,0.8402581686163776,356,73,252,0.7247191011235955,0.7150394501185924,0.6716417910447762,"{""y0_a0"": {""n"": 37, ""accuracy"": 0.8648648648648649}, ""y0_a1"": {""n"": 246, ""accuracy"": 0.7113821138211383}, ""y1_a0"": {""n"": 67, ""accuracy"": 0.6716417910447762}, ""y1_a1"": {""n"": 6, ""accuracy"": 1.0}}",0.436611741982734
corr,ruler_variable,dinov2_b14_518,erm,1.0,123,clean,0.7950045984800813,,0.7950045984800813,356,73,0,0.75,0.7258579795730674,,"{""y0_a0"": {""n"": 283, ""accuracy"": 0.7667844522968198}, ""y0_a1"": {""n"": 0, ""accuracy"": NaN}, ""y1_a0"": {""n"": 73, ""accuracy"": 0.684931506849315}, ""y1_a1"": {""n"": 0, ""accuracy"": NaN}}",0.37322457596774283
corr,ruler_variable,dinov2_b14_518,erm,1.0,123,test_corr,0.9283121157848879,0.8228116710875332,0.8489173228346456,356,73,94,0.7668539325842697,0.8330267679945786,0.3448275862068966,"{""y0_a0"": {""n"": 254, ""accuracy"": 0.7637795275590551}, ""y0_a1"": {""n"": 29, ""accuracy"": 0.3448275862068966}, ""y1_a0"": {""n"": 8, ""accuracy"": 0.75}, ""y1_a1"": {""n"": 65, ""accuracy"": 0.9692307692307692}}",0.37322457596774283
corr,ruler_variable,dinov2_b14_518,erm,1.0,123,test_rev,0.5683237329977249,0.846042471042471,0.7243589743589743,356,73,267,0.449438202247191,0.5469771044097004,0.3552123552123552,"{""y0_a0"": {""n"": 24, ""accuracy"": 0.6666666666666666}, ""y0_a1"": {""n"": 259, ""accuracy"": 0.3552123552123552}, ""y1_a0"": {""n"": 65, ""accuracy"": 0.676923076923077}, ""y1_a1"": {""n"": 8, ""accuracy"": 1.0}}",0.37322457596774283
corr,ruler_variable,dinov2_b14_518,mask,1.0,123,clean,0.8214337576843022,,0.8214337576843022,356,73,0,0.7387640449438202,0.7340384336124692,,"{""y0_a0"": {""n"": 283, ""accuracy"": 0.7420494699646644}, ""y0_a1"": {""n"": 0, ""accuracy"": NaN}, ""y1_a0"": {""n"": 73, ""accuracy"": 0.726027397260274}, ""y1_a1"": {""n"": 0, ""accuracy"": NaN}}",0.13742554068246582
corr,ruler_variable,dinov2_b14_518,mask,1.0,123,test_corr,0.9487390483566485,0.8259946949602122,0.7480314960629921,356,73,94,0.7275280898876404,0.8184568468948158,0.10344827586206896,"{""y0_a0"": {""n"": 254, ""accuracy"": 0.7283464566929134}, ""y0_a1"": {""n"": 29, ""accuracy"": 0.10344827586206896}, ""y1_a0"": {""n"": 8, ""accuracy"": 0.75}, ""y1_a1"": {""n"": 65, ""accuracy"": 1.0}}",0.13742554068246582
corr,ruler_variable,dinov2_b14_518,mask,1.0,123,test_rev,0.39372670506800905,0.7268339768339769,0.8121794871794872,356,73,267,0.26685393258426965,0.4473837068589961,0.0888030888030888,"{""y0_a0"": {""n"": 24, ""accuracy"": 0.7083333333333334}, ""y0_a1"": {""n"": 259, ""accuracy"": 0.0888030888030888}, ""y1_a0"": {""n"": 65, ""accuracy"": 0.7230769230769231}, ""y1_a1"": {""n"": 8, ""accuracy"": 1.0}}",0.13742554068246582
corr,ruler_variable,dinov2_b14_518,balanced,1.0,123,clean,0.8177065685657583,,0.8177065685657583,356,73,0,0.6797752808988764,0.7020184907304322,,"{""y0_a0"": {""n"": 283, ""accuracy"": 0.6643109540636042}, ""y0_a1"": {""n"": 0, ""accuracy"": NaN}, ""y1_a0"": {""n"": 73, ""accuracy"": 0.7397260273972602}, ""y1_a1"": {""n"": 0, ""accuracy"": NaN}}",0.4092870524997767
corr,ruler_variable,dinov2_b14_518,balanced,1.0,123,test_corr,0.8285493005469771,0.8450928381962866,0.7785433070866141,356,73,94,0.6853932584269663,0.7258821820998111,0.6535433070866141,"{""y0_a0"": {""n"": 254, ""accuracy"": 0.6535433070866141}, ""y0_a1"": {""n"": 29, ""accuracy"": 0.6896551724137931}, ""y1_a0"": {""n"": 8, ""accuracy"": 0.75}, ""y1_a1"": {""n"": 65, ""accuracy"": 0.8}}",0.4092870524997767
corr,ruler_variable,dinov2_b14_518,balanced,1.0,123,test_rev,0.8081223679752166,0.8532818532818532,0.7416666666666667,356,73,267,0.6741573033707865,0.703567452442035,0.5833333333333334,"{""y0_a0"": {""n"": 24, ""accuracy"": 0.5833333333333334}, ""y0_a1"": {""n"": 259, ""accuracy"": 0.6602316602316602}, ""y1_a0"": {""n"": 65, ""accuracy"": 0.7384615384615385}, ""y1_a1"": {""n"": 8, ""accuracy"": 0.875}}",0.4092870524997767
corr,ruler_variable,dinov2_b14_518,leace,1.0,123,clean,0.8117043419332978,,0.8117043419332978,356,73,0,0.7696629213483146,0.7178953482743597,,"{""y0_a0"": {""n"": 283, ""accuracy"": 0.8056537102473498}, ""y0_a1"": {""n"": 0, ""accuracy"": NaN}, ""y1_a0"": {""n"": 73, ""accuracy"": 0.6301369863013698}, ""y1_a1"": {""n"": 0, ""accuracy"": NaN}}",0.5330068495900359
corr,ruler_variable,dinov2_b14_518,leace,1.0,123,test_corr,0.810397405489133,0.839787798408488,0.7972440944881889,356,73,94,0.7668539325842697,0.716128563822063,0.5,"{""y0_a0"": {""n"": 254, ""accuracy"": 0.7952755905511811}, ""y0_a1"": {""n"": 29, ""accuracy"": 0.8620689655172413}, ""y1_a0"": {""n"": 8, ""accuracy"": 0.5}, ""y1_a1"": {""n"": 65, ""accuracy"": 0.6461538461538462}}",0.5330068495900359
corr,ruler_variable,dinov2_b14_518,leace,1.0,123,test_rev,0.8112202913984219,0.8474903474903475,0.7467948717948718,356,73,267,0.7612359550561798,0.7125949949174694,0.625,"{""y0_a0"": {""n"": 24, ""accuracy"": 0.6666666666666666}, ""y0_a1"": {""n"": 259, ""accuracy"": 0.806949806949807}, ""y1_a0"": {""n"": 65, ""accuracy"": 0.6307692307692307}, ""y1_a1"": {""n"": 8, ""accuracy"": 0.625}}",0.5330068495900359
corr,ruler_variable,dinov2_b14_518,umte_protect,1.0,123,clean,0.8136405440728013,,0.8136405440728013,356,73,0,0.7724719101123596,0.6586717653323007,,"{""y0_a0"": {""n"": 283, ""accuracy"": 0.8515901060070671}, ""y0_a1"": {""n"": 0, ""accuracy"": NaN}, ""y1_a0"": {""n"": 73, ""accuracy"": 0.4657534246575342}, ""y1_a1"": {""n"": 0, ""accuracy"": NaN}}",0.38134683662615204
corr,ruler_variable,dinov2_b14_518,umte_protect,1.0,123,test_corr,0.9223098891524275,0.7904509283819628,0.7219488188976378,356,73,94,0.8230337078651685,0.8480323345757297,0.4482758620689655,"{""y0_a0"": {""n"": 254, ""accuracy"": 0.8464566929133859}, ""y0_a1"": {""n"": 29, ""accuracy"": 0.4482758620689655}, ""y1_a0"": {""n"": 8, ""accuracy"": 0.5}, ""y1_a1"": {""n"": 65, ""accuracy"": 0.9384615384615385}}",0.38134683662615204
corr,ruler_variable,dinov2_b14_518,umte_protect,1.0,123,test_rev,0.5324555883634251,0.6414092664092664,0.8,356,73,267,0.47191011235955055,0.49503848201752265,0.416988416988417,"{""y0_a0"": {""n"": 24, ""accuracy"": 0.875}, ""y0_a1"": {""n"": 259, ""accuracy"": 0.416988416988417}, ""y1_a0"": {""n"": 65, ""accuracy"": 0.49230769230769234}, ""y1_a1"": {""n"": 8, ""accuracy"": 0.875}}",0.38134683662615204
corr,ruler_variable,dinov2_b14_518,umte_protect_balanced,1.0,123,clean,0.8164480371750811,,0.8164480371750811,356,73,0,0.7612359550561798,0.7278425867660584,,"{""y0_a0"": {""n"": 283, ""accuracy"": 0.784452296819788}, ""y0_a1"": {""n"": 0, ""accuracy"": NaN}, ""y1_a0"": {""n"": 73, ""accuracy"": 0.6712328767123288}, ""y1_a1"": {""n"": 0, ""accuracy"": NaN}}",0.3990462323642559
corr,ruler_variable,dinov2_b14_518,umte_protect_balanced,1.0,123,test_corr,0.8596737499394936,0.8286472148541114,0.7229330708661417,356,73,94,0.7696629213483146,0.7839682462849121,0.6206896551724138,"{""y0_a0"": {""n"": 254, ""accuracy"": 0.7755905511811023}, ""y0_a1"": {""n"": 29, ""accuracy"": 0.6206896551724138}, ""y1_a0"": {""n"": 8, ""accuracy"": 0.75}, ""y1_a1"": {""n"": 65, ""accuracy"": 0.8153846153846154}}",0.3990462323642559
corr,ruler_variable,dinov2_b14_518,umte_protect_balanced,1.0,123,test_rev,0.7448085580134567,0.6665057915057916,0.833974358974359,356,73,267,0.6741573033707865,0.6781547993610533,0.5,"{""y0_a0"": {""n"": 24, ""accuracy"": 0.7916666666666666}, ""y0_a1"": {""n"": 259, ""accuracy"": 0.6602316602316602}, ""y1_a0"": {""n"": 65, ""accuracy"": 0.7076923076923077}, ""y1_a1"": {""n"": 8, ""accuracy"": 0.5}}",0.3990462323642559
corr,ruler_variable,dinov2_b14_518,i2e,1.0,123,clean,0.8467496006583087,,0.8467496006583087,356,73,0,0.7893258426966292,0.7607580231376155,,"{""y0_a0"": {""n"": 283, ""accuracy"": 0.8091872791519434}, ""y0_a1"": {""n"": 0, ""accuracy"": NaN}, ""y1_a0"": {""n"": 73, ""accuracy"": 0.7123287671232876}, ""y1_a1"": {""n"": 0, ""accuracy"": NaN}}",0.5042559904925376
corr,ruler_variable,dinov2_b14_518,i2e,1.0,123,test_corr,0.8450070187327557,0.8620689655172414,0.8813976377952756,356,73,94,0.7865168539325843,0.7539087080691225,0.625,"{""y0_a0"": {""n"": 254, ""accuracy"": 0.7992125984251969}, ""y0_a1"": {""n"": 29, ""accuracy"": 0.896551724137931}, ""y1_a0"": {""n"": 8, ""accuracy"": 0.625}, ""y1_a1"": {""n"": 65, ""accuracy"": 0.7076923076923077}}",0.5042559904925376
corr,ruler_variable,dinov2_b14_518,i2e,1.0,123,test_rev,0.845781499588557,0.8421814671814671,0.8083333333333333,356,73,267,0.7949438202247191,0.7642915920422092,0.7076923076923077,"{""y0_a0"": {""n"": 24, ""accuracy"": 0.75}, ""y0_a1"": {""n"": 259, ""accuracy"": 0.8223938223938224}, ""y1_a0"": {""n"": 65, ""accuracy"": 0.7076923076923077}, ""y1_a1"": {""n"": 8, ""accuracy"": 0.75}}",0.5042559904925376
corr,ruler_variable,dinov2_b14_518,i2e_balanced,1.0,123,clean,0.8447649934653177,,0.8447649934653177,356,73,0,0.7640449438202247,0.7651870855317295,,"{""y0_a0"": {""n"": 283, ""accuracy"": 0.7632508833922261}, ""y0_a1"": {""n"": 0, ""accuracy"": NaN}, ""y1_a0"": {""n"": 73, ""accuracy"": 0.7671232876712328}, ""y1_a1"": {""n"": 0, ""accuracy"": NaN}}",0.4896357935758534
corr,ruler_variable,dinov2_b14_518,i2e_balanced,1.0,123,test_corr,0.8385207415654194,0.8684350132625995,0.8567913385826771,356,73,94,0.7640449438202247,0.7651870855317295,0.75,"{""y0_a0"": {""n"": 254, ""accuracy"": 0.7519685039370079}, ""y0_a1"": {""n"": 29, ""accuracy"": 0.8620689655172413}, ""y1_a0"": {""n"": 8, ""accuracy"": 0.75}, ""y1_a1"": {""n"": 65, ""accuracy"": 0.7692307692307693}}",0.4896357935758534
corr,ruler_variable,dinov2_b14_518,i2e_balanced,1.0,123,test_rev,0.8491698533326879,0.8368725868725868,0.7634615384615385,356,73,267,0.7612359550561798,0.7634203010794327,0.5833333333333334,"{""y0_a0"": {""n"": 24, ""accuracy"": 0.5833333333333334}, ""y0_a1"": {""n"": 259, ""accuracy"": 0.7760617760617761}, ""y1_a0"": {""n"": 65, ""accuracy"": 0.7692307692307693}, ""y1_a1"": {""n"": 8, ""accuracy"": 0.75}}",0.4896357935758534
corr,ruler_variable,dinov2_b14_518,i2e_rank1,1.0,123,clean,0.8048792293915485,,0.8048792293915485,356,73,0,0.7247191011235955,0.6997918582700033,,"{""y0_a0"": {""n"": 283, ""accuracy"": 0.7420494699646644}, ""y0_a1"": {""n"": 0, ""accuracy"": NaN}, ""y1_a0"": {""n"": 73, ""accuracy"": 0.6575342465753424}, ""y1_a1"": {""n"": 0, ""accuracy"": NaN}}",0.48186058481717325
corr,ruler_variable,dinov2_b14_518,i2e_rank1,1.0,123,test_corr,0.8196911757587492,0.8344827586206897,0.7672244094488189,356,73,94,0.7387640449438202,0.7340384336124692,0.625,"{""y0_a0"": {""n"": 254, ""accuracy"": 0.7322834645669292}, ""y0_a1"": {""n"": 29, ""accuracy"": 0.8275862068965517}, ""y1_a0"": {""n"": 8, ""accuracy"": 0.625}, ""y1_a1"": {""n"": 65, ""accuracy"": 0.7384615384615385}}",0.48186058481717325
corr,ruler_variable,dinov2_b14_518,i2e_rank1,1.0,123,test_rev,0.7916646497894381,0.8339768339768339,0.7371794871794871,356,73,267,0.702247191011236,0.6907401132678253,0.5833333333333334,"{""y0_a0"": {""n"": 24, ""accuracy"": 0.5833333333333334}, ""y0_a1"": {""n"": 259, ""accuracy"": 0.722007722007722}, ""y1_a0"": {""n"": 65, ""accuracy"": 0.6615384615384615}, ""y1_a1"": {""n"": 8, ""accuracy"": 0.75}}",0.48186058481717325
corr,ruler_variable,dinov2_b14_518,insert_aug,1.0,123,clean,0.8071542669054649,,0.8071542669054649,356,73,0,0.7471910112359551,0.7342562563531633,,"{""y0_a0"": {""n"": 283, ""accuracy"": 0.7561837455830389}, ""y0_a1"": {""n"": 0, ""accuracy"": NaN}, ""y1_a0"": {""n"": 73, ""accuracy"": 0.7123287671232876}, ""y1_a1"": {""n"": 0, ""accuracy"": NaN}}",0.36866504659566196
corr,ruler_variable,dinov2_b14_518,insert_aug,1.0,123,test_corr,0.9171789534827435,0.8355437665782494,0.8415354330708662,356,73,94,0.7668539325842697,0.822861706762186,0.5172413793103449,"{""y0_a0"": {""n"": 254, ""accuracy"": 0.7519685039370079}, ""y0_a1"": {""n"": 29, ""accuracy"": 0.5172413793103449}, ""y1_a0"": {""n"": 8, ""accuracy"": 0.625}, ""y1_a1"": {""n"": 65, ""accuracy"": 0.9538461538461539}}",0.36866504659566196
corr,ruler_variable,dinov2_b14_518,insert_aug,1.0,123,test_rev,0.6416089839779272,0.8436293436293437,0.7346153846153846,356,73,267,0.5280898876404494,0.6066121303064039,0.4594594594594595,"{""y0_a0"": {""n"": 24, ""accuracy"": 0.625}, ""y0_a1"": {""n"": 259, ""accuracy"": 0.4594594594594595}, ""y1_a0"": {""n"": 65, ""accuracy"": 0.7076923076923077}, ""y1_a1"": {""n"": 8, ""accuracy"": 1.0}}",0.36866504659566196
corr,ruler_variable,dinov2_b14_518,mte,1.0,123,clean,0.8451522338932185,,0.8451522338932185,356,73,0,0.8258426966292135,0.7532310373202962,,"{""y0_a0"": {""n"": 283, ""accuracy"": 0.8763250883392226}, ""y0_a1"": {""n"": 0, ""accuracy"": NaN}, ""y1_a0"": {""n"": 73, ""accuracy"": 0.6301369863013698}, ""y1_a1"": {""n"": 0, ""accuracy"": NaN}}",0.5842200699957357
corr,ruler_variable,dinov2_b14_518,mte,1.0,123,test_corr,0.8453458541071689,0.8801061007957559,0.7559055118110236,356,73,94,0.8230337078651685,0.7514642528679993,0.625,"{""y0_a0"": {""n"": 254, ""accuracy"": 0.8700787401574803}, ""y0_a1"": {""n"": 29, ""accuracy"": 0.896551724137931}, ""y1_a0"": {""n"": 8, ""accuracy"": 0.625}, ""y1_a1"": {""n"": 65, ""accuracy"": 0.6307692307692307}}",0.5842200699957357
corr,ruler_variable,dinov2_b14_518,mte,1.0,123,test_rev,0.8396824628491214,0.7741312741312741,0.8467948717948719,356,73,267,0.8230337078651685,0.7514642528679993,0.375,"{""y0_a0"": {""n"": 24, ""accuracy"": 0.8333333333333334}, ""y0_a1"": {""n"": 259, ""accuracy"": 0.8764478764478765}, ""y1_a0"": {""n"": 65, ""accuracy"": 0.6615384615384615}, ""y1_a1"": {""n"": 8, ""accuracy"": 0.375}}",0.5842200699957357
corr,ruler_variable,dinov2_b14_518,mte_balanced,1.0,123,clean,0.8328089452538846,,0.8328089452538846,356,73,0,0.8033707865168539,0.7797570066314923,,"{""y0_a0"": {""n"": 283, ""accuracy"": 0.8197879858657244}, ""y0_a1"": {""n"": 0, ""accuracy"": NaN}, ""y1_a0"": {""n"": 73, ""accuracy"": 0.7397260273972602}, ""y1_a1"": {""n"": 0, ""accuracy"": NaN}}",0.4643376282848556
corr,ruler_variable,dinov2_b14_518,mte_balanced,1.0,123,test_corr,0.8336802362166611,0.8546419098143235,0.7750984251968503,356,73,94,0.7949438202247191,0.759209061426013,0.6923076923076923,"{""y0_a0"": {""n"": 254, ""accuracy"": 0.8188976377952756}, ""y0_a1"": {""n"": 29, ""accuracy"": 0.8275862068965517}, ""y1_a0"": {""n"": 8, ""accuracy"": 0.75}, ""y1_a1"": {""n"": 65, ""accuracy"": 0.6923076923076923}}",0.4643376282848556
corr,ruler_variable,dinov2_b14_518,mte_balanced,1.0,123,test_rev,0.8366329444794037,0.73503861003861,0.8519230769230769,356,73,267,0.800561797752809,0.7729076915629992,0.375,"{""y0_a0"": {""n"": 24, ""accuracy"": 0.8333333333333334}, ""y0_a1"": {""n"": 259, ""accuracy"": 0.8185328185328186}, ""y1_a0"": {""n"": 65, ""accuracy"": 0.7692307692307693}, ""y1_a1"": {""n"": 8, ""accuracy"": 0.375}}",0.4643376282848556
corr,ruler_variable,dinov2_b14_518,ui2e,1.0,123,clean,0.8140277845007018,,0.8140277845007018,356,73,0,0.7556179775280899,0.7344740790938574,,"{""y0_a0"": {""n"": 283, ""accuracy"": 0.7703180212014135}, ""y0_a1"": {""n"": 0, ""accuracy"": NaN}, ""y1_a0"": {""n"": 73, ""accuracy"": 0.6986301369863014}, ""y1_a1"": {""n"": 0, ""accuracy"": NaN}}",0.49231802753421094
corr,ruler_variable,dinov2_b14_518,ui2e,1.0,123,test_corr,0.8673701534440196,0.8286472148541114,0.8203740157480316,356,73,94,0.7612359550561798,0.7634203010794327,0.625,"{""y0_a0"": {""n"": 254, ""accuracy"": 0.7637795275590551}, ""y0_a1"": {""n"": 29, ""accuracy"": 0.7241379310344828}, ""y1_a0"": {""n"": 8, ""accuracy"": 0.625}, ""y1_a1"": {""n"": 65, ""accuracy"": 0.7846153846153846}}",0.49231802753421094
corr,ruler_variable,dinov2_b14_518,ui2e,1.0,123,test_rev,0.7507623795924295,0.8021235521235521,0.7269230769230769,356,73,267,0.6882022471910112,0.6920712522387338,0.5833333333333334,"{""y0_a0"": {""n"": 24, ""accuracy"": 0.5833333333333334}, ""y0_a1"": {""n"": 259, ""accuracy"": 0.694980694980695}, ""y1_a0"": {""n"": 65, ""accuracy"": 0.6923076923076923}, ""y1_a1"": {""n"": 8, ""accuracy"": 0.75}}",0.49231802753421094
corr,ruler_variable,dinov2_b14_518,ui2e_balanced,1.0,123,clean,0.8170773028704197,,0.8170773028704197,356,73,0,0.6853932584269663,0.7309647127160075,,"{""y0_a0"": {""n"": 283, ""accuracy"": 0.6537102473498233}, ""y0_a1"": {""n"": 0, ""accuracy"": NaN}, ""y1_a0"": {""n"": 73, ""accuracy"": 0.8082191780821918}, ""y1_a1"": {""n"": 0, ""accuracy"": NaN}}",0.4378030374776584
corr,ruler_variable,dinov2_b14_518,ui2e_balanced,1.0,123,test_corr,0.8220630233796409,0.8376657824933688,0.8336614173228346,356,73,94,0.6853932584269663,0.7309647127160075,0.6496062992125984,"{""y0_a0"": {""n"": 254, ""accuracy"": 0.6496062992125984}, ""y0_a1"": {""n"": 29, ""accuracy"": 0.6896551724137931}, ""y1_a0"": {""n"": 8, ""accuracy"": 0.875}, ""y1_a1"": {""n"": 65, ""accuracy"": 0.8}}",0.4378030374776584
corr,ruler_variable,dinov2_b14_518,ui2e_balanced,1.0,123,test_rev,0.8180454039401713,0.8156370656370656,0.7250000000000001,356,73,267,0.6853932584269663,0.7360472433322038,0.4166666666666667,"{""y0_a0"": {""n"": 24, ""accuracy"": 0.4166666666666667}, ""y0_a1"": {""n"": 259, ""accuracy"": 0.6718146718146718}, ""y1_a0"": {""n"": 65, ""accuracy"": 0.8153846153846154}, ""y1_a1"": {""n"": 8, ""accuracy"": 0.875}}",0.4378030374776584
corr,ruler_variable,dinov2_b14_518,umte,1.0,123,clean,0.8110266711844716,,0.8110266711844716,356,73,0,0.7752808988764045,0.6756861416331865,,"{""y0_a0"": {""n"": 283, ""accuracy"": 0.8445229681978799}, ""y0_a1"": {""n"": 0, ""accuracy"": NaN}, ""y1_a0"": {""n"": 73, ""accuracy"": 0.5068493150684932}, ""y1_a1"": {""n"": 0, ""accuracy"": NaN}}",0.3554014857549989
corr,ruler_variable,dinov2_b14_518,umte,1.0,123,test_corr,0.9265211288058474,0.7920424403183024,0.7239173228346456,356,73,94,0.8146067415730337,0.8528970424512319,0.3793103448275862,"{""y0_a0"": {""n"": 254, ""accuracy"": 0.8346456692913385}, ""y0_a1"": {""n"": 29, ""accuracy"": 0.3793103448275862}, ""y1_a0"": {""n"": 8, ""accuracy"": 0.625}, ""y1_a1"": {""n"": 65, ""accuracy"": 0.9538461538461539}}",0.3554014857549989
corr,ruler_variable,dinov2_b14_518,umte,1.0,123,test_rev,0.5142552882520935,0.6563706563706564,0.8025641025641025,356,73,267,0.4353932584269663,0.4924004066024493,0.3590733590733591,"{""y0_a0"": {""n"": 24, ""accuracy"": 0.7916666666666666}, ""y0_a1"": {""n"": 259, ""accuracy"": 0.3590733590733591}, ""y1_a0"": {""n"": 65, ""accuracy"": 0.5384615384615384}, ""y1_a1"": {""n"": 8, ""accuracy"": 1.0}}",0.3554014857549989
corr,ruler_variable,dinov2_b14_518,umte_balanced,1.0,123,clean,0.8099133549542572,,0.8099133549542572,356,73,0,0.7640449438202247,0.7346919018345515,,"{""y0_a0"": {""n"": 283, ""accuracy"": 0.784452296819788}, ""y0_a1"": {""n"": 0, ""accuracy"": NaN}, ""y1_a0"": {""n"": 73, ""accuracy"": 0.684931506849315}, ""y1_a1"": {""n"": 0, ""accuracy"": NaN}}",0.36930826867487887
corr,ruler_variable,dinov2_b14_518,umte_balanced,1.0,123,test_corr,0.8697904061183988,0.8360742705570292,0.7357283464566929,356,73,94,0.7752808988764045,0.7976668764218984,0.5862068965517241,"{""y0_a0"": {""n"": 254, ""accuracy"": 0.7795275590551181}, ""y0_a1"": {""n"": 29, ""accuracy"": 0.5862068965517241}, ""y1_a0"": {""n"": 8, ""accuracy"": 0.75}, ""y1_a1"": {""n"": 65, ""accuracy"": 0.8461538461538461}}",0.36930826867487887
corr,ruler_variable,dinov2_b14_518,umte_balanced,1.0,123,test_rev,0.7370637494554431,0.680019305019305,0.8250000000000001,356,73,267,0.6348314606741573,0.6635848782612905,0.5,"{""y0_a0"": {""n"": 24, ""accuracy"": 0.7916666666666666}, ""y0_a1"": {""n"": 259, ""accuracy"": 0.5984555984555985}, ""y1_a0"": {""n"": 65, ""accuracy"": 0.7384615384615385}, ""y1_a1"": {""n"": 8, ""accuracy"": 0.5}}",0.36930826867487887
corr,ruler_variable,dinov2_b14_518,erm,1.0,456,clean,0.7927295609661649,,0.7927295609661649,356,73,0,0.7331460674157303,0.7152572728592865,,"{""y0_a0"": {""n"": 283, ""accuracy"": 0.7455830388692579}, ""y0_a1"": {""n"": 0, ""accuracy"": NaN}, ""y1_a0"": {""n"": 73, ""accuracy"": 0.684931506849315}, ""y1_a1"": {""n"": 0, ""accuracy"": NaN}}",0.3611563753716166
corr,ruler_variable,dinov2_b14_518,erm,1.0,456,test_corr,0.9385739871242558,0.8116515837104072,0.8754863813229572,356,73,94,0.7640449438202247,0.8363425141584782,0.38461538461538464,"{""y0_a0"": {""n"": 257, ""accuracy"": 0.7470817120622568}, ""y0_a1"": {""n"": 26, ""accuracy"": 0.38461538461538464}, ""y1_a0"": {""n"": 5, ""accuracy"": 0.8}, ""y1_a1"": {""n"": 68, ""accuracy"": 0.9705882352941176}}",0.3611563753716166
corr,ruler_variable,dinov2_b14_518,erm,1.0,456,test_rev,0.5769882375720026,0.8430335097001764,0.8407258064516129,356,73,261,0.449438202247191,0.5469771044097004,0.3253968253968254,"{""y0_a0"": {""n"": 31, ""accuracy"": 0.8387096774193549}, ""y0_a1"": {""n"": 252, ""accuracy"": 0.3253968253968254}, ""y1_a0"": {""n"": 64, ""accuracy"": 0.671875}, ""y1_a1"": {""n"": 9, ""accuracy"": 1.0}}",0.3611563753716166
corr,ruler_variable,dinov2_b14_518,mask,1.0,456,clean,0.8220630233796409,,0.8220630233796409,356,73,0,0.7556179775280899,0.74463914032625,,"{""y0_a0"": {""n"": 283, ""accuracy"": 0.7632508833922261}, ""y0_a1"": {""n"": 0, ""accuracy"": NaN}, ""y1_a0"": {""n"": 73, ""accuracy"": 0.726027397260274}, ""y1_a1"": {""n"": 0, ""accuracy"": NaN}}",0.1286437133479273
corr,ruler_variable,dinov2_b14_518,mask,1.0,456,test_corr,0.9708601578004744,0.8523755656108598,0.8754863813229573,356,73,94,0.7612359550561798,0.844740790938574,0.07692307692307693,"{""y0_a0"": {""n"": 257, ""accuracy"": 0.7665369649805448}, ""y0_a1"": {""n"": 26, ""accuracy"": 0.07692307692307693}, ""y1_a0"": {""n"": 5, ""accuracy"": 0.8}, ""y1_a1"": {""n"": 68, ""accuracy"": 1.0}}",0.1286437133479273
corr,ruler_variable,dinov2_b14_518,mask,1.0,456,test_rev,0.4217048259838327,0.9056437389770724,0.871975806451613,356,73,261,0.29213483146067415,0.4582022363134711,0.0873015873015873,"{""y0_a0"": {""n"": 31, ""accuracy"": 0.9032258064516129}, ""y0_a1"": {""n"": 252, ""accuracy"": 0.0873015873015873}, ""y1_a0"": {""n"": 64, ""accuracy"": 0.703125}, ""y1_a1"": {""n"": 9, ""accuracy"": 1.0}}",0.1286437133479273
corr,ruler_variable,dinov2_b14_518,balanced,1.0,456,clean,0.7925359407522146,,0.7925359407522146,356,73,0,0.6938202247191011,0.690522290527131,,"{""y0_a0"": {""n"": 283, ""accuracy"": 0.696113074204947}, ""y0_a1"": {""n"": 0, ""accuracy"": NaN}, ""y1_a0"": {""n"": 73, ""accuracy"": 0.684931506849315}, ""y1_a1"": {""n"": 0, ""accuracy"": NaN}}",0.44056650745083736
corr,ruler_variable,dinov2_b14_518,balanced,1.0,456,test_corr,0.7988770027590879,0.7731900452488688,0.8280155642023346,356,73,94,0.7050561797752809,0.7179195508011036,0.6,"{""y0_a0"": {""n"": 257, ""accuracy"": 0.7042801556420234}, ""y0_a1"": {""n"": 26, ""accuracy"": 0.6153846153846154}, ""y1_a0"": {""n"": 5, ""accuracy"": 0.6}, ""y1_a1"": {""n"": 68, ""accuracy"": 0.75}}",0.44056650745083736
corr,ruler_variable,dinov2_b14_518,balanced,1.0,456,test_rev,0.7865821191732416,0.8086419753086419,0.8240927419354839,356,73,261,0.699438202247191,0.6940558594317247,0.671875,"{""y0_a0"": {""n"": 31, ""accuracy"": 0.7419354838709677}, ""y0_a1"": {""n"": 252, ""accuracy"": 0.6984126984126984}, ""y1_a0"": {""n"": 64, ""accuracy"": 0.671875}, ""y1_a1"": {""n"": 9, ""accuracy"": 0.7777777777777778}}",0.44056650745083736
corr,ruler_variable,dinov2_b14_518,leace,1.0,456,clean,0.8119947722542233,,0.8119947722542233,356,73,0,0.7696629213483146,0.7178953482743597,,"{""y0_a0"": {""n"": 283, ""accuracy"": 0.8056537102473498}, ""y0_a1"": {""n"": 0, ""accuracy"": NaN}, ""y1_a0"": {""n"": 73, ""accuracy"": 0.6301369863013698}, ""y1_a1"": {""n"": 0, ""accuracy"": NaN}}",0.5300488653122762
corr,ruler_variable,dinov2_b14_518,leace,1.0,456,test_corr,0.8121399874146861,0.8156108597285068,0.82568093385214,356,73,94,0.7724719101123596,0.7247446633428529,0.6,"{""y0_a0"": {""n"": 257, ""accuracy"": 0.8093385214007782}, ""y0_a1"": {""n"": 26, ""accuracy"": 0.7692307692307693}, ""y1_a0"": {""n"": 5, ""accuracy"": 0.6}, ""y1_a1"": {""n"": 68, ""accuracy"": 0.6470588235294118}}",0.5300488653122762
corr,ruler_variable,dinov2_b14_518,leace,1.0,456,test_rev,0.811220291398422,0.8465608465608465,0.8407258064516129,356,73,261,0.7668539325842697,0.716128563822063,0.609375,"{""y0_a0"": {""n"": 31, ""accuracy"": 0.8064516129032258}, ""y0_a1"": {""n"": 252, ""accuracy"": 0.8015873015873016}, ""y1_a0"": {""n"": 64, ""accuracy"": 0.609375}, ""y1_a1"": {""n"": 9, ""accuracy"": 0.7777777777777778}}",0.5300488653122762
corr,ruler_variable,dinov2_b14_518,umte_protect,1.0,456,clean,0.8189166949029478,,0.8189166949029478,356,73,0,0.7780898876404494,0.702865579166465,,"{""y0_a0"": {""n"": 283, ""accuracy"": 0.8303886925795053}, ""y0_a1"": {""n"": 0, ""accuracy"": NaN}, ""y1_a0"": {""n"": 73, ""accuracy"": 0.5753424657534246}, ""y1_a1"": {""n"": 0, ""accuracy"": NaN}}",0.3358639414871927
corr,ruler_variable,dinov2_b14_518,umte_protect,1.0,456,test_corr,0.9538699840263323,0.829185520361991,0.9058365758754863,356,73,94,0.8202247191011236,0.8665956725882182,0.34615384615384615,"{""y0_a0"": {""n"": 257, ""accuracy"": 0.8326848249027238}, ""y0_a1"": {""n"": 26, ""accuracy"": 0.34615384615384615}, ""y1_a0"": {""n"": 5, ""accuracy"": 0.8}, ""y1_a1"": {""n"": 68, ""accuracy"": 0.9558823529411765}}",0.3358639414871927
corr,ruler_variable,dinov2_b14_518,umte_protect,1.0,456,test_rev,0.5305677912774094,0.8871252204585538,0.8613911290322582,356,73,261,0.4438202247191011,0.5078658211917324,0.3333333333333333,"{""y0_a0"": {""n"": 31, ""accuracy"": 0.9354838709677419}, ""y0_a1"": {""n"": 252, ""accuracy"": 0.3333333333333333}, ""y1_a0"": {""n"": 64, ""accuracy"": 0.5625}, ""y1_a1"": {""n"": 9, ""accuracy"": 1.0}}",0.3358639414871927
corr,ruler_variable,dinov2_b14_518,umte_protect_balanced,1.0,456,clean,0.8210465172564015,,0.8210465172564015,356,73,0,0.7780898876404494,0.7689384771770174,,"{""y0_a0"": {""n"": 283, ""accuracy"": 0.784452296819788}, ""y0_a1"": {""n"": 0, ""accuracy"": NaN}, ""y1_a0"": {""n"": 73, ""accuracy"": 0.7534246575342466}, ""y1_a1"": {""n"": 0, ""accuracy"": NaN}}",0.3714724144209738
corr,ruler_variable,dinov2_b14_518,umte_protect_balanced,1.0,456,test_corr,0.8779708601578005,0.823529411764706,0.8669260700389105,356,73,94,0.7949438202247191,0.8201994288203689,0.6538461538461539,"{""y0_a0"": {""n"": 257, ""accuracy"": 0.7898832684824902}, ""y0_a1"": {""n"": 26, ""accuracy"": 0.6538461538461539}, ""y1_a0"": {""n"": 5, ""accuracy"": 0.8}, ""y1_a1"": {""n"": 68, ""accuracy"": 0.8676470588235294}}",0.3714724144209738
corr,ruler_variable,dinov2_b14_518,umte_protect_balanced,1.0,456,test_rev,0.7500847088436032,0.9069664902998236,0.8734879032258064,356,73,261,0.6825842696629213,0.7190328670313181,0.6309523809523809,"{""y0_a0"": {""n"": 31, ""accuracy"": 0.8709677419354839}, ""y0_a1"": {""n"": 252, ""accuracy"": 0.6309523809523809}, ""y1_a0"": {""n"": 64, ""accuracy"": 0.75}, ""y1_a1"": {""n"": 9, ""accuracy"": 1.0}}",0.3714724144209738
corr,ruler_variable,dinov2_b14_518,i2e,1.0,456,clean,0.8485889926908369,,0.8485889926908369,356,73,0,0.7837078651685393,0.741976862384433,,"{""y0_a0"": {""n"": 283, ""accuracy"": 0.8127208480565371}, ""y0_a1"": {""n"": 0, ""accuracy"": NaN}, ""y1_a0"": {""n"": 73, ""accuracy"": 0.6712328767123288}, ""y1_a1"": {""n"": 0, ""accuracy"": NaN}}",0.5101262013419172
corr,ruler_variable,dinov2_b14_518,i2e,1.0,456,test_corr,0.8461687400164577,0.8167420814479638,0.8233463035019455,356,73,94,0.7865168539325843,0.7539087080691225,0.6,"{""y0_a0"": {""n"": 257, ""accuracy"": 0.8171206225680934}, ""y0_a1"": {""n"": 26, ""accuracy"": 0.7307692307692307}, ""y1_a0"": {""n"": 5, ""accuracy"": 0.6}, ""y1_a1"": {""n"": 68, ""accuracy"": 0.7058823529411765}}",0.5101262013419172
corr,ruler_variable,dinov2_b14_518,i2e,1.0,456,test_rev,0.8424899559514013,0.8531746031746031,0.8800403225806451,356,73,261,0.7780898876404494,0.7384432934798393,0.65625,"{""y0_a0"": {""n"": 31, ""accuracy"": 0.8709677419354839}, ""y0_a1"": {""n"": 252, ""accuracy"": 0.7976190476190477}, ""y1_a0"": {""n"": 64, ""accuracy"": 0.65625}, ""y1_a1"": {""n"": 9, ""accuracy"": 0.7777777777777778}}",0.5101262013419172
corr,ruler_variable,dinov2_b14_518,i2e_balanced,1.0,456,clean,0.8396824628491214,,0.8396824628491214,356,73,0,0.7752808988764045,0.7671716927247205,,"{""y0_a0"": {""n"": 283, ""accuracy"": 0.7809187279151943}, ""y0_a1"": {""n"": 0, ""accuracy"": NaN}, ""y1_a0"": {""n"": 73, ""accuracy"": 0.7534246575342466}, ""y1_a1"": {""n"": 0, ""accuracy"": NaN}}",0.47755474258259256
corr,ruler_variable,dinov2_b14_518,i2e_balanced,1.0,456,test_corr,0.8291301611888281,0.8009049773755657,0.8521400778210118,356,73,94,0.7668539325842697,0.746623747519241,0.6,"{""y0_a0"": {""n"": 257, ""accuracy"": 0.7859922178988327}, ""y0_a1"": {""n"": 26, ""accuracy"": 0.7307692307692307}, ""y1_a0"": {""n"": 5, ""accuracy"": 0.6}, ""y1_a1"": {""n"": 68, ""accuracy"": 0.7205882352941176}}",0.47755474258259256
corr,ruler_variable,dinov2_b14_518,i2e_balanced,1.0,456,test_rev,0.8378430708165933,0.8567019400352732,0.8805443548387097,356,73,261,0.7780898876404494,0.763855946560821,0.734375,"{""y0_a0"": {""n"": 31, ""accuracy"": 0.8387096774193549}, ""y0_a1"": {""n"": 252, ""accuracy"": 0.7817460317460317}, ""y1_a0"": {""n"": 64, ""accuracy"": 0.734375}, ""y1_a1"": {""n"": 9, ""accuracy"": 0.7777777777777778}}",0.47755474258259256
corr,ruler_variable,dinov2_b14_518,i2e_rank1,1.0,456,clean,0.8052664698194492,,0.8052664698194492,356,73,0,0.7275280898876404,0.7269712958032819,,"{""y0_a0"": {""n"": 283, ""accuracy"": 0.7279151943462897}, ""y0_a1"": {""n"": 0, ""accuracy"": NaN}, ""y1_a0"": {""n"": 73, ""accuracy"": 0.726027397260274}, ""y1_a1"": {""n"": 0, ""accuracy"": NaN}}",0.47271942712974485
corr,ruler_variable,dinov2_b14_518,i2e_rank1,1.0,456,test_corr,0.8262742630330606,0.8263574660633484,0.8350194552529183,356,73,94,0.7331460674157303,0.7406699259402681,0.6923076923076923,"{""y0_a0"": {""n"": 257, ""accuracy"": 0.7315175097276264}, ""y0_a1"": {""n"": 26, ""accuracy"": 0.6923076923076923}, ""y1_a0"": {""n"": 5, ""accuracy"": 0.8}, ""y1_a1"": {""n"": 68, ""accuracy"": 0.75}}",0.47271942712974485
corr,ruler_variable,dinov2_b14_518,i2e_rank1,1.0,456,test_rev,0.7931652064475532,0.8584656084656085,0.8316532258064517,356,73,261,0.702247191011236,0.7110702357326104,0.6865079365079365,"{""y0_a0"": {""n"": 31, ""accuracy"": 0.7741935483870968}, ""y0_a1"": {""n"": 252, ""accuracy"": 0.6865079365079365}, ""y1_a0"": {""n"": 64, ""accuracy"": 0.71875}, ""y1_a1"": {""n"": 9, ""accuracy"": 0.7777777777777778}}",0.47271942712974485
corr,ruler_variable,dinov2_b14_518,insert_aug,1.0,456,clean,0.810881456024009,,0.810881456024009,356,73,0,0.7359550561797753,0.742436710392565,,"{""y0_a0"": {""n"": 283, ""accuracy"": 0.7314487632508834}, ""y0_a1"": {""n"": 0, ""accuracy"": NaN}, ""y1_a0"": {""n"": 73, ""accuracy"": 0.7534246575342466}, ""y1_a1"": {""n"": 0, ""accuracy"": NaN}}",0.33993915897430227
corr,ruler_variable,dinov2_b14_518,insert_aug,1.0,456,test_corr,0.9265695338593349,0.8207013574660633,0.8770428015564202,356,73,94,0.7584269662921348,0.8328089452538845,0.46153846153846156,"{""y0_a0"": {""n"": 257, ""accuracy"": 0.7315175097276264}, ""y0_a1"": {""n"": 26, ""accuracy"": 0.46153846153846156}, ""y1_a0"": {""n"": 5, ""accuracy"": 0.8}, ""y1_a1"": {""n"": 68, ""accuracy"": 0.9705882352941176}}",0.33993915897430227
corr,ruler_variable,dinov2_b14_518,insert_aug,1.0,456,test_rev,0.6580667021637058,0.8461199294532629,0.8578629032258064,356,73,261,0.5112359550561798,0.6112590154412121,0.3968253968253968,"{""y0_a0"": {""n"": 31, ""accuracy"": 0.8064516129032258}, ""y0_a1"": {""n"": 252, ""accuracy"": 0.3968253968253968}, ""y1_a0"": {""n"": 64, ""accuracy"": 0.75}, ""y1_a1"": {""n"": 9, ""accuracy"": 1.0}}",0.33993915897430227
corr,ruler_variable,dinov2_b14_518,mte,1.0,456,clean,0.8415218548816495,,0.8415218548816495,356,73,0,0.8117977528089888,0.7443971150588121,,"{""y0_a0"": {""n"": 283, ""accuracy"": 0.8586572438162544}, ""y0_a1"": {""n"": 0, ""accuracy"": NaN}, ""y1_a0"": {""n"": 73, ""accuracy"": 0.6301369863013698}, ""y1_a1"": {""n"": 0, ""accuracy"": NaN}}",0.5646008161448495
corr,ruler_variable,dinov2_b14_518,mte,1.0,456,test_corr,0.844619778304855,0.8433257918552036,0.8801556420233464,356,73,94,0.8174157303370787,0.7580957451957984,0.6,"{""y0_a0"": {""n"": 257, ""accuracy"": 0.8560311284046692}, ""y0_a1"": {""n"": 26, ""accuracy"": 0.8846153846153846}, ""y1_a0"": {""n"": 5, ""accuracy"": 0.6}, ""y1_a1"": {""n"": 68, ""accuracy"": 0.6617647058823529}}",0.5646008161448495
corr,ruler_variable,dinov2_b14_518,mte,1.0,456,test_rev,0.8390531971537828,0.9135802469135802,0.876008064516129,356,73,261,0.8089887640449438,0.7426303306065153,0.609375,"{""y0_a0"": {""n"": 31, ""accuracy"": 0.9354838709677419}, ""y0_a1"": {""n"": 252, ""accuracy"": 0.8452380952380952}, ""y1_a0"": {""n"": 64, ""accuracy"": 0.609375}, ""y1_a1"": {""n"": 9, ""accuracy"": 0.7777777777777778}}",0.5646008161448495
corr,ruler_variable,dinov2_b14_518,mte_balanced,1.0,456,clean,0.8373106152282298,,0.8373106152282298,356,73,0,0.7752808988764045,0.7366765090275424,,"{""y0_a0"": {""n"": 283, ""accuracy"": 0.8021201413427562}, ""y0_a1"": {""n"": 0, ""accuracy"": NaN}, ""y1_a0"": {""n"": 73, ""accuracy"": 0.6712328767123288}, ""y1_a1"": {""n"": 0, ""accuracy"": NaN}}",0.49723985257111974
corr,ruler_variable,dinov2_b14_518,mte_balanced,1.0,456,test_corr,0.8361488939445278,0.8399321266968327,0.8832684824902723,356,73,94,0.7780898876404494,0.748608354712232,0.6,"{""y0_a0"": {""n"": 257, ""accuracy"": 0.8054474708171206}, ""y0_a1"": {""n"": 26, ""accuracy"": 0.7307692307692307}, ""y1_a0"": {""n"": 5, ""accuracy"": 0.6}, ""y1_a1"": {""n"": 68, ""accuracy"": 0.7058823529411765}}",0.49723985257111974
corr,ruler_variable,dinov2_b14_518,mte_balanced,1.0,456,test_rev,0.8327121351469093,0.8893298059964727,0.8780241935483871,356,73,261,0.7752808988764045,0.7417590396437388,0.65625,"{""y0_a0"": {""n"": 31, ""accuracy"": 0.9354838709677419}, ""y0_a1"": {""n"": 252, ""accuracy"": 0.7817460317460317}, ""y1_a0"": {""n"": 64, ""accuracy"": 0.65625}, ""y1_a1"": {""n"": 9, ""accuracy"": 0.8888888888888888}}",0.49723985257111974
corr,ruler_variable,dinov2_b14_518,ui2e,1.0,456,clean,0.8127208480565371,,0.8127208480565371,356,73,0,0.7275280898876404,0.7371363570356746,,"{""y0_a0"": {""n"": 283, ""accuracy"": 0.7208480565371025}, ""y0_a1"": {""n"": 0, ""accuracy"": NaN}, ""y1_a0"": {""n"": 73, ""accuracy"": 0.7534246575342466}, ""y1_a1"": {""n"": 0, ""accuracy"": NaN}}",0.46360421452469486
corr,ruler_variable,dinov2_b14_518,ui2e,1.0,456,test_corr,0.8750665569485454,0.8416289592760181,0.8108949416342411,356,73,94,0.7331460674157303,0.7660825790212498,0.6538461538461539,"{""y0_a0"": {""n"": 257, ""accuracy"": 0.7159533073929961}, ""y0_a1"": {""n"": 26, ""accuracy"": 0.6538461538461539}, ""y1_a0"": {""n"": 5, ""accuracy"": 0.8}, ""y1_a1"": {""n"": 68, ""accuracy"": 0.8235294117647058}}",0.46360421452469486
corr,ruler_variable,dinov2_b14_518,ui2e,1.0,456,test_rev,0.7469383803669102,0.8659611992945326,0.8276209677419355,356,73,261,0.6601123595505618,0.6947335301805508,0.6150793650793651,"{""y0_a0"": {""n"": 31, ""accuracy"": 0.8064516129032258}, ""y0_a1"": {""n"": 252, ""accuracy"": 0.6150793650793651}, ""y1_a0"": {""n"": 64, ""accuracy"": 0.734375}, ""y1_a1"": {""n"": 9, ""accuracy"": 0.8888888888888888}}",0.46360421452469486
corr,ruler_variable,dinov2_b14_518,ui2e_balanced,1.0,456,clean,0.8295174016167287,,0.8295174016167287,356,73,0,0.7415730337078652,0.7612178711457476,,"{""y0_a0"": {""n"": 283, ""accuracy"": 0.7279151943462897}, ""y0_a1"": {""n"": 0, ""accuracy"": NaN}, ""y1_a0"": {""n"": 73, ""accuracy"": 0.7945205479452054}, ""y1_a1"": {""n"": 0, ""accuracy"": NaN}}",0.37875985536600887
corr,ruler_variable,dinov2_b14_518,ui2e_balanced,1.0,456,test_corr,0.8580763831744034,0.8303167420814479,0.8389105058365759,356,73,94,0.7443820224719101,0.7680671862142407,0.6,"{""y0_a0"": {""n"": 257, ""accuracy"": 0.7315175097276264}, ""y0_a1"": {""n"": 26, ""accuracy"": 0.6923076923076923}, ""y1_a0"": {""n"": 5, ""accuracy"": 0.6}, ""y1_a1"": {""n"": 68, ""accuracy"": 0.8235294117647058}}",0.37875985536600887
corr,ruler_variable,dinov2_b14_518,ui2e_balanced,1.0,456,test_rev,0.8005711796311535,0.8465608465608465,0.8634072580645161,356,73,261,0.699438202247191,0.7347161043612953,0.6626984126984127,"{""y0_a0"": {""n"": 31, ""accuracy"": 0.7741935483870968}, ""y0_a1"": {""n"": 252, ""accuracy"": 0.6626984126984127}, ""y1_a0"": {""n"": 64, ""accuracy"": 0.78125}, ""y1_a1"": {""n"": 9, ""accuracy"": 0.8888888888888888}}",0.37875985536600887
corr,ruler_variable,dinov2_b14_518,umte,1.0,456,clean,0.8030882424125079,,0.8030882424125079,356,73,0,0.8033707865168539,0.6882714555399583,,"{""y0_a0"": {""n"": 283, ""accuracy"": 0.8833922261484098}, ""y0_a1"": {""n"": 0, ""accuracy"": NaN}, ""y1_a0"": {""n"": 73, ""accuracy"": 0.4931506849315068}, ""y1_a1"": {""n"": 0, ""accuracy"": NaN}}",0.4008117246937815
corr,ruler_variable,dinov2_b14_518,umte,1.0,456,test_corr,0.9510140858705649,0.7958144796380091,0.8988326848249026,356,73,94,0.8567415730337079,0.8692337480032916,0.4230769230769231,"{""y0_a0"": {""n"": 257, ""accuracy"": 0.8910505836575876}, ""y0_a1"": {""n"": 26, ""accuracy"": 0.4230769230769231}, ""y1_a0"": {""n"": 5, ""accuracy"": 0.8}, ""y1_a1"": {""n"": 68, ""accuracy"": 0.8970588235294118}}",0.4008117246937815
corr,ruler_variable,dinov2_b14_518,umte,1.0,456,test_rev,0.5101892637591364,0.8963844797178131,0.8392137096774194,356,73,261,0.46629213483146065,0.5016699743453217,0.373015873015873,"{""y0_a0"": {""n"": 31, ""accuracy"": 1.0}, ""y0_a1"": {""n"": 252, ""accuracy"": 0.373015873015873}, ""y1_a0"": {""n"": 64, ""accuracy"": 0.5}, ""y1_a1"": {""n"": 9, ""accuracy"": 1.0}}",0.4008117246937815
corr,ruler_variable,dinov2_b14_518,umte_balanced,1.0,456,clean,0.8106878358100585,,0.8106878358100585,356,73,0,0.7921348314606742,0.7218645626603417,,"{""y0_a0"": {""n"": 283, ""accuracy"": 0.8409893992932862}, ""y0_a1"": {""n"": 0, ""accuracy"": NaN}, ""y1_a0"": {""n"": 73, ""accuracy"": 0.6027397260273972}, ""y1_a1"": {""n"": 0, ""accuracy"": NaN}}",0.4384283418107246
corr,ruler_variable,dinov2_b14_518,umte_balanced,1.0,456,test_corr,0.8763734933927102,0.7952488687782805,0.8863813229571984,356,73,94,0.8258426966292135,0.8142214047146522,0.6,"{""y0_a0"": {""n"": 257, ""accuracy"": 0.8521400778210116}, ""y0_a1"": {""n"": 26, ""accuracy"": 0.6538461538461539}, ""y1_a0"": {""n"": 5, ""accuracy"": 0.6}, ""y1_a1"": {""n"": 68, ""accuracy"": 0.8088235294117647}}",0.4384283418107246
corr,ruler_variable,dinov2_b14_518,umte_balanced,1.0,456,test_rev,0.7326588895880729,0.9162257495590829,0.8548387096774194,356,73,261,0.6966292134831461,0.6770414831308389,0.59375,"{""y0_a0"": {""n"": 31, ""accuracy"": 0.967741935483871}, ""y0_a1"": {""n"": 252, ""accuracy"": 0.6785714285714286}, ""y1_a0"": {""n"": 64, ""accuracy"": 0.59375}, ""y1_a1"": {""n"": 9, ""accuracy"": 1.0}}",0.4384283418107246
