phase,artifact,backbone,method,overlap,seed,env,auc,auc_artifact_present,auc_artifact_absent,n,n_pos,n_artifact_present,accuracy,balanced_accuracy,worst_group_accuracy,group_details_json,threshold_clean_val,fold
corr,transplant_neutral,dinov2_b14_518,erm,0.0,42,clean,0.7091503267973857,,0.7091503267973857,70,36,0,0.7285714285714285,0.7320261437908497,,"{""y0_a0"": {""n"": 34, ""accuracy"": 0.8529411764705882}, ""y0_a1"": {""n"": 0, ""accuracy"": NaN}, ""y1_a0"": {""n"": 36, ""accuracy"": 0.6111111111111112}, ""y1_a1"": {""n"": 0, ""accuracy"": NaN}}",0.5389606522320847,0
corr,transplant_neutral,dinov2_b14_518,erm,0.0,42,test_corr,0.7524509803921569,0.6742424242424243,0.6333333333333333,70,36,37,0.7571428571428571,0.7598039215686274,0.6666666666666666,"{""y0_a0"": {""n"": 30, ""accuracy"": 0.8666666666666667}, ""y0_a1"": {""n"": 4, ""accuracy"": 0.75}, ""y1_a0"": {""n"": 3, ""accuracy"": 0.6666666666666666}, ""y1_a1"": {""n"": 33, ""accuracy"": 0.6666666666666666}}",0.5389606522320847,0
corr,transplant_neutral,dinov2_b14_518,erm,0.0,42,test_rev,0.6691176470588235,0.7419354838709677,0.7575757575757576,70,36,34,0.7142857142857143,0.7173202614379085,0.6060606060606061,"{""y0_a0"": {""n"": 3, ""accuracy"": 1.0}, ""y0_a1"": {""n"": 31, ""accuracy"": 0.8064516129032258}, ""y1_a0"": {""n"": 33, ""accuracy"": 0.6060606060606061}, ""y1_a1"": {""n"": 3, ""accuracy"": 0.6666666666666666}}",0.5389606522320847,0
corr,transplant_neutral,dinov2_b14_518,mask,0.0,42,clean,0.7222222222222222,,0.7222222222222222,70,36,0,0.6571428571428571,0.6617647058823529,,"{""y0_a0"": {""n"": 34, ""accuracy"": 0.8235294117647058}, ""y0_a1"": {""n"": 0, ""accuracy"": NaN}, ""y1_a0"": {""n"": 36, ""accuracy"": 0.5}, ""y1_a1"": {""n"": 0, ""accuracy"": NaN}}",0.6452957220873043,0
corr,transplant_neutral,dinov2_b14_518,mask,0.0,42,test_corr,0.7222222222222222,0.6212121212121212,0.6444444444444445,70,36,37,0.6571428571428571,0.6617647058823529,0.3333333333333333,"{""y0_a0"": {""n"": 30, ""accuracy"": 0.8333333333333334}, ""y0_a1"": {""n"": 4, ""accuracy"": 0.75}, ""y1_a0"": {""n"": 3, ""accuracy"": 0.3333333333333333}, ""y1_a1"": {""n"": 33, ""accuracy"": 0.5151515151515151}}",0.6452957220873043,0
corr,transplant_neutral,dinov2_b14_518,mask,0.0,42,test_rev,0.7222222222222222,0.8709677419354839,0.7878787878787878,70,36,34,0.6571428571428571,0.6617647058823529,0.4848484848484848,"{""y0_a0"": {""n"": 3, ""accuracy"": 1.0}, ""y0_a1"": {""n"": 31, ""accuracy"": 0.8064516129032258}, ""y1_a0"": {""n"": 33, ""accuracy"": 0.48484848484848486}, ""y1_a1"": {""n"": 3, ""accuracy"": 0.6666666666666666}}",0.6452957220873043,0
corr,transplant_neutral,dinov2_b14_518,erm,0.0,123,clean,0.7058823529411765,,0.7058823529411765,70,36,0,0.7142857142857143,0.7181372549019608,,"{""y0_a0"": {""n"": 34, ""accuracy"": 0.8529411764705882}, ""y0_a1"": {""n"": 0, ""accuracy"": NaN}, ""y1_a0"": {""n"": 36, ""accuracy"": 0.5833333333333334}, ""y1_a1"": {""n"": 0, ""accuracy"": NaN}}",0.552195369651053,0
corr,transplant_neutral,dinov2_b14_518,erm,0.0,123,test_corr,0.7573529411764707,0.7878787878787878,0.6236559139784946,70,36,36,0.7571428571428571,0.7598039215686274,0.6666666666666666,"{""y0_a0"": {""n"": 31, ""accuracy"": 0.8387096774193549}, ""y0_a1"": {""n"": 3, ""accuracy"": 1.0}, ""y1_a0"": {""n"": 3, ""accuracy"": 0.6666666666666666}, ""y1_a1"": {""n"": 33, ""accuracy"": 0.6666666666666666}}",0.552195369651053,0
corr,transplant_neutral,dinov2_b14_518,erm,0.0,123,test_rev,0.6601307189542484,0.9270833333333334,0.5833333333333333,70,36,38,0.7142857142857143,0.7181372549019608,0.5,"{""y0_a0"": {""n"": 2, ""accuracy"": 1.0}, ""y0_a1"": {""n"": 32, ""accuracy"": 0.84375}, ""y1_a0"": {""n"": 30, ""accuracy"": 0.5}, ""y1_a1"": {""n"": 6, ""accuracy"": 1.0}}",0.552195369651053,0
corr,transplant_neutral,dinov2_b14_518,mask,0.0,123,clean,0.7222222222222222,,0.7222222222222222,70,36,0,0.6571428571428571,0.6617647058823529,,"{""y0_a0"": {""n"": 34, ""accuracy"": 0.8235294117647058}, ""y0_a1"": {""n"": 0, ""accuracy"": NaN}, ""y1_a0"": {""n"": 36, ""accuracy"": 0.5}, ""y1_a1"": {""n"": 0, ""accuracy"": NaN}}",0.6452957220873043,0
corr,transplant_neutral,dinov2_b14_518,mask,0.0,123,test_corr,0.7222222222222222,0.6060606060606061,0.6559139784946236,70,36,36,0.6571428571428571,0.6617647058823529,0.4848484848484848,"{""y0_a0"": {""n"": 31, ""accuracy"": 0.8387096774193549}, ""y0_a1"": {""n"": 3, ""accuracy"": 0.6666666666666666}, ""y1_a0"": {""n"": 3, ""accuracy"": 0.6666666666666666}, ""y1_a1"": {""n"": 33, ""accuracy"": 0.48484848484848486}}",0.6452957220873043,0
corr,transplant_neutral,dinov2_b14_518,mask,0.0,123,test_rev,0.7222222222222222,0.7447916666666666,0.6833333333333333,70,36,38,0.6571428571428571,0.6617647058823529,0.5,"{""y0_a0"": {""n"": 2, ""accuracy"": 1.0}, ""y0_a1"": {""n"": 32, ""accuracy"": 0.8125}, ""y1_a0"": {""n"": 30, ""accuracy"": 0.5}, ""y1_a1"": {""n"": 6, ""accuracy"": 0.5}}",0.6452957220873043,0
corr,transplant_neutral,dinov2_b14_518,erm,0.0,456,clean,0.6977124183006536,,0.6977124183006536,70,36,0,0.7142857142857143,0.7181372549019608,,"{""y0_a0"": {""n"": 34, ""accuracy"": 0.8529411764705882}, ""y0_a1"": {""n"": 0, ""accuracy"": NaN}, ""y1_a0"": {""n"": 36, ""accuracy"": 0.5833333333333334}, ""y1_a1"": {""n"": 0, ""accuracy"": NaN}}",0.5499339518314029,0
corr,transplant_neutral,dinov2_b14_518,erm,0.0,456,test_corr,0.7516339869281047,0.8494623655913979,0.7870967741935484,70,36,34,0.7428571428571429,0.7459150326797386,0.6129032258064516,"{""y0_a0"": {""n"": 31, ""accuracy"": 0.8387096774193549}, ""y0_a1"": {""n"": 3, ""accuracy"": 1.0}, ""y1_a0"": {""n"": 5, ""accuracy"": 0.8}, ""y1_a1"": {""n"": 31, ""accuracy"": 0.6129032258064516}}",0.5499339518314029,0
corr,transplant_neutral,dinov2_b14_518,erm,0.0,456,test_rev,0.6764705882352942,0.9083333333333332,0.78125,70,36,34,0.7,0.7034313725490196,0.5625,"{""y0_a0"": {""n"": 4, ""accuracy"": 0.75}, ""y0_a1"": {""n"": 30, ""accuracy"": 0.8333333333333334}, ""y1_a0"": {""n"": 32, ""accuracy"": 0.5625}, ""y1_a1"": {""n"": 4, ""accuracy"": 0.75}}",0.5499339518314029,0
corr,transplant_neutral,dinov2_b14_518,mask,0.0,456,clean,0.7222222222222222,,0.7222222222222222,70,36,0,0.6571428571428571,0.6617647058823529,,"{""y0_a0"": {""n"": 34, ""accuracy"": 0.8235294117647058}, ""y0_a1"": {""n"": 0, ""accuracy"": NaN}, ""y1_a0"": {""n"": 36, ""accuracy"": 0.5}, ""y1_a1"": {""n"": 0, ""accuracy"": NaN}}",0.645298284457036,0
corr,transplant_neutral,dinov2_b14_518,mask,0.0,456,test_corr,0.7222222222222222,0.8064516129032258,0.8387096774193549,70,36,34,0.6571428571428571,0.6617647058823529,0.4,"{""y0_a0"": {""n"": 31, ""accuracy"": 0.8064516129032258}, ""y0_a1"": {""n"": 3, ""accuracy"": 1.0}, ""y1_a0"": {""n"": 5, ""accuracy"": 0.4}, ""y1_a1"": {""n"": 31, ""accuracy"": 0.5161290322580645}}",0.645298284457036,0
corr,transplant_neutral,dinov2_b14_518,mask,0.0,456,test_rev,0.7222222222222222,0.6500000000000001,0.78125,70,36,34,0.6571428571428571,0.6617647058823529,0.5,"{""y0_a0"": {""n"": 4, ""accuracy"": 0.75}, ""y0_a1"": {""n"": 30, ""accuracy"": 0.8333333333333334}, ""y1_a0"": {""n"": 32, ""accuracy"": 0.5}, ""y1_a1"": {""n"": 4, ""accuracy"": 0.5}}",0.645298284457036,0
corr,transplant_neutral,dinov2_b14_518,erm,0.0,789,clean,0.7026143790849674,,0.7026143790849674,70,36,0,0.7142857142857143,0.7181372549019608,,"{""y0_a0"": {""n"": 34, ""accuracy"": 0.8529411764705882}, ""y0_a1"": {""n"": 0, ""accuracy"": NaN}, ""y1_a0"": {""n"": 36, ""accuracy"": 0.5833333333333334}, ""y1_a1"": {""n"": 0, ""accuracy"": NaN}}",0.546583321571415,0
corr,transplant_neutral,dinov2_b14_518,erm,0.0,789,test_corr,0.7401960784313726,0.7321428571428572,0.71875,70,36,30,0.7285714285714285,0.7320261437908497,0.5,"{""y0_a0"": {""n"": 32, ""accuracy"": 0.84375}, ""y0_a1"": {""n"": 2, ""accuracy"": 1.0}, ""y1_a0"": {""n"": 8, ""accuracy"": 0.5}, ""y1_a1"": {""n"": 28, ""accuracy"": 0.6428571428571429}}",0.546583321571415,0
corr,transplant_neutral,dinov2_b14_518,erm,0.0,789,test_rev,0.6658496732026143,0.5925925925925926,0.7705627705627706,70,36,30,0.7,0.7034313725490196,0.5757575757575758,"{""y0_a0"": {""n"": 7, ""accuracy"": 1.0}, ""y0_a1"": {""n"": 27, ""accuracy"": 0.7777777777777778}, ""y1_a0"": {""n"": 33, ""accuracy"": 0.5757575757575758}, ""y1_a1"": {""n"": 3, ""accuracy"": 0.6666666666666666}}",0.546583321571415,0
corr,transplant_neutral,dinov2_b14_518,mask,0.0,789,clean,0.7222222222222222,,0.7222222222222222,70,36,0,0.6571428571428571,0.6617647058823529,,"{""y0_a0"": {""n"": 34, ""accuracy"": 0.8235294117647058}, ""y0_a1"": {""n"": 0, ""accuracy"": NaN}, ""y1_a0"": {""n"": 36, ""accuracy"": 0.5}, ""y1_a1"": {""n"": 0, ""accuracy"": NaN}}",0.6452838419625784,0
corr,transplant_neutral,dinov2_b14_518,mask,0.0,789,test_corr,0.7222222222222222,0.6785714285714286,0.8046875,70,36,30,0.6571428571428571,0.6617647058823529,0.4642857142857143,"{""y0_a0"": {""n"": 32, ""accuracy"": 0.8125}, ""y0_a1"": {""n"": 2, ""accuracy"": 1.0}, ""y1_a0"": {""n"": 8, ""accuracy"": 0.625}, ""y1_a1"": {""n"": 28, ""accuracy"": 0.4642857142857143}}",0.6452838419625784,0
corr,transplant_neutral,dinov2_b14_518,mask,0.0,789,test_rev,0.7222222222222222,0.6172839506172839,0.8138528138528139,70,36,30,0.6571428571428571,0.6617647058823529,0.4848484848484848,"{""y0_a0"": {""n"": 7, ""accuracy"": 0.8571428571428571}, ""y0_a1"": {""n"": 27, ""accuracy"": 0.8148148148148148}, ""y1_a0"": {""n"": 33, ""accuracy"": 0.48484848484848486}, ""y1_a1"": {""n"": 3, ""accuracy"": 0.6666666666666666}}",0.6452838419625784,0
corr,transplant_neutral,dinov2_b14_518,erm,0.0,2026,clean,0.7066993464052288,,0.7066993464052288,70,36,0,0.7142857142857143,0.7181372549019608,,"{""y0_a0"": {""n"": 34, ""accuracy"": 0.8529411764705882}, ""y0_a1"": {""n"": 0, ""accuracy"": NaN}, ""y1_a0"": {""n"": 36, ""accuracy"": 0.5833333333333334}, ""y1_a1"": {""n"": 0, ""accuracy"": NaN}}",0.5445266872315241,0
corr,transplant_neutral,dinov2_b14_518,erm,0.0,2026,test_corr,0.7516339869281046,0.6848484848484848,0.8390804597701149,70,36,38,0.7571428571428571,0.7598039215686274,0.6666666666666666,"{""y0_a0"": {""n"": 29, ""accuracy"": 0.8620689655172413}, ""y0_a1"": {""n"": 5, ""accuracy"": 0.8}, ""y1_a0"": {""n"": 3, ""accuracy"": 0.6666666666666666}, ""y1_a1"": {""n"": 33, ""accuracy"": 0.6666666666666666}}",0.5445266872315241,0
corr,transplant_neutral,dinov2_b14_518,erm,0.0,2026,test_rev,0.6617647058823529,0.7946428571428572,0.6458333333333334,70,36,32,0.7,0.7034313725490196,0.5625,"{""y0_a0"": {""n"": 6, ""accuracy"": 0.8333333333333334}, ""y0_a1"": {""n"": 28, ""accuracy"": 0.8214285714285714}, ""y1_a0"": {""n"": 32, ""accuracy"": 0.5625}, ""y1_a1"": {""n"": 4, ""accuracy"": 0.75}}",0.5445266872315241,0
corr,transplant_neutral,dinov2_b14_518,mask,0.0,2026,clean,0.7222222222222222,,0.7222222222222222,70,36,0,0.6571428571428571,0.6617647058823529,,"{""y0_a0"": {""n"": 34, ""accuracy"": 0.8235294117647058}, ""y0_a1"": {""n"": 0, ""accuracy"": NaN}, ""y1_a0"": {""n"": 36, ""accuracy"": 0.5}, ""y1_a1"": {""n"": 0, ""accuracy"": NaN}}",0.6452957220873043,0
corr,transplant_neutral,dinov2_b14_518,mask,0.0,2026,test_corr,0.7222222222222222,0.8181818181818182,0.5632183908045977,70,36,38,0.6571428571428571,0.6617647058823529,0.3333333333333333,"{""y0_a0"": {""n"": 29, ""accuracy"": 0.7931034482758621}, ""y0_a1"": {""n"": 5, ""accuracy"": 1.0}, ""y1_a0"": {""n"": 3, ""accuracy"": 0.3333333333333333}, ""y1_a1"": {""n"": 33, ""accuracy"": 0.5151515151515151}}",0.6452957220873043,0
corr,transplant_neutral,dinov2_b14_518,mask,0.0,2026,test_rev,0.7222222222222222,0.6696428571428572,0.7604166666666666,70,36,32,0.6571428571428571,0.6617647058823529,0.5,"{""y0_a0"": {""n"": 6, ""accuracy"": 0.8333333333333334}, ""y0_a1"": {""n"": 28, ""accuracy"": 0.8214285714285714}, ""y1_a0"": {""n"": 32, ""accuracy"": 0.5}, ""y1_a1"": {""n"": 4, ""accuracy"": 0.5}}",0.6452957220873043,0
corr,transplant_neutral,dinov2_b14_518,erm,1.0,42,clean,0.7230392156862746,,0.7230392156862746,70,36,0,0.6857142857142857,0.690359477124183,,"{""y0_a0"": {""n"": 34, ""accuracy"": 0.8529411764705882}, ""y0_a1"": {""n"": 0, ""accuracy"": NaN}, ""y1_a0"": {""n"": 36, ""accuracy"": 0.5277777777777778}, ""y1_a1"": {""n"": 0, ""accuracy"": NaN}}",0.5493774500624801,0
corr,transplant_neutral,dinov2_b14_518,erm,1.0,42,test_corr,0.7589869281045751,0.6742424242424243,0.6222222222222222,70,36,37,0.7285714285714285,0.7320261437908497,0.3333333333333333,"{""y0_a0"": {""n"": 30, ""accuracy"": 0.8666666666666667}, ""y0_a1"": {""n"": 4, ""accuracy"": 0.75}, ""y1_a0"": {""n"": 3, ""accuracy"": 0.3333333333333333}, ""y1_a1"": {""n"": 33, ""accuracy"": 0.6363636363636364}}",0.5493774500624801,0
corr,transplant_neutral,dinov2_b14_518,erm,1.0,42,test_rev,0.6715686274509804,0.7204301075268817,0.8080808080808081,70,36,34,0.6714285714285714,0.6748366013071896,0.5454545454545454,"{""y0_a0"": {""n"": 3, ""accuracy"": 1.0}, ""y0_a1"": {""n"": 31, ""accuracy"": 0.7741935483870968}, ""y1_a0"": {""n"": 33, ""accuracy"": 0.5454545454545454}, ""y1_a1"": {""n"": 3, ""accuracy"": 0.6666666666666666}}",0.5493774500624801,0
corr,transplant_neutral,dinov2_b14_518,mask,1.0,42,clean,0.7124183006535948,,0.7124183006535948,70,36,0,0.7,0.7026143790849673,,"{""y0_a0"": {""n"": 34, ""accuracy"": 0.7941176470588235}, ""y0_a1"": {""n"": 0, ""accuracy"": NaN}, ""y1_a0"": {""n"": 36, ""accuracy"": 0.6111111111111112}, ""y1_a1"": {""n"": 0, ""accuracy"": NaN}}",0.5978928707791743,0
corr,transplant_neutral,dinov2_b14_518,mask,1.0,42,test_corr,0.7663398692810458,0.6742424242424243,0.5333333333333333,70,36,37,0.7285714285714285,0.7303921568627451,0.3333333333333333,"{""y0_a0"": {""n"": 30, ""accuracy"": 0.8333333333333334}, ""y0_a1"": {""n"": 4, ""accuracy"": 0.5}, ""y1_a0"": {""n"": 3, ""accuracy"": 0.3333333333333333}, ""y1_a1"": {""n"": 33, ""accuracy"": 0.696969696969697}}",0.5978928707791743,0
corr,transplant_neutral,dinov2_b14_518,mask,1.0,42,test_rev,0.6405228758169934,0.935483870967742,0.7878787878787878,70,36,34,0.6285714285714286,0.6290849673202614,0.5757575757575758,"{""y0_a0"": {""n"": 3, ""accuracy"": 1.0}, ""y0_a1"": {""n"": 31, ""accuracy"": 0.6129032258064516}, ""y1_a0"": {""n"": 33, ""accuracy"": 0.5757575757575758}, ""y1_a1"": {""n"": 3, ""accuracy"": 1.0}}",0.5978928707791743,0
corr,transplant_neutral,dinov2_b14_518,erm,1.0,123,clean,0.7116013071895425,,0.7116013071895425,70,36,0,0.7,0.7042483660130718,,"{""y0_a0"": {""n"": 34, ""accuracy"": 0.8529411764705882}, ""y0_a1"": {""n"": 0, ""accuracy"": NaN}, ""y1_a0"": {""n"": 36, ""accuracy"": 0.5555555555555556}, ""y1_a1"": {""n"": 0, ""accuracy"": NaN}}",0.5534937959358777,0
corr,transplant_neutral,dinov2_b14_518,erm,1.0,123,test_corr,0.7614379084967321,0.7676767676767677,0.6344086021505376,70,36,36,0.7285714285714285,0.7320261437908497,0.6060606060606061,"{""y0_a0"": {""n"": 31, ""accuracy"": 0.8387096774193549}, ""y0_a1"": {""n"": 3, ""accuracy"": 1.0}, ""y1_a0"": {""n"": 3, ""accuracy"": 0.6666666666666666}, ""y1_a1"": {""n"": 33, ""accuracy"": 0.6060606060606061}}",0.5534937959358777,0
corr,transplant_neutral,dinov2_b14_518,erm,1.0,123,test_rev,0.6527777777777778,0.9427083333333334,0.6833333333333333,70,36,38,0.6714285714285714,0.6748366013071896,0.4666666666666667,"{""y0_a0"": {""n"": 2, ""accuracy"": 1.0}, ""y0_a1"": {""n"": 32, ""accuracy"": 0.78125}, ""y1_a0"": {""n"": 30, ""accuracy"": 0.4666666666666667}, ""y1_a1"": {""n"": 6, ""accuracy"": 1.0}}",0.5534937959358777,0
corr,transplant_neutral,dinov2_b14_518,mask,1.0,123,clean,0.7058823529411765,,0.7058823529411765,70,36,0,0.6571428571428571,0.6584967320261439,,"{""y0_a0"": {""n"": 34, ""accuracy"": 0.7058823529411765}, ""y0_a1"": {""n"": 0, ""accuracy"": NaN}, ""y1_a0"": {""n"": 36, ""accuracy"": 0.6111111111111112}, ""y1_a1"": {""n"": 0, ""accuracy"": NaN}}",0.5220298922143992,0
corr,transplant_neutral,dinov2_b14_518,mask,1.0,123,test_corr,0.795751633986928,0.595959595959596,0.6344086021505376,70,36,36,0.6857142857142857,0.6854575163398693,0.0,"{""y0_a0"": {""n"": 31, ""accuracy"": 0.7419354838709677}, ""y0_a1"": {""n"": 3, ""accuracy"": 0.0}, ""y1_a0"": {""n"": 3, ""accuracy"": 0.6666666666666666}, ""y1_a1"": {""n"": 33, ""accuracy"": 0.696969696969697}}",0.5220298922143992,0
corr,transplant_neutral,dinov2_b14_518,mask,1.0,123,test_rev,0.6315359477124183,0.84375,0.7,70,36,38,0.5857142857142857,0.5841503267973855,0.5,"{""y0_a0"": {""n"": 2, ""accuracy"": 1.0}, ""y0_a1"": {""n"": 32, ""accuracy"": 0.5}, ""y1_a0"": {""n"": 30, ""accuracy"": 0.6}, ""y1_a1"": {""n"": 6, ""accuracy"": 0.8333333333333334}}",0.5220298922143992,0
corr,transplant_neutral,dinov2_b14_518,erm,1.0,456,clean,0.7091503267973857,,0.7091503267973857,70,36,0,0.7,0.7042483660130718,,"{""y0_a0"": {""n"": 34, ""accuracy"": 0.8529411764705882}, ""y0_a1"": {""n"": 0, ""accuracy"": NaN}, ""y1_a0"": {""n"": 36, ""accuracy"": 0.5555555555555556}, ""y1_a1"": {""n"": 0, ""accuracy"": NaN}}",0.5555838745820464,0
corr,transplant_neutral,dinov2_b14_518,erm,1.0,456,test_corr,0.7598039215686274,0.8387096774193548,0.7935483870967742,70,36,34,0.7285714285714285,0.7320261437908497,0.6,"{""y0_a0"": {""n"": 31, ""accuracy"": 0.8387096774193549}, ""y0_a1"": {""n"": 3, ""accuracy"": 1.0}, ""y1_a0"": {""n"": 5, ""accuracy"": 0.6}, ""y1_a1"": {""n"": 31, ""accuracy"": 0.6129032258064516}}",0.5555838745820464,0
corr,transplant_neutral,dinov2_b14_518,erm,1.0,456,test_rev,0.6527777777777778,0.8416666666666668,0.8125,70,36,34,0.6571428571428571,0.6601307189542484,0.53125,"{""y0_a0"": {""n"": 4, ""accuracy"": 0.75}, ""y0_a1"": {""n"": 30, ""accuracy"": 0.7666666666666667}, ""y1_a0"": {""n"": 32, ""accuracy"": 0.53125}, ""y1_a1"": {""n"": 4, ""accuracy"": 0.75}}",0.5555838745820464,0
corr,transplant_neutral,dinov2_b14_518,mask,1.0,456,clean,0.6968954248366013,,0.6968954248366013,70,36,0,0.6428571428571429,0.6486928104575163,,"{""y0_a0"": {""n"": 34, ""accuracy"": 0.8529411764705882}, ""y0_a1"": {""n"": 0, ""accuracy"": NaN}, ""y1_a0"": {""n"": 36, ""accuracy"": 0.4444444444444444}, ""y1_a1"": {""n"": 0, ""accuracy"": NaN}}",0.6503455616916249,0
corr,transplant_neutral,dinov2_b14_518,mask,1.0,456,test_corr,0.7859477124183006,0.7956989247311828,0.7806451612903226,70,36,34,0.7285714285714285,0.7320261437908497,0.4,"{""y0_a0"": {""n"": 31, ""accuracy"": 0.8387096774193549}, ""y0_a1"": {""n"": 3, ""accuracy"": 1.0}, ""y1_a0"": {""n"": 5, ""accuracy"": 0.4}, ""y1_a1"": {""n"": 31, ""accuracy"": 0.6451612903225806}}",0.6503455616916249,0
corr,transplant_neutral,dinov2_b14_518,mask,1.0,456,test_rev,0.5890522875816993,0.5583333333333333,0.75,70,36,34,0.5428571428571428,0.5457516339869282,0.4375,"{""y0_a0"": {""n"": 4, ""accuracy"": 0.75}, ""y0_a1"": {""n"": 30, ""accuracy"": 0.6333333333333333}, ""y1_a0"": {""n"": 32, ""accuracy"": 0.4375}, ""y1_a1"": {""n"": 4, ""accuracy"": 0.5}}",0.6503455616916249,0
corr,transplant_neutral,dinov2_b14_518,erm,1.0,789,clean,0.707516339869281,,0.707516339869281,70,36,0,0.7,0.7042483660130718,,"{""y0_a0"": {""n"": 34, ""accuracy"": 0.8529411764705882}, ""y0_a1"": {""n"": 0, ""accuracy"": NaN}, ""y1_a0"": {""n"": 36, ""accuracy"": 0.5555555555555556}, ""y1_a1"": {""n"": 0, ""accuracy"": NaN}}",0.5558036496833865,0
corr,transplant_neutral,dinov2_b14_518,erm,1.0,789,test_corr,0.7491830065359477,0.7321428571428572,0.73046875,70,36,30,0.7142857142857143,0.7181372549019608,0.5,"{""y0_a0"": {""n"": 32, ""accuracy"": 0.84375}, ""y0_a1"": {""n"": 2, ""accuracy"": 1.0}, ""y1_a0"": {""n"": 8, ""accuracy"": 0.5}, ""y1_a1"": {""n"": 28, ""accuracy"": 0.6071428571428571}}",0.5558036496833865,0
corr,transplant_neutral,dinov2_b14_518,erm,1.0,789,test_rev,0.6495098039215685,0.6049382716049383,0.7575757575757576,70,36,30,0.6571428571428571,0.6601307189542484,0.5454545454545454,"{""y0_a0"": {""n"": 7, ""accuracy"": 1.0}, ""y0_a1"": {""n"": 27, ""accuracy"": 0.7037037037037037}, ""y1_a0"": {""n"": 33, ""accuracy"": 0.5454545454545454}, ""y1_a1"": {""n"": 3, ""accuracy"": 0.6666666666666666}}",0.5558036496833865,0
corr,transplant_neutral,dinov2_b14_518,mask,1.0,789,clean,0.7140522875816994,,0.7140522875816994,70,36,0,0.6714285714285714,0.6723856209150327,,"{""y0_a0"": {""n"": 34, ""accuracy"": 0.7058823529411765}, ""y0_a1"": {""n"": 0, ""accuracy"": NaN}, ""y1_a0"": {""n"": 36, ""accuracy"": 0.6388888888888888}, ""y1_a1"": {""n"": 0, ""accuracy"": NaN}}",0.5150850116490493,0
corr,transplant_neutral,dinov2_b14_518,mask,1.0,789,test_corr,0.7851307189542484,0.6428571428571428,0.79296875,70,36,30,0.6857142857142857,0.6854575163398693,0.5,"{""y0_a0"": {""n"": 32, ""accuracy"": 0.6875}, ""y0_a1"": {""n"": 2, ""accuracy"": 0.5}, ""y1_a0"": {""n"": 8, ""accuracy"": 0.75}, ""y1_a1"": {""n"": 28, ""accuracy"": 0.6785714285714286}}",0.5150850116490493,0
corr,transplant_neutral,dinov2_b14_518,mask,1.0,789,test_rev,0.6176470588235294,0.6543209876543209,0.8138528138528139,70,36,30,0.5857142857142857,0.5841503267973855,0.4444444444444444,"{""y0_a0"": {""n"": 7, ""accuracy"": 0.8571428571428571}, ""y0_a1"": {""n"": 27, ""accuracy"": 0.4444444444444444}, ""y1_a0"": {""n"": 33, ""accuracy"": 0.6363636363636364}, ""y1_a1"": {""n"": 3, ""accuracy"": 0.6666666666666666}}",0.5150850116490493,0
corr,transplant_neutral,dinov2_b14_518,erm,1.0,2026,clean,0.7116013071895425,,0.7116013071895425,70,36,0,0.6857142857142857,0.690359477124183,,"{""y0_a0"": {""n"": 34, ""accuracy"": 0.8529411764705882}, ""y0_a1"": {""n"": 0, ""accuracy"": NaN}, ""y1_a0"": {""n"": 36, ""accuracy"": 0.5277777777777778}, ""y1_a1"": {""n"": 0, ""accuracy"": NaN}}",0.5551666540978746,0
corr,transplant_neutral,dinov2_b14_518,erm,1.0,2026,test_corr,0.7573529411764706,0.7151515151515151,0.8390804597701149,70,36,38,0.7142857142857143,0.7181372549019608,0.5757575757575758,"{""y0_a0"": {""n"": 29, ""accuracy"": 0.8620689655172413}, ""y0_a1"": {""n"": 5, ""accuracy"": 0.8}, ""y1_a0"": {""n"": 3, ""accuracy"": 0.6666666666666666}, ""y1_a1"": {""n"": 33, ""accuracy"": 0.5757575757575758}}",0.5551666540978746,0
corr,transplant_neutral,dinov2_b14_518,erm,1.0,2026,test_rev,0.6429738562091504,0.7857142857142857,0.6510416666666666,70,36,32,0.6714285714285714,0.6756535947712419,0.5,"{""y0_a0"": {""n"": 6, ""accuracy"": 0.8333333333333334}, ""y0_a1"": {""n"": 28, ""accuracy"": 0.8214285714285714}, ""y1_a0"": {""n"": 32, ""accuracy"": 0.5}, ""y1_a1"": {""n"": 4, ""accuracy"": 0.75}}",0.5551666540978746,0
corr,transplant_neutral,dinov2_b14_518,mask,1.0,2026,clean,0.7001633986928104,,0.7001633986928104,70,36,0,0.6714285714285714,0.6740196078431373,,"{""y0_a0"": {""n"": 34, ""accuracy"": 0.7647058823529411}, ""y0_a1"": {""n"": 0, ""accuracy"": NaN}, ""y1_a0"": {""n"": 36, ""accuracy"": 0.5833333333333334}, ""y1_a1"": {""n"": 0, ""accuracy"": NaN}}",0.5823638459765701,0
corr,transplant_neutral,dinov2_b14_518,mask,1.0,2026,test_corr,0.7973856209150326,0.8242424242424242,0.6091954022988505,70,36,38,0.7142857142857143,0.7148692810457516,0.3333333333333333,"{""y0_a0"": {""n"": 29, ""accuracy"": 0.7586206896551724}, ""y0_a1"": {""n"": 5, ""accuracy"": 0.6}, ""y1_a0"": {""n"": 3, ""accuracy"": 0.3333333333333333}, ""y1_a1"": {""n"": 33, ""accuracy"": 0.7272727272727273}}",0.5823638459765701,0
corr,transplant_neutral,dinov2_b14_518,mask,1.0,2026,test_rev,0.6143790849673203,0.6160714285714285,0.7447916666666666,70,36,32,0.6,0.6004901960784315,0.5,"{""y0_a0"": {""n"": 6, ""accuracy"": 0.8333333333333334}, ""y0_a1"": {""n"": 28, ""accuracy"": 0.5714285714285714}, ""y1_a0"": {""n"": 32, ""accuracy"": 0.59375}, ""y1_a1"": {""n"": 4, ""accuracy"": 0.5}}",0.5823638459765701,0
corr,transplant_neutral,dinov2_b14_518,erm,0.0,42,clean,0.8235294117647058,,0.8235294117647058,71,37,0,0.6901408450704225,0.690779014308426,,"{""y0_a0"": {""n"": 34, ""accuracy"": 0.7058823529411765}, ""y0_a1"": {""n"": 0, ""accuracy"": NaN}, ""y1_a0"": {""n"": 37, ""accuracy"": 0.6756756756756757}, ""y1_a1"": {""n"": 0, ""accuracy"": NaN}}",0.5053269774560186,1
corr,transplant_neutral,dinov2_b14_518,erm,0.0,42,test_corr,0.857710651828299,0.9411764705882352,0.5913978494623656,71,37,37,0.7464788732394366,0.7448330683624802,0.3333333333333333,"{""y0_a0"": {""n"": 31, ""accuracy"": 0.6774193548387096}, ""y0_a1"": {""n"": 3, ""accuracy"": 1.0}, ""y1_a0"": {""n"": 3, ""accuracy"": 0.3333333333333333}, ""y1_a1"": {""n"": 34, ""accuracy"": 0.8235294117647058}}",0.5053269774560186,1
corr,transplant_neutral,dinov2_b14_518,erm,0.0,42,test_rev,0.794912559618442,0.6846153846153846,0.88671875,71,37,31,0.6619718309859155,0.6613672496025438,0.5769230769230769,"{""y0_a0"": {""n"": 8, ""accuracy"": 0.875}, ""y0_a1"": {""n"": 26, ""accuracy"": 0.5769230769230769}, ""y1_a0"": {""n"": 32, ""accuracy"": 0.6875}, ""y1_a1"": {""n"": 5, ""accuracy"": 0.6}}",0.5053269774560186,1
corr,transplant_neutral,dinov2_b14_518,mask,0.0,42,clean,0.6637519872813992,,0.6637519872813992,71,37,0,0.6197183098591549,0.6339427662957074,,"{""y0_a0"": {""n"": 34, ""accuracy"": 0.9705882352941176}, ""y0_a1"": {""n"": 0, ""accuracy"": NaN}, ""y1_a0"": {""n"": 37, ""accuracy"": 0.2972972972972973}, ""y1_a1"": {""n"": 0, ""accuracy"": NaN}}",0.5754726702868993,1
corr,transplant_neutral,dinov2_b14_518,mask,0.0,42,test_corr,0.6637519872813992,0.5490196078431373,0.978494623655914,71,37,37,0.6197183098591549,0.6339427662957074,0.2647058823529412,"{""y0_a0"": {""n"": 31, ""accuracy"": 0.967741935483871}, ""y0_a1"": {""n"": 3, ""accuracy"": 1.0}, ""y1_a0"": {""n"": 3, ""accuracy"": 0.6666666666666666}, ""y1_a1"": {""n"": 34, ""accuracy"": 0.2647058823529412}}",0.5754726702868993,1
corr,transplant_neutral,dinov2_b14_518,mask,0.0,42,test_rev,0.6637519872813992,0.7384615384615384,0.578125,71,37,31,0.6197183098591549,0.6339427662957074,0.2,"{""y0_a0"": {""n"": 8, ""accuracy"": 1.0}, ""y0_a1"": {""n"": 26, ""accuracy"": 0.9615384615384616}, ""y1_a0"": {""n"": 32, ""accuracy"": 0.3125}, ""y1_a1"": {""n"": 5, ""accuracy"": 0.2}}",0.5754726702868993,1
corr,transplant_neutral,dinov2_b14_518,erm,0.0,123,clean,0.8243243243243243,,0.8243243243243243,71,37,0,0.6901408450704225,0.690779014308426,,"{""y0_a0"": {""n"": 34, ""accuracy"": 0.7058823529411765}, ""y0_a1"": {""n"": 0, ""accuracy"": NaN}, ""y1_a0"": {""n"": 37, ""accuracy"": 0.6756756756756757}, ""y1_a1"": {""n"": 0, ""accuracy"": NaN}}",0.5032238319666391,1
corr,transplant_neutral,dinov2_b14_518,erm,0.0,123,test_corr,0.8497615262321144,0.5875,0.9172413793103448,71,37,37,0.704225352112676,0.7019077901430844,0.0,"{""y0_a0"": {""n"": 29, ""accuracy"": 0.7586206896551724}, ""y0_a1"": {""n"": 5, ""accuracy"": 0.0}, ""y1_a0"": {""n"": 5, ""accuracy"": 0.8}, ""y1_a1"": {""n"": 32, ""accuracy"": 0.75}}",0.5032238319666391,1
corr,transplant_neutral,dinov2_b14_518,erm,0.0,123,test_rev,0.7885532591414944,0.858974358974359,0.7830882352941176,71,37,29,0.6619718309859155,0.660174880763116,0.6153846153846154,"{""y0_a0"": {""n"": 8, ""accuracy"": 0.625}, ""y0_a1"": {""n"": 26, ""accuracy"": 0.6153846153846154}, ""y1_a0"": {""n"": 34, ""accuracy"": 0.6764705882352942}, ""y1_a1"": {""n"": 3, ""accuracy"": 1.0}}",0.5032238319666391,1
corr,transplant_neutral,dinov2_b14_518,mask,0.0,123,clean,0.6637519872813992,,0.6637519872813992,71,37,0,0.6197183098591549,0.6339427662957074,,"{""y0_a0"": {""n"": 34, ""accuracy"": 0.9705882352941176}, ""y0_a1"": {""n"": 0, ""accuracy"": NaN}, ""y1_a0"": {""n"": 37, ""accuracy"": 0.2972972972972973}, ""y1_a1"": {""n"": 0, ""accuracy"": NaN}}",0.5754726702868993,1
corr,transplant_neutral,dinov2_b14_518,mask,0.0,123,test_corr,0.6637519872813992,0.7875000000000001,0.503448275862069,71,37,37,0.6197183098591549,0.6339427662957074,0.2,"{""y0_a0"": {""n"": 29, ""accuracy"": 0.9655172413793104}, ""y0_a1"": {""n"": 5, ""accuracy"": 1.0}, ""y1_a0"": {""n"": 5, ""accuracy"": 0.2}, ""y1_a1"": {""n"": 32, ""accuracy"": 0.3125}}",0.5754726702868993,1
corr,transplant_neutral,dinov2_b14_518,mask,0.0,123,test_rev,0.6637519872813992,0.3717948717948718,0.6176470588235294,71,37,29,0.6197183098591549,0.6339427662957074,0.0,"{""y0_a0"": {""n"": 8, ""accuracy"": 0.875}, ""y0_a1"": {""n"": 26, ""accuracy"": 1.0}, ""y1_a0"": {""n"": 34, ""accuracy"": 0.3235294117647059}, ""y1_a1"": {""n"": 3, ""accuracy"": 0.0}}",0.5754726702868993,1
corr,transplant_neutral,dinov2_b14_518,erm,0.0,456,clean,0.8235294117647058,,0.8235294117647058,71,37,0,0.7183098591549296,0.7189984101748808,,"{""y0_a0"": {""n"": 34, ""accuracy"": 0.7352941176470589}, ""y0_a1"": {""n"": 0, ""accuracy"": NaN}, ""y1_a0"": {""n"": 37, ""accuracy"": 0.7027027027027027}, ""y1_a1"": {""n"": 0, ""accuracy"": NaN}}",0.5073088917233592,1
corr,transplant_neutral,dinov2_b14_518,erm,0.0,456,test_corr,0.8465818759936408,0.9015151515151516,0.5916666666666667,71,37,37,0.7183098591549296,0.7178060413354531,0.25,"{""y0_a0"": {""n"": 30, ""accuracy"": 0.7}, ""y0_a1"": {""n"": 4, ""accuracy"": 0.75}, ""y1_a0"": {""n"": 4, ""accuracy"": 0.25}, ""y1_a1"": {""n"": 33, ""accuracy"": 0.7878787878787878}}",0.5073088917233592,1
corr,transplant_neutral,dinov2_b14_518,erm,0.0,456,test_rev,0.7837837837837839,0.8817204301075269,0.8924731182795699,71,37,37,0.6619718309859155,0.660174880763116,0.5806451612903226,"{""y0_a0"": {""n"": 3, ""accuracy"": 1.0}, ""y0_a1"": {""n"": 31, ""accuracy"": 0.5806451612903226}, ""y1_a0"": {""n"": 31, ""accuracy"": 0.6774193548387096}, ""y1_a1"": {""n"": 6, ""accuracy"": 0.8333333333333334}}",0.5073088917233592,1
corr,transplant_neutral,dinov2_b14_518,mask,0.0,456,clean,0.6637519872813992,,0.6637519872813992,71,37,0,0.6197183098591549,0.6339427662957074,,"{""y0_a0"": {""n"": 34, ""accuracy"": 0.9705882352941176}, ""y0_a1"": {""n"": 0, ""accuracy"": NaN}, ""y1_a0"": {""n"": 37, ""accuracy"": 0.2972972972972973}, ""y1_a1"": {""n"": 0, ""accuracy"": NaN}}",0.5754708796059222,1
corr,transplant_neutral,dinov2_b14_518,mask,0.0,456,test_corr,0.6637519872813992,0.606060606060606,0.5083333333333333,71,37,37,0.6197183098591549,0.6339427662957074,0.2727272727272727,"{""y0_a0"": {""n"": 30, ""accuracy"": 0.9666666666666667}, ""y0_a1"": {""n"": 4, ""accuracy"": 1.0}, ""y1_a0"": {""n"": 4, ""accuracy"": 0.5}, ""y1_a1"": {""n"": 33, ""accuracy"": 0.2727272727272727}}",0.5754708796059222,1
corr,transplant_neutral,dinov2_b14_518,mask,0.0,456,test_rev,0.6637519872813992,0.8387096774193549,0.7634408602150538,71,37,37,0.6197183098591549,0.6339427662957074,0.2580645161290322,"{""y0_a0"": {""n"": 3, ""accuracy"": 1.0}, ""y0_a1"": {""n"": 31, ""accuracy"": 0.967741935483871}, ""y1_a0"": {""n"": 31, ""accuracy"": 0.25806451612903225}, ""y1_a1"": {""n"": 6, ""accuracy"": 0.5}}",0.5754708796059222,1
corr,transplant_neutral,dinov2_b14_518,erm,0.0,789,clean,0.8267090620031796,,0.8267090620031796,71,37,0,0.6901408450704225,0.690779014308426,,"{""y0_a0"": {""n"": 34, ""accuracy"": 0.7058823529411765}, ""y0_a1"": {""n"": 0, ""accuracy"": NaN}, ""y1_a0"": {""n"": 37, ""accuracy"": 0.6756756756756757}, ""y1_a1"": {""n"": 0, ""accuracy"": NaN}}",0.505821755878706,1
corr,transplant_neutral,dinov2_b14_518,erm,0.0,789,test_corr,0.8632750397456279,0.8949579831932772,0.888888888888889,71,37,41,0.7323943661971831,0.730127186009539,0.6296296296296297,"{""y0_a0"": {""n"": 27, ""accuracy"": 0.6296296296296297}, ""y0_a1"": {""n"": 7, ""accuracy"": 0.8571428571428571}, ""y1_a0"": {""n"": 3, ""accuracy"": 1.0}, ""y1_a1"": {""n"": 34, ""accuracy"": 0.7647058823529411}}",0.505821755878706,1
corr,transplant_neutral,dinov2_b14_518,erm,0.0,789,test_rev,0.7893481717011129,0.78125,0.8548387096774194,71,37,38,0.676056338028169,0.6736883942766296,0.5,"{""y0_a0"": {""n"": 2, ""accuracy"": 0.5}, ""y0_a1"": {""n"": 32, ""accuracy"": 0.625}, ""y1_a0"": {""n"": 31, ""accuracy"": 0.7096774193548387}, ""y1_a1"": {""n"": 6, ""accuracy"": 0.8333333333333334}}",0.505821755878706,1
corr,transplant_neutral,dinov2_b14_518,mask,0.0,789,clean,0.6637519872813992,,0.6637519872813992,71,37,0,0.6197183098591549,0.6339427662957074,,"{""y0_a0"": {""n"": 34, ""accuracy"": 0.9705882352941176}, ""y0_a1"": {""n"": 0, ""accuracy"": NaN}, ""y1_a0"": {""n"": 37, ""accuracy"": 0.2972972972972973}, ""y1_a1"": {""n"": 0, ""accuracy"": NaN}}",0.5754732443150561,1
corr,transplant_neutral,dinov2_b14_518,mask,0.0,789,test_corr,0.6637519872813992,0.5966386554621849,0.8518518518518519,71,37,41,0.6197183098591549,0.6339427662957074,0.2941176470588235,"{""y0_a0"": {""n"": 27, ""accuracy"": 0.9629629629629629}, ""y0_a1"": {""n"": 7, ""accuracy"": 1.0}, ""y1_a0"": {""n"": 3, ""accuracy"": 0.3333333333333333}, ""y1_a1"": {""n"": 34, ""accuracy"": 0.29411764705882354}}",0.5754732443150561,1
corr,transplant_neutral,dinov2_b14_518,mask,0.0,789,test_rev,0.6637519872813992,0.3333333333333333,0.6935483870967742,71,37,38,0.6197183098591549,0.6339427662957074,0.0,"{""y0_a0"": {""n"": 2, ""accuracy"": 1.0}, ""y0_a1"": {""n"": 32, ""accuracy"": 0.96875}, ""y1_a0"": {""n"": 31, ""accuracy"": 0.3548387096774194}, ""y1_a1"": {""n"": 6, ""accuracy"": 0.0}}",0.5754732443150561,1
corr,transplant_neutral,dinov2_b14_518,erm,0.0,2026,clean,0.8251192368839428,,0.8251192368839428,71,37,0,0.6901408450704225,0.6895866454689985,,"{""y0_a0"": {""n"": 34, ""accuracy"": 0.6764705882352942}, ""y0_a1"": {""n"": 0, ""accuracy"": NaN}, ""y1_a0"": {""n"": 37, ""accuracy"": 0.7027027027027027}, ""y1_a1"": {""n"": 0, ""accuracy"": NaN}}",0.4990775487831635,1
corr,transplant_neutral,dinov2_b14_518,erm,0.0,2026,test_corr,0.8664546899841018,0.8909090909090909,0.9827586206896552,71,37,38,0.7183098591549296,0.7154213036565977,0.6206896551724138,"{""y0_a0"": {""n"": 29, ""accuracy"": 0.6206896551724138}, ""y0_a1"": {""n"": 5, ""accuracy"": 0.8}, ""y1_a0"": {""n"": 4, ""accuracy"": 1.0}, ""y1_a1"": {""n"": 33, ""accuracy"": 0.7575757575757576}}",0.4990775487831635,1
corr,transplant_neutral,dinov2_b14_518,erm,0.0,2026,test_rev,0.7925278219395867,0.7096774193548387,0.7047619047619048,71,37,33,0.6901408450704225,0.6872019077901431,0.3333333333333333,"{""y0_a0"": {""n"": 3, ""accuracy"": 0.3333333333333333}, ""y0_a1"": {""n"": 31, ""accuracy"": 0.6451612903225806}, ""y1_a0"": {""n"": 35, ""accuracy"": 0.7428571428571429}, ""y1_a1"": {""n"": 2, ""accuracy"": 1.0}}",0.4990775487831635,1
corr,transplant_neutral,dinov2_b14_518,mask,0.0,2026,clean,0.6637519872813992,,0.6637519872813992,71,37,0,0.6197183098591549,0.6339427662957074,,"{""y0_a0"": {""n"": 34, ""accuracy"": 0.9705882352941176}, ""y0_a1"": {""n"": 0, ""accuracy"": NaN}, ""y1_a0"": {""n"": 37, ""accuracy"": 0.2972972972972973}, ""y1_a1"": {""n"": 0, ""accuracy"": NaN}}",0.5754726702868993,1
corr,transplant_neutral,dinov2_b14_518,mask,0.0,2026,test_corr,0.6637519872813992,0.7515151515151516,0.603448275862069,71,37,38,0.6197183098591549,0.6339427662957074,0.0,"{""y0_a0"": {""n"": 29, ""accuracy"": 0.9655172413793104}, ""y0_a1"": {""n"": 5, ""accuracy"": 1.0}, ""y1_a0"": {""n"": 4, ""accuracy"": 0.0}, ""y1_a1"": {""n"": 33, ""accuracy"": 0.3333333333333333}}",0.5754726702868993,1
corr,transplant_neutral,dinov2_b14_518,mask,0.0,2026,test_rev,0.6637519872813992,0.0806451612903226,0.8,71,37,33,0.6197183098591549,0.6339427662957074,0.0,"{""y0_a0"": {""n"": 3, ""accuracy"": 1.0}, ""y0_a1"": {""n"": 31, ""accuracy"": 0.967741935483871}, ""y1_a0"": {""n"": 35, ""accuracy"": 0.3142857142857143}, ""y1_a1"": {""n"": 2, ""accuracy"": 0.0}}",0.5754726702868993,1
corr,transplant_neutral,dinov2_b14_518,erm,1.0,42,clean,0.8282988871224166,,0.8282988871224166,71,37,0,0.7605633802816901,0.7690779014308426,,"{""y0_a0"": {""n"": 34, ""accuracy"": 0.9705882352941176}, ""y0_a1"": {""n"": 0, ""accuracy"": NaN}, ""y1_a0"": {""n"": 37, ""accuracy"": 0.5675675675675675}, ""y1_a1"": {""n"": 0, ""accuracy"": NaN}}",0.5726994178047615,1
corr,transplant_neutral,dinov2_b14_518,erm,1.0,42,test_corr,0.8815580286168523,0.9607843137254902,0.5698924731182795,71,37,37,0.8028169014084507,0.8096184419713832,0.3333333333333333,"{""y0_a0"": {""n"": 31, ""accuracy"": 0.967741935483871}, ""y0_a1"": {""n"": 3, ""accuracy"": 1.0}, ""y1_a0"": {""n"": 3, ""accuracy"": 0.3333333333333333}, ""y1_a1"": {""n"": 34, ""accuracy"": 0.6764705882352942}}",0.5726994178047615,1
corr,transplant_neutral,dinov2_b14_518,erm,1.0,42,test_rev,0.8036565977742448,0.7153846153846154,0.88671875,71,37,31,0.7183098591549296,0.724960254372019,0.4,"{""y0_a0"": {""n"": 8, ""accuracy"": 1.0}, ""y0_a1"": {""n"": 26, ""accuracy"": 0.8461538461538461}, ""y1_a0"": {""n"": 32, ""accuracy"": 0.59375}, ""y1_a1"": {""n"": 5, ""accuracy"": 0.4}}",0.5726994178047615,1
corr,transplant_neutral,dinov2_b14_518,mask,1.0,42,clean,0.7893481717011129,,0.7893481717011129,71,37,0,0.7746478873239436,0.7802066772655007,,"{""y0_a0"": {""n"": 34, ""accuracy"": 0.9117647058823529}, ""y0_a1"": {""n"": 0, ""accuracy"": NaN}, ""y1_a0"": {""n"": 37, ""accuracy"": 0.6486486486486487}, ""y1_a1"": {""n"": 0, ""accuracy"": NaN}}",0.5620511951781352,1
corr,transplant_neutral,dinov2_b14_518,mask,1.0,42,test_corr,0.8537360890302067,0.7745098039215688,0.9247311827956988,71,37,37,0.8169014084507042,0.8207472178060413,0.6666666666666666,"{""y0_a0"": {""n"": 31, ""accuracy"": 0.9032258064516129}, ""y0_a1"": {""n"": 3, ""accuracy"": 1.0}, ""y1_a0"": {""n"": 3, ""accuracy"": 0.6666666666666666}, ""y1_a1"": {""n"": 34, ""accuracy"": 0.7352941176470589}}",0.5620511951781352,1
corr,transplant_neutral,dinov2_b14_518,mask,1.0,42,test_rev,0.7313195548489667,0.7615384615384615,0.78125,71,37,31,0.7605633802816901,0.7643084260731319,0.65625,"{""y0_a0"": {""n"": 8, ""accuracy"": 1.0}, ""y0_a1"": {""n"": 26, ""accuracy"": 0.8076923076923077}, ""y1_a0"": {""n"": 32, ""accuracy"": 0.65625}, ""y1_a1"": {""n"": 5, ""accuracy"": 0.8}}",0.5620511951781352,1
corr,transplant_neutral,dinov2_b14_518,erm,1.0,123,clean,0.8219395866454691,,0.8219395866454691,71,37,0,0.7605633802816901,0.7666931637519873,,"{""y0_a0"": {""n"": 34, ""accuracy"": 0.9117647058823529}, ""y0_a1"": {""n"": 0, ""accuracy"": NaN}, ""y1_a0"": {""n"": 37, ""accuracy"": 0.6216216216216216}, ""y1_a1"": {""n"": 0, ""accuracy"": NaN}}",0.551692783359436,1
corr,transplant_neutral,dinov2_b14_518,erm,1.0,123,test_corr,0.8696343402225755,0.65625,0.9172413793103448,71,37,37,0.7887323943661971,0.7925278219395866,0.4,"{""y0_a0"": {""n"": 29, ""accuracy"": 0.9655172413793104}, ""y0_a1"": {""n"": 5, ""accuracy"": 0.4}, ""y1_a0"": {""n"": 5, ""accuracy"": 0.8}, ""y1_a1"": {""n"": 32, ""accuracy"": 0.6875}}",0.551692783359436,1
corr,transplant_neutral,dinov2_b14_518,erm,1.0,123,test_rev,0.7949125596184421,0.9102564102564104,0.7941176470588236,71,37,29,0.6901408450704225,0.6931637519872813,0.6176470588235294,"{""y0_a0"": {""n"": 8, ""accuracy"": 0.875}, ""y0_a1"": {""n"": 26, ""accuracy"": 0.7307692307692307}, ""y1_a0"": {""n"": 34, ""accuracy"": 0.6176470588235294}, ""y1_a1"": {""n"": 3, ""accuracy"": 0.6666666666666666}}",0.551692783359436,1
corr,transplant_neutral,dinov2_b14_518,mask,1.0,123,clean,0.7885532591414945,,0.7885532591414945,71,37,0,0.7746478873239436,0.7790143084260731,,"{""y0_a0"": {""n"": 34, ""accuracy"": 0.8823529411764706}, ""y0_a1"": {""n"": 0, ""accuracy"": NaN}, ""y1_a0"": {""n"": 37, ""accuracy"": 0.6756756756756757}, ""y1_a1"": {""n"": 0, ""accuracy"": NaN}}",0.5336239435435709,1
corr,transplant_neutral,dinov2_b14_518,mask,1.0,123,test_corr,0.8426073131955486,0.6687500000000001,0.8,71,37,37,0.7887323943661971,0.7901430842607313,0.4,"{""y0_a0"": {""n"": 29, ""accuracy"": 0.896551724137931}, ""y0_a1"": {""n"": 5, ""accuracy"": 0.4}, ""y1_a0"": {""n"": 5, ""accuracy"": 0.8}, ""y1_a1"": {""n"": 32, ""accuracy"": 0.75}}",0.5336239435435709,1
corr,transplant_neutral,dinov2_b14_518,mask,1.0,123,test_rev,0.7011128775834659,0.6666666666666666,0.7058823529411765,71,37,29,0.676056338028169,0.6748807631160573,0.6153846153846154,"{""y0_a0"": {""n"": 8, ""accuracy"": 0.75}, ""y0_a1"": {""n"": 26, ""accuracy"": 0.6153846153846154}, ""y1_a0"": {""n"": 34, ""accuracy"": 0.7058823529411765}, ""y1_a1"": {""n"": 3, ""accuracy"": 0.6666666666666666}}",0.5336239435435709,1
corr,transplant_neutral,dinov2_b14_518,erm,1.0,456,clean,0.8259141494435612,,0.8259141494435612,71,37,0,0.7464788732394366,0.751987281399046,,"{""y0_a0"": {""n"": 34, ""accuracy"": 0.8823529411764706}, ""y0_a1"": {""n"": 0, ""accuracy"": NaN}, ""y1_a0"": {""n"": 37, ""accuracy"": 0.6216216216216216}, ""y1_a1"": {""n"": 0, ""accuracy"": NaN}}",0.5573287435629646,1
corr,transplant_neutral,dinov2_b14_518,erm,1.0,456,test_corr,0.8624801271860096,0.8863636363636365,0.5916666666666667,71,37,37,0.7605633802816901,0.7643084260731319,0.25,"{""y0_a0"": {""n"": 30, ""accuracy"": 0.8666666666666667}, ""y0_a1"": {""n"": 4, ""accuracy"": 0.75}, ""y1_a0"": {""n"": 4, ""accuracy"": 0.25}, ""y1_a1"": {""n"": 33, ""accuracy"": 0.7272727272727273}}",0.5573287435629646,1
corr,transplant_neutral,dinov2_b14_518,erm,1.0,456,test_rev,0.7869634340222575,0.8978494623655915,0.913978494623656,71,37,37,0.704225352112676,0.7078696343402225,0.5806451612903226,"{""y0_a0"": {""n"": 3, ""accuracy"": 1.0}, ""y0_a1"": {""n"": 31, ""accuracy"": 0.7741935483870968}, ""y1_a0"": {""n"": 31, ""accuracy"": 0.5806451612903226}, ""y1_a1"": {""n"": 6, ""accuracy"": 0.8333333333333334}}",0.5573287435629646,1
corr,transplant_neutral,dinov2_b14_518,mask,1.0,456,clean,0.7925278219395867,,0.7925278219395867,71,37,0,0.7887323943661971,0.7925278219395866,,"{""y0_a0"": {""n"": 34, ""accuracy"": 0.8823529411764706}, ""y0_a1"": {""n"": 0, ""accuracy"": NaN}, ""y1_a0"": {""n"": 37, ""accuracy"": 0.7027027027027027}, ""y1_a1"": {""n"": 0, ""accuracy"": NaN}}",0.5186691667060378,1
corr,transplant_neutral,dinov2_b14_518,mask,1.0,456,test_corr,0.8418124006359302,0.856060606060606,0.475,71,37,37,0.8169014084507042,0.818362480127186,0.25,"{""y0_a0"": {""n"": 30, ""accuracy"": 0.9}, ""y0_a1"": {""n"": 4, ""accuracy"": 0.5}, ""y1_a0"": {""n"": 4, ""accuracy"": 0.25}, ""y1_a1"": {""n"": 33, ""accuracy"": 0.8484848484848485}}",0.5186691667060378,1
corr,transplant_neutral,dinov2_b14_518,mask,1.0,456,test_rev,0.7090620031796503,0.9032258064516128,0.8602150537634408,71,37,37,0.6619718309859155,0.660174880763116,0.5806451612903226,"{""y0_a0"": {""n"": 3, ""accuracy"": 1.0}, ""y0_a1"": {""n"": 31, ""accuracy"": 0.5806451612903226}, ""y1_a0"": {""n"": 31, ""accuracy"": 0.6774193548387096}, ""y1_a1"": {""n"": 6, ""accuracy"": 0.8333333333333334}}",0.5186691667060378,1
corr,transplant_neutral,dinov2_b14_518,erm,1.0,789,clean,0.8259141494435612,,0.8259141494435612,71,37,0,0.7605633802816901,0.7666931637519873,,"{""y0_a0"": {""n"": 34, ""accuracy"": 0.9117647058823529}, ""y0_a1"": {""n"": 0, ""accuracy"": NaN}, ""y1_a0"": {""n"": 37, ""accuracy"": 0.6216216216216216}, ""y1_a1"": {""n"": 0, ""accuracy"": NaN}}",0.5515136486428399,1
corr,transplant_neutral,dinov2_b14_518,erm,1.0,789,test_corr,0.8775834658187599,0.8865546218487396,0.8765432098765432,71,37,41,0.7887323943661971,0.7925278219395866,0.6666666666666666,"{""y0_a0"": {""n"": 27, ""accuracy"": 0.8888888888888888}, ""y0_a1"": {""n"": 7, ""accuracy"": 0.8571428571428571}, ""y1_a0"": {""n"": 3, ""accuracy"": 0.6666666666666666}, ""y1_a1"": {""n"": 34, ""accuracy"": 0.7058823529411765}}",0.5515136486428399,1
corr,transplant_neutral,dinov2_b14_518,erm,1.0,789,test_rev,0.8036565977742449,0.8385416666666666,0.8548387096774194,71,37,38,0.704225352112676,0.7066772655007949,0.6451612903225806,"{""y0_a0"": {""n"": 2, ""accuracy"": 1.0}, ""y0_a1"": {""n"": 32, ""accuracy"": 0.75}, ""y1_a0"": {""n"": 31, ""accuracy"": 0.6451612903225806}, ""y1_a1"": {""n"": 6, ""accuracy"": 0.6666666666666666}}",0.5515136486428399,1
corr,transplant_neutral,dinov2_b14_518,mask,1.0,789,clean,0.7909379968203498,,0.7909379968203498,71,37,0,0.7746478873239436,0.7790143084260731,,"{""y0_a0"": {""n"": 34, ""accuracy"": 0.8823529411764706}, ""y0_a1"": {""n"": 0, ""accuracy"": NaN}, ""y1_a0"": {""n"": 37, ""accuracy"": 0.6756756756756757}, ""y1_a1"": {""n"": 0, ""accuracy"": NaN}}",0.5476379337737016,1
corr,transplant_neutral,dinov2_b14_518,mask,1.0,789,test_corr,0.8449920508744039,0.76890756302521,0.9506172839506172,71,37,41,0.7887323943661971,0.7901430842607313,0.7142857142857143,"{""y0_a0"": {""n"": 27, ""accuracy"": 0.8518518518518519}, ""y0_a1"": {""n"": 7, ""accuracy"": 0.7142857142857143}, ""y1_a0"": {""n"": 3, ""accuracy"": 1.0}, ""y1_a1"": {""n"": 34, ""accuracy"": 0.7352941176470589}}",0.5476379337737016,1
corr,transplant_neutral,dinov2_b14_518,mask,1.0,789,test_rev,0.712241653418124,0.5,0.9032258064516128,71,37,38,0.704225352112676,0.7042925278219396,0.5,"{""y0_a0"": {""n"": 2, ""accuracy"": 1.0}, ""y0_a1"": {""n"": 32, ""accuracy"": 0.6875}, ""y1_a0"": {""n"": 31, ""accuracy"": 0.7419354838709677}, ""y1_a1"": {""n"": 6, ""accuracy"": 0.5}}",0.5476379337737016,1
corr,transplant_neutral,dinov2_b14_518,erm,1.0,2026,clean,0.823529411764706,,0.823529411764706,71,37,0,0.7183098591549296,0.7166136724960255,,"{""y0_a0"": {""n"": 34, ""accuracy"": 0.6764705882352942}, ""y0_a1"": {""n"": 0, ""accuracy"": NaN}, ""y1_a0"": {""n"": 37, ""accuracy"": 0.7567567567567568}, ""y1_a1"": {""n"": 0, ""accuracy"": NaN}}",0.4781629149884753,1
corr,transplant_neutral,dinov2_b14_518,erm,1.0,2026,test_corr,0.875993640699523,0.8727272727272728,0.9827586206896552,71,37,38,0.7605633802816901,0.7559618441971383,0.6206896551724138,"{""y0_a0"": {""n"": 29, ""accuracy"": 0.6206896551724138}, ""y0_a1"": {""n"": 5, ""accuracy"": 0.8}, ""y1_a0"": {""n"": 4, ""accuracy"": 1.0}, ""y1_a1"": {""n"": 33, ""accuracy"": 0.8484848484848485}}",0.4781629149884753,1
corr,transplant_neutral,dinov2_b14_518,erm,1.0,2026,test_rev,0.7988871224165341,0.7580645161290323,0.7047619047619048,71,37,33,0.704225352112676,0.7007154213036566,0.3333333333333333,"{""y0_a0"": {""n"": 3, ""accuracy"": 0.3333333333333333}, ""y0_a1"": {""n"": 31, ""accuracy"": 0.6451612903225806}, ""y1_a0"": {""n"": 35, ""accuracy"": 0.7714285714285715}, ""y1_a1"": {""n"": 2, ""accuracy"": 1.0}}",0.4781629149884753,1
corr,transplant_neutral,dinov2_b14_518,mask,1.0,2026,clean,0.7980922098569158,,0.7980922098569158,71,37,0,0.7183098591549296,0.7261526232114468,,"{""y0_a0"": {""n"": 34, ""accuracy"": 0.9117647058823529}, ""y0_a1"": {""n"": 0, ""accuracy"": NaN}, ""y1_a0"": {""n"": 37, ""accuracy"": 0.5405405405405406}, ""y1_a1"": {""n"": 0, ""accuracy"": NaN}}",0.6008766873095339,1
corr,transplant_neutral,dinov2_b14_518,mask,1.0,2026,test_corr,0.8537360890302067,0.8545454545454545,0.8620689655172414,71,37,38,0.7746478873239436,0.7802066772655007,0.25,"{""y0_a0"": {""n"": 29, ""accuracy"": 0.896551724137931}, ""y0_a1"": {""n"": 5, ""accuracy"": 1.0}, ""y1_a0"": {""n"": 4, ""accuracy"": 0.25}, ""y1_a1"": {""n"": 33, ""accuracy"": 0.696969696969697}}",0.6008766873095339,1
corr,transplant_neutral,dinov2_b14_518,mask,1.0,2026,test_rev,0.712241653418124,0.064516129032258,0.9238095238095236,71,37,33,0.6619718309859155,0.6673290937996821,0.0,"{""y0_a0"": {""n"": 3, ""accuracy"": 1.0}, ""y0_a1"": {""n"": 31, ""accuracy"": 0.7741935483870968}, ""y1_a0"": {""n"": 35, ""accuracy"": 0.5714285714285714}, ""y1_a1"": {""n"": 2, ""accuracy"": 0.0}}",0.6008766873095339,1
corr,transplant_neutral,dinov2_b14_518,erm,0.0,42,clean,0.715966386554622,,0.715966386554622,69,35,0,0.6231884057971014,0.6239495798319328,,"{""y0_a0"": {""n"": 34, ""accuracy"": 0.6764705882352942}, ""y0_a1"": {""n"": 0, ""accuracy"": NaN}, ""y1_a0"": {""n"": 35, ""accuracy"": 0.5714285714285714}, ""y1_a1"": {""n"": 0, ""accuracy"": NaN}}",0.4950536418898027,2
corr,transplant_neutral,dinov2_b14_518,erm,0.0,42,test_corr,0.7504201680672269,0.8870967741935484,0.703125,69,35,33,0.6521739130434783,0.6525210084033614,0.6129032258064516,"{""y0_a0"": {""n"": 32, ""accuracy"": 0.65625}, ""y0_a1"": {""n"": 2, ""accuracy"": 1.0}, ""y1_a0"": {""n"": 4, ""accuracy"": 0.75}, ""y1_a1"": {""n"": 31, ""accuracy"": 0.6129032258064516}}",0.4950536418898027,2
corr,transplant_neutral,dinov2_b14_518,erm,0.0,42,test_rev,0.6731092436974789,0.46,0.7037037037037037,69,35,27,0.5652173913043478,0.5651260504201681,0.4444444444444444,"{""y0_a0"": {""n"": 9, ""accuracy"": 0.4444444444444444}, ""y0_a1"": {""n"": 25, ""accuracy"": 0.6}, ""y1_a0"": {""n"": 33, ""accuracy"": 0.5757575757575758}, ""y1_a1"": {""n"": 2, ""accuracy"": 0.5}}",0.4950536418898027,2
corr,transplant_neutral,dinov2_b14_518,mask,0.0,42,clean,0.7453781512605043,,0.7453781512605043,69,35,0,0.6666666666666666,0.6651260504201681,,"{""y0_a0"": {""n"": 34, ""accuracy"": 0.5588235294117647}, ""y0_a1"": {""n"": 0, ""accuracy"": NaN}, ""y1_a0"": {""n"": 35, ""accuracy"": 0.7714285714285715}, ""y1_a1"": {""n"": 0, ""accuracy"": NaN}}",0.4883478563183041,2
corr,transplant_neutral,dinov2_b14_518,mask,0.0,42,test_corr,0.7453781512605043,0.8064516129032258,0.734375,69,35,33,0.6666666666666666,0.6651260504201681,0.53125,"{""y0_a0"": {""n"": 32, ""accuracy"": 0.53125}, ""y0_a1"": {""n"": 2, ""accuracy"": 1.0}, ""y1_a0"": {""n"": 4, ""accuracy"": 0.75}, ""y1_a1"": {""n"": 31, ""accuracy"": 0.7741935483870968}}",0.4883478563183041,2
corr,transplant_neutral,dinov2_b14_518,mask,0.0,42,test_rev,0.7453781512605043,0.46,0.6835016835016835,69,35,27,0.6666666666666666,0.6651260504201681,0.5,"{""y0_a0"": {""n"": 9, ""accuracy"": 0.5555555555555556}, ""y0_a1"": {""n"": 25, ""accuracy"": 0.56}, ""y1_a0"": {""n"": 33, ""accuracy"": 0.7878787878787878}, ""y1_a1"": {""n"": 2, ""accuracy"": 0.5}}",0.4883478563183041,2
corr,transplant_neutral,dinov2_b14_518,erm,0.0,123,clean,0.7100840336134453,,0.7100840336134453,69,35,0,0.6376811594202898,0.6378151260504201,,"{""y0_a0"": {""n"": 34, ""accuracy"": 0.6470588235294118}, ""y0_a1"": {""n"": 0, ""accuracy"": NaN}, ""y1_a0"": {""n"": 35, ""accuracy"": 0.6285714285714286}, ""y1_a1"": {""n"": 0, ""accuracy"": NaN}}",0.4886192806991358,2
corr,transplant_neutral,dinov2_b14_518,erm,0.0,123,test_corr,0.7453781512605042,0.6785714285714286,0.7723214285714286,69,35,30,0.6521739130434783,0.6521008403361345,0.5,"{""y0_a0"": {""n"": 32, ""accuracy"": 0.65625}, ""y0_a1"": {""n"": 2, ""accuracy"": 0.5}, ""y1_a0"": {""n"": 7, ""accuracy"": 0.7142857142857143}, ""y1_a1"": {""n"": 28, ""accuracy"": 0.6428571428571429}}",0.4886192806991358,2
corr,transplant_neutral,dinov2_b14_518,erm,0.0,123,test_rev,0.6739495798319327,0.5375,0.7777777777777777,69,35,38,0.6086956521739131,0.607983193277311,0.5,"{""y0_a0"": {""n"": 4, ""accuracy"": 0.75}, ""y0_a1"": {""n"": 30, ""accuracy"": 0.5333333333333333}, ""y1_a0"": {""n"": 27, ""accuracy"": 0.7037037037037037}, ""y1_a1"": {""n"": 8, ""accuracy"": 0.5}}",0.4886192806991358,2
corr,transplant_neutral,dinov2_b14_518,mask,0.0,123,clean,0.7453781512605043,,0.7453781512605043,69,35,0,0.6666666666666666,0.6651260504201681,,"{""y0_a0"": {""n"": 34, ""accuracy"": 0.5588235294117647}, ""y0_a1"": {""n"": 0, ""accuracy"": NaN}, ""y1_a0"": {""n"": 35, ""accuracy"": 0.7714285714285715}, ""y1_a1"": {""n"": 0, ""accuracy"": NaN}}",0.4883459163226284,2
corr,transplant_neutral,dinov2_b14_518,mask,0.0,123,test_corr,0.7453781512605043,0.5357142857142857,0.7142857142857142,69,35,30,0.6666666666666666,0.6651260504201681,0.5,"{""y0_a0"": {""n"": 32, ""accuracy"": 0.5625}, ""y0_a1"": {""n"": 2, ""accuracy"": 0.5}, ""y1_a0"": {""n"": 7, ""accuracy"": 0.7142857142857143}, ""y1_a1"": {""n"": 28, ""accuracy"": 0.7857142857142857}}",0.4883459163226284,2
corr,transplant_neutral,dinov2_b14_518,mask,0.0,123,test_rev,0.7453781512605043,0.6250000000000001,0.75,69,35,38,0.6666666666666666,0.6651260504201681,0.25,"{""y0_a0"": {""n"": 4, ""accuracy"": 0.25}, ""y0_a1"": {""n"": 30, ""accuracy"": 0.6}, ""y1_a0"": {""n"": 27, ""accuracy"": 0.8148148148148148}, ""y1_a1"": {""n"": 8, ""accuracy"": 0.625}}",0.4883459163226284,2
corr,transplant_neutral,dinov2_b14_518,erm,0.0,456,clean,0.7159663865546219,,0.7159663865546219,69,35,0,0.6086956521739131,0.6092436974789917,,"{""y0_a0"": {""n"": 34, ""accuracy"": 0.6470588235294118}, ""y0_a1"": {""n"": 0, ""accuracy"": NaN}, ""y1_a0"": {""n"": 35, ""accuracy"": 0.5714285714285714}, ""y1_a1"": {""n"": 0, ""accuracy"": NaN}}",0.4971353940463801,2
corr,transplant_neutral,dinov2_b14_518,erm,0.0,456,test_corr,0.7487394957983193,0.828125,0.4777777777777777,69,35,36,0.6376811594202898,0.6378151260504201,0.3333333333333333,"{""y0_a0"": {""n"": 30, ""accuracy"": 0.6333333333333333}, ""y0_a1"": {""n"": 4, ""accuracy"": 0.75}, ""y1_a0"": {""n"": 3, ""accuracy"": 0.3333333333333333}, ""y1_a1"": {""n"": 32, ""accuracy"": 0.65625}}",0.4971353940463801,2
corr,transplant_neutral,dinov2_b14_518,erm,0.0,456,test_rev,0.6672268907563025,0.813131313131313,0.8620689655172413,69,35,39,0.5797101449275363,0.5794117647058823,0.5454545454545454,"{""y0_a0"": {""n"": 1, ""accuracy"": 1.0}, ""y0_a1"": {""n"": 33, ""accuracy"": 0.5454545454545454}, ""y1_a0"": {""n"": 29, ""accuracy"": 0.5517241379310345}, ""y1_a1"": {""n"": 6, ""accuracy"": 0.8333333333333334}}",0.4971353940463801,2
corr,transplant_neutral,dinov2_b14_518,mask,0.0,456,clean,0.7453781512605043,,0.7453781512605043,69,35,0,0.6666666666666666,0.6651260504201681,,"{""y0_a0"": {""n"": 34, ""accuracy"": 0.5588235294117647}, ""y0_a1"": {""n"": 0, ""accuracy"": NaN}, ""y1_a0"": {""n"": 35, ""accuracy"": 0.7714285714285715}, ""y1_a1"": {""n"": 0, ""accuracy"": NaN}}",0.488338153977891,2
corr,transplant_neutral,dinov2_b14_518,mask,0.0,456,test_corr,0.7453781512605043,0.6875,0.5111111111111112,69,35,36,0.6666666666666666,0.6651260504201681,0.3333333333333333,"{""y0_a0"": {""n"": 30, ""accuracy"": 0.5666666666666667}, ""y0_a1"": {""n"": 4, ""accuracy"": 0.5}, ""y1_a0"": {""n"": 3, ""accuracy"": 0.3333333333333333}, ""y1_a1"": {""n"": 32, ""accuracy"": 0.8125}}",0.488338153977891,2
corr,transplant_neutral,dinov2_b14_518,mask,0.0,456,test_rev,0.7453781512605043,0.7424242424242424,0.9655172413793104,69,35,39,0.6666666666666666,0.6651260504201681,0.5454545454545454,"{""y0_a0"": {""n"": 1, ""accuracy"": 1.0}, ""y0_a1"": {""n"": 33, ""accuracy"": 0.5454545454545454}, ""y1_a0"": {""n"": 29, ""accuracy"": 0.7586206896551724}, ""y1_a1"": {""n"": 6, ""accuracy"": 0.8333333333333334}}",0.488338153977891,2
corr,transplant_neutral,dinov2_b14_518,erm,0.0,789,clean,0.7184873949579832,,0.7184873949579832,69,35,0,0.6521739130434783,0.6529411764705882,,"{""y0_a0"": {""n"": 34, ""accuracy"": 0.7058823529411765}, ""y0_a1"": {""n"": 0, ""accuracy"": NaN}, ""y1_a0"": {""n"": 35, ""accuracy"": 0.6}, ""y1_a1"": {""n"": 0, ""accuracy"": NaN}}",0.4961201238481158,2
corr,transplant_neutral,dinov2_b14_518,erm,0.0,789,test_corr,0.7478991596638654,0.8709677419354839,0.4,69,35,35,0.6521739130434783,0.6525210084033614,0.25,"{""y0_a0"": {""n"": 30, ""accuracy"": 0.6666666666666666}, ""y0_a1"": {""n"": 4, ""accuracy"": 0.75}, ""y1_a0"": {""n"": 4, ""accuracy"": 0.25}, ""y1_a1"": {""n"": 31, ""accuracy"": 0.6774193548387096}}",0.4961201238481158,2
corr,transplant_neutral,dinov2_b14_518,erm,0.0,789,test_rev,0.6647058823529411,0.629032258064516,0.7011494252873564,69,35,37,0.5797101449275363,0.5794117647058823,0.5,"{""y0_a0"": {""n"": 3, ""accuracy"": 0.6666666666666666}, ""y0_a1"": {""n"": 31, ""accuracy"": 0.5483870967741935}, ""y1_a0"": {""n"": 29, ""accuracy"": 0.6206896551724138}, ""y1_a1"": {""n"": 6, ""accuracy"": 0.5}}",0.4961201238481158,2
corr,transplant_neutral,dinov2_b14_518,mask,0.0,789,clean,0.7453781512605043,,0.7453781512605043,69,35,0,0.6666666666666666,0.6651260504201681,,"{""y0_a0"": {""n"": 34, ""accuracy"": 0.5588235294117647}, ""y0_a1"": {""n"": 0, ""accuracy"": NaN}, ""y1_a0"": {""n"": 35, ""accuracy"": 0.7714285714285715}, ""y1_a1"": {""n"": 0, ""accuracy"": NaN}}",0.4883429149105274,2
corr,transplant_neutral,dinov2_b14_518,mask,0.0,789,test_corr,0.7453781512605043,0.846774193548387,0.6333333333333333,69,35,35,0.6666666666666666,0.6651260504201681,0.5,"{""y0_a0"": {""n"": 30, ""accuracy"": 0.5666666666666667}, ""y0_a1"": {""n"": 4, ""accuracy"": 0.5}, ""y1_a0"": {""n"": 4, ""accuracy"": 0.75}, ""y1_a1"": {""n"": 31, ""accuracy"": 0.7741935483870968}}",0.4883429149105274,2
corr,transplant_neutral,dinov2_b14_518,mask,0.0,789,test_rev,0.7453781512605043,0.6720430107526881,0.8160919540229885,69,35,37,0.6666666666666666,0.6651260504201681,0.3333333333333333,"{""y0_a0"": {""n"": 3, ""accuracy"": 0.3333333333333333}, ""y0_a1"": {""n"": 31, ""accuracy"": 0.5806451612903226}, ""y1_a0"": {""n"": 29, ""accuracy"": 0.7586206896551724}, ""y1_a1"": {""n"": 6, ""accuracy"": 0.8333333333333334}}",0.4883429149105274,2
corr,transplant_neutral,dinov2_b14_518,erm,0.0,2026,clean,0.7134453781512605,,0.7134453781512605,69,35,0,0.6086956521739131,0.6092436974789917,,"{""y0_a0"": {""n"": 34, ""accuracy"": 0.6470588235294118}, ""y0_a1"": {""n"": 0, ""accuracy"": NaN}, ""y1_a0"": {""n"": 35, ""accuracy"": 0.5714285714285714}, ""y1_a1"": {""n"": 0, ""accuracy"": NaN}}",0.4947599732815662,2
corr,transplant_neutral,dinov2_b14_518,erm,0.0,2026,test_corr,0.7537815126050421,0.9655172413793104,0.7929292929292929,69,35,30,0.6376811594202898,0.6378151260504201,0.6206896551724138,"{""y0_a0"": {""n"": 33, ""accuracy"": 0.6363636363636364}, ""y0_a1"": {""n"": 1, ""accuracy"": 1.0}, ""y1_a0"": {""n"": 6, ""accuracy"": 0.6666666666666666}, ""y1_a1"": {""n"": 29, ""accuracy"": 0.6206896551724138}}",0.4947599732815662,2
corr,transplant_neutral,dinov2_b14_518,erm,0.0,2026,test_rev,0.6739495798319328,0.4655172413793104,0.8242424242424242,69,35,31,0.5797101449275363,0.5798319327731092,0.5,"{""y0_a0"": {""n"": 5, ""accuracy"": 0.8}, ""y0_a1"": {""n"": 29, ""accuracy"": 0.5517241379310345}, ""y1_a0"": {""n"": 33, ""accuracy"": 0.5757575757575758}, ""y1_a1"": {""n"": 2, ""accuracy"": 0.5}}",0.4947599732815662,2
corr,transplant_neutral,dinov2_b14_518,mask,0.0,2026,clean,0.7453781512605043,,0.7453781512605043,69,35,0,0.6666666666666666,0.6651260504201681,,"{""y0_a0"": {""n"": 34, ""accuracy"": 0.5588235294117647}, ""y0_a1"": {""n"": 0, ""accuracy"": NaN}, ""y1_a0"": {""n"": 35, ""accuracy"": 0.7714285714285715}, ""y1_a1"": {""n"": 0, ""accuracy"": NaN}}",0.48834769858493,2
corr,transplant_neutral,dinov2_b14_518,mask,0.0,2026,test_corr,0.7453781512605043,0.7586206896551724,0.8131313131313131,69,35,30,0.6666666666666666,0.6651260504201681,0.0,"{""y0_a0"": {""n"": 33, ""accuracy"": 0.5757575757575758}, ""y0_a1"": {""n"": 1, ""accuracy"": 0.0}, ""y1_a0"": {""n"": 6, ""accuracy"": 0.8333333333333334}, ""y1_a1"": {""n"": 29, ""accuracy"": 0.7586206896551724}}",0.48834769858493,2
corr,transplant_neutral,dinov2_b14_518,mask,0.0,2026,test_rev,0.7453781512605043,0.8448275862068966,0.6303030303030303,69,35,31,0.6666666666666666,0.6651260504201681,0.4,"{""y0_a0"": {""n"": 5, ""accuracy"": 0.4}, ""y0_a1"": {""n"": 29, ""accuracy"": 0.5862068965517241}, ""y1_a0"": {""n"": 33, ""accuracy"": 0.7575757575757576}, ""y1_a1"": {""n"": 2, ""accuracy"": 1.0}}",0.48834769858493,2
corr,transplant_neutral,dinov2_b14_518,erm,1.0,42,clean,0.7142857142857142,,0.7142857142857142,69,35,0,0.6521739130434783,0.6521008403361345,,"{""y0_a0"": {""n"": 34, ""accuracy"": 0.6470588235294118}, ""y0_a1"": {""n"": 0, ""accuracy"": NaN}, ""y1_a0"": {""n"": 35, ""accuracy"": 0.6571428571428571}, ""y1_a1"": {""n"": 0, ""accuracy"": NaN}}",0.4752751527006603,2
corr,transplant_neutral,dinov2_b14_518,erm,1.0,42,test_corr,0.7621848739495798,0.8387096774193548,0.703125,69,35,33,0.6666666666666666,0.6663865546218488,0.625,"{""y0_a0"": {""n"": 32, ""accuracy"": 0.625}, ""y0_a1"": {""n"": 2, ""accuracy"": 1.0}, ""y1_a0"": {""n"": 4, ""accuracy"": 0.75}, ""y1_a1"": {""n"": 31, ""accuracy"": 0.6774193548387096}}",0.4752751527006603,2
corr,transplant_neutral,dinov2_b14_518,erm,1.0,42,test_rev,0.6571428571428571,0.46,0.7070707070707071,69,35,27,0.5797101449275363,0.5785714285714285,0.4444444444444444,"{""y0_a0"": {""n"": 9, ""accuracy"": 0.4444444444444444}, ""y0_a1"": {""n"": 25, ""accuracy"": 0.52}, ""y1_a0"": {""n"": 33, ""accuracy"": 0.6666666666666666}, ""y1_a1"": {""n"": 2, ""accuracy"": 0.5}}",0.4752751527006603,2
corr,transplant_neutral,dinov2_b14_518,mask,1.0,42,clean,0.761344537815126,,0.761344537815126,69,35,0,0.7536231884057971,0.7529411764705882,,"{""y0_a0"": {""n"": 34, ""accuracy"": 0.7058823529411765}, ""y0_a1"": {""n"": 0, ""accuracy"": NaN}, ""y1_a0"": {""n"": 35, ""accuracy"": 0.8}, ""y1_a1"": {""n"": 0, ""accuracy"": NaN}}",0.5098759402474412,2
corr,transplant_neutral,dinov2_b14_518,mask,1.0,42,test_corr,0.7966386554621849,0.8548387096774193,0.71875,69,35,33,0.7391304347826086,0.7382352941176471,0.5,"{""y0_a0"": {""n"": 32, ""accuracy"": 0.6875}, ""y0_a1"": {""n"": 2, ""accuracy"": 0.5}, ""y1_a0"": {""n"": 4, ""accuracy"": 0.75}, ""y1_a1"": {""n"": 31, ""accuracy"": 0.8064516129032258}}",0.5098759402474412,2
corr,transplant_neutral,dinov2_b14_518,mask,1.0,42,test_rev,0.6873949579831933,0.54,0.7239057239057239,69,35,27,0.7101449275362319,0.7088235294117647,0.5,"{""y0_a0"": {""n"": 9, ""accuracy"": 0.6666666666666666}, ""y0_a1"": {""n"": 25, ""accuracy"": 0.6}, ""y1_a0"": {""n"": 33, ""accuracy"": 0.8181818181818182}, ""y1_a1"": {""n"": 2, ""accuracy"": 0.5}}",0.5098759402474412,2
corr,transplant_neutral,dinov2_b14_518,erm,1.0,123,clean,0.7126050420168066,,0.7126050420168066,69,35,0,0.6666666666666666,0.6663865546218488,,"{""y0_a0"": {""n"": 34, ""accuracy"": 0.6470588235294118}, ""y0_a1"": {""n"": 0, ""accuracy"": NaN}, ""y1_a0"": {""n"": 35, ""accuracy"": 0.6857142857142857}, ""y1_a1"": {""n"": 0, ""accuracy"": NaN}}",0.4605265465604631,2
corr,transplant_neutral,dinov2_b14_518,erm,1.0,123,test_corr,0.7621848739495798,0.7321428571428572,0.78125,69,35,30,0.6956521739130435,0.6949579831932773,0.5,"{""y0_a0"": {""n"": 32, ""accuracy"": 0.65625}, ""y0_a1"": {""n"": 2, ""accuracy"": 0.5}, ""y1_a0"": {""n"": 7, ""accuracy"": 0.7142857142857143}, ""y1_a1"": {""n"": 28, ""accuracy"": 0.75}}",0.4605265465604631,2
corr,transplant_neutral,dinov2_b14_518,erm,1.0,123,test_rev,0.6605042016806723,0.5291666666666667,0.787037037037037,69,35,38,0.5942028985507246,0.5928571428571429,0.4666666666666667,"{""y0_a0"": {""n"": 4, ""accuracy"": 0.75}, ""y0_a1"": {""n"": 30, ""accuracy"": 0.4666666666666667}, ""y1_a0"": {""n"": 27, ""accuracy"": 0.7407407407407407}, ""y1_a1"": {""n"": 8, ""accuracy"": 0.5}}",0.4605265465604631,2
corr,transplant_neutral,dinov2_b14_518,mask,1.0,123,clean,0.7638655462184875,,0.7638655462184875,69,35,0,0.7536231884057971,0.7533613445378151,,"{""y0_a0"": {""n"": 34, ""accuracy"": 0.7352941176470589}, ""y0_a1"": {""n"": 0, ""accuracy"": NaN}, ""y1_a0"": {""n"": 35, ""accuracy"": 0.7714285714285715}, ""y1_a1"": {""n"": 0, ""accuracy"": NaN}}",0.5100559351585661,2
corr,transplant_neutral,dinov2_b14_518,mask,1.0,123,test_corr,0.7949579831932773,0.4821428571428571,0.7589285714285714,69,35,30,0.7681159420289855,0.7676470588235295,0.5,"{""y0_a0"": {""n"": 32, ""accuracy"": 0.75}, ""y0_a1"": {""n"": 2, ""accuracy"": 0.5}, ""y1_a0"": {""n"": 7, ""accuracy"": 0.7142857142857143}, ""y1_a1"": {""n"": 28, ""accuracy"": 0.8214285714285714}}",0.5100559351585661,2
corr,transplant_neutral,dinov2_b14_518,mask,1.0,123,test_rev,0.7025210084033614,0.6416666666666667,0.75,69,35,38,0.6956521739130435,0.6941176470588235,0.5,"{""y0_a0"": {""n"": 4, ""accuracy"": 0.5}, ""y0_a1"": {""n"": 30, ""accuracy"": 0.6}, ""y1_a0"": {""n"": 27, ""accuracy"": 0.8518518518518519}, ""y1_a1"": {""n"": 8, ""accuracy"": 0.625}}",0.5100559351585661,2
corr,transplant_neutral,dinov2_b14_518,erm,1.0,456,clean,0.7142857142857143,,0.7142857142857143,69,35,0,0.6666666666666666,0.6663865546218488,,"{""y0_a0"": {""n"": 34, ""accuracy"": 0.6470588235294118}, ""y0_a1"": {""n"": 0, ""accuracy"": NaN}, ""y1_a0"": {""n"": 35, ""accuracy"": 0.6857142857142857}, ""y1_a1"": {""n"": 0, ""accuracy"": NaN}}",0.4742719145842941,2
corr,transplant_neutral,dinov2_b14_518,erm,1.0,456,test_corr,0.7554621848739496,0.7734375,0.4777777777777777,69,35,36,0.6811594202898551,0.6802521008403362,0.3333333333333333,"{""y0_a0"": {""n"": 30, ""accuracy"": 0.6333333333333333}, ""y0_a1"": {""n"": 4, ""accuracy"": 0.5}, ""y1_a0"": {""n"": 3, ""accuracy"": 0.3333333333333333}, ""y1_a1"": {""n"": 32, ""accuracy"": 0.78125}}",0.4742719145842941,2
corr,transplant_neutral,dinov2_b14_518,erm,1.0,456,test_rev,0.6420168067226891,0.8080808080808081,0.8620689655172413,69,35,39,0.5942028985507246,0.5928571428571429,0.4848484848484848,"{""y0_a0"": {""n"": 1, ""accuracy"": 1.0}, ""y0_a1"": {""n"": 33, ""accuracy"": 0.48484848484848486}, ""y1_a0"": {""n"": 29, ""accuracy"": 0.6206896551724138}, ""y1_a1"": {""n"": 6, ""accuracy"": 1.0}}",0.4742719145842941,2
corr,transplant_neutral,dinov2_b14_518,mask,1.0,456,clean,0.7714285714285715,,0.7714285714285715,69,35,0,0.7536231884057971,0.7529411764705882,,"{""y0_a0"": {""n"": 34, ""accuracy"": 0.7058823529411765}, ""y0_a1"": {""n"": 0, ""accuracy"": NaN}, ""y1_a0"": {""n"": 35, ""accuracy"": 0.8}, ""y1_a1"": {""n"": 0, ""accuracy"": NaN}}",0.5039337908106082,2
corr,transplant_neutral,dinov2_b14_518,mask,1.0,456,test_corr,0.8016806722689076,0.65625,0.5777777777777777,69,35,36,0.7246376811594203,0.723529411764706,0.25,"{""y0_a0"": {""n"": 30, ""accuracy"": 0.7}, ""y0_a1"": {""n"": 4, ""accuracy"": 0.25}, ""y1_a0"": {""n"": 3, ""accuracy"": 0.3333333333333333}, ""y1_a1"": {""n"": 32, ""accuracy"": 0.84375}}",0.5039337908106082,2
corr,transplant_neutral,dinov2_b14_518,mask,1.0,456,test_rev,0.6747899159663866,0.7070707070707071,1.0,69,35,39,0.6811594202898551,0.6794117647058824,0.5454545454545454,"{""y0_a0"": {""n"": 1, ""accuracy"": 1.0}, ""y0_a1"": {""n"": 33, ""accuracy"": 0.5454545454545454}, ""y1_a0"": {""n"": 29, ""accuracy"": 0.7931034482758621}, ""y1_a1"": {""n"": 6, ""accuracy"": 0.8333333333333334}}",0.5039337908106082,2
corr,transplant_neutral,dinov2_b14_518,erm,1.0,789,clean,0.7151260504201681,,0.7151260504201681,69,35,0,0.6666666666666666,0.6668067226890757,,"{""y0_a0"": {""n"": 34, ""accuracy"": 0.6764705882352942}, ""y0_a1"": {""n"": 0, ""accuracy"": NaN}, ""y1_a0"": {""n"": 35, ""accuracy"": 0.6571428571428571}, ""y1_a1"": {""n"": 0, ""accuracy"": NaN}}",0.475553846937346,2
corr,transplant_neutral,dinov2_b14_518,erm,1.0,789,test_corr,0.7394957983193277,0.75,0.4083333333333333,69,35,35,0.6521739130434783,0.6516806722689076,0.5,"{""y0_a0"": {""n"": 30, ""accuracy"": 0.6333333333333333}, ""y0_a1"": {""n"": 4, ""accuracy"": 0.5}, ""y1_a0"": {""n"": 4, ""accuracy"": 0.5}, ""y1_a1"": {""n"": 31, ""accuracy"": 0.7096774193548387}}",0.475553846937346,2
corr,transplant_neutral,dinov2_b14_518,erm,1.0,789,test_rev,0.6470588235294118,0.575268817204301,0.7241379310344829,69,35,37,0.6086956521739131,0.607983193277311,0.5,"{""y0_a0"": {""n"": 3, ""accuracy"": 0.6666666666666666}, ""y0_a1"": {""n"": 31, ""accuracy"": 0.5483870967741935}, ""y1_a0"": {""n"": 29, ""accuracy"": 0.6896551724137931}, ""y1_a1"": {""n"": 6, ""accuracy"": 0.5}}",0.475553846937346,2
corr,transplant_neutral,dinov2_b14_518,mask,1.0,789,clean,0.7663865546218488,,0.7663865546218488,69,35,0,0.7681159420289855,0.7676470588235295,,"{""y0_a0"": {""n"": 34, ""accuracy"": 0.7352941176470589}, ""y0_a1"": {""n"": 0, ""accuracy"": NaN}, ""y1_a0"": {""n"": 35, ""accuracy"": 0.8}, ""y1_a1"": {""n"": 0, ""accuracy"": NaN}}",0.5091816342745417,2
corr,transplant_neutral,dinov2_b14_518,mask,1.0,789,test_corr,0.7840336134453781,0.7741935483870968,0.65,69,35,35,0.7681159420289855,0.7676470588235295,0.5,"{""y0_a0"": {""n"": 30, ""accuracy"": 0.7666666666666667}, ""y0_a1"": {""n"": 4, ""accuracy"": 0.5}, ""y1_a0"": {""n"": 4, ""accuracy"": 0.75}, ""y1_a1"": {""n"": 31, ""accuracy"": 0.8064516129032258}}",0.5091816342745417,2
corr,transplant_neutral,dinov2_b14_518,mask,1.0,789,test_rev,0.6798319327731093,0.6505376344086021,0.8390804597701149,69,35,37,0.6811594202898551,0.6794117647058824,0.5483870967741935,"{""y0_a0"": {""n"": 3, ""accuracy"": 0.6666666666666666}, ""y0_a1"": {""n"": 31, ""accuracy"": 0.5483870967741935}, ""y1_a0"": {""n"": 29, ""accuracy"": 0.7931034482758621}, ""y1_a1"": {""n"": 6, ""accuracy"": 0.8333333333333334}}",0.5091816342745417,2
corr,transplant_neutral,dinov2_b14_518,erm,1.0,2026,clean,0.7184873949579832,,0.7184873949579832,69,35,0,0.6521739130434783,0.6516806722689076,,"{""y0_a0"": {""n"": 34, ""accuracy"": 0.6176470588235294}, ""y0_a1"": {""n"": 0, ""accuracy"": NaN}, ""y1_a0"": {""n"": 35, ""accuracy"": 0.6857142857142857}, ""y1_a1"": {""n"": 0, ""accuracy"": NaN}}",0.4682896733845604,2
corr,transplant_neutral,dinov2_b14_518,erm,1.0,2026,test_corr,0.7672268907563026,0.9655172413793104,0.797979797979798,69,35,30,0.6666666666666666,0.6659663865546219,0.6060606060606061,"{""y0_a0"": {""n"": 33, ""accuracy"": 0.6060606060606061}, ""y0_a1"": {""n"": 1, ""accuracy"": 1.0}, ""y1_a0"": {""n"": 6, ""accuracy"": 0.6666666666666666}, ""y1_a1"": {""n"": 29, ""accuracy"": 0.7241379310344828}}",0.4682896733845604,2
corr,transplant_neutral,dinov2_b14_518,erm,1.0,2026,test_rev,0.6394957983193277,0.396551724137931,0.812121212121212,69,35,31,0.5942028985507246,0.5928571428571429,0.4827586206896552,"{""y0_a0"": {""n"": 5, ""accuracy"": 0.6}, ""y0_a1"": {""n"": 29, ""accuracy"": 0.4827586206896552}, ""y1_a0"": {""n"": 33, ""accuracy"": 0.696969696969697}, ""y1_a1"": {""n"": 2, ""accuracy"": 0.5}}",0.4682896733845604,2
corr,transplant_neutral,dinov2_b14_518,mask,1.0,2026,clean,0.7647058823529411,,0.7647058823529411,69,35,0,0.7681159420289855,0.7676470588235295,,"{""y0_a0"": {""n"": 34, ""accuracy"": 0.7352941176470589}, ""y0_a1"": {""n"": 0, ""accuracy"": NaN}, ""y1_a0"": {""n"": 35, ""accuracy"": 0.8}, ""y1_a1"": {""n"": 0, ""accuracy"": NaN}}",0.5081191660928397,2
corr,transplant_neutral,dinov2_b14_518,mask,1.0,2026,test_corr,0.8025210084033615,0.7586206896551724,0.8585858585858586,69,35,30,0.7536231884057971,0.7529411764705882,0.0,"{""y0_a0"": {""n"": 33, ""accuracy"": 0.7272727272727273}, ""y0_a1"": {""n"": 1, ""accuracy"": 0.0}, ""y1_a0"": {""n"": 6, ""accuracy"": 1.0}, ""y1_a1"": {""n"": 29, ""accuracy"": 0.7586206896551724}}",0.5081191660928397,2
corr,transplant_neutral,dinov2_b14_518,mask,1.0,2026,test_rev,0.6798319327731093,0.8103448275862069,0.7030303030303031,69,35,31,0.6956521739130435,0.6941176470588235,0.5517241379310345,"{""y0_a0"": {""n"": 5, ""accuracy"": 0.8}, ""y0_a1"": {""n"": 29, ""accuracy"": 0.5517241379310345}, ""y1_a0"": {""n"": 33, ""accuracy"": 0.7878787878787878}, ""y1_a1"": {""n"": 2, ""accuracy"": 1.0}}",0.5081191660928397,2
corr,transplant_neutral,dinov2_b14_518,erm,0.0,42,clean,0.7554621848739497,,0.7554621848739497,69,35,0,0.5942028985507246,0.5995798319327731,,"{""y0_a0"": {""n"": 34, ""accuracy"": 0.9705882352941176}, ""y0_a1"": {""n"": 0, ""accuracy"": NaN}, ""y1_a0"": {""n"": 35, ""accuracy"": 0.22857142857142856}, ""y1_a1"": {""n"": 0, ""accuracy"": NaN}}",0.6123569188890191,3
corr,transplant_neutral,dinov2_b14_518,erm,0.0,42,test_corr,0.8042016806722689,0.8787878787878788,0.578125,69,35,35,0.6376811594202898,0.6424369747899159,0.0,"{""y0_a0"": {""n"": 32, ""accuracy"": 0.96875}, ""y0_a1"": {""n"": 2, ""accuracy"": 1.0}, ""y1_a0"": {""n"": 2, ""accuracy"": 0.0}, ""y1_a1"": {""n"": 33, ""accuracy"": 0.3333333333333333}}",0.6123569188890191,3
corr,transplant_neutral,dinov2_b14_518,erm,0.0,42,test_rev,0.6865546218487395,0.5172413793103448,0.864516129032258,69,35,33,0.5797101449275363,0.584873949579832,0.0,"{""y0_a0"": {""n"": 5, ""accuracy"": 1.0}, ""y0_a1"": {""n"": 29, ""accuracy"": 0.9310344827586207}, ""y1_a0"": {""n"": 31, ""accuracy"": 0.25806451612903225}, ""y1_a1"": {""n"": 4, ""accuracy"": 0.0}}",0.6123569188890191,3
corr,transplant_neutral,dinov2_b14_518,mask,0.0,42,clean,0.8176470588235295,,0.8176470588235295,69,35,0,0.7246376811594203,0.7273109243697479,,"{""y0_a0"": {""n"": 34, ""accuracy"": 0.9117647058823529}, ""y0_a1"": {""n"": 0, ""accuracy"": NaN}, ""y1_a0"": {""n"": 35, ""accuracy"": 0.5428571428571428}, ""y1_a1"": {""n"": 0, ""accuracy"": NaN}}",0.5512186764704328,3
corr,transplant_neutral,dinov2_b14_518,mask,0.0,42,test_corr,0.8176470588235295,0.8787878787878788,0.65625,69,35,35,0.7246376811594203,0.7273109243697479,0.5,"{""y0_a0"": {""n"": 32, ""accuracy"": 0.90625}, ""y0_a1"": {""n"": 2, ""accuracy"": 1.0}, ""y1_a0"": {""n"": 2, ""accuracy"": 0.5}, ""y1_a1"": {""n"": 33, ""accuracy"": 0.5454545454545454}}",0.5512186764704328,3
corr,transplant_neutral,dinov2_b14_518,mask,0.0,42,test_rev,0.8176470588235295,0.8103448275862069,0.832258064516129,69,35,33,0.7246376811594203,0.7273109243697479,0.5161290322580645,"{""y0_a0"": {""n"": 5, ""accuracy"": 1.0}, ""y0_a1"": {""n"": 29, ""accuracy"": 0.896551724137931}, ""y1_a0"": {""n"": 31, ""accuracy"": 0.5161290322580645}, ""y1_a1"": {""n"": 4, ""accuracy"": 0.75}}",0.5512186764704328,3
corr,transplant_neutral,dinov2_b14_518,erm,0.0,123,clean,0.7588235294117648,,0.7588235294117648,69,35,0,0.5942028985507246,0.5995798319327731,,"{""y0_a0"": {""n"": 34, ""accuracy"": 0.9705882352941176}, ""y0_a1"": {""n"": 0, ""accuracy"": NaN}, ""y1_a0"": {""n"": 35, ""accuracy"": 0.22857142857142856}, ""y1_a1"": {""n"": 0, ""accuracy"": NaN}}",0.6160212813588453,3
corr,transplant_neutral,dinov2_b14_518,erm,0.0,123,test_corr,0.7991596638655463,0.84375,0.6354166666666666,69,35,34,0.6086956521739131,0.6138655462184874,0.25,"{""y0_a0"": {""n"": 32, ""accuracy"": 0.96875}, ""y0_a1"": {""n"": 2, ""accuracy"": 1.0}, ""y1_a0"": {""n"": 3, ""accuracy"": 0.3333333333333333}, ""y1_a1"": {""n"": 32, ""accuracy"": 0.25}}",0.6160212813588453,3
corr,transplant_neutral,dinov2_b14_518,erm,0.0,123,test_rev,0.6974789915966386,0.9233870967741936,0.7530864197530864,69,35,39,0.5797101449275363,0.584453781512605,0.1481481481481481,"{""y0_a0"": {""n"": 3, ""accuracy"": 1.0}, ""y0_a1"": {""n"": 31, ""accuracy"": 0.9032258064516129}, ""y1_a0"": {""n"": 27, ""accuracy"": 0.14814814814814814}, ""y1_a1"": {""n"": 8, ""accuracy"": 0.625}}",0.6160212813588453,3
corr,transplant_neutral,dinov2_b14_518,mask,0.0,123,clean,0.8176470588235295,,0.8176470588235295,69,35,0,0.7246376811594203,0.7273109243697479,,"{""y0_a0"": {""n"": 34, ""accuracy"": 0.9117647058823529}, ""y0_a1"": {""n"": 0, ""accuracy"": NaN}, ""y1_a0"": {""n"": 35, ""accuracy"": 0.5428571428571428}, ""y1_a1"": {""n"": 0, ""accuracy"": NaN}}",0.5512244150796096,3
corr,transplant_neutral,dinov2_b14_518,mask,0.0,123,test_corr,0.8176470588235295,0.703125,0.9166666666666666,69,35,34,0.7246376811594203,0.7273109243697479,0.53125,"{""y0_a0"": {""n"": 32, ""accuracy"": 0.90625}, ""y0_a1"": {""n"": 2, ""accuracy"": 1.0}, ""y1_a0"": {""n"": 3, ""accuracy"": 0.6666666666666666}, ""y1_a1"": {""n"": 32, ""accuracy"": 0.53125}}",0.5512244150796096,3
corr,transplant_neutral,dinov2_b14_518,mask,0.0,123,test_rev,0.8176470588235295,0.9193548387096774,0.8518518518518519,69,35,39,0.7246376811594203,0.7273109243697479,0.4444444444444444,"{""y0_a0"": {""n"": 3, ""accuracy"": 1.0}, ""y0_a1"": {""n"": 31, ""accuracy"": 0.9032258064516129}, ""y1_a0"": {""n"": 27, ""accuracy"": 0.4444444444444444}, ""y1_a1"": {""n"": 8, ""accuracy"": 0.875}}",0.5512244150796096,3
corr,transplant_neutral,dinov2_b14_518,erm,0.0,456,clean,0.753781512605042,,0.753781512605042,69,35,0,0.6231884057971014,0.6273109243697479,,"{""y0_a0"": {""n"": 34, ""accuracy"": 0.9117647058823529}, ""y0_a1"": {""n"": 0, ""accuracy"": NaN}, ""y1_a0"": {""n"": 35, ""accuracy"": 0.34285714285714286}, ""y1_a1"": {""n"": 0, ""accuracy"": NaN}}",0.5764147903247698,3
corr,transplant_neutral,dinov2_b14_518,erm,0.0,456,test_corr,0.7798319327731094,0.796875,0.53125,69,35,34,0.6521739130434783,0.6558823529411765,0.0,"{""y0_a0"": {""n"": 32, ""accuracy"": 0.90625}, ""y0_a1"": {""n"": 2, ""accuracy"": 1.0}, ""y1_a0"": {""n"": 3, ""accuracy"": 0.0}, ""y1_a1"": {""n"": 32, ""accuracy"": 0.4375}}",0.5764147903247698,3
corr,transplant_neutral,dinov2_b14_518,erm,0.0,456,test_rev,0.6857142857142856,0.6444444444444444,0.828125,69,35,33,0.6086956521739131,0.6126050420168068,0.3333333333333333,"{""y0_a0"": {""n"": 4, ""accuracy"": 1.0}, ""y0_a1"": {""n"": 30, ""accuracy"": 0.8666666666666667}, ""y1_a0"": {""n"": 32, ""accuracy"": 0.34375}, ""y1_a1"": {""n"": 3, ""accuracy"": 0.3333333333333333}}",0.5764147903247698,3
corr,transplant_neutral,dinov2_b14_518,mask,0.0,456,clean,0.8176470588235295,,0.8176470588235295,69,35,0,0.7246376811594203,0.7273109243697479,,"{""y0_a0"": {""n"": 34, ""accuracy"": 0.9117647058823529}, ""y0_a1"": {""n"": 0, ""accuracy"": NaN}, ""y1_a0"": {""n"": 35, ""accuracy"": 0.5428571428571428}, ""y1_a1"": {""n"": 0, ""accuracy"": NaN}}",0.5512169486938432,3
corr,transplant_neutral,dinov2_b14_518,mask,0.0,456,test_corr,0.8176470588235295,0.796875,0.5104166666666667,69,35,34,0.7246376811594203,0.7273109243697479,0.0,"{""y0_a0"": {""n"": 32, ""accuracy"": 0.90625}, ""y0_a1"": {""n"": 2, ""accuracy"": 1.0}, ""y1_a0"": {""n"": 3, ""accuracy"": 0.0}, ""y1_a1"": {""n"": 32, ""accuracy"": 0.59375}}",0.5512169486938432,3
corr,transplant_neutral,dinov2_b14_518,mask,0.0,456,test_rev,0.8176470588235295,0.8444444444444444,0.8359375,69,35,33,0.7246376811594203,0.7273109243697479,0.53125,"{""y0_a0"": {""n"": 4, ""accuracy"": 1.0}, ""y0_a1"": {""n"": 30, ""accuracy"": 0.9}, ""y1_a0"": {""n"": 32, ""accuracy"": 0.53125}, ""y1_a1"": {""n"": 3, ""accuracy"": 0.6666666666666666}}",0.5512169486938432,3
corr,transplant_neutral,dinov2_b14_518,erm,0.0,789,clean,0.7588235294117647,,0.7588235294117647,69,35,0,0.5942028985507246,0.5995798319327731,,"{""y0_a0"": {""n"": 34, ""accuracy"": 0.9705882352941176}, ""y0_a1"": {""n"": 0, ""accuracy"": NaN}, ""y1_a0"": {""n"": 35, ""accuracy"": 0.22857142857142856}, ""y1_a1"": {""n"": 0, ""accuracy"": NaN}}",0.6143963565429832,3
corr,transplant_neutral,dinov2_b14_518,erm,0.0,789,test_corr,0.7907563025210084,0.7333333333333334,,69,35,41,0.6231884057971014,0.6277310924369748,,"{""y0_a0"": {""n"": 28, ""accuracy"": 0.9642857142857143}, ""y0_a1"": {""n"": 6, ""accuracy"": 0.8333333333333334}, ""y1_a0"": {""n"": 0, ""accuracy"": NaN}, ""y1_a1"": {""n"": 35, ""accuracy"": 0.3142857142857143}}",0.6143963565429832,3
corr,transplant_neutral,dinov2_b14_518,erm,0.0,789,test_rev,0.665546218487395,0.6767676767676768,0.96875,69,35,36,0.5507246376811594,0.5554621848739496,0.21875,"{""y0_a0"": {""n"": 1, ""accuracy"": 1.0}, ""y0_a1"": {""n"": 33, ""accuracy"": 0.8787878787878788}, ""y1_a0"": {""n"": 32, ""accuracy"": 0.21875}, ""y1_a1"": {""n"": 3, ""accuracy"": 0.3333333333333333}}",0.6143963565429832,3
corr,transplant_neutral,dinov2_b14_518,mask,0.0,789,clean,0.8176470588235295,,0.8176470588235295,69,35,0,0.7246376811594203,0.7273109243697479,,"{""y0_a0"": {""n"": 34, ""accuracy"": 0.9117647058823529}, ""y0_a1"": {""n"": 0, ""accuracy"": NaN}, ""y1_a0"": {""n"": 35, ""accuracy"": 0.5428571428571428}, ""y1_a1"": {""n"": 0, ""accuracy"": NaN}}",0.5512200548589442,3
corr,transplant_neutral,dinov2_b14_518,mask,0.0,789,test_corr,0.8176470588235295,0.7095238095238096,,69,35,41,0.7246376811594203,0.7273109243697479,,"{""y0_a0"": {""n"": 28, ""accuracy"": 0.9285714285714286}, ""y0_a1"": {""n"": 6, ""accuracy"": 0.8333333333333334}, ""y1_a0"": {""n"": 0, ""accuracy"": NaN}, ""y1_a1"": {""n"": 35, ""accuracy"": 0.5428571428571428}}",0.5512200548589442,3
corr,transplant_neutral,dinov2_b14_518,mask,0.0,789,test_rev,0.8176470588235295,0.9696969696969696,0.71875,69,35,36,0.7246376811594203,0.7273109243697479,0.5,"{""y0_a0"": {""n"": 1, ""accuracy"": 1.0}, ""y0_a1"": {""n"": 33, ""accuracy"": 0.9090909090909091}, ""y1_a0"": {""n"": 32, ""accuracy"": 0.5}, ""y1_a1"": {""n"": 3, ""accuracy"": 1.0}}",0.5512200548589442,3
corr,transplant_neutral,dinov2_b14_518,erm,0.0,2026,clean,0.7546218487394958,,0.7546218487394958,69,35,0,0.5942028985507246,0.5995798319327731,,"{""y0_a0"": {""n"": 34, ""accuracy"": 0.9705882352941176}, ""y0_a1"": {""n"": 0, ""accuracy"": NaN}, ""y1_a0"": {""n"": 35, ""accuracy"": 0.22857142857142856}, ""y1_a1"": {""n"": 0, ""accuracy"": NaN}}",0.6126887298546844,3
corr,transplant_neutral,dinov2_b14_518,erm,0.0,2026,test_corr,0.7899159663865546,0.375,0.96875,69,35,34,0.6231884057971014,0.6277310924369748,0.28125,"{""y0_a0"": {""n"": 32, ""accuracy"": 0.96875}, ""y0_a1"": {""n"": 2, ""accuracy"": 0.5}, ""y1_a0"": {""n"": 3, ""accuracy"": 0.6666666666666666}, ""y1_a1"": {""n"": 32, ""accuracy"": 0.28125}}",0.6126887298546844,3
corr,transplant_neutral,dinov2_b14_518,erm,0.0,2026,test_rev,0.6781512605042016,0.5862068965517242,0.711764705882353,69,35,30,0.5652173913043478,0.5701680672268907,0.0,"{""y0_a0"": {""n"": 5, ""accuracy"": 1.0}, ""y0_a1"": {""n"": 29, ""accuracy"": 0.896551724137931}, ""y1_a0"": {""n"": 34, ""accuracy"": 0.23529411764705882}, ""y1_a1"": {""n"": 1, ""accuracy"": 0.0}}",0.6126887298546844,3
corr,transplant_neutral,dinov2_b14_518,mask,0.0,2026,clean,0.8176470588235295,,0.8176470588235295,69,35,0,0.7246376811594203,0.7273109243697479,,"{""y0_a0"": {""n"": 34, ""accuracy"": 0.9117647058823529}, ""y0_a1"": {""n"": 0, ""accuracy"": NaN}, ""y1_a0"": {""n"": 35, ""accuracy"": 0.5428571428571428}, ""y1_a1"": {""n"": 0, ""accuracy"": NaN}}",0.5512100804481217,3
corr,transplant_neutral,dinov2_b14_518,mask,0.0,2026,test_corr,0.8176470588235295,0.78125,0.96875,69,35,34,0.7246376811594203,0.7273109243697479,0.53125,"{""y0_a0"": {""n"": 32, ""accuracy"": 0.90625}, ""y0_a1"": {""n"": 2, ""accuracy"": 1.0}, ""y1_a0"": {""n"": 3, ""accuracy"": 0.6666666666666666}, ""y1_a1"": {""n"": 32, ""accuracy"": 0.53125}}",0.5512100804481217,3
corr,transplant_neutral,dinov2_b14_518,mask,0.0,2026,test_rev,0.8176470588235295,1.0,0.7058823529411765,69,35,30,0.7246376811594203,0.7273109243697479,0.5294117647058824,"{""y0_a0"": {""n"": 5, ""accuracy"": 0.8}, ""y0_a1"": {""n"": 29, ""accuracy"": 0.9310344827586207}, ""y1_a0"": {""n"": 34, ""accuracy"": 0.5294117647058824}, ""y1_a1"": {""n"": 1, ""accuracy"": 1.0}}",0.5512100804481217,3
corr,transplant_neutral,dinov2_b14_518,erm,1.0,42,clean,0.7369747899159664,,0.7369747899159664,69,35,0,0.6521739130434783,0.6550420168067227,,"{""y0_a0"": {""n"": 34, ""accuracy"": 0.8529411764705882}, ""y0_a1"": {""n"": 0, ""accuracy"": NaN}, ""y1_a0"": {""n"": 35, ""accuracy"": 0.45714285714285713}, ""y1_a1"": {""n"": 0, ""accuracy"": NaN}}",0.5529581376241939,3
corr,transplant_neutral,dinov2_b14_518,erm,1.0,42,test_corr,0.792436974789916,0.7727272727272727,0.546875,69,35,35,0.6956521739130435,0.6978991596638655,0.0,"{""y0_a0"": {""n"": 32, ""accuracy"": 0.84375}, ""y0_a1"": {""n"": 2, ""accuracy"": 1.0}, ""y1_a0"": {""n"": 2, ""accuracy"": 0.0}, ""y1_a1"": {""n"": 33, ""accuracy"": 0.5757575757575758}}",0.5529581376241939,3
corr,transplant_neutral,dinov2_b14_518,erm,1.0,42,test_rev,0.646218487394958,0.4827586206896551,0.870967741935484,69,35,33,0.6521739130434783,0.6546218487394958,0.25,"{""y0_a0"": {""n"": 5, ""accuracy"": 1.0}, ""y0_a1"": {""n"": 29, ""accuracy"": 0.7931034482758621}, ""y1_a0"": {""n"": 31, ""accuracy"": 0.5161290322580645}, ""y1_a1"": {""n"": 4, ""accuracy"": 0.25}}",0.5529581376241939,3
corr,transplant_neutral,dinov2_b14_518,mask,1.0,42,clean,0.8025210084033614,,0.8025210084033614,69,35,0,0.6956521739130435,0.6945378151260504,,"{""y0_a0"": {""n"": 34, ""accuracy"": 0.6176470588235294}, ""y0_a1"": {""n"": 0, ""accuracy"": NaN}, ""y1_a0"": {""n"": 35, ""accuracy"": 0.7714285714285715}, ""y1_a1"": {""n"": 0, ""accuracy"": NaN}}",0.4282303708241511,3
corr,transplant_neutral,dinov2_b14_518,mask,1.0,42,test_corr,0.865546218487395,0.8636363636363636,0.609375,69,35,35,0.7246376811594203,0.7231092436974791,0.5,"{""y0_a0"": {""n"": 32, ""accuracy"": 0.625}, ""y0_a1"": {""n"": 2, ""accuracy"": 0.5}, ""y1_a0"": {""n"": 2, ""accuracy"": 0.5}, ""y1_a1"": {""n"": 33, ""accuracy"": 0.8484848484848485}}",0.4282303708241511,3
corr,transplant_neutral,dinov2_b14_518,mask,1.0,42,test_rev,0.7067226890756303,0.7758620689655172,0.832258064516129,69,35,33,0.6376811594202898,0.6357142857142857,0.4,"{""y0_a0"": {""n"": 5, ""accuracy"": 0.4}, ""y0_a1"": {""n"": 29, ""accuracy"": 0.5172413793103449}, ""y1_a0"": {""n"": 31, ""accuracy"": 0.7741935483870968}, ""y1_a1"": {""n"": 4, ""accuracy"": 0.75}}",0.4282303708241511,3
corr,transplant_neutral,dinov2_b14_518,erm,1.0,123,clean,0.738655462184874,,0.738655462184874,69,35,0,0.6521739130434783,0.6550420168067227,,"{""y0_a0"": {""n"": 34, ""accuracy"": 0.8529411764705882}, ""y0_a1"": {""n"": 0, ""accuracy"": NaN}, ""y1_a0"": {""n"": 35, ""accuracy"": 0.45714285714285713}, ""y1_a1"": {""n"": 0, ""accuracy"": NaN}}",0.5520935291071202,3
corr,transplant_neutral,dinov2_b14_518,erm,1.0,123,test_corr,0.7873949579831933,0.84375,0.625,69,35,34,0.6956521739130435,0.6978991596638655,0.3333333333333333,"{""y0_a0"": {""n"": 32, ""accuracy"": 0.84375}, ""y0_a1"": {""n"": 2, ""accuracy"": 1.0}, ""y1_a0"": {""n"": 3, ""accuracy"": 0.3333333333333333}, ""y1_a1"": {""n"": 32, ""accuracy"": 0.5625}}",0.5520935291071202,3
corr,transplant_neutral,dinov2_b14_518,erm,1.0,123,test_rev,0.6596638655462185,0.9233870967741936,0.7160493827160495,69,35,39,0.6521739130434783,0.6546218487394958,0.4074074074074074,"{""y0_a0"": {""n"": 3, ""accuracy"": 1.0}, ""y0_a1"": {""n"": 31, ""accuracy"": 0.8064516129032258}, ""y1_a0"": {""n"": 27, ""accuracy"": 0.4074074074074074}, ""y1_a1"": {""n"": 8, ""accuracy"": 0.75}}",0.5520935291071202,3
corr,transplant_neutral,dinov2_b14_518,mask,1.0,123,clean,0.8042016806722688,,0.8042016806722688,69,35,0,0.6956521739130435,0.6983193277310924,,"{""y0_a0"": {""n"": 34, ""accuracy"": 0.8823529411764706}, ""y0_a1"": {""n"": 0, ""accuracy"": NaN}, ""y1_a0"": {""n"": 35, ""accuracy"": 0.5142857142857142}, ""y1_a1"": {""n"": 0, ""accuracy"": NaN}}",0.5209644080044847,3
corr,transplant_neutral,dinov2_b14_518,mask,1.0,123,test_corr,0.8630252100840337,0.8125,0.8958333333333334,69,35,34,0.7681159420289855,0.7697478991596638,0.3333333333333333,"{""y0_a0"": {""n"": 32, ""accuracy"": 0.875}, ""y0_a1"": {""n"": 2, ""accuracy"": 1.0}, ""y1_a0"": {""n"": 3, ""accuracy"": 0.3333333333333333}, ""y1_a1"": {""n"": 32, ""accuracy"": 0.6875}}",0.5209644080044847,3
corr,transplant_neutral,dinov2_b14_518,mask,1.0,123,test_rev,0.6915966386554622,0.875,0.8395061728395062,69,35,39,0.6231884057971014,0.6243697478991597,0.4444444444444444,"{""y0_a0"": {""n"": 3, ""accuracy"": 1.0}, ""y0_a1"": {""n"": 31, ""accuracy"": 0.6774193548387096}, ""y1_a0"": {""n"": 27, ""accuracy"": 0.4444444444444444}, ""y1_a1"": {""n"": 8, ""accuracy"": 0.875}}",0.5209644080044847,3
corr,transplant_neutral,dinov2_b14_518,erm,1.0,456,clean,0.7302521008403361,,0.7302521008403361,69,35,0,0.6521739130434783,0.6550420168067227,,"{""y0_a0"": {""n"": 34, ""accuracy"": 0.8529411764705882}, ""y0_a1"": {""n"": 0, ""accuracy"": NaN}, ""y1_a0"": {""n"": 35, ""accuracy"": 0.45714285714285713}, ""y1_a1"": {""n"": 0, ""accuracy"": NaN}}",0.5463369183767804,3
corr,transplant_neutral,dinov2_b14_518,erm,1.0,456,test_corr,0.7773109243697479,0.828125,0.53125,69,35,34,0.7101449275362319,0.7121848739495797,0.3333333333333333,"{""y0_a0"": {""n"": 32, ""accuracy"": 0.84375}, ""y0_a1"": {""n"": 2, ""accuracy"": 1.0}, ""y1_a0"": {""n"": 3, ""accuracy"": 0.3333333333333333}, ""y1_a1"": {""n"": 32, ""accuracy"": 0.59375}}",0.5463369183767804,3
corr,transplant_neutral,dinov2_b14_518,erm,1.0,456,test_rev,0.6411764705882352,0.611111111111111,0.78125,69,35,33,0.6231884057971014,0.6256302521008403,0.3333333333333333,"{""y0_a0"": {""n"": 4, ""accuracy"": 0.75}, ""y0_a1"": {""n"": 30, ""accuracy"": 0.8}, ""y1_a0"": {""n"": 32, ""accuracy"": 0.46875}, ""y1_a1"": {""n"": 3, ""accuracy"": 0.3333333333333333}}",0.5463369183767804,3
corr,transplant_neutral,dinov2_b14_518,mask,1.0,456,clean,0.8050420168067226,,0.8050420168067226,69,35,0,0.7101449275362319,0.7126050420168066,,"{""y0_a0"": {""n"": 34, ""accuracy"": 0.8823529411764706}, ""y0_a1"": {""n"": 0, ""accuracy"": NaN}, ""y1_a0"": {""n"": 35, ""accuracy"": 0.5428571428571428}, ""y1_a1"": {""n"": 0, ""accuracy"": NaN}}",0.5124350131891184,3
corr,transplant_neutral,dinov2_b14_518,mask,1.0,456,test_corr,0.8563025210084034,0.859375,0.5104166666666666,69,35,34,0.8115942028985508,0.8126050420168067,0.0,"{""y0_a0"": {""n"": 32, ""accuracy"": 0.875}, ""y0_a1"": {""n"": 2, ""accuracy"": 1.0}, ""y1_a0"": {""n"": 3, ""accuracy"": 0.0}, ""y1_a1"": {""n"": 32, ""accuracy"": 0.8125}}",0.5124350131891184,3
corr,transplant_neutral,dinov2_b14_518,mask,1.0,456,test_rev,0.7008403361344537,0.8666666666666667,0.8046875,69,35,33,0.6231884057971014,0.6243697478991597,0.53125,"{""y0_a0"": {""n"": 4, ""accuracy"": 0.75}, ""y0_a1"": {""n"": 30, ""accuracy"": 0.7}, ""y1_a0"": {""n"": 32, ""accuracy"": 0.53125}, ""y1_a1"": {""n"": 3, ""accuracy"": 0.6666666666666666}}",0.5124350131891184,3
corr,transplant_neutral,dinov2_b14_518,erm,1.0,789,clean,0.7369747899159664,,0.7369747899159664,69,35,0,0.6231884057971014,0.6281512605042017,,"{""y0_a0"": {""n"": 34, ""accuracy"": 0.9705882352941176}, ""y0_a1"": {""n"": 0, ""accuracy"": NaN}, ""y1_a0"": {""n"": 35, ""accuracy"": 0.2857142857142857}, ""y1_a1"": {""n"": 0, ""accuracy"": NaN}}",0.5806222727667978,3
corr,transplant_neutral,dinov2_b14_518,erm,1.0,789,test_corr,0.7840336134453781,0.7190476190476189,,69,35,41,0.7101449275362319,0.7134453781512605,,"{""y0_a0"": {""n"": 28, ""accuracy"": 0.9642857142857143}, ""y0_a1"": {""n"": 6, ""accuracy"": 0.8333333333333334}, ""y1_a0"": {""n"": 0, ""accuracy"": NaN}, ""y1_a1"": {""n"": 35, ""accuracy"": 0.4857142857142857}}",0.5806222727667978,3
corr,transplant_neutral,dinov2_b14_518,erm,1.0,789,test_rev,0.6210084033613446,0.6363636363636364,0.96875,69,35,36,0.5507246376811594,0.5546218487394958,0.28125,"{""y0_a0"": {""n"": 1, ""accuracy"": 1.0}, ""y0_a1"": {""n"": 33, ""accuracy"": 0.8181818181818182}, ""y1_a0"": {""n"": 32, ""accuracy"": 0.28125}, ""y1_a1"": {""n"": 3, ""accuracy"": 0.3333333333333333}}",0.5806222727667978,3
corr,transplant_neutral,dinov2_b14_518,mask,1.0,789,clean,0.803361344537815,,0.803361344537815,69,35,0,0.6956521739130435,0.6983193277310924,,"{""y0_a0"": {""n"": 34, ""accuracy"": 0.8823529411764706}, ""y0_a1"": {""n"": 0, ""accuracy"": NaN}, ""y1_a0"": {""n"": 35, ""accuracy"": 0.5142857142857142}, ""y1_a1"": {""n"": 0, ""accuracy"": NaN}}",0.5298978117006921,3
corr,transplant_neutral,dinov2_b14_518,mask,1.0,789,test_corr,0.8378151260504202,0.6047619047619047,,69,35,41,0.7681159420289855,0.76890756302521,,"{""y0_a0"": {""n"": 28, ""accuracy"": 0.9285714285714286}, ""y0_a1"": {""n"": 6, ""accuracy"": 0.3333333333333333}, ""y1_a0"": {""n"": 0, ""accuracy"": NaN}, ""y1_a1"": {""n"": 35, ""accuracy"": 0.7142857142857143}}",0.5298978117006921,3
corr,transplant_neutral,dinov2_b14_518,mask,1.0,789,test_rev,0.6747899159663866,0.9090909090909092,0.75,69,35,36,0.6231884057971014,0.6243697478991597,0.5,"{""y0_a0"": {""n"": 1, ""accuracy"": 1.0}, ""y0_a1"": {""n"": 33, ""accuracy"": 0.696969696969697}, ""y1_a0"": {""n"": 32, ""accuracy"": 0.5}, ""y1_a1"": {""n"": 3, ""accuracy"": 1.0}}",0.5298978117006921,3
corr,transplant_neutral,dinov2_b14_518,erm,1.0,2026,clean,0.7327731092436974,,0.7327731092436974,69,35,0,0.6086956521739131,0.6126050420168068,,"{""y0_a0"": {""n"": 34, ""accuracy"": 0.8823529411764706}, ""y0_a1"": {""n"": 0, ""accuracy"": NaN}, ""y1_a0"": {""n"": 35, ""accuracy"": 0.34285714285714286}, ""y1_a1"": {""n"": 0, ""accuracy"": NaN}}",0.5710385270200852,3
corr,transplant_neutral,dinov2_b14_518,erm,1.0,2026,test_corr,0.7764705882352941,0.375,0.9479166666666666,69,35,34,0.6666666666666666,0.6693277310924369,0.4375,"{""y0_a0"": {""n"": 32, ""accuracy"": 0.875}, ""y0_a1"": {""n"": 2, ""accuracy"": 0.5}, ""y1_a0"": {""n"": 3, ""accuracy"": 1.0}, ""y1_a1"": {""n"": 32, ""accuracy"": 0.4375}}",0.5710385270200852,3
corr,transplant_neutral,dinov2_b14_518,erm,1.0,2026,test_rev,0.6294117647058823,0.5172413793103448,0.6823529411764706,69,35,30,0.5797101449275363,0.5831932773109243,0.0,"{""y0_a0"": {""n"": 5, ""accuracy"": 0.8}, ""y0_a1"": {""n"": 29, ""accuracy"": 0.8275862068965517}, ""y1_a0"": {""n"": 34, ""accuracy"": 0.35294117647058826}, ""y1_a1"": {""n"": 1, ""accuracy"": 0.0}}",0.5710385270200852,3
corr,transplant_neutral,dinov2_b14_518,mask,1.0,2026,clean,0.8067226890756302,,0.8067226890756302,69,35,0,0.6956521739130435,0.6945378151260504,,"{""y0_a0"": {""n"": 34, ""accuracy"": 0.6176470588235294}, ""y0_a1"": {""n"": 0, ""accuracy"": NaN}, ""y1_a0"": {""n"": 35, ""accuracy"": 0.7714285714285715}, ""y1_a1"": {""n"": 0, ""accuracy"": NaN}}",0.424848098457192,3
corr,transplant_neutral,dinov2_b14_518,mask,1.0,2026,test_corr,0.8546218487394959,0.65625,0.9375,69,35,34,0.7246376811594203,0.7226890756302521,0.0,"{""y0_a0"": {""n"": 32, ""accuracy"": 0.625}, ""y0_a1"": {""n"": 2, ""accuracy"": 0.0}, ""y1_a0"": {""n"": 3, ""accuracy"": 1.0}, ""y1_a1"": {""n"": 32, ""accuracy"": 0.84375}}",0.424848098457192,3
corr,transplant_neutral,dinov2_b14_518,mask,1.0,2026,test_rev,0.6848739495798319,1.0,0.6529411764705881,69,35,30,0.5942028985507246,0.5915966386554622,0.2,"{""y0_a0"": {""n"": 5, ""accuracy"": 0.2}, ""y0_a1"": {""n"": 29, ""accuracy"": 0.4482758620689655}, ""y1_a0"": {""n"": 34, ""accuracy"": 0.7647058823529411}, ""y1_a1"": {""n"": 1, ""accuracy"": 1.0}}",0.424848098457192,3
corr,transplant_neutral,dinov2_b14_518,erm,0.0,42,clean,0.6789915966386555,,0.6789915966386555,69,35,0,0.6086956521739131,0.6088235294117648,,"{""y0_a0"": {""n"": 34, ""accuracy"": 0.6176470588235294}, ""y0_a1"": {""n"": 0, ""accuracy"": NaN}, ""y1_a0"": {""n"": 35, ""accuracy"": 0.6}, ""y1_a1"": {""n"": 0, ""accuracy"": NaN}}",0.5000170420188714,4
corr,transplant_neutral,dinov2_b14_518,erm,0.0,42,test_corr,0.6957983193277312,0.6774193548387096,0.5984848484848484,69,35,32,0.6376811594202898,0.6373949579831932,0.5,"{""y0_a0"": {""n"": 33, ""accuracy"": 0.6060606060606061}, ""y0_a1"": {""n"": 1, ""accuracy"": 1.0}, ""y1_a0"": {""n"": 4, ""accuracy"": 0.5}, ""y1_a1"": {""n"": 31, ""accuracy"": 0.6774193548387096}}",0.5000170420188714,4
corr,transplant_neutral,dinov2_b14_518,erm,0.0,42,test_rev,0.6184873949579832,0.7555555555555555,0.8125,69,35,33,0.5942028985507246,0.5936974789915966,0.5,"{""y0_a0"": {""n"": 4, ""accuracy"": 1.0}, ""y0_a1"": {""n"": 30, ""accuracy"": 0.5}, ""y1_a0"": {""n"": 32, ""accuracy"": 0.59375}, ""y1_a1"": {""n"": 3, ""accuracy"": 1.0}}",0.5000170420188714,4
corr,transplant_neutral,dinov2_b14_518,mask,0.0,42,clean,0.8168067226890756,,0.8168067226890756,69,35,0,0.7246376811594203,0.7231092436974791,,"{""y0_a0"": {""n"": 34, ""accuracy"": 0.6176470588235294}, ""y0_a1"": {""n"": 0, ""accuracy"": NaN}, ""y1_a0"": {""n"": 35, ""accuracy"": 0.8285714285714286}, ""y1_a1"": {""n"": 0, ""accuracy"": NaN}}",0.4154496553953365,4
corr,transplant_neutral,dinov2_b14_518,mask,0.0,42,test_corr,0.8168067226890756,0.9032258064516128,0.7727272727272727,69,35,32,0.7246376811594203,0.7231092436974791,0.6060606060606061,"{""y0_a0"": {""n"": 33, ""accuracy"": 0.6060606060606061}, ""y0_a1"": {""n"": 1, ""accuracy"": 1.0}, ""y1_a0"": {""n"": 4, ""accuracy"": 0.75}, ""y1_a1"": {""n"": 31, ""accuracy"": 0.8387096774193549}}",0.4154496553953365,4
corr,transplant_neutral,dinov2_b14_518,mask,0.0,42,test_rev,0.8168067226890756,0.888888888888889,0.890625,69,35,33,0.7246376811594203,0.7231092436974791,0.6,"{""y0_a0"": {""n"": 4, ""accuracy"": 0.75}, ""y0_a1"": {""n"": 30, ""accuracy"": 0.6}, ""y1_a0"": {""n"": 32, ""accuracy"": 0.8125}, ""y1_a1"": {""n"": 3, ""accuracy"": 1.0}}",0.4154496553953365,4
corr,transplant_neutral,dinov2_b14_518,erm,0.0,123,clean,0.6764705882352942,,0.6764705882352942,69,35,0,0.6086956521739131,0.6088235294117648,,"{""y0_a0"": {""n"": 34, ""accuracy"": 0.6176470588235294}, ""y0_a1"": {""n"": 0, ""accuracy"": NaN}, ""y1_a0"": {""n"": 35, ""accuracy"": 0.6}, ""y1_a1"": {""n"": 0, ""accuracy"": NaN}}",0.5000076240479265,4
corr,transplant_neutral,dinov2_b14_518,erm,0.0,123,test_corr,0.6974789915966386,0.5571428571428572,,69,35,37,0.6376811594202898,0.6373949579831932,,"{""y0_a0"": {""n"": 32, ""accuracy"": 0.625}, ""y0_a1"": {""n"": 2, ""accuracy"": 0.5}, ""y1_a0"": {""n"": 0, ""accuracy"": NaN}, ""y1_a1"": {""n"": 35, ""accuracy"": 0.6571428571428571}}",0.5000076240479265,4
corr,transplant_neutral,dinov2_b14_518,erm,0.0,123,test_rev,0.6184873949579832,0.8083333333333333,0.653225806451613,69,35,34,0.5652173913043478,0.5647058823529412,0.5,"{""y0_a0"": {""n"": 4, ""accuracy"": 0.75}, ""y0_a1"": {""n"": 30, ""accuracy"": 0.5}, ""y1_a0"": {""n"": 31, ""accuracy"": 0.5806451612903226}, ""y1_a1"": {""n"": 4, ""accuracy"": 0.75}}",0.5000076240479265,4
corr,transplant_neutral,dinov2_b14_518,mask,0.0,123,clean,0.8168067226890756,,0.8168067226890756,69,35,0,0.7246376811594203,0.7231092436974791,,"{""y0_a0"": {""n"": 34, ""accuracy"": 0.6176470588235294}, ""y0_a1"": {""n"": 0, ""accuracy"": NaN}, ""y1_a0"": {""n"": 35, ""accuracy"": 0.8285714285714286}, ""y1_a1"": {""n"": 0, ""accuracy"": NaN}}",0.4154497829100593,4
corr,transplant_neutral,dinov2_b14_518,mask,0.0,123,test_corr,0.8168067226890756,0.8999999999999999,,69,35,37,0.7246376811594203,0.7231092436974791,,"{""y0_a0"": {""n"": 32, ""accuracy"": 0.59375}, ""y0_a1"": {""n"": 2, ""accuracy"": 1.0}, ""y1_a0"": {""n"": 0, ""accuracy"": NaN}, ""y1_a1"": {""n"": 35, ""accuracy"": 0.8285714285714286}}",0.4154497829100593,4
corr,transplant_neutral,dinov2_b14_518,mask,0.0,123,test_rev,0.8168067226890756,0.9166666666666669,0.935483870967742,69,35,34,0.7246376811594203,0.7231092436974791,0.5666666666666667,"{""y0_a0"": {""n"": 4, ""accuracy"": 1.0}, ""y0_a1"": {""n"": 30, ""accuracy"": 0.5666666666666667}, ""y1_a0"": {""n"": 31, ""accuracy"": 0.8064516129032258}, ""y1_a1"": {""n"": 4, ""accuracy"": 1.0}}",0.4154497829100593,4
corr,transplant_neutral,dinov2_b14_518,erm,0.0,456,clean,0.6789915966386555,,0.6789915966386555,69,35,0,0.6086956521739131,0.6088235294117648,,"{""y0_a0"": {""n"": 34, ""accuracy"": 0.6176470588235294}, ""y0_a1"": {""n"": 0, ""accuracy"": NaN}, ""y1_a0"": {""n"": 35, ""accuracy"": 0.6}, ""y1_a1"": {""n"": 0, ""accuracy"": NaN}}",0.5000059118934391,4
corr,transplant_neutral,dinov2_b14_518,erm,0.0,456,test_corr,0.6899159663865547,0.6941176470588235,0.8620689655172413,69,35,39,0.6376811594202898,0.6373949579831932,0.5862068965517241,"{""y0_a0"": {""n"": 29, ""accuracy"": 0.5862068965517241}, ""y0_a1"": {""n"": 5, ""accuracy"": 0.8}, ""y1_a0"": {""n"": 1, ""accuracy"": 1.0}, ""y1_a1"": {""n"": 34, ""accuracy"": 0.6470588235294118}}",0.5000059118934391,4
corr,transplant_neutral,dinov2_b14_518,erm,0.0,456,test_rev,0.6134453781512605,0.4193548387096774,0.625,69,35,34,0.5652173913043478,0.5647058823529412,0.3333333333333333,"{""y0_a0"": {""n"": 3, ""accuracy"": 0.3333333333333333}, ""y0_a1"": {""n"": 31, ""accuracy"": 0.5483870967741935}, ""y1_a0"": {""n"": 32, ""accuracy"": 0.59375}, ""y1_a1"": {""n"": 3, ""accuracy"": 0.6666666666666666}}",0.5000059118934391,4
corr,transplant_neutral,dinov2_b14_518,mask,0.0,456,clean,0.8168067226890756,,0.8168067226890756,69,35,0,0.7246376811594203,0.7231092436974791,,"{""y0_a0"": {""n"": 34, ""accuracy"": 0.6176470588235294}, ""y0_a1"": {""n"": 0, ""accuracy"": NaN}, ""y1_a0"": {""n"": 35, ""accuracy"": 0.8285714285714286}, ""y1_a1"": {""n"": 0, ""accuracy"": NaN}}",0.4154320451845432,4
corr,transplant_neutral,dinov2_b14_518,mask,0.0,456,test_corr,0.8168067226890756,0.9176470588235294,0.8275862068965517,69,35,39,0.7246376811594203,0.7231092436974791,0.5862068965517241,"{""y0_a0"": {""n"": 29, ""accuracy"": 0.5862068965517241}, ""y0_a1"": {""n"": 5, ""accuracy"": 0.8}, ""y1_a0"": {""n"": 1, ""accuracy"": 1.0}, ""y1_a1"": {""n"": 34, ""accuracy"": 0.8235294117647058}}",0.4154320451845432,4
corr,transplant_neutral,dinov2_b14_518,mask,0.0,456,test_rev,0.8168067226890756,0.5806451612903225,0.9791666666666666,69,35,34,0.7246376811594203,0.7231092436974791,0.5806451612903226,"{""y0_a0"": {""n"": 3, ""accuracy"": 1.0}, ""y0_a1"": {""n"": 31, ""accuracy"": 0.5806451612903226}, ""y1_a0"": {""n"": 32, ""accuracy"": 0.84375}, ""y1_a1"": {""n"": 3, ""accuracy"": 0.6666666666666666}}",0.4154320451845432,4
corr,transplant_neutral,dinov2_b14_518,erm,0.0,789,clean,0.6781512605042017,,0.6781512605042017,69,35,0,0.6376811594202898,0.6365546218487395,,"{""y0_a0"": {""n"": 34, ""accuracy"": 0.5588235294117647}, ""y0_a1"": {""n"": 0, ""accuracy"": NaN}, ""y1_a0"": {""n"": 35, ""accuracy"": 0.7142857142857143}, ""y1_a1"": {""n"": 0, ""accuracy"": NaN}}",0.499898627287288,4
corr,transplant_neutral,dinov2_b14_518,erm,0.0,789,test_corr,0.7050420168067227,,0.7352941176470588,69,35,30,0.6666666666666666,0.6651260504201681,,"{""y0_a0"": {""n"": 34, ""accuracy"": 0.5588235294117647}, ""y0_a1"": {""n"": 0, ""accuracy"": NaN}, ""y1_a0"": {""n"": 5, ""accuracy"": 0.8}, ""y1_a1"": {""n"": 30, ""accuracy"": 0.7666666666666667}}",0.499898627287288,4
corr,transplant_neutral,dinov2_b14_518,erm,0.0,789,test_rev,0.6201680672268908,0.8933333333333333,0.5916666666666667,69,35,35,0.5652173913043478,0.5630252100840336,0.4,"{""y0_a0"": {""n"": 4, ""accuracy"": 0.5}, ""y0_a1"": {""n"": 30, ""accuracy"": 0.4}, ""y1_a0"": {""n"": 30, ""accuracy"": 0.6666666666666666}, ""y1_a1"": {""n"": 5, ""accuracy"": 1.0}}",0.499898627287288,4
corr,transplant_neutral,dinov2_b14_518,mask,0.0,789,clean,0.8168067226890756,,0.8168067226890756,69,35,0,0.7246376811594203,0.7231092436974791,,"{""y0_a0"": {""n"": 34, ""accuracy"": 0.6176470588235294}, ""y0_a1"": {""n"": 0, ""accuracy"": NaN}, ""y1_a0"": {""n"": 35, ""accuracy"": 0.8285714285714286}, ""y1_a1"": {""n"": 0, ""accuracy"": NaN}}",0.4154364952513519,4
corr,transplant_neutral,dinov2_b14_518,mask,0.0,789,test_corr,0.8168067226890756,,0.8117647058823529,69,35,30,0.7246376811594203,0.7231092436974791,,"{""y0_a0"": {""n"": 34, ""accuracy"": 0.6176470588235294}, ""y0_a1"": {""n"": 0, ""accuracy"": NaN}, ""y1_a0"": {""n"": 5, ""accuracy"": 0.8}, ""y1_a1"": {""n"": 30, ""accuracy"": 0.8333333333333334}}",0.4154364952513519,4
corr,transplant_neutral,dinov2_b14_518,mask,0.0,789,test_rev,0.8168067226890756,0.8666666666666666,0.65,69,35,35,0.7246376811594203,0.7231092436974791,0.25,"{""y0_a0"": {""n"": 4, ""accuracy"": 0.25}, ""y0_a1"": {""n"": 30, ""accuracy"": 0.6666666666666666}, ""y1_a0"": {""n"": 30, ""accuracy"": 0.8333333333333334}, ""y1_a1"": {""n"": 5, ""accuracy"": 0.8}}",0.4154364952513519,4
corr,transplant_neutral,dinov2_b14_518,erm,0.0,2026,clean,0.6798319327731093,,0.6798319327731093,69,35,0,0.6086956521739131,0.6088235294117648,,"{""y0_a0"": {""n"": 34, ""accuracy"": 0.6176470588235294}, ""y0_a1"": {""n"": 0, ""accuracy"": NaN}, ""y1_a0"": {""n"": 35, ""accuracy"": 0.6}, ""y1_a1"": {""n"": 0, ""accuracy"": NaN}}",0.5000226919473157,4
corr,transplant_neutral,dinov2_b14_518,erm,0.0,2026,test_corr,0.7025210084033614,0.6612903225806451,0.953125,69,35,33,0.6376811594202898,0.6373949579831932,0.5,"{""y0_a0"": {""n"": 32, ""accuracy"": 0.625}, ""y0_a1"": {""n"": 2, ""accuracy"": 0.5}, ""y1_a0"": {""n"": 4, ""accuracy"": 1.0}, ""y1_a1"": {""n"": 31, ""accuracy"": 0.6129032258064516}}",0.5000226919473157,4
corr,transplant_neutral,dinov2_b14_518,erm,0.0,2026,test_rev,0.6151260504201681,0.3229166666666666,0.796875,69,35,35,0.5507246376811594,0.55,0.0,"{""y0_a0"": {""n"": 2, ""accuracy"": 1.0}, ""y0_a1"": {""n"": 32, ""accuracy"": 0.46875}, ""y1_a0"": {""n"": 32, ""accuracy"": 0.65625}, ""y1_a1"": {""n"": 3, ""accuracy"": 0.0}}",0.5000226919473157,4
corr,transplant_neutral,dinov2_b14_518,mask,0.0,2026,clean,0.8168067226890756,,0.8168067226890756,69,35,0,0.7246376811594203,0.7231092436974791,,"{""y0_a0"": {""n"": 34, ""accuracy"": 0.6176470588235294}, ""y0_a1"": {""n"": 0, ""accuracy"": NaN}, ""y1_a0"": {""n"": 35, ""accuracy"": 0.8285714285714286}, ""y1_a1"": {""n"": 0, ""accuracy"": NaN}}",0.4154447682959871,4
corr,transplant_neutral,dinov2_b14_518,mask,0.0,2026,test_corr,0.8168067226890756,0.6290322580645161,0.9140625,69,35,33,0.7246376811594203,0.7231092436974791,0.0,"{""y0_a0"": {""n"": 32, ""accuracy"": 0.65625}, ""y0_a1"": {""n"": 2, ""accuracy"": 0.0}, ""y1_a0"": {""n"": 4, ""accuracy"": 1.0}, ""y1_a1"": {""n"": 31, ""accuracy"": 0.8064516129032258}}",0.4154447682959871,4
corr,transplant_neutral,dinov2_b14_518,mask,0.0,2026,test_rev,0.8168067226890756,0.9479166666666666,0.9375,69,35,35,0.7246376811594203,0.7231092436974791,0.59375,"{""y0_a0"": {""n"": 2, ""accuracy"": 1.0}, ""y0_a1"": {""n"": 32, ""accuracy"": 0.59375}, ""y1_a0"": {""n"": 32, ""accuracy"": 0.8125}, ""y1_a1"": {""n"": 3, ""accuracy"": 1.0}}",0.4154447682959871,4
corr,transplant_neutral,dinov2_b14_518,erm,1.0,42,clean,0.6781512605042017,,0.6781512605042017,69,35,0,0.6376811594202898,0.6361344537815126,,"{""y0_a0"": {""n"": 34, ""accuracy"": 0.5294117647058824}, ""y0_a1"": {""n"": 0, ""accuracy"": NaN}, ""y1_a0"": {""n"": 35, ""accuracy"": 0.7428571428571429}, ""y1_a1"": {""n"": 0, ""accuracy"": NaN}}",0.4998758130821136,4
corr,transplant_neutral,dinov2_b14_518,erm,1.0,42,test_corr,0.7218487394957983,0.7096774193548387,0.606060606060606,69,35,32,0.6376811594202898,0.6361344537815126,0.0,"{""y0_a0"": {""n"": 33, ""accuracy"": 0.5454545454545454}, ""y0_a1"": {""n"": 1, ""accuracy"": 0.0}, ""y1_a0"": {""n"": 4, ""accuracy"": 0.5}, ""y1_a1"": {""n"": 31, ""accuracy"": 0.7741935483870968}}",0.4998758130821136,4
corr,transplant_neutral,dinov2_b14_518,erm,1.0,42,test_rev,0.6084033613445378,0.7666666666666666,0.8046875,69,35,33,0.5652173913043478,0.5626050420168067,0.3333333333333333,"{""y0_a0"": {""n"": 4, ""accuracy"": 0.75}, ""y0_a1"": {""n"": 30, ""accuracy"": 0.3333333333333333}, ""y1_a0"": {""n"": 32, ""accuracy"": 0.71875}, ""y1_a1"": {""n"": 3, ""accuracy"": 1.0}}",0.4998758130821136,4
corr,transplant_neutral,dinov2_b14_518,mask,1.0,42,clean,0.8050420168067227,,0.8050420168067227,69,35,0,0.7101449275362319,0.7079831932773109,,"{""y0_a0"": {""n"": 34, ""accuracy"": 0.5588235294117647}, ""y0_a1"": {""n"": 0, ""accuracy"": NaN}, ""y1_a0"": {""n"": 35, ""accuracy"": 0.8571428571428571}, ""y1_a1"": {""n"": 0, ""accuracy"": NaN}}",0.3018247275383505,4
corr,transplant_neutral,dinov2_b14_518,mask,1.0,42,test_corr,0.8478991596638655,0.935483870967742,0.7954545454545454,69,35,32,0.7246376811594203,0.7222689075630252,0.5454545454545454,"{""y0_a0"": {""n"": 33, ""accuracy"": 0.5454545454545454}, ""y0_a1"": {""n"": 1, ""accuracy"": 1.0}, ""y1_a0"": {""n"": 4, ""accuracy"": 0.75}, ""y1_a1"": {""n"": 31, ""accuracy"": 0.9032258064516129}}",0.3018247275383505,4
corr,transplant_neutral,dinov2_b14_518,mask,1.0,42,test_rev,0.7277310924369748,0.8444444444444444,0.8203125,69,35,33,0.6231884057971014,0.6197478991596639,0.3333333333333333,"{""y0_a0"": {""n"": 4, ""accuracy"": 0.75}, ""y0_a1"": {""n"": 30, ""accuracy"": 0.3333333333333333}, ""y1_a0"": {""n"": 32, ""accuracy"": 0.84375}, ""y1_a1"": {""n"": 3, ""accuracy"": 1.0}}",0.3018247275383505,4
corr,transplant_neutral,dinov2_b14_518,erm,1.0,123,clean,0.6773109243697479,,0.6773109243697479,69,35,0,0.6231884057971014,0.6218487394957983,,"{""y0_a0"": {""n"": 34, ""accuracy"": 0.5294117647058824}, ""y0_a1"": {""n"": 0, ""accuracy"": NaN}, ""y1_a0"": {""n"": 35, ""accuracy"": 0.7142857142857143}, ""y1_a1"": {""n"": 0, ""accuracy"": NaN}}",0.4998760907017425,4
corr,transplant_neutral,dinov2_b14_518,erm,1.0,123,test_corr,0.7201680672268909,0.5714285714285714,,69,35,37,0.6376811594202898,0.6361344537815126,,"{""y0_a0"": {""n"": 32, ""accuracy"": 0.5625}, ""y0_a1"": {""n"": 2, ""accuracy"": 0.0}, ""y1_a0"": {""n"": 0, ""accuracy"": NaN}, ""y1_a1"": {""n"": 35, ""accuracy"": 0.7428571428571429}}",0.4998760907017425,4
corr,transplant_neutral,dinov2_b14_518,erm,1.0,123,test_rev,0.6008403361344538,0.7916666666666666,0.6290322580645162,69,35,34,0.5652173913043478,0.5630252100840336,0.4,"{""y0_a0"": {""n"": 4, ""accuracy"": 0.5}, ""y0_a1"": {""n"": 30, ""accuracy"": 0.4}, ""y1_a0"": {""n"": 31, ""accuracy"": 0.7096774193548387}, ""y1_a1"": {""n"": 4, ""accuracy"": 0.75}}",0.4998760907017425,4
corr,transplant_neutral,dinov2_b14_518,mask,1.0,123,clean,0.7957983193277312,,0.7957983193277312,69,35,0,0.782608695652174,0.7819327731092438,,"{""y0_a0"": {""n"": 34, ""accuracy"": 0.7352941176470589}, ""y0_a1"": {""n"": 0, ""accuracy"": NaN}, ""y1_a0"": {""n"": 35, ""accuracy"": 0.8285714285714286}, ""y1_a1"": {""n"": 0, ""accuracy"": NaN}}",0.4080203153970746,4
corr,transplant_neutral,dinov2_b14_518,mask,1.0,123,test_corr,0.8571428571428571,0.8571428571428572,,69,35,37,0.8260869565217391,0.8247899159663865,,"{""y0_a0"": {""n"": 32, ""accuracy"": 0.75}, ""y0_a1"": {""n"": 2, ""accuracy"": 0.5}, ""y1_a0"": {""n"": 0, ""accuracy"": NaN}, ""y1_a1"": {""n"": 35, ""accuracy"": 0.9142857142857143}}",0.4080203153970746,4
corr,transplant_neutral,dinov2_b14_518,mask,1.0,123,test_rev,0.7117647058823529,0.8916666666666666,0.9193548387096774,69,35,34,0.6521739130434783,0.6495798319327731,0.4,"{""y0_a0"": {""n"": 4, ""accuracy"": 1.0}, ""y0_a1"": {""n"": 30, ""accuracy"": 0.4}, ""y1_a0"": {""n"": 31, ""accuracy"": 0.8064516129032258}, ""y1_a1"": {""n"": 4, ""accuracy"": 1.0}}",0.4080203153970746,4
corr,transplant_neutral,dinov2_b14_518,erm,1.0,456,clean,0.6781512605042016,,0.6781512605042016,69,35,0,0.6231884057971014,0.6218487394957983,,"{""y0_a0"": {""n"": 34, ""accuracy"": 0.5294117647058824}, ""y0_a1"": {""n"": 0, ""accuracy"": NaN}, ""y1_a0"": {""n"": 35, ""accuracy"": 0.7142857142857143}, ""y1_a1"": {""n"": 0, ""accuracy"": NaN}}",0.4998830185612587,4
corr,transplant_neutral,dinov2_b14_518,erm,1.0,456,test_corr,0.7151260504201681,0.6882352941176471,0.8620689655172413,69,35,39,0.6376811594202898,0.6361344537815126,0.5172413793103449,"{""y0_a0"": {""n"": 29, ""accuracy"": 0.5172413793103449}, ""y0_a1"": {""n"": 5, ""accuracy"": 0.6}, ""y1_a0"": {""n"": 1, ""accuracy"": 1.0}, ""y1_a1"": {""n"": 34, ""accuracy"": 0.7352941176470589}}",0.4998830185612587,4
corr,transplant_neutral,dinov2_b14_518,erm,1.0,456,test_rev,0.6,0.4301075268817204,0.6145833333333334,69,35,34,0.5507246376811594,0.5483193277310925,0.3333333333333333,"{""y0_a0"": {""n"": 3, ""accuracy"": 0.3333333333333333}, ""y0_a1"": {""n"": 31, ""accuracy"": 0.3870967741935484}, ""y1_a0"": {""n"": 32, ""accuracy"": 0.71875}, ""y1_a1"": {""n"": 3, ""accuracy"": 0.6666666666666666}}",0.4998830185612587,4
corr,transplant_neutral,dinov2_b14_518,mask,1.0,456,clean,0.803361344537815,,0.803361344537815,69,35,0,0.7971014492753623,0.7966386554621849,,"{""y0_a0"": {""n"": 34, ""accuracy"": 0.7647058823529411}, ""y0_a1"": {""n"": 0, ""accuracy"": NaN}, ""y1_a0"": {""n"": 35, ""accuracy"": 0.8285714285714286}, ""y1_a1"": {""n"": 0, ""accuracy"": NaN}}",0.4497613616361595,4
corr,transplant_neutral,dinov2_b14_518,mask,1.0,456,test_corr,0.8352941176470589,0.8235294117647058,0.7931034482758621,69,35,39,0.8115942028985508,0.8100840336134454,0.6,"{""y0_a0"": {""n"": 29, ""accuracy"": 0.7241379310344828}, ""y0_a1"": {""n"": 5, ""accuracy"": 0.6}, ""y1_a0"": {""n"": 1, ""accuracy"": 1.0}, ""y1_a1"": {""n"": 34, ""accuracy"": 0.9117647058823529}}",0.4497613616361595,4
corr,transplant_neutral,dinov2_b14_518,mask,1.0,456,test_rev,0.7092436974789916,0.6021505376344086,0.9791666666666666,69,35,34,0.6666666666666666,0.6642857142857144,0.4516129032258064,"{""y0_a0"": {""n"": 3, ""accuracy"": 1.0}, ""y0_a1"": {""n"": 31, ""accuracy"": 0.45161290322580644}, ""y1_a0"": {""n"": 32, ""accuracy"": 0.84375}, ""y1_a1"": {""n"": 3, ""accuracy"": 0.6666666666666666}}",0.4497613616361595,4
corr,transplant_neutral,dinov2_b14_518,erm,1.0,789,clean,0.6764705882352942,,0.6764705882352942,69,35,0,0.6376811594202898,0.6361344537815126,,"{""y0_a0"": {""n"": 34, ""accuracy"": 0.5294117647058824}, ""y0_a1"": {""n"": 0, ""accuracy"": NaN}, ""y1_a0"": {""n"": 35, ""accuracy"": 0.7428571428571429}, ""y1_a1"": {""n"": 0, ""accuracy"": NaN}}",0.4998665960027224,4
corr,transplant_neutral,dinov2_b14_518,erm,1.0,789,test_corr,0.7201680672268908,,0.7470588235294117,69,35,30,0.6376811594202898,0.6361344537815126,,"{""y0_a0"": {""n"": 34, ""accuracy"": 0.5294117647058824}, ""y0_a1"": {""n"": 0, ""accuracy"": NaN}, ""y1_a0"": {""n"": 5, ""accuracy"": 0.8}, ""y1_a1"": {""n"": 30, ""accuracy"": 0.7333333333333333}}",0.4998665960027224,4
corr,transplant_neutral,dinov2_b14_518,erm,1.0,789,test_rev,0.6092436974789917,0.9066666666666668,0.625,69,35,35,0.5652173913043478,0.5626050420168067,0.3666666666666666,"{""y0_a0"": {""n"": 4, ""accuracy"": 0.5}, ""y0_a1"": {""n"": 30, ""accuracy"": 0.36666666666666664}, ""y1_a0"": {""n"": 30, ""accuracy"": 0.7}, ""y1_a1"": {""n"": 5, ""accuracy"": 1.0}}",0.4998665960027224,4
corr,transplant_neutral,dinov2_b14_518,mask,1.0,789,clean,0.8067226890756303,,0.8067226890756303,69,35,0,0.8115942028985508,0.8109243697478992,,"{""y0_a0"": {""n"": 34, ""accuracy"": 0.7647058823529411}, ""y0_a1"": {""n"": 0, ""accuracy"": NaN}, ""y1_a0"": {""n"": 35, ""accuracy"": 0.8571428571428571}, ""y1_a1"": {""n"": 0, ""accuracy"": NaN}}",0.4463692703316522,4
corr,transplant_neutral,dinov2_b14_518,mask,1.0,789,test_corr,0.8554621848739495,,0.8352941176470589,69,35,30,0.8260869565217391,0.8252100840336134,,"{""y0_a0"": {""n"": 34, ""accuracy"": 0.7647058823529411}, ""y0_a1"": {""n"": 0, ""accuracy"": NaN}, ""y1_a0"": {""n"": 5, ""accuracy"": 0.8}, ""y1_a1"": {""n"": 30, ""accuracy"": 0.9}}",0.4463692703316522,4
corr,transplant_neutral,dinov2_b14_518,mask,1.0,789,test_rev,0.7420168067226891,0.8666666666666667,0.6583333333333333,69,35,35,0.6956521739130435,0.6928571428571428,0.5,"{""y0_a0"": {""n"": 4, ""accuracy"": 0.5}, ""y0_a1"": {""n"": 30, ""accuracy"": 0.5}, ""y1_a0"": {""n"": 30, ""accuracy"": 0.8666666666666667}, ""y1_a1"": {""n"": 5, ""accuracy"": 1.0}}",0.4463692703316522,4
corr,transplant_neutral,dinov2_b14_518,erm,1.0,2026,clean,0.6789915966386555,,0.6789915966386555,69,35,0,0.6086956521739131,0.6071428571428572,,"{""y0_a0"": {""n"": 34, ""accuracy"": 0.5}, ""y0_a1"": {""n"": 0, ""accuracy"": NaN}, ""y1_a0"": {""n"": 35, ""accuracy"": 0.7142857142857143}, ""y1_a1"": {""n"": 0, ""accuracy"": NaN}}",0.4998644957226226,4
corr,transplant_neutral,dinov2_b14_518,erm,1.0,2026,test_corr,0.7235294117647059,0.5967741935483871,0.953125,69,35,33,0.6231884057971014,0.6214285714285714,0.5,"{""y0_a0"": {""n"": 32, ""accuracy"": 0.5}, ""y0_a1"": {""n"": 2, ""accuracy"": 0.5}, ""y1_a0"": {""n"": 4, ""accuracy"": 1.0}, ""y1_a1"": {""n"": 31, ""accuracy"": 0.7096774193548387}}",0.4998644957226226,4
corr,transplant_neutral,dinov2_b14_518,erm,1.0,2026,test_rev,0.5873949579831933,0.2916666666666666,0.75,69,35,35,0.5507246376811594,0.5483193277310925,0.0,"{""y0_a0"": {""n"": 2, ""accuracy"": 0.5}, ""y0_a1"": {""n"": 32, ""accuracy"": 0.375}, ""y1_a0"": {""n"": 32, ""accuracy"": 0.78125}, ""y1_a1"": {""n"": 3, ""accuracy"": 0.0}}",0.4998644957226226,4
corr,transplant_neutral,dinov2_b14_518,mask,1.0,2026,clean,0.8008403361344537,,0.8008403361344537,69,35,0,0.7536231884057971,0.7546218487394958,,"{""y0_a0"": {""n"": 34, ""accuracy"": 0.8235294117647058}, ""y0_a1"": {""n"": 0, ""accuracy"": NaN}, ""y1_a0"": {""n"": 35, ""accuracy"": 0.6857142857142857}, ""y1_a1"": {""n"": 0, ""accuracy"": NaN}}",0.5368718519399218,4
corr,transplant_neutral,dinov2_b14_518,mask,1.0,2026,test_corr,0.8563025210084033,0.7580645161290323,0.90625,69,35,33,0.8405797101449275,0.8403361344537814,0.5,"{""y0_a0"": {""n"": 32, ""accuracy"": 0.84375}, ""y0_a1"": {""n"": 2, ""accuracy"": 0.5}, ""y1_a0"": {""n"": 4, ""accuracy"": 1.0}, ""y1_a1"": {""n"": 31, ""accuracy"": 0.8387096774193549}}",0.5368718519399218,4
corr,transplant_neutral,dinov2_b14_518,mask,1.0,2026,test_rev,0.6890756302521008,0.8958333333333333,0.90625,69,35,35,0.6811594202898551,0.6810924369747899,0.65625,"{""y0_a0"": {""n"": 2, ""accuracy"": 1.0}, ""y0_a1"": {""n"": 32, ""accuracy"": 0.65625}, ""y1_a0"": {""n"": 32, ""accuracy"": 0.65625}, ""y1_a1"": {""n"": 3, ""accuracy"": 1.0}}",0.5368718519399218,4
