phase,artifact,backbone,method,overlap,seed,env,auc,auc_artifact_present,auc_artifact_absent,n,n_pos,n_artifact_present,accuracy,balanced_accuracy,worst_group_accuracy,group_details_json,threshold_clean_val
corr,debris,dinov2_b14_518,erm,0.0,42,clean,0.8070987654320988,,0.8070987654320988,137,81,0,0.7445255474452555,0.7260802469135803,,"{""y0_a0"": {""n"": 56, ""accuracy"": 0.625}, ""y0_a1"": {""n"": 0, ""accuracy"": NaN}, ""y1_a0"": {""n"": 81, ""accuracy"": 0.8271604938271605}, ""y1_a1"": {""n"": 0, ""accuracy"": NaN}}",0.4677275322454808
corr,debris,dinov2_b14_518,erm,0.0,42,test_corr,0.8408289241622575,0.9108108108108108,0.8403361344537815,137,81,79,0.7737226277372263,0.7507716049382716,0.6078431372549019,"{""y0_a0"": {""n"": 51, ""accuracy"": 0.6078431372549019}, ""y0_a1"": {""n"": 5, ""accuracy"": 0.8}, ""y1_a0"": {""n"": 7, ""accuracy"": 0.7142857142857143}, ""y1_a1"": {""n"": 74, ""accuracy"": 0.8918918918918919}}",0.4677275322454808
corr,debris,dinov2_b14_518,erm,0.0,42,test_rev,0.7843915343915343,0.7934782608695652,0.7906666666666665,137,81,52,0.7445255474452555,0.7233245149911816,0.6,"{""y0_a0"": {""n"": 10, ""accuracy"": 0.6}, ""y0_a1"": {""n"": 46, ""accuracy"": 0.6086956521739131}, ""y1_a0"": {""n"": 75, ""accuracy"": 0.84}, ""y1_a1"": {""n"": 6, ""accuracy"": 0.8333333333333334}}",0.4677275322454808
corr,debris,dinov2_b14_518,mask,0.0,42,clean,0.8787477954144621,,0.8787477954144621,137,81,0,0.7956204379562044,0.810626102292769,,"{""y0_a0"": {""n"": 56, ""accuracy"": 0.8928571428571429}, ""y0_a1"": {""n"": 0, ""accuracy"": NaN}, ""y1_a0"": {""n"": 81, ""accuracy"": 0.7283950617283951}, ""y1_a1"": {""n"": 0, ""accuracy"": NaN}}",0.5893402425728367
corr,debris,dinov2_b14_518,mask,0.0,42,test_corr,0.8787477954144621,0.9243243243243243,0.9859943977591037,137,81,79,0.7956204379562044,0.810626102292769,0.7027027027027027,"{""y0_a0"": {""n"": 51, ""accuracy"": 0.8823529411764706}, ""y0_a1"": {""n"": 5, ""accuracy"": 1.0}, ""y1_a0"": {""n"": 7, ""accuracy"": 1.0}, ""y1_a1"": {""n"": 74, ""accuracy"": 0.7027027027027027}}",0.5893402425728367
corr,debris,dinov2_b14_518,mask,0.0,42,test_rev,0.8787477954144621,0.8913043478260869,0.7786666666666667,137,81,52,0.7956204379562044,0.810626102292769,0.6,"{""y0_a0"": {""n"": 10, ""accuracy"": 0.6}, ""y0_a1"": {""n"": 46, ""accuracy"": 0.9565217391304348}, ""y1_a0"": {""n"": 75, ""accuracy"": 0.7333333333333333}, ""y1_a1"": {""n"": 6, ""accuracy"": 0.6666666666666666}}",0.5893402425728367
corr,debris,dinov2_b14_518,balanced,0.0,42,clean,0.841710758377425,,0.841710758377425,137,81,0,0.781021897810219,0.7624559082892416,,"{""y0_a0"": {""n"": 56, ""accuracy"": 0.6607142857142857}, ""y0_a1"": {""n"": 0, ""accuracy"": NaN}, ""y1_a0"": {""n"": 81, ""accuracy"": 0.8641975308641975}, ""y1_a1"": {""n"": 0, ""accuracy"": NaN}}",0.42022310816871594
corr,debris,dinov2_b14_518,balanced,0.0,42,test_corr,0.8604497354497355,0.9216216216216216,0.8487394957983192,137,81,79,0.7883211678832117,0.7686287477954145,0.6470588235294118,"{""y0_a0"": {""n"": 51, ""accuracy"": 0.6470588235294118}, ""y0_a1"": {""n"": 5, ""accuracy"": 0.8}, ""y1_a0"": {""n"": 7, ""accuracy"": 0.7142857142857143}, ""y1_a1"": {""n"": 74, ""accuracy"": 0.8918918918918919}}",0.42022310816871594
corr,debris,dinov2_b14_518,balanced,0.0,42,test_rev,0.8249559082892416,0.7608695652173914,0.7973333333333333,137,81,52,0.7664233576642335,0.7445987654320987,0.5,"{""y0_a0"": {""n"": 10, ""accuracy"": 0.5}, ""y0_a1"": {""n"": 46, ""accuracy"": 0.6521739130434783}, ""y1_a0"": {""n"": 75, ""accuracy"": 0.88}, ""y1_a1"": {""n"": 6, ""accuracy"": 0.6666666666666666}}",0.42022310816871594
corr,debris,dinov2_b14_518,umte_protect,0.0,42,clean,0.8553791887125219,,0.8553791887125219,137,81,0,0.7883211678832117,0.7906746031746033,,"{""y0_a0"": {""n"": 56, ""accuracy"": 0.8035714285714286}, ""y0_a1"": {""n"": 0, ""accuracy"": NaN}, ""y1_a0"": {""n"": 81, ""accuracy"": 0.7777777777777778}, ""y1_a1"": {""n"": 0, ""accuracy"": NaN}}",0.4722697163206546
corr,debris,dinov2_b14_518,umte_protect,0.0,42,test_corr,0.8553791887125219,0.8918918918918919,0.9859943977591037,137,81,79,0.7883211678832117,0.7906746031746033,0.7567567567567568,"{""y0_a0"": {""n"": 51, ""accuracy"": 0.803921568627451}, ""y0_a1"": {""n"": 5, ""accuracy"": 0.8}, ""y1_a0"": {""n"": 7, ""accuracy"": 1.0}, ""y1_a1"": {""n"": 74, ""accuracy"": 0.7567567567567568}}",0.4722697163206546
corr,debris,dinov2_b14_518,umte_protect,0.0,42,test_rev,0.8553791887125219,0.8985507246376813,0.7599999999999999,137,81,52,0.7883211678832117,0.7906746031746033,0.5,"{""y0_a0"": {""n"": 10, ""accuracy"": 0.5}, ""y0_a1"": {""n"": 46, ""accuracy"": 0.8695652173913043}, ""y1_a0"": {""n"": 75, ""accuracy"": 0.7733333333333333}, ""y1_a1"": {""n"": 6, ""accuracy"": 0.8333333333333334}}",0.4722697163206546
corr,debris,dinov2_b14_518,umte_protect_balanced,0.0,42,clean,0.8624338624338624,,0.8624338624338624,137,81,0,0.8029197080291971,0.8112874779541446,,"{""y0_a0"": {""n"": 56, ""accuracy"": 0.8571428571428571}, ""y0_a1"": {""n"": 0, ""accuracy"": NaN}, ""y1_a0"": {""n"": 81, ""accuracy"": 0.7654320987654321}, ""y1_a1"": {""n"": 0, ""accuracy"": NaN}}",0.529664765542351
corr,debris,dinov2_b14_518,umte_protect_balanced,0.0,42,test_corr,0.8624338624338624,0.8810810810810811,0.9831932773109244,137,81,79,0.8029197080291971,0.8112874779541446,0.7432432432432432,"{""y0_a0"": {""n"": 51, ""accuracy"": 0.8627450980392157}, ""y0_a1"": {""n"": 5, ""accuracy"": 0.8}, ""y1_a0"": {""n"": 7, ""accuracy"": 1.0}, ""y1_a1"": {""n"": 74, ""accuracy"": 0.7432432432432432}}",0.529664765542351
corr,debris,dinov2_b14_518,umte_protect_balanced,0.0,42,test_rev,0.8624338624338624,0.8768115942028986,0.7866666666666666,137,81,52,0.8029197080291971,0.8112874779541446,0.6,"{""y0_a0"": {""n"": 10, ""accuracy"": 0.6}, ""y0_a1"": {""n"": 46, ""accuracy"": 0.9130434782608695}, ""y1_a0"": {""n"": 75, ""accuracy"": 0.76}, ""y1_a1"": {""n"": 6, ""accuracy"": 0.8333333333333334}}",0.529664765542351
corr,debris,dinov2_b14_518,i2e,0.0,42,clean,0.8626543209876543,,0.8626543209876543,137,81,0,0.7737226277372263,0.7369929453262787,,"{""y0_a0"": {""n"": 56, ""accuracy"": 0.5357142857142857}, ""y0_a1"": {""n"": 0, ""accuracy"": NaN}, ""y1_a0"": {""n"": 81, ""accuracy"": 0.9382716049382716}, ""y1_a1"": {""n"": 0, ""accuracy"": NaN}}",0.3585334696642683
corr,debris,dinov2_b14_518,i2e,0.0,42,test_corr,0.8893298059964726,0.9621621621621621,0.854341736694678,137,81,79,0.7883211678832117,0.7493386243386243,0.5294117647058824,"{""y0_a0"": {""n"": 51, ""accuracy"": 0.5294117647058824}, ""y0_a1"": {""n"": 5, ""accuracy"": 0.6}, ""y1_a0"": {""n"": 7, ""accuracy"": 1.0}, ""y1_a1"": {""n"": 74, ""accuracy"": 0.9594594594594594}}",0.3585334696642683
corr,debris,dinov2_b14_518,i2e,0.0,42,test_rev,0.8392857142857143,0.8043478260869565,0.8706666666666667,137,81,52,0.7445255474452555,0.7012786596119929,0.4,"{""y0_a0"": {""n"": 10, ""accuracy"": 0.4}, ""y0_a1"": {""n"": 46, ""accuracy"": 0.4782608695652174}, ""y1_a0"": {""n"": 75, ""accuracy"": 0.9333333333333333}, ""y1_a1"": {""n"": 6, ""accuracy"": 1.0}}",0.3585334696642683
corr,debris,dinov2_b14_518,i2e_balanced,0.0,42,clean,0.8582451499118166,,0.8582451499118166,137,81,0,0.7664233576642335,0.7390873015873016,,"{""y0_a0"": {""n"": 56, ""accuracy"": 0.5892857142857143}, ""y0_a1"": {""n"": 0, ""accuracy"": NaN}, ""y1_a0"": {""n"": 81, ""accuracy"": 0.8888888888888888}, ""y1_a1"": {""n"": 0, ""accuracy"": NaN}}",0.4031723152913661
corr,debris,dinov2_b14_518,i2e_balanced,0.0,42,test_corr,0.8677248677248677,0.9378378378378378,0.9019607843137255,137,81,79,0.7664233576642335,0.7390873015873016,0.5882352941176471,"{""y0_a0"": {""n"": 51, ""accuracy"": 0.5882352941176471}, ""y0_a1"": {""n"": 5, ""accuracy"": 0.6}, ""y1_a0"": {""n"": 7, ""accuracy"": 1.0}, ""y1_a1"": {""n"": 74, ""accuracy"": 0.8783783783783784}}",0.4031723152913661
corr,debris,dinov2_b14_518,i2e_balanced,0.0,42,test_rev,0.8500881834215167,0.7898550724637682,0.8133333333333332,137,81,52,0.7518248175182481,0.7212301587301587,0.4,"{""y0_a0"": {""n"": 10, ""accuracy"": 0.4}, ""y0_a1"": {""n"": 46, ""accuracy"": 0.5869565217391305}, ""y1_a0"": {""n"": 75, ""accuracy"": 0.8933333333333333}, ""y1_a1"": {""n"": 6, ""accuracy"": 0.8333333333333334}}",0.4031723152913661
corr,debris,dinov2_b14_518,i2e_rank1,0.0,42,clean,0.8234126984126984,,0.8234126984126984,137,81,0,0.7372262773722628,0.7143959435626102,,"{""y0_a0"": {""n"": 56, ""accuracy"": 0.5892857142857143}, ""y0_a1"": {""n"": 0, ""accuracy"": NaN}, ""y1_a0"": {""n"": 81, ""accuracy"": 0.8395061728395061}, ""y1_a1"": {""n"": 0, ""accuracy"": NaN}}",0.40000976199134547
corr,debris,dinov2_b14_518,i2e_rank1,0.0,42,test_corr,0.8703703703703703,0.9459459459459459,0.8179271708683473,137,81,79,0.7664233576642335,0.736331569664903,0.5686274509803921,"{""y0_a0"": {""n"": 51, ""accuracy"": 0.5686274509803921}, ""y0_a1"": {""n"": 5, ""accuracy"": 0.6}, ""y1_a0"": {""n"": 7, ""accuracy"": 0.7142857142857143}, ""y1_a1"": {""n"": 74, ""accuracy"": 0.918918918918919}}",0.40000976199134547
corr,debris,dinov2_b14_518,i2e_rank1,0.0,42,test_rev,0.7901234567901234,0.7355072463768115,0.8013333333333333,137,81,52,0.7299270072992701,0.6999559082892416,0.5217391304347826,"{""y0_a0"": {""n"": 10, ""accuracy"": 0.6}, ""y0_a1"": {""n"": 46, ""accuracy"": 0.5217391304347826}, ""y1_a0"": {""n"": 75, ""accuracy"": 0.8666666666666667}, ""y1_a1"": {""n"": 6, ""accuracy"": 0.8333333333333334}}",0.40000976199134547
corr,debris,dinov2_b14_518,insert_aug,0.0,42,clean,0.8218694885361552,,0.8218694885361552,137,81,0,0.7445255474452555,0.7040343915343915,,"{""y0_a0"": {""n"": 56, ""accuracy"": 0.48214285714285715}, ""y0_a1"": {""n"": 0, ""accuracy"": NaN}, ""y1_a0"": {""n"": 81, ""accuracy"": 0.9259259259259259}, ""y1_a1"": {""n"": 0, ""accuracy"": NaN}}",0.3871959404689137
corr,debris,dinov2_b14_518,insert_aug,0.0,42,test_corr,0.8505291005291006,0.9135135135135135,0.8375350140056023,137,81,79,0.7518248175182481,0.7102072310405644,0.47058823529411764,"{""y0_a0"": {""n"": 51, ""accuracy"": 0.47058823529411764}, ""y0_a1"": {""n"": 5, ""accuracy"": 0.6}, ""y1_a0"": {""n"": 7, ""accuracy"": 1.0}, ""y1_a1"": {""n"": 74, ""accuracy"": 0.9324324324324325}}",0.3871959404689137
corr,debris,dinov2_b14_518,insert_aug,0.0,42,test_rev,0.8031305114638448,0.7934782608695652,0.828,137,81,52,0.7153284671532847,0.6655643738977072,0.391304347826087,"{""y0_a0"": {""n"": 10, ""accuracy"": 0.4}, ""y0_a1"": {""n"": 46, ""accuracy"": 0.391304347826087}, ""y1_a0"": {""n"": 75, ""accuracy"": 0.9333333333333333}, ""y1_a1"": {""n"": 6, ""accuracy"": 1.0}}",0.3871959404689137
corr,debris,dinov2_b14_518,mte,0.0,42,clean,0.8842592592592593,,0.8842592592592593,137,81,0,0.8248175182481752,0.8380731922398589,,"{""y0_a0"": {""n"": 56, ""accuracy"": 0.9107142857142857}, ""y0_a1"": {""n"": 0, ""accuracy"": NaN}, ""y1_a0"": {""n"": 81, ""accuracy"": 0.7654320987654321}, ""y1_a1"": {""n"": 0, ""accuracy"": NaN}}",0.564777362851112
corr,debris,dinov2_b14_518,mte,0.0,42,test_corr,0.8842592592592593,0.9162162162162163,0.969187675070028,137,81,79,0.8248175182481752,0.8380731922398589,0.7432432432432432,"{""y0_a0"": {""n"": 51, ""accuracy"": 0.9019607843137255}, ""y0_a1"": {""n"": 5, ""accuracy"": 1.0}, ""y1_a0"": {""n"": 7, ""accuracy"": 1.0}, ""y1_a1"": {""n"": 74, ""accuracy"": 0.7432432432432432}}",0.564777362851112
corr,debris,dinov2_b14_518,mte,0.0,42,test_rev,0.8842592592592593,0.9456521739130435,0.78,137,81,52,0.8248175182481752,0.8380731922398589,0.6666666666666666,"{""y0_a0"": {""n"": 10, ""accuracy"": 0.7}, ""y0_a1"": {""n"": 46, ""accuracy"": 0.9565217391304348}, ""y1_a0"": {""n"": 75, ""accuracy"": 0.7733333333333333}, ""y1_a1"": {""n"": 6, ""accuracy"": 0.6666666666666666}}",0.564777362851112
corr,debris,dinov2_b14_518,mte_balanced,0.0,42,clean,0.8849206349206349,,0.8849206349206349,137,81,0,0.8321167883211679,0.8387345679012346,,"{""y0_a0"": {""n"": 56, ""accuracy"": 0.875}, ""y0_a1"": {""n"": 0, ""accuracy"": NaN}, ""y1_a0"": {""n"": 81, ""accuracy"": 0.8024691358024691}, ""y1_a1"": {""n"": 0, ""accuracy"": NaN}}",0.5565499155184267
corr,debris,dinov2_b14_518,mte_balanced,0.0,42,test_corr,0.8849206349206349,0.908108108108108,0.9691876750700281,137,81,79,0.8321167883211679,0.8387345679012346,0.7837837837837838,"{""y0_a0"": {""n"": 51, ""accuracy"": 0.8823529411764706}, ""y0_a1"": {""n"": 5, ""accuracy"": 0.8}, ""y1_a0"": {""n"": 7, ""accuracy"": 1.0}, ""y1_a1"": {""n"": 74, ""accuracy"": 0.7837837837837838}}",0.5565499155184267
corr,debris,dinov2_b14_518,mte_balanced,0.0,42,test_rev,0.8849206349206349,0.8804347826086957,0.7946666666666666,137,81,52,0.8321167883211679,0.8387345679012346,0.6,"{""y0_a0"": {""n"": 10, ""accuracy"": 0.6}, ""y0_a1"": {""n"": 46, ""accuracy"": 0.9347826086956522}, ""y1_a0"": {""n"": 75, ""accuracy"": 0.8}, ""y1_a1"": {""n"": 6, ""accuracy"": 0.8333333333333334}}",0.5565499155184267
corr,debris,dinov2_b14_518,ui2e,0.0,42,clean,0.861331569664903,,0.861331569664903,137,81,0,0.781021897810219,0.7652116402116402,,"{""y0_a0"": {""n"": 56, ""accuracy"": 0.6785714285714286}, ""y0_a1"": {""n"": 0, ""accuracy"": NaN}, ""y1_a0"": {""n"": 81, ""accuracy"": 0.8518518518518519}, ""y1_a1"": {""n"": 0, ""accuracy"": NaN}}",0.4361584625135498
corr,debris,dinov2_b14_518,ui2e,0.0,42,test_corr,0.8774250440917107,0.9621621621621621,0.803921568627451,137,81,79,0.8102189781021898,0.7899029982363316,0.6470588235294118,"{""y0_a0"": {""n"": 51, ""accuracy"": 0.6470588235294118}, ""y0_a1"": {""n"": 5, ""accuracy"": 1.0}, ""y1_a0"": {""n"": 7, ""accuracy"": 0.7142857142857143}, ""y1_a1"": {""n"": 74, ""accuracy"": 0.918918918918919}}",0.4361584625135498
corr,debris,dinov2_b14_518,ui2e,0.0,42,test_rev,0.8388447971781304,0.7681159420289855,0.8706666666666667,137,81,52,0.781021897810219,0.7624559082892416,0.6521739130434783,"{""y0_a0"": {""n"": 10, ""accuracy"": 0.7}, ""y0_a1"": {""n"": 46, ""accuracy"": 0.6521739130434783}, ""y1_a0"": {""n"": 75, ""accuracy"": 0.8666666666666667}, ""y1_a1"": {""n"": 6, ""accuracy"": 0.8333333333333334}}",0.4361584625135498
corr,debris,dinov2_b14_518,ui2e_balanced,0.0,42,clean,0.8386243386243386,,0.8386243386243386,137,81,0,0.7883211678832117,0.7741402116402116,,"{""y0_a0"": {""n"": 56, ""accuracy"": 0.6964285714285714}, ""y0_a1"": {""n"": 0, ""accuracy"": NaN}, ""y1_a0"": {""n"": 81, ""accuracy"": 0.8518518518518519}, ""y1_a1"": {""n"": 0, ""accuracy"": NaN}}",0.4613044572325738
corr,debris,dinov2_b14_518,ui2e_balanced,0.0,42,test_corr,0.8381834215167548,0.9378378378378378,0.8487394957983193,137,81,79,0.7883211678832117,0.7741402116402116,0.6666666666666666,"{""y0_a0"": {""n"": 51, ""accuracy"": 0.6666666666666666}, ""y0_a1"": {""n"": 5, ""accuracy"": 1.0}, ""y1_a0"": {""n"": 7, ""accuracy"": 0.8571428571428571}, ""y1_a1"": {""n"": 74, ""accuracy"": 0.8513513513513513}}",0.4613044572325738
corr,debris,dinov2_b14_518,ui2e_balanced,0.0,42,test_rev,0.8353174603174603,0.7644927536231885,0.796,137,81,52,0.7956204379562044,0.783068783068783,0.6,"{""y0_a0"": {""n"": 10, ""accuracy"": 0.6}, ""y0_a1"": {""n"": 46, ""accuracy"": 0.7391304347826086}, ""y1_a0"": {""n"": 75, ""accuracy"": 0.8666666666666667}, ""y1_a1"": {""n"": 6, ""accuracy"": 0.6666666666666666}}",0.4613044572325738
corr,debris,dinov2_b14_518,umte,0.0,42,clean,0.8630952380952381,,0.8630952380952381,137,81,0,0.7737226277372263,0.7673059964726632,,"{""y0_a0"": {""n"": 56, ""accuracy"": 0.7321428571428571}, ""y0_a1"": {""n"": 0, ""accuracy"": NaN}, ""y1_a0"": {""n"": 81, ""accuracy"": 0.8024691358024691}, ""y1_a1"": {""n"": 0, ""accuracy"": NaN}}",0.41715084589290724
corr,debris,dinov2_b14_518,umte,0.0,42,test_corr,0.8630952380952381,0.8918918918918919,0.988795518207283,137,81,79,0.7737226277372263,0.7673059964726632,0.7254901960784313,"{""y0_a0"": {""n"": 51, ""accuracy"": 0.7254901960784313}, ""y0_a1"": {""n"": 5, ""accuracy"": 0.8}, ""y1_a0"": {""n"": 7, ""accuracy"": 1.0}, ""y1_a1"": {""n"": 74, ""accuracy"": 0.7837837837837838}}",0.41715084589290724
corr,debris,dinov2_b14_518,umte,0.0,42,test_rev,0.8630952380952381,0.8333333333333334,0.7666666666666666,137,81,52,0.7737226277372263,0.7673059964726632,0.3,"{""y0_a0"": {""n"": 10, ""accuracy"": 0.3}, ""y0_a1"": {""n"": 46, ""accuracy"": 0.8260869565217391}, ""y1_a0"": {""n"": 75, ""accuracy"": 0.8266666666666667}, ""y1_a1"": {""n"": 6, ""accuracy"": 0.5}}",0.41715084589290724
corr,debris,dinov2_b14_518,umte_balanced,0.0,42,clean,0.8705908289241622,,0.8705908289241622,137,81,0,0.781021897810219,0.7789902998236331,,"{""y0_a0"": {""n"": 56, ""accuracy"": 0.7678571428571429}, ""y0_a1"": {""n"": 0, ""accuracy"": NaN}, ""y1_a0"": {""n"": 81, ""accuracy"": 0.7901234567901234}, ""y1_a1"": {""n"": 0, ""accuracy"": NaN}}",0.4765992758716598
corr,debris,dinov2_b14_518,umte_balanced,0.0,42,test_corr,0.8705908289241622,0.8702702702702703,0.9971988795518207,137,81,79,0.781021897810219,0.7789902998236331,0.7647058823529411,"{""y0_a0"": {""n"": 51, ""accuracy"": 0.7647058823529411}, ""y0_a1"": {""n"": 5, ""accuracy"": 0.8}, ""y1_a0"": {""n"": 7, ""accuracy"": 1.0}, ""y1_a1"": {""n"": 74, ""accuracy"": 0.7702702702702703}}",0.4765992758716598
corr,debris,dinov2_b14_518,umte_balanced,0.0,42,test_rev,0.8705908289241622,0.7971014492753623,0.7999999999999999,137,81,52,0.781021897810219,0.7789902998236331,0.3,"{""y0_a0"": {""n"": 10, ""accuracy"": 0.3}, ""y0_a1"": {""n"": 46, ""accuracy"": 0.8695652173913043}, ""y1_a0"": {""n"": 75, ""accuracy"": 0.8133333333333334}, ""y1_a1"": {""n"": 6, ""accuracy"": 0.5}}",0.4765992758716598
corr,debris,dinov2_b14_518,erm,0.0,123,clean,0.8073192239858906,,0.8073192239858906,137,81,0,0.7372262773722628,0.7281746031746033,,"{""y0_a0"": {""n"": 56, ""accuracy"": 0.6785714285714286}, ""y0_a1"": {""n"": 0, ""accuracy"": NaN}, ""y1_a0"": {""n"": 81, ""accuracy"": 0.7777777777777778}, ""y1_a1"": {""n"": 0, ""accuracy"": NaN}}",0.4789839329022862
corr,debris,dinov2_b14_518,erm,0.0,123,test_corr,0.8344356261022927,0.787012987012987,0.8043478260869565,137,81,87,0.781021897810219,0.7597001763668431,0.4,"{""y0_a0"": {""n"": 46, ""accuracy"": 0.6956521739130435}, ""y0_a1"": {""n"": 10, ""accuracy"": 0.4}, ""y1_a0"": {""n"": 4, ""accuracy"": 0.75}, ""y1_a1"": {""n"": 77, ""accuracy"": 0.8831168831168831}}",0.4789839329022862
corr,debris,dinov2_b14_518,erm,0.0,123,test_rev,0.7698412698412698,0.8627450980392157,0.8378378378378377,137,81,58,0.7153284671532847,0.7013888888888888,0.6078431372549019,"{""y0_a0"": {""n"": 5, ""accuracy"": 0.8}, ""y0_a1"": {""n"": 51, ""accuracy"": 0.6078431372549019}, ""y1_a0"": {""n"": 74, ""accuracy"": 0.7567567567567568}, ""y1_a1"": {""n"": 7, ""accuracy"": 1.0}}",0.4789839329022862
corr,debris,dinov2_b14_518,mask,0.0,123,clean,0.8787477954144621,,0.8787477954144621,137,81,0,0.7956204379562044,0.810626102292769,,"{""y0_a0"": {""n"": 56, ""accuracy"": 0.8928571428571429}, ""y0_a1"": {""n"": 0, ""accuracy"": NaN}, ""y1_a0"": {""n"": 81, ""accuracy"": 0.7283950617283951}, ""y1_a1"": {""n"": 0, ""accuracy"": NaN}}",0.5893402425728367
corr,debris,dinov2_b14_518,mask,0.0,123,test_corr,0.8787477954144621,0.8675324675324676,0.6739130434782608,137,81,87,0.7956204379562044,0.810626102292769,0.5,"{""y0_a0"": {""n"": 46, ""accuracy"": 0.8913043478260869}, ""y0_a1"": {""n"": 10, ""accuracy"": 0.9}, ""y1_a0"": {""n"": 4, ""accuracy"": 0.5}, ""y1_a1"": {""n"": 77, ""accuracy"": 0.7402597402597403}}",0.5893402425728367
corr,debris,dinov2_b14_518,mask,0.0,123,test_rev,0.8787477954144621,0.8711484593837535,0.8108108108108107,137,81,58,0.7956204379562044,0.810626102292769,0.5714285714285714,"{""y0_a0"": {""n"": 5, ""accuracy"": 0.8}, ""y0_a1"": {""n"": 51, ""accuracy"": 0.9019607843137255}, ""y1_a0"": {""n"": 74, ""accuracy"": 0.7432432432432432}, ""y1_a1"": {""n"": 7, ""accuracy"": 0.5714285714285714}}",0.5893402425728367
corr,debris,dinov2_b14_518,balanced,0.0,123,clean,0.802689594356261,,0.802689594356261,137,81,0,0.7153284671532847,0.6903659611992945,,"{""y0_a0"": {""n"": 56, ""accuracy"": 0.5535714285714286}, ""y0_a1"": {""n"": 0, ""accuracy"": NaN}, ""y1_a0"": {""n"": 81, ""accuracy"": 0.8271604938271605}, ""y1_a1"": {""n"": 0, ""accuracy"": NaN}}",0.4914008204520532
corr,debris,dinov2_b14_518,balanced,0.0,123,test_corr,0.8298059964726631,0.7077922077922078,0.9130434782608696,137,81,87,0.7299270072992701,0.6999559082892416,0.3,"{""y0_a0"": {""n"": 46, ""accuracy"": 0.5869565217391305}, ""y0_a1"": {""n"": 10, ""accuracy"": 0.3}, ""y1_a0"": {""n"": 4, ""accuracy"": 1.0}, ""y1_a1"": {""n"": 77, ""accuracy"": 0.8571428571428571}}",0.4914008204520532
corr,debris,dinov2_b14_518,balanced,0.0,123,test_rev,0.7647707231040565,0.8795518207282913,0.7837837837837838,137,81,58,0.6788321167883211,0.6457231040564374,0.45098039215686275,"{""y0_a0"": {""n"": 5, ""accuracy"": 0.6}, ""y0_a1"": {""n"": 51, ""accuracy"": 0.45098039215686275}, ""y1_a0"": {""n"": 74, ""accuracy"": 0.8108108108108109}, ""y1_a1"": {""n"": 7, ""accuracy"": 1.0}}",0.4914008204520532
corr,debris,dinov2_b14_518,umte_protect,0.0,123,clean,0.8716931216931216,,0.8716931216931216,137,81,0,0.7883211678832117,0.7796516754850088,,"{""y0_a0"": {""n"": 56, ""accuracy"": 0.7321428571428571}, ""y0_a1"": {""n"": 0, ""accuracy"": NaN}, ""y1_a0"": {""n"": 81, ""accuracy"": 0.8271604938271605}, ""y1_a1"": {""n"": 0, ""accuracy"": NaN}}",0.3727473683820957
corr,debris,dinov2_b14_518,umte_protect,0.0,123,test_corr,0.8716931216931216,0.8584415584415584,0.6902173913043478,137,81,87,0.7883211678832117,0.7796516754850088,0.5,"{""y0_a0"": {""n"": 46, ""accuracy"": 0.7608695652173914}, ""y0_a1"": {""n"": 10, ""accuracy"": 0.6}, ""y1_a0"": {""n"": 4, ""accuracy"": 0.5}, ""y1_a1"": {""n"": 77, ""accuracy"": 0.8441558441558441}}",0.3727473683820957
corr,debris,dinov2_b14_518,umte_protect,0.0,123,test_rev,0.8716931216931216,0.8291316526610644,0.8,137,81,58,0.7883211678832117,0.7796516754850088,0.5714285714285714,"{""y0_a0"": {""n"": 5, ""accuracy"": 0.6}, ""y0_a1"": {""n"": 51, ""accuracy"": 0.7450980392156863}, ""y1_a0"": {""n"": 74, ""accuracy"": 0.8513513513513513}, ""y1_a1"": {""n"": 7, ""accuracy"": 0.5714285714285714}}",0.3727473683820957
corr,debris,dinov2_b14_518,umte_protect_balanced,0.0,123,clean,0.8668430335097002,,0.8668430335097002,137,81,0,0.7737226277372263,0.7755731922398589,,"{""y0_a0"": {""n"": 56, ""accuracy"": 0.7857142857142857}, ""y0_a1"": {""n"": 0, ""accuracy"": NaN}, ""y1_a0"": {""n"": 81, ""accuracy"": 0.7654320987654321}, ""y1_a1"": {""n"": 0, ""accuracy"": NaN}}",0.5081543133651563
corr,debris,dinov2_b14_518,umte_protect_balanced,0.0,123,test_corr,0.8668430335097002,0.8584415584415584,0.6847826086956522,137,81,87,0.7737226277372263,0.7755731922398589,0.5,"{""y0_a0"": {""n"": 46, ""accuracy"": 0.8043478260869565}, ""y0_a1"": {""n"": 10, ""accuracy"": 0.7}, ""y1_a0"": {""n"": 4, ""accuracy"": 0.5}, ""y1_a1"": {""n"": 77, ""accuracy"": 0.7792207792207793}}",0.5081543133651563
corr,debris,dinov2_b14_518,umte_protect_balanced,0.0,123,test_rev,0.8668430335097002,0.7983193277310925,0.8135135135135135,137,81,58,0.7737226277372263,0.7755731922398589,0.5714285714285714,"{""y0_a0"": {""n"": 5, ""accuracy"": 0.6}, ""y0_a1"": {""n"": 51, ""accuracy"": 0.803921568627451}, ""y1_a0"": {""n"": 74, ""accuracy"": 0.7837837837837838}, ""y1_a1"": {""n"": 7, ""accuracy"": 0.5714285714285714}}",0.5081543133651563
corr,debris,dinov2_b14_518,i2e,0.0,123,clean,0.8624338624338623,,0.8624338624338623,137,81,0,0.7737226277372263,0.7425044091710757,,"{""y0_a0"": {""n"": 56, ""accuracy"": 0.5714285714285714}, ""y0_a1"": {""n"": 0, ""accuracy"": NaN}, ""y1_a0"": {""n"": 81, ""accuracy"": 0.9135802469135802}, ""y1_a1"": {""n"": 0, ""accuracy"": NaN}}",0.38848430700182734
corr,debris,dinov2_b14_518,i2e,0.0,123,test_corr,0.8838183421516755,0.8155844155844155,0.9510869565217392,137,81,87,0.7956204379562044,0.7610229276895943,0.4,"{""y0_a0"": {""n"": 46, ""accuracy"": 0.6086956521739131}, ""y0_a1"": {""n"": 10, ""accuracy"": 0.4}, ""y1_a0"": {""n"": 4, ""accuracy"": 1.0}, ""y1_a1"": {""n"": 77, ""accuracy"": 0.948051948051948}}",0.38848430700182734
corr,debris,dinov2_b14_518,i2e,0.0,123,test_rev,0.8284832451499119,0.9271708683473389,0.8324324324324325,137,81,58,0.7445255474452555,0.7067901234567902,0.4,"{""y0_a0"": {""n"": 5, ""accuracy"": 0.4}, ""y0_a1"": {""n"": 51, ""accuracy"": 0.5098039215686274}, ""y1_a0"": {""n"": 74, ""accuracy"": 0.9054054054054054}, ""y1_a1"": {""n"": 7, ""accuracy"": 1.0}}",0.38848430700182734
corr,debris,dinov2_b14_518,i2e_balanced,0.0,123,clean,0.8567019400352734,,0.8567019400352734,137,81,0,0.7518248175182481,0.7212301587301587,,"{""y0_a0"": {""n"": 56, ""accuracy"": 0.5535714285714286}, ""y0_a1"": {""n"": 0, ""accuracy"": NaN}, ""y1_a0"": {""n"": 81, ""accuracy"": 0.8888888888888888}, ""y1_a1"": {""n"": 0, ""accuracy"": NaN}}",0.5090437136655297
corr,debris,dinov2_b14_518,i2e_balanced,0.0,123,test_corr,0.8604497354497355,0.7883116883116883,0.9728260869565217,137,81,87,0.7445255474452555,0.7123015873015872,0.5,"{""y0_a0"": {""n"": 46, ""accuracy"": 0.5434782608695652}, ""y0_a1"": {""n"": 10, ""accuracy"": 0.5}, ""y1_a0"": {""n"": 4, ""accuracy"": 1.0}, ""y1_a1"": {""n"": 77, ""accuracy"": 0.8831168831168831}}",0.5090437136655297
corr,debris,dinov2_b14_518,i2e_balanced,0.0,123,test_rev,0.8489858906525573,0.9243697478991597,0.8513513513513513,137,81,58,0.7518248175182481,0.7212301587301587,0.5490196078431373,"{""y0_a0"": {""n"": 5, ""accuracy"": 0.6}, ""y0_a1"": {""n"": 51, ""accuracy"": 0.5490196078431373}, ""y1_a0"": {""n"": 74, ""accuracy"": 0.8783783783783784}, ""y1_a1"": {""n"": 7, ""accuracy"": 1.0}}",0.5090437136655297
corr,debris,dinov2_b14_518,i2e_rank1,0.0,123,clean,0.8205467372134039,,0.8205467372134039,137,81,0,0.7445255474452555,0.7260802469135803,,"{""y0_a0"": {""n"": 56, ""accuracy"": 0.625}, ""y0_a1"": {""n"": 0, ""accuracy"": NaN}, ""y1_a0"": {""n"": 81, ""accuracy"": 0.8271604938271605}, ""y1_a1"": {""n"": 0, ""accuracy"": NaN}}",0.4291289628883923
corr,debris,dinov2_b14_518,i2e_rank1,0.0,123,test_corr,0.8589065255731922,0.7792207792207791,0.8586956521739131,137,81,87,0.7883211678832117,0.7631172839506173,0.5,"{""y0_a0"": {""n"": 46, ""accuracy"": 0.6521739130434783}, ""y0_a1"": {""n"": 10, ""accuracy"": 0.5}, ""y1_a0"": {""n"": 4, ""accuracy"": 1.0}, ""y1_a1"": {""n"": 77, ""accuracy"": 0.8961038961038961}}",0.4291289628883923
corr,debris,dinov2_b14_518,i2e_rank1,0.0,123,test_rev,0.7713844797178131,0.9103641456582633,0.8162162162162163,137,81,58,0.708029197080292,0.6814373897707231,0.5294117647058824,"{""y0_a0"": {""n"": 5, ""accuracy"": 0.6}, ""y0_a1"": {""n"": 51, ""accuracy"": 0.5294117647058824}, ""y1_a0"": {""n"": 74, ""accuracy"": 0.8108108108108109}, ""y1_a1"": {""n"": 7, ""accuracy"": 1.0}}",0.4291289628883923
corr,debris,dinov2_b14_518,insert_aug,0.0,123,clean,0.8084215167548501,,0.8084215167548501,137,81,0,0.7153284671532847,0.6793430335097002,,"{""y0_a0"": {""n"": 56, ""accuracy"": 0.48214285714285715}, ""y0_a1"": {""n"": 0, ""accuracy"": NaN}, ""y1_a0"": {""n"": 81, ""accuracy"": 0.8765432098765432}, ""y1_a1"": {""n"": 0, ""accuracy"": NaN}}",0.4124527149625057
corr,debris,dinov2_b14_518,insert_aug,0.0,123,test_corr,0.8313492063492064,0.7688311688311688,0.7989130434782609,137,81,87,0.7372262773722628,0.6951058201058201,0.3,"{""y0_a0"": {""n"": 46, ""accuracy"": 0.5}, ""y0_a1"": {""n"": 10, ""accuracy"": 0.3}, ""y1_a0"": {""n"": 4, ""accuracy"": 1.0}, ""y1_a1"": {""n"": 77, ""accuracy"": 0.922077922077922}}",0.4124527149625057
corr,debris,dinov2_b14_518,insert_aug,0.0,123,test_rev,0.7760141093474425,0.8907563025210083,0.8216216216216217,137,81,58,0.6934306569343066,0.6525573192239859,0.2,"{""y0_a0"": {""n"": 5, ""accuracy"": 0.2}, ""y0_a1"": {""n"": 51, ""accuracy"": 0.45098039215686275}, ""y1_a0"": {""n"": 74, ""accuracy"": 0.8648648648648649}, ""y1_a1"": {""n"": 7, ""accuracy"": 1.0}}",0.4124527149625057
corr,debris,dinov2_b14_518,mte,0.0,123,clean,0.8842592592592593,,0.8842592592592593,137,81,0,0.8248175182481752,0.8380731922398589,,"{""y0_a0"": {""n"": 56, ""accuracy"": 0.9107142857142857}, ""y0_a1"": {""n"": 0, ""accuracy"": NaN}, ""y1_a0"": {""n"": 81, ""accuracy"": 0.7654320987654321}, ""y1_a1"": {""n"": 0, ""accuracy"": NaN}}",0.564777362851112
corr,debris,dinov2_b14_518,mte,0.0,123,test_corr,0.8842592592592593,0.874025974025974,0.7336956521739131,137,81,87,0.8248175182481752,0.8380731922398589,0.5,"{""y0_a0"": {""n"": 46, ""accuracy"": 0.9130434782608695}, ""y0_a1"": {""n"": 10, ""accuracy"": 0.9}, ""y1_a0"": {""n"": 4, ""accuracy"": 0.5}, ""y1_a1"": {""n"": 77, ""accuracy"": 0.7792207792207793}}",0.564777362851112
corr,debris,dinov2_b14_518,mte,0.0,123,test_rev,0.8842592592592593,0.9159663865546219,0.7594594594594595,137,81,58,0.8248175182481752,0.8380731922398589,0.7142857142857143,"{""y0_a0"": {""n"": 5, ""accuracy"": 0.8}, ""y0_a1"": {""n"": 51, ""accuracy"": 0.9215686274509803}, ""y1_a0"": {""n"": 74, ""accuracy"": 0.7702702702702703}, ""y1_a1"": {""n"": 7, ""accuracy"": 0.7142857142857143}}",0.564777362851112
corr,debris,dinov2_b14_518,mte_balanced,0.0,123,clean,0.8862433862433862,,0.8862433862433862,137,81,0,0.8102189781021898,0.8174603174603174,,"{""y0_a0"": {""n"": 56, ""accuracy"": 0.8571428571428571}, ""y0_a1"": {""n"": 0, ""accuracy"": NaN}, ""y1_a0"": {""n"": 81, ""accuracy"": 0.7777777777777778}, ""y1_a1"": {""n"": 0, ""accuracy"": NaN}}",0.6007769371998368
corr,debris,dinov2_b14_518,mte_balanced,0.0,123,test_corr,0.8862433862433862,0.8675324675324676,0.75,137,81,87,0.8102189781021898,0.8174603174603174,0.5,"{""y0_a0"": {""n"": 46, ""accuracy"": 0.8695652173913043}, ""y0_a1"": {""n"": 10, ""accuracy"": 0.8}, ""y1_a0"": {""n"": 4, ""accuracy"": 0.5}, ""y1_a1"": {""n"": 77, ""accuracy"": 0.7922077922077922}}",0.6007769371998368
corr,debris,dinov2_b14_518,mte_balanced,0.0,123,test_rev,0.8862433862433862,0.8823529411764706,0.7648648648648648,137,81,58,0.8102189781021898,0.8174603174603174,0.4,"{""y0_a0"": {""n"": 5, ""accuracy"": 0.4}, ""y0_a1"": {""n"": 51, ""accuracy"": 0.9019607843137255}, ""y1_a0"": {""n"": 74, ""accuracy"": 0.7837837837837838}, ""y1_a1"": {""n"": 7, ""accuracy"": 0.7142857142857143}}",0.6007769371998368
corr,debris,dinov2_b14_518,ui2e,0.0,123,clean,0.8602292768959435,,0.8602292768959435,137,81,0,0.7956204379562044,0.783068783068783,,"{""y0_a0"": {""n"": 56, ""accuracy"": 0.7142857142857143}, ""y0_a1"": {""n"": 0, ""accuracy"": NaN}, ""y1_a0"": {""n"": 81, ""accuracy"": 0.8518518518518519}, ""y1_a1"": {""n"": 0, ""accuracy"": NaN}}",0.45084291960968054
corr,debris,dinov2_b14_518,ui2e,0.0,123,test_corr,0.8725749559082893,0.7480519480519481,0.9293478260869567,137,81,87,0.8102189781021898,0.7926587301587301,0.4,"{""y0_a0"": {""n"": 46, ""accuracy"": 0.7608695652173914}, ""y0_a1"": {""n"": 10, ""accuracy"": 0.4}, ""y1_a0"": {""n"": 4, ""accuracy"": 1.0}, ""y1_a1"": {""n"": 77, ""accuracy"": 0.8831168831168831}}",0.45084291960968054
corr,debris,dinov2_b14_518,ui2e,0.0,123,test_rev,0.8304673721340389,0.9439775910364145,0.8594594594594595,137,81,58,0.781021897810219,0.7652116402116402,0.6,"{""y0_a0"": {""n"": 5, ""accuracy"": 0.6}, ""y0_a1"": {""n"": 51, ""accuracy"": 0.6862745098039216}, ""y1_a0"": {""n"": 74, ""accuracy"": 0.8378378378378378}, ""y1_a1"": {""n"": 7, ""accuracy"": 1.0}}",0.45084291960968054
corr,debris,dinov2_b14_518,ui2e_balanced,0.0,123,clean,0.828042328042328,,0.828042328042328,137,81,0,0.7664233576642335,0.7583774250440918,,"{""y0_a0"": {""n"": 56, ""accuracy"": 0.7142857142857143}, ""y0_a1"": {""n"": 0, ""accuracy"": NaN}, ""y1_a0"": {""n"": 81, ""accuracy"": 0.8024691358024691}, ""y1_a1"": {""n"": 0, ""accuracy"": NaN}}",0.5418424784039699
corr,debris,dinov2_b14_518,ui2e_balanced,0.0,123,test_corr,0.8315696649029982,0.7181818181818181,0.923913043478261,137,81,87,0.7664233576642335,0.7583774250440918,0.4,"{""y0_a0"": {""n"": 46, ""accuracy"": 0.782608695652174}, ""y0_a1"": {""n"": 10, ""accuracy"": 0.4}, ""y1_a0"": {""n"": 4, ""accuracy"": 1.0}, ""y1_a1"": {""n"": 77, ""accuracy"": 0.7922077922077922}}",0.5418424784039699
corr,debris,dinov2_b14_518,ui2e_balanced,0.0,123,test_rev,0.8229717813051147,0.8907563025210083,0.8027027027027027,137,81,58,0.7518248175182481,0.7405202821869489,0.4,"{""y0_a0"": {""n"": 5, ""accuracy"": 0.4}, ""y0_a1"": {""n"": 51, ""accuracy"": 0.7058823529411765}, ""y1_a0"": {""n"": 74, ""accuracy"": 0.7837837837837838}, ""y1_a1"": {""n"": 7, ""accuracy"": 1.0}}",0.5418424784039699
corr,debris,dinov2_b14_518,umte,0.0,123,clean,0.8630952380952381,,0.8630952380952381,137,81,0,0.7737226277372263,0.7673059964726632,,"{""y0_a0"": {""n"": 56, ""accuracy"": 0.7321428571428571}, ""y0_a1"": {""n"": 0, ""accuracy"": NaN}, ""y1_a0"": {""n"": 81, ""accuracy"": 0.8024691358024691}, ""y1_a1"": {""n"": 0, ""accuracy"": NaN}}",0.41715084589290724
corr,debris,dinov2_b14_518,umte,0.0,123,test_corr,0.8630952380952381,0.8116883116883117,0.7010869565217391,137,81,87,0.7737226277372263,0.7673059964726632,0.4,"{""y0_a0"": {""n"": 46, ""accuracy"": 0.8043478260869565}, ""y0_a1"": {""n"": 10, ""accuracy"": 0.4}, ""y1_a0"": {""n"": 4, ""accuracy"": 0.5}, ""y1_a1"": {""n"": 77, ""accuracy"": 0.8181818181818182}}",0.41715084589290724
corr,debris,dinov2_b14_518,umte,0.0,123,test_rev,0.8630952380952381,0.9159663865546218,0.7513513513513512,137,81,58,0.7737226277372263,0.7673059964726632,0.2,"{""y0_a0"": {""n"": 5, ""accuracy"": 0.2}, ""y0_a1"": {""n"": 51, ""accuracy"": 0.7843137254901961}, ""y1_a0"": {""n"": 74, ""accuracy"": 0.7972972972972973}, ""y1_a1"": {""n"": 7, ""accuracy"": 0.8571428571428571}}",0.41715084589290724
corr,debris,dinov2_b14_518,umte_balanced,0.0,123,clean,0.861331569664903,,0.861331569664903,137,81,0,0.7737226277372263,0.7700617283950617,,"{""y0_a0"": {""n"": 56, ""accuracy"": 0.75}, ""y0_a1"": {""n"": 0, ""accuracy"": NaN}, ""y1_a0"": {""n"": 81, ""accuracy"": 0.7901234567901234}, ""y1_a1"": {""n"": 0, ""accuracy"": NaN}}",0.4971171041069538
corr,debris,dinov2_b14_518,umte_balanced,0.0,123,test_corr,0.861331569664903,0.7999999999999999,0.6684782608695652,137,81,87,0.7737226277372263,0.7700617283950617,0.5,"{""y0_a0"": {""n"": 46, ""accuracy"": 0.8043478260869565}, ""y0_a1"": {""n"": 10, ""accuracy"": 0.5}, ""y1_a0"": {""n"": 4, ""accuracy"": 0.5}, ""y1_a1"": {""n"": 77, ""accuracy"": 0.8051948051948052}}",0.4971171041069538
corr,debris,dinov2_b14_518,umte_balanced,0.0,123,test_rev,0.861331569664903,0.876750700280112,0.7675675675675675,137,81,58,0.7737226277372263,0.7700617283950617,0.4,"{""y0_a0"": {""n"": 5, ""accuracy"": 0.4}, ""y0_a1"": {""n"": 51, ""accuracy"": 0.7843137254901961}, ""y1_a0"": {""n"": 74, ""accuracy"": 0.7837837837837838}, ""y1_a1"": {""n"": 7, ""accuracy"": 0.8571428571428571}}",0.4971171041069538
corr,debris,dinov2_b14_518,erm,0.0,456,clean,0.8070987654320987,,0.8070987654320987,137,81,0,0.7445255474452555,0.7315917107583774,,"{""y0_a0"": {""n"": 56, ""accuracy"": 0.6607142857142857}, ""y0_a1"": {""n"": 0, ""accuracy"": NaN}, ""y1_a0"": {""n"": 81, ""accuracy"": 0.8024691358024691}, ""y1_a1"": {""n"": 0, ""accuracy"": NaN}}",0.4757876357752987
corr,debris,dinov2_b14_518,erm,0.0,456,test_corr,0.8423721340388007,0.9589041095890412,0.8819444444444444,137,81,75,0.7883211678832117,0.7686287477954145,0.6481481481481481,"{""y0_a0"": {""n"": 54, ""accuracy"": 0.6481481481481481}, ""y0_a1"": {""n"": 2, ""accuracy"": 1.0}, ""y1_a0"": {""n"": 8, ""accuracy"": 1.0}, ""y1_a1"": {""n"": 73, ""accuracy"": 0.863013698630137}}",0.4757876357752987
corr,debris,dinov2_b14_518,erm,0.0,456,test_rev,0.7724867724867724,0.9148936170212766,0.7464387464387464,137,81,50,0.7299270072992701,0.7137345679012346,0.6170212765957447,"{""y0_a0"": {""n"": 9, ""accuracy"": 0.6666666666666666}, ""y0_a1"": {""n"": 47, ""accuracy"": 0.6170212765957447}, ""y1_a0"": {""n"": 78, ""accuracy"": 0.7948717948717948}, ""y1_a1"": {""n"": 3, ""accuracy"": 1.0}}",0.4757876357752987
corr,debris,dinov2_b14_518,mask,0.0,456,clean,0.8787477954144621,,0.8787477954144621,137,81,0,0.7956204379562044,0.810626102292769,,"{""y0_a0"": {""n"": 56, ""accuracy"": 0.8928571428571429}, ""y0_a1"": {""n"": 0, ""accuracy"": NaN}, ""y1_a0"": {""n"": 81, ""accuracy"": 0.7283950617283951}, ""y1_a1"": {""n"": 0, ""accuracy"": NaN}}",0.5893402425728367
corr,debris,dinov2_b14_518,mask,0.0,456,test_corr,0.8787477954144621,0.9794520547945205,0.8425925925925926,137,81,75,0.7956204379562044,0.810626102292769,0.625,"{""y0_a0"": {""n"": 54, ""accuracy"": 0.8888888888888888}, ""y0_a1"": {""n"": 2, ""accuracy"": 1.0}, ""y1_a0"": {""n"": 8, ""accuracy"": 0.625}, ""y1_a1"": {""n"": 73, ""accuracy"": 0.7397260273972602}}",0.5893402425728367
corr,debris,dinov2_b14_518,mask,0.0,456,test_rev,0.8787477954144621,0.7234042553191489,0.868945868945869,137,81,50,0.7956204379562044,0.810626102292769,0.3333333333333333,"{""y0_a0"": {""n"": 9, ""accuracy"": 0.7777777777777778}, ""y0_a1"": {""n"": 47, ""accuracy"": 0.9148936170212766}, ""y1_a0"": {""n"": 78, ""accuracy"": 0.7435897435897436}, ""y1_a1"": {""n"": 3, ""accuracy"": 0.3333333333333333}}",0.5893402425728367
corr,debris,dinov2_b14_518,balanced,0.0,456,clean,0.8066578483245149,,0.8066578483245149,137,81,0,0.7445255474452555,0.7178130511463845,,"{""y0_a0"": {""n"": 56, ""accuracy"": 0.5714285714285714}, ""y0_a1"": {""n"": 0, ""accuracy"": NaN}, ""y1_a0"": {""n"": 81, ""accuracy"": 0.8641975308641975}, ""y1_a1"": {""n"": 0, ""accuracy"": NaN}}",0.42103741028587716
corr,debris,dinov2_b14_518,balanced,0.0,456,test_corr,0.8194444444444444,0.9794520547945205,0.8680555555555556,137,81,75,0.7591240875912408,0.7301587301587301,0.5555555555555556,"{""y0_a0"": {""n"": 54, ""accuracy"": 0.5555555555555556}, ""y0_a1"": {""n"": 2, ""accuracy"": 1.0}, ""y1_a0"": {""n"": 8, ""accuracy"": 1.0}, ""y1_a1"": {""n"": 73, ""accuracy"": 0.8767123287671232}}",0.42103741028587716
corr,debris,dinov2_b14_518,balanced,0.0,456,test_rev,0.7940917107583774,0.8794326241134752,0.7521367521367521,137,81,50,0.7372262773722628,0.7088844797178131,0.5531914893617021,"{""y0_a0"": {""n"": 9, ""accuracy"": 0.5555555555555556}, ""y0_a1"": {""n"": 47, ""accuracy"": 0.5531914893617021}, ""y1_a0"": {""n"": 78, ""accuracy"": 0.8589743589743589}, ""y1_a1"": {""n"": 3, ""accuracy"": 1.0}}",0.42103741028587716
corr,debris,dinov2_b14_518,umte_protect,0.0,456,clean,0.8547178130511464,,0.8547178130511464,137,81,0,0.7737226277372263,0.7673059964726632,,"{""y0_a0"": {""n"": 56, ""accuracy"": 0.7321428571428571}, ""y0_a1"": {""n"": 0, ""accuracy"": NaN}, ""y1_a0"": {""n"": 81, ""accuracy"": 0.8024691358024691}, ""y1_a1"": {""n"": 0, ""accuracy"": NaN}}",0.3977794558455794
corr,debris,dinov2_b14_518,umte_protect,0.0,456,test_corr,0.8547178130511464,0.9657534246575342,0.8148148148148148,137,81,75,0.7737226277372263,0.7673059964726632,0.625,"{""y0_a0"": {""n"": 54, ""accuracy"": 0.7222222222222222}, ""y0_a1"": {""n"": 2, ""accuracy"": 1.0}, ""y1_a0"": {""n"": 8, ""accuracy"": 0.625}, ""y1_a1"": {""n"": 73, ""accuracy"": 0.821917808219178}}",0.3977794558455794
corr,debris,dinov2_b14_518,umte_protect,0.0,456,test_rev,0.8547178130511464,0.7446808510638299,0.8632478632478633,137,81,50,0.7737226277372263,0.7673059964726632,0.6666666666666666,"{""y0_a0"": {""n"": 9, ""accuracy"": 0.7777777777777778}, ""y0_a1"": {""n"": 47, ""accuracy"": 0.723404255319149}, ""y1_a0"": {""n"": 78, ""accuracy"": 0.8076923076923077}, ""y1_a1"": {""n"": 3, ""accuracy"": 0.6666666666666666}}",0.3977794558455794
corr,debris,dinov2_b14_518,umte_protect_balanced,0.0,456,clean,0.8509700176366843,,0.8509700176366843,137,81,0,0.7518248175182481,0.7294973544973544,,"{""y0_a0"": {""n"": 56, ""accuracy"": 0.6071428571428571}, ""y0_a1"": {""n"": 0, ""accuracy"": NaN}, ""y1_a0"": {""n"": 81, ""accuracy"": 0.8518518518518519}, ""y1_a1"": {""n"": 0, ""accuracy"": NaN}}",0.31414719323112406
corr,debris,dinov2_b14_518,umte_protect_balanced,0.0,456,test_corr,0.8509700176366843,0.9657534246575342,0.8125,137,81,75,0.7518248175182481,0.7294973544973544,0.5925925925925926,"{""y0_a0"": {""n"": 54, ""accuracy"": 0.5925925925925926}, ""y0_a1"": {""n"": 2, ""accuracy"": 1.0}, ""y1_a0"": {""n"": 8, ""accuracy"": 0.875}, ""y1_a1"": {""n"": 73, ""accuracy"": 0.8493150684931506}}",0.31414719323112406
corr,debris,dinov2_b14_518,umte_protect_balanced,0.0,456,test_rev,0.8509700176366843,0.7234042553191489,0.8732193732193733,137,81,50,0.7518248175182481,0.7294973544973544,0.574468085106383,"{""y0_a0"": {""n"": 9, ""accuracy"": 0.7777777777777778}, ""y0_a1"": {""n"": 47, ""accuracy"": 0.574468085106383}, ""y1_a0"": {""n"": 78, ""accuracy"": 0.8589743589743589}, ""y1_a1"": {""n"": 3, ""accuracy"": 0.6666666666666666}}",0.31414719323112406
corr,debris,dinov2_b14_518,i2e,0.0,456,clean,0.863095238095238,,0.863095238095238,137,81,0,0.7737226277372263,0.7425044091710757,,"{""y0_a0"": {""n"": 56, ""accuracy"": 0.5714285714285714}, ""y0_a1"": {""n"": 0, ""accuracy"": NaN}, ""y1_a0"": {""n"": 81, ""accuracy"": 0.9135802469135802}, ""y1_a1"": {""n"": 0, ""accuracy"": NaN}}",0.3940040227344741
corr,debris,dinov2_b14_518,i2e,0.0,456,test_corr,0.8893298059964727,0.9863013698630136,0.9189814814814814,137,81,75,0.7956204379562044,0.7610229276895943,0.5555555555555556,"{""y0_a0"": {""n"": 54, ""accuracy"": 0.5555555555555556}, ""y0_a1"": {""n"": 2, ""accuracy"": 1.0}, ""y1_a0"": {""n"": 8, ""accuracy"": 1.0}, ""y1_a1"": {""n"": 73, ""accuracy"": 0.9452054794520548}}",0.3940040227344741
corr,debris,dinov2_b14_518,i2e,0.0,456,test_rev,0.8302469135802469,0.9361702127659574,0.8162393162393162,137,81,50,0.7445255474452555,0.7067901234567902,0.4444444444444444,"{""y0_a0"": {""n"": 9, ""accuracy"": 0.4444444444444444}, ""y0_a1"": {""n"": 47, ""accuracy"": 0.5106382978723404}, ""y1_a0"": {""n"": 78, ""accuracy"": 0.9102564102564102}, ""y1_a1"": {""n"": 3, ""accuracy"": 1.0}}",0.3940040227344741
corr,debris,dinov2_b14_518,i2e_balanced,0.0,456,clean,0.863095238095238,,0.863095238095238,137,81,0,0.7883211678832117,0.7631172839506173,,"{""y0_a0"": {""n"": 56, ""accuracy"": 0.625}, ""y0_a1"": {""n"": 0, ""accuracy"": NaN}, ""y1_a0"": {""n"": 81, ""accuracy"": 0.9012345679012346}, ""y1_a1"": {""n"": 0, ""accuracy"": NaN}}",0.40450852687019595
corr,debris,dinov2_b14_518,i2e_balanced,0.0,456,test_corr,0.8767636684303352,1.0,0.8796296296296297,137,81,75,0.8029197080291971,0.775462962962963,0.6111111111111112,"{""y0_a0"": {""n"": 54, ""accuracy"": 0.6111111111111112}, ""y0_a1"": {""n"": 2, ""accuracy"": 1.0}, ""y1_a0"": {""n"": 8, ""accuracy"": 1.0}, ""y1_a1"": {""n"": 73, ""accuracy"": 0.9178082191780822}}",0.40450852687019595
corr,debris,dinov2_b14_518,i2e_balanced,0.0,456,test_rev,0.8454585537918871,0.8581560283687943,0.8205128205128205,137,81,50,0.7664233576642335,0.736331569664903,0.5555555555555556,"{""y0_a0"": {""n"": 9, ""accuracy"": 0.5555555555555556}, ""y0_a1"": {""n"": 47, ""accuracy"": 0.574468085106383}, ""y1_a0"": {""n"": 78, ""accuracy"": 0.8974358974358975}, ""y1_a1"": {""n"": 3, ""accuracy"": 1.0}}",0.40450852687019595
corr,debris,dinov2_b14_518,i2e_rank1,0.0,456,clean,0.822089947089947,,0.822089947089947,137,81,0,0.7299270072992701,0.7109788359788359,,"{""y0_a0"": {""n"": 56, ""accuracy"": 0.6071428571428571}, ""y0_a1"": {""n"": 0, ""accuracy"": NaN}, ""y1_a0"": {""n"": 81, ""accuracy"": 0.8148148148148148}, ""y1_a1"": {""n"": 0, ""accuracy"": NaN}}",0.42263032564587427
corr,debris,dinov2_b14_518,i2e_rank1,0.0,456,test_corr,0.8697089947089947,0.9931506849315068,0.8958333333333334,137,81,75,0.781021897810219,0.7541887125220459,0.5925925925925926,"{""y0_a0"": {""n"": 54, ""accuracy"": 0.5925925925925926}, ""y0_a1"": {""n"": 2, ""accuracy"": 1.0}, ""y1_a0"": {""n"": 8, ""accuracy"": 1.0}, ""y1_a1"": {""n"": 73, ""accuracy"": 0.8904109589041096}}",0.42263032564587427
corr,debris,dinov2_b14_518,i2e_rank1,0.0,456,test_rev,0.7777777777777778,0.9148936170212766,0.7464387464387464,137,81,50,0.6934306569343066,0.6663359788359788,0.5106382978723404,"{""y0_a0"": {""n"": 9, ""accuracy"": 0.5555555555555556}, ""y0_a1"": {""n"": 47, ""accuracy"": 0.5106382978723404}, ""y1_a0"": {""n"": 78, ""accuracy"": 0.8076923076923077}, ""y1_a1"": {""n"": 3, ""accuracy"": 1.0}}",0.42263032564587427
corr,debris,dinov2_b14_518,insert_aug,0.0,456,clean,0.8156966490299823,,0.8156966490299823,137,81,0,0.7445255474452555,0.7123015873015872,,"{""y0_a0"": {""n"": 56, ""accuracy"": 0.5357142857142857}, ""y0_a1"": {""n"": 0, ""accuracy"": NaN}, ""y1_a0"": {""n"": 81, ""accuracy"": 0.8888888888888888}, ""y1_a1"": {""n"": 0, ""accuracy"": NaN}}",0.40625494890368385
corr,debris,dinov2_b14_518,insert_aug,0.0,456,test_corr,0.8408289241622574,0.9589041095890412,0.8981481481481481,137,81,75,0.7664233576642335,0.7308201058201058,0.5185185185185185,"{""y0_a0"": {""n"": 54, ""accuracy"": 0.5185185185185185}, ""y0_a1"": {""n"": 2, ""accuracy"": 1.0}, ""y1_a0"": {""n"": 8, ""accuracy"": 1.0}, ""y1_a1"": {""n"": 73, ""accuracy"": 0.9178082191780822}}",0.40625494890368385
corr,debris,dinov2_b14_518,insert_aug,0.0,456,test_rev,0.7883597883597883,0.9290780141843972,0.7407407407407407,137,81,50,0.7007299270072993,0.6587301587301587,0.40425531914893614,"{""y0_a0"": {""n"": 9, ""accuracy"": 0.5555555555555556}, ""y0_a1"": {""n"": 47, ""accuracy"": 0.40425531914893614}, ""y1_a0"": {""n"": 78, ""accuracy"": 0.8846153846153846}, ""y1_a1"": {""n"": 3, ""accuracy"": 1.0}}",0.40625494890368385
corr,debris,dinov2_b14_518,mte,0.0,456,clean,0.8842592592592593,,0.8842592592592593,137,81,0,0.8248175182481752,0.8380731922398589,,"{""y0_a0"": {""n"": 56, ""accuracy"": 0.9107142857142857}, ""y0_a1"": {""n"": 0, ""accuracy"": NaN}, ""y1_a0"": {""n"": 81, ""accuracy"": 0.7654320987654321}, ""y1_a1"": {""n"": 0, ""accuracy"": NaN}}",0.564777362851112
corr,debris,dinov2_b14_518,mte,0.0,456,test_corr,0.8842592592592593,0.9589041095890412,0.8356481481481481,137,81,75,0.8248175182481752,0.8380731922398589,0.625,"{""y0_a0"": {""n"": 54, ""accuracy"": 0.9074074074074074}, ""y0_a1"": {""n"": 2, ""accuracy"": 1.0}, ""y1_a0"": {""n"": 8, ""accuracy"": 0.625}, ""y1_a1"": {""n"": 73, ""accuracy"": 0.7808219178082192}}",0.564777362851112
corr,debris,dinov2_b14_518,mte,0.0,456,test_rev,0.8842592592592593,0.7446808510638299,0.8575498575498576,137,81,50,0.8248175182481752,0.8380731922398589,0.3333333333333333,"{""y0_a0"": {""n"": 9, ""accuracy"": 0.7777777777777778}, ""y0_a1"": {""n"": 47, ""accuracy"": 0.9361702127659575}, ""y1_a0"": {""n"": 78, ""accuracy"": 0.782051282051282}, ""y1_a1"": {""n"": 3, ""accuracy"": 0.3333333333333333}}",0.564777362851112
corr,debris,dinov2_b14_518,mte_balanced,0.0,456,clean,0.8831569664902998,,0.8831569664902998,137,81,0,0.8321167883211679,0.8332231040564374,,"{""y0_a0"": {""n"": 56, ""accuracy"": 0.8392857142857143}, ""y0_a1"": {""n"": 0, ""accuracy"": NaN}, ""y1_a0"": {""n"": 81, ""accuracy"": 0.8271604938271605}, ""y1_a1"": {""n"": 0, ""accuracy"": NaN}}",0.4995812711934495
corr,debris,dinov2_b14_518,mte_balanced,0.0,456,test_corr,0.8831569664902998,0.9657534246575342,0.8449074074074074,137,81,75,0.8321167883211679,0.8332231040564374,0.821917808219178,"{""y0_a0"": {""n"": 54, ""accuracy"": 0.8333333333333334}, ""y0_a1"": {""n"": 2, ""accuracy"": 1.0}, ""y1_a0"": {""n"": 8, ""accuracy"": 0.875}, ""y1_a1"": {""n"": 73, ""accuracy"": 0.821917808219178}}",0.4995812711934495
corr,debris,dinov2_b14_518,mte_balanced,0.0,456,test_rev,0.8831569664902998,0.7446808510638299,0.8547008547008548,137,81,50,0.8321167883211679,0.8332231040564374,0.6666666666666666,"{""y0_a0"": {""n"": 9, ""accuracy"": 0.7777777777777778}, ""y0_a1"": {""n"": 47, ""accuracy"": 0.851063829787234}, ""y1_a0"": {""n"": 78, ""accuracy"": 0.8333333333333334}, ""y1_a1"": {""n"": 3, ""accuracy"": 0.6666666666666666}}",0.4995812711934495
corr,debris,dinov2_b14_518,ui2e,0.0,456,clean,0.8626543209876543,,0.8626543209876543,137,81,0,0.7956204379562044,0.783068783068783,,"{""y0_a0"": {""n"": 56, ""accuracy"": 0.7142857142857143}, ""y0_a1"": {""n"": 0, ""accuracy"": NaN}, ""y1_a0"": {""n"": 81, ""accuracy"": 0.8518518518518519}, ""y1_a1"": {""n"": 0, ""accuracy"": NaN}}",0.44737042217124895
corr,debris,dinov2_b14_518,ui2e,0.0,456,test_corr,0.8818342151675485,0.9863013698630136,0.9143518518518519,137,81,75,0.8175182481751825,0.8015873015873016,0.7037037037037037,"{""y0_a0"": {""n"": 54, ""accuracy"": 0.7037037037037037}, ""y0_a1"": {""n"": 2, ""accuracy"": 1.0}, ""y1_a0"": {""n"": 8, ""accuracy"": 1.0}, ""y1_a1"": {""n"": 73, ""accuracy"": 0.8767123287671232}}",0.44737042217124895
corr,debris,dinov2_b14_518,ui2e,0.0,456,test_rev,0.8337742504409171,0.9219858156028369,0.7606837606837606,137,81,50,0.781021897810219,0.7652116402116402,0.5555555555555556,"{""y0_a0"": {""n"": 9, ""accuracy"": 0.5555555555555556}, ""y0_a1"": {""n"": 47, ""accuracy"": 0.7021276595744681}, ""y1_a0"": {""n"": 78, ""accuracy"": 0.8461538461538461}, ""y1_a1"": {""n"": 3, ""accuracy"": 1.0}}",0.44737042217124895
corr,debris,dinov2_b14_518,ui2e_balanced,0.0,456,clean,0.8295855379188711,,0.8295855379188711,137,81,0,0.7737226277372263,0.7700617283950617,,"{""y0_a0"": {""n"": 56, ""accuracy"": 0.75}, ""y0_a1"": {""n"": 0, ""accuracy"": NaN}, ""y1_a0"": {""n"": 81, ""accuracy"": 0.7901234567901234}, ""y1_a1"": {""n"": 0, ""accuracy"": NaN}}",0.4988859372388778
corr,debris,dinov2_b14_518,ui2e_balanced,0.0,456,test_corr,0.8289241622574955,0.9726027397260274,0.8935185185185185,137,81,75,0.7737226277372263,0.7700617283950617,0.7407407407407407,"{""y0_a0"": {""n"": 54, ""accuracy"": 0.7407407407407407}, ""y0_a1"": {""n"": 2, ""accuracy"": 1.0}, ""y1_a0"": {""n"": 8, ""accuracy"": 1.0}, ""y1_a1"": {""n"": 73, ""accuracy"": 0.7671232876712328}}",0.4988859372388778
corr,debris,dinov2_b14_518,ui2e_balanced,0.0,456,test_rev,0.826058201058201,0.8794326241134752,0.7521367521367521,137,81,50,0.7737226277372263,0.7700617283950617,0.6666666666666666,"{""y0_a0"": {""n"": 9, ""accuracy"": 0.6666666666666666}, ""y0_a1"": {""n"": 47, ""accuracy"": 0.7659574468085106}, ""y1_a0"": {""n"": 78, ""accuracy"": 0.782051282051282}, ""y1_a1"": {""n"": 3, ""accuracy"": 1.0}}",0.4988859372388778
corr,debris,dinov2_b14_518,umte,0.0,456,clean,0.8630952380952381,,0.8630952380952381,137,81,0,0.7737226277372263,0.7673059964726632,,"{""y0_a0"": {""n"": 56, ""accuracy"": 0.7321428571428571}, ""y0_a1"": {""n"": 0, ""accuracy"": NaN}, ""y1_a0"": {""n"": 81, ""accuracy"": 0.8024691358024691}, ""y1_a1"": {""n"": 0, ""accuracy"": NaN}}",0.41715084589290724
corr,debris,dinov2_b14_518,umte,0.0,456,test_corr,0.8630952380952381,0.9383561643835616,0.837962962962963,137,81,75,0.7737226277372263,0.7673059964726632,0.7222222222222222,"{""y0_a0"": {""n"": 54, ""accuracy"": 0.7222222222222222}, ""y0_a1"": {""n"": 2, ""accuracy"": 1.0}, ""y1_a0"": {""n"": 8, ""accuracy"": 0.75}, ""y1_a1"": {""n"": 73, ""accuracy"": 0.8082191780821918}}",0.41715084589290724
corr,debris,dinov2_b14_518,umte,0.0,456,test_rev,0.8630952380952381,0.8085106382978724,0.8404558404558404,137,81,50,0.7737226277372263,0.7673059964726632,0.6666666666666666,"{""y0_a0"": {""n"": 9, ""accuracy"": 0.6666666666666666}, ""y0_a1"": {""n"": 47, ""accuracy"": 0.7446808510638298}, ""y1_a0"": {""n"": 78, ""accuracy"": 0.8076923076923077}, ""y1_a1"": {""n"": 3, ""accuracy"": 0.6666666666666666}}",0.41715084589290724
corr,debris,dinov2_b14_518,umte_balanced,0.0,456,clean,0.8657407407407407,,0.8657407407407407,137,81,0,0.7664233576642335,0.7528659611992945,,"{""y0_a0"": {""n"": 56, ""accuracy"": 0.6785714285714286}, ""y0_a1"": {""n"": 0, ""accuracy"": NaN}, ""y1_a0"": {""n"": 81, ""accuracy"": 0.8271604938271605}, ""y1_a1"": {""n"": 0, ""accuracy"": NaN}}",0.39088030398489687
corr,debris,dinov2_b14_518,umte_balanced,0.0,456,test_corr,0.8657407407407407,0.952054794520548,0.8472222222222222,137,81,75,0.7664233576642335,0.7528659611992945,0.6666666666666666,"{""y0_a0"": {""n"": 54, ""accuracy"": 0.6666666666666666}, ""y0_a1"": {""n"": 2, ""accuracy"": 1.0}, ""y1_a0"": {""n"": 8, ""accuracy"": 0.75}, ""y1_a1"": {""n"": 73, ""accuracy"": 0.8356164383561644}}",0.39088030398489687
corr,debris,dinov2_b14_518,umte_balanced,0.0,456,test_rev,0.8657407407407407,0.8439716312056738,0.8475783475783476,137,81,50,0.7664233576642335,0.7528659611992945,0.6666666666666666,"{""y0_a0"": {""n"": 9, ""accuracy"": 0.6666666666666666}, ""y0_a1"": {""n"": 47, ""accuracy"": 0.6808510638297872}, ""y1_a0"": {""n"": 78, ""accuracy"": 0.8333333333333334}, ""y1_a1"": {""n"": 3, ""accuracy"": 0.6666666666666666}}",0.39088030398489687
corr,debris,dinov2_b14_518,erm,0.25,42,clean,0.8095238095238095,,0.8095238095238095,137,81,0,0.7445255474452555,0.7288359788359788,,"{""y0_a0"": {""n"": 56, ""accuracy"": 0.6428571428571429}, ""y0_a1"": {""n"": 0, ""accuracy"": NaN}, ""y1_a0"": {""n"": 81, ""accuracy"": 0.8148148148148148}, ""y1_a1"": {""n"": 0, ""accuracy"": NaN}}",0.46131960488084145
corr,debris,dinov2_b14_518,erm,0.25,42,test_corr,0.8595679012345678,0.9378378378378378,0.8375350140056022,137,81,79,0.7883211678832117,0.7658730158730158,0.6274509803921569,"{""y0_a0"": {""n"": 51, ""accuracy"": 0.6274509803921569}, ""y0_a1"": {""n"": 5, ""accuracy"": 0.8}, ""y1_a0"": {""n"": 7, ""accuracy"": 0.7142857142857143}, ""y1_a1"": {""n"": 74, ""accuracy"": 0.9054054054054054}}",0.46131960488084145
corr,debris,dinov2_b14_518,erm,0.25,42,test_rev,0.7727072310405644,0.782608695652174,0.7986666666666667,137,81,52,0.7226277372262774,0.6992945326278659,0.5652173913043478,"{""y0_a0"": {""n"": 10, ""accuracy"": 0.6}, ""y0_a1"": {""n"": 46, ""accuracy"": 0.5652173913043478}, ""y1_a0"": {""n"": 75, ""accuracy"": 0.8266666666666667}, ""y1_a1"": {""n"": 6, ""accuracy"": 0.8333333333333334}}",0.46131960488084145
corr,debris,dinov2_b14_518,mask,0.25,42,clean,0.8754409171075839,,0.8754409171075839,137,81,0,0.8321167883211679,0.8332231040564374,,"{""y0_a0"": {""n"": 56, ""accuracy"": 0.8392857142857143}, ""y0_a1"": {""n"": 0, ""accuracy"": NaN}, ""y1_a0"": {""n"": 81, ""accuracy"": 0.8271604938271605}, ""y1_a1"": {""n"": 0, ""accuracy"": NaN}}",0.31382461769716224
corr,debris,dinov2_b14_518,mask,0.25,42,test_corr,0.9268077601410935,0.8864864864864864,0.9747899159663866,137,81,79,0.8759124087591241,0.8675044091710757,0.6,"{""y0_a0"": {""n"": 51, ""accuracy"": 0.8431372549019608}, ""y0_a1"": {""n"": 5, ""accuracy"": 0.6}, ""y1_a0"": {""n"": 7, ""accuracy"": 1.0}, ""y1_a1"": {""n"": 74, ""accuracy"": 0.9054054054054054}}",0.31382461769716224
corr,debris,dinov2_b14_518,mask,0.25,42,test_rev,0.8062169312169312,0.923913043478261,0.764,137,81,52,0.7372262773722628,0.7143959435626102,0.5,"{""y0_a0"": {""n"": 10, ""accuracy"": 0.5}, ""y0_a1"": {""n"": 46, ""accuracy"": 0.6086956521739131}, ""y1_a0"": {""n"": 75, ""accuracy"": 0.8266666666666667}, ""y1_a1"": {""n"": 6, ""accuracy"": 1.0}}",0.31382461769716224
corr,debris,dinov2_b14_518,balanced,0.25,42,clean,0.8342151675485009,,0.8342151675485009,137,81,0,0.7737226277372263,0.7590388007054674,,"{""y0_a0"": {""n"": 56, ""accuracy"": 0.6785714285714286}, ""y0_a1"": {""n"": 0, ""accuracy"": NaN}, ""y1_a0"": {""n"": 81, ""accuracy"": 0.8395061728395061}, ""y1_a1"": {""n"": 0, ""accuracy"": NaN}}",0.42273656024456735
corr,debris,dinov2_b14_518,balanced,0.25,42,test_corr,0.8661816578483245,0.9378378378378378,0.8431372549019607,137,81,79,0.8029197080291971,0.7837301587301587,0.6666666666666666,"{""y0_a0"": {""n"": 51, ""accuracy"": 0.6666666666666666}, ""y0_a1"": {""n"": 5, ""accuracy"": 0.8}, ""y1_a0"": {""n"": 7, ""accuracy"": 0.7142857142857143}, ""y1_a1"": {""n"": 74, ""accuracy"": 0.9054054054054054}}",0.42273656024456735
corr,debris,dinov2_b14_518,balanced,0.25,42,test_rev,0.808641975308642,0.7318840579710145,0.8013333333333333,137,81,52,0.7518248175182481,0.7322530864197531,0.6,"{""y0_a0"": {""n"": 10, ""accuracy"": 0.6}, ""y0_a1"": {""n"": 46, ""accuracy"": 0.6304347826086957}, ""y1_a0"": {""n"": 75, ""accuracy"": 0.8533333333333334}, ""y1_a1"": {""n"": 6, ""accuracy"": 0.6666666666666666}}",0.42273656024456735
corr,debris,dinov2_b14_518,umte_protect,0.25,42,clean,0.8525132275132274,,0.8525132275132274,137,81,0,0.7883211678832117,0.7906746031746033,,"{""y0_a0"": {""n"": 56, ""accuracy"": 0.8035714285714286}, ""y0_a1"": {""n"": 0, ""accuracy"": NaN}, ""y1_a0"": {""n"": 81, ""accuracy"": 0.7777777777777778}, ""y1_a1"": {""n"": 0, ""accuracy"": NaN}}",0.4146991588416114
corr,debris,dinov2_b14_518,umte_protect,0.25,42,test_corr,0.8827160493827162,0.8918918918918919,0.9803921568627452,137,81,79,0.8321167883211679,0.8277116402116402,0.8,"{""y0_a0"": {""n"": 51, ""accuracy"": 0.803921568627451}, ""y0_a1"": {""n"": 5, ""accuracy"": 0.8}, ""y1_a0"": {""n"": 7, ""accuracy"": 1.0}, ""y1_a1"": {""n"": 74, ""accuracy"": 0.8378378378378378}}",0.4146991588416114
corr,debris,dinov2_b14_518,umte_protect,0.25,42,test_rev,0.8293650793650793,0.9130434782608696,0.7533333333333333,137,81,52,0.7591240875912408,0.7549603174603174,0.5,"{""y0_a0"": {""n"": 10, ""accuracy"": 0.5}, ""y0_a1"": {""n"": 46, ""accuracy"": 0.782608695652174}, ""y1_a0"": {""n"": 75, ""accuracy"": 0.7733333333333333}, ""y1_a1"": {""n"": 6, ""accuracy"": 0.8333333333333334}}",0.4146991588416114
corr,debris,dinov2_b14_518,umte_protect_balanced,0.25,42,clean,0.8589065255731921,,0.8589065255731921,137,81,0,0.8175182481751825,0.8208774250440918,,"{""y0_a0"": {""n"": 56, ""accuracy"": 0.8392857142857143}, ""y0_a1"": {""n"": 0, ""accuracy"": NaN}, ""y1_a0"": {""n"": 81, ""accuracy"": 0.8024691358024691}, ""y1_a1"": {""n"": 0, ""accuracy"": NaN}}",0.4262920606583781
corr,debris,dinov2_b14_518,umte_protect_balanced,0.25,42,test_corr,0.8701499118165785,0.8837837837837837,0.9831932773109244,137,81,79,0.8321167883211679,0.8332231040564374,0.8,"{""y0_a0"": {""n"": 51, ""accuracy"": 0.8431372549019608}, ""y0_a1"": {""n"": 5, ""accuracy"": 0.8}, ""y1_a0"": {""n"": 7, ""accuracy"": 1.0}, ""y1_a1"": {""n"": 74, ""accuracy"": 0.8108108108108109}}",0.4262920606583781
corr,debris,dinov2_b14_518,umte_protect_balanced,0.25,42,test_rev,0.8527336860670194,0.8840579710144927,0.7693333333333333,137,81,52,0.8175182481751825,0.8208774250440918,0.6,"{""y0_a0"": {""n"": 10, ""accuracy"": 0.6}, ""y0_a1"": {""n"": 46, ""accuracy"": 0.8913043478260869}, ""y1_a0"": {""n"": 75, ""accuracy"": 0.8}, ""y1_a1"": {""n"": 6, ""accuracy"": 0.8333333333333334}}",0.4262920606583781
corr,debris,dinov2_b14_518,i2e,0.25,42,clean,0.8602292768959436,,0.8602292768959436,137,81,0,0.7664233576642335,0.7335758377425043,,"{""y0_a0"": {""n"": 56, ""accuracy"": 0.5535714285714286}, ""y0_a1"": {""n"": 0, ""accuracy"": NaN}, ""y1_a0"": {""n"": 81, ""accuracy"": 0.9135802469135802}, ""y1_a1"": {""n"": 0, ""accuracy"": NaN}}",0.37248839431460634
corr,debris,dinov2_b14_518,i2e,0.25,42,test_corr,0.8910934744268078,0.9405405405405406,0.854341736694678,137,81,79,0.781021897810219,0.7459215167548501,0.5490196078431373,"{""y0_a0"": {""n"": 51, ""accuracy"": 0.5490196078431373}, ""y0_a1"": {""n"": 5, ""accuracy"": 0.6}, ""y1_a0"": {""n"": 7, ""accuracy"": 0.8571428571428571}, ""y1_a1"": {""n"": 74, ""accuracy"": 0.9459459459459459}}",0.37248839431460634
corr,debris,dinov2_b14_518,i2e,0.25,42,test_rev,0.8251763668430335,0.75,0.8680000000000001,137,81,52,0.7372262773722628,0.6951058201058201,0.4,"{""y0_a0"": {""n"": 10, ""accuracy"": 0.4}, ""y0_a1"": {""n"": 46, ""accuracy"": 0.4782608695652174}, ""y1_a0"": {""n"": 75, ""accuracy"": 0.92}, ""y1_a1"": {""n"": 6, ""accuracy"": 1.0}}",0.37248839431460634
corr,debris,dinov2_b14_518,i2e_balanced,0.25,42,clean,0.8578042328042329,,0.8578042328042329,137,81,0,0.7518248175182481,0.7184744268077601,,"{""y0_a0"": {""n"": 56, ""accuracy"": 0.5357142857142857}, ""y0_a1"": {""n"": 0, ""accuracy"": NaN}, ""y1_a0"": {""n"": 81, ""accuracy"": 0.9012345679012346}, ""y1_a1"": {""n"": 0, ""accuracy"": NaN}}",0.37861509435683066
corr,debris,dinov2_b14_518,i2e_balanced,0.25,42,test_corr,0.8699294532627865,0.9216216216216216,0.8907563025210083,137,81,79,0.7591240875912408,0.724647266313933,0.5294117647058824,"{""y0_a0"": {""n"": 51, ""accuracy"": 0.5294117647058824}, ""y0_a1"": {""n"": 5, ""accuracy"": 0.6}, ""y1_a0"": {""n"": 7, ""accuracy"": 1.0}, ""y1_a1"": {""n"": 74, ""accuracy"": 0.9054054054054054}}",0.37861509435683066
corr,debris,dinov2_b14_518,i2e_balanced,0.25,42,test_rev,0.8425925925925926,0.7862318840579711,0.8266666666666667,137,81,52,0.7372262773722628,0.7006172839506173,0.3,"{""y0_a0"": {""n"": 10, ""accuracy"": 0.3}, ""y0_a1"": {""n"": 46, ""accuracy"": 0.5434782608695652}, ""y1_a0"": {""n"": 75, ""accuracy"": 0.9066666666666666}, ""y1_a1"": {""n"": 6, ""accuracy"": 0.8333333333333334}}",0.37861509435683066
corr,debris,dinov2_b14_518,i2e_rank1,0.25,42,clean,0.8231922398589064,,0.8231922398589064,137,81,0,0.7299270072992701,0.7082231040564374,,"{""y0_a0"": {""n"": 56, ""accuracy"": 0.5892857142857143}, ""y0_a1"": {""n"": 0, ""accuracy"": NaN}, ""y1_a0"": {""n"": 81, ""accuracy"": 0.8271604938271605}, ""y1_a1"": {""n"": 0, ""accuracy"": NaN}}",0.39337816385578483
corr,debris,dinov2_b14_518,i2e_rank1,0.25,42,test_corr,0.8794091710758377,0.9567567567567568,0.8123249299719888,137,81,79,0.7664233576642335,0.7335758377425043,0.5490196078431373,"{""y0_a0"": {""n"": 51, ""accuracy"": 0.5490196078431373}, ""y0_a1"": {""n"": 5, ""accuracy"": 0.6}, ""y1_a0"": {""n"": 7, ""accuracy"": 0.7142857142857143}, ""y1_a1"": {""n"": 74, ""accuracy"": 0.9324324324324325}}",0.39337816385578483
corr,debris,dinov2_b14_518,i2e_rank1,0.25,42,test_rev,0.777336860670194,0.6992753623188406,0.7973333333333333,137,81,52,0.7299270072992701,0.7027116402116402,0.5434782608695652,"{""y0_a0"": {""n"": 10, ""accuracy"": 0.6}, ""y0_a1"": {""n"": 46, ""accuracy"": 0.5434782608695652}, ""y1_a0"": {""n"": 75, ""accuracy"": 0.8533333333333334}, ""y1_a1"": {""n"": 6, ""accuracy"": 0.8333333333333334}}",0.39337816385578483
corr,debris,dinov2_b14_518,insert_aug,0.25,42,clean,0.8231922398589064,,0.8231922398589064,137,81,0,0.7445255474452555,0.734347442680776,,"{""y0_a0"": {""n"": 56, ""accuracy"": 0.6785714285714286}, ""y0_a1"": {""n"": 0, ""accuracy"": NaN}, ""y1_a0"": {""n"": 81, ""accuracy"": 0.7901234567901234}, ""y1_a1"": {""n"": 0, ""accuracy"": NaN}}",0.47717225587914036
corr,debris,dinov2_b14_518,insert_aug,0.25,42,test_corr,0.8657407407407407,0.927027027027027,0.8319327731092437,137,81,79,0.781021897810219,0.7652116402116402,0.6666666666666666,"{""y0_a0"": {""n"": 51, ""accuracy"": 0.6666666666666666}, ""y0_a1"": {""n"": 5, ""accuracy"": 0.8}, ""y1_a0"": {""n"": 7, ""accuracy"": 0.7142857142857143}, ""y1_a1"": {""n"": 74, ""accuracy"": 0.8648648648648649}}",0.47717225587914036
corr,debris,dinov2_b14_518,insert_aug,0.25,42,test_rev,0.7914462081128748,0.7753623188405797,0.836,137,81,52,0.7226277372262774,0.7048059964726632,0.5869565217391305,"{""y0_a0"": {""n"": 10, ""accuracy"": 0.7}, ""y0_a1"": {""n"": 46, ""accuracy"": 0.5869565217391305}, ""y1_a0"": {""n"": 75, ""accuracy"": 0.8}, ""y1_a1"": {""n"": 6, ""accuracy"": 0.8333333333333334}}",0.47717225587914036
corr,debris,dinov2_b14_518,mte,0.25,42,clean,0.8703703703703703,,0.8703703703703703,137,81,0,0.8102189781021898,0.8091931216931216,,"{""y0_a0"": {""n"": 56, ""accuracy"": 0.8035714285714286}, ""y0_a1"": {""n"": 0, ""accuracy"": NaN}, ""y1_a0"": {""n"": 81, ""accuracy"": 0.8148148148148148}, ""y1_a1"": {""n"": 0, ""accuracy"": NaN}}",0.42586539030899057
corr,debris,dinov2_b14_518,mte,0.25,42,test_corr,0.9027777777777777,0.9,0.9523809523809524,137,81,79,0.8394160583941606,0.8311287477954145,0.6,"{""y0_a0"": {""n"": 51, ""accuracy"": 0.803921568627451}, ""y0_a1"": {""n"": 5, ""accuracy"": 0.6}, ""y1_a0"": {""n"": 7, ""accuracy"": 1.0}, ""y1_a1"": {""n"": 74, ""accuracy"": 0.8648648648648649}}",0.42586539030899057
corr,debris,dinov2_b14_518,mte,0.25,42,test_rev,0.8322310405643739,0.9492753623188406,0.744,137,81,52,0.7372262773722628,0.7199074074074074,0.4,"{""y0_a0"": {""n"": 10, ""accuracy"": 0.4}, ""y0_a1"": {""n"": 46, ""accuracy"": 0.6739130434782609}, ""y1_a0"": {""n"": 75, ""accuracy"": 0.8}, ""y1_a1"": {""n"": 6, ""accuracy"": 1.0}}",0.42586539030899057
corr,debris,dinov2_b14_518,mte_balanced,0.25,42,clean,0.8813932980599647,,0.8813932980599647,137,81,0,0.8321167883211679,0.8442460317460317,,"{""y0_a0"": {""n"": 56, ""accuracy"": 0.9107142857142857}, ""y0_a1"": {""n"": 0, ""accuracy"": NaN}, ""y1_a0"": {""n"": 81, ""accuracy"": 0.7777777777777778}, ""y1_a1"": {""n"": 0, ""accuracy"": NaN}}",0.5799427905275579
corr,debris,dinov2_b14_518,mte_balanced,0.25,42,test_corr,0.8858024691358024,0.9027027027027028,0.9635854341736695,137,81,79,0.8321167883211679,0.8442460317460317,0.7567567567567568,"{""y0_a0"": {""n"": 51, ""accuracy"": 0.9019607843137255}, ""y0_a1"": {""n"": 5, ""accuracy"": 1.0}, ""y1_a0"": {""n"": 7, ""accuracy"": 1.0}, ""y1_a1"": {""n"": 74, ""accuracy"": 0.7567567567567568}}",0.5799427905275579
corr,debris,dinov2_b14_518,mte_balanced,0.25,42,test_rev,0.8708112874779542,0.9420289855072465,0.78,137,81,52,0.8248175182481752,0.8325617283950617,0.7,"{""y0_a0"": {""n"": 10, ""accuracy"": 0.7}, ""y0_a1"": {""n"": 46, ""accuracy"": 0.9130434782608695}, ""y1_a0"": {""n"": 75, ""accuracy"": 0.7866666666666666}, ""y1_a1"": {""n"": 6, ""accuracy"": 0.8333333333333334}}",0.5799427905275579
corr,debris,dinov2_b14_518,ui2e,0.25,42,clean,0.8569223985890652,,0.8569223985890652,137,81,0,0.7956204379562044,0.783068783068783,,"{""y0_a0"": {""n"": 56, ""accuracy"": 0.7142857142857143}, ""y0_a1"": {""n"": 0, ""accuracy"": NaN}, ""y1_a0"": {""n"": 81, ""accuracy"": 0.8518518518518519}, ""y1_a1"": {""n"": 0, ""accuracy"": NaN}}",0.43752225183152815
corr,debris,dinov2_b14_518,ui2e,0.25,42,test_corr,0.8802910052910053,0.9540540540540541,0.8067226890756303,137,81,79,0.8175182481751825,0.8015873015873016,0.6862745098039216,"{""y0_a0"": {""n"": 51, ""accuracy"": 0.6862745098039216}, ""y0_a1"": {""n"": 5, ""accuracy"": 1.0}, ""y1_a0"": {""n"": 7, ""accuracy"": 0.7142857142857143}, ""y1_a1"": {""n"": 74, ""accuracy"": 0.9054054054054054}}",0.43752225183152815
corr,debris,dinov2_b14_518,ui2e,0.25,42,test_rev,0.8333333333333333,0.7463768115942029,0.8706666666666667,137,81,52,0.7664233576642335,0.7473544973544974,0.6304347826086957,"{""y0_a0"": {""n"": 10, ""accuracy"": 0.7}, ""y0_a1"": {""n"": 46, ""accuracy"": 0.6304347826086957}, ""y1_a0"": {""n"": 75, ""accuracy"": 0.8666666666666667}, ""y1_a1"": {""n"": 6, ""accuracy"": 0.6666666666666666}}",0.43752225183152815
corr,debris,dinov2_b14_518,ui2e_balanced,0.25,42,clean,0.8353174603174605,,0.8353174603174605,137,81,0,0.7883211678832117,0.7796516754850088,,"{""y0_a0"": {""n"": 56, ""accuracy"": 0.7321428571428571}, ""y0_a1"": {""n"": 0, ""accuracy"": NaN}, ""y1_a0"": {""n"": 81, ""accuracy"": 0.8271604938271605}, ""y1_a1"": {""n"": 0, ""accuracy"": NaN}}",0.4741389107192825
corr,debris,dinov2_b14_518,ui2e_balanced,0.25,42,test_corr,0.8359788359788359,0.9378378378378378,0.8487394957983193,137,81,79,0.7883211678832117,0.7796516754850088,0.7058823529411765,"{""y0_a0"": {""n"": 51, ""accuracy"": 0.7058823529411765}, ""y0_a1"": {""n"": 5, ""accuracy"": 1.0}, ""y1_a0"": {""n"": 7, ""accuracy"": 0.8571428571428571}, ""y1_a1"": {""n"": 74, ""accuracy"": 0.8243243243243243}}",0.4741389107192825
corr,debris,dinov2_b14_518,ui2e_balanced,0.25,42,test_rev,0.8293650793650793,0.7391304347826086,0.7973333333333332,137,81,52,0.7883211678832117,0.7796516754850088,0.6,"{""y0_a0"": {""n"": 10, ""accuracy"": 0.6}, ""y0_a1"": {""n"": 46, ""accuracy"": 0.7608695652173914}, ""y1_a0"": {""n"": 75, ""accuracy"": 0.84}, ""y1_a1"": {""n"": 6, ""accuracy"": 0.6666666666666666}}",0.4741389107192825
corr,debris,dinov2_b14_518,umte,0.25,42,clean,0.8514109347442681,,0.8514109347442681,137,81,0,0.7737226277372263,0.7700617283950617,,"{""y0_a0"": {""n"": 56, ""accuracy"": 0.75}, ""y0_a1"": {""n"": 0, ""accuracy"": NaN}, ""y1_a0"": {""n"": 81, ""accuracy"": 0.7901234567901234}, ""y1_a1"": {""n"": 0, ""accuracy"": NaN}}",0.42006670860335255
corr,debris,dinov2_b14_518,umte,0.25,42,test_corr,0.892416225749559,0.845945945945946,0.988795518207283,137,81,79,0.8248175182481752,0.810515873015873,0.6,"{""y0_a0"": {""n"": 51, ""accuracy"": 0.7450980392156863}, ""y0_a1"": {""n"": 5, ""accuracy"": 0.6}, ""y1_a0"": {""n"": 7, ""accuracy"": 1.0}, ""y1_a1"": {""n"": 74, ""accuracy"": 0.8783783783783784}}",0.42006670860335255
corr,debris,dinov2_b14_518,umte,0.25,42,test_rev,0.8075396825396826,0.8478260869565217,0.736,137,81,52,0.7153284671532847,0.693121693121693,0.3,"{""y0_a0"": {""n"": 10, ""accuracy"": 0.3}, ""y0_a1"": {""n"": 46, ""accuracy"": 0.6304347826086957}, ""y1_a0"": {""n"": 75, ""accuracy"": 0.8}, ""y1_a1"": {""n"": 6, ""accuracy"": 1.0}}",0.42006670860335255
corr,debris,dinov2_b14_518,umte_balanced,0.25,42,clean,0.8622134038800705,,0.8622134038800705,137,81,0,0.781021897810219,0.7789902998236331,,"{""y0_a0"": {""n"": 56, ""accuracy"": 0.7678571428571429}, ""y0_a1"": {""n"": 0, ""accuracy"": NaN}, ""y1_a0"": {""n"": 81, ""accuracy"": 0.7901234567901234}, ""y1_a1"": {""n"": 0, ""accuracy"": NaN}}",0.4751408207302983
corr,debris,dinov2_b14_518,umte_balanced,0.25,42,test_corr,0.8805114638447971,0.8486486486486486,0.9943977591036414,137,81,79,0.7883211678832117,0.785163139329806,0.7647058823529411,"{""y0_a0"": {""n"": 51, ""accuracy"": 0.7647058823529411}, ""y0_a1"": {""n"": 5, ""accuracy"": 0.8}, ""y1_a0"": {""n"": 7, ""accuracy"": 1.0}, ""y1_a1"": {""n"": 74, ""accuracy"": 0.7837837837837838}}",0.4751408207302983
corr,debris,dinov2_b14_518,umte_balanced,0.25,42,test_rev,0.8447971781305114,0.8007246376811594,0.7813333333333333,137,81,52,0.7445255474452555,0.734347442680776,0.3,"{""y0_a0"": {""n"": 10, ""accuracy"": 0.3}, ""y0_a1"": {""n"": 46, ""accuracy"": 0.7608695652173914}, ""y1_a0"": {""n"": 75, ""accuracy"": 0.8133333333333334}, ""y1_a1"": {""n"": 6, ""accuracy"": 0.5}}",0.4751408207302983
corr,debris,dinov2_b14_518,erm,0.25,123,clean,0.8082010582010581,,0.8082010582010581,137,81,0,0.7445255474452555,0.7315917107583774,,"{""y0_a0"": {""n"": 56, ""accuracy"": 0.6607142857142857}, ""y0_a1"": {""n"": 0, ""accuracy"": NaN}, ""y1_a0"": {""n"": 81, ""accuracy"": 0.8024691358024691}, ""y1_a1"": {""n"": 0, ""accuracy"": NaN}}",0.46583506747941744
corr,debris,dinov2_b14_518,erm,0.25,123,test_corr,0.8481040564373898,0.7935064935064936,0.782608695652174,137,81,87,0.7883211678832117,0.7658730158730158,0.4,"{""y0_a0"": {""n"": 46, ""accuracy"": 0.6956521739130435}, ""y0_a1"": {""n"": 10, ""accuracy"": 0.4}, ""y1_a0"": {""n"": 4, ""accuracy"": 0.75}, ""y1_a1"": {""n"": 77, ""accuracy"": 0.8961038961038961}}",0.46583506747941744
corr,debris,dinov2_b14_518,erm,0.25,123,test_rev,0.7649911816578483,0.8739495798319328,0.8405405405405406,137,81,58,0.7299270072992701,0.7109788359788359,0.5882352941176471,"{""y0_a0"": {""n"": 5, ""accuracy"": 0.8}, ""y0_a1"": {""n"": 51, ""accuracy"": 0.5882352941176471}, ""y1_a0"": {""n"": 74, ""accuracy"": 0.7972972972972973}, ""y1_a1"": {""n"": 7, ""accuracy"": 1.0}}",0.46583506747941744
corr,debris,dinov2_b14_518,mask,0.25,123,clean,0.8802910052910053,,0.8802910052910053,137,81,0,0.8175182481751825,0.8153659611992945,,"{""y0_a0"": {""n"": 56, ""accuracy"": 0.8035714285714286}, ""y0_a1"": {""n"": 0, ""accuracy"": NaN}, ""y1_a0"": {""n"": 81, ""accuracy"": 0.8271604938271605}, ""y1_a1"": {""n"": 0, ""accuracy"": NaN}}",0.31480018055064285
corr,debris,dinov2_b14_518,mask,0.25,123,test_corr,0.9279100529100529,0.9064935064935066,0.7282608695652175,137,81,87,0.8467153284671532,0.8317901234567902,0.4,"{""y0_a0"": {""n"": 46, ""accuracy"": 0.8260869565217391}, ""y0_a1"": {""n"": 10, ""accuracy"": 0.4}, ""y1_a0"": {""n"": 4, ""accuracy"": 0.5}, ""y1_a1"": {""n"": 77, ""accuracy"": 0.935064935064935}}",0.31480018055064285
corr,debris,dinov2_b14_518,mask,0.25,123,test_rev,0.7910052910052909,0.8627450980392157,0.8675675675675675,137,81,58,0.7299270072992701,0.7054673721340388,0.4,"{""y0_a0"": {""n"": 5, ""accuracy"": 0.4}, ""y0_a1"": {""n"": 51, ""accuracy"": 0.5882352941176471}, ""y1_a0"": {""n"": 74, ""accuracy"": 0.8243243243243243}, ""y1_a1"": {""n"": 7, ""accuracy"": 1.0}}",0.31480018055064285
corr,debris,dinov2_b14_518,balanced,0.25,123,clean,0.8042328042328042,,0.8042328042328042,137,81,0,0.7226277372262774,0.6992945326278659,,"{""y0_a0"": {""n"": 56, ""accuracy"": 0.5714285714285714}, ""y0_a1"": {""n"": 0, ""accuracy"": NaN}, ""y1_a0"": {""n"": 81, ""accuracy"": 0.8271604938271605}, ""y1_a1"": {""n"": 0, ""accuracy"": NaN}}",0.48002665105447373
corr,debris,dinov2_b14_518,balanced,0.25,123,test_corr,0.8406084656084656,0.7246753246753247,0.9184782608695653,137,81,87,0.7518248175182481,0.7212301587301587,0.3,"{""y0_a0"": {""n"": 46, ""accuracy"": 0.6086956521739131}, ""y0_a1"": {""n"": 10, ""accuracy"": 0.3}, ""y1_a0"": {""n"": 4, ""accuracy"": 1.0}, ""y1_a1"": {""n"": 77, ""accuracy"": 0.8831168831168831}}",0.48002665105447373
corr,debris,dinov2_b14_518,balanced,0.25,123,test_rev,0.7742504409171076,0.9019607843137255,0.7918918918918919,137,81,58,0.6934306569343066,0.6635802469135803,0.49019607843137253,"{""y0_a0"": {""n"": 5, ""accuracy"": 0.6}, ""y0_a1"": {""n"": 51, ""accuracy"": 0.49019607843137253}, ""y1_a0"": {""n"": 74, ""accuracy"": 0.8108108108108109}, ""y1_a1"": {""n"": 7, ""accuracy"": 1.0}}",0.48002665105447373
corr,debris,dinov2_b14_518,umte_protect,0.25,123,clean,0.8705908289241623,,0.8705908289241623,137,81,0,0.7883211678832117,0.7796516754850088,,"{""y0_a0"": {""n"": 56, ""accuracy"": 0.7321428571428571}, ""y0_a1"": {""n"": 0, ""accuracy"": NaN}, ""y1_a0"": {""n"": 81, ""accuracy"": 0.8271604938271605}, ""y1_a1"": {""n"": 0, ""accuracy"": NaN}}",0.3517099886171443
corr,debris,dinov2_b14_518,umte_protect,0.25,123,test_corr,0.890652557319224,0.8636363636363636,0.6684782608695652,137,81,87,0.8102189781021898,0.7954144620811288,0.5,"{""y0_a0"": {""n"": 46, ""accuracy"": 0.7608695652173914}, ""y0_a1"": {""n"": 10, ""accuracy"": 0.5}, ""y1_a0"": {""n"": 4, ""accuracy"": 0.5}, ""y1_a1"": {""n"": 77, ""accuracy"": 0.8961038961038961}}",0.3517099886171443
corr,debris,dinov2_b14_518,umte_protect,0.25,123,test_rev,0.8492063492063492,0.8403361344537814,0.8081081081081082,137,81,58,0.7664233576642335,0.750110229276896,0.6,"{""y0_a0"": {""n"": 5, ""accuracy"": 0.6}, ""y0_a1"": {""n"": 51, ""accuracy"": 0.6666666666666666}, ""y1_a0"": {""n"": 74, ""accuracy"": 0.8378378378378378}, ""y1_a1"": {""n"": 7, ""accuracy"": 0.8571428571428571}}",0.3517099886171443
corr,debris,dinov2_b14_518,umte_protect_balanced,0.25,123,clean,0.8712522045855379,,0.8712522045855379,137,81,0,0.7883211678832117,0.8016975308641976,,"{""y0_a0"": {""n"": 56, ""accuracy"": 0.875}, ""y0_a1"": {""n"": 0, ""accuracy"": NaN}, ""y1_a0"": {""n"": 81, ""accuracy"": 0.7283950617283951}, ""y1_a1"": {""n"": 0, ""accuracy"": NaN}}",0.6187754088918485
corr,debris,dinov2_b14_518,umte_protect_balanced,0.25,123,test_corr,0.8714726631393298,0.874025974025974,0.6793478260869565,137,81,87,0.7956204379562044,0.8051146384479717,0.5,"{""y0_a0"": {""n"": 46, ""accuracy"": 0.8695652173913043}, ""y0_a1"": {""n"": 10, ""accuracy"": 0.8}, ""y1_a0"": {""n"": 4, ""accuracy"": 0.5}, ""y1_a1"": {""n"": 77, ""accuracy"": 0.7662337662337663}}",0.6187754088918485
corr,debris,dinov2_b14_518,umte_protect_balanced,0.25,123,test_rev,0.8719135802469136,0.8151260504201681,0.8270270270270271,137,81,58,0.7883211678832117,0.8016975308641976,0.5714285714285714,"{""y0_a0"": {""n"": 5, ""accuracy"": 0.8}, ""y0_a1"": {""n"": 51, ""accuracy"": 0.8823529411764706}, ""y1_a0"": {""n"": 74, ""accuracy"": 0.7432432432432432}, ""y1_a1"": {""n"": 7, ""accuracy"": 0.5714285714285714}}",0.6187754088918485
corr,debris,dinov2_b14_518,i2e,0.25,123,clean,0.8628747795414462,,0.8628747795414462,137,81,0,0.7737226277372263,0.7397486772486772,,"{""y0_a0"": {""n"": 56, ""accuracy"": 0.5535714285714286}, ""y0_a1"": {""n"": 0, ""accuracy"": NaN}, ""y1_a0"": {""n"": 81, ""accuracy"": 0.9259259259259259}, ""y1_a1"": {""n"": 0, ""accuracy"": NaN}}",0.3707663113091981
corr,debris,dinov2_b14_518,i2e,0.25,123,test_corr,0.8888888888888888,0.809090909090909,0.9402173913043479,137,81,87,0.781021897810219,0.7431657848324515,0.3,"{""y0_a0"": {""n"": 46, ""accuracy"": 0.5869565217391305}, ""y0_a1"": {""n"": 10, ""accuracy"": 0.3}, ""y1_a0"": {""n"": 4, ""accuracy"": 1.0}, ""y1_a1"": {""n"": 77, ""accuracy"": 0.948051948051948}}",0.3707663113091981
corr,debris,dinov2_b14_518,i2e,0.25,123,test_rev,0.8183421516754851,0.927170868347339,0.827027027027027,137,81,58,0.7153284671532847,0.6683201058201058,0.4,"{""y0_a0"": {""n"": 5, ""accuracy"": 0.4}, ""y0_a1"": {""n"": 51, ""accuracy"": 0.4117647058823529}, ""y1_a0"": {""n"": 74, ""accuracy"": 0.918918918918919}, ""y1_a1"": {""n"": 7, ""accuracy"": 1.0}}",0.3707663113091981
corr,debris,dinov2_b14_518,i2e_balanced,0.25,123,clean,0.8628747795414462,,0.8628747795414462,137,81,0,0.7664233576642335,0.7335758377425043,,"{""y0_a0"": {""n"": 56, ""accuracy"": 0.5535714285714286}, ""y0_a1"": {""n"": 0, ""accuracy"": NaN}, ""y1_a0"": {""n"": 81, ""accuracy"": 0.9135802469135802}, ""y1_a1"": {""n"": 0, ""accuracy"": NaN}}",0.4960668485045035
corr,debris,dinov2_b14_518,i2e_balanced,0.25,123,test_corr,0.873236331569665,0.8,0.9782608695652174,137,81,87,0.7591240875912408,0.724647266313933,0.4,"{""y0_a0"": {""n"": 46, ""accuracy"": 0.5652173913043478}, ""y0_a1"": {""n"": 10, ""accuracy"": 0.4}, ""y1_a0"": {""n"": 4, ""accuracy"": 1.0}, ""y1_a1"": {""n"": 77, ""accuracy"": 0.9090909090909091}}",0.4960668485045035
corr,debris,dinov2_b14_518,i2e_balanced,0.25,123,test_rev,0.8536155202821871,0.9215686274509803,0.8621621621621621,137,81,58,0.7737226277372263,0.7425044091710757,0.5686274509803921,"{""y0_a0"": {""n"": 5, ""accuracy"": 0.6}, ""y0_a1"": {""n"": 51, ""accuracy"": 0.5686274509803921}, ""y1_a0"": {""n"": 74, ""accuracy"": 0.9054054054054054}, ""y1_a1"": {""n"": 7, ""accuracy"": 1.0}}",0.4960668485045035
corr,debris,dinov2_b14_518,i2e_rank1,0.25,123,clean,0.8238536155202821,,0.8238536155202821,137,81,0,0.7299270072992701,0.7164902998236331,,"{""y0_a0"": {""n"": 56, ""accuracy"": 0.6428571428571429}, ""y0_a1"": {""n"": 0, ""accuracy"": NaN}, ""y1_a0"": {""n"": 81, ""accuracy"": 0.7901234567901234}, ""y1_a1"": {""n"": 0, ""accuracy"": NaN}}",0.43367042077284057
corr,debris,dinov2_b14_518,i2e_rank1,0.25,123,test_corr,0.8705908289241622,0.7792207792207793,0.8532608695652173,137,81,87,0.7883211678832117,0.7658730158730158,0.5,"{""y0_a0"": {""n"": 46, ""accuracy"": 0.6739130434782609}, ""y0_a1"": {""n"": 10, ""accuracy"": 0.5}, ""y1_a0"": {""n"": 4, ""accuracy"": 1.0}, ""y1_a1"": {""n"": 77, ""accuracy"": 0.8831168831168831}}",0.43367042077284057
corr,debris,dinov2_b14_518,i2e_rank1,0.25,123,test_rev,0.7645502645502645,0.9103641456582633,0.8216216216216217,137,81,58,0.708029197080292,0.6897045855379189,0.5882352941176471,"{""y0_a0"": {""n"": 5, ""accuracy"": 0.6}, ""y0_a1"": {""n"": 51, ""accuracy"": 0.5882352941176471}, ""y1_a0"": {""n"": 74, ""accuracy"": 0.7702702702702703}, ""y1_a1"": {""n"": 7, ""accuracy"": 1.0}}",0.43367042077284057
corr,debris,dinov2_b14_518,insert_aug,0.25,123,clean,0.8088624338624338,,0.8088624338624338,137,81,0,0.7153284671532847,0.673831569664903,,"{""y0_a0"": {""n"": 56, ""accuracy"": 0.44642857142857145}, ""y0_a1"": {""n"": 0, ""accuracy"": NaN}, ""y1_a0"": {""n"": 81, ""accuracy"": 0.9012345679012346}, ""y1_a1"": {""n"": 0, ""accuracy"": NaN}}",0.3985831947722983
corr,debris,dinov2_b14_518,insert_aug,0.25,123,test_corr,0.8441358024691358,0.7701298701298701,0.7826086956521738,137,81,87,0.7299270072992701,0.6834215167548501,0.2,"{""y0_a0"": {""n"": 46, ""accuracy"": 0.4782608695652174}, ""y0_a1"": {""n"": 10, ""accuracy"": 0.2}, ""y1_a0"": {""n"": 4, ""accuracy"": 1.0}, ""y1_a1"": {""n"": 77, ""accuracy"": 0.935064935064935}}",0.3985831947722983
corr,debris,dinov2_b14_518,insert_aug,0.25,123,test_rev,0.7654320987654321,0.8991596638655462,0.827027027027027,137,81,58,0.6934306569343066,0.6470458553791887,0.2,"{""y0_a0"": {""n"": 5, ""accuracy"": 0.2}, ""y0_a1"": {""n"": 51, ""accuracy"": 0.4117647058823529}, ""y1_a0"": {""n"": 74, ""accuracy"": 0.8918918918918919}, ""y1_a1"": {""n"": 7, ""accuracy"": 1.0}}",0.3985831947722983
corr,debris,dinov2_b14_518,mte,0.25,123,clean,0.8761022927689595,,0.8761022927689595,137,81,0,0.8175182481751825,0.818121693121693,,"{""y0_a0"": {""n"": 56, ""accuracy"": 0.8214285714285714}, ""y0_a1"": {""n"": 0, ""accuracy"": NaN}, ""y1_a0"": {""n"": 81, ""accuracy"": 0.8148148148148148}, ""y1_a1"": {""n"": 0, ""accuracy"": NaN}}",0.45006632203343466
corr,debris,dinov2_b14_518,mte,0.25,123,test_corr,0.9054232804232805,0.8792207792207792,0.7065217391304349,137,81,87,0.8248175182481752,0.8187830687830688,0.5,"{""y0_a0"": {""n"": 46, ""accuracy"": 0.8260869565217391}, ""y0_a1"": {""n"": 10, ""accuracy"": 0.6}, ""y1_a0"": {""n"": 4, ""accuracy"": 0.5}, ""y1_a1"": {""n"": 77, ""accuracy"": 0.8701298701298701}}",0.45006632203343466
corr,debris,dinov2_b14_518,mte,0.25,123,test_rev,0.8326719576719577,0.8907563025210083,0.7864864864864864,137,81,58,0.7518248175182481,0.7350088183421517,0.4,"{""y0_a0"": {""n"": 5, ""accuracy"": 0.4}, ""y0_a1"": {""n"": 51, ""accuracy"": 0.6666666666666666}, ""y1_a0"": {""n"": 74, ""accuracy"": 0.8243243243243243}, ""y1_a1"": {""n"": 7, ""accuracy"": 0.8571428571428571}}",0.45006632203343466
corr,debris,dinov2_b14_518,mte_balanced,0.25,123,clean,0.8880070546737213,,0.8880070546737213,137,81,0,0.8248175182481752,0.8270502645502645,,"{""y0_a0"": {""n"": 56, ""accuracy"": 0.8392857142857143}, ""y0_a1"": {""n"": 0, ""accuracy"": NaN}, ""y1_a0"": {""n"": 81, ""accuracy"": 0.8148148148148148}, ""y1_a1"": {""n"": 0, ""accuracy"": NaN}}",0.5459235037972402
corr,debris,dinov2_b14_518,mte_balanced,0.25,123,test_corr,0.8957231040564374,0.8896103896103896,0.7282608695652174,137,81,87,0.8248175182481752,0.8242945326278659,0.5,"{""y0_a0"": {""n"": 46, ""accuracy"": 0.8478260869565217}, ""y0_a1"": {""n"": 10, ""accuracy"": 0.7}, ""y1_a0"": {""n"": 4, ""accuracy"": 0.5}, ""y1_a1"": {""n"": 77, ""accuracy"": 0.8441558441558441}}",0.5459235037972402
corr,debris,dinov2_b14_518,mte_balanced,0.25,123,test_rev,0.8778659611992946,0.8739495798319328,0.7945945945945946,137,81,58,0.8102189781021898,0.8091931216931216,0.4,"{""y0_a0"": {""n"": 5, ""accuracy"": 0.4}, ""y0_a1"": {""n"": 51, ""accuracy"": 0.8431372549019608}, ""y1_a0"": {""n"": 74, ""accuracy"": 0.8243243243243243}, ""y1_a1"": {""n"": 7, ""accuracy"": 0.7142857142857143}}",0.5459235037972402
corr,debris,dinov2_b14_518,ui2e,0.25,123,clean,0.8595679012345678,,0.8595679012345678,137,81,0,0.7956204379562044,0.783068783068783,,"{""y0_a0"": {""n"": 56, ""accuracy"": 0.7142857142857143}, ""y0_a1"": {""n"": 0, ""accuracy"": NaN}, ""y1_a0"": {""n"": 81, ""accuracy"": 0.8518518518518519}, ""y1_a1"": {""n"": 0, ""accuracy"": NaN}}",0.44559085648158
corr,debris,dinov2_b14_518,ui2e,0.25,123,test_corr,0.8791887125220458,0.7454545454545455,0.9293478260869567,137,81,87,0.8102189781021898,0.7926587301587301,0.4,"{""y0_a0"": {""n"": 46, ""accuracy"": 0.7608695652173914}, ""y0_a1"": {""n"": 10, ""accuracy"": 0.4}, ""y1_a0"": {""n"": 4, ""accuracy"": 1.0}, ""y1_a1"": {""n"": 77, ""accuracy"": 0.8831168831168831}}",0.44559085648158
corr,debris,dinov2_b14_518,ui2e,0.25,123,test_rev,0.8271604938271605,0.9355742296918768,0.8594594594594595,137,81,58,0.7664233576642335,0.7473544973544974,0.6,"{""y0_a0"": {""n"": 5, ""accuracy"": 0.6}, ""y0_a1"": {""n"": 51, ""accuracy"": 0.6470588235294118}, ""y1_a0"": {""n"": 74, ""accuracy"": 0.8378378378378378}, ""y1_a1"": {""n"": 7, ""accuracy"": 1.0}}",0.44559085648158
corr,debris,dinov2_b14_518,ui2e_balanced,0.25,123,clean,0.8298059964726631,,0.8298059964726631,137,81,0,0.7664233576642335,0.750110229276896,,"{""y0_a0"": {""n"": 56, ""accuracy"": 0.6607142857142857}, ""y0_a1"": {""n"": 0, ""accuracy"": NaN}, ""y1_a0"": {""n"": 81, ""accuracy"": 0.8395061728395061}, ""y1_a1"": {""n"": 0, ""accuracy"": NaN}}",0.5237429254570922
corr,debris,dinov2_b14_518,ui2e_balanced,0.25,123,test_corr,0.8344356261022928,0.722077922077922,0.923913043478261,137,81,87,0.7664233576642335,0.750110229276896,0.4,"{""y0_a0"": {""n"": 46, ""accuracy"": 0.717391304347826}, ""y0_a1"": {""n"": 10, ""accuracy"": 0.4}, ""y1_a0"": {""n"": 4, ""accuracy"": 1.0}, ""y1_a1"": {""n"": 77, ""accuracy"": 0.8311688311688312}}",0.5237429254570922
corr,debris,dinov2_b14_518,ui2e_balanced,0.25,123,test_rev,0.8269400352733686,0.8935574229691876,0.8054054054054054,137,81,58,0.781021897810219,0.7679673721340388,0.4,"{""y0_a0"": {""n"": 5, ""accuracy"": 0.4}, ""y0_a1"": {""n"": 51, ""accuracy"": 0.7254901960784313}, ""y1_a0"": {""n"": 74, ""accuracy"": 0.8243243243243243}, ""y1_a1"": {""n"": 7, ""accuracy"": 1.0}}",0.5237429254570922
corr,debris,dinov2_b14_518,umte,0.25,123,clean,0.8608906525573192,,0.8608906525573192,137,81,0,0.781021897810219,0.7789902998236331,,"{""y0_a0"": {""n"": 56, ""accuracy"": 0.7678571428571429}, ""y0_a1"": {""n"": 0, ""accuracy"": NaN}, ""y1_a0"": {""n"": 81, ""accuracy"": 0.7901234567901234}, ""y1_a1"": {""n"": 0, ""accuracy"": NaN}}",0.43619215815809986
corr,debris,dinov2_b14_518,umte,0.25,123,test_corr,0.8908730158730158,0.8038961038961039,0.6630434782608696,137,81,87,0.8321167883211679,0.8222001763668431,0.4,"{""y0_a0"": {""n"": 46, ""accuracy"": 0.8478260869565217}, ""y0_a1"": {""n"": 10, ""accuracy"": 0.4}, ""y1_a0"": {""n"": 4, ""accuracy"": 0.5}, ""y1_a1"": {""n"": 77, ""accuracy"": 0.8961038961038961}}",0.43619215815809986
corr,debris,dinov2_b14_518,umte,0.25,123,test_rev,0.8141534391534393,0.9187675070028012,0.7486486486486487,137,81,58,0.7226277372262774,0.7048059964726632,0.2,"{""y0_a0"": {""n"": 5, ""accuracy"": 0.2}, ""y0_a1"": {""n"": 51, ""accuracy"": 0.6470588235294118}, ""y1_a0"": {""n"": 74, ""accuracy"": 0.7837837837837838}, ""y1_a1"": {""n"": 7, ""accuracy"": 1.0}}",0.43619215815809986
corr,debris,dinov2_b14_518,umte_balanced,0.25,123,clean,0.8672839506172839,,0.8672839506172839,137,81,0,0.781021897810219,0.7762345679012346,,"{""y0_a0"": {""n"": 56, ""accuracy"": 0.75}, ""y0_a1"": {""n"": 0, ""accuracy"": NaN}, ""y1_a0"": {""n"": 81, ""accuracy"": 0.8024691358024691}, ""y1_a1"": {""n"": 0, ""accuracy"": NaN}}",0.48674168329966633
corr,debris,dinov2_b14_518,umte_balanced,0.25,123,test_corr,0.8818342151675485,0.8233766233766235,0.6521739130434783,137,81,87,0.7883211678832117,0.785163139329806,0.5,"{""y0_a0"": {""n"": 46, ""accuracy"": 0.8260869565217391}, ""y0_a1"": {""n"": 10, ""accuracy"": 0.5}, ""y1_a0"": {""n"": 4, ""accuracy"": 0.5}, ""y1_a1"": {""n"": 77, ""accuracy"": 0.8181818181818182}}",0.48674168329966633
corr,debris,dinov2_b14_518,umte_balanced,0.25,123,test_rev,0.8606701940035274,0.9047619047619048,0.7864864864864864,137,81,58,0.7737226277372263,0.7673059964726632,0.4,"{""y0_a0"": {""n"": 5, ""accuracy"": 0.4}, ""y0_a1"": {""n"": 51, ""accuracy"": 0.7647058823529411}, ""y1_a0"": {""n"": 74, ""accuracy"": 0.7972972972972973}, ""y1_a1"": {""n"": 7, ""accuracy"": 0.8571428571428571}}",0.48674168329966633
corr,debris,dinov2_b14_518,erm,0.25,456,clean,0.8077601410934744,,0.8077601410934744,137,81,0,0.7445255474452555,0.7288359788359788,,"{""y0_a0"": {""n"": 56, ""accuracy"": 0.6428571428571429}, ""y0_a1"": {""n"": 0, ""accuracy"": NaN}, ""y1_a0"": {""n"": 81, ""accuracy"": 0.8148148148148148}, ""y1_a1"": {""n"": 0, ""accuracy"": NaN}}",0.4582200755527979
corr,debris,dinov2_b14_518,erm,0.25,456,test_corr,0.8586860670194004,0.9726027397260274,0.8842592592592593,137,81,75,0.7956204379562044,0.7720458553791887,0.6296296296296297,"{""y0_a0"": {""n"": 54, ""accuracy"": 0.6296296296296297}, ""y0_a1"": {""n"": 2, ""accuracy"": 1.0}, ""y1_a0"": {""n"": 8, ""accuracy"": 1.0}, ""y1_a1"": {""n"": 73, ""accuracy"": 0.8904109589041096}}",0.4582200755527979
corr,debris,dinov2_b14_518,erm,0.25,456,test_rev,0.7574955908289241,0.9148936170212766,0.7592592592592593,137,81,50,0.7153284671532847,0.693121693121693,0.5531914893617021,"{""y0_a0"": {""n"": 9, ""accuracy"": 0.6666666666666666}, ""y0_a1"": {""n"": 47, ""accuracy"": 0.5531914893617021}, ""y1_a0"": {""n"": 78, ""accuracy"": 0.8076923076923077}, ""y1_a1"": {""n"": 3, ""accuracy"": 1.0}}",0.4582200755527979
corr,debris,dinov2_b14_518,mask,0.25,456,clean,0.8765432098765432,,0.8765432098765432,137,81,0,0.8248175182481752,0.8187830687830688,,"{""y0_a0"": {""n"": 56, ""accuracy"": 0.7857142857142857}, ""y0_a1"": {""n"": 0, ""accuracy"": NaN}, ""y1_a0"": {""n"": 81, ""accuracy"": 0.8518518518518519}, ""y1_a1"": {""n"": 0, ""accuracy"": NaN}}",0.28469795591599
corr,debris,dinov2_b14_518,mask,0.25,456,test_corr,0.9287918871252204,0.9726027397260274,0.8472222222222222,137,81,75,0.8613138686131386,0.849647266313933,0.75,"{""y0_a0"": {""n"": 54, ""accuracy"": 0.7777777777777778}, ""y0_a1"": {""n"": 2, ""accuracy"": 1.0}, ""y1_a0"": {""n"": 8, ""accuracy"": 0.75}, ""y1_a1"": {""n"": 73, ""accuracy"": 0.9315068493150684}}",0.28469795591599
corr,debris,dinov2_b14_518,mask,0.25,456,test_rev,0.7894620811287478,0.6595744680851063,0.8504273504273505,137,81,50,0.7226277372262774,0.6937830687830688,0.48936170212765956,"{""y0_a0"": {""n"": 9, ""accuracy"": 0.7777777777777778}, ""y0_a1"": {""n"": 47, ""accuracy"": 0.48936170212765956}, ""y1_a0"": {""n"": 78, ""accuracy"": 0.8589743589743589}, ""y1_a1"": {""n"": 3, ""accuracy"": 0.6666666666666666}}",0.28469795591599
corr,debris,dinov2_b14_518,balanced,0.25,456,clean,0.8026895943562611,,0.8026895943562611,137,81,0,0.7664233576642335,0.7583774250440918,,"{""y0_a0"": {""n"": 56, ""accuracy"": 0.7142857142857143}, ""y0_a1"": {""n"": 0, ""accuracy"": NaN}, ""y1_a0"": {""n"": 81, ""accuracy"": 0.8024691358024691}, ""y1_a1"": {""n"": 0, ""accuracy"": NaN}}",0.4622462297813414
corr,debris,dinov2_b14_518,balanced,0.25,456,test_corr,0.8236331569664903,0.9726027397260274,0.8634259259259259,137,81,75,0.7883211678832117,0.7768959435626102,0.7037037037037037,"{""y0_a0"": {""n"": 54, ""accuracy"": 0.7037037037037037}, ""y0_a1"": {""n"": 2, ""accuracy"": 1.0}, ""y1_a0"": {""n"": 8, ""accuracy"": 1.0}, ""y1_a1"": {""n"": 73, ""accuracy"": 0.821917808219178}}",0.4622462297813414
corr,debris,dinov2_b14_518,balanced,0.25,456,test_rev,0.7865961199294532,0.8794326241134752,0.7407407407407407,137,81,50,0.7372262773722628,0.722663139329806,0.6382978723404256,"{""y0_a0"": {""n"": 9, ""accuracy"": 0.6666666666666666}, ""y0_a1"": {""n"": 47, ""accuracy"": 0.6382978723404256}, ""y1_a0"": {""n"": 78, ""accuracy"": 0.7948717948717948}, ""y1_a1"": {""n"": 3, ""accuracy"": 1.0}}",0.4622462297813414
corr,debris,dinov2_b14_518,umte_protect,0.25,456,clean,0.8487654320987654,,0.8487654320987654,137,81,0,0.7883211678832117,0.7824074074074074,,"{""y0_a0"": {""n"": 56, ""accuracy"": 0.75}, ""y0_a1"": {""n"": 0, ""accuracy"": NaN}, ""y1_a0"": {""n"": 81, ""accuracy"": 0.8148148148148148}, ""y1_a1"": {""n"": 0, ""accuracy"": NaN}}",0.37252616528978144
corr,debris,dinov2_b14_518,umte_protect,0.25,456,test_corr,0.8809523809523809,0.952054794520548,0.7962962962962963,137,81,75,0.8102189781021898,0.8009259259259259,0.625,"{""y0_a0"": {""n"": 54, ""accuracy"": 0.7407407407407407}, ""y0_a1"": {""n"": 2, ""accuracy"": 1.0}, ""y1_a0"": {""n"": 8, ""accuracy"": 0.625}, ""y1_a1"": {""n"": 73, ""accuracy"": 0.8767123287671232}}",0.37252616528978144
corr,debris,dinov2_b14_518,umte_protect,0.25,456,test_rev,0.812389770723104,0.6595744680851064,0.8675213675213675,137,81,50,0.7372262773722628,0.7199074074074074,0.5957446808510638,"{""y0_a0"": {""n"": 9, ""accuracy"": 0.7777777777777778}, ""y0_a1"": {""n"": 47, ""accuracy"": 0.5957446808510638}, ""y1_a0"": {""n"": 78, ""accuracy"": 0.8205128205128205}, ""y1_a1"": {""n"": 3, ""accuracy"": 0.6666666666666666}}",0.37252616528978144
corr,debris,dinov2_b14_518,umte_protect_balanced,0.25,456,clean,0.8417107583774249,,0.8417107583774249,137,81,0,0.7737226277372263,0.7535273368606702,,"{""y0_a0"": {""n"": 56, ""accuracy"": 0.6428571428571429}, ""y0_a1"": {""n"": 0, ""accuracy"": NaN}, ""y1_a0"": {""n"": 81, ""accuracy"": 0.8641975308641975}, ""y1_a1"": {""n"": 0, ""accuracy"": NaN}}",0.33080015495686926
corr,debris,dinov2_b14_518,umte_protect_balanced,0.25,456,test_corr,0.8520723104056437,0.952054794520548,0.8078703703703705,137,81,75,0.781021897810219,0.7597001763668431,0.6296296296296297,"{""y0_a0"": {""n"": 54, ""accuracy"": 0.6296296296296297}, ""y0_a1"": {""n"": 2, ""accuracy"": 1.0}, ""y1_a0"": {""n"": 8, ""accuracy"": 0.875}, ""y1_a1"": {""n"": 73, ""accuracy"": 0.8767123287671232}}",0.33080015495686926
corr,debris,dinov2_b14_518,umte_protect_balanced,0.25,456,test_rev,0.8364197530864198,0.6737588652482269,0.8746438746438747,137,81,50,0.7664233576642335,0.7445987654320987,0.5957446808510638,"{""y0_a0"": {""n"": 9, ""accuracy"": 0.7777777777777778}, ""y0_a1"": {""n"": 47, ""accuracy"": 0.5957446808510638}, ""y1_a0"": {""n"": 78, ""accuracy"": 0.8717948717948718}, ""y1_a1"": {""n"": 3, ""accuracy"": 0.6666666666666666}}",0.33080015495686926
corr,debris,dinov2_b14_518,i2e,0.25,456,clean,0.8580246913580247,,0.8580246913580247,137,81,0,0.7737226277372263,0.7425044091710757,,"{""y0_a0"": {""n"": 56, ""accuracy"": 0.5714285714285714}, ""y0_a1"": {""n"": 0, ""accuracy"": NaN}, ""y1_a0"": {""n"": 81, ""accuracy"": 0.9135802469135802}, ""y1_a1"": {""n"": 0, ""accuracy"": NaN}}",0.3738617654178083
corr,debris,dinov2_b14_518,i2e,0.25,456,test_corr,0.8928571428571429,0.9863013698630136,0.9120370370370371,137,81,75,0.7956204379562044,0.7610229276895943,0.5555555555555556,"{""y0_a0"": {""n"": 54, ""accuracy"": 0.5555555555555556}, ""y0_a1"": {""n"": 2, ""accuracy"": 1.0}, ""y1_a0"": {""n"": 8, ""accuracy"": 1.0}, ""y1_a1"": {""n"": 73, ""accuracy"": 0.9452054794520548}}",0.3738617654178083
corr,debris,dinov2_b14_518,i2e,0.25,456,test_rev,0.8170194003527338,0.9148936170212766,0.8162393162393163,137,81,50,0.7299270072992701,0.6889329805996472,0.4444444444444444,"{""y0_a0"": {""n"": 9, ""accuracy"": 0.4444444444444444}, ""y0_a1"": {""n"": 47, ""accuracy"": 0.46808510638297873}, ""y1_a0"": {""n"": 78, ""accuracy"": 0.9102564102564102}, ""y1_a1"": {""n"": 3, ""accuracy"": 1.0}}",0.3738617654178083
corr,debris,dinov2_b14_518,i2e_balanced,0.25,456,clean,0.8379629629629629,,0.8379629629629629,137,81,0,0.7591240875912408,0.7163800705467372,,"{""y0_a0"": {""n"": 56, ""accuracy"": 0.48214285714285715}, ""y0_a1"": {""n"": 0, ""accuracy"": NaN}, ""y1_a0"": {""n"": 81, ""accuracy"": 0.9506172839506173}, ""y1_a1"": {""n"": 0, ""accuracy"": NaN}}",0.4359968275707495
corr,debris,dinov2_b14_518,i2e_balanced,0.25,456,test_corr,0.8503086419753085,0.9863013698630136,0.8657407407407407,137,81,75,0.7664233576642335,0.72255291005291,0.46296296296296297,"{""y0_a0"": {""n"": 54, ""accuracy"": 0.46296296296296297}, ""y0_a1"": {""n"": 2, ""accuracy"": 1.0}, ""y1_a0"": {""n"": 8, ""accuracy"": 1.0}, ""y1_a1"": {""n"": 73, ""accuracy"": 0.958904109589041}}",0.4359968275707495
corr,debris,dinov2_b14_518,i2e_balanced,0.25,456,test_rev,0.826058201058201,0.851063829787234,0.7905982905982906,137,81,50,0.7445255474452555,0.6985229276895943,0.4444444444444444,"{""y0_a0"": {""n"": 9, ""accuracy"": 0.4444444444444444}, ""y0_a1"": {""n"": 47, ""accuracy"": 0.44680851063829785}, ""y1_a0"": {""n"": 78, ""accuracy"": 0.9487179487179487}, ""y1_a1"": {""n"": 3, ""accuracy"": 1.0}}",0.4359968275707495
corr,debris,dinov2_b14_518,i2e_rank1,0.25,456,clean,0.8242945326278659,,0.8242945326278659,137,81,0,0.7372262773722628,0.7143959435626102,,"{""y0_a0"": {""n"": 56, ""accuracy"": 0.5892857142857143}, ""y0_a1"": {""n"": 0, ""accuracy"": NaN}, ""y1_a0"": {""n"": 81, ""accuracy"": 0.8395061728395061}, ""y1_a1"": {""n"": 0, ""accuracy"": NaN}}",0.36999157043728964
corr,debris,dinov2_b14_518,i2e_rank1,0.25,456,test_corr,0.8842592592592593,1.0,0.9027777777777778,137,81,75,0.7956204379562044,0.7637786596119929,0.5740740740740741,"{""y0_a0"": {""n"": 54, ""accuracy"": 0.5740740740740741}, ""y0_a1"": {""n"": 2, ""accuracy"": 1.0}, ""y1_a0"": {""n"": 8, ""accuracy"": 1.0}, ""y1_a1"": {""n"": 73, ""accuracy"": 0.9315068493150684}}",0.36999157043728964
corr,debris,dinov2_b14_518,i2e_rank1,0.25,456,test_rev,0.7641093474426808,0.8652482269503546,0.7621082621082621,137,81,50,0.6934306569343066,0.6608245149911817,0.46808510638297873,"{""y0_a0"": {""n"": 9, ""accuracy"": 0.5555555555555556}, ""y0_a1"": {""n"": 47, ""accuracy"": 0.46808510638297873}, ""y1_a0"": {""n"": 78, ""accuracy"": 0.8333333333333334}, ""y1_a1"": {""n"": 3, ""accuracy"": 1.0}}",0.36999157043728964
corr,debris,dinov2_b14_518,insert_aug,0.25,456,clean,0.8148148148148149,,0.8148148148148149,137,81,0,0.7445255474452555,0.7178130511463845,,"{""y0_a0"": {""n"": 56, ""accuracy"": 0.5714285714285714}, ""y0_a1"": {""n"": 0, ""accuracy"": NaN}, ""y1_a0"": {""n"": 81, ""accuracy"": 0.8641975308641975}, ""y1_a1"": {""n"": 0, ""accuracy"": NaN}}",0.4352840560690948
corr,debris,dinov2_b14_518,insert_aug,0.25,456,test_corr,0.8613315696649031,0.9726027397260274,0.9027777777777778,137,81,75,0.7737226277372263,0.7425044091710757,0.5555555555555556,"{""y0_a0"": {""n"": 54, ""accuracy"": 0.5555555555555556}, ""y0_a1"": {""n"": 2, ""accuracy"": 1.0}, ""y1_a0"": {""n"": 8, ""accuracy"": 1.0}, ""y1_a1"": {""n"": 73, ""accuracy"": 0.9041095890410958}}",0.4352840560690948
corr,debris,dinov2_b14_518,insert_aug,0.25,456,test_rev,0.7724867724867724,0.9219858156028369,0.7450142450142451,137,81,50,0.7153284671532847,0.6820987654320987,0.48936170212765956,"{""y0_a0"": {""n"": 9, ""accuracy"": 0.5555555555555556}, ""y0_a1"": {""n"": 47, ""accuracy"": 0.48936170212765956}, ""y1_a0"": {""n"": 78, ""accuracy"": 0.8589743589743589}, ""y1_a1"": {""n"": 3, ""accuracy"": 1.0}}",0.4352840560690948
corr,debris,dinov2_b14_518,mte,0.25,456,clean,0.8708112874779541,,0.8708112874779541,137,81,0,0.8029197080291971,0.8030202821869489,,"{""y0_a0"": {""n"": 56, ""accuracy"": 0.8035714285714286}, ""y0_a1"": {""n"": 0, ""accuracy"": NaN}, ""y1_a0"": {""n"": 81, ""accuracy"": 0.8024691358024691}, ""y1_a1"": {""n"": 0, ""accuracy"": NaN}}",0.4382389643917927
corr,debris,dinov2_b14_518,mte,0.25,456,test_corr,0.9054232804232805,0.9383561643835616,0.8287037037037037,137,81,75,0.8321167883211679,0.8277116402116402,0.625,"{""y0_a0"": {""n"": 54, ""accuracy"": 0.7962962962962963}, ""y0_a1"": {""n"": 2, ""accuracy"": 1.0}, ""y1_a0"": {""n"": 8, ""accuracy"": 0.625}, ""y1_a1"": {""n"": 73, ""accuracy"": 0.8767123287671232}}",0.4382389643917927
corr,debris,dinov2_b14_518,mte,0.25,456,test_rev,0.8229717813051146,0.6879432624113475,0.8361823361823362,137,81,50,0.7226277372262774,0.7048059964726632,0.574468085106383,"{""y0_a0"": {""n"": 9, ""accuracy"": 0.7777777777777778}, ""y0_a1"": {""n"": 47, ""accuracy"": 0.574468085106383}, ""y1_a0"": {""n"": 78, ""accuracy"": 0.8076923076923077}, ""y1_a1"": {""n"": 3, ""accuracy"": 0.6666666666666666}}",0.4382389643917927
corr,debris,dinov2_b14_518,mte_balanced,0.25,456,clean,0.8710317460317462,,0.8710317460317462,137,81,0,0.8029197080291971,0.808531746031746,,"{""y0_a0"": {""n"": 56, ""accuracy"": 0.8392857142857143}, ""y0_a1"": {""n"": 0, ""accuracy"": NaN}, ""y1_a0"": {""n"": 81, ""accuracy"": 0.7777777777777778}, ""y1_a1"": {""n"": 0, ""accuracy"": NaN}}",0.5111801907095207
corr,debris,dinov2_b14_518,mte_balanced,0.25,456,test_corr,0.8802910052910053,0.9315068493150684,0.8310185185185186,137,81,75,0.8394160583941606,0.8393959435626102,0.75,"{""y0_a0"": {""n"": 54, ""accuracy"": 0.8333333333333334}, ""y0_a1"": {""n"": 2, ""accuracy"": 1.0}, ""y1_a0"": {""n"": 8, ""accuracy"": 0.75}, ""y1_a1"": {""n"": 73, ""accuracy"": 0.8493150684931506}}",0.5111801907095207
corr,debris,dinov2_b14_518,mte_balanced,0.25,456,test_rev,0.8578042328042328,0.7304964539007092,0.8475783475783476,137,81,50,0.781021897810219,0.7817460317460317,0.6666666666666666,"{""y0_a0"": {""n"": 9, ""accuracy"": 0.7777777777777778}, ""y0_a1"": {""n"": 47, ""accuracy"": 0.7872340425531915}, ""y1_a0"": {""n"": 78, ""accuracy"": 0.782051282051282}, ""y1_a1"": {""n"": 3, ""accuracy"": 0.6666666666666666}}",0.5111801907095207
corr,debris,dinov2_b14_518,ui2e,0.25,456,clean,0.8582451499118164,,0.8582451499118164,137,81,0,0.7883211678832117,0.7768959435626102,,"{""y0_a0"": {""n"": 56, ""accuracy"": 0.7142857142857143}, ""y0_a1"": {""n"": 0, ""accuracy"": NaN}, ""y1_a0"": {""n"": 81, ""accuracy"": 0.8395061728395061}, ""y1_a1"": {""n"": 0, ""accuracy"": NaN}}",0.4453863571516225
corr,debris,dinov2_b14_518,ui2e,0.25,456,test_corr,0.8858024691358025,0.9863013698630136,0.9143518518518519,137,81,75,0.8102189781021898,0.7954144620811288,0.7037037037037037,"{""y0_a0"": {""n"": 54, ""accuracy"": 0.7037037037037037}, ""y0_a1"": {""n"": 2, ""accuracy"": 1.0}, ""y1_a0"": {""n"": 8, ""accuracy"": 1.0}, ""y1_a1"": {""n"": 73, ""accuracy"": 0.863013698630137}}",0.4453863571516225
corr,debris,dinov2_b14_518,ui2e,0.25,456,test_rev,0.8264991181657848,0.9219858156028369,0.7578347578347578,137,81,50,0.7591240875912408,0.7411816578483246,0.5555555555555556,"{""y0_a0"": {""n"": 9, ""accuracy"": 0.5555555555555556}, ""y0_a1"": {""n"": 47, ""accuracy"": 0.6595744680851063}, ""y1_a0"": {""n"": 78, ""accuracy"": 0.8333333333333334}, ""y1_a1"": {""n"": 3, ""accuracy"": 1.0}}",0.4453863571516225
corr,debris,dinov2_b14_518,ui2e_balanced,0.25,456,clean,0.8225308641975307,,0.8225308641975307,137,81,0,0.7737226277372263,0.7673059964726632,,"{""y0_a0"": {""n"": 56, ""accuracy"": 0.7321428571428571}, ""y0_a1"": {""n"": 0, ""accuracy"": NaN}, ""y1_a0"": {""n"": 81, ""accuracy"": 0.8024691358024691}, ""y1_a1"": {""n"": 0, ""accuracy"": NaN}}",0.49983148358453927
corr,debris,dinov2_b14_518,ui2e_balanced,0.25,456,test_corr,0.8249559082892416,0.952054794520548,0.8865740740740742,137,81,75,0.781021897810219,0.7734788359788359,0.7222222222222222,"{""y0_a0"": {""n"": 54, ""accuracy"": 0.7222222222222222}, ""y0_a1"": {""n"": 2, ""accuracy"": 1.0}, ""y1_a0"": {""n"": 8, ""accuracy"": 1.0}, ""y1_a1"": {""n"": 73, ""accuracy"": 0.7945205479452054}}",0.49983148358453927
corr,debris,dinov2_b14_518,ui2e_balanced,0.25,456,test_rev,0.8236331569664902,0.8936170212765957,0.7435897435897436,137,81,50,0.7737226277372263,0.7673059964726632,0.6666666666666666,"{""y0_a0"": {""n"": 9, ""accuracy"": 0.6666666666666666}, ""y0_a1"": {""n"": 47, ""accuracy"": 0.7446808510638298}, ""y1_a0"": {""n"": 78, ""accuracy"": 0.7948717948717948}, ""y1_a1"": {""n"": 3, ""accuracy"": 1.0}}",0.49983148358453927
corr,debris,dinov2_b14_518,umte,0.25,456,clean,0.8604497354497355,,0.8604497354497355,137,81,0,0.7372262773722628,0.7088844797178131,,"{""y0_a0"": {""n"": 56, ""accuracy"": 0.5535714285714286}, ""y0_a1"": {""n"": 0, ""accuracy"": NaN}, ""y1_a0"": {""n"": 81, ""accuracy"": 0.8641975308641975}, ""y1_a1"": {""n"": 0, ""accuracy"": NaN}}",0.31914963919697087
corr,debris,dinov2_b14_518,umte,0.25,456,test_corr,0.896604938271605,0.9452054794520548,0.826388888888889,137,81,75,0.7591240875912408,0.724647266313933,0.5,"{""y0_a0"": {""n"": 54, ""accuracy"": 0.5370370370370371}, ""y0_a1"": {""n"": 2, ""accuracy"": 0.5}, ""y1_a0"": {""n"": 8, ""accuracy"": 0.75}, ""y1_a1"": {""n"": 73, ""accuracy"": 0.9315068493150684}}",0.31914963919697087
corr,debris,dinov2_b14_518,umte,0.25,456,test_rev,0.8152557319223985,0.75177304964539,0.8404558404558405,137,81,50,0.6861313868613139,0.6436287477954145,0.3829787234042553,"{""y0_a0"": {""n"": 9, ""accuracy"": 0.5555555555555556}, ""y0_a1"": {""n"": 47, ""accuracy"": 0.3829787234042553}, ""y1_a0"": {""n"": 78, ""accuracy"": 0.8717948717948718}, ""y1_a1"": {""n"": 3, ""accuracy"": 1.0}}",0.31914963919697087
corr,debris,dinov2_b14_518,umte_balanced,0.25,456,clean,0.8575837742504409,,0.8575837742504409,137,81,0,0.7664233576642335,0.7445987654320987,,"{""y0_a0"": {""n"": 56, ""accuracy"": 0.625}, ""y0_a1"": {""n"": 0, ""accuracy"": NaN}, ""y1_a0"": {""n"": 81, ""accuracy"": 0.8641975308641975}, ""y1_a1"": {""n"": 0, ""accuracy"": NaN}}",0.3659689038942831
corr,debris,dinov2_b14_518,umte_balanced,0.25,456,test_corr,0.8721340388007055,0.952054794520548,0.8495370370370371,137,81,75,0.781021897810219,0.7541887125220459,0.5,"{""y0_a0"": {""n"": 54, ""accuracy"": 0.6111111111111112}, ""y0_a1"": {""n"": 2, ""accuracy"": 0.5}, ""y1_a0"": {""n"": 8, ""accuracy"": 0.875}, ""y1_a1"": {""n"": 73, ""accuracy"": 0.9041095890410958}}",0.3659689038942831
corr,debris,dinov2_b14_518,umte_balanced,0.25,456,test_rev,0.8507495590828924,0.8368794326241135,0.8447293447293447,137,81,50,0.7445255474452555,0.7178130511463845,0.5555555555555556,"{""y0_a0"": {""n"": 9, ""accuracy"": 0.5555555555555556}, ""y0_a1"": {""n"": 47, ""accuracy"": 0.574468085106383}, ""y1_a0"": {""n"": 78, ""accuracy"": 0.8717948717948718}, ""y1_a1"": {""n"": 3, ""accuracy"": 0.6666666666666666}}",0.3659689038942831
corr,debris,dinov2_b14_518,erm,0.5,42,clean,0.8095238095238095,,0.8095238095238095,137,81,0,0.7445255474452555,0.7315917107583774,,"{""y0_a0"": {""n"": 56, ""accuracy"": 0.6607142857142857}, ""y0_a1"": {""n"": 0, ""accuracy"": NaN}, ""y1_a0"": {""n"": 81, ""accuracy"": 0.8024691358024691}, ""y1_a1"": {""n"": 0, ""accuracy"": NaN}}",0.46569838488565024
corr,debris,dinov2_b14_518,erm,0.5,42,test_corr,0.8652998236331569,0.9297297297297298,0.8375350140056022,137,81,79,0.7883211678832117,0.7686287477954145,0.6470588235294118,"{""y0_a0"": {""n"": 51, ""accuracy"": 0.6470588235294118}, ""y0_a1"": {""n"": 5, ""accuracy"": 0.8}, ""y1_a0"": {""n"": 7, ""accuracy"": 0.7142857142857143}, ""y1_a1"": {""n"": 74, ""accuracy"": 0.8918918918918919}}",0.46569838488565024
corr,debris,dinov2_b14_518,erm,0.5,42,test_rev,0.7610229276895945,0.7391304347826086,0.7973333333333333,137,81,52,0.7007299270072993,0.6752645502645502,0.5217391304347826,"{""y0_a0"": {""n"": 10, ""accuracy"": 0.6}, ""y0_a1"": {""n"": 46, ""accuracy"": 0.5217391304347826}, ""y1_a0"": {""n"": 75, ""accuracy"": 0.8133333333333334}, ""y1_a1"": {""n"": 6, ""accuracy"": 0.8333333333333334}}",0.46569838488565024
corr,debris,dinov2_b14_518,mask,0.5,42,clean,0.8692680776014109,,0.8692680776014109,137,81,0,0.8102189781021898,0.820216049382716,,"{""y0_a0"": {""n"": 56, ""accuracy"": 0.875}, ""y0_a1"": {""n"": 0, ""accuracy"": NaN}, ""y1_a0"": {""n"": 81, ""accuracy"": 0.7654320987654321}, ""y1_a1"": {""n"": 0, ""accuracy"": NaN}}",0.37643010377995767
corr,debris,dinov2_b14_518,mask,0.5,42,test_corr,0.94510582010582,0.9297297297297298,0.9831932773109244,137,81,79,0.8832116788321168,0.8791887125220459,0.8,"{""y0_a0"": {""n"": 51, ""accuracy"": 0.8627450980392157}, ""y0_a1"": {""n"": 5, ""accuracy"": 0.8}, ""y1_a0"": {""n"": 7, ""accuracy"": 1.0}, ""y1_a1"": {""n"": 74, ""accuracy"": 0.8918918918918919}}",0.37643010377995767
corr,debris,dinov2_b14_518,mask,0.5,42,test_rev,0.7815255731922399,0.9094202898550725,0.7613333333333333,137,81,52,0.7299270072992701,0.7192460317460317,0.6,"{""y0_a0"": {""n"": 10, ""accuracy"": 0.6}, ""y0_a1"": {""n"": 46, ""accuracy"": 0.6739130434782609}, ""y1_a0"": {""n"": 75, ""accuracy"": 0.76}, ""y1_a1"": {""n"": 6, ""accuracy"": 1.0}}",0.37643010377995767
corr,debris,dinov2_b14_518,balanced,0.5,42,clean,0.8185626102292769,,0.8185626102292769,137,81,0,0.7737226277372263,0.7562830687830688,,"{""y0_a0"": {""n"": 56, ""accuracy"": 0.6607142857142857}, ""y0_a1"": {""n"": 0, ""accuracy"": NaN}, ""y1_a0"": {""n"": 81, ""accuracy"": 0.8518518518518519}, ""y1_a1"": {""n"": 0, ""accuracy"": NaN}}",0.4161440722925471
corr,debris,dinov2_b14_518,balanced,0.5,42,test_corr,0.83179012345679,0.8918918918918919,0.8739495798319328,137,81,79,0.781021897810219,0.7624559082892416,0.6470588235294118,"{""y0_a0"": {""n"": 51, ""accuracy"": 0.6470588235294118}, ""y0_a1"": {""n"": 5, ""accuracy"": 0.8}, ""y1_a0"": {""n"": 7, ""accuracy"": 0.8571428571428571}, ""y1_a1"": {""n"": 74, ""accuracy"": 0.8648648648648649}}",0.4161440722925471
corr,debris,dinov2_b14_518,balanced,0.5,42,test_rev,0.808862433862434,0.782608695652174,0.7826666666666666,137,81,52,0.7518248175182481,0.7294973544973544,0.6,"{""y0_a0"": {""n"": 10, ""accuracy"": 0.6}, ""y0_a1"": {""n"": 46, ""accuracy"": 0.6086956521739131}, ""y1_a0"": {""n"": 75, ""accuracy"": 0.8533333333333334}, ""y1_a1"": {""n"": 6, ""accuracy"": 0.8333333333333334}}",0.4161440722925471
corr,debris,dinov2_b14_518,umte_protect,0.5,42,clean,0.8522927689594357,,0.8522927689594357,137,81,0,0.8029197080291971,0.8167989417989419,,"{""y0_a0"": {""n"": 56, ""accuracy"": 0.8928571428571429}, ""y0_a1"": {""n"": 0, ""accuracy"": NaN}, ""y1_a0"": {""n"": 81, ""accuracy"": 0.7407407407407407}, ""y1_a1"": {""n"": 0, ""accuracy"": NaN}}",0.5022810924445451
corr,debris,dinov2_b14_518,umte_protect,0.5,42,test_corr,0.8999118165784832,0.9108108108108108,0.9859943977591037,137,81,79,0.8321167883211679,0.8387345679012346,0.7837837837837838,"{""y0_a0"": {""n"": 51, ""accuracy"": 0.8823529411764706}, ""y0_a1"": {""n"": 5, ""accuracy"": 0.8}, ""y1_a0"": {""n"": 7, ""accuracy"": 1.0}, ""y1_a1"": {""n"": 74, ""accuracy"": 0.7837837837837838}}",0.5022810924445451
corr,debris,dinov2_b14_518,umte_protect,0.5,42,test_rev,0.8154761904761906,0.9239130434782609,0.7706666666666667,137,81,52,0.7883211678832117,0.7989417989417988,0.7,"{""y0_a0"": {""n"": 10, ""accuracy"": 0.7}, ""y0_a1"": {""n"": 46, ""accuracy"": 0.8913043478260869}, ""y1_a0"": {""n"": 75, ""accuracy"": 0.7333333333333333}, ""y1_a1"": {""n"": 6, ""accuracy"": 0.8333333333333334}}",0.5022810924445451
corr,debris,dinov2_b14_518,umte_protect_balanced,0.5,42,clean,0.8586860670194003,,0.8586860670194003,137,81,0,0.8175182481751825,0.8208774250440918,,"{""y0_a0"": {""n"": 56, ""accuracy"": 0.8392857142857143}, ""y0_a1"": {""n"": 0, ""accuracy"": NaN}, ""y1_a0"": {""n"": 81, ""accuracy"": 0.8024691358024691}, ""y1_a1"": {""n"": 0, ""accuracy"": NaN}}",0.46987798439124007
corr,debris,dinov2_b14_518,umte_protect_balanced,0.5,42,test_corr,0.8794091710758377,0.9054054054054054,0.9859943977591037,137,81,79,0.7956204379562044,0.8023589065255732,0.7432432432432432,"{""y0_a0"": {""n"": 51, ""accuracy"": 0.8431372549019608}, ""y0_a1"": {""n"": 5, ""accuracy"": 0.8}, ""y1_a0"": {""n"": 7, ""accuracy"": 1.0}, ""y1_a1"": {""n"": 74, ""accuracy"": 0.7432432432432432}}",0.46987798439124007
corr,debris,dinov2_b14_518,umte_protect_balanced,0.5,42,test_rev,0.8494268077601411,0.894927536231884,0.7879999999999999,137,81,52,0.8102189781021898,0.8119488536155203,0.6,"{""y0_a0"": {""n"": 10, ""accuracy"": 0.6}, ""y0_a1"": {""n"": 46, ""accuracy"": 0.8695652173913043}, ""y1_a0"": {""n"": 75, ""accuracy"": 0.8}, ""y1_a1"": {""n"": 6, ""accuracy"": 0.8333333333333334}}",0.46987798439124007
corr,debris,dinov2_b14_518,i2e,0.5,42,clean,0.861331569664903,,0.861331569664903,137,81,0,0.7737226277372263,0.7397486772486772,,"{""y0_a0"": {""n"": 56, ""accuracy"": 0.5535714285714286}, ""y0_a1"": {""n"": 0, ""accuracy"": NaN}, ""y1_a0"": {""n"": 81, ""accuracy"": 0.9259259259259259}, ""y1_a1"": {""n"": 0, ""accuracy"": NaN}}",0.3744652181816158
corr,debris,dinov2_b14_518,i2e,0.5,42,test_corr,0.8983686067019401,0.9513513513513514,0.854341736694678,137,81,79,0.7956204379562044,0.7582671957671958,0.5490196078431373,"{""y0_a0"": {""n"": 51, ""accuracy"": 0.5490196078431373}, ""y0_a1"": {""n"": 5, ""accuracy"": 0.6}, ""y1_a0"": {""n"": 7, ""accuracy"": 1.0}, ""y1_a1"": {""n"": 74, ""accuracy"": 0.9594594594594594}}",0.3744652181816158
corr,debris,dinov2_b14_518,i2e,0.5,42,test_rev,0.8117283950617283,0.7753623188405797,0.8693333333333334,137,81,52,0.7372262773722628,0.6951058201058201,0.4,"{""y0_a0"": {""n"": 10, ""accuracy"": 0.4}, ""y0_a1"": {""n"": 46, ""accuracy"": 0.4782608695652174}, ""y1_a0"": {""n"": 75, ""accuracy"": 0.92}, ""y1_a1"": {""n"": 6, ""accuracy"": 1.0}}",0.3744652181816158
corr,debris,dinov2_b14_518,i2e_balanced,0.5,42,clean,0.8589065255731922,,0.8589065255731922,137,81,0,0.7518248175182481,0.7212301587301587,,"{""y0_a0"": {""n"": 56, ""accuracy"": 0.5535714285714286}, ""y0_a1"": {""n"": 0, ""accuracy"": NaN}, ""y1_a0"": {""n"": 81, ""accuracy"": 0.8888888888888888}, ""y1_a1"": {""n"": 0, ""accuracy"": NaN}}",0.39647020661032023
corr,debris,dinov2_b14_518,i2e_balanced,0.5,42,test_corr,0.8736772486772486,0.9189189189189189,0.9047619047619048,137,81,79,0.7591240875912408,0.724647266313933,0.4,"{""y0_a0"": {""n"": 51, ""accuracy"": 0.5490196078431373}, ""y0_a1"": {""n"": 5, ""accuracy"": 0.4}, ""y1_a0"": {""n"": 7, ""accuracy"": 1.0}, ""y1_a1"": {""n"": 74, ""accuracy"": 0.9054054054054054}}",0.39647020661032023
corr,debris,dinov2_b14_518,i2e_balanced,0.5,42,test_rev,0.833994708994709,0.7898550724637682,0.8186666666666667,137,81,52,0.7445255474452555,0.7095458553791887,0.4,"{""y0_a0"": {""n"": 10, ""accuracy"": 0.4}, ""y0_a1"": {""n"": 46, ""accuracy"": 0.5434782608695652}, ""y1_a0"": {""n"": 75, ""accuracy"": 0.8933333333333333}, ""y1_a1"": {""n"": 6, ""accuracy"": 1.0}}",0.39647020661032023
corr,debris,dinov2_b14_518,i2e_rank1,0.5,42,clean,0.8097442680776014,,0.8097442680776014,137,81,0,0.7445255474452555,0.7288359788359788,,"{""y0_a0"": {""n"": 56, ""accuracy"": 0.6428571428571429}, ""y0_a1"": {""n"": 0, ""accuracy"": NaN}, ""y1_a0"": {""n"": 81, ""accuracy"": 0.8148148148148148}, ""y1_a1"": {""n"": 0, ""accuracy"": NaN}}",0.4717921041756086
corr,debris,dinov2_b14_518,i2e_rank1,0.5,42,test_corr,0.8509700176366843,0.927027027027027,0.8291316526610644,137,81,79,0.7883211678832117,0.7658730158730158,0.6274509803921569,"{""y0_a0"": {""n"": 51, ""accuracy"": 0.6274509803921569}, ""y0_a1"": {""n"": 5, ""accuracy"": 0.8}, ""y1_a0"": {""n"": 7, ""accuracy"": 0.8571428571428571}, ""y1_a1"": {""n"": 74, ""accuracy"": 0.8918918918918919}}",0.4717921041756086
corr,debris,dinov2_b14_518,i2e_rank1,0.5,42,test_rev,0.7819664902998237,0.75,0.792,137,81,52,0.7153284671532847,0.693121693121693,0.5652173913043478,"{""y0_a0"": {""n"": 10, ""accuracy"": 0.6}, ""y0_a1"": {""n"": 46, ""accuracy"": 0.5652173913043478}, ""y1_a0"": {""n"": 75, ""accuracy"": 0.8133333333333334}, ""y1_a1"": {""n"": 6, ""accuracy"": 0.8333333333333334}}",0.4717921041756086
corr,debris,dinov2_b14_518,insert_aug,0.5,42,clean,0.8223104056437389,,0.8223104056437389,137,81,0,0.7518248175182481,0.7405202821869489,,"{""y0_a0"": {""n"": 56, ""accuracy"": 0.6785714285714286}, ""y0_a1"": {""n"": 0, ""accuracy"": NaN}, ""y1_a0"": {""n"": 81, ""accuracy"": 0.8024691358024691}, ""y1_a1"": {""n"": 0, ""accuracy"": NaN}}",0.47201102111554927
corr,debris,dinov2_b14_518,insert_aug,0.5,42,test_corr,0.8727954144620812,0.927027027027027,0.834733893557423,137,81,79,0.8102189781021898,0.7899029982363316,0.6666666666666666,"{""y0_a0"": {""n"": 51, ""accuracy"": 0.6666666666666666}, ""y0_a1"": {""n"": 5, ""accuracy"": 0.8}, ""y1_a0"": {""n"": 7, ""accuracy"": 0.7142857142857143}, ""y1_a1"": {""n"": 74, ""accuracy"": 0.918918918918919}}",0.47201102111554927
corr,debris,dinov2_b14_518,insert_aug,0.5,42,test_rev,0.7797619047619048,0.7536231884057971,0.836,137,81,52,0.708029197080292,0.6869488536155203,0.5434782608695652,"{""y0_a0"": {""n"": 10, ""accuracy"": 0.7}, ""y0_a1"": {""n"": 46, ""accuracy"": 0.5434782608695652}, ""y1_a0"": {""n"": 75, ""accuracy"": 0.8133333333333334}, ""y1_a1"": {""n"": 6, ""accuracy"": 0.6666666666666666}}",0.47201102111554927
corr,debris,dinov2_b14_518,mte,0.5,42,clean,0.8639770723104057,,0.8639770723104057,137,81,0,0.8102189781021898,0.8147045855379189,,"{""y0_a0"": {""n"": 56, ""accuracy"": 0.8392857142857143}, ""y0_a1"": {""n"": 0, ""accuracy"": NaN}, ""y1_a0"": {""n"": 81, ""accuracy"": 0.7901234567901234}, ""y1_a1"": {""n"": 0, ""accuracy"": NaN}}",0.40668550238661066
corr,debris,dinov2_b14_518,mte,0.5,42,test_corr,0.9393738977072311,0.9351351351351351,0.9607843137254902,137,81,79,0.8759124087591241,0.8675044091710757,0.6,"{""y0_a0"": {""n"": 51, ""accuracy"": 0.8431372549019608}, ""y0_a1"": {""n"": 5, ""accuracy"": 0.6}, ""y1_a0"": {""n"": 7, ""accuracy"": 1.0}, ""y1_a1"": {""n"": 74, ""accuracy"": 0.9054054054054054}}",0.40668550238661066
corr,debris,dinov2_b14_518,mte,0.5,42,test_rev,0.792989417989418,0.9021739130434783,0.744,137,81,52,0.7153284671532847,0.6986331569664903,0.5,"{""y0_a0"": {""n"": 10, ""accuracy"": 0.5}, ""y0_a1"": {""n"": 46, ""accuracy"": 0.6304347826086957}, ""y1_a0"": {""n"": 75, ""accuracy"": 0.7733333333333333}, ""y1_a1"": {""n"": 6, ""accuracy"": 1.0}}",0.40668550238661066
corr,debris,dinov2_b14_518,mte_balanced,0.5,42,clean,0.8763227513227514,,0.8763227513227514,137,81,0,0.8175182481751825,0.8291446208112875,,"{""y0_a0"": {""n"": 56, ""accuracy"": 0.8928571428571429}, ""y0_a1"": {""n"": 0, ""accuracy"": NaN}, ""y1_a0"": {""n"": 81, ""accuracy"": 0.7654320987654321}, ""y1_a1"": {""n"": 0, ""accuracy"": NaN}}",0.5421121782501138
corr,debris,dinov2_b14_518,mte_balanced,0.5,42,test_corr,0.8996913580246915,0.9189189189189189,0.9691876750700281,137,81,79,0.8394160583941606,0.847663139329806,0.7837837837837838,"{""y0_a0"": {""n"": 51, ""accuracy"": 0.9019607843137255}, ""y0_a1"": {""n"": 5, ""accuracy"": 0.8}, ""y1_a0"": {""n"": 7, ""accuracy"": 1.0}, ""y1_a1"": {""n"": 74, ""accuracy"": 0.7837837837837838}}",0.5421121782501138
corr,debris,dinov2_b14_518,mte_balanced,0.5,42,test_rev,0.8586860670194003,0.8840579710144927,0.7946666666666666,137,81,52,0.7664233576642335,0.7694003527336861,0.6,"{""y0_a0"": {""n"": 10, ""accuracy"": 0.6}, ""y0_a1"": {""n"": 46, ""accuracy"": 0.8260869565217391}, ""y1_a0"": {""n"": 75, ""accuracy"": 0.76}, ""y1_a1"": {""n"": 6, ""accuracy"": 0.6666666666666666}}",0.5421121782501138
corr,debris,dinov2_b14_518,ui2e,0.5,42,clean,0.861331569664903,,0.861331569664903,137,81,0,0.7883211678832117,0.7741402116402116,,"{""y0_a0"": {""n"": 56, ""accuracy"": 0.6964285714285714}, ""y0_a1"": {""n"": 0, ""accuracy"": NaN}, ""y1_a0"": {""n"": 81, ""accuracy"": 0.8518518518518519}, ""y1_a1"": {""n"": 0, ""accuracy"": NaN}}",0.4379623853691932
corr,debris,dinov2_b14_518,ui2e,0.5,42,test_corr,0.8847001763668431,0.9594594594594595,0.8151260504201681,137,81,79,0.8029197080291971,0.7837301587301587,0.6666666666666666,"{""y0_a0"": {""n"": 51, ""accuracy"": 0.6666666666666666}, ""y0_a1"": {""n"": 5, ""accuracy"": 0.8}, ""y1_a0"": {""n"": 7, ""accuracy"": 0.7142857142857143}, ""y1_a1"": {""n"": 74, ""accuracy"": 0.9054054054054054}}",0.4379623853691932
corr,debris,dinov2_b14_518,ui2e,0.5,42,test_rev,0.8284832451499118,0.7463768115942029,0.8773333333333333,137,81,52,0.7591240875912408,0.7384259259259259,0.6086956521739131,"{""y0_a0"": {""n"": 10, ""accuracy"": 0.7}, ""y0_a1"": {""n"": 46, ""accuracy"": 0.6086956521739131}, ""y1_a0"": {""n"": 75, ""accuracy"": 0.8666666666666667}, ""y1_a1"": {""n"": 6, ""accuracy"": 0.6666666666666666}}",0.4379623853691932
corr,debris,dinov2_b14_518,ui2e_balanced,0.5,42,clean,0.8370811287477954,,0.8370811287477954,137,81,0,0.7956204379562044,0.7858245149911816,,"{""y0_a0"": {""n"": 56, ""accuracy"": 0.7321428571428571}, ""y0_a1"": {""n"": 0, ""accuracy"": NaN}, ""y1_a0"": {""n"": 81, ""accuracy"": 0.8395061728395061}, ""y1_a1"": {""n"": 0, ""accuracy"": NaN}}",0.4670119961264612
corr,debris,dinov2_b14_518,ui2e_balanced,0.5,42,test_corr,0.8399470899470899,0.9324324324324325,0.8487394957983193,137,81,79,0.7956204379562044,0.7858245149911816,0.7058823529411765,"{""y0_a0"": {""n"": 51, ""accuracy"": 0.7058823529411765}, ""y0_a1"": {""n"": 5, ""accuracy"": 1.0}, ""y1_a0"": {""n"": 7, ""accuracy"": 0.8571428571428571}, ""y1_a1"": {""n"": 74, ""accuracy"": 0.8378378378378378}}",0.4670119961264612
corr,debris,dinov2_b14_518,ui2e_balanced,0.5,42,test_rev,0.8240740740740741,0.7427536231884058,0.7959999999999999,137,81,52,0.781021897810219,0.7679673721340388,0.6,"{""y0_a0"": {""n"": 10, ""accuracy"": 0.6}, ""y0_a1"": {""n"": 46, ""accuracy"": 0.717391304347826}, ""y1_a0"": {""n"": 75, ""accuracy"": 0.8533333333333334}, ""y1_a1"": {""n"": 6, ""accuracy"": 0.6666666666666666}}",0.4670119961264612
corr,debris,dinov2_b14_518,umte,0.5,42,clean,0.8558201058201058,,0.8558201058201058,137,81,0,0.7518248175182481,0.7322530864197531,,"{""y0_a0"": {""n"": 56, ""accuracy"": 0.625}, ""y0_a1"": {""n"": 0, ""accuracy"": NaN}, ""y1_a0"": {""n"": 81, ""accuracy"": 0.8395061728395061}, ""y1_a1"": {""n"": 0, ""accuracy"": NaN}}",0.34881847869113747
corr,debris,dinov2_b14_518,umte,0.5,42,test_corr,0.9171075837742504,0.9162162162162162,0.988795518207283,137,81,79,0.8029197080291971,0.775462962962963,0.6078431372549019,"{""y0_a0"": {""n"": 51, ""accuracy"": 0.6078431372549019}, ""y0_a1"": {""n"": 5, ""accuracy"": 0.8}, ""y1_a0"": {""n"": 7, ""accuracy"": 1.0}, ""y1_a1"": {""n"": 74, ""accuracy"": 0.918918918918919}}",0.34881847869113747
corr,debris,dinov2_b14_518,umte,0.5,42,test_rev,0.8070987654320987,0.818840579710145,0.7693333333333334,137,81,52,0.7299270072992701,0.7027116402116402,0.3,"{""y0_a0"": {""n"": 10, ""accuracy"": 0.3}, ""y0_a1"": {""n"": 46, ""accuracy"": 0.6086956521739131}, ""y1_a0"": {""n"": 75, ""accuracy"": 0.8533333333333334}, ""y1_a1"": {""n"": 6, ""accuracy"": 0.8333333333333334}}",0.34881847869113747
corr,debris,dinov2_b14_518,umte_balanced,0.5,42,clean,0.8664021164021164,,0.8664021164021164,137,81,0,0.7956204379562044,0.7885802469135803,,"{""y0_a0"": {""n"": 56, ""accuracy"": 0.75}, ""y0_a1"": {""n"": 0, ""accuracy"": NaN}, ""y1_a0"": {""n"": 81, ""accuracy"": 0.8271604938271605}, ""y1_a1"": {""n"": 0, ""accuracy"": NaN}}",0.42646121315955426
corr,debris,dinov2_b14_518,umte_balanced,0.5,42,test_corr,0.8866843033509699,0.8972972972972973,0.9971988795518207,137,81,79,0.8248175182481752,0.8160273368606702,0.7647058823529411,"{""y0_a0"": {""n"": 51, ""accuracy"": 0.7647058823529411}, ""y0_a1"": {""n"": 5, ""accuracy"": 0.8}, ""y1_a0"": {""n"": 7, ""accuracy"": 1.0}, ""y1_a1"": {""n"": 74, ""accuracy"": 0.8513513513513513}}",0.42646121315955426
corr,debris,dinov2_b14_518,umte_balanced,0.5,42,test_rev,0.8507495590828924,0.7608695652173914,0.804,137,81,52,0.7372262773722628,0.7171516754850088,0.4,"{""y0_a0"": {""n"": 10, ""accuracy"": 0.4}, ""y0_a1"": {""n"": 46, ""accuracy"": 0.6521739130434783}, ""y1_a0"": {""n"": 75, ""accuracy"": 0.84}, ""y1_a1"": {""n"": 6, ""accuracy"": 0.6666666666666666}}",0.42646121315955426
corr,debris,dinov2_b14_518,erm,0.5,123,clean,0.8064373897707231,,0.8064373897707231,137,81,0,0.7372262773722628,0.7281746031746033,,"{""y0_a0"": {""n"": 56, ""accuracy"": 0.6785714285714286}, ""y0_a1"": {""n"": 0, ""accuracy"": NaN}, ""y1_a0"": {""n"": 81, ""accuracy"": 0.7777777777777778}, ""y1_a1"": {""n"": 0, ""accuracy"": NaN}}",0.468687327028501
corr,debris,dinov2_b14_518,erm,0.5,123,test_corr,0.8522927689594356,0.7922077922077922,0.7771739130434783,137,81,87,0.7883211678832117,0.7658730158730158,0.3,"{""y0_a0"": {""n"": 46, ""accuracy"": 0.717391304347826}, ""y0_a1"": {""n"": 10, ""accuracy"": 0.3}, ""y1_a0"": {""n"": 4, ""accuracy"": 0.75}, ""y1_a1"": {""n"": 77, ""accuracy"": 0.8961038961038961}}",0.468687327028501
corr,debris,dinov2_b14_518,erm,0.5,123,test_rev,0.7511022927689593,0.876750700280112,0.8351351351351352,137,81,58,0.6861313868613139,0.6629188712522045,0.5098039215686274,"{""y0_a0"": {""n"": 5, ""accuracy"": 0.8}, ""y0_a1"": {""n"": 51, ""accuracy"": 0.5098039215686274}, ""y1_a0"": {""n"": 74, ""accuracy"": 0.7702702702702703}, ""y1_a1"": {""n"": 7, ""accuracy"": 1.0}}",0.468687327028501
corr,debris,dinov2_b14_518,mask,0.5,123,clean,0.869268077601411,,0.869268077601411,137,81,0,0.8175182481751825,0.8208774250440918,,"{""y0_a0"": {""n"": 56, ""accuracy"": 0.8392857142857143}, ""y0_a1"": {""n"": 0, ""accuracy"": NaN}, ""y1_a0"": {""n"": 81, ""accuracy"": 0.8024691358024691}, ""y1_a1"": {""n"": 0, ""accuracy"": NaN}}",0.31875612412294335
corr,debris,dinov2_b14_518,mask,0.5,123,test_corr,0.9281305114638448,0.8896103896103896,0.6739130434782609,137,81,87,0.8613138686131386,0.8468915343915344,0.4,"{""y0_a0"": {""n"": 46, ""accuracy"": 0.8478260869565217}, ""y0_a1"": {""n"": 10, ""accuracy"": 0.4}, ""y1_a0"": {""n"": 4, ""accuracy"": 0.5}, ""y1_a1"": {""n"": 77, ""accuracy"": 0.948051948051948}}",0.31875612412294335
corr,debris,dinov2_b14_518,mask,0.5,123,test_rev,0.7594797178130511,0.8543417366946778,0.8540540540540541,137,81,58,0.7299270072992701,0.7054673721340388,0.4,"{""y0_a0"": {""n"": 5, ""accuracy"": 0.4}, ""y0_a1"": {""n"": 51, ""accuracy"": 0.5882352941176471}, ""y1_a0"": {""n"": 74, ""accuracy"": 0.8243243243243243}, ""y1_a1"": {""n"": 7, ""accuracy"": 1.0}}",0.31875612412294335
corr,debris,dinov2_b14_518,balanced,0.5,123,clean,0.8020282186948854,,0.8020282186948854,137,81,0,0.708029197080292,0.6924603174603174,,"{""y0_a0"": {""n"": 56, ""accuracy"": 0.6071428571428571}, ""y0_a1"": {""n"": 0, ""accuracy"": NaN}, ""y1_a0"": {""n"": 81, ""accuracy"": 0.7777777777777778}, ""y1_a1"": {""n"": 0, ""accuracy"": NaN}}",0.5242745796350068
corr,debris,dinov2_b14_518,balanced,0.5,123,test_corr,0.8220899470899471,0.7311688311688311,0.8586956521739131,137,81,87,0.7372262773722628,0.7171516754850088,0.5,"{""y0_a0"": {""n"": 46, ""accuracy"": 0.6304347826086957}, ""y0_a1"": {""n"": 10, ""accuracy"": 0.5}, ""y1_a0"": {""n"": 4, ""accuracy"": 0.75}, ""y1_a1"": {""n"": 77, ""accuracy"": 0.8311688311688312}}",0.5242745796350068
corr,debris,dinov2_b14_518,balanced,0.5,123,test_rev,0.7835097001763669,0.834733893557423,0.7972972972972973,137,81,58,0.6861313868613139,0.6656746031746033,0.5490196078431373,"{""y0_a0"": {""n"": 5, ""accuracy"": 0.6}, ""y0_a1"": {""n"": 51, ""accuracy"": 0.5490196078431373}, ""y1_a0"": {""n"": 74, ""accuracy"": 0.7702702702702703}, ""y1_a1"": {""n"": 7, ""accuracy"": 0.8571428571428571}}",0.5242745796350068
corr,debris,dinov2_b14_518,umte_protect,0.5,123,clean,0.8606701940035273,,0.8606701940035273,137,81,0,0.7956204379562044,0.810626102292769,,"{""y0_a0"": {""n"": 56, ""accuracy"": 0.8928571428571429}, ""y0_a1"": {""n"": 0, ""accuracy"": NaN}, ""y1_a0"": {""n"": 81, ""accuracy"": 0.7283950617283951}, ""y1_a1"": {""n"": 0, ""accuracy"": NaN}}",0.4958994442436824
corr,debris,dinov2_b14_518,umte_protect,0.5,123,test_corr,0.8935185185185185,0.8675324675324676,0.6521739130434783,137,81,87,0.8029197080291971,0.8112874779541446,0.5,"{""y0_a0"": {""n"": 46, ""accuracy"": 0.8913043478260869}, ""y0_a1"": {""n"": 10, ""accuracy"": 0.7}, ""y1_a0"": {""n"": 4, ""accuracy"": 0.5}, ""y1_a1"": {""n"": 77, ""accuracy"": 0.7792207792207793}}",0.4958994442436824
corr,debris,dinov2_b14_518,umte_protect,0.5,123,test_rev,0.8236331569664902,0.7703081232492996,0.8081081081081081,137,81,58,0.7737226277372263,0.7838403880070547,0.5714285714285714,"{""y0_a0"": {""n"": 5, ""accuracy"": 0.8}, ""y0_a1"": {""n"": 51, ""accuracy"": 0.8431372549019608}, ""y1_a0"": {""n"": 74, ""accuracy"": 0.7432432432432432}, ""y1_a1"": {""n"": 7, ""accuracy"": 0.5714285714285714}}",0.4958994442436824
corr,debris,dinov2_b14_518,umte_protect_balanced,0.5,123,clean,0.8600088183421516,,0.8600088183421516,137,81,0,0.7664233576642335,0.7721560846560847,,"{""y0_a0"": {""n"": 56, ""accuracy"": 0.8035714285714286}, ""y0_a1"": {""n"": 0, ""accuracy"": NaN}, ""y1_a0"": {""n"": 81, ""accuracy"": 0.7407407407407407}, ""y1_a1"": {""n"": 0, ""accuracy"": NaN}}",0.5615191568607856
corr,debris,dinov2_b14_518,umte_protect_balanced,0.5,123,test_corr,0.8626543209876543,0.8545454545454545,0.657608695652174,137,81,87,0.781021897810219,0.7872574955908289,0.5,"{""y0_a0"": {""n"": 46, ""accuracy"": 0.8260869565217391}, ""y0_a1"": {""n"": 10, ""accuracy"": 0.8}, ""y1_a0"": {""n"": 4, ""accuracy"": 0.5}, ""y1_a1"": {""n"": 77, ""accuracy"": 0.7662337662337663}}",0.5615191568607856
corr,debris,dinov2_b14_518,umte_protect_balanced,0.5,123,test_rev,0.8522927689594357,0.7647058823529412,0.8135135135135135,137,81,58,0.781021897810219,0.7900132275132274,0.5714285714285714,"{""y0_a0"": {""n"": 5, ""accuracy"": 0.6}, ""y0_a1"": {""n"": 51, ""accuracy"": 0.8627450980392157}, ""y1_a0"": {""n"": 74, ""accuracy"": 0.7567567567567568}, ""y1_a1"": {""n"": 7, ""accuracy"": 0.5714285714285714}}",0.5615191568607856
corr,debris,dinov2_b14_518,i2e,0.5,123,clean,0.8624338624338624,,0.8624338624338624,137,81,0,0.7737226277372263,0.7425044091710757,,"{""y0_a0"": {""n"": 56, ""accuracy"": 0.5714285714285714}, ""y0_a1"": {""n"": 0, ""accuracy"": NaN}, ""y1_a0"": {""n"": 81, ""accuracy"": 0.9135802469135802}, ""y1_a1"": {""n"": 0, ""accuracy"": NaN}}",0.38810498855569375
corr,debris,dinov2_b14_518,i2e,0.5,123,test_corr,0.890652557319224,0.7987012987012987,0.9456521739130436,137,81,87,0.7956204379562044,0.7610229276895943,0.4,"{""y0_a0"": {""n"": 46, ""accuracy"": 0.6086956521739131}, ""y0_a1"": {""n"": 10, ""accuracy"": 0.4}, ""y1_a0"": {""n"": 4, ""accuracy"": 1.0}, ""y1_a1"": {""n"": 77, ""accuracy"": 0.948051948051948}}",0.38810498855569375
corr,debris,dinov2_b14_518,i2e,0.5,123,test_rev,0.8029100529100529,0.9159663865546219,0.827027027027027,137,81,58,0.7372262773722628,0.6978615520282186,0.4,"{""y0_a0"": {""n"": 5, ""accuracy"": 0.4}, ""y0_a1"": {""n"": 51, ""accuracy"": 0.49019607843137253}, ""y1_a0"": {""n"": 74, ""accuracy"": 0.9054054054054054}, ""y1_a1"": {""n"": 7, ""accuracy"": 1.0}}",0.38810498855569375
corr,debris,dinov2_b14_518,i2e_balanced,0.5,123,clean,0.8624338624338624,,0.8624338624338624,137,81,0,0.7664233576642335,0.7308201058201058,,"{""y0_a0"": {""n"": 56, ""accuracy"": 0.5357142857142857}, ""y0_a1"": {""n"": 0, ""accuracy"": NaN}, ""y1_a0"": {""n"": 81, ""accuracy"": 0.9259259259259259}, ""y1_a1"": {""n"": 0, ""accuracy"": NaN}}",0.47451484197245275
corr,debris,dinov2_b14_518,i2e_balanced,0.5,123,test_corr,0.8705908289241622,0.7818181818181819,0.9782608695652174,137,81,87,0.7664233576642335,0.7308201058201058,0.5,"{""y0_a0"": {""n"": 46, ""accuracy"": 0.5434782608695652}, ""y0_a1"": {""n"": 10, ""accuracy"": 0.5}, ""y1_a0"": {""n"": 4, ""accuracy"": 1.0}, ""y1_a1"": {""n"": 77, ""accuracy"": 0.922077922077922}}",0.47451484197245275
corr,debris,dinov2_b14_518,i2e_balanced,0.5,123,test_rev,0.8403880070546739,0.9131652661064426,0.8675675675675676,137,81,58,0.7591240875912408,0.7218915343915344,0.5098039215686274,"{""y0_a0"": {""n"": 5, ""accuracy"": 0.6}, ""y0_a1"": {""n"": 51, ""accuracy"": 0.5098039215686274}, ""y1_a0"": {""n"": 74, ""accuracy"": 0.918918918918919}, ""y1_a1"": {""n"": 7, ""accuracy"": 1.0}}",0.47451484197245275
corr,debris,dinov2_b14_518,i2e_rank1,0.5,123,clean,0.8223104056437389,,0.8223104056437389,137,81,0,0.7299270072992701,0.7164902998236331,,"{""y0_a0"": {""n"": 56, ""accuracy"": 0.6428571428571429}, ""y0_a1"": {""n"": 0, ""accuracy"": NaN}, ""y1_a0"": {""n"": 81, ""accuracy"": 0.7901234567901234}, ""y1_a1"": {""n"": 0, ""accuracy"": NaN}}",0.4290517396704267
corr,debris,dinov2_b14_518,i2e_rank1,0.5,123,test_corr,0.8694885361552028,0.7493506493506493,0.8641304347826088,137,81,87,0.7883211678832117,0.7631172839506173,0.4,"{""y0_a0"": {""n"": 46, ""accuracy"": 0.6739130434782609}, ""y0_a1"": {""n"": 10, ""accuracy"": 0.4}, ""y1_a0"": {""n"": 4, ""accuracy"": 1.0}, ""y1_a1"": {""n"": 77, ""accuracy"": 0.8961038961038961}}",0.4290517396704267
corr,debris,dinov2_b14_518,i2e_rank1,0.5,123,test_rev,0.7398589065255731,0.8991596638655461,0.818918918918919,137,81,58,0.6788321167883211,0.6539902998236331,0.5098039215686274,"{""y0_a0"": {""n"": 5, ""accuracy"": 0.6}, ""y0_a1"": {""n"": 51, ""accuracy"": 0.5098039215686274}, ""y1_a0"": {""n"": 74, ""accuracy"": 0.7702702702702703}, ""y1_a1"": {""n"": 7, ""accuracy"": 1.0}}",0.4290517396704267
corr,debris,dinov2_b14_518,insert_aug,0.5,123,clean,0.8084215167548501,,0.8084215167548501,137,81,0,0.7226277372262774,0.6827601410934745,,"{""y0_a0"": {""n"": 56, ""accuracy"": 0.4642857142857143}, ""y0_a1"": {""n"": 0, ""accuracy"": NaN}, ""y1_a0"": {""n"": 81, ""accuracy"": 0.9012345679012346}, ""y1_a1"": {""n"": 0, ""accuracy"": NaN}}",0.39749332208545907
corr,debris,dinov2_b14_518,insert_aug,0.5,123,test_corr,0.8487654320987654,0.7766233766233767,0.7826086956521738,137,81,87,0.7299270072992701,0.6861772486772487,0.2,"{""y0_a0"": {""n"": 46, ""accuracy"": 0.5}, ""y0_a1"": {""n"": 10, ""accuracy"": 0.2}, ""y1_a0"": {""n"": 4, ""accuracy"": 1.0}, ""y1_a1"": {""n"": 77, ""accuracy"": 0.922077922077922}}",0.39749332208545907
corr,debris,dinov2_b14_518,insert_aug,0.5,123,test_rev,0.7526455026455027,0.8907563025210083,0.8216216216216217,137,81,58,0.6934306569343066,0.6470458553791887,0.2,"{""y0_a0"": {""n"": 5, ""accuracy"": 0.2}, ""y0_a1"": {""n"": 51, ""accuracy"": 0.4117647058823529}, ""y1_a0"": {""n"": 74, ""accuracy"": 0.8918918918918919}, ""y1_a1"": {""n"": 7, ""accuracy"": 1.0}}",0.39749332208545907
corr,debris,dinov2_b14_518,mte,0.5,123,clean,0.8659611992945326,,0.8659611992945326,137,81,0,0.7737226277372263,0.7838403880070547,,"{""y0_a0"": {""n"": 56, ""accuracy"": 0.8392857142857143}, ""y0_a1"": {""n"": 0, ""accuracy"": NaN}, ""y1_a0"": {""n"": 81, ""accuracy"": 0.7283950617283951}, ""y1_a1"": {""n"": 0, ""accuracy"": NaN}}",0.45125110039527144
corr,debris,dinov2_b14_518,mte,0.5,123,test_corr,0.937389770723104,0.9285714285714285,0.7173913043478262,137,81,87,0.8686131386861314,0.8640873015873016,0.5,"{""y0_a0"": {""n"": 46, ""accuracy"": 0.8478260869565217}, ""y0_a1"": {""n"": 10, ""accuracy"": 0.8}, ""y1_a0"": {""n"": 4, ""accuracy"": 0.5}, ""y1_a1"": {""n"": 77, ""accuracy"": 0.9090909090909091}}",0.45125110039527144
corr,debris,dinov2_b14_518,mte,0.5,123,test_rev,0.7835097001763669,0.8655462184873949,0.7567567567567568,137,81,58,0.7153284671532847,0.7096560846560847,0.4,"{""y0_a0"": {""n"": 5, ""accuracy"": 0.4}, ""y0_a1"": {""n"": 51, ""accuracy"": 0.7058823529411765}, ""y1_a0"": {""n"": 74, ""accuracy"": 0.7297297297297297}, ""y1_a1"": {""n"": 7, ""accuracy"": 0.8571428571428571}}",0.45125110039527144
corr,debris,dinov2_b14_518,mte_balanced,0.5,123,clean,0.8791887125220459,,0.8791887125220459,137,81,0,0.7956204379562044,0.8078703703703703,,"{""y0_a0"": {""n"": 56, ""accuracy"": 0.875}, ""y0_a1"": {""n"": 0, ""accuracy"": NaN}, ""y1_a0"": {""n"": 81, ""accuracy"": 0.7407407407407407}, ""y1_a1"": {""n"": 0, ""accuracy"": NaN}}",0.5866684342272023
corr,debris,dinov2_b14_518,mte_balanced,0.5,123,test_corr,0.9071869488536155,0.9012987012987014,0.7336956521739131,137,81,87,0.8175182481751825,0.8208774250440918,0.5,"{""y0_a0"": {""n"": 46, ""accuracy"": 0.8695652173913043}, ""y0_a1"": {""n"": 10, ""accuracy"": 0.7}, ""y1_a0"": {""n"": 4, ""accuracy"": 0.5}, ""y1_a1"": {""n"": 77, ""accuracy"": 0.8181818181818182}}",0.5866684342272023
corr,debris,dinov2_b14_518,mte_balanced,0.5,123,test_rev,0.8586860670194005,0.8851540616246498,0.7648648648648648,137,81,58,0.7664233576642335,0.7721560846560847,0.6,"{""y0_a0"": {""n"": 5, ""accuracy"": 0.6}, ""y0_a1"": {""n"": 51, ""accuracy"": 0.8235294117647058}, ""y1_a0"": {""n"": 74, ""accuracy"": 0.7432432432432432}, ""y1_a1"": {""n"": 7, ""accuracy"": 0.7142857142857143}}",0.5866684342272023
corr,debris,dinov2_b14_518,ui2e,0.5,123,clean,0.8619929453262787,,0.8619929453262787,137,81,0,0.7956204379562044,0.7858245149911816,,"{""y0_a0"": {""n"": 56, ""accuracy"": 0.7321428571428571}, ""y0_a1"": {""n"": 0, ""accuracy"": NaN}, ""y1_a0"": {""n"": 81, ""accuracy"": 0.8395061728395061}, ""y1_a1"": {""n"": 0, ""accuracy"": NaN}}",0.4682364077309379
corr,debris,dinov2_b14_518,ui2e,0.5,123,test_corr,0.8761022927689595,0.7376623376623376,0.9347826086956522,137,81,87,0.8102189781021898,0.7954144620811288,0.4,"{""y0_a0"": {""n"": 46, ""accuracy"": 0.782608695652174}, ""y0_a1"": {""n"": 10, ""accuracy"": 0.4}, ""y1_a0"": {""n"": 4, ""accuracy"": 1.0}, ""y1_a1"": {""n"": 77, ""accuracy"": 0.8701298701298701}}",0.4682364077309379
corr,debris,dinov2_b14_518,ui2e,0.5,123,test_rev,0.8194444444444444,0.9411764705882353,0.8648648648648649,137,81,58,0.7737226277372263,0.7590388007054674,0.6,"{""y0_a0"": {""n"": 5, ""accuracy"": 0.6}, ""y0_a1"": {""n"": 51, ""accuracy"": 0.6862745098039216}, ""y1_a0"": {""n"": 74, ""accuracy"": 0.8243243243243243}, ""y1_a1"": {""n"": 7, ""accuracy"": 1.0}}",0.4682364077309379
corr,debris,dinov2_b14_518,ui2e_balanced,0.5,123,clean,0.8315696649029982,,0.8315696649029982,137,81,0,0.781021897810219,0.7762345679012346,,"{""y0_a0"": {""n"": 56, ""accuracy"": 0.75}, ""y0_a1"": {""n"": 0, ""accuracy"": NaN}, ""y1_a0"": {""n"": 81, ""accuracy"": 0.8024691358024691}, ""y1_a1"": {""n"": 0, ""accuracy"": NaN}}",0.5571310200952635
corr,debris,dinov2_b14_518,ui2e_balanced,0.5,123,test_corr,0.8353174603174602,0.7142857142857143,0.9184782608695653,137,81,87,0.8029197080291971,0.7947530864197531,0.4,"{""y0_a0"": {""n"": 46, ""accuracy"": 0.8260869565217391}, ""y0_a1"": {""n"": 10, ""accuracy"": 0.4}, ""y1_a0"": {""n"": 4, ""accuracy"": 1.0}, ""y1_a1"": {""n"": 77, ""accuracy"": 0.8311688311688312}}",0.5571310200952635
corr,debris,dinov2_b14_518,ui2e_balanced,0.5,123,test_rev,0.8245149911816578,0.8991596638655462,0.8081081081081082,137,81,58,0.7591240875912408,0.7494488536155203,0.6,"{""y0_a0"": {""n"": 5, ""accuracy"": 0.6}, ""y0_a1"": {""n"": 51, ""accuracy"": 0.7058823529411765}, ""y1_a0"": {""n"": 74, ""accuracy"": 0.7837837837837838}, ""y1_a1"": {""n"": 7, ""accuracy"": 1.0}}",0.5571310200952635
corr,debris,dinov2_b14_518,umte,0.5,123,clean,0.8522927689594356,,0.8522927689594356,137,81,0,0.781021897810219,0.7707231040564374,,"{""y0_a0"": {""n"": 56, ""accuracy"": 0.7142857142857143}, ""y0_a1"": {""n"": 0, ""accuracy"": NaN}, ""y1_a0"": {""n"": 81, ""accuracy"": 0.8271604938271605}, ""y1_a1"": {""n"": 0, ""accuracy"": NaN}}",0.35827309856728906
corr,debris,dinov2_b14_518,umte,0.5,123,test_corr,0.9032186948853616,0.8207792207792208,0.6413043478260869,137,81,87,0.8321167883211679,0.8139329805996472,0.4,"{""y0_a0"": {""n"": 46, ""accuracy"": 0.782608695652174}, ""y0_a1"": {""n"": 10, ""accuracy"": 0.4}, ""y1_a0"": {""n"": 4, ""accuracy"": 0.5}, ""y1_a1"": {""n"": 77, ""accuracy"": 0.935064935064935}}",0.35827309856728906
corr,debris,dinov2_b14_518,umte,0.5,123,test_rev,0.7973985890652557,0.8627450980392157,0.7756756756756757,137,81,58,0.7299270072992701,0.7054673721340388,0.2,"{""y0_a0"": {""n"": 5, ""accuracy"": 0.2}, ""y0_a1"": {""n"": 51, ""accuracy"": 0.6078431372549019}, ""y1_a0"": {""n"": 74, ""accuracy"": 0.8243243243243243}, ""y1_a1"": {""n"": 7, ""accuracy"": 1.0}}",0.35827309856728906
corr,debris,dinov2_b14_518,umte_balanced,0.5,123,clean,0.8540564373897707,,0.8540564373897707,137,81,0,0.7883211678832117,0.7934303350970018,,"{""y0_a0"": {""n"": 56, ""accuracy"": 0.8214285714285714}, ""y0_a1"": {""n"": 0, ""accuracy"": NaN}, ""y1_a0"": {""n"": 81, ""accuracy"": 0.7654320987654321}, ""y1_a1"": {""n"": 0, ""accuracy"": NaN}}",0.5335978336746847
corr,debris,dinov2_b14_518,umte_balanced,0.5,123,test_corr,0.8703703703703703,0.8051948051948052,0.6413043478260869,137,81,87,0.7883211678832117,0.7906746031746033,0.5,"{""y0_a0"": {""n"": 46, ""accuracy"": 0.8478260869565217}, ""y0_a1"": {""n"": 10, ""accuracy"": 0.6}, ""y1_a0"": {""n"": 4, ""accuracy"": 0.5}, ""y1_a1"": {""n"": 77, ""accuracy"": 0.7922077922077922}}",0.5335978336746847
corr,debris,dinov2_b14_518,umte_balanced,0.5,123,test_rev,0.8421516754850089,0.8683473389355743,0.7783783783783783,137,81,58,0.7591240875912408,0.7549603174603174,0.6,"{""y0_a0"": {""n"": 5, ""accuracy"": 0.6}, ""y0_a1"": {""n"": 51, ""accuracy"": 0.7450980392156863}, ""y1_a0"": {""n"": 74, ""accuracy"": 0.7702702702702703}, ""y1_a1"": {""n"": 7, ""accuracy"": 0.8571428571428571}}",0.5335978336746847
corr,debris,dinov2_b14_518,erm,0.5,456,clean,0.8073192239858907,,0.8073192239858907,137,81,0,0.7372262773722628,0.7309303350970018,,"{""y0_a0"": {""n"": 56, ""accuracy"": 0.6964285714285714}, ""y0_a1"": {""n"": 0, ""accuracy"": NaN}, ""y1_a0"": {""n"": 81, ""accuracy"": 0.7654320987654321}, ""y1_a1"": {""n"": 0, ""accuracy"": NaN}}",0.47263385359832283
corr,debris,dinov2_b14_518,erm,0.5,456,test_corr,0.8670634920634921,0.9726027397260274,0.8819444444444444,137,81,75,0.8029197080291971,0.7864858906525574,0.6851851851851852,"{""y0_a0"": {""n"": 54, ""accuracy"": 0.6851851851851852}, ""y0_a1"": {""n"": 2, ""accuracy"": 1.0}, ""y1_a0"": {""n"": 8, ""accuracy"": 1.0}, ""y1_a1"": {""n"": 73, ""accuracy"": 0.863013698630137}}",0.47263385359832283
corr,debris,dinov2_b14_518,erm,0.5,456,test_rev,0.7495590828924162,0.9219858156028369,0.7635327635327636,137,81,50,0.6788321167883211,0.6595017636684304,0.5319148936170213,"{""y0_a0"": {""n"": 9, ""accuracy"": 0.6666666666666666}, ""y0_a1"": {""n"": 47, ""accuracy"": 0.5319148936170213}, ""y1_a0"": {""n"": 78, ""accuracy"": 0.7564102564102564}, ""y1_a1"": {""n"": 3, ""accuracy"": 1.0}}",0.47263385359832283
corr,debris,dinov2_b14_518,mask,0.5,456,clean,0.8679453262786596,,0.8679453262786596,137,81,0,0.8102189781021898,0.8174603174603174,,"{""y0_a0"": {""n"": 56, ""accuracy"": 0.8571428571428571}, ""y0_a1"": {""n"": 0, ""accuracy"": NaN}, ""y1_a0"": {""n"": 81, ""accuracy"": 0.7777777777777778}, ""y1_a1"": {""n"": 0, ""accuracy"": NaN}}",0.3220777105188877
corr,debris,dinov2_b14_518,mask,0.5,456,test_corr,0.9398148148148148,0.9726027397260274,0.8240740740740742,137,81,75,0.8978102189781022,0.8915343915343915,0.75,"{""y0_a0"": {""n"": 54, ""accuracy"": 0.8518518518518519}, ""y0_a1"": {""n"": 2, ""accuracy"": 1.0}, ""y1_a0"": {""n"": 8, ""accuracy"": 0.75}, ""y1_a1"": {""n"": 73, ""accuracy"": 0.9452054794520548}}",0.3220777105188877
corr,debris,dinov2_b14_518,mask,0.5,456,test_rev,0.7729276895943563,0.7588652482269503,0.8418803418803419,137,81,50,0.7007299270072993,0.683531746031746,0.5531914893617021,"{""y0_a0"": {""n"": 9, ""accuracy"": 0.7777777777777778}, ""y0_a1"": {""n"": 47, ""accuracy"": 0.5531914893617021}, ""y1_a0"": {""n"": 78, ""accuracy"": 0.782051282051282}, ""y1_a1"": {""n"": 3, ""accuracy"": 0.6666666666666666}}",0.3220777105188877
corr,debris,dinov2_b14_518,balanced,0.5,456,clean,0.804673721340388,,0.804673721340388,137,81,0,0.7883211678832117,0.7796516754850088,,"{""y0_a0"": {""n"": 56, ""accuracy"": 0.7321428571428571}, ""y0_a1"": {""n"": 0, ""accuracy"": NaN}, ""y1_a0"": {""n"": 81, ""accuracy"": 0.8271604938271605}, ""y1_a1"": {""n"": 0, ""accuracy"": NaN}}",0.4541211195000956
corr,debris,dinov2_b14_518,balanced,0.5,456,test_corr,0.8287037037037037,0.9657534246575342,0.8657407407407407,137,81,75,0.8102189781021898,0.7981701940035273,0.7222222222222222,"{""y0_a0"": {""n"": 54, ""accuracy"": 0.7222222222222222}, ""y0_a1"": {""n"": 2, ""accuracy"": 1.0}, ""y1_a0"": {""n"": 8, ""accuracy"": 1.0}, ""y1_a1"": {""n"": 73, ""accuracy"": 0.8493150684931506}}",0.4541211195000956
corr,debris,dinov2_b14_518,balanced,0.5,456,test_rev,0.7821869488536155,0.8652482269503546,0.7535612535612536,137,81,50,0.7518248175182481,0.7350088183421517,0.6382978723404256,"{""y0_a0"": {""n"": 9, ""accuracy"": 0.6666666666666666}, ""y0_a1"": {""n"": 47, ""accuracy"": 0.6382978723404256}, ""y1_a0"": {""n"": 78, ""accuracy"": 0.8205128205128205}, ""y1_a1"": {""n"": 3, ""accuracy"": 1.0}}",0.4541211195000956
corr,debris,dinov2_b14_518,umte_protect,0.5,456,clean,0.8439153439153438,,0.8439153439153438,137,81,0,0.7956204379562044,0.7940917107583774,,"{""y0_a0"": {""n"": 56, ""accuracy"": 0.7857142857142857}, ""y0_a1"": {""n"": 0, ""accuracy"": NaN}, ""y1_a0"": {""n"": 81, ""accuracy"": 0.8024691358024691}, ""y1_a1"": {""n"": 0, ""accuracy"": NaN}}",0.3592951542818368
corr,debris,dinov2_b14_518,umte_protect,0.5,456,test_corr,0.8983686067019401,0.9726027397260274,0.7916666666666666,137,81,75,0.8248175182481752,0.8187830687830688,0.625,"{""y0_a0"": {""n"": 54, ""accuracy"": 0.7777777777777778}, ""y0_a1"": {""n"": 2, ""accuracy"": 1.0}, ""y1_a0"": {""n"": 8, ""accuracy"": 0.625}, ""y1_a1"": {""n"": 73, ""accuracy"": 0.8767123287671232}}",0.3592951542818368
corr,debris,dinov2_b14_518,umte_protect,0.5,456,test_rev,0.8156966490299824,0.7943262411347518,0.8547008547008548,137,81,50,0.7372262773722628,0.722663139329806,0.6170212765957447,"{""y0_a0"": {""n"": 9, ""accuracy"": 0.7777777777777778}, ""y0_a1"": {""n"": 47, ""accuracy"": 0.6170212765957447}, ""y1_a0"": {""n"": 78, ""accuracy"": 0.8076923076923077}, ""y1_a1"": {""n"": 3, ""accuracy"": 0.6666666666666666}}",0.3592951542818368
corr,debris,dinov2_b14_518,umte_protect_balanced,0.5,456,clean,0.8384038800705467,,0.8384038800705467,137,81,0,0.7591240875912408,0.7384259259259259,,"{""y0_a0"": {""n"": 56, ""accuracy"": 0.625}, ""y0_a1"": {""n"": 0, ""accuracy"": NaN}, ""y1_a0"": {""n"": 81, ""accuracy"": 0.8518518518518519}, ""y1_a1"": {""n"": 0, ""accuracy"": NaN}}",0.3075572334257902
corr,debris,dinov2_b14_518,umte_protect_balanced,0.5,456,test_corr,0.8600088183421518,0.9726027397260273,0.787037037037037,137,81,75,0.7664233576642335,0.7445987654320987,0.6111111111111112,"{""y0_a0"": {""n"": 54, ""accuracy"": 0.6111111111111112}, ""y0_a1"": {""n"": 2, ""accuracy"": 1.0}, ""y1_a0"": {""n"": 8, ""accuracy"": 0.75}, ""y1_a1"": {""n"": 73, ""accuracy"": 0.8767123287671232}}",0.3075572334257902
corr,debris,dinov2_b14_518,umte_protect_balanced,0.5,456,test_rev,0.833774250440917,0.7730496453900708,0.8618233618233617,137,81,50,0.7518248175182481,0.7294973544973544,0.574468085106383,"{""y0_a0"": {""n"": 9, ""accuracy"": 0.7777777777777778}, ""y0_a1"": {""n"": 47, ""accuracy"": 0.574468085106383}, ""y1_a0"": {""n"": 78, ""accuracy"": 0.8589743589743589}, ""y1_a1"": {""n"": 3, ""accuracy"": 0.6666666666666666}}",0.3075572334257902
corr,debris,dinov2_b14_518,i2e,0.5,456,clean,0.8628747795414461,,0.8628747795414461,137,81,0,0.7737226277372263,0.7425044091710757,,"{""y0_a0"": {""n"": 56, ""accuracy"": 0.5714285714285714}, ""y0_a1"": {""n"": 0, ""accuracy"": NaN}, ""y1_a0"": {""n"": 81, ""accuracy"": 0.9135802469135802}, ""y1_a1"": {""n"": 0, ""accuracy"": NaN}}",0.38218556890088
corr,debris,dinov2_b14_518,i2e,0.5,456,test_corr,0.9034391534391534,0.9863013698630136,0.9166666666666667,137,81,75,0.7956204379562044,0.7610229276895943,0.5555555555555556,"{""y0_a0"": {""n"": 54, ""accuracy"": 0.5555555555555556}, ""y0_a1"": {""n"": 2, ""accuracy"": 1.0}, ""y1_a0"": {""n"": 8, ""accuracy"": 1.0}, ""y1_a1"": {""n"": 73, ""accuracy"": 0.9452054794520548}}",0.38218556890088
corr,debris,dinov2_b14_518,i2e,0.5,456,test_rev,0.8033509700176367,0.8936170212765958,0.8205128205128206,137,81,50,0.7372262773722628,0.6978615520282186,0.4444444444444444,"{""y0_a0"": {""n"": 9, ""accuracy"": 0.4444444444444444}, ""y0_a1"": {""n"": 47, ""accuracy"": 0.48936170212765956}, ""y1_a0"": {""n"": 78, ""accuracy"": 0.9102564102564102}, ""y1_a1"": {""n"": 3, ""accuracy"": 1.0}}",0.38218556890088
corr,debris,dinov2_b14_518,i2e_balanced,0.5,456,clean,0.8604497354497355,,0.8604497354497355,137,81,0,0.7956204379562044,0.7720458553791887,,"{""y0_a0"": {""n"": 56, ""accuracy"": 0.6428571428571429}, ""y0_a1"": {""n"": 0, ""accuracy"": NaN}, ""y1_a0"": {""n"": 81, ""accuracy"": 0.9012345679012346}, ""y1_a1"": {""n"": 0, ""accuracy"": NaN}}",0.39998349276013745
corr,debris,dinov2_b14_518,i2e_balanced,0.5,456,test_corr,0.8842592592592592,1.0,0.8796296296296297,137,81,75,0.8175182481751825,0.7905643738977073,0.6296296296296297,"{""y0_a0"": {""n"": 54, ""accuracy"": 0.6296296296296297}, ""y0_a1"": {""n"": 2, ""accuracy"": 1.0}, ""y1_a0"": {""n"": 8, ""accuracy"": 1.0}, ""y1_a1"": {""n"": 73, ""accuracy"": 0.9315068493150684}}",0.39998349276013745
corr,debris,dinov2_b14_518,i2e_balanced,0.5,456,test_rev,0.8322310405643739,0.8297872340425532,0.811965811965812,137,81,50,0.7591240875912408,0.7274029982363316,0.5531914893617021,"{""y0_a0"": {""n"": 9, ""accuracy"": 0.5555555555555556}, ""y0_a1"": {""n"": 47, ""accuracy"": 0.5531914893617021}, ""y1_a0"": {""n"": 78, ""accuracy"": 0.8974358974358975}, ""y1_a1"": {""n"": 3, ""accuracy"": 1.0}}",0.39998349276013745
corr,debris,dinov2_b14_518,i2e_rank1,0.5,456,clean,0.8247354497354498,,0.8247354497354498,137,81,0,0.7445255474452555,0.7233245149911816,,"{""y0_a0"": {""n"": 56, ""accuracy"": 0.6071428571428571}, ""y0_a1"": {""n"": 0, ""accuracy"": NaN}, ""y1_a0"": {""n"": 81, ""accuracy"": 0.8395061728395061}, ""y1_a1"": {""n"": 0, ""accuracy"": NaN}}",0.3853527057155556
corr,debris,dinov2_b14_518,i2e_rank1,0.5,456,test_corr,0.8897707231040564,1.0,0.912037037037037,137,81,75,0.8102189781021898,0.7788800705467371,0.5925925925925926,"{""y0_a0"": {""n"": 54, ""accuracy"": 0.5925925925925926}, ""y0_a1"": {""n"": 2, ""accuracy"": 1.0}, ""y1_a0"": {""n"": 8, ""accuracy"": 1.0}, ""y1_a1"": {""n"": 73, ""accuracy"": 0.9452054794520548}}",0.3853527057155556
corr,debris,dinov2_b14_518,i2e_rank1,0.5,456,test_rev,0.7442680776014109,0.9078014184397163,0.7635327635327636,137,81,50,0.708029197080292,0.6786816578483246,0.5106382978723404,"{""y0_a0"": {""n"": 9, ""accuracy"": 0.5555555555555556}, ""y0_a1"": {""n"": 47, ""accuracy"": 0.5106382978723404}, ""y1_a0"": {""n"": 78, ""accuracy"": 0.8333333333333334}, ""y1_a1"": {""n"": 3, ""accuracy"": 1.0}}",0.3853527057155556
corr,debris,dinov2_b14_518,insert_aug,0.5,456,clean,0.8139329805996472,,0.8139329805996472,137,81,0,0.7445255474452555,0.7095458553791887,,"{""y0_a0"": {""n"": 56, ""accuracy"": 0.5178571428571429}, ""y0_a1"": {""n"": 0, ""accuracy"": NaN}, ""y1_a0"": {""n"": 81, ""accuracy"": 0.9012345679012346}, ""y1_a1"": {""n"": 0, ""accuracy"": NaN}}",0.38458982322777874
corr,debris,dinov2_b14_518,insert_aug,0.5,456,test_corr,0.8652998236331569,0.9726027397260274,0.9027777777777778,137,81,75,0.7591240875912408,0.7218915343915344,0.5,"{""y0_a0"": {""n"": 54, ""accuracy"": 0.5}, ""y0_a1"": {""n"": 2, ""accuracy"": 1.0}, ""y1_a0"": {""n"": 8, ""accuracy"": 1.0}, ""y1_a1"": {""n"": 73, ""accuracy"": 0.9178082191780822}}",0.38458982322777874
corr,debris,dinov2_b14_518,insert_aug,0.5,456,test_rev,0.7623456790123456,0.9290780141843972,0.7450142450142451,137,81,50,0.6861313868613139,0.6381172839506173,0.3404255319148936,"{""y0_a0"": {""n"": 9, ""accuracy"": 0.5555555555555556}, ""y0_a1"": {""n"": 47, ""accuracy"": 0.3404255319148936}, ""y1_a0"": {""n"": 78, ""accuracy"": 0.8974358974358975}, ""y1_a1"": {""n"": 3, ""accuracy"": 1.0}}",0.38458982322777874
corr,debris,dinov2_b14_518,mte,0.5,456,clean,0.8635361552028218,,0.8635361552028218,137,81,0,0.781021897810219,0.7872574955908289,,"{""y0_a0"": {""n"": 56, ""accuracy"": 0.8214285714285714}, ""y0_a1"": {""n"": 0, ""accuracy"": NaN}, ""y1_a0"": {""n"": 81, ""accuracy"": 0.7530864197530864}, ""y1_a1"": {""n"": 0, ""accuracy"": NaN}}",0.4199208176865172
corr,debris,dinov2_b14_518,mte,0.5,456,test_corr,0.9360670194003528,0.9657534246575342,0.8333333333333334,137,81,75,0.8613138686131386,0.8551587301587301,0.625,"{""y0_a0"": {""n"": 54, ""accuracy"": 0.8148148148148148}, ""y0_a1"": {""n"": 2, ""accuracy"": 1.0}, ""y1_a0"": {""n"": 8, ""accuracy"": 0.625}, ""y1_a1"": {""n"": 73, ""accuracy"": 0.9178082191780822}}",0.4199208176865172
corr,debris,dinov2_b14_518,mte,0.5,456,test_rev,0.7943121693121692,0.801418439716312,0.8361823361823362,137,81,50,0.7007299270072993,0.6890432098765432,0.5957446808510638,"{""y0_a0"": {""n"": 9, ""accuracy"": 0.7777777777777778}, ""y0_a1"": {""n"": 47, ""accuracy"": 0.5957446808510638}, ""y1_a0"": {""n"": 78, ""accuracy"": 0.7564102564102564}, ""y1_a1"": {""n"": 3, ""accuracy"": 0.6666666666666666}}",0.4199208176865172
corr,debris,dinov2_b14_518,mte_balanced,0.5,456,clean,0.873236331569665,,0.873236331569665,137,81,0,0.8175182481751825,0.8208774250440918,,"{""y0_a0"": {""n"": 56, ""accuracy"": 0.8392857142857143}, ""y0_a1"": {""n"": 0, ""accuracy"": NaN}, ""y1_a0"": {""n"": 81, ""accuracy"": 0.8024691358024691}, ""y1_a1"": {""n"": 0, ""accuracy"": NaN}}",0.4896205754411217
corr,debris,dinov2_b14_518,mte_balanced,0.5,456,test_corr,0.9069664902998237,0.9657534246575342,0.8449074074074074,137,81,75,0.8613138686131386,0.8579144620811288,0.8333333333333334,"{""y0_a0"": {""n"": 54, ""accuracy"": 0.8333333333333334}, ""y0_a1"": {""n"": 2, ""accuracy"": 1.0}, ""y1_a0"": {""n"": 8, ""accuracy"": 0.875}, ""y1_a1"": {""n"": 73, ""accuracy"": 0.8767123287671232}}",0.4896205754411217
corr,debris,dinov2_b14_518,mte_balanced,0.5,456,test_rev,0.8553791887125219,0.8510638297872339,0.8532763532763532,137,81,50,0.7883211678832117,0.785163139329806,0.6666666666666666,"{""y0_a0"": {""n"": 9, ""accuracy"": 0.7777777777777778}, ""y0_a1"": {""n"": 47, ""accuracy"": 0.7659574468085106}, ""y1_a0"": {""n"": 78, ""accuracy"": 0.8076923076923077}, ""y1_a1"": {""n"": 3, ""accuracy"": 0.6666666666666666}}",0.4896205754411217
corr,debris,dinov2_b14_518,ui2e,0.5,456,clean,0.8611111111111112,,0.8611111111111112,137,81,0,0.7883211678832117,0.7741402116402116,,"{""y0_a0"": {""n"": 56, ""accuracy"": 0.6964285714285714}, ""y0_a1"": {""n"": 0, ""accuracy"": NaN}, ""y1_a0"": {""n"": 81, ""accuracy"": 0.8518518518518519}, ""y1_a1"": {""n"": 0, ""accuracy"": NaN}}",0.42616949099643087
corr,debris,dinov2_b14_518,ui2e,0.5,456,test_corr,0.8877865961199294,0.9589041095890412,0.9189814814814815,137,81,75,0.8175182481751825,0.798831569664903,0.6851851851851852,"{""y0_a0"": {""n"": 54, ""accuracy"": 0.6851851851851852}, ""y0_a1"": {""n"": 2, ""accuracy"": 1.0}, ""y1_a0"": {""n"": 8, ""accuracy"": 1.0}, ""y1_a1"": {""n"": 73, ""accuracy"": 0.8904109589041096}}",0.42616949099643087
corr,debris,dinov2_b14_518,ui2e,0.5,456,test_rev,0.8253968253968255,0.9290780141843972,0.7578347578347578,137,81,50,0.7518248175182481,0.7294973544973544,0.5555555555555556,"{""y0_a0"": {""n"": 9, ""accuracy"": 0.5555555555555556}, ""y0_a1"": {""n"": 47, ""accuracy"": 0.6170212765957447}, ""y1_a0"": {""n"": 78, ""accuracy"": 0.8461538461538461}, ""y1_a1"": {""n"": 3, ""accuracy"": 1.0}}",0.42616949099643087
corr,debris,dinov2_b14_518,ui2e_balanced,0.5,456,clean,0.8247354497354497,,0.8247354497354497,137,81,0,0.7591240875912408,0.757716049382716,,"{""y0_a0"": {""n"": 56, ""accuracy"": 0.75}, ""y0_a1"": {""n"": 0, ""accuracy"": NaN}, ""y1_a0"": {""n"": 81, ""accuracy"": 0.7654320987654321}, ""y1_a1"": {""n"": 0, ""accuracy"": NaN}}",0.49978311688774407
corr,debris,dinov2_b14_518,ui2e_balanced,0.5,456,test_corr,0.8258377425044091,0.9452054794520548,0.8842592592592592,137,81,75,0.7737226277372263,0.7700617283950617,0.7407407407407407,"{""y0_a0"": {""n"": 54, ""accuracy"": 0.7407407407407407}, ""y0_a1"": {""n"": 2, ""accuracy"": 1.0}, ""y1_a0"": {""n"": 8, ""accuracy"": 1.0}, ""y1_a1"": {""n"": 73, ""accuracy"": 0.7671232876712328}}",0.49978311688774407
corr,debris,dinov2_b14_518,ui2e_balanced,0.5,456,test_rev,0.8205467372134038,0.8865248226950355,0.7435897435897436,137,81,50,0.7591240875912408,0.757716049382716,0.6666666666666666,"{""y0_a0"": {""n"": 9, ""accuracy"": 0.6666666666666666}, ""y0_a1"": {""n"": 47, ""accuracy"": 0.7659574468085106}, ""y1_a0"": {""n"": 78, ""accuracy"": 0.7692307692307693}, ""y1_a1"": {""n"": 3, ""accuracy"": 0.6666666666666666}}",0.49978311688774407
corr,debris,dinov2_b14_518,umte,0.5,456,clean,0.8564814814814814,,0.8564814814814814,137,81,0,0.7591240875912408,0.7522045855379189,,"{""y0_a0"": {""n"": 56, ""accuracy"": 0.7142857142857143}, ""y0_a1"": {""n"": 0, ""accuracy"": NaN}, ""y1_a0"": {""n"": 81, ""accuracy"": 0.7901234567901234}, ""y1_a1"": {""n"": 0, ""accuracy"": NaN}}",0.37999643129219396
corr,debris,dinov2_b14_518,umte,0.5,456,test_corr,0.9173280423280423,0.958904109589041,0.837962962962963,137,81,75,0.8248175182481752,0.8077601410934745,0.7037037037037037,"{""y0_a0"": {""n"": 54, ""accuracy"": 0.7037037037037037}, ""y0_a1"": {""n"": 2, ""accuracy"": 1.0}, ""y1_a0"": {""n"": 8, ""accuracy"": 0.75}, ""y1_a1"": {""n"": 73, ""accuracy"": 0.9178082191780822}}",0.37999643129219396
corr,debris,dinov2_b14_518,umte,0.5,456,test_rev,0.8183421516754851,0.8794326241134751,0.8304843304843305,137,81,50,0.7226277372262774,0.7048059964726632,0.5957446808510638,"{""y0_a0"": {""n"": 9, ""accuracy"": 0.6666666666666666}, ""y0_a1"": {""n"": 47, ""accuracy"": 0.5957446808510638}, ""y1_a0"": {""n"": 78, ""accuracy"": 0.7948717948717948}, ""y1_a1"": {""n"": 3, ""accuracy"": 1.0}}",0.37999643129219396
corr,debris,dinov2_b14_518,umte_balanced,0.5,456,clean,0.8542768959435627,,0.8542768959435627,137,81,0,0.7518248175182481,0.7432760141093474,,"{""y0_a0"": {""n"": 56, ""accuracy"": 0.6964285714285714}, ""y0_a1"": {""n"": 0, ""accuracy"": NaN}, ""y1_a0"": {""n"": 81, ""accuracy"": 0.7901234567901234}, ""y1_a1"": {""n"": 0, ""accuracy"": NaN}}",0.38542646472174585
corr,debris,dinov2_b14_518,umte_balanced,0.5,456,test_corr,0.8811728395061729,0.9657534246575342,0.8078703703703702,137,81,75,0.7883211678832117,0.7741402116402116,0.625,"{""y0_a0"": {""n"": 54, ""accuracy"": 0.6851851851851852}, ""y0_a1"": {""n"": 2, ""accuracy"": 1.0}, ""y1_a0"": {""n"": 8, ""accuracy"": 0.625}, ""y1_a1"": {""n"": 73, ""accuracy"": 0.8767123287671232}}",0.38542646472174585
corr,debris,dinov2_b14_518,umte_balanced,0.5,456,test_rev,0.8478835978835978,0.9361702127659575,0.8518518518518519,137,81,50,0.7372262773722628,0.722663139329806,0.6382978723404256,"{""y0_a0"": {""n"": 9, ""accuracy"": 0.6666666666666666}, ""y0_a1"": {""n"": 47, ""accuracy"": 0.6382978723404256}, ""y1_a0"": {""n"": 78, ""accuracy"": 0.7948717948717948}, ""y1_a1"": {""n"": 3, ""accuracy"": 1.0}}",0.38542646472174585
corr,debris,dinov2_b14_518,erm,0.75,42,clean,0.8064373897707231,,0.8064373897707231,137,81,0,0.7299270072992701,0.7192460317460317,,"{""y0_a0"": {""n"": 56, ""accuracy"": 0.6607142857142857}, ""y0_a1"": {""n"": 0, ""accuracy"": NaN}, ""y1_a0"": {""n"": 81, ""accuracy"": 0.7777777777777778}, ""y1_a1"": {""n"": 0, ""accuracy"": NaN}}",0.4713821580748509
corr,debris,dinov2_b14_518,erm,0.75,42,test_corr,0.8597883597883598,0.9135135135135135,0.8375350140056022,137,81,79,0.7883211678832117,0.7686287477954145,0.6470588235294118,"{""y0_a0"": {""n"": 51, ""accuracy"": 0.6470588235294118}, ""y0_a1"": {""n"": 5, ""accuracy"": 0.8}, ""y1_a0"": {""n"": 7, ""accuracy"": 0.7142857142857143}, ""y1_a1"": {""n"": 74, ""accuracy"": 0.8918918918918919}}",0.4713821580748509
corr,debris,dinov2_b14_518,erm,0.75,42,test_rev,0.7647707231040564,0.7789855072463768,0.7946666666666666,137,81,52,0.6934306569343066,0.671847442680776,0.5434782608695652,"{""y0_a0"": {""n"": 10, ""accuracy"": 0.6}, ""y0_a1"": {""n"": 46, ""accuracy"": 0.5434782608695652}, ""y1_a0"": {""n"": 75, ""accuracy"": 0.7866666666666666}, ""y1_a1"": {""n"": 6, ""accuracy"": 0.8333333333333334}}",0.4713821580748509
corr,debris,dinov2_b14_518,mask,0.75,42,clean,0.8675044091710759,,0.8675044091710759,137,81,0,0.8102189781021898,0.8174603174603174,,"{""y0_a0"": {""n"": 56, ""accuracy"": 0.8571428571428571}, ""y0_a1"": {""n"": 0, ""accuracy"": NaN}, ""y1_a0"": {""n"": 81, ""accuracy"": 0.7777777777777778}, ""y1_a1"": {""n"": 0, ""accuracy"": NaN}}",0.3302666518474674
corr,debris,dinov2_b14_518,mask,0.75,42,test_corr,0.9457671957671957,0.9054054054054055,0.9719887955182074,137,81,79,0.8832116788321168,0.8709215167548501,0.4,"{""y0_a0"": {""n"": 51, ""accuracy"": 0.8431372549019608}, ""y0_a1"": {""n"": 5, ""accuracy"": 0.4}, ""y1_a0"": {""n"": 7, ""accuracy"": 1.0}, ""y1_a1"": {""n"": 74, ""accuracy"": 0.9324324324324325}}",0.3302666518474674
corr,debris,dinov2_b14_518,mask,0.75,42,test_rev,0.732583774250441,0.894927536231884,0.7533333333333333,137,81,52,0.6861313868613139,0.6629188712522045,0.5217391304347826,"{""y0_a0"": {""n"": 10, ""accuracy"": 0.6}, ""y0_a1"": {""n"": 46, ""accuracy"": 0.5217391304347826}, ""y1_a0"": {""n"": 75, ""accuracy"": 0.7733333333333333}, ""y1_a1"": {""n"": 6, ""accuracy"": 1.0}}",0.3302666518474674
corr,debris,dinov2_b14_518,balanced,0.75,42,clean,0.8410493827160495,,0.8410493827160495,137,81,0,0.7591240875912408,0.7522045855379189,,"{""y0_a0"": {""n"": 56, ""accuracy"": 0.7142857142857143}, ""y0_a1"": {""n"": 0, ""accuracy"": NaN}, ""y1_a0"": {""n"": 81, ""accuracy"": 0.7901234567901234}, ""y1_a1"": {""n"": 0, ""accuracy"": NaN}}",0.4591095589343458
corr,debris,dinov2_b14_518,balanced,0.75,42,test_corr,0.8730158730158729,0.9135135135135135,0.8543417366946777,137,81,79,0.7956204379562044,0.783068783068783,0.7058823529411765,"{""y0_a0"": {""n"": 51, ""accuracy"": 0.7058823529411765}, ""y0_a1"": {""n"": 5, ""accuracy"": 0.8}, ""y1_a0"": {""n"": 7, ""accuracy"": 0.7142857142857143}, ""y1_a1"": {""n"": 74, ""accuracy"": 0.8648648648648649}}",0.4591095589343458
corr,debris,dinov2_b14_518,balanced,0.75,42,test_rev,0.8040123456790124,0.7608695652173914,0.8040000000000002,137,81,52,0.7445255474452555,0.7315917107583774,0.6,"{""y0_a0"": {""n"": 10, ""accuracy"": 0.6}, ""y0_a1"": {""n"": 46, ""accuracy"": 0.6739130434782609}, ""y1_a0"": {""n"": 75, ""accuracy"": 0.8133333333333334}, ""y1_a1"": {""n"": 6, ""accuracy"": 0.6666666666666666}}",0.4591095589343458
corr,debris,dinov2_b14_518,umte_protect,0.75,42,clean,0.8544973544973543,,0.8544973544973543,137,81,0,0.8029197080291971,0.8140432098765432,,"{""y0_a0"": {""n"": 56, ""accuracy"": 0.875}, ""y0_a1"": {""n"": 0, ""accuracy"": NaN}, ""y1_a0"": {""n"": 81, ""accuracy"": 0.7530864197530864}, ""y1_a1"": {""n"": 0, ""accuracy"": NaN}}",0.44060625613568066
corr,debris,dinov2_b14_518,umte_protect,0.75,42,test_corr,0.9007936507936508,0.8891891891891892,0.9775910364145658,137,81,79,0.8394160583941606,0.8421516754850088,0.8,"{""y0_a0"": {""n"": 51, ""accuracy"": 0.8627450980392157}, ""y0_a1"": {""n"": 5, ""accuracy"": 0.8}, ""y1_a0"": {""n"": 7, ""accuracy"": 1.0}, ""y1_a1"": {""n"": 74, ""accuracy"": 0.8108108108108109}}",0.44060625613568066
corr,debris,dinov2_b14_518,umte_protect,0.75,42,test_rev,0.7874779541446209,0.8985507246376812,0.7733333333333333,137,81,52,0.7591240875912408,0.757716049382716,0.7,"{""y0_a0"": {""n"": 10, ""accuracy"": 0.7}, ""y0_a1"": {""n"": 46, ""accuracy"": 0.7608695652173914}, ""y1_a0"": {""n"": 75, ""accuracy"": 0.7466666666666667}, ""y1_a1"": {""n"": 6, ""accuracy"": 1.0}}",0.44060625613568066
corr,debris,dinov2_b14_518,umte_protect_balanced,0.75,42,clean,0.8619929453262787,,0.8619929453262787,137,81,0,0.8175182481751825,0.8208774250440918,,"{""y0_a0"": {""n"": 56, ""accuracy"": 0.8392857142857143}, ""y0_a1"": {""n"": 0, ""accuracy"": NaN}, ""y1_a0"": {""n"": 81, ""accuracy"": 0.8024691358024691}, ""y1_a1"": {""n"": 0, ""accuracy"": NaN}}",0.46788617930488674
corr,debris,dinov2_b14_518,umte_protect_balanced,0.75,42,test_corr,0.8785273368606702,0.8810810810810811,0.9803921568627452,137,81,79,0.8102189781021898,0.8147045855379189,0.7702702702702703,"{""y0_a0"": {""n"": 51, ""accuracy"": 0.8431372549019608}, ""y0_a1"": {""n"": 5, ""accuracy"": 0.8}, ""y1_a0"": {""n"": 7, ""accuracy"": 1.0}, ""y1_a1"": {""n"": 74, ""accuracy"": 0.7702702702702703}}",0.46788617930488674
corr,debris,dinov2_b14_518,umte_protect_balanced,0.75,42,test_rev,0.8291446208112875,0.8840579710144928,0.7906666666666667,137,81,52,0.7737226277372263,0.7645502645502645,0.6,"{""y0_a0"": {""n"": 10, ""accuracy"": 0.6}, ""y0_a1"": {""n"": 46, ""accuracy"": 0.7391304347826086}, ""y1_a0"": {""n"": 75, ""accuracy"": 0.8}, ""y1_a1"": {""n"": 6, ""accuracy"": 1.0}}",0.46788617930488674
corr,debris,dinov2_b14_518,i2e,0.75,42,clean,0.8589065255731921,,0.8589065255731921,137,81,0,0.7591240875912408,0.7274029982363316,,"{""y0_a0"": {""n"": 56, ""accuracy"": 0.5535714285714286}, ""y0_a1"": {""n"": 0, ""accuracy"": NaN}, ""y1_a0"": {""n"": 81, ""accuracy"": 0.9012345679012346}, ""y1_a1"": {""n"": 0, ""accuracy"": NaN}}",0.37733294946423823
corr,debris,dinov2_b14_518,i2e,0.75,42,test_corr,0.8963844797178131,0.9351351351351351,0.854341736694678,137,81,79,0.7883211678832117,0.752094356261023,0.5490196078431373,"{""y0_a0"": {""n"": 51, ""accuracy"": 0.5490196078431373}, ""y0_a1"": {""n"": 5, ""accuracy"": 0.6}, ""y1_a0"": {""n"": 7, ""accuracy"": 0.8571428571428571}, ""y1_a1"": {""n"": 74, ""accuracy"": 0.9594594594594594}}",0.37733294946423823
corr,debris,dinov2_b14_518,i2e,0.75,42,test_rev,0.8201058201058201,0.7934782608695653,0.8613333333333333,137,81,52,0.7372262773722628,0.6978615520282186,0.4,"{""y0_a0"": {""n"": 10, ""accuracy"": 0.4}, ""y0_a1"": {""n"": 46, ""accuracy"": 0.5}, ""y1_a0"": {""n"": 75, ""accuracy"": 0.9066666666666666}, ""y1_a1"": {""n"": 6, ""accuracy"": 1.0}}",0.37733294946423823
corr,debris,dinov2_b14_518,i2e_balanced,0.75,42,clean,0.8611111111111112,,0.8611111111111112,137,81,0,0.7737226277372263,0.7507716049382716,,"{""y0_a0"": {""n"": 56, ""accuracy"": 0.625}, ""y0_a1"": {""n"": 0, ""accuracy"": NaN}, ""y1_a0"": {""n"": 81, ""accuracy"": 0.8765432098765432}, ""y1_a1"": {""n"": 0, ""accuracy"": NaN}}",0.40787889209914957
corr,debris,dinov2_b14_518,i2e_balanced,0.75,42,test_corr,0.876984126984127,0.9135135135135135,0.907563025210084,137,81,79,0.7883211678832117,0.7603615520282186,0.6,"{""y0_a0"": {""n"": 51, ""accuracy"": 0.6078431372549019}, ""y0_a1"": {""n"": 5, ""accuracy"": 0.6}, ""y1_a0"": {""n"": 7, ""accuracy"": 1.0}, ""y1_a1"": {""n"": 74, ""accuracy"": 0.9054054054054054}}",0.40787889209914957
corr,debris,dinov2_b14_518,i2e_balanced,0.75,42,test_rev,0.8392857142857143,0.8007246376811594,0.8266666666666668,137,81,52,0.7591240875912408,0.7301587301587301,0.5,"{""y0_a0"": {""n"": 10, ""accuracy"": 0.5}, ""y0_a1"": {""n"": 46, ""accuracy"": 0.5869565217391305}, ""y1_a0"": {""n"": 75, ""accuracy"": 0.88}, ""y1_a1"": {""n"": 6, ""accuracy"": 1.0}}",0.40787889209914957
corr,debris,dinov2_b14_518,i2e_rank1,0.75,42,clean,0.8231922398589064,,0.8231922398589064,137,81,0,0.7372262773722628,0.7171516754850088,,"{""y0_a0"": {""n"": 56, ""accuracy"": 0.6071428571428571}, ""y0_a1"": {""n"": 0, ""accuracy"": NaN}, ""y1_a0"": {""n"": 81, ""accuracy"": 0.8271604938271605}, ""y1_a1"": {""n"": 0, ""accuracy"": NaN}}",0.41114485469929407
corr,debris,dinov2_b14_518,i2e_rank1,0.75,42,test_corr,0.8809523809523809,0.9621621621621621,0.8039215686274509,137,81,79,0.7737226277372263,0.7397486772486772,0.4,"{""y0_a0"": {""n"": 51, ""accuracy"": 0.5686274509803921}, ""y0_a1"": {""n"": 5, ""accuracy"": 0.4}, ""y1_a0"": {""n"": 7, ""accuracy"": 0.7142857142857143}, ""y1_a1"": {""n"": 74, ""accuracy"": 0.9459459459459459}}",0.41114485469929407
corr,debris,dinov2_b14_518,i2e_rank1,0.75,42,test_rev,0.7649911816578483,0.7282608695652173,0.8,137,81,52,0.7226277372262774,0.6910273368606702,0.5,"{""y0_a0"": {""n"": 10, ""accuracy"": 0.6}, ""y0_a1"": {""n"": 46, ""accuracy"": 0.5}, ""y1_a0"": {""n"": 75, ""accuracy"": 0.8533333333333334}, ""y1_a1"": {""n"": 6, ""accuracy"": 1.0}}",0.41114485469929407
corr,debris,dinov2_b14_518,insert_aug,0.75,42,clean,0.8214285714285714,,0.8214285714285714,137,81,0,0.7372262773722628,0.7281746031746033,,"{""y0_a0"": {""n"": 56, ""accuracy"": 0.6785714285714286}, ""y0_a1"": {""n"": 0, ""accuracy"": NaN}, ""y1_a0"": {""n"": 81, ""accuracy"": 0.7777777777777778}, ""y1_a1"": {""n"": 0, ""accuracy"": NaN}}",0.4857387395538078
corr,debris,dinov2_b14_518,insert_aug,0.75,42,test_corr,0.8639770723104055,0.9108108108108108,0.8291316526610645,137,81,79,0.7664233576642335,0.750110229276896,0.6,"{""y0_a0"": {""n"": 51, ""accuracy"": 0.6666666666666666}, ""y0_a1"": {""n"": 5, ""accuracy"": 0.6}, ""y1_a0"": {""n"": 7, ""accuracy"": 0.7142857142857143}, ""y1_a1"": {""n"": 74, ""accuracy"": 0.8513513513513513}}",0.4857387395538078
corr,debris,dinov2_b14_518,insert_aug,0.75,42,test_rev,0.7854938271604939,0.7789855072463768,0.8373333333333334,137,81,52,0.7007299270072993,0.683531746031746,0.5652173913043478,"{""y0_a0"": {""n"": 10, ""accuracy"": 0.7}, ""y0_a1"": {""n"": 46, ""accuracy"": 0.5652173913043478}, ""y1_a0"": {""n"": 75, ""accuracy"": 0.7866666666666666}, ""y1_a1"": {""n"": 6, ""accuracy"": 0.6666666666666666}}",0.4857387395538078
corr,debris,dinov2_b14_518,mte,0.75,42,clean,0.8686067019400352,,0.8686067019400352,137,81,0,0.8175182481751825,0.8098544973544974,,"{""y0_a0"": {""n"": 56, ""accuracy"": 0.7678571428571429}, ""y0_a1"": {""n"": 0, ""accuracy"": NaN}, ""y1_a0"": {""n"": 81, ""accuracy"": 0.8518518518518519}, ""y1_a1"": {""n"": 0, ""accuracy"": NaN}}",0.32569513126149985
corr,debris,dinov2_b14_518,mte,0.75,42,test_corr,0.9243827160493827,0.8999999999999999,0.9551820728291316,137,81,79,0.8467153284671532,0.8290343915343915,0.4,"{""y0_a0"": {""n"": 51, ""accuracy"": 0.7647058823529411}, ""y0_a1"": {""n"": 5, ""accuracy"": 0.4}, ""y1_a0"": {""n"": 7, ""accuracy"": 1.0}, ""y1_a1"": {""n"": 74, ""accuracy"": 0.918918918918919}}",0.32569513126149985
corr,debris,dinov2_b14_518,mte,0.75,42,test_rev,0.751984126984127,0.8876811594202899,0.7506666666666667,137,81,52,0.6861313868613139,0.6491402116402116,0.43478260869565216,"{""y0_a0"": {""n"": 10, ""accuracy"": 0.5}, ""y0_a1"": {""n"": 46, ""accuracy"": 0.43478260869565216}, ""y1_a0"": {""n"": 75, ""accuracy"": 0.84}, ""y1_a1"": {""n"": 6, ""accuracy"": 1.0}}",0.32569513126149985
corr,debris,dinov2_b14_518,mte_balanced,0.75,42,clean,0.8758818342151675,,0.8758818342151675,137,81,0,0.8102189781021898,0.8064373897707231,,"{""y0_a0"": {""n"": 56, ""accuracy"": 0.7857142857142857}, ""y0_a1"": {""n"": 0, ""accuracy"": NaN}, ""y1_a0"": {""n"": 81, ""accuracy"": 0.8271604938271605}, ""y1_a1"": {""n"": 0, ""accuracy"": NaN}}",0.44836732400586327
corr,debris,dinov2_b14_518,mte_balanced,0.75,42,test_corr,0.8935185185185186,0.9027027027027027,0.9635854341736695,137,81,79,0.8248175182481752,0.8187830687830688,0.7843137254901961,"{""y0_a0"": {""n"": 51, ""accuracy"": 0.7843137254901961}, ""y0_a1"": {""n"": 5, ""accuracy"": 0.8}, ""y1_a0"": {""n"": 7, ""accuracy"": 1.0}, ""y1_a1"": {""n"": 74, ""accuracy"": 0.8378378378378378}}",0.44836732400586327
corr,debris,dinov2_b14_518,mte_balanced,0.75,42,test_rev,0.832010582010582,0.894927536231884,0.7893333333333333,137,81,52,0.7445255474452555,0.7233245149911816,0.4,"{""y0_a0"": {""n"": 10, ""accuracy"": 0.4}, ""y0_a1"": {""n"": 46, ""accuracy"": 0.6521739130434783}, ""y1_a0"": {""n"": 75, ""accuracy"": 0.8266666666666667}, ""y1_a1"": {""n"": 6, ""accuracy"": 1.0}}",0.44836732400586327
corr,debris,dinov2_b14_518,ui2e,0.75,42,clean,0.8586860670194003,,0.8586860670194003,137,81,0,0.7883211678832117,0.7741402116402116,,"{""y0_a0"": {""n"": 56, ""accuracy"": 0.6964285714285714}, ""y0_a1"": {""n"": 0, ""accuracy"": NaN}, ""y1_a0"": {""n"": 81, ""accuracy"": 0.8518518518518519}, ""y1_a1"": {""n"": 0, ""accuracy"": NaN}}",0.4437594134997847
corr,debris,dinov2_b14_518,ui2e,0.75,42,test_corr,0.8847001763668431,0.9540540540540541,0.8039215686274509,137,81,79,0.8102189781021898,0.7899029982363316,0.6666666666666666,"{""y0_a0"": {""n"": 51, ""accuracy"": 0.6666666666666666}, ""y0_a1"": {""n"": 5, ""accuracy"": 0.8}, ""y1_a0"": {""n"": 7, ""accuracy"": 0.7142857142857143}, ""y1_a1"": {""n"": 74, ""accuracy"": 0.918918918918919}}",0.4437594134997847
corr,debris,dinov2_b14_518,ui2e,0.75,42,test_rev,0.8315696649029982,0.7717391304347826,0.876,137,81,52,0.7591240875912408,0.7356701940035273,0.5869565217391305,"{""y0_a0"": {""n"": 10, ""accuracy"": 0.7}, ""y0_a1"": {""n"": 46, ""accuracy"": 0.5869565217391305}, ""y1_a0"": {""n"": 75, ""accuracy"": 0.8666666666666667}, ""y1_a1"": {""n"": 6, ""accuracy"": 0.8333333333333334}}",0.4437594134997847
corr,debris,dinov2_b14_518,ui2e_balanced,0.75,42,clean,0.8408289241622575,,0.8408289241622575,137,81,0,0.7883211678832117,0.7713844797178131,,"{""y0_a0"": {""n"": 56, ""accuracy"": 0.6785714285714286}, ""y0_a1"": {""n"": 0, ""accuracy"": NaN}, ""y1_a0"": {""n"": 81, ""accuracy"": 0.8641975308641975}, ""y1_a1"": {""n"": 0, ""accuracy"": NaN}}",0.45067214269611333
corr,debris,dinov2_b14_518,ui2e_balanced,0.75,42,test_corr,0.8489858906525574,0.9216216216216216,0.8599439775910365,137,81,79,0.7737226277372263,0.7562830687830688,0.6470588235294118,"{""y0_a0"": {""n"": 51, ""accuracy"": 0.6470588235294118}, ""y0_a1"": {""n"": 5, ""accuracy"": 0.8}, ""y1_a0"": {""n"": 7, ""accuracy"": 0.8571428571428571}, ""y1_a1"": {""n"": 74, ""accuracy"": 0.8513513513513513}}",0.45067214269611333
corr,debris,dinov2_b14_518,ui2e_balanced,0.75,42,test_rev,0.8271604938271606,0.7681159420289856,0.8026666666666666,137,81,52,0.7737226277372263,0.7535273368606702,0.6,"{""y0_a0"": {""n"": 10, ""accuracy"": 0.6}, ""y0_a1"": {""n"": 46, ""accuracy"": 0.6521739130434783}, ""y1_a0"": {""n"": 75, ""accuracy"": 0.88}, ""y1_a1"": {""n"": 6, ""accuracy"": 0.6666666666666666}}",0.45067214269611333
corr,debris,dinov2_b14_518,umte,0.75,42,clean,0.8578042328042327,,0.8578042328042327,137,81,0,0.7445255474452555,0.7178130511463845,,"{""y0_a0"": {""n"": 56, ""accuracy"": 0.5714285714285714}, ""y0_a1"": {""n"": 0, ""accuracy"": NaN}, ""y1_a0"": {""n"": 81, ""accuracy"": 0.8641975308641975}, ""y1_a1"": {""n"": 0, ""accuracy"": NaN}}",0.2939979395342846
corr,debris,dinov2_b14_518,umte,0.75,42,test_corr,0.9080687830687829,0.845945945945946,0.9831932773109244,137,81,79,0.7664233576642335,0.7335758377425043,0.4,"{""y0_a0"": {""n"": 51, ""accuracy"": 0.5686274509803921}, ""y0_a1"": {""n"": 5, ""accuracy"": 0.4}, ""y1_a0"": {""n"": 7, ""accuracy"": 1.0}, ""y1_a1"": {""n"": 74, ""accuracy"": 0.9054054054054054}}",0.2939979395342846
corr,debris,dinov2_b14_518,umte,0.75,42,test_rev,0.7649911816578482,0.8224637681159421,0.7640000000000001,137,81,52,0.7007299270072993,0.6614858906525574,0.3,"{""y0_a0"": {""n"": 10, ""accuracy"": 0.3}, ""y0_a1"": {""n"": 46, ""accuracy"": 0.4782608695652174}, ""y1_a0"": {""n"": 75, ""accuracy"": 0.8666666666666667}, ""y1_a1"": {""n"": 6, ""accuracy"": 1.0}}",0.2939979395342846
corr,debris,dinov2_b14_518,umte_balanced,0.75,42,clean,0.8701499118165784,,0.8701499118165784,137,81,0,0.7737226277372263,0.7700617283950617,,"{""y0_a0"": {""n"": 56, ""accuracy"": 0.75}, ""y0_a1"": {""n"": 0, ""accuracy"": NaN}, ""y1_a0"": {""n"": 81, ""accuracy"": 0.7901234567901234}, ""y1_a1"": {""n"": 0, ""accuracy"": NaN}}",0.44331966344467627
corr,debris,dinov2_b14_518,umte_balanced,0.75,42,test_corr,0.8816137566137565,0.8162162162162162,0.9915966386554622,137,81,79,0.8102189781021898,0.7981701940035273,0.6,"{""y0_a0"": {""n"": 51, ""accuracy"": 0.7450980392156863}, ""y0_a1"": {""n"": 5, ""accuracy"": 0.6}, ""y1_a0"": {""n"": 7, ""accuracy"": 1.0}, ""y1_a1"": {""n"": 74, ""accuracy"": 0.8513513513513513}}",0.44331966344467627
corr,debris,dinov2_b14_518,umte_balanced,0.75,42,test_rev,0.8214285714285714,0.7681159420289855,0.8053333333333332,137,81,52,0.708029197080292,0.6869488536155203,0.3,"{""y0_a0"": {""n"": 10, ""accuracy"": 0.3}, ""y0_a1"": {""n"": 46, ""accuracy"": 0.6304347826086957}, ""y1_a0"": {""n"": 75, ""accuracy"": 0.8133333333333334}, ""y1_a1"": {""n"": 6, ""accuracy"": 0.6666666666666666}}",0.44331966344467627
corr,debris,dinov2_b14_518,erm,0.75,123,clean,0.8035714285714286,,0.8035714285714286,137,81,0,0.7299270072992701,0.7192460317460317,,"{""y0_a0"": {""n"": 56, ""accuracy"": 0.6607142857142857}, ""y0_a1"": {""n"": 0, ""accuracy"": NaN}, ""y1_a0"": {""n"": 81, ""accuracy"": 0.7777777777777778}, ""y1_a1"": {""n"": 0, ""accuracy"": NaN}}",0.46947350473176264
corr,debris,dinov2_b14_518,erm,0.75,123,test_corr,0.8485449735449735,0.7935064935064935,0.7663043478260869,137,81,87,0.7883211678832117,0.7658730158730158,0.4,"{""y0_a0"": {""n"": 46, ""accuracy"": 0.6956521739130435}, ""y0_a1"": {""n"": 10, ""accuracy"": 0.4}, ""y1_a0"": {""n"": 4, ""accuracy"": 0.75}, ""y1_a1"": {""n"": 77, ""accuracy"": 0.8961038961038961}}",0.46947350473176264
corr,debris,dinov2_b14_518,erm,0.75,123,test_rev,0.7533068783068783,0.8711484593837535,0.8351351351351352,137,81,58,0.6861313868613139,0.6629188712522045,0.5098039215686274,"{""y0_a0"": {""n"": 5, ""accuracy"": 0.8}, ""y0_a1"": {""n"": 51, ""accuracy"": 0.5098039215686274}, ""y1_a0"": {""n"": 74, ""accuracy"": 0.7702702702702703}, ""y1_a1"": {""n"": 7, ""accuracy"": 1.0}}",0.46947350473176264
corr,debris,dinov2_b14_518,mask,0.75,123,clean,0.8600088183421517,,0.8600088183421517,137,81,0,0.8029197080291971,0.8030202821869489,,"{""y0_a0"": {""n"": 56, ""accuracy"": 0.8035714285714286}, ""y0_a1"": {""n"": 0, ""accuracy"": NaN}, ""y1_a0"": {""n"": 81, ""accuracy"": 0.8024691358024691}, ""y1_a1"": {""n"": 0, ""accuracy"": NaN}}",0.27808009091934927
corr,debris,dinov2_b14_518,mask,0.75,123,test_corr,0.9309964726631393,0.890909090909091,0.641304347826087,137,81,87,0.8394160583941606,0.8201058201058201,0.2,"{""y0_a0"": {""n"": 46, ""accuracy"": 0.8260869565217391}, ""y0_a1"": {""n"": 10, ""accuracy"": 0.2}, ""y1_a0"": {""n"": 4, ""accuracy"": 0.5}, ""y1_a1"": {""n"": 77, ""accuracy"": 0.948051948051948}}",0.27808009091934927
corr,debris,dinov2_b14_518,mask,0.75,123,test_rev,0.6946649029982364,0.7983193277310925,0.8297297297297297,137,81,58,0.6423357664233577,0.6038359788359788,0.39215686274509803,"{""y0_a0"": {""n"": 5, ""accuracy"": 0.4}, ""y0_a1"": {""n"": 51, ""accuracy"": 0.39215686274509803}, ""y1_a0"": {""n"": 74, ""accuracy"": 0.8108108108108109}, ""y1_a1"": {""n"": 7, ""accuracy"": 0.8571428571428571}}",0.27808009091934927
corr,debris,dinov2_b14_518,balanced,0.75,123,clean,0.8004850088183421,,0.8004850088183421,137,81,0,0.708029197080292,0.695216049382716,,"{""y0_a0"": {""n"": 56, ""accuracy"": 0.625}, ""y0_a1"": {""n"": 0, ""accuracy"": NaN}, ""y1_a0"": {""n"": 81, ""accuracy"": 0.7654320987654321}, ""y1_a1"": {""n"": 0, ""accuracy"": NaN}}",0.5294368493913888
corr,debris,dinov2_b14_518,balanced,0.75,123,test_corr,0.8229717813051146,0.7454545454545454,0.8532608695652173,137,81,87,0.7372262773722628,0.7171516754850088,0.4,"{""y0_a0"": {""n"": 46, ""accuracy"": 0.6521739130434783}, ""y0_a1"": {""n"": 10, ""accuracy"": 0.4}, ""y1_a0"": {""n"": 4, ""accuracy"": 0.75}, ""y1_a1"": {""n"": 77, ""accuracy"": 0.8311688311688312}}",0.5294368493913888
corr,debris,dinov2_b14_518,balanced,0.75,123,test_rev,0.7854938271604939,0.8375350140056023,0.7972972972972973,137,81,58,0.6715328467153284,0.6505731922398589,0.5294117647058824,"{""y0_a0"": {""n"": 5, ""accuracy"": 0.6}, ""y0_a1"": {""n"": 51, ""accuracy"": 0.5294117647058824}, ""y1_a0"": {""n"": 74, ""accuracy"": 0.7567567567567568}, ""y1_a1"": {""n"": 7, ""accuracy"": 0.8571428571428571}}",0.5294368493913888
corr,debris,dinov2_b14_518,umte_protect,0.75,123,clean,0.8624338624338624,,0.8624338624338624,137,81,0,0.7737226277372263,0.7783289241622575,,"{""y0_a0"": {""n"": 56, ""accuracy"": 0.8035714285714286}, ""y0_a1"": {""n"": 0, ""accuracy"": NaN}, ""y1_a0"": {""n"": 81, ""accuracy"": 0.7530864197530864}, ""y1_a1"": {""n"": 0, ""accuracy"": NaN}}",0.421023351072017
corr,debris,dinov2_b14_518,umte_protect,0.75,123,test_corr,0.8899911816578484,0.8363636363636364,0.6576086956521738,137,81,87,0.8029197080291971,0.8030202821869489,0.5,"{""y0_a0"": {""n"": 46, ""accuracy"": 0.8260869565217391}, ""y0_a1"": {""n"": 10, ""accuracy"": 0.7}, ""y1_a0"": {""n"": 4, ""accuracy"": 0.5}, ""y1_a1"": {""n"": 77, ""accuracy"": 0.8181818181818182}}",0.421023351072017
corr,debris,dinov2_b14_518,umte_protect,0.75,123,test_rev,0.7962962962962963,0.7619047619047619,0.7972972972972973,137,81,58,0.7153284671532847,0.7069003527336861,0.5714285714285714,"{""y0_a0"": {""n"": 5, ""accuracy"": 0.6}, ""y0_a1"": {""n"": 51, ""accuracy"": 0.6666666666666666}, ""y1_a0"": {""n"": 74, ""accuracy"": 0.7702702702702703}, ""y1_a1"": {""n"": 7, ""accuracy"": 0.5714285714285714}}",0.421023351072017
corr,debris,dinov2_b14_518,umte_protect_balanced,0.75,123,clean,0.8606701940035273,,0.8606701940035273,137,81,0,0.7737226277372263,0.7865961199294532,,"{""y0_a0"": {""n"": 56, ""accuracy"": 0.8571428571428571}, ""y0_a1"": {""n"": 0, ""accuracy"": NaN}, ""y1_a0"": {""n"": 81, ""accuracy"": 0.7160493827160493}, ""y1_a1"": {""n"": 0, ""accuracy"": NaN}}",0.6469786166776604
corr,debris,dinov2_b14_518,umte_protect_balanced,0.75,123,test_corr,0.8613315696649031,0.8506493506493507,0.6684782608695652,137,81,87,0.7737226277372263,0.7865961199294532,0.5,"{""y0_a0"": {""n"": 46, ""accuracy"": 0.8695652173913043}, ""y0_a1"": {""n"": 10, ""accuracy"": 0.8}, ""y1_a0"": {""n"": 4, ""accuracy"": 0.5}, ""y1_a1"": {""n"": 77, ""accuracy"": 0.7272727272727273}}",0.6469786166776604
corr,debris,dinov2_b14_518,umte_protect_balanced,0.75,123,test_rev,0.8320105820105819,0.7366946778711484,0.8054054054054054,137,81,58,0.7518248175182481,0.7598104056437389,0.42857142857142855,"{""y0_a0"": {""n"": 5, ""accuracy"": 0.6}, ""y0_a1"": {""n"": 51, ""accuracy"": 0.8235294117647058}, ""y1_a0"": {""n"": 74, ""accuracy"": 0.7432432432432432}, ""y1_a1"": {""n"": 7, ""accuracy"": 0.42857142857142855}}",0.6469786166776604
corr,debris,dinov2_b14_518,i2e,0.75,123,clean,0.8578042328042328,,0.8578042328042328,137,81,0,0.7664233576642335,0.7335758377425043,,"{""y0_a0"": {""n"": 56, ""accuracy"": 0.5535714285714286}, ""y0_a1"": {""n"": 0, ""accuracy"": NaN}, ""y1_a0"": {""n"": 81, ""accuracy"": 0.9135802469135802}, ""y1_a1"": {""n"": 0, ""accuracy"": NaN}}",0.3765267714808791
corr,debris,dinov2_b14_518,i2e,0.75,123,test_corr,0.8919753086419754,0.8064935064935065,0.9402173913043479,137,81,87,0.7883211678832117,0.7493386243386243,0.3,"{""y0_a0"": {""n"": 46, ""accuracy"": 0.5869565217391305}, ""y0_a1"": {""n"": 10, ""accuracy"": 0.3}, ""y1_a0"": {""n"": 4, ""accuracy"": 1.0}, ""y1_a1"": {""n"": 77, ""accuracy"": 0.961038961038961}}",0.3765267714808791
corr,debris,dinov2_b14_518,i2e,0.75,123,test_rev,0.8082010582010581,0.9215686274509804,0.8243243243243243,137,81,58,0.7226277372262774,0.6800044091710759,0.4,"{""y0_a0"": {""n"": 5, ""accuracy"": 0.4}, ""y0_a1"": {""n"": 51, ""accuracy"": 0.45098039215686275}, ""y1_a0"": {""n"": 74, ""accuracy"": 0.9054054054054054}, ""y1_a1"": {""n"": 7, ""accuracy"": 1.0}}",0.3765267714808791
corr,debris,dinov2_b14_518,i2e_balanced,0.75,123,clean,0.8584656084656085,,0.8584656084656085,137,81,0,0.7518248175182481,0.7157186948853616,,"{""y0_a0"": {""n"": 56, ""accuracy"": 0.5178571428571429}, ""y0_a1"": {""n"": 0, ""accuracy"": NaN}, ""y1_a0"": {""n"": 81, ""accuracy"": 0.9135802469135802}, ""y1_a1"": {""n"": 0, ""accuracy"": NaN}}",0.493049748205041
corr,debris,dinov2_b14_518,i2e_balanced,0.75,123,test_corr,0.8686067019400352,0.8051948051948052,0.9782608695652174,137,81,87,0.7518248175182481,0.7157186948853616,0.5,"{""y0_a0"": {""n"": 46, ""accuracy"": 0.5217391304347826}, ""y0_a1"": {""n"": 10, ""accuracy"": 0.5}, ""y1_a0"": {""n"": 4, ""accuracy"": 1.0}, ""y1_a1"": {""n"": 77, ""accuracy"": 0.9090909090909091}}",0.493049748205041
corr,debris,dinov2_b14_518,i2e_balanced,0.75,123,test_rev,0.83994708994709,0.9019607843137254,0.8621621621621622,137,81,58,0.7591240875912408,0.724647266313933,0.5294117647058824,"{""y0_a0"": {""n"": 5, ""accuracy"": 0.6}, ""y0_a1"": {""n"": 51, ""accuracy"": 0.5294117647058824}, ""y1_a0"": {""n"": 74, ""accuracy"": 0.9054054054054054}, ""y1_a1"": {""n"": 7, ""accuracy"": 1.0}}",0.493049748205041
corr,debris,dinov2_b14_518,i2e_rank1,0.75,123,clean,0.8068783068783069,,0.8068783068783069,137,81,0,0.7664233576642335,0.736331569664903,,"{""y0_a0"": {""n"": 56, ""accuracy"": 0.5714285714285714}, ""y0_a1"": {""n"": 0, ""accuracy"": NaN}, ""y1_a0"": {""n"": 81, ""accuracy"": 0.9012345679012346}, ""y1_a1"": {""n"": 0, ""accuracy"": NaN}}",0.41620232687255904
corr,debris,dinov2_b14_518,i2e_rank1,0.75,123,test_corr,0.8388447971781305,0.8064935064935065,0.8043478260869565,137,81,87,0.7664233576642335,0.7335758377425043,0.3,"{""y0_a0"": {""n"": 46, ""accuracy"": 0.6086956521739131}, ""y0_a1"": {""n"": 10, ""accuracy"": 0.3}, ""y1_a0"": {""n"": 4, ""accuracy"": 1.0}, ""y1_a1"": {""n"": 77, ""accuracy"": 0.9090909090909091}}",0.41620232687255904
corr,debris,dinov2_b14_518,i2e_rank1,0.75,123,test_rev,0.7760141093474426,0.8711484593837535,0.8162162162162162,137,81,58,0.708029197080292,0.6649029982363316,0.4117647058823529,"{""y0_a0"": {""n"": 5, ""accuracy"": 0.6}, ""y0_a1"": {""n"": 51, ""accuracy"": 0.4117647058823529}, ""y1_a0"": {""n"": 74, ""accuracy"": 0.8918918918918919}, ""y1_a1"": {""n"": 7, ""accuracy"": 1.0}}",0.41620232687255904
corr,debris,dinov2_b14_518,insert_aug,0.75,123,clean,0.8068783068783069,,0.8068783068783069,137,81,0,0.7153284671532847,0.673831569664903,,"{""y0_a0"": {""n"": 56, ""accuracy"": 0.44642857142857145}, ""y0_a1"": {""n"": 0, ""accuracy"": NaN}, ""y1_a0"": {""n"": 81, ""accuracy"": 0.9012345679012346}, ""y1_a1"": {""n"": 0, ""accuracy"": NaN}}",0.3975499619710388
corr,debris,dinov2_b14_518,insert_aug,0.75,123,test_corr,0.8461199294532628,0.7961038961038961,0.7717391304347826,137,81,87,0.7153284671532847,0.6710758377425043,0.2,"{""y0_a0"": {""n"": 46, ""accuracy"": 0.4782608695652174}, ""y0_a1"": {""n"": 10, ""accuracy"": 0.2}, ""y1_a0"": {""n"": 4, ""accuracy"": 1.0}, ""y1_a1"": {""n"": 77, ""accuracy"": 0.9090909090909091}}",0.3975499619710388
corr,debris,dinov2_b14_518,insert_aug,0.75,123,test_rev,0.7623456790123456,0.8963585434173669,0.8216216216216217,137,81,58,0.6861313868613139,0.6381172839506173,0.2,"{""y0_a0"": {""n"": 5, ""accuracy"": 0.2}, ""y0_a1"": {""n"": 51, ""accuracy"": 0.39215686274509803}, ""y1_a0"": {""n"": 74, ""accuracy"": 0.8918918918918919}, ""y1_a1"": {""n"": 7, ""accuracy"": 1.0}}",0.3975499619710388
corr,debris,dinov2_b14_518,mte,0.75,123,clean,0.8664021164021164,,0.8664021164021164,137,81,0,0.7883211678832117,0.7961860670194003,,"{""y0_a0"": {""n"": 56, ""accuracy"": 0.8392857142857143}, ""y0_a1"": {""n"": 0, ""accuracy"": NaN}, ""y1_a0"": {""n"": 81, ""accuracy"": 0.7530864197530864}, ""y1_a1"": {""n"": 0, ""accuracy"": NaN}}",0.4015352406441182
corr,debris,dinov2_b14_518,mte,0.75,123,test_corr,0.9164462081128748,0.8571428571428571,0.717391304347826,137,81,87,0.8467153284671532,0.8373015873015872,0.5,"{""y0_a0"": {""n"": 46, ""accuracy"": 0.8478260869565217}, ""y0_a1"": {""n"": 10, ""accuracy"": 0.5}, ""y1_a0"": {""n"": 4, ""accuracy"": 0.5}, ""y1_a1"": {""n"": 77, ""accuracy"": 0.9090909090909091}}",0.4015352406441182
corr,debris,dinov2_b14_518,mte,0.75,123,test_rev,0.7211199294532629,0.7927170868347339,0.7675675675675676,137,81,58,0.7007299270072993,0.6862874779541446,0.4,"{""y0_a0"": {""n"": 5, ""accuracy"": 0.4}, ""y0_a1"": {""n"": 51, ""accuracy"": 0.6274509803921569}, ""y1_a0"": {""n"": 74, ""accuracy"": 0.7567567567567568}, ""y1_a1"": {""n"": 7, ""accuracy"": 0.8571428571428571}}",0.4015352406441182
corr,debris,dinov2_b14_518,mte_balanced,0.75,123,clean,0.8818342151675485,,0.8818342151675485,137,81,0,0.7883211678832117,0.7906746031746033,,"{""y0_a0"": {""n"": 56, ""accuracy"": 0.8035714285714286}, ""y0_a1"": {""n"": 0, ""accuracy"": NaN}, ""y1_a0"": {""n"": 81, ""accuracy"": 0.7777777777777778}, ""y1_a1"": {""n"": 0, ""accuracy"": NaN}}",0.5257194091720694
corr,debris,dinov2_b14_518,mte_balanced,0.75,123,test_corr,0.894620811287478,0.8584415584415584,0.733695652173913,137,81,87,0.7956204379562044,0.7913359788359788,0.5,"{""y0_a0"": {""n"": 46, ""accuracy"": 0.8043478260869565}, ""y0_a1"": {""n"": 10, ""accuracy"": 0.6}, ""y1_a0"": {""n"": 4, ""accuracy"": 0.5}, ""y1_a1"": {""n"": 77, ""accuracy"": 0.8311688311688312}}",0.5257194091720694
corr,debris,dinov2_b14_518,mte_balanced,0.75,123,test_rev,0.8172398589065256,0.8207282913165266,0.7648648648648648,137,81,58,0.7445255474452555,0.734347442680776,0.4,"{""y0_a0"": {""n"": 5, ""accuracy"": 0.4}, ""y0_a1"": {""n"": 51, ""accuracy"": 0.7058823529411765}, ""y1_a0"": {""n"": 74, ""accuracy"": 0.7837837837837838}, ""y1_a1"": {""n"": 7, ""accuracy"": 0.8571428571428571}}",0.5257194091720694
corr,debris,dinov2_b14_518,ui2e,0.75,123,clean,0.8558201058201058,,0.8558201058201058,137,81,0,0.7956204379562044,0.7858245149911816,,"{""y0_a0"": {""n"": 56, ""accuracy"": 0.7321428571428571}, ""y0_a1"": {""n"": 0, ""accuracy"": NaN}, ""y1_a0"": {""n"": 81, ""accuracy"": 0.8395061728395061}, ""y1_a1"": {""n"": 0, ""accuracy"": NaN}}",0.46979316811061295
corr,debris,dinov2_b14_518,ui2e,0.75,123,test_corr,0.876984126984127,0.7376623376623377,0.9293478260869565,137,81,87,0.8102189781021898,0.7954144620811288,0.4,"{""y0_a0"": {""n"": 46, ""accuracy"": 0.782608695652174}, ""y0_a1"": {""n"": 10, ""accuracy"": 0.4}, ""y1_a0"": {""n"": 4, ""accuracy"": 1.0}, ""y1_a1"": {""n"": 77, ""accuracy"": 0.8701298701298701}}",0.46979316811061295
corr,debris,dinov2_b14_518,ui2e,0.75,123,test_rev,0.8190035273368605,0.938375350140056,0.8432432432432433,137,81,58,0.7664233576642335,0.750110229276896,0.6,"{""y0_a0"": {""n"": 5, ""accuracy"": 0.6}, ""y0_a1"": {""n"": 51, ""accuracy"": 0.6666666666666666}, ""y1_a0"": {""n"": 74, ""accuracy"": 0.8243243243243243}, ""y1_a1"": {""n"": 7, ""accuracy"": 1.0}}",0.46979316811061295
corr,debris,dinov2_b14_518,ui2e_balanced,0.75,123,clean,0.8262786596119929,,0.8262786596119929,137,81,0,0.7518248175182481,0.7377645502645502,,"{""y0_a0"": {""n"": 56, ""accuracy"": 0.6607142857142857}, ""y0_a1"": {""n"": 0, ""accuracy"": NaN}, ""y1_a0"": {""n"": 81, ""accuracy"": 0.8148148148148148}, ""y1_a1"": {""n"": 0, ""accuracy"": NaN}}",0.5313669792887645
corr,debris,dinov2_b14_518,ui2e_balanced,0.75,123,test_corr,0.8302469135802468,0.7194805194805195,0.9130434782608696,137,81,87,0.7591240875912408,0.7439373897707231,0.4,"{""y0_a0"": {""n"": 46, ""accuracy"": 0.717391304347826}, ""y0_a1"": {""n"": 10, ""accuracy"": 0.4}, ""y1_a0"": {""n"": 4, ""accuracy"": 1.0}, ""y1_a1"": {""n"": 77, ""accuracy"": 0.8181818181818182}}",0.5313669792887645
corr,debris,dinov2_b14_518,ui2e_balanced,0.75,123,test_rev,0.8165784832451499,0.8795518207282913,0.8108108108108109,137,81,58,0.7518248175182481,0.7377645502645502,0.4,"{""y0_a0"": {""n"": 5, ""accuracy"": 0.4}, ""y0_a1"": {""n"": 51, ""accuracy"": 0.6862745098039216}, ""y1_a0"": {""n"": 74, ""accuracy"": 0.7972972972972973}, ""y1_a1"": {""n"": 7, ""accuracy"": 1.0}}",0.5313669792887645
corr,debris,dinov2_b14_518,umte,0.75,123,clean,0.8494268077601411,,0.8494268077601411,137,81,0,0.7737226277372263,0.7700617283950617,,"{""y0_a0"": {""n"": 56, ""accuracy"": 0.75}, ""y0_a1"": {""n"": 0, ""accuracy"": NaN}, ""y1_a0"": {""n"": 81, ""accuracy"": 0.7901234567901234}, ""y1_a1"": {""n"": 0, ""accuracy"": NaN}}",0.371637701003047
corr,debris,dinov2_b14_518,umte,0.75,123,test_corr,0.8873456790123456,0.7766233766233767,0.6467391304347827,137,81,87,0.8248175182481752,0.8077601410934745,0.3,"{""y0_a0"": {""n"": 46, ""accuracy"": 0.8043478260869565}, ""y0_a1"": {""n"": 10, ""accuracy"": 0.3}, ""y1_a0"": {""n"": 4, ""accuracy"": 0.5}, ""y1_a1"": {""n"": 77, ""accuracy"": 0.922077922077922}}",0.371637701003047
corr,debris,dinov2_b14_518,umte,0.75,123,test_rev,0.7380952380952381,0.8319327731092436,0.7702702702702703,137,81,58,0.6715328467153284,0.6423059964726632,0.4,"{""y0_a0"": {""n"": 5, ""accuracy"": 0.4}, ""y0_a1"": {""n"": 51, ""accuracy"": 0.49019607843137253}, ""y1_a0"": {""n"": 74, ""accuracy"": 0.7837837837837838}, ""y1_a1"": {""n"": 7, ""accuracy"": 1.0}}",0.371637701003047
corr,debris,dinov2_b14_518,umte_balanced,0.75,123,clean,0.8533950617283951,,0.8533950617283951,137,81,0,0.7591240875912408,0.7632275132275133,,"{""y0_a0"": {""n"": 56, ""accuracy"": 0.7857142857142857}, ""y0_a1"": {""n"": 0, ""accuracy"": NaN}, ""y1_a0"": {""n"": 81, ""accuracy"": 0.7407407407407407}, ""y1_a1"": {""n"": 0, ""accuracy"": NaN}}",0.5275197613302152
corr,debris,dinov2_b14_518,umte_balanced,0.75,123,test_corr,0.8558201058201058,0.7662337662337663,0.6521739130434783,137,81,87,0.7664233576642335,0.7694003527336861,0.5,"{""y0_a0"": {""n"": 46, ""accuracy"": 0.8260869565217391}, ""y0_a1"": {""n"": 10, ""accuracy"": 0.6}, ""y1_a0"": {""n"": 4, ""accuracy"": 0.5}, ""y1_a1"": {""n"": 77, ""accuracy"": 0.7662337662337663}}",0.5275197613302152
corr,debris,dinov2_b14_518,umte_balanced,0.75,123,test_rev,0.8022486772486771,0.8207282913165266,0.7648648648648648,137,81,58,0.7153284671532847,0.7124118165784832,0.4,"{""y0_a0"": {""n"": 5, ""accuracy"": 0.4}, ""y0_a1"": {""n"": 51, ""accuracy"": 0.7254901960784313}, ""y1_a0"": {""n"": 74, ""accuracy"": 0.7297297297297297}, ""y1_a1"": {""n"": 7, ""accuracy"": 0.7142857142857143}}",0.5275197613302152
corr,debris,dinov2_b14_518,erm,0.75,456,clean,0.8044532627865961,,0.8044532627865961,137,81,0,0.7372262773722628,0.7281746031746033,,"{""y0_a0"": {""n"": 56, ""accuracy"": 0.6785714285714286}, ""y0_a1"": {""n"": 0, ""accuracy"": NaN}, ""y1_a0"": {""n"": 81, ""accuracy"": 0.7777777777777778}, ""y1_a1"": {""n"": 0, ""accuracy"": NaN}}",0.46580834966488077
corr,debris,dinov2_b14_518,erm,0.75,456,test_corr,0.8608906525573191,0.9726027397260274,0.8796296296296297,137,81,75,0.8029197080291971,0.7837301587301587,0.6666666666666666,"{""y0_a0"": {""n"": 54, ""accuracy"": 0.6666666666666666}, ""y0_a1"": {""n"": 2, ""accuracy"": 1.0}, ""y1_a0"": {""n"": 8, ""accuracy"": 1.0}, ""y1_a1"": {""n"": 73, ""accuracy"": 0.8767123287671232}}",0.46580834966488077
corr,debris,dinov2_b14_518,erm,0.75,456,test_rev,0.7522045855379188,0.9219858156028369,0.7621082621082621,137,81,50,0.6788321167883211,0.6567460317460317,0.5106382978723404,"{""y0_a0"": {""n"": 9, ""accuracy"": 0.6666666666666666}, ""y0_a1"": {""n"": 47, ""accuracy"": 0.5106382978723404}, ""y1_a0"": {""n"": 78, ""accuracy"": 0.7692307692307693}, ""y1_a1"": {""n"": 3, ""accuracy"": 1.0}}",0.46580834966488077
corr,debris,dinov2_b14_518,mask,0.75,456,clean,0.861331569664903,,0.861331569664903,137,81,0,0.8029197080291971,0.808531746031746,,"{""y0_a0"": {""n"": 56, ""accuracy"": 0.8392857142857143}, ""y0_a1"": {""n"": 0, ""accuracy"": NaN}, ""y1_a0"": {""n"": 81, ""accuracy"": 0.7777777777777778}, ""y1_a1"": {""n"": 0, ""accuracy"": NaN}}",0.30669382505934734
corr,debris,dinov2_b14_518,mask,0.75,456,test_corr,0.9406966490299824,0.958904109589041,0.8217592592592592,137,81,75,0.8832116788321168,0.8736772486772486,0.5,"{""y0_a0"": {""n"": 54, ""accuracy"": 0.8333333333333334}, ""y0_a1"": {""n"": 2, ""accuracy"": 0.5}, ""y1_a0"": {""n"": 8, ""accuracy"": 0.75}, ""y1_a1"": {""n"": 73, ""accuracy"": 0.9452054794520548}}",0.30669382505934734
corr,debris,dinov2_b14_518,mask,0.75,456,test_rev,0.7153880070546738,0.7943262411347518,0.839031339031339,137,81,50,0.6642335766423357,0.6361331569664903,0.425531914893617,"{""y0_a0"": {""n"": 9, ""accuracy"": 0.7777777777777778}, ""y0_a1"": {""n"": 47, ""accuracy"": 0.425531914893617}, ""y1_a0"": {""n"": 78, ""accuracy"": 0.782051282051282}, ""y1_a1"": {""n"": 3, ""accuracy"": 1.0}}",0.30669382505934734
corr,debris,dinov2_b14_518,balanced,0.75,456,clean,0.8033509700176367,,0.8033509700176367,137,81,0,0.7591240875912408,0.7356701940035273,,"{""y0_a0"": {""n"": 56, ""accuracy"": 0.6071428571428571}, ""y0_a1"": {""n"": 0, ""accuracy"": NaN}, ""y1_a0"": {""n"": 81, ""accuracy"": 0.8641975308641975}, ""y1_a1"": {""n"": 0, ""accuracy"": NaN}}",0.4178736707419798
corr,debris,dinov2_b14_518,balanced,0.75,456,test_corr,0.824294532627866,0.9657534246575342,0.8657407407407407,137,81,75,0.781021897810219,0.7541887125220459,0.5925925925925926,"{""y0_a0"": {""n"": 54, ""accuracy"": 0.5925925925925926}, ""y0_a1"": {""n"": 2, ""accuracy"": 1.0}, ""y1_a0"": {""n"": 8, ""accuracy"": 1.0}, ""y1_a1"": {""n"": 73, ""accuracy"": 0.8904109589041096}}",0.4178736707419798
corr,debris,dinov2_b14_518,balanced,0.75,456,test_rev,0.7846119929453262,0.8581560283687943,0.7507122507122508,137,81,50,0.7153284671532847,0.6820987654320987,0.48936170212765956,"{""y0_a0"": {""n"": 9, ""accuracy"": 0.5555555555555556}, ""y0_a1"": {""n"": 47, ""accuracy"": 0.48936170212765956}, ""y1_a0"": {""n"": 78, ""accuracy"": 0.8589743589743589}, ""y1_a1"": {""n"": 3, ""accuracy"": 1.0}}",0.4178736707419798
corr,debris,dinov2_b14_518,umte_protect,0.75,456,clean,0.8434744268077602,,0.8434744268077602,137,81,0,0.7591240875912408,0.7466931216931216,,"{""y0_a0"": {""n"": 56, ""accuracy"": 0.6785714285714286}, ""y0_a1"": {""n"": 0, ""accuracy"": NaN}, ""y1_a0"": {""n"": 81, ""accuracy"": 0.8148148148148148}, ""y1_a1"": {""n"": 0, ""accuracy"": NaN}}",0.30425997979432745
corr,debris,dinov2_b14_518,umte_protect,0.75,456,test_corr,0.8917548500881833,0.9452054794520548,0.787037037037037,137,81,75,0.7956204379562044,0.7748015873015872,0.5,"{""y0_a0"": {""n"": 54, ""accuracy"": 0.6666666666666666}, ""y0_a1"": {""n"": 2, ""accuracy"": 0.5}, ""y1_a0"": {""n"": 8, ""accuracy"": 0.625}, ""y1_a1"": {""n"": 73, ""accuracy"": 0.9178082191780822}}",0.30425997979432745
corr,debris,dinov2_b14_518,umte_protect,0.75,456,test_rev,0.7746913580246915,0.7872340425531914,0.8532763532763533,137,81,50,0.6934306569343066,0.6635802469135803,0.46808510638297873,"{""y0_a0"": {""n"": 9, ""accuracy"": 0.6666666666666666}, ""y0_a1"": {""n"": 47, ""accuracy"": 0.46808510638297873}, ""y1_a0"": {""n"": 78, ""accuracy"": 0.8205128205128205}, ""y1_a1"": {""n"": 3, ""accuracy"": 1.0}}",0.30425997979432745
corr,debris,dinov2_b14_518,umte_protect_balanced,0.75,456,clean,0.8364197530864197,,0.8364197530864197,137,81,0,0.7518248175182481,0.7267416225749559,,"{""y0_a0"": {""n"": 56, ""accuracy"": 0.5892857142857143}, ""y0_a1"": {""n"": 0, ""accuracy"": NaN}, ""y1_a0"": {""n"": 81, ""accuracy"": 0.8641975308641975}, ""y1_a1"": {""n"": 0, ""accuracy"": NaN}}",0.3156621068227202
corr,debris,dinov2_b14_518,umte_protect_balanced,0.75,456,test_corr,0.8399470899470899,0.9452054794520548,0.7893518518518519,137,81,75,0.7445255474452555,0.720568783068783,0.5740740740740741,"{""y0_a0"": {""n"": 54, ""accuracy"": 0.5740740740740741}, ""y0_a1"": {""n"": 2, ""accuracy"": 1.0}, ""y1_a0"": {""n"": 8, ""accuracy"": 0.875}, ""y1_a1"": {""n"": 73, ""accuracy"": 0.8493150684931506}}",0.3156621068227202
corr,debris,dinov2_b14_518,umte_protect_balanced,0.75,456,test_rev,0.8130511463844797,0.7163120567375887,0.8675213675213675,137,81,50,0.7445255474452555,0.7178130511463845,0.5531914893617021,"{""y0_a0"": {""n"": 9, ""accuracy"": 0.6666666666666666}, ""y0_a1"": {""n"": 47, ""accuracy"": 0.5531914893617021}, ""y1_a0"": {""n"": 78, ""accuracy"": 0.8717948717948718}, ""y1_a1"": {""n"": 3, ""accuracy"": 0.6666666666666666}}",0.3156621068227202
corr,debris,dinov2_b14_518,i2e,0.75,456,clean,0.8591269841269842,,0.8591269841269842,137,81,0,0.7591240875912408,0.7274029982363316,,"{""y0_a0"": {""n"": 56, ""accuracy"": 0.5535714285714286}, ""y0_a1"": {""n"": 0, ""accuracy"": NaN}, ""y1_a0"": {""n"": 81, ""accuracy"": 0.9012345679012346}, ""y1_a1"": {""n"": 0, ""accuracy"": NaN}}",0.37448379735458975
corr,debris,dinov2_b14_518,i2e,0.75,456,test_corr,0.8994708994708995,0.9863013698630136,0.912037037037037,137,81,75,0.7956204379562044,0.7582671957671958,0.5370370370370371,"{""y0_a0"": {""n"": 54, ""accuracy"": 0.5370370370370371}, ""y0_a1"": {""n"": 2, ""accuracy"": 1.0}, ""y1_a0"": {""n"": 8, ""accuracy"": 1.0}, ""y1_a1"": {""n"": 73, ""accuracy"": 0.958904109589041}}",0.37448379735458975
corr,debris,dinov2_b14_518,i2e,0.75,456,test_rev,0.8112874779541447,0.900709219858156,0.8205128205128205,137,81,50,0.7372262773722628,0.7006172839506173,0.4444444444444444,"{""y0_a0"": {""n"": 9, ""accuracy"": 0.4444444444444444}, ""y0_a1"": {""n"": 47, ""accuracy"": 0.5106382978723404}, ""y1_a0"": {""n"": 78, ""accuracy"": 0.8974358974358975}, ""y1_a1"": {""n"": 3, ""accuracy"": 1.0}}",0.37448379735458975
corr,debris,dinov2_b14_518,i2e_balanced,0.75,456,clean,0.8564814814814815,,0.8564814814814815,137,81,0,0.7737226277372263,0.7452601410934745,,"{""y0_a0"": {""n"": 56, ""accuracy"": 0.5892857142857143}, ""y0_a1"": {""n"": 0, ""accuracy"": NaN}, ""y1_a0"": {""n"": 81, ""accuracy"": 0.9012345679012346}, ""y1_a1"": {""n"": 0, ""accuracy"": NaN}}",0.39065036904041867
corr,debris,dinov2_b14_518,i2e_balanced,0.75,456,test_corr,0.8800705467372133,1.0,0.8819444444444444,137,81,75,0.8029197080291971,0.7699514991181657,0.5740740740740741,"{""y0_a0"": {""n"": 54, ""accuracy"": 0.5740740740740741}, ""y0_a1"": {""n"": 2, ""accuracy"": 1.0}, ""y1_a0"": {""n"": 8, ""accuracy"": 1.0}, ""y1_a1"": {""n"": 73, ""accuracy"": 0.9452054794520548}}",0.39065036904041867
corr,debris,dinov2_b14_518,i2e_balanced,0.75,456,test_rev,0.8328924162257496,0.8652482269503546,0.8205128205128205,137,81,50,0.7226277372262774,0.6827601410934745,0.44680851063829785,"{""y0_a0"": {""n"": 9, ""accuracy"": 0.5555555555555556}, ""y0_a1"": {""n"": 47, ""accuracy"": 0.44680851063829785}, ""y1_a0"": {""n"": 78, ""accuracy"": 0.8974358974358975}, ""y1_a1"": {""n"": 3, ""accuracy"": 1.0}}",0.39065036904041867
corr,debris,dinov2_b14_518,i2e_rank1,0.75,456,clean,0.8198853615520282,,0.8198853615520282,137,81,0,0.7372262773722628,0.7116402116402116,,"{""y0_a0"": {""n"": 56, ""accuracy"": 0.5714285714285714}, ""y0_a1"": {""n"": 0, ""accuracy"": NaN}, ""y1_a0"": {""n"": 81, ""accuracy"": 0.8518518518518519}, ""y1_a1"": {""n"": 0, ""accuracy"": NaN}}",0.3665202940524718
corr,debris,dinov2_b14_518,i2e_rank1,0.75,456,test_corr,0.8851410934744268,0.9931506849315068,0.9050925925925926,137,81,75,0.7956204379562044,0.7610229276895943,0.5555555555555556,"{""y0_a0"": {""n"": 54, ""accuracy"": 0.5555555555555556}, ""y0_a1"": {""n"": 2, ""accuracy"": 1.0}, ""y1_a0"": {""n"": 8, ""accuracy"": 1.0}, ""y1_a1"": {""n"": 73, ""accuracy"": 0.9452054794520548}}",0.3665202940524718
corr,debris,dinov2_b14_518,i2e_rank1,0.75,456,test_rev,0.7497795414462081,0.8865248226950355,0.7606837606837606,137,81,50,0.7007299270072993,0.6669973544973545,0.46808510638297873,"{""y0_a0"": {""n"": 9, ""accuracy"": 0.5555555555555556}, ""y0_a1"": {""n"": 47, ""accuracy"": 0.46808510638297873}, ""y1_a0"": {""n"": 78, ""accuracy"": 0.8461538461538461}, ""y1_a1"": {""n"": 3, ""accuracy"": 1.0}}",0.3665202940524718
corr,debris,dinov2_b14_518,insert_aug,0.75,456,clean,0.812389770723104,,0.812389770723104,137,81,0,0.7445255474452555,0.7398589065255732,,"{""y0_a0"": {""n"": 56, ""accuracy"": 0.7142857142857143}, ""y0_a1"": {""n"": 0, ""accuracy"": NaN}, ""y1_a0"": {""n"": 81, ""accuracy"": 0.7654320987654321}, ""y1_a1"": {""n"": 0, ""accuracy"": NaN}}",0.4862670923040979
corr,debris,dinov2_b14_518,insert_aug,0.75,456,test_corr,0.8608906525573192,0.9726027397260274,0.9027777777777778,137,81,75,0.7883211678832117,0.7768959435626102,0.7037037037037037,"{""y0_a0"": {""n"": 54, ""accuracy"": 0.7037037037037037}, ""y0_a1"": {""n"": 2, ""accuracy"": 1.0}, ""y1_a0"": {""n"": 8, ""accuracy"": 1.0}, ""y1_a1"": {""n"": 73, ""accuracy"": 0.821917808219178}}",0.4862670923040979
corr,debris,dinov2_b14_518,insert_aug,0.75,456,test_rev,0.7682980599647267,0.9219858156028369,0.7421652421652422,137,81,50,0.7007299270072993,0.6862874779541446,0.5957446808510638,"{""y0_a0"": {""n"": 9, ""accuracy"": 0.6666666666666666}, ""y0_a1"": {""n"": 47, ""accuracy"": 0.5957446808510638}, ""y1_a0"": {""n"": 78, ""accuracy"": 0.7564102564102564}, ""y1_a1"": {""n"": 3, ""accuracy"": 1.0}}",0.4862670923040979
corr,debris,dinov2_b14_518,mte,0.75,456,clean,0.8657407407407407,,0.8657407407407407,137,81,0,0.7883211678832117,0.7934303350970018,,"{""y0_a0"": {""n"": 56, ""accuracy"": 0.8214285714285714}, ""y0_a1"": {""n"": 0, ""accuracy"": NaN}, ""y1_a0"": {""n"": 81, ""accuracy"": 0.7654320987654321}, ""y1_a1"": {""n"": 0, ""accuracy"": NaN}}",0.3732719061294275
corr,debris,dinov2_b14_518,mte,0.75,456,test_corr,0.9243827160493827,0.9452054794520548,0.837962962962963,137,81,75,0.8540145985401459,0.8462301587301587,0.5,"{""y0_a0"": {""n"": 54, ""accuracy"": 0.8148148148148148}, ""y0_a1"": {""n"": 2, ""accuracy"": 0.5}, ""y1_a0"": {""n"": 8, ""accuracy"": 0.625}, ""y1_a1"": {""n"": 73, ""accuracy"": 0.9178082191780822}}",0.3732719061294275
corr,debris,dinov2_b14_518,mte,0.75,456,test_rev,0.7369929453262787,0.7304964539007093,0.8447293447293448,137,81,50,0.6861313868613139,0.6684303350970018,0.5319148936170213,"{""y0_a0"": {""n"": 9, ""accuracy"": 0.7777777777777778}, ""y0_a1"": {""n"": 47, ""accuracy"": 0.5319148936170213}, ""y1_a0"": {""n"": 78, ""accuracy"": 0.7692307692307693}, ""y1_a1"": {""n"": 3, ""accuracy"": 0.6666666666666666}}",0.3732719061294275
corr,debris,dinov2_b14_518,mte_balanced,0.75,456,clean,0.8677248677248677,,0.8677248677248677,137,81,0,0.8029197080291971,0.8030202821869489,,"{""y0_a0"": {""n"": 56, ""accuracy"": 0.8035714285714286}, ""y0_a1"": {""n"": 0, ""accuracy"": NaN}, ""y1_a0"": {""n"": 81, ""accuracy"": 0.8024691358024691}, ""y1_a1"": {""n"": 0, ""accuracy"": NaN}}",0.4834356229804219
corr,debris,dinov2_b14_518,mte_balanced,0.75,456,test_corr,0.8824955908289241,0.952054794520548,0.8217592592592593,137,81,75,0.8321167883211679,0.8277116402116402,0.7962962962962963,"{""y0_a0"": {""n"": 54, ""accuracy"": 0.7962962962962963}, ""y0_a1"": {""n"": 2, ""accuracy"": 1.0}, ""y1_a0"": {""n"": 8, ""accuracy"": 0.875}, ""y1_a1"": {""n"": 73, ""accuracy"": 0.8493150684931506}}",0.4834356229804219
corr,debris,dinov2_b14_518,mte_balanced,0.75,456,test_rev,0.8218694885361552,0.6524822695035462,0.8447293447293447,137,81,50,0.7518248175182481,0.7405202821869489,0.6595744680851063,"{""y0_a0"": {""n"": 9, ""accuracy"": 0.7777777777777778}, ""y0_a1"": {""n"": 47, ""accuracy"": 0.6595744680851063}, ""y1_a0"": {""n"": 78, ""accuracy"": 0.8076923076923077}, ""y1_a1"": {""n"": 3, ""accuracy"": 0.6666666666666666}}",0.4834356229804219
corr,debris,dinov2_b14_518,ui2e,0.75,456,clean,0.8567019400352733,,0.8567019400352733,137,81,0,0.7883211678832117,0.7741402116402116,,"{""y0_a0"": {""n"": 56, ""accuracy"": 0.6964285714285714}, ""y0_a1"": {""n"": 0, ""accuracy"": NaN}, ""y1_a0"": {""n"": 81, ""accuracy"": 0.8518518518518519}, ""y1_a1"": {""n"": 0, ""accuracy"": NaN}}",0.42271882352109835
corr,debris,dinov2_b14_518,ui2e,0.75,456,test_corr,0.88668430335097,0.9931506849315068,0.9097222222222222,137,81,75,0.8248175182481752,0.8050044091710757,0.6851851851851852,"{""y0_a0"": {""n"": 54, ""accuracy"": 0.6851851851851852}, ""y0_a1"": {""n"": 2, ""accuracy"": 1.0}, ""y1_a0"": {""n"": 8, ""accuracy"": 1.0}, ""y1_a1"": {""n"": 73, ""accuracy"": 0.9041095890410958}}",0.42271882352109835
corr,debris,dinov2_b14_518,ui2e,0.75,456,test_rev,0.8194444444444444,0.9219858156028369,0.7564102564102565,137,81,50,0.7591240875912408,0.7384259259259259,0.5555555555555556,"{""y0_a0"": {""n"": 9, ""accuracy"": 0.5555555555555556}, ""y0_a1"": {""n"": 47, ""accuracy"": 0.6382978723404256}, ""y1_a0"": {""n"": 78, ""accuracy"": 0.8461538461538461}, ""y1_a1"": {""n"": 3, ""accuracy"": 1.0}}",0.42271882352109835
corr,debris,dinov2_b14_518,ui2e_balanced,0.75,456,clean,0.8225308641975309,,0.8225308641975309,137,81,0,0.7518248175182481,0.7515432098765432,,"{""y0_a0"": {""n"": 56, ""accuracy"": 0.75}, ""y0_a1"": {""n"": 0, ""accuracy"": NaN}, ""y1_a0"": {""n"": 81, ""accuracy"": 0.7530864197530864}, ""y1_a1"": {""n"": 0, ""accuracy"": NaN}}",0.49995436096711243
corr,debris,dinov2_b14_518,ui2e_balanced,0.75,456,test_corr,0.8234126984126984,0.9452054794520548,0.8842592592592592,137,81,75,0.7591240875912408,0.757716049382716,0.7397260273972602,"{""y0_a0"": {""n"": 54, ""accuracy"": 0.7407407407407407}, ""y0_a1"": {""n"": 2, ""accuracy"": 1.0}, ""y1_a0"": {""n"": 8, ""accuracy"": 1.0}, ""y1_a1"": {""n"": 73, ""accuracy"": 0.7397260273972602}}",0.49995436096711243
corr,debris,dinov2_b14_518,ui2e_balanced,0.75,456,test_rev,0.8185626102292769,0.8652482269503545,0.7435897435897436,137,81,50,0.7445255474452555,0.7426146384479717,0.6666666666666666,"{""y0_a0"": {""n"": 9, ""accuracy"": 0.6666666666666666}, ""y0_a1"": {""n"": 47, ""accuracy"": 0.7446808510638298}, ""y1_a0"": {""n"": 78, ""accuracy"": 0.7564102564102564}, ""y1_a1"": {""n"": 3, ""accuracy"": 0.6666666666666666}}",0.49995436096711243
corr,debris,dinov2_b14_518,umte,0.75,456,clean,0.8492063492063492,,0.8492063492063492,137,81,0,0.7664233576642335,0.750110229276896,,"{""y0_a0"": {""n"": 56, ""accuracy"": 0.6607142857142857}, ""y0_a1"": {""n"": 0, ""accuracy"": NaN}, ""y1_a0"": {""n"": 81, ""accuracy"": 0.8395061728395061}, ""y1_a1"": {""n"": 0, ""accuracy"": NaN}}",0.3342340494555955
corr,debris,dinov2_b14_518,umte,0.75,456,test_corr,0.9111552028218695,0.9452054794520548,0.8333333333333333,137,81,75,0.8029197080291971,0.7782186948853616,0.5,"{""y0_a0"": {""n"": 54, ""accuracy"": 0.6481481481481481}, ""y0_a1"": {""n"": 2, ""accuracy"": 0.5}, ""y1_a0"": {""n"": 8, ""accuracy"": 0.75}, ""y1_a1"": {""n"": 73, ""accuracy"": 0.9315068493150684}}",0.3342340494555955
corr,debris,dinov2_b14_518,umte,0.75,456,test_rev,0.757716049382716,0.8368794326241136,0.8190883190883191,137,81,50,0.6934306569343066,0.658068783068783,0.44680851063829785,"{""y0_a0"": {""n"": 9, ""accuracy"": 0.5555555555555556}, ""y0_a1"": {""n"": 47, ""accuracy"": 0.44680851063829785}, ""y1_a0"": {""n"": 78, ""accuracy"": 0.8461538461538461}, ""y1_a1"": {""n"": 3, ""accuracy"": 1.0}}",0.3342340494555955
corr,debris,dinov2_b14_518,umte_balanced,0.75,456,clean,0.8483245149911817,,0.8483245149911817,137,81,0,0.7591240875912408,0.7522045855379189,,"{""y0_a0"": {""n"": 56, ""accuracy"": 0.7142857142857143}, ""y0_a1"": {""n"": 0, ""accuracy"": NaN}, ""y1_a0"": {""n"": 81, ""accuracy"": 0.7901234567901234}, ""y1_a1"": {""n"": 0, ""accuracy"": NaN}}",0.4226049140815941
corr,debris,dinov2_b14_518,umte_balanced,0.75,456,test_corr,0.8582451499118167,0.9452054794520548,0.8171296296296297,137,81,75,0.781021897810219,0.7707231040564374,0.625,"{""y0_a0"": {""n"": 54, ""accuracy"": 0.7037037037037037}, ""y0_a1"": {""n"": 2, ""accuracy"": 1.0}, ""y1_a0"": {""n"": 8, ""accuracy"": 0.625}, ""y1_a1"": {""n"": 73, ""accuracy"": 0.8493150684931506}}",0.4226049140815941
corr,debris,dinov2_b14_518,umte_balanced,0.75,456,test_rev,0.8170194003527337,0.7872340425531914,0.8361823361823362,137,81,50,0.7153284671532847,0.6986331569664903,0.5957446808510638,"{""y0_a0"": {""n"": 9, ""accuracy"": 0.6666666666666666}, ""y0_a1"": {""n"": 47, ""accuracy"": 0.5957446808510638}, ""y1_a0"": {""n"": 78, ""accuracy"": 0.7948717948717948}, ""y1_a1"": {""n"": 3, ""accuracy"": 0.6666666666666666}}",0.4226049140815941
corr,debris,dinov2_b14_518,erm,1.0,42,clean,0.8068783068783069,,0.8068783068783069,137,81,0,0.7372262773722628,0.7309303350970018,,"{""y0_a0"": {""n"": 56, ""accuracy"": 0.6964285714285714}, ""y0_a1"": {""n"": 0, ""accuracy"": NaN}, ""y1_a0"": {""n"": 81, ""accuracy"": 0.7654320987654321}, ""y1_a1"": {""n"": 0, ""accuracy"": NaN}}",0.4740219165213998
corr,debris,dinov2_b14_518,erm,1.0,42,test_corr,0.8637566137566137,0.918918918918919,0.834733893557423,137,81,79,0.8102189781021898,0.7926587301587301,0.6862745098039216,"{""y0_a0"": {""n"": 51, ""accuracy"": 0.6862745098039216}, ""y0_a1"": {""n"": 5, ""accuracy"": 0.8}, ""y1_a0"": {""n"": 7, ""accuracy"": 0.7142857142857143}, ""y1_a1"": {""n"": 74, ""accuracy"": 0.9054054054054054}}",0.4740219165213998
corr,debris,dinov2_b14_518,erm,1.0,42,test_rev,0.7451499118165784,0.7318840579710145,0.7973333333333333,137,81,52,0.656934306569343,0.632716049382716,0.4782608695652174,"{""y0_a0"": {""n"": 10, ""accuracy"": 0.6}, ""y0_a1"": {""n"": 46, ""accuracy"": 0.4782608695652174}, ""y1_a0"": {""n"": 75, ""accuracy"": 0.7733333333333333}, ""y1_a1"": {""n"": 6, ""accuracy"": 0.6666666666666666}}",0.4740219165213998
corr,debris,dinov2_b14_518,mask,1.0,42,clean,0.8608906525573191,,0.8608906525573191,137,81,0,0.8248175182481752,0.8270502645502645,,"{""y0_a0"": {""n"": 56, ""accuracy"": 0.8392857142857143}, ""y0_a1"": {""n"": 0, ""accuracy"": NaN}, ""y1_a0"": {""n"": 81, ""accuracy"": 0.8148148148148148}, ""y1_a1"": {""n"": 0, ""accuracy"": NaN}}",0.22584553830761633
corr,debris,dinov2_b14_518,mask,1.0,42,test_corr,0.9548059964726632,0.8891891891891892,0.9607843137254901,137,81,79,0.8905109489051095,0.8743386243386243,0.4,"{""y0_a0"": {""n"": 51, ""accuracy"": 0.8235294117647058}, ""y0_a1"": {""n"": 5, ""accuracy"": 0.4}, ""y1_a0"": {""n"": 7, ""accuracy"": 1.0}, ""y1_a1"": {""n"": 74, ""accuracy"": 0.9594594594594594}}",0.22584553830761633
corr,debris,dinov2_b14_518,mask,1.0,42,test_rev,0.6792328042328042,0.8840579710144928,0.7359999999999999,137,81,52,0.6277372262773723,0.5832231040564374,0.2826086956521739,"{""y0_a0"": {""n"": 10, ""accuracy"": 0.6}, ""y0_a1"": {""n"": 46, ""accuracy"": 0.2826086956521739}, ""y1_a0"": {""n"": 75, ""accuracy"": 0.8133333333333334}, ""y1_a1"": {""n"": 6, ""accuracy"": 1.0}}",0.22584553830761633
corr,debris,dinov2_b14_518,balanced,1.0,42,clean,0.8187830687830688,,0.8187830687830688,137,81,0,0.781021897810219,0.7652116402116402,,"{""y0_a0"": {""n"": 56, ""accuracy"": 0.6785714285714286}, ""y0_a1"": {""n"": 0, ""accuracy"": NaN}, ""y1_a0"": {""n"": 81, ""accuracy"": 0.8518518518518519}, ""y1_a1"": {""n"": 0, ""accuracy"": NaN}}",0.42988023050378094
corr,debris,dinov2_b14_518,balanced,1.0,42,test_corr,0.8273809523809523,0.8783783783783784,0.8795518207282913,137,81,79,0.7883211678832117,0.7713844797178131,0.6666666666666666,"{""y0_a0"": {""n"": 51, ""accuracy"": 0.6666666666666666}, ""y0_a1"": {""n"": 5, ""accuracy"": 0.8}, ""y1_a0"": {""n"": 7, ""accuracy"": 0.8571428571428571}, ""y1_a1"": {""n"": 74, ""accuracy"": 0.8648648648648649}}",0.42988023050378094
corr,debris,dinov2_b14_518,balanced,1.0,42,test_rev,0.7956349206349206,0.7753623188405797,0.7813333333333334,137,81,52,0.7664233576642335,0.7473544973544974,0.6,"{""y0_a0"": {""n"": 10, ""accuracy"": 0.6}, ""y0_a1"": {""n"": 46, ""accuracy"": 0.6521739130434783}, ""y1_a0"": {""n"": 75, ""accuracy"": 0.8533333333333334}, ""y1_a1"": {""n"": 6, ""accuracy"": 0.8333333333333334}}",0.42988023050378094
corr,debris,dinov2_b14_518,umte_protect,1.0,42,clean,0.8470017636684303,,0.8470017636684303,137,81,0,0.7883211678832117,0.7989417989417988,,"{""y0_a0"": {""n"": 56, ""accuracy"": 0.8571428571428571}, ""y0_a1"": {""n"": 0, ""accuracy"": NaN}, ""y1_a0"": {""n"": 81, ""accuracy"": 0.7407407407407407}, ""y1_a1"": {""n"": 0, ""accuracy"": NaN}}",0.3958817546474161
corr,debris,dinov2_b14_518,umte_protect,1.0,42,test_corr,0.9089506172839505,0.8864864864864865,0.9747899159663865,137,81,79,0.8248175182481752,0.8242945326278659,0.6,"{""y0_a0"": {""n"": 51, ""accuracy"": 0.8431372549019608}, ""y0_a1"": {""n"": 5, ""accuracy"": 0.6}, ""y1_a0"": {""n"": 7, ""accuracy"": 1.0}, ""y1_a1"": {""n"": 74, ""accuracy"": 0.8108108108108109}}",0.3958817546474161
corr,debris,dinov2_b14_518,umte_protect,1.0,42,test_rev,0.7612433862433862,0.9021739130434783,0.7666666666666667,137,81,52,0.6788321167883211,0.6622574955908289,0.5652173913043478,"{""y0_a0"": {""n"": 10, ""accuracy"": 0.6}, ""y0_a1"": {""n"": 46, ""accuracy"": 0.5652173913043478}, ""y1_a0"": {""n"": 75, ""accuracy"": 0.7333333333333333}, ""y1_a1"": {""n"": 6, ""accuracy"": 1.0}}",0.3958817546474161
corr,debris,dinov2_b14_518,umte_protect_balanced,1.0,42,clean,0.859347442680776,,0.859347442680776,137,81,0,0.8102189781021898,0.8174603174603174,,"{""y0_a0"": {""n"": 56, ""accuracy"": 0.8571428571428571}, ""y0_a1"": {""n"": 0, ""accuracy"": NaN}, ""y1_a0"": {""n"": 81, ""accuracy"": 0.7777777777777778}, ""y1_a1"": {""n"": 0, ""accuracy"": NaN}}",0.4893146196795645
corr,debris,dinov2_b14_518,umte_protect_balanced,1.0,42,test_corr,0.8694885361552028,0.8567567567567567,0.9775910364145658,137,81,79,0.8102189781021898,0.8174603174603174,0.7567567567567568,"{""y0_a0"": {""n"": 51, ""accuracy"": 0.8627450980392157}, ""y0_a1"": {""n"": 5, ""accuracy"": 0.8}, ""y1_a0"": {""n"": 7, ""accuracy"": 1.0}, ""y1_a1"": {""n"": 74, ""accuracy"": 0.7567567567567568}}",0.4893146196795645
corr,debris,dinov2_b14_518,umte_protect_balanced,1.0,42,test_rev,0.8359788359788359,0.9021739130434783,0.7813333333333333,137,81,52,0.7883211678832117,0.7906746031746033,0.6,"{""y0_a0"": {""n"": 10, ""accuracy"": 0.6}, ""y0_a1"": {""n"": 46, ""accuracy"": 0.8478260869565217}, ""y1_a0"": {""n"": 75, ""accuracy"": 0.7733333333333333}, ""y1_a1"": {""n"": 6, ""accuracy"": 0.8333333333333334}}",0.4893146196795645
corr,debris,dinov2_b14_518,i2e,1.0,42,clean,0.8586860670194004,,0.8586860670194004,137,81,0,0.7883211678832117,0.7631172839506173,,"{""y0_a0"": {""n"": 56, ""accuracy"": 0.625}, ""y0_a1"": {""n"": 0, ""accuracy"": NaN}, ""y1_a0"": {""n"": 81, ""accuracy"": 0.9012345679012346}, ""y1_a1"": {""n"": 0, ""accuracy"": NaN}}",0.39912082869904425
corr,debris,dinov2_b14_518,i2e,1.0,42,test_corr,0.8937389770723104,0.9324324324324325,0.8543417366946778,137,81,79,0.8029197080291971,0.7727072310405643,0.6,"{""y0_a0"": {""n"": 51, ""accuracy"": 0.6078431372549019}, ""y0_a1"": {""n"": 5, ""accuracy"": 0.6}, ""y1_a0"": {""n"": 7, ""accuracy"": 0.8571428571428571}, ""y1_a1"": {""n"": 74, ""accuracy"": 0.9459459459459459}}",0.39912082869904425
corr,debris,dinov2_b14_518,i2e,1.0,42,test_rev,0.7956349206349206,0.75,0.8586666666666666,137,81,52,0.7372262773722628,0.6978615520282186,0.43478260869565216,"{""y0_a0"": {""n"": 10, ""accuracy"": 0.7}, ""y0_a1"": {""n"": 46, ""accuracy"": 0.43478260869565216}, ""y1_a0"": {""n"": 75, ""accuracy"": 0.9066666666666666}, ""y1_a1"": {""n"": 6, ""accuracy"": 1.0}}",0.39912082869904425
corr,debris,dinov2_b14_518,i2e_balanced,1.0,42,clean,0.849426807760141,,0.849426807760141,137,81,0,0.7664233576642335,0.736331569664903,,"{""y0_a0"": {""n"": 56, ""accuracy"": 0.5714285714285714}, ""y0_a1"": {""n"": 0, ""accuracy"": NaN}, ""y1_a0"": {""n"": 81, ""accuracy"": 0.9012345679012346}, ""y1_a1"": {""n"": 0, ""accuracy"": NaN}}",0.3816148800924111
corr,debris,dinov2_b14_518,i2e_balanced,1.0,42,test_corr,0.8567019400352733,0.8999999999999999,0.8907563025210083,137,81,79,0.7737226277372263,0.7425044091710757,0.5686274509803921,"{""y0_a0"": {""n"": 51, ""accuracy"": 0.5686274509803921}, ""y0_a1"": {""n"": 5, ""accuracy"": 0.6}, ""y1_a0"": {""n"": 7, ""accuracy"": 1.0}, ""y1_a1"": {""n"": 74, ""accuracy"": 0.9054054054054054}}",0.3816148800924111
corr,debris,dinov2_b14_518,i2e_balanced,1.0,42,test_rev,0.814373897707231,0.7427536231884058,0.8160000000000001,137,81,52,0.7372262773722628,0.7006172839506173,0.4,"{""y0_a0"": {""n"": 10, ""accuracy"": 0.4}, ""y0_a1"": {""n"": 46, ""accuracy"": 0.5217391304347826}, ""y1_a0"": {""n"": 75, ""accuracy"": 0.9066666666666666}, ""y1_a1"": {""n"": 6, ""accuracy"": 0.8333333333333334}}",0.3816148800924111
corr,debris,dinov2_b14_518,i2e_rank1,1.0,42,clean,0.8093033509700176,,0.8093033509700176,137,81,0,0.7518248175182481,0.7184744268077601,,"{""y0_a0"": {""n"": 56, ""accuracy"": 0.5357142857142857}, ""y0_a1"": {""n"": 0, ""accuracy"": NaN}, ""y1_a0"": {""n"": 81, ""accuracy"": 0.9012345679012346}, ""y1_a1"": {""n"": 0, ""accuracy"": NaN}}",0.39784264357043714
corr,debris,dinov2_b14_518,i2e_rank1,1.0,42,test_corr,0.8467813051146384,0.9135135135135135,0.8263305322128851,137,81,79,0.7518248175182481,0.7157186948853616,0.5098039215686274,"{""y0_a0"": {""n"": 51, ""accuracy"": 0.5098039215686274}, ""y0_a1"": {""n"": 5, ""accuracy"": 0.6}, ""y1_a0"": {""n"": 7, ""accuracy"": 0.8571428571428571}, ""y1_a1"": {""n"": 74, ""accuracy"": 0.918918918918919}}",0.39784264357043714
corr,debris,dinov2_b14_518,i2e_rank1,1.0,42,test_rev,0.7687389770723104,0.7391304347826086,0.7906666666666666,137,81,52,0.7153284671532847,0.673831569664903,0.41304347826086957,"{""y0_a0"": {""n"": 10, ""accuracy"": 0.6}, ""y0_a1"": {""n"": 46, ""accuracy"": 0.41304347826086957}, ""y1_a0"": {""n"": 75, ""accuracy"": 0.9066666666666666}, ""y1_a1"": {""n"": 6, ""accuracy"": 0.8333333333333334}}",0.39784264357043714
corr,debris,dinov2_b14_518,insert_aug,1.0,42,clean,0.8227513227513228,,0.8227513227513228,137,81,0,0.7372262773722628,0.7281746031746033,,"{""y0_a0"": {""n"": 56, ""accuracy"": 0.6785714285714286}, ""y0_a1"": {""n"": 0, ""accuracy"": NaN}, ""y1_a0"": {""n"": 81, ""accuracy"": 0.7777777777777778}, ""y1_a1"": {""n"": 0, ""accuracy"": NaN}}",0.48157291133245794
corr,debris,dinov2_b14_518,insert_aug,1.0,42,test_corr,0.8681657848324514,0.9243243243243243,0.8235294117647058,137,81,79,0.8029197080291971,0.7837301587301587,0.6666666666666666,"{""y0_a0"": {""n"": 51, ""accuracy"": 0.6666666666666666}, ""y0_a1"": {""n"": 5, ""accuracy"": 0.8}, ""y1_a0"": {""n"": 7, ""accuracy"": 0.7142857142857143}, ""y1_a1"": {""n"": 74, ""accuracy"": 0.9054054054054054}}",0.48157291133245794
corr,debris,dinov2_b14_518,insert_aug,1.0,42,test_rev,0.7663139329805996,0.753623188405797,0.8373333333333333,137,81,52,0.6861313868613139,0.6656746031746033,0.5217391304347826,"{""y0_a0"": {""n"": 10, ""accuracy"": 0.7}, ""y0_a1"": {""n"": 46, ""accuracy"": 0.5217391304347826}, ""y1_a0"": {""n"": 75, ""accuracy"": 0.7866666666666666}, ""y1_a1"": {""n"": 6, ""accuracy"": 0.6666666666666666}}",0.48157291133245794
corr,debris,dinov2_b14_518,mte,1.0,42,clean,0.8604497354497354,,0.8604497354497354,137,81,0,0.8248175182481752,0.8215388007054674,,"{""y0_a0"": {""n"": 56, ""accuracy"": 0.8035714285714286}, ""y0_a1"": {""n"": 0, ""accuracy"": NaN}, ""y1_a0"": {""n"": 81, ""accuracy"": 0.8395061728395061}, ""y1_a1"": {""n"": 0, ""accuracy"": NaN}}",0.2917974104023259
corr,debris,dinov2_b14_518,mte,1.0,42,test_corr,0.9389329805996472,0.8810810810810811,0.9495798319327731,137,81,79,0.8686131386861314,0.8530643738977073,0.4,"{""y0_a0"": {""n"": 51, ""accuracy"": 0.803921568627451}, ""y0_a1"": {""n"": 5, ""accuracy"": 0.4}, ""y1_a0"": {""n"": 7, ""accuracy"": 1.0}, ""y1_a1"": {""n"": 74, ""accuracy"": 0.9324324324324325}}",0.2917974104023259
corr,debris,dinov2_b14_518,mte,1.0,42,test_rev,0.6992945326278659,0.8586956521739131,0.732,137,81,52,0.6496350364963503,0.6072530864197531,0.34782608695652173,"{""y0_a0"": {""n"": 10, ""accuracy"": 0.5}, ""y0_a1"": {""n"": 46, ""accuracy"": 0.34782608695652173}, ""y1_a0"": {""n"": 75, ""accuracy"": 0.8266666666666667}, ""y1_a1"": {""n"": 6, ""accuracy"": 1.0}}",0.2917974104023259
corr,debris,dinov2_b14_518,mte_balanced,1.0,42,clean,0.8765432098765432,,0.8765432098765432,137,81,0,0.7883211678832117,0.8016975308641976,,"{""y0_a0"": {""n"": 56, ""accuracy"": 0.875}, ""y0_a1"": {""n"": 0, ""accuracy"": NaN}, ""y1_a0"": {""n"": 81, ""accuracy"": 0.7283950617283951}, ""y1_a1"": {""n"": 0, ""accuracy"": NaN}}",0.5820526866413249
corr,debris,dinov2_b14_518,mte_balanced,1.0,42,test_corr,0.8882275132275133,0.8540540540540541,0.9551820728291316,137,81,79,0.8102189781021898,0.820216049382716,0.7567567567567568,"{""y0_a0"": {""n"": 51, ""accuracy"": 0.8823529411764706}, ""y0_a1"": {""n"": 5, ""accuracy"": 0.8}, ""y1_a0"": {""n"": 7, ""accuracy"": 0.8571428571428571}, ""y1_a1"": {""n"": 74, ""accuracy"": 0.7567567567567568}}",0.5820526866413249
corr,debris,dinov2_b14_518,mte_balanced,1.0,42,test_rev,0.8423721340388006,0.9166666666666667,0.7706666666666666,137,81,52,0.7737226277372263,0.781084656084656,0.6,"{""y0_a0"": {""n"": 10, ""accuracy"": 0.6}, ""y0_a1"": {""n"": 46, ""accuracy"": 0.8695652173913043}, ""y1_a0"": {""n"": 75, ""accuracy"": 0.7333333333333333}, ""y1_a1"": {""n"": 6, ""accuracy"": 0.8333333333333334}}",0.5820526866413249
corr,debris,dinov2_b14_518,ui2e,1.0,42,clean,0.8584656084656085,,0.8584656084656085,137,81,0,0.7883211678832117,0.7768959435626102,,"{""y0_a0"": {""n"": 56, ""accuracy"": 0.7142857142857143}, ""y0_a1"": {""n"": 0, ""accuracy"": NaN}, ""y1_a0"": {""n"": 81, ""accuracy"": 0.8395061728395061}, ""y1_a1"": {""n"": 0, ""accuracy"": NaN}}",0.45537279590935953
corr,debris,dinov2_b14_518,ui2e,1.0,42,test_corr,0.8827160493827161,0.9459459459459459,0.7927170868347339,137,81,79,0.8102189781021898,0.7926587301587301,0.6862745098039216,"{""y0_a0"": {""n"": 51, ""accuracy"": 0.6862745098039216}, ""y0_a1"": {""n"": 5, ""accuracy"": 0.8}, ""y1_a0"": {""n"": 7, ""accuracy"": 0.7142857142857143}, ""y1_a1"": {""n"": 74, ""accuracy"": 0.9054054054054054}}",0.45537279590935953
corr,debris,dinov2_b14_518,ui2e,1.0,42,test_rev,0.8205467372134039,0.7210144927536232,0.884,137,81,52,0.7372262773722628,0.7143959435626102,0.5652173913043478,"{""y0_a0"": {""n"": 10, ""accuracy"": 0.7}, ""y0_a1"": {""n"": 46, ""accuracy"": 0.5652173913043478}, ""y1_a0"": {""n"": 75, ""accuracy"": 0.8533333333333334}, ""y1_a1"": {""n"": 6, ""accuracy"": 0.6666666666666666}}",0.45537279590935953
corr,debris,dinov2_b14_518,ui2e_balanced,1.0,42,clean,0.8282627865961198,,0.8282627865961198,137,81,0,0.781021897810219,0.7707231040564374,,"{""y0_a0"": {""n"": 56, ""accuracy"": 0.7142857142857143}, ""y0_a1"": {""n"": 0, ""accuracy"": NaN}, ""y1_a0"": {""n"": 81, ""accuracy"": 0.8271604938271605}, ""y1_a1"": {""n"": 0, ""accuracy"": NaN}}",0.46220234678253924
corr,debris,dinov2_b14_518,ui2e_balanced,1.0,42,test_corr,0.8278218694885362,0.8999999999999999,0.8347338935574229,137,81,79,0.7591240875912408,0.7494488536155203,0.6862745098039216,"{""y0_a0"": {""n"": 51, ""accuracy"": 0.6862745098039216}, ""y0_a1"": {""n"": 5, ""accuracy"": 0.8}, ""y1_a0"": {""n"": 7, ""accuracy"": 0.8571428571428571}, ""y1_a1"": {""n"": 74, ""accuracy"": 0.7972972972972973}}",0.46220234678253924
corr,debris,dinov2_b14_518,ui2e_balanced,1.0,42,test_rev,0.8051146384479717,0.6920289855072465,0.7879999999999999,137,81,52,0.7518248175182481,0.7350088183421517,0.6,"{""y0_a0"": {""n"": 10, ""accuracy"": 0.6}, ""y0_a1"": {""n"": 46, ""accuracy"": 0.6521739130434783}, ""y1_a0"": {""n"": 75, ""accuracy"": 0.84}, ""y1_a1"": {""n"": 6, ""accuracy"": 0.6666666666666666}}",0.46220234678253924
corr,debris,dinov2_b14_518,umte,1.0,42,clean,0.8476631393298059,,0.8476631393298059,137,81,0,0.7883211678832117,0.7796516754850088,,"{""y0_a0"": {""n"": 56, ""accuracy"": 0.7321428571428571}, ""y0_a1"": {""n"": 0, ""accuracy"": NaN}, ""y1_a0"": {""n"": 81, ""accuracy"": 0.8271604938271605}, ""y1_a1"": {""n"": 0, ""accuracy"": NaN}}",0.32714899294957195
corr,debris,dinov2_b14_518,umte,1.0,42,test_corr,0.9155643738977072,0.8729729729729729,0.9775910364145658,137,81,79,0.8175182481751825,0.7960758377425043,0.4,"{""y0_a0"": {""n"": 51, ""accuracy"": 0.7058823529411765}, ""y0_a1"": {""n"": 5, ""accuracy"": 0.4}, ""y1_a0"": {""n"": 7, ""accuracy"": 1.0}, ""y1_a1"": {""n"": 74, ""accuracy"": 0.9054054054054054}}",0.32714899294957195
corr,debris,dinov2_b14_518,umte,1.0,42,test_rev,0.7407407407407407,0.8297101449275363,0.7613333333333333,137,81,52,0.6861313868613139,0.6491402116402116,0.4,"{""y0_a0"": {""n"": 10, ""accuracy"": 0.4}, ""y0_a1"": {""n"": 46, ""accuracy"": 0.45652173913043476}, ""y1_a0"": {""n"": 75, ""accuracy"": 0.84}, ""y1_a1"": {""n"": 6, ""accuracy"": 1.0}}",0.32714899294957195
corr,debris,dinov2_b14_518,umte_balanced,1.0,42,clean,0.8641975308641975,,0.8641975308641975,137,81,0,0.8029197080291971,0.8057760141093474,,"{""y0_a0"": {""n"": 56, ""accuracy"": 0.8214285714285714}, ""y0_a1"": {""n"": 0, ""accuracy"": NaN}, ""y1_a0"": {""n"": 81, ""accuracy"": 0.7901234567901234}, ""y1_a1"": {""n"": 0, ""accuracy"": NaN}}",0.4603880527826741
corr,debris,dinov2_b14_518,umte_balanced,1.0,42,test_corr,0.8736772486772486,0.8405405405405405,0.9943977591036414,137,81,79,0.8321167883211679,0.8304673721340388,0.8,"{""y0_a0"": {""n"": 51, ""accuracy"": 0.8235294117647058}, ""y0_a1"": {""n"": 5, ""accuracy"": 0.8}, ""y1_a0"": {""n"": 7, ""accuracy"": 1.0}, ""y1_a1"": {""n"": 74, ""accuracy"": 0.8243243243243243}}",0.4603880527826741
corr,debris,dinov2_b14_518,umte_balanced,1.0,42,test_rev,0.8432539682539683,0.8152173913043479,0.7786666666666666,137,81,52,0.7737226277372263,0.7673059964726632,0.5,"{""y0_a0"": {""n"": 10, ""accuracy"": 0.5}, ""y0_a1"": {""n"": 46, ""accuracy"": 0.782608695652174}, ""y1_a0"": {""n"": 75, ""accuracy"": 0.8133333333333334}, ""y1_a1"": {""n"": 6, ""accuracy"": 0.6666666666666666}}",0.4603880527826741
corr,debris,dinov2_b14_518,erm,1.0,123,clean,0.804453262786596,,0.804453262786596,137,81,0,0.7299270072992701,0.7247574955908289,,"{""y0_a0"": {""n"": 56, ""accuracy"": 0.6964285714285714}, ""y0_a1"": {""n"": 0, ""accuracy"": NaN}, ""y1_a0"": {""n"": 81, ""accuracy"": 0.7530864197530864}, ""y1_a1"": {""n"": 0, ""accuracy"": NaN}}",0.47613851780001853
corr,debris,dinov2_b14_518,erm,1.0,123,test_corr,0.8461199294532629,0.7636363636363637,0.7663043478260869,137,81,87,0.781021897810219,0.7597001763668431,0.3,"{""y0_a0"": {""n"": 46, ""accuracy"": 0.717391304347826}, ""y0_a1"": {""n"": 10, ""accuracy"": 0.3}, ""y1_a0"": {""n"": 4, ""accuracy"": 0.75}, ""y1_a1"": {""n"": 77, ""accuracy"": 0.8831168831168831}}",0.47613851780001853
corr,debris,dinov2_b14_518,erm,1.0,123,test_rev,0.734347442680776,0.8319327731092436,0.8324324324324324,137,81,58,0.656934306569343,0.632716049382716,0.47058823529411764,"{""y0_a0"": {""n"": 5, ""accuracy"": 0.8}, ""y0_a1"": {""n"": 51, ""accuracy"": 0.47058823529411764}, ""y1_a0"": {""n"": 74, ""accuracy"": 0.7432432432432432}, ""y1_a1"": {""n"": 7, ""accuracy"": 1.0}}",0.47613851780001853
corr,debris,dinov2_b14_518,mask,1.0,123,clean,0.8562610229276896,,0.8562610229276896,137,81,0,0.8102189781021898,0.8147045855379189,,"{""y0_a0"": {""n"": 56, ""accuracy"": 0.8392857142857143}, ""y0_a1"": {""n"": 0, ""accuracy"": NaN}, ""y1_a0"": {""n"": 81, ""accuracy"": 0.7901234567901234}, ""y1_a1"": {""n"": 0, ""accuracy"": NaN}}",0.26136445033511596
corr,debris,dinov2_b14_518,mask,1.0,123,test_corr,0.9349647266313933,0.8597402597402598,0.5978260869565217,137,81,87,0.8467153284671532,0.8262786596119929,0.1,"{""y0_a0"": {""n"": 46, ""accuracy"": 0.8478260869565217}, ""y0_a1"": {""n"": 10, ""accuracy"": 0.1}, ""y1_a0"": {""n"": 4, ""accuracy"": 0.5}, ""y1_a1"": {""n"": 77, ""accuracy"": 0.961038961038961}}",0.26136445033511596
corr,debris,dinov2_b14_518,mask,1.0,123,test_rev,0.6152998236331569,0.7535014005602241,0.8324324324324324,137,81,58,0.6058394160583942,0.5619488536155203,0.29411764705882354,"{""y0_a0"": {""n"": 5, ""accuracy"": 0.6}, ""y0_a1"": {""n"": 51, ""accuracy"": 0.29411764705882354}, ""y1_a0"": {""n"": 74, ""accuracy"": 0.7972972972972973}, ""y1_a1"": {""n"": 7, ""accuracy"": 0.8571428571428571}}",0.26136445033511596
corr,debris,dinov2_b14_518,balanced,1.0,123,clean,0.8048941798941798,,0.8048941798941798,137,81,0,0.7372262773722628,0.7171516754850088,,"{""y0_a0"": {""n"": 56, ""accuracy"": 0.6071428571428571}, ""y0_a1"": {""n"": 0, ""accuracy"": NaN}, ""y1_a0"": {""n"": 81, ""accuracy"": 0.8271604938271605}, ""y1_a1"": {""n"": 0, ""accuracy"": NaN}}",0.5058385479024204
corr,debris,dinov2_b14_518,balanced,1.0,123,test_corr,0.8176807760141093,0.7285714285714285,0.8532608695652173,137,81,87,0.7518248175182481,0.7267416225749559,0.4,"{""y0_a0"": {""n"": 46, ""accuracy"": 0.6304347826086957}, ""y0_a1"": {""n"": 10, ""accuracy"": 0.4}, ""y1_a0"": {""n"": 4, ""accuracy"": 0.75}, ""y1_a1"": {""n"": 77, ""accuracy"": 0.8701298701298701}}",0.5058385479024204
corr,debris,dinov2_b14_518,balanced,1.0,123,test_rev,0.7749118165784833,0.8123249299719888,0.8,137,81,58,0.6934306569343066,0.6635802469135803,0.49019607843137253,"{""y0_a0"": {""n"": 5, ""accuracy"": 0.6}, ""y0_a1"": {""n"": 51, ""accuracy"": 0.49019607843137253}, ""y1_a0"": {""n"": 74, ""accuracy"": 0.8243243243243243}, ""y1_a1"": {""n"": 7, ""accuracy"": 0.8571428571428571}}",0.5058385479024204
corr,debris,dinov2_b14_518,umte_protect,1.0,123,clean,0.8615520282186948,,0.8615520282186948,137,81,0,0.781021897810219,0.7872574955908289,,"{""y0_a0"": {""n"": 56, ""accuracy"": 0.8214285714285714}, ""y0_a1"": {""n"": 0, ""accuracy"": NaN}, ""y1_a0"": {""n"": 81, ""accuracy"": 0.7530864197530864}, ""y1_a1"": {""n"": 0, ""accuracy"": NaN}}",0.38613048948702283
corr,debris,dinov2_b14_518,umte_protect,1.0,123,test_corr,0.8994708994708994,0.8246753246753247,0.6630434782608696,137,81,87,0.7956204379562044,0.7913359788359788,0.5,"{""y0_a0"": {""n"": 46, ""accuracy"": 0.8260869565217391}, ""y0_a1"": {""n"": 10, ""accuracy"": 0.5}, ""y1_a0"": {""n"": 4, ""accuracy"": 0.5}, ""y1_a1"": {""n"": 77, ""accuracy"": 0.8311688311688312}}",0.38613048948702283
corr,debris,dinov2_b14_518,umte_protect,1.0,123,test_rev,0.7762345679012345,0.7338935574229692,0.8162162162162162,137,81,58,0.6934306569343066,0.6801146384479717,0.5714285714285714,"{""y0_a0"": {""n"": 5, ""accuracy"": 0.6}, ""y0_a1"": {""n"": 51, ""accuracy"": 0.6078431372549019}, ""y1_a0"": {""n"": 74, ""accuracy"": 0.7702702702702703}, ""y1_a1"": {""n"": 7, ""accuracy"": 0.5714285714285714}}",0.38613048948702283
corr,debris,dinov2_b14_518,umte_protect_balanced,1.0,123,clean,0.867283950617284,,0.867283950617284,137,81,0,0.7883211678832117,0.7961860670194003,,"{""y0_a0"": {""n"": 56, ""accuracy"": 0.8392857142857143}, ""y0_a1"": {""n"": 0, ""accuracy"": NaN}, ""y1_a0"": {""n"": 81, ""accuracy"": 0.7530864197530864}, ""y1_a1"": {""n"": 0, ""accuracy"": NaN}}",0.5747175164007966
corr,debris,dinov2_b14_518,umte_protect_balanced,1.0,123,test_corr,0.8470017636684303,0.848051948051948,0.6793478260869565,137,81,87,0.781021897810219,0.7900132275132274,0.5,"{""y0_a0"": {""n"": 46, ""accuracy"": 0.8478260869565217}, ""y0_a1"": {""n"": 10, ""accuracy"": 0.8}, ""y1_a0"": {""n"": 4, ""accuracy"": 0.5}, ""y1_a1"": {""n"": 77, ""accuracy"": 0.7532467532467533}}",0.5747175164007966
corr,debris,dinov2_b14_518,umte_protect_balanced,1.0,123,test_rev,0.8461199294532629,0.7338935574229691,0.8189189189189189,137,81,58,0.7591240875912408,0.7632275132275133,0.42857142857142855,"{""y0_a0"": {""n"": 5, ""accuracy"": 0.6}, ""y0_a1"": {""n"": 51, ""accuracy"": 0.803921568627451}, ""y1_a0"": {""n"": 74, ""accuracy"": 0.7702702702702703}, ""y1_a1"": {""n"": 7, ""accuracy"": 0.42857142857142855}}",0.5747175164007966
corr,debris,dinov2_b14_518,i2e,1.0,123,clean,0.8635361552028219,,0.8635361552028219,137,81,0,0.7883211678832117,0.7603615520282186,,"{""y0_a0"": {""n"": 56, ""accuracy"": 0.6071428571428571}, ""y0_a1"": {""n"": 0, ""accuracy"": NaN}, ""y1_a0"": {""n"": 81, ""accuracy"": 0.9135802469135802}, ""y1_a1"": {""n"": 0, ""accuracy"": NaN}}",0.4002456252097972
corr,debris,dinov2_b14_518,i2e,1.0,123,test_corr,0.892416225749559,0.8077922077922077,0.9347826086956522,137,81,87,0.7956204379562044,0.7610229276895943,0.3,"{""y0_a0"": {""n"": 46, ""accuracy"": 0.6304347826086957}, ""y0_a1"": {""n"": 10, ""accuracy"": 0.3}, ""y1_a0"": {""n"": 4, ""accuracy"": 1.0}, ""y1_a1"": {""n"": 77, ""accuracy"": 0.948051948051948}}",0.4002456252097972
corr,debris,dinov2_b14_518,i2e,1.0,123,test_rev,0.7938712522045855,0.907563025210084,0.8243243243243243,137,81,58,0.708029197080292,0.662147266313933,0.4,"{""y0_a0"": {""n"": 5, ""accuracy"": 0.4}, ""y0_a1"": {""n"": 51, ""accuracy"": 0.4117647058823529}, ""y1_a0"": {""n"": 74, ""accuracy"": 0.9054054054054054}, ""y1_a1"": {""n"": 7, ""accuracy"": 1.0}}",0.4002456252097972
corr,debris,dinov2_b14_518,i2e_balanced,1.0,123,clean,0.8602292768959435,,0.8602292768959435,137,81,0,0.7518248175182481,0.712962962962963,,"{""y0_a0"": {""n"": 56, ""accuracy"": 0.5}, ""y0_a1"": {""n"": 0, ""accuracy"": NaN}, ""y1_a0"": {""n"": 81, ""accuracy"": 0.9259259259259259}, ""y1_a1"": {""n"": 0, ""accuracy"": NaN}}",0.48235783777775965
corr,debris,dinov2_b14_518,i2e_balanced,1.0,123,test_corr,0.8661816578483245,0.7974025974025974,0.9782608695652174,137,81,87,0.7518248175182481,0.7102072310405644,0.4,"{""y0_a0"": {""n"": 46, ""accuracy"": 0.5}, ""y0_a1"": {""n"": 10, ""accuracy"": 0.4}, ""y1_a0"": {""n"": 4, ""accuracy"": 1.0}, ""y1_a1"": {""n"": 77, ""accuracy"": 0.935064935064935}}",0.48235783777775965
corr,debris,dinov2_b14_518,i2e_balanced,1.0,123,test_rev,0.8384038800705467,0.8991596638655461,0.8675675675675676,137,81,58,0.7372262773722628,0.6951058201058201,0.4,"{""y0_a0"": {""n"": 5, ""accuracy"": 0.4}, ""y0_a1"": {""n"": 51, ""accuracy"": 0.47058823529411764}, ""y1_a0"": {""n"": 74, ""accuracy"": 0.918918918918919}, ""y1_a1"": {""n"": 7, ""accuracy"": 1.0}}",0.48235783777775965
corr,debris,dinov2_b14_518,i2e_rank1,1.0,123,clean,0.808641975308642,,0.808641975308642,137,81,0,0.7591240875912408,0.7274029982363316,,"{""y0_a0"": {""n"": 56, ""accuracy"": 0.5535714285714286}, ""y0_a1"": {""n"": 0, ""accuracy"": NaN}, ""y1_a0"": {""n"": 81, ""accuracy"": 0.9012345679012346}, ""y1_a1"": {""n"": 0, ""accuracy"": NaN}}",0.4043738345722307
corr,debris,dinov2_b14_518,i2e_rank1,1.0,123,test_corr,0.8355379188712522,0.7779220779220778,0.798913043478261,137,81,87,0.7518248175182481,0.7157186948853616,0.2,"{""y0_a0"": {""n"": 46, ""accuracy"": 0.5869565217391305}, ""y0_a1"": {""n"": 10, ""accuracy"": 0.2}, ""y1_a0"": {""n"": 4, ""accuracy"": 1.0}, ""y1_a1"": {""n"": 77, ""accuracy"": 0.9090909090909091}}",0.4043738345722307
corr,debris,dinov2_b14_518,i2e_rank1,1.0,123,test_rev,0.7630070546737212,0.834733893557423,0.8216216216216217,137,81,58,0.708029197080292,0.6649029982363316,0.4117647058823529,"{""y0_a0"": {""n"": 5, ""accuracy"": 0.6}, ""y0_a1"": {""n"": 51, ""accuracy"": 0.4117647058823529}, ""y1_a0"": {""n"": 74, ""accuracy"": 0.8918918918918919}, ""y1_a1"": {""n"": 7, ""accuracy"": 1.0}}",0.4043738345722307
corr,debris,dinov2_b14_518,insert_aug,1.0,123,clean,0.8082010582010581,,0.8082010582010581,137,81,0,0.7153284671532847,0.6820987654320987,,"{""y0_a0"": {""n"": 56, ""accuracy"": 0.5}, ""y0_a1"": {""n"": 0, ""accuracy"": NaN}, ""y1_a0"": {""n"": 81, ""accuracy"": 0.8641975308641975}, ""y1_a1"": {""n"": 0, ""accuracy"": NaN}}",0.4094890290928905
corr,debris,dinov2_b14_518,insert_aug,1.0,123,test_corr,0.8425925925925926,0.7649350649350649,0.7663043478260869,137,81,87,0.7226277372262774,0.6827601410934745,0.2,"{""y0_a0"": {""n"": 46, ""accuracy"": 0.5217391304347826}, ""y0_a1"": {""n"": 10, ""accuracy"": 0.2}, ""y1_a0"": {""n"": 4, ""accuracy"": 0.75}, ""y1_a1"": {""n"": 77, ""accuracy"": 0.9090909090909091}}",0.4094890290928905
corr,debris,dinov2_b14_518,insert_aug,1.0,123,test_rev,0.7398589065255732,0.8571428571428571,0.827027027027027,137,81,58,0.6715328467153284,0.6285273368606702,0.39215686274509803,"{""y0_a0"": {""n"": 5, ""accuracy"": 0.4}, ""y0_a1"": {""n"": 51, ""accuracy"": 0.39215686274509803}, ""y1_a0"": {""n"": 74, ""accuracy"": 0.8513513513513513}, ""y1_a1"": {""n"": 7, ""accuracy"": 1.0}}",0.4094890290928905
corr,debris,dinov2_b14_518,mte,1.0,123,clean,0.8544973544973544,,0.8544973544973544,137,81,0,0.7664233576642335,0.7749118165784832,,"{""y0_a0"": {""n"": 56, ""accuracy"": 0.8214285714285714}, ""y0_a1"": {""n"": 0, ""accuracy"": NaN}, ""y1_a0"": {""n"": 81, ""accuracy"": 0.7283950617283951}, ""y1_a1"": {""n"": 0, ""accuracy"": NaN}}",0.34826973028528696
corr,debris,dinov2_b14_518,mte,1.0,123,test_corr,0.9283509700176368,0.8597402597402598,0.6956521739130435,137,81,87,0.8394160583941606,0.8228615520282186,0.3,"{""y0_a0"": {""n"": 46, ""accuracy"": 0.8260869565217391}, ""y0_a1"": {""n"": 10, ""accuracy"": 0.3}, ""y1_a0"": {""n"": 4, ""accuracy"": 0.5}, ""y1_a1"": {""n"": 77, ""accuracy"": 0.935064935064935}}",0.34826973028528696
corr,debris,dinov2_b14_518,mte,1.0,123,test_rev,0.6468253968253967,0.7563025210084033,0.7594594594594595,137,81,58,0.6131386861313869,0.5819003527336861,0.4,"{""y0_a0"": {""n"": 5, ""accuracy"": 0.4}, ""y0_a1"": {""n"": 51, ""accuracy"": 0.4117647058823529}, ""y1_a0"": {""n"": 74, ""accuracy"": 0.7432432432432432}, ""y1_a1"": {""n"": 7, ""accuracy"": 0.8571428571428571}}",0.34826973028528696
corr,debris,dinov2_b14_518,mte_balanced,1.0,123,clean,0.8769841269841269,,0.8769841269841269,137,81,0,0.7518248175182481,0.7708333333333333,,"{""y0_a0"": {""n"": 56, ""accuracy"": 0.875}, ""y0_a1"": {""n"": 0, ""accuracy"": NaN}, ""y1_a0"": {""n"": 81, ""accuracy"": 0.6666666666666666}, ""y1_a1"": {""n"": 0, ""accuracy"": NaN}}",0.6316552803911301
corr,debris,dinov2_b14_518,mte_balanced,1.0,123,test_corr,0.8957231040564374,0.8636363636363636,0.7173913043478262,137,81,87,0.8029197080291971,0.8112874779541446,0.5,"{""y0_a0"": {""n"": 46, ""accuracy"": 0.8695652173913043}, ""y0_a1"": {""n"": 10, ""accuracy"": 0.8}, ""y1_a0"": {""n"": 4, ""accuracy"": 0.5}, ""y1_a1"": {""n"": 77, ""accuracy"": 0.7792207792207793}}",0.6316552803911301
corr,debris,dinov2_b14_518,mte_balanced,1.0,123,test_rev,0.816137566137566,0.773109243697479,0.7702702702702703,137,81,58,0.7445255474452555,0.7563932980599647,0.6,"{""y0_a0"": {""n"": 5, ""accuracy"": 0.6}, ""y0_a1"": {""n"": 51, ""accuracy"": 0.8431372549019608}, ""y1_a0"": {""n"": 74, ""accuracy"": 0.6891891891891891}, ""y1_a1"": {""n"": 7, ""accuracy"": 0.7142857142857143}}",0.6316552803911301
corr,debris,dinov2_b14_518,ui2e,1.0,123,clean,0.8619929453262787,,0.8619929453262787,137,81,0,0.7956204379562044,0.783068783068783,,"{""y0_a0"": {""n"": 56, ""accuracy"": 0.7142857142857143}, ""y0_a1"": {""n"": 0, ""accuracy"": NaN}, ""y1_a0"": {""n"": 81, ""accuracy"": 0.8518518518518519}, ""y1_a1"": {""n"": 0, ""accuracy"": NaN}}",0.4563906381975181
corr,debris,dinov2_b14_518,ui2e,1.0,123,test_corr,0.8776455026455027,0.7337662337662338,0.9402173913043479,137,81,87,0.8175182481751825,0.798831569664903,0.4,"{""y0_a0"": {""n"": 46, ""accuracy"": 0.7608695652173914}, ""y0_a1"": {""n"": 10, ""accuracy"": 0.4}, ""y1_a0"": {""n"": 4, ""accuracy"": 1.0}, ""y1_a1"": {""n"": 77, ""accuracy"": 0.8961038961038961}}",0.4563906381975181
corr,debris,dinov2_b14_518,ui2e,1.0,123,test_rev,0.8167989417989419,0.9299719887955181,0.8513513513513513,137,81,58,0.7445255474452555,0.720568783068783,0.5882352941176471,"{""y0_a0"": {""n"": 5, ""accuracy"": 0.6}, ""y0_a1"": {""n"": 51, ""accuracy"": 0.5882352941176471}, ""y1_a0"": {""n"": 74, ""accuracy"": 0.8378378378378378}, ""y1_a1"": {""n"": 7, ""accuracy"": 1.0}}",0.4563906381975181
corr,debris,dinov2_b14_518,ui2e_balanced,1.0,123,clean,0.8306878306878306,,0.8306878306878306,137,81,0,0.7664233576642335,0.7611331569664903,,"{""y0_a0"": {""n"": 56, ""accuracy"": 0.7321428571428571}, ""y0_a1"": {""n"": 0, ""accuracy"": NaN}, ""y1_a0"": {""n"": 81, ""accuracy"": 0.7901234567901234}, ""y1_a1"": {""n"": 0, ""accuracy"": NaN}}",0.5611077070800398
corr,debris,dinov2_b14_518,ui2e_balanced,1.0,123,test_corr,0.8324514991181657,0.7194805194805195,0.923913043478261,137,81,87,0.7737226277372263,0.7673059964726632,0.4,"{""y0_a0"": {""n"": 46, ""accuracy"": 0.8043478260869565}, ""y0_a1"": {""n"": 10, ""accuracy"": 0.4}, ""y1_a0"": {""n"": 4, ""accuracy"": 1.0}, ""y1_a1"": {""n"": 77, ""accuracy"": 0.7922077922077922}}",0.5611077070800398
corr,debris,dinov2_b14_518,ui2e_balanced,1.0,123,test_rev,0.8187830687830687,0.8795518207282913,0.8135135135135135,137,81,58,0.7445255474452555,0.734347442680776,0.6,"{""y0_a0"": {""n"": 5, ""accuracy"": 0.6}, ""y0_a1"": {""n"": 51, ""accuracy"": 0.6862745098039216}, ""y1_a0"": {""n"": 74, ""accuracy"": 0.7702702702702703}, ""y1_a1"": {""n"": 7, ""accuracy"": 1.0}}",0.5611077070800398
corr,debris,dinov2_b14_518,umte,1.0,123,clean,0.8368606701940036,,0.8368606701940036,137,81,0,0.7299270072992701,0.7027116402116402,,"{""y0_a0"": {""n"": 56, ""accuracy"": 0.5535714285714286}, ""y0_a1"": {""n"": 0, ""accuracy"": NaN}, ""y1_a0"": {""n"": 81, ""accuracy"": 0.8518518518518519}, ""y1_a1"": {""n"": 0, ""accuracy"": NaN}}",0.2563747220276123
corr,debris,dinov2_b14_518,umte,1.0,123,test_corr,0.8952821869488536,0.7883116883116883,0.6467391304347827,137,81,87,0.7591240875912408,0.724647266313933,0.1,"{""y0_a0"": {""n"": 46, ""accuracy"": 0.6304347826086957}, ""y0_a1"": {""n"": 10, ""accuracy"": 0.1}, ""y1_a0"": {""n"": 4, ""accuracy"": 0.5}, ""y1_a1"": {""n"": 77, ""accuracy"": 0.935064935064935}}",0.2563747220276123
corr,debris,dinov2_b14_518,umte,1.0,123,test_rev,0.7103174603174602,0.8291316526610644,0.7567567567567568,137,81,58,0.6058394160583942,0.5509259259259259,0.2,"{""y0_a0"": {""n"": 5, ""accuracy"": 0.2}, ""y0_a1"": {""n"": 51, ""accuracy"": 0.2549019607843137}, ""y1_a0"": {""n"": 74, ""accuracy"": 0.8378378378378378}, ""y1_a1"": {""n"": 7, ""accuracy"": 1.0}}",0.2563747220276123
corr,debris,dinov2_b14_518,umte_balanced,1.0,123,clean,0.8525132275132276,,0.8525132275132276,137,81,0,0.7664233576642335,0.7638888888888888,,"{""y0_a0"": {""n"": 56, ""accuracy"": 0.75}, ""y0_a1"": {""n"": 0, ""accuracy"": NaN}, ""y1_a0"": {""n"": 81, ""accuracy"": 0.7777777777777778}, ""y1_a1"": {""n"": 0, ""accuracy"": NaN}}",0.48280570524181005
corr,debris,dinov2_b14_518,umte_balanced,1.0,123,test_corr,0.8571428571428571,0.8038961038961039,0.6521739130434783,137,81,87,0.781021897810219,0.7789902998236331,0.5,"{""y0_a0"": {""n"": 46, ""accuracy"": 0.8043478260869565}, ""y0_a1"": {""n"": 10, ""accuracy"": 0.6}, ""y1_a0"": {""n"": 4, ""accuracy"": 0.5}, ""y1_a1"": {""n"": 77, ""accuracy"": 0.8051948051948052}}",0.48280570524181005
corr,debris,dinov2_b14_518,umte_balanced,1.0,123,test_rev,0.826058201058201,0.8291316526610644,0.7675675675675676,137,81,58,0.7518248175182481,0.7432760141093474,0.4,"{""y0_a0"": {""n"": 5, ""accuracy"": 0.4}, ""y0_a1"": {""n"": 51, ""accuracy"": 0.7254901960784313}, ""y1_a0"": {""n"": 74, ""accuracy"": 0.7837837837837838}, ""y1_a1"": {""n"": 7, ""accuracy"": 0.8571428571428571}}",0.48280570524181005
corr,debris,dinov2_b14_518,erm,1.0,456,clean,0.8044532627865961,,0.8044532627865961,137,81,0,0.7299270072992701,0.7220017636684304,,"{""y0_a0"": {""n"": 56, ""accuracy"": 0.6785714285714286}, ""y0_a1"": {""n"": 0, ""accuracy"": NaN}, ""y1_a0"": {""n"": 81, ""accuracy"": 0.7654320987654321}, ""y1_a1"": {""n"": 0, ""accuracy"": NaN}}",0.46588402826024866
corr,debris,dinov2_b14_518,erm,1.0,456,test_corr,0.865079365079365,0.9726027397260274,0.8842592592592593,137,81,75,0.8102189781021898,0.7899029982363316,0.6666666666666666,"{""y0_a0"": {""n"": 54, ""accuracy"": 0.6666666666666666}, ""y0_a1"": {""n"": 2, ""accuracy"": 1.0}, ""y1_a0"": {""n"": 8, ""accuracy"": 1.0}, ""y1_a1"": {""n"": 73, ""accuracy"": 0.8904109589041096}}",0.46588402826024866
corr,debris,dinov2_b14_518,erm,1.0,456,test_rev,0.7380952380952381,0.9007092198581561,0.7592592592592593,137,81,50,0.6496350364963503,0.6237874779541446,0.44680851063829785,"{""y0_a0"": {""n"": 9, ""accuracy"": 0.6666666666666666}, ""y0_a1"": {""n"": 47, ""accuracy"": 0.44680851063829785}, ""y1_a0"": {""n"": 78, ""accuracy"": 0.7564102564102564}, ""y1_a1"": {""n"": 3, ""accuracy"": 1.0}}",0.46588402826024866
corr,debris,dinov2_b14_518,mask,1.0,456,clean,0.8487654320987654,,0.8487654320987654,137,81,0,0.7664233576642335,0.7638888888888888,,"{""y0_a0"": {""n"": 56, ""accuracy"": 0.75}, ""y0_a1"": {""n"": 0, ""accuracy"": NaN}, ""y1_a0"": {""n"": 81, ""accuracy"": 0.7777777777777778}, ""y1_a1"": {""n"": 0, ""accuracy"": NaN}}",0.19326330820983018
corr,debris,dinov2_b14_518,mask,1.0,456,test_corr,0.9508377425044091,0.9726027397260273,0.8171296296296297,137,81,75,0.8613138686131386,0.8413800705467371,0.5,"{""y0_a0"": {""n"": 54, ""accuracy"": 0.7407407407407407}, ""y0_a1"": {""n"": 2, ""accuracy"": 0.5}, ""y1_a0"": {""n"": 8, ""accuracy"": 0.75}, ""y1_a1"": {""n"": 73, ""accuracy"": 0.9726027397260274}}",0.19326330820983018
corr,debris,dinov2_b14_518,mask,1.0,456,test_rev,0.6168430335097002,0.7730496453900708,0.8447293447293448,137,81,50,0.5547445255474452,0.5022045855379188,0.10638297872340426,"{""y0_a0"": {""n"": 9, ""accuracy"": 0.7777777777777778}, ""y0_a1"": {""n"": 47, ""accuracy"": 0.10638297872340426}, ""y1_a0"": {""n"": 78, ""accuracy"": 0.782051282051282}, ""y1_a1"": {""n"": 3, ""accuracy"": 1.0}}",0.19326330820983018
corr,debris,dinov2_b14_518,balanced,1.0,456,clean,0.8020282186948853,,0.8020282186948853,137,81,0,0.7591240875912408,0.7549603174603174,,"{""y0_a0"": {""n"": 56, ""accuracy"": 0.7321428571428571}, ""y0_a1"": {""n"": 0, ""accuracy"": NaN}, ""y1_a0"": {""n"": 81, ""accuracy"": 0.7777777777777778}, ""y1_a1"": {""n"": 0, ""accuracy"": NaN}}",0.4843747076225281
corr,debris,dinov2_b14_518,balanced,1.0,456,test_corr,0.8220899470899471,0.9794520547945205,0.8634259259259259,137,81,75,0.7956204379562044,0.7858245149911816,0.7222222222222222,"{""y0_a0"": {""n"": 54, ""accuracy"": 0.7222222222222222}, ""y0_a1"": {""n"": 2, ""accuracy"": 1.0}, ""y1_a0"": {""n"": 8, ""accuracy"": 1.0}, ""y1_a1"": {""n"": 73, ""accuracy"": 0.821917808219178}}",0.4843747076225281
corr,debris,dinov2_b14_518,balanced,1.0,456,test_rev,0.7766754850088183,0.8581560283687943,0.7435897435897436,137,81,50,0.7372262773722628,0.7281746031746033,0.6666666666666666,"{""y0_a0"": {""n"": 9, ""accuracy"": 0.6666666666666666}, ""y0_a1"": {""n"": 47, ""accuracy"": 0.6808510638297872}, ""y1_a0"": {""n"": 78, ""accuracy"": 0.7692307692307693}, ""y1_a1"": {""n"": 3, ""accuracy"": 1.0}}",0.4843747076225281
corr,debris,dinov2_b14_518,umte_protect,1.0,456,clean,0.8284832451499117,,0.8284832451499117,137,81,0,0.7518248175182481,0.7598104056437389,,"{""y0_a0"": {""n"": 56, ""accuracy"": 0.8035714285714286}, ""y0_a1"": {""n"": 0, ""accuracy"": NaN}, ""y1_a0"": {""n"": 81, ""accuracy"": 0.7160493827160493}, ""y1_a1"": {""n"": 0, ""accuracy"": NaN}}",0.3847264954202409
corr,debris,dinov2_b14_518,umte_protect,1.0,456,test_corr,0.9007936507936507,0.9383561643835616,0.7986111111111112,137,81,75,0.8102189781021898,0.8091931216931216,0.625,"{""y0_a0"": {""n"": 54, ""accuracy"": 0.7962962962962963}, ""y0_a1"": {""n"": 2, ""accuracy"": 1.0}, ""y1_a0"": {""n"": 8, ""accuracy"": 0.625}, ""y1_a1"": {""n"": 73, ""accuracy"": 0.8356164383561644}}",0.3847264954202409
corr,debris,dinov2_b14_518,umte_protect,1.0,456,test_rev,0.728395061728395,0.7446808510638298,0.8304843304843306,137,81,50,0.656934306569343,0.6437389770723103,0.5319148936170213,"{""y0_a0"": {""n"": 9, ""accuracy"": 0.7777777777777778}, ""y0_a1"": {""n"": 47, ""accuracy"": 0.5319148936170213}, ""y1_a0"": {""n"": 78, ""accuracy"": 0.717948717948718}, ""y1_a1"": {""n"": 3, ""accuracy"": 0.6666666666666666}}",0.3847264954202409
corr,debris,dinov2_b14_518,umte_protect_balanced,1.0,456,clean,0.8331128747795414,,0.8331128747795414,137,81,0,0.7664233576642335,0.7666446208112875,,"{""y0_a0"": {""n"": 56, ""accuracy"": 0.7678571428571429}, ""y0_a1"": {""n"": 0, ""accuracy"": NaN}, ""y1_a0"": {""n"": 81, ""accuracy"": 0.7654320987654321}, ""y1_a1"": {""n"": 0, ""accuracy"": NaN}}",0.42924153330761383
corr,debris,dinov2_b14_518,umte_protect_balanced,1.0,456,test_corr,0.8441358024691358,0.9452054794520548,0.7986111111111112,137,81,75,0.7737226277372263,0.7728174603174603,0.625,"{""y0_a0"": {""n"": 54, ""accuracy"": 0.7592592592592593}, ""y0_a1"": {""n"": 2, ""accuracy"": 1.0}, ""y1_a0"": {""n"": 8, ""accuracy"": 0.625}, ""y1_a1"": {""n"": 73, ""accuracy"": 0.7945205479452054}}",0.42924153330761383
corr,debris,dinov2_b14_518,umte_protect_balanced,1.0,456,test_rev,0.8176807760141094,0.7730496453900708,0.8518518518518519,137,81,50,0.7518248175182481,0.7487874779541446,0.6666666666666666,"{""y0_a0"": {""n"": 9, ""accuracy"": 0.7777777777777778}, ""y0_a1"": {""n"": 47, ""accuracy"": 0.723404255319149}, ""y1_a0"": {""n"": 78, ""accuracy"": 0.7692307692307693}, ""y1_a1"": {""n"": 3, ""accuracy"": 0.6666666666666666}}",0.42924153330761383
corr,debris,dinov2_b14_518,i2e,1.0,456,clean,0.861331569664903,,0.861331569664903,137,81,0,0.781021897810219,0.7541887125220459,,"{""y0_a0"": {""n"": 56, ""accuracy"": 0.6071428571428571}, ""y0_a1"": {""n"": 0, ""accuracy"": NaN}, ""y1_a0"": {""n"": 81, ""accuracy"": 0.9012345679012346}, ""y1_a1"": {""n"": 0, ""accuracy"": NaN}}",0.3935999632029316
corr,debris,dinov2_b14_518,i2e,1.0,456,test_corr,0.9010141093474426,0.9931506849315068,0.9189814814814815,137,81,75,0.8102189781021898,0.7788800705467371,0.5925925925925926,"{""y0_a0"": {""n"": 54, ""accuracy"": 0.5925925925925926}, ""y0_a1"": {""n"": 2, ""accuracy"": 1.0}, ""y1_a0"": {""n"": 8, ""accuracy"": 1.0}, ""y1_a1"": {""n"": 73, ""accuracy"": 0.9452054794520548}}",0.3935999632029316
corr,debris,dinov2_b14_518,i2e,1.0,456,test_rev,0.7954144620811286,0.9078014184397163,0.8247863247863249,137,81,50,0.708029197080292,0.6649029982363316,0.40425531914893614,"{""y0_a0"": {""n"": 9, ""accuracy"": 0.5555555555555556}, ""y0_a1"": {""n"": 47, ""accuracy"": 0.40425531914893614}, ""y1_a0"": {""n"": 78, ""accuracy"": 0.8974358974358975}, ""y1_a1"": {""n"": 3, ""accuracy"": 1.0}}",0.3935999632029316
corr,debris,dinov2_b14_518,i2e_balanced,1.0,456,clean,0.8562610229276896,,0.8562610229276896,137,81,0,0.781021897810219,0.7541887125220459,,"{""y0_a0"": {""n"": 56, ""accuracy"": 0.6071428571428571}, ""y0_a1"": {""n"": 0, ""accuracy"": NaN}, ""y1_a0"": {""n"": 81, ""accuracy"": 0.9012345679012346}, ""y1_a1"": {""n"": 0, ""accuracy"": NaN}}",0.4015520497833103
corr,debris,dinov2_b14_518,i2e_balanced,1.0,456,test_corr,0.8725749559082892,1.0,0.8773148148148148,137,81,75,0.7883211678832117,0.7603615520282186,0.5925925925925926,"{""y0_a0"": {""n"": 54, ""accuracy"": 0.5925925925925926}, ""y0_a1"": {""n"": 2, ""accuracy"": 1.0}, ""y1_a0"": {""n"": 8, ""accuracy"": 1.0}, ""y1_a1"": {""n"": 73, ""accuracy"": 0.9041095890410958}}",0.4015520497833103
corr,debris,dinov2_b14_518,i2e_balanced,1.0,456,test_rev,0.8350970017636684,0.8581560283687943,0.8190883190883191,137,81,50,0.7518248175182481,0.7184744268077601,0.5319148936170213,"{""y0_a0"": {""n"": 9, ""accuracy"": 0.5555555555555556}, ""y0_a1"": {""n"": 47, ""accuracy"": 0.5319148936170213}, ""y1_a0"": {""n"": 78, ""accuracy"": 0.8974358974358975}, ""y1_a1"": {""n"": 3, ""accuracy"": 1.0}}",0.4015520497833103
corr,debris,dinov2_b14_518,i2e_rank1,1.0,456,clean,0.8090828924162258,,0.8090828924162258,137,81,0,0.7664233576642335,0.736331569664903,,"{""y0_a0"": {""n"": 56, ""accuracy"": 0.5714285714285714}, ""y0_a1"": {""n"": 0, ""accuracy"": NaN}, ""y1_a0"": {""n"": 81, ""accuracy"": 0.9012345679012346}, ""y1_a1"": {""n"": 0, ""accuracy"": NaN}}",0.40359232215927554
corr,debris,dinov2_b14_518,i2e_rank1,1.0,456,test_corr,0.8525132275132274,0.9794520547945205,0.9004629629629629,137,81,75,0.7664233576642335,0.736331569664903,0.5555555555555556,"{""y0_a0"": {""n"": 54, ""accuracy"": 0.5555555555555556}, ""y0_a1"": {""n"": 2, ""accuracy"": 1.0}, ""y1_a0"": {""n"": 8, ""accuracy"": 1.0}, ""y1_a1"": {""n"": 73, ""accuracy"": 0.8904109589041096}}",0.40359232215927554
corr,debris,dinov2_b14_518,i2e_rank1,1.0,456,test_rev,0.7663139329805996,0.9148936170212766,0.7663817663817664,137,81,50,0.7007299270072993,0.6559744268077601,0.3829787234042553,"{""y0_a0"": {""n"": 9, ""accuracy"": 0.5555555555555556}, ""y0_a1"": {""n"": 47, ""accuracy"": 0.3829787234042553}, ""y1_a0"": {""n"": 78, ""accuracy"": 0.8974358974358975}, ""y1_a1"": {""n"": 3, ""accuracy"": 1.0}}",0.40359232215927554
corr,debris,dinov2_b14_518,insert_aug,1.0,456,clean,0.8130511463844796,,0.8130511463844796,137,81,0,0.7372262773722628,0.7033730158730158,,"{""y0_a0"": {""n"": 56, ""accuracy"": 0.5178571428571429}, ""y0_a1"": {""n"": 0, ""accuracy"": NaN}, ""y1_a0"": {""n"": 81, ""accuracy"": 0.8888888888888888}, ""y1_a1"": {""n"": 0, ""accuracy"": NaN}}",0.4041040987782275
corr,debris,dinov2_b14_518,insert_aug,1.0,456,test_corr,0.8664021164021164,0.9726027397260274,0.9050925925925926,137,81,75,0.7518248175182481,0.7157186948853616,0.5,"{""y0_a0"": {""n"": 54, ""accuracy"": 0.5}, ""y0_a1"": {""n"": 2, ""accuracy"": 1.0}, ""y1_a0"": {""n"": 8, ""accuracy"": 1.0}, ""y1_a1"": {""n"": 73, ""accuracy"": 0.9041095890410958}}",0.4041040987782275
corr,debris,dinov2_b14_518,insert_aug,1.0,456,test_rev,0.751984126984127,0.9290780141843972,0.7421652421652422,137,81,50,0.6934306569343066,0.6498015873015872,0.3829787234042553,"{""y0_a0"": {""n"": 9, ""accuracy"": 0.5555555555555556}, ""y0_a1"": {""n"": 47, ""accuracy"": 0.3829787234042553}, ""y1_a0"": {""n"": 78, ""accuracy"": 0.8846153846153846}, ""y1_a1"": {""n"": 3, ""accuracy"": 1.0}}",0.4041040987782275
corr,debris,dinov2_b14_518,mte,1.0,456,clean,0.8516313932980599,,0.8516313932980599,137,81,0,0.8029197080291971,0.7919973544973544,,"{""y0_a0"": {""n"": 56, ""accuracy"": 0.7321428571428571}, ""y0_a1"": {""n"": 0, ""accuracy"": NaN}, ""y1_a0"": {""n"": 81, ""accuracy"": 0.8518518518518519}, ""y1_a1"": {""n"": 0, ""accuracy"": NaN}}",0.26951109250573696
corr,debris,dinov2_b14_518,mte,1.0,456,test_corr,0.9422398589065256,0.9589041095890412,0.849537037037037,137,81,75,0.8394160583941606,0.8201058201058201,0.5,"{""y0_a0"": {""n"": 54, ""accuracy"": 0.7222222222222222}, ""y0_a1"": {""n"": 2, ""accuracy"": 0.5}, ""y1_a0"": {""n"": 8, ""accuracy"": 0.75}, ""y1_a1"": {""n"": 73, ""accuracy"": 0.9452054794520548}}",0.26951109250573696
corr,debris,dinov2_b14_518,mte,1.0,456,test_rev,0.6421957671957672,0.8226950354609928,0.8390313390313391,137,81,50,0.6204379562043796,0.5660273368606702,0.1702127659574468,"{""y0_a0"": {""n"": 9, ""accuracy"": 0.7777777777777778}, ""y0_a1"": {""n"": 47, ""accuracy"": 0.1702127659574468}, ""y1_a0"": {""n"": 78, ""accuracy"": 0.8589743589743589}, ""y1_a1"": {""n"": 3, ""accuracy"": 1.0}}",0.26951109250573696
corr,debris,dinov2_b14_518,mte_balanced,1.0,456,clean,0.8690476190476191,,0.8690476190476191,137,81,0,0.7883211678832117,0.7824074074074074,,"{""y0_a0"": {""n"": 56, ""accuracy"": 0.75}, ""y0_a1"": {""n"": 0, ""accuracy"": NaN}, ""y1_a0"": {""n"": 81, ""accuracy"": 0.8148148148148148}, ""y1_a1"": {""n"": 0, ""accuracy"": NaN}}",0.4380050539133739
corr,debris,dinov2_b14_518,mte_balanced,1.0,456,test_corr,0.9018959435626102,0.952054794520548,0.8472222222222222,137,81,75,0.8321167883211679,0.8194444444444444,0.7407407407407407,"{""y0_a0"": {""n"": 54, ""accuracy"": 0.7407407407407407}, ""y0_a1"": {""n"": 2, ""accuracy"": 1.0}, ""y1_a0"": {""n"": 8, ""accuracy"": 0.875}, ""y1_a1"": {""n"": 73, ""accuracy"": 0.8904109589041096}}",0.4380050539133739
corr,debris,dinov2_b14_518,mte_balanced,1.0,456,test_rev,0.8203262786596119,0.851063829787234,0.8575498575498575,137,81,50,0.7518248175182481,0.7377645502645502,0.6382978723404256,"{""y0_a0"": {""n"": 9, ""accuracy"": 0.7777777777777778}, ""y0_a1"": {""n"": 47, ""accuracy"": 0.6382978723404256}, ""y1_a0"": {""n"": 78, ""accuracy"": 0.8205128205128205}, ""y1_a1"": {""n"": 3, ""accuracy"": 0.6666666666666666}}",0.4380050539133739
corr,debris,dinov2_b14_518,ui2e,1.0,456,clean,0.8604497354497355,,0.8604497354497355,137,81,0,0.7883211678832117,0.7768959435626102,,"{""y0_a0"": {""n"": 56, ""accuracy"": 0.7142857142857143}, ""y0_a1"": {""n"": 0, ""accuracy"": NaN}, ""y1_a0"": {""n"": 81, ""accuracy"": 0.8395061728395061}, ""y1_a1"": {""n"": 0, ""accuracy"": NaN}}",0.4518196637787994
corr,debris,dinov2_b14_518,ui2e,1.0,456,test_corr,0.888668430335097,0.9863013698630136,0.9212962962962963,137,81,75,0.8175182481751825,0.8015873015873016,0.7037037037037037,"{""y0_a0"": {""n"": 54, ""accuracy"": 0.7037037037037037}, ""y0_a1"": {""n"": 2, ""accuracy"": 1.0}, ""y1_a0"": {""n"": 8, ""accuracy"": 1.0}, ""y1_a1"": {""n"": 73, ""accuracy"": 0.8767123287671232}}",0.4518196637787994
corr,debris,dinov2_b14_518,ui2e,1.0,456,test_rev,0.8185626102292768,0.9219858156028369,0.7621082621082621,137,81,50,0.7445255474452555,0.7233245149911816,0.5555555555555556,"{""y0_a0"": {""n"": 9, ""accuracy"": 0.5555555555555556}, ""y0_a1"": {""n"": 47, ""accuracy"": 0.6170212765957447}, ""y1_a0"": {""n"": 78, ""accuracy"": 0.8333333333333334}, ""y1_a1"": {""n"": 3, ""accuracy"": 1.0}}",0.4518196637787994
corr,debris,dinov2_b14_518,ui2e_balanced,1.0,456,clean,0.8231922398589064,,0.8231922398589064,137,81,0,0.7518248175182481,0.7515432098765432,,"{""y0_a0"": {""n"": 56, ""accuracy"": 0.75}, ""y0_a1"": {""n"": 0, ""accuracy"": NaN}, ""y1_a0"": {""n"": 81, ""accuracy"": 0.7530864197530864}, ""y1_a1"": {""n"": 0, ""accuracy"": NaN}}",0.4999135716687178
corr,debris,dinov2_b14_518,ui2e_balanced,1.0,456,test_corr,0.822310405643739,0.9452054794520548,0.8842592592592592,137,81,75,0.7518248175182481,0.7515432098765432,0.726027397260274,"{""y0_a0"": {""n"": 54, ""accuracy"": 0.7407407407407407}, ""y0_a1"": {""n"": 2, ""accuracy"": 1.0}, ""y1_a0"": {""n"": 8, ""accuracy"": 1.0}, ""y1_a1"": {""n"": 73, ""accuracy"": 0.726027397260274}}",0.4999135716687178
corr,debris,dinov2_b14_518,ui2e_balanced,1.0,456,test_rev,0.8172398589065255,0.8723404255319148,0.7407407407407407,137,81,50,0.7445255474452555,0.7426146384479717,0.6666666666666666,"{""y0_a0"": {""n"": 9, ""accuracy"": 0.6666666666666666}, ""y0_a1"": {""n"": 47, ""accuracy"": 0.7446808510638298}, ""y1_a0"": {""n"": 78, ""accuracy"": 0.7564102564102564}, ""y1_a1"": {""n"": 3, ""accuracy"": 0.6666666666666666}}",0.4999135716687178
corr,debris,dinov2_b14_518,umte,1.0,456,clean,0.8322310405643739,,0.8322310405643739,137,81,0,0.7445255474452555,0.7371031746031746,,"{""y0_a0"": {""n"": 56, ""accuracy"": 0.6964285714285714}, ""y0_a1"": {""n"": 0, ""accuracy"": NaN}, ""y1_a0"": {""n"": 81, ""accuracy"": 0.7777777777777778}, ""y1_a1"": {""n"": 0, ""accuracy"": NaN}}",0.3244840664700997
corr,debris,dinov2_b14_518,umte,1.0,456,test_corr,0.9153439153439153,0.9246575342465753,0.8217592592592593,137,81,75,0.8102189781021898,0.7899029982363316,0.5,"{""y0_a0"": {""n"": 54, ""accuracy"": 0.6851851851851852}, ""y0_a1"": {""n"": 2, ""accuracy"": 0.5}, ""y1_a0"": {""n"": 8, ""accuracy"": 0.75}, ""y1_a1"": {""n"": 73, ""accuracy"": 0.9178082191780822}}",0.3244840664700997
corr,debris,dinov2_b14_518,umte,1.0,456,test_rev,0.7026014109347443,0.8936170212765958,0.7991452991452992,137,81,50,0.635036496350365,0.6004188712522045,0.3617021276595745,"{""y0_a0"": {""n"": 9, ""accuracy"": 0.6666666666666666}, ""y0_a1"": {""n"": 47, ""accuracy"": 0.3617021276595745}, ""y1_a0"": {""n"": 78, ""accuracy"": 0.782051282051282}, ""y1_a1"": {""n"": 3, ""accuracy"": 1.0}}",0.3244840664700997
corr,debris,dinov2_b14_518,umte_balanced,1.0,456,clean,0.8430335097001763,,0.8430335097001763,137,81,0,0.7445255474452555,0.7371031746031746,,"{""y0_a0"": {""n"": 56, ""accuracy"": 0.6964285714285714}, ""y0_a1"": {""n"": 0, ""accuracy"": NaN}, ""y1_a0"": {""n"": 81, ""accuracy"": 0.7777777777777778}, ""y1_a1"": {""n"": 0, ""accuracy"": NaN}}",0.40116054199866424
corr,debris,dinov2_b14_518,umte_balanced,1.0,456,test_corr,0.8646384479717812,0.9452054794520548,0.8194444444444444,137,81,75,0.7883211678832117,0.7741402116402116,0.6851851851851852,"{""y0_a0"": {""n"": 54, ""accuracy"": 0.6851851851851852}, ""y0_a1"": {""n"": 2, ""accuracy"": 1.0}, ""y1_a0"": {""n"": 8, ""accuracy"": 0.75}, ""y1_a1"": {""n"": 73, ""accuracy"": 0.863013698630137}}",0.40116054199866424
corr,debris,dinov2_b14_518,umte_balanced,1.0,456,test_rev,0.8198853615520283,0.9078014184397163,0.8376068376068376,137,81,50,0.7226277372262774,0.7075617283950617,0.6170212765957447,"{""y0_a0"": {""n"": 9, ""accuracy"": 0.6666666666666666}, ""y0_a1"": {""n"": 47, ""accuracy"": 0.6170212765957447}, ""y1_a0"": {""n"": 78, ""accuracy"": 0.782051282051282}, ""y1_a1"": {""n"": 3, ""accuracy"": 1.0}}",0.40116054199866424
