phase,artifact,backbone,method,overlap,seed,env,auc,auc_artifact_present,auc_artifact_absent,n,n_pos,n_artifact_present,accuracy,balanced_accuracy,worst_group_accuracy,group_details_json,threshold_clean_val,fold
corr,transplant,dinov2_b14_518,erm,0.0,42,clean,0.7156862745098039,,0.7156862745098039,70,36,0,0.7285714285714285,0.7320261437908497,,"{""y0_a0"": {""n"": 34, ""accuracy"": 0.8529411764705882}, ""y0_a1"": {""n"": 0, ""accuracy"": NaN}, ""y1_a0"": {""n"": 36, ""accuracy"": 0.6111111111111112}, ""y1_a1"": {""n"": 0, ""accuracy"": NaN}}",0.5547987559190928,0
corr,transplant,dinov2_b14_518,erm,0.0,42,test_corr,0.7491830065359478,0.6893939393939394,0.6333333333333333,70,36,37,0.7285714285714285,0.7320261437908497,0.6060606060606061,"{""y0_a0"": {""n"": 30, ""accuracy"": 0.8666666666666667}, ""y0_a1"": {""n"": 4, ""accuracy"": 0.75}, ""y1_a0"": {""n"": 3, ""accuracy"": 0.6666666666666666}, ""y1_a1"": {""n"": 33, ""accuracy"": 0.6060606060606061}}",0.5547987559190928,0
corr,transplant,dinov2_b14_518,erm,0.0,42,test_rev,0.6862745098039216,0.7204301075268817,0.7777777777777778,70,36,34,0.7285714285714285,0.7320261437908497,0.6060606060606061,"{""y0_a0"": {""n"": 3, ""accuracy"": 1.0}, ""y0_a1"": {""n"": 31, ""accuracy"": 0.8387096774193549}, ""y1_a0"": {""n"": 33, ""accuracy"": 0.6060606060606061}, ""y1_a1"": {""n"": 3, ""accuracy"": 0.6666666666666666}}",0.5547987559190928,0
corr,transplant,dinov2_b14_518,mask,0.0,42,clean,0.7222222222222222,,0.7222222222222222,70,36,0,0.6571428571428571,0.6617647058823529,,"{""y0_a0"": {""n"": 34, ""accuracy"": 0.8235294117647058}, ""y0_a1"": {""n"": 0, ""accuracy"": NaN}, ""y1_a0"": {""n"": 36, ""accuracy"": 0.5}, ""y1_a1"": {""n"": 0, ""accuracy"": NaN}}",0.6452483290272973,0
corr,transplant,dinov2_b14_518,mask,0.0,42,test_corr,0.7222222222222222,0.6212121212121212,0.6444444444444445,70,36,37,0.6571428571428571,0.6617647058823529,0.3333333333333333,"{""y0_a0"": {""n"": 30, ""accuracy"": 0.8333333333333334}, ""y0_a1"": {""n"": 4, ""accuracy"": 0.75}, ""y1_a0"": {""n"": 3, ""accuracy"": 0.3333333333333333}, ""y1_a1"": {""n"": 33, ""accuracy"": 0.5151515151515151}}",0.6452483290272973,0
corr,transplant,dinov2_b14_518,mask,0.0,42,test_rev,0.7222222222222222,0.8709677419354839,0.7878787878787878,70,36,34,0.6571428571428571,0.6617647058823529,0.4848484848484848,"{""y0_a0"": {""n"": 3, ""accuracy"": 1.0}, ""y0_a1"": {""n"": 31, ""accuracy"": 0.8064516129032258}, ""y1_a0"": {""n"": 33, ""accuracy"": 0.48484848484848486}, ""y1_a1"": {""n"": 3, ""accuracy"": 0.6666666666666666}}",0.6452483290272973,0
corr,transplant,dinov2_b14_518,inpaint,0.0,42,clean,0.7230392156862746,,0.7230392156862746,70,36,0,0.7285714285714285,0.7320261437908497,,"{""y0_a0"": {""n"": 34, ""accuracy"": 0.8529411764705882}, ""y0_a1"": {""n"": 0, ""accuracy"": NaN}, ""y1_a0"": {""n"": 36, ""accuracy"": 0.6111111111111112}, ""y1_a1"": {""n"": 0, ""accuracy"": NaN}}",0.5475234081519863,0
corr,transplant,dinov2_b14_518,inpaint,0.0,42,test_corr,0.7320261437908496,0.6893939393939394,0.6333333333333333,70,36,37,0.7285714285714285,0.7320261437908497,0.6060606060606061,"{""y0_a0"": {""n"": 30, ""accuracy"": 0.8666666666666667}, ""y0_a1"": {""n"": 4, ""accuracy"": 0.75}, ""y1_a0"": {""n"": 3, ""accuracy"": 0.6666666666666666}, ""y1_a1"": {""n"": 33, ""accuracy"": 0.6060606060606061}}",0.5475234081519863,0
corr,transplant,dinov2_b14_518,inpaint,0.0,42,test_rev,0.715686274509804,0.7096774193548387,0.7878787878787878,70,36,34,0.7285714285714285,0.7320261437908497,0.6060606060606061,"{""y0_a0"": {""n"": 3, ""accuracy"": 1.0}, ""y0_a1"": {""n"": 31, ""accuracy"": 0.8387096774193549}, ""y1_a0"": {""n"": 33, ""accuracy"": 0.6060606060606061}, ""y1_a1"": {""n"": 3, ""accuracy"": 0.6666666666666666}}",0.5475234081519863,0
corr,transplant,dinov2_b14_518,balanced,0.0,42,clean,0.7426470588235294,,0.7426470588235294,70,36,0,0.6857142857142857,0.6895424836601307,,"{""y0_a0"": {""n"": 34, ""accuracy"": 0.8235294117647058}, ""y0_a1"": {""n"": 0, ""accuracy"": NaN}, ""y1_a0"": {""n"": 36, ""accuracy"": 0.5555555555555556}, ""y1_a1"": {""n"": 0, ""accuracy"": NaN}}",0.5294091237129643,0
corr,transplant,dinov2_b14_518,balanced,0.0,42,test_corr,0.7320261437908497,0.7803030303030303,0.6333333333333333,70,36,37,0.6714285714285714,0.6756535947712419,0.3333333333333333,"{""y0_a0"": {""n"": 30, ""accuracy"": 0.8333333333333334}, ""y0_a1"": {""n"": 4, ""accuracy"": 0.75}, ""y1_a0"": {""n"": 3, ""accuracy"": 0.3333333333333333}, ""y1_a1"": {""n"": 33, ""accuracy"": 0.5454545454545454}}",0.5294091237129643,0
corr,transplant,dinov2_b14_518,balanced,0.0,42,test_rev,0.7434640522875816,0.7096774193548387,0.8383838383838383,70,36,34,0.6857142857142857,0.6895424836601307,0.3333333333333333,"{""y0_a0"": {""n"": 3, ""accuracy"": 1.0}, ""y0_a1"": {""n"": 31, ""accuracy"": 0.8064516129032258}, ""y1_a0"": {""n"": 33, ""accuracy"": 0.5757575757575758}, ""y1_a1"": {""n"": 3, ""accuracy"": 0.3333333333333333}}",0.5294091237129643,0
corr,transplant,dinov2_b14_518,dfr,0.0,42,clean,0.7540849673202614,,0.7540849673202614,70,36,0,0.7428571428571429,0.7459150326797386,,"{""y0_a0"": {""n"": 34, ""accuracy"": 0.8529411764705882}, ""y0_a1"": {""n"": 0, ""accuracy"": NaN}, ""y1_a0"": {""n"": 36, ""accuracy"": 0.6388888888888888}, ""y1_a1"": {""n"": 0, ""accuracy"": NaN}}",0.5274047609512564,0
corr,transplant,dinov2_b14_518,dfr,0.0,42,test_corr,0.7589869281045752,0.8257575757575757,0.5666666666666667,70,36,37,0.7571428571428571,0.7598039215686274,0.3333333333333333,"{""y0_a0"": {""n"": 30, ""accuracy"": 0.8333333333333334}, ""y0_a1"": {""n"": 4, ""accuracy"": 1.0}, ""y1_a0"": {""n"": 3, ""accuracy"": 0.3333333333333333}, ""y1_a1"": {""n"": 33, ""accuracy"": 0.696969696969697}}",0.5274047609512564,0
corr,transplant,dinov2_b14_518,dfr,0.0,42,test_rev,0.7483660130718953,0.8387096774193548,0.8686868686868688,70,36,34,0.7285714285714285,0.7312091503267973,0.6363636363636364,"{""y0_a0"": {""n"": 3, ""accuracy"": 1.0}, ""y0_a1"": {""n"": 31, ""accuracy"": 0.8064516129032258}, ""y1_a0"": {""n"": 33, ""accuracy"": 0.6363636363636364}, ""y1_a1"": {""n"": 3, ""accuracy"": 0.6666666666666666}}",0.5274047609512564,0
corr,transplant,dinov2_b14_518,erm,0.0,123,clean,0.7050653594771242,,0.7050653594771242,70,36,0,0.6571428571428571,0.6576797385620915,,"{""y0_a0"": {""n"": 34, ""accuracy"": 0.6764705882352942}, ""y0_a1"": {""n"": 0, ""accuracy"": NaN}, ""y1_a0"": {""n"": 36, ""accuracy"": 0.6388888888888888}, ""y1_a1"": {""n"": 0, ""accuracy"": NaN}}",0.478926439648381,0
corr,transplant,dinov2_b14_518,erm,0.0,123,test_corr,0.7532679738562091,0.7979797979797979,0.6236559139784946,70,36,36,0.7142857142857143,0.7132352941176471,0.6451612903225806,"{""y0_a0"": {""n"": 31, ""accuracy"": 0.6451612903225806}, ""y0_a1"": {""n"": 3, ""accuracy"": 1.0}, ""y1_a0"": {""n"": 3, ""accuracy"": 0.6666666666666666}, ""y1_a1"": {""n"": 33, ""accuracy"": 0.7575757575757576}}",0.478926439648381,0
corr,transplant,dinov2_b14_518,erm,0.0,123,test_rev,0.6715686274509804,0.9166666666666666,0.6333333333333333,70,36,38,0.5857142857142857,0.5841503267973855,0.5,"{""y0_a0"": {""n"": 2, ""accuracy"": 1.0}, ""y0_a1"": {""n"": 32, ""accuracy"": 0.5}, ""y1_a0"": {""n"": 30, ""accuracy"": 0.5666666666666667}, ""y1_a1"": {""n"": 6, ""accuracy"": 1.0}}",0.478926439648381,0
corr,transplant,dinov2_b14_518,mask,0.0,123,clean,0.7222222222222222,,0.7222222222222222,70,36,0,0.6571428571428571,0.6617647058823529,,"{""y0_a0"": {""n"": 34, ""accuracy"": 0.8235294117647058}, ""y0_a1"": {""n"": 0, ""accuracy"": NaN}, ""y1_a0"": {""n"": 36, ""accuracy"": 0.5}, ""y1_a1"": {""n"": 0, ""accuracy"": NaN}}",0.6452688064005297,0
corr,transplant,dinov2_b14_518,mask,0.0,123,test_corr,0.7222222222222222,0.6060606060606061,0.6559139784946236,70,36,36,0.6571428571428571,0.6617647058823529,0.4848484848484848,"{""y0_a0"": {""n"": 31, ""accuracy"": 0.8387096774193549}, ""y0_a1"": {""n"": 3, ""accuracy"": 0.6666666666666666}, ""y1_a0"": {""n"": 3, ""accuracy"": 0.6666666666666666}, ""y1_a1"": {""n"": 33, ""accuracy"": 0.48484848484848486}}",0.6452688064005297,0
corr,transplant,dinov2_b14_518,mask,0.0,123,test_rev,0.7222222222222222,0.7447916666666666,0.6833333333333333,70,36,38,0.6571428571428571,0.6617647058823529,0.5,"{""y0_a0"": {""n"": 2, ""accuracy"": 1.0}, ""y0_a1"": {""n"": 32, ""accuracy"": 0.8125}, ""y1_a0"": {""n"": 30, ""accuracy"": 0.5}, ""y1_a1"": {""n"": 6, ""accuracy"": 0.5}}",0.6452688064005297,0
corr,transplant,dinov2_b14_518,inpaint,0.0,123,clean,0.7230392156862745,,0.7230392156862745,70,36,0,0.7285714285714285,0.7320261437908497,,"{""y0_a0"": {""n"": 34, ""accuracy"": 0.8529411764705882}, ""y0_a1"": {""n"": 0, ""accuracy"": NaN}, ""y1_a0"": {""n"": 36, ""accuracy"": 0.6111111111111112}, ""y1_a1"": {""n"": 0, ""accuracy"": NaN}}",0.552257538305519,0
corr,transplant,dinov2_b14_518,inpaint,0.0,123,test_corr,0.7336601307189542,0.7777777777777778,0.6451612903225806,70,36,36,0.7285714285714285,0.7320261437908497,0.6060606060606061,"{""y0_a0"": {""n"": 31, ""accuracy"": 0.8387096774193549}, ""y0_a1"": {""n"": 3, ""accuracy"": 1.0}, ""y1_a0"": {""n"": 3, ""accuracy"": 0.6666666666666666}, ""y1_a1"": {""n"": 33, ""accuracy"": 0.6060606060606061}}",0.552257538305519,0
corr,transplant,dinov2_b14_518,inpaint,0.0,123,test_rev,0.7156862745098039,0.9010416666666666,0.7166666666666666,70,36,38,0.7285714285714285,0.7320261437908497,0.5333333333333333,"{""y0_a0"": {""n"": 2, ""accuracy"": 1.0}, ""y0_a1"": {""n"": 32, ""accuracy"": 0.84375}, ""y1_a0"": {""n"": 30, ""accuracy"": 0.5333333333333333}, ""y1_a1"": {""n"": 6, ""accuracy"": 1.0}}",0.552257538305519,0
corr,transplant,dinov2_b14_518,balanced,0.0,123,clean,0.7254901960784315,,0.7254901960784315,70,36,0,0.7142857142857143,0.7181372549019608,,"{""y0_a0"": {""n"": 34, ""accuracy"": 0.8529411764705882}, ""y0_a1"": {""n"": 0, ""accuracy"": NaN}, ""y1_a0"": {""n"": 36, ""accuracy"": 0.5833333333333334}, ""y1_a1"": {""n"": 0, ""accuracy"": NaN}}",0.5594162655493651,0
corr,transplant,dinov2_b14_518,balanced,0.0,123,test_corr,0.7165032679738562,0.6868686868686869,0.6344086021505376,70,36,36,0.7142857142857143,0.7181372549019608,0.5757575757575758,"{""y0_a0"": {""n"": 31, ""accuracy"": 0.8387096774193549}, ""y0_a1"": {""n"": 3, ""accuracy"": 1.0}, ""y1_a0"": {""n"": 3, ""accuracy"": 0.6666666666666666}, ""y1_a1"": {""n"": 33, ""accuracy"": 0.5757575757575758}}",0.5594162655493651,0
corr,transplant,dinov2_b14_518,balanced,0.0,123,test_rev,0.7377450980392156,0.921875,0.7833333333333334,70,36,38,0.7285714285714285,0.732843137254902,0.5,"{""y0_a0"": {""n"": 2, ""accuracy"": 1.0}, ""y0_a1"": {""n"": 32, ""accuracy"": 0.875}, ""y1_a0"": {""n"": 30, ""accuracy"": 0.5}, ""y1_a1"": {""n"": 6, ""accuracy"": 1.0}}",0.5594162655493651,0
corr,transplant,dinov2_b14_518,dfr,0.0,123,clean,0.7622549019607843,,0.7622549019607843,70,36,0,0.7142857142857143,0.7173202614379085,,"{""y0_a0"": {""n"": 34, ""accuracy"": 0.8235294117647058}, ""y0_a1"": {""n"": 0, ""accuracy"": NaN}, ""y1_a0"": {""n"": 36, ""accuracy"": 0.6111111111111112}, ""y1_a1"": {""n"": 0, ""accuracy"": NaN}}",0.5052814043758906,0
corr,transplant,dinov2_b14_518,dfr,0.0,123,test_corr,0.7892156862745097,0.8383838383838385,0.5376344086021505,70,36,36,0.7142857142857143,0.7173202614379085,0.3333333333333333,"{""y0_a0"": {""n"": 31, ""accuracy"": 0.8387096774193549}, ""y0_a1"": {""n"": 3, ""accuracy"": 0.6666666666666666}, ""y1_a0"": {""n"": 3, ""accuracy"": 0.3333333333333333}, ""y1_a1"": {""n"": 33, ""accuracy"": 0.6363636363636364}}",0.5052814043758906,0
corr,transplant,dinov2_b14_518,dfr,0.0,123,test_rev,0.7303921568627452,0.9583333333333334,0.9,70,36,38,0.6857142857142857,0.6879084967320261,0.5333333333333333,"{""y0_a0"": {""n"": 2, ""accuracy"": 1.0}, ""y0_a1"": {""n"": 32, ""accuracy"": 0.75}, ""y1_a0"": {""n"": 30, ""accuracy"": 0.5333333333333333}, ""y1_a1"": {""n"": 6, ""accuracy"": 1.0}}",0.5052814043758906,0
corr,transplant,dinov2_b14_518,erm,0.0,456,clean,0.7091503267973855,,0.7091503267973855,70,36,0,0.7285714285714285,0.7320261437908497,,"{""y0_a0"": {""n"": 34, ""accuracy"": 0.8529411764705882}, ""y0_a1"": {""n"": 0, ""accuracy"": NaN}, ""y1_a0"": {""n"": 36, ""accuracy"": 0.6111111111111112}, ""y1_a1"": {""n"": 0, ""accuracy"": NaN}}",0.5558069261047506,0
corr,transplant,dinov2_b14_518,erm,0.0,456,test_corr,0.7491830065359478,0.8387096774193548,0.8,70,36,34,0.7428571428571429,0.7459150326797386,0.6129032258064516,"{""y0_a0"": {""n"": 31, ""accuracy"": 0.8387096774193549}, ""y0_a1"": {""n"": 3, ""accuracy"": 1.0}, ""y1_a0"": {""n"": 5, ""accuracy"": 0.8}, ""y1_a1"": {""n"": 31, ""accuracy"": 0.6129032258064516}}",0.5558069261047506,0
corr,transplant,dinov2_b14_518,erm,0.0,456,test_rev,0.6830065359477124,0.8916666666666666,0.796875,70,36,34,0.7285714285714285,0.7320261437908497,0.59375,"{""y0_a0"": {""n"": 4, ""accuracy"": 0.75}, ""y0_a1"": {""n"": 30, ""accuracy"": 0.8666666666666667}, ""y1_a0"": {""n"": 32, ""accuracy"": 0.59375}, ""y1_a1"": {""n"": 4, ""accuracy"": 0.75}}",0.5558069261047506,0
corr,transplant,dinov2_b14_518,mask,0.0,456,clean,0.7222222222222222,,0.7222222222222222,70,36,0,0.6571428571428571,0.6617647058823529,,"{""y0_a0"": {""n"": 34, ""accuracy"": 0.8235294117647058}, ""y0_a1"": {""n"": 0, ""accuracy"": NaN}, ""y1_a0"": {""n"": 36, ""accuracy"": 0.5}, ""y1_a1"": {""n"": 0, ""accuracy"": NaN}}",0.645236335526743,0
corr,transplant,dinov2_b14_518,mask,0.0,456,test_corr,0.7222222222222222,0.8064516129032258,0.8387096774193549,70,36,34,0.6571428571428571,0.6617647058823529,0.4,"{""y0_a0"": {""n"": 31, ""accuracy"": 0.8064516129032258}, ""y0_a1"": {""n"": 3, ""accuracy"": 1.0}, ""y1_a0"": {""n"": 5, ""accuracy"": 0.4}, ""y1_a1"": {""n"": 31, ""accuracy"": 0.5161290322580645}}",0.645236335526743,0
corr,transplant,dinov2_b14_518,mask,0.0,456,test_rev,0.7222222222222222,0.6500000000000001,0.78125,70,36,34,0.6571428571428571,0.6617647058823529,0.5,"{""y0_a0"": {""n"": 4, ""accuracy"": 0.75}, ""y0_a1"": {""n"": 30, ""accuracy"": 0.8333333333333334}, ""y1_a0"": {""n"": 32, ""accuracy"": 0.5}, ""y1_a1"": {""n"": 4, ""accuracy"": 0.5}}",0.645236335526743,0
corr,transplant,dinov2_b14_518,inpaint,0.0,456,clean,0.72140522875817,,0.72140522875817,70,36,0,0.6857142857142857,0.690359477124183,,"{""y0_a0"": {""n"": 34, ""accuracy"": 0.8529411764705882}, ""y0_a1"": {""n"": 0, ""accuracy"": NaN}, ""y1_a0"": {""n"": 36, ""accuracy"": 0.5277777777777778}, ""y1_a1"": {""n"": 0, ""accuracy"": NaN}}",0.5687527890666471,0
corr,transplant,dinov2_b14_518,inpaint,0.0,456,test_corr,0.7320261437908497,0.8279569892473118,0.7935483870967743,70,36,34,0.6857142857142857,0.690359477124183,0.5161290322580645,"{""y0_a0"": {""n"": 31, ""accuracy"": 0.8387096774193549}, ""y0_a1"": {""n"": 3, ""accuracy"": 1.0}, ""y1_a0"": {""n"": 5, ""accuracy"": 0.6}, ""y1_a1"": {""n"": 31, ""accuracy"": 0.5161290322580645}}",0.5687527890666471,0
corr,transplant,dinov2_b14_518,inpaint,0.0,456,test_rev,0.7197712418300654,0.9,0.796875,70,36,34,0.6857142857142857,0.690359477124183,0.5,"{""y0_a0"": {""n"": 4, ""accuracy"": 0.75}, ""y0_a1"": {""n"": 30, ""accuracy"": 0.8666666666666667}, ""y1_a0"": {""n"": 32, ""accuracy"": 0.5}, ""y1_a1"": {""n"": 4, ""accuracy"": 0.75}}",0.5687527890666471,0
corr,transplant,dinov2_b14_518,balanced,0.0,456,clean,0.6887254901960784,,0.6887254901960784,70,36,0,0.6142857142857143,0.619281045751634,,"{""y0_a0"": {""n"": 34, ""accuracy"": 0.7941176470588235}, ""y0_a1"": {""n"": 0, ""accuracy"": NaN}, ""y1_a0"": {""n"": 36, ""accuracy"": 0.4444444444444444}, ""y1_a1"": {""n"": 0, ""accuracy"": NaN}}",0.5606255359576873,0
corr,transplant,dinov2_b14_518,balanced,0.0,456,test_corr,0.6740196078431373,0.8064516129032258,0.7354838709677419,70,36,34,0.6142857142857143,0.619281045751634,0.4193548387096774,"{""y0_a0"": {""n"": 31, ""accuracy"": 0.7741935483870968}, ""y0_a1"": {""n"": 3, ""accuracy"": 1.0}, ""y1_a0"": {""n"": 5, ""accuracy"": 0.6}, ""y1_a1"": {""n"": 31, ""accuracy"": 0.41935483870967744}}",0.5606255359576873,0
corr,transplant,dinov2_b14_518,balanced,0.0,456,test_rev,0.7001633986928104,0.85,0.75,70,36,34,0.6142857142857143,0.619281045751634,0.40625,"{""y0_a0"": {""n"": 4, ""accuracy"": 0.75}, ""y0_a1"": {""n"": 30, ""accuracy"": 0.8}, ""y1_a0"": {""n"": 32, ""accuracy"": 0.40625}, ""y1_a1"": {""n"": 4, ""accuracy"": 0.75}}",0.5606255359576873,0
corr,transplant,dinov2_b14_518,dfr,0.0,456,clean,0.7475490196078431,,0.7475490196078431,70,36,0,0.7,0.7009803921568627,,"{""y0_a0"": {""n"": 34, ""accuracy"": 0.7352941176470589}, ""y0_a1"": {""n"": 0, ""accuracy"": NaN}, ""y1_a0"": {""n"": 36, ""accuracy"": 0.6666666666666666}, ""y1_a1"": {""n"": 0, ""accuracy"": NaN}}",0.4742837914726855,0
corr,transplant,dinov2_b14_518,dfr,0.0,456,test_corr,0.7647058823529412,0.8064516129032258,0.8451612903225807,70,36,34,0.7142857142857143,0.7148692810457516,0.6774193548387096,"{""y0_a0"": {""n"": 31, ""accuracy"": 0.7096774193548387}, ""y0_a1"": {""n"": 3, ""accuracy"": 1.0}, ""y1_a0"": {""n"": 5, ""accuracy"": 0.8}, ""y1_a1"": {""n"": 31, ""accuracy"": 0.6774193548387096}}",0.4742837914726855,0
corr,transplant,dinov2_b14_518,dfr,0.0,456,test_rev,0.738562091503268,0.8916666666666667,0.7734375,70,36,34,0.6571428571428571,0.6560457516339869,0.6,"{""y0_a0"": {""n"": 4, ""accuracy"": 0.75}, ""y0_a1"": {""n"": 30, ""accuracy"": 0.6}, ""y1_a0"": {""n"": 32, ""accuracy"": 0.65625}, ""y1_a1"": {""n"": 4, ""accuracy"": 1.0}}",0.4742837914726855,0
corr,transplant,dinov2_b14_518,erm,0.0,789,clean,0.7075163398692811,,0.7075163398692811,70,36,0,0.6571428571428571,0.6576797385620915,,"{""y0_a0"": {""n"": 34, ""accuracy"": 0.6764705882352942}, ""y0_a1"": {""n"": 0, ""accuracy"": NaN}, ""y1_a0"": {""n"": 36, ""accuracy"": 0.6388888888888888}, ""y1_a1"": {""n"": 0, ""accuracy"": NaN}}",0.4812208928211233,0
corr,transplant,dinov2_b14_518,erm,0.0,789,test_corr,0.7410130718954249,0.7857142857142857,0.70703125,70,36,30,0.6714285714285714,0.6707516339869282,0.5,"{""y0_a0"": {""n"": 32, ""accuracy"": 0.65625}, ""y0_a1"": {""n"": 2, ""accuracy"": 0.5}, ""y1_a0"": {""n"": 8, ""accuracy"": 0.625}, ""y1_a1"": {""n"": 28, ""accuracy"": 0.7142857142857143}}",0.4812208928211233,0
corr,transplant,dinov2_b14_518,erm,0.0,789,test_rev,0.6723856209150327,0.5802469135802468,0.7532467532467533,70,36,30,0.6,0.5988562091503268,0.4814814814814814,"{""y0_a0"": {""n"": 7, ""accuracy"": 0.8571428571428571}, ""y0_a1"": {""n"": 27, ""accuracy"": 0.48148148148148145}, ""y1_a0"": {""n"": 33, ""accuracy"": 0.6363636363636364}, ""y1_a1"": {""n"": 3, ""accuracy"": 0.6666666666666666}}",0.4812208928211233,0
corr,transplant,dinov2_b14_518,mask,0.0,789,clean,0.7222222222222222,,0.7222222222222222,70,36,0,0.6571428571428571,0.6617647058823529,,"{""y0_a0"": {""n"": 34, ""accuracy"": 0.8235294117647058}, ""y0_a1"": {""n"": 0, ""accuracy"": NaN}, ""y1_a0"": {""n"": 36, ""accuracy"": 0.5}, ""y1_a1"": {""n"": 0, ""accuracy"": NaN}}",0.6452633623346916,0
corr,transplant,dinov2_b14_518,mask,0.0,789,test_corr,0.7222222222222222,0.6785714285714286,0.8046875,70,36,30,0.6571428571428571,0.6617647058823529,0.4642857142857143,"{""y0_a0"": {""n"": 32, ""accuracy"": 0.8125}, ""y0_a1"": {""n"": 2, ""accuracy"": 1.0}, ""y1_a0"": {""n"": 8, ""accuracy"": 0.625}, ""y1_a1"": {""n"": 28, ""accuracy"": 0.4642857142857143}}",0.6452633623346916,0
corr,transplant,dinov2_b14_518,mask,0.0,789,test_rev,0.7222222222222222,0.6172839506172839,0.8138528138528139,70,36,30,0.6571428571428571,0.6617647058823529,0.4848484848484848,"{""y0_a0"": {""n"": 7, ""accuracy"": 0.8571428571428571}, ""y0_a1"": {""n"": 27, ""accuracy"": 0.8148148148148148}, ""y1_a0"": {""n"": 33, ""accuracy"": 0.48484848484848486}, ""y1_a1"": {""n"": 3, ""accuracy"": 0.6666666666666666}}",0.6452633623346916,0
corr,transplant,dinov2_b14_518,inpaint,0.0,789,clean,0.7230392156862745,,0.7230392156862745,70,36,0,0.7142857142857143,0.7181372549019608,,"{""y0_a0"": {""n"": 34, ""accuracy"": 0.8529411764705882}, ""y0_a1"": {""n"": 0, ""accuracy"": NaN}, ""y1_a0"": {""n"": 36, ""accuracy"": 0.5833333333333334}, ""y1_a1"": {""n"": 0, ""accuracy"": NaN}}",0.553838377389877,0
corr,transplant,dinov2_b14_518,inpaint,0.0,789,test_corr,0.7295751633986928,0.7857142857142857,0.734375,70,36,30,0.7285714285714285,0.7320261437908497,0.5,"{""y0_a0"": {""n"": 32, ""accuracy"": 0.84375}, ""y0_a1"": {""n"": 2, ""accuracy"": 1.0}, ""y1_a0"": {""n"": 8, ""accuracy"": 0.5}, ""y1_a1"": {""n"": 28, ""accuracy"": 0.6428571428571429}}",0.553838377389877,0
corr,transplant,dinov2_b14_518,inpaint,0.0,789,test_rev,0.7181372549019608,0.6419753086419753,0.800865800865801,70,36,30,0.7142857142857143,0.7181372549019608,0.5757575757575758,"{""y0_a0"": {""n"": 7, ""accuracy"": 1.0}, ""y0_a1"": {""n"": 27, ""accuracy"": 0.8148148148148148}, ""y1_a0"": {""n"": 33, ""accuracy"": 0.5757575757575758}, ""y1_a1"": {""n"": 3, ""accuracy"": 0.6666666666666666}}",0.553838377389877,0
corr,transplant,dinov2_b14_518,balanced,0.0,789,clean,0.7434640522875817,,0.7434640522875817,70,36,0,0.6714285714285714,0.6691176470588236,,"{""y0_a0"": {""n"": 34, ""accuracy"": 0.5882352941176471}, ""y0_a1"": {""n"": 0, ""accuracy"": NaN}, ""y1_a0"": {""n"": 36, ""accuracy"": 0.75}, ""y1_a1"": {""n"": 0, ""accuracy"": NaN}}",0.5095821211823263,0
corr,transplant,dinov2_b14_518,balanced,0.0,789,test_corr,0.7516339869281046,0.7678571428571429,0.73828125,70,36,30,0.6714285714285714,0.6691176470588236,0.5,"{""y0_a0"": {""n"": 32, ""accuracy"": 0.59375}, ""y0_a1"": {""n"": 2, ""accuracy"": 0.5}, ""y1_a0"": {""n"": 8, ""accuracy"": 0.75}, ""y1_a1"": {""n"": 28, ""accuracy"": 0.75}}",0.5095821211823263,0
corr,transplant,dinov2_b14_518,balanced,0.0,789,test_rev,0.7312091503267975,0.6172839506172839,0.7445887445887446,70,36,30,0.6714285714285714,0.6691176470588236,0.4285714285714285,"{""y0_a0"": {""n"": 7, ""accuracy"": 0.42857142857142855}, ""y0_a1"": {""n"": 27, ""accuracy"": 0.6296296296296297}, ""y1_a0"": {""n"": 33, ""accuracy"": 0.7575757575757576}, ""y1_a1"": {""n"": 3, ""accuracy"": 0.6666666666666666}}",0.5095821211823263,0
corr,transplant,dinov2_b14_518,dfr,0.0,789,clean,0.7589869281045751,,0.7589869281045751,70,36,0,0.7714285714285715,0.7736928104575163,,"{""y0_a0"": {""n"": 34, ""accuracy"": 0.8529411764705882}, ""y0_a1"": {""n"": 0, ""accuracy"": NaN}, ""y1_a0"": {""n"": 36, ""accuracy"": 0.6944444444444444}, ""y1_a1"": {""n"": 0, ""accuracy"": NaN}}",0.4994320637385633,0
corr,transplant,dinov2_b14_518,dfr,0.0,789,test_corr,0.7630718954248367,0.8214285714285714,0.76953125,70,36,30,0.7714285714285715,0.7736928104575163,0.6785714285714286,"{""y0_a0"": {""n"": 32, ""accuracy"": 0.84375}, ""y0_a1"": {""n"": 2, ""accuracy"": 1.0}, ""y1_a0"": {""n"": 8, ""accuracy"": 0.75}, ""y1_a1"": {""n"": 28, ""accuracy"": 0.6785714285714286}}",0.4994320637385633,0
corr,transplant,dinov2_b14_518,dfr,0.0,789,test_rev,0.7410130718954249,0.691358024691358,0.8051948051948052,70,36,30,0.7428571428571429,0.744281045751634,0.6666666666666666,"{""y0_a0"": {""n"": 7, ""accuracy"": 1.0}, ""y0_a1"": {""n"": 27, ""accuracy"": 0.7407407407407407}, ""y1_a0"": {""n"": 33, ""accuracy"": 0.696969696969697}, ""y1_a1"": {""n"": 3, ""accuracy"": 0.6666666666666666}}",0.4994320637385633,0
corr,transplant,dinov2_b14_518,erm,0.0,2026,clean,0.7124183006535948,,0.7124183006535948,70,36,0,0.6714285714285714,0.6723856209150327,,"{""y0_a0"": {""n"": 34, ""accuracy"": 0.7058823529411765}, ""y0_a1"": {""n"": 0, ""accuracy"": NaN}, ""y1_a0"": {""n"": 36, ""accuracy"": 0.6388888888888888}, ""y1_a1"": {""n"": 0, ""accuracy"": NaN}}",0.4814900959736085,0
corr,transplant,dinov2_b14_518,erm,0.0,2026,test_corr,0.7483660130718954,0.6666666666666666,0.8275862068965517,70,36,38,0.7142857142857143,0.7140522875816994,0.6,"{""y0_a0"": {""n"": 29, ""accuracy"": 0.7241379310344828}, ""y0_a1"": {""n"": 5, ""accuracy"": 0.6}, ""y1_a0"": {""n"": 3, ""accuracy"": 0.6666666666666666}, ""y1_a1"": {""n"": 33, ""accuracy"": 0.7272727272727273}}",0.4814900959736085,0
corr,transplant,dinov2_b14_518,erm,0.0,2026,test_rev,0.6748366013071895,0.8125,0.6458333333333333,70,36,32,0.5714285714285714,0.5694444444444444,0.4642857142857143,"{""y0_a0"": {""n"": 6, ""accuracy"": 0.6666666666666666}, ""y0_a1"": {""n"": 28, ""accuracy"": 0.4642857142857143}, ""y1_a0"": {""n"": 32, ""accuracy"": 0.625}, ""y1_a1"": {""n"": 4, ""accuracy"": 0.75}}",0.4814900959736085,0
corr,transplant,dinov2_b14_518,mask,0.0,2026,clean,0.7222222222222222,,0.7222222222222222,70,36,0,0.6571428571428571,0.6617647058823529,,"{""y0_a0"": {""n"": 34, ""accuracy"": 0.8235294117647058}, ""y0_a1"": {""n"": 0, ""accuracy"": NaN}, ""y1_a0"": {""n"": 36, ""accuracy"": 0.5}, ""y1_a1"": {""n"": 0, ""accuracy"": NaN}}",0.6452483290272973,0
corr,transplant,dinov2_b14_518,mask,0.0,2026,test_corr,0.7222222222222222,0.8181818181818182,0.5632183908045977,70,36,38,0.6571428571428571,0.6617647058823529,0.3333333333333333,"{""y0_a0"": {""n"": 29, ""accuracy"": 0.7931034482758621}, ""y0_a1"": {""n"": 5, ""accuracy"": 1.0}, ""y1_a0"": {""n"": 3, ""accuracy"": 0.3333333333333333}, ""y1_a1"": {""n"": 33, ""accuracy"": 0.5151515151515151}}",0.6452483290272973,0
corr,transplant,dinov2_b14_518,mask,0.0,2026,test_rev,0.7222222222222222,0.6696428571428572,0.7604166666666666,70,36,32,0.6571428571428571,0.6617647058823529,0.5,"{""y0_a0"": {""n"": 6, ""accuracy"": 0.8333333333333334}, ""y0_a1"": {""n"": 28, ""accuracy"": 0.8214285714285714}, ""y1_a0"": {""n"": 32, ""accuracy"": 0.5}, ""y1_a1"": {""n"": 4, ""accuracy"": 0.5}}",0.6452483290272973,0
corr,transplant,dinov2_b14_518,inpaint,0.0,2026,clean,0.7246732026143792,,0.7246732026143792,70,36,0,0.7285714285714285,0.7320261437908497,,"{""y0_a0"": {""n"": 34, ""accuracy"": 0.8529411764705882}, ""y0_a1"": {""n"": 0, ""accuracy"": NaN}, ""y1_a0"": {""n"": 36, ""accuracy"": 0.6111111111111112}, ""y1_a1"": {""n"": 0, ""accuracy"": NaN}}",0.5529558708323714,0
corr,transplant,dinov2_b14_518,inpaint,0.0,2026,test_corr,0.7336601307189543,0.6909090909090909,0.8850574712643677,70,36,38,0.7285714285714285,0.7320261437908497,0.6060606060606061,"{""y0_a0"": {""n"": 29, ""accuracy"": 0.8620689655172413}, ""y0_a1"": {""n"": 5, ""accuracy"": 0.8}, ""y1_a0"": {""n"": 3, ""accuracy"": 0.6666666666666666}, ""y1_a1"": {""n"": 33, ""accuracy"": 0.6060606060606061}}",0.5529558708323714,0
corr,transplant,dinov2_b14_518,inpaint,0.0,2026,test_rev,0.7165032679738562,0.8660714285714285,0.6666666666666666,70,36,32,0.7285714285714285,0.7320261437908497,0.59375,"{""y0_a0"": {""n"": 6, ""accuracy"": 0.8333333333333334}, ""y0_a1"": {""n"": 28, ""accuracy"": 0.8571428571428571}, ""y1_a0"": {""n"": 32, ""accuracy"": 0.59375}, ""y1_a1"": {""n"": 4, ""accuracy"": 0.75}}",0.5529558708323714,0
corr,transplant,dinov2_b14_518,balanced,0.0,2026,clean,0.727124183006536,,0.727124183006536,70,36,0,0.7142857142857143,0.7189542483660131,,"{""y0_a0"": {""n"": 34, ""accuracy"": 0.8823529411764706}, ""y0_a1"": {""n"": 0, ""accuracy"": NaN}, ""y1_a0"": {""n"": 36, ""accuracy"": 0.5555555555555556}, ""y1_a1"": {""n"": 0, ""accuracy"": NaN}}",0.5326936347611102,0
corr,transplant,dinov2_b14_518,balanced,0.0,2026,test_corr,0.7410130718954249,0.6424242424242425,0.9655172413793104,70,36,38,0.7142857142857143,0.7189542483660131,0.5151515151515151,"{""y0_a0"": {""n"": 29, ""accuracy"": 0.896551724137931}, ""y0_a1"": {""n"": 5, ""accuracy"": 0.8}, ""y1_a0"": {""n"": 3, ""accuracy"": 1.0}, ""y1_a1"": {""n"": 33, ""accuracy"": 0.5151515151515151}}",0.5326936347611102,0
corr,transplant,dinov2_b14_518,balanced,0.0,2026,test_rev,0.7107843137254902,0.8928571428571428,0.6093749999999999,70,36,32,0.7,0.7042483660130718,0.53125,"{""y0_a0"": {""n"": 6, ""accuracy"": 0.6666666666666666}, ""y0_a1"": {""n"": 28, ""accuracy"": 0.8928571428571429}, ""y1_a0"": {""n"": 32, ""accuracy"": 0.53125}, ""y1_a1"": {""n"": 4, ""accuracy"": 0.75}}",0.5326936347611102,0
corr,transplant,dinov2_b14_518,dfr,0.0,2026,clean,0.7663398692810457,,0.7663398692810457,70,36,0,0.6857142857142857,0.6862745098039216,,"{""y0_a0"": {""n"": 34, ""accuracy"": 0.7058823529411765}, ""y0_a1"": {""n"": 0, ""accuracy"": NaN}, ""y1_a0"": {""n"": 36, ""accuracy"": 0.6666666666666666}, ""y1_a1"": {""n"": 0, ""accuracy"": NaN}}",0.4844477217553077,0
corr,transplant,dinov2_b14_518,dfr,0.0,2026,test_corr,0.7810457516339869,0.8666666666666667,0.8275862068965517,70,36,38,0.7285714285714285,0.7279411764705883,0.6896551724137931,"{""y0_a0"": {""n"": 29, ""accuracy"": 0.6896551724137931}, ""y0_a1"": {""n"": 5, ""accuracy"": 0.8}, ""y1_a0"": {""n"": 3, ""accuracy"": 1.0}, ""y1_a1"": {""n"": 33, ""accuracy"": 0.7272727272727273}}",0.4844477217553077,0
corr,transplant,dinov2_b14_518,dfr,0.0,2026,test_rev,0.7361111111111112,0.7767857142857142,0.71875,70,36,32,0.7,0.7009803921568627,0.65625,"{""y0_a0"": {""n"": 6, ""accuracy"": 0.6666666666666666}, ""y0_a1"": {""n"": 28, ""accuracy"": 0.75}, ""y1_a0"": {""n"": 32, ""accuracy"": 0.65625}, ""y1_a1"": {""n"": 4, ""accuracy"": 0.75}}",0.4844477217553077,0
corr,transplant,dinov2_b14_518,erm,1.0,42,clean,0.7238562091503268,,0.7238562091503268,70,36,0,0.6714285714285714,0.6781045751633987,,"{""y0_a0"": {""n"": 34, ""accuracy"": 0.9117647058823529}, ""y0_a1"": {""n"": 0, ""accuracy"": NaN}, ""y1_a0"": {""n"": 36, ""accuracy"": 0.4444444444444444}, ""y1_a1"": {""n"": 0, ""accuracy"": NaN}}",0.5819556770925876,0
corr,transplant,dinov2_b14_518,erm,1.0,42,test_corr,0.7663398692810458,0.696969696969697,0.6222222222222222,70,36,37,0.7285714285714285,0.7336601307189543,0.3333333333333333,"{""y0_a0"": {""n"": 30, ""accuracy"": 0.9333333333333333}, ""y0_a1"": {""n"": 4, ""accuracy"": 0.75}, ""y1_a0"": {""n"": 3, ""accuracy"": 0.3333333333333333}, ""y1_a1"": {""n"": 33, ""accuracy"": 0.5757575757575758}}",0.5819556770925876,0
corr,transplant,dinov2_b14_518,erm,1.0,42,test_rev,0.676470588235294,0.6989247311827956,0.8080808080808081,70,36,34,0.6571428571428571,0.6625816993464052,0.4545454545454545,"{""y0_a0"": {""n"": 3, ""accuracy"": 1.0}, ""y0_a1"": {""n"": 31, ""accuracy"": 0.8387096774193549}, ""y1_a0"": {""n"": 33, ""accuracy"": 0.45454545454545453}, ""y1_a1"": {""n"": 3, ""accuracy"": 0.6666666666666666}}",0.5819556770925876,0
corr,transplant,dinov2_b14_518,mask,1.0,42,clean,0.6887254901960784,,0.6887254901960784,70,36,0,0.6857142857142857,0.6879084967320261,,"{""y0_a0"": {""n"": 34, ""accuracy"": 0.7647058823529411}, ""y0_a1"": {""n"": 0, ""accuracy"": NaN}, ""y1_a0"": {""n"": 36, ""accuracy"": 0.6111111111111112}, ""y1_a1"": {""n"": 0, ""accuracy"": NaN}}",0.5666304334258168,0
corr,transplant,dinov2_b14_518,mask,1.0,42,test_corr,0.7875816993464052,0.7045454545454545,0.4777777777777777,70,36,37,0.7428571428571429,0.7426470588235294,0.3333333333333333,"{""y0_a0"": {""n"": 30, ""accuracy"": 0.7666666666666667}, ""y0_a1"": {""n"": 4, ""accuracy"": 0.5}, ""y1_a0"": {""n"": 3, ""accuracy"": 0.3333333333333333}, ""y1_a1"": {""n"": 33, ""accuracy"": 0.7878787878787878}}",0.5666304334258168,0
corr,transplant,dinov2_b14_518,mask,1.0,42,test_rev,0.5906862745098039,0.956989247311828,0.7575757575757576,70,36,34,0.6,0.5996732026143792,0.5483870967741935,"{""y0_a0"": {""n"": 3, ""accuracy"": 1.0}, ""y0_a1"": {""n"": 31, ""accuracy"": 0.5483870967741935}, ""y1_a0"": {""n"": 33, ""accuracy"": 0.5757575757575758}, ""y1_a1"": {""n"": 3, ""accuracy"": 1.0}}",0.5666304334258168,0
corr,transplant,dinov2_b14_518,inpaint,1.0,42,clean,0.7279411764705882,,0.7279411764705882,70,36,0,0.6857142857142857,0.690359477124183,,"{""y0_a0"": {""n"": 34, ""accuracy"": 0.8529411764705882}, ""y0_a1"": {""n"": 0, ""accuracy"": NaN}, ""y1_a0"": {""n"": 36, ""accuracy"": 0.5277777777777778}, ""y1_a1"": {""n"": 0, ""accuracy"": NaN}}",0.5642779138269585,0
corr,transplant,dinov2_b14_518,inpaint,1.0,42,test_corr,0.736111111111111,0.7045454545454546,0.6333333333333333,70,36,37,0.7,0.7042483660130718,0.3333333333333333,"{""y0_a0"": {""n"": 30, ""accuracy"": 0.8666666666666667}, ""y0_a1"": {""n"": 4, ""accuracy"": 0.75}, ""y1_a0"": {""n"": 3, ""accuracy"": 0.3333333333333333}, ""y1_a1"": {""n"": 33, ""accuracy"": 0.5757575757575758}}",0.5642779138269585,0
corr,transplant,dinov2_b14_518,inpaint,1.0,42,test_rev,0.7132352941176471,0.7419354838709677,0.797979797979798,70,36,34,0.6857142857142857,0.6895424836601307,0.5454545454545454,"{""y0_a0"": {""n"": 3, ""accuracy"": 1.0}, ""y0_a1"": {""n"": 31, ""accuracy"": 0.8064516129032258}, ""y1_a0"": {""n"": 33, ""accuracy"": 0.5454545454545454}, ""y1_a1"": {""n"": 3, ""accuracy"": 0.6666666666666666}}",0.5642779138269585,0
corr,transplant,dinov2_b14_518,balanced,1.0,42,clean,0.7393790849673203,,0.7393790849673203,70,36,0,0.7,0.7009803921568627,,"{""y0_a0"": {""n"": 34, ""accuracy"": 0.7352941176470589}, ""y0_a1"": {""n"": 0, ""accuracy"": NaN}, ""y1_a0"": {""n"": 36, ""accuracy"": 0.6666666666666666}, ""y1_a1"": {""n"": 0, ""accuracy"": NaN}}",0.4942670548542806,0
corr,transplant,dinov2_b14_518,balanced,1.0,42,test_corr,0.7393790849673202,0.7727272727272727,0.6444444444444444,70,36,37,0.7,0.7009803921568627,0.6666666666666666,"{""y0_a0"": {""n"": 30, ""accuracy"": 0.7333333333333333}, ""y0_a1"": {""n"": 4, ""accuracy"": 0.75}, ""y1_a0"": {""n"": 3, ""accuracy"": 0.6666666666666666}, ""y1_a1"": {""n"": 33, ""accuracy"": 0.6666666666666666}}",0.4942670548542806,0
corr,transplant,dinov2_b14_518,balanced,1.0,42,test_rev,0.7320261437908496,0.6881720430107526,0.8282828282828283,70,36,34,0.6714285714285714,0.6715686274509804,0.6666666666666666,"{""y0_a0"": {""n"": 3, ""accuracy"": 0.6666666666666666}, ""y0_a1"": {""n"": 31, ""accuracy"": 0.6774193548387096}, ""y1_a0"": {""n"": 33, ""accuracy"": 0.6666666666666666}, ""y1_a1"": {""n"": 3, ""accuracy"": 0.6666666666666666}}",0.4942670548542806,0
corr,transplant,dinov2_b14_518,dfr,1.0,42,clean,0.7589869281045751,,0.7589869281045751,70,36,0,0.7428571428571429,0.7459150326797386,,"{""y0_a0"": {""n"": 34, ""accuracy"": 0.8529411764705882}, ""y0_a1"": {""n"": 0, ""accuracy"": NaN}, ""y1_a0"": {""n"": 36, ""accuracy"": 0.6388888888888888}, ""y1_a1"": {""n"": 0, ""accuracy"": NaN}}",0.5242385062879704,0
corr,transplant,dinov2_b14_518,dfr,1.0,42,test_corr,0.7687908496732027,0.7954545454545454,0.5666666666666667,70,36,37,0.7571428571428571,0.7598039215686274,0.3333333333333333,"{""y0_a0"": {""n"": 30, ""accuracy"": 0.8333333333333334}, ""y0_a1"": {""n"": 4, ""accuracy"": 1.0}, ""y1_a0"": {""n"": 3, ""accuracy"": 0.3333333333333333}, ""y1_a1"": {""n"": 33, ""accuracy"": 0.696969696969697}}",0.5242385062879704,0
corr,transplant,dinov2_b14_518,dfr,1.0,42,test_rev,0.7279411764705882,0.7956989247311828,0.8686868686868688,70,36,34,0.7285714285714285,0.7312091503267973,0.6363636363636364,"{""y0_a0"": {""n"": 3, ""accuracy"": 1.0}, ""y0_a1"": {""n"": 31, ""accuracy"": 0.8064516129032258}, ""y1_a0"": {""n"": 33, ""accuracy"": 0.6363636363636364}, ""y1_a1"": {""n"": 3, ""accuracy"": 0.6666666666666666}}",0.5242385062879704,0
corr,transplant,dinov2_b14_518,erm,1.0,123,clean,0.7377450980392157,,0.7377450980392157,70,36,0,0.7,0.7034313725490196,,"{""y0_a0"": {""n"": 34, ""accuracy"": 0.8235294117647058}, ""y0_a1"": {""n"": 0, ""accuracy"": NaN}, ""y1_a0"": {""n"": 36, ""accuracy"": 0.5833333333333334}, ""y1_a1"": {""n"": 0, ""accuracy"": NaN}}",0.5109233933144169,0
corr,transplant,dinov2_b14_518,erm,1.0,123,test_corr,0.7908496732026145,0.8282828282828283,0.6559139784946236,70,36,36,0.7428571428571429,0.7450980392156863,0.6666666666666666,"{""y0_a0"": {""n"": 31, ""accuracy"": 0.8064516129032258}, ""y0_a1"": {""n"": 3, ""accuracy"": 1.0}, ""y1_a0"": {""n"": 3, ""accuracy"": 0.6666666666666666}, ""y1_a1"": {""n"": 33, ""accuracy"": 0.6666666666666666}}",0.5109233933144169,0
corr,transplant,dinov2_b14_518,erm,1.0,123,test_rev,0.6830065359477124,0.9322916666666666,0.7833333333333334,70,36,38,0.6857142857142857,0.6879084967320261,0.5333333333333333,"{""y0_a0"": {""n"": 2, ""accuracy"": 1.0}, ""y0_a1"": {""n"": 32, ""accuracy"": 0.75}, ""y1_a0"": {""n"": 30, ""accuracy"": 0.5333333333333333}, ""y1_a1"": {""n"": 6, ""accuracy"": 1.0}}",0.5109233933144169,0
corr,transplant,dinov2_b14_518,mask,1.0,123,clean,0.6797385620915033,,0.6797385620915033,70,36,0,0.6714285714285714,0.6740196078431373,,"{""y0_a0"": {""n"": 34, ""accuracy"": 0.7647058823529411}, ""y0_a1"": {""n"": 0, ""accuracy"": NaN}, ""y1_a0"": {""n"": 36, ""accuracy"": 0.5833333333333334}, ""y1_a1"": {""n"": 0, ""accuracy"": NaN}}",0.5583673845245933,0
corr,transplant,dinov2_b14_518,mask,1.0,123,test_corr,0.821078431372549,0.6363636363636365,0.6344086021505376,70,36,36,0.7714285714285715,0.7712418300653594,0.3333333333333333,"{""y0_a0"": {""n"": 31, ""accuracy"": 0.8064516129032258}, ""y0_a1"": {""n"": 3, ""accuracy"": 0.3333333333333333}, ""y1_a0"": {""n"": 3, ""accuracy"": 0.6666666666666666}, ""y1_a1"": {""n"": 33, ""accuracy"": 0.7878787878787878}}",0.5583673845245933,0
corr,transplant,dinov2_b14_518,mask,1.0,123,test_rev,0.5874183006535948,0.8281250000000001,0.6666666666666666,70,36,38,0.5857142857142857,0.5833333333333333,0.46875,"{""y0_a0"": {""n"": 2, ""accuracy"": 1.0}, ""y0_a1"": {""n"": 32, ""accuracy"": 0.46875}, ""y1_a0"": {""n"": 30, ""accuracy"": 0.6333333333333333}, ""y1_a1"": {""n"": 6, ""accuracy"": 0.8333333333333334}}",0.5583673845245933,0
corr,transplant,dinov2_b14_518,inpaint,1.0,123,clean,0.7254901960784313,,0.7254901960784313,70,36,0,0.6857142857142857,0.690359477124183,,"{""y0_a0"": {""n"": 34, ""accuracy"": 0.8529411764705882}, ""y0_a1"": {""n"": 0, ""accuracy"": NaN}, ""y1_a0"": {""n"": 36, ""accuracy"": 0.5277777777777778}, ""y1_a1"": {""n"": 0, ""accuracy"": NaN}}",0.5498800495875751,0
corr,transplant,dinov2_b14_518,inpaint,1.0,123,test_corr,0.7377450980392157,0.7777777777777778,0.6451612903225806,70,36,36,0.7,0.7042483660130718,0.5454545454545454,"{""y0_a0"": {""n"": 31, ""accuracy"": 0.8387096774193549}, ""y0_a1"": {""n"": 3, ""accuracy"": 1.0}, ""y1_a0"": {""n"": 3, ""accuracy"": 0.6666666666666666}, ""y1_a1"": {""n"": 33, ""accuracy"": 0.5454545454545454}}",0.5498800495875751,0
corr,transplant,dinov2_b14_518,inpaint,1.0,123,test_rev,0.7083333333333334,0.9114583333333334,0.7166666666666666,70,36,38,0.6714285714285714,0.6756535947712419,0.4333333333333333,"{""y0_a0"": {""n"": 2, ""accuracy"": 1.0}, ""y0_a1"": {""n"": 32, ""accuracy"": 0.8125}, ""y1_a0"": {""n"": 30, ""accuracy"": 0.43333333333333335}, ""y1_a1"": {""n"": 6, ""accuracy"": 1.0}}",0.5498800495875751,0
corr,transplant,dinov2_b14_518,balanced,1.0,123,clean,0.732843137254902,,0.732843137254902,70,36,0,0.6857142857142857,0.6870915032679739,,"{""y0_a0"": {""n"": 34, ""accuracy"": 0.7352941176470589}, ""y0_a1"": {""n"": 0, ""accuracy"": NaN}, ""y1_a0"": {""n"": 36, ""accuracy"": 0.6388888888888888}, ""y1_a1"": {""n"": 0, ""accuracy"": NaN}}",0.5132485951635346,0
corr,transplant,dinov2_b14_518,balanced,1.0,123,test_corr,0.7066993464052287,0.7070707070707071,0.6344086021505376,70,36,36,0.6857142857142857,0.6870915032679739,0.6363636363636364,"{""y0_a0"": {""n"": 31, ""accuracy"": 0.7419354838709677}, ""y0_a1"": {""n"": 3, ""accuracy"": 0.6666666666666666}, ""y1_a0"": {""n"": 3, ""accuracy"": 0.6666666666666666}, ""y1_a1"": {""n"": 33, ""accuracy"": 0.6363636363636364}}",0.5132485951635346,0
corr,transplant,dinov2_b14_518,balanced,1.0,123,test_rev,0.7410130718954248,0.921875,0.7666666666666666,70,36,38,0.7142857142857143,0.7165032679738561,0.5666666666666667,"{""y0_a0"": {""n"": 2, ""accuracy"": 1.0}, ""y0_a1"": {""n"": 32, ""accuracy"": 0.78125}, ""y1_a0"": {""n"": 30, ""accuracy"": 0.5666666666666667}, ""y1_a1"": {""n"": 6, ""accuracy"": 1.0}}",0.5132485951635346,0
corr,transplant,dinov2_b14_518,dfr,1.0,123,clean,0.7663398692810457,,0.7663398692810457,70,36,0,0.7,0.7034313725490196,,"{""y0_a0"": {""n"": 34, ""accuracy"": 0.8235294117647058}, ""y0_a1"": {""n"": 0, ""accuracy"": NaN}, ""y1_a0"": {""n"": 36, ""accuracy"": 0.5833333333333334}, ""y1_a1"": {""n"": 0, ""accuracy"": NaN}}",0.507978266038609,0
corr,transplant,dinov2_b14_518,dfr,1.0,123,test_corr,0.8161764705882353,0.8282828282828283,0.5161290322580645,70,36,36,0.7142857142857143,0.7173202614379085,0.3333333333333333,"{""y0_a0"": {""n"": 31, ""accuracy"": 0.8387096774193549}, ""y0_a1"": {""n"": 3, ""accuracy"": 0.6666666666666666}, ""y1_a0"": {""n"": 3, ""accuracy"": 0.3333333333333333}, ""y1_a1"": {""n"": 33, ""accuracy"": 0.6363636363636364}}",0.507978266038609,0
corr,transplant,dinov2_b14_518,dfr,1.0,123,test_rev,0.7058823529411764,0.9583333333333334,0.9166666666666669,70,36,38,0.6571428571428571,0.6593137254901962,0.5,"{""y0_a0"": {""n"": 2, ""accuracy"": 1.0}, ""y0_a1"": {""n"": 32, ""accuracy"": 0.71875}, ""y1_a0"": {""n"": 30, ""accuracy"": 0.5}, ""y1_a1"": {""n"": 6, ""accuracy"": 1.0}}",0.507978266038609,0
corr,transplant,dinov2_b14_518,erm,1.0,456,clean,0.7205882352941178,,0.7205882352941178,70,36,0,0.6714285714285714,0.6772875816993464,,"{""y0_a0"": {""n"": 34, ""accuracy"": 0.8823529411764706}, ""y0_a1"": {""n"": 0, ""accuracy"": NaN}, ""y1_a0"": {""n"": 36, ""accuracy"": 0.4722222222222222}, ""y1_a1"": {""n"": 0, ""accuracy"": NaN}}",0.5781476056547875,0
corr,transplant,dinov2_b14_518,erm,1.0,456,test_corr,0.7614379084967321,0.8279569892473118,0.8,70,36,34,0.7285714285714285,0.732843137254902,0.5806451612903226,"{""y0_a0"": {""n"": 31, ""accuracy"": 0.8709677419354839}, ""y0_a1"": {""n"": 3, ""accuracy"": 1.0}, ""y1_a0"": {""n"": 5, ""accuracy"": 0.6}, ""y1_a1"": {""n"": 31, ""accuracy"": 0.5806451612903226}}",0.5781476056547875,0
corr,transplant,dinov2_b14_518,erm,1.0,456,test_rev,0.6691176470588235,0.8916666666666666,0.8046875,70,36,34,0.6714285714285714,0.6772875816993464,0.4375,"{""y0_a0"": {""n"": 4, ""accuracy"": 1.0}, ""y0_a1"": {""n"": 30, ""accuracy"": 0.8666666666666667}, ""y1_a0"": {""n"": 32, ""accuracy"": 0.4375}, ""y1_a1"": {""n"": 4, ""accuracy"": 0.75}}",0.5781476056547875,0
corr,transplant,dinov2_b14_518,mask,1.0,456,clean,0.676470588235294,,0.676470588235294,70,36,0,0.6,0.6062091503267973,,"{""y0_a0"": {""n"": 34, ""accuracy"": 0.8235294117647058}, ""y0_a1"": {""n"": 0, ""accuracy"": NaN}, ""y1_a0"": {""n"": 36, ""accuracy"": 0.3888888888888889}, ""y1_a1"": {""n"": 0, ""accuracy"": NaN}}",0.6501120676486728,0
corr,transplant,dinov2_b14_518,mask,1.0,456,test_corr,0.7916666666666666,0.8172043010752688,0.7354838709677418,70,36,34,0.7142857142857143,0.7173202614379085,0.2,"{""y0_a0"": {""n"": 31, ""accuracy"": 0.8064516129032258}, ""y0_a1"": {""n"": 3, ""accuracy"": 1.0}, ""y1_a0"": {""n"": 5, ""accuracy"": 0.2}, ""y1_a1"": {""n"": 31, ""accuracy"": 0.6774193548387096}}",0.6501120676486728,0
corr,transplant,dinov2_b14_518,mask,1.0,456,test_rev,0.5669934640522876,0.6916666666666667,0.734375,70,36,34,0.5142857142857142,0.5179738562091504,0.375,"{""y0_a0"": {""n"": 4, ""accuracy"": 0.75}, ""y0_a1"": {""n"": 30, ""accuracy"": 0.6333333333333333}, ""y1_a0"": {""n"": 32, ""accuracy"": 0.375}, ""y1_a1"": {""n"": 4, ""accuracy"": 0.5}}",0.6501120676486728,0
corr,transplant,dinov2_b14_518,inpaint,1.0,456,clean,0.7238562091503268,,0.7238562091503268,70,36,0,0.6857142857142857,0.690359477124183,,"{""y0_a0"": {""n"": 34, ""accuracy"": 0.8529411764705882}, ""y0_a1"": {""n"": 0, ""accuracy"": NaN}, ""y1_a0"": {""n"": 36, ""accuracy"": 0.5277777777777778}, ""y1_a1"": {""n"": 0, ""accuracy"": NaN}}",0.5523553611146864,0
corr,transplant,dinov2_b14_518,inpaint,1.0,456,test_corr,0.7295751633986929,0.8387096774193548,0.7870967741935484,70,36,34,0.7,0.7042483660130718,0.5483870967741935,"{""y0_a0"": {""n"": 31, ""accuracy"": 0.8387096774193549}, ""y0_a1"": {""n"": 3, ""accuracy"": 1.0}, ""y1_a0"": {""n"": 5, ""accuracy"": 0.6}, ""y1_a1"": {""n"": 31, ""accuracy"": 0.5483870967741935}}",0.5523553611146864,0
corr,transplant,dinov2_b14_518,inpaint,1.0,456,test_rev,0.7132352941176471,0.8916666666666667,0.8125,70,36,34,0.6714285714285714,0.6756535947712419,0.5,"{""y0_a0"": {""n"": 4, ""accuracy"": 0.75}, ""y0_a1"": {""n"": 30, ""accuracy"": 0.8333333333333334}, ""y1_a0"": {""n"": 32, ""accuracy"": 0.5}, ""y1_a1"": {""n"": 4, ""accuracy"": 0.75}}",0.5523553611146864,0
corr,transplant,dinov2_b14_518,balanced,1.0,456,clean,0.6821895424836601,,0.6821895424836601,70,36,0,0.6,0.6094771241830066,,"{""y0_a0"": {""n"": 34, ""accuracy"": 0.9411764705882353}, ""y0_a1"": {""n"": 0, ""accuracy"": NaN}, ""y1_a0"": {""n"": 36, ""accuracy"": 0.2777777777777778}, ""y1_a1"": {""n"": 0, ""accuracy"": NaN}}",0.613516770296636,0
corr,transplant,dinov2_b14_518,balanced,1.0,456,test_corr,0.6830065359477124,0.8279569892473118,0.7290322580645161,70,36,34,0.6285714285714286,0.6372549019607843,0.3225806451612903,"{""y0_a0"": {""n"": 31, ""accuracy"": 0.9354838709677419}, ""y0_a1"": {""n"": 3, ""accuracy"": 1.0}, ""y1_a0"": {""n"": 5, ""accuracy"": 0.4}, ""y1_a1"": {""n"": 31, ""accuracy"": 0.3225806451612903}}",0.613516770296636,0
corr,transplant,dinov2_b14_518,balanced,1.0,456,test_rev,0.6830065359477124,0.8083333333333333,0.7421875,70,36,34,0.5857142857142857,0.5947712418300654,0.25,"{""y0_a0"": {""n"": 4, ""accuracy"": 1.0}, ""y0_a1"": {""n"": 30, ""accuracy"": 0.9}, ""y1_a0"": {""n"": 32, ""accuracy"": 0.25}, ""y1_a1"": {""n"": 4, ""accuracy"": 0.5}}",0.613516770296636,0
corr,transplant,dinov2_b14_518,dfr,1.0,456,clean,0.7516339869281046,,0.7516339869281046,70,36,0,0.7142857142857143,0.7156862745098038,,"{""y0_a0"": {""n"": 34, ""accuracy"": 0.7647058823529411}, ""y0_a1"": {""n"": 0, ""accuracy"": NaN}, ""y1_a0"": {""n"": 36, ""accuracy"": 0.6666666666666666}, ""y1_a1"": {""n"": 0, ""accuracy"": NaN}}",0.4852549775649691,0
corr,transplant,dinov2_b14_518,dfr,1.0,456,test_corr,0.7843137254901962,0.8279569892473118,0.832258064516129,70,36,34,0.7285714285714285,0.7295751633986928,0.6774193548387096,"{""y0_a0"": {""n"": 31, ""accuracy"": 0.7419354838709677}, ""y0_a1"": {""n"": 3, ""accuracy"": 1.0}, ""y1_a0"": {""n"": 5, ""accuracy"": 0.8}, ""y1_a1"": {""n"": 31, ""accuracy"": 0.6774193548387096}}",0.4852549775649691,0
corr,transplant,dinov2_b14_518,dfr,1.0,456,test_rev,0.7222222222222222,0.8833333333333334,0.796875,70,36,34,0.7285714285714285,0.7295751633986928,0.65625,"{""y0_a0"": {""n"": 4, ""accuracy"": 0.75}, ""y0_a1"": {""n"": 30, ""accuracy"": 0.7666666666666667}, ""y1_a0"": {""n"": 32, ""accuracy"": 0.65625}, ""y1_a1"": {""n"": 4, ""accuracy"": 1.0}}",0.4852549775649691,0
corr,transplant,dinov2_b14_518,erm,1.0,789,clean,0.7344771241830065,,0.7344771241830065,70,36,0,0.6857142857142857,0.6887254901960784,,"{""y0_a0"": {""n"": 34, ""accuracy"": 0.7941176470588235}, ""y0_a1"": {""n"": 0, ""accuracy"": NaN}, ""y1_a0"": {""n"": 36, ""accuracy"": 0.5833333333333334}, ""y1_a1"": {""n"": 0, ""accuracy"": NaN}}",0.510419174426858,0
corr,transplant,dinov2_b14_518,erm,1.0,789,test_corr,0.7761437908496732,0.75,0.74609375,70,36,30,0.7142857142857143,0.7165032679738561,0.625,"{""y0_a0"": {""n"": 32, ""accuracy"": 0.78125}, ""y0_a1"": {""n"": 2, ""accuracy"": 1.0}, ""y1_a0"": {""n"": 8, ""accuracy"": 0.625}, ""y1_a1"": {""n"": 28, ""accuracy"": 0.6428571428571429}}",0.510419174426858,0
corr,transplant,dinov2_b14_518,erm,1.0,789,test_rev,0.6838235294117647,0.6172839506172839,0.8051948051948052,70,36,30,0.6714285714285714,0.6740196078431373,0.5757575757575758,"{""y0_a0"": {""n"": 7, ""accuracy"": 1.0}, ""y0_a1"": {""n"": 27, ""accuracy"": 0.7037037037037037}, ""y1_a0"": {""n"": 33, ""accuracy"": 0.5757575757575758}, ""y1_a1"": {""n"": 3, ""accuracy"": 0.6666666666666666}}",0.510419174426858,0
corr,transplant,dinov2_b14_518,mask,1.0,789,clean,0.6821895424836603,,0.6821895424836603,70,36,0,0.6571428571428571,0.6601307189542484,,"{""y0_a0"": {""n"": 34, ""accuracy"": 0.7647058823529411}, ""y0_a1"": {""n"": 0, ""accuracy"": NaN}, ""y1_a0"": {""n"": 36, ""accuracy"": 0.5555555555555556}, ""y1_a1"": {""n"": 0, ""accuracy"": NaN}}",0.5897349280324786,0
corr,transplant,dinov2_b14_518,mask,1.0,789,test_corr,0.7892156862745098,0.6607142857142857,0.74609375,70,36,30,0.7142857142857143,0.7140522875816994,0.0,"{""y0_a0"": {""n"": 32, ""accuracy"": 0.75}, ""y0_a1"": {""n"": 2, ""accuracy"": 0.0}, ""y1_a0"": {""n"": 8, ""accuracy"": 0.625}, ""y1_a1"": {""n"": 28, ""accuracy"": 0.75}}",0.5897349280324786,0
corr,transplant,dinov2_b14_518,mask,1.0,789,test_rev,0.576797385620915,0.6049382716049383,0.8268398268398268,70,36,30,0.5428571428571428,0.542483660130719,0.4444444444444444,"{""y0_a0"": {""n"": 7, ""accuracy"": 0.8571428571428571}, ""y0_a1"": {""n"": 27, ""accuracy"": 0.4444444444444444}, ""y1_a0"": {""n"": 33, ""accuracy"": 0.5454545454545454}, ""y1_a1"": {""n"": 3, ""accuracy"": 0.6666666666666666}}",0.5897349280324786,0
corr,transplant,dinov2_b14_518,inpaint,1.0,789,clean,0.7271241830065359,,0.7271241830065359,70,36,0,0.6857142857142857,0.690359477124183,,"{""y0_a0"": {""n"": 34, ""accuracy"": 0.8529411764705882}, ""y0_a1"": {""n"": 0, ""accuracy"": NaN}, ""y1_a0"": {""n"": 36, ""accuracy"": 0.5277777777777778}, ""y1_a1"": {""n"": 0, ""accuracy"": NaN}}",0.5665176875342314,0
corr,transplant,dinov2_b14_518,inpaint,1.0,789,test_corr,0.7328431372549019,0.7857142857142857,0.75390625,70,36,30,0.7,0.7042483660130718,0.5,"{""y0_a0"": {""n"": 32, ""accuracy"": 0.84375}, ""y0_a1"": {""n"": 2, ""accuracy"": 1.0}, ""y1_a0"": {""n"": 8, ""accuracy"": 0.5}, ""y1_a1"": {""n"": 28, ""accuracy"": 0.5714285714285714}}",0.5665176875342314,0
corr,transplant,dinov2_b14_518,inpaint,1.0,789,test_rev,0.7124183006535948,0.6296296296296297,0.800865800865801,70,36,30,0.6714285714285714,0.6756535947712419,0.5151515151515151,"{""y0_a0"": {""n"": 7, ""accuracy"": 1.0}, ""y0_a1"": {""n"": 27, ""accuracy"": 0.7777777777777778}, ""y1_a0"": {""n"": 33, ""accuracy"": 0.5151515151515151}, ""y1_a1"": {""n"": 3, ""accuracy"": 0.6666666666666666}}",0.5665176875342314,0
corr,transplant,dinov2_b14_518,balanced,1.0,789,clean,0.738562091503268,,0.738562091503268,70,36,0,0.6571428571428571,0.6552287581699346,,"{""y0_a0"": {""n"": 34, ""accuracy"": 0.5882352941176471}, ""y0_a1"": {""n"": 0, ""accuracy"": NaN}, ""y1_a0"": {""n"": 36, ""accuracy"": 0.7222222222222222}, ""y1_a1"": {""n"": 0, ""accuracy"": NaN}}",0.4999383333145237,0
corr,transplant,dinov2_b14_518,balanced,1.0,789,test_corr,0.7516339869281046,0.7857142857142858,0.71484375,70,36,30,0.6714285714285714,0.6691176470588236,0.5,"{""y0_a0"": {""n"": 32, ""accuracy"": 0.59375}, ""y0_a1"": {""n"": 2, ""accuracy"": 0.5}, ""y1_a0"": {""n"": 8, ""accuracy"": 0.75}, ""y1_a1"": {""n"": 28, ""accuracy"": 0.75}}",0.4999383333145237,0
corr,transplant,dinov2_b14_518,balanced,1.0,789,test_rev,0.7181372549019608,0.6172839506172839,0.735930735930736,70,36,30,0.6285714285714286,0.6258169934640523,0.4285714285714285,"{""y0_a0"": {""n"": 7, ""accuracy"": 0.42857142857142855}, ""y0_a1"": {""n"": 27, ""accuracy"": 0.5555555555555556}, ""y1_a0"": {""n"": 33, ""accuracy"": 0.7272727272727273}, ""y1_a1"": {""n"": 3, ""accuracy"": 0.6666666666666666}}",0.4999383333145237,0
corr,transplant,dinov2_b14_518,dfr,1.0,789,clean,0.7606209150326797,,0.7606209150326797,70,36,0,0.7714285714285715,0.772875816993464,,"{""y0_a0"": {""n"": 34, ""accuracy"": 0.8235294117647058}, ""y0_a1"": {""n"": 0, ""accuracy"": NaN}, ""y1_a0"": {""n"": 36, ""accuracy"": 0.7222222222222222}, ""y1_a1"": {""n"": 0, ""accuracy"": NaN}}",0.49406455814585,0
corr,transplant,dinov2_b14_518,dfr,1.0,789,test_corr,0.7867647058823529,0.8214285714285714,0.78515625,70,36,30,0.7714285714285715,0.772875816993464,0.7142857142857143,"{""y0_a0"": {""n"": 32, ""accuracy"": 0.8125}, ""y0_a1"": {""n"": 2, ""accuracy"": 1.0}, ""y1_a0"": {""n"": 8, ""accuracy"": 0.75}, ""y1_a1"": {""n"": 28, ""accuracy"": 0.7142857142857143}}",0.49406455814585,0
corr,transplant,dinov2_b14_518,dfr,1.0,789,test_rev,0.7181372549019608,0.6666666666666666,0.8225108225108226,70,36,30,0.7285714285714285,0.7287581699346406,0.6666666666666666,"{""y0_a0"": {""n"": 7, ""accuracy"": 0.8571428571428571}, ""y0_a1"": {""n"": 27, ""accuracy"": 0.7037037037037037}, ""y1_a0"": {""n"": 33, ""accuracy"": 0.7272727272727273}, ""y1_a1"": {""n"": 3, ""accuracy"": 0.6666666666666666}}",0.49406455814585,0
corr,transplant,dinov2_b14_518,erm,1.0,2026,clean,0.7083333333333334,,0.7083333333333334,70,36,0,0.6142857142857143,0.6127450980392157,,"{""y0_a0"": {""n"": 34, ""accuracy"": 0.5588235294117647}, ""y0_a1"": {""n"": 0, ""accuracy"": NaN}, ""y1_a0"": {""n"": 36, ""accuracy"": 0.6666666666666666}, ""y1_a1"": {""n"": 0, ""accuracy"": NaN}}",0.464911691978238,0
corr,transplant,dinov2_b14_518,erm,1.0,2026,test_corr,0.7622549019607844,0.6727272727272727,0.8045977011494252,70,36,38,0.6571428571428571,0.6535947712418301,0.4,"{""y0_a0"": {""n"": 29, ""accuracy"": 0.5517241379310345}, ""y0_a1"": {""n"": 5, ""accuracy"": 0.4}, ""y1_a0"": {""n"": 3, ""accuracy"": 0.6666666666666666}, ""y1_a1"": {""n"": 33, ""accuracy"": 0.7878787878787878}}",0.464911691978238,0
corr,transplant,dinov2_b14_518,erm,1.0,2026,test_rev,0.6478758169934641,0.8125,0.6666666666666667,70,36,32,0.5571428571428572,0.553921568627451,0.3928571428571428,"{""y0_a0"": {""n"": 6, ""accuracy"": 0.6666666666666666}, ""y0_a1"": {""n"": 28, ""accuracy"": 0.39285714285714285}, ""y1_a0"": {""n"": 32, ""accuracy"": 0.625}, ""y1_a1"": {""n"": 4, ""accuracy"": 1.0}}",0.464911691978238,0
corr,transplant,dinov2_b14_518,mask,1.0,2026,clean,0.6838235294117646,,0.6838235294117646,70,36,0,0.6428571428571429,0.6437908496732027,,"{""y0_a0"": {""n"": 34, ""accuracy"": 0.6764705882352942}, ""y0_a1"": {""n"": 0, ""accuracy"": NaN}, ""y1_a0"": {""n"": 36, ""accuracy"": 0.6111111111111112}, ""y1_a1"": {""n"": 0, ""accuracy"": NaN}}",0.518882926454416,0
corr,transplant,dinov2_b14_518,mask,1.0,2026,test_corr,0.803921568627451,0.7999999999999999,0.574712643678161,70,36,38,0.7142857142857143,0.7124183006535948,0.3333333333333333,"{""y0_a0"": {""n"": 29, ""accuracy"": 0.6551724137931034}, ""y0_a1"": {""n"": 5, ""accuracy"": 0.6}, ""y1_a0"": {""n"": 3, ""accuracy"": 0.3333333333333333}, ""y1_a1"": {""n"": 33, ""accuracy"": 0.8181818181818182}}",0.518882926454416,0
corr,transplant,dinov2_b14_518,mask,1.0,2026,test_rev,0.5784313725490197,0.6160714285714286,0.703125,70,36,32,0.5285714285714286,0.5261437908496732,0.3928571428571428,"{""y0_a0"": {""n"": 6, ""accuracy"": 0.6666666666666666}, ""y0_a1"": {""n"": 28, ""accuracy"": 0.39285714285714285}, ""y1_a0"": {""n"": 32, ""accuracy"": 0.625}, ""y1_a1"": {""n"": 4, ""accuracy"": 0.5}}",0.518882926454416,0
corr,transplant,dinov2_b14_518,inpaint,1.0,2026,clean,0.7254901960784313,,0.7254901960784313,70,36,0,0.7,0.7042483660130718,,"{""y0_a0"": {""n"": 34, ""accuracy"": 0.8529411764705882}, ""y0_a1"": {""n"": 0, ""accuracy"": NaN}, ""y1_a0"": {""n"": 36, ""accuracy"": 0.5555555555555556}, ""y1_a1"": {""n"": 0, ""accuracy"": NaN}}",0.5489755022668357,0
corr,transplant,dinov2_b14_518,inpaint,1.0,2026,test_corr,0.7344771241830066,0.6909090909090909,0.8850574712643677,70,36,38,0.7,0.7042483660130718,0.5454545454545454,"{""y0_a0"": {""n"": 29, ""accuracy"": 0.8620689655172413}, ""y0_a1"": {""n"": 5, ""accuracy"": 0.8}, ""y1_a0"": {""n"": 3, ""accuracy"": 0.6666666666666666}, ""y1_a1"": {""n"": 33, ""accuracy"": 0.5454545454545454}}",0.5489755022668357,0
corr,transplant,dinov2_b14_518,inpaint,1.0,2026,test_rev,0.7091503267973857,0.8571428571428572,0.6666666666666666,70,36,32,0.6857142857142857,0.6895424836601307,0.53125,"{""y0_a0"": {""n"": 6, ""accuracy"": 0.8333333333333334}, ""y0_a1"": {""n"": 28, ""accuracy"": 0.8214285714285714}, ""y1_a0"": {""n"": 32, ""accuracy"": 0.53125}, ""y1_a1"": {""n"": 4, ""accuracy"": 0.75}}",0.5489755022668357,0
corr,transplant,dinov2_b14_518,balanced,1.0,2026,clean,0.7263071895424836,,0.7263071895424836,70,36,0,0.6714285714285714,0.6748366013071896,,"{""y0_a0"": {""n"": 34, ""accuracy"": 0.7941176470588235}, ""y0_a1"": {""n"": 0, ""accuracy"": NaN}, ""y1_a0"": {""n"": 36, ""accuracy"": 0.5555555555555556}, ""y1_a1"": {""n"": 0, ""accuracy"": NaN}}",0.5152920316825634,0
corr,transplant,dinov2_b14_518,balanced,1.0,2026,test_corr,0.7532679738562091,0.6484848484848484,0.9080459770114944,70,36,38,0.7,0.7026143790849673,0.6060606060606061,"{""y0_a0"": {""n"": 29, ""accuracy"": 0.7931034482758621}, ""y0_a1"": {""n"": 5, ""accuracy"": 0.8}, ""y1_a0"": {""n"": 3, ""accuracy"": 0.6666666666666666}, ""y1_a1"": {""n"": 33, ""accuracy"": 0.6060606060606061}}",0.5152920316825634,0
corr,transplant,dinov2_b14_518,balanced,1.0,2026,test_rev,0.6993464052287582,0.8928571428571429,0.6197916666666666,70,36,32,0.6714285714285714,0.6748366013071896,0.53125,"{""y0_a0"": {""n"": 6, ""accuracy"": 0.6666666666666666}, ""y0_a1"": {""n"": 28, ""accuracy"": 0.8214285714285714}, ""y1_a0"": {""n"": 32, ""accuracy"": 0.53125}, ""y1_a1"": {""n"": 4, ""accuracy"": 0.75}}",0.5152920316825634,0
corr,transplant,dinov2_b14_518,dfr,1.0,2026,clean,0.7655228758169934,,0.7655228758169934,70,36,0,0.7285714285714285,0.7312091503267973,,"{""y0_a0"": {""n"": 34, ""accuracy"": 0.8235294117647058}, ""y0_a1"": {""n"": 0, ""accuracy"": NaN}, ""y1_a0"": {""n"": 36, ""accuracy"": 0.6388888888888888}, ""y1_a1"": {""n"": 0, ""accuracy"": NaN}}",0.4910255097575362,0
corr,transplant,dinov2_b14_518,dfr,1.0,2026,test_corr,0.7916666666666667,0.8424242424242425,0.8275862068965517,70,36,38,0.7714285714285715,0.7720588235294117,0.7272727272727273,"{""y0_a0"": {""n"": 29, ""accuracy"": 0.7931034482758621}, ""y0_a1"": {""n"": 5, ""accuracy"": 0.8}, ""y1_a0"": {""n"": 3, ""accuracy"": 1.0}, ""y1_a1"": {""n"": 33, ""accuracy"": 0.7272727272727273}}",0.4910255097575362,0
corr,transplant,dinov2_b14_518,dfr,1.0,2026,test_rev,0.7165032679738561,0.7678571428571428,0.7135416666666667,70,36,32,0.7,0.701797385620915,0.625,"{""y0_a0"": {""n"": 6, ""accuracy"": 0.8333333333333334}, ""y0_a1"": {""n"": 28, ""accuracy"": 0.75}, ""y1_a0"": {""n"": 32, ""accuracy"": 0.625}, ""y1_a1"": {""n"": 4, ""accuracy"": 0.75}}",0.4910255097575362,0
corr,transplant,dinov2_b14_518,erm,0.0,42,clean,0.8338632750397457,,0.8338632750397457,71,37,0,0.704225352112676,0.7042925278219396,,"{""y0_a0"": {""n"": 34, ""accuracy"": 0.7058823529411765}, ""y0_a1"": {""n"": 0, ""accuracy"": NaN}, ""y1_a0"": {""n"": 37, ""accuracy"": 0.7027027027027027}, ""y1_a1"": {""n"": 0, ""accuracy"": NaN}}",0.4983572039009515,1
corr,transplant,dinov2_b14_518,erm,0.0,42,test_corr,0.856120826709062,0.9803921568627452,0.6129032258064516,71,37,37,0.7323943661971831,0.7313195548489666,0.3333333333333333,"{""y0_a0"": {""n"": 31, ""accuracy"": 0.6774193548387096}, ""y0_a1"": {""n"": 3, ""accuracy"": 1.0}, ""y1_a0"": {""n"": 3, ""accuracy"": 0.3333333333333333}, ""y1_a1"": {""n"": 34, ""accuracy"": 0.7941176470588235}}",0.4983572039009515,1
corr,transplant,dinov2_b14_518,erm,0.0,42,test_rev,0.8227344992050875,0.7461538461538462,0.890625,71,37,31,0.704225352112676,0.7042925278219396,0.6,"{""y0_a0"": {""n"": 8, ""accuracy"": 0.875}, ""y0_a1"": {""n"": 26, ""accuracy"": 0.6538461538461539}, ""y1_a0"": {""n"": 32, ""accuracy"": 0.71875}, ""y1_a1"": {""n"": 5, ""accuracy"": 0.6}}",0.4983572039009515,1
corr,transplant,dinov2_b14_518,mask,0.0,42,clean,0.6637519872813992,,0.6637519872813992,71,37,0,0.6197183098591549,0.6339427662957074,,"{""y0_a0"": {""n"": 34, ""accuracy"": 0.9705882352941176}, ""y0_a1"": {""n"": 0, ""accuracy"": NaN}, ""y1_a0"": {""n"": 37, ""accuracy"": 0.2972972972972973}, ""y1_a1"": {""n"": 0, ""accuracy"": NaN}}",0.5754672042912968,1
corr,transplant,dinov2_b14_518,mask,0.0,42,test_corr,0.6629570747217807,0.5490196078431373,0.978494623655914,71,37,37,0.6197183098591549,0.6339427662957074,0.2647058823529412,"{""y0_a0"": {""n"": 31, ""accuracy"": 0.967741935483871}, ""y0_a1"": {""n"": 3, ""accuracy"": 1.0}, ""y1_a0"": {""n"": 3, ""accuracy"": 0.6666666666666666}, ""y1_a1"": {""n"": 34, ""accuracy"": 0.2647058823529412}}",0.5754672042912968,1
corr,transplant,dinov2_b14_518,mask,0.0,42,test_rev,0.6637519872813992,0.7384615384615384,0.578125,71,37,31,0.6197183098591549,0.6339427662957074,0.2,"{""y0_a0"": {""n"": 8, ""accuracy"": 1.0}, ""y0_a1"": {""n"": 26, ""accuracy"": 0.9615384615384616}, ""y1_a0"": {""n"": 32, ""accuracy"": 0.3125}, ""y1_a1"": {""n"": 5, ""accuracy"": 0.2}}",0.5754672042912968,1
corr,transplant,dinov2_b14_518,inpaint,0.0,42,clean,0.8124006359300477,,0.8124006359300477,71,37,0,0.7183098591549296,0.7285373608903021,,"{""y0_a0"": {""n"": 34, ""accuracy"": 0.9705882352941176}, ""y0_a1"": {""n"": 0, ""accuracy"": NaN}, ""y1_a0"": {""n"": 37, ""accuracy"": 0.4864864864864865}, ""y1_a1"": {""n"": 0, ""accuracy"": NaN}}",0.6037680277058262,1
corr,transplant,dinov2_b14_518,inpaint,0.0,42,test_corr,0.8163751987281399,0.9509803921568628,0.5698924731182795,71,37,37,0.7323943661971831,0.7420508744038156,0.3333333333333333,"{""y0_a0"": {""n"": 31, ""accuracy"": 0.967741935483871}, ""y0_a1"": {""n"": 3, ""accuracy"": 1.0}, ""y1_a0"": {""n"": 3, ""accuracy"": 0.3333333333333333}, ""y1_a1"": {""n"": 34, ""accuracy"": 0.5294117647058824}}",0.6037680277058262,1
corr,transplant,dinov2_b14_518,inpaint,0.0,42,test_rev,0.8084260731319555,0.6692307692307693,0.87109375,71,37,31,0.7183098591549296,0.7285373608903021,0.4,"{""y0_a0"": {""n"": 8, ""accuracy"": 1.0}, ""y0_a1"": {""n"": 26, ""accuracy"": 0.9615384615384616}, ""y1_a0"": {""n"": 32, ""accuracy"": 0.5}, ""y1_a1"": {""n"": 5, ""accuracy"": 0.4}}",0.6037680277058262,1
corr,transplant,dinov2_b14_518,balanced,0.0,42,clean,0.7726550079491256,,0.7726550079491256,71,37,0,0.704225352112676,0.7078696343402225,,"{""y0_a0"": {""n"": 34, ""accuracy"": 0.7941176470588235}, ""y0_a1"": {""n"": 0, ""accuracy"": NaN}, ""y1_a0"": {""n"": 37, ""accuracy"": 0.6216216216216216}, ""y1_a1"": {""n"": 0, ""accuracy"": NaN}}",0.5247577939127669,1
corr,transplant,dinov2_b14_518,balanced,0.0,42,test_corr,0.7766295707472177,0.8137254901960784,0.6344086021505376,71,37,37,0.6901408450704225,0.6943561208267091,0.3333333333333333,"{""y0_a0"": {""n"": 31, ""accuracy"": 0.7741935483870968}, ""y0_a1"": {""n"": 3, ""accuracy"": 1.0}, ""y1_a0"": {""n"": 3, ""accuracy"": 0.3333333333333333}, ""y1_a1"": {""n"": 34, ""accuracy"": 0.6176470588235294}}",0.5247577939127669,1
corr,transplant,dinov2_b14_518,balanced,0.0,42,test_rev,0.7647058823529411,0.6230769230769231,0.88671875,71,37,31,0.704225352112676,0.7078696343402225,0.4,"{""y0_a0"": {""n"": 8, ""accuracy"": 1.0}, ""y0_a1"": {""n"": 26, ""accuracy"": 0.7307692307692307}, ""y1_a0"": {""n"": 32, ""accuracy"": 0.65625}, ""y1_a1"": {""n"": 5, ""accuracy"": 0.4}}",0.5247577939127669,1
corr,transplant,dinov2_b14_518,dfr,0.0,42,clean,0.7639109697933227,,0.7639109697933227,71,37,0,0.7183098591549296,0.7201907790143084,,"{""y0_a0"": {""n"": 34, ""accuracy"": 0.7647058823529411}, ""y0_a1"": {""n"": 0, ""accuracy"": NaN}, ""y1_a0"": {""n"": 37, ""accuracy"": 0.6756756756756757}, ""y1_a1"": {""n"": 0, ""accuracy"": NaN}}",0.4954120943157662,1
corr,transplant,dinov2_b14_518,dfr,0.0,42,test_corr,0.7925278219395866,0.7156862745098038,0.6451612903225806,71,37,37,0.7183098591549296,0.7201907790143084,0.3333333333333333,"{""y0_a0"": {""n"": 31, ""accuracy"": 0.7741935483870968}, ""y0_a1"": {""n"": 3, ""accuracy"": 0.6666666666666666}, ""y1_a0"": {""n"": 3, ""accuracy"": 0.3333333333333333}, ""y1_a1"": {""n"": 34, ""accuracy"": 0.7058823529411765}}",0.4954120943157662,1
corr,transplant,dinov2_b14_518,dfr,0.0,42,test_rev,0.7678855325914149,0.6692307692307692,0.84375,71,37,31,0.6901408450704225,0.690779014308426,0.4,"{""y0_a0"": {""n"": 8, ""accuracy"": 0.875}, ""y0_a1"": {""n"": 26, ""accuracy"": 0.6538461538461539}, ""y1_a0"": {""n"": 32, ""accuracy"": 0.71875}, ""y1_a1"": {""n"": 5, ""accuracy"": 0.4}}",0.4954120943157662,1
corr,transplant,dinov2_b14_518,erm,0.0,123,clean,0.8402225755166932,,0.8402225755166932,71,37,0,0.704225352112676,0.7042925278219396,,"{""y0_a0"": {""n"": 34, ""accuracy"": 0.7058823529411765}, ""y0_a1"": {""n"": 0, ""accuracy"": NaN}, ""y1_a0"": {""n"": 37, ""accuracy"": 0.7027027027027027}, ""y1_a1"": {""n"": 0, ""accuracy"": NaN}}",0.4934580048293078,1
corr,transplant,dinov2_b14_518,erm,0.0,123,test_corr,0.8545310015898251,0.6,0.9310344827586208,71,37,37,0.7183098591549296,0.7178060413354531,0.4,"{""y0_a0"": {""n"": 29, ""accuracy"": 0.7586206896551724}, ""y0_a1"": {""n"": 5, ""accuracy"": 0.4}, ""y1_a0"": {""n"": 5, ""accuracy"": 0.8}, ""y1_a1"": {""n"": 32, ""accuracy"": 0.71875}}",0.4934580048293078,1
corr,transplant,dinov2_b14_518,erm,0.0,123,test_rev,0.8203497615262321,0.935897435897436,0.8051470588235294,71,37,29,0.6901408450704225,0.6883942766295708,0.625,"{""y0_a0"": {""n"": 8, ""accuracy"": 0.625}, ""y0_a1"": {""n"": 26, ""accuracy"": 0.6538461538461539}, ""y1_a0"": {""n"": 34, ""accuracy"": 0.7058823529411765}, ""y1_a1"": {""n"": 3, ""accuracy"": 1.0}}",0.4934580048293078,1
corr,transplant,dinov2_b14_518,mask,0.0,123,clean,0.6637519872813992,,0.6637519872813992,71,37,0,0.6197183098591549,0.6339427662957074,,"{""y0_a0"": {""n"": 34, ""accuracy"": 0.9705882352941176}, ""y0_a1"": {""n"": 0, ""accuracy"": NaN}, ""y1_a0"": {""n"": 37, ""accuracy"": 0.2972972972972973}, ""y1_a1"": {""n"": 0, ""accuracy"": NaN}}",0.57546689400669,1
corr,transplant,dinov2_b14_518,mask,0.0,123,test_corr,0.6629570747217807,0.7875000000000001,0.503448275862069,71,37,37,0.6197183098591549,0.6339427662957074,0.2,"{""y0_a0"": {""n"": 29, ""accuracy"": 0.9655172413793104}, ""y0_a1"": {""n"": 5, ""accuracy"": 1.0}, ""y1_a0"": {""n"": 5, ""accuracy"": 0.2}, ""y1_a1"": {""n"": 32, ""accuracy"": 0.3125}}",0.57546689400669,1
corr,transplant,dinov2_b14_518,mask,0.0,123,test_rev,0.6637519872813992,0.3717948717948718,0.6176470588235294,71,37,29,0.6197183098591549,0.6339427662957074,0.0,"{""y0_a0"": {""n"": 8, ""accuracy"": 0.875}, ""y0_a1"": {""n"": 26, ""accuracy"": 1.0}, ""y1_a0"": {""n"": 34, ""accuracy"": 0.3235294117647059}, ""y1_a1"": {""n"": 3, ""accuracy"": 0.0}}",0.57546689400669,1
corr,transplant,dinov2_b14_518,inpaint,0.0,123,clean,0.8124006359300477,,0.8124006359300477,71,37,0,0.7183098591549296,0.7285373608903021,,"{""y0_a0"": {""n"": 34, ""accuracy"": 0.9705882352941176}, ""y0_a1"": {""n"": 0, ""accuracy"": NaN}, ""y1_a0"": {""n"": 37, ""accuracy"": 0.4864864864864865}, ""y1_a1"": {""n"": 0, ""accuracy"": NaN}}",0.6028733984658913,1
corr,transplant,dinov2_b14_518,inpaint,0.0,123,test_corr,0.8139904610492845,0.5875,0.896551724137931,71,37,37,0.7183098591549296,0.7285373608903021,0.4,"{""y0_a0"": {""n"": 29, ""accuracy"": 1.0}, ""y0_a1"": {""n"": 5, ""accuracy"": 0.8}, ""y1_a0"": {""n"": 5, ""accuracy"": 0.4}, ""y1_a1"": {""n"": 32, ""accuracy"": 0.5}}",0.6028733984658913,1
corr,transplant,dinov2_b14_518,inpaint,0.0,123,test_rev,0.8131955484896661,0.8589743589743589,0.7794117647058824,71,37,29,0.7183098591549296,0.7285373608903021,0.4705882352941176,"{""y0_a0"": {""n"": 8, ""accuracy"": 0.875}, ""y0_a1"": {""n"": 26, ""accuracy"": 1.0}, ""y1_a0"": {""n"": 34, ""accuracy"": 0.47058823529411764}, ""y1_a1"": {""n"": 3, ""accuracy"": 0.6666666666666666}}",0.6028733984658913,1
corr,transplant,dinov2_b14_518,balanced,0.0,123,clean,0.7599364069952305,,0.7599364069952305,71,37,0,0.704225352112676,0.7090620031796502,,"{""y0_a0"": {""n"": 34, ""accuracy"": 0.8235294117647058}, ""y0_a1"": {""n"": 0, ""accuracy"": NaN}, ""y1_a0"": {""n"": 37, ""accuracy"": 0.5945945945945946}, ""y1_a1"": {""n"": 0, ""accuracy"": NaN}}",0.5565046107443646,1
corr,transplant,dinov2_b14_518,balanced,0.0,123,test_corr,0.7647058823529411,0.6125,0.7379310344827585,71,37,37,0.7183098591549296,0.7237678855325914,0.4,"{""y0_a0"": {""n"": 29, ""accuracy"": 0.896551724137931}, ""y0_a1"": {""n"": 5, ""accuracy"": 0.6}, ""y1_a0"": {""n"": 5, ""accuracy"": 0.4}, ""y1_a1"": {""n"": 32, ""accuracy"": 0.625}}",0.5565046107443646,1
corr,transplant,dinov2_b14_518,balanced,0.0,123,test_rev,0.7718600953895072,0.782051282051282,0.75,71,37,29,0.7183098591549296,0.7237678855325914,0.5882352941176471,"{""y0_a0"": {""n"": 8, ""accuracy"": 0.875}, ""y0_a1"": {""n"": 26, ""accuracy"": 0.8461538461538461}, ""y1_a0"": {""n"": 34, ""accuracy"": 0.5882352941176471}, ""y1_a1"": {""n"": 3, ""accuracy"": 0.6666666666666666}}",0.5565046107443646,1
corr,transplant,dinov2_b14_518,dfr,0.0,123,clean,0.7289348171701113,,0.7289348171701113,71,37,0,0.6338028169014085,0.6248012718600954,,"{""y0_a0"": {""n"": 34, ""accuracy"": 0.4117647058823529}, ""y0_a1"": {""n"": 0, ""accuracy"": NaN}, ""y1_a0"": {""n"": 37, ""accuracy"": 0.8378378378378378}, ""y1_a1"": {""n"": 0, ""accuracy"": NaN}}",0.482038187844684,1
corr,transplant,dinov2_b14_518,dfr,0.0,123,test_corr,0.7376788553259142,0.68125,0.7310344827586207,71,37,37,0.6338028169014085,0.6248012718600954,0.2,"{""y0_a0"": {""n"": 29, ""accuracy"": 0.4482758620689655}, ""y0_a1"": {""n"": 5, ""accuracy"": 0.2}, ""y1_a0"": {""n"": 5, ""accuracy"": 0.8}, ""y1_a1"": {""n"": 32, ""accuracy"": 0.84375}}",0.482038187844684,1
corr,transplant,dinov2_b14_518,dfr,0.0,123,test_rev,0.71939586645469,0.782051282051282,0.6433823529411765,71,37,29,0.6338028169014085,0.6248012718600954,0.25,"{""y0_a0"": {""n"": 8, ""accuracy"": 0.25}, ""y0_a1"": {""n"": 26, ""accuracy"": 0.46153846153846156}, ""y1_a0"": {""n"": 34, ""accuracy"": 0.8529411764705882}, ""y1_a1"": {""n"": 3, ""accuracy"": 0.6666666666666666}}",0.482038187844684,1
corr,transplant,dinov2_b14_518,erm,0.0,456,clean,0.8306836248012719,,0.8306836248012719,71,37,0,0.7183098591549296,0.7118441971383148,,"{""y0_a0"": {""n"": 34, ""accuracy"": 0.5588235294117647}, ""y0_a1"": {""n"": 0, ""accuracy"": NaN}, ""y1_a0"": {""n"": 37, ""accuracy"": 0.8648648648648649}, ""y1_a1"": {""n"": 0, ""accuracy"": NaN}}",0.4445490813388102,1
corr,transplant,dinov2_b14_518,erm,0.0,456,test_corr,0.843402225755167,0.8787878787878788,0.625,71,37,37,0.7183098591549296,0.7106518282988872,0.5,"{""y0_a0"": {""n"": 30, ""accuracy"": 0.5333333333333333}, ""y0_a1"": {""n"": 4, ""accuracy"": 0.5}, ""y1_a0"": {""n"": 4, ""accuracy"": 0.75}, ""y1_a1"": {""n"": 33, ""accuracy"": 0.9090909090909091}}",0.4445490813388102,1
corr,transplant,dinov2_b14_518,erm,0.0,456,test_rev,0.8028616852146265,0.903225806451613,0.913978494623656,71,37,37,0.704225352112676,0.6971383147853736,0.4838709677419355,"{""y0_a0"": {""n"": 3, ""accuracy"": 1.0}, ""y0_a1"": {""n"": 31, ""accuracy"": 0.4838709677419355}, ""y1_a0"": {""n"": 31, ""accuracy"": 0.8387096774193549}, ""y1_a1"": {""n"": 6, ""accuracy"": 1.0}}",0.4445490813388102,1
corr,transplant,dinov2_b14_518,mask,0.0,456,clean,0.6637519872813992,,0.6637519872813992,71,37,0,0.6197183098591549,0.6339427662957074,,"{""y0_a0"": {""n"": 34, ""accuracy"": 0.9705882352941176}, ""y0_a1"": {""n"": 0, ""accuracy"": NaN}, ""y1_a0"": {""n"": 37, ""accuracy"": 0.2972972972972973}, ""y1_a1"": {""n"": 0, ""accuracy"": NaN}}",0.5754682768316521,1
corr,transplant,dinov2_b14_518,mask,0.0,456,test_corr,0.6629570747217807,0.606060606060606,0.5083333333333333,71,37,37,0.6197183098591549,0.6339427662957074,0.2727272727272727,"{""y0_a0"": {""n"": 30, ""accuracy"": 0.9666666666666667}, ""y0_a1"": {""n"": 4, ""accuracy"": 1.0}, ""y1_a0"": {""n"": 4, ""accuracy"": 0.5}, ""y1_a1"": {""n"": 33, ""accuracy"": 0.2727272727272727}}",0.5754682768316521,1
corr,transplant,dinov2_b14_518,mask,0.0,456,test_rev,0.6637519872813992,0.8387096774193549,0.7634408602150538,71,37,37,0.6197183098591549,0.6339427662957074,0.2580645161290322,"{""y0_a0"": {""n"": 3, ""accuracy"": 1.0}, ""y0_a1"": {""n"": 31, ""accuracy"": 0.967741935483871}, ""y1_a0"": {""n"": 31, ""accuracy"": 0.25806451612903225}, ""y1_a1"": {""n"": 6, ""accuracy"": 0.5}}",0.5754682768316521,1
corr,transplant,dinov2_b14_518,inpaint,0.0,456,clean,0.8084260731319555,,0.8084260731319555,71,37,0,0.7183098591549296,0.7285373608903021,,"{""y0_a0"": {""n"": 34, ""accuracy"": 0.9705882352941176}, ""y0_a1"": {""n"": 0, ""accuracy"": NaN}, ""y1_a0"": {""n"": 37, ""accuracy"": 0.4864864864864865}, ""y1_a1"": {""n"": 0, ""accuracy"": NaN}}",0.6042308340087497,1
corr,transplant,dinov2_b14_518,inpaint,0.0,456,test_corr,0.813195548489666,0.8712121212121213,0.5833333333333334,71,37,37,0.7323943661971831,0.7420508744038156,0.25,"{""y0_a0"": {""n"": 30, ""accuracy"": 0.9666666666666667}, ""y0_a1"": {""n"": 4, ""accuracy"": 1.0}, ""y1_a0"": {""n"": 4, ""accuracy"": 0.25}, ""y1_a1"": {""n"": 33, ""accuracy"": 0.5454545454545454}}",0.6042308340087497,1
corr,transplant,dinov2_b14_518,inpaint,0.0,456,test_rev,0.8044515103338633,0.903225806451613,0.8817204301075269,71,37,37,0.7183098591549296,0.7285373608903021,0.4516129032258064,"{""y0_a0"": {""n"": 3, ""accuracy"": 1.0}, ""y0_a1"": {""n"": 31, ""accuracy"": 0.967741935483871}, ""y1_a0"": {""n"": 31, ""accuracy"": 0.45161290322580644}, ""y1_a1"": {""n"": 6, ""accuracy"": 0.6666666666666666}}",0.6042308340087497,1
corr,transplant,dinov2_b14_518,balanced,0.0,456,clean,0.7829888712241654,,0.7829888712241654,71,37,0,0.676056338028169,0.6856120826709062,,"{""y0_a0"": {""n"": 34, ""accuracy"": 0.9117647058823529}, ""y0_a1"": {""n"": 0, ""accuracy"": NaN}, ""y1_a0"": {""n"": 37, ""accuracy"": 0.4594594594594595}, ""y1_a1"": {""n"": 0, ""accuracy"": NaN}}",0.5897345631944148,1
corr,transplant,dinov2_b14_518,balanced,0.0,456,test_corr,0.7678855325914149,0.8712121212121213,0.5416666666666666,71,37,37,0.6619718309859155,0.6720985691573926,0.0,"{""y0_a0"": {""n"": 30, ""accuracy"": 0.9}, ""y0_a1"": {""n"": 4, ""accuracy"": 1.0}, ""y1_a0"": {""n"": 4, ""accuracy"": 0.0}, ""y1_a1"": {""n"": 33, ""accuracy"": 0.48484848484848486}}",0.5897345631944148,1
corr,transplant,dinov2_b14_518,balanced,0.0,456,test_rev,0.7917329093799683,0.8279569892473119,0.967741935483871,71,37,37,0.6901408450704225,0.7003179650238474,0.3870967741935484,"{""y0_a0"": {""n"": 3, ""accuracy"": 1.0}, ""y0_a1"": {""n"": 31, ""accuracy"": 0.9354838709677419}, ""y1_a0"": {""n"": 31, ""accuracy"": 0.3870967741935484}, ""y1_a1"": {""n"": 6, ""accuracy"": 0.8333333333333334}}",0.5897345631944148,1
corr,transplant,dinov2_b14_518,dfr,0.0,456,clean,0.8449920508744039,,0.8449920508744039,71,37,0,0.7887323943661971,0.7937201907790143,,"{""y0_a0"": {""n"": 34, ""accuracy"": 0.9117647058823529}, ""y0_a1"": {""n"": 0, ""accuracy"": NaN}, ""y1_a0"": {""n"": 37, ""accuracy"": 0.6756756756756757}, ""y1_a1"": {""n"": 0, ""accuracy"": NaN}}",0.5160848375129721,1
corr,transplant,dinov2_b14_518,dfr,0.0,456,test_corr,0.8600953895071543,0.9166666666666669,0.7083333333333334,71,37,37,0.7887323943661971,0.7937201907790143,0.5,"{""y0_a0"": {""n"": 30, ""accuracy"": 0.9}, ""y0_a1"": {""n"": 4, ""accuracy"": 1.0}, ""y1_a0"": {""n"": 4, ""accuracy"": 0.5}, ""y1_a1"": {""n"": 33, ""accuracy"": 0.696969696969697}}",0.5160848375129721,1
corr,transplant,dinov2_b14_518,dfr,0.0,456,test_rev,0.848966613672496,0.9193548387096776,0.8387096774193549,71,37,37,0.7746478873239436,0.7790143084260731,0.6451612903225806,"{""y0_a0"": {""n"": 3, ""accuracy"": 1.0}, ""y0_a1"": {""n"": 31, ""accuracy"": 0.8709677419354839}, ""y1_a0"": {""n"": 31, ""accuracy"": 0.6451612903225806}, ""y1_a1"": {""n"": 6, ""accuracy"": 0.8333333333333334}}",0.5160848375129721,1
corr,transplant,dinov2_b14_518,erm,0.0,789,clean,0.8402225755166932,,0.8402225755166932,71,37,0,0.704225352112676,0.7042925278219396,,"{""y0_a0"": {""n"": 34, ""accuracy"": 0.7058823529411765}, ""y0_a1"": {""n"": 0, ""accuracy"": NaN}, ""y1_a0"": {""n"": 37, ""accuracy"": 0.7027027027027027}, ""y1_a1"": {""n"": 0, ""accuracy"": NaN}}",0.4927440276681743,1
corr,transplant,dinov2_b14_518,erm,0.0,789,test_corr,0.8640699523052464,0.907563025210084,0.925925925925926,71,37,41,0.7183098591549296,0.7166136724960255,0.6296296296296297,"{""y0_a0"": {""n"": 27, ""accuracy"": 0.6296296296296297}, ""y0_a1"": {""n"": 7, ""accuracy"": 0.8571428571428571}, ""y1_a0"": {""n"": 3, ""accuracy"": 1.0}, ""y1_a1"": {""n"": 34, ""accuracy"": 0.7352941176470589}}",0.4927440276681743,1
corr,transplant,dinov2_b14_518,erm,0.0,789,test_rev,0.8171701112877583,0.8385416666666667,0.8387096774193548,71,37,38,0.6901408450704225,0.6883942766295708,0.5,"{""y0_a0"": {""n"": 2, ""accuracy"": 0.5}, ""y0_a1"": {""n"": 32, ""accuracy"": 0.65625}, ""y1_a0"": {""n"": 31, ""accuracy"": 0.7096774193548387}, ""y1_a1"": {""n"": 6, ""accuracy"": 0.8333333333333334}}",0.4927440276681743,1
corr,transplant,dinov2_b14_518,mask,0.0,789,clean,0.6637519872813992,,0.6637519872813992,71,37,0,0.6197183098591549,0.6339427662957074,,"{""y0_a0"": {""n"": 34, ""accuracy"": 0.9705882352941176}, ""y0_a1"": {""n"": 0, ""accuracy"": NaN}, ""y1_a0"": {""n"": 37, ""accuracy"": 0.2972972972972973}, ""y1_a1"": {""n"": 0, ""accuracy"": NaN}}",0.5754670590023726,1
corr,transplant,dinov2_b14_518,mask,0.0,789,test_corr,0.6629570747217807,0.5966386554621849,0.8518518518518519,71,37,41,0.6197183098591549,0.6339427662957074,0.2941176470588235,"{""y0_a0"": {""n"": 27, ""accuracy"": 0.9629629629629629}, ""y0_a1"": {""n"": 7, ""accuracy"": 1.0}, ""y1_a0"": {""n"": 3, ""accuracy"": 0.3333333333333333}, ""y1_a1"": {""n"": 34, ""accuracy"": 0.29411764705882354}}",0.5754670590023726,1
corr,transplant,dinov2_b14_518,mask,0.0,789,test_rev,0.6637519872813992,0.3333333333333333,0.6935483870967742,71,37,38,0.6197183098591549,0.6339427662957074,0.0,"{""y0_a0"": {""n"": 2, ""accuracy"": 1.0}, ""y0_a1"": {""n"": 32, ""accuracy"": 0.96875}, ""y1_a0"": {""n"": 31, ""accuracy"": 0.3548387096774194}, ""y1_a1"": {""n"": 6, ""accuracy"": 0.0}}",0.5754670590023726,1
corr,transplant,dinov2_b14_518,inpaint,0.0,789,clean,0.814785373608903,,0.814785373608903,71,37,0,0.7183098591549296,0.7189984101748808,,"{""y0_a0"": {""n"": 34, ""accuracy"": 0.7352941176470589}, ""y0_a1"": {""n"": 0, ""accuracy"": NaN}, ""y1_a0"": {""n"": 37, ""accuracy"": 0.7027027027027027}, ""y1_a1"": {""n"": 0, ""accuracy"": NaN}}",0.5104067452005747,1
corr,transplant,dinov2_b14_518,inpaint,0.0,789,test_corr,0.8155802861685215,0.8697478991596639,0.888888888888889,71,37,41,0.7183098591549296,0.7189984101748808,0.6666666666666666,"{""y0_a0"": {""n"": 27, ""accuracy"": 0.6666666666666666}, ""y0_a1"": {""n"": 7, ""accuracy"": 1.0}, ""y1_a0"": {""n"": 3, ""accuracy"": 1.0}, ""y1_a1"": {""n"": 34, ""accuracy"": 0.6764705882352942}}",0.5104067452005747,1
corr,transplant,dinov2_b14_518,inpaint,0.0,789,test_rev,0.8100158982511924,0.7395833333333333,0.8709677419354839,71,37,38,0.7183098591549296,0.7189984101748808,0.5,"{""y0_a0"": {""n"": 2, ""accuracy"": 1.0}, ""y0_a1"": {""n"": 32, ""accuracy"": 0.71875}, ""y1_a0"": {""n"": 31, ""accuracy"": 0.7419354838709677}, ""y1_a1"": {""n"": 6, ""accuracy"": 0.5}}",0.5104067452005747,1
corr,transplant,dinov2_b14_518,balanced,0.0,789,clean,0.6828298887122416,,0.6828298887122416,71,37,0,0.7183098591549296,0.7166136724960255,,"{""y0_a0"": {""n"": 34, ""accuracy"": 0.6764705882352942}, ""y0_a1"": {""n"": 0, ""accuracy"": NaN}, ""y1_a0"": {""n"": 37, ""accuracy"": 0.7567567567567568}, ""y1_a1"": {""n"": 0, ""accuracy"": NaN}}",0.4943039005011104,1
corr,transplant,dinov2_b14_518,balanced,0.0,789,test_corr,0.6979332273449921,0.73109243697479,0.7901234567901234,71,37,41,0.7183098591549296,0.7166136724960255,0.6666666666666666,"{""y0_a0"": {""n"": 27, ""accuracy"": 0.6666666666666666}, ""y0_a1"": {""n"": 7, ""accuracy"": 0.7142857142857143}, ""y1_a0"": {""n"": 3, ""accuracy"": 0.6666666666666666}, ""y1_a1"": {""n"": 34, ""accuracy"": 0.7647058823529411}}",0.4943039005011104,1
corr,transplant,dinov2_b14_518,balanced,0.0,789,test_rev,0.6844197138314785,0.53125,0.9193548387096776,71,37,38,0.676056338028169,0.6724960254372019,0.5,"{""y0_a0"": {""n"": 2, ""accuracy"": 1.0}, ""y0_a1"": {""n"": 32, ""accuracy"": 0.5625}, ""y1_a0"": {""n"": 31, ""accuracy"": 0.8064516129032258}, ""y1_a1"": {""n"": 6, ""accuracy"": 0.5}}",0.4943039005011104,1
corr,transplant,dinov2_b14_518,dfr,0.0,789,clean,0.8481717011128775,,0.8481717011128775,71,37,0,0.7323943661971831,0.7241653418124007,,"{""y0_a0"": {""n"": 34, ""accuracy"": 0.5294117647058824}, ""y0_a1"": {""n"": 0, ""accuracy"": NaN}, ""y1_a0"": {""n"": 37, ""accuracy"": 0.918918918918919}, ""y1_a1"": {""n"": 0, ""accuracy"": NaN}}",0.4709714722374293,1
corr,transplant,dinov2_b14_518,dfr,0.0,789,test_corr,0.8656597774244833,0.8823529411764706,0.925925925925926,71,37,41,0.7323943661971831,0.7241653418124007,0.4814814814814814,"{""y0_a0"": {""n"": 27, ""accuracy"": 0.48148148148148145}, ""y0_a1"": {""n"": 7, ""accuracy"": 0.7142857142857143}, ""y1_a0"": {""n"": 3, ""accuracy"": 1.0}, ""y1_a1"": {""n"": 34, ""accuracy"": 0.9117647058823529}}",0.4709714722374293,1
corr,transplant,dinov2_b14_518,dfr,0.0,789,test_rev,0.8529411764705882,0.8281250000000001,0.8870967741935484,71,37,38,0.704225352112676,0.6947535771065183,0.46875,"{""y0_a0"": {""n"": 2, ""accuracy"": 0.5}, ""y0_a1"": {""n"": 32, ""accuracy"": 0.46875}, ""y1_a0"": {""n"": 31, ""accuracy"": 0.9354838709677419}, ""y1_a1"": {""n"": 6, ""accuracy"": 0.8333333333333334}}",0.4709714722374293,1
corr,transplant,dinov2_b14_518,erm,0.0,2026,clean,0.8386327503974563,,0.8386327503974563,71,37,0,0.704225352112676,0.7042925278219396,,"{""y0_a0"": {""n"": 34, ""accuracy"": 0.7058823529411765}, ""y0_a1"": {""n"": 0, ""accuracy"": NaN}, ""y1_a0"": {""n"": 37, ""accuracy"": 0.7027027027027027}, ""y1_a1"": {""n"": 0, ""accuracy"": NaN}}",0.4908079163697971,1
corr,transplant,dinov2_b14_518,erm,0.0,2026,test_corr,0.8664546899841017,0.9030303030303032,0.9827586206896552,71,37,38,0.7323943661971831,0.7313195548489666,0.6551724137931034,"{""y0_a0"": {""n"": 29, ""accuracy"": 0.6551724137931034}, ""y0_a1"": {""n"": 5, ""accuracy"": 1.0}, ""y1_a0"": {""n"": 4, ""accuracy"": 1.0}, ""y1_a1"": {""n"": 33, ""accuracy"": 0.7272727272727273}}",0.4908079163697971,1
corr,transplant,dinov2_b14_518,erm,0.0,2026,test_rev,0.8171701112877584,0.8709677419354839,0.7238095238095239,71,37,33,0.676056338028169,0.6736883942766296,0.3333333333333333,"{""y0_a0"": {""n"": 3, ""accuracy"": 0.3333333333333333}, ""y0_a1"": {""n"": 31, ""accuracy"": 0.6451612903225806}, ""y1_a0"": {""n"": 35, ""accuracy"": 0.7142857142857143}, ""y1_a1"": {""n"": 2, ""accuracy"": 1.0}}",0.4908079163697971,1
corr,transplant,dinov2_b14_518,mask,0.0,2026,clean,0.6637519872813992,,0.6637519872813992,71,37,0,0.6197183098591549,0.6339427662957074,,"{""y0_a0"": {""n"": 34, ""accuracy"": 0.9705882352941176}, ""y0_a1"": {""n"": 0, ""accuracy"": NaN}, ""y1_a0"": {""n"": 37, ""accuracy"": 0.2972972972972973}, ""y1_a1"": {""n"": 0, ""accuracy"": NaN}}",0.5754672042912968,1
corr,transplant,dinov2_b14_518,mask,0.0,2026,test_corr,0.6629570747217807,0.7515151515151516,0.603448275862069,71,37,38,0.6197183098591549,0.6339427662957074,0.0,"{""y0_a0"": {""n"": 29, ""accuracy"": 0.9655172413793104}, ""y0_a1"": {""n"": 5, ""accuracy"": 1.0}, ""y1_a0"": {""n"": 4, ""accuracy"": 0.0}, ""y1_a1"": {""n"": 33, ""accuracy"": 0.3333333333333333}}",0.5754672042912968,1
corr,transplant,dinov2_b14_518,mask,0.0,2026,test_rev,0.6637519872813992,0.0806451612903226,0.8,71,37,33,0.6197183098591549,0.6339427662957074,0.0,"{""y0_a0"": {""n"": 3, ""accuracy"": 1.0}, ""y0_a1"": {""n"": 31, ""accuracy"": 0.967741935483871}, ""y1_a0"": {""n"": 35, ""accuracy"": 0.3142857142857143}, ""y1_a1"": {""n"": 2, ""accuracy"": 0.0}}",0.5754672042912968,1
corr,transplant,dinov2_b14_518,inpaint,0.0,2026,clean,0.8116057233704292,,0.8116057233704292,71,37,0,0.7183098591549296,0.7285373608903021,,"{""y0_a0"": {""n"": 34, ""accuracy"": 0.9705882352941176}, ""y0_a1"": {""n"": 0, ""accuracy"": NaN}, ""y1_a0"": {""n"": 37, ""accuracy"": 0.4864864864864865}, ""y1_a1"": {""n"": 0, ""accuracy"": NaN}}",0.6031016248169232,1
corr,transplant,dinov2_b14_518,inpaint,0.0,2026,test_corr,0.8195548489666137,0.8545454545454545,0.9827586206896552,71,37,38,0.7323943661971831,0.7420508744038156,0.4545454545454545,"{""y0_a0"": {""n"": 29, ""accuracy"": 0.9655172413793104}, ""y0_a1"": {""n"": 5, ""accuracy"": 1.0}, ""y1_a0"": {""n"": 4, ""accuracy"": 1.0}, ""y1_a1"": {""n"": 33, ""accuracy"": 0.45454545454545453}}",0.6031016248169232,1
corr,transplant,dinov2_b14_518,inpaint,0.0,2026,test_rev,0.8116057233704292,0.6129032258064516,0.6952380952380952,71,37,33,0.7183098591549296,0.7285373608903021,0.0,"{""y0_a0"": {""n"": 3, ""accuracy"": 1.0}, ""y0_a1"": {""n"": 31, ""accuracy"": 0.967741935483871}, ""y1_a0"": {""n"": 35, ""accuracy"": 0.5142857142857142}, ""y1_a1"": {""n"": 2, ""accuracy"": 0.0}}",0.6031016248169232,1
corr,transplant,dinov2_b14_518,balanced,0.0,2026,clean,0.8219395866454691,,0.8219395866454691,71,37,0,0.7746478873239436,0.7766295707472177,,"{""y0_a0"": {""n"": 34, ""accuracy"": 0.8235294117647058}, ""y0_a1"": {""n"": 0, ""accuracy"": NaN}, ""y1_a0"": {""n"": 37, ""accuracy"": 0.7297297297297297}, ""y1_a1"": {""n"": 0, ""accuracy"": NaN}}",0.492130288894237,1
corr,transplant,dinov2_b14_518,balanced,0.0,2026,test_corr,0.830683624801272,0.896969696969697,0.9741379310344828,71,37,38,0.7746478873239436,0.7766295707472177,0.696969696969697,"{""y0_a0"": {""n"": 29, ""accuracy"": 0.7931034482758621}, ""y0_a1"": {""n"": 5, ""accuracy"": 1.0}, ""y1_a0"": {""n"": 4, ""accuracy"": 1.0}, ""y1_a1"": {""n"": 33, ""accuracy"": 0.696969696969697}}",0.492130288894237,1
corr,transplant,dinov2_b14_518,balanced,0.0,2026,test_rev,0.8227344992050876,0.8225806451612904,0.8380952380952381,71,37,33,0.7605633802816901,0.7619236883942766,0.5,"{""y0_a0"": {""n"": 3, ""accuracy"": 1.0}, ""y0_a1"": {""n"": 31, ""accuracy"": 0.7741935483870968}, ""y1_a0"": {""n"": 35, ""accuracy"": 0.7428571428571429}, ""y1_a1"": {""n"": 2, ""accuracy"": 0.5}}",0.492130288894237,1
corr,transplant,dinov2_b14_518,dfr,0.0,2026,clean,0.7917329093799682,,0.7917329093799682,71,37,0,0.6901408450704225,0.6895866454689985,,"{""y0_a0"": {""n"": 34, ""accuracy"": 0.6764705882352942}, ""y0_a1"": {""n"": 0, ""accuracy"": NaN}, ""y1_a0"": {""n"": 37, ""accuracy"": 0.7027027027027027}, ""y1_a1"": {""n"": 0, ""accuracy"": NaN}}",0.4937395159621083,1
corr,transplant,dinov2_b14_518,dfr,0.0,2026,test_corr,0.8052464228934818,0.9333333333333332,0.8879310344827586,71,37,38,0.6901408450704225,0.6895866454689985,0.6206896551724138,"{""y0_a0"": {""n"": 29, ""accuracy"": 0.6206896551724138}, ""y0_a1"": {""n"": 5, ""accuracy"": 1.0}, ""y1_a0"": {""n"": 4, ""accuracy"": 1.0}, ""y1_a1"": {""n"": 33, ""accuracy"": 0.6666666666666666}}",0.4937395159621083,1
corr,transplant,dinov2_b14_518,dfr,0.0,2026,test_rev,0.7957074721780604,0.4032258064516129,0.7333333333333334,71,37,33,0.704225352112676,0.7042925278219396,0.0,"{""y0_a0"": {""n"": 3, ""accuracy"": 0.3333333333333333}, ""y0_a1"": {""n"": 31, ""accuracy"": 0.7419354838709677}, ""y1_a0"": {""n"": 35, ""accuracy"": 0.7428571428571429}, ""y1_a1"": {""n"": 2, ""accuracy"": 0.0}}",0.4937395159621083,1
corr,transplant,dinov2_b14_518,erm,1.0,42,clean,0.8386327503974563,,0.8386327503974563,71,37,0,0.7323943661971831,0.7325119236883944,,"{""y0_a0"": {""n"": 34, ""accuracy"": 0.7352941176470589}, ""y0_a1"": {""n"": 0, ""accuracy"": NaN}, ""y1_a0"": {""n"": 37, ""accuracy"": 0.7297297297297297}, ""y1_a1"": {""n"": 0, ""accuracy"": NaN}}",0.477230085451524,1
corr,transplant,dinov2_b14_518,erm,1.0,42,test_corr,0.8751987281399047,0.9705882352941178,0.6021505376344085,71,37,37,0.7605633802816901,0.7595389507154213,0.3333333333333333,"{""y0_a0"": {""n"": 31, ""accuracy"": 0.7096774193548387}, ""y0_a1"": {""n"": 3, ""accuracy"": 1.0}, ""y1_a0"": {""n"": 3, ""accuracy"": 0.3333333333333333}, ""y1_a1"": {""n"": 34, ""accuracy"": 0.8235294117647058}}",0.477230085451524,1
corr,transplant,dinov2_b14_518,erm,1.0,42,test_rev,0.814785373608903,0.7538461538461537,0.90234375,71,37,31,0.6901408450704225,0.6883942766295708,0.5769230769230769,"{""y0_a0"": {""n"": 8, ""accuracy"": 0.875}, ""y0_a1"": {""n"": 26, ""accuracy"": 0.5769230769230769}, ""y1_a0"": {""n"": 32, ""accuracy"": 0.75}, ""y1_a1"": {""n"": 5, ""accuracy"": 0.6}}",0.477230085451524,1
corr,transplant,dinov2_b14_518,mask,1.0,42,clean,0.7734499205087441,,0.7734499205087441,71,37,0,0.7183098591549296,0.724960254372019,,"{""y0_a0"": {""n"": 34, ""accuracy"": 0.8823529411764706}, ""y0_a1"": {""n"": 0, ""accuracy"": NaN}, ""y1_a0"": {""n"": 37, ""accuracy"": 0.5675675675675675}, ""y1_a1"": {""n"": 0, ""accuracy"": NaN}}",0.5609862282152012,1
corr,transplant,dinov2_b14_518,mask,1.0,42,test_corr,0.8553259141494436,0.7549019607843137,0.913978494623656,71,37,37,0.7746478873239436,0.7790143084260731,0.3333333333333333,"{""y0_a0"": {""n"": 31, ""accuracy"": 0.8709677419354839}, ""y0_a1"": {""n"": 3, ""accuracy"": 1.0}, ""y1_a0"": {""n"": 3, ""accuracy"": 0.3333333333333333}, ""y1_a1"": {""n"": 34, ""accuracy"": 0.7058823529411765}}",0.5609862282152012,1
corr,transplant,dinov2_b14_518,mask,1.0,42,test_rev,0.7027027027027027,0.7615384615384616,0.76171875,71,37,31,0.704225352112676,0.7078696343402225,0.59375,"{""y0_a0"": {""n"": 8, ""accuracy"": 0.875}, ""y0_a1"": {""n"": 26, ""accuracy"": 0.7692307692307693}, ""y1_a0"": {""n"": 32, ""accuracy"": 0.59375}, ""y1_a1"": {""n"": 5, ""accuracy"": 0.8}}",0.5609862282152012,1
corr,transplant,dinov2_b14_518,inpaint,1.0,42,clean,0.8084260731319555,,0.8084260731319555,71,37,0,0.7183098591549296,0.7285373608903021,,"{""y0_a0"": {""n"": 34, ""accuracy"": 0.9705882352941176}, ""y0_a1"": {""n"": 0, ""accuracy"": NaN}, ""y1_a0"": {""n"": 37, ""accuracy"": 0.4864864864864865}, ""y1_a1"": {""n"": 0, ""accuracy"": NaN}}",0.6006255052916611,1
corr,transplant,dinov2_b14_518,inpaint,1.0,42,test_corr,0.8163751987281399,0.931372549019608,0.5591397849462365,71,37,37,0.7323943661971831,0.7420508744038156,0.3333333333333333,"{""y0_a0"": {""n"": 31, ""accuracy"": 0.967741935483871}, ""y0_a1"": {""n"": 3, ""accuracy"": 1.0}, ""y1_a0"": {""n"": 3, ""accuracy"": 0.3333333333333333}, ""y1_a1"": {""n"": 34, ""accuracy"": 0.5294117647058824}}",0.6006255052916611,1
corr,transplant,dinov2_b14_518,inpaint,1.0,42,test_rev,0.8012718600953894,0.7,0.86328125,71,37,31,0.704225352112676,0.713831478537361,0.4,"{""y0_a0"": {""n"": 8, ""accuracy"": 1.0}, ""y0_a1"": {""n"": 26, ""accuracy"": 0.9230769230769231}, ""y1_a0"": {""n"": 32, ""accuracy"": 0.5}, ""y1_a1"": {""n"": 5, ""accuracy"": 0.4}}",0.6006255052916611,1
corr,transplant,dinov2_b14_518,balanced,1.0,42,clean,0.7742448330683624,,0.7742448330683624,71,37,0,0.6619718309859155,0.6685214626391096,,"{""y0_a0"": {""n"": 34, ""accuracy"": 0.8235294117647058}, ""y0_a1"": {""n"": 0, ""accuracy"": NaN}, ""y1_a0"": {""n"": 37, ""accuracy"": 0.5135135135135135}, ""y1_a1"": {""n"": 0, ""accuracy"": NaN}}",0.5377159962106289,1
corr,transplant,dinov2_b14_518,balanced,1.0,42,test_corr,0.7853736089030207,0.823529411764706,0.6344086021505376,71,37,37,0.6901408450704225,0.6955484896661367,0.3333333333333333,"{""y0_a0"": {""n"": 31, ""accuracy"": 0.8064516129032258}, ""y0_a1"": {""n"": 3, ""accuracy"": 1.0}, ""y1_a0"": {""n"": 3, ""accuracy"": 0.3333333333333333}, ""y1_a1"": {""n"": 34, ""accuracy"": 0.5882352941176471}}",0.5377159962106289,1
corr,transplant,dinov2_b14_518,balanced,1.0,42,test_rev,0.7670906200317965,0.6384615384615385,0.87109375,71,37,31,0.6619718309859155,0.6685214626391096,0.4,"{""y0_a0"": {""n"": 8, ""accuracy"": 1.0}, ""y0_a1"": {""n"": 26, ""accuracy"": 0.7692307692307693}, ""y1_a0"": {""n"": 32, ""accuracy"": 0.53125}, ""y1_a1"": {""n"": 5, ""accuracy"": 0.4}}",0.5377159962106289,1
corr,transplant,dinov2_b14_518,dfr,1.0,42,clean,0.7591414944356121,,0.7591414944356121,71,37,0,0.647887323943662,0.6466613672496025,,"{""y0_a0"": {""n"": 34, ""accuracy"": 0.6176470588235294}, ""y0_a1"": {""n"": 0, ""accuracy"": NaN}, ""y1_a0"": {""n"": 37, ""accuracy"": 0.6756756756756757}, ""y1_a1"": {""n"": 0, ""accuracy"": NaN}}",0.49271244941823,1
corr,transplant,dinov2_b14_518,dfr,1.0,42,test_corr,0.7766295707472178,0.7254901960784313,0.5698924731182795,71,37,37,0.647887323943662,0.6466613672496025,0.3333333333333333,"{""y0_a0"": {""n"": 31, ""accuracy"": 0.6129032258064516}, ""y0_a1"": {""n"": 3, ""accuracy"": 0.6666666666666666}, ""y1_a0"": {""n"": 3, ""accuracy"": 0.3333333333333333}, ""y1_a1"": {""n"": 34, ""accuracy"": 0.7058823529411765}}",0.49271244941823,1
corr,transplant,dinov2_b14_518,dfr,1.0,42,test_rev,0.7551669316375199,0.6846153846153846,0.7890625,71,37,31,0.647887323943662,0.6466613672496025,0.4,"{""y0_a0"": {""n"": 8, ""accuracy"": 0.625}, ""y0_a1"": {""n"": 26, ""accuracy"": 0.6153846153846154}, ""y1_a0"": {""n"": 32, ""accuracy"": 0.71875}, ""y1_a1"": {""n"": 5, ""accuracy"": 0.4}}",0.49271244941823,1
corr,transplant,dinov2_b14_518,erm,1.0,123,clean,0.8394276629570747,,0.8394276629570747,71,37,0,0.704225352112676,0.7007154213036566,,"{""y0_a0"": {""n"": 34, ""accuracy"": 0.6176470588235294}, ""y0_a1"": {""n"": 0, ""accuracy"": NaN}, ""y1_a0"": {""n"": 37, ""accuracy"": 0.7837837837837838}, ""y1_a1"": {""n"": 0, ""accuracy"": NaN}}",0.4552002317217472,1
corr,transplant,dinov2_b14_518,erm,1.0,123,test_corr,0.8688394276629571,0.6375000000000001,0.9379310344827588,71,37,37,0.7183098591549296,0.7130365659777425,0.0,"{""y0_a0"": {""n"": 29, ""accuracy"": 0.6896551724137931}, ""y0_a1"": {""n"": 5, ""accuracy"": 0.0}, ""y1_a0"": {""n"": 5, ""accuracy"": 0.8}, ""y1_a1"": {""n"": 32, ""accuracy"": 0.84375}}",0.4552002317217472,1
corr,transplant,dinov2_b14_518,erm,1.0,123,test_rev,0.8020667726550079,0.935897435897436,0.8088235294117647,71,37,29,0.676056338028169,0.6701112877583466,0.5,"{""y0_a0"": {""n"": 8, ""accuracy"": 0.625}, ""y0_a1"": {""n"": 26, ""accuracy"": 0.5}, ""y1_a0"": {""n"": 34, ""accuracy"": 0.7941176470588235}, ""y1_a1"": {""n"": 3, ""accuracy"": 1.0}}",0.4552002317217472,1
corr,transplant,dinov2_b14_518,mask,1.0,123,clean,0.6565977742448331,,0.6565977742448331,71,37,0,0.6056338028169014,0.6180445151033387,,"{""y0_a0"": {""n"": 34, ""accuracy"": 0.9117647058823529}, ""y0_a1"": {""n"": 0, ""accuracy"": NaN}, ""y1_a0"": {""n"": 37, ""accuracy"": 0.32432432432432434}, ""y1_a1"": {""n"": 0, ""accuracy"": NaN}}",0.5748054175166385,1
corr,transplant,dinov2_b14_518,mask,1.0,123,test_corr,0.7106518282988872,0.78125,0.4758620689655173,71,37,37,0.676056338028169,0.6856120826709062,0.2,"{""y0_a0"": {""n"": 29, ""accuracy"": 0.896551724137931}, ""y0_a1"": {""n"": 5, ""accuracy"": 1.0}, ""y1_a0"": {""n"": 5, ""accuracy"": 0.2}, ""y1_a1"": {""n"": 32, ""accuracy"": 0.5}}",0.5748054175166385,1
corr,transplant,dinov2_b14_518,mask,1.0,123,test_rev,0.5850556438791734,0.3589743589743589,0.5955882352941176,71,37,29,0.5633802816901409,0.5739268680445151,0.0,"{""y0_a0"": {""n"": 8, ""accuracy"": 0.75}, ""y0_a1"": {""n"": 26, ""accuracy"": 0.8461538461538461}, ""y1_a0"": {""n"": 34, ""accuracy"": 0.35294117647058826}, ""y1_a1"": {""n"": 3, ""accuracy"": 0.0}}",0.5748054175166385,1
corr,transplant,dinov2_b14_518,inpaint,1.0,123,clean,0.8060413354531002,,0.8060413354531002,71,37,0,0.7183098591549296,0.7285373608903021,,"{""y0_a0"": {""n"": 34, ""accuracy"": 0.9705882352941176}, ""y0_a1"": {""n"": 0, ""accuracy"": NaN}, ""y1_a0"": {""n"": 37, ""accuracy"": 0.4864864864864865}, ""y1_a1"": {""n"": 0, ""accuracy"": NaN}}",0.5994205162025447,1
corr,transplant,dinov2_b14_518,inpaint,1.0,123,test_corr,0.8163751987281399,0.56875,0.8896551724137931,71,37,37,0.7183098591549296,0.7285373608903021,0.4,"{""y0_a0"": {""n"": 29, ""accuracy"": 1.0}, ""y0_a1"": {""n"": 5, ""accuracy"": 0.8}, ""y1_a0"": {""n"": 5, ""accuracy"": 0.4}, ""y1_a1"": {""n"": 32, ""accuracy"": 0.5}}",0.5994205162025447,1
corr,transplant,dinov2_b14_518,inpaint,1.0,123,test_rev,0.7965023847376789,0.8205128205128205,0.7830882352941176,71,37,29,0.704225352112676,0.713831478537361,0.4705882352941176,"{""y0_a0"": {""n"": 8, ""accuracy"": 0.875}, ""y0_a1"": {""n"": 26, ""accuracy"": 0.9615384615384616}, ""y1_a0"": {""n"": 34, ""accuracy"": 0.47058823529411764}, ""y1_a1"": {""n"": 3, ""accuracy"": 0.6666666666666666}}",0.5994205162025447,1
corr,transplant,dinov2_b14_518,balanced,1.0,123,clean,0.7615262321144675,,0.7615262321144675,71,37,0,0.647887323943662,0.6609697933227345,,"{""y0_a0"": {""n"": 34, ""accuracy"": 0.9705882352941176}, ""y0_a1"": {""n"": 0, ""accuracy"": NaN}, ""y1_a0"": {""n"": 37, ""accuracy"": 0.35135135135135137}, ""y1_a1"": {""n"": 0, ""accuracy"": NaN}}",0.6067375841688384,1
corr,transplant,dinov2_b14_518,balanced,1.0,123,test_corr,0.7559618441971383,0.6,0.7724137931034483,71,37,37,0.647887323943662,0.6609697933227345,0.0,"{""y0_a0"": {""n"": 29, ""accuracy"": 0.9655172413793104}, ""y0_a1"": {""n"": 5, ""accuracy"": 1.0}, ""y1_a0"": {""n"": 5, ""accuracy"": 0.0}, ""y1_a1"": {""n"": 32, ""accuracy"": 0.40625}}",0.6067375841688384,1
corr,transplant,dinov2_b14_518,balanced,1.0,123,test_rev,0.7710651828298887,0.7564102564102564,0.7720588235294117,71,37,29,0.647887323943662,0.6609697933227345,0.3333333333333333,"{""y0_a0"": {""n"": 8, ""accuracy"": 1.0}, ""y0_a1"": {""n"": 26, ""accuracy"": 0.9615384615384616}, ""y1_a0"": {""n"": 34, ""accuracy"": 0.35294117647058826}, ""y1_a1"": {""n"": 3, ""accuracy"": 0.3333333333333333}}",0.6067375841688384,1
corr,transplant,dinov2_b14_518,dfr,1.0,123,clean,0.7416534181240064,,0.7416534181240064,71,37,0,0.704225352112676,0.6971383147853736,,"{""y0_a0"": {""n"": 34, ""accuracy"": 0.5294117647058824}, ""y0_a1"": {""n"": 0, ""accuracy"": NaN}, ""y1_a0"": {""n"": 37, ""accuracy"": 0.8648648648648649}, ""y1_a1"": {""n"": 0, ""accuracy"": NaN}}",0.4829525129849271,1
corr,transplant,dinov2_b14_518,dfr,1.0,123,test_corr,0.751987281399046,0.70625,0.7655172413793103,71,37,37,0.704225352112676,0.6971383147853736,0.4,"{""y0_a0"": {""n"": 29, ""accuracy"": 0.5517241379310345}, ""y0_a1"": {""n"": 5, ""accuracy"": 0.4}, ""y1_a0"": {""n"": 5, ""accuracy"": 0.8}, ""y1_a1"": {""n"": 32, ""accuracy"": 0.875}}",0.4829525129849271,1
corr,transplant,dinov2_b14_518,dfr,1.0,123,test_rev,0.7329093799682035,0.7692307692307692,0.6801470588235294,71,37,29,0.704225352112676,0.6971383147853736,0.375,"{""y0_a0"": {""n"": 8, ""accuracy"": 0.375}, ""y0_a1"": {""n"": 26, ""accuracy"": 0.5769230769230769}, ""y1_a0"": {""n"": 34, ""accuracy"": 0.8823529411764706}, ""y1_a1"": {""n"": 3, ""accuracy"": 0.6666666666666666}}",0.4829525129849271,1
corr,transplant,dinov2_b14_518,erm,1.0,456,clean,0.8362480127186009,,0.8362480127186009,71,37,0,0.7183098591549296,0.7178060413354531,,"{""y0_a0"": {""n"": 34, ""accuracy"": 0.7058823529411765}, ""y0_a1"": {""n"": 0, ""accuracy"": NaN}, ""y1_a0"": {""n"": 37, ""accuracy"": 0.7297297297297297}, ""y1_a1"": {""n"": 0, ""accuracy"": NaN}}",0.4793079283994447,1
corr,transplant,dinov2_b14_518,erm,1.0,456,test_corr,0.8569157392686805,0.8712121212121212,0.6166666666666667,71,37,37,0.7323943661971831,0.7313195548489666,0.25,"{""y0_a0"": {""n"": 30, ""accuracy"": 0.7}, ""y0_a1"": {""n"": 4, ""accuracy"": 0.75}, ""y1_a0"": {""n"": 4, ""accuracy"": 0.25}, ""y1_a1"": {""n"": 33, ""accuracy"": 0.8181818181818182}}",0.4793079283994447,1
corr,transplant,dinov2_b14_518,erm,1.0,456,test_rev,0.7933227344992051,0.913978494623656,0.9032258064516128,71,37,37,0.676056338028169,0.6736883942766296,0.5806451612903226,"{""y0_a0"": {""n"": 3, ""accuracy"": 1.0}, ""y0_a1"": {""n"": 31, ""accuracy"": 0.5806451612903226}, ""y1_a0"": {""n"": 31, ""accuracy"": 0.7096774193548387}, ""y1_a1"": {""n"": 6, ""accuracy"": 0.8333333333333334}}",0.4793079283994447,1
corr,transplant,dinov2_b14_518,mask,1.0,456,clean,0.7813990461049284,,0.7813990461049284,71,37,0,0.7887323943661971,0.7937201907790143,,"{""y0_a0"": {""n"": 34, ""accuracy"": 0.9117647058823529}, ""y0_a1"": {""n"": 0, ""accuracy"": NaN}, ""y1_a0"": {""n"": 37, ""accuracy"": 0.6756756756756757}, ""y1_a1"": {""n"": 0, ""accuracy"": NaN}}",0.564840654076486,1
corr,transplant,dinov2_b14_518,mask,1.0,456,test_corr,0.843402225755167,0.8636363636363636,0.4833333333333334,71,37,37,0.7887323943661971,0.7925278219395866,0.25,"{""y0_a0"": {""n"": 30, ""accuracy"": 0.9}, ""y0_a1"": {""n"": 4, ""accuracy"": 0.75}, ""y1_a0"": {""n"": 4, ""accuracy"": 0.25}, ""y1_a1"": {""n"": 33, ""accuracy"": 0.7575757575757576}}",0.564840654076486,1
corr,transplant,dinov2_b14_518,mask,1.0,456,test_rev,0.7027027027027029,0.9301075268817204,0.8387096774193548,71,37,37,0.676056338028169,0.6748807631160573,0.6129032258064516,"{""y0_a0"": {""n"": 3, ""accuracy"": 1.0}, ""y0_a1"": {""n"": 31, ""accuracy"": 0.6129032258064516}, ""y1_a0"": {""n"": 31, ""accuracy"": 0.6451612903225806}, ""y1_a1"": {""n"": 6, ""accuracy"": 1.0}}",0.564840654076486,1
corr,transplant,dinov2_b14_518,inpaint,1.0,456,clean,0.8028616852146264,,0.8028616852146264,71,37,0,0.704225352112676,0.7150238473767886,,"{""y0_a0"": {""n"": 34, ""accuracy"": 0.9705882352941176}, ""y0_a1"": {""n"": 0, ""accuracy"": NaN}, ""y1_a0"": {""n"": 37, ""accuracy"": 0.4594594594594595}, ""y1_a1"": {""n"": 0, ""accuracy"": NaN}}",0.5998630879984617,1
corr,transplant,dinov2_b14_518,inpaint,1.0,456,test_corr,0.814785373608903,0.8863636363636365,0.575,71,37,37,0.7183098591549296,0.7285373608903021,0.0,"{""y0_a0"": {""n"": 30, ""accuracy"": 0.9666666666666667}, ""y0_a1"": {""n"": 4, ""accuracy"": 1.0}, ""y1_a0"": {""n"": 4, ""accuracy"": 0.0}, ""y1_a1"": {""n"": 33, ""accuracy"": 0.5454545454545454}}",0.5998630879984617,1
corr,transplant,dinov2_b14_518,inpaint,1.0,456,test_rev,0.794912559618442,0.8978494623655915,0.8602150537634409,71,37,37,0.6901408450704225,0.7003179650238474,0.4193548387096774,"{""y0_a0"": {""n"": 3, ""accuracy"": 1.0}, ""y0_a1"": {""n"": 31, ""accuracy"": 0.9354838709677419}, ""y1_a0"": {""n"": 31, ""accuracy"": 0.41935483870967744}, ""y1_a1"": {""n"": 6, ""accuracy"": 0.6666666666666666}}",0.5998630879984617,1
corr,transplant,dinov2_b14_518,balanced,1.0,456,clean,0.78060413354531,,0.78060413354531,71,37,0,0.6901408450704225,0.6979332273449921,,"{""y0_a0"": {""n"": 34, ""accuracy"": 0.8823529411764706}, ""y0_a1"": {""n"": 0, ""accuracy"": NaN}, ""y1_a0"": {""n"": 37, ""accuracy"": 0.5135135135135135}, ""y1_a1"": {""n"": 0, ""accuracy"": NaN}}",0.5689905345099795,1
corr,transplant,dinov2_b14_518,balanced,1.0,456,test_corr,0.7694753577106519,0.8030303030303031,0.5666666666666667,71,37,37,0.6901408450704225,0.6967408585055643,0.0,"{""y0_a0"": {""n"": 30, ""accuracy"": 0.8666666666666667}, ""y0_a1"": {""n"": 4, ""accuracy"": 0.75}, ""y1_a0"": {""n"": 4, ""accuracy"": 0.0}, ""y1_a1"": {""n"": 33, ""accuracy"": 0.6060606060606061}}",0.5689905345099795,1
corr,transplant,dinov2_b14_518,balanced,1.0,456,test_rev,0.7718600953895072,0.8279569892473119,0.9677419354838708,71,37,37,0.676056338028169,0.6832273449920508,0.4516129032258064,"{""y0_a0"": {""n"": 3, ""accuracy"": 1.0}, ""y0_a1"": {""n"": 31, ""accuracy"": 0.8387096774193549}, ""y1_a0"": {""n"": 31, ""accuracy"": 0.45161290322580644}, ""y1_a1"": {""n"": 6, ""accuracy"": 0.8333333333333334}}",0.5689905345099795,1
corr,transplant,dinov2_b14_518,dfr,1.0,456,clean,0.8402225755166932,,0.8402225755166932,71,37,0,0.7464788732394366,0.7460254372019078,,"{""y0_a0"": {""n"": 34, ""accuracy"": 0.7352941176470589}, ""y0_a1"": {""n"": 0, ""accuracy"": NaN}, ""y1_a0"": {""n"": 37, ""accuracy"": 0.7567567567567568}, ""y1_a1"": {""n"": 0, ""accuracy"": NaN}}",0.4969116776274616,1
corr,transplant,dinov2_b14_518,dfr,1.0,456,test_corr,0.8505564387917329,0.8560606060606061,0.7,71,37,37,0.7746478873239436,0.7718600953895072,0.5,"{""y0_a0"": {""n"": 30, ""accuracy"": 0.7333333333333333}, ""y0_a1"": {""n"": 4, ""accuracy"": 0.5}, ""y1_a0"": {""n"": 4, ""accuracy"": 0.5}, ""y1_a1"": {""n"": 33, ""accuracy"": 0.8787878787878788}}",0.4969116776274616,1
corr,transplant,dinov2_b14_518,dfr,1.0,456,test_rev,0.8314785373608903,0.9086021505376344,0.8494623655913978,71,37,37,0.7323943661971831,0.730127186009539,0.6451612903225806,"{""y0_a0"": {""n"": 3, ""accuracy"": 1.0}, ""y0_a1"": {""n"": 31, ""accuracy"": 0.6451612903225806}, ""y1_a0"": {""n"": 31, ""accuracy"": 0.7419354838709677}, ""y1_a1"": {""n"": 6, ""accuracy"": 1.0}}",0.4969116776274616,1
corr,transplant,dinov2_b14_518,erm,1.0,789,clean,0.8410174880763116,,0.8410174880763116,71,37,0,0.7183098591549296,0.7130365659777425,,"{""y0_a0"": {""n"": 34, ""accuracy"": 0.5882352941176471}, ""y0_a1"": {""n"": 0, ""accuracy"": NaN}, ""y1_a0"": {""n"": 37, ""accuracy"": 0.8378378378378378}, ""y1_a1"": {""n"": 0, ""accuracy"": NaN}}",0.4488910185257712,1
corr,transplant,dinov2_b14_518,erm,1.0,789,test_corr,0.8751987281399046,0.903361344537815,0.9012345679012346,71,37,41,0.7464788732394366,0.7376788553259142,0.5185185185185185,"{""y0_a0"": {""n"": 27, ""accuracy"": 0.5185185185185185}, ""y0_a1"": {""n"": 7, ""accuracy"": 0.5714285714285714}, ""y1_a0"": {""n"": 3, ""accuracy"": 1.0}, ""y1_a1"": {""n"": 34, ""accuracy"": 0.9411764705882353}}",0.4488910185257712,1
corr,transplant,dinov2_b14_518,erm,1.0,789,test_rev,0.8068362480127187,0.8541666666666666,0.8387096774193548,71,37,38,0.6901408450704225,0.6824324324324325,0.5,"{""y0_a0"": {""n"": 2, ""accuracy"": 0.5}, ""y0_a1"": {""n"": 32, ""accuracy"": 0.5}, ""y1_a0"": {""n"": 31, ""accuracy"": 0.8387096774193549}, ""y1_a1"": {""n"": 6, ""accuracy"": 1.0}}",0.4488910185257712,1
corr,transplant,dinov2_b14_518,mask,1.0,789,clean,0.6550079491255961,,0.6550079491255961,71,37,0,0.6056338028169014,0.6180445151033387,,"{""y0_a0"": {""n"": 34, ""accuracy"": 0.9117647058823529}, ""y0_a1"": {""n"": 0, ""accuracy"": NaN}, ""y1_a0"": {""n"": 37, ""accuracy"": 0.32432432432432434}, ""y1_a1"": {""n"": 0, ""accuracy"": NaN}}",0.5778486878560912,1
corr,transplant,dinov2_b14_518,mask,1.0,789,test_corr,0.7058823529411765,0.5882352941176471,0.8271604938271606,71,37,41,0.647887323943662,0.6562003179650239,0.3333333333333333,"{""y0_a0"": {""n"": 27, ""accuracy"": 0.9259259259259259}, ""y0_a1"": {""n"": 7, ""accuracy"": 0.5714285714285714}, ""y1_a0"": {""n"": 3, ""accuracy"": 0.3333333333333333}, ""y1_a1"": {""n"": 34, ""accuracy"": 0.47058823529411764}}",0.5778486878560912,1
corr,transplant,dinov2_b14_518,mask,1.0,789,test_rev,0.5850556438791733,0.3593749999999999,0.6774193548387097,71,37,38,0.5492957746478874,0.559220985691574,0.1666666666666666,"{""y0_a0"": {""n"": 2, ""accuracy"": 1.0}, ""y0_a1"": {""n"": 32, ""accuracy"": 0.78125}, ""y1_a0"": {""n"": 31, ""accuracy"": 0.3548387096774194}, ""y1_a1"": {""n"": 6, ""accuracy"": 0.16666666666666666}}",0.5778486878560912,1
corr,transplant,dinov2_b14_518,inpaint,1.0,789,clean,0.8052464228934817,,0.8052464228934817,71,37,0,0.6901408450704225,0.690779014308426,,"{""y0_a0"": {""n"": 34, ""accuracy"": 0.7058823529411765}, ""y0_a1"": {""n"": 0, ""accuracy"": NaN}, ""y1_a0"": {""n"": 37, ""accuracy"": 0.6756756756756757}, ""y1_a1"": {""n"": 0, ""accuracy"": NaN}}",0.5074754914632591,1
corr,transplant,dinov2_b14_518,inpaint,1.0,789,test_corr,0.8171701112877583,0.8613445378151261,0.888888888888889,71,37,41,0.704225352112676,0.7054848966613673,0.6666666666666666,"{""y0_a0"": {""n"": 27, ""accuracy"": 0.6666666666666666}, ""y0_a1"": {""n"": 7, ""accuracy"": 1.0}, ""y1_a0"": {""n"": 3, ""accuracy"": 0.6666666666666666}, ""y1_a1"": {""n"": 34, ""accuracy"": 0.6764705882352942}}",0.5074754914632591,1
corr,transplant,dinov2_b14_518,inpaint,1.0,789,test_rev,0.7980922098569158,0.7239583333333334,0.8709677419354839,71,37,38,0.704225352112676,0.7054848966613673,0.5,"{""y0_a0"": {""n"": 2, ""accuracy"": 1.0}, ""y0_a1"": {""n"": 32, ""accuracy"": 0.71875}, ""y1_a0"": {""n"": 31, ""accuracy"": 0.7096774193548387}, ""y1_a1"": {""n"": 6, ""accuracy"": 0.5}}",0.5074754914632591,1
corr,transplant,dinov2_b14_518,balanced,1.0,789,clean,0.6788553259141495,,0.6788553259141495,71,37,0,0.6901408450704225,0.6872019077901431,,"{""y0_a0"": {""n"": 34, ""accuracy"": 0.6176470588235294}, ""y0_a1"": {""n"": 0, ""accuracy"": NaN}, ""y1_a0"": {""n"": 37, ""accuracy"": 0.7567567567567568}, ""y1_a1"": {""n"": 0, ""accuracy"": NaN}}",0.4948745723942819,1
corr,transplant,dinov2_b14_518,balanced,1.0,789,test_corr,0.6915739268680446,0.7058823529411764,0.7530864197530864,71,37,41,0.6901408450704225,0.6872019077901431,0.5925925925925926,"{""y0_a0"": {""n"": 27, ""accuracy"": 0.5925925925925926}, ""y0_a1"": {""n"": 7, ""accuracy"": 0.7142857142857143}, ""y1_a0"": {""n"": 3, ""accuracy"": 0.6666666666666666}, ""y1_a1"": {""n"": 34, ""accuracy"": 0.7647058823529411}}",0.4948745723942819,1
corr,transplant,dinov2_b14_518,balanced,1.0,789,test_rev,0.6621621621621622,0.5,0.935483870967742,71,37,38,0.704225352112676,0.7019077901430844,0.5,"{""y0_a0"": {""n"": 2, ""accuracy"": 1.0}, ""y0_a1"": {""n"": 32, ""accuracy"": 0.625}, ""y1_a0"": {""n"": 31, ""accuracy"": 0.8064516129032258}, ""y1_a1"": {""n"": 6, ""accuracy"": 0.5}}",0.4948745723942819,1
corr,transplant,dinov2_b14_518,dfr,1.0,789,clean,0.8434022257551669,,0.8434022257551669,71,37,0,0.7183098591549296,0.7094594594594594,,"{""y0_a0"": {""n"": 34, ""accuracy"": 0.5}, ""y0_a1"": {""n"": 0, ""accuracy"": NaN}, ""y1_a0"": {""n"": 37, ""accuracy"": 0.918918918918919}, ""y1_a1"": {""n"": 0, ""accuracy"": NaN}}",0.4696727470435548,1
corr,transplant,dinov2_b14_518,dfr,1.0,789,test_corr,0.8593004769475358,0.8697478991596639,0.9382716049382716,71,37,41,0.7323943661971831,0.722972972972973,0.4444444444444444,"{""y0_a0"": {""n"": 27, ""accuracy"": 0.4444444444444444}, ""y0_a1"": {""n"": 7, ""accuracy"": 0.7142857142857143}, ""y1_a0"": {""n"": 3, ""accuracy"": 1.0}, ""y1_a1"": {""n"": 34, ""accuracy"": 0.9411764705882353}}",0.4696727470435548,1
corr,transplant,dinov2_b14_518,dfr,1.0,789,test_rev,0.8465818759936408,0.8489583333333334,0.8709677419354839,71,37,38,0.704225352112676,0.6947535771065183,0.46875,"{""y0_a0"": {""n"": 2, ""accuracy"": 0.5}, ""y0_a1"": {""n"": 32, ""accuracy"": 0.46875}, ""y1_a0"": {""n"": 31, ""accuracy"": 0.9354838709677419}, ""y1_a1"": {""n"": 6, ""accuracy"": 0.8333333333333334}}",0.4696727470435548,1
corr,transplant,dinov2_b14_518,erm,1.0,2026,clean,0.8410174880763117,,0.8410174880763117,71,37,0,0.7464788732394366,0.7460254372019078,,"{""y0_a0"": {""n"": 34, ""accuracy"": 0.7352941176470589}, ""y0_a1"": {""n"": 0, ""accuracy"": NaN}, ""y1_a0"": {""n"": 37, ""accuracy"": 0.7567567567567568}, ""y1_a1"": {""n"": 0, ""accuracy"": NaN}}",0.4722612883950643,1
corr,transplant,dinov2_b14_518,erm,1.0,2026,test_corr,0.8807631160572338,0.9030303030303032,0.9827586206896552,71,37,38,0.7605633802816901,0.7583465818759937,0.6896551724137931,"{""y0_a0"": {""n"": 29, ""accuracy"": 0.6896551724137931}, ""y0_a1"": {""n"": 5, ""accuracy"": 0.8}, ""y1_a0"": {""n"": 4, ""accuracy"": 1.0}, ""y1_a1"": {""n"": 33, ""accuracy"": 0.7878787878787878}}",0.4722612883950643,1
corr,transplant,dinov2_b14_518,erm,1.0,2026,test_rev,0.7996820349761526,0.9032258064516128,0.7238095238095239,71,37,33,0.7183098591549296,0.7154213036565977,0.3333333333333333,"{""y0_a0"": {""n"": 3, ""accuracy"": 0.3333333333333333}, ""y0_a1"": {""n"": 31, ""accuracy"": 0.6774193548387096}, ""y1_a0"": {""n"": 35, ""accuracy"": 0.7714285714285715}, ""y1_a1"": {""n"": 2, ""accuracy"": 1.0}}",0.4722612883950643,1
corr,transplant,dinov2_b14_518,mask,1.0,2026,clean,0.7845786963434023,,0.7845786963434023,71,37,0,0.7464788732394366,0.751987281399046,,"{""y0_a0"": {""n"": 34, ""accuracy"": 0.8823529411764706}, ""y0_a1"": {""n"": 0, ""accuracy"": NaN}, ""y1_a0"": {""n"": 37, ""accuracy"": 0.6216216216216216}, ""y1_a1"": {""n"": 0, ""accuracy"": NaN}}",0.5461211386792849,1
corr,transplant,dinov2_b14_518,mask,1.0,2026,test_corr,0.8394276629570747,0.8363636363636364,0.7931034482758621,71,37,38,0.7746478873239436,0.7790143084260731,0.25,"{""y0_a0"": {""n"": 29, ""accuracy"": 0.8620689655172413}, ""y0_a1"": {""n"": 5, ""accuracy"": 1.0}, ""y1_a0"": {""n"": 4, ""accuracy"": 0.25}, ""y1_a1"": {""n"": 33, ""accuracy"": 0.7272727272727273}}",0.5461211386792849,1
corr,transplant,dinov2_b14_518,mask,1.0,2026,test_rev,0.6717011128775835,0.0483870967741935,0.9238095238095236,71,37,33,0.6619718309859155,0.6637519872813991,0.0,"{""y0_a0"": {""n"": 3, ""accuracy"": 1.0}, ""y0_a1"": {""n"": 31, ""accuracy"": 0.6774193548387096}, ""y1_a0"": {""n"": 35, ""accuracy"": 0.6571428571428571}, ""y1_a1"": {""n"": 2, ""accuracy"": 0.0}}",0.5461211386792849,1
corr,transplant,dinov2_b14_518,inpaint,1.0,2026,clean,0.8084260731319555,,0.8084260731319555,71,37,0,0.7183098591549296,0.7285373608903021,,"{""y0_a0"": {""n"": 34, ""accuracy"": 0.9705882352941176}, ""y0_a1"": {""n"": 0, ""accuracy"": NaN}, ""y1_a0"": {""n"": 37, ""accuracy"": 0.4864864864864865}, ""y1_a1"": {""n"": 0, ""accuracy"": NaN}}",0.5994828062027729,1
corr,transplant,dinov2_b14_518,inpaint,1.0,2026,test_corr,0.8195548489666137,0.8545454545454545,0.9827586206896552,71,37,38,0.7323943661971831,0.7420508744038156,0.4545454545454545,"{""y0_a0"": {""n"": 29, ""accuracy"": 0.9655172413793104}, ""y0_a1"": {""n"": 5, ""accuracy"": 1.0}, ""y1_a0"": {""n"": 4, ""accuracy"": 1.0}, ""y1_a1"": {""n"": 33, ""accuracy"": 0.45454545454545453}}",0.5994828062027729,1
corr,transplant,dinov2_b14_518,inpaint,1.0,2026,test_rev,0.8004769475357711,0.5161290322580645,0.6952380952380952,71,37,33,0.704225352112676,0.713831478537361,0.0,"{""y0_a0"": {""n"": 3, ""accuracy"": 1.0}, ""y0_a1"": {""n"": 31, ""accuracy"": 0.9354838709677419}, ""y1_a0"": {""n"": 35, ""accuracy"": 0.5142857142857142}, ""y1_a1"": {""n"": 2, ""accuracy"": 0.0}}",0.5994828062027729,1
corr,transplant,dinov2_b14_518,balanced,1.0,2026,clean,0.8131955484896661,,0.8131955484896661,71,37,0,0.7605633802816901,0.7619236883942766,,"{""y0_a0"": {""n"": 34, ""accuracy"": 0.7941176470588235}, ""y0_a1"": {""n"": 0, ""accuracy"": NaN}, ""y1_a0"": {""n"": 37, ""accuracy"": 0.7297297297297297}, ""y1_a1"": {""n"": 0, ""accuracy"": NaN}}",0.466915372938659,1
corr,transplant,dinov2_b14_518,balanced,1.0,2026,test_corr,0.8243243243243243,0.8606060606060606,0.956896551724138,71,37,38,0.7605633802816901,0.7619236883942766,0.696969696969697,"{""y0_a0"": {""n"": 29, ""accuracy"": 0.7586206896551724}, ""y0_a1"": {""n"": 5, ""accuracy"": 1.0}, ""y1_a0"": {""n"": 4, ""accuracy"": 1.0}, ""y1_a1"": {""n"": 33, ""accuracy"": 0.696969696969697}}",0.466915372938659,1
corr,transplant,dinov2_b14_518,balanced,1.0,2026,test_rev,0.8012718600953895,0.8064516129032259,0.8571428571428572,71,37,33,0.7605633802816901,0.7619236883942766,0.5,"{""y0_a0"": {""n"": 3, ""accuracy"": 1.0}, ""y0_a1"": {""n"": 31, ""accuracy"": 0.7741935483870968}, ""y1_a0"": {""n"": 35, ""accuracy"": 0.7428571428571429}, ""y1_a1"": {""n"": 2, ""accuracy"": 0.5}}",0.466915372938659,1
corr,transplant,dinov2_b14_518,dfr,1.0,2026,clean,0.7829888712241654,,0.7829888712241654,71,37,0,0.704225352112676,0.7042925278219396,,"{""y0_a0"": {""n"": 34, ""accuracy"": 0.7058823529411765}, ""y0_a1"": {""n"": 0, ""accuracy"": NaN}, ""y1_a0"": {""n"": 37, ""accuracy"": 0.7027027027027027}, ""y1_a1"": {""n"": 0, ""accuracy"": NaN}}",0.4969292900613502,1
corr,transplant,dinov2_b14_518,dfr,1.0,2026,test_corr,0.8036565977742449,0.8909090909090909,0.8793103448275863,71,37,38,0.7183098591549296,0.7178060413354531,0.6551724137931034,"{""y0_a0"": {""n"": 29, ""accuracy"": 0.6551724137931034}, ""y0_a1"": {""n"": 5, ""accuracy"": 1.0}, ""y1_a0"": {""n"": 4, ""accuracy"": 1.0}, ""y1_a1"": {""n"": 33, ""accuracy"": 0.696969696969697}}",0.4969292900613502,1
corr,transplant,dinov2_b14_518,dfr,1.0,2026,test_rev,0.775039745627981,0.3870967741935484,0.7238095238095238,71,37,33,0.6901408450704225,0.6895866454689985,0.0,"{""y0_a0"": {""n"": 3, ""accuracy"": 0.3333333333333333}, ""y0_a1"": {""n"": 31, ""accuracy"": 0.7096774193548387}, ""y1_a0"": {""n"": 35, ""accuracy"": 0.7428571428571429}, ""y1_a1"": {""n"": 2, ""accuracy"": 0.0}}",0.4969292900613502,1
corr,transplant,dinov2_b14_518,erm,0.0,42,clean,0.715126050420168,,0.715126050420168,69,35,0,0.6376811594202898,0.638235294117647,,"{""y0_a0"": {""n"": 34, ""accuracy"": 0.6764705882352942}, ""y0_a1"": {""n"": 0, ""accuracy"": NaN}, ""y1_a0"": {""n"": 35, ""accuracy"": 0.6}, ""y1_a1"": {""n"": 0, ""accuracy"": NaN}}",0.4917980218092862,2
corr,transplant,dinov2_b14_518,erm,0.0,42,test_corr,0.7386554621848739,0.8225806451612903,0.71875,69,35,33,0.6956521739130435,0.6953781512605042,0.65625,"{""y0_a0"": {""n"": 32, ""accuracy"": 0.65625}, ""y0_a1"": {""n"": 2, ""accuracy"": 1.0}, ""y1_a0"": {""n"": 4, ""accuracy"": 0.75}, ""y1_a1"": {""n"": 31, ""accuracy"": 0.7096774193548387}}",0.4917980218092862,2
corr,transplant,dinov2_b14_518,erm,0.0,42,test_rev,0.6764705882352942,0.42,0.6902356902356902,69,35,27,0.6086956521739131,0.6088235294117648,0.5,"{""y0_a0"": {""n"": 9, ""accuracy"": 0.5555555555555556}, ""y0_a1"": {""n"": 25, ""accuracy"": 0.64}, ""y1_a0"": {""n"": 33, ""accuracy"": 0.6060606060606061}, ""y1_a1"": {""n"": 2, ""accuracy"": 0.5}}",0.4917980218092862,2
corr,transplant,dinov2_b14_518,mask,0.0,42,clean,0.7453781512605043,,0.7453781512605043,69,35,0,0.6666666666666666,0.6651260504201681,,"{""y0_a0"": {""n"": 34, ""accuracy"": 0.5588235294117647}, ""y0_a1"": {""n"": 0, ""accuracy"": NaN}, ""y1_a0"": {""n"": 35, ""accuracy"": 0.7714285714285715}, ""y1_a1"": {""n"": 0, ""accuracy"": NaN}}",0.488325544823087,2
corr,transplant,dinov2_b14_518,mask,0.0,42,test_corr,0.7453781512605043,0.8064516129032258,0.734375,69,35,33,0.6666666666666666,0.6651260504201681,0.53125,"{""y0_a0"": {""n"": 32, ""accuracy"": 0.53125}, ""y0_a1"": {""n"": 2, ""accuracy"": 1.0}, ""y1_a0"": {""n"": 4, ""accuracy"": 0.75}, ""y1_a1"": {""n"": 31, ""accuracy"": 0.7741935483870968}}",0.488325544823087,2
corr,transplant,dinov2_b14_518,mask,0.0,42,test_rev,0.7453781512605043,0.46,0.6835016835016835,69,35,27,0.6666666666666666,0.6651260504201681,0.5,"{""y0_a0"": {""n"": 9, ""accuracy"": 0.5555555555555556}, ""y0_a1"": {""n"": 25, ""accuracy"": 0.56}, ""y1_a0"": {""n"": 33, ""accuracy"": 0.7878787878787878}, ""y1_a1"": {""n"": 2, ""accuracy"": 0.5}}",0.488325544823087,2
corr,transplant,dinov2_b14_518,inpaint,0.0,42,clean,0.719327731092437,,0.719327731092437,69,35,0,0.6521739130434783,0.6542016806722688,,"{""y0_a0"": {""n"": 34, ""accuracy"": 0.7941176470588235}, ""y0_a1"": {""n"": 0, ""accuracy"": NaN}, ""y1_a0"": {""n"": 35, ""accuracy"": 0.5142857142857142}, ""y1_a1"": {""n"": 0, ""accuracy"": NaN}}",0.5450735311942333,2
corr,transplant,dinov2_b14_518,inpaint,0.0,42,test_corr,0.7226890756302521,0.8064516129032258,0.734375,69,35,33,0.6521739130434783,0.6542016806722688,0.4838709677419355,"{""y0_a0"": {""n"": 32, ""accuracy"": 0.78125}, ""y0_a1"": {""n"": 2, ""accuracy"": 1.0}, ""y1_a0"": {""n"": 4, ""accuracy"": 0.75}, ""y1_a1"": {""n"": 31, ""accuracy"": 0.4838709677419355}}",0.5450735311942333,2
corr,transplant,dinov2_b14_518,inpaint,0.0,42,test_rev,0.7092436974789916,0.4,0.7205387205387205,69,35,27,0.6376811594202898,0.6394957983193277,0.5,"{""y0_a0"": {""n"": 9, ""accuracy"": 0.7777777777777778}, ""y0_a1"": {""n"": 25, ""accuracy"": 0.76}, ""y1_a0"": {""n"": 33, ""accuracy"": 0.5151515151515151}, ""y1_a1"": {""n"": 2, ""accuracy"": 0.5}}",0.5450735311942333,2
corr,transplant,dinov2_b14_518,balanced,0.0,42,clean,0.7235294117647059,,0.7235294117647059,69,35,0,0.6666666666666666,0.6684873949579831,,"{""y0_a0"": {""n"": 34, ""accuracy"": 0.7941176470588235}, ""y0_a1"": {""n"": 0, ""accuracy"": NaN}, ""y1_a0"": {""n"": 35, ""accuracy"": 0.5428571428571428}, ""y1_a1"": {""n"": 0, ""accuracy"": NaN}}",0.5313978461303414,2
corr,transplant,dinov2_b14_518,balanced,0.0,42,test_corr,0.7403361344537815,0.8709677419354839,0.734375,69,35,33,0.6956521739130435,0.6970588235294117,0.5806451612903226,"{""y0_a0"": {""n"": 32, ""accuracy"": 0.78125}, ""y0_a1"": {""n"": 2, ""accuracy"": 1.0}, ""y1_a0"": {""n"": 4, ""accuracy"": 0.75}, ""y1_a1"": {""n"": 31, ""accuracy"": 0.5806451612903226}}",0.5313978461303414,2
corr,transplant,dinov2_b14_518,balanced,0.0,42,test_rev,0.6974789915966386,0.42,0.7272727272727273,69,35,27,0.6666666666666666,0.6684873949579831,0.5,"{""y0_a0"": {""n"": 9, ""accuracy"": 0.7777777777777778}, ""y0_a1"": {""n"": 25, ""accuracy"": 0.8}, ""y1_a0"": {""n"": 33, ""accuracy"": 0.5454545454545454}, ""y1_a1"": {""n"": 2, ""accuracy"": 0.5}}",0.5313978461303414,2
corr,transplant,dinov2_b14_518,dfr,0.0,42,clean,0.6151260504201681,,0.6151260504201681,69,35,0,0.6086956521739131,0.6096638655462185,,"{""y0_a0"": {""n"": 34, ""accuracy"": 0.6764705882352942}, ""y0_a1"": {""n"": 0, ""accuracy"": NaN}, ""y1_a0"": {""n"": 35, ""accuracy"": 0.5428571428571428}, ""y1_a1"": {""n"": 0, ""accuracy"": NaN}}",0.543182077504033,2
corr,transplant,dinov2_b14_518,dfr,0.0,42,test_corr,0.6100840336134454,0.6935483870967742,0.4609375,69,35,33,0.6231884057971014,0.6239495798319328,0.5,"{""y0_a0"": {""n"": 32, ""accuracy"": 0.65625}, ""y0_a1"": {""n"": 2, ""accuracy"": 1.0}, ""y1_a0"": {""n"": 4, ""accuracy"": 0.5}, ""y1_a1"": {""n"": 31, ""accuracy"": 0.5806451612903226}}",0.543182077504033,2
corr,transplant,dinov2_b14_518,dfr,0.0,42,test_rev,0.6260504201680673,0.12,0.6430976430976432,69,35,27,0.5942028985507246,0.5949579831932773,0.0,"{""y0_a0"": {""n"": 9, ""accuracy"": 0.6666666666666666}, ""y0_a1"": {""n"": 25, ""accuracy"": 0.64}, ""y1_a0"": {""n"": 33, ""accuracy"": 0.5757575757575758}, ""y1_a1"": {""n"": 2, ""accuracy"": 0.0}}",0.543182077504033,2
corr,transplant,dinov2_b14_518,erm,0.0,123,clean,0.7134453781512604,,0.7134453781512604,69,35,0,0.6376811594202898,0.6378151260504201,,"{""y0_a0"": {""n"": 34, ""accuracy"": 0.6470588235294118}, ""y0_a1"": {""n"": 0, ""accuracy"": NaN}, ""y1_a0"": {""n"": 35, ""accuracy"": 0.6285714285714286}, ""y1_a1"": {""n"": 0, ""accuracy"": NaN}}",0.4855093528284528,2
corr,transplant,dinov2_b14_518,erm,0.0,123,test_corr,0.734453781512605,0.6428571428571428,0.7723214285714286,69,35,30,0.6811594202898551,0.680672268907563,0.5,"{""y0_a0"": {""n"": 32, ""accuracy"": 0.65625}, ""y0_a1"": {""n"": 2, ""accuracy"": 0.5}, ""y1_a0"": {""n"": 7, ""accuracy"": 0.7142857142857143}, ""y1_a1"": {""n"": 28, ""accuracy"": 0.7142857142857143}}",0.4855093528284528,2
corr,transplant,dinov2_b14_518,erm,0.0,123,test_rev,0.6680672268907563,0.525,0.7777777777777777,69,35,38,0.6376811594202898,0.6369747899159663,0.5666666666666667,"{""y0_a0"": {""n"": 4, ""accuracy"": 0.75}, ""y0_a1"": {""n"": 30, ""accuracy"": 0.5666666666666667}, ""y1_a0"": {""n"": 27, ""accuracy"": 0.7037037037037037}, ""y1_a1"": {""n"": 8, ""accuracy"": 0.625}}",0.4855093528284528,2
corr,transplant,dinov2_b14_518,mask,0.0,123,clean,0.7453781512605043,,0.7453781512605043,69,35,0,0.6666666666666666,0.6651260504201681,,"{""y0_a0"": {""n"": 34, ""accuracy"": 0.5588235294117647}, ""y0_a1"": {""n"": 0, ""accuracy"": NaN}, ""y1_a0"": {""n"": 35, ""accuracy"": 0.7714285714285715}, ""y1_a1"": {""n"": 0, ""accuracy"": NaN}}",0.4883236049637294,2
corr,transplant,dinov2_b14_518,mask,0.0,123,test_corr,0.7453781512605043,0.5357142857142857,0.7142857142857142,69,35,30,0.6666666666666666,0.6651260504201681,0.5,"{""y0_a0"": {""n"": 32, ""accuracy"": 0.5625}, ""y0_a1"": {""n"": 2, ""accuracy"": 0.5}, ""y1_a0"": {""n"": 7, ""accuracy"": 0.7142857142857143}, ""y1_a1"": {""n"": 28, ""accuracy"": 0.7857142857142857}}",0.4883236049637294,2
corr,transplant,dinov2_b14_518,mask,0.0,123,test_rev,0.7453781512605043,0.6250000000000001,0.75,69,35,38,0.6666666666666666,0.6651260504201681,0.25,"{""y0_a0"": {""n"": 4, ""accuracy"": 0.25}, ""y0_a1"": {""n"": 30, ""accuracy"": 0.6}, ""y1_a0"": {""n"": 27, ""accuracy"": 0.8148148148148148}, ""y1_a1"": {""n"": 8, ""accuracy"": 0.625}}",0.4883236049637294,2
corr,transplant,dinov2_b14_518,inpaint,0.0,123,clean,0.7176470588235295,,0.7176470588235295,69,35,0,0.6521739130434783,0.6542016806722688,,"{""y0_a0"": {""n"": 34, ""accuracy"": 0.7941176470588235}, ""y0_a1"": {""n"": 0, ""accuracy"": NaN}, ""y1_a0"": {""n"": 35, ""accuracy"": 0.5142857142857142}, ""y1_a1"": {""n"": 0, ""accuracy"": NaN}}",0.5442996052401965,2
corr,transplant,dinov2_b14_518,inpaint,0.0,123,test_corr,0.7210084033613446,0.6785714285714286,0.7633928571428572,69,35,30,0.6521739130434783,0.6542016806722688,0.4642857142857143,"{""y0_a0"": {""n"": 32, ""accuracy"": 0.78125}, ""y0_a1"": {""n"": 2, ""accuracy"": 1.0}, ""y1_a0"": {""n"": 7, ""accuracy"": 0.7142857142857143}, ""y1_a1"": {""n"": 28, ""accuracy"": 0.4642857142857143}}",0.5442996052401965,2
corr,transplant,dinov2_b14_518,inpaint,0.0,123,test_rev,0.7058823529411764,0.5458333333333334,0.7962962962962963,69,35,38,0.6521739130434783,0.6542016806722688,0.25,"{""y0_a0"": {""n"": 4, ""accuracy"": 0.75}, ""y0_a1"": {""n"": 30, ""accuracy"": 0.8}, ""y1_a0"": {""n"": 27, ""accuracy"": 0.5925925925925926}, ""y1_a1"": {""n"": 8, ""accuracy"": 0.25}}",0.5442996052401965,2
corr,transplant,dinov2_b14_518,balanced,0.0,123,clean,0.6890756302521008,,0.6890756302521008,69,35,0,0.6376811594202898,0.6373949579831932,,"{""y0_a0"": {""n"": 34, ""accuracy"": 0.6176470588235294}, ""y0_a1"": {""n"": 0, ""accuracy"": NaN}, ""y1_a0"": {""n"": 35, ""accuracy"": 0.6571428571428571}, ""y1_a1"": {""n"": 0, ""accuracy"": NaN}}",0.4724685372988406,2
corr,transplant,dinov2_b14_518,balanced,0.0,123,test_corr,0.6907563025210084,0.8035714285714286,0.7098214285714286,69,35,30,0.6231884057971014,0.6226890756302521,0.5,"{""y0_a0"": {""n"": 32, ""accuracy"": 0.59375}, ""y0_a1"": {""n"": 2, ""accuracy"": 0.5}, ""y1_a0"": {""n"": 7, ""accuracy"": 0.7142857142857143}, ""y1_a1"": {""n"": 28, ""accuracy"": 0.6428571428571429}}",0.4724685372988406,2
corr,transplant,dinov2_b14_518,balanced,0.0,123,test_rev,0.6747899159663866,0.5375,0.7685185185185185,69,35,38,0.6376811594202898,0.6373949579831932,0.5,"{""y0_a0"": {""n"": 4, ""accuracy"": 0.75}, ""y0_a1"": {""n"": 30, ""accuracy"": 0.6}, ""y1_a0"": {""n"": 27, ""accuracy"": 0.7037037037037037}, ""y1_a1"": {""n"": 8, ""accuracy"": 0.5}}",0.4724685372988406,2
corr,transplant,dinov2_b14_518,dfr,0.0,123,clean,0.6210084033613446,,0.6210084033613446,69,35,0,0.5507246376811594,0.5495798319327732,,"{""y0_a0"": {""n"": 34, ""accuracy"": 0.47058823529411764}, ""y0_a1"": {""n"": 0, ""accuracy"": NaN}, ""y1_a0"": {""n"": 35, ""accuracy"": 0.6285714285714286}, ""y1_a1"": {""n"": 0, ""accuracy"": NaN}}",0.5071483788357659,2
corr,transplant,dinov2_b14_518,dfr,0.0,123,test_corr,0.619327731092437,0.6428571428571428,0.625,69,35,30,0.5507246376811594,0.5495798319327732,0.46875,"{""y0_a0"": {""n"": 32, ""accuracy"": 0.46875}, ""y0_a1"": {""n"": 2, ""accuracy"": 0.5}, ""y1_a0"": {""n"": 7, ""accuracy"": 0.5714285714285714}, ""y1_a1"": {""n"": 28, ""accuracy"": 0.6428571428571429}}",0.5071483788357659,2
corr,transplant,dinov2_b14_518,dfr,0.0,123,test_rev,0.6336134453781512,0.5,0.6203703703703703,69,35,38,0.5942028985507246,0.5936974789915966,0.375,"{""y0_a0"": {""n"": 4, ""accuracy"": 0.5}, ""y0_a1"": {""n"": 30, ""accuracy"": 0.5666666666666667}, ""y1_a0"": {""n"": 27, ""accuracy"": 0.7037037037037037}, ""y1_a1"": {""n"": 8, ""accuracy"": 0.375}}",0.5071483788357659,2
corr,transplant,dinov2_b14_518,erm,0.0,456,clean,0.7142857142857143,,0.7142857142857143,69,35,0,0.6231884057971014,0.6239495798319328,,"{""y0_a0"": {""n"": 34, ""accuracy"": 0.6764705882352942}, ""y0_a1"": {""n"": 0, ""accuracy"": NaN}, ""y1_a0"": {""n"": 35, ""accuracy"": 0.5714285714285714}, ""y1_a1"": {""n"": 0, ""accuracy"": NaN}}",0.4933732854505062,2
corr,transplant,dinov2_b14_518,erm,0.0,456,test_corr,0.7344537815126051,0.8046875,0.4555555555555555,69,35,36,0.6956521739130435,0.6953781512605042,0.3333333333333333,"{""y0_a0"": {""n"": 30, ""accuracy"": 0.6666666666666666}, ""y0_a1"": {""n"": 4, ""accuracy"": 0.75}, ""y1_a0"": {""n"": 3, ""accuracy"": 0.3333333333333333}, ""y1_a1"": {""n"": 32, ""accuracy"": 0.75}}",0.4933732854505062,2
corr,transplant,dinov2_b14_518,erm,0.0,456,test_rev,0.6630252100840336,0.803030303030303,0.8620689655172413,69,35,39,0.6086956521739131,0.6084033613445379,0.5517241379310345,"{""y0_a0"": {""n"": 1, ""accuracy"": 1.0}, ""y0_a1"": {""n"": 33, ""accuracy"": 0.5757575757575758}, ""y1_a0"": {""n"": 29, ""accuracy"": 0.5517241379310345}, ""y1_a1"": {""n"": 6, ""accuracy"": 1.0}}",0.4933732854505062,2
corr,transplant,dinov2_b14_518,mask,0.0,456,clean,0.7453781512605043,,0.7453781512605043,69,35,0,0.6666666666666666,0.6651260504201681,,"{""y0_a0"": {""n"": 34, ""accuracy"": 0.5588235294117647}, ""y0_a1"": {""n"": 0, ""accuracy"": NaN}, ""y1_a0"": {""n"": 35, ""accuracy"": 0.7714285714285715}, ""y1_a1"": {""n"": 0, ""accuracy"": NaN}}",0.4883456662810383,2
corr,transplant,dinov2_b14_518,mask,0.0,456,test_corr,0.7453781512605043,0.6875,0.5111111111111112,69,35,36,0.6666666666666666,0.6651260504201681,0.3333333333333333,"{""y0_a0"": {""n"": 30, ""accuracy"": 0.5666666666666667}, ""y0_a1"": {""n"": 4, ""accuracy"": 0.5}, ""y1_a0"": {""n"": 3, ""accuracy"": 0.3333333333333333}, ""y1_a1"": {""n"": 32, ""accuracy"": 0.8125}}",0.4883456662810383,2
corr,transplant,dinov2_b14_518,mask,0.0,456,test_rev,0.7453781512605043,0.7424242424242424,0.9655172413793104,69,35,39,0.6666666666666666,0.6651260504201681,0.5454545454545454,"{""y0_a0"": {""n"": 1, ""accuracy"": 1.0}, ""y0_a1"": {""n"": 33, ""accuracy"": 0.5454545454545454}, ""y1_a0"": {""n"": 29, ""accuracy"": 0.7586206896551724}, ""y1_a1"": {""n"": 6, ""accuracy"": 0.8333333333333334}}",0.4883456662810383,2
corr,transplant,dinov2_b14_518,inpaint,0.0,456,clean,0.7201680672268908,,0.7201680672268908,69,35,0,0.6521739130434783,0.6542016806722688,,"{""y0_a0"": {""n"": 34, ""accuracy"": 0.7941176470588235}, ""y0_a1"": {""n"": 0, ""accuracy"": NaN}, ""y1_a0"": {""n"": 35, ""accuracy"": 0.5142857142857142}, ""y1_a1"": {""n"": 0, ""accuracy"": NaN}}",0.5428811138974872,2
corr,transplant,dinov2_b14_518,inpaint,0.0,456,test_corr,0.7210084033613446,0.8203125,0.4666666666666667,69,35,36,0.6521739130434783,0.6542016806722688,0.3333333333333333,"{""y0_a0"": {""n"": 30, ""accuracy"": 0.7666666666666667}, ""y0_a1"": {""n"": 4, ""accuracy"": 1.0}, ""y1_a0"": {""n"": 3, ""accuracy"": 0.3333333333333333}, ""y1_a1"": {""n"": 32, ""accuracy"": 0.53125}}",0.5428811138974872,2
corr,transplant,dinov2_b14_518,inpaint,0.0,456,test_rev,0.7084033613445377,0.8232323232323233,0.8620689655172413,69,35,39,0.6376811594202898,0.6394957983193277,0.4827586206896552,"{""y0_a0"": {""n"": 1, ""accuracy"": 1.0}, ""y0_a1"": {""n"": 33, ""accuracy"": 0.7575757575757576}, ""y1_a0"": {""n"": 29, ""accuracy"": 0.4827586206896552}, ""y1_a1"": {""n"": 6, ""accuracy"": 0.6666666666666666}}",0.5428811138974872,2
corr,transplant,dinov2_b14_518,balanced,0.0,456,clean,0.6218487394957982,,0.6218487394957982,69,35,0,0.5942028985507246,0.5911764705882353,,"{""y0_a0"": {""n"": 34, ""accuracy"": 0.38235294117647056}, ""y0_a1"": {""n"": 0, ""accuracy"": NaN}, ""y1_a0"": {""n"": 35, ""accuracy"": 0.8}, ""y1_a1"": {""n"": 0, ""accuracy"": NaN}}",0.4270750561121876,2
corr,transplant,dinov2_b14_518,balanced,0.0,456,test_corr,0.626890756302521,0.671875,0.5444444444444445,69,35,36,0.5942028985507246,0.5911764705882353,0.3333333333333333,"{""y0_a0"": {""n"": 30, ""accuracy"": 0.36666666666666664}, ""y0_a1"": {""n"": 4, ""accuracy"": 0.5}, ""y1_a0"": {""n"": 3, ""accuracy"": 0.3333333333333333}, ""y1_a1"": {""n"": 32, ""accuracy"": 0.84375}}",0.4270750561121876,2
corr,transplant,dinov2_b14_518,balanced,0.0,456,test_rev,0.6084033613445378,0.6161616161616161,0.9655172413793104,69,35,39,0.5942028985507246,0.5911764705882353,0.3636363636363636,"{""y0_a0"": {""n"": 1, ""accuracy"": 1.0}, ""y0_a1"": {""n"": 33, ""accuracy"": 0.36363636363636365}, ""y1_a0"": {""n"": 29, ""accuracy"": 0.7586206896551724}, ""y1_a1"": {""n"": 6, ""accuracy"": 1.0}}",0.4270750561121876,2
corr,transplant,dinov2_b14_518,dfr,0.0,456,clean,0.634453781512605,,0.634453781512605,69,35,0,0.5217391304347826,0.5201680672268907,,"{""y0_a0"": {""n"": 34, ""accuracy"": 0.4117647058823529}, ""y0_a1"": {""n"": 0, ""accuracy"": NaN}, ""y1_a0"": {""n"": 35, ""accuracy"": 0.6285714285714286}, ""y1_a1"": {""n"": 0, ""accuracy"": NaN}}",0.4961685686913186,2
corr,transplant,dinov2_b14_518,dfr,0.0,456,test_corr,0.6310924369747899,0.75,0.4777777777777777,69,35,36,0.5217391304347826,0.5201680672268907,0.3333333333333333,"{""y0_a0"": {""n"": 30, ""accuracy"": 0.36666666666666664}, ""y0_a1"": {""n"": 4, ""accuracy"": 0.75}, ""y1_a0"": {""n"": 3, ""accuracy"": 0.3333333333333333}, ""y1_a1"": {""n"": 32, ""accuracy"": 0.65625}}",0.4961685686913186,2
corr,transplant,dinov2_b14_518,dfr,0.0,456,test_rev,0.6327731092436975,0.5606060606060607,0.5862068965517241,69,35,39,0.5217391304347826,0.5201680672268907,0.0,"{""y0_a0"": {""n"": 1, ""accuracy"": 0.0}, ""y0_a1"": {""n"": 33, ""accuracy"": 0.42424242424242425}, ""y1_a0"": {""n"": 29, ""accuracy"": 0.6206896551724138}, ""y1_a1"": {""n"": 6, ""accuracy"": 0.6666666666666666}}",0.4961685686913186,2
corr,transplant,dinov2_b14_518,erm,0.0,789,clean,0.7159663865546217,,0.7159663865546217,69,35,0,0.6376811594202898,0.6386554621848739,,"{""y0_a0"": {""n"": 34, ""accuracy"": 0.7058823529411765}, ""y0_a1"": {""n"": 0, ""accuracy"": NaN}, ""y1_a0"": {""n"": 35, ""accuracy"": 0.5714285714285714}, ""y1_a1"": {""n"": 0, ""accuracy"": NaN}}",0.4908081298041316,2
corr,transplant,dinov2_b14_518,erm,0.0,789,test_corr,0.7352941176470589,0.8629032258064516,0.4166666666666667,69,35,35,0.6666666666666666,0.6668067226890757,0.25,"{""y0_a0"": {""n"": 30, ""accuracy"": 0.6666666666666666}, ""y0_a1"": {""n"": 4, ""accuracy"": 0.75}, ""y1_a0"": {""n"": 4, ""accuracy"": 0.25}, ""y1_a1"": {""n"": 31, ""accuracy"": 0.7096774193548387}}",0.4908081298041316,2
corr,transplant,dinov2_b14_518,erm,0.0,789,test_rev,0.661344537815126,0.6236559139784946,0.7011494252873564,69,35,37,0.5797101449275363,0.5798319327731092,0.5,"{""y0_a0"": {""n"": 3, ""accuracy"": 0.6666666666666666}, ""y0_a1"": {""n"": 31, ""accuracy"": 0.5806451612903226}, ""y1_a0"": {""n"": 29, ""accuracy"": 0.5862068965517241}, ""y1_a1"": {""n"": 6, ""accuracy"": 0.5}}",0.4908081298041316,2
corr,transplant,dinov2_b14_518,mask,0.0,789,clean,0.7453781512605043,,0.7453781512605043,69,35,0,0.6666666666666666,0.6651260504201681,,"{""y0_a0"": {""n"": 34, ""accuracy"": 0.5588235294117647}, ""y0_a1"": {""n"": 0, ""accuracy"": NaN}, ""y1_a0"": {""n"": 35, ""accuracy"": 0.7714285714285715}, ""y1_a1"": {""n"": 0, ""accuracy"": NaN}}",0.4883414909202023,2
corr,transplant,dinov2_b14_518,mask,0.0,789,test_corr,0.7453781512605043,0.846774193548387,0.6333333333333333,69,35,35,0.6666666666666666,0.6651260504201681,0.5,"{""y0_a0"": {""n"": 30, ""accuracy"": 0.5666666666666667}, ""y0_a1"": {""n"": 4, ""accuracy"": 0.5}, ""y1_a0"": {""n"": 4, ""accuracy"": 0.75}, ""y1_a1"": {""n"": 31, ""accuracy"": 0.7741935483870968}}",0.4883414909202023,2
corr,transplant,dinov2_b14_518,mask,0.0,789,test_rev,0.7453781512605043,0.6720430107526881,0.8160919540229885,69,35,37,0.6666666666666666,0.6651260504201681,0.3333333333333333,"{""y0_a0"": {""n"": 3, ""accuracy"": 0.3333333333333333}, ""y0_a1"": {""n"": 31, ""accuracy"": 0.5806451612903226}, ""y1_a0"": {""n"": 29, ""accuracy"": 0.7586206896551724}, ""y1_a1"": {""n"": 6, ""accuracy"": 0.8333333333333334}}",0.4883414909202023,2
corr,transplant,dinov2_b14_518,inpaint,0.0,789,clean,0.7210084033613445,,0.7210084033613445,69,35,0,0.6521739130434783,0.6542016806722688,,"{""y0_a0"": {""n"": 34, ""accuracy"": 0.7941176470588235}, ""y0_a1"": {""n"": 0, ""accuracy"": NaN}, ""y1_a0"": {""n"": 35, ""accuracy"": 0.5142857142857142}, ""y1_a1"": {""n"": 0, ""accuracy"": NaN}}",0.5431346943005462,2
corr,transplant,dinov2_b14_518,inpaint,0.0,789,test_corr,0.7226890756302522,0.9112903225806452,0.3833333333333333,69,35,35,0.6521739130434783,0.6542016806722688,0.25,"{""y0_a0"": {""n"": 30, ""accuracy"": 0.7666666666666667}, ""y0_a1"": {""n"": 4, ""accuracy"": 1.0}, ""y1_a0"": {""n"": 4, ""accuracy"": 0.25}, ""y1_a1"": {""n"": 31, ""accuracy"": 0.5483870967741935}}",0.5431346943005462,2
corr,transplant,dinov2_b14_518,inpaint,0.0,789,test_rev,0.7050420168067227,0.618279569892473,0.7126436781609196,69,35,37,0.6521739130434783,0.6542016806722688,0.5,"{""y0_a0"": {""n"": 3, ""accuracy"": 0.6666666666666666}, ""y0_a1"": {""n"": 31, ""accuracy"": 0.8064516129032258}, ""y1_a0"": {""n"": 29, ""accuracy"": 0.5172413793103449}, ""y1_a1"": {""n"": 6, ""accuracy"": 0.5}}",0.5431346943005462,2
corr,transplant,dinov2_b14_518,balanced,0.0,789,clean,0.7067226890756302,,0.7067226890756302,69,35,0,0.6086956521739131,0.6067226890756303,,"{""y0_a0"": {""n"": 34, ""accuracy"": 0.47058823529411764}, ""y0_a1"": {""n"": 0, ""accuracy"": NaN}, ""y1_a0"": {""n"": 35, ""accuracy"": 0.7428571428571429}, ""y1_a1"": {""n"": 0, ""accuracy"": NaN}}",0.4392600419142013,2
corr,transplant,dinov2_b14_518,balanced,0.0,789,test_corr,0.7126050420168067,0.9112903225806452,0.3333333333333333,69,35,35,0.6086956521739131,0.6067226890756303,0.25,"{""y0_a0"": {""n"": 30, ""accuracy"": 0.43333333333333335}, ""y0_a1"": {""n"": 4, ""accuracy"": 0.75}, ""y1_a0"": {""n"": 4, ""accuracy"": 0.25}, ""y1_a1"": {""n"": 31, ""accuracy"": 0.8064516129032258}}",0.4392600419142013,2
corr,transplant,dinov2_b14_518,balanced,0.0,789,test_rev,0.7100840336134454,0.6236559139784946,0.5862068965517242,69,35,37,0.6376811594202898,0.6361344537815126,0.3333333333333333,"{""y0_a0"": {""n"": 3, ""accuracy"": 0.3333333333333333}, ""y0_a1"": {""n"": 31, ""accuracy"": 0.5483870967741935}, ""y1_a0"": {""n"": 29, ""accuracy"": 0.7586206896551724}, ""y1_a1"": {""n"": 6, ""accuracy"": 0.6666666666666666}}",0.4392600419142013,2
corr,transplant,dinov2_b14_518,dfr,0.0,789,clean,0.6016806722689075,,0.6016806722689075,69,35,0,0.5362318840579711,0.5357142857142857,,"{""y0_a0"": {""n"": 34, ""accuracy"": 0.5}, ""y0_a1"": {""n"": 0, ""accuracy"": NaN}, ""y1_a0"": {""n"": 35, ""accuracy"": 0.5714285714285714}, ""y1_a1"": {""n"": 0, ""accuracy"": NaN}}",0.5198189901550835,2
corr,transplant,dinov2_b14_518,dfr,0.0,789,test_corr,0.5890756302521009,0.717741935483871,0.25,69,35,35,0.5362318840579711,0.5357142857142857,0.25,"{""y0_a0"": {""n"": 30, ""accuracy"": 0.4666666666666667}, ""y0_a1"": {""n"": 4, ""accuracy"": 0.75}, ""y1_a0"": {""n"": 4, ""accuracy"": 0.25}, ""y1_a1"": {""n"": 31, ""accuracy"": 0.6129032258064516}}",0.5198189901550835,2
corr,transplant,dinov2_b14_518,dfr,0.0,789,test_rev,0.6142857142857143,0.3387096774193548,0.6091954022988506,69,35,37,0.5942028985507246,0.5945378151260504,0.1666666666666666,"{""y0_a0"": {""n"": 3, ""accuracy"": 0.3333333333333333}, ""y0_a1"": {""n"": 31, ""accuracy"": 0.6451612903225806}, ""y1_a0"": {""n"": 29, ""accuracy"": 0.6551724137931034}, ""y1_a1"": {""n"": 6, ""accuracy"": 0.16666666666666666}}",0.5198189901550835,2
corr,transplant,dinov2_b14_518,erm,0.0,2026,clean,0.7134453781512604,,0.7134453781512604,69,35,0,0.6376811594202898,0.6378151260504201,,"{""y0_a0"": {""n"": 34, ""accuracy"": 0.6470588235294118}, ""y0_a1"": {""n"": 0, ""accuracy"": NaN}, ""y1_a0"": {""n"": 35, ""accuracy"": 0.6285714285714286}, ""y1_a1"": {""n"": 0, ""accuracy"": NaN}}",0.4857914522358192,2
corr,transplant,dinov2_b14_518,erm,0.0,2026,test_corr,0.7386554621848739,0.9655172413793104,0.8080808080808081,69,35,30,0.6811594202898551,0.680672268907563,0.6363636363636364,"{""y0_a0"": {""n"": 33, ""accuracy"": 0.6363636363636364}, ""y0_a1"": {""n"": 1, ""accuracy"": 1.0}, ""y1_a0"": {""n"": 6, ""accuracy"": 0.6666666666666666}, ""y1_a1"": {""n"": 29, ""accuracy"": 0.7241379310344828}}",0.4857914522358192,2
corr,transplant,dinov2_b14_518,erm,0.0,2026,test_rev,0.6722689075630253,0.4310344827586207,0.8242424242424242,69,35,31,0.6231884057971014,0.623109243697479,0.5,"{""y0_a0"": {""n"": 5, ""accuracy"": 0.8}, ""y0_a1"": {""n"": 29, ""accuracy"": 0.5862068965517241}, ""y1_a0"": {""n"": 33, ""accuracy"": 0.6363636363636364}, ""y1_a1"": {""n"": 2, ""accuracy"": 0.5}}",0.4857914522358192,2
corr,transplant,dinov2_b14_518,mask,0.0,2026,clean,0.7453781512605043,,0.7453781512605043,69,35,0,0.6666666666666666,0.6651260504201681,,"{""y0_a0"": {""n"": 34, ""accuracy"": 0.5588235294117647}, ""y0_a1"": {""n"": 0, ""accuracy"": NaN}, ""y1_a0"": {""n"": 35, ""accuracy"": 0.7714285714285715}, ""y1_a1"": {""n"": 0, ""accuracy"": NaN}}",0.488325386950963,2
corr,transplant,dinov2_b14_518,mask,0.0,2026,test_corr,0.7453781512605043,0.7586206896551724,0.8131313131313131,69,35,30,0.6666666666666666,0.6651260504201681,0.0,"{""y0_a0"": {""n"": 33, ""accuracy"": 0.5757575757575758}, ""y0_a1"": {""n"": 1, ""accuracy"": 0.0}, ""y1_a0"": {""n"": 6, ""accuracy"": 0.8333333333333334}, ""y1_a1"": {""n"": 29, ""accuracy"": 0.7586206896551724}}",0.488325386950963,2
corr,transplant,dinov2_b14_518,mask,0.0,2026,test_rev,0.7453781512605043,0.8448275862068966,0.6303030303030303,69,35,31,0.6666666666666666,0.6651260504201681,0.4,"{""y0_a0"": {""n"": 5, ""accuracy"": 0.4}, ""y0_a1"": {""n"": 29, ""accuracy"": 0.5862068965517241}, ""y1_a0"": {""n"": 33, ""accuracy"": 0.7575757575757576}, ""y1_a1"": {""n"": 2, ""accuracy"": 1.0}}",0.488325386950963,2
corr,transplant,dinov2_b14_518,inpaint,0.0,2026,clean,0.7184873949579831,,0.7184873949579831,69,35,0,0.6521739130434783,0.6542016806722688,,"{""y0_a0"": {""n"": 34, ""accuracy"": 0.7941176470588235}, ""y0_a1"": {""n"": 0, ""accuracy"": NaN}, ""y1_a0"": {""n"": 35, ""accuracy"": 0.5142857142857142}, ""y1_a1"": {""n"": 0, ""accuracy"": NaN}}",0.5430344686395859,2
corr,transplant,dinov2_b14_518,inpaint,0.0,2026,test_corr,0.7201680672268909,0.9655172413793104,0.7777777777777778,69,35,30,0.6521739130434783,0.6542016806722688,0.5,"{""y0_a0"": {""n"": 33, ""accuracy"": 0.7878787878787878}, ""y0_a1"": {""n"": 1, ""accuracy"": 1.0}, ""y1_a0"": {""n"": 6, ""accuracy"": 0.5}, ""y1_a1"": {""n"": 29, ""accuracy"": 0.5172413793103449}}",0.5430344686395859,2
corr,transplant,dinov2_b14_518,inpaint,0.0,2026,test_rev,0.7109243697478992,0.4482758620689655,0.8181818181818181,69,35,31,0.6376811594202898,0.6394957983193277,0.5,"{""y0_a0"": {""n"": 5, ""accuracy"": 1.0}, ""y0_a1"": {""n"": 29, ""accuracy"": 0.7241379310344828}, ""y1_a0"": {""n"": 33, ""accuracy"": 0.5151515151515151}, ""y1_a1"": {""n"": 2, ""accuracy"": 0.5}}",0.5430344686395859,2
corr,transplant,dinov2_b14_518,balanced,0.0,2026,clean,0.6773109243697479,,0.6773109243697479,69,35,0,0.6231884057971014,0.626890756302521,,"{""y0_a0"": {""n"": 34, ""accuracy"": 0.8823529411764706}, ""y0_a1"": {""n"": 0, ""accuracy"": NaN}, ""y1_a0"": {""n"": 35, ""accuracy"": 0.37142857142857144}, ""y1_a1"": {""n"": 0, ""accuracy"": NaN}}",0.5598132699236184,2
corr,transplant,dinov2_b14_518,balanced,0.0,2026,test_corr,0.6840336134453782,0.9655172413793104,0.7525252525252526,69,35,30,0.6231884057971014,0.626890756302521,0.3333333333333333,"{""y0_a0"": {""n"": 33, ""accuracy"": 0.8787878787878788}, ""y0_a1"": {""n"": 1, ""accuracy"": 1.0}, ""y1_a0"": {""n"": 6, ""accuracy"": 0.3333333333333333}, ""y1_a1"": {""n"": 29, ""accuracy"": 0.3793103448275862}}",0.5598132699236184,2
corr,transplant,dinov2_b14_518,balanced,0.0,2026,test_rev,0.6680672268907564,0.3793103448275862,0.8,69,35,31,0.5942028985507246,0.5974789915966386,0.0,"{""y0_a0"": {""n"": 5, ""accuracy"": 1.0}, ""y0_a1"": {""n"": 29, ""accuracy"": 0.7931034482758621}, ""y1_a0"": {""n"": 33, ""accuracy"": 0.3939393939393939}, ""y1_a1"": {""n"": 2, ""accuracy"": 0.0}}",0.5598132699236184,2
corr,transplant,dinov2_b14_518,dfr,0.0,2026,clean,0.6218487394957983,,0.6218487394957983,69,35,0,0.6231884057971014,0.6260504201680672,,"{""y0_a0"": {""n"": 34, ""accuracy"": 0.8235294117647058}, ""y0_a1"": {""n"": 0, ""accuracy"": NaN}, ""y1_a0"": {""n"": 35, ""accuracy"": 0.42857142857142855}, ""y1_a1"": {""n"": 0, ""accuracy"": NaN}}",0.5563355533306474,2
corr,transplant,dinov2_b14_518,dfr,0.0,2026,test_corr,0.622689075630252,0.9655172413793104,0.6767676767676768,69,35,30,0.6231884057971014,0.6260504201680672,0.4137931034482758,"{""y0_a0"": {""n"": 33, ""accuracy"": 0.8181818181818182}, ""y0_a1"": {""n"": 1, ""accuracy"": 1.0}, ""y1_a0"": {""n"": 6, ""accuracy"": 0.5}, ""y1_a1"": {""n"": 29, ""accuracy"": 0.41379310344827586}}",0.5563355533306474,2
corr,transplant,dinov2_b14_518,dfr,0.0,2026,test_rev,0.6294117647058823,0.2413793103448276,0.7333333333333334,69,35,31,0.6231884057971014,0.6260504201680672,0.0,"{""y0_a0"": {""n"": 5, ""accuracy"": 0.8}, ""y0_a1"": {""n"": 29, ""accuracy"": 0.8275862068965517}, ""y1_a0"": {""n"": 33, ""accuracy"": 0.45454545454545453}, ""y1_a1"": {""n"": 2, ""accuracy"": 0.0}}",0.5563355533306474,2
corr,transplant,dinov2_b14_518,erm,1.0,42,clean,0.7084033613445377,,0.7084033613445377,69,35,0,0.6666666666666666,0.6668067226890757,,"{""y0_a0"": {""n"": 34, ""accuracy"": 0.6764705882352942}, ""y0_a1"": {""n"": 0, ""accuracy"": NaN}, ""y1_a0"": {""n"": 35, ""accuracy"": 0.6571428571428571}, ""y1_a1"": {""n"": 0, ""accuracy"": NaN}}",0.4779278092104443,2
corr,transplant,dinov2_b14_518,erm,1.0,42,test_corr,0.7487394957983192,0.8225806451612903,0.6953125,69,35,33,0.7101449275362319,0.7096638655462185,0.65625,"{""y0_a0"": {""n"": 32, ""accuracy"": 0.65625}, ""y0_a1"": {""n"": 2, ""accuracy"": 1.0}, ""y1_a0"": {""n"": 4, ""accuracy"": 0.75}, ""y1_a1"": {""n"": 31, ""accuracy"": 0.7419354838709677}}",0.4779278092104443,2
corr,transplant,dinov2_b14_518,erm,1.0,42,test_rev,0.6319327731092437,0.42,0.6801346801346801,69,35,27,0.6086956521739131,0.607983193277311,0.4444444444444444,"{""y0_a0"": {""n"": 9, ""accuracy"": 0.4444444444444444}, ""y0_a1"": {""n"": 25, ""accuracy"": 0.6}, ""y1_a0"": {""n"": 33, ""accuracy"": 0.6666666666666666}, ""y1_a1"": {""n"": 2, ""accuracy"": 0.5}}",0.4779278092104443,2
corr,transplant,dinov2_b14_518,mask,1.0,42,clean,0.7512605042016807,,0.7512605042016807,69,35,0,0.7246376811594203,0.723529411764706,,"{""y0_a0"": {""n"": 34, ""accuracy"": 0.6470588235294118}, ""y0_a1"": {""n"": 0, ""accuracy"": NaN}, ""y1_a0"": {""n"": 35, ""accuracy"": 0.8}, ""y1_a1"": {""n"": 0, ""accuracy"": NaN}}",0.4931525564582376,2
corr,transplant,dinov2_b14_518,mask,1.0,42,test_corr,0.7899159663865546,0.8225806451612903,0.671875,69,35,33,0.7246376811594203,0.723529411764706,0.5,"{""y0_a0"": {""n"": 32, ""accuracy"": 0.65625}, ""y0_a1"": {""n"": 2, ""accuracy"": 0.5}, ""y1_a0"": {""n"": 4, ""accuracy"": 0.75}, ""y1_a1"": {""n"": 31, ""accuracy"": 0.8064516129032258}}",0.4931525564582376,2
corr,transplant,dinov2_b14_518,mask,1.0,42,test_rev,0.6478991596638656,0.42,0.7104377104377104,69,35,27,0.6666666666666666,0.6647058823529413,0.5,"{""y0_a0"": {""n"": 9, ""accuracy"": 0.5555555555555556}, ""y0_a1"": {""n"": 25, ""accuracy"": 0.52}, ""y1_a0"": {""n"": 33, ""accuracy"": 0.8181818181818182}, ""y1_a1"": {""n"": 2, ""accuracy"": 0.5}}",0.4931525564582376,2
corr,transplant,dinov2_b14_518,inpaint,1.0,42,clean,0.7142857142857143,,0.7142857142857143,69,35,0,0.6811594202898551,0.6827731092436975,,"{""y0_a0"": {""n"": 34, ""accuracy"": 0.7941176470588235}, ""y0_a1"": {""n"": 0, ""accuracy"": NaN}, ""y1_a0"": {""n"": 35, ""accuracy"": 0.5714285714285714}, ""y1_a1"": {""n"": 0, ""accuracy"": NaN}}",0.5361048342050082,2
corr,transplant,dinov2_b14_518,inpaint,1.0,42,test_corr,0.7226890756302521,0.7903225806451613,0.734375,69,35,33,0.6956521739130435,0.6970588235294117,0.5806451612903226,"{""y0_a0"": {""n"": 32, ""accuracy"": 0.78125}, ""y0_a1"": {""n"": 2, ""accuracy"": 1.0}, ""y1_a0"": {""n"": 4, ""accuracy"": 0.75}, ""y1_a1"": {""n"": 31, ""accuracy"": 0.5806451612903226}}",0.5361048342050082,2
corr,transplant,dinov2_b14_518,inpaint,1.0,42,test_rev,0.6941176470588235,0.38,0.7239057239057239,69,35,27,0.6666666666666666,0.6680672268907563,0.5,"{""y0_a0"": {""n"": 9, ""accuracy"": 0.7777777777777778}, ""y0_a1"": {""n"": 25, ""accuracy"": 0.76}, ""y1_a0"": {""n"": 33, ""accuracy"": 0.5757575757575758}, ""y1_a1"": {""n"": 2, ""accuracy"": 0.5}}",0.5361048342050082,2
corr,transplant,dinov2_b14_518,balanced,1.0,42,clean,0.7075630252100841,,0.7075630252100841,69,35,0,0.6521739130434783,0.6525210084033614,,"{""y0_a0"": {""n"": 34, ""accuracy"": 0.6764705882352942}, ""y0_a1"": {""n"": 0, ""accuracy"": NaN}, ""y1_a0"": {""n"": 35, ""accuracy"": 0.6285714285714286}, ""y1_a1"": {""n"": 0, ""accuracy"": NaN}}",0.4978655804156667,2
corr,transplant,dinov2_b14_518,balanced,1.0,42,test_corr,0.7394957983193278,0.8709677419354839,0.703125,69,35,33,0.6666666666666666,0.6668067226890757,0.6451612903225806,"{""y0_a0"": {""n"": 32, ""accuracy"": 0.65625}, ""y0_a1"": {""n"": 2, ""accuracy"": 1.0}, ""y1_a0"": {""n"": 4, ""accuracy"": 0.75}, ""y1_a1"": {""n"": 31, ""accuracy"": 0.6451612903225806}}",0.4978655804156667,2
corr,transplant,dinov2_b14_518,balanced,1.0,42,test_rev,0.6697478991596638,0.38,0.7138047138047139,69,35,27,0.6086956521739131,0.6084033613445379,0.5,"{""y0_a0"": {""n"": 9, ""accuracy"": 0.5555555555555556}, ""y0_a1"": {""n"": 25, ""accuracy"": 0.6}, ""y1_a0"": {""n"": 33, ""accuracy"": 0.6363636363636364}, ""y1_a1"": {""n"": 2, ""accuracy"": 0.5}}",0.4978655804156667,2
corr,transplant,dinov2_b14_518,dfr,1.0,42,clean,0.6092436974789917,,0.6092436974789917,69,35,0,0.5217391304347826,0.5210084033613445,,"{""y0_a0"": {""n"": 34, ""accuracy"": 0.47058823529411764}, ""y0_a1"": {""n"": 0, ""accuracy"": NaN}, ""y1_a0"": {""n"": 35, ""accuracy"": 0.5714285714285714}, ""y1_a1"": {""n"": 0, ""accuracy"": NaN}}",0.5215492944437717,2
corr,transplant,dinov2_b14_518,dfr,1.0,42,test_corr,0.6033613445378151,0.6774193548387097,0.46875,69,35,33,0.5217391304347826,0.5210084033613445,0.4375,"{""y0_a0"": {""n"": 32, ""accuracy"": 0.4375}, ""y0_a1"": {""n"": 2, ""accuracy"": 1.0}, ""y1_a0"": {""n"": 4, ""accuracy"": 0.5}, ""y1_a1"": {""n"": 31, ""accuracy"": 0.5806451612903226}}",0.5215492944437717,2
corr,transplant,dinov2_b14_518,dfr,1.0,42,test_rev,0.6126050420168068,0.12,0.6363636363636364,69,35,27,0.5217391304347826,0.5210084033613445,0.0,"{""y0_a0"": {""n"": 9, ""accuracy"": 0.4444444444444444}, ""y0_a1"": {""n"": 25, ""accuracy"": 0.48}, ""y1_a0"": {""n"": 33, ""accuracy"": 0.6060606060606061}, ""y1_a1"": {""n"": 2, ""accuracy"": 0.0}}",0.5215492944437717,2
corr,transplant,dinov2_b14_518,erm,1.0,123,clean,0.7067226890756302,,0.7067226890756302,69,35,0,0.6231884057971014,0.6243697478991597,,"{""y0_a0"": {""n"": 34, ""accuracy"": 0.7058823529411765}, ""y0_a1"": {""n"": 0, ""accuracy"": NaN}, ""y1_a0"": {""n"": 35, ""accuracy"": 0.5428571428571428}, ""y1_a1"": {""n"": 0, ""accuracy"": NaN}}",0.4820814757032892,2
corr,transplant,dinov2_b14_518,erm,1.0,123,test_corr,0.7546218487394958,0.6607142857142857,0.78125,69,35,30,0.7246376811594203,0.7243697478991598,0.5,"{""y0_a0"": {""n"": 32, ""accuracy"": 0.71875}, ""y0_a1"": {""n"": 2, ""accuracy"": 0.5}, ""y1_a0"": {""n"": 7, ""accuracy"": 0.7142857142857143}, ""y1_a1"": {""n"": 28, ""accuracy"": 0.75}}",0.4820814757032892,2
corr,transplant,dinov2_b14_518,erm,1.0,123,test_rev,0.6226890756302521,0.4875,0.7962962962962963,69,35,38,0.5942028985507246,0.5936974789915966,0.5333333333333333,"{""y0_a0"": {""n"": 4, ""accuracy"": 0.75}, ""y0_a1"": {""n"": 30, ""accuracy"": 0.5333333333333333}, ""y1_a0"": {""n"": 27, ""accuracy"": 0.6296296296296297}, ""y1_a1"": {""n"": 8, ""accuracy"": 0.625}}",0.4820814757032892,2
corr,transplant,dinov2_b14_518,mask,1.0,123,clean,0.7579831932773109,,0.7579831932773109,69,35,0,0.7681159420289855,0.7680672268907562,,"{""y0_a0"": {""n"": 34, ""accuracy"": 0.7647058823529411}, ""y0_a1"": {""n"": 0, ""accuracy"": NaN}, ""y1_a0"": {""n"": 35, ""accuracy"": 0.7714285714285715}, ""y1_a1"": {""n"": 0, ""accuracy"": NaN}}",0.5075937917490031,2
corr,transplant,dinov2_b14_518,mask,1.0,123,test_corr,0.8016806722689076,0.4821428571428571,0.7678571428571429,69,35,30,0.782608695652174,0.7823529411764706,0.5,"{""y0_a0"": {""n"": 32, ""accuracy"": 0.78125}, ""y0_a1"": {""n"": 2, ""accuracy"": 0.5}, ""y1_a0"": {""n"": 7, ""accuracy"": 0.7142857142857143}, ""y1_a1"": {""n"": 28, ""accuracy"": 0.8214285714285714}}",0.5075937917490031,2
corr,transplant,dinov2_b14_518,mask,1.0,123,test_rev,0.6445378151260505,0.5875,0.712962962962963,69,35,38,0.6811594202898551,0.6794117647058824,0.5,"{""y0_a0"": {""n"": 4, ""accuracy"": 0.5}, ""y0_a1"": {""n"": 30, ""accuracy"": 0.5666666666666667}, ""y1_a0"": {""n"": 27, ""accuracy"": 0.8518518518518519}, ""y1_a1"": {""n"": 8, ""accuracy"": 0.625}}",0.5075937917490031,2
corr,transplant,dinov2_b14_518,inpaint,1.0,123,clean,0.7134453781512605,,0.7134453781512605,69,35,0,0.6956521739130435,0.6970588235294117,,"{""y0_a0"": {""n"": 34, ""accuracy"": 0.7941176470588235}, ""y0_a1"": {""n"": 0, ""accuracy"": NaN}, ""y1_a0"": {""n"": 35, ""accuracy"": 0.6}, ""y1_a1"": {""n"": 0, ""accuracy"": NaN}}",0.533968800664927,2
corr,transplant,dinov2_b14_518,inpaint,1.0,123,test_corr,0.7243697478991596,0.6964285714285714,0.7678571428571428,69,35,30,0.6811594202898551,0.6823529411764706,0.5,"{""y0_a0"": {""n"": 32, ""accuracy"": 0.78125}, ""y0_a1"": {""n"": 2, ""accuracy"": 0.5}, ""y1_a0"": {""n"": 7, ""accuracy"": 0.7142857142857143}, ""y1_a1"": {""n"": 28, ""accuracy"": 0.5714285714285714}}",0.533968800664927,2
corr,transplant,dinov2_b14_518,inpaint,1.0,123,test_rev,0.6890756302521008,0.5125,0.7962962962962963,69,35,38,0.6666666666666666,0.6676470588235295,0.375,"{""y0_a0"": {""n"": 4, ""accuracy"": 0.75}, ""y0_a1"": {""n"": 30, ""accuracy"": 0.7333333333333333}, ""y1_a0"": {""n"": 27, ""accuracy"": 0.6666666666666666}, ""y1_a1"": {""n"": 8, ""accuracy"": 0.375}}",0.533968800664927,2
corr,transplant,dinov2_b14_518,balanced,1.0,123,clean,0.6899159663865546,,0.6899159663865546,69,35,0,0.6666666666666666,0.6684873949579831,,"{""y0_a0"": {""n"": 34, ""accuracy"": 0.7941176470588235}, ""y0_a1"": {""n"": 0, ""accuracy"": NaN}, ""y1_a0"": {""n"": 35, ""accuracy"": 0.5428571428571428}, ""y1_a1"": {""n"": 0, ""accuracy"": NaN}}",0.5331279211956282,2
corr,transplant,dinov2_b14_518,balanced,1.0,123,test_corr,0.7,0.8035714285714286,0.7053571428571429,69,35,30,0.6956521739130435,0.6970588235294117,0.5714285714285714,"{""y0_a0"": {""n"": 32, ""accuracy"": 0.78125}, ""y0_a1"": {""n"": 2, ""accuracy"": 1.0}, ""y1_a0"": {""n"": 7, ""accuracy"": 0.5714285714285714}, ""y1_a1"": {""n"": 28, ""accuracy"": 0.6071428571428571}}",0.5331279211956282,2
corr,transplant,dinov2_b14_518,balanced,1.0,123,test_rev,0.6571428571428571,0.5041666666666667,0.7685185185185185,69,35,38,0.6666666666666666,0.6684873949579831,0.25,"{""y0_a0"": {""n"": 4, ""accuracy"": 0.75}, ""y0_a1"": {""n"": 30, ""accuracy"": 0.8}, ""y1_a0"": {""n"": 27, ""accuracy"": 0.6296296296296297}, ""y1_a1"": {""n"": 8, ""accuracy"": 0.25}}",0.5331279211956282,2
corr,transplant,dinov2_b14_518,dfr,1.0,123,clean,0.619327731092437,,0.619327731092437,69,35,0,0.5362318840579711,0.5352941176470588,,"{""y0_a0"": {""n"": 34, ""accuracy"": 0.47058823529411764}, ""y0_a1"": {""n"": 0, ""accuracy"": NaN}, ""y1_a0"": {""n"": 35, ""accuracy"": 0.6}, ""y1_a1"": {""n"": 0, ""accuracy"": NaN}}",0.5055573049345384,2
corr,transplant,dinov2_b14_518,dfr,1.0,123,test_corr,0.5957983193277312,0.5892857142857143,0.6071428571428572,69,35,30,0.5362318840579711,0.5352941176470588,0.4285714285714285,"{""y0_a0"": {""n"": 32, ""accuracy"": 0.46875}, ""y0_a1"": {""n"": 2, ""accuracy"": 0.5}, ""y1_a0"": {""n"": 7, ""accuracy"": 0.42857142857142855}, ""y1_a1"": {""n"": 28, ""accuracy"": 0.6428571428571429}}",0.5055573049345384,2
corr,transplant,dinov2_b14_518,dfr,1.0,123,test_rev,0.6201680672268908,0.4375,0.6203703703703703,69,35,38,0.5217391304347826,0.5205882352941176,0.375,"{""y0_a0"": {""n"": 4, ""accuracy"": 0.5}, ""y0_a1"": {""n"": 30, ""accuracy"": 0.43333333333333335}, ""y1_a0"": {""n"": 27, ""accuracy"": 0.6666666666666666}, ""y1_a1"": {""n"": 8, ""accuracy"": 0.375}}",0.5055573049345384,2
corr,transplant,dinov2_b14_518,erm,1.0,456,clean,0.7075630252100841,,0.7075630252100841,69,35,0,0.6086956521739131,0.6096638655462185,,"{""y0_a0"": {""n"": 34, ""accuracy"": 0.6764705882352942}, ""y0_a1"": {""n"": 0, ""accuracy"": NaN}, ""y1_a0"": {""n"": 35, ""accuracy"": 0.5428571428571428}, ""y1_a1"": {""n"": 0, ""accuracy"": NaN}}",0.4844363155511871,2
corr,transplant,dinov2_b14_518,erm,1.0,456,test_corr,0.7420168067226891,0.7421875,0.4444444444444444,69,35,36,0.6956521739130435,0.6949579831932773,0.3333333333333333,"{""y0_a0"": {""n"": 30, ""accuracy"": 0.6666666666666666}, ""y0_a1"": {""n"": 4, ""accuracy"": 0.5}, ""y1_a0"": {""n"": 3, ""accuracy"": 0.3333333333333333}, ""y1_a1"": {""n"": 32, ""accuracy"": 0.78125}}",0.4844363155511871,2
corr,transplant,dinov2_b14_518,erm,1.0,456,test_rev,0.6092436974789915,0.7676767676767677,0.8620689655172413,69,35,39,0.5652173913043478,0.5647058823529412,0.5151515151515151,"{""y0_a0"": {""n"": 1, ""accuracy"": 1.0}, ""y0_a1"": {""n"": 33, ""accuracy"": 0.5151515151515151}, ""y1_a0"": {""n"": 29, ""accuracy"": 0.5172413793103449}, ""y1_a1"": {""n"": 6, ""accuracy"": 1.0}}",0.4844363155511871,2
corr,transplant,dinov2_b14_518,mask,1.0,456,clean,0.7621848739495798,,0.7621848739495798,69,35,0,0.7681159420289855,0.7676470588235295,,"{""y0_a0"": {""n"": 34, ""accuracy"": 0.7352941176470589}, ""y0_a1"": {""n"": 0, ""accuracy"": NaN}, ""y1_a0"": {""n"": 35, ""accuracy"": 0.8}, ""y1_a1"": {""n"": 0, ""accuracy"": NaN}}",0.502646099366814,2
corr,transplant,dinov2_b14_518,mask,1.0,456,test_corr,0.7983193277310925,0.625,0.5555555555555556,69,35,36,0.7391304347826086,0.7382352941176471,0.25,"{""y0_a0"": {""n"": 30, ""accuracy"": 0.7333333333333333}, ""y0_a1"": {""n"": 4, ""accuracy"": 0.25}, ""y1_a0"": {""n"": 3, ""accuracy"": 0.3333333333333333}, ""y1_a1"": {""n"": 32, ""accuracy"": 0.84375}}",0.502646099366814,2
corr,transplant,dinov2_b14_518,mask,1.0,456,test_rev,0.6285714285714286,0.691919191919192,1.0,69,35,39,0.6666666666666666,0.6647058823529413,0.5151515151515151,"{""y0_a0"": {""n"": 1, ""accuracy"": 1.0}, ""y0_a1"": {""n"": 33, ""accuracy"": 0.5151515151515151}, ""y1_a0"": {""n"": 29, ""accuracy"": 0.7931034482758621}, ""y1_a1"": {""n"": 6, ""accuracy"": 0.8333333333333334}}",0.502646099366814,2
corr,transplant,dinov2_b14_518,inpaint,1.0,456,clean,0.7142857142857143,,0.7142857142857143,69,35,0,0.6811594202898551,0.6827731092436975,,"{""y0_a0"": {""n"": 34, ""accuracy"": 0.7941176470588235}, ""y0_a1"": {""n"": 0, ""accuracy"": NaN}, ""y1_a0"": {""n"": 35, ""accuracy"": 0.5714285714285714}, ""y1_a1"": {""n"": 0, ""accuracy"": NaN}}",0.5339908325685807,2
corr,transplant,dinov2_b14_518,inpaint,1.0,456,test_corr,0.7201680672268908,0.8046875,0.4666666666666667,69,35,36,0.6956521739130435,0.6970588235294117,0.3333333333333333,"{""y0_a0"": {""n"": 30, ""accuracy"": 0.7666666666666667}, ""y0_a1"": {""n"": 4, ""accuracy"": 1.0}, ""y1_a0"": {""n"": 3, ""accuracy"": 0.3333333333333333}, ""y1_a1"": {""n"": 32, ""accuracy"": 0.625}}",0.5339908325685807,2
corr,transplant,dinov2_b14_518,inpaint,1.0,456,test_rev,0.6890756302521008,0.803030303030303,0.8620689655172413,69,35,39,0.6521739130434783,0.6533613445378151,0.5517241379310345,"{""y0_a0"": {""n"": 1, ""accuracy"": 1.0}, ""y0_a1"": {""n"": 33, ""accuracy"": 0.7272727272727273}, ""y1_a0"": {""n"": 29, ""accuracy"": 0.5517241379310345}, ""y1_a1"": {""n"": 6, ""accuracy"": 0.6666666666666666}}",0.5339908325685807,2
corr,transplant,dinov2_b14_518,balanced,1.0,456,clean,0.6084033613445378,,0.6084033613445378,69,35,0,0.5652173913043478,0.5626050420168067,,"{""y0_a0"": {""n"": 34, ""accuracy"": 0.38235294117647056}, ""y0_a1"": {""n"": 0, ""accuracy"": NaN}, ""y1_a0"": {""n"": 35, ""accuracy"": 0.7428571428571429}, ""y1_a1"": {""n"": 0, ""accuracy"": NaN}}",0.4402609152743778,2
corr,transplant,dinov2_b14_518,balanced,1.0,456,test_corr,0.6218487394957983,0.671875,0.5111111111111111,69,35,36,0.5942028985507246,0.5911764705882353,0.3333333333333333,"{""y0_a0"": {""n"": 30, ""accuracy"": 0.36666666666666664}, ""y0_a1"": {""n"": 4, ""accuracy"": 0.5}, ""y1_a0"": {""n"": 3, ""accuracy"": 0.3333333333333333}, ""y1_a1"": {""n"": 32, ""accuracy"": 0.84375}}",0.4402609152743778,2
corr,transplant,dinov2_b14_518,balanced,1.0,456,test_rev,0.5747899159663865,0.5858585858585859,0.9655172413793104,69,35,39,0.5652173913043478,0.5626050420168067,0.3636363636363636,"{""y0_a0"": {""n"": 1, ""accuracy"": 1.0}, ""y0_a1"": {""n"": 33, ""accuracy"": 0.36363636363636365}, ""y1_a0"": {""n"": 29, ""accuracy"": 0.7241379310344828}, ""y1_a1"": {""n"": 6, ""accuracy"": 0.8333333333333334}}",0.4402609152743778,2
corr,transplant,dinov2_b14_518,dfr,1.0,456,clean,0.6369747899159665,,0.6369747899159665,69,35,0,0.6086956521739131,0.6084033613445379,,"{""y0_a0"": {""n"": 34, ""accuracy"": 0.5882352941176471}, ""y0_a1"": {""n"": 0, ""accuracy"": NaN}, ""y1_a0"": {""n"": 35, ""accuracy"": 0.6285714285714286}, ""y1_a1"": {""n"": 0, ""accuracy"": NaN}}",0.5123197419065446,2
corr,transplant,dinov2_b14_518,dfr,1.0,456,test_corr,0.6369747899159663,0.71875,0.4777777777777777,69,35,36,0.5942028985507246,0.5941176470588235,0.3333333333333333,"{""y0_a0"": {""n"": 30, ""accuracy"": 0.5666666666666667}, ""y0_a1"": {""n"": 4, ""accuracy"": 0.75}, ""y1_a0"": {""n"": 3, ""accuracy"": 0.3333333333333333}, ""y1_a1"": {""n"": 32, ""accuracy"": 0.625}}",0.5123197419065446,2
corr,transplant,dinov2_b14_518,dfr,1.0,456,test_rev,0.6210084033613446,0.5404040404040404,0.6206896551724138,69,35,39,0.5507246376811594,0.55,0.4848484848484848,"{""y0_a0"": {""n"": 1, ""accuracy"": 1.0}, ""y0_a1"": {""n"": 33, ""accuracy"": 0.48484848484848486}, ""y1_a0"": {""n"": 29, ""accuracy"": 0.6206896551724138}, ""y1_a1"": {""n"": 6, ""accuracy"": 0.5}}",0.5123197419065446,2
corr,transplant,dinov2_b14_518,erm,1.0,789,clean,0.7092436974789916,,0.7092436974789916,69,35,0,0.6666666666666666,0.6668067226890757,,"{""y0_a0"": {""n"": 34, ""accuracy"": 0.6764705882352942}, ""y0_a1"": {""n"": 0, ""accuracy"": NaN}, ""y1_a0"": {""n"": 35, ""accuracy"": 0.6571428571428571}, ""y1_a1"": {""n"": 0, ""accuracy"": NaN}}",0.4714514984087394,2
corr,transplant,dinov2_b14_518,erm,1.0,789,test_corr,0.7394957983193278,0.75,0.4083333333333333,69,35,35,0.6956521739130435,0.6949579831932773,0.5,"{""y0_a0"": {""n"": 30, ""accuracy"": 0.6333333333333333}, ""y0_a1"": {""n"": 4, ""accuracy"": 0.75}, ""y1_a0"": {""n"": 4, ""accuracy"": 0.5}, ""y1_a1"": {""n"": 31, ""accuracy"": 0.7741935483870968}}",0.4714514984087394,2
corr,transplant,dinov2_b14_518,erm,1.0,789,test_rev,0.6109243697478991,0.5645161290322581,0.7241379310344829,69,35,37,0.5942028985507246,0.5932773109243697,0.5,"{""y0_a0"": {""n"": 3, ""accuracy"": 0.6666666666666666}, ""y0_a1"": {""n"": 31, ""accuracy"": 0.5161290322580645}, ""y1_a0"": {""n"": 29, ""accuracy"": 0.6896551724137931}, ""y1_a1"": {""n"": 6, ""accuracy"": 0.5}}",0.4714514984087394,2
corr,transplant,dinov2_b14_518,mask,1.0,789,clean,0.7613445378151261,,0.7613445378151261,69,35,0,0.7246376811594203,0.723529411764706,,"{""y0_a0"": {""n"": 34, ""accuracy"": 0.6470588235294118}, ""y0_a1"": {""n"": 0, ""accuracy"": NaN}, ""y1_a0"": {""n"": 35, ""accuracy"": 0.8}, ""y1_a1"": {""n"": 0, ""accuracy"": NaN}}",0.4940536181401335,2
corr,transplant,dinov2_b14_518,mask,1.0,789,test_corr,0.788235294117647,0.7419354838709677,0.6249999999999999,69,35,35,0.7246376811594203,0.723529411764706,0.5,"{""y0_a0"": {""n"": 30, ""accuracy"": 0.6666666666666666}, ""y0_a1"": {""n"": 4, ""accuracy"": 0.5}, ""y1_a0"": {""n"": 4, ""accuracy"": 0.75}, ""y1_a1"": {""n"": 31, ""accuracy"": 0.8064516129032258}}",0.4940536181401335,2
corr,transplant,dinov2_b14_518,mask,1.0,789,test_rev,0.634453781512605,0.5806451612903225,0.8275862068965518,69,35,37,0.6521739130434783,0.65,0.3333333333333333,"{""y0_a0"": {""n"": 3, ""accuracy"": 0.3333333333333333}, ""y0_a1"": {""n"": 31, ""accuracy"": 0.5161290322580645}, ""y1_a0"": {""n"": 29, ""accuracy"": 0.7931034482758621}, ""y1_a1"": {""n"": 6, ""accuracy"": 0.8333333333333334}}",0.4940536181401335,2
corr,transplant,dinov2_b14_518,inpaint,1.0,789,clean,0.7142857142857143,,0.7142857142857143,69,35,0,0.6956521739130435,0.6970588235294117,,"{""y0_a0"": {""n"": 34, ""accuracy"": 0.7941176470588235}, ""y0_a1"": {""n"": 0, ""accuracy"": NaN}, ""y1_a0"": {""n"": 35, ""accuracy"": 0.6}, ""y1_a1"": {""n"": 0, ""accuracy"": NaN}}",0.535441953629042,2
corr,transplant,dinov2_b14_518,inpaint,1.0,789,test_corr,0.719327731092437,0.8548387096774194,0.3916666666666666,69,35,35,0.6956521739130435,0.6970588235294117,0.25,"{""y0_a0"": {""n"": 30, ""accuracy"": 0.7666666666666667}, ""y0_a1"": {""n"": 4, ""accuracy"": 1.0}, ""y1_a0"": {""n"": 4, ""accuracy"": 0.25}, ""y1_a1"": {""n"": 31, ""accuracy"": 0.6451612903225806}}",0.535441953629042,2
corr,transplant,dinov2_b14_518,inpaint,1.0,789,test_rev,0.692436974789916,0.5967741935483871,0.735632183908046,69,35,37,0.6666666666666666,0.6676470588235295,0.5,"{""y0_a0"": {""n"": 3, ""accuracy"": 0.6666666666666666}, ""y0_a1"": {""n"": 31, ""accuracy"": 0.7419354838709677}, ""y1_a0"": {""n"": 29, ""accuracy"": 0.6206896551724138}, ""y1_a1"": {""n"": 6, ""accuracy"": 0.5}}",0.535441953629042,2
corr,transplant,dinov2_b14_518,balanced,1.0,789,clean,0.7126050420168067,,0.7126050420168067,69,35,0,0.6086956521739131,0.6067226890756303,,"{""y0_a0"": {""n"": 34, ""accuracy"": 0.47058823529411764}, ""y0_a1"": {""n"": 0, ""accuracy"": NaN}, ""y1_a0"": {""n"": 35, ""accuracy"": 0.7428571428571429}, ""y1_a1"": {""n"": 0, ""accuracy"": NaN}}",0.43237101264115,2
corr,transplant,dinov2_b14_518,balanced,1.0,789,test_corr,0.7126050420168067,0.8790322580645161,0.3416666666666667,69,35,35,0.6086956521739131,0.6067226890756303,0.25,"{""y0_a0"": {""n"": 30, ""accuracy"": 0.43333333333333335}, ""y0_a1"": {""n"": 4, ""accuracy"": 0.75}, ""y1_a0"": {""n"": 4, ""accuracy"": 0.25}, ""y1_a1"": {""n"": 31, ""accuracy"": 0.8064516129032258}}",0.43237101264115,2
corr,transplant,dinov2_b14_518,balanced,1.0,789,test_rev,0.6974789915966387,0.5913978494623656,0.632183908045977,69,35,37,0.6086956521739131,0.6067226890756303,0.3333333333333333,"{""y0_a0"": {""n"": 3, ""accuracy"": 0.3333333333333333}, ""y0_a1"": {""n"": 31, ""accuracy"": 0.4838709677419355}, ""y1_a0"": {""n"": 29, ""accuracy"": 0.7586206896551724}, ""y1_a1"": {""n"": 6, ""accuracy"": 0.6666666666666666}}",0.43237101264115,2
corr,transplant,dinov2_b14_518,dfr,1.0,789,clean,0.6033613445378151,,0.6033613445378151,69,35,0,0.5217391304347826,0.5205882352941176,,"{""y0_a0"": {""n"": 34, ""accuracy"": 0.4411764705882353}, ""y0_a1"": {""n"": 0, ""accuracy"": NaN}, ""y1_a0"": {""n"": 35, ""accuracy"": 0.6}, ""y1_a1"": {""n"": 0, ""accuracy"": NaN}}",0.50649199385626,2
corr,transplant,dinov2_b14_518,dfr,1.0,789,test_corr,0.5789915966386554,0.6935483870967742,0.2583333333333333,69,35,35,0.5217391304347826,0.5205882352941176,0.25,"{""y0_a0"": {""n"": 30, ""accuracy"": 0.43333333333333335}, ""y0_a1"": {""n"": 4, ""accuracy"": 0.5}, ""y1_a0"": {""n"": 4, ""accuracy"": 0.25}, ""y1_a1"": {""n"": 31, ""accuracy"": 0.6451612903225806}}",0.50649199385626,2
corr,transplant,dinov2_b14_518,dfr,1.0,789,test_rev,0.6042016806722689,0.3118279569892472,0.6091954022988506,69,35,37,0.5362318840579711,0.5352941176470588,0.1666666666666666,"{""y0_a0"": {""n"": 3, ""accuracy"": 0.3333333333333333}, ""y0_a1"": {""n"": 31, ""accuracy"": 0.4838709677419355}, ""y1_a0"": {""n"": 29, ""accuracy"": 0.6896551724137931}, ""y1_a1"": {""n"": 6, ""accuracy"": 0.16666666666666666}}",0.50649199385626,2
corr,transplant,dinov2_b14_518,erm,1.0,2026,clean,0.7084033613445379,,0.7084033613445379,69,35,0,0.6666666666666666,0.6663865546218488,,"{""y0_a0"": {""n"": 34, ""accuracy"": 0.6470588235294118}, ""y0_a1"": {""n"": 0, ""accuracy"": NaN}, ""y1_a0"": {""n"": 35, ""accuracy"": 0.6857142857142857}, ""y1_a1"": {""n"": 0, ""accuracy"": NaN}}",0.4573832767842308,2
corr,transplant,dinov2_b14_518,erm,1.0,2026,test_corr,0.7605042016806722,0.9655172413793104,0.8131313131313131,69,35,30,0.6956521739130435,0.6949579831932773,0.6363636363636364,"{""y0_a0"": {""n"": 33, ""accuracy"": 0.6363636363636364}, ""y0_a1"": {""n"": 1, ""accuracy"": 1.0}, ""y1_a0"": {""n"": 6, ""accuracy"": 0.6666666666666666}, ""y1_a1"": {""n"": 29, ""accuracy"": 0.7586206896551724}}",0.4573832767842308,2
corr,transplant,dinov2_b14_518,erm,1.0,2026,test_rev,0.6168067226890757,0.3620689655172413,0.8181818181818181,69,35,31,0.5942028985507246,0.5928571428571429,0.4482758620689655,"{""y0_a0"": {""n"": 5, ""accuracy"": 0.8}, ""y0_a1"": {""n"": 29, ""accuracy"": 0.4482758620689655}, ""y1_a0"": {""n"": 33, ""accuracy"": 0.696969696969697}, ""y1_a1"": {""n"": 2, ""accuracy"": 0.5}}",0.4573832767842308,2
corr,transplant,dinov2_b14_518,mask,1.0,2026,clean,0.7596638655462185,,0.7596638655462185,69,35,0,0.7681159420289855,0.7676470588235295,,"{""y0_a0"": {""n"": 34, ""accuracy"": 0.7352941176470589}, ""y0_a1"": {""n"": 0, ""accuracy"": NaN}, ""y1_a0"": {""n"": 35, ""accuracy"": 0.8}, ""y1_a1"": {""n"": 0, ""accuracy"": NaN}}",0.4929381963862883,2
corr,transplant,dinov2_b14_518,mask,1.0,2026,test_corr,0.8142857142857143,0.7241379310344828,0.8737373737373737,69,35,30,0.7681159420289855,0.7676470588235295,0.0,"{""y0_a0"": {""n"": 33, ""accuracy"": 0.7575757575757576}, ""y0_a1"": {""n"": 1, ""accuracy"": 0.0}, ""y1_a0"": {""n"": 6, ""accuracy"": 1.0}, ""y1_a1"": {""n"": 29, ""accuracy"": 0.7586206896551724}}",0.4929381963862883,2
corr,transplant,dinov2_b14_518,mask,1.0,2026,test_rev,0.6579831932773109,0.7241379310344828,0.6666666666666667,69,35,31,0.6956521739130435,0.6941176470588235,0.5862068965517241,"{""y0_a0"": {""n"": 5, ""accuracy"": 0.6}, ""y0_a1"": {""n"": 29, ""accuracy"": 0.5862068965517241}, ""y1_a0"": {""n"": 33, ""accuracy"": 0.7878787878787878}, ""y1_a1"": {""n"": 2, ""accuracy"": 1.0}}",0.4929381963862883,2
corr,transplant,dinov2_b14_518,inpaint,1.0,2026,clean,0.7142857142857143,,0.7142857142857143,69,35,0,0.6956521739130435,0.6970588235294117,,"{""y0_a0"": {""n"": 34, ""accuracy"": 0.7941176470588235}, ""y0_a1"": {""n"": 0, ""accuracy"": NaN}, ""y1_a0"": {""n"": 35, ""accuracy"": 0.6}, ""y1_a1"": {""n"": 0, ""accuracy"": NaN}}",0.5335721532556373,2
corr,transplant,dinov2_b14_518,inpaint,1.0,2026,test_corr,0.7210084033613446,0.9655172413793104,0.7676767676767677,69,35,30,0.6956521739130435,0.6970588235294117,0.5862068965517241,"{""y0_a0"": {""n"": 33, ""accuracy"": 0.7878787878787878}, ""y0_a1"": {""n"": 1, ""accuracy"": 1.0}, ""y1_a0"": {""n"": 6, ""accuracy"": 0.6666666666666666}, ""y1_a1"": {""n"": 29, ""accuracy"": 0.5862068965517241}}",0.5335721532556373,2
corr,transplant,dinov2_b14_518,inpaint,1.0,2026,test_rev,0.6966386554621848,0.4482758620689655,0.8181818181818182,69,35,31,0.6956521739130435,0.6970588235294117,0.5,"{""y0_a0"": {""n"": 5, ""accuracy"": 1.0}, ""y0_a1"": {""n"": 29, ""accuracy"": 0.7586206896551724}, ""y1_a0"": {""n"": 33, ""accuracy"": 0.6060606060606061}, ""y1_a1"": {""n"": 2, ""accuracy"": 0.5}}",0.5335721532556373,2
corr,transplant,dinov2_b14_518,balanced,1.0,2026,clean,0.680672268907563,,0.680672268907563,69,35,0,0.6086956521739131,0.611764705882353,,"{""y0_a0"": {""n"": 34, ""accuracy"": 0.8235294117647058}, ""y0_a1"": {""n"": 0, ""accuracy"": NaN}, ""y1_a0"": {""n"": 35, ""accuracy"": 0.4}, ""y1_a1"": {""n"": 0, ""accuracy"": NaN}}",0.5429022942880684,2
corr,transplant,dinov2_b14_518,balanced,1.0,2026,test_corr,0.7134453781512605,1.0,0.7777777777777778,69,35,30,0.6086956521739131,0.611764705882353,0.3793103448275862,"{""y0_a0"": {""n"": 33, ""accuracy"": 0.8181818181818182}, ""y0_a1"": {""n"": 1, ""accuracy"": 1.0}, ""y1_a0"": {""n"": 6, ""accuracy"": 0.5}, ""y1_a1"": {""n"": 29, ""accuracy"": 0.3793103448275862}}",0.5429022942880684,2
corr,transplant,dinov2_b14_518,balanced,1.0,2026,test_rev,0.6369747899159663,0.3103448275862068,0.7696969696969698,69,35,31,0.5797101449275363,0.5823529411764705,0.0,"{""y0_a0"": {""n"": 5, ""accuracy"": 1.0}, ""y0_a1"": {""n"": 29, ""accuracy"": 0.7241379310344828}, ""y1_a0"": {""n"": 33, ""accuracy"": 0.42424242424242425}, ""y1_a1"": {""n"": 2, ""accuracy"": 0.0}}",0.5429022942880684,2
corr,transplant,dinov2_b14_518,dfr,1.0,2026,clean,0.6285714285714286,,0.6285714285714286,69,35,0,0.5362318840579711,0.5348739495798319,,"{""y0_a0"": {""n"": 34, ""accuracy"": 0.4411764705882353}, ""y0_a1"": {""n"": 0, ""accuracy"": NaN}, ""y1_a0"": {""n"": 35, ""accuracy"": 0.6285714285714286}, ""y1_a1"": {""n"": 0, ""accuracy"": NaN}}",0.4909804940238755,2
corr,transplant,dinov2_b14_518,dfr,1.0,2026,test_corr,0.6235294117647059,1.0,0.6868686868686869,69,35,30,0.5362318840579711,0.5348739495798319,0.4242424242424242,"{""y0_a0"": {""n"": 33, ""accuracy"": 0.42424242424242425}, ""y0_a1"": {""n"": 1, ""accuracy"": 1.0}, ""y1_a0"": {""n"": 6, ""accuracy"": 0.6666666666666666}, ""y1_a1"": {""n"": 29, ""accuracy"": 0.6206896551724138}}",0.4909804940238755,2
corr,transplant,dinov2_b14_518,dfr,1.0,2026,test_rev,0.6168067226890757,0.2068965517241379,0.7393939393939394,69,35,31,0.5217391304347826,0.5201680672268907,0.0,"{""y0_a0"": {""n"": 5, ""accuracy"": 0.6}, ""y0_a1"": {""n"": 29, ""accuracy"": 0.3793103448275862}, ""y1_a0"": {""n"": 33, ""accuracy"": 0.6666666666666666}, ""y1_a1"": {""n"": 2, ""accuracy"": 0.0}}",0.4909804940238755,2
corr,transplant,dinov2_b14_518,erm,0.0,42,clean,0.7428571428571429,,0.7428571428571429,69,35,0,0.5942028985507246,0.5995798319327731,,"{""y0_a0"": {""n"": 34, ""accuracy"": 0.9705882352941176}, ""y0_a1"": {""n"": 0, ""accuracy"": NaN}, ""y1_a0"": {""n"": 35, ""accuracy"": 0.22857142857142856}, ""y1_a1"": {""n"": 0, ""accuracy"": NaN}}",0.5965333358558645,3
corr,transplant,dinov2_b14_518,erm,0.0,42,test_corr,0.7865546218487396,0.8333333333333334,0.5625,69,35,35,0.6376811594202898,0.6424369747899159,0.0,"{""y0_a0"": {""n"": 32, ""accuracy"": 0.96875}, ""y0_a1"": {""n"": 2, ""accuracy"": 1.0}, ""y1_a0"": {""n"": 2, ""accuracy"": 0.0}, ""y1_a1"": {""n"": 33, ""accuracy"": 0.3333333333333333}}",0.5965333358558645,3
corr,transplant,dinov2_b14_518,erm,0.0,42,test_rev,0.6739495798319327,0.5431034482758621,0.8580645161290323,69,35,33,0.5217391304347826,0.5260504201680672,0.0,"{""y0_a0"": {""n"": 5, ""accuracy"": 1.0}, ""y0_a1"": {""n"": 29, ""accuracy"": 0.7931034482758621}, ""y1_a0"": {""n"": 31, ""accuracy"": 0.25806451612903225}, ""y1_a1"": {""n"": 4, ""accuracy"": 0.0}}",0.5965333358558645,3
corr,transplant,dinov2_b14_518,mask,0.0,42,clean,0.8176470588235295,,0.8176470588235295,69,35,0,0.7246376811594203,0.7273109243697479,,"{""y0_a0"": {""n"": 34, ""accuracy"": 0.9117647058823529}, ""y0_a1"": {""n"": 0, ""accuracy"": NaN}, ""y1_a0"": {""n"": 35, ""accuracy"": 0.5428571428571428}, ""y1_a1"": {""n"": 0, ""accuracy"": NaN}}",0.5512350734250324,3
corr,transplant,dinov2_b14_518,mask,0.0,42,test_corr,0.8176470588235295,0.8787878787878788,0.65625,69,35,35,0.7246376811594203,0.7273109243697479,0.5,"{""y0_a0"": {""n"": 32, ""accuracy"": 0.90625}, ""y0_a1"": {""n"": 2, ""accuracy"": 1.0}, ""y1_a0"": {""n"": 2, ""accuracy"": 0.5}, ""y1_a1"": {""n"": 33, ""accuracy"": 0.5454545454545454}}",0.5512350734250324,3
corr,transplant,dinov2_b14_518,mask,0.0,42,test_rev,0.8176470588235295,0.8103448275862069,0.832258064516129,69,35,33,0.7246376811594203,0.7273109243697479,0.5161290322580645,"{""y0_a0"": {""n"": 5, ""accuracy"": 1.0}, ""y0_a1"": {""n"": 29, ""accuracy"": 0.896551724137931}, ""y1_a0"": {""n"": 31, ""accuracy"": 0.5161290322580645}, ""y1_a1"": {""n"": 4, ""accuracy"": 0.75}}",0.5512350734250324,3
corr,transplant,dinov2_b14_518,inpaint,0.0,42,clean,0.7563025210084033,,0.7563025210084033,69,35,0,0.6231884057971014,0.6281512605042017,,"{""y0_a0"": {""n"": 34, ""accuracy"": 0.9705882352941176}, ""y0_a1"": {""n"": 0, ""accuracy"": NaN}, ""y1_a0"": {""n"": 35, ""accuracy"": 0.2857142857142857}, ""y1_a1"": {""n"": 0, ""accuracy"": NaN}}",0.6087673349136018,3
corr,transplant,dinov2_b14_518,inpaint,0.0,42,test_corr,0.7638655462184875,0.8484848484848485,0.609375,69,35,35,0.6376811594202898,0.6424369747899159,0.0,"{""y0_a0"": {""n"": 32, ""accuracy"": 0.96875}, ""y0_a1"": {""n"": 2, ""accuracy"": 1.0}, ""y1_a0"": {""n"": 2, ""accuracy"": 0.0}, ""y1_a1"": {""n"": 33, ""accuracy"": 0.3333333333333333}}",0.6087673349136018,3
corr,transplant,dinov2_b14_518,inpaint,0.0,42,test_rev,0.7420168067226891,0.5431034482758621,0.8516129032258065,69,35,33,0.6086956521739131,0.6134453781512605,0.0,"{""y0_a0"": {""n"": 5, ""accuracy"": 1.0}, ""y0_a1"": {""n"": 29, ""accuracy"": 0.9310344827586207}, ""y1_a0"": {""n"": 31, ""accuracy"": 0.3225806451612903}, ""y1_a1"": {""n"": 4, ""accuracy"": 0.0}}",0.6087673349136018,3
corr,transplant,dinov2_b14_518,balanced,0.0,42,clean,0.7470588235294118,,0.7470588235294118,69,35,0,0.6521739130434783,0.6571428571428571,,"{""y0_a0"": {""n"": 34, ""accuracy"": 1.0}, ""y0_a1"": {""n"": 0, ""accuracy"": NaN}, ""y1_a0"": {""n"": 35, ""accuracy"": 0.3142857142857143}, ""y1_a1"": {""n"": 0, ""accuracy"": NaN}}",0.6212927974318776,3
corr,transplant,dinov2_b14_518,balanced,0.0,42,test_corr,0.7697478991596639,0.8333333333333333,0.546875,69,35,35,0.6666666666666666,0.6714285714285715,0.0,"{""y0_a0"": {""n"": 32, ""accuracy"": 1.0}, ""y0_a1"": {""n"": 2, ""accuracy"": 1.0}, ""y1_a0"": {""n"": 2, ""accuracy"": 0.0}, ""y1_a1"": {""n"": 33, ""accuracy"": 0.36363636363636365}}",0.6212927974318776,3
corr,transplant,dinov2_b14_518,balanced,0.0,42,test_rev,0.7285714285714286,0.5603448275862069,0.8064516129032259,69,35,33,0.6376811594202898,0.6424369747899159,0.0,"{""y0_a0"": {""n"": 5, ""accuracy"": 1.0}, ""y0_a1"": {""n"": 29, ""accuracy"": 0.9655172413793104}, ""y1_a0"": {""n"": 31, ""accuracy"": 0.3548387096774194}, ""y1_a1"": {""n"": 4, ""accuracy"": 0.0}}",0.6212927974318776,3
corr,transplant,dinov2_b14_518,dfr,0.0,42,clean,0.7529411764705883,,0.7529411764705883,69,35,0,0.6521739130434783,0.6529411764705882,,"{""y0_a0"": {""n"": 34, ""accuracy"": 0.7058823529411765}, ""y0_a1"": {""n"": 0, ""accuracy"": NaN}, ""y1_a0"": {""n"": 35, ""accuracy"": 0.6}, ""y1_a1"": {""n"": 0, ""accuracy"": NaN}}",0.4989620289812906,3
corr,transplant,dinov2_b14_518,dfr,0.0,42,test_corr,0.7470588235294118,0.7727272727272727,0.734375,69,35,35,0.6376811594202898,0.6386554621848739,0.5,"{""y0_a0"": {""n"": 32, ""accuracy"": 0.6875}, ""y0_a1"": {""n"": 2, ""accuracy"": 1.0}, ""y1_a0"": {""n"": 2, ""accuracy"": 0.5}, ""y1_a1"": {""n"": 33, ""accuracy"": 0.5757575757575758}}",0.4989620289812906,3
corr,transplant,dinov2_b14_518,dfr,0.0,42,test_rev,0.7781512605042016,0.6982758620689655,0.7483870967741935,69,35,33,0.6956521739130435,0.6966386554621848,0.5,"{""y0_a0"": {""n"": 5, ""accuracy"": 0.8}, ""y0_a1"": {""n"": 29, ""accuracy"": 0.7586206896551724}, ""y1_a0"": {""n"": 31, ""accuracy"": 0.6451612903225806}, ""y1_a1"": {""n"": 4, ""accuracy"": 0.5}}",0.4989620289812906,3
corr,transplant,dinov2_b14_518,erm,0.0,123,clean,0.7420168067226891,,0.7420168067226891,69,35,0,0.6086956521739131,0.6134453781512605,,"{""y0_a0"": {""n"": 34, ""accuracy"": 0.9411764705882353}, ""y0_a1"": {""n"": 0, ""accuracy"": NaN}, ""y1_a0"": {""n"": 35, ""accuracy"": 0.2857142857142857}, ""y1_a1"": {""n"": 0, ""accuracy"": NaN}}",0.5803984389862351,3
corr,transplant,dinov2_b14_518,erm,0.0,123,test_corr,0.7865546218487396,0.84375,0.6458333333333334,69,35,34,0.6956521739130435,0.6991596638655462,0.3333333333333333,"{""y0_a0"": {""n"": 32, ""accuracy"": 0.9375}, ""y0_a1"": {""n"": 2, ""accuracy"": 1.0}, ""y1_a0"": {""n"": 3, ""accuracy"": 0.3333333333333333}, ""y1_a1"": {""n"": 32, ""accuracy"": 0.46875}}",0.5803984389862351,3
corr,transplant,dinov2_b14_518,erm,0.0,123,test_rev,0.6857142857142857,0.9032258064516128,0.7283950617283952,69,35,39,0.5507246376811594,0.5546218487394958,0.1851851851851851,"{""y0_a0"": {""n"": 3, ""accuracy"": 1.0}, ""y0_a1"": {""n"": 31, ""accuracy"": 0.8064516129032258}, ""y1_a0"": {""n"": 27, ""accuracy"": 0.18518518518518517}, ""y1_a1"": {""n"": 8, ""accuracy"": 0.625}}",0.5803984389862351,3
corr,transplant,dinov2_b14_518,mask,0.0,123,clean,0.8176470588235295,,0.8176470588235295,69,35,0,0.7246376811594203,0.7273109243697479,,"{""y0_a0"": {""n"": 34, ""accuracy"": 0.9117647058823529}, ""y0_a1"": {""n"": 0, ""accuracy"": NaN}, ""y1_a0"": {""n"": 35, ""accuracy"": 0.5428571428571428}, ""y1_a1"": {""n"": 0, ""accuracy"": NaN}}",0.551240811028932,3
corr,transplant,dinov2_b14_518,mask,0.0,123,test_corr,0.8176470588235295,0.703125,0.9166666666666666,69,35,34,0.7246376811594203,0.7273109243697479,0.53125,"{""y0_a0"": {""n"": 32, ""accuracy"": 0.90625}, ""y0_a1"": {""n"": 2, ""accuracy"": 1.0}, ""y1_a0"": {""n"": 3, ""accuracy"": 0.6666666666666666}, ""y1_a1"": {""n"": 32, ""accuracy"": 0.53125}}",0.551240811028932,3
corr,transplant,dinov2_b14_518,mask,0.0,123,test_rev,0.8176470588235295,0.9193548387096774,0.8518518518518519,69,35,39,0.7246376811594203,0.7273109243697479,0.4444444444444444,"{""y0_a0"": {""n"": 3, ""accuracy"": 1.0}, ""y0_a1"": {""n"": 31, ""accuracy"": 0.9032258064516129}, ""y1_a0"": {""n"": 27, ""accuracy"": 0.4444444444444444}, ""y1_a1"": {""n"": 8, ""accuracy"": 0.875}}",0.551240811028932,3
corr,transplant,dinov2_b14_518,inpaint,0.0,123,clean,0.7521008403361344,,0.7521008403361344,69,35,0,0.6231884057971014,0.6281512605042017,,"{""y0_a0"": {""n"": 34, ""accuracy"": 0.9705882352941176}, ""y0_a1"": {""n"": 0, ""accuracy"": NaN}, ""y1_a0"": {""n"": 35, ""accuracy"": 0.2857142857142857}, ""y1_a1"": {""n"": 0, ""accuracy"": NaN}}",0.6084475936667569,3
corr,transplant,dinov2_b14_518,inpaint,0.0,123,test_corr,0.7638655462184873,0.8125,0.7083333333333333,69,35,34,0.6376811594202898,0.6424369747899159,0.3125,"{""y0_a0"": {""n"": 32, ""accuracy"": 0.96875}, ""y0_a1"": {""n"": 2, ""accuracy"": 1.0}, ""y1_a0"": {""n"": 3, ""accuracy"": 0.3333333333333333}, ""y1_a1"": {""n"": 32, ""accuracy"": 0.3125}}",0.6084475936667569,3
corr,transplant,dinov2_b14_518,inpaint,0.0,123,test_rev,0.7428571428571429,0.907258064516129,0.7283950617283952,69,35,39,0.6231884057971014,0.6277310924369748,0.2222222222222222,"{""y0_a0"": {""n"": 3, ""accuracy"": 1.0}, ""y0_a1"": {""n"": 31, ""accuracy"": 0.9354838709677419}, ""y1_a0"": {""n"": 27, ""accuracy"": 0.2222222222222222}, ""y1_a1"": {""n"": 8, ""accuracy"": 0.625}}",0.6084475936667569,3
corr,transplant,dinov2_b14_518,balanced,0.0,123,clean,0.73109243697479,,0.73109243697479,69,35,0,0.5797101449275363,0.584873949579832,,"{""y0_a0"": {""n"": 34, ""accuracy"": 0.9411764705882353}, ""y0_a1"": {""n"": 0, ""accuracy"": NaN}, ""y1_a0"": {""n"": 35, ""accuracy"": 0.22857142857142856}, ""y1_a1"": {""n"": 0, ""accuracy"": NaN}}",0.675997934675893,3
corr,transplant,dinov2_b14_518,balanced,0.0,123,test_corr,0.7546218487394958,0.859375,0.71875,69,35,34,0.5797101449275363,0.584873949579832,0.0,"{""y0_a0"": {""n"": 32, ""accuracy"": 0.9375}, ""y0_a1"": {""n"": 2, ""accuracy"": 1.0}, ""y1_a0"": {""n"": 3, ""accuracy"": 0.0}, ""y1_a1"": {""n"": 32, ""accuracy"": 0.25}}",0.675997934675893,3
corr,transplant,dinov2_b14_518,balanced,0.0,123,test_rev,0.7226890756302522,0.8830645161290324,0.6666666666666667,69,35,39,0.5797101449275363,0.584873949579832,0.1851851851851851,"{""y0_a0"": {""n"": 3, ""accuracy"": 1.0}, ""y0_a1"": {""n"": 31, ""accuracy"": 0.9354838709677419}, ""y1_a0"": {""n"": 27, ""accuracy"": 0.18518518518518517}, ""y1_a1"": {""n"": 8, ""accuracy"": 0.375}}",0.675997934675893,3
corr,transplant,dinov2_b14_518,dfr,0.0,123,clean,0.7394957983193277,,0.7394957983193277,69,35,0,0.6956521739130435,0.6991596638655462,,"{""y0_a0"": {""n"": 34, ""accuracy"": 0.9411764705882353}, ""y0_a1"": {""n"": 0, ""accuracy"": NaN}, ""y1_a0"": {""n"": 35, ""accuracy"": 0.45714285714285713}, ""y1_a1"": {""n"": 0, ""accuracy"": NaN}}",0.5236235401194285,3
corr,transplant,dinov2_b14_518,dfr,0.0,123,test_corr,0.7302521008403361,0.625,0.9166666666666666,69,35,34,0.6956521739130435,0.6995798319327731,0.40625,"{""y0_a0"": {""n"": 32, ""accuracy"": 0.96875}, ""y0_a1"": {""n"": 2, ""accuracy"": 1.0}, ""y1_a0"": {""n"": 3, ""accuracy"": 0.6666666666666666}, ""y1_a1"": {""n"": 32, ""accuracy"": 0.40625}}",0.5236235401194285,3
corr,transplant,dinov2_b14_518,dfr,0.0,123,test_rev,0.7563025210084033,0.7741935483870968,0.7160493827160495,69,35,39,0.6956521739130435,0.6995798319327731,0.375,"{""y0_a0"": {""n"": 3, ""accuracy"": 1.0}, ""y0_a1"": {""n"": 31, ""accuracy"": 0.967741935483871}, ""y1_a0"": {""n"": 27, ""accuracy"": 0.4444444444444444}, ""y1_a1"": {""n"": 8, ""accuracy"": 0.375}}",0.5236235401194285,3
corr,transplant,dinov2_b14_518,erm,0.0,456,clean,0.7428571428571429,,0.7428571428571429,69,35,0,0.5942028985507246,0.5995798319327731,,"{""y0_a0"": {""n"": 34, ""accuracy"": 0.9705882352941176}, ""y0_a1"": {""n"": 0, ""accuracy"": NaN}, ""y1_a0"": {""n"": 35, ""accuracy"": 0.22857142857142856}, ""y1_a1"": {""n"": 0, ""accuracy"": NaN}}",0.5996660961953502,3
corr,transplant,dinov2_b14_518,erm,0.0,456,test_corr,0.7739495798319327,0.828125,0.5520833333333333,69,35,34,0.6231884057971014,0.6281512605042017,0.0,"{""y0_a0"": {""n"": 32, ""accuracy"": 0.96875}, ""y0_a1"": {""n"": 2, ""accuracy"": 1.0}, ""y1_a0"": {""n"": 3, ""accuracy"": 0.0}, ""y1_a1"": {""n"": 32, ""accuracy"": 0.3125}}",0.5996660961953502,3
corr,transplant,dinov2_b14_518,erm,0.0,456,test_rev,0.680672268907563,0.6333333333333333,0.8203125,69,35,33,0.5362318840579711,0.5403361344537815,0.25,"{""y0_a0"": {""n"": 4, ""accuracy"": 1.0}, ""y0_a1"": {""n"": 30, ""accuracy"": 0.8}, ""y1_a0"": {""n"": 32, ""accuracy"": 0.25}, ""y1_a1"": {""n"": 3, ""accuracy"": 0.3333333333333333}}",0.5996660961953502,3
corr,transplant,dinov2_b14_518,mask,0.0,456,clean,0.8176470588235295,,0.8176470588235295,69,35,0,0.7246376811594203,0.7273109243697479,,"{""y0_a0"": {""n"": 34, ""accuracy"": 0.9117647058823529}, ""y0_a1"": {""n"": 0, ""accuracy"": NaN}, ""y1_a0"": {""n"": 35, ""accuracy"": 0.5428571428571428}, ""y1_a1"": {""n"": 0, ""accuracy"": NaN}}",0.551209960707623,3
corr,transplant,dinov2_b14_518,mask,0.0,456,test_corr,0.8176470588235295,0.796875,0.5104166666666667,69,35,34,0.7246376811594203,0.7273109243697479,0.0,"{""y0_a0"": {""n"": 32, ""accuracy"": 0.90625}, ""y0_a1"": {""n"": 2, ""accuracy"": 1.0}, ""y1_a0"": {""n"": 3, ""accuracy"": 0.0}, ""y1_a1"": {""n"": 32, ""accuracy"": 0.59375}}",0.551209960707623,3
corr,transplant,dinov2_b14_518,mask,0.0,456,test_rev,0.8176470588235295,0.8444444444444444,0.8359375,69,35,33,0.7246376811594203,0.7273109243697479,0.53125,"{""y0_a0"": {""n"": 4, ""accuracy"": 1.0}, ""y0_a1"": {""n"": 30, ""accuracy"": 0.9}, ""y1_a0"": {""n"": 32, ""accuracy"": 0.53125}, ""y1_a1"": {""n"": 3, ""accuracy"": 0.6666666666666666}}",0.551209960707623,3
corr,transplant,dinov2_b14_518,inpaint,0.0,456,clean,0.7521008403361343,,0.7521008403361343,69,35,0,0.6231884057971014,0.6281512605042017,,"{""y0_a0"": {""n"": 34, ""accuracy"": 0.9705882352941176}, ""y0_a1"": {""n"": 0, ""accuracy"": NaN}, ""y1_a0"": {""n"": 35, ""accuracy"": 0.2857142857142857}, ""y1_a1"": {""n"": 0, ""accuracy"": NaN}}",0.607845647767015,3
corr,transplant,dinov2_b14_518,inpaint,0.0,456,test_corr,0.7596638655462185,0.828125,0.5208333333333333,69,35,34,0.6376811594202898,0.6424369747899159,0.0,"{""y0_a0"": {""n"": 32, ""accuracy"": 0.96875}, ""y0_a1"": {""n"": 2, ""accuracy"": 1.0}, ""y1_a0"": {""n"": 3, ""accuracy"": 0.0}, ""y1_a1"": {""n"": 32, ""accuracy"": 0.34375}}",0.607845647767015,3
corr,transplant,dinov2_b14_518,inpaint,0.0,456,test_rev,0.7411764705882353,0.6666666666666666,0.828125,69,35,33,0.6231884057971014,0.6277310924369748,0.3125,"{""y0_a0"": {""n"": 4, ""accuracy"": 1.0}, ""y0_a1"": {""n"": 30, ""accuracy"": 0.9333333333333333}, ""y1_a0"": {""n"": 32, ""accuracy"": 0.3125}, ""y1_a1"": {""n"": 3, ""accuracy"": 0.3333333333333333}}",0.607845647767015,3
corr,transplant,dinov2_b14_518,balanced,0.0,456,clean,0.7319327731092438,,0.7319327731092438,69,35,0,0.6231884057971014,0.6264705882352941,,"{""y0_a0"": {""n"": 34, ""accuracy"": 0.8529411764705882}, ""y0_a1"": {""n"": 0, ""accuracy"": NaN}, ""y1_a0"": {""n"": 35, ""accuracy"": 0.4}, ""y1_a1"": {""n"": 0, ""accuracy"": NaN}}",0.5798357192477349,3
corr,transplant,dinov2_b14_518,balanced,0.0,456,test_corr,0.7378151260504202,0.75,0.59375,69,35,34,0.6521739130434783,0.6550420168067227,0.0,"{""y0_a0"": {""n"": 32, ""accuracy"": 0.84375}, ""y0_a1"": {""n"": 2, ""accuracy"": 1.0}, ""y1_a0"": {""n"": 3, ""accuracy"": 0.0}, ""y1_a1"": {""n"": 32, ""accuracy"": 0.5}}",0.5798357192477349,3
corr,transplant,dinov2_b14_518,balanced,0.0,456,test_rev,0.7252100840336135,0.6777777777777777,0.828125,69,35,33,0.6231884057971014,0.6264705882352941,0.375,"{""y0_a0"": {""n"": 4, ""accuracy"": 1.0}, ""y0_a1"": {""n"": 30, ""accuracy"": 0.8333333333333334}, ""y1_a0"": {""n"": 32, ""accuracy"": 0.375}, ""y1_a1"": {""n"": 3, ""accuracy"": 0.6666666666666666}}",0.5798357192477349,3
corr,transplant,dinov2_b14_518,dfr,0.0,456,clean,0.7184873949579832,,0.7184873949579832,69,35,0,0.6811594202898551,0.6840336134453782,,"{""y0_a0"": {""n"": 34, ""accuracy"": 0.8823529411764706}, ""y0_a1"": {""n"": 0, ""accuracy"": NaN}, ""y1_a0"": {""n"": 35, ""accuracy"": 0.4857142857142857}, ""y1_a1"": {""n"": 0, ""accuracy"": NaN}}",0.5262296037188976,3
corr,transplant,dinov2_b14_518,dfr,0.0,456,test_corr,0.7210084033613445,0.796875,0.4270833333333333,69,35,34,0.6666666666666666,0.6697478991596638,0.0,"{""y0_a0"": {""n"": 32, ""accuracy"": 0.875}, ""y0_a1"": {""n"": 2, ""accuracy"": 1.0}, ""y1_a0"": {""n"": 3, ""accuracy"": 0.0}, ""y1_a1"": {""n"": 32, ""accuracy"": 0.5}}",0.5262296037188976,3
corr,transplant,dinov2_b14_518,dfr,0.0,456,test_rev,0.7134453781512605,0.6222222222222222,0.828125,69,35,33,0.6521739130434783,0.6546218487394958,0.0,"{""y0_a0"": {""n"": 4, ""accuracy"": 1.0}, ""y0_a1"": {""n"": 30, ""accuracy"": 0.8}, ""y1_a0"": {""n"": 32, ""accuracy"": 0.53125}, ""y1_a1"": {""n"": 3, ""accuracy"": 0.0}}",0.5262296037188976,3
corr,transplant,dinov2_b14_518,erm,0.0,789,clean,0.7420168067226891,,0.7420168067226891,69,35,0,0.5797101449275363,0.584873949579832,,"{""y0_a0"": {""n"": 34, ""accuracy"": 0.9411764705882353}, ""y0_a1"": {""n"": 0, ""accuracy"": NaN}, ""y1_a0"": {""n"": 35, ""accuracy"": 0.22857142857142856}, ""y1_a1"": {""n"": 0, ""accuracy"": NaN}}",0.5901963209087409,3
corr,transplant,dinov2_b14_518,erm,0.0,789,test_corr,0.7823529411764706,0.7476190476190476,,69,35,41,0.6086956521739131,0.6130252100840337,,"{""y0_a0"": {""n"": 28, ""accuracy"": 0.9285714285714286}, ""y0_a1"": {""n"": 6, ""accuracy"": 0.8333333333333334}, ""y1_a0"": {""n"": 0, ""accuracy"": NaN}, ""y1_a1"": {""n"": 35, ""accuracy"": 0.3142857142857143}}",0.5901963209087409,3
corr,transplant,dinov2_b14_518,erm,0.0,789,test_rev,0.653781512605042,0.6767676767676767,0.96875,69,35,36,0.5072463768115942,0.511344537815126,0.21875,"{""y0_a0"": {""n"": 1, ""accuracy"": 1.0}, ""y0_a1"": {""n"": 33, ""accuracy"": 0.7878787878787878}, ""y1_a0"": {""n"": 32, ""accuracy"": 0.21875}, ""y1_a1"": {""n"": 3, ""accuracy"": 0.3333333333333333}}",0.5901963209087409,3
corr,transplant,dinov2_b14_518,mask,0.0,789,clean,0.8176470588235295,,0.8176470588235295,69,35,0,0.7246376811594203,0.7273109243697479,,"{""y0_a0"": {""n"": 34, ""accuracy"": 0.9117647058823529}, ""y0_a1"": {""n"": 0, ""accuracy"": NaN}, ""y1_a0"": {""n"": 35, ""accuracy"": 0.5428571428571428}, ""y1_a1"": {""n"": 0, ""accuracy"": NaN}}",0.5512115052091165,3
corr,transplant,dinov2_b14_518,mask,0.0,789,test_corr,0.8176470588235295,0.7095238095238096,,69,35,41,0.7246376811594203,0.7273109243697479,,"{""y0_a0"": {""n"": 28, ""accuracy"": 0.9285714285714286}, ""y0_a1"": {""n"": 6, ""accuracy"": 0.8333333333333334}, ""y1_a0"": {""n"": 0, ""accuracy"": NaN}, ""y1_a1"": {""n"": 35, ""accuracy"": 0.5428571428571428}}",0.5512115052091165,3
corr,transplant,dinov2_b14_518,mask,0.0,789,test_rev,0.8176470588235295,0.9696969696969696,0.71875,69,35,36,0.7246376811594203,0.7273109243697479,0.5,"{""y0_a0"": {""n"": 1, ""accuracy"": 1.0}, ""y0_a1"": {""n"": 33, ""accuracy"": 0.9090909090909091}, ""y1_a0"": {""n"": 32, ""accuracy"": 0.5}, ""y1_a1"": {""n"": 3, ""accuracy"": 1.0}}",0.5512115052091165,3
corr,transplant,dinov2_b14_518,inpaint,0.0,789,clean,0.753781512605042,,0.753781512605042,69,35,0,0.6086956521739131,0.6138655462184874,,"{""y0_a0"": {""n"": 34, ""accuracy"": 0.9705882352941176}, ""y0_a1"": {""n"": 0, ""accuracy"": NaN}, ""y1_a0"": {""n"": 35, ""accuracy"": 0.2571428571428571}, ""y1_a1"": {""n"": 0, ""accuracy"": NaN}}",0.615334906699604,3
corr,transplant,dinov2_b14_518,inpaint,0.0,789,test_corr,0.7630252100840336,0.7904761904761904,,69,35,41,0.6231884057971014,0.6281512605042017,,"{""y0_a0"": {""n"": 28, ""accuracy"": 0.9642857142857143}, ""y0_a1"": {""n"": 6, ""accuracy"": 1.0}, ""y1_a0"": {""n"": 0, ""accuracy"": NaN}, ""y1_a1"": {""n"": 35, ""accuracy"": 0.2857142857142857}}",0.615334906699604,3
corr,transplant,dinov2_b14_518,inpaint,0.0,789,test_rev,0.738655462184874,0.7474747474747474,0.96875,69,35,36,0.5942028985507246,0.5991596638655462,0.25,"{""y0_a0"": {""n"": 1, ""accuracy"": 1.0}, ""y0_a1"": {""n"": 33, ""accuracy"": 0.9393939393939394}, ""y1_a0"": {""n"": 32, ""accuracy"": 0.25}, ""y1_a1"": {""n"": 3, ""accuracy"": 0.3333333333333333}}",0.615334906699604,3
corr,transplant,dinov2_b14_518,balanced,0.0,789,clean,0.7815126050420168,,0.7815126050420168,69,35,0,0.7101449275362319,0.7121848739495797,,"{""y0_a0"": {""n"": 34, ""accuracy"": 0.8529411764705882}, ""y0_a1"": {""n"": 0, ""accuracy"": NaN}, ""y1_a0"": {""n"": 35, ""accuracy"": 0.5714285714285714}, ""y1_a1"": {""n"": 0, ""accuracy"": NaN}}",0.5306179063015021,3
corr,transplant,dinov2_b14_518,balanced,0.0,789,test_corr,0.7966386554621849,0.8047619047619048,,69,35,41,0.7101449275362319,0.7117647058823529,,"{""y0_a0"": {""n"": 28, ""accuracy"": 0.8214285714285714}, ""y0_a1"": {""n"": 6, ""accuracy"": 0.8333333333333334}, ""y1_a0"": {""n"": 0, ""accuracy"": NaN}, ""y1_a1"": {""n"": 35, ""accuracy"": 0.6}}",0.5306179063015021,3
corr,transplant,dinov2_b14_518,balanced,0.0,789,test_rev,0.7663865546218487,0.7979797979797979,0.9375,69,35,36,0.6811594202898551,0.6827731092436975,0.5625,"{""y0_a0"": {""n"": 1, ""accuracy"": 1.0}, ""y0_a1"": {""n"": 33, ""accuracy"": 0.7878787878787878}, ""y1_a0"": {""n"": 32, ""accuracy"": 0.5625}, ""y1_a1"": {""n"": 3, ""accuracy"": 0.6666666666666666}}",0.5306179063015021,3
corr,transplant,dinov2_b14_518,dfr,0.0,789,clean,0.7369747899159664,,0.7369747899159664,69,35,0,0.6956521739130435,0.6987394957983193,,"{""y0_a0"": {""n"": 34, ""accuracy"": 0.9117647058823529}, ""y0_a1"": {""n"": 0, ""accuracy"": NaN}, ""y1_a0"": {""n"": 35, ""accuracy"": 0.4857142857142857}, ""y1_a1"": {""n"": 0, ""accuracy"": NaN}}",0.5178534787577082,3
corr,transplant,dinov2_b14_518,dfr,0.0,789,test_corr,0.7428571428571429,0.8428571428571427,,69,35,41,0.6811594202898551,0.684453781512605,,"{""y0_a0"": {""n"": 28, ""accuracy"": 0.8928571428571429}, ""y0_a1"": {""n"": 6, ""accuracy"": 1.0}, ""y1_a0"": {""n"": 0, ""accuracy"": NaN}, ""y1_a1"": {""n"": 35, ""accuracy"": 0.45714285714285713}}",0.5178534787577082,3
corr,transplant,dinov2_b14_518,dfr,0.0,789,test_rev,0.7630252100840336,0.6565656565656566,0.8125,69,35,36,0.6956521739130435,0.6987394957983193,0.3333333333333333,"{""y0_a0"": {""n"": 1, ""accuracy"": 1.0}, ""y0_a1"": {""n"": 33, ""accuracy"": 0.9090909090909091}, ""y1_a0"": {""n"": 32, ""accuracy"": 0.5}, ""y1_a1"": {""n"": 3, ""accuracy"": 0.3333333333333333}}",0.5178534787577082,3
corr,transplant,dinov2_b14_518,erm,0.0,2026,clean,0.7411764705882353,,0.7411764705882353,69,35,0,0.5942028985507246,0.5995798319327731,,"{""y0_a0"": {""n"": 34, ""accuracy"": 0.9705882352941176}, ""y0_a1"": {""n"": 0, ""accuracy"": NaN}, ""y1_a0"": {""n"": 35, ""accuracy"": 0.22857142857142856}, ""y1_a1"": {""n"": 0, ""accuracy"": NaN}}",0.5938243216968639,3
corr,transplant,dinov2_b14_518,erm,0.0,2026,test_corr,0.7823529411764706,0.453125,0.9479166666666666,69,35,34,0.6231884057971014,0.6277310924369748,0.28125,"{""y0_a0"": {""n"": 32, ""accuracy"": 0.96875}, ""y0_a1"": {""n"": 2, ""accuracy"": 0.5}, ""y1_a0"": {""n"": 3, ""accuracy"": 0.6666666666666666}, ""y1_a1"": {""n"": 32, ""accuracy"": 0.28125}}",0.5938243216968639,3
corr,transplant,dinov2_b14_518,erm,0.0,2026,test_rev,0.6605042016806723,0.6551724137931034,0.6647058823529413,69,35,30,0.5217391304347826,0.5260504201680672,0.0,"{""y0_a0"": {""n"": 5, ""accuracy"": 1.0}, ""y0_a1"": {""n"": 29, ""accuracy"": 0.7931034482758621}, ""y1_a0"": {""n"": 34, ""accuracy"": 0.23529411764705882}, ""y1_a1"": {""n"": 1, ""accuracy"": 0.0}}",0.5938243216968639,3
corr,transplant,dinov2_b14_518,mask,0.0,2026,clean,0.8176470588235295,,0.8176470588235295,69,35,0,0.7246376811594203,0.7273109243697479,,"{""y0_a0"": {""n"": 34, ""accuracy"": 0.9117647058823529}, ""y0_a1"": {""n"": 0, ""accuracy"": NaN}, ""y1_a0"": {""n"": 35, ""accuracy"": 0.5428571428571428}, ""y1_a1"": {""n"": 0, ""accuracy"": NaN}}",0.5512264780013587,3
corr,transplant,dinov2_b14_518,mask,0.0,2026,test_corr,0.8176470588235295,0.78125,0.96875,69,35,34,0.7246376811594203,0.7273109243697479,0.53125,"{""y0_a0"": {""n"": 32, ""accuracy"": 0.90625}, ""y0_a1"": {""n"": 2, ""accuracy"": 1.0}, ""y1_a0"": {""n"": 3, ""accuracy"": 0.6666666666666666}, ""y1_a1"": {""n"": 32, ""accuracy"": 0.53125}}",0.5512264780013587,3
corr,transplant,dinov2_b14_518,mask,0.0,2026,test_rev,0.8176470588235295,1.0,0.7058823529411765,69,35,30,0.7246376811594203,0.7273109243697479,0.5294117647058824,"{""y0_a0"": {""n"": 5, ""accuracy"": 0.8}, ""y0_a1"": {""n"": 29, ""accuracy"": 0.9310344827586207}, ""y1_a0"": {""n"": 34, ""accuracy"": 0.5294117647058824}, ""y1_a1"": {""n"": 1, ""accuracy"": 1.0}}",0.5512264780013587,3
corr,transplant,dinov2_b14_518,inpaint,0.0,2026,clean,0.7529411764705882,,0.7529411764705882,69,35,0,0.6086956521739131,0.6138655462184874,,"{""y0_a0"": {""n"": 34, ""accuracy"": 0.9705882352941176}, ""y0_a1"": {""n"": 0, ""accuracy"": NaN}, ""y1_a0"": {""n"": 35, ""accuracy"": 0.2571428571428571}, ""y1_a1"": {""n"": 0, ""accuracy"": NaN}}",0.6127900481561138,3
corr,transplant,dinov2_b14_518,inpaint,0.0,2026,test_corr,0.7588235294117647,0.453125,0.96875,69,35,34,0.6231884057971014,0.6277310924369748,0.28125,"{""y0_a0"": {""n"": 32, ""accuracy"": 0.96875}, ""y0_a1"": {""n"": 2, ""accuracy"": 0.5}, ""y1_a0"": {""n"": 3, ""accuracy"": 0.6666666666666666}, ""y1_a1"": {""n"": 32, ""accuracy"": 0.28125}}",0.6127900481561138,3
corr,transplant,dinov2_b14_518,inpaint,0.0,2026,test_rev,0.7428571428571429,0.6206896551724138,0.7176470588235293,69,35,30,0.5942028985507246,0.5991596638655462,0.0,"{""y0_a0"": {""n"": 5, ""accuracy"": 1.0}, ""y0_a1"": {""n"": 29, ""accuracy"": 0.9310344827586207}, ""y1_a0"": {""n"": 34, ""accuracy"": 0.2647058823529412}, ""y1_a1"": {""n"": 1, ""accuracy"": 0.0}}",0.6127900481561138,3
corr,transplant,dinov2_b14_518,balanced,0.0,2026,clean,0.7050420168067227,,0.7050420168067227,69,35,0,0.6086956521739131,0.6130252100840337,,"{""y0_a0"": {""n"": 34, ""accuracy"": 0.9117647058823529}, ""y0_a1"": {""n"": 0, ""accuracy"": NaN}, ""y1_a0"": {""n"": 35, ""accuracy"": 0.3142857142857143}, ""y1_a1"": {""n"": 0, ""accuracy"": NaN}}",0.6089635158370431,3
corr,transplant,dinov2_b14_518,balanced,0.0,2026,test_corr,0.7260504201680673,0.546875,0.9479166666666666,69,35,34,0.6231884057971014,0.6273109243697479,0.28125,"{""y0_a0"": {""n"": 32, ""accuracy"": 0.90625}, ""y0_a1"": {""n"": 2, ""accuracy"": 1.0}, ""y1_a0"": {""n"": 3, ""accuracy"": 1.0}, ""y1_a1"": {""n"": 32, ""accuracy"": 0.28125}}",0.6089635158370431,3
corr,transplant,dinov2_b14_518,balanced,0.0,2026,test_rev,0.6596638655462186,0.6551724137931034,0.6058823529411765,69,35,30,0.5652173913043478,0.5689075630252101,0.0,"{""y0_a0"": {""n"": 5, ""accuracy"": 0.6}, ""y0_a1"": {""n"": 29, ""accuracy"": 0.8620689655172413}, ""y1_a0"": {""n"": 34, ""accuracy"": 0.3235294117647059}, ""y1_a1"": {""n"": 1, ""accuracy"": 0.0}}",0.6089635158370431,3
corr,transplant,dinov2_b14_518,dfr,0.0,2026,clean,0.7445378151260504,,0.7445378151260504,69,35,0,0.6811594202898551,0.684453781512605,,"{""y0_a0"": {""n"": 34, ""accuracy"": 0.9117647058823529}, ""y0_a1"": {""n"": 0, ""accuracy"": NaN}, ""y1_a0"": {""n"": 35, ""accuracy"": 0.45714285714285713}, ""y1_a1"": {""n"": 0, ""accuracy"": NaN}}",0.522544691916218,3
corr,transplant,dinov2_b14_518,dfr,0.0,2026,test_corr,0.7294117647058823,0.71875,0.8541666666666666,69,35,34,0.6666666666666666,0.6701680672268907,0.40625,"{""y0_a0"": {""n"": 32, ""accuracy"": 0.90625}, ""y0_a1"": {""n"": 2, ""accuracy"": 1.0}, ""y1_a0"": {""n"": 3, ""accuracy"": 0.6666666666666666}, ""y1_a1"": {""n"": 32, ""accuracy"": 0.40625}}",0.522544691916218,3
corr,transplant,dinov2_b14_518,dfr,0.0,2026,test_rev,0.7756302521008402,0.6551724137931034,0.788235294117647,69,35,30,0.6956521739130435,0.6991596638655462,0.0,"{""y0_a0"": {""n"": 5, ""accuracy"": 1.0}, ""y0_a1"": {""n"": 29, ""accuracy"": 0.9310344827586207}, ""y1_a0"": {""n"": 34, ""accuracy"": 0.47058823529411764}, ""y1_a1"": {""n"": 1, ""accuracy"": 0.0}}",0.522544691916218,3
corr,transplant,dinov2_b14_518,erm,1.0,42,clean,0.7294117647058823,,0.7294117647058823,69,35,0,0.6086956521739131,0.6134453781512605,,"{""y0_a0"": {""n"": 34, ""accuracy"": 0.9411764705882353}, ""y0_a1"": {""n"": 0, ""accuracy"": NaN}, ""y1_a0"": {""n"": 35, ""accuracy"": 0.2857142857142857}, ""y1_a1"": {""n"": 0, ""accuracy"": NaN}}",0.5729829411551915,3
corr,transplant,dinov2_b14_518,erm,1.0,42,test_corr,0.7991596638655463,0.8181818181818182,0.53125,69,35,35,0.7101449275362319,0.7134453781512605,0.0,"{""y0_a0"": {""n"": 32, ""accuracy"": 0.9375}, ""y0_a1"": {""n"": 2, ""accuracy"": 1.0}, ""y1_a0"": {""n"": 2, ""accuracy"": 0.0}, ""y1_a1"": {""n"": 33, ""accuracy"": 0.5151515151515151}}",0.5729829411551915,3
corr,transplant,dinov2_b14_518,erm,1.0,42,test_rev,0.6319327731092437,0.5086206896551724,0.8580645161290323,69,35,33,0.5362318840579711,0.5399159663865546,0.0,"{""y0_a0"": {""n"": 5, ""accuracy"": 1.0}, ""y0_a1"": {""n"": 29, ""accuracy"": 0.7586206896551724}, ""y1_a0"": {""n"": 31, ""accuracy"": 0.3225806451612903}, ""y1_a1"": {""n"": 4, ""accuracy"": 0.0}}",0.5729829411551915,3
corr,transplant,dinov2_b14_518,mask,1.0,42,clean,0.7890756302521009,,0.7890756302521009,69,35,0,0.6956521739130435,0.6978991596638655,,"{""y0_a0"": {""n"": 34, ""accuracy"": 0.8529411764705882}, ""y0_a1"": {""n"": 0, ""accuracy"": NaN}, ""y1_a0"": {""n"": 35, ""accuracy"": 0.5428571428571428}, ""y1_a1"": {""n"": 0, ""accuracy"": NaN}}",0.5050672980758213,3
corr,transplant,dinov2_b14_518,mask,1.0,42,test_corr,0.8798319327731092,0.8939393939393939,0.609375,69,35,35,0.7971014492753623,0.7978991596638656,0.0,"{""y0_a0"": {""n"": 32, ""accuracy"": 0.84375}, ""y0_a1"": {""n"": 2, ""accuracy"": 1.0}, ""y1_a0"": {""n"": 2, ""accuracy"": 0.0}, ""y1_a1"": {""n"": 33, ""accuracy"": 0.7878787878787878}}",0.5050672980758213,3
corr,transplant,dinov2_b14_518,mask,1.0,42,test_rev,0.6865546218487395,0.7931034482758621,0.7741935483870968,69,35,33,0.5942028985507246,0.5949579831932773,0.5161290322580645,"{""y0_a0"": {""n"": 5, ""accuracy"": 0.8}, ""y0_a1"": {""n"": 29, ""accuracy"": 0.6206896551724138}, ""y1_a0"": {""n"": 31, ""accuracy"": 0.5161290322580645}, ""y1_a1"": {""n"": 4, ""accuracy"": 0.75}}",0.5050672980758213,3
corr,transplant,dinov2_b14_518,inpaint,1.0,42,clean,0.7521008403361344,,0.7521008403361344,69,35,0,0.6521739130434783,0.6567226890756303,,"{""y0_a0"": {""n"": 34, ""accuracy"": 0.9705882352941176}, ""y0_a1"": {""n"": 0, ""accuracy"": NaN}, ""y1_a0"": {""n"": 35, ""accuracy"": 0.34285714285714286}, ""y1_a1"": {""n"": 0, ""accuracy"": NaN}}",0.6050123764382921,3
corr,transplant,dinov2_b14_518,inpaint,1.0,42,test_corr,0.7647058823529411,0.8484848484848485,0.59375,69,35,35,0.6666666666666666,0.6710084033613446,0.0,"{""y0_a0"": {""n"": 32, ""accuracy"": 0.96875}, ""y0_a1"": {""n"": 2, ""accuracy"": 1.0}, ""y1_a0"": {""n"": 2, ""accuracy"": 0.0}, ""y1_a1"": {""n"": 33, ""accuracy"": 0.3939393939393939}}",0.6050123764382921,3
corr,transplant,dinov2_b14_518,inpaint,1.0,42,test_rev,0.7327731092436974,0.5258620689655173,0.8580645161290323,69,35,33,0.6376811594202898,0.642016806722689,0.0,"{""y0_a0"": {""n"": 5, ""accuracy"": 1.0}, ""y0_a1"": {""n"": 29, ""accuracy"": 0.9310344827586207}, ""y1_a0"": {""n"": 31, ""accuracy"": 0.3870967741935484}, ""y1_a1"": {""n"": 4, ""accuracy"": 0.0}}",0.6050123764382921,3
corr,transplant,dinov2_b14_518,balanced,1.0,42,clean,0.7394957983193278,,0.7394957983193278,69,35,0,0.6666666666666666,0.6705882352941177,,"{""y0_a0"": {""n"": 34, ""accuracy"": 0.9411764705882353}, ""y0_a1"": {""n"": 0, ""accuracy"": NaN}, ""y1_a0"": {""n"": 35, ""accuracy"": 0.4}, ""y1_a1"": {""n"": 0, ""accuracy"": NaN}}",0.5498792300054414,3
corr,transplant,dinov2_b14_518,balanced,1.0,42,test_corr,0.7722689075630252,0.8484848484848485,0.5625,69,35,35,0.6811594202898551,0.6848739495798319,0.0,"{""y0_a0"": {""n"": 32, ""accuracy"": 0.9375}, ""y0_a1"": {""n"": 2, ""accuracy"": 1.0}, ""y1_a0"": {""n"": 2, ""accuracy"": 0.0}, ""y1_a1"": {""n"": 33, ""accuracy"": 0.45454545454545453}}",0.5498792300054414,3
corr,transplant,dinov2_b14_518,balanced,1.0,42,test_rev,0.7050420168067226,0.4568965517241379,0.7935483870967743,69,35,33,0.6086956521739131,0.611764705882353,0.0,"{""y0_a0"": {""n"": 5, ""accuracy"": 0.8}, ""y0_a1"": {""n"": 29, ""accuracy"": 0.8275862068965517}, ""y1_a0"": {""n"": 31, ""accuracy"": 0.45161290322580644}, ""y1_a1"": {""n"": 4, ""accuracy"": 0.0}}",0.5498792300054414,3
corr,transplant,dinov2_b14_518,dfr,1.0,42,clean,0.7428571428571429,,0.7428571428571429,69,35,0,0.6086956521739131,0.6100840336134454,,"{""y0_a0"": {""n"": 34, ""accuracy"": 0.7058823529411765}, ""y0_a1"": {""n"": 0, ""accuracy"": NaN}, ""y1_a0"": {""n"": 35, ""accuracy"": 0.5142857142857142}, ""y1_a1"": {""n"": 0, ""accuracy"": NaN}}",0.4986362484903795,3
corr,transplant,dinov2_b14_518,dfr,1.0,42,test_corr,0.73109243697479,0.803030303030303,0.78125,69,35,35,0.6231884057971014,0.6243697478991597,0.5,"{""y0_a0"": {""n"": 32, ""accuracy"": 0.6875}, ""y0_a1"": {""n"": 2, ""accuracy"": 1.0}, ""y1_a0"": {""n"": 2, ""accuracy"": 0.5}, ""y1_a1"": {""n"": 33, ""accuracy"": 0.5454545454545454}}",0.4986362484903795,3
corr,transplant,dinov2_b14_518,dfr,1.0,42,test_rev,0.7571428571428571,0.7068965517241379,0.696774193548387,69,35,33,0.6231884057971014,0.6247899159663866,0.25,"{""y0_a0"": {""n"": 5, ""accuracy"": 0.8}, ""y0_a1"": {""n"": 29, ""accuracy"": 0.7241379310344828}, ""y1_a0"": {""n"": 31, ""accuracy"": 0.5483870967741935}, ""y1_a1"": {""n"": 4, ""accuracy"": 0.25}}",0.4986362484903795,3
corr,transplant,dinov2_b14_518,erm,1.0,123,clean,0.7243697478991598,,0.7243697478991598,69,35,0,0.6086956521739131,0.6130252100840337,,"{""y0_a0"": {""n"": 34, ""accuracy"": 0.9117647058823529}, ""y0_a1"": {""n"": 0, ""accuracy"": NaN}, ""y1_a0"": {""n"": 35, ""accuracy"": 0.3142857142857143}, ""y1_a1"": {""n"": 0, ""accuracy"": NaN}}",0.5676874699862743,3
corr,transplant,dinov2_b14_518,erm,1.0,123,test_corr,0.7941176470588236,0.8125,0.65625,69,35,34,0.7101449275362319,0.7130252100840335,0.3333333333333333,"{""y0_a0"": {""n"": 32, ""accuracy"": 0.90625}, ""y0_a1"": {""n"": 2, ""accuracy"": 1.0}, ""y1_a0"": {""n"": 3, ""accuracy"": 0.3333333333333333}, ""y1_a1"": {""n"": 32, ""accuracy"": 0.53125}}",0.5676874699862743,3
corr,transplant,dinov2_b14_518,erm,1.0,123,test_rev,0.6453781512605041,0.8951612903225807,0.7037037037037037,69,35,39,0.5942028985507246,0.5974789915966386,0.2592592592592592,"{""y0_a0"": {""n"": 3, ""accuracy"": 1.0}, ""y0_a1"": {""n"": 31, ""accuracy"": 0.8064516129032258}, ""y1_a0"": {""n"": 27, ""accuracy"": 0.25925925925925924}, ""y1_a1"": {""n"": 8, ""accuracy"": 0.75}}",0.5676874699862743,3
corr,transplant,dinov2_b14_518,mask,1.0,123,clean,0.788235294117647,,0.788235294117647,69,35,0,0.6956521739130435,0.6978991596638655,,"{""y0_a0"": {""n"": 34, ""accuracy"": 0.8529411764705882}, ""y0_a1"": {""n"": 0, ""accuracy"": NaN}, ""y1_a0"": {""n"": 35, ""accuracy"": 0.5428571428571428}, ""y1_a1"": {""n"": 0, ""accuracy"": NaN}}",0.4997292245568843,3
corr,transplant,dinov2_b14_518,mask,1.0,123,test_corr,0.8899159663865547,0.8125,0.8541666666666666,69,35,34,0.7971014492753623,0.7978991596638656,0.3333333333333333,"{""y0_a0"": {""n"": 32, ""accuracy"": 0.84375}, ""y0_a1"": {""n"": 2, ""accuracy"": 1.0}, ""y1_a0"": {""n"": 3, ""accuracy"": 0.3333333333333333}, ""y1_a1"": {""n"": 32, ""accuracy"": 0.78125}}",0.4997292245568843,3
corr,transplant,dinov2_b14_518,mask,1.0,123,test_rev,0.7,0.943548387096774,0.8024691358024691,69,35,39,0.6086956521739131,0.6088235294117648,0.4814814814814814,"{""y0_a0"": {""n"": 3, ""accuracy"": 1.0}, ""y0_a1"": {""n"": 31, ""accuracy"": 0.5806451612903226}, ""y1_a0"": {""n"": 27, ""accuracy"": 0.48148148148148145}, ""y1_a1"": {""n"": 8, ""accuracy"": 1.0}}",0.4997292245568843,3
corr,transplant,dinov2_b14_518,inpaint,1.0,123,clean,0.7529411764705882,,0.7529411764705882,69,35,0,0.6376811594202898,0.6424369747899159,,"{""y0_a0"": {""n"": 34, ""accuracy"": 0.9705882352941176}, ""y0_a1"": {""n"": 0, ""accuracy"": NaN}, ""y1_a0"": {""n"": 35, ""accuracy"": 0.3142857142857143}, ""y1_a1"": {""n"": 0, ""accuracy"": NaN}}",0.6052191992594386,3
corr,transplant,dinov2_b14_518,inpaint,1.0,123,test_corr,0.7621848739495798,0.78125,0.7083333333333333,69,35,34,0.6521739130434783,0.6567226890756303,0.3333333333333333,"{""y0_a0"": {""n"": 32, ""accuracy"": 0.96875}, ""y0_a1"": {""n"": 2, ""accuracy"": 1.0}, ""y1_a0"": {""n"": 3, ""accuracy"": 0.3333333333333333}, ""y1_a1"": {""n"": 32, ""accuracy"": 0.34375}}",0.6052191992594386,3
corr,transplant,dinov2_b14_518,inpaint,1.0,123,test_rev,0.7378151260504201,0.9193548387096774,0.7037037037037037,69,35,39,0.6376811594202898,0.642016806722689,0.2592592592592592,"{""y0_a0"": {""n"": 3, ""accuracy"": 1.0}, ""y0_a1"": {""n"": 31, ""accuracy"": 0.9354838709677419}, ""y1_a0"": {""n"": 27, ""accuracy"": 0.25925925925925924}, ""y1_a1"": {""n"": 8, ""accuracy"": 0.625}}",0.6052191992594386,3
corr,transplant,dinov2_b14_518,balanced,1.0,123,clean,0.7352941176470588,,0.7352941176470588,69,35,0,0.5942028985507246,0.5991596638655462,,"{""y0_a0"": {""n"": 34, ""accuracy"": 0.9411764705882353}, ""y0_a1"": {""n"": 0, ""accuracy"": NaN}, ""y1_a0"": {""n"": 35, ""accuracy"": 0.2571428571428571}, ""y1_a1"": {""n"": 0, ""accuracy"": NaN}}",0.6615738075482779,3
corr,transplant,dinov2_b14_518,balanced,1.0,123,test_corr,0.7638655462184873,0.84375,0.7291666666666666,69,35,34,0.5942028985507246,0.5991596638655462,0.0,"{""y0_a0"": {""n"": 32, ""accuracy"": 0.9375}, ""y0_a1"": {""n"": 2, ""accuracy"": 1.0}, ""y1_a0"": {""n"": 3, ""accuracy"": 0.0}, ""y1_a1"": {""n"": 32, ""accuracy"": 0.28125}}",0.6615738075482779,3
corr,transplant,dinov2_b14_518,balanced,1.0,123,test_rev,0.7025210084033613,0.8870967741935484,0.6419753086419753,69,35,39,0.5797101449275363,0.584873949579832,0.1851851851851851,"{""y0_a0"": {""n"": 3, ""accuracy"": 1.0}, ""y0_a1"": {""n"": 31, ""accuracy"": 0.9354838709677419}, ""y1_a0"": {""n"": 27, ""accuracy"": 0.18518518518518517}, ""y1_a1"": {""n"": 8, ""accuracy"": 0.375}}",0.6615738075482779,3
corr,transplant,dinov2_b14_518,dfr,1.0,123,clean,0.7352941176470589,,0.7352941176470589,69,35,0,0.6811594202898551,0.6852941176470588,,"{""y0_a0"": {""n"": 34, ""accuracy"": 0.9705882352941176}, ""y0_a1"": {""n"": 0, ""accuracy"": NaN}, ""y1_a0"": {""n"": 35, ""accuracy"": 0.4}, ""y1_a1"": {""n"": 0, ""accuracy"": NaN}}",0.5302326597969494,3
corr,transplant,dinov2_b14_518,dfr,1.0,123,test_corr,0.7394957983193278,0.578125,0.9479166666666666,69,35,34,0.6811594202898551,0.6852941176470588,0.375,"{""y0_a0"": {""n"": 32, ""accuracy"": 0.96875}, ""y0_a1"": {""n"": 2, ""accuracy"": 1.0}, ""y1_a0"": {""n"": 3, ""accuracy"": 0.6666666666666666}, ""y1_a1"": {""n"": 32, ""accuracy"": 0.375}}",0.5302326597969494,3
corr,transplant,dinov2_b14_518,dfr,1.0,123,test_rev,0.7436974789915966,0.8024193548387096,0.7283950617283952,69,35,39,0.6811594202898551,0.6852941176470588,0.375,"{""y0_a0"": {""n"": 3, ""accuracy"": 1.0}, ""y0_a1"": {""n"": 31, ""accuracy"": 0.967741935483871}, ""y1_a0"": {""n"": 27, ""accuracy"": 0.4074074074074074}, ""y1_a1"": {""n"": 8, ""accuracy"": 0.375}}",0.5302326597969494,3
corr,transplant,dinov2_b14_518,erm,1.0,456,clean,0.7260504201680672,,0.7260504201680672,69,35,0,0.5942028985507246,0.5995798319327731,,"{""y0_a0"": {""n"": 34, ""accuracy"": 0.9705882352941176}, ""y0_a1"": {""n"": 0, ""accuracy"": NaN}, ""y1_a0"": {""n"": 35, ""accuracy"": 0.22857142857142856}, ""y1_a1"": {""n"": 0, ""accuracy"": NaN}}",0.589236166326892,3
corr,transplant,dinov2_b14_518,erm,1.0,456,test_corr,0.788235294117647,0.8125,0.5625,69,35,34,0.6956521739130435,0.6995798319327731,0.0,"{""y0_a0"": {""n"": 32, ""accuracy"": 0.96875}, ""y0_a1"": {""n"": 2, ""accuracy"": 1.0}, ""y1_a0"": {""n"": 3, ""accuracy"": 0.0}, ""y1_a1"": {""n"": 32, ""accuracy"": 0.46875}}",0.589236166326892,3
corr,transplant,dinov2_b14_518,erm,1.0,456,test_rev,0.6168067226890757,0.5888888888888888,0.7578125,69,35,33,0.5362318840579711,0.5403361344537815,0.25,"{""y0_a0"": {""n"": 4, ""accuracy"": 1.0}, ""y0_a1"": {""n"": 30, ""accuracy"": 0.8}, ""y1_a0"": {""n"": 32, ""accuracy"": 0.25}, ""y1_a1"": {""n"": 3, ""accuracy"": 0.3333333333333333}}",0.589236166326892,3
corr,transplant,dinov2_b14_518,mask,1.0,456,clean,0.788235294117647,,0.788235294117647,69,35,0,0.6956521739130435,0.6978991596638655,,"{""y0_a0"": {""n"": 34, ""accuracy"": 0.8529411764705882}, ""y0_a1"": {""n"": 0, ""accuracy"": NaN}, ""y1_a0"": {""n"": 35, ""accuracy"": 0.5428571428571428}, ""y1_a1"": {""n"": 0, ""accuracy"": NaN}}",0.5090176210537248,3
corr,transplant,dinov2_b14_518,mask,1.0,456,test_corr,0.8756302521008403,0.859375,0.5520833333333334,69,35,34,0.8115942028985508,0.8121848739495798,0.0,"{""y0_a0"": {""n"": 32, ""accuracy"": 0.84375}, ""y0_a1"": {""n"": 2, ""accuracy"": 1.0}, ""y1_a0"": {""n"": 3, ""accuracy"": 0.0}, ""y1_a1"": {""n"": 32, ""accuracy"": 0.84375}}",0.5090176210537248,3
corr,transplant,dinov2_b14_518,mask,1.0,456,test_rev,0.6941176470588235,0.8999999999999999,0.8046875,69,35,33,0.5942028985507246,0.5945378151260504,0.53125,"{""y0_a0"": {""n"": 4, ""accuracy"": 0.75}, ""y0_a1"": {""n"": 30, ""accuracy"": 0.6}, ""y1_a0"": {""n"": 32, ""accuracy"": 0.53125}, ""y1_a1"": {""n"": 3, ""accuracy"": 1.0}}",0.5090176210537248,3
corr,transplant,dinov2_b14_518,inpaint,1.0,456,clean,0.7478991596638654,,0.7478991596638654,69,35,0,0.6231884057971014,0.6281512605042017,,"{""y0_a0"": {""n"": 34, ""accuracy"": 0.9705882352941176}, ""y0_a1"": {""n"": 0, ""accuracy"": NaN}, ""y1_a0"": {""n"": 35, ""accuracy"": 0.2857142857142857}, ""y1_a1"": {""n"": 0, ""accuracy"": NaN}}",0.6086459763410783,3
corr,transplant,dinov2_b14_518,inpaint,1.0,456,test_corr,0.7554621848739496,0.796875,0.53125,69,35,34,0.6521739130434783,0.6567226890756303,0.0,"{""y0_a0"": {""n"": 32, ""accuracy"": 0.96875}, ""y0_a1"": {""n"": 2, ""accuracy"": 1.0}, ""y1_a0"": {""n"": 3, ""accuracy"": 0.0}, ""y1_a1"": {""n"": 32, ""accuracy"": 0.375}}",0.6086459763410783,3
corr,transplant,dinov2_b14_518,inpaint,1.0,456,test_rev,0.7336134453781512,0.6555555555555556,0.8046875,69,35,33,0.6231884057971014,0.6277310924369748,0.3125,"{""y0_a0"": {""n"": 4, ""accuracy"": 1.0}, ""y0_a1"": {""n"": 30, ""accuracy"": 0.9333333333333333}, ""y1_a0"": {""n"": 32, ""accuracy"": 0.3125}, ""y1_a1"": {""n"": 3, ""accuracy"": 0.3333333333333333}}",0.6086459763410783,3
corr,transplant,dinov2_b14_518,balanced,1.0,456,clean,0.7201680672268908,,0.7201680672268908,69,35,0,0.6666666666666666,0.6693277310924369,,"{""y0_a0"": {""n"": 34, ""accuracy"": 0.8529411764705882}, ""y0_a1"": {""n"": 0, ""accuracy"": NaN}, ""y1_a0"": {""n"": 35, ""accuracy"": 0.4857142857142857}, ""y1_a1"": {""n"": 0, ""accuracy"": NaN}}",0.5549968233217694,3
corr,transplant,dinov2_b14_518,balanced,1.0,456,test_corr,0.7495798319327731,0.6875,0.6145833333333333,69,35,34,0.6811594202898551,0.6836134453781513,0.3333333333333333,"{""y0_a0"": {""n"": 32, ""accuracy"": 0.84375}, ""y0_a1"": {""n"": 2, ""accuracy"": 1.0}, ""y1_a0"": {""n"": 3, ""accuracy"": 0.3333333333333333}, ""y1_a1"": {""n"": 32, ""accuracy"": 0.53125}}",0.5549968233217694,3
corr,transplant,dinov2_b14_518,balanced,1.0,456,test_rev,0.6722689075630253,0.6333333333333333,0.78125,69,35,33,0.6666666666666666,0.6693277310924369,0.46875,"{""y0_a0"": {""n"": 4, ""accuracy"": 1.0}, ""y0_a1"": {""n"": 30, ""accuracy"": 0.8333333333333334}, ""y1_a0"": {""n"": 32, ""accuracy"": 0.46875}, ""y1_a1"": {""n"": 3, ""accuracy"": 0.6666666666666666}}",0.5549968233217694,3
corr,transplant,dinov2_b14_518,dfr,1.0,456,clean,0.7008403361344538,,0.7008403361344538,69,35,0,0.6666666666666666,0.6697478991596638,,"{""y0_a0"": {""n"": 34, ""accuracy"": 0.8823529411764706}, ""y0_a1"": {""n"": 0, ""accuracy"": NaN}, ""y1_a0"": {""n"": 35, ""accuracy"": 0.45714285714285713}, ""y1_a1"": {""n"": 0, ""accuracy"": NaN}}",0.5298677983151444,3
corr,transplant,dinov2_b14_518,dfr,1.0,456,test_corr,0.7109243697478991,0.765625,0.4166666666666666,69,35,34,0.6521739130434783,0.6554621848739496,0.0,"{""y0_a0"": {""n"": 32, ""accuracy"": 0.875}, ""y0_a1"": {""n"": 2, ""accuracy"": 1.0}, ""y1_a0"": {""n"": 3, ""accuracy"": 0.0}, ""y1_a1"": {""n"": 32, ""accuracy"": 0.46875}}",0.5298677983151444,3
corr,transplant,dinov2_b14_518,dfr,1.0,456,test_rev,0.7142857142857143,0.6666666666666666,0.7890625,69,35,33,0.6666666666666666,0.6697478991596638,0.0,"{""y0_a0"": {""n"": 4, ""accuracy"": 1.0}, ""y0_a1"": {""n"": 30, ""accuracy"": 0.8666666666666667}, ""y1_a0"": {""n"": 32, ""accuracy"": 0.5}, ""y1_a1"": {""n"": 3, ""accuracy"": 0.0}}",0.5298677983151444,3
corr,transplant,dinov2_b14_518,erm,1.0,789,clean,0.7277310924369748,,0.7277310924369748,69,35,0,0.5942028985507246,0.5991596638655462,,"{""y0_a0"": {""n"": 34, ""accuracy"": 0.9411764705882353}, ""y0_a1"": {""n"": 0, ""accuracy"": NaN}, ""y1_a0"": {""n"": 35, ""accuracy"": 0.2571428571428571}, ""y1_a1"": {""n"": 0, ""accuracy"": NaN}}",0.5775185446044191,3
corr,transplant,dinov2_b14_518,erm,1.0,789,test_corr,0.7924369747899159,0.7190476190476189,,69,35,41,0.6956521739130435,0.6987394957983193,,"{""y0_a0"": {""n"": 28, ""accuracy"": 0.9285714285714286}, ""y0_a1"": {""n"": 6, ""accuracy"": 0.8333333333333334}, ""y1_a0"": {""n"": 0, ""accuracy"": NaN}, ""y1_a1"": {""n"": 35, ""accuracy"": 0.4857142857142857}}",0.5775185446044191,3
corr,transplant,dinov2_b14_518,erm,1.0,789,test_rev,0.607563025210084,0.6565656565656566,0.96875,69,35,36,0.5217391304347826,0.5256302521008402,0.25,"{""y0_a0"": {""n"": 1, ""accuracy"": 1.0}, ""y0_a1"": {""n"": 33, ""accuracy"": 0.7878787878787878}, ""y1_a0"": {""n"": 32, ""accuracy"": 0.25}, ""y1_a1"": {""n"": 3, ""accuracy"": 0.3333333333333333}}",0.5775185446044191,3
corr,transplant,dinov2_b14_518,mask,1.0,789,clean,0.7873949579831933,,0.7873949579831933,69,35,0,0.6956521739130435,0.6978991596638655,,"{""y0_a0"": {""n"": 34, ""accuracy"": 0.8529411764705882}, ""y0_a1"": {""n"": 0, ""accuracy"": NaN}, ""y1_a0"": {""n"": 35, ""accuracy"": 0.5428571428571428}, ""y1_a1"": {""n"": 0, ""accuracy"": NaN}}",0.5083717186782143,3
corr,transplant,dinov2_b14_518,mask,1.0,789,test_corr,0.8773109243697479,0.6761904761904762,,69,35,41,0.782608695652174,0.7827731092436975,,"{""y0_a0"": {""n"": 28, ""accuracy"": 0.8928571428571429}, ""y0_a1"": {""n"": 6, ""accuracy"": 0.3333333333333333}, ""y1_a0"": {""n"": 0, ""accuracy"": NaN}, ""y1_a1"": {""n"": 35, ""accuracy"": 0.7714285714285715}}",0.5083717186782143,3
corr,transplant,dinov2_b14_518,mask,1.0,789,test_rev,0.6722689075630253,0.9696969696969696,0.625,69,35,36,0.5942028985507246,0.5945378151260504,0.53125,"{""y0_a0"": {""n"": 1, ""accuracy"": 1.0}, ""y0_a1"": {""n"": 33, ""accuracy"": 0.6060606060606061}, ""y1_a0"": {""n"": 32, ""accuracy"": 0.53125}, ""y1_a1"": {""n"": 3, ""accuracy"": 1.0}}",0.5083717186782143,3
corr,transplant,dinov2_b14_518,inpaint,1.0,789,clean,0.753781512605042,,0.753781512605042,69,35,0,0.6376811594202898,0.6424369747899159,,"{""y0_a0"": {""n"": 34, ""accuracy"": 0.9705882352941176}, ""y0_a1"": {""n"": 0, ""accuracy"": NaN}, ""y1_a0"": {""n"": 35, ""accuracy"": 0.3142857142857143}, ""y1_a1"": {""n"": 0, ""accuracy"": NaN}}",0.6052033680299846,3
corr,transplant,dinov2_b14_518,inpaint,1.0,789,test_corr,0.7571428571428571,0.7761904761904762,,69,35,41,0.6666666666666666,0.6710084033613446,,"{""y0_a0"": {""n"": 28, ""accuracy"": 0.9642857142857143}, ""y0_a1"": {""n"": 6, ""accuracy"": 1.0}, ""y1_a0"": {""n"": 0, ""accuracy"": NaN}, ""y1_a1"": {""n"": 35, ""accuracy"": 0.37142857142857144}}",0.6052033680299846,3
corr,transplant,dinov2_b14_518,inpaint,1.0,789,test_rev,0.73109243697479,0.7272727272727273,0.96875,69,35,36,0.6231884057971014,0.6277310924369748,0.3125,"{""y0_a0"": {""n"": 1, ""accuracy"": 1.0}, ""y0_a1"": {""n"": 33, ""accuracy"": 0.9393939393939394}, ""y1_a0"": {""n"": 32, ""accuracy"": 0.3125}, ""y1_a1"": {""n"": 3, ""accuracy"": 0.3333333333333333}}",0.6052033680299846,3
corr,transplant,dinov2_b14_518,balanced,1.0,789,clean,0.7865546218487395,,0.7865546218487395,69,35,0,0.7246376811594203,0.7260504201680672,,"{""y0_a0"": {""n"": 34, ""accuracy"": 0.8235294117647058}, ""y0_a1"": {""n"": 0, ""accuracy"": NaN}, ""y1_a0"": {""n"": 35, ""accuracy"": 0.6285714285714286}, ""y1_a1"": {""n"": 0, ""accuracy"": NaN}}",0.5218697413133503,3
corr,transplant,dinov2_b14_518,balanced,1.0,789,test_corr,0.7974789915966387,0.7952380952380953,,69,35,41,0.7391304347826086,0.7403361344537815,,"{""y0_a0"": {""n"": 28, ""accuracy"": 0.7857142857142857}, ""y0_a1"": {""n"": 6, ""accuracy"": 1.0}, ""y1_a0"": {""n"": 0, ""accuracy"": NaN}, ""y1_a1"": {""n"": 35, ""accuracy"": 0.6571428571428571}}",0.5218697413133503,3
corr,transplant,dinov2_b14_518,balanced,1.0,789,test_rev,0.7529411764705883,0.7878787878787878,0.9375,69,35,36,0.7246376811594203,0.7260504201680672,0.625,"{""y0_a0"": {""n"": 1, ""accuracy"": 1.0}, ""y0_a1"": {""n"": 33, ""accuracy"": 0.8181818181818182}, ""y1_a0"": {""n"": 32, ""accuracy"": 0.625}, ""y1_a1"": {""n"": 3, ""accuracy"": 0.6666666666666666}}",0.5218697413133503,3
corr,transplant,dinov2_b14_518,dfr,1.0,789,clean,0.7243697478991596,,0.7243697478991596,69,35,0,0.6811594202898551,0.6836134453781513,,"{""y0_a0"": {""n"": 34, ""accuracy"": 0.8529411764705882}, ""y0_a1"": {""n"": 0, ""accuracy"": NaN}, ""y1_a0"": {""n"": 35, ""accuracy"": 0.5142857142857142}, ""y1_a1"": {""n"": 0, ""accuracy"": NaN}}",0.5093284178828594,3
corr,transplant,dinov2_b14_518,dfr,1.0,789,test_corr,0.7201680672268908,0.8285714285714285,,69,35,41,0.6811594202898551,0.6836134453781513,,"{""y0_a0"": {""n"": 28, ""accuracy"": 0.8214285714285714}, ""y0_a1"": {""n"": 6, ""accuracy"": 1.0}, ""y1_a0"": {""n"": 0, ""accuracy"": NaN}, ""y1_a1"": {""n"": 35, ""accuracy"": 0.5142857142857142}}",0.5093284178828594,3
corr,transplant,dinov2_b14_518,dfr,1.0,789,test_rev,0.7487394957983193,0.6363636363636364,0.78125,69,35,36,0.7101449275362319,0.7130252100840335,0.3333333333333333,"{""y0_a0"": {""n"": 1, ""accuracy"": 1.0}, ""y0_a1"": {""n"": 33, ""accuracy"": 0.9090909090909091}, ""y1_a0"": {""n"": 32, ""accuracy"": 0.53125}, ""y1_a1"": {""n"": 3, ""accuracy"": 0.3333333333333333}}",0.5093284178828594,3
corr,transplant,dinov2_b14_518,erm,1.0,2026,clean,0.7252100840336135,,0.7252100840336135,69,35,0,0.5797101449275363,0.584453781512605,,"{""y0_a0"": {""n"": 34, ""accuracy"": 0.9117647058823529}, ""y0_a1"": {""n"": 0, ""accuracy"": NaN}, ""y1_a0"": {""n"": 35, ""accuracy"": 0.2571428571428571}, ""y1_a1"": {""n"": 0, ""accuracy"": NaN}}",0.5722766124099069,3
corr,transplant,dinov2_b14_518,erm,1.0,2026,test_corr,0.7941176470588235,0.4375,0.9479166666666666,69,35,34,0.6666666666666666,0.6697478991596638,0.4375,"{""y0_a0"": {""n"": 32, ""accuracy"": 0.90625}, ""y0_a1"": {""n"": 2, ""accuracy"": 0.5}, ""y1_a0"": {""n"": 3, ""accuracy"": 0.6666666666666666}, ""y1_a1"": {""n"": 32, ""accuracy"": 0.4375}}",0.5722766124099069,3
corr,transplant,dinov2_b14_518,erm,1.0,2026,test_rev,0.6092436974789917,0.6206896551724138,0.6529411764705882,69,35,30,0.5217391304347826,0.5256302521008402,0.0,"{""y0_a0"": {""n"": 5, ""accuracy"": 0.8}, ""y0_a1"": {""n"": 29, ""accuracy"": 0.7931034482758621}, ""y1_a0"": {""n"": 34, ""accuracy"": 0.2647058823529412}, ""y1_a1"": {""n"": 1, ""accuracy"": 0.0}}",0.5722766124099069,3
corr,transplant,dinov2_b14_518,mask,1.0,2026,clean,0.7890756302521008,,0.7890756302521008,69,35,0,0.7101449275362319,0.7126050420168066,,"{""y0_a0"": {""n"": 34, ""accuracy"": 0.8823529411764706}, ""y0_a1"": {""n"": 0, ""accuracy"": NaN}, ""y1_a0"": {""n"": 35, ""accuracy"": 0.5428571428571428}, ""y1_a1"": {""n"": 0, ""accuracy"": NaN}}",0.5211846531134903,3
corr,transplant,dinov2_b14_518,mask,1.0,2026,test_corr,0.8848739495798319,0.6875,0.9270833333333331,69,35,34,0.782608695652174,0.7836134453781513,0.5,"{""y0_a0"": {""n"": 32, ""accuracy"": 0.875}, ""y0_a1"": {""n"": 2, ""accuracy"": 0.5}, ""y1_a0"": {""n"": 3, ""accuracy"": 0.6666666666666666}, ""y1_a1"": {""n"": 32, ""accuracy"": 0.71875}}",0.5211846531134903,3
corr,transplant,dinov2_b14_518,mask,1.0,2026,test_rev,0.6773109243697478,1.0,0.6411764705882352,69,35,30,0.6086956521739131,0.6096638655462185,0.5294117647058824,"{""y0_a0"": {""n"": 5, ""accuracy"": 0.8}, ""y0_a1"": {""n"": 29, ""accuracy"": 0.6551724137931034}, ""y1_a0"": {""n"": 34, ""accuracy"": 0.5294117647058824}, ""y1_a1"": {""n"": 1, ""accuracy"": 1.0}}",0.5211846531134903,3
corr,transplant,dinov2_b14_518,inpaint,1.0,2026,clean,0.7529411764705881,,0.7529411764705881,69,35,0,0.6231884057971014,0.6281512605042017,,"{""y0_a0"": {""n"": 34, ""accuracy"": 0.9705882352941176}, ""y0_a1"": {""n"": 0, ""accuracy"": NaN}, ""y1_a0"": {""n"": 35, ""accuracy"": 0.2857142857142857}, ""y1_a1"": {""n"": 0, ""accuracy"": NaN}}",0.6065119290407328,3
corr,transplant,dinov2_b14_518,inpaint,1.0,2026,test_corr,0.7605042016806722,0.53125,0.9791666666666666,69,35,34,0.6521739130434783,0.6563025210084034,0.34375,"{""y0_a0"": {""n"": 32, ""accuracy"": 0.96875}, ""y0_a1"": {""n"": 2, ""accuracy"": 0.5}, ""y1_a0"": {""n"": 3, ""accuracy"": 0.6666666666666666}, ""y1_a1"": {""n"": 32, ""accuracy"": 0.34375}}",0.6065119290407328,3
corr,transplant,dinov2_b14_518,inpaint,1.0,2026,test_rev,0.7336134453781513,0.6206896551724138,0.7117647058823529,69,35,30,0.6086956521739131,0.6134453781512605,0.0,"{""y0_a0"": {""n"": 5, ""accuracy"": 1.0}, ""y0_a1"": {""n"": 29, ""accuracy"": 0.9310344827586207}, ""y1_a0"": {""n"": 34, ""accuracy"": 0.29411764705882354}, ""y1_a1"": {""n"": 1, ""accuracy"": 0.0}}",0.6065119290407328,3
corr,transplant,dinov2_b14_518,balanced,1.0,2026,clean,0.7000000000000001,,0.7000000000000001,69,35,0,0.6086956521739131,0.6130252100840337,,"{""y0_a0"": {""n"": 34, ""accuracy"": 0.9117647058823529}, ""y0_a1"": {""n"": 0, ""accuracy"": NaN}, ""y1_a0"": {""n"": 35, ""accuracy"": 0.3142857142857143}, ""y1_a1"": {""n"": 0, ""accuracy"": NaN}}",0.5823739640057107,3
corr,transplant,dinov2_b14_518,balanced,1.0,2026,test_corr,0.7285714285714285,0.515625,0.9375,69,35,34,0.6231884057971014,0.626890756302521,0.3125,"{""y0_a0"": {""n"": 32, ""accuracy"": 0.90625}, ""y0_a1"": {""n"": 2, ""accuracy"": 0.5}, ""y1_a0"": {""n"": 3, ""accuracy"": 1.0}, ""y1_a1"": {""n"": 32, ""accuracy"": 0.3125}}",0.5823739640057107,3
corr,transplant,dinov2_b14_518,balanced,1.0,2026,test_rev,0.6218487394957983,0.5862068965517242,0.5823529411764705,69,35,30,0.5362318840579711,0.5394957983193277,0.0,"{""y0_a0"": {""n"": 5, ""accuracy"": 0.6}, ""y0_a1"": {""n"": 29, ""accuracy"": 0.7931034482758621}, ""y1_a0"": {""n"": 34, ""accuracy"": 0.3235294117647059}, ""y1_a1"": {""n"": 1, ""accuracy"": 0.0}}",0.5823739640057107,3
corr,transplant,dinov2_b14_518,dfr,1.0,2026,clean,0.726890756302521,,0.726890756302521,69,35,0,0.6666666666666666,0.6701680672268907,,"{""y0_a0"": {""n"": 34, ""accuracy"": 0.9117647058823529}, ""y0_a1"": {""n"": 0, ""accuracy"": NaN}, ""y1_a0"": {""n"": 35, ""accuracy"": 0.42857142857142855}, ""y1_a1"": {""n"": 0, ""accuracy"": NaN}}",0.521168918897384,3
corr,transplant,dinov2_b14_518,dfr,1.0,2026,test_corr,0.7294117647058824,0.78125,0.84375,69,35,34,0.6811594202898551,0.684453781512605,0.4375,"{""y0_a0"": {""n"": 32, ""accuracy"": 0.90625}, ""y0_a1"": {""n"": 2, ""accuracy"": 1.0}, ""y1_a0"": {""n"": 3, ""accuracy"": 0.6666666666666666}, ""y1_a1"": {""n"": 32, ""accuracy"": 0.4375}}",0.521168918897384,3
corr,transplant,dinov2_b14_518,dfr,1.0,2026,test_rev,0.7327731092436974,0.3793103448275862,0.7588235294117647,69,35,30,0.6666666666666666,0.6701680672268907,0.0,"{""y0_a0"": {""n"": 5, ""accuracy"": 1.0}, ""y0_a1"": {""n"": 29, ""accuracy"": 0.896551724137931}, ""y1_a0"": {""n"": 34, ""accuracy"": 0.4411764705882353}, ""y1_a1"": {""n"": 1, ""accuracy"": 0.0}}",0.521168918897384,3
corr,transplant,dinov2_b14_518,erm,0.0,42,clean,0.6773109243697479,,0.6773109243697479,69,35,0,0.6086956521739131,0.6075630252100841,,"{""y0_a0"": {""n"": 34, ""accuracy"": 0.5294117647058824}, ""y0_a1"": {""n"": 0, ""accuracy"": NaN}, ""y1_a0"": {""n"": 35, ""accuracy"": 0.6857142857142857}, ""y1_a1"": {""n"": 0, ""accuracy"": NaN}}",0.4999362806329024,4
corr,transplant,dinov2_b14_518,erm,0.0,42,test_corr,0.6949579831932773,0.6774193548387096,0.5984848484848485,69,35,32,0.6376811594202898,0.6361344537815126,0.0,"{""y0_a0"": {""n"": 33, ""accuracy"": 0.5454545454545454}, ""y0_a1"": {""n"": 1, ""accuracy"": 0.0}, ""y1_a0"": {""n"": 4, ""accuracy"": 0.5}, ""y1_a1"": {""n"": 31, ""accuracy"": 0.7741935483870968}}",0.4999362806329024,4
corr,transplant,dinov2_b14_518,erm,0.0,42,test_rev,0.6092436974789917,0.7333333333333334,0.796875,69,35,33,0.5507246376811594,0.5487394957983194,0.3666666666666666,"{""y0_a0"": {""n"": 4, ""accuracy"": 0.75}, ""y0_a1"": {""n"": 30, ""accuracy"": 0.36666666666666664}, ""y1_a0"": {""n"": 32, ""accuracy"": 0.65625}, ""y1_a1"": {""n"": 3, ""accuracy"": 1.0}}",0.4999362806329024,4
corr,transplant,dinov2_b14_518,mask,0.0,42,clean,0.8168067226890756,,0.8168067226890756,69,35,0,0.7246376811594203,0.7231092436974791,,"{""y0_a0"": {""n"": 34, ""accuracy"": 0.6176470588235294}, ""y0_a1"": {""n"": 0, ""accuracy"": NaN}, ""y1_a0"": {""n"": 35, ""accuracy"": 0.8285714285714286}, ""y1_a1"": {""n"": 0, ""accuracy"": NaN}}",0.4154714539524105,4
corr,transplant,dinov2_b14_518,mask,0.0,42,test_corr,0.8168067226890756,0.9032258064516128,0.7727272727272727,69,35,32,0.7246376811594203,0.7231092436974791,0.6060606060606061,"{""y0_a0"": {""n"": 33, ""accuracy"": 0.6060606060606061}, ""y0_a1"": {""n"": 1, ""accuracy"": 1.0}, ""y1_a0"": {""n"": 4, ""accuracy"": 0.75}, ""y1_a1"": {""n"": 31, ""accuracy"": 0.8387096774193549}}",0.4154714539524105,4
corr,transplant,dinov2_b14_518,mask,0.0,42,test_rev,0.8168067226890756,0.888888888888889,0.890625,69,35,33,0.7246376811594203,0.7231092436974791,0.6,"{""y0_a0"": {""n"": 4, ""accuracy"": 0.75}, ""y0_a1"": {""n"": 30, ""accuracy"": 0.6}, ""y1_a0"": {""n"": 32, ""accuracy"": 0.8125}, ""y1_a1"": {""n"": 3, ""accuracy"": 1.0}}",0.4154714539524105,4
corr,transplant,dinov2_b14_518,inpaint,0.0,42,clean,0.6714285714285715,,0.6714285714285715,69,35,0,0.5797101449275363,0.576890756302521,,"{""y0_a0"": {""n"": 34, ""accuracy"": 0.38235294117647056}, ""y0_a1"": {""n"": 0, ""accuracy"": NaN}, ""y1_a0"": {""n"": 35, ""accuracy"": 0.7714285714285715}, ""y1_a1"": {""n"": 0, ""accuracy"": NaN}}",0.4998067524377086,4
corr,transplant,dinov2_b14_518,inpaint,0.0,42,test_corr,0.6756302521008403,0.7096774193548387,0.5833333333333334,69,35,32,0.5652173913043478,0.5626050420168067,0.0,"{""y0_a0"": {""n"": 33, ""accuracy"": 0.3939393939393939}, ""y0_a1"": {""n"": 1, ""accuracy"": 0.0}, ""y1_a0"": {""n"": 4, ""accuracy"": 0.5}, ""y1_a1"": {""n"": 31, ""accuracy"": 0.7741935483870968}}",0.4998067524377086,4
corr,transplant,dinov2_b14_518,inpaint,0.0,42,test_rev,0.6495798319327731,0.7555555555555555,0.78125,69,35,33,0.5652173913043478,0.5621848739495798,0.3,"{""y0_a0"": {""n"": 4, ""accuracy"": 0.75}, ""y0_a1"": {""n"": 30, ""accuracy"": 0.3}, ""y1_a0"": {""n"": 32, ""accuracy"": 0.75}, ""y1_a1"": {""n"": 3, ""accuracy"": 1.0}}",0.4998067524377086,4
corr,transplant,dinov2_b14_518,balanced,0.0,42,clean,0.6764705882352942,,0.6764705882352942,69,35,0,0.6231884057971014,0.6222689075630252,,"{""y0_a0"": {""n"": 34, ""accuracy"": 0.5588235294117647}, ""y0_a1"": {""n"": 0, ""accuracy"": NaN}, ""y1_a0"": {""n"": 35, ""accuracy"": 0.6857142857142857}, ""y1_a1"": {""n"": 0, ""accuracy"": NaN}}",0.4985613148949152,4
corr,transplant,dinov2_b14_518,balanced,0.0,42,test_corr,0.6815126050420167,0.6774193548387096,0.606060606060606,69,35,32,0.6231884057971014,0.6222689075630252,0.0,"{""y0_a0"": {""n"": 33, ""accuracy"": 0.5757575757575758}, ""y0_a1"": {""n"": 1, ""accuracy"": 0.0}, ""y1_a0"": {""n"": 4, ""accuracy"": 0.5}, ""y1_a1"": {""n"": 31, ""accuracy"": 0.7096774193548387}}",0.4985613148949152,4
corr,transplant,dinov2_b14_518,balanced,0.0,42,test_rev,0.6563025210084033,0.7333333333333333,0.796875,69,35,33,0.6086956521739131,0.6075630252100841,0.5,"{""y0_a0"": {""n"": 4, ""accuracy"": 0.75}, ""y0_a1"": {""n"": 30, ""accuracy"": 0.5}, ""y1_a0"": {""n"": 32, ""accuracy"": 0.65625}, ""y1_a1"": {""n"": 3, ""accuracy"": 1.0}}",0.4985613148949152,4
corr,transplant,dinov2_b14_518,dfr,0.0,42,clean,0.6621848739495798,,0.6621848739495798,69,35,0,0.6231884057971014,0.6222689075630252,,"{""y0_a0"": {""n"": 34, ""accuracy"": 0.5588235294117647}, ""y0_a1"": {""n"": 0, ""accuracy"": NaN}, ""y1_a0"": {""n"": 35, ""accuracy"": 0.6857142857142857}, ""y1_a1"": {""n"": 0, ""accuracy"": NaN}}",0.5189796561446474,4
corr,transplant,dinov2_b14_518,dfr,0.0,42,test_corr,0.6571428571428573,0.5806451612903226,0.6515151515151516,69,35,32,0.6231884057971014,0.6222689075630252,0.0,"{""y0_a0"": {""n"": 33, ""accuracy"": 0.5757575757575758}, ""y0_a1"": {""n"": 1, ""accuracy"": 0.0}, ""y1_a0"": {""n"": 4, ""accuracy"": 0.75}, ""y1_a1"": {""n"": 31, ""accuracy"": 0.6774193548387096}}",0.5189796561446474,4
corr,transplant,dinov2_b14_518,dfr,0.0,42,test_rev,0.6378151260504201,0.7333333333333334,0.7265625,69,35,33,0.6086956521739131,0.6075630252100841,0.5,"{""y0_a0"": {""n"": 4, ""accuracy"": 0.75}, ""y0_a1"": {""n"": 30, ""accuracy"": 0.5}, ""y1_a0"": {""n"": 32, ""accuracy"": 0.65625}, ""y1_a1"": {""n"": 3, ""accuracy"": 1.0}}",0.5189796561446474,4
corr,transplant,dinov2_b14_518,erm,0.0,123,clean,0.676470588235294,,0.676470588235294,69,35,0,0.6086956521739131,0.6075630252100841,,"{""y0_a0"": {""n"": 34, ""accuracy"": 0.5294117647058824}, ""y0_a1"": {""n"": 0, ""accuracy"": NaN}, ""y1_a0"": {""n"": 35, ""accuracy"": 0.6857142857142857}, ""y1_a1"": {""n"": 0, ""accuracy"": NaN}}",0.4999447039600798,4
corr,transplant,dinov2_b14_518,erm,0.0,123,test_corr,0.6882352941176471,0.4571428571428571,,69,35,37,0.6376811594202898,0.6361344537815126,,"{""y0_a0"": {""n"": 32, ""accuracy"": 0.5625}, ""y0_a1"": {""n"": 2, ""accuracy"": 0.0}, ""y1_a0"": {""n"": 0, ""accuracy"": NaN}, ""y1_a1"": {""n"": 35, ""accuracy"": 0.7428571428571429}}",0.4999447039600798,4
corr,transplant,dinov2_b14_518,erm,0.0,123,test_rev,0.6100840336134454,0.8083333333333333,0.620967741935484,69,35,34,0.5652173913043478,0.5634453781512605,0.4333333333333333,"{""y0_a0"": {""n"": 4, ""accuracy"": 0.5}, ""y0_a1"": {""n"": 30, ""accuracy"": 0.43333333333333335}, ""y1_a0"": {""n"": 31, ""accuracy"": 0.6774193548387096}, ""y1_a1"": {""n"": 4, ""accuracy"": 0.75}}",0.4999447039600798,4
corr,transplant,dinov2_b14_518,mask,0.0,123,clean,0.8168067226890756,,0.8168067226890756,69,35,0,0.7246376811594203,0.7231092436974791,,"{""y0_a0"": {""n"": 34, ""accuracy"": 0.6176470588235294}, ""y0_a1"": {""n"": 0, ""accuracy"": NaN}, ""y1_a0"": {""n"": 35, ""accuracy"": 0.8285714285714286}, ""y1_a1"": {""n"": 0, ""accuracy"": NaN}}",0.4154505886766012,4
corr,transplant,dinov2_b14_518,mask,0.0,123,test_corr,0.8168067226890756,0.8999999999999999,,69,35,37,0.7246376811594203,0.7231092436974791,,"{""y0_a0"": {""n"": 32, ""accuracy"": 0.59375}, ""y0_a1"": {""n"": 2, ""accuracy"": 1.0}, ""y1_a0"": {""n"": 0, ""accuracy"": NaN}, ""y1_a1"": {""n"": 35, ""accuracy"": 0.8285714285714286}}",0.4154505886766012,4
corr,transplant,dinov2_b14_518,mask,0.0,123,test_rev,0.8168067226890756,0.9166666666666669,0.935483870967742,69,35,34,0.7246376811594203,0.7231092436974791,0.5666666666666667,"{""y0_a0"": {""n"": 4, ""accuracy"": 1.0}, ""y0_a1"": {""n"": 30, ""accuracy"": 0.5666666666666667}, ""y1_a0"": {""n"": 31, ""accuracy"": 0.8064516129032258}, ""y1_a1"": {""n"": 4, ""accuracy"": 1.0}}",0.4154505886766012,4
corr,transplant,dinov2_b14_518,inpaint,0.0,123,clean,0.6739495798319328,,0.6739495798319328,69,35,0,0.5652173913043478,0.5621848739495798,,"{""y0_a0"": {""n"": 34, ""accuracy"": 0.35294117647058826}, ""y0_a1"": {""n"": 0, ""accuracy"": NaN}, ""y1_a0"": {""n"": 35, ""accuracy"": 0.7714285714285715}, ""y1_a1"": {""n"": 0, ""accuracy"": NaN}}",0.4998040700284644,4
corr,transplant,dinov2_b14_518,inpaint,0.0,123,test_corr,0.6798319327731093,0.6142857142857143,,69,35,37,0.5652173913043478,0.5621848739495798,,"{""y0_a0"": {""n"": 32, ""accuracy"": 0.375}, ""y0_a1"": {""n"": 2, ""accuracy"": 0.0}, ""y1_a0"": {""n"": 0, ""accuracy"": NaN}, ""y1_a1"": {""n"": 35, ""accuracy"": 0.7714285714285715}}",0.4998040700284644,4
corr,transplant,dinov2_b14_518,inpaint,0.0,123,test_rev,0.653781512605042,0.8166666666666667,0.6451612903225806,69,35,34,0.5507246376811594,0.5474789915966387,0.0,"{""y0_a0"": {""n"": 4, ""accuracy"": 0.0}, ""y0_a1"": {""n"": 30, ""accuracy"": 0.36666666666666664}, ""y1_a0"": {""n"": 31, ""accuracy"": 0.7741935483870968}, ""y1_a1"": {""n"": 4, ""accuracy"": 0.75}}",0.4998040700284644,4
corr,transplant,dinov2_b14_518,balanced,0.0,123,clean,0.7142857142857142,,0.7142857142857142,69,35,0,0.5942028985507246,0.596218487394958,,"{""y0_a0"": {""n"": 34, ""accuracy"": 0.7352941176470589}, ""y0_a1"": {""n"": 0, ""accuracy"": NaN}, ""y1_a0"": {""n"": 35, ""accuracy"": 0.45714285714285713}, ""y1_a1"": {""n"": 0, ""accuracy"": NaN}}",0.5296281639514269,4
corr,transplant,dinov2_b14_518,balanced,0.0,123,test_corr,0.7067226890756303,0.5142857142857142,,69,35,37,0.6231884057971014,0.6243697478991597,,"{""y0_a0"": {""n"": 32, ""accuracy"": 0.71875}, ""y0_a1"": {""n"": 2, ""accuracy"": 0.5}, ""y1_a0"": {""n"": 0, ""accuracy"": NaN}, ""y1_a1"": {""n"": 35, ""accuracy"": 0.5428571428571428}}",0.5296281639514269,4
corr,transplant,dinov2_b14_518,balanced,0.0,123,test_rev,0.6915966386554622,0.8583333333333334,0.6935483870967741,69,35,34,0.5797101449275363,0.5815126050420169,0.4193548387096774,"{""y0_a0"": {""n"": 4, ""accuracy"": 0.75}, ""y0_a1"": {""n"": 30, ""accuracy"": 0.7}, ""y1_a0"": {""n"": 31, ""accuracy"": 0.41935483870967744}, ""y1_a1"": {""n"": 4, ""accuracy"": 0.75}}",0.5296281639514269,4
corr,transplant,dinov2_b14_518,dfr,0.0,123,clean,0.6394957983193278,,0.6394957983193278,69,35,0,0.6231884057971014,0.6222689075630252,,"{""y0_a0"": {""n"": 34, ""accuracy"": 0.5588235294117647}, ""y0_a1"": {""n"": 0, ""accuracy"": NaN}, ""y1_a0"": {""n"": 35, ""accuracy"": 0.6857142857142857}, ""y1_a1"": {""n"": 0, ""accuracy"": NaN}}",0.4797490970517712,4
corr,transplant,dinov2_b14_518,dfr,0.0,123,test_corr,0.6428571428571429,0.3,,69,35,37,0.6086956521739131,0.607983193277311,,"{""y0_a0"": {""n"": 32, ""accuracy"": 0.59375}, ""y0_a1"": {""n"": 2, ""accuracy"": 0.0}, ""y1_a0"": {""n"": 0, ""accuracy"": NaN}, ""y1_a1"": {""n"": 35, ""accuracy"": 0.6571428571428571}}",0.4797490970517712,4
corr,transplant,dinov2_b14_518,dfr,0.0,123,test_rev,0.6159663865546219,0.875,0.4354838709677419,69,35,34,0.6231884057971014,0.6222689075630252,0.5,"{""y0_a0"": {""n"": 4, ""accuracy"": 0.5}, ""y0_a1"": {""n"": 30, ""accuracy"": 0.5666666666666667}, ""y1_a0"": {""n"": 31, ""accuracy"": 0.6451612903225806}, ""y1_a1"": {""n"": 4, ""accuracy"": 1.0}}",0.4797490970517712,4
corr,transplant,dinov2_b14_518,erm,0.0,456,clean,0.6773109243697478,,0.6773109243697478,69,35,0,0.6086956521739131,0.6075630252100841,,"{""y0_a0"": {""n"": 34, ""accuracy"": 0.5294117647058824}, ""y0_a1"": {""n"": 0, ""accuracy"": NaN}, ""y1_a0"": {""n"": 35, ""accuracy"": 0.6857142857142857}, ""y1_a1"": {""n"": 0, ""accuracy"": NaN}}",0.4999392084200986,4
corr,transplant,dinov2_b14_518,erm,0.0,456,test_corr,0.6882352941176471,0.7,0.8275862068965517,69,35,39,0.6376811594202898,0.6361344537815126,0.5172413793103449,"{""y0_a0"": {""n"": 29, ""accuracy"": 0.5172413793103449}, ""y0_a1"": {""n"": 5, ""accuracy"": 0.6}, ""y1_a0"": {""n"": 1, ""accuracy"": 1.0}, ""y1_a1"": {""n"": 34, ""accuracy"": 0.7352941176470589}}",0.4999392084200986,4
corr,transplant,dinov2_b14_518,erm,0.0,456,test_rev,0.6050420168067226,0.4193548387096774,0.625,69,35,34,0.5507246376811594,0.5487394957983194,0.3333333333333333,"{""y0_a0"": {""n"": 3, ""accuracy"": 0.3333333333333333}, ""y0_a1"": {""n"": 31, ""accuracy"": 0.41935483870967744}, ""y1_a0"": {""n"": 32, ""accuracy"": 0.6875}, ""y1_a1"": {""n"": 3, ""accuracy"": 0.6666666666666666}}",0.4999392084200986,4
corr,transplant,dinov2_b14_518,mask,0.0,456,clean,0.8168067226890756,,0.8168067226890756,69,35,0,0.7246376811594203,0.7231092436974791,,"{""y0_a0"": {""n"": 34, ""accuracy"": 0.6176470588235294}, ""y0_a1"": {""n"": 0, ""accuracy"": NaN}, ""y1_a0"": {""n"": 35, ""accuracy"": 0.8285714285714286}, ""y1_a1"": {""n"": 0, ""accuracy"": NaN}}",0.415447174366882,4
corr,transplant,dinov2_b14_518,mask,0.0,456,test_corr,0.8168067226890756,0.9176470588235294,0.8275862068965517,69,35,39,0.7246376811594203,0.7231092436974791,0.5862068965517241,"{""y0_a0"": {""n"": 29, ""accuracy"": 0.5862068965517241}, ""y0_a1"": {""n"": 5, ""accuracy"": 0.8}, ""y1_a0"": {""n"": 1, ""accuracy"": 1.0}, ""y1_a1"": {""n"": 34, ""accuracy"": 0.8235294117647058}}",0.415447174366882,4
corr,transplant,dinov2_b14_518,mask,0.0,456,test_rev,0.8168067226890756,0.5806451612903225,0.9791666666666666,69,35,34,0.7246376811594203,0.7231092436974791,0.5806451612903226,"{""y0_a0"": {""n"": 3, ""accuracy"": 1.0}, ""y0_a1"": {""n"": 31, ""accuracy"": 0.5806451612903226}, ""y1_a0"": {""n"": 32, ""accuracy"": 0.84375}, ""y1_a1"": {""n"": 3, ""accuracy"": 0.6666666666666666}}",0.415447174366882,4
corr,transplant,dinov2_b14_518,inpaint,0.0,456,clean,0.6773109243697478,,0.6773109243697478,69,35,0,0.6231884057971014,0.6218487394957983,,"{""y0_a0"": {""n"": 34, ""accuracy"": 0.5294117647058824}, ""y0_a1"": {""n"": 0, ""accuracy"": NaN}, ""y1_a0"": {""n"": 35, ""accuracy"": 0.7142857142857143}, ""y1_a1"": {""n"": 0, ""accuracy"": NaN}}",0.4996746793058366,4
corr,transplant,dinov2_b14_518,inpaint,0.0,456,test_corr,0.6756302521008404,0.7294117647058824,0.8275862068965517,69,35,39,0.6231884057971014,0.6218487394957983,0.5172413793103449,"{""y0_a0"": {""n"": 29, ""accuracy"": 0.5172413793103449}, ""y0_a1"": {""n"": 5, ""accuracy"": 0.6}, ""y1_a0"": {""n"": 1, ""accuracy"": 1.0}, ""y1_a1"": {""n"": 34, ""accuracy"": 0.7058823529411765}}",0.4996746793058366,4
corr,transplant,dinov2_b14_518,inpaint,0.0,456,test_rev,0.6554621848739496,0.5161290322580645,0.6041666666666667,69,35,34,0.5652173913043478,0.5630252100840336,0.3333333333333333,"{""y0_a0"": {""n"": 3, ""accuracy"": 0.3333333333333333}, ""y0_a1"": {""n"": 31, ""accuracy"": 0.41935483870967744}, ""y1_a0"": {""n"": 32, ""accuracy"": 0.71875}, ""y1_a1"": {""n"": 3, ""accuracy"": 0.6666666666666666}}",0.4996746793058366,4
corr,transplant,dinov2_b14_518,balanced,0.0,456,clean,0.6529411764705882,,0.6529411764705882,69,35,0,0.5797101449275363,0.5789915966386554,,"{""y0_a0"": {""n"": 34, ""accuracy"": 0.5294117647058824}, ""y0_a1"": {""n"": 0, ""accuracy"": NaN}, ""y1_a0"": {""n"": 35, ""accuracy"": 0.6285714285714286}, ""y1_a1"": {""n"": 0, ""accuracy"": NaN}}",0.4999803247138978,4
corr,transplant,dinov2_b14_518,balanced,0.0,456,test_corr,0.6453781512605042,0.6764705882352942,0.7931034482758621,69,35,39,0.5942028985507246,0.5932773109243697,0.5172413793103449,"{""y0_a0"": {""n"": 29, ""accuracy"": 0.5172413793103449}, ""y0_a1"": {""n"": 5, ""accuracy"": 0.6}, ""y1_a0"": {""n"": 1, ""accuracy"": 1.0}, ""y1_a1"": {""n"": 34, ""accuracy"": 0.6470588235294118}}",0.4999803247138978,4
corr,transplant,dinov2_b14_518,balanced,0.0,456,test_rev,0.6361344537815127,0.4731182795698924,0.6145833333333334,69,35,34,0.5507246376811594,0.5495798319327732,0.3333333333333333,"{""y0_a0"": {""n"": 3, ""accuracy"": 0.3333333333333333}, ""y0_a1"": {""n"": 31, ""accuracy"": 0.4838709677419355}, ""y1_a0"": {""n"": 32, ""accuracy"": 0.65625}, ""y1_a1"": {""n"": 3, ""accuracy"": 0.3333333333333333}}",0.4999803247138978,4
corr,transplant,dinov2_b14_518,dfr,0.0,456,clean,0.6747899159663865,,0.6747899159663865,69,35,0,0.6086956521739131,0.6067226890756303,,"{""y0_a0"": {""n"": 34, ""accuracy"": 0.47058823529411764}, ""y0_a1"": {""n"": 0, ""accuracy"": NaN}, ""y1_a0"": {""n"": 35, ""accuracy"": 0.7428571428571429}, ""y1_a1"": {""n"": 0, ""accuracy"": NaN}}",0.4763447347142652,4
corr,transplant,dinov2_b14_518,dfr,0.0,456,test_corr,0.6722689075630252,0.7058823529411764,0.8275862068965517,69,35,39,0.6086956521739131,0.6067226890756303,0.4482758620689655,"{""y0_a0"": {""n"": 29, ""accuracy"": 0.4482758620689655}, ""y0_a1"": {""n"": 5, ""accuracy"": 0.6}, ""y1_a0"": {""n"": 1, ""accuracy"": 1.0}, ""y1_a1"": {""n"": 34, ""accuracy"": 0.7352941176470589}}",0.4763447347142652,4
corr,transplant,dinov2_b14_518,dfr,0.0,456,test_rev,0.6529411764705882,0.4301075268817204,0.53125,69,35,34,0.6086956521739131,0.6067226890756303,0.3333333333333333,"{""y0_a0"": {""n"": 3, ""accuracy"": 0.3333333333333333}, ""y0_a1"": {""n"": 31, ""accuracy"": 0.4838709677419355}, ""y1_a0"": {""n"": 32, ""accuracy"": 0.75}, ""y1_a1"": {""n"": 3, ""accuracy"": 0.6666666666666666}}",0.4763447347142652,4
corr,transplant,dinov2_b14_518,erm,0.0,789,clean,0.6773109243697479,,0.6773109243697479,69,35,0,0.6086956521739131,0.6075630252100841,,"{""y0_a0"": {""n"": 34, ""accuracy"": 0.5294117647058824}, ""y0_a1"": {""n"": 0, ""accuracy"": NaN}, ""y1_a0"": {""n"": 35, ""accuracy"": 0.6857142857142857}, ""y1_a1"": {""n"": 0, ""accuracy"": NaN}}",0.4999431466425535,4
corr,transplant,dinov2_b14_518,erm,0.0,789,test_corr,0.7033613445378152,,0.7470588235294117,69,35,30,0.6376811594202898,0.6361344537815126,,"{""y0_a0"": {""n"": 34, ""accuracy"": 0.5294117647058824}, ""y0_a1"": {""n"": 0, ""accuracy"": NaN}, ""y1_a0"": {""n"": 5, ""accuracy"": 0.8}, ""y1_a1"": {""n"": 30, ""accuracy"": 0.7333333333333333}}",0.4999431466425535,4
corr,transplant,dinov2_b14_518,erm,0.0,789,test_rev,0.6159663865546219,0.8733333333333334,0.625,69,35,35,0.5507246376811594,0.5487394957983194,0.4,"{""y0_a0"": {""n"": 4, ""accuracy"": 0.5}, ""y0_a1"": {""n"": 30, ""accuracy"": 0.4}, ""y1_a0"": {""n"": 30, ""accuracy"": 0.6333333333333333}, ""y1_a1"": {""n"": 5, ""accuracy"": 1.0}}",0.4999431466425535,4
corr,transplant,dinov2_b14_518,mask,0.0,789,clean,0.8168067226890756,,0.8168067226890756,69,35,0,0.7246376811594203,0.7231092436974791,,"{""y0_a0"": {""n"": 34, ""accuracy"": 0.6176470588235294}, ""y0_a1"": {""n"": 0, ""accuracy"": NaN}, ""y1_a0"": {""n"": 35, ""accuracy"": 0.8285714285714286}, ""y1_a1"": {""n"": 0, ""accuracy"": NaN}}",0.4154484667745242,4
corr,transplant,dinov2_b14_518,mask,0.0,789,test_corr,0.8168067226890756,,0.8117647058823529,69,35,30,0.7246376811594203,0.7231092436974791,,"{""y0_a0"": {""n"": 34, ""accuracy"": 0.6176470588235294}, ""y0_a1"": {""n"": 0, ""accuracy"": NaN}, ""y1_a0"": {""n"": 5, ""accuracy"": 0.8}, ""y1_a1"": {""n"": 30, ""accuracy"": 0.8333333333333334}}",0.4154484667745242,4
corr,transplant,dinov2_b14_518,mask,0.0,789,test_rev,0.8168067226890756,0.8666666666666666,0.65,69,35,35,0.7246376811594203,0.7231092436974791,0.25,"{""y0_a0"": {""n"": 4, ""accuracy"": 0.25}, ""y0_a1"": {""n"": 30, ""accuracy"": 0.6666666666666666}, ""y1_a0"": {""n"": 30, ""accuracy"": 0.8333333333333334}, ""y1_a1"": {""n"": 5, ""accuracy"": 0.8}}",0.4154484667745242,4
corr,transplant,dinov2_b14_518,inpaint,0.0,789,clean,0.6756302521008403,,0.6756302521008403,69,35,0,0.6231884057971014,0.6222689075630252,,"{""y0_a0"": {""n"": 34, ""accuracy"": 0.5588235294117647}, ""y0_a1"": {""n"": 0, ""accuracy"": NaN}, ""y1_a0"": {""n"": 35, ""accuracy"": 0.6857142857142857}, ""y1_a1"": {""n"": 0, ""accuracy"": NaN}}",0.4998488488153827,4
corr,transplant,dinov2_b14_518,inpaint,0.0,789,test_corr,0.6798319327731093,,0.7588235294117647,69,35,30,0.6376811594202898,0.6365546218487395,,"{""y0_a0"": {""n"": 34, ""accuracy"": 0.5588235294117647}, ""y0_a1"": {""n"": 0, ""accuracy"": NaN}, ""y1_a0"": {""n"": 5, ""accuracy"": 0.8}, ""y1_a1"": {""n"": 30, ""accuracy"": 0.7}}",0.4998488488153827,4
corr,transplant,dinov2_b14_518,inpaint,0.0,789,test_rev,0.661344537815126,0.8800000000000001,0.6,69,35,35,0.5797101449275363,0.5777310924369747,0.4333333333333333,"{""y0_a0"": {""n"": 4, ""accuracy"": 0.5}, ""y0_a1"": {""n"": 30, ""accuracy"": 0.43333333333333335}, ""y1_a0"": {""n"": 30, ""accuracy"": 0.6666666666666666}, ""y1_a1"": {""n"": 5, ""accuracy"": 1.0}}",0.4998488488153827,4
corr,transplant,dinov2_b14_518,balanced,0.0,789,clean,0.7084033613445379,,0.7084033613445379,69,35,0,0.6811594202898551,0.6823529411764706,,"{""y0_a0"": {""n"": 34, ""accuracy"": 0.7647058823529411}, ""y0_a1"": {""n"": 0, ""accuracy"": NaN}, ""y1_a0"": {""n"": 35, ""accuracy"": 0.6}, ""y1_a1"": {""n"": 0, ""accuracy"": NaN}}",0.5215008861072555,4
corr,transplant,dinov2_b14_518,balanced,0.0,789,test_corr,0.7168067226890756,,0.788235294117647,69,35,30,0.6811594202898551,0.6823529411764706,,"{""y0_a0"": {""n"": 34, ""accuracy"": 0.7647058823529411}, ""y0_a1"": {""n"": 0, ""accuracy"": NaN}, ""y1_a0"": {""n"": 5, ""accuracy"": 0.8}, ""y1_a1"": {""n"": 30, ""accuracy"": 0.5666666666666667}}",0.5215008861072555,4
corr,transplant,dinov2_b14_518,balanced,0.0,789,test_rev,0.692436974789916,0.8999999999999999,0.6166666666666666,69,35,35,0.6811594202898551,0.6823529411764706,0.5666666666666667,"{""y0_a0"": {""n"": 4, ""accuracy"": 0.75}, ""y0_a1"": {""n"": 30, ""accuracy"": 0.7666666666666667}, ""y1_a0"": {""n"": 30, ""accuracy"": 0.5666666666666667}, ""y1_a1"": {""n"": 5, ""accuracy"": 0.8}}",0.5215008861072555,4
corr,transplant,dinov2_b14_518,dfr,0.0,789,clean,0.6252100840336136,,0.6252100840336136,69,35,0,0.6376811594202898,0.6378151260504201,,"{""y0_a0"": {""n"": 34, ""accuracy"": 0.6470588235294118}, ""y0_a1"": {""n"": 0, ""accuracy"": NaN}, ""y1_a0"": {""n"": 35, ""accuracy"": 0.6285714285714286}, ""y1_a1"": {""n"": 0, ""accuracy"": NaN}}",0.5358874620908248,4
corr,transplant,dinov2_b14_518,dfr,0.0,789,test_corr,0.6210084033613446,,0.6235294117647059,69,35,30,0.6376811594202898,0.6378151260504201,,"{""y0_a0"": {""n"": 34, ""accuracy"": 0.6470588235294118}, ""y0_a1"": {""n"": 0, ""accuracy"": NaN}, ""y1_a0"": {""n"": 5, ""accuracy"": 0.8}, ""y1_a1"": {""n"": 30, ""accuracy"": 0.6}}",0.5358874620908248,4
corr,transplant,dinov2_b14_518,dfr,0.0,789,test_rev,0.619327731092437,0.8800000000000001,0.5333333333333333,69,35,35,0.6376811594202898,0.6378151260504201,0.5,"{""y0_a0"": {""n"": 4, ""accuracy"": 0.5}, ""y0_a1"": {""n"": 30, ""accuracy"": 0.6666666666666666}, ""y1_a0"": {""n"": 30, ""accuracy"": 0.5666666666666667}, ""y1_a1"": {""n"": 5, ""accuracy"": 1.0}}",0.5358874620908248,4
corr,transplant,dinov2_b14_518,erm,0.0,2026,clean,0.6781512605042017,,0.6781512605042017,69,35,0,0.6086956521739131,0.6075630252100841,,"{""y0_a0"": {""n"": 34, ""accuracy"": 0.5294117647058824}, ""y0_a1"": {""n"": 0, ""accuracy"": NaN}, ""y1_a0"": {""n"": 35, ""accuracy"": 0.6857142857142857}, ""y1_a1"": {""n"": 0, ""accuracy"": NaN}}",0.4993780758821003,4
corr,transplant,dinov2_b14_518,erm,0.0,2026,test_corr,0.7025210084033613,0.5967741935483871,0.9453125,69,35,33,0.6376811594202898,0.6361344537815126,0.5,"{""y0_a0"": {""n"": 32, ""accuracy"": 0.53125}, ""y0_a1"": {""n"": 2, ""accuracy"": 0.5}, ""y1_a0"": {""n"": 4, ""accuracy"": 1.0}, ""y1_a1"": {""n"": 31, ""accuracy"": 0.7096774193548387}}",0.4993780758821003,4
corr,transplant,dinov2_b14_518,erm,0.0,2026,test_rev,0.5949579831932773,0.3125,0.78125,69,35,35,0.5507246376811594,0.5487394957983194,0.0,"{""y0_a0"": {""n"": 2, ""accuracy"": 0.5}, ""y0_a1"": {""n"": 32, ""accuracy"": 0.40625}, ""y1_a0"": {""n"": 32, ""accuracy"": 0.75}, ""y1_a1"": {""n"": 3, ""accuracy"": 0.0}}",0.4993780758821003,4
corr,transplant,dinov2_b14_518,mask,0.0,2026,clean,0.8168067226890756,,0.8168067226890756,69,35,0,0.7246376811594203,0.7231092436974791,,"{""y0_a0"": {""n"": 34, ""accuracy"": 0.6176470588235294}, ""y0_a1"": {""n"": 0, ""accuracy"": NaN}, ""y1_a0"": {""n"": 35, ""accuracy"": 0.8285714285714286}, ""y1_a1"": {""n"": 0, ""accuracy"": NaN}}",0.4154665676758872,4
corr,transplant,dinov2_b14_518,mask,0.0,2026,test_corr,0.8168067226890756,0.6290322580645161,0.9140625,69,35,33,0.7246376811594203,0.7231092436974791,0.0,"{""y0_a0"": {""n"": 32, ""accuracy"": 0.65625}, ""y0_a1"": {""n"": 2, ""accuracy"": 0.0}, ""y1_a0"": {""n"": 4, ""accuracy"": 1.0}, ""y1_a1"": {""n"": 31, ""accuracy"": 0.8064516129032258}}",0.4154665676758872,4
corr,transplant,dinov2_b14_518,mask,0.0,2026,test_rev,0.8168067226890756,0.9479166666666666,0.9375,69,35,35,0.7246376811594203,0.7231092436974791,0.59375,"{""y0_a0"": {""n"": 2, ""accuracy"": 1.0}, ""y0_a1"": {""n"": 32, ""accuracy"": 0.59375}, ""y1_a0"": {""n"": 32, ""accuracy"": 0.8125}, ""y1_a1"": {""n"": 3, ""accuracy"": 1.0}}",0.4154665676758872,4
corr,transplant,dinov2_b14_518,inpaint,0.0,2026,clean,0.6764705882352942,,0.6764705882352942,69,35,0,0.5652173913043478,0.5621848739495798,,"{""y0_a0"": {""n"": 34, ""accuracy"": 0.35294117647058826}, ""y0_a1"": {""n"": 0, ""accuracy"": NaN}, ""y1_a0"": {""n"": 35, ""accuracy"": 0.7714285714285715}, ""y1_a1"": {""n"": 0, ""accuracy"": NaN}}",0.4998077940060691,4
corr,transplant,dinov2_b14_518,inpaint,0.0,2026,test_corr,0.6789915966386555,0.6451612903225806,0.9453125,69,35,33,0.5652173913043478,0.5621848739495798,0.0,"{""y0_a0"": {""n"": 32, ""accuracy"": 0.375}, ""y0_a1"": {""n"": 2, ""accuracy"": 0.0}, ""y1_a0"": {""n"": 4, ""accuracy"": 1.0}, ""y1_a1"": {""n"": 31, ""accuracy"": 0.7419354838709677}}",0.4998077940060691,4
corr,transplant,dinov2_b14_518,inpaint,0.0,2026,test_rev,0.6563025210084034,0.3229166666666666,0.765625,69,35,35,0.5507246376811594,0.5474789915966387,0.0,"{""y0_a0"": {""n"": 2, ""accuracy"": 0.0}, ""y0_a1"": {""n"": 32, ""accuracy"": 0.34375}, ""y1_a0"": {""n"": 32, ""accuracy"": 0.8125}, ""y1_a1"": {""n"": 3, ""accuracy"": 0.3333333333333333}}",0.4998077940060691,4
corr,transplant,dinov2_b14_518,balanced,0.0,2026,clean,0.6504201680672269,,0.6504201680672269,69,35,0,0.6086956521739131,0.6092436974789917,,"{""y0_a0"": {""n"": 34, ""accuracy"": 0.6470588235294118}, ""y0_a1"": {""n"": 0, ""accuracy"": NaN}, ""y1_a0"": {""n"": 35, ""accuracy"": 0.5714285714285714}, ""y1_a1"": {""n"": 0, ""accuracy"": NaN}}",0.513853167517439,4
corr,transplant,dinov2_b14_518,balanced,0.0,2026,test_corr,0.6621848739495798,0.6935483870967742,0.90625,69,35,33,0.6086956521739131,0.6092436974789917,0.5161290322580645,"{""y0_a0"": {""n"": 32, ""accuracy"": 0.625}, ""y0_a1"": {""n"": 2, ""accuracy"": 1.0}, ""y1_a0"": {""n"": 4, ""accuracy"": 1.0}, ""y1_a1"": {""n"": 31, ""accuracy"": 0.5161290322580645}}",0.513853167517439,4
corr,transplant,dinov2_b14_518,balanced,0.0,2026,test_rev,0.6008403361344538,0.2916666666666666,0.625,69,35,35,0.5797101449275363,0.5798319327731092,0.0,"{""y0_a0"": {""n"": 2, ""accuracy"": 0.5}, ""y0_a1"": {""n"": 32, ""accuracy"": 0.59375}, ""y1_a0"": {""n"": 32, ""accuracy"": 0.625}, ""y1_a1"": {""n"": 3, ""accuracy"": 0.0}}",0.513853167517439,4
corr,transplant,dinov2_b14_518,dfr,0.0,2026,clean,0.6781512605042017,,0.6781512605042017,69,35,0,0.6376811594202898,0.6378151260504201,,"{""y0_a0"": {""n"": 34, ""accuracy"": 0.6470588235294118}, ""y0_a1"": {""n"": 0, ""accuracy"": NaN}, ""y1_a0"": {""n"": 35, ""accuracy"": 0.6285714285714286}, ""y1_a1"": {""n"": 0, ""accuracy"": NaN}}",0.5101776023120402,4
corr,transplant,dinov2_b14_518,dfr,0.0,2026,test_corr,0.6680672268907563,0.6612903225806452,0.828125,69,35,33,0.6521739130434783,0.6525210084033614,0.5806451612903226,"{""y0_a0"": {""n"": 32, ""accuracy"": 0.65625}, ""y0_a1"": {""n"": 2, ""accuracy"": 1.0}, ""y1_a0"": {""n"": 4, ""accuracy"": 1.0}, ""y1_a1"": {""n"": 31, ""accuracy"": 0.5806451612903226}}",0.5101776023120402,4
corr,transplant,dinov2_b14_518,dfr,0.0,2026,test_rev,0.6588235294117647,0.4583333333333333,0.765625,69,35,35,0.6376811594202898,0.6378151260504201,0.3333333333333333,"{""y0_a0"": {""n"": 2, ""accuracy"": 1.0}, ""y0_a1"": {""n"": 32, ""accuracy"": 0.625}, ""y1_a0"": {""n"": 32, ""accuracy"": 0.65625}, ""y1_a1"": {""n"": 3, ""accuracy"": 0.3333333333333333}}",0.5101776023120402,4
corr,transplant,dinov2_b14_518,erm,1.0,42,clean,0.6764705882352942,,0.6764705882352942,69,35,0,0.6376811594202898,0.6361344537815126,,"{""y0_a0"": {""n"": 34, ""accuracy"": 0.5294117647058824}, ""y0_a1"": {""n"": 0, ""accuracy"": NaN}, ""y1_a0"": {""n"": 35, ""accuracy"": 0.7428571428571429}, ""y1_a1"": {""n"": 0, ""accuracy"": NaN}}",0.4998975110362725,4
corr,transplant,dinov2_b14_518,erm,1.0,42,test_corr,0.7050420168067227,0.5161290322580645,0.5833333333333334,69,35,32,0.6376811594202898,0.6361344537815126,0.0,"{""y0_a0"": {""n"": 33, ""accuracy"": 0.5454545454545454}, ""y0_a1"": {""n"": 1, ""accuracy"": 0.0}, ""y1_a0"": {""n"": 4, ""accuracy"": 0.5}, ""y1_a1"": {""n"": 31, ""accuracy"": 0.7741935483870968}}",0.4998975110362725,4
corr,transplant,dinov2_b14_518,erm,1.0,42,test_rev,0.5907563025210084,0.7444444444444445,0.7890625,69,35,33,0.5652173913043478,0.5626050420168067,0.3333333333333333,"{""y0_a0"": {""n"": 4, ""accuracy"": 0.75}, ""y0_a1"": {""n"": 30, ""accuracy"": 0.3333333333333333}, ""y1_a0"": {""n"": 32, ""accuracy"": 0.71875}, ""y1_a1"": {""n"": 3, ""accuracy"": 1.0}}",0.4998975110362725,4
corr,transplant,dinov2_b14_518,mask,1.0,42,clean,0.8067226890756302,,0.8067226890756302,69,35,0,0.782608695652174,0.7819327731092438,,"{""y0_a0"": {""n"": 34, ""accuracy"": 0.7352941176470589}, ""y0_a1"": {""n"": 0, ""accuracy"": NaN}, ""y1_a0"": {""n"": 35, ""accuracy"": 0.8285714285714286}, ""y1_a1"": {""n"": 0, ""accuracy"": NaN}}",0.4153966703232391,4
corr,transplant,dinov2_b14_518,mask,1.0,42,test_corr,0.861344537815126,0.9032258064516128,0.7954545454545454,69,35,32,0.8115942028985508,0.8100840336134454,0.0,"{""y0_a0"": {""n"": 33, ""accuracy"": 0.7272727272727273}, ""y0_a1"": {""n"": 1, ""accuracy"": 0.0}, ""y1_a0"": {""n"": 4, ""accuracy"": 0.75}, ""y1_a1"": {""n"": 31, ""accuracy"": 0.9354838709677419}}",0.4153966703232391,4
corr,transplant,dinov2_b14_518,mask,1.0,42,test_rev,0.7,0.9,0.8203125,69,35,33,0.6376811594202898,0.6348739495798319,0.4,"{""y0_a0"": {""n"": 4, ""accuracy"": 0.75}, ""y0_a1"": {""n"": 30, ""accuracy"": 0.4}, ""y1_a0"": {""n"": 32, ""accuracy"": 0.8125}, ""y1_a1"": {""n"": 3, ""accuracy"": 1.0}}",0.4153966703232391,4
corr,transplant,dinov2_b14_518,inpaint,1.0,42,clean,0.6739495798319328,,0.6739495798319328,69,35,0,0.5797101449275363,0.576890756302521,,"{""y0_a0"": {""n"": 34, ""accuracy"": 0.38235294117647056}, ""y0_a1"": {""n"": 0, ""accuracy"": NaN}, ""y1_a0"": {""n"": 35, ""accuracy"": 0.7714285714285715}, ""y1_a1"": {""n"": 0, ""accuracy"": NaN}}",0.4983635230960908,4
corr,transplant,dinov2_b14_518,inpaint,1.0,42,test_corr,0.6781512605042017,0.6774193548387096,0.5833333333333334,69,35,32,0.5797101449275363,0.576890756302521,0.0,"{""y0_a0"": {""n"": 33, ""accuracy"": 0.3939393939393939}, ""y0_a1"": {""n"": 1, ""accuracy"": 0.0}, ""y1_a0"": {""n"": 4, ""accuracy"": 0.5}, ""y1_a1"": {""n"": 31, ""accuracy"": 0.8064516129032258}}",0.4983635230960908,4
corr,transplant,dinov2_b14_518,inpaint,1.0,42,test_rev,0.6554621848739495,0.7888888888888889,0.7734375,69,35,33,0.5942028985507246,0.5915966386554622,0.3666666666666666,"{""y0_a0"": {""n"": 4, ""accuracy"": 0.75}, ""y0_a1"": {""n"": 30, ""accuracy"": 0.36666666666666664}, ""y1_a0"": {""n"": 32, ""accuracy"": 0.75}, ""y1_a1"": {""n"": 3, ""accuracy"": 1.0}}",0.4983635230960908,4
corr,transplant,dinov2_b14_518,balanced,1.0,42,clean,0.6756302521008404,,0.6756302521008404,69,35,0,0.6086956521739131,0.6075630252100841,,"{""y0_a0"": {""n"": 34, ""accuracy"": 0.5294117647058824}, ""y0_a1"": {""n"": 0, ""accuracy"": NaN}, ""y1_a0"": {""n"": 35, ""accuracy"": 0.6857142857142857}, ""y1_a1"": {""n"": 0, ""accuracy"": NaN}}",0.4976480083202149,4
corr,transplant,dinov2_b14_518,balanced,1.0,42,test_corr,0.6815126050420168,0.6129032258064516,0.6136363636363635,69,35,32,0.6086956521739131,0.6075630252100841,0.0,"{""y0_a0"": {""n"": 33, ""accuracy"": 0.5454545454545454}, ""y0_a1"": {""n"": 1, ""accuracy"": 0.0}, ""y1_a0"": {""n"": 4, ""accuracy"": 0.5}, ""y1_a1"": {""n"": 31, ""accuracy"": 0.7096774193548387}}",0.4976480083202149,4
corr,transplant,dinov2_b14_518,balanced,1.0,42,test_rev,0.634453781512605,0.6555555555555556,0.7734375,69,35,33,0.6231884057971014,0.6222689075630252,0.5333333333333333,"{""y0_a0"": {""n"": 4, ""accuracy"": 0.75}, ""y0_a1"": {""n"": 30, ""accuracy"": 0.5333333333333333}, ""y1_a0"": {""n"": 32, ""accuracy"": 0.65625}, ""y1_a1"": {""n"": 3, ""accuracy"": 1.0}}",0.4976480083202149,4
corr,transplant,dinov2_b14_518,dfr,1.0,42,clean,0.6655462184873949,,0.6655462184873949,69,35,0,0.6666666666666666,0.6672268907563026,,"{""y0_a0"": {""n"": 34, ""accuracy"": 0.7058823529411765}, ""y0_a1"": {""n"": 0, ""accuracy"": NaN}, ""y1_a0"": {""n"": 35, ""accuracy"": 0.6285714285714286}, ""y1_a1"": {""n"": 0, ""accuracy"": NaN}}",0.539171174814839,4
corr,transplant,dinov2_b14_518,dfr,1.0,42,test_corr,0.6647058823529413,0.5806451612903226,0.6439393939393939,69,35,32,0.6521739130434783,0.6525210084033614,0.0,"{""y0_a0"": {""n"": 33, ""accuracy"": 0.696969696969697}, ""y0_a1"": {""n"": 1, ""accuracy"": 0.0}, ""y1_a0"": {""n"": 4, ""accuracy"": 0.5}, ""y1_a1"": {""n"": 31, ""accuracy"": 0.6451612903225806}}",0.539171174814839,4
corr,transplant,dinov2_b14_518,dfr,1.0,42,test_rev,0.6352941176470589,0.7111111111111111,0.734375,69,35,33,0.6086956521739131,0.6084033613445379,0.5666666666666667,"{""y0_a0"": {""n"": 4, ""accuracy"": 0.75}, ""y0_a1"": {""n"": 30, ""accuracy"": 0.5666666666666667}, ""y1_a0"": {""n"": 32, ""accuracy"": 0.625}, ""y1_a1"": {""n"": 3, ""accuracy"": 0.6666666666666666}}",0.539171174814839,4
corr,transplant,dinov2_b14_518,erm,1.0,123,clean,0.6781512605042017,,0.6781512605042017,69,35,0,0.6231884057971014,0.6218487394957983,,"{""y0_a0"": {""n"": 34, ""accuracy"": 0.5294117647058824}, ""y0_a1"": {""n"": 0, ""accuracy"": NaN}, ""y1_a0"": {""n"": 35, ""accuracy"": 0.7142857142857143}, ""y1_a1"": {""n"": 0, ""accuracy"": NaN}}",0.4999006729358995,4
corr,transplant,dinov2_b14_518,erm,1.0,123,test_corr,0.7033613445378152,0.4714285714285714,,69,35,37,0.6521739130434783,0.6504201680672269,,"{""y0_a0"": {""n"": 32, ""accuracy"": 0.5625}, ""y0_a1"": {""n"": 2, ""accuracy"": 0.0}, ""y1_a0"": {""n"": 0, ""accuracy"": NaN}, ""y1_a1"": {""n"": 35, ""accuracy"": 0.7714285714285715}}",0.4999006729358995,4
corr,transplant,dinov2_b14_518,erm,1.0,123,test_rev,0.5991596638655462,0.8333333333333334,0.6290322580645162,69,35,34,0.5942028985507246,0.5920168067226891,0.4333333333333333,"{""y0_a0"": {""n"": 4, ""accuracy"": 0.5}, ""y0_a1"": {""n"": 30, ""accuracy"": 0.43333333333333335}, ""y1_a0"": {""n"": 31, ""accuracy"": 0.7096774193548387}, ""y1_a1"": {""n"": 4, ""accuracy"": 1.0}}",0.4999006729358995,4
corr,transplant,dinov2_b14_518,mask,1.0,123,clean,0.8100840336134454,,0.8100840336134454,69,35,0,0.782608695652174,0.7831932773109244,,"{""y0_a0"": {""n"": 34, ""accuracy"": 0.8235294117647058}, ""y0_a1"": {""n"": 0, ""accuracy"": NaN}, ""y1_a0"": {""n"": 35, ""accuracy"": 0.7428571428571429}, ""y1_a1"": {""n"": 0, ""accuracy"": NaN}}",0.4854056050655079,4
corr,transplant,dinov2_b14_518,mask,1.0,123,test_corr,0.8722689075630252,0.8714285714285714,,69,35,37,0.8260869565217391,0.8252100840336134,,"{""y0_a0"": {""n"": 32, ""accuracy"": 0.8125}, ""y0_a1"": {""n"": 2, ""accuracy"": 0.0}, ""y1_a0"": {""n"": 0, ""accuracy"": NaN}, ""y1_a1"": {""n"": 35, ""accuracy"": 0.8857142857142857}}",0.4854056050655079,4
corr,transplant,dinov2_b14_518,mask,1.0,123,test_rev,0.6890756302521008,0.9,0.9112903225806452,69,35,34,0.6521739130434783,0.6508403361344538,0.5,"{""y0_a0"": {""n"": 4, ""accuracy"": 1.0}, ""y0_a1"": {""n"": 30, ""accuracy"": 0.5}, ""y1_a0"": {""n"": 31, ""accuracy"": 0.7096774193548387}, ""y1_a1"": {""n"": 4, ""accuracy"": 1.0}}",0.4854056050655079,4
corr,transplant,dinov2_b14_518,inpaint,1.0,123,clean,0.6731092436974789,,0.6731092436974789,69,35,0,0.6231884057971014,0.6222689075630252,,"{""y0_a0"": {""n"": 34, ""accuracy"": 0.5588235294117647}, ""y0_a1"": {""n"": 0, ""accuracy"": NaN}, ""y1_a0"": {""n"": 35, ""accuracy"": 0.6857142857142857}, ""y1_a1"": {""n"": 0, ""accuracy"": NaN}}",0.4997847393304792,4
corr,transplant,dinov2_b14_518,inpaint,1.0,123,test_corr,0.6798319327731093,0.5857142857142856,,69,35,37,0.6376811594202898,0.6365546218487395,,"{""y0_a0"": {""n"": 32, ""accuracy"": 0.59375}, ""y0_a1"": {""n"": 2, ""accuracy"": 0.0}, ""y1_a0"": {""n"": 0, ""accuracy"": NaN}, ""y1_a1"": {""n"": 35, ""accuracy"": 0.7142857142857143}}",0.4997847393304792,4
corr,transplant,dinov2_b14_518,inpaint,1.0,123,test_rev,0.6563025210084034,0.8166666666666667,0.6290322580645161,69,35,34,0.5797101449275363,0.5781512605042016,0.4666666666666667,"{""y0_a0"": {""n"": 4, ""accuracy"": 0.5}, ""y0_a1"": {""n"": 30, ""accuracy"": 0.4666666666666667}, ""y1_a0"": {""n"": 31, ""accuracy"": 0.6774193548387096}, ""y1_a1"": {""n"": 4, ""accuracy"": 0.75}}",0.4997847393304792,4
corr,transplant,dinov2_b14_518,balanced,1.0,123,clean,0.7151260504201682,,0.7151260504201682,69,35,0,0.6521739130434783,0.65,,"{""y0_a0"": {""n"": 34, ""accuracy"": 0.5}, ""y0_a1"": {""n"": 0, ""accuracy"": NaN}, ""y1_a0"": {""n"": 35, ""accuracy"": 0.8}, ""y1_a1"": {""n"": 0, ""accuracy"": NaN}}",0.4998515964869872,4
corr,transplant,dinov2_b14_518,balanced,1.0,123,test_corr,0.7100840336134454,0.5428571428571428,,69,35,37,0.6666666666666666,0.6642857142857144,,"{""y0_a0"": {""n"": 32, ""accuracy"": 0.53125}, ""y0_a1"": {""n"": 2, ""accuracy"": 0.0}, ""y1_a0"": {""n"": 0, ""accuracy"": NaN}, ""y1_a1"": {""n"": 35, ""accuracy"": 0.8285714285714286}}",0.4998515964869872,4
corr,transplant,dinov2_b14_518,balanced,1.0,123,test_rev,0.6915966386554622,0.8333333333333333,0.685483870967742,69,35,34,0.6521739130434783,0.6495798319327731,0.4666666666666667,"{""y0_a0"": {""n"": 4, ""accuracy"": 0.5}, ""y0_a1"": {""n"": 30, ""accuracy"": 0.4666666666666667}, ""y1_a0"": {""n"": 31, ""accuracy"": 0.8064516129032258}, ""y1_a1"": {""n"": 4, ""accuracy"": 1.0}}",0.4998515964869872,4
corr,transplant,dinov2_b14_518,dfr,1.0,123,clean,0.6495798319327731,,0.6495798319327731,69,35,0,0.5942028985507246,0.5936974789915966,,"{""y0_a0"": {""n"": 34, ""accuracy"": 0.5588235294117647}, ""y0_a1"": {""n"": 0, ""accuracy"": NaN}, ""y1_a0"": {""n"": 35, ""accuracy"": 0.6285714285714286}, ""y1_a1"": {""n"": 0, ""accuracy"": NaN}}",0.4787206374293475,4
corr,transplant,dinov2_b14_518,dfr,1.0,123,test_corr,0.6579831932773109,0.4285714285714286,,69,35,37,0.5942028985507246,0.5936974789915966,,"{""y0_a0"": {""n"": 32, ""accuracy"": 0.59375}, ""y0_a1"": {""n"": 2, ""accuracy"": 0.0}, ""y1_a0"": {""n"": 0, ""accuracy"": NaN}, ""y1_a1"": {""n"": 35, ""accuracy"": 0.6285714285714286}}",0.4787206374293475,4
corr,transplant,dinov2_b14_518,dfr,1.0,123,test_rev,0.6109243697478991,0.8916666666666667,0.4596774193548387,69,35,34,0.5797101449275363,0.5789915966386554,0.5,"{""y0_a0"": {""n"": 4, ""accuracy"": 0.5}, ""y0_a1"": {""n"": 30, ""accuracy"": 0.5333333333333333}, ""y1_a0"": {""n"": 31, ""accuracy"": 0.5806451612903226}, ""y1_a1"": {""n"": 4, ""accuracy"": 1.0}}",0.4787206374293475,4
corr,transplant,dinov2_b14_518,erm,1.0,456,clean,0.6739495798319328,,0.6739495798319328,69,35,0,0.6231884057971014,0.6218487394957983,,"{""y0_a0"": {""n"": 34, ""accuracy"": 0.5294117647058824}, ""y0_a1"": {""n"": 0, ""accuracy"": NaN}, ""y1_a0"": {""n"": 35, ""accuracy"": 0.7142857142857143}, ""y1_a1"": {""n"": 0, ""accuracy"": NaN}}",0.4991016809374278,4
corr,transplant,dinov2_b14_518,erm,1.0,456,test_corr,0.6949579831932774,0.6352941176470588,0.8620689655172413,69,35,39,0.6376811594202898,0.6361344537815126,0.5172413793103449,"{""y0_a0"": {""n"": 29, ""accuracy"": 0.5172413793103449}, ""y0_a1"": {""n"": 5, ""accuracy"": 0.6}, ""y1_a0"": {""n"": 1, ""accuracy"": 1.0}, ""y1_a1"": {""n"": 34, ""accuracy"": 0.7352941176470589}}",0.4991016809374278,4
corr,transplant,dinov2_b14_518,erm,1.0,456,test_rev,0.584873949579832,0.3978494623655913,0.625,69,35,34,0.5362318840579711,0.5336134453781513,0.3333333333333333,"{""y0_a0"": {""n"": 3, ""accuracy"": 0.3333333333333333}, ""y0_a1"": {""n"": 31, ""accuracy"": 0.3548387096774194}, ""y1_a0"": {""n"": 32, ""accuracy"": 0.71875}, ""y1_a1"": {""n"": 3, ""accuracy"": 0.6666666666666666}}",0.4991016809374278,4
corr,transplant,dinov2_b14_518,mask,1.0,456,clean,0.8142857142857144,,0.8142857142857144,69,35,0,0.8115942028985508,0.811344537815126,,"{""y0_a0"": {""n"": 34, ""accuracy"": 0.7941176470588235}, ""y0_a1"": {""n"": 0, ""accuracy"": NaN}, ""y1_a0"": {""n"": 35, ""accuracy"": 0.8285714285714286}, ""y1_a1"": {""n"": 0, ""accuracy"": NaN}}",0.4568296700038978,4
corr,transplant,dinov2_b14_518,mask,1.0,456,test_corr,0.8470588235294119,0.8176470588235294,0.8275862068965517,69,35,39,0.8405797101449275,0.8394957983193276,0.6,"{""y0_a0"": {""n"": 29, ""accuracy"": 0.7931034482758621}, ""y0_a1"": {""n"": 5, ""accuracy"": 0.6}, ""y1_a0"": {""n"": 1, ""accuracy"": 1.0}, ""y1_a1"": {""n"": 34, ""accuracy"": 0.9117647058823529}}",0.4568296700038978,4
corr,transplant,dinov2_b14_518,mask,1.0,456,test_rev,0.6974789915966386,0.5483870967741935,0.9791666666666666,69,35,34,0.6666666666666666,0.6642857142857144,0.4516129032258064,"{""y0_a0"": {""n"": 3, ""accuracy"": 1.0}, ""y0_a1"": {""n"": 31, ""accuracy"": 0.45161290322580644}, ""y1_a0"": {""n"": 32, ""accuracy"": 0.84375}, ""y1_a1"": {""n"": 3, ""accuracy"": 0.6666666666666666}}",0.4568296700038978,4
corr,transplant,dinov2_b14_518,inpaint,1.0,456,clean,0.6764705882352943,,0.6764705882352943,69,35,0,0.6376811594202898,0.6365546218487395,,"{""y0_a0"": {""n"": 34, ""accuracy"": 0.5588235294117647}, ""y0_a1"": {""n"": 0, ""accuracy"": NaN}, ""y1_a0"": {""n"": 35, ""accuracy"": 0.7142857142857143}, ""y1_a1"": {""n"": 0, ""accuracy"": NaN}}",0.4997763139820723,4
corr,transplant,dinov2_b14_518,inpaint,1.0,456,test_corr,0.673109243697479,0.7,0.8275862068965517,69,35,39,0.6376811594202898,0.6365546218487395,0.5517241379310345,"{""y0_a0"": {""n"": 29, ""accuracy"": 0.5517241379310345}, ""y0_a1"": {""n"": 5, ""accuracy"": 0.6}, ""y1_a0"": {""n"": 1, ""accuracy"": 1.0}, ""y1_a1"": {""n"": 34, ""accuracy"": 0.7058823529411765}}",0.4997763139820723,4
corr,transplant,dinov2_b14_518,inpaint,1.0,456,test_rev,0.6571428571428571,0.5161290322580645,0.6041666666666667,69,35,34,0.6086956521739131,0.6071428571428572,0.3333333333333333,"{""y0_a0"": {""n"": 3, ""accuracy"": 0.3333333333333333}, ""y0_a1"": {""n"": 31, ""accuracy"": 0.5161290322580645}, ""y1_a0"": {""n"": 32, ""accuracy"": 0.71875}, ""y1_a1"": {""n"": 3, ""accuracy"": 0.6666666666666666}}",0.4997763139820723,4
corr,transplant,dinov2_b14_518,balanced,1.0,456,clean,0.6605042016806724,,0.6605042016806724,69,35,0,0.5797101449275363,0.5789915966386554,,"{""y0_a0"": {""n"": 34, ""accuracy"": 0.5294117647058824}, ""y0_a1"": {""n"": 0, ""accuracy"": NaN}, ""y1_a0"": {""n"": 35, ""accuracy"": 0.6285714285714286}, ""y1_a1"": {""n"": 0, ""accuracy"": NaN}}",0.4959768254377909,4
corr,transplant,dinov2_b14_518,balanced,1.0,456,test_corr,0.6487394957983192,0.6235294117647059,0.7586206896551724,69,35,39,0.5942028985507246,0.5932773109243697,0.5172413793103449,"{""y0_a0"": {""n"": 29, ""accuracy"": 0.5172413793103449}, ""y0_a1"": {""n"": 5, ""accuracy"": 0.6}, ""y1_a0"": {""n"": 1, ""accuracy"": 1.0}, ""y1_a1"": {""n"": 34, ""accuracy"": 0.6470588235294118}}",0.4959768254377909,4
corr,transplant,dinov2_b14_518,balanced,1.0,456,test_rev,0.6184873949579832,0.4516129032258064,0.6354166666666667,69,35,34,0.5652173913043478,0.5642857142857143,0.3333333333333333,"{""y0_a0"": {""n"": 3, ""accuracy"": 0.6666666666666666}, ""y0_a1"": {""n"": 31, ""accuracy"": 0.4838709677419355}, ""y1_a0"": {""n"": 32, ""accuracy"": 0.65625}, ""y1_a1"": {""n"": 3, ""accuracy"": 0.3333333333333333}}",0.4959768254377909,4
corr,transplant,dinov2_b14_518,dfr,1.0,456,clean,0.6638655462184874,,0.6638655462184874,69,35,0,0.6086956521739131,0.6067226890756303,,"{""y0_a0"": {""n"": 34, ""accuracy"": 0.47058823529411764}, ""y0_a1"": {""n"": 0, ""accuracy"": NaN}, ""y1_a0"": {""n"": 35, ""accuracy"": 0.7428571428571429}, ""y1_a1"": {""n"": 0, ""accuracy"": NaN}}",0.4729460640936401,4
corr,transplant,dinov2_b14_518,dfr,1.0,456,test_corr,0.6655462184873949,0.6529411764705882,0.8275862068965517,69,35,39,0.6086956521739131,0.6067226890756303,0.4482758620689655,"{""y0_a0"": {""n"": 29, ""accuracy"": 0.4482758620689655}, ""y0_a1"": {""n"": 5, ""accuracy"": 0.6}, ""y1_a0"": {""n"": 1, ""accuracy"": 1.0}, ""y1_a1"": {""n"": 34, ""accuracy"": 0.7352941176470589}}",0.4729460640936401,4
corr,transplant,dinov2_b14_518,dfr,1.0,456,test_rev,0.638655462184874,0.4301075268817204,0.5208333333333334,69,35,34,0.5942028985507246,0.5920168067226891,0.3333333333333333,"{""y0_a0"": {""n"": 3, ""accuracy"": 0.3333333333333333}, ""y0_a1"": {""n"": 31, ""accuracy"": 0.45161290322580644}, ""y1_a0"": {""n"": 32, ""accuracy"": 0.75}, ""y1_a1"": {""n"": 3, ""accuracy"": 0.6666666666666666}}",0.4729460640936401,4
corr,transplant,dinov2_b14_518,erm,1.0,789,clean,0.6756302521008404,,0.6756302521008404,69,35,0,0.6376811594202898,0.6361344537815126,,"{""y0_a0"": {""n"": 34, ""accuracy"": 0.5294117647058824}, ""y0_a1"": {""n"": 0, ""accuracy"": NaN}, ""y1_a0"": {""n"": 35, ""accuracy"": 0.7428571428571429}, ""y1_a1"": {""n"": 0, ""accuracy"": NaN}}",0.4998819080963727,4
corr,transplant,dinov2_b14_518,erm,1.0,789,test_corr,0.7100840336134454,,0.7352941176470588,69,35,30,0.6521739130434783,0.6504201680672269,,"{""y0_a0"": {""n"": 34, ""accuracy"": 0.5294117647058824}, ""y0_a1"": {""n"": 0, ""accuracy"": NaN}, ""y1_a0"": {""n"": 5, ""accuracy"": 0.8}, ""y1_a1"": {""n"": 30, ""accuracy"": 0.7666666666666667}}",0.4998819080963727,4
corr,transplant,dinov2_b14_518,erm,1.0,789,test_rev,0.5907563025210084,0.8733333333333334,0.6333333333333333,69,35,35,0.5507246376811594,0.5478991596638656,0.3333333333333333,"{""y0_a0"": {""n"": 4, ""accuracy"": 0.5}, ""y0_a1"": {""n"": 30, ""accuracy"": 0.3333333333333333}, ""y1_a0"": {""n"": 30, ""accuracy"": 0.7}, ""y1_a1"": {""n"": 5, ""accuracy"": 1.0}}",0.4998819080963727,4
corr,transplant,dinov2_b14_518,mask,1.0,789,clean,0.8176470588235295,,0.8176470588235295,69,35,0,0.7971014492753623,0.7970588235294118,,"{""y0_a0"": {""n"": 34, ""accuracy"": 0.7941176470588235}, ""y0_a1"": {""n"": 0, ""accuracy"": NaN}, ""y1_a0"": {""n"": 35, ""accuracy"": 0.8}, ""y1_a1"": {""n"": 0, ""accuracy"": NaN}}",0.4806516574125858,4
corr,transplant,dinov2_b14_518,mask,1.0,789,test_corr,0.8722689075630252,,0.8470588235294118,69,35,30,0.855072463768116,0.8542016806722689,,"{""y0_a0"": {""n"": 34, ""accuracy"": 0.7941176470588235}, ""y0_a1"": {""n"": 0, ""accuracy"": NaN}, ""y1_a0"": {""n"": 5, ""accuracy"": 0.8}, ""y1_a1"": {""n"": 30, ""accuracy"": 0.9333333333333333}}",0.4806516574125858,4
corr,transplant,dinov2_b14_518,mask,1.0,789,test_rev,0.7016806722689075,0.8666666666666666,0.6666666666666667,69,35,35,0.6956521739130435,0.6936974789915966,0.5,"{""y0_a0"": {""n"": 4, ""accuracy"": 0.5}, ""y0_a1"": {""n"": 30, ""accuracy"": 0.5666666666666667}, ""y1_a0"": {""n"": 30, ""accuracy"": 0.8}, ""y1_a1"": {""n"": 5, ""accuracy"": 1.0}}",0.4806516574125858,4
corr,transplant,dinov2_b14_518,inpaint,1.0,789,clean,0.6739495798319328,,0.6739495798319328,69,35,0,0.6376811594202898,0.6365546218487395,,"{""y0_a0"": {""n"": 34, ""accuracy"": 0.5588235294117647}, ""y0_a1"": {""n"": 0, ""accuracy"": NaN}, ""y1_a0"": {""n"": 35, ""accuracy"": 0.7142857142857143}, ""y1_a1"": {""n"": 0, ""accuracy"": NaN}}",0.4997098640572174,4
corr,transplant,dinov2_b14_518,inpaint,1.0,789,test_corr,0.6789915966386555,,0.7529411764705882,69,35,30,0.6376811594202898,0.6365546218487395,,"{""y0_a0"": {""n"": 34, ""accuracy"": 0.5588235294117647}, ""y0_a1"": {""n"": 0, ""accuracy"": NaN}, ""y1_a0"": {""n"": 5, ""accuracy"": 0.8}, ""y1_a1"": {""n"": 30, ""accuracy"": 0.7}}",0.4997098640572174,4
corr,transplant,dinov2_b14_518,inpaint,1.0,789,test_rev,0.6571428571428571,0.8733333333333334,0.6,69,35,35,0.5942028985507246,0.592436974789916,0.4666666666666667,"{""y0_a0"": {""n"": 4, ""accuracy"": 0.5}, ""y0_a1"": {""n"": 30, ""accuracy"": 0.4666666666666667}, ""y1_a0"": {""n"": 30, ""accuracy"": 0.6666666666666666}, ""y1_a1"": {""n"": 5, ""accuracy"": 1.0}}",0.4997098640572174,4
corr,transplant,dinov2_b14_518,balanced,1.0,789,clean,0.7294117647058823,,0.7294117647058823,69,35,0,0.6956521739130435,0.6974789915966386,,"{""y0_a0"": {""n"": 34, ""accuracy"": 0.8235294117647058}, ""y0_a1"": {""n"": 0, ""accuracy"": NaN}, ""y1_a0"": {""n"": 35, ""accuracy"": 0.5714285714285714}, ""y1_a1"": {""n"": 0, ""accuracy"": NaN}}",0.5867873553873961,4
corr,transplant,dinov2_b14_518,balanced,1.0,789,test_corr,0.7453781512605042,,0.7705882352941176,69,35,30,0.7101449275362319,0.7117647058823529,,"{""y0_a0"": {""n"": 34, ""accuracy"": 0.8235294117647058}, ""y0_a1"": {""n"": 0, ""accuracy"": NaN}, ""y1_a0"": {""n"": 5, ""accuracy"": 0.6}, ""y1_a1"": {""n"": 30, ""accuracy"": 0.6}}",0.5867873553873961,4
corr,transplant,dinov2_b14_518,balanced,1.0,789,test_rev,0.692436974789916,0.9066666666666668,0.5833333333333334,69,35,35,0.6521739130434783,0.6533613445378151,0.5333333333333333,"{""y0_a0"": {""n"": 4, ""accuracy"": 0.75}, ""y0_a1"": {""n"": 30, ""accuracy"": 0.7333333333333333}, ""y1_a0"": {""n"": 30, ""accuracy"": 0.5333333333333333}, ""y1_a1"": {""n"": 5, ""accuracy"": 0.8}}",0.5867873553873961,4
corr,transplant,dinov2_b14_518,dfr,1.0,789,clean,0.6277310924369748,,0.6277310924369748,69,35,0,0.6231884057971014,0.6239495798319328,,"{""y0_a0"": {""n"": 34, ""accuracy"": 0.6764705882352942}, ""y0_a1"": {""n"": 0, ""accuracy"": NaN}, ""y1_a0"": {""n"": 35, ""accuracy"": 0.5714285714285714}, ""y1_a1"": {""n"": 0, ""accuracy"": NaN}}",0.5398029596140483,4
corr,transplant,dinov2_b14_518,dfr,1.0,789,test_corr,0.6201680672268908,,0.6352941176470589,69,35,30,0.6231884057971014,0.6239495798319328,,"{""y0_a0"": {""n"": 34, ""accuracy"": 0.6764705882352942}, ""y0_a1"": {""n"": 0, ""accuracy"": NaN}, ""y1_a0"": {""n"": 5, ""accuracy"": 0.6}, ""y1_a1"": {""n"": 30, ""accuracy"": 0.5666666666666667}}",0.5398029596140483,4
corr,transplant,dinov2_b14_518,dfr,1.0,789,test_rev,0.6109243697478991,0.8466666666666667,0.55,69,35,35,0.6231884057971014,0.6243697478991597,0.5,"{""y0_a0"": {""n"": 4, ""accuracy"": 0.5}, ""y0_a1"": {""n"": 30, ""accuracy"": 0.7333333333333333}, ""y1_a0"": {""n"": 30, ""accuracy"": 0.5}, ""y1_a1"": {""n"": 5, ""accuracy"": 0.8}}",0.5398029596140483,4
corr,transplant,dinov2_b14_518,erm,1.0,2026,clean,0.6747899159663866,,0.6747899159663866,69,35,0,0.5942028985507246,0.592436974789916,,"{""y0_a0"": {""n"": 34, ""accuracy"": 0.47058823529411764}, ""y0_a1"": {""n"": 0, ""accuracy"": NaN}, ""y1_a0"": {""n"": 35, ""accuracy"": 0.7142857142857143}, ""y1_a1"": {""n"": 0, ""accuracy"": NaN}}",0.4998791954582818,4
corr,transplant,dinov2_b14_518,erm,1.0,2026,test_corr,0.7168067226890756,0.5967741935483871,0.953125,69,35,33,0.6231884057971014,0.6210084033613446,0.46875,"{""y0_a0"": {""n"": 32, ""accuracy"": 0.46875}, ""y0_a1"": {""n"": 2, ""accuracy"": 0.5}, ""y1_a0"": {""n"": 4, ""accuracy"": 1.0}, ""y1_a1"": {""n"": 31, ""accuracy"": 0.7419354838709677}}",0.4998791954582818,4
corr,transplant,dinov2_b14_518,erm,1.0,2026,test_rev,0.5739495798319327,0.2916666666666666,0.75,69,35,35,0.5507246376811594,0.5478991596638656,0.3333333333333333,"{""y0_a0"": {""n"": 2, ""accuracy"": 0.5}, ""y0_a1"": {""n"": 32, ""accuracy"": 0.34375}, ""y1_a0"": {""n"": 32, ""accuracy"": 0.78125}, ""y1_a1"": {""n"": 3, ""accuracy"": 0.3333333333333333}}",0.4998791954582818,4
corr,transplant,dinov2_b14_518,mask,1.0,2026,clean,0.8084033613445378,,0.8084033613445378,69,35,0,0.7681159420289855,0.76890756302521,,"{""y0_a0"": {""n"": 34, ""accuracy"": 0.8235294117647058}, ""y0_a1"": {""n"": 0, ""accuracy"": NaN}, ""y1_a0"": {""n"": 35, ""accuracy"": 0.7142857142857143}, ""y1_a1"": {""n"": 0, ""accuracy"": NaN}}",0.5061482293307602,4
corr,transplant,dinov2_b14_518,mask,1.0,2026,test_corr,0.8546218487394958,0.6774193548387097,0.8828125,69,35,33,0.8405797101449275,0.8399159663865545,0.0,"{""y0_a0"": {""n"": 32, ""accuracy"": 0.84375}, ""y0_a1"": {""n"": 2, ""accuracy"": 0.0}, ""y1_a0"": {""n"": 4, ""accuracy"": 1.0}, ""y1_a1"": {""n"": 31, ""accuracy"": 0.8709677419354839}}",0.5061482293307602,4
corr,transplant,dinov2_b14_518,mask,1.0,2026,test_rev,0.6378151260504202,0.8645833333333334,0.90625,69,35,35,0.6231884057971014,0.6218487394957983,0.5,"{""y0_a0"": {""n"": 2, ""accuracy"": 1.0}, ""y0_a1"": {""n"": 32, ""accuracy"": 0.5}, ""y1_a0"": {""n"": 32, ""accuracy"": 0.6875}, ""y1_a1"": {""n"": 3, ""accuracy"": 1.0}}",0.5061482293307602,4
corr,transplant,dinov2_b14_518,inpaint,1.0,2026,clean,0.6714285714285715,,0.6714285714285715,69,35,0,0.5942028985507246,0.5915966386554622,,"{""y0_a0"": {""n"": 34, ""accuracy"": 0.4117647058823529}, ""y0_a1"": {""n"": 0, ""accuracy"": NaN}, ""y1_a0"": {""n"": 35, ""accuracy"": 0.7714285714285715}, ""y1_a1"": {""n"": 0, ""accuracy"": NaN}}",0.4998160148014621,4
corr,transplant,dinov2_b14_518,inpaint,1.0,2026,test_corr,0.6722689075630253,0.5967741935483871,0.9453125,69,35,33,0.5942028985507246,0.5915966386554622,0.40625,"{""y0_a0"": {""n"": 32, ""accuracy"": 0.40625}, ""y0_a1"": {""n"": 2, ""accuracy"": 0.5}, ""y1_a0"": {""n"": 4, ""accuracy"": 1.0}, ""y1_a1"": {""n"": 31, ""accuracy"": 0.7419354838709677}}",0.4998160148014621,4
corr,transplant,dinov2_b14_518,inpaint,1.0,2026,test_rev,0.6546218487394958,0.3229166666666666,0.734375,69,35,35,0.5942028985507246,0.5915966386554622,0.0,"{""y0_a0"": {""n"": 2, ""accuracy"": 0.0}, ""y0_a1"": {""n"": 32, ""accuracy"": 0.4375}, ""y1_a0"": {""n"": 32, ""accuracy"": 0.8125}, ""y1_a1"": {""n"": 3, ""accuracy"": 0.3333333333333333}}",0.4998160148014621,4
corr,transplant,dinov2_b14_518,balanced,1.0,2026,clean,0.6462184873949579,,0.6462184873949579,69,35,0,0.5942028985507246,0.5949579831932773,,"{""y0_a0"": {""n"": 34, ""accuracy"": 0.6470588235294118}, ""y0_a1"": {""n"": 0, ""accuracy"": NaN}, ""y1_a0"": {""n"": 35, ""accuracy"": 0.5428571428571428}, ""y1_a1"": {""n"": 0, ""accuracy"": NaN}}",0.5104485781305108,4
corr,transplant,dinov2_b14_518,balanced,1.0,2026,test_corr,0.6672268907563025,0.6290322580645161,0.8984375,69,35,33,0.6086956521739131,0.6088235294117648,0.5,"{""y0_a0"": {""n"": 32, ""accuracy"": 0.625}, ""y0_a1"": {""n"": 2, ""accuracy"": 0.5}, ""y1_a0"": {""n"": 4, ""accuracy"": 1.0}, ""y1_a1"": {""n"": 31, ""accuracy"": 0.5483870967741935}}",0.5104485781305108,4
corr,transplant,dinov2_b14_518,balanced,1.0,2026,test_rev,0.5739495798319327,0.2812499999999999,0.625,69,35,35,0.5362318840579711,0.5361344537815126,0.0,"{""y0_a0"": {""n"": 2, ""accuracy"": 0.5}, ""y0_a1"": {""n"": 32, ""accuracy"": 0.53125}, ""y1_a0"": {""n"": 32, ""accuracy"": 0.59375}, ""y1_a1"": {""n"": 3, ""accuracy"": 0.0}}",0.5104485781305108,4
corr,transplant,dinov2_b14_518,dfr,1.0,2026,clean,0.6789915966386555,,0.6789915966386555,69,35,0,0.5942028985507246,0.5936974789915966,,"{""y0_a0"": {""n"": 34, ""accuracy"": 0.5588235294117647}, ""y0_a1"": {""n"": 0, ""accuracy"": NaN}, ""y1_a0"": {""n"": 35, ""accuracy"": 0.6285714285714286}, ""y1_a1"": {""n"": 0, ""accuracy"": NaN}}",0.5051369241249821,4
corr,transplant,dinov2_b14_518,dfr,1.0,2026,test_corr,0.6781512605042016,0.6451612903225806,0.828125,69,35,33,0.5942028985507246,0.5936974789915966,0.5,"{""y0_a0"": {""n"": 32, ""accuracy"": 0.5625}, ""y0_a1"": {""n"": 2, ""accuracy"": 0.5}, ""y1_a0"": {""n"": 4, ""accuracy"": 1.0}, ""y1_a1"": {""n"": 31, ""accuracy"": 0.5806451612903226}}",0.5051369241249821,4
corr,transplant,dinov2_b14_518,dfr,1.0,2026,test_rev,0.6638655462184874,0.4270833333333333,0.75,69,35,35,0.5942028985507246,0.5936974789915966,0.3333333333333333,"{""y0_a0"": {""n"": 2, ""accuracy"": 1.0}, ""y0_a1"": {""n"": 32, ""accuracy"": 0.53125}, ""y1_a0"": {""n"": 32, ""accuracy"": 0.65625}, ""y1_a1"": {""n"": 3, ""accuracy"": 0.3333333333333333}}",0.5051369241249821,4
