phase,artifact,backbone,method,overlap,seed,env,auc,auc_artifact_present,auc_artifact_absent,n,n_pos,n_artifact_present,accuracy,balanced_accuracy,worst_group_accuracy,group_details_json,threshold_clean_val
corr,ruler_fixed,dinov2_b14_224,erm,0.0,42,clean,0.8101069751682075,,0.8101069751682075,356,73,0,0.7668539325842697,0.731376155670652,,"{""y0_a0"": {""n"": 283, ""accuracy"": 0.7915194346289752}, ""y0_a1"": {""n"": 0, ""accuracy"": NaN}, ""y1_a0"": {""n"": 73, ""accuracy"": 0.6712328767123288}, ""y1_a1"": {""n"": 0, ""accuracy"": NaN}}",0.18836493528830087
corr,ruler_fixed,dinov2_b14_224,erm,0.0,42,test_corr,0.9517885667263662,0.8443080357142857,0.8466230936819171,356,73,92,0.7780898876404494,0.8553414976523549,0.17857142857142858,"{""y0_a0"": {""n"": 255, ""accuracy"": 0.7843137254901961}, ""y0_a1"": {""n"": 28, ""accuracy"": 0.17857142857142858}, ""y1_a0"": {""n"": 9, ""accuracy"": 0.8888888888888888}, ""y1_a1"": {""n"": 64, ""accuracy"": 1.0}}",0.18836493528830087
corr,ruler_fixed,dinov2_b14_224,erm,0.0,42,test_rev,0.4644464882133695,0.7859078590785908,0.8624445340863252,356,73,252,0.38202247191011235,0.5045742775545767,0.21138211382113822,"{""y0_a0"": {""n"": 37, ""accuracy"": 0.8648648648648649}, ""y0_a1"": {""n"": 246, ""accuracy"": 0.21138211382113822}, ""y1_a0"": {""n"": 67, ""accuracy"": 0.6865671641791045}, ""y1_a1"": {""n"": 6, ""accuracy"": 1.0}}",0.18836493528830087
corr,ruler_fixed,dinov2_b14_224,mask,0.0,42,clean,0.7984897623311873,,0.7984897623311873,356,73,0,0.6741573033707865,0.7086499830582312,,"{""y0_a0"": {""n"": 283, ""accuracy"": 0.6501766784452296}, ""y0_a1"": {""n"": 0, ""accuracy"": NaN}, ""y1_a0"": {""n"": 73, ""accuracy"": 0.7671232876712328}, ""y1_a1"": {""n"": 0, ""accuracy"": NaN}}",0.3191990518671508
corr,ruler_fixed,dinov2_b14_224,mask,0.0,42,test_corr,0.7984897623311873,0.8526785714285714,0.8178649237472767,356,73,92,0.6741573033707865,0.7086499830582312,0.6431372549019608,"{""y0_a0"": {""n"": 255, ""accuracy"": 0.6431372549019608}, ""y0_a1"": {""n"": 28, ""accuracy"": 0.7142857142857143}, ""y1_a0"": {""n"": 9, ""accuracy"": 0.8888888888888888}, ""y1_a1"": {""n"": 64, ""accuracy"": 0.75}}",0.3191990518671508
corr,ruler_fixed,dinov2_b14_224,mask,0.0,42,test_rev,0.7984897623311873,0.9071815718157181,0.8237192416296895,356,73,252,0.6741573033707865,0.7086499830582312,0.6260162601626016,"{""y0_a0"": {""n"": 37, ""accuracy"": 0.8108108108108109}, ""y0_a1"": {""n"": 246, ""accuracy"": 0.6260162601626016}, ""y1_a0"": {""n"": 67, ""accuracy"": 0.746268656716418}, ""y1_a1"": {""n"": 6, ""accuracy"": 1.0}}",0.3191990518671508
corr,ruler_fixed,dinov2_b14_224,balanced,0.0,42,clean,0.8358584636236023,,0.8358584636236023,356,73,0,0.7752808988764045,0.7163463865627572,,"{""y0_a0"": {""n"": 283, ""accuracy"": 0.8162544169611308}, ""y0_a1"": {""n"": 0, ""accuracy"": NaN}, ""y1_a0"": {""n"": 73, ""accuracy"": 0.6164383561643836}, ""y1_a1"": {""n"": 0, ""accuracy"": NaN}}",0.37069776669670956
corr,ruler_fixed,dinov2_b14_224,balanced,0.0,42,test_corr,0.8965099956435452,0.8705357142857143,0.846623093681917,356,73,92,0.8033707865168539,0.805169659712474,0.6666666666666666,"{""y0_a0"": {""n"": 255, ""accuracy"": 0.807843137254902}, ""y0_a1"": {""n"": 28, ""accuracy"": 0.75}, ""y1_a0"": {""n"": 9, ""accuracy"": 0.6666666666666666}, ""y1_a1"": {""n"": 64, ""accuracy"": 0.828125}}",0.37069776669670956
corr,ruler_fixed,dinov2_b14_224,balanced,0.0,42,test_rev,0.7515368604482308,0.8035230352303523,0.881403791851553,356,73,252,0.7050561797752809,0.6874243671039256,0.6417910447761194,"{""y0_a0"": {""n"": 37, ""accuracy"": 0.8918918918918919}, ""y0_a1"": {""n"": 246, ""accuracy"": 0.6910569105691057}, ""y1_a0"": {""n"": 67, ""accuracy"": 0.6417910447761194}, ""y1_a1"": {""n"": 6, ""accuracy"": 0.8333333333333334}}",0.37069776669670956
corr,ruler_fixed,dinov2_b14_224,dfr,0.0,42,clean,0.7231230940510189,,0.7231230940510189,356,73,0,0.6910112359550562,0.6531777917614598,,"{""y0_a0"": {""n"": 283, ""accuracy"": 0.7173144876325088}, ""y0_a1"": {""n"": 0, ""accuracy"": NaN}, ""y1_a0"": {""n"": 73, ""accuracy"": 0.589041095890411}, ""y1_a1"": {""n"": 0, ""accuracy"": NaN}}",0.5256171959876379
corr,ruler_fixed,dinov2_b14_224,dfr,0.0,42,test_corr,0.7146038046372041,0.7645089285714286,0.6104575163398693,356,73,92,0.6938202247191011,0.660027106829953,0.4444444444444444,"{""y0_a0"": {""n"": 255, ""accuracy"": 0.7058823529411765}, ""y0_a1"": {""n"": 28, ""accuracy"": 0.8214285714285714}, ""y1_a0"": {""n"": 9, ""accuracy"": 0.4444444444444444}, ""y1_a1"": {""n"": 64, ""accuracy"": 0.625}}",0.5256171959876379
corr,ruler_fixed,dinov2_b14_224,dfr,0.0,42,test_rev,0.7177501331138971,0.6219512195121951,0.709560306575232,356,73,252,0.6797752808988764,0.6461106539522726,0.5,"{""y0_a0"": {""n"": 37, ""accuracy"": 0.6216216216216216}, ""y0_a1"": {""n"": 246, ""accuracy"": 0.7154471544715447}, ""y1_a0"": {""n"": 67, ""accuracy"": 0.5970149253731343}, ""y1_a1"": {""n"": 6, ""accuracy"": 0.5}}",0.5256171959876379
corr,ruler_fixed,dinov2_b14_224,leace,0.0,42,clean,0.8309211481678688,,0.8309211481678688,356,73,0,0.8061797752808989,0.7002033012246478,,"{""y0_a0"": {""n"": 283, ""accuracy"": 0.8798586572438163}, ""y0_a1"": {""n"": 0, ""accuracy"": NaN}, ""y1_a0"": {""n"": 73, ""accuracy"": 0.5205479452054794}, ""y1_a1"": {""n"": 0, ""accuracy"": NaN}}",0.638269992991769
corr,ruler_fixed,dinov2_b14_224,leace,0.0,42,test_corr,0.8296142117237041,0.8722098214285714,0.840958605664488,356,73,92,0.8117977528089888,0.7037368701292415,0.515625,"{""y0_a0"": {""n"": 255, ""accuracy"": 0.8745098039215686}, ""y0_a1"": {""n"": 28, ""accuracy"": 1.0}, ""y1_a0"": {""n"": 9, ""accuracy"": 0.5555555555555556}, ""y1_a1"": {""n"": 64, ""accuracy"": 0.515625}}",0.638269992991769
corr,ruler_fixed,dinov2_b14_224,leace,0.0,42,test_rev,0.8310663633283314,0.7357723577235772,0.8858410649455426,356,73,252,0.8033707865168539,0.7035190473885473,0.3333333333333333,"{""y0_a0"": {""n"": 37, ""accuracy"": 0.9459459459459459}, ""y0_a1"": {""n"": 246, ""accuracy"": 0.8617886178861789}, ""y1_a0"": {""n"": 67, ""accuracy"": 0.5522388059701493}, ""y1_a1"": {""n"": 6, ""accuracy"": 0.3333333333333333}}",0.638269992991769
corr,ruler_fixed,dinov2_b14_224,umte_protect,0.0,42,clean,0.7888087516336706,,0.7888087516336706,356,73,0,0.75,0.7309405101892638,,"{""y0_a0"": {""n"": 283, ""accuracy"": 0.7632508833922261}, ""y0_a1"": {""n"": 0, ""accuracy"": NaN}, ""y1_a0"": {""n"": 73, ""accuracy"": 0.6986301369863014}, ""y1_a1"": {""n"": 0, ""accuracy"": NaN}}",0.41871941360606
corr,ruler_fixed,dinov2_b14_224,umte_protect,0.0,42,test_corr,0.7888087516336706,0.8325892857142857,0.836165577342048,356,73,92,0.75,0.7309405101892638,0.6875,"{""y0_a0"": {""n"": 255, ""accuracy"": 0.7568627450980392}, ""y0_a1"": {""n"": 28, ""accuracy"": 0.8214285714285714}, ""y1_a0"": {""n"": 9, ""accuracy"": 0.7777777777777778}, ""y1_a1"": {""n"": 64, ""accuracy"": 0.6875}}",0.41871941360606
corr,ruler_fixed,dinov2_b14_224,umte_protect,0.0,42,test_rev,0.7888087516336706,0.8895663956639567,0.8192819685356998,356,73,252,0.75,0.7309405101892638,0.6716417910447762,"{""y0_a0"": {""n"": 37, ""accuracy"": 0.8648648648648649}, ""y0_a1"": {""n"": 246, ""accuracy"": 0.7479674796747967}, ""y1_a0"": {""n"": 67, ""accuracy"": 0.6716417910447762}, ""y1_a1"": {""n"": 6, ""accuracy"": 1.0}}",0.41871941360606
corr,ruler_fixed,dinov2_b14_224,umte_protect_balanced,0.0,42,clean,0.7861464736918534,,0.7861464736918534,356,73,0,0.7949438202247191,0.7033012246478532,,"{""y0_a0"": {""n"": 283, ""accuracy"": 0.8586572438162544}, ""y0_a1"": {""n"": 0, ""accuracy"": NaN}, ""y1_a0"": {""n"": 73, ""accuracy"": 0.547945205479452}, ""y1_a1"": {""n"": 0, ""accuracy"": NaN}}",0.5583822031464272
corr,ruler_fixed,dinov2_b14_224,umte_protect_balanced,0.0,42,test_corr,0.7861464736918534,0.82421875,0.8614379084967321,356,73,92,0.7949438202247191,0.7033012246478532,0.53125,"{""y0_a0"": {""n"": 255, ""accuracy"": 0.8549019607843137}, ""y0_a1"": {""n"": 28, ""accuracy"": 0.8928571428571429}, ""y1_a0"": {""n"": 9, ""accuracy"": 0.6666666666666666}, ""y1_a1"": {""n"": 64, ""accuracy"": 0.53125}}",0.5583822031464272
corr,ruler_fixed,dinov2_b14_224,umte_protect_balanced,0.0,42,test_rev,0.7861464736918534,0.8705962059620596,0.8297700685760387,356,73,252,0.7949438202247191,0.7033012246478532,0.5373134328358209,"{""y0_a0"": {""n"": 37, ""accuracy"": 0.8918918918918919}, ""y0_a1"": {""n"": 246, ""accuracy"": 0.8536585365853658}, ""y1_a0"": {""n"": 67, ""accuracy"": 0.5373134328358209}, ""y1_a1"": {""n"": 6, ""accuracy"": 0.6666666666666666}}",0.5583822031464272
corr,ruler_fixed,dinov2_b14_224,i2e,0.0,42,clean,0.8148990754634784,,0.8148990754634784,356,73,0,0.7921348314606742,0.7523597463575198,,"{""y0_a0"": {""n"": 283, ""accuracy"": 0.8197879858657244}, ""y0_a1"": {""n"": 0, ""accuracy"": NaN}, ""y1_a0"": {""n"": 73, ""accuracy"": 0.684931506849315}, ""y1_a1"": {""n"": 0, ""accuracy"": NaN}}",0.49284378062623824
corr,ruler_fixed,dinov2_b14_224,i2e,0.0,42,test_corr,0.8299530470981171,0.8699776785714285,0.8305010893246187,356,73,92,0.7949438202247191,0.759209061426013,0.6666666666666666,"{""y0_a0"": {""n"": 255, ""accuracy"": 0.807843137254902}, ""y0_a1"": {""n"": 28, ""accuracy"": 0.9285714285714286}, ""y1_a0"": {""n"": 9, ""accuracy"": 0.6666666666666666}, ""y1_a1"": {""n"": 64, ""accuracy"": 0.703125}}",0.49284378062623824
corr,ruler_fixed,dinov2_b14_224,i2e,0.0,42,test_rev,0.7951014085870566,0.6917344173441734,0.8757563533682937,356,73,252,0.7752808988764045,0.7417590396437388,0.5,"{""y0_a0"": {""n"": 37, ""accuracy"": 0.8378378378378378}, ""y0_a1"": {""n"": 246, ""accuracy"": 0.7926829268292683}, ""y1_a0"": {""n"": 67, ""accuracy"": 0.7014925373134329}, ""y1_a1"": {""n"": 6, ""accuracy"": 0.5}}",0.49284378062623824
corr,ruler_fixed,dinov2_b14_224,i2e_balanced,0.0,42,clean,0.8374074253352051,,0.8374074253352051,356,73,0,0.800561797752809,0.7779902221791954,,"{""y0_a0"": {""n"": 283, ""accuracy"": 0.8162544169611308}, ""y0_a1"": {""n"": 0, ""accuracy"": NaN}, ""y1_a0"": {""n"": 73, ""accuracy"": 0.7397260273972602}, ""y1_a1"": {""n"": 0, ""accuracy"": NaN}}",0.4507902561593941
corr,ruler_fixed,dinov2_b14_224,i2e_balanced,0.0,42,test_corr,0.8285977056004645,0.8777901785714286,0.8444444444444443,356,73,92,0.8033707865168539,0.7848395372476886,0.75,"{""y0_a0"": {""n"": 255, ""accuracy"": 0.8}, ""y0_a1"": {""n"": 28, ""accuracy"": 0.9642857142857143}, ""y1_a0"": {""n"": 9, ""accuracy"": 0.7777777777777778}, ""y1_a1"": {""n"": 64, ""accuracy"": 0.75}}",0.4507902561593941
corr,ruler_fixed,dinov2_b14_224,i2e_balanced,0.0,42,test_rev,0.8380850960840311,0.77710027100271,0.8769665187575635,356,73,252,0.800561797752809,0.7779902221791954,0.6666666666666666,"{""y0_a0"": {""n"": 37, ""accuracy"": 0.8918918918918919}, ""y0_a1"": {""n"": 246, ""accuracy"": 0.8048780487804879}, ""y1_a0"": {""n"": 67, ""accuracy"": 0.746268656716418}, ""y1_a1"": {""n"": 6, ""accuracy"": 0.6666666666666666}}",0.4507902561593941
corr,ruler_fixed,dinov2_b14_224,i2e_rank1,0.0,42,clean,0.7969408006195846,,0.7969408006195846,356,73,0,0.7387640449438202,0.7137083111476838,,"{""y0_a0"": {""n"": 283, ""accuracy"": 0.7561837455830389}, ""y0_a1"": {""n"": 0, ""accuracy"": NaN}, ""y1_a0"": {""n"": 73, ""accuracy"": 0.6712328767123288}, ""y1_a1"": {""n"": 0, ""accuracy"": NaN}}",0.46488647430171925
corr,ruler_fixed,dinov2_b14_224,i2e_rank1,0.0,42,test_corr,0.8265162883004985,0.7974330357142857,0.852723311546841,356,73,92,0.7415730337078652,0.7256401568323734,0.6875,"{""y0_a0"": {""n"": 255, ""accuracy"": 0.7568627450980392}, ""y0_a1"": {""n"": 28, ""accuracy"": 0.7142857142857143}, ""y1_a0"": {""n"": 9, ""accuracy"": 0.7777777777777778}, ""y1_a1"": {""n"": 64, ""accuracy"": 0.6875}}",0.46488647430171925
corr,ruler_fixed,dinov2_b14_224,i2e_rank1,0.0,42,test_rev,0.7587008083643932,0.6382113821138211,0.8406615570794675,356,73,252,0.7050561797752809,0.6975894283363183,0.5,"{""y0_a0"": {""n"": 37, ""accuracy"": 0.8378378378378378}, ""y0_a1"": {""n"": 246, ""accuracy"": 0.6910569105691057}, ""y1_a0"": {""n"": 67, ""accuracy"": 0.7014925373134329}, ""y1_a1"": {""n"": 6, ""accuracy"": 0.5}}",0.46488647430171925
corr,ruler_fixed,dinov2_b14_224,insert_aug,0.0,42,clean,0.8238056053051939,,0.8238056053051939,356,73,0,0.7865168539325843,0.7284960549881407,,"{""y0_a0"": {""n"": 283, ""accuracy"": 0.8268551236749117}, ""y0_a1"": {""n"": 0, ""accuracy"": NaN}, ""y1_a0"": {""n"": 73, ""accuracy"": 0.6301369863013698}, ""y1_a1"": {""n"": 0, ""accuracy"": NaN}}",0.24069760822037511
corr,ruler_fixed,dinov2_b14_224,insert_aug,0.0,42,test_corr,0.9420591509753619,0.8750000000000001,0.8701525054466229,356,73,92,0.8117977528089888,0.851130257998935,0.4642857142857143,"{""y0_a0"": {""n"": 255, ""accuracy"": 0.8196078431372549}, ""y0_a1"": {""n"": 28, ""accuracy"": 0.4642857142857143}, ""y1_a0"": {""n"": 9, ""accuracy"": 0.7777777777777778}, ""y1_a1"": {""n"": 64, ""accuracy"": 0.9375}}",0.24069760822037511
corr,ruler_fixed,dinov2_b14_224,insert_aug,0.0,42,test_rev,0.597415170143763,0.7757452574525745,0.8922952803549818,356,73,252,0.5028089887640449,0.5652984171547509,0.3902439024390244,"{""y0_a0"": {""n"": 37, ""accuracy"": 0.918918918918919}, ""y0_a1"": {""n"": 246, ""accuracy"": 0.3902439024390244}, ""y1_a0"": {""n"": 67, ""accuracy"": 0.6567164179104478}, ""y1_a1"": {""n"": 6, ""accuracy"": 0.8333333333333334}}",0.24069760822037511
corr,ruler_fixed,dinov2_b14_224,mte,0.0,42,clean,0.7754489568710974,,0.7754489568710974,356,73,0,0.7331460674157303,0.7254223340916792,,"{""y0_a0"": {""n"": 283, ""accuracy"": 0.7385159010600707}, ""y0_a1"": {""n"": 0, ""accuracy"": NaN}, ""y1_a0"": {""n"": 73, ""accuracy"": 0.7123287671232876}, ""y1_a1"": {""n"": 0, ""accuracy"": NaN}}",0.4079739114950195
corr,ruler_fixed,dinov2_b14_224,mte,0.0,42,test_corr,0.7754489568710974,0.82421875,0.7738562091503268,356,73,92,0.7331460674157303,0.7254223340916792,0.6875,"{""y0_a0"": {""n"": 255, ""accuracy"": 0.7294117647058823}, ""y0_a1"": {""n"": 28, ""accuracy"": 0.8214285714285714}, ""y1_a0"": {""n"": 9, ""accuracy"": 0.8888888888888888}, ""y1_a1"": {""n"": 64, ""accuracy"": 0.6875}}",0.4079739114950195
corr,ruler_fixed,dinov2_b14_224,mte,0.0,42,test_rev,0.7754489568710974,0.8949864498644986,0.8104074223477209,356,73,252,0.7331460674157303,0.7254223340916792,0.6865671641791045,"{""y0_a0"": {""n"": 37, ""accuracy"": 0.8648648648648649}, ""y0_a1"": {""n"": 246, ""accuracy"": 0.7195121951219512}, ""y1_a0"": {""n"": 67, ""accuracy"": 0.6865671641791045}, ""y1_a1"": {""n"": 6, ""accuracy"": 1.0}}",0.4079739114950195
corr,ruler_fixed,dinov2_b14_224,mte_balanced,0.0,42,clean,0.7602013650225083,,0.7602013650225083,356,73,0,0.7640449438202247,0.6940316569049809,,"{""y0_a0"": {""n"": 283, ""accuracy"": 0.8127208480565371}, ""y0_a1"": {""n"": 0, ""accuracy"": NaN}, ""y1_a0"": {""n"": 73, ""accuracy"": 0.5753424657534246}, ""y1_a1"": {""n"": 0, ""accuracy"": NaN}}",0.48410915225829493
corr,ruler_fixed,dinov2_b14_224,mte_balanced,0.0,42,test_corr,0.7602013650225083,0.80078125,0.7477124183006536,356,73,92,0.7640449438202247,0.6940316569049809,0.4444444444444444,"{""y0_a0"": {""n"": 255, ""accuracy"": 0.8117647058823529}, ""y0_a1"": {""n"": 28, ""accuracy"": 0.8214285714285714}, ""y1_a0"": {""n"": 9, ""accuracy"": 0.4444444444444444}, ""y1_a1"": {""n"": 64, ""accuracy"": 0.59375}}",0.48410915225829493
corr,ruler_fixed,dinov2_b14_224,mte_balanced,0.0,42,test_rev,0.7602013650225083,0.8719512195121952,0.7882210568777733,356,73,252,0.7640449438202247,0.6940316569049809,0.5522388059701493,"{""y0_a0"": {""n"": 37, ""accuracy"": 0.8918918918918919}, ""y0_a1"": {""n"": 246, ""accuracy"": 0.8008130081300813}, ""y1_a0"": {""n"": 67, ""accuracy"": 0.5522388059701493}, ""y1_a1"": {""n"": 6, ""accuracy"": 0.8333333333333334}}",0.48410915225829493
corr,ruler_fixed,dinov2_b14_224,ui2e,0.0,42,clean,0.8125272278425868,,0.8125272278425868,356,73,0,0.7584269662921348,0.7209932716975652,,"{""y0_a0"": {""n"": 283, ""accuracy"": 0.784452296819788}, ""y0_a1"": {""n"": 0, ""accuracy"": NaN}, ""y1_a0"": {""n"": 73, ""accuracy"": 0.6575342465753424}, ""y1_a1"": {""n"": 0, ""accuracy"": NaN}}",0.3540934025101288
corr,ruler_fixed,dinov2_b14_224,ui2e,0.0,42,test_corr,0.9044968294689966,0.8247767857142857,0.840958605664488,356,73,92,0.7696629213483146,0.8042983687496974,0.4642857142857143,"{""y0_a0"": {""n"": 255, ""accuracy"": 0.7764705882352941}, ""y0_a1"": {""n"": 28, ""accuracy"": 0.4642857142857143}, ""y1_a0"": {""n"": 9, ""accuracy"": 0.7777777777777778}, ""y1_a1"": {""n"": 64, ""accuracy"": 0.875}}",0.3540934025101288
corr,ruler_fixed,dinov2_b14_224,ui2e,0.0,42,test_rev,0.6560336899172273,0.7303523035230353,0.8676885841064945,356,73,252,0.5421348314606742,0.5951159301031028,0.44715447154471544,"{""y0_a0"": {""n"": 37, ""accuracy"": 0.8918918918918919}, ""y0_a1"": {""n"": 246, ""accuracy"": 0.44715447154471544}, ""y1_a0"": {""n"": 67, ""accuracy"": 0.6716417910447762}, ""y1_a1"": {""n"": 6, ""accuracy"": 0.8333333333333334}}",0.3540934025101288
corr,ruler_fixed,dinov2_b14_224,ui2e_balanced,0.0,42,clean,0.8275811994772254,,0.8275811994772254,356,73,0,0.699438202247191,0.729633573745099,,"{""y0_a0"": {""n"": 283, ""accuracy"": 0.6784452296819788}, ""y0_a1"": {""n"": 0, ""accuracy"": NaN}, ""y1_a0"": {""n"": 73, ""accuracy"": 0.7808219178082192}, ""y1_a1"": {""n"": 0, ""accuracy"": NaN}}",0.2697526833754928
corr,ruler_fixed,dinov2_b14_224,ui2e_balanced,0.0,42,test_corr,0.858124788227891,0.8649553571428572,0.8623093681917211,356,73,92,0.6825842696629213,0.7393629894961034,0.5,"{""y0_a0"": {""n"": 255, ""accuracy"": 0.6588235294117647}, ""y0_a1"": {""n"": 28, ""accuracy"": 0.5}, ""y1_a0"": {""n"": 9, ""accuracy"": 0.8888888888888888}, ""y1_a1"": {""n"": 64, ""accuracy"": 0.828125}}",0.2697526833754928
corr,ruler_fixed,dinov2_b14_224,ui2e_balanced,0.0,42,test_rev,0.7935040418219662,0.7913279132791328,0.8676885841064945,356,73,252,0.6235955056179775,0.6819303935330849,0.5487804878048781,"{""y0_a0"": {""n"": 37, ""accuracy"": 0.8108108108108109}, ""y0_a1"": {""n"": 246, ""accuracy"": 0.5487804878048781}, ""y1_a0"": {""n"": 67, ""accuracy"": 0.7761194029850746}, ""y1_a1"": {""n"": 6, ""accuracy"": 0.8333333333333334}}",0.2697526833754928
corr,ruler_fixed,dinov2_b14_224,umte,0.0,42,clean,0.7830969553221356,,0.7830969553221356,356,73,0,0.7752808988764045,0.7214289171789534,,"{""y0_a0"": {""n"": 283, ""accuracy"": 0.8127208480565371}, ""y0_a1"": {""n"": 0, ""accuracy"": NaN}, ""y1_a0"": {""n"": 73, ""accuracy"": 0.6301369863013698}, ""y1_a1"": {""n"": 0, ""accuracy"": NaN}}",0.5238523473851172
corr,ruler_fixed,dinov2_b14_224,umte,0.0,42,test_corr,0.7830969553221356,0.8420758928571428,0.7769063180827886,356,73,92,0.7752808988764045,0.7214289171789534,0.4444444444444444,"{""y0_a0"": {""n"": 255, ""accuracy"": 0.807843137254902}, ""y0_a1"": {""n"": 28, ""accuracy"": 0.8571428571428571}, ""y1_a0"": {""n"": 9, ""accuracy"": 0.4444444444444444}, ""y1_a1"": {""n"": 64, ""accuracy"": 0.65625}}",0.5238523473851172
corr,ruler_fixed,dinov2_b14_224,umte,0.0,42,test_rev,0.7830969553221356,0.8949864498644986,0.7789431222267043,356,73,252,0.7752808988764045,0.7214289171789534,0.6119402985074627,"{""y0_a0"": {""n"": 37, ""accuracy"": 0.8108108108108109}, ""y0_a1"": {""n"": 246, ""accuracy"": 0.8130081300813008}, ""y1_a0"": {""n"": 67, ""accuracy"": 0.6119402985074627}, ""y1_a1"": {""n"": 6, ""accuracy"": 0.8333333333333334}}",0.5238523473851172
corr,ruler_fixed,dinov2_b14_224,umte_balanced,0.0,42,clean,0.7886151314197203,,0.7886151314197203,356,73,0,0.7528089887640449,0.7022121109443826,,"{""y0_a0"": {""n"": 283, ""accuracy"": 0.7879858657243817}, ""y0_a1"": {""n"": 0, ""accuracy"": NaN}, ""y1_a0"": {""n"": 73, ""accuracy"": 0.6164383561643836}, ""y1_a1"": {""n"": 0, ""accuracy"": NaN}}",0.4470846476441663
corr,ruler_fixed,dinov2_b14_224,umte_balanced,0.0,42,test_corr,0.7886151314197203,0.8437500000000001,0.7891067538126362,356,73,92,0.7528089887640449,0.7022121109443826,0.4444444444444444,"{""y0_a0"": {""n"": 255, ""accuracy"": 0.7843137254901961}, ""y0_a1"": {""n"": 28, ""accuracy"": 0.8214285714285714}, ""y1_a0"": {""n"": 9, ""accuracy"": 0.4444444444444444}, ""y1_a1"": {""n"": 64, ""accuracy"": 0.640625}}",0.4470846476441663
corr,ruler_fixed,dinov2_b14_224,umte_balanced,0.0,42,test_rev,0.7886151314197203,0.8882113821138211,0.7914481645824929,356,73,252,0.7528089887640449,0.7022121109443826,0.5970149253731343,"{""y0_a0"": {""n"": 37, ""accuracy"": 0.8648648648648649}, ""y0_a1"": {""n"": 246, ""accuracy"": 0.7764227642276422}, ""y1_a0"": {""n"": 67, ""accuracy"": 0.5970149253731343}, ""y1_a1"": {""n"": 6, ""accuracy"": 0.8333333333333334}}",0.4470846476441663
corr,ruler_fixed,dinov2_b14_224,erm,0.0,123,clean,0.7899704729173725,,0.7899704729173725,356,73,0,0.7387640449438202,0.7187908417638802,,"{""y0_a0"": {""n"": 283, ""accuracy"": 0.7526501766784452}, ""y0_a1"": {""n"": 0, ""accuracy"": NaN}, ""y1_a0"": {""n"": 73, ""accuracy"": 0.684931506849315}, ""y1_a1"": {""n"": 0, ""accuracy"": NaN}}",0.1585309290253594
corr,ruler_fixed,dinov2_b14_224,erm,0.0,123,test_corr,0.945544314826468,0.8350132625994695,0.8021653543307087,356,73,94,0.7415730337078652,0.8272907691562998,0.13793103448275862,"{""y0_a0"": {""n"": 254, ""accuracy"": 0.7440944881889764}, ""y0_a1"": {""n"": 29, ""accuracy"": 0.13793103448275862}, ""y1_a0"": {""n"": 8, ""accuracy"": 0.75}, ""y1_a1"": {""n"": 65, ""accuracy"": 1.0}}",0.1585309290253594
corr,ruler_fixed,dinov2_b14_224,erm,0.0,123,test_rev,0.4161866498862481,0.8450772200772201,0.6993589743589743,356,73,267,0.27808988764044945,0.4392032528195943,0.1274131274131274,"{""y0_a0"": {""n"": 24, ""accuracy"": 0.5833333333333334}, ""y0_a1"": {""n"": 259, ""accuracy"": 0.1274131274131274}, ""y1_a0"": {""n"": 65, ""accuracy"": 0.676923076923077}, ""y1_a1"": {""n"": 8, ""accuracy"": 1.0}}",0.1585309290253594
corr,ruler_fixed,dinov2_b14_224,mask,0.0,123,clean,0.7984897623311873,,0.7984897623311873,356,73,0,0.6741573033707865,0.7086499830582312,,"{""y0_a0"": {""n"": 283, ""accuracy"": 0.6501766784452296}, ""y0_a1"": {""n"": 0, ""accuracy"": NaN}, ""y1_a0"": {""n"": 73, ""accuracy"": 0.7671232876712328}, ""y1_a1"": {""n"": 0, ""accuracy"": NaN}}",0.3191990518671508
corr,ruler_fixed,dinov2_b14_224,mask,0.0,123,test_corr,0.7984897623311873,0.8047745358090186,0.7283464566929133,356,73,94,0.6741573033707865,0.7086499830582312,0.625,"{""y0_a0"": {""n"": 254, ""accuracy"": 0.6496062992125984}, ""y0_a1"": {""n"": 29, ""accuracy"": 0.6551724137931034}, ""y1_a0"": {""n"": 8, ""accuracy"": 0.625}, ""y1_a1"": {""n"": 65, ""accuracy"": 0.7846153846153846}}",0.3191990518671508
corr,ruler_fixed,dinov2_b14_224,mask,0.0,123,test_rev,0.7984897623311873,0.7142857142857143,0.7506410256410256,356,73,267,0.6741573033707865,0.7086499830582312,0.5833333333333334,"{""y0_a0"": {""n"": 24, ""accuracy"": 0.5833333333333334}, ""y0_a1"": {""n"": 259, ""accuracy"": 0.6563706563706564}, ""y1_a0"": {""n"": 65, ""accuracy"": 0.7846153846153846}, ""y1_a1"": {""n"": 8, ""accuracy"": 0.625}}",0.3191990518671508
corr,ruler_fixed,dinov2_b14_224,balanced,0.0,123,clean,0.7970376107265599,,0.7970376107265599,356,73,0,0.7387640449438202,0.6984607192990948,,"{""y0_a0"": {""n"": 283, ""accuracy"": 0.7667844522968198}, ""y0_a1"": {""n"": 0, ""accuracy"": NaN}, ""y1_a0"": {""n"": 73, ""accuracy"": 0.6301369863013698}, ""y1_a1"": {""n"": 0, ""accuracy"": NaN}}",0.31656079576632457
corr,ruler_fixed,dinov2_b14_224,balanced,0.0,123,test_corr,0.871726608257902,0.8281167108753316,0.7593503937007874,356,73,94,0.7528089887640449,0.7581199477225422,0.5,"{""y0_a0"": {""n"": 254, ""accuracy"": 0.7559055118110236}, ""y0_a1"": {""n"": 29, ""accuracy"": 0.6896551724137931}, ""y1_a0"": {""n"": 8, ""accuracy"": 0.5}, ""y1_a1"": {""n"": 65, ""accuracy"": 0.8}}",0.31656079576632457
corr,ruler_fixed,dinov2_b14_224,balanced,0.0,123,test_rev,0.697613630863062,0.8556949806949807,0.7333333333333333,356,73,267,0.6264044943820225,0.6328718718234183,0.6153846153846154,"{""y0_a0"": {""n"": 24, ""accuracy"": 0.6666666666666666}, ""y0_a1"": {""n"": 259, ""accuracy"": 0.6177606177606177}, ""y1_a0"": {""n"": 65, ""accuracy"": 0.6153846153846154}, ""y1_a1"": {""n"": 8, ""accuracy"": 0.875}}",0.31656079576632457
corr,ruler_fixed,dinov2_b14_224,dfr,0.0,123,clean,0.7617019216806235,,0.7617019216806235,356,73,0,0.7387640449438202,0.6832131274505058,,"{""y0_a0"": {""n"": 283, ""accuracy"": 0.7773851590106007}, ""y0_a1"": {""n"": 0, ""accuracy"": NaN}, ""y1_a0"": {""n"": 73, ""accuracy"": 0.589041095890411}, ""y1_a1"": {""n"": 0, ""accuracy"": NaN}}",0.6075775328222183
corr,ruler_fixed,dinov2_b14_224,dfr,0.0,123,test_corr,0.7492134178808267,0.7941644562334218,0.6840551181102362,356,73,94,0.7275280898876404,0.6558158671765333,0.375,"{""y0_a0"": {""n"": 254, ""accuracy"": 0.7677165354330708}, ""y0_a1"": {""n"": 29, ""accuracy"": 0.8620689655172413}, ""y1_a0"": {""n"": 8, ""accuracy"": 0.375}, ""y1_a1"": {""n"": 65, ""accuracy"": 0.5538461538461539}}",0.6075775328222183
corr,ruler_fixed,dinov2_b14_224,dfr,0.0,123,test_rev,0.7605402003969214,0.7195945945945946,0.6961538461538462,356,73,267,0.7556179775280899,0.6938138341642868,0.375,"{""y0_a0"": {""n"": 24, ""accuracy"": 0.625}, ""y0_a1"": {""n"": 259, ""accuracy"": 0.8146718146718147}, ""y1_a0"": {""n"": 65, ""accuracy"": 0.6153846153846154}, ""y1_a1"": {""n"": 8, ""accuracy"": 0.375}}",0.6075775328222183
corr,ruler_fixed,dinov2_b14_224,leace,0.0,123,clean,0.8310663633283314,,0.8310663633283314,356,73,0,0.8033707865168539,0.698436516772351,,"{""y0_a0"": {""n"": 283, ""accuracy"": 0.8763250883392226}, ""y0_a1"": {""n"": 0, ""accuracy"": NaN}, ""y1_a0"": {""n"": 73, ""accuracy"": 0.5205479452054794}, ""y1_a1"": {""n"": 0, ""accuracy"": NaN}}",0.6316180144059479
corr,ruler_fixed,dinov2_b14_224,leace,0.0,123,test_corr,0.8272907691562998,0.8748010610079575,0.7755905511811024,356,73,94,0.797752808988764,0.6847378866353647,0.25,"{""y0_a0"": {""n"": 254, ""accuracy"": 0.8661417322834646}, ""y0_a1"": {""n"": 29, ""accuracy"": 0.9655172413793104}, ""y1_a0"": {""n"": 8, ""accuracy"": 0.25}, ""y1_a1"": {""n"": 65, ""accuracy"": 0.5230769230769231}}",0.6316180144059479
corr,ruler_fixed,dinov2_b14_224,leace,0.0,123,test_rev,0.8291301611888281,0.88996138996139,0.7717948717948718,356,73,267,0.8033707865168539,0.698436516772351,0.5,"{""y0_a0"": {""n"": 24, ""accuracy"": 0.7916666666666666}, ""y0_a1"": {""n"": 259, ""accuracy"": 0.8841698841698842}, ""y1_a0"": {""n"": 65, ""accuracy"": 0.5230769230769231}, ""y1_a1"": {""n"": 8, ""accuracy"": 0.5}}",0.6316180144059479
corr,ruler_fixed,dinov2_b14_224,umte_protect,0.0,123,clean,0.7966019652451716,,0.7966019652451716,356,73,0,0.8033707865168539,0.6781063943075657,,"{""y0_a0"": {""n"": 283, ""accuracy"": 0.8904593639575972}, ""y0_a1"": {""n"": 0, ""accuracy"": NaN}, ""y1_a0"": {""n"": 73, ""accuracy"": 0.4657534246575342}, ""y1_a1"": {""n"": 0, ""accuracy"": NaN}}",0.6396375428430522
corr,ruler_fixed,dinov2_b14_224,umte_protect,0.0,123,test_corr,0.7966019652451716,0.8122015915119363,0.7416338582677166,356,73,94,0.8033707865168539,0.6781063943075657,0.4461538461538462,"{""y0_a0"": {""n"": 254, ""accuracy"": 0.889763779527559}, ""y0_a1"": {""n"": 29, ""accuracy"": 0.896551724137931}, ""y1_a0"": {""n"": 8, ""accuracy"": 0.625}, ""y1_a1"": {""n"": 65, ""accuracy"": 0.4461538461538462}}",0.6396375428430522
corr,ruler_fixed,dinov2_b14_224,umte_protect,0.0,123,test_rev,0.7966019652451716,0.7138030888030888,0.7480769230769231,356,73,267,0.8033707865168539,0.6781063943075657,0.25,"{""y0_a0"": {""n"": 24, ""accuracy"": 0.75}, ""y0_a1"": {""n"": 259, ""accuracy"": 0.9034749034749034}, ""y1_a0"": {""n"": 65, ""accuracy"": 0.49230769230769234}, ""y1_a1"": {""n"": 8, ""accuracy"": 0.25}}",0.6396375428430522
corr,ruler_fixed,dinov2_b14_224,umte_protect_balanced,0.0,123,clean,0.783968246284912,,0.783968246284912,356,73,0,0.7724719101123596,0.709497071494264,,"{""y0_a0"": {""n"": 283, ""accuracy"": 0.8162544169611308}, ""y0_a1"": {""n"": 0, ""accuracy"": NaN}, ""y1_a0"": {""n"": 73, ""accuracy"": 0.6027397260273972}, ""y1_a1"": {""n"": 0, ""accuracy"": NaN}}",0.5065630827017399
corr,ruler_fixed,dinov2_b14_224,umte_protect_balanced,0.0,123,test_corr,0.783968246284912,0.7978779840848806,0.7155511811023622,356,73,94,0.7724719101123596,0.709497071494264,0.6,"{""y0_a0"": {""n"": 254, ""accuracy"": 0.8228346456692913}, ""y0_a1"": {""n"": 29, ""accuracy"": 0.7586206896551724}, ""y1_a0"": {""n"": 8, ""accuracy"": 0.625}, ""y1_a1"": {""n"": 65, ""accuracy"": 0.6}}",0.5065630827017399
corr,ruler_fixed,dinov2_b14_224,umte_protect_balanced,0.0,123,test_rev,0.783968246284912,0.6722972972972973,0.7288461538461538,356,73,267,0.7724719101123596,0.709497071494264,0.375,"{""y0_a0"": {""n"": 24, ""accuracy"": 0.75}, ""y0_a1"": {""n"": 259, ""accuracy"": 0.8223938223938224}, ""y1_a0"": {""n"": 65, ""accuracy"": 0.6307692307692307}, ""y1_a1"": {""n"": 8, ""accuracy"": 0.375}}",0.5065630827017399
corr,ruler_fixed,dinov2_b14_224,i2e,0.0,123,clean,0.8131564935379253,,0.8131564935379253,356,73,0,0.7893258426966292,0.750592961905223,,"{""y0_a0"": {""n"": 283, ""accuracy"": 0.8162544169611308}, ""y0_a1"": {""n"": 0, ""accuracy"": NaN}, ""y1_a0"": {""n"": 73, ""accuracy"": 0.684931506849315}, ""y1_a1"": {""n"": 0, ""accuracy"": NaN}}",0.47829640811070095
corr,ruler_fixed,dinov2_b14_224,i2e,0.0,123,test_corr,0.8289365409748777,0.8535809018567638,0.7401574803149606,356,73,94,0.7949438202247191,0.7642915920422092,0.5,"{""y0_a0"": {""n"": 254, ""accuracy"": 0.8070866141732284}, ""y0_a1"": {""n"": 29, ""accuracy"": 0.896551724137931}, ""y1_a0"": {""n"": 8, ""accuracy"": 0.5}, ""y1_a1"": {""n"": 65, ""accuracy"": 0.7384615384615385}}",0.47829640811070095
corr,ruler_fixed,dinov2_b14_224,i2e,0.0,123,test_rev,0.7946173580521806,0.8556949806949807,0.7506410256410256,356,73,267,0.7752808988764045,0.7519241008761315,0.7076923076923077,"{""y0_a0"": {""n"": 24, ""accuracy"": 0.7083333333333334}, ""y0_a1"": {""n"": 259, ""accuracy"": 0.7992277992277992}, ""y1_a0"": {""n"": 65, ""accuracy"": 0.7076923076923077}, ""y1_a1"": {""n"": 8, ""accuracy"": 0.75}}",0.47829640811070095
corr,ruler_fixed,dinov2_b14_224,i2e_balanced,0.0,123,clean,0.8029430272520451,,0.8029430272520451,356,73,0,0.7780898876404494,0.718113171015054,,"{""y0_a0"": {""n"": 283, ""accuracy"": 0.8197879858657244}, ""y0_a1"": {""n"": 0, ""accuracy"": NaN}, ""y1_a0"": {""n"": 73, ""accuracy"": 0.6164383561643836}, ""y1_a1"": {""n"": 0, ""accuracy"": NaN}}",0.5085100411137095
corr,ruler_fixed,dinov2_b14_224,i2e_balanced,0.0,123,test_corr,0.8012488503799796,0.8318302387267904,0.7130905511811023,356,73,94,0.7837078651685393,0.7267292705358439,0.375,"{""y0_a0"": {""n"": 254, ""accuracy"": 0.8149606299212598}, ""y0_a1"": {""n"": 29, ""accuracy"": 0.896551724137931}, ""y1_a0"": {""n"": 8, ""accuracy"": 0.375}, ""y1_a1"": {""n"": 65, ""accuracy"": 0.6615384615384615}}",0.5085100411137095
corr,ruler_fixed,dinov2_b14_224,i2e_balanced,0.0,123,test_rev,0.8015392807009052,0.8325289575289576,0.7384615384615385,356,73,267,0.7808988764044944,0.7198799554673507,0.6153846153846154,"{""y0_a0"": {""n"": 24, ""accuracy"": 0.7083333333333334}, ""y0_a1"": {""n"": 259, ""accuracy"": 0.833976833976834}, ""y1_a0"": {""n"": 65, ""accuracy"": 0.6153846153846154}, ""y1_a1"": {""n"": 8, ""accuracy"": 0.625}}",0.5085100411137095
corr,ruler_fixed,dinov2_b14_224,i2e_rank1,0.0,123,clean,0.7966987753521467,,0.7966987753521467,356,73,0,0.7191011235955056,0.7064233505978024,,"{""y0_a0"": {""n"": 283, ""accuracy"": 0.7279151943462897}, ""y0_a1"": {""n"": 0, ""accuracy"": NaN}, ""y1_a0"": {""n"": 73, ""accuracy"": 0.684931506849315}, ""y1_a1"": {""n"": 0, ""accuracy"": NaN}}",0.4467979365326657
corr,ruler_fixed,dinov2_b14_224,i2e_rank1,0.0,123,test_corr,0.8274843893702503,0.8291777188328913,0.7076771653543308,356,73,94,0.7219101123595506,0.7234377268986882,0.5,"{""y0_a0"": {""n"": 254, ""accuracy"": 0.7244094488188977}, ""y0_a1"": {""n"": 29, ""accuracy"": 0.6896551724137931}, ""y1_a0"": {""n"": 8, ""accuracy"": 0.5}, ""y1_a1"": {""n"": 65, ""accuracy"": 0.7538461538461538}}",0.4467979365326657
corr,ruler_fixed,dinov2_b14_224,i2e_rank1,0.0,123,test_rev,0.7589428336318311,0.8566602316602316,0.7423076923076923,356,73,267,0.6797752808988764,0.6867708988818433,0.5416666666666666,"{""y0_a0"": {""n"": 24, ""accuracy"": 0.5416666666666666}, ""y0_a1"": {""n"": 259, ""accuracy"": 0.6872586872586872}, ""y1_a0"": {""n"": 65, ""accuracy"": 0.676923076923077}, ""y1_a1"": {""n"": 8, ""accuracy"": 0.875}}",0.4467979365326657
corr,ruler_fixed,dinov2_b14_224,insert_aug,0.0,123,clean,0.8148990754634784,,0.8148990754634784,356,73,0,0.8033707865168539,0.728931700469529,,"{""y0_a0"": {""n"": 283, ""accuracy"": 0.8551236749116607}, ""y0_a1"": {""n"": 0, ""accuracy"": NaN}, ""y1_a0"": {""n"": 73, ""accuracy"": 0.6027397260273972}, ""y1_a1"": {""n"": 0, ""accuracy"": NaN}}",0.26946704680086314
corr,ruler_fixed,dinov2_b14_224,insert_aug,0.0,123,test_corr,0.931216418994143,0.8705570291777189,0.7755905511811024,356,73,94,0.8202247191011236,0.8411830195072365,0.375,"{""y0_a0"": {""n"": 254, ""accuracy"": 0.8464566929133859}, ""y0_a1"": {""n"": 29, ""accuracy"": 0.4482758620689655}, ""y1_a0"": {""n"": 8, ""accuracy"": 0.375}, ""y1_a1"": {""n"": 65, ""accuracy"": 0.9384615384615385}}",0.26946704680086314
corr,ruler_fixed,dinov2_b14_224,insert_aug,0.0,123,test_rev,0.5822159833486615,0.8653474903474903,0.7455128205128205,356,73,267,0.5112359550561798,0.5553511786630524,0.4594594594594595,"{""y0_a0"": {""n"": 24, ""accuracy"": 0.7083333333333334}, ""y0_a1"": {""n"": 259, ""accuracy"": 0.4594594594594595}, ""y1_a0"": {""n"": 65, ""accuracy"": 0.5846153846153846}, ""y1_a1"": {""n"": 8, ""accuracy"": 1.0}}",0.26946704680086314
corr,ruler_fixed,dinov2_b14_224,mte,0.0,123,clean,0.7754489568710974,,0.7754489568710974,356,73,0,0.7331460674157303,0.7254223340916792,,"{""y0_a0"": {""n"": 283, ""accuracy"": 0.7385159010600707}, ""y0_a1"": {""n"": 0, ""accuracy"": NaN}, ""y1_a0"": {""n"": 73, ""accuracy"": 0.7123287671232876}, ""y1_a1"": {""n"": 0, ""accuracy"": NaN}}",0.4079739114950195
corr,ruler_fixed,dinov2_b14_224,mte,0.0,123,test_corr,0.7754489568710974,0.7846153846153847,0.7283464566929134,356,73,94,0.7331460674157303,0.7254223340916792,0.625,"{""y0_a0"": {""n"": 254, ""accuracy"": 0.7401574803149606}, ""y0_a1"": {""n"": 29, ""accuracy"": 0.7241379310344828}, ""y1_a0"": {""n"": 8, ""accuracy"": 0.625}, ""y1_a1"": {""n"": 65, ""accuracy"": 0.7230769230769231}}",0.4079739114950195
corr,ruler_fixed,dinov2_b14_224,mte,0.0,123,test_rev,0.7754489568710974,0.627895752895753,0.7602564102564103,356,73,267,0.7331460674157303,0.7254223340916792,0.5,"{""y0_a0"": {""n"": 24, ""accuracy"": 0.7083333333333334}, ""y0_a1"": {""n"": 259, ""accuracy"": 0.7413127413127413}, ""y1_a0"": {""n"": 65, ""accuracy"": 0.7384615384615385}, ""y1_a1"": {""n"": 8, ""accuracy"": 0.5}}",0.4079739114950195
corr,ruler_fixed,dinov2_b14_224,mte_balanced,0.0,123,clean,0.7707536666828017,,0.7707536666828017,356,73,0,0.7724719101123596,0.6739193571808897,,"{""y0_a0"": {""n"": 283, ""accuracy"": 0.8409893992932862}, ""y0_a1"": {""n"": 0, ""accuracy"": NaN}, ""y1_a0"": {""n"": 73, ""accuracy"": 0.5068493150684932}, ""y1_a1"": {""n"": 0, ""accuracy"": NaN}}",0.5380025088366283
corr,ruler_fixed,dinov2_b14_224,mte_balanced,0.0,123,test_corr,0.7707536666828017,0.7803713527851458,0.7411417322834646,356,73,94,0.7724719101123596,0.6739193571808897,0.49230769230769234,"{""y0_a0"": {""n"": 254, ""accuracy"": 0.8385826771653543}, ""y0_a1"": {""n"": 29, ""accuracy"": 0.8620689655172413}, ""y1_a0"": {""n"": 8, ""accuracy"": 0.625}, ""y1_a1"": {""n"": 65, ""accuracy"": 0.49230769230769234}}",0.5380025088366283
corr,ruler_fixed,dinov2_b14_224,mte_balanced,0.0,123,test_rev,0.7707536666828017,0.5892857142857143,0.7653846153846153,356,73,267,0.7724719101123596,0.6739193571808897,0.25,"{""y0_a0"": {""n"": 24, ""accuracy"": 0.8333333333333334}, ""y0_a1"": {""n"": 259, ""accuracy"": 0.8416988416988417}, ""y1_a0"": {""n"": 65, ""accuracy"": 0.5384615384615384}, ""y1_a1"": {""n"": 8, ""accuracy"": 0.25}}",0.5380025088366283
corr,ruler_fixed,dinov2_b14_224,ui2e,0.0,123,clean,0.8057021153008374,,0.8057021153008374,356,73,0,0.7780898876404494,0.7231957016312502,,"{""y0_a0"": {""n"": 283, ""accuracy"": 0.8162544169611308}, ""y0_a1"": {""n"": 0, ""accuracy"": NaN}, ""y1_a0"": {""n"": 73, ""accuracy"": 0.6301369863013698}, ""y1_a1"": {""n"": 0, ""accuracy"": NaN}}",0.38439446679498424
corr,ruler_fixed,dinov2_b14_224,ui2e,0.0,123,test_corr,0.9029962728108815,0.8472148541114058,0.7106299212598425,356,73,94,0.7893258426966292,0.8065007986833825,0.375,"{""y0_a0"": {""n"": 254, ""accuracy"": 0.8070866141732284}, ""y0_a1"": {""n"": 29, ""accuracy"": 0.5172413793103449}, ""y1_a0"": {""n"": 8, ""accuracy"": 0.375}, ""y1_a1"": {""n"": 65, ""accuracy"": 0.8923076923076924}}",0.38439446679498424
corr,ruler_fixed,dinov2_b14_224,ui2e,0.0,123,test_rev,0.6369620988431192,0.8470077220077221,0.7461538461538462,356,73,267,0.5702247191011236,0.597536182777482,0.5328185328185329,"{""y0_a0"": {""n"": 24, ""accuracy"": 0.75}, ""y0_a1"": {""n"": 259, ""accuracy"": 0.5328185328185329}, ""y1_a0"": {""n"": 65, ""accuracy"": 0.6153846153846154}, ""y1_a1"": {""n"": 8, ""accuracy"": 0.875}}",0.38439446679498424
corr,ruler_fixed,dinov2_b14_224,ui2e_balanced,0.0,123,clean,0.7971344208335349,,0.7971344208335349,356,73,0,0.7612359550561798,0.738007647998451,,"{""y0_a0"": {""n"": 283, ""accuracy"": 0.7773851590106007}, ""y0_a1"": {""n"": 0, ""accuracy"": NaN}, ""y1_a0"": {""n"": 73, ""accuracy"": 0.6986301369863014}, ""y1_a1"": {""n"": 0, ""accuracy"": NaN}}",0.39466633251532507
corr,ruler_fixed,dinov2_b14_224,ui2e_balanced,0.0,123,test_corr,0.8331961856817851,0.836604774535809,0.6978346456692914,356,73,94,0.7640449438202247,0.7550220242993368,0.5,"{""y0_a0"": {""n"": 254, ""accuracy"": 0.7716535433070866}, ""y0_a1"": {""n"": 29, ""accuracy"": 0.7586206896551724}, ""y1_a0"": {""n"": 8, ""accuracy"": 0.5}, ""y1_a1"": {""n"": 65, ""accuracy"": 0.7692307692307693}}",0.39466633251532507
corr,ruler_fixed,dinov2_b14_224,ui2e_balanced,0.0,123,test_rev,0.7583135679364927,0.8576254826254827,0.7294871794871796,356,73,267,0.7106741573033708,0.7112880584733046,0.6666666666666666,"{""y0_a0"": {""n"": 24, ""accuracy"": 0.6666666666666666}, ""y0_a1"": {""n"": 259, ""accuracy"": 0.7142857142857143}, ""y1_a0"": {""n"": 65, ""accuracy"": 0.6923076923076923}, ""y1_a1"": {""n"": 8, ""accuracy"": 0.875}}",0.39466633251532507
corr,ruler_fixed,dinov2_b14_224,umte,0.0,123,clean,0.7830969553221356,,0.7830969553221356,356,73,0,0.7752808988764045,0.7214289171789534,,"{""y0_a0"": {""n"": 283, ""accuracy"": 0.8127208480565371}, ""y0_a1"": {""n"": 0, ""accuracy"": NaN}, ""y1_a0"": {""n"": 73, ""accuracy"": 0.6301369863013698}, ""y1_a1"": {""n"": 0, ""accuracy"": NaN}}",0.5238523473851172
corr,ruler_fixed,dinov2_b14_224,umte,0.0,123,test_corr,0.7830969553221356,0.8079575596816976,0.7298228346456692,356,73,94,0.7752808988764045,0.7214289171789534,0.625,"{""y0_a0"": {""n"": 254, ""accuracy"": 0.8031496062992126}, ""y0_a1"": {""n"": 29, ""accuracy"": 0.896551724137931}, ""y1_a0"": {""n"": 8, ""accuracy"": 0.625}, ""y1_a1"": {""n"": 65, ""accuracy"": 0.6307692307692307}}",0.5238523473851172
corr,ruler_fixed,dinov2_b14_224,umte,0.0,123,test_rev,0.7830969553221356,0.6838803088803088,0.7506410256410256,356,73,267,0.7752808988764045,0.7214289171789534,0.5,"{""y0_a0"": {""n"": 24, ""accuracy"": 0.6666666666666666}, ""y0_a1"": {""n"": 259, ""accuracy"": 0.8262548262548263}, ""y1_a0"": {""n"": 65, ""accuracy"": 0.6461538461538462}, ""y1_a1"": {""n"": 8, ""accuracy"": 0.5}}",0.5238523473851172
corr,ruler_fixed,dinov2_b14_224,umte_balanced,0.0,123,clean,0.7729802991432305,,0.7729802991432305,356,73,0,0.6067415730337079,0.6764122174355003,,"{""y0_a0"": {""n"": 283, ""accuracy"": 0.558303886925795}, ""y0_a1"": {""n"": 0, ""accuracy"": NaN}, ""y1_a0"": {""n"": 73, ""accuracy"": 0.7945205479452054}, ""y1_a1"": {""n"": 0, ""accuracy"": NaN}}",0.26802267547431546
corr,ruler_fixed,dinov2_b14_224,umte_balanced,0.0,123,test_corr,0.7729802991432305,0.7968169761273209,0.71751968503937,356,73,94,0.6067415730337079,0.6764122174355003,0.5511811023622047,"{""y0_a0"": {""n"": 254, ""accuracy"": 0.5511811023622047}, ""y0_a1"": {""n"": 29, ""accuracy"": 0.6206896551724138}, ""y1_a0"": {""n"": 8, ""accuracy"": 0.625}, ""y1_a1"": {""n"": 65, ""accuracy"": 0.8153846153846154}}",0.26802267547431546
corr,ruler_fixed,dinov2_b14_224,umte_balanced,0.0,123,test_rev,0.7729802991432305,0.6554054054054054,0.741025641025641,356,73,267,0.6067415730337079,0.6764122174355003,0.4583333333333333,"{""y0_a0"": {""n"": 24, ""accuracy"": 0.4583333333333333}, ""y0_a1"": {""n"": 259, ""accuracy"": 0.5675675675675675}, ""y1_a0"": {""n"": 65, ""accuracy"": 0.8153846153846154}, ""y1_a1"": {""n"": 8, ""accuracy"": 0.625}}",0.26802267547431546
corr,ruler_fixed,dinov2_b14_224,erm,0.0,456,clean,0.7832905755360858,,0.7832905755360858,356,73,0,0.7528089887640449,0.7123771721767753,,"{""y0_a0"": {""n"": 283, ""accuracy"": 0.7809187279151943}, ""y0_a1"": {""n"": 0, ""accuracy"": NaN}, ""y1_a0"": {""n"": 73, ""accuracy"": 0.6438356164383562}, ""y1_a1"": {""n"": 0, ""accuracy"": NaN}}",0.1850888890473101
corr,ruler_fixed,dinov2_b14_224,erm,0.0,456,test_corr,0.9671329686819304,0.8308823529411764,0.9315175097276265,356,73,94,0.7865168539325843,0.8606418510092453,0.3076923076923077,"{""y0_a0"": {""n"": 257, ""accuracy"": 0.7782101167315175}, ""y0_a1"": {""n"": 26, ""accuracy"": 0.3076923076923077}, ""y1_a0"": {""n"": 5, ""accuracy"": 0.8}, ""y1_a1"": {""n"": 68, ""accuracy"": 1.0}}",0.1850888890473101
corr,ruler_fixed,dinov2_b14_224,erm,0.0,456,test_rev,0.433080013553415,0.7901234567901234,0.815524193548387,356,73,261,0.33707865168539325,0.4712231957016313,0.1746031746031746,"{""y0_a0"": {""n"": 31, ""accuracy"": 0.8064516129032258}, ""y0_a1"": {""n"": 252, ""accuracy"": 0.1746031746031746}, ""y1_a0"": {""n"": 64, ""accuracy"": 0.65625}, ""y1_a1"": {""n"": 9, ""accuracy"": 1.0}}",0.1850888890473101
corr,ruler_fixed,dinov2_b14_224,mask,0.0,456,clean,0.7984897623311873,,0.7984897623311873,356,73,0,0.6741573033707865,0.7086499830582312,,"{""y0_a0"": {""n"": 283, ""accuracy"": 0.6501766784452296}, ""y0_a1"": {""n"": 0, ""accuracy"": NaN}, ""y1_a0"": {""n"": 73, ""accuracy"": 0.7671232876712328}, ""y1_a1"": {""n"": 0, ""accuracy"": NaN}}",0.3191990518671508
corr,ruler_fixed,dinov2_b14_224,mask,0.0,456,test_corr,0.7984897623311873,0.7709276018099548,0.9315175097276265,356,73,94,0.6741573033707865,0.7086499830582312,0.6153846153846154,"{""y0_a0"": {""n"": 257, ""accuracy"": 0.6536964980544747}, ""y0_a1"": {""n"": 26, ""accuracy"": 0.6153846153846154}, ""y1_a0"": {""n"": 5, ""accuracy"": 1.0}, ""y1_a1"": {""n"": 68, ""accuracy"": 0.75}}",0.3191990518671508
corr,ruler_fixed,dinov2_b14_224,mask,0.0,456,test_rev,0.7984897623311873,0.8972663139329806,0.8084677419354839,356,73,261,0.6741573033707865,0.7086499830582312,0.6468253968253969,"{""y0_a0"": {""n"": 31, ""accuracy"": 0.6774193548387096}, ""y0_a1"": {""n"": 252, ""accuracy"": 0.6468253968253969}, ""y1_a0"": {""n"": 64, ""accuracy"": 0.734375}, ""y1_a1"": {""n"": 9, ""accuracy"": 1.0}}",0.3191990518671508
corr,ruler_fixed,dinov2_b14_224,balanced,0.0,456,clean,0.7765622731013119,,0.7765622731013119,356,73,0,0.6910112359550562,0.6684253836100489,,"{""y0_a0"": {""n"": 283, ""accuracy"": 0.7067137809187279}, ""y0_a1"": {""n"": 0, ""accuracy"": NaN}, ""y1_a0"": {""n"": 73, ""accuracy"": 0.6301369863013698}, ""y1_a1"": {""n"": 0, ""accuracy"": NaN}}",0.4338265812679815
corr,ruler_fixed,dinov2_b14_224,balanced,0.0,456,test_corr,0.8061861658357132,0.7285067873303168,0.9120622568093385,356,73,94,0.7078651685393258,0.7196863352534004,0.5384615384615384,"{""y0_a0"": {""n"": 257, ""accuracy"": 0.7159533073929961}, ""y0_a1"": {""n"": 26, ""accuracy"": 0.5384615384615384}, ""y1_a0"": {""n"": 5, ""accuracy"": 0.8}, ""y1_a1"": {""n"": 68, ""accuracy"": 0.7352941176470589}}",0.4338265812679815
corr,ruler_fixed,dinov2_b14_224,balanced,0.0,456,test_rev,0.7450505832808946,0.810405643738977,0.7827620967741935,356,73,261,0.6629213483146067,0.6507575390870807,0.609375,"{""y0_a0"": {""n"": 31, ""accuracy"": 0.7741935483870968}, ""y0_a1"": {""n"": 252, ""accuracy"": 0.6587301587301587}, ""y1_a0"": {""n"": 64, ""accuracy"": 0.609375}, ""y1_a1"": {""n"": 9, ""accuracy"": 0.7777777777777778}}",0.4338265812679815
corr,ruler_fixed,dinov2_b14_224,dfr,0.0,456,clean,0.7257369669393484,,0.7257369669393484,356,73,0,0.7050561797752809,0.6518466527905513,,"{""y0_a0"": {""n"": 283, ""accuracy"": 0.7420494699646644}, ""y0_a1"": {""n"": 0, ""accuracy"": NaN}, ""y1_a0"": {""n"": 73, ""accuracy"": 0.5616438356164384}, ""y1_a1"": {""n"": 0, ""accuracy"": NaN}}",0.5450530704654193
corr,ruler_fixed,dinov2_b14_224,dfr,0.0,456,test_corr,0.740452103199574,0.676470588235294,0.9330739299610895,356,73,94,0.7106741573033708,0.6757103441599304,0.5882352941176471,"{""y0_a0"": {""n"": 257, ""accuracy"": 0.7470817120622568}, ""y0_a1"": {""n"": 26, ""accuracy"": 0.6153846153846154}, ""y1_a0"": {""n"": 5, ""accuracy"": 1.0}, ""y1_a1"": {""n"": 68, ""accuracy"": 0.5882352941176471}}",0.5450530704654193
corr,ruler_fixed,dinov2_b14_224,dfr,0.0,456,test_rev,0.7088920083256691,0.6940035273368607,0.7384072580645161,356,73,261,0.6713483146067416,0.6357277699791858,0.5555555555555556,"{""y0_a0"": {""n"": 31, ""accuracy"": 0.7419354838709677}, ""y0_a1"": {""n"": 252, ""accuracy"": 0.6904761904761905}, ""y1_a0"": {""n"": 64, ""accuracy"": 0.578125}, ""y1_a1"": {""n"": 9, ""accuracy"": 0.5555555555555556}}",0.5450530704654193
corr,ruler_fixed,dinov2_b14_224,leace,0.0,456,clean,0.8299530470981171,,0.8299530470981171,356,73,0,0.75,0.7614356938864417,,"{""y0_a0"": {""n"": 283, ""accuracy"": 0.7420494699646644}, ""y0_a1"": {""n"": 0, ""accuracy"": NaN}, ""y1_a0"": {""n"": 73, ""accuracy"": 0.7808219178082192}, ""y1_a1"": {""n"": 0, ""accuracy"": NaN}}",0.38315033593103137
corr,ruler_fixed,dinov2_b14_224,leace,0.0,456,test_corr,0.827387579263275,0.7935520361990951,0.9221789883268483,356,73,94,0.75,0.7563531632702454,0.7307692307692307,"{""y0_a0"": {""n"": 257, ""accuracy"": 0.7470817120622568}, ""y0_a1"": {""n"": 26, ""accuracy"": 0.7307692307692307}, ""y1_a0"": {""n"": 5, ""accuracy"": 0.8}, ""y1_a1"": {""n"": 68, ""accuracy"": 0.7647058823529411}}",0.38315033593103137
corr,ruler_fixed,dinov2_b14_224,leace,0.0,456,test_rev,0.8299046420446294,0.8659611992945327,0.8518145161290323,356,73,261,0.7471910112359551,0.7596689094341449,0.7341269841269841,"{""y0_a0"": {""n"": 31, ""accuracy"": 0.7741935483870968}, ""y0_a1"": {""n"": 252, ""accuracy"": 0.7341269841269841}, ""y1_a0"": {""n"": 64, ""accuracy"": 0.78125}, ""y1_a1"": {""n"": 9, ""accuracy"": 0.7777777777777778}}",0.38315033593103137
corr,ruler_fixed,dinov2_b14_224,umte_protect,0.0,456,clean,0.8072026719589523,,0.8072026719589523,356,73,0,0.7528089887640449,0.7123771721767753,,"{""y0_a0"": {""n"": 283, ""accuracy"": 0.7809187279151943}, ""y0_a1"": {""n"": 0, ""accuracy"": NaN}, ""y1_a0"": {""n"": 73, ""accuracy"": 0.6438356164383562}, ""y1_a1"": {""n"": 0, ""accuracy"": NaN}}",0.4800716105583862
corr,ruler_fixed,dinov2_b14_224,umte_protect,0.0,456,test_corr,0.8072026719589523,0.7822398190045249,0.935408560311284,356,73,94,0.7528089887640449,0.7123771721767753,0.6323529411764706,"{""y0_a0"": {""n"": 257, ""accuracy"": 0.7859922178988327}, ""y0_a1"": {""n"": 26, ""accuracy"": 0.7307692307692307}, ""y1_a0"": {""n"": 5, ""accuracy"": 0.8}, ""y1_a1"": {""n"": 68, ""accuracy"": 0.6323529411764706}}",0.4800716105583862
corr,ruler_fixed,dinov2_b14_224,umte_protect,0.0,456,test_rev,0.8072026719589523,0.8778659611992946,0.8054435483870968,356,73,261,0.7528089887640449,0.7123771721767753,0.640625,"{""y0_a0"": {""n"": 31, ""accuracy"": 0.7096774193548387}, ""y0_a1"": {""n"": 252, ""accuracy"": 0.7896825396825397}, ""y1_a0"": {""n"": 64, ""accuracy"": 0.640625}, ""y1_a1"": {""n"": 9, ""accuracy"": 0.6666666666666666}}",0.4800716105583862
corr,ruler_fixed,dinov2_b14_224,umte_protect_balanced,0.0,456,clean,0.7720606031269663,,0.7720606031269663,356,73,0,0.7612359550561798,0.6871823418364877,,"{""y0_a0"": {""n"": 283, ""accuracy"": 0.8127208480565371}, ""y0_a1"": {""n"": 0, ""accuracy"": NaN}, ""y1_a0"": {""n"": 73, ""accuracy"": 0.5616438356164384}, ""y1_a1"": {""n"": 0, ""accuracy"": NaN}}",0.528395333137829
corr,ruler_fixed,dinov2_b14_224,umte_protect_balanced,0.0,456,test_corr,0.7720606031269663,0.7194570135746606,0.9284046692607004,356,73,94,0.7612359550561798,0.6871823418364877,0.5441176470588235,"{""y0_a0"": {""n"": 257, ""accuracy"": 0.8210116731517509}, ""y0_a1"": {""n"": 26, ""accuracy"": 0.7307692307692307}, ""y1_a0"": {""n"": 5, ""accuracy"": 0.8}, ""y1_a1"": {""n"": 68, ""accuracy"": 0.5441176470588235}}",0.528395333137829
corr,ruler_fixed,dinov2_b14_224,umte_protect_balanced,0.0,456,test_rev,0.7720606031269663,0.804673721340388,0.7757056451612904,356,73,261,0.7612359550561798,0.6871823418364877,0.5555555555555556,"{""y0_a0"": {""n"": 31, ""accuracy"": 0.8064516129032258}, ""y0_a1"": {""n"": 252, ""accuracy"": 0.8134920634920635}, ""y1_a0"": {""n"": 64, ""accuracy"": 0.5625}, ""y1_a1"": {""n"": 9, ""accuracy"": 0.5555555555555556}}",0.528395333137829
corr,ruler_fixed,dinov2_b14_224,i2e,0.0,456,clean,0.8127692531100248,,0.8127692531100248,356,73,0,0.7865168539325843,0.7539087080691225,,"{""y0_a0"": {""n"": 283, ""accuracy"": 0.8091872791519434}, ""y0_a1"": {""n"": 0, ""accuracy"": NaN}, ""y1_a0"": {""n"": 73, ""accuracy"": 0.6986301369863014}, ""y1_a1"": {""n"": 0, ""accuracy"": NaN}}",0.4593370517317829
corr,ruler_fixed,dinov2_b14_224,i2e,0.0,456,test_corr,0.8306791229004307,0.7918552036199096,0.8443579766536966,356,73,94,0.7949438202247191,0.7744566532746018,0.7352941176470589,"{""y0_a0"": {""n"": 257, ""accuracy"": 0.8132295719844358}, ""y0_a1"": {""n"": 26, ""accuracy"": 0.7692307692307693}, ""y1_a0"": {""n"": 5, ""accuracy"": 0.8}, ""y1_a1"": {""n"": 68, ""accuracy"": 0.7352941176470589}}",0.4593370517317829
corr,ruler_fixed,dinov2_b14_224,i2e,0.0,456,test_rev,0.7951498136405439,0.8408289241622575,0.8492943548387097,356,73,261,0.7668539325842697,0.7415412169030446,0.6875,"{""y0_a0"": {""n"": 31, ""accuracy"": 0.8709677419354839}, ""y0_a1"": {""n"": 252, ""accuracy"": 0.7738095238095238}, ""y1_a0"": {""n"": 64, ""accuracy"": 0.6875}, ""y1_a1"": {""n"": 9, ""accuracy"": 0.7777777777777778}}",0.4593370517317829
corr,ruler_fixed,dinov2_b14_224,i2e_balanced,0.0,456,clean,0.7921002952708264,,0.7921002952708264,356,73,0,0.702247191011236,0.7212352969650031,,"{""y0_a0"": {""n"": 283, ""accuracy"": 0.6890459363957597}, ""y0_a1"": {""n"": 0, ""accuracy"": NaN}, ""y1_a0"": {""n"": 73, ""accuracy"": 0.7534246575342466}, ""y1_a1"": {""n"": 0, ""accuracy"": NaN}}",0.37996980826513366
corr,ruler_fixed,dinov2_b14_224,i2e_balanced,0.0,456,test_corr,0.7894380173290091,0.7777149321266968,0.8498054474708171,356,73,94,0.702247191011236,0.7110702357326104,0.688715953307393,"{""y0_a0"": {""n"": 257, ""accuracy"": 0.688715953307393}, ""y0_a1"": {""n"": 26, ""accuracy"": 0.7692307692307693}, ""y1_a0"": {""n"": 5, ""accuracy"": 0.8}, ""y1_a1"": {""n"": 68, ""accuracy"": 0.7205882352941176}}",0.37996980826513366
corr,ruler_fixed,dinov2_b14_224,i2e_balanced,0.0,456,test_rev,0.7950530035335689,0.8262786596119929,0.8084677419354839,356,73,261,0.7050561797752809,0.7230020814172999,0.6865079365079365,"{""y0_a0"": {""n"": 31, ""accuracy"": 0.7419354838709677}, ""y0_a1"": {""n"": 252, ""accuracy"": 0.6865079365079365}, ""y1_a0"": {""n"": 64, ""accuracy"": 0.75}, ""y1_a1"": {""n"": 9, ""accuracy"": 0.7777777777777778}}",0.37996980826513366
corr,ruler_fixed,dinov2_b14_224,i2e_rank1,0.0,456,clean,0.7969408006195846,,0.7969408006195846,356,73,0,0.7275280898876404,0.7117237039546929,,"{""y0_a0"": {""n"": 283, ""accuracy"": 0.7385159010600707}, ""y0_a1"": {""n"": 0, ""accuracy"": NaN}, ""y1_a0"": {""n"": 73, ""accuracy"": 0.684931506849315}, ""y1_a1"": {""n"": 0, ""accuracy"": NaN}}",0.45024241524193603
corr,ruler_fixed,dinov2_b14_224,i2e_rank1,0.0,456,test_corr,0.8314536037562321,0.7539592760180995,0.9105058365758755,356,73,94,0.7331460674157303,0.7355873953240718,0.5,"{""y0_a0"": {""n"": 257, ""accuracy"": 0.754863813229572}, ""y0_a1"": {""n"": 26, ""accuracy"": 0.5}, ""y1_a0"": {""n"": 5, ""accuracy"": 0.8}, ""y1_a1"": {""n"": 68, ""accuracy"": 0.7352941176470589}}",0.45024241524193603
corr,ruler_fixed,dinov2_b14_224,i2e_rank1,0.0,456,test_rev,0.7589428336318311,0.8249559082892417,0.826108870967742,356,73,261,0.6882022471910112,0.6869887216225374,0.6706349206349206,"{""y0_a0"": {""n"": 31, ""accuracy"": 0.8387096774193549}, ""y0_a1"": {""n"": 252, ""accuracy"": 0.6706349206349206}, ""y1_a0"": {""n"": 64, ""accuracy"": 0.671875}, ""y1_a1"": {""n"": 9, ""accuracy"": 0.7777777777777778}}",0.45024241524193603
corr,ruler_fixed,dinov2_b14_224,insert_aug,0.0,456,clean,0.8199816060796747,,0.8199816060796747,356,73,0,0.7584269662921348,0.7260758023137616,,"{""y0_a0"": {""n"": 283, ""accuracy"": 0.7809187279151943}, ""y0_a1"": {""n"": 0, ""accuracy"": NaN}, ""y1_a0"": {""n"": 73, ""accuracy"": 0.6712328767123288}, ""y1_a1"": {""n"": 0, ""accuracy"": NaN}}",0.19040746841365414
corr,ruler_fixed,dinov2_b14_224,insert_aug,0.0,456,test_corr,0.9512561111380028,0.8342760180995475,0.9252918287937744,356,73,94,0.7837078651685393,0.8436274747083596,0.38461538461538464,"{""y0_a0"": {""n"": 257, ""accuracy"": 0.7782101167315175}, ""y0_a1"": {""n"": 26, ""accuracy"": 0.38461538461538464}, ""y1_a0"": {""n"": 5, ""accuracy"": 0.8}, ""y1_a1"": {""n"": 68, ""accuracy"": 0.9558823529411765}}",0.19040746841365414
corr,ruler_fixed,dinov2_b14_224,insert_aug,0.0,456,test_rev,0.599157752069316,0.8531746031746031,0.8543346774193549,356,73,261,0.4550561797752809,0.5505106733142939,0.3333333333333333,"{""y0_a0"": {""n"": 31, ""accuracy"": 0.8387096774193549}, ""y0_a1"": {""n"": 252, ""accuracy"": 0.3333333333333333}, ""y1_a0"": {""n"": 64, ""accuracy"": 0.671875}, ""y1_a1"": {""n"": 9, ""accuracy"": 1.0}}",0.19040746841365414
corr,ruler_fixed,dinov2_b14_224,mte,0.0,456,clean,0.7754489568710974,,0.7754489568710974,356,73,0,0.7331460674157303,0.7254223340916792,,"{""y0_a0"": {""n"": 283, ""accuracy"": 0.7385159010600707}, ""y0_a1"": {""n"": 0, ""accuracy"": NaN}, ""y1_a0"": {""n"": 73, ""accuracy"": 0.7123287671232876}, ""y1_a1"": {""n"": 0, ""accuracy"": NaN}}",0.4079739114950195
corr,ruler_fixed,dinov2_b14_224,mte,0.0,456,test_corr,0.7754489568710974,0.7262443438914028,0.9097276264591441,356,73,94,0.7331460674157303,0.7254223340916792,0.6923076923076923,"{""y0_a0"": {""n"": 257, ""accuracy"": 0.7431906614785992}, ""y0_a1"": {""n"": 26, ""accuracy"": 0.6923076923076923}, ""y1_a0"": {""n"": 5, ""accuracy"": 0.8}, ""y1_a1"": {""n"": 68, ""accuracy"": 0.7058823529411765}}",0.4079739114950195
corr,ruler_fixed,dinov2_b14_224,mte,0.0,456,test_rev,0.7754489568710974,0.8888888888888888,0.7626008064516129,356,73,261,0.7331460674157303,0.7254223340916792,0.6875,"{""y0_a0"": {""n"": 31, ""accuracy"": 0.7096774193548387}, ""y0_a1"": {""n"": 252, ""accuracy"": 0.7420634920634921}, ""y1_a0"": {""n"": 64, ""accuracy"": 0.6875}, ""y1_a1"": {""n"": 9, ""accuracy"": 0.8888888888888888}}",0.4079739114950195
corr,ruler_fixed,dinov2_b14_224,mte_balanced,0.0,456,clean,0.7397260273972602,,0.7397260273972602,356,73,0,0.7219101123595506,0.6624473595043323,,"{""y0_a0"": {""n"": 283, ""accuracy"": 0.7632508833922261}, ""y0_a1"": {""n"": 0, ""accuracy"": NaN}, ""y1_a0"": {""n"": 73, ""accuracy"": 0.5616438356164384}, ""y1_a1"": {""n"": 0, ""accuracy"": NaN}}",0.44902105767459943
corr,ruler_fixed,dinov2_b14_224,mte_balanced,0.0,456,test_corr,0.7397260273972602,0.6691176470588235,0.9136186770428014,356,73,94,0.7219101123595506,0.6624473595043323,0.5441176470588235,"{""y0_a0"": {""n"": 257, ""accuracy"": 0.7704280155642024}, ""y0_a1"": {""n"": 26, ""accuracy"": 0.6923076923076923}, ""y1_a0"": {""n"": 5, ""accuracy"": 0.8}, ""y1_a1"": {""n"": 68, ""accuracy"": 0.5441176470588235}}",0.44902105767459943
corr,ruler_fixed,dinov2_b14_224,mte_balanced,0.0,456,test_rev,0.7397260273972602,0.8130511463844798,0.7212701612903226,356,73,261,0.7219101123595506,0.6624473595043323,0.546875,"{""y0_a0"": {""n"": 31, ""accuracy"": 0.7096774193548387}, ""y0_a1"": {""n"": 252, ""accuracy"": 0.7698412698412699}, ""y1_a0"": {""n"": 64, ""accuracy"": 0.546875}, ""y1_a1"": {""n"": 9, ""accuracy"": 0.6666666666666666}}",0.44902105767459943
corr,ruler_fixed,dinov2_b14_224,ui2e,0.0,456,clean,0.805508495086887,,0.805508495086887,356,73,0,0.7865168539325843,0.7132484631395517,,"{""y0_a0"": {""n"": 283, ""accuracy"": 0.8374558303886925}, ""y0_a1"": {""n"": 0, ""accuracy"": NaN}, ""y1_a0"": {""n"": 73, ""accuracy"": 0.589041095890411}, ""y1_a1"": {""n"": 0, ""accuracy"": NaN}}",0.42025688235141795
corr,ruler_fixed,dinov2_b14_224,ui2e,0.0,456,test_corr,0.917130548429256,0.8337104072398189,0.8614785992217899,356,73,94,0.8146067415730337,0.8122367975216613,0.6,"{""y0_a0"": {""n"": 257, ""accuracy"": 0.8365758754863813}, ""y0_a1"": {""n"": 26, ""accuracy"": 0.6153846153846154}, ""y1_a0"": {""n"": 5, ""accuracy"": 0.6}, ""y1_a1"": {""n"": 68, ""accuracy"": 0.8235294117647058}}",0.42025688235141795
corr,ruler_fixed,dinov2_b14_224,ui2e,0.0,456,test_rev,0.64456169224067,0.83994708994709,0.8301411290322581,356,73,261,0.6039325842696629,0.6136550655888475,0.5595238095238095,"{""y0_a0"": {""n"": 31, ""accuracy"": 0.9032258064516129}, ""y0_a1"": {""n"": 252, ""accuracy"": 0.5595238095238095}, ""y1_a0"": {""n"": 64, ""accuracy"": 0.59375}, ""y1_a1"": {""n"": 9, ""accuracy"": 0.8888888888888888}}",0.42025688235141795
corr,ruler_fixed,dinov2_b14_224,ui2e_balanced,0.0,456,clean,0.7902124981848104,,0.7902124981848104,356,73,0,0.7471910112359551,0.6834309501911999,,"{""y0_a0"": {""n"": 283, ""accuracy"": 0.7915194346289752}, ""y0_a1"": {""n"": 0, ""accuracy"": NaN}, ""y1_a0"": {""n"": 73, ""accuracy"": 0.5753424657534246}, ""y1_a1"": {""n"": 0, ""accuracy"": NaN}}",0.45570515247000926
corr,ruler_fixed,dinov2_b14_224,ui2e_balanced,0.0,456,test_corr,0.8283072752795392,0.7890271493212669,0.8233463035019455,356,73,94,0.7584269662921348,0.7209932716975652,0.6,"{""y0_a0"": {""n"": 257, ""accuracy"": 0.7898832684824902}, ""y0_a1"": {""n"": 26, ""accuracy"": 0.7307692307692307}, ""y1_a0"": {""n"": 5, ""accuracy"": 0.6}, ""y1_a1"": {""n"": 68, ""accuracy"": 0.6617647058823529}}",0.45570515247000926
corr,ruler_fixed,dinov2_b14_224,ui2e_balanced,0.0,456,test_rev,0.7558449102086259,0.83994708994709,0.8049395161290323,356,73,261,0.7134831460674157,0.6673120673798345,0.5625,"{""y0_a0"": {""n"": 31, ""accuracy"": 0.8709677419354839}, ""y0_a1"": {""n"": 252, ""accuracy"": 0.7301587301587301}, ""y1_a0"": {""n"": 64, ""accuracy"": 0.5625}, ""y1_a1"": {""n"": 9, ""accuracy"": 0.7777777777777778}}",0.45570515247000926
corr,ruler_fixed,dinov2_b14_224,umte,0.0,456,clean,0.7830969553221356,,0.7830969553221356,356,73,0,0.7752808988764045,0.7214289171789534,,"{""y0_a0"": {""n"": 283, ""accuracy"": 0.8127208480565371}, ""y0_a1"": {""n"": 0, ""accuracy"": NaN}, ""y1_a0"": {""n"": 73, ""accuracy"": 0.6301369863013698}, ""y1_a1"": {""n"": 0, ""accuracy"": NaN}}",0.5238523473851172
corr,ruler_fixed,dinov2_b14_224,umte,0.0,456,test_corr,0.7830969553221356,0.7386877828054299,0.9447470817120622,356,73,94,0.7752808988764045,0.7214289171789534,0.6029411764705882,"{""y0_a0"": {""n"": 257, ""accuracy"": 0.8210116731517509}, ""y0_a1"": {""n"": 26, ""accuracy"": 0.7307692307692307}, ""y1_a0"": {""n"": 5, ""accuracy"": 1.0}, ""y1_a1"": {""n"": 68, ""accuracy"": 0.6029411764705882}}",0.5238523473851172
corr,ruler_fixed,dinov2_b14_224,umte,0.0,456,test_rev,0.7830969553221356,0.8871252204585538,0.7641129032258065,356,73,261,0.7752808988764045,0.7214289171789534,0.625,"{""y0_a0"": {""n"": 31, ""accuracy"": 0.7741935483870968}, ""y0_a1"": {""n"": 252, ""accuracy"": 0.8174603174603174}, ""y1_a0"": {""n"": 64, ""accuracy"": 0.625}, ""y1_a1"": {""n"": 9, ""accuracy"": 0.6666666666666666}}",0.5238523473851172
corr,ruler_fixed,dinov2_b14_224,umte_balanced,0.0,456,clean,0.7443729125320683,,0.7443729125320683,356,73,0,0.7528089887640449,0.6869645190957936,,"{""y0_a0"": {""n"": 283, ""accuracy"": 0.7985865724381626}, ""y0_a1"": {""n"": 0, ""accuracy"": NaN}, ""y1_a0"": {""n"": 73, ""accuracy"": 0.5753424657534246}, ""y1_a1"": {""n"": 0, ""accuracy"": NaN}}",0.47069214840588164
corr,ruler_fixed,dinov2_b14_224,umte_balanced,0.0,456,test_corr,0.7443729125320683,0.6611990950226244,0.9556420233463035,356,73,94,0.7528089887640449,0.6869645190957936,0.5441176470588235,"{""y0_a0"": {""n"": 257, ""accuracy"": 0.8171206225680934}, ""y0_a1"": {""n"": 26, ""accuracy"": 0.6153846153846154}, ""y1_a0"": {""n"": 5, ""accuracy"": 1.0}, ""y1_a1"": {""n"": 68, ""accuracy"": 0.5441176470588235}}",0.47069214840588164
corr,ruler_fixed,dinov2_b14_224,umte_balanced,0.0,456,test_rev,0.7443729125320683,0.8192239858906525,0.7217741935483871,356,73,261,0.7528089887640449,0.6869645190957936,0.5625,"{""y0_a0"": {""n"": 31, ""accuracy"": 0.8064516129032258}, ""y0_a1"": {""n"": 252, ""accuracy"": 0.7976190476190477}, ""y1_a0"": {""n"": 64, ""accuracy"": 0.5625}, ""y1_a1"": {""n"": 9, ""accuracy"": 0.6666666666666666}}",0.47069214840588164
corr,ruler_fixed,dinov2_b14_224,erm,0.25,42,clean,0.8038627232683091,,0.8038627232683091,356,73,0,0.7556179775280899,0.7090614260128758,,"{""y0_a0"": {""n"": 283, ""accuracy"": 0.7879858657243817}, ""y0_a1"": {""n"": 0, ""accuracy"": NaN}, ""y1_a0"": {""n"": 73, ""accuracy"": 0.6301369863013698}, ""y1_a1"": {""n"": 0, ""accuracy"": NaN}}",0.17902356645073728
corr,ruler_fixed,dinov2_b14_224,erm,0.25,42,test_corr,0.9492230988915242,0.8303571428571429,0.8427015250544663,356,73,92,0.7668539325842697,0.8482743598431677,0.10714285714285714,"{""y0_a0"": {""n"": 255, ""accuracy"": 0.7764705882352941}, ""y0_a1"": {""n"": 28, ""accuracy"": 0.10714285714285714}, ""y1_a0"": {""n"": 9, ""accuracy"": 0.8888888888888888}, ""y1_a1"": {""n"": 64, ""accuracy"": 1.0}}",0.17902356645073728
corr,ruler_fixed,dinov2_b14_224,erm,0.25,42,test_rev,0.4325475579650515,0.7621951219512194,0.8592174263816054,356,73,252,0.33146067415730335,0.4626070961808413,0.15040650406504066,"{""y0_a0"": {""n"": 37, ""accuracy"": 0.8378378378378378}, ""y0_a1"": {""n"": 246, ""accuracy"": 0.15040650406504066}, ""y1_a0"": {""n"": 67, ""accuracy"": 0.6567164179104478}, ""y1_a1"": {""n"": 6, ""accuracy"": 1.0}}",0.17902356645073728
corr,ruler_fixed,dinov2_b14_224,mask,0.25,42,clean,0.7715765525920907,,0.7715765525920907,356,73,0,0.7219101123595506,0.7132726656662955,,"{""y0_a0"": {""n"": 283, ""accuracy"": 0.7279151943462897}, ""y0_a1"": {""n"": 0, ""accuracy"": NaN}, ""y1_a0"": {""n"": 73, ""accuracy"": 0.6986301369863014}, ""y1_a1"": {""n"": 0, ""accuracy"": NaN}}",0.14740678734051318
corr,ruler_fixed,dinov2_b14_224,mask,0.25,42,test_corr,0.9474805169659712,0.8158482142857142,0.8191721132897603,356,73,92,0.7359550561797753,0.8288397308679025,0.10714285714285714,"{""y0_a0"": {""n"": 255, ""accuracy"": 0.7333333333333333}, ""y0_a1"": {""n"": 28, ""accuracy"": 0.10714285714285714}, ""y1_a0"": {""n"": 9, ""accuracy"": 0.8888888888888888}, ""y1_a1"": {""n"": 64, ""accuracy"": 1.0}}",0.14740678734051318
corr,ruler_fixed,dinov2_b14_224,mask,0.25,42,test_rev,0.37078270971489424,0.852981029810298,0.7910447761194029,356,73,252,0.2752808988764045,0.4323539377511012,0.07317073170731707,"{""y0_a0"": {""n"": 37, ""accuracy"": 0.7837837837837838}, ""y0_a1"": {""n"": 246, ""accuracy"": 0.07317073170731707}, ""y1_a0"": {""n"": 67, ""accuracy"": 0.6716417910447762}, ""y1_a1"": {""n"": 6, ""accuracy"": 1.0}}",0.14740678734051318
corr,ruler_fixed,dinov2_b14_224,balanced,0.25,42,clean,0.8293721864562661,,0.8293721864562661,356,73,0,0.7668539325842697,0.7059635025896703,,"{""y0_a0"": {""n"": 283, ""accuracy"": 0.8091872791519434}, ""y0_a1"": {""n"": 0, ""accuracy"": NaN}, ""y1_a0"": {""n"": 73, ""accuracy"": 0.6027397260273972}, ""y1_a1"": {""n"": 0, ""accuracy"": NaN}}",0.3305138069006264
corr,ruler_fixed,dinov2_b14_224,balanced,0.25,42,test_corr,0.8899269083692337,0.8593749999999999,0.8461873638344226,356,73,92,0.7837078651685393,0.7826371073140036,0.6428571428571429,"{""y0_a0"": {""n"": 255, ""accuracy"": 0.8}, ""y0_a1"": {""n"": 28, ""accuracy"": 0.6428571428571429}, ""y1_a0"": {""n"": 9, ""accuracy"": 0.6666666666666666}, ""y1_a1"": {""n"": 64, ""accuracy"": 0.796875}}",0.3305138069006264
corr,ruler_fixed,dinov2_b14_224,balanced,0.25,42,test_rev,0.7370153444019556,0.7872628726287263,0.8741427995159338,356,73,252,0.6601123595505618,0.6540732852509802,0.6268656716417911,"{""y0_a0"": {""n"": 37, ""accuracy"": 0.8918918918918919}, ""y0_a1"": {""n"": 246, ""accuracy"": 0.6300813008130082}, ""y1_a0"": {""n"": 67, ""accuracy"": 0.6268656716417911}, ""y1_a1"": {""n"": 6, ""accuracy"": 0.8333333333333334}}",0.3305138069006264
corr,ruler_fixed,dinov2_b14_224,dfr,0.25,42,clean,0.7272375235974635,,0.7272375235974635,356,73,0,0.7106741573033708,0.6655452829275377,,"{""y0_a0"": {""n"": 283, ""accuracy"": 0.7420494699646644}, ""y0_a1"": {""n"": 0, ""accuracy"": NaN}, ""y1_a0"": {""n"": 73, ""accuracy"": 0.589041095890411}, ""y1_a1"": {""n"": 0, ""accuracy"": NaN}}",0.5406710215478567
corr,ruler_fixed,dinov2_b14_224,dfr,0.25,42,test_corr,0.7197831453603756,0.7862723214285714,0.6065359477124184,356,73,92,0.702247191011236,0.6551623989544508,0.4444444444444444,"{""y0_a0"": {""n"": 255, ""accuracy"": 0.7294117647058823}, ""y0_a1"": {""n"": 28, ""accuracy"": 0.7857142857142857}, ""y1_a0"": {""n"": 9, ""accuracy"": 0.4444444444444444}, ""y1_a1"": {""n"": 64, ""accuracy"": 0.59375}}",0.5406710215478567
corr,ruler_fixed,dinov2_b14_224,dfr,0.25,42,test_rev,0.730674282395082,0.6470189701897019,0.7139975796692215,356,73,252,0.7106741573033708,0.6655452829275377,0.5,"{""y0_a0"": {""n"": 37, ""accuracy"": 0.6486486486486487}, ""y0_a1"": {""n"": 246, ""accuracy"": 0.7560975609756098}, ""y1_a0"": {""n"": 67, ""accuracy"": 0.5970149253731343}, ""y1_a1"": {""n"": 6, ""accuracy"": 0.5}}",0.5406710215478567
corr,ruler_fixed,dinov2_b14_224,leace,0.25,42,clean,0.8261774529260855,,0.8261774529260855,356,73,0,0.797752808988764,0.6949029478677573,,"{""y0_a0"": {""n"": 283, ""accuracy"": 0.8692579505300353}, ""y0_a1"": {""n"": 0, ""accuracy"": NaN}, ""y1_a0"": {""n"": 73, ""accuracy"": 0.5205479452054794}, ""y1_a1"": {""n"": 0, ""accuracy"": NaN}}",0.6291066694832297
corr,ruler_fixed,dinov2_b14_224,leace,0.25,42,test_corr,0.8205624667215258,0.8610491071428572,0.8374727668845315,356,73,92,0.797752808988764,0.6847378866353647,0.484375,"{""y0_a0"": {""n"": 255, ""accuracy"": 0.8627450980392157}, ""y0_a1"": {""n"": 28, ""accuracy"": 1.0}, ""y1_a0"": {""n"": 9, ""accuracy"": 0.5555555555555556}, ""y1_a1"": {""n"": 64, ""accuracy"": 0.484375}}",0.6291066694832297
corr,ruler_fixed,dinov2_b14_224,leace,0.25,42,test_rev,0.8240960356261193,0.731029810298103,0.8866478418717225,356,73,252,0.800561797752809,0.6966697323200541,0.16666666666666666,"{""y0_a0"": {""n"": 37, ""accuracy"": 0.9459459459459459}, ""y0_a1"": {""n"": 246, ""accuracy"": 0.8617886178861789}, ""y1_a0"": {""n"": 67, ""accuracy"": 0.5522388059701493}, ""y1_a1"": {""n"": 6, ""accuracy"": 0.16666666666666666}}",0.6291066694832297
corr,ruler_fixed,dinov2_b14_224,umte_protect,0.25,42,clean,0.7547315939784113,,0.7547315939784113,356,73,0,0.6713483146067416,0.6865530761411491,,"{""y0_a0"": {""n"": 283, ""accuracy"": 0.6607773851590106}, ""y0_a1"": {""n"": 0, ""accuracy"": NaN}, ""y1_a0"": {""n"": 73, ""accuracy"": 0.7123287671232876}, ""y1_a1"": {""n"": 0, ""accuracy"": NaN}}",0.19085141033009878
corr,ruler_fixed,dinov2_b14_224,umte_protect,0.25,42,test_corr,0.9282637107314003,0.7885044642857143,0.8278867102396513,356,73,92,0.6938202247191011,0.8023379640834503,0.21428571428571427,"{""y0_a0"": {""n"": 255, ""accuracy"": 0.6627450980392157}, ""y0_a1"": {""n"": 28, ""accuracy"": 0.21428571428571427}, ""y1_a0"": {""n"": 9, ""accuracy"": 0.8888888888888888}, ""y1_a1"": {""n"": 64, ""accuracy"": 1.0}}",0.19085141033009878
corr,ruler_fixed,dinov2_b14_224,umte_protect,0.25,42,test_rev,0.45316811075076235,0.782520325203252,0.7749092375958048,356,73,252,0.2893258426966292,0.4462703906287816,0.10569105691056911,"{""y0_a0"": {""n"": 37, ""accuracy"": 0.6756756756756757}, ""y0_a1"": {""n"": 246, ""accuracy"": 0.10569105691056911}, ""y1_a0"": {""n"": 67, ""accuracy"": 0.6865671641791045}, ""y1_a1"": {""n"": 6, ""accuracy"": 1.0}}",0.19085141033009878
corr,ruler_fixed,dinov2_b14_224,umte_protect_balanced,0.25,42,clean,0.7813543733965826,,0.7813543733965826,356,73,0,0.7893258426966292,0.6946851251270633,,"{""y0_a0"": {""n"": 283, ""accuracy"": 0.8551236749116607}, ""y0_a1"": {""n"": 0, ""accuracy"": NaN}, ""y1_a0"": {""n"": 73, ""accuracy"": 0.5342465753424658}, ""y1_a1"": {""n"": 0, ""accuracy"": NaN}}",0.48977361266938835
corr,ruler_fixed,dinov2_b14_224,umte_protect_balanced,0.25,42,test_corr,0.8456362844280942,0.8247767857142856,0.8692810457516339,356,73,92,0.8033707865168539,0.7390967617019217,0.625,"{""y0_a0"": {""n"": 255, ""accuracy"": 0.8549019607843137}, ""y0_a1"": {""n"": 28, ""accuracy"": 0.7857142857142857}, ""y1_a0"": {""n"": 9, ""accuracy"": 0.6666666666666666}, ""y1_a1"": {""n"": 64, ""accuracy"": 0.625}}",0.48977361266938835
corr,ruler_fixed,dinov2_b14_224,umte_protect_balanced,0.25,42,test_rev,0.7057456798489763,0.8102981029810299,0.8212989108511497,356,73,252,0.7331460674157303,0.6644319666973232,0.5223880597014925,"{""y0_a0"": {""n"": 37, ""accuracy"": 0.8648648648648649}, ""y0_a1"": {""n"": 246, ""accuracy"": 0.7682926829268293}, ""y1_a0"": {""n"": 67, ""accuracy"": 0.5223880597014925}, ""y1_a1"": {""n"": 6, ""accuracy"": 0.8333333333333334}}",0.48977361266938835
corr,ruler_fixed,dinov2_b14_224,i2e,0.25,42,clean,0.8079771528147538,,0.8079771528147538,356,73,0,0.7921348314606742,0.6964519095793601,,"{""y0_a0"": {""n"": 283, ""accuracy"": 0.8586572438162544}, ""y0_a1"": {""n"": 0, ""accuracy"": NaN}, ""y1_a0"": {""n"": 73, ""accuracy"": 0.5342465753424658}, ""y1_a1"": {""n"": 0, ""accuracy"": NaN}}",0.5829673600141705
corr,ruler_fixed,dinov2_b14_224,i2e,0.25,42,test_corr,0.8254997821772593,0.8610491071428572,0.8352941176470589,356,73,92,0.800561797752809,0.7169998547848395,0.4444444444444444,"{""y0_a0"": {""n"": 255, ""accuracy"": 0.8470588235294118}, ""y0_a1"": {""n"": 28, ""accuracy"": 0.9642857142857143}, ""y1_a0"": {""n"": 9, ""accuracy"": 0.4444444444444444}, ""y1_a1"": {""n"": 64, ""accuracy"": 0.59375}}",0.5829673600141705
corr,ruler_fixed,dinov2_b14_224,i2e,0.25,42,test_rev,0.7881794859383319,0.7201897018970189,0.8705123033481242,356,73,252,0.7837078651685393,0.7013166174548623,0.5,"{""y0_a0"": {""n"": 37, ""accuracy"": 0.918918918918919}, ""y0_a1"": {""n"": 246, ""accuracy"": 0.8292682926829268}, ""y1_a0"": {""n"": 67, ""accuracy"": 0.5671641791044776}, ""y1_a1"": {""n"": 6, ""accuracy"": 0.5}}",0.5829673600141705
corr,ruler_fixed,dinov2_b14_224,i2e_balanced,0.25,42,clean,0.8337770463236363,,0.8337770463236363,356,73,0,0.7696629213483146,0.7636381238201269,,"{""y0_a0"": {""n"": 283, ""accuracy"": 0.773851590106007}, ""y0_a1"": {""n"": 0, ""accuracy"": NaN}, ""y1_a0"": {""n"": 73, ""accuracy"": 0.7534246575342466}, ""y1_a1"": {""n"": 0, ""accuracy"": NaN}}",0.40015492106561057
corr,ruler_fixed,dinov2_b14_224,i2e_balanced,0.25,42,test_corr,0.8229343143424174,0.8655133928571429,0.841830065359477,356,73,92,0.7612359550561798,0.75325523984704,0.734375,"{""y0_a0"": {""n"": 255, ""accuracy"": 0.7607843137254902}, ""y0_a1"": {""n"": 28, ""accuracy"": 0.8214285714285714}, ""y1_a0"": {""n"": 9, ""accuracy"": 0.7777777777777778}, ""y1_a1"": {""n"": 64, ""accuracy"": 0.734375}}",0.40015492106561057
corr,ruler_fixed,dinov2_b14_224,i2e_balanced,0.25,42,test_rev,0.8318408441841328,0.7852303523035231,0.8660750302541347,356,73,252,0.7584269662921348,0.7565709860109395,0.746268656716418,"{""y0_a0"": {""n"": 37, ""accuracy"": 0.8378378378378378}, ""y0_a1"": {""n"": 246, ""accuracy"": 0.7479674796747967}, ""y1_a0"": {""n"": 67, ""accuracy"": 0.746268656716418}, ""y1_a1"": {""n"": 6, ""accuracy"": 0.8333333333333334}}",0.40015492106561057
corr,ruler_fixed,dinov2_b14_224,i2e_rank1,0.25,42,clean,0.7943269277312551,,0.7943269277312551,356,73,0,0.7556179775280899,0.7090614260128758,,"{""y0_a0"": {""n"": 283, ""accuracy"": 0.7879858657243817}, ""y0_a1"": {""n"": 0, ""accuracy"": NaN}, ""y1_a0"": {""n"": 73, ""accuracy"": 0.6301369863013698}, ""y1_a1"": {""n"": 0, ""accuracy"": NaN}}",0.5148129111576368
corr,ruler_fixed,dinov2_b14_224,i2e_rank1,0.25,42,test_corr,0.8251609468028462,0.8013392857142857,0.8549019607843138,356,73,92,0.7584269662921348,0.7209932716975652,0.640625,"{""y0_a0"": {""n"": 255, ""accuracy"": 0.7843137254901961}, ""y0_a1"": {""n"": 28, ""accuracy"": 0.7857142857142857}, ""y1_a0"": {""n"": 9, ""accuracy"": 0.7777777777777778}, ""y1_a1"": {""n"": 64, ""accuracy"": 0.640625}}",0.5148129111576368
corr,ruler_fixed,dinov2_b14_224,i2e_rank1,0.25,42,test_rev,0.756861416331865,0.6578590785907859,0.8426784993949173,356,73,252,0.7275280898876404,0.6913935814899075,0.3333333333333333,"{""y0_a0"": {""n"": 37, ""accuracy"": 0.8648648648648649}, ""y0_a1"": {""n"": 246, ""accuracy"": 0.7357723577235772}, ""y1_a0"": {""n"": 67, ""accuracy"": 0.6567164179104478}, ""y1_a1"": {""n"": 6, ""accuracy"": 0.3333333333333333}}",0.5148129111576368
corr,ruler_fixed,dinov2_b14_224,insert_aug,0.25,42,clean,0.8203204414540879,,0.8203204414540879,356,73,0,0.7780898876404494,0.7130306403988576,,"{""y0_a0"": {""n"": 283, ""accuracy"": 0.823321554770318}, ""y0_a1"": {""n"": 0, ""accuracy"": NaN}, ""y1_a0"": {""n"": 73, ""accuracy"": 0.6027397260273972}, ""y1_a1"": {""n"": 0, ""accuracy"": NaN}}",0.22589870440833434
corr,ruler_fixed,dinov2_b14_224,insert_aug,0.25,42,test_corr,0.9454959097729803,0.8638392857142857,0.8758169934640522,356,73,92,0.8089887640449438,0.8595285347790309,0.39285714285714285,"{""y0_a0"": {""n"": 255, ""accuracy"": 0.8156862745098039}, ""y0_a1"": {""n"": 28, ""accuracy"": 0.39285714285714285}, ""y1_a0"": {""n"": 9, ""accuracy"": 0.7777777777777778}, ""y1_a1"": {""n"": 64, ""accuracy"": 0.96875}}",0.22589870440833434
corr,ruler_fixed,dinov2_b14_224,insert_aug,0.25,42,test_rev,0.5614502154024881,0.7594850948509485,0.8870512303348124,356,73,252,0.4606741573033708,0.5337141197541023,0.3333333333333333,"{""y0_a0"": {""n"": 37, ""accuracy"": 0.918918918918919}, ""y0_a1"": {""n"": 246, ""accuracy"": 0.3333333333333333}, ""y1_a0"": {""n"": 67, ""accuracy"": 0.6268656716417911}, ""y1_a1"": {""n"": 6, ""accuracy"": 1.0}}",0.22589870440833434
corr,ruler_fixed,dinov2_b14_224,mte,0.25,42,clean,0.7456314439227456,,0.7456314439227456,356,73,0,0.7471910112359551,0.6783484195750036,,"{""y0_a0"": {""n"": 283, ""accuracy"": 0.7950530035335689}, ""y0_a1"": {""n"": 0, ""accuracy"": NaN}, ""y1_a0"": {""n"": 73, ""accuracy"": 0.5616438356164384}, ""y1_a1"": {""n"": 0, ""accuracy"": NaN}}",0.38367271626143246
corr,ruler_fixed,dinov2_b14_224,mte,0.25,42,test_corr,0.8752117721090082,0.8018973214285714,0.7542483660130719,356,73,92,0.7668539325842697,0.76187133936783,0.4444444444444444,"{""y0_a0"": {""n"": 255, ""accuracy"": 0.792156862745098}, ""y0_a1"": {""n"": 28, ""accuracy"": 0.5714285714285714}, ""y1_a0"": {""n"": 9, ""accuracy"": 0.4444444444444444}, ""y1_a1"": {""n"": 64, ""accuracy"": 0.796875}}",0.38367271626143246
corr,ruler_fixed,dinov2_b14_224,mte,0.25,42,test_rev,0.5959630185391354,0.8604336043360433,0.7753126260588947,356,73,252,0.5561797752808989,0.5632896074350162,0.508130081300813,"{""y0_a0"": {""n"": 37, ""accuracy"": 0.8378378378378378}, ""y0_a1"": {""n"": 246, ""accuracy"": 0.508130081300813}, ""y1_a0"": {""n"": 67, ""accuracy"": 0.5373134328358209}, ""y1_a1"": {""n"": 6, ""accuracy"": 1.0}}",0.38367271626143246
corr,ruler_fixed,dinov2_b14_224,mte_balanced,0.25,42,clean,0.7472288106878358,,0.7472288106878358,356,73,0,0.7696629213483146,0.6670700421123965,,"{""y0_a0"": {""n"": 283, ""accuracy"": 0.8409893992932862}, ""y0_a1"": {""n"": 0, ""accuracy"": NaN}, ""y1_a0"": {""n"": 73, ""accuracy"": 0.4931506849315068}, ""y1_a1"": {""n"": 0, ""accuracy"": NaN}}",0.537830774352537
corr,ruler_fixed,dinov2_b14_224,mte_balanced,0.25,42,test_corr,0.797957306742824,0.7946428571428571,0.7385620915032679,356,73,92,0.7752808988764045,0.6807686722493829,0.2222222222222222,"{""y0_a0"": {""n"": 255, ""accuracy"": 0.8352941176470589}, ""y0_a1"": {""n"": 28, ""accuracy"": 0.8928571428571429}, ""y1_a0"": {""n"": 9, ""accuracy"": 0.2222222222222222}, ""y1_a1"": {""n"": 64, ""accuracy"": 0.5625}}",0.537830774352537
corr,ruler_fixed,dinov2_b14_224,mte_balanced,0.25,42,test_rev,0.7112638559465609,0.8401084010840109,0.7789431222267043,356,73,252,0.7471910112359551,0.652935766494022,0.4626865671641791,"{""y0_a0"": {""n"": 37, ""accuracy"": 0.8918918918918919}, ""y0_a1"": {""n"": 246, ""accuracy"": 0.8008130081300813}, ""y1_a0"": {""n"": 67, ""accuracy"": 0.4626865671641791}, ""y1_a1"": {""n"": 6, ""accuracy"": 0.8333333333333334}}",0.537830774352537
corr,ruler_fixed,dinov2_b14_224,ui2e,0.25,42,clean,0.8102037852751827,,0.8102037852751827,356,73,0,0.699438202247191,0.7093034512803137,,"{""y0_a0"": {""n"": 283, ""accuracy"": 0.6925795053003534}, ""y0_a1"": {""n"": 0, ""accuracy"": NaN}, ""y1_a0"": {""n"": 73, ""accuracy"": 0.726027397260274}, ""y1_a1"": {""n"": 0, ""accuracy"": NaN}}",0.2585680444292317
corr,ruler_fixed,dinov2_b14_224,ui2e,0.25,42,test_corr,0.907352727624764,0.8169642857142858,0.8427015250544663,356,73,92,0.7134831460674157,0.8045403940171354,0.35714285714285715,"{""y0_a0"": {""n"": 255, ""accuracy"": 0.6823529411764706}, ""y0_a1"": {""n"": 28, ""accuracy"": 0.35714285714285715}, ""y1_a0"": {""n"": 9, ""accuracy"": 0.8888888888888888}, ""y1_a1"": {""n"": 64, ""accuracy"": 0.96875}}",0.2585680444292317
corr,ruler_fixed,dinov2_b14_224,ui2e,0.25,42,test_rev,0.6436904012778933,0.7513550135501355,0.8693021379588544,356,73,252,0.4747191011235955,0.5781257563289608,0.34552845528455284,"{""y0_a0"": {""n"": 37, ""accuracy"": 0.7837837837837838}, ""y0_a1"": {""n"": 246, ""accuracy"": 0.34552845528455284}, ""y1_a0"": {""n"": 67, ""accuracy"": 0.7313432835820896}, ""y1_a1"": {""n"": 6, ""accuracy"": 1.0}}",0.2585680444292317
corr,ruler_fixed,dinov2_b14_224,ui2e_balanced,0.25,42,clean,0.82448327605402,,0.82448327605402,356,73,0,0.6938202247191011,0.7311825354567016,,"{""y0_a0"": {""n"": 283, ""accuracy"": 0.6678445229681979}, ""y0_a1"": {""n"": 0, ""accuracy"": NaN}, ""y1_a0"": {""n"": 73, ""accuracy"": 0.7945205479452054}, ""y1_a1"": {""n"": 0, ""accuracy"": NaN}}",0.2685459936123753
corr,ruler_fixed,dinov2_b14_224,ui2e_balanced,0.25,42,test_corr,0.8493150684931506,0.8526785714285715,0.8557734204793028,356,73,92,0.6797752808988764,0.7375962050438065,0.5357142857142857,"{""y0_a0"": {""n"": 255, ""accuracy"": 0.6509803921568628}, ""y0_a1"": {""n"": 28, ""accuracy"": 0.5357142857142857}, ""y1_a0"": {""n"": 9, ""accuracy"": 0.8888888888888888}, ""y1_a1"": {""n"": 64, ""accuracy"": 0.828125}}",0.2685459936123753
corr,ruler_fixed,dinov2_b14_224,ui2e_balanced,0.25,42,test_rev,0.7903577133452733,0.790650406504065,0.8628479225494151,356,73,252,0.6123595505617978,0.679945786340094,0.5365853658536586,"{""y0_a0"": {""n"": 37, ""accuracy"": 0.7567567567567568}, ""y0_a1"": {""n"": 246, ""accuracy"": 0.5365853658536586}, ""y1_a0"": {""n"": 67, ""accuracy"": 0.7910447761194029}, ""y1_a1"": {""n"": 6, ""accuracy"": 0.8333333333333334}}",0.2685459936123753
corr,ruler_fixed,dinov2_b14_224,umte,0.25,42,clean,0.7529890120528584,,0.7529890120528584,356,73,0,0.6769662921348315,0.7053342368943318,,"{""y0_a0"": {""n"": 283, ""accuracy"": 0.657243816254417}, ""y0_a1"": {""n"": 0, ""accuracy"": NaN}, ""y1_a0"": {""n"": 73, ""accuracy"": 0.7534246575342466}, ""y1_a1"": {""n"": 0, ""accuracy"": NaN}}",0.18927066585479854
corr,ruler_fixed,dinov2_b14_224,umte,0.25,42,test_corr,0.9285057359988382,0.8130580357142857,0.7594771241830065,356,73,92,0.6741573033707865,0.7848879423011763,0.10714285714285714,"{""y0_a0"": {""n"": 255, ""accuracy"": 0.6509803921568628}, ""y0_a1"": {""n"": 28, ""accuracy"": 0.10714285714285714}, ""y1_a0"": {""n"": 9, ""accuracy"": 0.7777777777777778}, ""y1_a1"": {""n"": 64, ""accuracy"": 1.0}}",0.18927066585479854
corr,ruler_fixed,dinov2_b14_224,umte,0.25,42,test_rev,0.43937267050680096,0.809620596205962,0.7365873336022589,356,73,252,0.2696629213483146,0.4491504913112929,0.07317073170731707,"{""y0_a0"": {""n"": 37, ""accuracy"": 0.6216216216216216}, ""y0_a1"": {""n"": 246, ""accuracy"": 0.07317073170731707}, ""y1_a0"": {""n"": 67, ""accuracy"": 0.7313432835820896}, ""y1_a1"": {""n"": 6, ""accuracy"": 1.0}}",0.18927066585479854
corr,ruler_fixed,dinov2_b14_224,umte_balanced,0.25,42,clean,0.7830485502686481,,0.7830485502686481,356,73,0,0.7584269662921348,0.7057456798489763,,"{""y0_a0"": {""n"": 283, ""accuracy"": 0.7950530035335689}, ""y0_a1"": {""n"": 0, ""accuracy"": NaN}, ""y1_a0"": {""n"": 73, ""accuracy"": 0.6164383561643836}, ""y1_a1"": {""n"": 0, ""accuracy"": NaN}}",0.40012525172366337
corr,ruler_fixed,dinov2_b14_224,umte_balanced,0.25,42,test_corr,0.854058763734934,0.8443080357142857,0.7873638344226579,356,73,92,0.7724719101123596,0.7450747858076383,0.6666666666666666,"{""y0_a0"": {""n"": 255, ""accuracy"": 0.788235294117647}, ""y0_a1"": {""n"": 28, ""accuracy"": 0.8214285714285714}, ""y1_a0"": {""n"": 9, ""accuracy"": 0.6666666666666666}, ""y1_a1"": {""n"": 64, ""accuracy"": 0.703125}}",0.40012525172366337
corr,ruler_fixed,dinov2_b14_224,umte_balanced,0.25,42,test_rev,0.7029381867466964,0.8414634146341463,0.7789431222267043,356,73,252,0.6966292134831461,0.6668764218984462,0.5970149253731343,"{""y0_a0"": {""n"": 37, ""accuracy"": 0.8648648648648649}, ""y0_a1"": {""n"": 246, ""accuracy"": 0.6951219512195121}, ""y1_a0"": {""n"": 67, ""accuracy"": 0.5970149253731343}, ""y1_a1"": {""n"": 6, ""accuracy"": 0.8333333333333334}}",0.40012525172366337
corr,ruler_fixed,dinov2_b14_224,erm,0.25,123,clean,0.7888571566871581,,0.7888571566871581,356,73,0,0.7584269662921348,0.6904980880003873,,"{""y0_a0"": {""n"": 283, ""accuracy"": 0.8056537102473498}, ""y0_a1"": {""n"": 0, ""accuracy"": NaN}, ""y1_a0"": {""n"": 73, ""accuracy"": 0.5753424657534246}, ""y1_a1"": {""n"": 0, ""accuracy"": NaN}}",0.21657449567361325
corr,ruler_fixed,dinov2_b14_224,erm,0.25,123,test_corr,0.943559707633477,0.8095490716180372,0.797736220472441,356,73,94,0.7808988764044944,0.846943220872259,0.1724137931034483,"{""y0_a0"": {""n"": 254, ""accuracy"": 0.7992125984251969}, ""y0_a1"": {""n"": 29, ""accuracy"": 0.1724137931034483}, ""y1_a0"": {""n"": 8, ""accuracy"": 0.625}, ""y1_a1"": {""n"": 65, ""accuracy"": 1.0}}",0.21657449567361325
corr,ruler_fixed,dinov2_b14_224,erm,0.25,123,test_rev,0.3791083789147587,0.8093629343629344,0.7096153846153846,356,73,267,0.2808988764044944,0.4003097923423205,0.15444015444015444,"{""y0_a0"": {""n"": 24, ""accuracy"": 0.6666666666666666}, ""y0_a1"": {""n"": 259, ""accuracy"": 0.15444015444015444}, ""y1_a0"": {""n"": 65, ""accuracy"": 0.5538461538461539}, ""y1_a1"": {""n"": 8, ""accuracy"": 1.0}}",0.21657449567361325
corr,ruler_fixed,dinov2_b14_224,mask,0.25,123,clean,0.7558449102086258,,0.7558449102086258,356,73,0,0.6348314606741573,0.6889975313422722,,"{""y0_a0"": {""n"": 283, ""accuracy"": 0.5971731448763251}, ""y0_a1"": {""n"": 0, ""accuracy"": NaN}, ""y1_a0"": {""n"": 73, ""accuracy"": 0.7808219178082192}, ""y1_a1"": {""n"": 0, ""accuracy"": NaN}}",0.09103724449147706
corr,ruler_fixed,dinov2_b14_224,mask,0.25,123,test_corr,0.9330074059731835,0.7803713527851459,0.71751968503937,356,73,94,0.6179775280898876,0.7495522532552399,0.0,"{""y0_a0"": {""n"": 254, ""accuracy"": 0.5866141732283464}, ""y0_a1"": {""n"": 29, ""accuracy"": 0.0}, ""y1_a0"": {""n"": 8, ""accuracy"": 0.75}, ""y1_a1"": {""n"": 65, ""accuracy"": 1.0}}",0.09103724449147706
corr,ruler_fixed,dinov2_b14_224,mask,0.25,123,test_rev,0.33869015925262597,0.6346525096525096,0.7288461538461538,356,73,267,0.23595505617977527,0.4533617309647127,0.03474903474903475,"{""y0_a0"": {""n"": 24, ""accuracy"": 0.625}, ""y0_a1"": {""n"": 259, ""accuracy"": 0.03474903474903475}, ""y1_a0"": {""n"": 65, ""accuracy"": 0.8}, ""y1_a1"": {""n"": 8, ""accuracy"": 1.0}}",0.09103724449147706
corr,ruler_fixed,dinov2_b14_224,balanced,0.25,123,clean,0.7965535601916841,,0.7965535601916841,356,73,0,0.7387640449438202,0.7035432499152912,,"{""y0_a0"": {""n"": 283, ""accuracy"": 0.7632508833922261}, ""y0_a1"": {""n"": 0, ""accuracy"": NaN}, ""y1_a0"": {""n"": 73, ""accuracy"": 0.6438356164383562}, ""y1_a1"": {""n"": 0, ""accuracy"": NaN}}",0.2975878017444533
corr,ruler_fixed,dinov2_b14_224,balanced,0.25,123,test_corr,0.8671281281765817,0.8074270557029177,0.7672244094488189,356,73,94,0.7471910112359551,0.7647514400503412,0.5,"{""y0_a0"": {""n"": 254, ""accuracy"": 0.7519685039370079}, ""y0_a1"": {""n"": 29, ""accuracy"": 0.5862068965517241}, ""y1_a0"": {""n"": 8, ""accuracy"": 0.5}, ""y1_a1"": {""n"": 65, ""accuracy"": 0.8307692307692308}}",0.2975878017444533
corr,ruler_fixed,dinov2_b14_224,balanced,0.25,123,test_rev,0.684592671474902,0.8610038610038608,0.7294871794871796,356,73,267,0.598314606741573,0.6253690885328429,0.5675675675675675,"{""y0_a0"": {""n"": 24, ""accuracy"": 0.7083333333333334}, ""y0_a1"": {""n"": 259, ""accuracy"": 0.5675675675675675}, ""y1_a0"": {""n"": 65, ""accuracy"": 0.6307692307692307}, ""y1_a1"": {""n"": 8, ""accuracy"": 1.0}}",0.2975878017444533
corr,ruler_fixed,dinov2_b14_224,dfr,0.25,123,clean,0.7584103780434678,,0.7584103780434678,356,73,0,0.75,0.6699501427949077,,"{""y0_a0"": {""n"": 283, ""accuracy"": 0.8056537102473498}, ""y0_a1"": {""n"": 0, ""accuracy"": NaN}, ""y1_a0"": {""n"": 73, ""accuracy"": 0.5342465753424658}, ""y1_a1"": {""n"": 0, ""accuracy"": NaN}}",0.6132467229674473
corr,ruler_fixed,dinov2_b14_224,dfr,0.25,123,test_corr,0.7571518466527906,0.7962864721485411,0.6835629921259843,356,73,94,0.7443820224719101,0.6613340432741178,0.25,"{""y0_a0"": {""n"": 254, ""accuracy"": 0.7952755905511811}, ""y0_a1"": {""n"": 29, ""accuracy"": 0.8620689655172413}, ""y1_a0"": {""n"": 8, ""accuracy"": 0.25}, ""y1_a1"": {""n"": 65, ""accuracy"": 0.5538461538461539}}",0.6132467229674473
corr,ruler_fixed,dinov2_b14_224,dfr,0.25,123,test_rev,0.7548768091388741,0.7451737451737451,0.6967948717948719,356,73,267,0.7471910112359551,0.668183358342611,0.375,"{""y0_a0"": {""n"": 24, ""accuracy"": 0.75}, ""y0_a1"": {""n"": 259, ""accuracy"": 0.806949806949807}, ""y1_a0"": {""n"": 65, ""accuracy"": 0.5538461538461539}, ""y1_a1"": {""n"": 8, ""accuracy"": 0.375}}",0.6132467229674473
corr,ruler_fixed,dinov2_b14_224,leace,0.25,123,clean,0.8259838327121352,,0.8259838327121352,356,73,0,0.7949438202247191,0.6829711021830679,,"{""y0_a0"": {""n"": 283, ""accuracy"": 0.872791519434629}, ""y0_a1"": {""n"": 0, ""accuracy"": NaN}, ""y1_a0"": {""n"": 73, ""accuracy"": 0.4931506849315068}, ""y1_a1"": {""n"": 0, ""accuracy"": NaN}}",0.6273411874127458
corr,ruler_fixed,dinov2_b14_224,leace,0.25,123,test_corr,0.8188682898494601,0.8684350132625994,0.7716535433070866,356,73,94,0.7921348314606742,0.6761217871145747,0.25,"{""y0_a0"": {""n"": 254, ""accuracy"": 0.8622047244094488}, ""y0_a1"": {""n"": 29, ""accuracy"": 0.9655172413793104}, ""y1_a0"": {""n"": 8, ""accuracy"": 0.25}, ""y1_a1"": {""n"": 65, ""accuracy"": 0.5076923076923077}}",0.6273411874127458
corr,ruler_fixed,dinov2_b14_224,leace,0.25,123,test_rev,0.821820998112203,0.8880308880308881,0.7576923076923077,356,73,267,0.800561797752809,0.6865046710876616,0.49230769230769234,"{""y0_a0"": {""n"": 24, ""accuracy"": 0.7916666666666666}, ""y0_a1"": {""n"": 259, ""accuracy"": 0.888030888030888}, ""y1_a0"": {""n"": 65, ""accuracy"": 0.49230769230769234}, ""y1_a1"": {""n"": 8, ""accuracy"": 0.5}}",0.6273411874127458
corr,ruler_fixed,dinov2_b14_224,umte_protect,0.25,123,clean,0.753715087855172,,0.753715087855172,356,73,0,0.7724719101123596,0.663754295948497,,"{""y0_a0"": {""n"": 283, ""accuracy"": 0.8480565371024735}, ""y0_a1"": {""n"": 0, ""accuracy"": NaN}, ""y1_a0"": {""n"": 73, ""accuracy"": 0.4794520547945205}, ""y1_a1"": {""n"": 0, ""accuracy"": NaN}}",0.37658911987719423
corr,ruler_fixed,dinov2_b14_224,umte_protect,0.25,123,test_corr,0.9164044726269421,0.7973474801061007,0.6638779527559054,356,73,94,0.8202247191011236,0.8513480807396292,0.3448275862068966,"{""y0_a0"": {""n"": 254, ""accuracy"": 0.8503937007874016}, ""y0_a1"": {""n"": 29, ""accuracy"": 0.3448275862068966}, ""y1_a0"": {""n"": 8, ""accuracy"": 0.5}, ""y1_a1"": {""n"": 65, ""accuracy"": 0.9538461538461539}}",0.37658911987719423
corr,ruler_fixed,dinov2_b14_224,umte_protect,0.25,123,test_rev,0.4165254852606612,0.5598455598455598,0.725,356,73,267,0.37359550561797755,0.43320102618713396,0.2857142857142857,"{""y0_a0"": {""n"": 24, ""accuracy"": 0.8333333333333334}, ""y0_a1"": {""n"": 259, ""accuracy"": 0.2857142857142857}, ""y1_a0"": {""n"": 65, ""accuracy"": 0.5076923076923077}, ""y1_a1"": {""n"": 8, ""accuracy"": 0.75}}",0.37658911987719423
corr,ruler_fixed,dinov2_b14_224,umte_protect_balanced,0.25,123,clean,0.7770463236361876,,0.7770463236361876,356,73,0,0.7415730337078652,0.6951449731351953,,"{""y0_a0"": {""n"": 283, ""accuracy"": 0.773851590106007}, ""y0_a1"": {""n"": 0, ""accuracy"": NaN}, ""y1_a0"": {""n"": 73, ""accuracy"": 0.6164383561643836}, ""y1_a1"": {""n"": 0, ""accuracy"": NaN}}",0.3836282402149699
corr,ruler_fixed,dinov2_b14_224,umte_protect_balanced,0.25,123,test_corr,0.8312115784887941,0.7872679045092839,0.6968503937007874,356,73,94,0.7556179775280899,0.74463914032625,0.625,"{""y0_a0"": {""n"": 254, ""accuracy"": 0.7755905511811023}, ""y0_a1"": {""n"": 29, ""accuracy"": 0.6551724137931034}, ""y1_a0"": {""n"": 8, ""accuracy"": 0.625}, ""y1_a1"": {""n"": 65, ""accuracy"": 0.7384615384615385}}",0.3836282402149699
corr,ruler_fixed,dinov2_b14_224,umte_protect_balanced,0.25,123,test_rev,0.7090856285396194,0.6771235521235521,0.7243589743589743,356,73,267,0.6544943820224719,0.6454571857301903,0.625,"{""y0_a0"": {""n"": 24, ""accuracy"": 0.7916666666666666}, ""y0_a1"": {""n"": 259, ""accuracy"": 0.6486486486486487}, ""y1_a0"": {""n"": 65, ""accuracy"": 0.6307692307692307}, ""y1_a1"": {""n"": 8, ""accuracy"": 0.625}}",0.3836282402149699
corr,ruler_fixed,dinov2_b14_224,i2e,0.25,123,clean,0.8081707730287042,,0.8081707730287042,356,73,0,0.8033707865168539,0.7340142310857254,,"{""y0_a0"": {""n"": 283, ""accuracy"": 0.8515901060070671}, ""y0_a1"": {""n"": 0, ""accuracy"": NaN}, ""y1_a0"": {""n"": 73, ""accuracy"": 0.6164383561643836}, ""y1_a1"": {""n"": 0, ""accuracy"": NaN}}",0.5544077549324129
corr,ruler_fixed,dinov2_b14_224,i2e,0.25,123,test_corr,0.8220146183261532,0.8419098143236073,0.7209645669291338,356,73,94,0.8117977528089888,0.7545621762912047,0.5,"{""y0_a0"": {""n"": 254, ""accuracy"": 0.8464566929133859}, ""y0_a1"": {""n"": 29, ""accuracy"": 0.896551724137931}, ""y1_a0"": {""n"": 8, ""accuracy"": 0.5}, ""y1_a1"": {""n"": 65, ""accuracy"": 0.676923076923077}}",0.5544077549324129
corr,ruler_fixed,dinov2_b14_224,i2e,0.25,123,test_rev,0.7857108282104651,0.8445945945945945,0.7467948717948718,356,73,267,0.7865168539325843,0.7234135243719444,0.5,"{""y0_a0"": {""n"": 24, ""accuracy"": 0.7083333333333334}, ""y0_a1"": {""n"": 259, ""accuracy"": 0.8416988416988417}, ""y1_a0"": {""n"": 65, ""accuracy"": 0.6307692307692307}, ""y1_a1"": {""n"": 8, ""accuracy"": 0.5}}",0.5544077549324129
corr,ruler_fixed,dinov2_b14_224,i2e_balanced,0.25,123,clean,0.8039595333752844,,0.8039595333752844,356,73,0,0.7921348314606742,0.7269470932765381,,"{""y0_a0"": {""n"": 283, ""accuracy"": 0.8374558303886925}, ""y0_a1"": {""n"": 0, ""accuracy"": NaN}, ""y1_a0"": {""n"": 73, ""accuracy"": 0.6164383561643836}, ""y1_a1"": {""n"": 0, ""accuracy"": NaN}}",0.5182623374461076
corr,ruler_fixed,dinov2_b14_224,i2e_balanced,0.25,123,test_corr,0.7996030785614018,0.8334217506631301,0.7111220472440944,356,73,94,0.7921348314606742,0.7269470932765381,0.375,"{""y0_a0"": {""n"": 254, ""accuracy"": 0.8307086614173228}, ""y0_a1"": {""n"": 29, ""accuracy"": 0.896551724137931}, ""y1_a0"": {""n"": 8, ""accuracy"": 0.375}, ""y1_a1"": {""n"": 65, ""accuracy"": 0.6461538461538462}}",0.5182623374461076
corr,ruler_fixed,dinov2_b14_224,i2e_balanced,0.25,123,test_rev,0.7989738128660632,0.8334942084942085,0.735897435897436,356,73,267,0.7893258426966292,0.7251803088242412,0.6153846153846154,"{""y0_a0"": {""n"": 24, ""accuracy"": 0.75}, ""y0_a1"": {""n"": 259, ""accuracy"": 0.8416988416988417}, ""y1_a0"": {""n"": 65, ""accuracy"": 0.6153846153846154}, ""y1_a1"": {""n"": 8, ""accuracy"": 0.625}}",0.5182623374461076
corr,ruler_fixed,dinov2_b14_224,i2e_rank1,0.25,123,clean,0.7938428771963792,,0.7938428771963792,356,73,0,0.7050561797752809,0.7026719589525147,,"{""y0_a0"": {""n"": 283, ""accuracy"": 0.7067137809187279}, ""y0_a1"": {""n"": 0, ""accuracy"": NaN}, ""y1_a0"": {""n"": 73, ""accuracy"": 0.6986301369863014}, ""y1_a1"": {""n"": 0, ""accuracy"": NaN}}",0.4293795404855921
corr,ruler_fixed,dinov2_b14_224,i2e_rank1,0.25,123,test_corr,0.8222082385401035,0.8265251989389921,0.6934055118110236,356,73,94,0.7106741573033708,0.7265356503218936,0.5,"{""y0_a0"": {""n"": 254, ""accuracy"": 0.7007874015748031}, ""y0_a1"": {""n"": 29, ""accuracy"": 0.6896551724137931}, ""y1_a0"": {""n"": 8, ""accuracy"": 0.5}, ""y1_a1"": {""n"": 65, ""accuracy"": 0.7846153846153846}}",0.4293795404855921
corr,ruler_fixed,dinov2_b14_224,i2e_rank1,0.25,123,test_rev,0.7557965051551382,0.8552123552123553,0.7442307692307693,356,73,267,0.648876404494382,0.6724188005227746,0.5833333333333334,"{""y0_a0"": {""n"": 24, ""accuracy"": 0.5833333333333334}, ""y0_a1"": {""n"": 259, ""accuracy"": 0.637065637065637}, ""y1_a0"": {""n"": 65, ""accuracy"": 0.6923076923076923}, ""y1_a1"": {""n"": 8, ""accuracy"": 0.875}}",0.4293795404855921
corr,ruler_fixed,dinov2_b14_224,insert_aug,0.25,123,clean,0.8116559368798103,,0.8116559368798103,356,73,0,0.7949438202247191,0.7287138777288349,,"{""y0_a0"": {""n"": 283, ""accuracy"": 0.8409893992932862}, ""y0_a1"": {""n"": 0, ""accuracy"": NaN}, ""y1_a0"": {""n"": 73, ""accuracy"": 0.6164383561643836}, ""y1_a1"": {""n"": 0, ""accuracy"": NaN}}",0.23281814996536618
corr,ruler_fixed,dinov2_b14_224,insert_aug,0.25,123,test_corr,0.9306839634057795,0.850397877984085,0.7770669291338582,356,73,94,0.800561797752809,0.8338980589573551,0.3448275862068966,"{""y0_a0"": {""n"": 254, ""accuracy"": 0.8267716535433071}, ""y0_a1"": {""n"": 29, ""accuracy"": 0.3448275862068966}, ""y1_a0"": {""n"": 8, ""accuracy"": 0.5}, ""y1_a1"": {""n"": 65, ""accuracy"": 0.9384615384615385}}",0.23281814996536618
corr,ruler_fixed,dinov2_b14_224,insert_aug,0.25,123,test_rev,0.5357471320005809,0.8359073359073359,0.7397435897435898,356,73,267,0.45786516853932585,0.5268648046856093,0.38223938223938225,"{""y0_a0"": {""n"": 24, ""accuracy"": 0.7083333333333334}, ""y0_a1"": {""n"": 259, ""accuracy"": 0.38223938223938225}, ""y1_a0"": {""n"": 65, ""accuracy"": 0.6}, ""y1_a1"": {""n"": 8, ""accuracy"": 1.0}}",0.23281814996536618
corr,ruler_fixed,dinov2_b14_224,mte,0.25,123,clean,0.7529406069993707,,0.7529406069993707,356,73,0,0.7471910112359551,0.698678542039789,,"{""y0_a0"": {""n"": 283, ""accuracy"": 0.7809187279151943}, ""y0_a1"": {""n"": 0, ""accuracy"": NaN}, ""y1_a0"": {""n"": 73, ""accuracy"": 0.6164383561643836}, ""y1_a1"": {""n"": 0, ""accuracy"": NaN}}",0.3625310656653324
corr,ruler_fixed,dinov2_b14_224,mte,0.25,123,test_corr,0.8783581005857012,0.8164456233421751,0.7111220472440944,356,73,94,0.7696629213483146,0.8042983687496974,0.4827586206896552,"{""y0_a0"": {""n"": 254, ""accuracy"": 0.7755905511811023}, ""y0_a1"": {""n"": 29, ""accuracy"": 0.4827586206896552}, ""y1_a0"": {""n"": 8, ""accuracy"": 0.625}, ""y1_a1"": {""n"": 65, ""accuracy"": 0.8923076923076924}}",0.3625310656653324
corr,ruler_fixed,dinov2_b14_224,mte,0.25,123,test_rev,0.6059828646110654,0.6607142857142858,0.726923076923077,356,73,267,0.5449438202247191,0.5968827145553995,0.49034749034749037,"{""y0_a0"": {""n"": 24, ""accuracy"": 0.7083333333333334}, ""y0_a1"": {""n"": 259, ""accuracy"": 0.49034749034749037}, ""y1_a0"": {""n"": 65, ""accuracy"": 0.6615384615384615}, ""y1_a1"": {""n"": 8, ""accuracy"": 0.875}}",0.3625310656653324
corr,ruler_fixed,dinov2_b14_224,mte_balanced,0.25,123,clean,0.7636381238201267,,0.7636381238201267,356,73,0,0.6938202247191011,0.7006873517595237,,"{""y0_a0"": {""n"": 283, ""accuracy"": 0.6890459363957597}, ""y0_a1"": {""n"": 0, ""accuracy"": NaN}, ""y1_a0"": {""n"": 73, ""accuracy"": 0.7123287671232876}, ""y1_a1"": {""n"": 0, ""accuracy"": NaN}}",0.32068589597346064
corr,ruler_fixed,dinov2_b14_224,mte_balanced,0.25,123,test_corr,0.810881456024009,0.8005305039787798,0.7268700787401574,356,73,94,0.702247191011236,0.7212352969650031,0.625,"{""y0_a0"": {""n"": 254, ""accuracy"": 0.6889763779527559}, ""y0_a1"": {""n"": 29, ""accuracy"": 0.6896551724137931}, ""y1_a0"": {""n"": 8, ""accuracy"": 0.625}, ""y1_a1"": {""n"": 65, ""accuracy"": 0.7692307692307693}}",0.32068589597346064
corr,ruler_fixed,dinov2_b14_224,mte_balanced,0.25,123,test_rev,0.729754586378818,0.6505791505791506,0.7487179487179487,356,73,267,0.6460674157303371,0.6757345466866741,0.625,"{""y0_a0"": {""n"": 24, ""accuracy"": 0.625}, ""y0_a1"": {""n"": 259, ""accuracy"": 0.6254826254826255}, ""y1_a0"": {""n"": 65, ""accuracy"": 0.7384615384615385}, ""y1_a1"": {""n"": 8, ""accuracy"": 0.625}}",0.32068589597346064
corr,ruler_fixed,dinov2_b14_224,ui2e,0.25,123,clean,0.8080255578682415,,0.8080255578682415,356,73,0,0.7752808988764045,0.7214289171789534,,"{""y0_a0"": {""n"": 283, ""accuracy"": 0.8127208480565371}, ""y0_a1"": {""n"": 0, ""accuracy"": NaN}, ""y1_a0"": {""n"": 73, ""accuracy"": 0.6301369863013698}, ""y1_a1"": {""n"": 0, ""accuracy"": NaN}}",0.38248425818446347
corr,ruler_fixed,dinov2_b14_224,ui2e,0.25,123,test_corr,0.898397792729561,0.8323607427055703,0.7150590551181102,356,73,94,0.7837078651685393,0.8029672297787889,0.375,"{""y0_a0"": {""n"": 254, ""accuracy"": 0.8031496062992126}, ""y0_a1"": {""n"": 29, ""accuracy"": 0.4827586206896552}, ""y1_a0"": {""n"": 8, ""accuracy"": 0.375}, ""y1_a1"": {""n"": 65, ""accuracy"": 0.8923076923076924}}",0.38248425818446347
corr,ruler_fixed,dinov2_b14_224,ui2e,0.25,123,test_rev,0.6191006341062008,0.8204633204633204,0.7506410256410256,356,73,267,0.5252808988764045,0.5743501621569291,0.4671814671814672,"{""y0_a0"": {""n"": 24, ""accuracy"": 0.75}, ""y0_a1"": {""n"": 259, ""accuracy"": 0.4671814671814672}, ""y1_a0"": {""n"": 65, ""accuracy"": 0.6153846153846154}, ""y1_a1"": {""n"": 8, ""accuracy"": 1.0}}",0.38248425818446347
corr,ruler_fixed,dinov2_b14_224,ui2e_balanced,0.25,123,clean,0.797376446100973,,0.797376446100973,356,73,0,0.7668539325842697,0.731376155670652,,"{""y0_a0"": {""n"": 283, ""accuracy"": 0.7915194346289752}, ""y0_a1"": {""n"": 0, ""accuracy"": NaN}, ""y1_a0"": {""n"": 73, ""accuracy"": 0.6712328767123288}, ""y1_a1"": {""n"": 0, ""accuracy"": NaN}}",0.4052828988100536
corr,ruler_fixed,dinov2_b14_224,ui2e_balanced,0.25,123,test_corr,0.8283072752795391,0.826525198938992,0.6978346456692913,356,73,94,0.7668539325842697,0.7415412169030446,0.375,"{""y0_a0"": {""n"": 254, ""accuracy"": 0.7874015748031497}, ""y0_a1"": {""n"": 29, ""accuracy"": 0.7586206896551724}, ""y1_a0"": {""n"": 8, ""accuracy"": 0.375}, ""y1_a1"": {""n"": 65, ""accuracy"": 0.7384615384615385}}",0.4052828988100536
corr,ruler_fixed,dinov2_b14_224,ui2e_balanced,0.25,123,test_rev,0.7561353405295512,0.859073359073359,0.7262820512820514,356,73,267,0.7050561797752809,0.692506897720122,0.6615384615384615,"{""y0_a0"": {""n"": 24, ""accuracy"": 0.6666666666666666}, ""y0_a1"": {""n"": 259, ""accuracy"": 0.7181467181467182}, ""y1_a0"": {""n"": 65, ""accuracy"": 0.6615384615384615}, ""y1_a1"": {""n"": 8, ""accuracy"": 0.75}}",0.4052828988100536
corr,ruler_fixed,dinov2_b14_224,umte,0.25,123,clean,0.7405005082530616,,0.7405005082530616,356,73,0,0.7921348314606742,0.6405440728012004,,"{""y0_a0"": {""n"": 283, ""accuracy"": 0.8975265017667845}, ""y0_a1"": {""n"": 0, ""accuracy"": NaN}, ""y1_a0"": {""n"": 73, ""accuracy"": 0.3835616438356164}, ""y1_a1"": {""n"": 0, ""accuracy"": NaN}}",0.45311834241555443
corr,ruler_fixed,dinov2_b14_224,umte,0.25,123,test_corr,0.9140810300595382,0.7904509283819628,0.6264763779527559,356,73,94,0.8342696629213483,0.8195217580715426,0.125,"{""y0_a0"": {""n"": 254, ""accuracy"": 0.8937007874015748}, ""y0_a1"": {""n"": 29, ""accuracy"": 0.41379310344827586}, ""y1_a0"": {""n"": 8, ""accuracy"": 0.125}, ""y1_a1"": {""n"": 65, ""accuracy"": 0.8769230769230769}}",0.45311834241555443
corr,ruler_fixed,dinov2_b14_224,umte,0.25,123,test_rev,0.39808315988189164,0.5487451737451737,0.716025641025641,356,73,267,0.38764044943820225,0.396292172902851,0.33204633204633205,"{""y0_a0"": {""n"": 24, ""accuracy"": 0.9166666666666666}, ""y0_a1"": {""n"": 259, ""accuracy"": 0.33204633204633205}, ""y1_a0"": {""n"": 65, ""accuracy"": 0.4}, ""y1_a1"": {""n"": 8, ""accuracy"": 0.5}}",0.45311834241555443
corr,ruler_fixed,dinov2_b14_224,umte_balanced,0.25,123,clean,0.7624279974829372,,0.7624279974829372,356,73,0,0.7415730337078652,0.720557626216177,,"{""y0_a0"": {""n"": 283, ""accuracy"": 0.7561837455830389}, ""y0_a1"": {""n"": 0, ""accuracy"": NaN}, ""y1_a0"": {""n"": 73, ""accuracy"": 0.684931506849315}, ""y1_a1"": {""n"": 0, ""accuracy"": NaN}}",0.3228067780716879
corr,ruler_fixed,dinov2_b14_224,umte_balanced,0.25,123,test_corr,0.8322280846120335,0.786737400530504,0.6909448818897638,356,73,94,0.7415730337078652,0.7510528099133549,0.6206896551724138,"{""y0_a0"": {""n"": 254, ""accuracy"": 0.7480314960629921}, ""y0_a1"": {""n"": 29, ""accuracy"": 0.6206896551724138}, ""y1_a0"": {""n"": 8, ""accuracy"": 0.625}, ""y1_a1"": {""n"": 65, ""accuracy"": 0.7846153846153846}}",0.3228067780716879
corr,ruler_fixed,dinov2_b14_224,umte_balanced,0.25,123,test_rev,0.6819303935330849,0.6525096525096524,0.735897435897436,356,73,267,0.5870786516853933,0.6284670119560483,0.5482625482625483,"{""y0_a0"": {""n"": 24, ""accuracy"": 0.6666666666666666}, ""y0_a1"": {""n"": 259, ""accuracy"": 0.5482625482625483}, ""y1_a0"": {""n"": 65, ""accuracy"": 0.7076923076923077}, ""y1_a1"": {""n"": 8, ""accuracy"": 0.625}}",0.3228067780716879
corr,ruler_fixed,dinov2_b14_224,erm,0.25,456,clean,0.7851299675686142,,0.7851299675686142,356,73,0,0.7584269662921348,0.70066314923278,,"{""y0_a0"": {""n"": 283, ""accuracy"": 0.7985865724381626}, ""y0_a1"": {""n"": 0, ""accuracy"": NaN}, ""y1_a0"": {""n"": 73, ""accuracy"": 0.6027397260273972}, ""y1_a1"": {""n"": 0, ""accuracy"": NaN}}",0.20004581542099578
corr,ruler_fixed,dinov2_b14_224,erm,0.25,456,test_corr,0.9659712473982284,0.7918552036199096,0.9431906614785993,356,73,94,0.800561797752809,0.8694757732707294,0.2692307692307692,"{""y0_a0"": {""n"": 257, ""accuracy"": 0.8015564202334631}, ""y0_a1"": {""n"": 26, ""accuracy"": 0.2692307692307692}, ""y1_a0"": {""n"": 5, ""accuracy"": 0.8}, ""y1_a1"": {""n"": 68, ""accuracy"": 1.0}}",0.20004581542099578
corr,ruler_fixed,dinov2_b14_224,erm,0.25,456,test_rev,0.40055181760975844,0.7949735449735449,0.813508064516129,356,73,261,0.31741573033707865,0.4385255820707682,0.16666666666666666,"{""y0_a0"": {""n"": 31, ""accuracy"": 0.7741935483870968}, ""y0_a1"": {""n"": 252, ""accuracy"": 0.16666666666666666}, ""y1_a0"": {""n"": 64, ""accuracy"": 0.59375}, ""y1_a1"": {""n"": 9, ""accuracy"": 1.0}}",0.20004581542099578
corr,ruler_fixed,dinov2_b14_224,mask,0.25,456,clean,0.7483421269180501,,0.7483421269180501,356,73,0,0.7247191011235955,0.6794617358052181,,"{""y0_a0"": {""n"": 283, ""accuracy"": 0.7561837455830389}, ""y0_a1"": {""n"": 0, ""accuracy"": NaN}, ""y1_a0"": {""n"": 73, ""accuracy"": 0.6027397260273972}, ""y1_a1"": {""n"": 0, ""accuracy"": NaN}}",0.1587589478227554
corr,ruler_fixed,dinov2_b14_224,mask,0.25,456,test_corr,0.9561450215402488,0.752262443438914,0.8404669260700389,356,73,94,0.7528089887640449,0.8394404375816835,0.038461538461538464,"{""y0_a0"": {""n"": 257, ""accuracy"": 0.7587548638132295}, ""y0_a1"": {""n"": 26, ""accuracy"": 0.038461538461538464}, ""y1_a0"": {""n"": 5, ""accuracy"": 0.8}, ""y1_a1"": {""n"": 68, ""accuracy"": 1.0}}",0.1587589478227554
corr,ruler_fixed,dinov2_b14_224,mask,0.25,456,test_rev,0.3548090420639915,0.7755731922398589,0.764616935483871,356,73,261,0.25,0.40120528583184084,0.06746031746031746,"{""y0_a0"": {""n"": 31, ""accuracy"": 0.7741935483870968}, ""y0_a1"": {""n"": 252, ""accuracy"": 0.06746031746031746}, ""y1_a0"": {""n"": 64, ""accuracy"": 0.609375}, ""y1_a1"": {""n"": 9, ""accuracy"": 1.0}}",0.1587589478227554
corr,ruler_fixed,dinov2_b14_224,balanced,0.25,456,clean,0.7771915387966504,,0.7771915387966504,356,73,0,0.7331460674157303,0.6847620891621085,,"{""y0_a0"": {""n"": 283, ""accuracy"": 0.7667844522968198}, ""y0_a1"": {""n"": 0, ""accuracy"": NaN}, ""y1_a0"": {""n"": 73, ""accuracy"": 0.6027397260273972}, ""y1_a1"": {""n"": 0, ""accuracy"": NaN}}",0.47509637501844515
corr,ruler_fixed,dinov2_b14_224,balanced,0.25,456,test_corr,0.8040079384287718,0.7217194570135747,0.9128404669260701,356,73,94,0.7331460674157303,0.7000096810106975,0.5769230769230769,"{""y0_a0"": {""n"": 257, ""accuracy"": 0.77431906614786}, ""y0_a1"": {""n"": 26, ""accuracy"": 0.5769230769230769}, ""y1_a0"": {""n"": 5, ""accuracy"": 0.8}, ""y1_a1"": {""n"": 68, ""accuracy"": 0.6323529411764706}}",0.47509637501844515
corr,ruler_fixed,dinov2_b14_224,balanced,0.25,456,test_rev,0.7449053681204317,0.8187830687830687,0.780241935483871,356,73,261,0.6853932584269663,0.6547267534730625,0.578125,"{""y0_a0"": {""n"": 31, ""accuracy"": 0.9032258064516129}, ""y0_a1"": {""n"": 252, ""accuracy"": 0.6825396825396826}, ""y1_a0"": {""n"": 64, ""accuracy"": 0.578125}, ""y1_a1"": {""n"": 9, ""accuracy"": 0.7777777777777778}}",0.47509637501844515
corr,ruler_fixed,dinov2_b14_224,dfr,0.25,456,clean,0.7285444600416283,,0.7285444600416283,356,73,0,0.7050561797752809,0.6518466527905513,,"{""y0_a0"": {""n"": 283, ""accuracy"": 0.7420494699646644}, ""y0_a1"": {""n"": 0, ""accuracy"": NaN}, ""y1_a0"": {""n"": 73, ""accuracy"": 0.5616438356164384}, ""y1_a1"": {""n"": 0, ""accuracy"": NaN}}",0.535270633571807
corr,ruler_fixed,dinov2_b14_224,dfr,0.25,456,test_corr,0.7615567065201606,0.6911764705882354,0.9369649805447471,356,73,94,0.7106741573033708,0.6757103441599304,0.5882352941176471,"{""y0_a0"": {""n"": 257, ""accuracy"": 0.7470817120622568}, ""y0_a1"": {""n"": 26, ""accuracy"": 0.6153846153846154}, ""y1_a0"": {""n"": 5, ""accuracy"": 1.0}, ""y1_a1"": {""n"": 68, ""accuracy"": 0.5882352941176471}}",0.535270633571807
corr,ruler_fixed,dinov2_b14_224,dfr,0.25,456,test_rev,0.7016796553560192,0.7111992945326278,0.7353830645161291,356,73,261,0.6657303370786517,0.6321942010745922,0.5555555555555556,"{""y0_a0"": {""n"": 31, ""accuracy"": 0.7419354838709677}, ""y0_a1"": {""n"": 252, ""accuracy"": 0.6825396825396826}, ""y1_a0"": {""n"": 64, ""accuracy"": 0.578125}, ""y1_a1"": {""n"": 9, ""accuracy"": 0.5555555555555556}}",0.535270633571807
corr,ruler_fixed,dinov2_b14_224,leace,0.25,456,clean,0.8256449973377221,,0.8256449973377221,356,73,0,0.800561797752809,0.7017522629362505,,"{""y0_a0"": {""n"": 283, ""accuracy"": 0.8692579505300353}, ""y0_a1"": {""n"": 0, ""accuracy"": NaN}, ""y1_a0"": {""n"": 73, ""accuracy"": 0.5342465753424658}, ""y1_a1"": {""n"": 0, ""accuracy"": NaN}}",0.611839045452455
corr,ruler_fixed,dinov2_b14_224,leace,0.25,456,test_corr,0.8170773028704197,0.7867647058823529,0.9175097276264592,356,73,94,0.800561797752809,0.7017522629362505,0.5147058823529411,"{""y0_a0"": {""n"": 257, ""accuracy"": 0.8715953307392996}, ""y0_a1"": {""n"": 26, ""accuracy"": 0.8461538461538461}, ""y1_a0"": {""n"": 5, ""accuracy"": 0.8}, ""y1_a1"": {""n"": 68, ""accuracy"": 0.5147058823529411}}",0.611839045452455
corr,ruler_fixed,dinov2_b14_224,leace,0.25,456,test_rev,0.8212885425238395,0.8505291005291007,0.8452620967741936,356,73,261,0.800561797752809,0.6966697323200541,0.515625,"{""y0_a0"": {""n"": 31, ""accuracy"": 0.9032258064516129}, ""y0_a1"": {""n"": 252, ""accuracy"": 0.8690476190476191}, ""y1_a0"": {""n"": 64, ""accuracy"": 0.515625}, ""y1_a1"": {""n"": 9, ""accuracy"": 0.5555555555555556}}",0.611839045452455
corr,ruler_fixed,dinov2_b14_224,umte_protect,0.25,456,clean,0.7558933152621133,,0.7558933152621133,356,73,0,0.6882022471910112,0.6768236603901447,,"{""y0_a0"": {""n"": 283, ""accuracy"": 0.696113074204947}, ""y0_a1"": {""n"": 0, ""accuracy"": NaN}, ""y1_a0"": {""n"": 73, ""accuracy"": 0.6575342465753424}, ""y1_a1"": {""n"": 0, ""accuracy"": NaN}}",0.2184548012931244
corr,ruler_fixed,dinov2_b14_224,umte_protect,0.25,456,test_corr,0.9440921632218403,0.7290723981900452,0.8770428015564202,356,73,94,0.7134831460674157,0.8147054552495281,0.07692307692307693,"{""y0_a0"": {""n"": 257, ""accuracy"": 0.7003891050583657}, ""y0_a1"": {""n"": 26, ""accuracy"": 0.07692307692307693}, ""y1_a0"": {""n"": 5, ""accuracy"": 0.8}, ""y1_a1"": {""n"": 68, ""accuracy"": 1.0}}",0.2184548012931244
corr,ruler_fixed,dinov2_b14_224,umte_protect,0.25,456,test_rev,0.43893702502541265,0.7702821869488536,0.7585685483870969,356,73,261,0.2949438202247191,0.4396388983009826,0.13095238095238096,"{""y0_a0"": {""n"": 31, ""accuracy"": 0.7096774193548387}, ""y0_a1"": {""n"": 252, ""accuracy"": 0.13095238095238096}, ""y1_a0"": {""n"": 64, ""accuracy"": 0.640625}, ""y1_a1"": {""n"": 9, ""accuracy"": 1.0}}",0.2184548012931244
corr,ruler_fixed,dinov2_b14_224,umte_protect_balanced,0.25,456,clean,0.7623795924294496,,0.7623795924294496,356,73,0,0.7584269662921348,0.6447553124546203,,"{""y0_a0"": {""n"": 283, ""accuracy"": 0.8374558303886925}, ""y0_a1"": {""n"": 0, ""accuracy"": NaN}, ""y1_a0"": {""n"": 73, ""accuracy"": 0.4520547945205479}, ""y1_a1"": {""n"": 0, ""accuracy"": NaN}}",0.5264301305356536
corr,ruler_fixed,dinov2_b14_224,umte_protect_balanced,0.25,456,test_corr,0.841957500363038,0.7121040723981901,0.9105058365758756,356,73,94,0.7949438202247191,0.7439614695774239,0.6470588235294118,"{""y0_a0"": {""n"": 257, ""accuracy"": 0.8443579766536965}, ""y0_a1"": {""n"": 26, ""accuracy"": 0.6923076923076923}, ""y1_a0"": {""n"": 5, ""accuracy"": 0.8}, ""y1_a1"": {""n"": 68, ""accuracy"": 0.6470588235294118}}",0.5264301305356536
corr,ruler_fixed,dinov2_b14_224,umte_protect_balanced,0.25,456,test_rev,0.6775255336657147,0.755731922398589,0.7666330645161291,356,73,261,0.6966292134831461,0.6109685851202866,0.453125,"{""y0_a0"": {""n"": 31, ""accuracy"": 0.8387096774193549}, ""y0_a1"": {""n"": 252, ""accuracy"": 0.746031746031746}, ""y1_a0"": {""n"": 64, ""accuracy"": 0.453125}, ""y1_a1"": {""n"": 9, ""accuracy"": 0.5555555555555556}}",0.5264301305356536
corr,ruler_fixed,dinov2_b14_224,i2e,0.25,456,clean,0.8074446972263905,,0.8074446972263905,356,73,0,0.8089887640449438,0.7019700856769446,,"{""y0_a0"": {""n"": 283, ""accuracy"": 0.8833922261484098}, ""y0_a1"": {""n"": 0, ""accuracy"": NaN}, ""y1_a0"": {""n"": 73, ""accuracy"": 0.5205479452054794}, ""y1_a1"": {""n"": 0, ""accuracy"": NaN}}",0.6047657279459622
corr,ruler_fixed,dinov2_b14_224,i2e,0.25,456,test_corr,0.8273391742097875,0.7946832579185521,0.8459143968871595,356,73,94,0.8117977528089888,0.7139019313616342,0.5441176470588235,"{""y0_a0"": {""n"": 257, ""accuracy"": 0.8871595330739299}, ""y0_a1"": {""n"": 26, ""accuracy"": 0.8076923076923077}, ""y1_a0"": {""n"": 5, ""accuracy"": 0.6}, ""y1_a1"": {""n"": 68, ""accuracy"": 0.5441176470588235}}",0.6047657279459622
corr,ruler_fixed,dinov2_b14_224,i2e,0.25,456,test_rev,0.7833389805895735,0.8267195767195767,0.8346774193548387,356,73,261,0.7865168539325843,0.6878358100585701,0.5,"{""y0_a0"": {""n"": 31, ""accuracy"": 0.9032258064516129}, ""y0_a1"": {""n"": 252, ""accuracy"": 0.8492063492063492}, ""y1_a0"": {""n"": 64, ""accuracy"": 0.5}, ""y1_a1"": {""n"": 9, ""accuracy"": 0.6666666666666666}}",0.6047657279459622
corr,ruler_fixed,dinov2_b14_224,i2e_balanced,0.25,456,clean,0.7906481436661987,,0.7906481436661987,356,73,0,0.7359550561797753,0.7170240573115834,,"{""y0_a0"": {""n"": 283, ""accuracy"": 0.7491166077738516}, ""y0_a1"": {""n"": 0, ""accuracy"": NaN}, ""y1_a0"": {""n"": 73, ""accuracy"": 0.684931506849315}, ""y1_a1"": {""n"": 0, ""accuracy"": NaN}}",0.4410181569748341
corr,ruler_fixed,dinov2_b14_224,i2e_balanced,0.25,456,test_corr,0.78561401810349,0.755656108597285,0.8575875486381324,356,73,94,0.7303370786516854,0.703325427174597,0.6470588235294118,"{""y0_a0"": {""n"": 257, ""accuracy"": 0.7509727626459144}, ""y0_a1"": {""n"": 26, ""accuracy"": 0.7307692307692307}, ""y1_a0"": {""n"": 5, ""accuracy"": 0.8}, ""y1_a1"": {""n"": 68, ""accuracy"": 0.6470588235294118}}",0.4410181569748341
corr,ruler_fixed,dinov2_b14_224,i2e_balanced,0.25,456,test_rev,0.7915194346289753,0.8298059964726632,0.8049395161290323,356,73,261,0.7443820224719101,0.7223244106684737,0.671875,"{""y0_a0"": {""n"": 31, ""accuracy"": 0.8064516129032258}, ""y0_a1"": {""n"": 252, ""accuracy"": 0.753968253968254}, ""y1_a0"": {""n"": 64, ""accuracy"": 0.671875}, ""y1_a1"": {""n"": 9, ""accuracy"": 0.7777777777777778}}",0.4410181569748341
corr,ruler_fixed,dinov2_b14_224,i2e_rank1,0.25,456,clean,0.7938428771963792,,0.7938428771963792,356,73,0,0.6966292134831461,0.6973716055956242,,"{""y0_a0"": {""n"": 283, ""accuracy"": 0.696113074204947}, ""y0_a1"": {""n"": 0, ""accuracy"": NaN}, ""y1_a0"": {""n"": 73, ""accuracy"": 0.6986301369863014}, ""y1_a1"": {""n"": 0, ""accuracy"": NaN}}",0.4241156498990279
corr,ruler_fixed,dinov2_b14_224,i2e_rank1,0.25,456,test_corr,0.8290333510818529,0.7483031674208145,0.9143968871595332,356,73,94,0.7134831460674157,0.7384674960065831,0.5,"{""y0_a0"": {""n"": 257, ""accuracy"": 0.7159533073929961}, ""y0_a1"": {""n"": 26, ""accuracy"": 0.5}, ""y1_a0"": {""n"": 5, ""accuracy"": 0.8}, ""y1_a1"": {""n"": 68, ""accuracy"": 0.7794117647058824}}",0.4241156498990279
corr,ruler_fixed,dinov2_b14_224,i2e_rank1,0.25,456,test_rev,0.753715087855172,0.810405643738977,0.815524193548387,356,73,261,0.6404494382022472,0.6620359165496879,0.6071428571428571,"{""y0_a0"": {""n"": 31, ""accuracy"": 0.7741935483870968}, ""y0_a1"": {""n"": 252, ""accuracy"": 0.6071428571428571}, ""y1_a0"": {""n"": 64, ""accuracy"": 0.6875}, ""y1_a1"": {""n"": 9, ""accuracy"": 0.7777777777777778}}",0.4241156498990279
corr,ruler_fixed,dinov2_b14_224,insert_aug,0.25,456,clean,0.8163512270681059,,0.8163512270681059,356,73,0,0.7528089887640449,0.7174597027929716,,"{""y0_a0"": {""n"": 283, ""accuracy"": 0.7773851590106007}, ""y0_a1"": {""n"": 0, ""accuracy"": NaN}, ""y1_a0"": {""n"": 73, ""accuracy"": 0.6575342465753424}, ""y1_a1"": {""n"": 0, ""accuracy"": NaN}}",0.1750146505482597
corr,ruler_fixed,dinov2_b14_224,insert_aug,0.25,456,test_corr,0.9531923132775062,0.8082579185520362,0.9330739299610895,356,73,94,0.7865168539325843,0.855559320393049,0.34615384615384615,"{""y0_a0"": {""n"": 257, ""accuracy"": 0.7782101167315175}, ""y0_a1"": {""n"": 26, ""accuracy"": 0.34615384615384615}, ""y1_a0"": {""n"": 5, ""accuracy"": 0.8}, ""y1_a1"": {""n"": 68, ""accuracy"": 0.9852941176470589}}",0.1750146505482597
corr,ruler_fixed,dinov2_b14_224,insert_aug,0.25,456,test_rev,0.5574325959630184,0.8306878306878307,0.8457661290322581,356,73,261,0.3960674157303371,0.5083256691998644,0.2619047619047619,"{""y0_a0"": {""n"": 31, ""accuracy"": 0.7741935483870968}, ""y0_a1"": {""n"": 252, ""accuracy"": 0.2619047619047619}, ""y1_a0"": {""n"": 64, ""accuracy"": 0.65625}, ""y1_a1"": {""n"": 9, ""accuracy"": 1.0}}",0.1750146505482597
corr,ruler_fixed,dinov2_b14_224,mte,0.25,456,clean,0.7430175710344159,,0.7430175710344159,356,73,0,0.7359550561797753,0.6712812817658164,,"{""y0_a0"": {""n"": 283, ""accuracy"": 0.7809187279151943}, ""y0_a1"": {""n"": 0, ""accuracy"": NaN}, ""y1_a0"": {""n"": 73, ""accuracy"": 0.5616438356164384}, ""y1_a1"": {""n"": 0, ""accuracy"": NaN}}",0.3719927641838539
corr,ruler_fixed,dinov2_b14_224,mte,0.25,456,test_corr,0.8907497942785227,0.7194570135746606,0.8754863813229572,356,73,94,0.7640449438202247,0.7855172079965148,0.34615384615384615,"{""y0_a0"": {""n"": 257, ""accuracy"": 0.7898832684824902}, ""y0_a1"": {""n"": 26, ""accuracy"": 0.34615384615384615}, ""y1_a0"": {""n"": 5, ""accuracy"": 0.6}, ""y1_a1"": {""n"": 68, ""accuracy"": 0.8382352941176471}}",0.3719927641838539
corr,ruler_fixed,dinov2_b14_224,mte,0.25,456,test_rev,0.5842974006486277,0.8306878306878307,0.7278225806451613,356,73,261,0.5393258426966292,0.5628539619536279,0.4880952380952381,"{""y0_a0"": {""n"": 31, ""accuracy"": 0.8064516129032258}, ""y0_a1"": {""n"": 252, ""accuracy"": 0.4880952380952381}, ""y1_a0"": {""n"": 64, ""accuracy"": 0.5625}, ""y1_a1"": {""n"": 9, ""accuracy"": 0.8888888888888888}}",0.3719927641838539
corr,ruler_fixed,dinov2_b14_224,mte_balanced,0.25,456,clean,0.7260758023137616,,0.7260758023137616,356,73,0,0.7303370786516854,0.6677477128612227,,"{""y0_a0"": {""n"": 283, ""accuracy"": 0.773851590106007}, ""y0_a1"": {""n"": 0, ""accuracy"": NaN}, ""y1_a0"": {""n"": 73, ""accuracy"": 0.5616438356164384}, ""y1_a1"": {""n"": 0, ""accuracy"": NaN}}",0.3921703302567857
corr,ruler_fixed,dinov2_b14_224,mte_balanced,0.25,456,test_corr,0.7955370540684448,0.666289592760181,0.8871595330739299,356,73,94,0.75,0.7258579795730674,0.6153846153846154,"{""y0_a0"": {""n"": 257, ""accuracy"": 0.7821011673151751}, ""y0_a1"": {""n"": 26, ""accuracy"": 0.6153846153846154}, ""y1_a0"": {""n"": 5, ""accuracy"": 0.8}, ""y1_a1"": {""n"": 68, ""accuracy"": 0.6764705882352942}}",0.3921703302567857
corr,ruler_fixed,dinov2_b14_224,mte_balanced,0.25,456,test_rev,0.6777675589331527,0.7883597883597884,0.7071572580645161,356,73,261,0.6713483146067416,0.6357277699791858,0.546875,"{""y0_a0"": {""n"": 31, ""accuracy"": 0.7419354838709677}, ""y0_a1"": {""n"": 252, ""accuracy"": 0.6904761904761905}, ""y1_a0"": {""n"": 64, ""accuracy"": 0.546875}, ""y1_a1"": {""n"": 9, ""accuracy"": 0.7777777777777778}}",0.3921703302567857
corr,ruler_fixed,dinov2_b14_224,ui2e,0.25,456,clean,0.8035238878938961,,0.8035238878938961,356,73,0,0.7837078651685393,0.7216467399196476,,"{""y0_a0"": {""n"": 283, ""accuracy"": 0.8268551236749117}, ""y0_a1"": {""n"": 0, ""accuracy"": NaN}, ""y1_a0"": {""n"": 73, ""accuracy"": 0.6164383561643836}, ""y1_a1"": {""n"": 0, ""accuracy"": NaN}}",0.4045027023925787
corr,ruler_fixed,dinov2_b14_224,ui2e,0.25,456,test_corr,0.9164044726269422,0.7975113122171946,0.8754863813229571,356,73,94,0.8117977528089888,0.8308001355341498,0.5,"{""y0_a0"": {""n"": 257, ""accuracy"": 0.8287937743190662}, ""y0_a1"": {""n"": 26, ""accuracy"": 0.5}, ""y1_a0"": {""n"": 5, ""accuracy"": 0.6}, ""y1_a1"": {""n"": 68, ""accuracy"": 0.8823529411764706}}",0.4045027023925787
corr,ruler_fixed,dinov2_b14_224,ui2e,0.25,456,test_rev,0.6257805314874874,0.8170194003527337,0.8190524193548387,356,73,261,0.5589887640449438,0.5904690449682948,0.49206349206349204,"{""y0_a0"": {""n"": 31, ""accuracy"": 0.9032258064516129}, ""y0_a1"": {""n"": 252, ""accuracy"": 0.49206349206349204}, ""y1_a0"": {""n"": 64, ""accuracy"": 0.609375}, ""y1_a1"": {""n"": 9, ""accuracy"": 0.8888888888888888}}",0.4045027023925787
corr,ruler_fixed,dinov2_b14_224,ui2e_balanced,0.25,456,clean,0.786775739387192,,0.786775739387192,356,73,0,0.75,0.6902802652596931,,"{""y0_a0"": {""n"": 283, ""accuracy"": 0.7915194346289752}, ""y0_a1"": {""n"": 0, ""accuracy"": NaN}, ""y1_a0"": {""n"": 73, ""accuracy"": 0.589041095890411}, ""y1_a1"": {""n"": 0, ""accuracy"": NaN}}",0.4482871924984751
corr,ruler_fixed,dinov2_b14_224,ui2e_balanced,0.25,456,test_corr,0.8187714797424851,0.7601809954751131,0.8326848249027238,356,73,94,0.7528089887640449,0.707294641560579,0.6176470588235294,"{""y0_a0"": {""n"": 257, ""accuracy"": 0.7898832684824902}, ""y0_a1"": {""n"": 26, ""accuracy"": 0.7307692307692307}, ""y1_a0"": {""n"": 5, ""accuracy"": 0.8}, ""y1_a1"": {""n"": 68, ""accuracy"": 0.6176470588235294}}",0.4482871924984751
corr,ruler_fixed,dinov2_b14_224,ui2e_balanced,0.25,456,test_rev,0.7469383803669103,0.8253968253968254,0.796875,356,73,261,0.7078651685393258,0.6688610290914372,0.578125,"{""y0_a0"": {""n"": 31, ""accuracy"": 0.8387096774193549}, ""y0_a1"": {""n"": 252, ""accuracy"": 0.7222222222222222}, ""y1_a0"": {""n"": 64, ""accuracy"": 0.578125}, ""y1_a1"": {""n"": 9, ""accuracy"": 0.7777777777777778}}",0.4482871924984751
corr,ruler_fixed,dinov2_b14_224,umte,0.25,456,clean,0.7298029914323056,,0.7298029914323056,356,73,0,0.6938202247191011,0.6651096374461494,,"{""y0_a0"": {""n"": 283, ""accuracy"": 0.7137809187279152}, ""y0_a1"": {""n"": 0, ""accuracy"": NaN}, ""y1_a0"": {""n"": 73, ""accuracy"": 0.6164383561643836}, ""y1_a1"": {""n"": 0, ""accuracy"": NaN}}",0.22562882792051925
corr,ruler_fixed,dinov2_b14_224,umte,0.25,456,test_corr,0.938428771963793,0.6866515837104072,0.8770428015564202,356,73,94,0.7219101123595506,0.8200058086064185,0.038461538461538464,"{""y0_a0"": {""n"": 257, ""accuracy"": 0.7159533073929961}, ""y0_a1"": {""n"": 26, ""accuracy"": 0.038461538461538464}, ""y1_a0"": {""n"": 5, ""accuracy"": 0.8}, ""y1_a1"": {""n"": 68, ""accuracy"": 1.0}}",0.22562882792051925
corr,ruler_fixed,dinov2_b14_224,umte,0.25,456,test_rev,0.4136211820514062,0.8139329805996472,0.7101814516129034,356,73,261,0.2640449438202247,0.4049566774771286,0.09523809523809523,"{""y0_a0"": {""n"": 31, ""accuracy"": 0.7419354838709677}, ""y0_a1"": {""n"": 252, ""accuracy"": 0.09523809523809523}, ""y1_a0"": {""n"": 64, ""accuracy"": 0.59375}, ""y1_a1"": {""n"": 9, ""accuracy"": 1.0}}",0.22562882792051925
corr,ruler_fixed,dinov2_b14_224,umte_balanced,0.25,456,clean,0.7323684592671474,,0.7323684592671474,356,73,0,0.7050561797752809,0.692506897720122,,"{""y0_a0"": {""n"": 283, ""accuracy"": 0.7137809187279152}, ""y0_a1"": {""n"": 0, ""accuracy"": NaN}, ""y1_a0"": {""n"": 73, ""accuracy"": 0.6712328767123288}, ""y1_a1"": {""n"": 0, ""accuracy"": NaN}}",0.30510308691584653
corr,ruler_fixed,dinov2_b14_224,umte_balanced,0.25,456,test_corr,0.8313083885957695,0.6430995475113122,0.9237354085603112,356,73,94,0.7162921348314607,0.7605644029236652,0.3076923076923077,"{""y0_a0"": {""n"": 257, ""accuracy"": 0.7237354085603113}, ""y0_a1"": {""n"": 26, ""accuracy"": 0.3076923076923077}, ""y1_a0"": {""n"": 5, ""accuracy"": 1.0}, ""y1_a1"": {""n"": 68, ""accuracy"": 0.8235294117647058}}",0.30510308691584653
corr,ruler_fixed,dinov2_b14_224,umte_balanced,0.25,456,test_rev,0.6452877680429836,0.7826278659611993,0.7177419354838711,356,73,261,0.5533707865168539,0.60218306791229,0.49603174603174605,"{""y0_a0"": {""n"": 31, ""accuracy"": 0.7096774193548387}, ""y0_a1"": {""n"": 252, ""accuracy"": 0.49603174603174605}, ""y1_a0"": {""n"": 64, ""accuracy"": 0.65625}, ""y1_a1"": {""n"": 9, ""accuracy"": 0.8888888888888888}}",0.30510308691584653
corr,ruler_fixed,dinov2_b14_224,erm,0.5,42,clean,0.806573406263614,,0.806573406263614,356,73,0,0.7808988764044944,0.6944673023863691,,"{""y0_a0"": {""n"": 283, ""accuracy"": 0.8409893992932862}, ""y0_a1"": {""n"": 0, ""accuracy"": NaN}, ""y1_a0"": {""n"": 73, ""accuracy"": 0.547945205479452}, ""y1_a1"": {""n"": 0, ""accuracy"": NaN}}",0.23057009075643178
corr,ruler_fixed,dinov2_b14_224,erm,0.5,42,test_corr,0.9504816302822015,0.8258928571428571,0.8488017429193899,356,73,92,0.8061797752808989,0.8628442809429304,0.14285714285714285,"{""y0_a0"": {""n"": 255, ""accuracy"": 0.8352941176470589}, ""y0_a1"": {""n"": 28, ""accuracy"": 0.14285714285714285}, ""y1_a0"": {""n"": 9, ""accuracy"": 0.7777777777777778}, ""y1_a1"": {""n"": 64, ""accuracy"": 0.984375}}",0.23057009075643178
corr,ruler_fixed,dinov2_b14_224,erm,0.5,42,test_rev,0.4378237087951983,0.806910569105691,0.8572004840661557,356,73,252,0.36235955056179775,0.4515465414589283,0.2073170731707317,"{""y0_a0"": {""n"": 37, ""accuracy"": 0.918918918918919}, ""y0_a1"": {""n"": 246, ""accuracy"": 0.2073170731707317}, ""y1_a0"": {""n"": 67, ""accuracy"": 0.5671641791044776}, ""y1_a1"": {""n"": 6, ""accuracy"": 1.0}}",0.23057009075643178
corr,ruler_fixed,dinov2_b14_224,mask,0.5,42,clean,0.7909385739871243,,0.7909385739871243,356,73,0,0.7696629213483146,0.6924826951933782,,"{""y0_a0"": {""n"": 283, ""accuracy"": 0.823321554770318}, ""y0_a1"": {""n"": 0, ""accuracy"": NaN}, ""y1_a0"": {""n"": 73, ""accuracy"": 0.5616438356164384}, ""y1_a1"": {""n"": 0, ""accuracy"": NaN}}",0.18133559983731734
corr,ruler_fixed,dinov2_b14_224,mask,0.5,42,test_corr,0.9506268454426643,0.8130580357142858,0.8640522875816993,356,73,92,0.7893258426966292,0.8522435742291494,0.07142857142857142,"{""y0_a0"": {""n"": 255, ""accuracy"": 0.8196078431372549}, ""y0_a1"": {""n"": 28, ""accuracy"": 0.07142857142857142}, ""y1_a0"": {""n"": 9, ""accuracy"": 0.7777777777777778}, ""y1_a1"": {""n"": 64, ""accuracy"": 0.984375}}",0.18133559983731734
corr,ruler_fixed,dinov2_b14_224,mask,0.5,42,test_rev,0.3531148651919261,0.8401084010840109,0.8217022993142395,356,73,252,0.2612359550561798,0.3879423011762428,0.06910569105691057,"{""y0_a0"": {""n"": 37, ""accuracy"": 0.8648648648648649}, ""y0_a1"": {""n"": 246, ""accuracy"": 0.06910569105691057}, ""y1_a0"": {""n"": 67, ""accuracy"": 0.5671641791044776}, ""y1_a1"": {""n"": 6, ""accuracy"": 1.0}}",0.18133559983731734
corr,ruler_fixed,dinov2_b14_224,balanced,0.5,42,clean,0.8307759330074059,,0.8307759330074059,356,73,0,0.7696629213483146,0.7178953482743597,,"{""y0_a0"": {""n"": 283, ""accuracy"": 0.8056537102473498}, ""y0_a1"": {""n"": 0, ""accuracy"": NaN}, ""y1_a0"": {""n"": 73, ""accuracy"": 0.6301369863013698}, ""y1_a1"": {""n"": 0, ""accuracy"": NaN}}",0.3323714838008996
corr,ruler_fixed,dinov2_b14_224,balanced,0.5,42,test_corr,0.8974780967132967,0.8660714285714285,0.849673202614379,356,73,92,0.7949438202247191,0.8049518369717799,0.6666666666666666,"{""y0_a0"": {""n"": 255, ""accuracy"": 0.8}, ""y0_a1"": {""n"": 28, ""accuracy"": 0.6785714285714286}, ""y1_a0"": {""n"": 9, ""accuracy"": 0.6666666666666666}, ""y1_a1"": {""n"": 64, ""accuracy"": 0.84375}}",0.3323714838008996
corr,ruler_fixed,dinov2_b14_224,balanced,0.5,42,test_rev,0.7396776223437727,0.8008130081300813,0.8797902379991932,356,73,252,0.6853932584269663,0.6801394065540443,0.6567164179104478,"{""y0_a0"": {""n"": 37, ""accuracy"": 0.8918918918918919}, ""y0_a1"": {""n"": 246, ""accuracy"": 0.6585365853658537}, ""y1_a0"": {""n"": 67, ""accuracy"": 0.6567164179104478}, ""y1_a1"": {""n"": 6, ""accuracy"": 0.8333333333333334}}",0.3323714838008996
corr,ruler_fixed,dinov2_b14_224,dfr,0.5,42,clean,0.7234135243719444,,0.7234135243719444,356,73,0,0.6629213483146067,0.6405924778546881,,"{""y0_a0"": {""n"": 283, ""accuracy"": 0.6784452296819788}, ""y0_a1"": {""n"": 0, ""accuracy"": NaN}, ""y1_a0"": {""n"": 73, ""accuracy"": 0.6027397260273972}, ""y1_a1"": {""n"": 0, ""accuracy"": NaN}}",0.5227674871559568
corr,ruler_fixed,dinov2_b14_224,dfr,0.5,42,test_corr,0.7130548429256014,0.7767857142857143,0.620479302832244,356,73,92,0.6601123595505618,0.6388256934023913,0.4444444444444444,"{""y0_a0"": {""n"": 255, ""accuracy"": 0.6627450980392157}, ""y0_a1"": {""n"": 28, ""accuracy"": 0.7857142857142857}, ""y1_a0"": {""n"": 9, ""accuracy"": 0.4444444444444444}, ""y1_a1"": {""n"": 64, ""accuracy"": 0.625}}",0.5227674871559568
corr,ruler_fixed,dinov2_b14_224,dfr,0.5,42,test_rev,0.7204124110557143,0.6429539295392954,0.708753529649052,356,73,252,0.6657303370786517,0.6423592623069848,0.5,"{""y0_a0"": {""n"": 37, ""accuracy"": 0.6216216216216216}, ""y0_a1"": {""n"": 246, ""accuracy"": 0.6910569105691057}, ""y1_a0"": {""n"": 67, ""accuracy"": 0.6119402985074627}, ""y1_a1"": {""n"": 6, ""accuracy"": 0.5}}",0.5227674871559568
corr,ruler_fixed,dinov2_b14_224,leace,0.5,42,clean,0.8304855026864805,,0.8304855026864805,356,73,0,0.7949438202247191,0.7287138777288349,,"{""y0_a0"": {""n"": 283, ""accuracy"": 0.8409893992932862}, ""y0_a1"": {""n"": 0, ""accuracy"": NaN}, ""y1_a0"": {""n"": 73, ""accuracy"": 0.6164383561643836}, ""y1_a1"": {""n"": 0, ""accuracy"": NaN}}",0.5183466842946004
corr,ruler_fixed,dinov2_b14_224,leace,0.5,42,test_corr,0.8255481872307469,0.8649553571428571,0.8374727668845316,356,73,92,0.8033707865168539,0.7492618229343143,0.65625,"{""y0_a0"": {""n"": 255, ""accuracy"": 0.8313725490196079}, ""y0_a1"": {""n"": 28, ""accuracy"": 0.9285714285714286}, ""y1_a0"": {""n"": 9, ""accuracy"": 0.6666666666666666}, ""y1_a1"": {""n"": 64, ""accuracy"": 0.65625}}",0.5183466842946004
corr,ruler_fixed,dinov2_b14_224,leace,0.5,42,test_rev,0.8257418074446973,0.7242547425474255,0.8935054457442517,356,73,252,0.7893258426966292,0.7302628394404376,0.3333333333333333,"{""y0_a0"": {""n"": 37, ""accuracy"": 0.918918918918919}, ""y0_a1"": {""n"": 246, ""accuracy"": 0.8170731707317073}, ""y1_a0"": {""n"": 67, ""accuracy"": 0.6567164179104478}, ""y1_a1"": {""n"": 6, ""accuracy"": 0.3333333333333333}}",0.5183466842946004
corr,ruler_fixed,dinov2_b14_224,umte_protect,0.5,42,clean,0.7790309308291785,,0.7790309308291785,356,73,0,0.7752808988764045,0.7061813253303645,,"{""y0_a0"": {""n"": 283, ""accuracy"": 0.823321554770318}, ""y0_a1"": {""n"": 0, ""accuracy"": NaN}, ""y1_a0"": {""n"": 73, ""accuracy"": 0.589041095890411}, ""y1_a1"": {""n"": 0, ""accuracy"": NaN}}",0.27533908232138116
corr,ruler_fixed,dinov2_b14_224,umte_protect,0.5,42,test_corr,0.940171353889346,0.796875,0.8549019607843137,356,73,92,0.797752808988764,0.8473788663536472,0.25,"{""y0_a0"": {""n"": 255, ""accuracy"": 0.8196078431372549}, ""y0_a1"": {""n"": 28, ""accuracy"": 0.25}, ""y1_a0"": {""n"": 9, ""accuracy"": 0.7777777777777778}, ""y1_a1"": {""n"": 64, ""accuracy"": 0.953125}}",0.27533908232138116
corr,ruler_fixed,dinov2_b14_224,umte_protect,0.5,42,test_rev,0.425625635316327,0.7886178861788617,0.8188785800726099,356,73,252,0.3202247191011236,0.43012730529067233,0.15040650406504066,"{""y0_a0"": {""n"": 37, ""accuracy"": 0.8648648648648649}, ""y0_a1"": {""n"": 246, ""accuracy"": 0.15040650406504066}, ""y1_a0"": {""n"": 67, ""accuracy"": 0.582089552238806}, ""y1_a1"": {""n"": 6, ""accuracy"": 1.0}}",0.27533908232138116
corr,ruler_fixed,dinov2_b14_224,umte_protect_balanced,0.5,42,clean,0.7871629798150928,,0.7871629798150928,356,73,0,0.7808988764044944,0.6944673023863691,,"{""y0_a0"": {""n"": 283, ""accuracy"": 0.8409893992932862}, ""y0_a1"": {""n"": 0, ""accuracy"": NaN}, ""y1_a0"": {""n"": 73, ""accuracy"": 0.547945205479452}, ""y1_a1"": {""n"": 0, ""accuracy"": NaN}}",0.4501579494519418
corr,ruler_fixed,dinov2_b14_224,umte_protect_balanced,0.5,42,test_corr,0.859189699404618,0.8297991071428572,0.8958605664488017,356,73,92,0.7893258426966292,0.7200977782080449,0.59375,"{""y0_a0"": {""n"": 255, ""accuracy"": 0.8392156862745098}, ""y0_a1"": {""n"": 28, ""accuracy"": 0.8214285714285714}, ""y1_a0"": {""n"": 9, ""accuracy"": 0.6666666666666666}, ""y1_a1"": {""n"": 64, ""accuracy"": 0.59375}}",0.4501579494519418
corr,ruler_fixed,dinov2_b14_224,umte_protect_balanced,0.5,42,test_rev,0.7007599593397551,0.787940379403794,0.8338039532069382,356,73,252,0.6910112359550562,0.6379301999128708,0.5373134328358209,"{""y0_a0"": {""n"": 37, ""accuracy"": 0.8378378378378378}, ""y0_a1"": {""n"": 246, ""accuracy"": 0.7113821138211383}, ""y1_a0"": {""n"": 67, ""accuracy"": 0.5373134328358209}, ""y1_a1"": {""n"": 6, ""accuracy"": 0.6666666666666666}}",0.4501579494519418
corr,ruler_fixed,dinov2_b14_224,i2e,0.5,42,clean,0.8125756328960743,,0.8125756328960743,356,73,0,0.7808988764044944,0.7503751391645288,,"{""y0_a0"": {""n"": 283, ""accuracy"": 0.8021201413427562}, ""y0_a1"": {""n"": 0, ""accuracy"": NaN}, ""y1_a0"": {""n"": 73, ""accuracy"": 0.6986301369863014}, ""y1_a1"": {""n"": 0, ""accuracy"": NaN}}",0.46377844648934535
corr,ruler_fixed,dinov2_b14_224,i2e,0.5,42,test_corr,0.830195072365555,0.8616071428571428,0.8457516339869281,356,73,92,0.7780898876404494,0.7536908853284283,0.703125,"{""y0_a0"": {""n"": 255, ""accuracy"": 0.792156862745098}, ""y0_a1"": {""n"": 28, ""accuracy"": 0.8214285714285714}, ""y1_a0"": {""n"": 9, ""accuracy"": 0.7777777777777778}, ""y1_a1"": {""n"": 64, ""accuracy"": 0.703125}}",0.46377844648934535
corr,ruler_fixed,dinov2_b14_224,i2e,0.5,42,test_rev,0.7878406505639188,0.6964769647696477,0.8757563533682936,356,73,252,0.7584269662921348,0.7362408635461541,0.5,"{""y0_a0"": {""n"": 37, ""accuracy"": 0.8648648648648649}, ""y0_a1"": {""n"": 246, ""accuracy"": 0.7601626016260162}, ""y1_a0"": {""n"": 67, ""accuracy"": 0.7164179104477612}, ""y1_a1"": {""n"": 6, ""accuracy"": 0.5}}",0.46377844648934535
corr,ruler_fixed,dinov2_b14_224,i2e_balanced,0.5,42,clean,0.8334382109492231,,0.8334382109492231,356,73,0,0.7837078651685393,0.7623069848492183,,"{""y0_a0"": {""n"": 283, ""accuracy"": 0.7985865724381626}, ""y0_a1"": {""n"": 0, ""accuracy"": NaN}, ""y1_a0"": {""n"": 73, ""accuracy"": 0.726027397260274}, ""y1_a1"": {""n"": 0, ""accuracy"": NaN}}",0.4336395831007079
corr,ruler_fixed,dinov2_b14_224,i2e_balanced,0.5,42,test_corr,0.8290817561353405,0.8811383928571428,0.8435729847494553,356,73,92,0.7808988764044944,0.7605402003969215,0.71875,"{""y0_a0"": {""n"": 255, ""accuracy"": 0.7843137254901961}, ""y0_a1"": {""n"": 28, ""accuracy"": 0.8928571428571429}, ""y1_a0"": {""n"": 9, ""accuracy"": 0.7777777777777778}, ""y1_a1"": {""n"": 64, ""accuracy"": 0.71875}}",0.4336395831007079
corr,ruler_fixed,dinov2_b14_224,i2e_balanced,0.5,42,test_rev,0.8312599835422818,0.7852303523035231,0.872125857200484,356,73,252,0.7724719101123596,0.7501573164238347,0.6666666666666666,"{""y0_a0"": {""n"": 37, ""accuracy"": 0.8918918918918919}, ""y0_a1"": {""n"": 246, ""accuracy"": 0.7723577235772358}, ""y1_a0"": {""n"": 67, ""accuracy"": 0.7164179104477612}, ""y1_a1"": {""n"": 6, ""accuracy"": 0.6666666666666666}}",0.4336395831007079
corr,ruler_fixed,dinov2_b14_224,i2e_rank1,0.5,42,clean,0.7991190280265259,,0.7991190280265259,356,73,0,0.7640449438202247,0.7143617793697662,,"{""y0_a0"": {""n"": 283, ""accuracy"": 0.7985865724381626}, ""y0_a1"": {""n"": 0, ""accuracy"": NaN}, ""y1_a0"": {""n"": 73, ""accuracy"": 0.6301369863013698}, ""y1_a1"": {""n"": 0, ""accuracy"": NaN}}",0.5195520138381455
corr,ruler_fixed,dinov2_b14_224,i2e_rank1,0.5,42,test_corr,0.8274359843167627,0.8018973214285714,0.8509803921568628,356,73,92,0.7668539325842697,0.731376155670652,0.65625,"{""y0_a0"": {""n"": 255, ""accuracy"": 0.792156862745098}, ""y0_a1"": {""n"": 28, ""accuracy"": 0.7857142857142857}, ""y1_a0"": {""n"": 9, ""accuracy"": 0.7777777777777778}, ""y1_a1"": {""n"": 64, ""accuracy"": 0.65625}}",0.5195520138381455
corr,ruler_fixed,dinov2_b14_224,i2e_rank1,0.5,42,test_rev,0.7640253642480276,0.6504065040650406,0.8463089955627269,356,73,252,0.7303370786516854,0.6931603659422043,0.3333333333333333,"{""y0_a0"": {""n"": 37, ""accuracy"": 0.8648648648648649}, ""y0_a1"": {""n"": 246, ""accuracy"": 0.7398373983739838}, ""y1_a0"": {""n"": 67, ""accuracy"": 0.6567164179104478}, ""y1_a1"": {""n"": 6, ""accuracy"": 0.3333333333333333}}",0.5195520138381455
corr,ruler_fixed,dinov2_b14_224,insert_aug,0.5,42,clean,0.8225954789680042,,0.8225954789680042,356,73,0,0.7921348314606742,0.7218645626603417,,"{""y0_a0"": {""n"": 283, ""accuracy"": 0.8409893992932862}, ""y0_a1"": {""n"": 0, ""accuracy"": NaN}, ""y1_a0"": {""n"": 73, ""accuracy"": 0.6027397260273972}, ""y1_a1"": {""n"": 0, ""accuracy"": NaN}}",0.2260358449019461
corr,ruler_fixed,dinov2_b14_224,insert_aug,0.5,42,test_corr,0.9460767704148313,0.8593750000000001,0.8727668845315905,356,73,92,0.8174157303370787,0.8546638269035287,0.42857142857142855,"{""y0_a0"": {""n"": 255, ""accuracy"": 0.8313725490196079}, ""y0_a1"": {""n"": 28, ""accuracy"": 0.42857142857142855}, ""y1_a0"": {""n"": 9, ""accuracy"": 0.7777777777777778}, ""y1_a1"": {""n"": 64, ""accuracy"": 0.9375}}",0.2260358449019461
corr,ruler_fixed,dinov2_b14_224,insert_aug,0.5,42,test_rev,0.566000290430321,0.782520325203252,0.8918918918918919,356,73,252,0.46629213483146065,0.537247688658696,0.34146341463414637,"{""y0_a0"": {""n"": 37, ""accuracy"": 0.918918918918919}, ""y0_a1"": {""n"": 246, ""accuracy"": 0.34146341463414637}, ""y1_a0"": {""n"": 67, ""accuracy"": 0.6268656716417911}, ""y1_a1"": {""n"": 6, ""accuracy"": 1.0}}",0.2260358449019461
corr,ruler_fixed,dinov2_b14_224,mte,0.5,42,clean,0.7666876421898446,,0.7666876421898446,356,73,0,0.7162921348314607,0.7300692192264873,,"{""y0_a0"": {""n"": 283, ""accuracy"": 0.7067137809187279}, ""y0_a1"": {""n"": 0, ""accuracy"": NaN}, ""y1_a0"": {""n"": 73, ""accuracy"": 0.7534246575342466}, ""y1_a1"": {""n"": 0, ""accuracy"": NaN}}",0.3320800732194826
corr,ruler_fixed,dinov2_b14_224,mte,0.5,42,test_corr,0.8445713732513674,0.8415178571428572,0.8,356,73,92,0.7191011235955056,0.7623311873759621,0.6428571428571429,"{""y0_a0"": {""n"": 255, ""accuracy"": 0.6941176470588235}, ""y0_a1"": {""n"": 28, ""accuracy"": 0.6428571428571429}, ""y1_a0"": {""n"": 9, ""accuracy"": 0.8888888888888888}, ""y1_a1"": {""n"": 64, ""accuracy"": 0.828125}}",0.3320800732194826
corr,ruler_fixed,dinov2_b14_224,mte,0.5,42,test_rev,0.6929183406747665,0.8611111111111112,0.790237999193223,356,73,252,0.601123595505618,0.6576310566823176,0.532520325203252,"{""y0_a0"": {""n"": 37, ""accuracy"": 0.7567567567567568}, ""y0_a1"": {""n"": 246, ""accuracy"": 0.532520325203252}, ""y1_a0"": {""n"": 67, ""accuracy"": 0.7313432835820896}, ""y1_a1"": {""n"": 6, ""accuracy"": 1.0}}",0.3320800732194826
corr,ruler_fixed,dinov2_b14_224,mte_balanced,0.5,42,clean,0.7579747325620795,,0.7579747325620795,356,73,0,0.7303370786516854,0.688077835326008,,"{""y0_a0"": {""n"": 283, ""accuracy"": 0.7597173144876325}, ""y0_a1"": {""n"": 0, ""accuracy"": NaN}, ""y1_a0"": {""n"": 73, ""accuracy"": 0.6164383561643836}, ""y1_a1"": {""n"": 0, ""accuracy"": NaN}}",0.4150214344424497
corr,ruler_fixed,dinov2_b14_224,mte_balanced,0.5,42,test_corr,0.7918582700033884,0.8219866071428572,0.7856209150326797,356,73,92,0.7275280898876404,0.6913935814899075,0.625,"{""y0_a0"": {""n"": 255, ""accuracy"": 0.7529411764705882}, ""y0_a1"": {""n"": 28, ""accuracy"": 0.75}, ""y1_a0"": {""n"": 9, ""accuracy"": 0.6666666666666666}, ""y1_a1"": {""n"": 64, ""accuracy"": 0.625}}",0.4150214344424497
corr,ruler_fixed,dinov2_b14_224,mte_balanced,0.5,42,test_rev,0.7348371169950142,0.7981029810298104,0.7821702299314238,356,73,252,0.7078651685393258,0.6688610290914372,0.5970149253731343,"{""y0_a0"": {""n"": 37, ""accuracy"": 0.8648648648648649}, ""y0_a1"": {""n"": 246, ""accuracy"": 0.7154471544715447}, ""y1_a0"": {""n"": 67, ""accuracy"": 0.5970149253731343}, ""y1_a1"": {""n"": 6, ""accuracy"": 0.6666666666666666}}",0.4150214344424497
corr,ruler_fixed,dinov2_b14_224,ui2e,0.5,42,clean,0.8139793794472143,,0.8139793794472143,356,73,0,0.7471910112359551,0.7291737257369669,,"{""y0_a0"": {""n"": 283, ""accuracy"": 0.7597173144876325}, ""y0_a1"": {""n"": 0, ""accuracy"": NaN}, ""y1_a0"": {""n"": 73, ""accuracy"": 0.6986301369863014}, ""y1_a1"": {""n"": 0, ""accuracy"": NaN}}",0.29376898009096847
corr,ruler_fixed,dinov2_b14_224,ui2e,0.5,42,test_corr,0.9111767268502832,0.8169642857142857,0.8527233115468409,356,73,92,0.7640449438202247,0.8210949223098891,0.42857142857142855,"{""y0_a0"": {""n"": 255, ""accuracy"": 0.7568627450980392}, ""y0_a1"": {""n"": 28, ""accuracy"": 0.42857142857142855}, ""y1_a0"": {""n"": 9, ""accuracy"": 0.8888888888888888}, ""y1_a1"": {""n"": 64, ""accuracy"": 0.921875}}",0.29376898009096847
corr,ruler_fixed,dinov2_b14_224,ui2e,0.5,42,test_rev,0.6391403262500606,0.7181571815718157,0.8688987494957644,356,73,252,0.5,0.5889442857834357,0.37398373983739835,"{""y0_a0"": {""n"": 37, ""accuracy"": 0.8648648648648649}, ""y0_a1"": {""n"": 246, ""accuracy"": 0.37398373983739835}, ""y1_a0"": {""n"": 67, ""accuracy"": 0.7164179104477612}, ""y1_a1"": {""n"": 6, ""accuracy"": 1.0}}",0.29376898009096847
corr,ruler_fixed,dinov2_b14_224,ui2e_balanced,0.5,42,clean,0.8252093518563338,,0.8252093518563338,356,73,0,0.6966292134831461,0.7278667892928021,,"{""y0_a0"": {""n"": 283, ""accuracy"": 0.6749116607773852}, ""y0_a1"": {""n"": 0, ""accuracy"": NaN}, ""y1_a0"": {""n"": 73, ""accuracy"": 0.7808219178082192}, ""y1_a1"": {""n"": 0, ""accuracy"": NaN}}",0.26134302179341534
corr,ruler_fixed,dinov2_b14_224,ui2e_balanced,0.5,42,test_corr,0.8603998257418074,0.8683035714285714,0.8553376906318082,356,73,92,0.6910112359550562,0.7548284040853865,0.5357142857142857,"{""y0_a0"": {""n"": 255, ""accuracy"": 0.6588235294117647}, ""y0_a1"": {""n"": 28, ""accuracy"": 0.5357142857142857}, ""y1_a0"": {""n"": 9, ""accuracy"": 0.8888888888888888}, ""y1_a1"": {""n"": 64, ""accuracy"": 0.859375}}",0.26134302179341534
corr,ruler_fixed,dinov2_b14_224,ui2e_balanced,0.5,42,test_rev,0.7877922455104313,0.7886178861788617,0.8693021379588544,356,73,252,0.6095505617977528,0.6730964712716008,0.5365853658536586,"{""y0_a0"": {""n"": 37, ""accuracy"": 0.7567567567567568}, ""y0_a1"": {""n"": 246, ""accuracy"": 0.5365853658536586}, ""y1_a0"": {""n"": 67, ""accuracy"": 0.7761194029850746}, ""y1_a1"": {""n"": 6, ""accuracy"": 0.8333333333333334}}",0.26134302179341534
corr,ruler_fixed,dinov2_b14_224,umte,0.5,42,clean,0.7736579698920567,,0.7736579698920567,356,73,0,0.7162921348314607,0.7148216273778982,,"{""y0_a0"": {""n"": 283, ""accuracy"": 0.7173144876325088}, ""y0_a1"": {""n"": 0, ""accuracy"": NaN}, ""y1_a0"": {""n"": 73, ""accuracy"": 0.7123287671232876}, ""y1_a1"": {""n"": 0, ""accuracy"": NaN}}",0.17408176554932026
corr,ruler_fixed,dinov2_b14_224,umte,0.5,42,test_corr,0.9393968730335447,0.8415178571428572,0.7925925925925925,356,73,92,0.7078651685393258,0.8010068251125417,0.07142857142857142,"{""y0_a0"": {""n"": 255, ""accuracy"": 0.7058823529411765}, ""y0_a1"": {""n"": 28, ""accuracy"": 0.07142857142857142}, ""y1_a0"": {""n"": 9, ""accuracy"": 0.6666666666666666}, ""y1_a1"": {""n"": 64, ""accuracy"": 1.0}}",0.17408176554932026
corr,ruler_fixed,dinov2_b14_224,umte,0.5,42,test_rev,0.4093131322910112,0.8218157181571815,0.782170229931424,356,73,252,0.2752808988764045,0.4425189989834939,0.07317073170731707,"{""y0_a0"": {""n"": 37, ""accuracy"": 0.7297297297297297}, ""y0_a1"": {""n"": 246, ""accuracy"": 0.07317073170731707}, ""y1_a0"": {""n"": 67, ""accuracy"": 0.7014925373134329}, ""y1_a1"": {""n"": 6, ""accuracy"": 1.0}}",0.17408176554932026
corr,ruler_fixed,dinov2_b14_224,umte_balanced,0.5,42,clean,0.7899704729173724,,0.7899704729173724,356,73,0,0.7865168539325843,0.6878358100585701,,"{""y0_a0"": {""n"": 283, ""accuracy"": 0.8551236749116607}, ""y0_a1"": {""n"": 0, ""accuracy"": NaN}, ""y1_a0"": {""n"": 73, ""accuracy"": 0.5205479452054794}, ""y1_a1"": {""n"": 0, ""accuracy"": NaN}}",0.4881000060544395
corr,ruler_fixed,dinov2_b14_224,umte_balanced,0.5,42,test_corr,0.8648046856091776,0.8666294642857142,0.819607843137255,356,73,92,0.8089887640449438,0.7477128612227116,0.4444444444444444,"{""y0_a0"": {""n"": 255, ""accuracy"": 0.8509803921568627}, ""y0_a1"": {""n"": 28, ""accuracy"": 0.8571428571428571}, ""y1_a0"": {""n"": 9, ""accuracy"": 0.4444444444444444}, ""y1_a1"": {""n"": 64, ""accuracy"": 0.671875}}",0.4881000060544395
corr,ruler_fixed,dinov2_b14_224,umte_balanced,0.5,42,test_rev,0.7046323636187619,0.8191056910569106,0.7946752722872125,356,73,252,0.7134831460674157,0.6418994142988528,0.5074626865671642,"{""y0_a0"": {""n"": 37, ""accuracy"": 0.8648648648648649}, ""y0_a1"": {""n"": 246, ""accuracy"": 0.7479674796747967}, ""y1_a0"": {""n"": 67, ""accuracy"": 0.5074626865671642}, ""y1_a1"": {""n"": 6, ""accuracy"": 0.6666666666666666}}",0.4881000060544395
corr,ruler_fixed,dinov2_b14_224,erm,0.5,123,clean,0.7937944721428917,,0.7937944721428917,356,73,0,0.7303370786516854,0.7134904884069897,,"{""y0_a0"": {""n"": 283, ""accuracy"": 0.7420494699646644}, ""y0_a1"": {""n"": 0, ""accuracy"": NaN}, ""y1_a0"": {""n"": 73, ""accuracy"": 0.684931506849315}, ""y1_a1"": {""n"": 0, ""accuracy"": NaN}}",0.13203877904919264
corr,ruler_fixed,dinov2_b14_224,erm,0.5,123,test_corr,0.9438985430078899,0.8254641909814323,0.8021653543307087,356,73,94,0.7303370786516854,0.81005857011472,0.13793103448275862,"{""y0_a0"": {""n"": 254, ""accuracy"": 0.7362204724409449}, ""y0_a1"": {""n"": 29, ""accuracy"": 0.13793103448275862}, ""y1_a0"": {""n"": 8, ""accuracy"": 0.625}, ""y1_a1"": {""n"": 65, ""accuracy"": 0.9846153846153847}}",0.13203877904919264
corr,ruler_fixed,dinov2_b14_224,erm,0.5,123,test_rev,0.38569146618907013,0.847007722007722,0.7141025641025641,356,73,267,0.2612359550561798,0.42860254610581344,0.10424710424710425,"{""y0_a0"": {""n"": 24, ""accuracy"": 0.5833333333333334}, ""y0_a1"": {""n"": 259, ""accuracy"": 0.10424710424710425}, ""y1_a0"": {""n"": 65, ""accuracy"": 0.676923076923077}, ""y1_a1"": {""n"": 8, ""accuracy"": 1.0}}",0.13203877904919264
corr,ruler_fixed,dinov2_b14_224,mask,0.5,123,clean,0.7664940219758942,,0.7664940219758942,356,73,0,0.797752808988764,0.6542427029381868,,"{""y0_a0"": {""n"": 283, ""accuracy"": 0.8975265017667845}, ""y0_a1"": {""n"": 0, ""accuracy"": NaN}, ""y1_a0"": {""n"": 73, ""accuracy"": 0.410958904109589}, ""y1_a1"": {""n"": 0, ""accuracy"": NaN}}",0.2957975875860405
corr,ruler_fixed,dinov2_b14_224,mask,0.5,123,test_corr,0.939348467980057,0.7851458885941645,0.7189960629921259,356,73,94,0.848314606741573,0.8842635171111863,0.20689655172413793,"{""y0_a0"": {""n"": 254, ""accuracy"": 0.8937007874015748}, ""y0_a1"": {""n"": 29, ""accuracy"": 0.20689655172413793}, ""y1_a0"": {""n"": 8, ""accuracy"": 0.5}, ""y1_a1"": {""n"": 65, ""accuracy"": 1.0}}",0.2957975875860405
corr,ruler_fixed,dinov2_b14_224,mask,0.5,123,test_rev,0.30819497555544795,0.666988416988417,0.7333333333333333,356,73,267,0.25,0.33004985720509217,0.13513513513513514,"{""y0_a0"": {""n"": 24, ""accuracy"": 0.8333333333333334}, ""y0_a1"": {""n"": 259, ""accuracy"": 0.13513513513513514}, ""y1_a0"": {""n"": 65, ""accuracy"": 0.4}, ""y1_a1"": {""n"": 8, ""accuracy"": 1.0}}",0.2957975875860405
corr,ruler_fixed,dinov2_b14_224,balanced,0.5,123,clean,0.7992642431869887,,0.7992642431869887,356,73,0,0.7359550561797753,0.7068589960791907,,"{""y0_a0"": {""n"": 283, ""accuracy"": 0.7561837455830389}, ""y0_a1"": {""n"": 0, ""accuracy"": NaN}, ""y1_a0"": {""n"": 73, ""accuracy"": 0.6575342465753424}, ""y1_a1"": {""n"": 0, ""accuracy"": NaN}}",0.45045056224094454
corr,ruler_fixed,dinov2_b14_224,balanced,0.5,123,test_corr,0.8286461106539522,0.7798408488063661,0.7534448818897638,356,73,94,0.7415730337078652,0.7408877486809623,0.5,"{""y0_a0"": {""n"": 254, ""accuracy"": 0.7480314960629921}, ""y0_a1"": {""n"": 29, ""accuracy"": 0.6896551724137931}, ""y1_a0"": {""n"": 8, ""accuracy"": 0.5}, ""y1_a1"": {""n"": 65, ""accuracy"": 0.7692307692307693}}",0.45045056224094454
corr,ruler_fixed,dinov2_b14_224,balanced,0.5,123,test_rev,0.7484389370250254,0.8552123552123552,0.7365384615384616,356,73,267,0.6882022471910112,0.6819061910063411,0.625,"{""y0_a0"": {""n"": 24, ""accuracy"": 0.625}, ""y0_a1"": {""n"": 259, ""accuracy"": 0.6988416988416989}, ""y1_a0"": {""n"": 65, ""accuracy"": 0.6461538461538462}, ""y1_a1"": {""n"": 8, ""accuracy"": 0.875}}",0.45045056224094454
corr,ruler_fixed,dinov2_b14_224,dfr,0.5,123,clean,0.7632992884457138,,0.7632992884457138,356,73,0,0.6938202247191011,0.6803572292947384,,"{""y0_a0"": {""n"": 283, ""accuracy"": 0.7031802120141343}, ""y0_a1"": {""n"": 0, ""accuracy"": NaN}, ""y1_a0"": {""n"": 73, ""accuracy"": 0.6575342465753424}, ""y1_a1"": {""n"": 0, ""accuracy"": NaN}}",0.5476567486449136
corr,ruler_fixed,dinov2_b14_224,dfr,0.5,123,test_corr,0.7442761024250931,0.8053050397877983,0.6909448818897638,356,73,94,0.6882022471910112,0.6615760685415557,0.6153846153846154,"{""y0_a0"": {""n"": 254, ""accuracy"": 0.6889763779527559}, ""y0_a1"": {""n"": 29, ""accuracy"": 0.8620689655172413}, ""y1_a0"": {""n"": 8, ""accuracy"": 0.625}, ""y1_a1"": {""n"": 65, ""accuracy"": 0.6153846153846154}}",0.5476567486449136
corr,ruler_fixed,dinov2_b14_224,dfr,0.5,123,test_rev,0.7730287041967182,0.7331081081081081,0.6987179487179487,356,73,267,0.7106741573033708,0.6909579360085193,0.375,"{""y0_a0"": {""n"": 24, ""accuracy"": 0.5416666666666666}, ""y0_a1"": {""n"": 259, ""accuracy"": 0.7413127413127413}, ""y1_a0"": {""n"": 65, ""accuracy"": 0.6923076923076923}, ""y1_a1"": {""n"": 8, ""accuracy"": 0.375}}",0.5476567486449136
corr,ruler_fixed,dinov2_b14_224,leace,0.5,123,clean,0.8281620601190764,,0.8281620601190764,356,73,0,0.800561797752809,0.6915872017038579,,"{""y0_a0"": {""n"": 283, ""accuracy"": 0.8763250883392226}, ""y0_a1"": {""n"": 0, ""accuracy"": NaN}, ""y1_a0"": {""n"": 73, ""accuracy"": 0.5068493150684932}, ""y1_a1"": {""n"": 0, ""accuracy"": NaN}}",0.6245417556905293
corr,ruler_fixed,dinov2_b14_224,leace,0.5,123,test_corr,0.8228375042354421,0.8694960212201591,0.7696850393700787,356,73,94,0.797752808988764,0.6847378866353647,0.25,"{""y0_a0"": {""n"": 254, ""accuracy"": 0.8661417322834646}, ""y0_a1"": {""n"": 29, ""accuracy"": 0.9655172413793104}, ""y1_a0"": {""n"": 8, ""accuracy"": 0.25}, ""y1_a1"": {""n"": 65, ""accuracy"": 0.5230769230769231}}",0.6245417556905293
corr,ruler_fixed,dinov2_b14_224,leace,0.5,123,test_rev,0.8231763396098553,0.8836872586872587,0.7634615384615384,356,73,267,0.800561797752809,0.6915872017038579,0.5,"{""y0_a0"": {""n"": 24, ""accuracy"": 0.8333333333333334}, ""y0_a1"": {""n"": 259, ""accuracy"": 0.8803088803088803}, ""y1_a0"": {""n"": 65, ""accuracy"": 0.5076923076923077}, ""y1_a1"": {""n"": 8, ""accuracy"": 0.5}}",0.6245417556905293
corr,ruler_fixed,dinov2_b14_224,umte_protect,0.5,123,clean,0.7719637930199913,,0.7719637930199913,356,73,0,0.7696629213483146,0.6823176339609855,,"{""y0_a0"": {""n"": 283, ""accuracy"": 0.8303886925795053}, ""y0_a1"": {""n"": 0, ""accuracy"": NaN}, ""y1_a0"": {""n"": 73, ""accuracy"": 0.5342465753424658}, ""y1_a1"": {""n"": 0, ""accuracy"": NaN}}",0.2850111602476916
corr,ruler_fixed,dinov2_b14_224,umte_protect,0.5,123,test_corr,0.9277312551430369,0.7591511936339523,0.7047244094488189,356,73,94,0.7949438202247191,0.8506946125175469,0.13793103448275862,"{""y0_a0"": {""n"": 254, ""accuracy"": 0.8267716535433071}, ""y0_a1"": {""n"": 29, ""accuracy"": 0.13793103448275862}, ""y1_a0"": {""n"": 8, ""accuracy"": 0.5}, ""y1_a1"": {""n"": 65, ""accuracy"": 1.0}}",0.2850111602476916
corr,ruler_fixed,dinov2_b14_224,umte_protect,0.5,123,test_rev,0.3700082288590929,0.5941119691119691,0.7211538461538461,356,73,267,0.28370786516853935,0.39699404617842105,0.15444015444015444,"{""y0_a0"": {""n"": 24, ""accuracy"": 0.75}, ""y0_a1"": {""n"": 259, ""accuracy"": 0.15444015444015444}, ""y1_a0"": {""n"": 65, ""accuracy"": 0.5384615384615384}, ""y1_a1"": {""n"": 8, ""accuracy"": 1.0}}",0.2850111602476916
corr,ruler_fixed,dinov2_b14_224,umte_protect_balanced,0.5,123,clean,0.7827097148942349,,0.7827097148942349,356,73,0,0.7584269662921348,0.7057456798489763,,"{""y0_a0"": {""n"": 283, ""accuracy"": 0.7950530035335689}, ""y0_a1"": {""n"": 0, ""accuracy"": NaN}, ""y1_a0"": {""n"": 73, ""accuracy"": 0.6164383561643836}, ""y1_a1"": {""n"": 0, ""accuracy"": NaN}}",0.3864003907116502
corr,ruler_fixed,dinov2_b14_224,umte_protect_balanced,0.5,123,test_corr,0.8462171450699452,0.7745358090185677,0.7081692913385826,356,73,94,0.7696629213483146,0.7738031850525195,0.5517241379310345,"{""y0_a0"": {""n"": 254, ""accuracy"": 0.7913385826771654}, ""y0_a1"": {""n"": 29, ""accuracy"": 0.5517241379310345}, ""y1_a0"": {""n"": 8, ""accuracy"": 0.625}, ""y1_a1"": {""n"": 65, ""accuracy"": 0.8}}",0.3864003907116502
corr,ruler_fixed,dinov2_b14_224,umte_protect_balanced,0.5,123,test_rev,0.6916114042306016,0.6708494208494209,0.7141025641025641,356,73,267,0.651685393258427,0.6487729318940898,0.6307692307692307,"{""y0_a0"": {""n"": 24, ""accuracy"": 0.75}, ""y0_a1"": {""n"": 259, ""accuracy"": 0.6447876447876448}, ""y1_a0"": {""n"": 65, ""accuracy"": 0.6307692307692307}, ""y1_a1"": {""n"": 8, ""accuracy"": 0.75}}",0.3864003907116502
corr,ruler_fixed,dinov2_b14_224,i2e,0.5,123,clean,0.8095261145263566,,0.8095261145263566,356,73,0,0.8061797752808989,0.7256159543056295,,"{""y0_a0"": {""n"": 283, ""accuracy"": 0.8621908127208481}, ""y0_a1"": {""n"": 0, ""accuracy"": NaN}, ""y1_a0"": {""n"": 73, ""accuracy"": 0.589041095890411}, ""y1_a1"": {""n"": 0, ""accuracy"": NaN}}",0.5671534614558612
corr,ruler_fixed,dinov2_b14_224,i2e,0.5,123,test_corr,0.8263710731400358,0.8355437665782494,0.7096456692913387,356,73,94,0.8117977528089888,0.7393145844426159,0.5,"{""y0_a0"": {""n"": 254, ""accuracy"": 0.8582677165354331}, ""y0_a1"": {""n"": 29, ""accuracy"": 0.896551724137931}, ""y1_a0"": {""n"": 8, ""accuracy"": 0.5}, ""y1_a1"": {""n"": 65, ""accuracy"": 0.6307692307692307}}",0.5671534614558612
corr,ruler_fixed,dinov2_b14_224,i2e,0.5,123,test_rev,0.7848395372476886,0.8455598455598456,0.7570512820512821,356,73,267,0.7865168539325843,0.7132484631395517,0.5,"{""y0_a0"": {""n"": 24, ""accuracy"": 0.7916666666666666}, ""y0_a1"": {""n"": 259, ""accuracy"": 0.8416988416988417}, ""y1_a0"": {""n"": 65, ""accuracy"": 0.6}, ""y1_a1"": {""n"": 8, ""accuracy"": 0.5}}",0.5671534614558612
corr,ruler_fixed,dinov2_b14_224,i2e_balanced,0.5,123,clean,0.8019265211288058,,0.8019265211288058,356,73,0,0.7865168539325843,0.7234135243719444,,"{""y0_a0"": {""n"": 283, ""accuracy"": 0.8303886925795053}, ""y0_a1"": {""n"": 0, ""accuracy"": NaN}, ""y1_a0"": {""n"": 73, ""accuracy"": 0.6164383561643836}, ""y1_a1"": {""n"": 0, ""accuracy"": NaN}}",0.5311366042038898
corr,ruler_fixed,dinov2_b14_224,i2e_balanced,0.5,123,test_corr,0.7992642431869886,0.8312997347480107,0.6973425196850394,356,73,94,0.7837078651685393,0.711481678687255,0.375,"{""y0_a0"": {""n"": 254, ""accuracy"": 0.8267716535433071}, ""y0_a1"": {""n"": 29, ""accuracy"": 0.896551724137931}, ""y1_a0"": {""n"": 8, ""accuracy"": 0.375}, ""y1_a1"": {""n"": 65, ""accuracy"": 0.6153846153846154}}",0.5311366042038898
corr,ruler_fixed,dinov2_b14_224,i2e_balanced,0.5,123,test_rev,0.7999419139358148,0.8450772200772201,0.7358974358974358,356,73,267,0.7921348314606742,0.7269470932765381,0.6153846153846154,"{""y0_a0"": {""n"": 24, ""accuracy"": 0.75}, ""y0_a1"": {""n"": 259, ""accuracy"": 0.8455598455598455}, ""y1_a0"": {""n"": 65, ""accuracy"": 0.6153846153846154}, ""y1_a1"": {""n"": 8, ""accuracy"": 0.625}}",0.5311366042038898
corr,ruler_fixed,dinov2_b14_224,i2e_rank1,0.5,123,clean,0.7972796359939978,,0.7972796359939978,356,73,0,0.7584269662921348,0.7108282104651725,,"{""y0_a0"": {""n"": 283, ""accuracy"": 0.7915194346289752}, ""y0_a1"": {""n"": 0, ""accuracy"": NaN}, ""y1_a0"": {""n"": 73, ""accuracy"": 0.6301369863013698}, ""y1_a1"": {""n"": 0, ""accuracy"": NaN}}",0.5115173052535041
corr,ruler_fixed,dinov2_b14_224,i2e_rank1,0.5,123,test_corr,0.822740694128467,0.8249336870026526,0.6978346456692912,356,73,94,0.7612359550561798,0.7278425867660584,0.5,"{""y0_a0"": {""n"": 254, ""accuracy"": 0.7834645669291339}, ""y0_a1"": {""n"": 29, ""accuracy"": 0.7931034482758621}, ""y1_a0"": {""n"": 8, ""accuracy"": 0.5}, ""y1_a1"": {""n"": 65, ""accuracy"": 0.6923076923076923}}",0.5115173052535041
corr,ruler_fixed,dinov2_b14_224,i2e_rank1,0.5,123,test_rev,0.7647030349968537,0.8745173745173747,0.7474358974358974,356,73,267,0.7247191011235955,0.6896267970376107,0.6153846153846154,"{""y0_a0"": {""n"": 24, ""accuracy"": 0.7083333333333334}, ""y0_a1"": {""n"": 259, ""accuracy"": 0.752895752895753}, ""y1_a0"": {""n"": 65, ""accuracy"": 0.6153846153846154}, ""y1_a1"": {""n"": 8, ""accuracy"": 0.75}}",0.5115173052535041
corr,ruler_fixed,dinov2_b14_224,insert_aug,0.5,123,clean,0.8148990754634784,,0.8148990754634784,356,73,0,0.800561797752809,0.7322474466334286,,"{""y0_a0"": {""n"": 283, ""accuracy"": 0.8480565371024735}, ""y0_a1"": {""n"": 0, ""accuracy"": NaN}, ""y1_a0"": {""n"": 73, ""accuracy"": 0.6164383561643836}, ""y1_a1"": {""n"": 0, ""accuracy"": NaN}}",0.23612835557543418
corr,ruler_fixed,dinov2_b14_224,insert_aug,0.5,123,test_corr,0.9315068493150684,0.8509283819628647,0.7721456692913387,356,73,94,0.8033707865168539,0.8305823127934556,0.3103448275862069,"{""y0_a0"": {""n"": 254, ""accuracy"": 0.8385826771653543}, ""y0_a1"": {""n"": 29, ""accuracy"": 0.3103448275862069}, ""y1_a0"": {""n"": 8, ""accuracy"": 0.5}, ""y1_a1"": {""n"": 65, ""accuracy"": 0.9230769230769231}}",0.23612835557543418
corr,ruler_fixed,dinov2_b14_224,insert_aug,0.5,123,test_rev,0.5435887506655694,0.8740347490347491,0.7435897435897436,356,73,267,0.4606741573033708,0.528631589137906,0.38223938223938225,"{""y0_a0"": {""n"": 24, ""accuracy"": 0.75}, ""y0_a1"": {""n"": 259, ""accuracy"": 0.38223938223938225}, ""y1_a0"": {""n"": 65, ""accuracy"": 0.6}, ""y1_a1"": {""n"": 8, ""accuracy"": 1.0}}",0.23612835557543418
corr,ruler_fixed,dinov2_b14_224,mte,0.5,123,clean,0.7673169078851833,,0.7673169078851833,356,73,0,0.7415730337078652,0.720557626216177,,"{""y0_a0"": {""n"": 283, ""accuracy"": 0.7561837455830389}, ""y0_a1"": {""n"": 0, ""accuracy"": NaN}, ""y1_a0"": {""n"": 73, ""accuracy"": 0.684931506849315}, ""y1_a1"": {""n"": 0, ""accuracy"": NaN}}",0.35665786641190245
corr,ruler_fixed,dinov2_b14_224,mte,0.5,123,test_corr,0.8454426642141439,0.8116710875331565,0.6771653543307086,356,73,94,0.7696629213483146,0.799215838133501,0.625,"{""y0_a0"": {""n"": 254, ""accuracy"": 0.7559055118110236}, ""y0_a1"": {""n"": 29, ""accuracy"": 0.6896551724137931}, ""y1_a0"": {""n"": 8, ""accuracy"": 0.625}, ""y1_a1"": {""n"": 65, ""accuracy"": 0.8769230769230769}}",0.35665786641190245
corr,ruler_fixed,dinov2_b14_224,mte,0.5,123,test_rev,0.7003727189118544,0.6674710424710425,0.739102564102564,356,73,267,0.6179775280898876,0.6479016409313132,0.5945945945945946,"{""y0_a0"": {""n"": 24, ""accuracy"": 0.625}, ""y0_a1"": {""n"": 259, ""accuracy"": 0.5945945945945946}, ""y1_a0"": {""n"": 65, ""accuracy"": 0.7076923076923077}, ""y1_a1"": {""n"": 8, ""accuracy"": 0.625}}",0.35665786641190245
corr,ruler_fixed,dinov2_b14_224,mte_balanced,0.5,123,clean,0.7697371605595623,,0.7697371605595623,356,73,0,0.7556179775280899,0.6988963647804831,,"{""y0_a0"": {""n"": 283, ""accuracy"": 0.7950530035335689}, ""y0_a1"": {""n"": 0, ""accuracy"": NaN}, ""y1_a0"": {""n"": 73, ""accuracy"": 0.6027397260273972}, ""y1_a1"": {""n"": 0, ""accuracy"": NaN}}",0.41995688738957154
corr,ruler_fixed,dinov2_b14_224,mte_balanced,0.5,123,test_corr,0.8023621666101941,0.7925729442970821,0.7081692913385826,356,73,94,0.7668539325842697,0.731376155670652,0.625,"{""y0_a0"": {""n"": 254, ""accuracy"": 0.7913385826771654}, ""y0_a1"": {""n"": 29, ""accuracy"": 0.7931034482758621}, ""y1_a0"": {""n"": 8, ""accuracy"": 0.625}, ""y1_a1"": {""n"": 65, ""accuracy"": 0.676923076923077}}",0.41995688738957154
corr,ruler_fixed,dinov2_b14_224,mte_balanced,0.5,123,test_rev,0.7551672394597997,0.6742277992277992,0.7467948717948718,356,73,267,0.7387640449438202,0.6882956580667021,0.5,"{""y0_a0"": {""n"": 24, ""accuracy"": 0.7083333333333334}, ""y0_a1"": {""n"": 259, ""accuracy"": 0.7799227799227799}, ""y1_a0"": {""n"": 65, ""accuracy"": 0.6153846153846154}, ""y1_a1"": {""n"": 8, ""accuracy"": 0.5}}",0.41995688738957154
corr,ruler_fixed,dinov2_b14_224,ui2e,0.5,123,clean,0.8097681397937945,,0.8097681397937945,356,73,0,0.7921348314606742,0.7066169708117527,,"{""y0_a0"": {""n"": 283, ""accuracy"": 0.8515901060070671}, ""y0_a1"": {""n"": 0, ""accuracy"": NaN}, ""y1_a0"": {""n"": 73, ""accuracy"": 0.5616438356164384}, ""y1_a1"": {""n"": 0, ""accuracy"": NaN}}",0.4259462370439334
corr,ruler_fixed,dinov2_b14_224,ui2e,0.5,123,test_corr,0.9021733869015925,0.827055702917772,0.7071850393700787,356,73,94,0.8061797752808989,0.8018539135485745,0.375,"{""y0_a0"": {""n"": 254, ""accuracy"": 0.84251968503937}, ""y0_a1"": {""n"": 29, ""accuracy"": 0.5172413793103449}, ""y1_a0"": {""n"": 8, ""accuracy"": 0.375}, ""y1_a1"": {""n"": 65, ""accuracy"": 0.8461538461538461}}",0.4259462370439334
corr,ruler_fixed,dinov2_b14_224,ui2e,0.5,123,test_rev,0.6191490391596882,0.8585907335907337,0.7493589743589744,356,73,267,0.5561797752808989,0.5632896074350162,0.5328185328185329,"{""y0_a0"": {""n"": 24, ""accuracy"": 0.75}, ""y0_a1"": {""n"": 259, ""accuracy"": 0.5328185328185329}, ""y1_a0"": {""n"": 65, ""accuracy"": 0.5384615384615384}, ""y1_a1"": {""n"": 8, ""accuracy"": 0.875}}",0.4259462370439334
corr,ruler_fixed,dinov2_b14_224,ui2e_balanced,0.5,123,clean,0.799119028026526,,0.799119028026526,356,73,0,0.7780898876404494,0.6927005179340723,,"{""y0_a0"": {""n"": 283, ""accuracy"": 0.8374558303886925}, ""y0_a1"": {""n"": 0, ""accuracy"": NaN}, ""y1_a0"": {""n"": 73, ""accuracy"": 0.547945205479452}, ""y1_a1"": {""n"": 0, ""accuracy"": NaN}}",0.4827332864054073
corr,ruler_fixed,dinov2_b14_224,ui2e_balanced,0.5,123,test_corr,0.8329541604143472,0.8217506631299735,0.6938976377952756,356,73,94,0.7949438202247191,0.7490440001936203,0.375,"{""y0_a0"": {""n"": 254, ""accuracy"": 0.8307086614173228}, ""y0_a1"": {""n"": 29, ""accuracy"": 0.7931034482758621}, ""y1_a0"": {""n"": 8, ""accuracy"": 0.375}, ""y1_a1"": {""n"": 65, ""accuracy"": 0.7076923076923077}}",0.4827332864054073
corr,ruler_fixed,dinov2_b14_224,ui2e_balanced,0.5,123,test_rev,0.7560869354760636,0.8754826254826256,0.7288461538461538,356,73,267,0.7331460674157303,0.6745970279297158,0.5384615384615384,"{""y0_a0"": {""n"": 24, ""accuracy"": 0.7083333333333334}, ""y0_a1"": {""n"": 259, ""accuracy"": 0.7799227799227799}, ""y1_a0"": {""n"": 65, ""accuracy"": 0.5384615384615384}, ""y1_a1"": {""n"": 8, ""accuracy"": 0.875}}",0.4827332864054073
corr,ruler_fixed,dinov2_b14_224,umte,0.5,123,clean,0.7574906820272036,,0.7574906820272036,356,73,0,0.6938202247191011,0.6956048211433274,,"{""y0_a0"": {""n"": 283, ""accuracy"": 0.6925795053003534}, ""y0_a1"": {""n"": 0, ""accuracy"": NaN}, ""y1_a0"": {""n"": 73, ""accuracy"": 0.6986301369863014}, ""y1_a1"": {""n"": 0, ""accuracy"": NaN}}",0.17243814389529752
corr,ruler_fixed,dinov2_b14_224,umte,0.5,123,test_corr,0.9262791035384095,0.7708222811671087,0.6825787401574803,356,73,94,0.6910112359550562,0.7904061183987607,0.06896551724137931,"{""y0_a0"": {""n"": 254, ""accuracy"": 0.6850393700787402}, ""y0_a1"": {""n"": 29, ""accuracy"": 0.06896551724137931}, ""y1_a0"": {""n"": 8, ""accuracy"": 0.625}, ""y1_a1"": {""n"": 65, ""accuracy"": 1.0}}",0.17243814389529752
corr,ruler_fixed,dinov2_b14_224,umte,0.5,123,test_rev,0.35713248463139546,0.6409266409266409,0.7185897435897437,356,73,267,0.23595505617977527,0.42794907788373104,0.06177606177606178,"{""y0_a0"": {""n"": 24, ""accuracy"": 0.5416666666666666}, ""y0_a1"": {""n"": 259, ""accuracy"": 0.06177606177606178}, ""y1_a0"": {""n"": 65, ""accuracy"": 0.7230769230769231}, ""y1_a1"": {""n"": 8, ""accuracy"": 1.0}}",0.17243814389529752
corr,ruler_fixed,dinov2_b14_224,umte_balanced,0.5,123,clean,0.7717217677525534,,0.7717217677525534,356,73,0,0.7275280898876404,0.7066411733384965,,"{""y0_a0"": {""n"": 283, ""accuracy"": 0.7420494699646644}, ""y0_a1"": {""n"": 0, ""accuracy"": NaN}, ""y1_a0"": {""n"": 73, ""accuracy"": 0.6712328767123288}, ""y1_a1"": {""n"": 0, ""accuracy"": NaN}}",0.3131797228645946
corr,ruler_fixed,dinov2_b14_224,umte_balanced,0.5,123,test_corr,0.856624231569776,0.7925729442970822,0.7076771653543307,356,73,94,0.7387640449438202,0.7797812091582361,0.5172413793103449,"{""y0_a0"": {""n"": 254, ""accuracy"": 0.7322834645669292}, ""y0_a1"": {""n"": 29, ""accuracy"": 0.5172413793103449}, ""y1_a0"": {""n"": 8, ""accuracy"": 0.625}, ""y1_a1"": {""n"": 65, ""accuracy"": 0.8769230769230769}}",0.3131797228645946
corr,ruler_fixed,dinov2_b14_224,umte_balanced,0.5,123,test_rev,0.6712812817658165,0.6887065637065637,0.7173076923076923,356,73,267,0.5955056179775281,0.6337673653129388,0.555984555984556,"{""y0_a0"": {""n"": 24, ""accuracy"": 0.7083333333333334}, ""y0_a1"": {""n"": 259, ""accuracy"": 0.555984555984556}, ""y1_a0"": {""n"": 65, ""accuracy"": 0.6923076923076923}, ""y1_a1"": {""n"": 8, ""accuracy"": 0.75}}",0.3131797228645946
corr,ruler_fixed,dinov2_b14_224,erm,0.5,456,clean,0.7890507769011085,,0.7890507769011085,356,73,0,0.7556179775280899,0.7039788953966795,,"{""y0_a0"": {""n"": 283, ""accuracy"": 0.7915194346289752}, ""y0_a1"": {""n"": 0, ""accuracy"": NaN}, ""y1_a0"": {""n"": 73, ""accuracy"": 0.6164383561643836}, ""y1_a1"": {""n"": 0, ""accuracy"": NaN}}",0.18708361439733018
corr,ruler_fixed,dinov2_b14_224,erm,0.5,456,test_corr,0.9637930199912871,0.7861990950226244,0.9408560311284047,356,73,94,0.7949438202247191,0.8608596737499394,0.34615384615384615,"{""y0_a0"": {""n"": 257, ""accuracy"": 0.7898832684824902}, ""y0_a1"": {""n"": 26, ""accuracy"": 0.34615384615384615}, ""y1_a0"": {""n"": 5, ""accuracy"": 0.8}, ""y1_a1"": {""n"": 68, ""accuracy"": 0.9852941176470589}}",0.18708361439733018
corr,ruler_fixed,dinov2_b14_224,erm,0.5,456,test_rev,0.40548913306549206,0.8095238095238094,0.8190524193548387,356,73,261,0.3089887640449438,0.43322522871387775,0.15476190476190477,"{""y0_a0"": {""n"": 31, ""accuracy"": 0.7741935483870968}, ""y0_a1"": {""n"": 252, ""accuracy"": 0.15476190476190477}, ""y1_a0"": {""n"": 64, ""accuracy"": 0.609375}, ""y1_a1"": {""n"": 9, ""accuracy"": 0.8888888888888888}}",0.18708361439733018
corr,ruler_fixed,dinov2_b14_224,mask,0.5,456,clean,0.7553608596737499,,0.7553608596737499,356,73,0,0.7837078651685393,0.665738903141488,,"{""y0_a0"": {""n"": 283, ""accuracy"": 0.8657243816254417}, ""y0_a1"": {""n"": 0, ""accuracy"": NaN}, ""y1_a0"": {""n"": 73, ""accuracy"": 0.4657534246575342}, ""y1_a1"": {""n"": 0, ""accuracy"": NaN}}",0.23947575540566804
corr,ruler_fixed,dinov2_b14_224,mask,0.5,456,test_corr,0.9621472481727091,0.7816742081447965,0.8708171206225681,356,73,94,0.8258426966292135,0.8802943027252046,0.038461538461538464,"{""y0_a0"": {""n"": 257, ""accuracy"": 0.8638132295719845}, ""y0_a1"": {""n"": 26, ""accuracy"": 0.038461538461538464}, ""y1_a0"": {""n"": 5, ""accuracy"": 0.8}, ""y1_a1"": {""n"": 68, ""accuracy"": 0.9852941176470589}}",0.23947575540566804
corr,ruler_fixed,dinov2_b14_224,mask,0.5,456,test_rev,0.3260080352388789,0.755731922398589,0.7641129032258065,356,73,261,0.24157303370786518,0.34507962631298705,0.07936507936507936,"{""y0_a0"": {""n"": 31, ""accuracy"": 0.9032258064516129}, ""y0_a1"": {""n"": 252, ""accuracy"": 0.07936507936507936}, ""y1_a0"": {""n"": 64, ""accuracy"": 0.453125}, ""y1_a1"": {""n"": 9, ""accuracy"": 1.0}}",0.23947575540566804
corr,ruler_fixed,dinov2_b14_224,balanced,0.5,456,clean,0.7881310808848443,,0.7881310808848443,356,73,0,0.7528089887640449,0.6818819884795972,,"{""y0_a0"": {""n"": 283, ""accuracy"": 0.8021201413427562}, ""y0_a1"": {""n"": 0, ""accuracy"": NaN}, ""y1_a0"": {""n"": 73, ""accuracy"": 0.5616438356164384}, ""y1_a1"": {""n"": 0, ""accuracy"": NaN}}",0.3957177729980338
corr,ruler_fixed,dinov2_b14_224,balanced,0.5,456,test_corr,0.8678057989254078,0.7494343891402715,0.9291828793774319,356,73,94,0.7780898876404494,0.763855946560821,0.5769230769230769,"{""y0_a0"": {""n"": 257, ""accuracy"": 0.8093385214007782}, ""y0_a1"": {""n"": 26, ""accuracy"": 0.5769230769230769}, ""y1_a0"": {""n"": 5, ""accuracy"": 0.8}, ""y1_a1"": {""n"": 68, ""accuracy"": 0.7352941176470589}}",0.3957177729980338
corr,ruler_fixed,dinov2_b14_224,balanced,0.5,456,test_rev,0.6959678590444842,0.8179012345679012,0.8019153225806452,356,73,261,0.6713483146067416,0.6408103005953822,0.546875,"{""y0_a0"": {""n"": 31, ""accuracy"": 0.8064516129032258}, ""y0_a1"": {""n"": 252, ""accuracy"": 0.6785714285714286}, ""y1_a0"": {""n"": 64, ""accuracy"": 0.546875}, ""y1_a1"": {""n"": 9, ""accuracy"": 0.8888888888888888}}",0.3957177729980338
corr,ruler_fixed,dinov2_b14_224,dfr,0.5,456,clean,0.736240863546154,,0.736240863546154,356,73,0,0.6938202247191011,0.6651096374461494,,"{""y0_a0"": {""n"": 283, ""accuracy"": 0.7137809187279152}, ""y0_a1"": {""n"": 0, ""accuracy"": NaN}, ""y1_a0"": {""n"": 73, ""accuracy"": 0.6164383561643836}, ""y1_a1"": {""n"": 0, ""accuracy"": NaN}}",0.5039314488531849
corr,ruler_fixed,dinov2_b14_224,dfr,0.5,456,test_corr,0.7659131613340432,0.7019230769230769,0.9463035019455254,356,73,94,0.7050561797752809,0.6975894283363183,0.6153846153846154,"{""y0_a0"": {""n"": 257, ""accuracy"": 0.7198443579766537}, ""y0_a1"": {""n"": 26, ""accuracy"": 0.6153846153846154}, ""y1_a0"": {""n"": 5, ""accuracy"": 1.0}, ""y1_a1"": {""n"": 68, ""accuracy"": 0.6617647058823529}}",0.5039314488531849
corr,ruler_fixed,dinov2_b14_224,dfr,0.5,456,test_rev,0.7083595527373057,0.7239858906525574,0.7379032258064516,356,73,261,0.6404494382022472,0.6315407328525098,0.5555555555555556,"{""y0_a0"": {""n"": 31, ""accuracy"": 0.7419354838709677}, ""y0_a1"": {""n"": 252, ""accuracy"": 0.6349206349206349}, ""y1_a0"": {""n"": 64, ""accuracy"": 0.625}, ""y1_a1"": {""n"": 9, ""accuracy"": 0.5555555555555556}}",0.5039314488531849
corr,ruler_fixed,dinov2_b14_224,leace,0.5,456,clean,0.8286945157074398,,0.8286945157074398,356,73,0,0.7865168539325843,0.6929183406747664,,"{""y0_a0"": {""n"": 283, ""accuracy"": 0.8515901060070671}, ""y0_a1"": {""n"": 0, ""accuracy"": NaN}, ""y1_a0"": {""n"": 73, ""accuracy"": 0.5342465753424658}, ""y1_a1"": {""n"": 0, ""accuracy"": NaN}}",0.6006140049541381
corr,ruler_fixed,dinov2_b14_224,leace,0.5,456,test_corr,0.8222082385401035,0.7861990950226244,0.9237354085603112,356,73,94,0.7837078651685393,0.6911515562224697,0.5147058823529411,"{""y0_a0"": {""n"": 257, ""accuracy"": 0.8521400778210116}, ""y0_a1"": {""n"": 26, ""accuracy"": 0.8076923076923077}, ""y1_a0"": {""n"": 5, ""accuracy"": 0.8}, ""y1_a1"": {""n"": 68, ""accuracy"": 0.5147058823529411}}",0.6006140049541381
corr,ruler_fixed,dinov2_b14_224,leace,0.5,456,test_rev,0.8242412507865822,0.8549382716049383,0.8538306451612904,356,73,261,0.7893258426966292,0.6946851251270633,0.515625,"{""y0_a0"": {""n"": 31, ""accuracy"": 0.9032258064516129}, ""y0_a1"": {""n"": 252, ""accuracy"": 0.8492063492063492}, ""y1_a0"": {""n"": 64, ""accuracy"": 0.515625}, ""y1_a1"": {""n"": 9, ""accuracy"": 0.6666666666666666}}",0.6006140049541381
corr,ruler_fixed,dinov2_b14_224,umte_protect,0.5,456,clean,0.77419042548042,,0.77419042548042,356,73,0,0.7303370786516854,0.7084079577907934,,"{""y0_a0"": {""n"": 283, ""accuracy"": 0.7455830388692579}, ""y0_a1"": {""n"": 0, ""accuracy"": NaN}, ""y1_a0"": {""n"": 73, ""accuracy"": 0.6712328767123288}, ""y1_a1"": {""n"": 0, ""accuracy"": NaN}}",0.20361961476856574
corr,ruler_fixed,dinov2_b14_224,umte_protect,0.5,456,test_corr,0.9572099327169755,0.7516968325791856,0.9175097276264591,356,73,94,0.7415730337078652,0.8323732997724962,0.038461538461538464,"{""y0_a0"": {""n"": 257, ""accuracy"": 0.7431906614785992}, ""y0_a1"": {""n"": 26, ""accuracy"": 0.038461538461538464}, ""y1_a0"": {""n"": 5, ""accuracy"": 0.8}, ""y1_a1"": {""n"": 68, ""accuracy"": 1.0}}",0.20361961476856574
corr,ruler_fixed,dinov2_b14_224,umte_protect,0.5,456,test_rev,0.3983735902028171,0.7883597883597884,0.7888104838709677,356,73,261,0.27808988764044945,0.43412072220339804,0.09523809523809523,"{""y0_a0"": {""n"": 31, ""accuracy"": 0.7741935483870968}, ""y0_a1"": {""n"": 252, ""accuracy"": 0.09523809523809523}, ""y1_a0"": {""n"": 64, ""accuracy"": 0.65625}, ""y1_a1"": {""n"": 9, ""accuracy"": 1.0}}",0.20361961476856574
corr,ruler_fixed,dinov2_b14_224,umte_protect_balanced,0.5,456,clean,0.7614598964131856,,0.7614598964131856,356,73,0,0.7837078651685393,0.6504913112928989,,"{""y0_a0"": {""n"": 283, ""accuracy"": 0.8763250883392226}, ""y0_a1"": {""n"": 0, ""accuracy"": NaN}, ""y1_a0"": {""n"": 73, ""accuracy"": 0.4246575342465753}, ""y1_a1"": {""n"": 0, ""accuracy"": NaN}}",0.5884500397324588
corr,ruler_fixed,dinov2_b14_224,umte_protect_balanced,0.5,456,test_corr,0.8573987124255772,0.7234162895927602,0.933852140077821,356,73,94,0.8174157303370787,0.7530132145796021,0.6323529411764706,"{""y0_a0"": {""n"": 257, ""accuracy"": 0.8793774319066148}, ""y0_a1"": {""n"": 26, ""accuracy"": 0.6923076923076923}, ""y1_a0"": {""n"": 5, ""accuracy"": 0.8}, ""y1_a1"": {""n"": 68, ""accuracy"": 0.6323529411764706}}",0.5884500397324588
corr,ruler_fixed,dinov2_b14_224,umte_protect_balanced,0.5,456,test_rev,0.6657631056682317,0.8214285714285714,0.7671370967741936,356,73,261,0.7359550561797753,0.6306210368362457,0.421875,"{""y0_a0"": {""n"": 31, ""accuracy"": 0.9032258064516129}, ""y0_a1"": {""n"": 252, ""accuracy"": 0.7976190476190477}, ""y1_a0"": {""n"": 64, ""accuracy"": 0.421875}, ""y1_a1"": {""n"": 9, ""accuracy"": 0.6666666666666666}}",0.5884500397324588
corr,ruler_fixed,dinov2_b14_224,i2e,0.5,456,clean,0.809477709472869,,0.809477709472869,356,73,0,0.7752808988764045,0.7417590396437388,,"{""y0_a0"": {""n"": 283, ""accuracy"": 0.7985865724381626}, ""y0_a1"": {""n"": 0, ""accuracy"": NaN}, ""y1_a0"": {""n"": 73, ""accuracy"": 0.684931506849315}, ""y1_a1"": {""n"": 0, ""accuracy"": NaN}}",0.4666479853065716
corr,ruler_fixed,dinov2_b14_224,i2e,0.5,456,test_corr,0.83029188247253,0.7850678733031675,0.8459143968871595,356,73,94,0.7837078651685393,0.7623069848492183,0.7205882352941176,"{""y0_a0"": {""n"": 257, ""accuracy"": 0.8015564202334631}, ""y0_a1"": {""n"": 26, ""accuracy"": 0.7692307692307693}, ""y1_a0"": {""n"": 5, ""accuracy"": 0.8}, ""y1_a1"": {""n"": 68, ""accuracy"": 0.7205882352941176}}",0.4666479853065716
corr,ruler_fixed,dinov2_b14_224,i2e,0.5,456,test_rev,0.7829517401616729,0.8240740740740741,0.84375,356,73,261,0.7528089887640449,0.7276247640253642,0.671875,"{""y0_a0"": {""n"": 31, ""accuracy"": 0.8709677419354839}, ""y0_a1"": {""n"": 252, ""accuracy"": 0.7579365079365079}, ""y1_a0"": {""n"": 64, ""accuracy"": 0.671875}, ""y1_a1"": {""n"": 9, ""accuracy"": 0.7777777777777778}}",0.4666479853065716
corr,ruler_fixed,dinov2_b14_224,i2e_balanced,0.5,456,clean,0.7930683963405779,,0.7930683963405779,356,73,0,0.7893258426966292,0.6641899414298853,,"{""y0_a0"": {""n"": 283, ""accuracy"": 0.8763250883392226}, ""y0_a1"": {""n"": 0, ""accuracy"": NaN}, ""y1_a0"": {""n"": 73, ""accuracy"": 0.4520547945205479}, ""y1_a1"": {""n"": 0, ""accuracy"": NaN}}",0.6316348761959627
corr,ruler_fixed,dinov2_b14_224,i2e_balanced,0.5,456,test_corr,0.789922067863885,0.7697963800904978,0.8544747081712062,356,73,94,0.7921348314606742,0.6710392564983785,0.45588235294117646,"{""y0_a0"": {""n"": 257, ""accuracy"": 0.8793774319066148}, ""y0_a1"": {""n"": 26, ""accuracy"": 0.8461538461538461}, ""y1_a0"": {""n"": 5, ""accuracy"": 0.6}, ""y1_a1"": {""n"": 68, ""accuracy"": 0.45588235294117646}}",0.6316348761959627
corr,ruler_fixed,dinov2_b14_224,i2e_balanced,0.5,456,test_rev,0.7923907255917517,0.8187830687830688,0.813508064516129,356,73,261,0.7893258426966292,0.6641899414298853,0.4375,"{""y0_a0"": {""n"": 31, ""accuracy"": 0.9032258064516129}, ""y0_a1"": {""n"": 252, ""accuracy"": 0.873015873015873}, ""y1_a0"": {""n"": 64, ""accuracy"": 0.4375}, ""y1_a1"": {""n"": 9, ""accuracy"": 0.5555555555555556}}",0.6316348761959627
corr,ruler_fixed,dinov2_b14_224,i2e_rank1,0.5,456,clean,0.7972796359939978,,0.7972796359939978,356,73,0,0.7191011235955056,0.7115058812139987,,"{""y0_a0"": {""n"": 283, ""accuracy"": 0.7243816254416962}, ""y0_a1"": {""n"": 0, ""accuracy"": NaN}, ""y1_a0"": {""n"": 73, ""accuracy"": 0.6986301369863014}, ""y1_a1"": {""n"": 0, ""accuracy"": NaN}}",0.43623675895539055
corr,ruler_fixed,dinov2_b14_224,i2e_rank1,0.5,456,test_corr,0.8284524904400019,0.7516968325791855,0.9143968871595332,356,73,94,0.7219101123595506,0.7285202575148846,0.5,"{""y0_a0"": {""n"": 257, ""accuracy"": 0.7392996108949417}, ""y0_a1"": {""n"": 26, ""accuracy"": 0.5}, ""y1_a0"": {""n"": 5, ""accuracy"": 0.8}, ""y1_a1"": {""n"": 68, ""accuracy"": 0.7352941176470589}}",0.43623675895539055
corr,ruler_fixed,dinov2_b14_224,i2e_rank1,0.5,456,test_rev,0.7628636429643254,0.8201058201058202,0.8225806451612903,356,73,261,0.6713483146067416,0.6814705455249528,0.6468253968253969,"{""y0_a0"": {""n"": 31, ""accuracy"": 0.8064516129032258}, ""y0_a1"": {""n"": 252, ""accuracy"": 0.6468253968253969}, ""y1_a0"": {""n"": 64, ""accuracy"": 0.6875}, ""y1_a1"": {""n"": 9, ""accuracy"": 0.7777777777777778}}",0.43623675895539055
corr,ruler_fixed,dinov2_b14_224,insert_aug,0.5,456,clean,0.8211917324168643,,0.8211917324168643,356,73,0,0.800561797752809,0.7068347935524468,,"{""y0_a0"": {""n"": 283, ""accuracy"": 0.8657243816254417}, ""y0_a1"": {""n"": 0, ""accuracy"": NaN}, ""y1_a0"": {""n"": 73, ""accuracy"": 0.547945205479452}, ""y1_a1"": {""n"": 0, ""accuracy"": NaN}}",0.2867592648024861
corr,ruler_fixed,dinov2_b14_224,insert_aug,0.5,456,test_corr,0.9540151991867951,0.8037330316742082,0.932295719844358,356,73,94,0.8455056179775281,0.8723316714264969,0.46153846153846156,"{""y0_a0"": {""n"": 257, ""accuracy"": 0.8638132295719845}, ""y0_a1"": {""n"": 26, ""accuracy"": 0.46153846153846156}, ""y1_a0"": {""n"": 5, ""accuracy"": 0.8}, ""y1_a1"": {""n"": 68, ""accuracy"": 0.9264705882352942}}",0.2867592648024861
corr,ruler_fixed,dinov2_b14_224,insert_aug,0.5,456,test_rev,0.5610145699210998,0.8320105820105819,0.8558467741935484,356,73,261,0.49157303370786515,0.5226535650321893,0.4166666666666667,"{""y0_a0"": {""n"": 31, ""accuracy"": 0.9032258064516129}, ""y0_a1"": {""n"": 252, ""accuracy"": 0.4166666666666667}, ""y1_a0"": {""n"": 64, ""accuracy"": 0.53125}, ""y1_a1"": {""n"": 9, ""accuracy"": 0.8888888888888888}}",0.2867592648024861
corr,ruler_fixed,dinov2_b14_224,mte,0.5,456,clean,0.7628152379108379,,0.7628152379108379,356,73,0,0.7275280898876404,0.7168062345708892,,"{""y0_a0"": {""n"": 283, ""accuracy"": 0.734982332155477}, ""y0_a1"": {""n"": 0, ""accuracy"": NaN}, ""y1_a0"": {""n"": 73, ""accuracy"": 0.6986301369863014}, ""y1_a1"": {""n"": 0, ""accuracy"": NaN}}",0.35343582247628447
corr,ruler_fixed,dinov2_b14_224,mte,0.5,456,test_corr,0.8573503073720896,0.7403846153846154,0.9237354085603113,356,73,94,0.7443820224719101,0.7782322474466334,0.5384615384615384,"{""y0_a0"": {""n"": 257, ""accuracy"": 0.7392996108949417}, ""y0_a1"": {""n"": 26, ""accuracy"": 0.5384615384615384}, ""y1_a0"": {""n"": 5, ""accuracy"": 0.8}, ""y1_a1"": {""n"": 68, ""accuracy"": 0.8382352941176471}}",0.35343582247628447
corr,ruler_fixed,dinov2_b14_224,mte,0.5,456,test_rev,0.6869161140423061,0.8756613756613758,0.7474798387096774,356,73,261,0.6039325842696629,0.6492327799022217,0.5555555555555556,"{""y0_a0"": {""n"": 31, ""accuracy"": 0.7096774193548387}, ""y0_a1"": {""n"": 252, ""accuracy"": 0.5555555555555556}, ""y1_a0"": {""n"": 64, ""accuracy"": 0.6875}, ""y1_a1"": {""n"": 9, ""accuracy"": 1.0}}",0.35343582247628447
corr,ruler_fixed,dinov2_b14_224,mte_balanced,0.5,456,clean,0.7294641560578924,,0.7294641560578924,356,73,0,0.75,0.6648676121787114,,"{""y0_a0"": {""n"": 283, ""accuracy"": 0.8091872791519434}, ""y0_a1"": {""n"": 0, ""accuracy"": NaN}, ""y1_a0"": {""n"": 73, ""accuracy"": 0.5205479452054794}, ""y1_a1"": {""n"": 0, ""accuracy"": NaN}}",0.5007174548824684
corr,ruler_fixed,dinov2_b14_224,mte_balanced,0.5,456,test_corr,0.7872597899220678,0.6934389140271493,0.9190661478599222,356,73,94,0.7668539325842697,0.7059635025896703,0.5882352941176471,"{""y0_a0"": {""n"": 257, ""accuracy"": 0.8210116731517509}, ""y0_a1"": {""n"": 26, ""accuracy"": 0.6923076923076923}, ""y1_a0"": {""n"": 5, ""accuracy"": 0.8}, ""y1_a1"": {""n"": 68, ""accuracy"": 0.5882352941176471}}",0.5007174548824684
corr,ruler_fixed,dinov2_b14_224,mte_balanced,0.5,456,test_rev,0.7097148942349581,0.8236331569664903,0.7066532258064516,356,73,261,0.7359550561797753,0.6611162205334238,0.515625,"{""y0_a0"": {""n"": 31, ""accuracy"": 0.7419354838709677}, ""y0_a1"": {""n"": 252, ""accuracy"": 0.7936507936507936}, ""y1_a0"": {""n"": 64, ""accuracy"": 0.515625}, ""y1_a1"": {""n"": 9, ""accuracy"": 0.6666666666666666}}",0.5007174548824684
corr,ruler_fixed,dinov2_b14_224,ui2e,0.5,456,clean,0.8074446972263905,,0.8074446972263905,356,73,0,0.7893258426966292,0.7251803088242412,,"{""y0_a0"": {""n"": 283, ""accuracy"": 0.833922261484099}, ""y0_a1"": {""n"": 0, ""accuracy"": NaN}, ""y1_a0"": {""n"": 73, ""accuracy"": 0.6164383561643836}, ""y1_a1"": {""n"": 0, ""accuracy"": NaN}}",0.3949356645292199
corr,ruler_fixed,dinov2_b14_224,ui2e,0.5,456,test_corr,0.9205673072268745,0.8139140271493214,0.8747081712062257,356,73,94,0.8089887640449438,0.8137857592332639,0.5384615384615384,"{""y0_a0"": {""n"": 257, ""accuracy"": 0.8326848249027238}, ""y0_a1"": {""n"": 26, ""accuracy"": 0.5384615384615384}, ""y1_a0"": {""n"": 5, ""accuracy"": 0.6}, ""y1_a1"": {""n"": 68, ""accuracy"": 0.8382352941176471}}",0.3949356645292199
corr,ruler_fixed,dinov2_b14_224,ui2e,0.5,456,test_rev,0.6216661019410427,0.810405643738977,0.8286290322580645,356,73,261,0.550561797752809,0.5851686916114043,0.4801587301587302,"{""y0_a0"": {""n"": 31, ""accuracy"": 0.9032258064516129}, ""y0_a1"": {""n"": 252, ""accuracy"": 0.4801587301587302}, ""y1_a0"": {""n"": 64, ""accuracy"": 0.609375}, ""y1_a1"": {""n"": 9, ""accuracy"": 0.8888888888888888}}",0.3949356645292199
corr,ruler_fixed,dinov2_b14_224,ui2e_balanced,0.5,456,clean,0.7919550801103635,,0.7919550801103635,356,73,0,0.7696629213483146,0.6874001645771819,,"{""y0_a0"": {""n"": 283, ""accuracy"": 0.8268551236749117}, ""y0_a1"": {""n"": 0, ""accuracy"": NaN}, ""y1_a0"": {""n"": 73, ""accuracy"": 0.547945205479452}, ""y1_a1"": {""n"": 0, ""accuracy"": NaN}}",0.5069333054966683
corr,ruler_fixed,dinov2_b14_224,ui2e_balanced,0.5,456,test_corr,0.82588702260516,0.7748868778280544,0.8326848249027238,356,73,94,0.7808988764044944,0.7198799554673507,0.6,"{""y0_a0"": {""n"": 257, ""accuracy"": 0.8287937743190662}, ""y0_a1"": {""n"": 26, ""accuracy"": 0.7692307692307693}, ""y1_a0"": {""n"": 5, ""accuracy"": 0.6}, ""y1_a1"": {""n"": 68, ""accuracy"": 0.6176470588235294}}",0.5069333054966683
corr,ruler_fixed,dinov2_b14_224,ui2e_balanced,0.5,456,test_rev,0.750568759378479,0.8209876543209877,0.8034274193548386,356,73,261,0.7303370786516854,0.672830243477419,0.546875,"{""y0_a0"": {""n"": 31, ""accuracy"": 0.8709677419354839}, ""y0_a1"": {""n"": 252, ""accuracy"": 0.7579365079365079}, ""y1_a0"": {""n"": 64, ""accuracy"": 0.546875}, ""y1_a1"": {""n"": 9, ""accuracy"": 0.7777777777777778}}",0.5069333054966683
corr,ruler_fixed,dinov2_b14_224,umte,0.5,456,clean,0.7413717992158381,,0.7413717992158381,356,73,0,0.6769662921348315,0.6748390531971538,,"{""y0_a0"": {""n"": 283, ""accuracy"": 0.6784452296819788}, ""y0_a1"": {""n"": 0, ""accuracy"": NaN}, ""y1_a0"": {""n"": 73, ""accuracy"": 0.6712328767123288}, ""y1_a1"": {""n"": 0, ""accuracy"": NaN}}",0.1611489317844926
corr,ruler_fixed,dinov2_b14_224,umte,0.5,456,test_corr,0.9499975797473257,0.7024886877828054,0.9214007782101168,356,73,94,0.702247191011236,0.8076383174403408,0.038461538461538464,"{""y0_a0"": {""n"": 257, ""accuracy"": 0.688715953307393}, ""y0_a1"": {""n"": 26, ""accuracy"": 0.038461538461538464}, ""y1_a0"": {""n"": 5, ""accuracy"": 0.8}, ""y1_a1"": {""n"": 68, ""accuracy"": 1.0}}",0.1611489317844926
corr,ruler_fixed,dinov2_b14_224,umte,0.5,456,test_rev,0.3686528873614405,0.8068783068783069,0.7192540322580646,356,73,261,0.23314606741573032,0.4007696403504526,0.047619047619047616,"{""y0_a0"": {""n"": 31, ""accuracy"": 0.6774193548387096}, ""y0_a1"": {""n"": 252, ""accuracy"": 0.047619047619047616}, ""y1_a0"": {""n"": 64, ""accuracy"": 0.640625}, ""y1_a1"": {""n"": 9, ""accuracy"": 1.0}}",0.1611489317844926
corr,ruler_fixed,dinov2_b14_224,umte_balanced,0.5,456,clean,0.7328041047485356,,0.7328041047485356,356,73,0,0.7275280898876404,0.6710634590251222,,"{""y0_a0"": {""n"": 283, ""accuracy"": 0.7667844522968198}, ""y0_a1"": {""n"": 0, ""accuracy"": NaN}, ""y1_a0"": {""n"": 73, ""accuracy"": 0.5753424657534246}, ""y1_a1"": {""n"": 0, ""accuracy"": NaN}}",0.3723410563903426
corr,ruler_fixed,dinov2_b14_224,umte_balanced,0.5,456,test_corr,0.8472336511931846,0.6657239819004525,0.9478599221789884,356,73,94,0.75,0.7614356938864417,0.38461538461538464,"{""y0_a0"": {""n"": 257, ""accuracy"": 0.7782101167315175}, ""y0_a1"": {""n"": 26, ""accuracy"": 0.38461538461538464}, ""y1_a0"": {""n"": 5, ""accuracy"": 1.0}, ""y1_a1"": {""n"": 68, ""accuracy"": 0.7647058823529411}}",0.3723410563903426
corr,ruler_fixed,dinov2_b14_224,umte_balanced,0.5,456,test_rev,0.6335253400455009,0.83994708994709,0.7137096774193548,356,73,261,0.5842696629213483,0.591122513190377,0.5555555555555556,"{""y0_a0"": {""n"": 31, ""accuracy"": 0.7741935483870968}, ""y0_a1"": {""n"": 252, ""accuracy"": 0.5555555555555556}, ""y1_a0"": {""n"": 64, ""accuracy"": 0.5625}, ""y1_a1"": {""n"": 9, ""accuracy"": 0.8888888888888888}}",0.3723410563903426
corr,ruler_fixed,dinov2_b14_224,erm,0.75,42,clean,0.8085580134566048,,0.8085580134566048,356,73,0,0.7556179775280899,0.7090614260128758,,"{""y0_a0"": {""n"": 283, ""accuracy"": 0.7879858657243817}, ""y0_a1"": {""n"": 0, ""accuracy"": NaN}, ""y1_a0"": {""n"": 73, ""accuracy"": 0.6301369863013698}, ""y1_a1"": {""n"": 0, ""accuracy"": NaN}}",0.17080324716684966
corr,ruler_fixed,dinov2_b14_224,erm,0.75,42,test_corr,0.9520789970472916,0.8459821428571429,0.8553376906318082,356,73,92,0.7640449438202247,0.8414250447746745,0.10714285714285714,"{""y0_a0"": {""n"": 255, ""accuracy"": 0.7764705882352941}, ""y0_a1"": {""n"": 28, ""accuracy"": 0.10714285714285714}, ""y1_a0"": {""n"": 9, ""accuracy"": 0.8888888888888888}, ""y1_a1"": {""n"": 64, ""accuracy"": 0.984375}}",0.17080324716684966
corr,ruler_fixed,dinov2_b14_224,erm,0.75,42,test_rev,0.4237862432837989,0.7865853658536586,0.8592174263816054,356,73,252,0.33146067415730335,0.4626070961808413,0.15040650406504066,"{""y0_a0"": {""n"": 37, ""accuracy"": 0.8378378378378378}, ""y0_a1"": {""n"": 246, ""accuracy"": 0.15040650406504066}, ""y1_a0"": {""n"": 67, ""accuracy"": 0.6567164179104478}, ""y1_a1"": {""n"": 6, ""accuracy"": 1.0}}",0.17080324716684966
corr,ruler_fixed,dinov2_b14_224,mask,0.75,42,clean,0.7911321942010745,,0.7911321942010745,356,73,0,0.7640449438202247,0.70927924875357,,"{""y0_a0"": {""n"": 283, ""accuracy"": 0.8021201413427562}, ""y0_a1"": {""n"": 0, ""accuracy"": NaN}, ""y1_a0"": {""n"": 73, ""accuracy"": 0.6164383561643836}, ""y1_a1"": {""n"": 0, ""accuracy"": NaN}}",0.14787589428846074
corr,ruler_fixed,dinov2_b14_224,mask,0.75,42,test_corr,0.9516433515659035,0.7868303571428572,0.8636165577342048,356,73,92,0.7808988764044944,0.8520257514884554,0.07142857142857142,"{""y0_a0"": {""n"": 255, ""accuracy"": 0.803921568627451}, ""y0_a1"": {""n"": 28, ""accuracy"": 0.07142857142857142}, ""y1_a0"": {""n"": 9, ""accuracy"": 0.7777777777777778}, ""y1_a1"": {""n"": 64, ""accuracy"": 1.0}}",0.14787589428846074
corr,ruler_fixed,dinov2_b14_224,mask,0.75,42,test_rev,0.30974393726705063,0.8624661246612466,0.8196853569987897,356,73,252,0.23876404494382023,0.3839730867902609,0.036585365853658534,"{""y0_a0"": {""n"": 37, ""accuracy"": 0.8108108108108109}, ""y0_a1"": {""n"": 246, ""accuracy"": 0.036585365853658534}, ""y1_a0"": {""n"": 67, ""accuracy"": 0.5970149253731343}, ""y1_a1"": {""n"": 6, ""accuracy"": 1.0}}",0.14787589428846074
corr,ruler_fixed,dinov2_b14_224,balanced,0.75,42,clean,0.8352776029817514,,0.8352776029817514,356,73,0,0.7724719101123596,0.7450747858076383,,"{""y0_a0"": {""n"": 283, ""accuracy"": 0.7915194346289752}, ""y0_a1"": {""n"": 0, ""accuracy"": NaN}, ""y1_a0"": {""n"": 73, ""accuracy"": 0.6986301369863014}, ""y1_a1"": {""n"": 0, ""accuracy"": NaN}}",0.29056860574476057
corr,ruler_fixed,dinov2_b14_224,balanced,0.75,42,test_corr,0.8993658937993126,0.8772321428571428,0.8535947712418301,356,73,92,0.7921348314606742,0.8184326443680721,0.6666666666666666,"{""y0_a0"": {""n"": 255, ""accuracy"": 0.7843137254901961}, ""y0_a1"": {""n"": 28, ""accuracy"": 0.6785714285714286}, ""y1_a0"": {""n"": 9, ""accuracy"": 0.6666666666666666}, ""y1_a1"": {""n"": 64, ""accuracy"": 0.890625}}",0.29056860574476057
corr,ruler_fixed,dinov2_b14_224,balanced,0.75,42,test_rev,0.7446149377995062,0.8028455284552847,0.8810004033884631,356,73,252,0.6573033707865169,0.677719153879665,0.6056910569105691,"{""y0_a0"": {""n"": 37, ""accuracy"": 0.8918918918918919}, ""y0_a1"": {""n"": 246, ""accuracy"": 0.6056910569105691}, ""y1_a0"": {""n"": 67, ""accuracy"": 0.7014925373134329}, ""y1_a1"": {""n"": 6, ""accuracy"": 0.8333333333333334}}",0.29056860574476057
corr,ruler_fixed,dinov2_b14_224,dfr,0.75,42,clean,0.7288832954160415,,0.7288832954160415,356,73,0,0.6966292134831461,0.6617938912822499,,"{""y0_a0"": {""n"": 283, ""accuracy"": 0.7208480565371025}, ""y0_a1"": {""n"": 0, ""accuracy"": NaN}, ""y1_a0"": {""n"": 73, ""accuracy"": 0.6027397260273972}, ""y1_a1"": {""n"": 0, ""accuracy"": NaN}}",0.5375287954534199
corr,ruler_fixed,dinov2_b14_224,dfr,0.75,42,test_corr,0.7261726124207367,0.7751116071428572,0.6270152505446623,356,73,92,0.6882022471910112,0.6463284766929667,0.4444444444444444,"{""y0_a0"": {""n"": 255, ""accuracy"": 0.7098039215686275}, ""y0_a1"": {""n"": 28, ""accuracy"": 0.7857142857142857}, ""y1_a0"": {""n"": 9, ""accuracy"": 0.4444444444444444}, ""y1_a1"": {""n"": 64, ""accuracy"": 0.59375}}",0.5375287954534199
corr,ruler_fixed,dinov2_b14_224,dfr,0.75,42,test_rev,0.7239943850137954,0.6504065040650406,0.7152077450584913,356,73,252,0.6910112359550562,0.6582603223776562,0.5,"{""y0_a0"": {""n"": 37, ""accuracy"": 0.6216216216216216}, ""y0_a1"": {""n"": 246, ""accuracy"": 0.7276422764227642}, ""y1_a0"": {""n"": 67, ""accuracy"": 0.6119402985074627}, ""y1_a1"": {""n"": 6, ""accuracy"": 0.5}}",0.5375287954534199
corr,ruler_fixed,dinov2_b14_224,leace,0.75,42,clean,0.8299046420446294,,0.8299046420446294,356,73,0,0.8033707865168539,0.6933539861561547,,"{""y0_a0"": {""n"": 283, ""accuracy"": 0.8798586572438163}, ""y0_a1"": {""n"": 0, ""accuracy"": NaN}, ""y1_a0"": {""n"": 73, ""accuracy"": 0.5068493150684932}, ""y1_a1"": {""n"": 0, ""accuracy"": NaN}}",0.6394430451011487
corr,ruler_fixed,dinov2_b14_224,leace,0.75,42,test_corr,0.8304370976329929,0.8722098214285714,0.8431372549019607,356,73,92,0.800561797752809,0.6814221404714652,0.46875,"{""y0_a0"": {""n"": 255, ""accuracy"": 0.8745098039215686}, ""y0_a1"": {""n"": 28, ""accuracy"": 0.9642857142857143}, ""y1_a0"": {""n"": 9, ""accuracy"": 0.5555555555555556}, ""y1_a1"": {""n"": 64, ""accuracy"": 0.46875}}",0.6394430451011487
corr,ruler_fixed,dinov2_b14_224,leace,0.75,42,test_rev,0.8252577569098214,0.7134146341463414,0.891085114965712,356,73,252,0.8089887640449438,0.6968875550607483,0.16666666666666666,"{""y0_a0"": {""n"": 37, ""accuracy"": 0.9459459459459459}, ""y0_a1"": {""n"": 246, ""accuracy"": 0.8780487804878049}, ""y1_a0"": {""n"": 67, ""accuracy"": 0.5373134328358209}, ""y1_a1"": {""n"": 6, ""accuracy"": 0.16666666666666666}}",0.6394430451011487
corr,ruler_fixed,dinov2_b14_224,umte_protect,0.75,42,clean,0.7779660196524517,,0.7779660196524517,356,73,0,0.7528089887640449,0.7174597027929716,,"{""y0_a0"": {""n"": 283, ""accuracy"": 0.7773851590106007}, ""y0_a1"": {""n"": 0, ""accuracy"": NaN}, ""y1_a0"": {""n"": 73, ""accuracy"": 0.6575342465753424}, ""y1_a1"": {""n"": 0, ""accuracy"": NaN}}",0.19590252113435389
corr,ruler_fixed,dinov2_b14_224,umte_protect,0.75,42,test_corr,0.9392032528195944,0.7483258928571428,0.8514161220043572,356,73,92,0.7668539325842697,0.8482743598431677,0.10714285714285714,"{""y0_a0"": {""n"": 255, ""accuracy"": 0.7764705882352941}, ""y0_a1"": {""n"": 28, ""accuracy"": 0.10714285714285714}, ""y1_a0"": {""n"": 9, ""accuracy"": 0.8888888888888888}, ""y1_a1"": {""n"": 64, ""accuracy"": 1.0}}",0.19590252113435389
corr,ruler_fixed,dinov2_b14_224,umte_protect,0.75,42,test_rev,0.37731739193571806,0.7906504065040649,0.8164582492940702,356,73,252,0.2696629213483146,0.4186553076141149,0.06504065040650407,"{""y0_a0"": {""n"": 37, ""accuracy"": 0.8378378378378378}, ""y0_a1"": {""n"": 246, ""accuracy"": 0.06504065040650407}, ""y1_a0"": {""n"": 67, ""accuracy"": 0.6417910447761194}, ""y1_a1"": {""n"": 6, ""accuracy"": 1.0}}",0.19590252113435389
corr,ruler_fixed,dinov2_b14_224,umte_protect_balanced,0.75,42,clean,0.7863884989592913,,0.7863884989592913,356,73,0,0.7808988764044944,0.6995498330025655,,"{""y0_a0"": {""n"": 283, ""accuracy"": 0.8374558303886925}, ""y0_a1"": {""n"": 0, ""accuracy"": NaN}, ""y1_a0"": {""n"": 73, ""accuracy"": 0.5616438356164384}, ""y1_a1"": {""n"": 0, ""accuracy"": NaN}}",0.4298636573556585
corr,ruler_fixed,dinov2_b14_224,umte_protect_balanced,0.75,42,test_corr,0.8502831695629024,0.78515625,0.8906318082788671,356,73,92,0.7865168539325843,0.7335785856043371,0.640625,"{""y0_a0"": {""n"": 255, ""accuracy"": 0.8352941176470589}, ""y0_a1"": {""n"": 28, ""accuracy"": 0.7142857142857143}, ""y1_a0"": {""n"": 9, ""accuracy"": 0.6666666666666666}, ""y1_a1"": {""n"": 64, ""accuracy"": 0.640625}}",0.4298636573556585
corr,ruler_fixed,dinov2_b14_224,umte_protect_balanced,0.75,42,test_rev,0.6841570259935137,0.787940379403794,0.8317870108914885,356,73,252,0.6713483146067416,0.6357277699791858,0.5522388059701493,"{""y0_a0"": {""n"": 37, ""accuracy"": 0.8378378378378378}, ""y0_a1"": {""n"": 246, ""accuracy"": 0.6747967479674797}, ""y1_a0"": {""n"": 67, ""accuracy"": 0.5522388059701493}, ""y1_a1"": {""n"": 6, ""accuracy"": 0.8333333333333334}}",0.4298636573556585
corr,ruler_fixed,dinov2_b14_224,i2e,0.75,42,clean,0.8122367975216612,,0.8122367975216612,356,73,0,0.797752808988764,0.7406457234135244,,"{""y0_a0"": {""n"": 283, ""accuracy"": 0.8374558303886925}, ""y0_a1"": {""n"": 0, ""accuracy"": NaN}, ""y1_a0"": {""n"": 73, ""accuracy"": 0.6438356164383562}, ""y1_a1"": {""n"": 0, ""accuracy"": NaN}}",0.531219199778555
corr,ruler_fixed,dinov2_b14_224,i2e,0.75,42,test_corr,0.8376494506026428,0.8755580357142857,0.8422657952069716,356,73,92,0.7921348314606742,0.7371121545089308,0.640625,"{""y0_a0"": {""n"": 255, ""accuracy"": 0.8235294117647058}, ""y0_a1"": {""n"": 28, ""accuracy"": 0.8928571428571429}, ""y1_a0"": {""n"": 9, ""accuracy"": 0.6666666666666666}, ""y1_a1"": {""n"": 64, ""accuracy"": 0.640625}}",0.531219199778555
corr,ruler_fixed,dinov2_b14_224,i2e,0.75,42,test_rev,0.7864853090662666,0.6917344173441735,0.8717224687373941,356,73,252,0.7808988764044944,0.7249624860835471,0.3333333333333333,"{""y0_a0"": {""n"": 37, ""accuracy"": 0.918918918918919}, ""y0_a1"": {""n"": 246, ""accuracy"": 0.8048780487804879}, ""y1_a0"": {""n"": 67, ""accuracy"": 0.6567164179104478}, ""y1_a1"": {""n"": 6, ""accuracy"": 0.3333333333333333}}",0.531219199778555
corr,ruler_fixed,dinov2_b14_224,i2e_balanced,0.75,42,clean,0.8350839827678009,,0.8350839827678009,356,73,0,0.7668539325842697,0.76187133936783,,"{""y0_a0"": {""n"": 283, ""accuracy"": 0.7703180212014135}, ""y0_a1"": {""n"": 0, ""accuracy"": NaN}, ""y1_a0"": {""n"": 73, ""accuracy"": 0.7534246575342466}, ""y1_a1"": {""n"": 0, ""accuracy"": NaN}}",0.3985157662818579
corr,ruler_fixed,dinov2_b14_224,i2e_balanced,0.75,42,test_corr,0.8374558303886924,0.8928571428571428,0.8470588235294118,356,73,92,0.7752808988764045,0.7824192845733094,0.7607843137254902,"{""y0_a0"": {""n"": 255, ""accuracy"": 0.7607843137254902}, ""y0_a1"": {""n"": 28, ""accuracy"": 0.8571428571428571}, ""y1_a0"": {""n"": 9, ""accuracy"": 0.7777777777777778}, ""y1_a1"": {""n"": 64, ""accuracy"": 0.796875}}",0.3985157662818579
corr,ruler_fixed,dinov2_b14_224,i2e_balanced,0.75,42,test_rev,0.8363909192119656,0.7926829268292683,0.8749495764421137,356,73,252,0.7668539325842697,0.76187133936783,0.746268656716418,"{""y0_a0"": {""n"": 37, ""accuracy"": 0.8378378378378378}, ""y0_a1"": {""n"": 246, ""accuracy"": 0.7601626016260162}, ""y1_a0"": {""n"": 67, ""accuracy"": 0.746268656716418}, ""y1_a1"": {""n"": 6, ""accuracy"": 0.8333333333333334}}",0.3985157662818579
corr,ruler_fixed,dinov2_b14_224,i2e_rank1,0.75,42,clean,0.8023621666101941,,0.8023621666101941,356,73,0,0.7471910112359551,0.7240911951207706,,"{""y0_a0"": {""n"": 283, ""accuracy"": 0.7632508833922261}, ""y0_a1"": {""n"": 0, ""accuracy"": NaN}, ""y1_a0"": {""n"": 73, ""accuracy"": 0.684931506849315}, ""y1_a1"": {""n"": 0, ""accuracy"": NaN}}",0.4632876153559936
corr,ruler_fixed,dinov2_b14_224,i2e_rank1,0.75,42,test_corr,0.8315020088097197,0.8113839285714285,0.8553376906318083,356,73,92,0.7387640449438202,0.7187908417638802,0.6428571428571429,"{""y0_a0"": {""n"": 255, ""accuracy"": 0.7647058823529411}, ""y0_a1"": {""n"": 28, ""accuracy"": 0.6428571428571429}, ""y1_a0"": {""n"": 9, ""accuracy"": 0.7777777777777778}, ""y1_a1"": {""n"": 64, ""accuracy"": 0.671875}}",0.4632876153559936
corr,ruler_fixed,dinov2_b14_224,i2e_rank1,0.75,42,test_rev,0.7674137179921584,0.6422764227642276,0.8503428801936265,356,73,252,0.7050561797752809,0.6975894283363183,0.3333333333333333,"{""y0_a0"": {""n"": 37, ""accuracy"": 0.8378378378378378}, ""y0_a1"": {""n"": 246, ""accuracy"": 0.6910569105691057}, ""y1_a0"": {""n"": 67, ""accuracy"": 0.7164179104477612}, ""y1_a1"": {""n"": 6, ""accuracy"": 0.3333333333333333}}",0.4632876153559936
corr,ruler_fixed,dinov2_b14_224,insert_aug,0.75,42,clean,0.8253545670167967,,0.8253545670167967,356,73,0,0.7865168539325843,0.7284960549881407,,"{""y0_a0"": {""n"": 283, ""accuracy"": 0.8268551236749117}, ""y0_a1"": {""n"": 0, ""accuracy"": NaN}, ""y1_a0"": {""n"": 73, ""accuracy"": 0.6301369863013698}, ""y1_a1"": {""n"": 0, ""accuracy"": NaN}}",0.21393606952272262
corr,ruler_fixed,dinov2_b14_224,insert_aug,0.75,42,test_corr,0.9521274021007794,0.8861607142857143,0.8793028322440086,356,73,92,0.8174157303370787,0.8648288881359214,0.4642857142857143,"{""y0_a0"": {""n"": 255, ""accuracy"": 0.8196078431372549}, ""y0_a1"": {""n"": 28, ""accuracy"": 0.4642857142857143}, ""y1_a0"": {""n"": 9, ""accuracy"": 0.7777777777777778}, ""y1_a1"": {""n"": 64, ""accuracy"": 0.96875}}",0.21393606952272262
corr,ruler_fixed,dinov2_b14_224,insert_aug,0.75,42,test_rev,0.5589331526211336,0.7682926829268293,0.8918918918918919,356,73,252,0.45786516853932585,0.5370298659180018,0.32926829268292684,"{""y0_a0"": {""n"": 37, ""accuracy"": 0.8918918918918919}, ""y0_a1"": {""n"": 246, ""accuracy"": 0.32926829268292684}, ""y1_a0"": {""n"": 67, ""accuracy"": 0.6417910447761194}, ""y1_a1"": {""n"": 6, ""accuracy"": 1.0}}",0.21393606952272262
corr,ruler_fixed,dinov2_b14_224,mte,0.75,42,clean,0.7575390870806913,,0.7575390870806913,356,73,0,0.75,0.7156929183406747,,"{""y0_a0"": {""n"": 283, ""accuracy"": 0.773851590106007}, ""y0_a1"": {""n"": 0, ""accuracy"": NaN}, ""y1_a0"": {""n"": 73, ""accuracy"": 0.6575342465753424}, ""y1_a1"": {""n"": 0, ""accuracy"": NaN}}",0.3950926133320842
corr,ruler_fixed,dinov2_b14_224,mte,0.75,42,test_corr,0.8411346144537489,0.8041294642857143,0.7673202614379085,356,73,92,0.7612359550561798,0.768502831695629,0.6071428571428571,"{""y0_a0"": {""n"": 255, ""accuracy"": 0.7725490196078432}, ""y0_a1"": {""n"": 28, ""accuracy"": 0.6071428571428571}, ""y1_a0"": {""n"": 9, ""accuracy"": 0.6666666666666666}, ""y1_a1"": {""n"": 64, ""accuracy"": 0.796875}}",0.3950926133320842
corr,ruler_fixed,dinov2_b14_224,mte,0.75,42,test_rev,0.6637300934217533,0.8753387533875339,0.7793465106897943,356,73,252,0.6179775280898876,0.6326540490827242,0.5772357723577236,"{""y0_a0"": {""n"": 37, ""accuracy"": 0.8108108108108109}, ""y0_a1"": {""n"": 246, ""accuracy"": 0.5772357723577236}, ""y1_a0"": {""n"": 67, ""accuracy"": 0.6268656716417911}, ""y1_a1"": {""n"": 6, ""accuracy"": 1.0}}",0.3950926133320842
corr,ruler_fixed,dinov2_b14_224,mte_balanced,0.75,42,clean,0.7568130112783774,,0.7568130112783774,356,73,0,0.6910112359550562,0.6785904448424416,,"{""y0_a0"": {""n"": 283, ""accuracy"": 0.6996466431095406}, ""y0_a1"": {""n"": 0, ""accuracy"": NaN}, ""y1_a0"": {""n"": 73, ""accuracy"": 0.6575342465753424}, ""y1_a1"": {""n"": 0, ""accuracy"": NaN}}",0.34313123967987985
corr,ruler_fixed,dinov2_b14_224,mte_balanced,0.75,42,test_corr,0.7865821191732416,0.7907366071428571,0.7594771241830065,356,73,92,0.6910112359550562,0.6887555060748343,0.671875,"{""y0_a0"": {""n"": 255, ""accuracy"": 0.6941176470588235}, ""y0_a1"": {""n"": 28, ""accuracy"": 0.6785714285714286}, ""y1_a0"": {""n"": 9, ""accuracy"": 0.7777777777777778}, ""y1_a1"": {""n"": 64, ""accuracy"": 0.671875}}",0.34313123967987985
corr,ruler_fixed,dinov2_b14_224,mte_balanced,0.75,42,test_rev,0.7337238007647998,0.8421409214092141,0.7874142799515934,356,73,252,0.6741573033707865,0.6679897381286606,0.6417910447761194,"{""y0_a0"": {""n"": 37, ""accuracy"": 0.8378378378378378}, ""y0_a1"": {""n"": 246, ""accuracy"": 0.6544715447154471}, ""y1_a0"": {""n"": 67, ""accuracy"": 0.6417910447761194}, ""y1_a1"": {""n"": 6, ""accuracy"": 0.8333333333333334}}",0.34313123967987985
corr,ruler_fixed,dinov2_b14_224,ui2e,0.75,42,clean,0.8156251512657922,,0.8156251512657922,356,73,0,0.6882022471910112,0.7073188440873227,,"{""y0_a0"": {""n"": 283, ""accuracy"": 0.6749116607773852}, ""y0_a1"": {""n"": 0, ""accuracy"": NaN}, ""y1_a0"": {""n"": 73, ""accuracy"": 0.7397260273972602}, ""y1_a1"": {""n"": 0, ""accuracy"": NaN}}",0.2341579908055634
corr,ruler_fixed,dinov2_b14_224,ui2e,0.75,42,test_corr,0.9212933830291883,0.8364955357142858,0.8505446623093682,356,73,92,0.7050561797752809,0.8094051018926376,0.32142857142857145,"{""y0_a0"": {""n"": 255, ""accuracy"": 0.6666666666666666}, ""y0_a1"": {""n"": 28, ""accuracy"": 0.32142857142857145}, ""y1_a0"": {""n"": 9, ""accuracy"": 0.8888888888888888}, ""y1_a1"": {""n"": 64, ""accuracy"": 1.0}}",0.2341579908055634
corr,ruler_fixed,dinov2_b14_224,ui2e,0.75,42,test_rev,0.6284912144827919,0.712059620596206,0.872529245663574,356,73,252,0.4353932584269663,0.5584733046130016,0.2886178861788618,"{""y0_a0"": {""n"": 37, ""accuracy"": 0.7567567567567568}, ""y0_a1"": {""n"": 246, ""accuracy"": 0.2886178861788618}, ""y1_a0"": {""n"": 67, ""accuracy"": 0.746268656716418}, ""y1_a1"": {""n"": 6, ""accuracy"": 1.0}}",0.2341579908055634
corr,ruler_fixed,dinov2_b14_224,ui2e_balanced,0.75,42,clean,0.8270971489423496,,0.8270971489423496,356,73,0,0.7078651685393258,0.7400164577181858,,"{""y0_a0"": {""n"": 283, ""accuracy"": 0.6855123674911661}, ""y0_a1"": {""n"": 0, ""accuracy"": NaN}, ""y1_a0"": {""n"": 73, ""accuracy"": 0.7945205479452054}, ""y1_a1"": {""n"": 0, ""accuracy"": NaN}}",0.27596447108886785
corr,ruler_fixed,dinov2_b14_224,ui2e_balanced,0.75,42,test_corr,0.865918001839392,0.8755580357142857,0.8596949891067538,356,73,92,0.702247191011236,0.7669780725107701,0.5357142857142857,"{""y0_a0"": {""n"": 255, ""accuracy"": 0.6705882352941176}, ""y0_a1"": {""n"": 28, ""accuracy"": 0.5357142857142857}, ""y1_a0"": {""n"": 9, ""accuracy"": 0.8888888888888888}, ""y1_a1"": {""n"": 64, ""accuracy"": 0.875}}",0.27596447108886785
corr,ruler_fixed,dinov2_b14_224,ui2e_balanced,0.75,42,test_rev,0.790599738612711,0.7926829268292683,0.8668818071803147,356,73,252,0.6264044943820225,0.688779708601578,0.5528455284552846,"{""y0_a0"": {""n"": 37, ""accuracy"": 0.7837837837837838}, ""y0_a1"": {""n"": 246, ""accuracy"": 0.5528455284552846}, ""y1_a0"": {""n"": 67, ""accuracy"": 0.7910447761194029}, ""y1_a1"": {""n"": 6, ""accuracy"": 0.8333333333333334}}",0.27596447108886785
corr,ruler_fixed,dinov2_b14_224,umte,0.75,42,clean,0.7723026283944043,,0.7723026283944043,356,73,0,0.7780898876404494,0.6622053342368943,,"{""y0_a0"": {""n"": 283, ""accuracy"": 0.8586572438162544}, ""y0_a1"": {""n"": 0, ""accuracy"": NaN}, ""y1_a0"": {""n"": 73, ""accuracy"": 0.4657534246575342}, ""y1_a1"": {""n"": 0, ""accuracy"": NaN}}",0.3404936457744368
corr,ruler_fixed,dinov2_b14_224,umte,0.75,42,test_corr,0.9402197589428336,0.7907366071428571,0.7956427015250545,356,73,92,0.8146067415730337,0.8579795730674282,0.10714285714285714,"{""y0_a0"": {""n"": 255, ""accuracy"": 0.8588235294117647}, ""y0_a1"": {""n"": 28, ""accuracy"": 0.10714285714285714}, ""y1_a0"": {""n"": 9, ""accuracy"": 0.4444444444444444}, ""y1_a1"": {""n"": 64, ""accuracy"": 1.0}}",0.3404936457744368
corr,ruler_fixed,dinov2_b14_224,umte,0.75,42,test_rev,0.36202139503364145,0.8455284552845528,0.7829770068576039,356,73,252,0.27808988764044945,0.3629652935766494,0.11788617886178862,"{""y0_a0"": {""n"": 37, ""accuracy"": 0.8918918918918919}, ""y0_a1"": {""n"": 246, ""accuracy"": 0.11788617886178862}, ""y1_a0"": {""n"": 67, ""accuracy"": 0.4626865671641791}, ""y1_a1"": {""n"": 6, ""accuracy"": 1.0}}",0.3404936457744368
corr,ruler_fixed,dinov2_b14_224,umte_balanced,0.75,42,clean,0.7911321942010746,,0.7911321942010746,356,73,0,0.7724719101123596,0.7044145408780678,,"{""y0_a0"": {""n"": 283, ""accuracy"": 0.8197879858657244}, ""y0_a1"": {""n"": 0, ""accuracy"": NaN}, ""y1_a0"": {""n"": 73, ""accuracy"": 0.589041095890411}, ""y1_a1"": {""n"": 0, ""accuracy"": NaN}}",0.4193540641373006
corr,ruler_fixed,dinov2_b14_224,umte_balanced,0.75,42,test_corr,0.8640786098068638,0.8125,0.8296296296296296,356,73,92,0.7921348314606742,0.7676073382061087,0.5555555555555556,"{""y0_a0"": {""n"": 255, ""accuracy"": 0.8196078431372549}, ""y0_a1"": {""n"": 28, ""accuracy"": 0.7142857142857143}, ""y1_a0"": {""n"": 9, ""accuracy"": 0.5555555555555556}, ""y1_a1"": {""n"": 64, ""accuracy"": 0.75}}",0.4193540641373006
corr,ruler_fixed,dinov2_b14_224,umte_balanced,0.75,42,test_rev,0.694709327653807,0.8462059620596206,0.800726099233562,356,73,252,0.6797752808988764,0.6461106539522726,0.5671641791044776,"{""y0_a0"": {""n"": 37, ""accuracy"": 0.8648648648648649}, ""y0_a1"": {""n"": 246, ""accuracy"": 0.6788617886178862}, ""y1_a0"": {""n"": 67, ""accuracy"": 0.5671641791044776}, ""y1_a1"": {""n"": 6, ""accuracy"": 0.8333333333333334}}",0.4193540641373006
corr,ruler_fixed,dinov2_b14_224,erm,0.75,123,clean,0.7962631298707585,,0.7962631298707585,356,73,0,0.7808988764044944,0.7249624860835471,,"{""y0_a0"": {""n"": 283, ""accuracy"": 0.8197879858657244}, ""y0_a1"": {""n"": 0, ""accuracy"": NaN}, ""y1_a0"": {""n"": 73, ""accuracy"": 0.6301369863013698}, ""y1_a1"": {""n"": 0, ""accuracy"": NaN}}",0.21011368836177702
corr,ruler_fixed,dinov2_b14_224,erm,0.75,123,test_corr,0.9448182390241542,0.8090185676392573,0.8262795275590551,356,73,94,0.7893258426966292,0.8471610436129532,0.13793103448275862,"{""y0_a0"": {""n"": 254, ""accuracy"": 0.8188976377952756}, ""y0_a1"": {""n"": 29, ""accuracy"": 0.13793103448275862}, ""y1_a0"": {""n"": 8, ""accuracy"": 0.625}, ""y1_a1"": {""n"": 65, ""accuracy"": 0.9846153846153847}}",0.21011368836177702
corr,ruler_fixed,dinov2_b14_224,erm,0.75,123,test_rev,0.3748487342078513,0.7475868725868726,0.7141025641025641,356,73,267,0.300561797752809,0.4330074059731836,0.16602316602316602,"{""y0_a0"": {""n"": 24, ""accuracy"": 0.6666666666666666}, ""y0_a1"": {""n"": 259, ""accuracy"": 0.16602316602316602}, ""y1_a0"": {""n"": 65, ""accuracy"": 0.6153846153846154}, ""y1_a1"": {""n"": 8, ""accuracy"": 1.0}}",0.21011368836177702
corr,ruler_fixed,dinov2_b14_224,mask,0.75,123,clean,0.7654291107991674,,0.7654291107991674,356,73,0,0.7808988764044944,0.6588895880729948,,"{""y0_a0"": {""n"": 283, ""accuracy"": 0.8657243816254417}, ""y0_a1"": {""n"": 0, ""accuracy"": NaN}, ""y1_a0"": {""n"": 73, ""accuracy"": 0.4520547945205479}, ""y1_a1"": {""n"": 0, ""accuracy"": NaN}}",0.2362887630297066
corr,ruler_fixed,dinov2_b14_224,mask,0.75,123,test_corr,0.9367345950917276,0.7724137931034483,0.7130905511811023,356,73,94,0.8174157303370787,0.8597463575197251,0.10344827586206896,"{""y0_a0"": {""n"": 254, ""accuracy"": 0.8661417322834646}, ""y0_a1"": {""n"": 29, ""accuracy"": 0.10344827586206896}, ""y1_a0"": {""n"": 8, ""accuracy"": 0.5}, ""y1_a1"": {""n"": 65, ""accuracy"": 0.9846153846153847}}",0.2362887630297066
corr,ruler_fixed,dinov2_b14_224,mask,0.75,123,test_rev,0.2653080981654485,0.5550193050193051,0.7384615384615385,356,73,267,0.21629213483146068,0.3240960356261194,0.08108108108108109,"{""y0_a0"": {""n"": 24, ""accuracy"": 0.7916666666666666}, ""y0_a1"": {""n"": 259, ""accuracy"": 0.08108108108108109}, ""y1_a0"": {""n"": 65, ""accuracy"": 0.4461538461538462}, ""y1_a1"": {""n"": 8, ""accuracy"": 1.0}}",0.2362887630297066
corr,ruler_fixed,dinov2_b14_224,balanced,0.75,123,clean,0.8066218113171014,,0.8066218113171014,356,73,0,0.7443820224719101,0.6969117575874921,,"{""y0_a0"": {""n"": 283, ""accuracy"": 0.7773851590106007}, ""y0_a1"": {""n"": 0, ""accuracy"": NaN}, ""y1_a0"": {""n"": 73, ""accuracy"": 0.6164383561643836}, ""y1_a1"": {""n"": 0, ""accuracy"": NaN}}",0.34092139367688973
corr,ruler_fixed,dinov2_b14_224,balanced,0.75,123,test_corr,0.8773415944624618,0.8376657824933686,0.7878937007874016,356,73,94,0.7640449438202247,0.7753521467641222,0.5,"{""y0_a0"": {""n"": 254, ""accuracy"": 0.7677165354330708}, ""y0_a1"": {""n"": 29, ""accuracy"": 0.6551724137931034}, ""y1_a0"": {""n"": 8, ""accuracy"": 0.5}, ""y1_a1"": {""n"": 65, ""accuracy"": 0.8307692307692308}}",0.34092139367688973
corr,ruler_fixed,dinov2_b14_224,balanced,0.75,123,test_rev,0.7025509463187957,0.8648648648648649,0.7365384615384616,356,73,267,0.6348314606741573,0.6330896945641125,0.6,"{""y0_a0"": {""n"": 24, ""accuracy"": 0.6666666666666666}, ""y0_a1"": {""n"": 259, ""accuracy"": 0.6332046332046332}, ""y1_a0"": {""n"": 65, ""accuracy"": 0.6}, ""y1_a1"": {""n"": 8, ""accuracy"": 0.875}}",0.34092139367688973
corr,ruler_fixed,dinov2_b14_224,dfr,0.75,123,clean,0.762331187375962,,0.762331187375962,356,73,0,0.6966292134831461,0.6821240137470352,,"{""y0_a0"": {""n"": 283, ""accuracy"": 0.7067137809187279}, ""y0_a1"": {""n"": 0, ""accuracy"": NaN}, ""y1_a0"": {""n"": 73, ""accuracy"": 0.6575342465753424}, ""y1_a1"": {""n"": 0, ""accuracy"": NaN}}",0.5330174743635748
corr,ruler_fixed,dinov2_b14_224,dfr,0.75,123,test_corr,0.7687690594898108,0.7824933687002652,0.6998031496062991,356,73,94,0.6938202247191011,0.6803572292947384,0.6461538461538462,"{""y0_a0"": {""n"": 254, ""accuracy"": 0.6929133858267716}, ""y0_a1"": {""n"": 29, ""accuracy"": 0.7931034482758621}, ""y1_a0"": {""n"": 8, ""accuracy"": 0.75}, ""y1_a1"": {""n"": 65, ""accuracy"": 0.6461538461538462}}",0.5330174743635748
corr,ruler_fixed,dinov2_b14_224,dfr,0.75,123,test_rev,0.740452103199574,0.7277992277992278,0.7000000000000001,356,73,267,0.6741573033707865,0.6730722687448569,0.5,"{""y0_a0"": {""n"": 24, ""accuracy"": 0.5833333333333334}, ""y0_a1"": {""n"": 259, ""accuracy"": 0.6833976833976834}, ""y1_a0"": {""n"": 65, ""accuracy"": 0.6923076923076923}, ""y1_a1"": {""n"": 8, ""accuracy"": 0.5}}",0.5330174743635748
corr,ruler_fixed,dinov2_b14_224,leace,0.75,123,clean,0.8299046420446294,,0.8299046420446294,356,73,0,0.797752808988764,0.6898204172515611,,"{""y0_a0"": {""n"": 283, ""accuracy"": 0.872791519434629}, ""y0_a1"": {""n"": 0, ""accuracy"": NaN}, ""y1_a0"": {""n"": 73, ""accuracy"": 0.5068493150684932}, ""y1_a1"": {""n"": 0, ""accuracy"": NaN}}",0.6185513983897515
corr,ruler_fixed,dinov2_b14_224,leace,0.75,123,test_corr,0.8284524904400019,0.8822281167108754,0.7878937007874015,356,73,94,0.8033707865168539,0.7035190473885473,0.375,"{""y0_a0"": {""n"": 254, ""accuracy"": 0.8622047244094488}, ""y0_a1"": {""n"": 29, ""accuracy"": 0.9655172413793104}, ""y1_a0"": {""n"": 8, ""accuracy"": 0.375}, ""y1_a1"": {""n"": 65, ""accuracy"": 0.5538461538461539}}",0.6185513983897515
corr,ruler_fixed,dinov2_b14_224,leace,0.75,123,test_rev,0.8264678832470109,0.8918918918918919,0.7628205128205129,356,73,267,0.7865168539325843,0.6827532794423739,0.5,"{""y0_a0"": {""n"": 24, ""accuracy"": 0.7916666666666666}, ""y0_a1"": {""n"": 259, ""accuracy"": 0.8648648648648649}, ""y1_a0"": {""n"": 65, ""accuracy"": 0.5076923076923077}, ""y1_a1"": {""n"": 8, ""accuracy"": 0.5}}",0.6185513983897515
corr,ruler_fixed,dinov2_b14_224,umte_protect,0.75,123,clean,0.7693015150781741,,0.7693015150781741,356,73,0,0.7415730337078652,0.6951449731351953,,"{""y0_a0"": {""n"": 283, ""accuracy"": 0.773851590106007}, ""y0_a1"": {""n"": 0, ""accuracy"": NaN}, ""y1_a0"": {""n"": 73, ""accuracy"": 0.6164383561643836}, ""y1_a1"": {""n"": 0, ""accuracy"": NaN}}",0.21592988834321386
corr,ruler_fixed,dinov2_b14_224,umte_protect,0.75,123,test_corr,0.9316520644755312,0.7618037135278514,0.7204724409448818,356,73,94,0.75,0.827508591896994,0.06896551724137931,"{""y0_a0"": {""n"": 254, ""accuracy"": 0.7677165354330708}, ""y0_a1"": {""n"": 29, ""accuracy"": 0.06896551724137931}, ""y1_a0"": {""n"": 8, ""accuracy"": 0.625}, ""y1_a1"": {""n"": 65, ""accuracy"": 1.0}}",0.21592988834321386
corr,ruler_fixed,dinov2_b14_224,umte_protect,0.75,123,test_rev,0.3166658599157752,0.5337837837837839,0.7282051282051282,356,73,267,0.25280898876404495,0.4029720702841376,0.09652509652509653,"{""y0_a0"": {""n"": 24, ""accuracy"": 0.7083333333333334}, ""y0_a1"": {""n"": 259, ""accuracy"": 0.09652509652509653}, ""y1_a0"": {""n"": 65, ""accuracy"": 0.6153846153846154}, ""y1_a1"": {""n"": 8, ""accuracy"": 1.0}}",0.21592988834321386
corr,ruler_fixed,dinov2_b14_224,umte_protect_balanced,0.75,123,clean,0.78561401810349,,0.78561401810349,356,73,0,0.75,0.7156929183406747,,"{""y0_a0"": {""n"": 283, ""accuracy"": 0.773851590106007}, ""y0_a1"": {""n"": 0, ""accuracy"": NaN}, ""y1_a0"": {""n"": 73, ""accuracy"": 0.6575342465753424}, ""y1_a1"": {""n"": 0, ""accuracy"": NaN}}",0.33548394126312164
corr,ruler_fixed,dinov2_b14_224,umte_protect_balanced,0.75,123,test_corr,0.8603030156348324,0.7978779840848808,0.7249015748031495,356,73,94,0.7640449438202247,0.7804346773803186,0.5862068965517241,"{""y0_a0"": {""n"": 254, ""accuracy"": 0.7716535433070866}, ""y0_a1"": {""n"": 29, ""accuracy"": 0.5862068965517241}, ""y1_a0"": {""n"": 8, ""accuracy"": 0.625}, ""y1_a1"": {""n"": 65, ""accuracy"": 0.8307692307692308}}",0.33548394126312164
corr,ruler_fixed,dinov2_b14_224,umte_protect_balanced,0.75,123,test_rev,0.6713296868193037,0.6515444015444015,0.7205128205128206,356,73,267,0.601123595505618,0.6373009342175323,0.5637065637065637,"{""y0_a0"": {""n"": 24, ""accuracy"": 0.7083333333333334}, ""y0_a1"": {""n"": 259, ""accuracy"": 0.5637065637065637}, ""y1_a0"": {""n"": 65, ""accuracy"": 0.6923076923076923}, ""y1_a1"": {""n"": 8, ""accuracy"": 0.75}}",0.33548394126312164
corr,ruler_fixed,dinov2_b14_224,i2e,0.75,123,clean,0.8105910257030834,,0.8105910257030834,356,73,0,0.797752808988764,0.7253981315649354,,"{""y0_a0"": {""n"": 283, ""accuracy"": 0.8480565371024735}, ""y0_a1"": {""n"": 0, ""accuracy"": NaN}, ""y1_a0"": {""n"": 73, ""accuracy"": 0.6027397260273972}, ""y1_a1"": {""n"": 0, ""accuracy"": NaN}}",0.5435463644062036
corr,ruler_fixed,dinov2_b14_224,i2e,0.75,123,test_corr,0.8340190715910742,0.8583554376657825,0.7239173228346456,356,73,94,0.8089887640449438,0.752795391838908,0.5,"{""y0_a0"": {""n"": 254, ""accuracy"": 0.84251968503937}, ""y0_a1"": {""n"": 29, ""accuracy"": 0.896551724137931}, ""y1_a0"": {""n"": 8, ""accuracy"": 0.5}, ""y1_a1"": {""n"": 65, ""accuracy"": 0.676923076923077}}",0.5435463644062036
corr,ruler_fixed,dinov2_b14_224,i2e,0.75,123,test_rev,0.7866789292802168,0.8441119691119691,0.7455128205128205,356,73,267,0.7808988764044944,0.7198799554673507,0.6153846153846154,"{""y0_a0"": {""n"": 24, ""accuracy"": 0.7083333333333334}, ""y0_a1"": {""n"": 259, ""accuracy"": 0.833976833976834}, ""y1_a0"": {""n"": 65, ""accuracy"": 0.6153846153846154}, ""y1_a1"": {""n"": 8, ""accuracy"": 0.625}}",0.5435463644062036
corr,ruler_fixed,dinov2_b14_224,i2e_balanced,0.75,123,clean,0.8060893557287381,,0.8060893557287381,356,73,0,0.7780898876404494,0.702865579166465,,"{""y0_a0"": {""n"": 283, ""accuracy"": 0.8303886925795053}, ""y0_a1"": {""n"": 0, ""accuracy"": NaN}, ""y1_a0"": {""n"": 73, ""accuracy"": 0.5753424657534246}, ""y1_a1"": {""n"": 0, ""accuracy"": NaN}}",0.5350991414187926
corr,ruler_fixed,dinov2_b14_224,i2e_balanced,0.75,123,test_corr,0.8059925456217629,0.8519893899204244,0.719488188976378,356,73,94,0.7865168539325843,0.718330993755748,0.375,"{""y0_a0"": {""n"": 254, ""accuracy"": 0.8267716535433071}, ""y0_a1"": {""n"": 29, ""accuracy"": 0.896551724137931}, ""y1_a0"": {""n"": 8, ""accuracy"": 0.375}, ""y1_a1"": {""n"": 65, ""accuracy"": 0.6307692307692307}}",0.5350991414187926
corr,ruler_fixed,dinov2_b14_224,i2e_balanced,0.75,123,test_rev,0.8052180647659616,0.847007722007722,0.7384615384615386,356,73,267,0.7808988764044944,0.7097148942349581,0.5692307692307692,"{""y0_a0"": {""n"": 24, ""accuracy"": 0.7083333333333334}, ""y0_a1"": {""n"": 259, ""accuracy"": 0.8416988416988417}, ""y1_a0"": {""n"": 65, ""accuracy"": 0.5692307692307692}, ""y1_a1"": {""n"": 8, ""accuracy"": 0.75}}",0.5350991414187926
corr,ruler_fixed,dinov2_b14_224,i2e_rank1,0.75,123,clean,0.8009584200590542,,0.8009584200590542,356,73,0,0.7528089887640449,0.7276247640253642,,"{""y0_a0"": {""n"": 283, ""accuracy"": 0.7703180212014135}, ""y0_a1"": {""n"": 0, ""accuracy"": NaN}, ""y1_a0"": {""n"": 73, ""accuracy"": 0.684931506849315}, ""y1_a1"": {""n"": 0, ""accuracy"": NaN}}",0.4671177215482162
corr,ruler_fixed,dinov2_b14_224,i2e_rank1,0.75,123,test_corr,0.8274843893702502,0.8307692307692307,0.6988188976377954,356,73,94,0.7443820224719101,0.7223244106684737,0.5,"{""y0_a0"": {""n"": 254, ""accuracy"": 0.7677165354330708}, ""y0_a1"": {""n"": 29, ""accuracy"": 0.6896551724137931}, ""y1_a0"": {""n"": 8, ""accuracy"": 0.5}, ""y1_a1"": {""n"": 65, ""accuracy"": 0.7076923076923077}}",0.4671177215482162
corr,ruler_fixed,dinov2_b14_224,i2e_rank1,0.75,123,test_rev,0.7646546299433661,0.8663127413127414,0.7474358974358974,356,73,267,0.7078651685393258,0.699356212788615,0.6666666666666666,"{""y0_a0"": {""n"": 24, ""accuracy"": 0.6666666666666666}, ""y0_a1"": {""n"": 259, ""accuracy"": 0.7181467181467182}, ""y1_a0"": {""n"": 65, ""accuracy"": 0.676923076923077}, ""y1_a1"": {""n"": 8, ""accuracy"": 0.75}}",0.4671177215482162
corr,ruler_fixed,dinov2_b14_224,insert_aug,0.75,123,clean,0.8179485938331962,,0.8179485938331962,356,73,0,0.8033707865168539,0.7340142310857254,,"{""y0_a0"": {""n"": 283, ""accuracy"": 0.8515901060070671}, ""y0_a1"": {""n"": 0, ""accuracy"": NaN}, ""y1_a0"": {""n"": 73, ""accuracy"": 0.6164383561643836}, ""y1_a1"": {""n"": 0, ""accuracy"": NaN}}",0.24852678906292705
corr,ruler_fixed,dinov2_b14_224,insert_aug,0.75,123,test_corr,0.9349920131661745,0.8641909814323607,0.7878937007874016,356,73,94,0.8230337078651685,0.8581973958081224,0.3793103448275862,"{""y0_a0"": {""n"": 254, ""accuracy"": 0.8464566929133859}, ""y0_a1"": {""n"": 29, ""accuracy"": 0.3793103448275862}, ""y1_a0"": {""n"": 8, ""accuracy"": 0.5}, ""y1_a1"": {""n"": 65, ""accuracy"": 0.9692307692307692}}",0.24852678906292705
corr,ruler_fixed,dinov2_b14_224,insert_aug,0.75,123,test_rev,0.537247688658696,0.8132239382239381,0.7448717948717949,356,73,267,0.47191011235955055,0.5356987269470933,0.39768339768339767,"{""y0_a0"": {""n"": 24, ""accuracy"": 0.75}, ""y0_a1"": {""n"": 259, ""accuracy"": 0.39768339768339767}, ""y1_a0"": {""n"": 65, ""accuracy"": 0.6}, ""y1_a1"": {""n"": 8, ""accuracy"": 1.0}}",0.24852678906292705
corr,ruler_fixed,dinov2_b14_224,mte,0.75,123,clean,0.756861416331865,,0.756861416331865,356,73,0,0.7556179775280899,0.7192264872452684,,"{""y0_a0"": {""n"": 283, ""accuracy"": 0.7809187279151943}, ""y0_a1"": {""n"": 0, ""accuracy"": NaN}, ""y1_a0"": {""n"": 73, ""accuracy"": 0.6575342465753424}, ""y1_a1"": {""n"": 0, ""accuracy"": NaN}}",0.4039425959664768
corr,ruler_fixed,dinov2_b14_224,mte,0.75,123,test_corr,0.8430224115397646,0.7973474801061008,0.703248031496063,356,73,94,0.7724719101123596,0.7806525001210126,0.625,"{""y0_a0"": {""n"": 254, ""accuracy"": 0.7795275590551181}, ""y0_a1"": {""n"": 29, ""accuracy"": 0.6551724137931034}, ""y1_a0"": {""n"": 8, ""accuracy"": 0.625}, ""y1_a1"": {""n"": 65, ""accuracy"": 0.8153846153846154}}",0.4039425959664768
corr,ruler_fixed,dinov2_b14_224,mte,0.75,123,test_rev,0.6660535359891572,0.5868725868725868,0.7416666666666667,356,73,267,0.6067415730337079,0.6306694418897333,0.5,"{""y0_a0"": {""n"": 24, ""accuracy"": 0.6666666666666666}, ""y0_a1"": {""n"": 259, ""accuracy"": 0.583011583011583}, ""y1_a0"": {""n"": 65, ""accuracy"": 0.6923076923076923}, ""y1_a1"": {""n"": 8, ""accuracy"": 0.5}}",0.4039425959664768
corr,ruler_fixed,dinov2_b14_224,mte_balanced,0.75,123,clean,0.7641221743550026,,0.7641221743550026,356,73,0,0.7134831460674157,0.7028897816932087,,"{""y0_a0"": {""n"": 283, ""accuracy"": 0.7208480565371025}, ""y0_a1"": {""n"": 0, ""accuracy"": NaN}, ""y1_a0"": {""n"": 73, ""accuracy"": 0.684931506849315}, ""y1_a1"": {""n"": 0, ""accuracy"": NaN}}",0.3423049064758584
corr,ruler_fixed,dinov2_b14_224,mte_balanced,0.75,123,test_corr,0.8036691030543589,0.8010610079575596,0.7401574803149606,356,73,94,0.7219101123595506,0.7285202575148846,0.625,"{""y0_a0"": {""n"": 254, ""accuracy"": 0.7204724409448819}, ""y0_a1"": {""n"": 29, ""accuracy"": 0.6896551724137931}, ""y1_a0"": {""n"": 8, ""accuracy"": 0.625}, ""y1_a1"": {""n"": 65, ""accuracy"": 0.7538461538461538}}",0.3423049064758584
corr,ruler_fixed,dinov2_b14_224,mte_balanced,0.75,123,test_rev,0.7405973183600367,0.6071428571428572,0.7512820512820513,356,73,267,0.6544943820224719,0.6657873081949756,0.5,"{""y0_a0"": {""n"": 24, ""accuracy"": 0.625}, ""y0_a1"": {""n"": 259, ""accuracy"": 0.6486486486486487}, ""y1_a0"": {""n"": 65, ""accuracy"": 0.7076923076923077}, ""y1_a1"": {""n"": 8, ""accuracy"": 0.5}}",0.3423049064758584
corr,ruler_fixed,dinov2_b14_224,ui2e,0.75,123,clean,0.8127692531100247,,0.8127692531100247,356,73,0,0.7724719101123596,0.7196621327266566,,"{""y0_a0"": {""n"": 283, ""accuracy"": 0.8091872791519434}, ""y0_a1"": {""n"": 0, ""accuracy"": NaN}, ""y1_a0"": {""n"": 73, ""accuracy"": 0.6301369863013698}, ""y1_a1"": {""n"": 0, ""accuracy"": NaN}}",0.3597087236410045
corr,ruler_fixed,dinov2_b14_224,ui2e,0.75,123,test_corr,0.9115639672781838,0.8562334217506632,0.7229330708661417,356,73,94,0.7808988764044944,0.8062829759426884,0.375,"{""y0_a0"": {""n"": 254, ""accuracy"": 0.7992125984251969}, ""y0_a1"": {""n"": 29, ""accuracy"": 0.4482758620689655}, ""y1_a0"": {""n"": 8, ""accuracy"": 0.375}, ""y1_a1"": {""n"": 65, ""accuracy"": 0.9076923076923077}}",0.3597087236410045
corr,ruler_fixed,dinov2_b14_224,ui2e,0.75,123,test_rev,0.6047243332203882,0.8151544401544402,0.757051282051282,356,73,267,0.5,0.5533665714700615,0.4362934362934363,"{""y0_a0"": {""n"": 24, ""accuracy"": 0.75}, ""y0_a1"": {""n"": 259, ""accuracy"": 0.4362934362934363}, ""y1_a0"": {""n"": 65, ""accuracy"": 0.6153846153846154}, ""y1_a1"": {""n"": 8, ""accuracy"": 0.875}}",0.3597087236410045
corr,ruler_fixed,dinov2_b14_224,ui2e_balanced,0.75,123,clean,0.8023137615567065,,0.8023137615567065,356,73,0,0.7556179775280899,0.74463914032625,,"{""y0_a0"": {""n"": 283, ""accuracy"": 0.7632508833922261}, ""y0_a1"": {""n"": 0, ""accuracy"": NaN}, ""y1_a0"": {""n"": 73, ""accuracy"": 0.726027397260274}, ""y1_a1"": {""n"": 0, ""accuracy"": NaN}}",0.3904297800343205
corr,ruler_fixed,dinov2_b14_224,ui2e_balanced,0.75,123,test_corr,0.842635171111864,0.8541114058355438,0.7081692913385828,356,73,94,0.7528089887640449,0.7479548864901495,0.5,"{""y0_a0"": {""n"": 254, ""accuracy"": 0.7598425196850394}, ""y0_a1"": {""n"": 29, ""accuracy"": 0.7241379310344828}, ""y1_a0"": {""n"": 8, ""accuracy"": 0.5}, ""y1_a1"": {""n"": 65, ""accuracy"": 0.7692307692307693}}",0.3904297800343205
corr,ruler_fixed,dinov2_b14_224,ui2e_balanced,0.75,123,test_rev,0.7577327072946416,0.8643822393822393,0.7371794871794872,356,73,267,0.7078651685393258,0.7196863352534004,0.6988416988416989,"{""y0_a0"": {""n"": 24, ""accuracy"": 0.7083333333333334}, ""y0_a1"": {""n"": 259, ""accuracy"": 0.6988416988416989}, ""y1_a0"": {""n"": 65, ""accuracy"": 0.7230769230769231}, ""y1_a1"": {""n"": 8, ""accuracy"": 0.875}}",0.3904297800343205
corr,ruler_fixed,dinov2_b14_224,umte,0.75,123,clean,0.7526017716249577,,0.7526017716249577,356,73,0,0.6376404494382022,0.660269132097391,,"{""y0_a0"": {""n"": 283, ""accuracy"": 0.6219081272084805}, ""y0_a1"": {""n"": 0, ""accuracy"": NaN}, ""y1_a0"": {""n"": 73, ""accuracy"": 0.6986301369863014}, ""y1_a1"": {""n"": 0, ""accuracy"": NaN}}",0.13270900280326278
corr,ruler_fixed,dinov2_b14_224,umte,0.75,123,test_corr,0.9308291785662424,0.7755968169761273,0.6963582677165354,356,73,94,0.6320224719101124,0.7533036449005276,0.0,"{""y0_a0"": {""n"": 254, ""accuracy"": 0.610236220472441}, ""y0_a1"": {""n"": 29, ""accuracy"": 0.0}, ""y1_a0"": {""n"": 8, ""accuracy"": 0.625}, ""y1_a1"": {""n"": 65, ""accuracy"": 1.0}}",0.13270900280326278
corr,ruler_fixed,dinov2_b14_224,umte,0.75,123,test_rev,0.2919792826371073,0.5347490347490347,0.717948717948718,356,73,267,0.19662921348314608,0.4032140955515756,0.011583011583011582,"{""y0_a0"": {""n"": 24, ""accuracy"": 0.5}, ""y0_a1"": {""n"": 259, ""accuracy"": 0.011583011583011582}, ""y1_a0"": {""n"": 65, ""accuracy"": 0.7230769230769231}, ""y1_a1"": {""n"": 8, ""accuracy"": 1.0}}",0.13270900280326278
corr,ruler_fixed,dinov2_b14_224,umte_balanced,0.75,123,clean,0.7673169078851833,,0.7673169078851833,356,73,0,0.7556179775280899,0.7039788953966795,,"{""y0_a0"": {""n"": 283, ""accuracy"": 0.7915194346289752}, ""y0_a1"": {""n"": 0, ""accuracy"": NaN}, ""y1_a0"": {""n"": 73, ""accuracy"": 0.6164383561643836}, ""y1_a1"": {""n"": 0, ""accuracy"": NaN}}",0.3503721320002267
corr,ruler_fixed,dinov2_b14_224,umte_balanced,0.75,123,test_corr,0.8604966358487826,0.8068965517241379,0.7130905511811023,356,73,94,0.7724719101123596,0.785735030737209,0.5862068965517241,"{""y0_a0"": {""n"": 254, ""accuracy"": 0.7834645669291339}, ""y0_a1"": {""n"": 29, ""accuracy"": 0.5862068965517241}, ""y1_a0"": {""n"": 8, ""accuracy"": 0.625}, ""y1_a1"": {""n"": 65, ""accuracy"": 0.8307692307692308}}",0.3503721320002267
corr,ruler_fixed,dinov2_b14_224,umte_balanced,0.75,123,test_rev,0.6463526792197105,0.6230694980694981,0.7198717948717949,356,73,267,0.5842696629213483,0.6012875744227697,0.5637065637065637,"{""y0_a0"": {""n"": 24, ""accuracy"": 0.6666666666666666}, ""y0_a1"": {""n"": 259, ""accuracy"": 0.5637065637065637}, ""y1_a0"": {""n"": 65, ""accuracy"": 0.6307692307692307}, ""y1_a1"": {""n"": 8, ""accuracy"": 0.625}}",0.3503721320002267
corr,ruler_fixed,dinov2_b14_224,erm,0.75,456,clean,0.7874050050825306,,0.7874050050825306,356,73,0,0.7471910112359551,0.7037610726559853,,"{""y0_a0"": {""n"": 283, ""accuracy"": 0.7773851590106007}, ""y0_a1"": {""n"": 0, ""accuracy"": NaN}, ""y1_a0"": {""n"": 73, ""accuracy"": 0.6301369863013698}, ""y1_a1"": {""n"": 0, ""accuracy"": NaN}}",0.1727245025343661
corr,ruler_fixed,dinov2_b14_224,erm,0.75,456,test_corr,0.9616631976378334,0.7596153846153846,0.9439688715953308,356,73,94,0.7837078651685393,0.8537925359407522,0.2692307692307692,"{""y0_a0"": {""n"": 257, ""accuracy"": 0.7821011673151751}, ""y0_a1"": {""n"": 26, ""accuracy"": 0.2692307692307692}, ""y1_a0"": {""n"": 5, ""accuracy"": 0.8}, ""y1_a1"": {""n"": 68, ""accuracy"": 0.9852941176470589}}",0.1727245025343661
corr,ruler_fixed,dinov2_b14_224,erm,0.75,456,test_rev,0.3884021491843748,0.7645502645502645,0.8180443548387097,356,73,261,0.31179775280898875,0.4451570743985672,0.15079365079365079,"{""y0_a0"": {""n"": 31, ""accuracy"": 0.7741935483870968}, ""y0_a1"": {""n"": 252, ""accuracy"": 0.15079365079365079}, ""y1_a0"": {""n"": 64, ""accuracy"": 0.625}, ""y1_a1"": {""n"": 9, ""accuracy"": 1.0}}",0.1727245025343661
corr,ruler_fixed,dinov2_b14_224,mask,0.75,456,clean,0.7547799990318989,,0.7547799990318989,356,73,0,0.7134831460674157,0.6469819449150491,,"{""y0_a0"": {""n"": 283, ""accuracy"": 0.7597173144876325}, ""y0_a1"": {""n"": 0, ""accuracy"": NaN}, ""y1_a0"": {""n"": 73, ""accuracy"": 0.5342465753424658}, ""y1_a1"": {""n"": 0, ""accuracy"": NaN}}",0.13424713306254452
corr,ruler_fixed,dinov2_b14_224,mask,0.75,456,test_corr,0.9601626409797183,0.7296380090497737,0.8731517509727628,356,73,94,0.7556179775280899,0.8412072220339804,0.0,"{""y0_a0"": {""n"": 257, ""accuracy"": 0.7665369649805448}, ""y0_a1"": {""n"": 26, ""accuracy"": 0.0}, ""y1_a0"": {""n"": 5, ""accuracy"": 0.8}, ""y1_a1"": {""n"": 68, ""accuracy"": 1.0}}",0.13424713306254452
corr,ruler_fixed,dinov2_b14_224,mask,0.75,456,test_rev,0.2943511302579989,0.7191358024691358,0.7641129032258064,356,73,261,0.20224719101123595,0.34575729706181324,0.015873015873015872,"{""y0_a0"": {""n"": 31, ""accuracy"": 0.8064516129032258}, ""y0_a1"": {""n"": 252, ""accuracy"": 0.015873015873015872}, ""y1_a0"": {""n"": 64, ""accuracy"": 0.53125}, ""y1_a1"": {""n"": 9, ""accuracy"": 1.0}}",0.13424713306254452
corr,ruler_fixed,dinov2_b14_224,balanced,0.75,456,clean,0.7763202478338739,,0.7763202478338739,356,73,0,0.6853932584269663,0.6648918147054552,,"{""y0_a0"": {""n"": 283, ""accuracy"": 0.6996466431095406}, ""y0_a1"": {""n"": 0, ""accuracy"": NaN}, ""y1_a0"": {""n"": 73, ""accuracy"": 0.6301369863013698}, ""y1_a1"": {""n"": 0, ""accuracy"": NaN}}",0.4286304099122642
corr,ruler_fixed,dinov2_b14_224,balanced,0.75,456,test_corr,0.8077351275473159,0.7279411764705883,0.9128404669260701,356,73,94,0.7078651685393258,0.7298513964857931,0.5384615384615384,"{""y0_a0"": {""n"": 257, ""accuracy"": 0.708171206225681}, ""y0_a1"": {""n"": 26, ""accuracy"": 0.5384615384615384}, ""y1_a0"": {""n"": 5, ""accuracy"": 1.0}, ""y1_a1"": {""n"": 68, ""accuracy"": 0.75}}",0.4286304099122642
corr,ruler_fixed,dinov2_b14_224,balanced,0.75,456,test_rev,0.7403068880391114,0.79673721340388,0.7757056451612903,356,73,261,0.648876404494382,0.6419236168255966,0.609375,"{""y0_a0"": {""n"": 31, ""accuracy"": 0.7419354838709677}, ""y0_a1"": {""n"": 252, ""accuracy"": 0.6428571428571429}, ""y1_a0"": {""n"": 64, ""accuracy"": 0.609375}, ""y1_a1"": {""n"": 9, ""accuracy"": 0.7777777777777778}}",0.4286304099122642
corr,ruler_fixed,dinov2_b14_224,dfr,0.75,456,clean,0.7310615228229828,,0.7310615228229828,356,73,0,0.6938202247191011,0.6651096374461494,,"{""y0_a0"": {""n"": 283, ""accuracy"": 0.7137809187279152}, ""y0_a1"": {""n"": 0, ""accuracy"": NaN}, ""y1_a0"": {""n"": 73, ""accuracy"": 0.6164383561643836}, ""y1_a1"": {""n"": 0, ""accuracy"": NaN}}",0.5021424520707761
corr,ruler_fixed,dinov2_b14_224,dfr,0.75,456,test_corr,0.7714797424851155,0.6894796380090498,0.9447470817120622,356,73,94,0.702247191011236,0.6907401132678253,0.6153846153846154,"{""y0_a0"": {""n"": 257, ""accuracy"": 0.7198443579766537}, ""y0_a1"": {""n"": 26, ""accuracy"": 0.6153846153846154}, ""y1_a0"": {""n"": 5, ""accuracy"": 1.0}, ""y1_a1"": {""n"": 68, ""accuracy"": 0.6470588235294118}}",0.5021424520707761
corr,ruler_fixed,dinov2_b14_224,dfr,0.75,456,test_rev,0.6988721622537393,0.7235449735449735,0.7363911290322581,356,73,261,0.6264044943820225,0.627789341207222,0.6150793650793651,"{""y0_a0"": {""n"": 31, ""accuracy"": 0.7096774193548387}, ""y0_a1"": {""n"": 252, ""accuracy"": 0.6150793650793651}, ""y1_a0"": {""n"": 64, ""accuracy"": 0.625}, ""y1_a1"": {""n"": 9, ""accuracy"": 0.6666666666666666}}",0.5021424520707761
corr,ruler_fixed,dinov2_b14_224,leace,0.75,456,clean,0.8292753763492909,,0.8292753763492909,356,73,0,0.7780898876404494,0.7079481097826613,,"{""y0_a0"": {""n"": 283, ""accuracy"": 0.8268551236749117}, ""y0_a1"": {""n"": 0, ""accuracy"": NaN}, ""y1_a0"": {""n"": 73, ""accuracy"": 0.589041095890411}, ""y1_a1"": {""n"": 0, ""accuracy"": NaN}}",0.5198548236481887
corr,ruler_fixed,dinov2_b14_224,leace,0.75,456,test_corr,0.8291785662423156,0.7941176470588235,0.9284046692607003,356,73,94,0.7893258426966292,0.7353453700566339,0.6323529411764706,"{""y0_a0"": {""n"": 257, ""accuracy"": 0.8326848249027238}, ""y0_a1"": {""n"": 26, ""accuracy"": 0.7692307692307693}, ""y1_a0"": {""n"": 5, ""accuracy"": 0.8}, ""y1_a1"": {""n"": 68, ""accuracy"": 0.6323529411764706}}",0.5198548236481887
corr,ruler_fixed,dinov2_b14_224,leace,0.75,456,test_rev,0.8227406941284671,0.8298059964726632,0.8548387096774194,356,73,261,0.7808988764044944,0.7097148942349581,0.578125,"{""y0_a0"": {""n"": 31, ""accuracy"": 0.9032258064516129}, ""y0_a1"": {""n"": 252, ""accuracy"": 0.8214285714285714}, ""y1_a0"": {""n"": 64, ""accuracy"": 0.578125}, ""y1_a1"": {""n"": 9, ""accuracy"": 0.6666666666666666}}",0.5198548236481887
corr,ruler_fixed,dinov2_b14_224,umte_protect,0.75,456,clean,0.7747228810687835,,0.7747228810687835,356,73,0,0.6825842696629213,0.6885376833341401,,"{""y0_a0"": {""n"": 283, ""accuracy"": 0.6784452296819788}, ""y0_a1"": {""n"": 0, ""accuracy"": NaN}, ""y1_a0"": {""n"": 73, ""accuracy"": 0.6986301369863014}, ""y1_a1"": {""n"": 0, ""accuracy"": NaN}}",0.14782811055314762
corr,ruler_fixed,dinov2_b14_224,umte_protect,0.75,456,test_corr,0.9585168691611404,0.7358597285067874,0.9112840466926071,356,73,94,0.702247191011236,0.8076383174403408,0.07692307692307693,"{""y0_a0"": {""n"": 257, ""accuracy"": 0.6848249027237354}, ""y0_a1"": {""n"": 26, ""accuracy"": 0.07692307692307693}, ""y1_a0"": {""n"": 5, ""accuracy"": 0.8}, ""y1_a1"": {""n"": 68, ""accuracy"": 1.0}}",0.14782811055314762
corr,ruler_fixed,dinov2_b14_224,umte_protect,0.75,456,test_rev,0.3610532939638898,0.7680776014109347,0.7923387096774194,356,73,261,0.2443820224719101,0.42308437000822885,0.04365079365079365,"{""y0_a0"": {""n"": 31, ""accuracy"": 0.7419354838709677}, ""y0_a1"": {""n"": 252, ""accuracy"": 0.04365079365079365}, ""y1_a0"": {""n"": 64, ""accuracy"": 0.6875}, ""y1_a1"": {""n"": 9, ""accuracy"": 1.0}}",0.14782811055314762
corr,ruler_fixed,dinov2_b14_224,umte_protect_balanced,0.75,456,clean,0.7703180212014133,,0.7703180212014133,356,73,0,0.7471910112359551,0.6732658889588072,,"{""y0_a0"": {""n"": 283, ""accuracy"": 0.7985865724381626}, ""y0_a1"": {""n"": 0, ""accuracy"": NaN}, ""y1_a0"": {""n"": 73, ""accuracy"": 0.547945205479452}, ""y1_a1"": {""n"": 0, ""accuracy"": NaN}}",0.4278010143999332
corr,ruler_fixed,dinov2_b14_224,umte_protect_balanced,0.75,456,test_corr,0.8604966358487826,0.7200226244343891,0.9198443579766536,356,73,94,0.7752808988764045,0.7671716927247205,0.5,"{""y0_a0"": {""n"": 257, ""accuracy"": 0.8093385214007782}, ""y0_a1"": {""n"": 26, ""accuracy"": 0.5}, ""y1_a0"": {""n"": 5, ""accuracy"": 0.8}, ""y1_a1"": {""n"": 68, ""accuracy"": 0.75}}",0.4278010143999332
corr,ruler_fixed,dinov2_b14_224,umte_protect_balanced,0.75,456,test_rev,0.6692482695193378,0.787037037037037,0.7777217741935483,356,73,261,0.6320224719101124,0.6109927876470304,0.546875,"{""y0_a0"": {""n"": 31, ""accuracy"": 0.7741935483870968}, ""y0_a1"": {""n"": 252, ""accuracy"": 0.6309523809523809}, ""y1_a0"": {""n"": 64, ""accuracy"": 0.546875}, ""y1_a1"": {""n"": 9, ""accuracy"": 0.7777777777777778}}",0.4278010143999332
corr,ruler_fixed,dinov2_b14_224,i2e,0.75,456,clean,0.8102037852751827,,0.8102037852751827,356,73,0,0.7921348314606742,0.7066169708117527,,"{""y0_a0"": {""n"": 283, ""accuracy"": 0.8515901060070671}, ""y0_a1"": {""n"": 0, ""accuracy"": NaN}, ""y1_a0"": {""n"": 73, ""accuracy"": 0.5616438356164384}, ""y1_a1"": {""n"": 0, ""accuracy"": NaN}}",0.561293800580996
corr,ruler_fixed,dinov2_b14_224,i2e,0.75,456,test_corr,0.8371654000677671,0.7963800904977375,0.8490272373540857,356,73,94,0.8061797752808989,0.7408635461542185,0.6,"{""y0_a0"": {""n"": 257, ""accuracy"": 0.8560311284046692}, ""y0_a1"": {""n"": 26, ""accuracy"": 0.8076923076923077}, ""y1_a0"": {""n"": 5, ""accuracy"": 0.6}, ""y1_a1"": {""n"": 68, ""accuracy"": 0.6323529411764706}}",0.561293800580996
corr,ruler_fixed,dinov2_b14_224,i2e,0.75,456,test_rev,0.7825644997337723,0.8223104056437389,0.8442540322580645,356,73,261,0.7808988764044944,0.7046323636187618,0.546875,"{""y0_a0"": {""n"": 31, ""accuracy"": 0.9032258064516129}, ""y0_a1"": {""n"": 252, ""accuracy"": 0.8253968253968254}, ""y1_a0"": {""n"": 64, ""accuracy"": 0.546875}, ""y1_a1"": {""n"": 9, ""accuracy"": 0.7777777777777778}}",0.561293800580996
corr,ruler_fixed,dinov2_b14_224,i2e_balanced,0.75,456,clean,0.7901156880778353,,0.7901156880778353,356,73,0,0.7668539325842697,0.6754683188924924,,"{""y0_a0"": {""n"": 283, ""accuracy"": 0.8303886925795053}, ""y0_a1"": {""n"": 0, ""accuracy"": NaN}, ""y1_a0"": {""n"": 73, ""accuracy"": 0.5205479452054794}, ""y1_a1"": {""n"": 0, ""accuracy"": NaN}}",0.558940702397804
corr,ruler_fixed,dinov2_b14_224,i2e_balanced,0.75,456,test_corr,0.7936976620359165,0.7726244343891402,0.8498054474708171,356,73,94,0.7668539325842697,0.6754683188924924,0.5147058823529411,"{""y0_a0"": {""n"": 257, ""accuracy"": 0.8287937743190662}, ""y0_a1"": {""n"": 26, ""accuracy"": 0.8461538461538461}, ""y1_a0"": {""n"": 5, ""accuracy"": 0.6}, ""y1_a1"": {""n"": 68, ""accuracy"": 0.5147058823529411}}",0.558940702397804
corr,ruler_fixed,dinov2_b14_224,i2e_balanced,0.75,456,test_rev,0.7895348274359842,0.8121693121693121,0.8119959677419355,356,73,261,0.7752808988764045,0.6756861416331865,0.5,"{""y0_a0"": {""n"": 31, ""accuracy"": 0.9032258064516129}, ""y0_a1"": {""n"": 252, ""accuracy"": 0.8373015873015873}, ""y1_a0"": {""n"": 64, ""accuracy"": 0.5}, ""y1_a1"": {""n"": 9, ""accuracy"": 0.5555555555555556}}",0.558940702397804
corr,ruler_fixed,dinov2_b14_224,i2e_rank1,0.75,456,clean,0.802023331235781,,0.802023331235781,356,73,0,0.75,0.7258579795730674,,"{""y0_a0"": {""n"": 283, ""accuracy"": 0.7667844522968198}, ""y0_a1"": {""n"": 0, ""accuracy"": NaN}, ""y1_a0"": {""n"": 73, ""accuracy"": 0.684931506849315}, ""y1_a1"": {""n"": 0, ""accuracy"": NaN}}",0.46476768625663484
corr,ruler_fixed,dinov2_b14_224,i2e_rank1,0.75,456,test_corr,0.8346483372864127,0.7516968325791855,0.9159533073929962,356,73,94,0.7471910112359551,0.7291737257369669,0.5769230769230769,"{""y0_a0"": {""n"": 257, ""accuracy"": 0.7782101167315175}, ""y0_a1"": {""n"": 26, ""accuracy"": 0.5769230769230769}, ""y1_a0"": {""n"": 5, ""accuracy"": 0.8}, ""y1_a1"": {""n"": 68, ""accuracy"": 0.6911764705882353}}",0.46476768625663484
corr,ruler_fixed,dinov2_b14_224,i2e_rank1,0.75,456,test_rev,0.7650902754247543,0.8156966490299824,0.8311491935483871,356,73,261,0.7050561797752809,0.6975894283363183,0.671875,"{""y0_a0"": {""n"": 31, ""accuracy"": 0.8709677419354839}, ""y0_a1"": {""n"": 252, ""accuracy"": 0.6904761904761905}, ""y1_a0"": {""n"": 64, ""accuracy"": 0.671875}, ""y1_a1"": {""n"": 9, ""accuracy"": 0.7777777777777778}}",0.46476768625663484
corr,ruler_fixed,dinov2_b14_224,insert_aug,0.75,456,clean,0.8205140616680382,,0.8205140616680382,356,73,0,0.7921348314606742,0.7167820320441454,,"{""y0_a0"": {""n"": 283, ""accuracy"": 0.8445229681978799}, ""y0_a1"": {""n"": 0, ""accuracy"": NaN}, ""y1_a0"": {""n"": 73, ""accuracy"": 0.589041095890411}, ""y1_a1"": {""n"": 0, ""accuracy"": NaN}}",0.24330146628064295
corr,ruler_fixed,dinov2_b14_224,insert_aug,0.75,456,test_corr,0.9562902367007116,0.8014705882352942,0.9346303501945525,356,73,94,0.8370786516853933,0.8873614405343918,0.38461538461538464,"{""y0_a0"": {""n"": 257, ""accuracy"": 0.8443579766536965}, ""y0_a1"": {""n"": 26, ""accuracy"": 0.38461538461538464}, ""y1_a0"": {""n"": 5, ""accuracy"": 0.8}, ""y1_a1"": {""n"": 68, ""accuracy"": 0.9852941176470589}}",0.24330146628064295
corr,ruler_fixed,dinov2_b14_224,insert_aug,0.75,456,test_rev,0.5469286993562128,0.8059964726631393,0.8578629032258064,356,73,261,0.449438202247191,0.5164819207125224,0.3412698412698413,"{""y0_a0"": {""n"": 31, ""accuracy"": 0.9032258064516129}, ""y0_a1"": {""n"": 252, ""accuracy"": 0.3412698412698413}, ""y1_a0"": {""n"": 64, ""accuracy"": 0.578125}, ""y1_a1"": {""n"": 9, ""accuracy"": 1.0}}",0.24330146628064295
corr,ruler_fixed,dinov2_b14_224,mte,0.75,456,clean,0.7576358971876663,,0.7576358971876663,356,73,0,0.7443820224719101,0.7070768188198848,,"{""y0_a0"": {""n"": 283, ""accuracy"": 0.7703180212014135}, ""y0_a1"": {""n"": 0, ""accuracy"": NaN}, ""y1_a0"": {""n"": 73, ""accuracy"": 0.6438356164383562}, ""y1_a1"": {""n"": 0, ""accuracy"": NaN}}",0.38585448241187453
corr,ruler_fixed,dinov2_b14_224,mte,0.75,456,test_corr,0.8556077254465366,0.7166289592760181,0.9050583657587548,356,73,94,0.7528089887640449,0.7632024783387386,0.46153846153846156,"{""y0_a0"": {""n"": 257, ""accuracy"": 0.77431906614786}, ""y0_a1"": {""n"": 26, ""accuracy"": 0.46153846153846156}, ""y1_a0"": {""n"": 5, ""accuracy"": 0.8}, ""y1_a1"": {""n"": 68, ""accuracy"": 0.7794117647058824}}",0.38585448241187453
corr,ruler_fixed,dinov2_b14_224,mte,0.75,456,test_rev,0.6561305000242025,0.8575837742504409,0.7373991935483871,356,73,261,0.5955056179775281,0.6236023040805461,0.5515873015873016,"{""y0_a0"": {""n"": 31, ""accuracy"": 0.7741935483870968}, ""y0_a1"": {""n"": 252, ""accuracy"": 0.5515873015873016}, ""y1_a0"": {""n"": 64, ""accuracy"": 0.625}, ""y1_a1"": {""n"": 9, ""accuracy"": 1.0}}",0.38585448241187453
corr,ruler_fixed,dinov2_b14_224,mte_balanced,0.75,456,clean,0.7405005082530617,,0.7405005082530617,356,73,0,0.7528089887640449,0.661551866014812,,"{""y0_a0"": {""n"": 283, ""accuracy"": 0.8162544169611308}, ""y0_a1"": {""n"": 0, ""accuracy"": NaN}, ""y1_a0"": {""n"": 73, ""accuracy"": 0.5068493150684932}, ""y1_a1"": {""n"": 0, ""accuracy"": NaN}}",0.4979507307153311
corr,ruler_fixed,dinov2_b14_224,mte_balanced,0.75,456,test_corr,0.784549106926763,0.6849547511312217,0.8957198443579767,356,73,94,0.7696629213483146,0.7026477564257709,0.5735294117647058,"{""y0_a0"": {""n"": 257, ""accuracy"": 0.8287937743190662}, ""y0_a1"": {""n"": 26, ""accuracy"": 0.6923076923076923}, ""y1_a0"": {""n"": 5, ""accuracy"": 0.8}, ""y1_a1"": {""n"": 68, ""accuracy"": 0.5735294117647058}}",0.4979507307153311
corr,ruler_fixed,dinov2_b14_224,mte_balanced,0.75,456,test_rev,0.7101505397163463,0.7967372134038802,0.7182459677419356,356,73,261,0.7387640449438202,0.6628830049857205,0.515625,"{""y0_a0"": {""n"": 31, ""accuracy"": 0.7741935483870968}, ""y0_a1"": {""n"": 252, ""accuracy"": 0.7936507936507936}, ""y1_a0"": {""n"": 64, ""accuracy"": 0.515625}, ""y1_a1"": {""n"": 9, ""accuracy"": 0.6666666666666666}}",0.4979507307153311
corr,ruler_fixed,dinov2_b14_224,ui2e,0.75,456,clean,0.8092840892589186,,0.8092840892589186,356,73,0,0.7724719101123596,0.7247446633428529,,"{""y0_a0"": {""n"": 283, ""accuracy"": 0.8056537102473498}, ""y0_a1"": {""n"": 0, ""accuracy"": NaN}, ""y1_a0"": {""n"": 73, ""accuracy"": 0.6438356164383562}, ""y1_a1"": {""n"": 0, ""accuracy"": NaN}}",0.37062969507389504
corr,ruler_fixed,dinov2_b14_224,ui2e,0.75,456,test_corr,0.9285057359988382,0.7992081447963801,0.8785992217898833,356,73,94,0.8033707865168539,0.835664843409652,0.5,"{""y0_a0"": {""n"": 257, ""accuracy"": 0.8093385214007782}, ""y0_a1"": {""n"": 26, ""accuracy"": 0.5}, ""y1_a0"": {""n"": 5, ""accuracy"": 0.8}, ""y1_a1"": {""n"": 68, ""accuracy"": 0.8970588235294118}}",0.37062969507389504
corr,ruler_fixed,dinov2_b14_224,ui2e,0.75,456,test_rev,0.6046275231134131,0.8134920634920635,0.830141129032258,356,73,261,0.5252808988764045,0.5743501621569291,0.44047619047619047,"{""y0_a0"": {""n"": 31, ""accuracy"": 0.9032258064516129}, ""y0_a1"": {""n"": 252, ""accuracy"": 0.44047619047619047}, ""y1_a0"": {""n"": 64, ""accuracy"": 0.625}, ""y1_a1"": {""n"": 9, ""accuracy"": 0.8888888888888888}}",0.37062969507389504
corr,ruler_fixed,dinov2_b14_224,ui2e_balanced,0.75,456,clean,0.7904545234522484,,0.7904545234522484,356,73,0,0.7696629213483146,0.6721525727285929,,"{""y0_a0"": {""n"": 283, ""accuracy"": 0.8374558303886925}, ""y0_a1"": {""n"": 0, ""accuracy"": NaN}, ""y1_a0"": {""n"": 73, ""accuracy"": 0.5068493150684932}, ""y1_a1"": {""n"": 0, ""accuracy"": NaN}}",0.5277800213028171
corr,ruler_fixed,dinov2_b14_224,ui2e_balanced,0.75,456,test_corr,0.8325669199864466,0.7726244343891403,0.8342412451361868,356,73,94,0.7837078651685393,0.7165642093034512,0.6,"{""y0_a0"": {""n"": 257, ""accuracy"": 0.8404669260700389}, ""y0_a1"": {""n"": 26, ""accuracy"": 0.7307692307692307}, ""y1_a0"": {""n"": 5, ""accuracy"": 0.6}, ""y1_a1"": {""n"": 68, ""accuracy"": 0.6029411764705882}}",0.5277800213028171
corr,ruler_fixed,dinov2_b14_224,ui2e_balanced,0.75,456,test_rev,0.7431627861948786,0.8139329805996472,0.8024193548387097,356,73,261,0.7387640449438202,0.6628830049857205,0.5,"{""y0_a0"": {""n"": 31, ""accuracy"": 0.8709677419354839}, ""y0_a1"": {""n"": 252, ""accuracy"": 0.7817460317460317}, ""y1_a0"": {""n"": 64, ""accuracy"": 0.5}, ""y1_a1"": {""n"": 9, ""accuracy"": 0.7777777777777778}}",0.5277800213028171
corr,ruler_fixed,dinov2_b14_224,umte,0.75,456,clean,0.7436468367297545,,0.7436468367297545,356,73,0,0.6573033707865169,0.662471562031076,,"{""y0_a0"": {""n"": 283, ""accuracy"": 0.6537102473498233}, ""y0_a1"": {""n"": 0, ""accuracy"": NaN}, ""y1_a0"": {""n"": 73, ""accuracy"": 0.6712328767123288}, ""y1_a1"": {""n"": 0, ""accuracy"": NaN}}",0.1311488694372941
corr,ruler_fixed,dinov2_b14_224,umte,0.75,456,test_corr,0.9520305919938042,0.6787330316742081,0.9182879377431907,356,73,94,0.6825842696629213,0.7952708262742629,0.0,"{""y0_a0"": {""n"": 257, ""accuracy"": 0.6653696498054474}, ""y0_a1"": {""n"": 26, ""accuracy"": 0.0}, ""y1_a0"": {""n"": 5, ""accuracy"": 0.8}, ""y1_a1"": {""n"": 68, ""accuracy"": 1.0}}",0.1311488694372941
corr,ruler_fixed,dinov2_b14_224,umte,0.75,456,test_rev,0.33060651532019947,0.7835097001763668,0.7283266129032258,356,73,261,0.2050561797752809,0.3881843264436807,0.007936507936507936,"{""y0_a0"": {""n"": 31, ""accuracy"": 0.6451612903225806}, ""y0_a1"": {""n"": 252, ""accuracy"": 0.007936507936507936}, ""y1_a0"": {""n"": 64, ""accuracy"": 0.65625}, ""y1_a1"": {""n"": 9, ""accuracy"": 1.0}}",0.1311488694372941
corr,ruler_fixed,dinov2_b14_224,umte_balanced,0.75,456,clean,0.7384190909530954,,0.7384190909530954,356,73,0,0.7219101123595506,0.6878600125853138,,"{""y0_a0"": {""n"": 283, ""accuracy"": 0.7455830388692579}, ""y0_a1"": {""n"": 0, ""accuracy"": NaN}, ""y1_a0"": {""n"": 73, ""accuracy"": 0.6301369863013698}, ""y1_a1"": {""n"": 0, ""accuracy"": NaN}}",0.31142769235216344
corr,ruler_fixed,dinov2_b14_224,umte_balanced,0.75,456,test_corr,0.8461203349629701,0.6527149321266968,0.9315175097276265,356,73,94,0.7359550561797753,0.7627668328573503,0.3076923076923077,"{""y0_a0"": {""n"": 257, ""accuracy"": 0.7587548638132295}, ""y0_a1"": {""n"": 26, ""accuracy"": 0.3076923076923077}, ""y1_a0"": {""n"": 5, ""accuracy"": 1.0}, ""y1_a1"": {""n"": 68, ""accuracy"": 0.7941176470588235}}",0.31142769235216344
corr,ruler_fixed,dinov2_b14_224,umte_balanced,0.75,456,test_rev,0.6323152137083111,0.7914462081128748,0.7253024193548387,356,73,261,0.5337078651685393,0.5796505155138196,0.47619047619047616,"{""y0_a0"": {""n"": 31, ""accuracy"": 0.7096774193548387}, ""y0_a1"": {""n"": 252, ""accuracy"": 0.47619047619047616}, ""y1_a0"": {""n"": 64, ""accuracy"": 0.625}, ""y1_a1"": {""n"": 9, ""accuracy"": 0.8888888888888888}}",0.31142769235216344
corr,ruler_fixed,dinov2_b14_224,erm,1.0,42,clean,0.8133501137518757,,0.8133501137518757,356,73,0,0.7612359550561798,0.7329251173822546,,"{""y0_a0"": {""n"": 283, ""accuracy"": 0.7809187279151943}, ""y0_a1"": {""n"": 0, ""accuracy"": NaN}, ""y1_a0"": {""n"": 73, ""accuracy"": 0.684931506849315}, ""y1_a1"": {""n"": 0, ""accuracy"": NaN}}",0.1555295495301971
corr,ruler_fixed,dinov2_b14_224,erm,1.0,42,test_corr,0.9567258821820999,0.8465401785714286,0.8492374727668844,356,73,92,0.7612359550561798,0.844740790938574,0.07142857142857142,"{""y0_a0"": {""n"": 255, ""accuracy"": 0.7725490196078432}, ""y0_a1"": {""n"": 28, ""accuracy"": 0.07142857142857142}, ""y1_a0"": {""n"": 9, ""accuracy"": 0.8888888888888888}, ""y1_a1"": {""n"": 64, ""accuracy"": 1.0}}",0.1555295495301971
corr,ruler_fixed,dinov2_b14_224,erm,1.0,42,test_rev,0.4196718137373541,0.839430894308943,0.8580072609923357,356,73,252,0.33146067415730335,0.47785468802943026,0.13821138211382114,"{""y0_a0"": {""n"": 37, ""accuracy"": 0.8378378378378378}, ""y0_a1"": {""n"": 246, ""accuracy"": 0.13821138211382114}, ""y1_a0"": {""n"": 67, ""accuracy"": 0.7014925373134329}, ""y1_a1"": {""n"": 6, ""accuracy"": 1.0}}",0.1555295495301971
corr,ruler_fixed,dinov2_b14_224,mask,1.0,42,clean,0.7759330074059732,,0.7759330074059732,356,73,0,0.75,0.6953627958758895,,"{""y0_a0"": {""n"": 283, ""accuracy"": 0.7879858657243817}, ""y0_a1"": {""n"": 0, ""accuracy"": NaN}, ""y1_a0"": {""n"": 73, ""accuracy"": 0.6027397260273972}, ""y1_a1"": {""n"": 0, ""accuracy"": NaN}}",0.12763245613206817
corr,ruler_fixed,dinov2_b14_224,mask,1.0,42,test_corr,0.9521274021007793,0.8024553571428572,0.8544662309368192,356,73,92,0.7668539325842697,0.8431918292269713,0.0,"{""y0_a0"": {""n"": 255, ""accuracy"": 0.792156862745098}, ""y0_a1"": {""n"": 28, ""accuracy"": 0.0}, ""y1_a0"": {""n"": 9, ""accuracy"": 0.7777777777777778}, ""y1_a1"": {""n"": 64, ""accuracy"": 1.0}}",0.12763245613206817
corr,ruler_fixed,dinov2_b14_224,mask,1.0,42,test_rev,0.325766009971441,0.8970189701897018,0.8059701492537313,356,73,252,0.22191011235955055,0.36828984946028365,0.016260162601626018,"{""y0_a0"": {""n"": 37, ""accuracy"": 0.8108108108108109}, ""y0_a1"": {""n"": 246, ""accuracy"": 0.016260162601626018}, ""y1_a0"": {""n"": 67, ""accuracy"": 0.582089552238806}, ""y1_a1"": {""n"": 6, ""accuracy"": 1.0}}",0.12763245613206817
corr,ruler_fixed,dinov2_b14_224,balanced,1.0,42,clean,0.8352776029817512,,0.8352776029817512,356,73,0,0.7696629213483146,0.7534730625877342,,"{""y0_a0"": {""n"": 283, ""accuracy"": 0.7809187279151943}, ""y0_a1"": {""n"": 0, ""accuracy"": NaN}, ""y1_a0"": {""n"": 73, ""accuracy"": 0.726027397260274}, ""y1_a1"": {""n"": 0, ""accuracy"": NaN}}",0.2905584191609957
corr,ruler_fixed,dinov2_b14_224,balanced,1.0,42,test_corr,0.8973328815528341,0.8716517857142857,0.8514161220043572,356,73,92,0.7780898876404494,0.8095987221065879,0.5714285714285714,"{""y0_a0"": {""n"": 255, ""accuracy"": 0.7764705882352941}, ""y0_a1"": {""n"": 28, ""accuracy"": 0.5714285714285714}, ""y1_a0"": {""n"": 9, ""accuracy"": 0.6666666666666666}, ""y1_a1"": {""n"": 64, ""accuracy"": 0.890625}}",0.2905584191609957
corr,ruler_fixed,dinov2_b14_224,balanced,1.0,42,test_rev,0.7452442034948448,0.8150406504065041,0.8781766841468334,356,73,252,0.6348314606741573,0.6686674088774869,0.573170731707317,"{""y0_a0"": {""n"": 37, ""accuracy"": 0.8648648648648649}, ""y0_a1"": {""n"": 246, ""accuracy"": 0.573170731707317}, ""y1_a0"": {""n"": 67, ""accuracy"": 0.7164179104477612}, ""y1_a1"": {""n"": 6, ""accuracy"": 0.8333333333333334}}",0.2905584191609957
corr,ruler_fixed,dinov2_b14_224,dfr,1.0,42,clean,0.724623650709134,,0.724623650709134,356,73,0,0.6825842696629213,0.6529599690207657,,"{""y0_a0"": {""n"": 283, ""accuracy"": 0.7031802120141343}, ""y0_a1"": {""n"": 0, ""accuracy"": NaN}, ""y1_a0"": {""n"": 73, ""accuracy"": 0.6027397260273972}, ""y1_a1"": {""n"": 0, ""accuracy"": NaN}}",0.5287066341774584
corr,ruler_fixed,dinov2_b14_224,dfr,1.0,42,test_corr,0.717169272472046,0.7566964285714285,0.6305010893246187,356,73,92,0.6825842696629213,0.658042499636962,0.4444444444444444,"{""y0_a0"": {""n"": 255, ""accuracy"": 0.6901960784313725}, ""y0_a1"": {""n"": 28, ""accuracy"": 0.7857142857142857}, ""y1_a0"": {""n"": 9, ""accuracy"": 0.4444444444444444}, ""y1_a1"": {""n"": 64, ""accuracy"": 0.640625}}",0.5287066341774584
corr,ruler_fixed,dinov2_b14_224,dfr,1.0,42,test_rev,0.7174597027929716,0.6294037940379403,0.7148043565954014,356,73,252,0.6769662921348315,0.649426400116172,0.5,"{""y0_a0"": {""n"": 37, ""accuracy"": 0.6486486486486487}, ""y0_a1"": {""n"": 246, ""accuracy"": 0.7032520325203252}, ""y1_a0"": {""n"": 67, ""accuracy"": 0.6119402985074627}, ""y1_a1"": {""n"": 6, ""accuracy"": 0.5}}",0.5287066341774584
corr,ruler_fixed,dinov2_b14_224,leace,1.0,42,clean,0.8270003388353744,,0.8270003388353744,356,73,0,0.7528089887640449,0.7530374171063459,,"{""y0_a0"": {""n"": 283, ""accuracy"": 0.7526501766784452}, ""y0_a1"": {""n"": 0, ""accuracy"": NaN}, ""y1_a0"": {""n"": 73, ""accuracy"": 0.7534246575342466}, ""y1_a1"": {""n"": 0, ""accuracy"": NaN}}",0.3997080813385702
corr,ruler_fixed,dinov2_b14_224,leace,1.0,42,test_corr,0.8214821627377898,0.8549107142857143,0.8361655773420479,356,73,92,0.7528089887640449,0.7479548864901495,0.734375,"{""y0_a0"": {""n"": 255, ""accuracy"": 0.7568627450980392}, ""y0_a1"": {""n"": 28, ""accuracy"": 0.75}, ""y1_a0"": {""n"": 9, ""accuracy"": 0.7777777777777778}, ""y1_a1"": {""n"": 64, ""accuracy"": 0.734375}}",0.3997080813385702
corr,ruler_fixed,dinov2_b14_224,leace,1.0,42,test_rev,0.8200784161866499,0.7222222222222222,0.8846308995562727,356,73,252,0.7471910112359551,0.7444213175855559,0.5,"{""y0_a0"": {""n"": 37, ""accuracy"": 0.8378378378378378}, ""y0_a1"": {""n"": 246, ""accuracy"": 0.7357723577235772}, ""y1_a0"": {""n"": 67, ""accuracy"": 0.7611940298507462}, ""y1_a1"": {""n"": 6, ""accuracy"": 0.5}}",0.3997080813385702
corr,ruler_fixed,dinov2_b14_224,umte_protect,1.0,42,clean,0.7681397937944722,,0.7681397937944722,356,73,0,0.7134831460674157,0.6978072510770125,,"{""y0_a0"": {""n"": 283, ""accuracy"": 0.7243816254416962}, ""y0_a1"": {""n"": 0, ""accuracy"": NaN}, ""y1_a0"": {""n"": 73, ""accuracy"": 0.6712328767123288}, ""y1_a1"": {""n"": 0, ""accuracy"": NaN}}",0.14607045742470656
corr,ruler_fixed,dinov2_b14_224,umte_protect,1.0,42,test_corr,0.9381383416428675,0.7410714285714286,0.8562091503267975,356,73,92,0.7303370786516854,0.8253061619633089,0.10714285714285714,"{""y0_a0"": {""n"": 255, ""accuracy"": 0.7254901960784313}, ""y0_a1"": {""n"": 28, ""accuracy"": 0.10714285714285714}, ""y1_a0"": {""n"": 9, ""accuracy"": 0.8888888888888888}, ""y1_a1"": {""n"": 64, ""accuracy"": 1.0}}",0.14607045742470656
corr,ruler_fixed,dinov2_b14_224,umte_protect,1.0,42,test_rev,0.3772205818287429,0.823170731707317,0.8176684146833401,356,73,252,0.24719101123595505,0.40960356261193664,0.032520325203252036,"{""y0_a0"": {""n"": 37, ""accuracy"": 0.8108108108108109}, ""y0_a1"": {""n"": 246, ""accuracy"": 0.032520325203252036}, ""y1_a0"": {""n"": 67, ""accuracy"": 0.6567164179104478}, ""y1_a1"": {""n"": 6, ""accuracy"": 1.0}}",0.14607045742470656
corr,ruler_fixed,dinov2_b14_224,umte_protect_balanced,1.0,42,clean,0.7740936153734449,,0.7740936153734449,356,73,0,0.75,0.7106103877244785,,"{""y0_a0"": {""n"": 283, ""accuracy"": 0.7773851590106007}, ""y0_a1"": {""n"": 0, ""accuracy"": NaN}, ""y1_a0"": {""n"": 73, ""accuracy"": 0.6438356164383562}, ""y1_a1"": {""n"": 0, ""accuracy"": NaN}}",0.34401802991040753
corr,ruler_fixed,dinov2_b14_224,umte_protect_balanced,1.0,42,test_corr,0.8481533472094487,0.7912946428571428,0.9006535947712418,356,73,92,0.7612359550561798,0.7481727092308437,0.703125,"{""y0_a0"": {""n"": 255, ""accuracy"": 0.7764705882352941}, ""y0_a1"": {""n"": 28, ""accuracy"": 0.7142857142857143}, ""y1_a0"": {""n"": 9, ""accuracy"": 0.8888888888888888}, ""y1_a1"": {""n"": 64, ""accuracy"": 0.703125}}",0.34401802991040753
corr,ruler_fixed,dinov2_b14_224,umte_protect_balanced,1.0,42,test_rev,0.6853187472772158,0.8055555555555556,0.8176684146833401,356,73,252,0.6095505617977528,0.6222711651096375,0.5691056910569106,"{""y0_a0"": {""n"": 37, ""accuracy"": 0.8108108108108109}, ""y0_a1"": {""n"": 246, ""accuracy"": 0.5691056910569106}, ""y1_a0"": {""n"": 67, ""accuracy"": 0.6268656716417911}, ""y1_a1"": {""n"": 6, ""accuracy"": 0.8333333333333334}}",0.34401802991040753
corr,ruler_fixed,dinov2_b14_224,i2e,1.0,42,clean,0.8079287477612662,,0.8079287477612662,356,73,0,0.7893258426966292,0.7353453700566339,,"{""y0_a0"": {""n"": 283, ""accuracy"": 0.8268551236749117}, ""y0_a1"": {""n"": 0, ""accuracy"": NaN}, ""y1_a0"": {""n"": 73, ""accuracy"": 0.6438356164383562}, ""y1_a1"": {""n"": 0, ""accuracy"": NaN}}",0.5002182020827266
corr,ruler_fixed,dinov2_b14_224,i2e,1.0,42,test_corr,0.8270003388353744,0.8521205357142857,0.8261437908496732,356,73,92,0.7893258426966292,0.7455104312890266,0.5555555555555556,"{""y0_a0"": {""n"": 255, ""accuracy"": 0.8156862745098039}, ""y0_a1"": {""n"": 28, ""accuracy"": 0.8571428571428571}, ""y1_a0"": {""n"": 9, ""accuracy"": 0.5555555555555556}, ""y1_a1"": {""n"": 64, ""accuracy"": 0.6875}}",0.5002182020827266
corr,ruler_fixed,dinov2_b14_224,i2e,1.0,42,test_rev,0.7747712861222712,0.7039295392953929,0.8523598225090762,356,73,252,0.75,0.7106103877244785,0.5,"{""y0_a0"": {""n"": 37, ""accuracy"": 0.8918918918918919}, ""y0_a1"": {""n"": 246, ""accuracy"": 0.7601626016260162}, ""y1_a0"": {""n"": 67, ""accuracy"": 0.6567164179104478}, ""y1_a1"": {""n"": 6, ""accuracy"": 0.5}}",0.5002182020827266
corr,ruler_fixed,dinov2_b14_224,i2e_balanced,1.0,42,clean,0.8334866160027108,,0.8334866160027108,356,73,0,0.7837078651685393,0.757224454233022,,"{""y0_a0"": {""n"": 283, ""accuracy"": 0.8021201413427562}, ""y0_a1"": {""n"": 0, ""accuracy"": NaN}, ""y1_a0"": {""n"": 73, ""accuracy"": 0.7123287671232876}, ""y1_a1"": {""n"": 0, ""accuracy"": NaN}}",0.4455346341410964
corr,ruler_fixed,dinov2_b14_224,i2e_balanced,1.0,42,test_corr,0.8246768962679704,0.8677455357142857,0.8457516339869282,356,73,92,0.7837078651685393,0.7521419236168256,0.6875,"{""y0_a0"": {""n"": 255, ""accuracy"": 0.788235294117647}, ""y0_a1"": {""n"": 28, ""accuracy"": 0.9642857142857143}, ""y1_a0"": {""n"": 9, ""accuracy"": 0.7777777777777778}, ""y1_a1"": {""n"": 64, ""accuracy"": 0.6875}}",0.4455346341410964
corr,ruler_fixed,dinov2_b14_224,i2e_balanced,1.0,42,test_rev,0.8328089452538845,0.787940379403794,0.8713190802743042,356,73,252,0.7837078651685393,0.7521419236168256,0.6666666666666666,"{""y0_a0"": {""n"": 37, ""accuracy"": 0.8648648648648649}, ""y0_a1"": {""n"": 246, ""accuracy"": 0.7967479674796748}, ""y1_a0"": {""n"": 67, ""accuracy"": 0.7014925373134329}, ""y1_a1"": {""n"": 6, ""accuracy"": 0.6666666666666666}}",0.4455346341410964
corr,ruler_fixed,dinov2_b14_224,i2e_rank1,1.0,42,clean,0.802362166610194,,0.802362166610194,356,73,0,0.7331460674157303,0.7203398034754829,,"{""y0_a0"": {""n"": 283, ""accuracy"": 0.7420494699646644}, ""y0_a1"": {""n"": 0, ""accuracy"": NaN}, ""y1_a0"": {""n"": 73, ""accuracy"": 0.6986301369863014}, ""y1_a1"": {""n"": 0, ""accuracy"": NaN}}",0.44202649964459984
corr,ruler_fixed,dinov2_b14_224,i2e_rank1,1.0,42,test_corr,0.8365845394259162,0.82421875,0.8322440087145969,356,73,92,0.7415730337078652,0.7510528099133549,0.6785714285714286,"{""y0_a0"": {""n"": 255, ""accuracy"": 0.7411764705882353}, ""y0_a1"": {""n"": 28, ""accuracy"": 0.6785714285714286}, ""y1_a0"": {""n"": 9, ""accuracy"": 0.7777777777777778}, ""y1_a1"": {""n"": 64, ""accuracy"": 0.765625}}",0.44202649964459984
corr,ruler_fixed,dinov2_b14_224,i2e_rank1,1.0,42,test_rev,0.7599593397550704,0.6585365853658537,0.8334005647438483,356,73,252,0.6657303370786517,0.6779369766203591,0.5,"{""y0_a0"": {""n"": 37, ""accuracy"": 0.7297297297297297}, ""y0_a1"": {""n"": 246, ""accuracy"": 0.6463414634146342}, ""y1_a0"": {""n"": 67, ""accuracy"": 0.7164179104477612}, ""y1_a1"": {""n"": 6, ""accuracy"": 0.5}}",0.44202649964459984
corr,ruler_fixed,dinov2_b14_224,insert_aug,1.0,42,clean,0.8287429207609274,,0.8287429207609274,356,73,0,0.7921348314606742,0.7421946851251271,,"{""y0_a0"": {""n"": 283, ""accuracy"": 0.8268551236749117}, ""y0_a1"": {""n"": 0, ""accuracy"": NaN}, ""y1_a0"": {""n"": 73, ""accuracy"": 0.6575342465753424}, ""y1_a1"": {""n"": 0, ""accuracy"": NaN}}",0.2018520828788156
corr,ruler_fixed,dinov2_b14_224,insert_aug,1.0,42,test_corr,0.95391838907982,0.8694196428571429,0.8788671023965141,356,73,92,0.800561797752809,0.8593107120383368,0.21428571428571427,"{""y0_a0"": {""n"": 255, ""accuracy"": 0.8196078431372549}, ""y0_a1"": {""n"": 28, ""accuracy"": 0.21428571428571427}, ""y1_a0"": {""n"": 9, ""accuracy"": 0.7777777777777778}, ""y1_a1"": {""n"": 64, ""accuracy"": 0.984375}}",0.2018520828788156
corr,ruler_fixed,dinov2_b14_224,insert_aug,1.0,42,test_rev,0.5383610048889104,0.809620596205962,0.8882613957240824,356,73,252,0.41292134831460675,0.5189263759136454,0.25609756097560976,"{""y0_a0"": {""n"": 37, ""accuracy"": 0.8918918918918919}, ""y0_a1"": {""n"": 246, ""accuracy"": 0.25609756097560976}, ""y1_a0"": {""n"": 67, ""accuracy"": 0.6716417910447762}, ""y1_a1"": {""n"": 6, ""accuracy"": 1.0}}",0.2018520828788156
corr,ruler_fixed,dinov2_b14_224,mte,1.0,42,clean,0.7492134178808267,,0.7492134178808267,356,73,0,0.7050561797752809,0.677259305871533,,"{""y0_a0"": {""n"": 283, ""accuracy"": 0.7243816254416962}, ""y0_a1"": {""n"": 0, ""accuracy"": NaN}, ""y1_a0"": {""n"": 73, ""accuracy"": 0.6301369863013698}, ""y1_a1"": {""n"": 0, ""accuracy"": NaN}}",0.34319905557105224
corr,ruler_fixed,dinov2_b14_224,mte,1.0,42,test_corr,0.8463139551769204,0.7834821428571428,0.7782135076252723,356,73,92,0.7275280898876404,0.7574664795004599,0.5714285714285714,"{""y0_a0"": {""n"": 255, ""accuracy"": 0.7215686274509804}, ""y0_a1"": {""n"": 28, ""accuracy"": 0.5714285714285714}, ""y1_a0"": {""n"": 9, ""accuracy"": 0.6666666666666666}, ""y1_a1"": {""n"": 64, ""accuracy"": 0.828125}}",0.34319905557105224
corr,ruler_fixed,dinov2_b14_224,mte,1.0,42,test_rev,0.6222953676363813,0.8882113821138211,0.7712787414279951,356,73,252,0.5252808988764045,0.5641851009245364,0.45121951219512196,"{""y0_a0"": {""n"": 37, ""accuracy"": 0.8108108108108109}, ""y0_a1"": {""n"": 246, ""accuracy"": 0.45121951219512196}, ""y1_a0"": {""n"": 67, ""accuracy"": 0.5970149253731343}, ""y1_a1"": {""n"": 6, ""accuracy"": 1.0}}",0.34319905557105224
corr,ruler_fixed,dinov2_b14_224,mte_balanced,1.0,42,clean,0.7448569630669442,,0.7448569630669442,356,73,0,0.75,0.6801152040273004,,"{""y0_a0"": {""n"": 283, ""accuracy"": 0.7985865724381626}, ""y0_a1"": {""n"": 0, ""accuracy"": NaN}, ""y1_a0"": {""n"": 73, ""accuracy"": 0.5616438356164384}, ""y1_a1"": {""n"": 0, ""accuracy"": NaN}}",0.4842144084776249
corr,ruler_fixed,dinov2_b14_224,mte_balanced,1.0,42,test_corr,0.774674476015296,0.7818080357142857,0.7690631808278867,356,73,92,0.7612359550561798,0.7024299336850768,0.4444444444444444,"{""y0_a0"": {""n"": 255, ""accuracy"": 0.796078431372549}, ""y0_a1"": {""n"": 28, ""accuracy"": 0.8571428571428571}, ""y1_a0"": {""n"": 9, ""accuracy"": 0.4444444444444444}, ""y1_a1"": {""n"": 64, ""accuracy"": 0.625}}",0.4842144084776249
corr,ruler_fixed,dinov2_b14_224,mte_balanced,1.0,42,test_rev,0.7211868919115155,0.8082655826558266,0.7736990722065349,356,73,252,0.7443820224719101,0.6765816351227067,0.5373134328358209,"{""y0_a0"": {""n"": 37, ""accuracy"": 0.8918918918918919}, ""y0_a1"": {""n"": 246, ""accuracy"": 0.7764227642276422}, ""y1_a0"": {""n"": 67, ""accuracy"": 0.5373134328358209}, ""y1_a1"": {""n"": 6, ""accuracy"": 0.8333333333333334}}",0.4842144084776249
corr,ruler_fixed,dinov2_b14_224,ui2e,1.0,42,clean,0.8189650999564355,,0.8189650999564355,356,73,0,0.7387640449438202,0.7238733723800765,,"{""y0_a0"": {""n"": 283, ""accuracy"": 0.7491166077738516}, ""y0_a1"": {""n"": 0, ""accuracy"": NaN}, ""y1_a0"": {""n"": 73, ""accuracy"": 0.6986301369863014}, ""y1_a1"": {""n"": 0, ""accuracy"": NaN}}",0.28276838824251604
corr,ruler_fixed,dinov2_b14_224,ui2e,1.0,42,test_corr,0.9210029527082627,0.8169642857142857,0.8518518518518519,356,73,92,0.7528089887640449,0.8241928457330945,0.32142857142857145,"{""y0_a0"": {""n"": 255, ""accuracy"": 0.7450980392156863}, ""y0_a1"": {""n"": 28, ""accuracy"": 0.32142857142857145}, ""y1_a0"": {""n"": 9, ""accuracy"": 0.8888888888888888}, ""y1_a1"": {""n"": 64, ""accuracy"": 0.953125}}",0.28276838824251604
corr,ruler_fixed,dinov2_b14_224,ui2e,1.0,42,test_rev,0.615809090469045,0.7466124661246613,0.8701089148850343,356,73,252,0.46629213483146065,0.5626603417396776,0.3333333333333333,"{""y0_a0"": {""n"": 37, ""accuracy"": 0.8378378378378378}, ""y0_a1"": {""n"": 246, ""accuracy"": 0.3333333333333333}, ""y1_a0"": {""n"": 67, ""accuracy"": 0.7014925373134329}, ""y1_a1"": {""n"": 6, ""accuracy"": 1.0}}",0.28276838824251604
corr,ruler_fixed,dinov2_b14_224,ui2e_balanced,1.0,42,clean,0.8284524904400019,,0.8284524904400019,356,73,0,0.6938202247191011,0.7311825354567016,,"{""y0_a0"": {""n"": 283, ""accuracy"": 0.6678445229681979}, ""y0_a1"": {""n"": 0, ""accuracy"": NaN}, ""y1_a0"": {""n"": 73, ""accuracy"": 0.7945205479452054}, ""y1_a1"": {""n"": 0, ""accuracy"": NaN}}",0.2602492619448538
corr,ruler_fixed,dinov2_b14_224,ui2e_balanced,1.0,42,test_corr,0.852074156541943,0.8487723214285714,0.8623093681917211,356,73,92,0.6853932584269663,0.7462123045645965,0.5,"{""y0_a0"": {""n"": 255, ""accuracy"": 0.6588235294117647}, ""y0_a1"": {""n"": 28, ""accuracy"": 0.5}, ""y1_a0"": {""n"": 9, ""accuracy"": 0.8888888888888888}, ""y1_a1"": {""n"": 64, ""accuracy"": 0.84375}}",0.2602492619448538
corr,ruler_fixed,dinov2_b14_224,ui2e_balanced,1.0,42,test_rev,0.7912290043080498,0.7892953929539296,0.8672851956434046,356,73,252,0.6095505617977528,0.6781790018877971,0.532520325203252,"{""y0_a0"": {""n"": 37, ""accuracy"": 0.7567567567567568}, ""y0_a1"": {""n"": 246, ""accuracy"": 0.532520325203252}, ""y1_a0"": {""n"": 67, ""accuracy"": 0.7910447761194029}, ""y1_a1"": {""n"": 6, ""accuracy"": 0.8333333333333334}}",0.2602492619448538
corr,ruler_fixed,dinov2_b14_224,umte,1.0,42,clean,0.7684786291688852,,0.7684786291688852,356,73,0,0.7134831460674157,0.707972312309405,,"{""y0_a0"": {""n"": 283, ""accuracy"": 0.7173144876325088}, ""y0_a1"": {""n"": 0, ""accuracy"": NaN}, ""y1_a0"": {""n"": 73, ""accuracy"": 0.6986301369863014}, ""y1_a1"": {""n"": 0, ""accuracy"": NaN}}",0.1557828189701643
corr,ruler_fixed,dinov2_b14_224,umte,1.0,42,test_corr,0.9402197589428336,0.7751116071428572,0.8043572984749455,356,73,92,0.7162921348314607,0.8113897090856286,0.0,"{""y0_a0"": {""n"": 255, ""accuracy"": 0.7215686274509804}, ""y0_a1"": {""n"": 28, ""accuracy"": 0.0}, ""y1_a0"": {""n"": 9, ""accuracy"": 0.7777777777777778}, ""y1_a1"": {""n"": 64, ""accuracy"": 1.0}}",0.1557828189701643
corr,ruler_fixed,dinov2_b14_224,umte,1.0,42,test_rev,0.3592139019313616,0.8672086720867209,0.7886244453408632,356,73,252,0.25,0.42153540829662617,0.032520325203252036,"{""y0_a0"": {""n"": 37, ""accuracy"": 0.7837837837837838}, ""y0_a1"": {""n"": 246, ""accuracy"": 0.032520325203252036}, ""y1_a0"": {""n"": 67, ""accuracy"": 0.6865671641791045}, ""y1_a1"": {""n"": 6, ""accuracy"": 1.0}}",0.1557828189701643
corr,ruler_fixed,dinov2_b14_224,umte_balanced,1.0,42,clean,0.779563386417542,,0.779563386417542,356,73,0,0.7668539325842697,0.7110460332058667,,"{""y0_a0"": {""n"": 283, ""accuracy"": 0.8056537102473498}, ""y0_a1"": {""n"": 0, ""accuracy"": NaN}, ""y1_a0"": {""n"": 73, ""accuracy"": 0.6164383561643836}, ""y1_a1"": {""n"": 0, ""accuracy"": NaN}}",0.384397193226977
corr,ruler_fixed,dinov2_b14_224,umte_balanced,1.0,42,test_corr,0.8568662568372138,0.8247767857142857,0.8296296296296296,356,73,92,0.7668539325842697,0.7415412169030446,0.5555555555555556,"{""y0_a0"": {""n"": 255, ""accuracy"": 0.8}, ""y0_a1"": {""n"": 28, ""accuracy"": 0.6428571428571429}, ""y1_a0"": {""n"": 9, ""accuracy"": 0.5555555555555556}, ""y1_a1"": {""n"": 64, ""accuracy"": 0.71875}}",0.384397193226977
corr,ruler_fixed,dinov2_b14_224,umte_balanced,1.0,42,test_rev,0.6904496829468997,0.8367208672086721,0.7914481645824929,356,73,252,0.6685393258426966,0.649208577375478,0.5970149253731343,"{""y0_a0"": {""n"": 37, ""accuracy"": 0.8648648648648649}, ""y0_a1"": {""n"": 246, ""accuracy"": 0.6544715447154471}, ""y1_a0"": {""n"": 67, ""accuracy"": 0.5970149253731343}, ""y1_a1"": {""n"": 6, ""accuracy"": 0.8333333333333334}}",0.384397193226977
corr,ruler_fixed,dinov2_b14_224,erm,1.0,123,clean,0.7949561934265937,,0.7949561934265937,356,73,0,0.7415730337078652,0.7307226874485696,,"{""y0_a0"": {""n"": 283, ""accuracy"": 0.7491166077738516}, ""y0_a1"": {""n"": 0, ""accuracy"": NaN}, ""y1_a0"": {""n"": 73, ""accuracy"": 0.7123287671232876}, ""y1_a1"": {""n"": 0, ""accuracy"": NaN}}",0.1367842741955509
corr,ruler_fixed,dinov2_b14_224,erm,1.0,123,test_corr,0.9474805169659712,0.8068965517241379,0.8051181102362205,356,73,94,0.7387640449438202,0.8255239847040031,0.10344827586206896,"{""y0_a0"": {""n"": 254, ""accuracy"": 0.7440944881889764}, ""y0_a1"": {""n"": 29, ""accuracy"": 0.10344827586206896}, ""y1_a0"": {""n"": 8, ""accuracy"": 0.75}, ""y1_a1"": {""n"": 65, ""accuracy"": 1.0}}",0.1367842741955509
corr,ruler_fixed,dinov2_b14_224,erm,1.0,123,test_rev,0.36371557190570697,0.7842664092664092,0.7006410256410257,356,73,267,0.2640449438202247,0.4405343917905029,0.10038610038610038,"{""y0_a0"": {""n"": 24, ""accuracy"": 0.5833333333333334}, ""y0_a1"": {""n"": 259, ""accuracy"": 0.10038610038610038}, ""y1_a0"": {""n"": 65, ""accuracy"": 0.7076923076923077}, ""y1_a1"": {""n"": 8, ""accuracy"": 1.0}}",0.1367842741955509
corr,ruler_fixed,dinov2_b14_224,mask,1.0,123,clean,0.7628636429643254,,0.7628636429643254,356,73,0,0.800561797752809,0.6509269567742872,,"{""y0_a0"": {""n"": 283, ""accuracy"": 0.9045936395759717}, ""y0_a1"": {""n"": 0, ""accuracy"": NaN}, ""y1_a0"": {""n"": 73, ""accuracy"": 0.3972602739726027}, ""y1_a1"": {""n"": 0, ""accuracy"": NaN}}",0.29348413839455406
corr,ruler_fixed,dinov2_b14_224,mask,1.0,123,test_corr,0.942397986349775,0.7957559681697612,0.7303149606299213,356,73,94,0.8455056179775281,0.8723316714264969,0.13793103448275862,"{""y0_a0"": {""n"": 254, ""accuracy"": 0.905511811023622}, ""y0_a1"": {""n"": 29, ""accuracy"": 0.13793103448275862}, ""y1_a0"": {""n"": 8, ""accuracy"": 0.375}, ""y1_a1"": {""n"": 65, ""accuracy"": 0.9846153846153847}}",0.29348413839455406
corr,ruler_fixed,dinov2_b14_224,mask,1.0,123,test_rev,0.2594510866934508,0.6023166023166023,0.7282051282051283,356,73,267,0.2050561797752809,0.2966987753521467,0.07722007722007722,"{""y0_a0"": {""n"": 24, ""accuracy"": 0.8333333333333334}, ""y0_a1"": {""n"": 259, ""accuracy"": 0.07722007722007722}, ""y1_a0"": {""n"": 65, ""accuracy"": 0.38461538461538464}, ""y1_a1"": {""n"": 8, ""accuracy"": 1.0}}",0.29348413839455406
corr,ruler_fixed,dinov2_b14_224,balanced,1.0,123,clean,0.7974732562079482,,0.7974732562079482,356,73,0,0.7415730337078652,0.7103925649837843,,"{""y0_a0"": {""n"": 283, ""accuracy"": 0.7632508833922261}, ""y0_a1"": {""n"": 0, ""accuracy"": NaN}, ""y1_a0"": {""n"": 73, ""accuracy"": 0.6575342465753424}, ""y1_a1"": {""n"": 0, ""accuracy"": NaN}}",0.3101511972377863
corr,ruler_fixed,dinov2_b14_224,balanced,1.0,123,test_corr,0.8664020523742678,0.8217506631299735,0.7662401574803149,356,73,94,0.7471910112359551,0.7647514400503412,0.5,"{""y0_a0"": {""n"": 254, ""accuracy"": 0.7519685039370079}, ""y0_a1"": {""n"": 29, ""accuracy"": 0.5862068965517241}, ""y1_a0"": {""n"": 8, ""accuracy"": 0.5}, ""y1_a1"": {""n"": 65, ""accuracy"": 0.8307692307692308}}",0.3101511972377863
corr,ruler_fixed,dinov2_b14_224,balanced,1.0,123,test_rev,0.6831889249237619,0.8474903474903475,0.726923076923077,356,73,267,0.598314606741573,0.6253690885328429,0.5752895752895753,"{""y0_a0"": {""n"": 24, ""accuracy"": 0.625}, ""y0_a1"": {""n"": 259, ""accuracy"": 0.5752895752895753}, ""y1_a0"": {""n"": 65, ""accuracy"": 0.6461538461538462}, ""y1_a1"": {""n"": 8, ""accuracy"": 0.875}}",0.3101511972377863
corr,ruler_fixed,dinov2_b14_224,dfr,1.0,123,clean,0.7598625296480953,,0.7598625296480953,356,73,0,0.6825842696629213,0.6834551527179438,,"{""y0_a0"": {""n"": 283, ""accuracy"": 0.6819787985865724}, ""y0_a1"": {""n"": 0, ""accuracy"": NaN}, ""y1_a0"": {""n"": 73, ""accuracy"": 0.684931506849315}, ""y1_a1"": {""n"": 0, ""accuracy"": NaN}}",0.5410266187283437
corr,ruler_fixed,dinov2_b14_224,dfr,1.0,123,test_corr,0.7464059247785468,0.8,0.6870078740157481,356,73,94,0.6853932584269663,0.6852219371702406,0.6692913385826772,"{""y0_a0"": {""n"": 254, ""accuracy"": 0.6692913385826772}, ""y0_a1"": {""n"": 29, ""accuracy"": 0.8275862068965517}, ""y1_a0"": {""n"": 8, ""accuracy"": 0.75}, ""y1_a1"": {""n"": 65, ""accuracy"": 0.676923076923077}}",0.5410266187283437
corr,ruler_fixed,dinov2_b14_224,dfr,1.0,123,test_rev,0.7619439469480614,0.7422779922779923,0.6955128205128205,356,73,267,0.6966292134831461,0.6973716055956242,0.5,"{""y0_a0"": {""n"": 24, ""accuracy"": 0.5}, ""y0_a1"": {""n"": 259, ""accuracy"": 0.7142857142857143}, ""y1_a0"": {""n"": 65, ""accuracy"": 0.7076923076923077}, ""y1_a1"": {""n"": 8, ""accuracy"": 0.625}}",0.5410266187283437
corr,ruler_fixed,dinov2_b14_224,leace,1.0,123,clean,0.8247737063749455,,0.8247737063749455,356,73,0,0.7893258426966292,0.7200977782080449,,"{""y0_a0"": {""n"": 283, ""accuracy"": 0.8374558303886925}, ""y0_a1"": {""n"": 0, ""accuracy"": NaN}, ""y1_a0"": {""n"": 73, ""accuracy"": 0.6027397260273972}, ""y1_a1"": {""n"": 0, ""accuracy"": NaN}}",0.5353458266072908
corr,ruler_fixed,dinov2_b14_224,leace,1.0,123,test_corr,0.8155767462123046,0.8763925729442971,0.7746062992125985,356,73,94,0.7837078651685393,0.7063991480710585,0.5,"{""y0_a0"": {""n"": 254, ""accuracy"": 0.8267716535433071}, ""y0_a1"": {""n"": 29, ""accuracy"": 0.9310344827586207}, ""y1_a0"": {""n"": 8, ""accuracy"": 0.5}, ""y1_a1"": {""n"": 65, ""accuracy"": 0.5846153846153846}}",0.5353458266072908
corr,ruler_fixed,dinov2_b14_224,leace,1.0,123,test_rev,0.8155767462123045,0.8682432432432433,0.7596153846153847,356,73,267,0.7780898876404494,0.7130306403988576,0.6,"{""y0_a0"": {""n"": 24, ""accuracy"": 0.7083333333333334}, ""y0_a1"": {""n"": 259, ""accuracy"": 0.833976833976834}, ""y1_a0"": {""n"": 65, ""accuracy"": 0.6}, ""y1_a1"": {""n"": 8, ""accuracy"": 0.625}}",0.5353458266072908
corr,ruler_fixed,dinov2_b14_224,umte_protect,1.0,123,clean,0.7653807057456798,,0.7653807057456798,356,73,0,0.7443820224719101,0.6714991045065104,,"{""y0_a0"": {""n"": 283, ""accuracy"": 0.7950530035335689}, ""y0_a1"": {""n"": 0, ""accuracy"": NaN}, ""y1_a0"": {""n"": 73, ""accuracy"": 0.547945205479452}, ""y1_a1"": {""n"": 0, ""accuracy"": NaN}}",0.2251547241530417
corr,ruler_fixed,dinov2_b14_224,umte_protect,1.0,123,test_corr,0.9374122658405538,0.8047745358090186,0.735236220472441,356,73,94,0.7640449438202247,0.8363425141584782,0.034482758620689655,"{""y0_a0"": {""n"": 254, ""accuracy"": 0.7913385826771654}, ""y0_a1"": {""n"": 29, ""accuracy"": 0.034482758620689655}, ""y1_a0"": {""n"": 8, ""accuracy"": 0.625}, ""y1_a1"": {""n"": 65, ""accuracy"": 1.0}}",0.2251547241530417
corr,ruler_fixed,dinov2_b14_224,umte_protect,1.0,123,test_rev,0.29832034464398083,0.5434362934362934,0.7032051282051283,356,73,267,0.21910112359550563,0.36144053439179047,0.06177606177606178,"{""y0_a0"": {""n"": 24, ""accuracy"": 0.75}, ""y0_a1"": {""n"": 259, ""accuracy"": 0.06177606177606178}, ""y1_a0"": {""n"": 65, ""accuracy"": 0.5538461538461539}, ""y1_a1"": {""n"": 8, ""accuracy"": 1.0}}",0.2251547241530417
corr,ruler_fixed,dinov2_b14_224,umte_protect_balanced,1.0,123,clean,0.7828549300546976,,0.7828549300546976,356,73,0,0.7668539325842697,0.7059635025896703,,"{""y0_a0"": {""n"": 283, ""accuracy"": 0.8091872791519434}, ""y0_a1"": {""n"": 0, ""accuracy"": NaN}, ""y1_a0"": {""n"": 73, ""accuracy"": 0.6027397260273972}, ""y1_a1"": {""n"": 0, ""accuracy"": NaN}}",0.38705512896729444
corr,ruler_fixed,dinov2_b14_224,umte_protect_balanced,1.0,123,test_corr,0.8525582070768188,0.8180371352785146,0.7322834645669292,356,73,94,0.797752808988764,0.7914710295754877,0.625,"{""y0_a0"": {""n"": 254, ""accuracy"": 0.8110236220472441}, ""y0_a1"": {""n"": 29, ""accuracy"": 0.7241379310344828}, ""y1_a0"": {""n"": 8, ""accuracy"": 0.625}, ""y1_a1"": {""n"": 65, ""accuracy"": 0.8}}",0.38705512896729444
corr,ruler_fixed,dinov2_b14_224,umte_protect_balanced,1.0,123,test_rev,0.6708456362844281,0.6534749034749036,0.7185897435897437,356,73,267,0.6432584269662921,0.638390047921003,0.6153846153846154,"{""y0_a0"": {""n"": 24, ""accuracy"": 0.7916666666666666}, ""y0_a1"": {""n"": 259, ""accuracy"": 0.6332046332046332}, ""y1_a0"": {""n"": 65, ""accuracy"": 0.6153846153846154}, ""y1_a1"": {""n"": 8, ""accuracy"": 0.75}}",0.38705512896729444
corr,ruler_fixed,dinov2_b14_224,i2e,1.0,123,clean,0.8037659131613341,,0.8037659131613341,356,73,0,0.7921348314606742,0.7523597463575198,,"{""y0_a0"": {""n"": 283, ""accuracy"": 0.8197879858657244}, ""y0_a1"": {""n"": 0, ""accuracy"": NaN}, ""y1_a0"": {""n"": 73, ""accuracy"": 0.684931506849315}, ""y1_a1"": {""n"": 0, ""accuracy"": NaN}}",0.4697093431424666
corr,ruler_fixed,dinov2_b14_224,i2e,1.0,123,test_corr,0.8250641366958711,0.846153846153846,0.7081692913385826,356,73,94,0.797752808988764,0.766058376494506,0.5,"{""y0_a0"": {""n"": 254, ""accuracy"": 0.8110236220472441}, ""y0_a1"": {""n"": 29, ""accuracy"": 0.896551724137931}, ""y1_a0"": {""n"": 8, ""accuracy"": 0.5}, ""y1_a1"": {""n"": 65, ""accuracy"": 0.7384615384615385}}",0.4697093431424666
corr,ruler_fixed,dinov2_b14_224,i2e,1.0,123,test_rev,0.7645578198363909,0.8079150579150579,0.7391025641025641,356,73,267,0.7443820224719101,0.7274069412846702,0.625,"{""y0_a0"": {""n"": 24, ""accuracy"": 0.7083333333333334}, ""y0_a1"": {""n"": 259, ""accuracy"": 0.7606177606177607}, ""y1_a0"": {""n"": 65, ""accuracy"": 0.7076923076923077}, ""y1_a1"": {""n"": 8, ""accuracy"": 0.625}}",0.4697093431424666
corr,ruler_fixed,dinov2_b14_224,i2e_balanced,1.0,123,clean,0.7987317875986253,,0.7987317875986253,356,73,0,0.7893258426966292,0.6946851251270633,,"{""y0_a0"": {""n"": 283, ""accuracy"": 0.8551236749116607}, ""y0_a1"": {""n"": 0, ""accuracy"": NaN}, ""y1_a0"": {""n"": 73, ""accuracy"": 0.5342465753424658}, ""y1_a1"": {""n"": 0, ""accuracy"": NaN}}",0.565528195015304
corr,ruler_fixed,dinov2_b14_224,i2e_balanced,1.0,123,test_corr,0.7905513335592236,0.8312997347480106,0.6884842519685039,356,73,94,0.7921348314606742,0.7015344401955563,0.25,"{""y0_a0"": {""n"": 254, ""accuracy"": 0.8464566929133859}, ""y0_a1"": {""n"": 29, ""accuracy"": 0.9310344827586207}, ""y1_a0"": {""n"": 8, ""accuracy"": 0.25}, ""y1_a1"": {""n"": 65, ""accuracy"": 0.5846153846153846}}",0.565528195015304
corr,ruler_fixed,dinov2_b14_224,i2e_balanced,1.0,123,test_rev,0.7915678396824628,0.80984555984556,0.726923076923077,356,73,267,0.7837078651685393,0.6962340868386659,0.5384615384615384,"{""y0_a0"": {""n"": 24, ""accuracy"": 0.75}, ""y0_a1"": {""n"": 259, ""accuracy"": 0.8532818532818532}, ""y1_a0"": {""n"": 65, ""accuracy"": 0.5384615384615384}, ""y1_a1"": {""n"": 8, ""accuracy"": 0.625}}",0.565528195015304
corr,ruler_fixed,dinov2_b14_224,i2e_rank1,1.0,123,clean,0.8001839392032528,,0.8001839392032528,356,73,0,0.7303370786516854,0.718573019023186,,"{""y0_a0"": {""n"": 283, ""accuracy"": 0.7385159010600707}, ""y0_a1"": {""n"": 0, ""accuracy"": NaN}, ""y1_a0"": {""n"": 73, ""accuracy"": 0.6986301369863014}, ""y1_a1"": {""n"": 0, ""accuracy"": NaN}}",0.4430065659801286
corr,ruler_fixed,dinov2_b14_224,i2e_rank1,1.0,123,test_corr,0.829372186456266,0.8159151193633952,0.7062007874015749,356,73,94,0.7331460674157303,0.7355873953240718,0.5,"{""y0_a0"": {""n"": 254, ""accuracy"": 0.7362204724409449}, ""y0_a1"": {""n"": 29, ""accuracy"": 0.6896551724137931}, ""y1_a0"": {""n"": 8, ""accuracy"": 0.5}, ""y1_a1"": {""n"": 65, ""accuracy"": 0.7692307692307693}}",0.4430065659801286
corr,ruler_fixed,dinov2_b14_224,i2e_rank1,1.0,123,test_rev,0.7550704293528244,0.8846525096525096,0.7435897435897436,356,73,267,0.651685393258427,0.6792681155912678,0.5,"{""y0_a0"": {""n"": 24, ""accuracy"": 0.5}, ""y0_a1"": {""n"": 259, ""accuracy"": 0.6447876447876448}, ""y1_a0"": {""n"": 65, ""accuracy"": 0.6923076923076923}, ""y1_a1"": {""n"": 8, ""accuracy"": 1.0}}",0.4430065659801286
corr,ruler_fixed,dinov2_b14_224,insert_aug,1.0,123,clean,0.8152379108378914,,0.8152379108378914,356,73,0,0.7808988764044944,0.7198799554673507,,"{""y0_a0"": {""n"": 283, ""accuracy"": 0.823321554770318}, ""y0_a1"": {""n"": 0, ""accuracy"": NaN}, ""y1_a0"": {""n"": 73, ""accuracy"": 0.6164383561643836}, ""y1_a1"": {""n"": 0, ""accuracy"": NaN}}",0.20884196526939933
corr,ruler_fixed,dinov2_b14_224,insert_aug,1.0,123,test_corr,0.9351856333801248,0.849867374005305,0.7755905511811023,356,73,94,0.7865168539325843,0.8301466673120674,0.20689655172413793,"{""y0_a0"": {""n"": 254, ""accuracy"": 0.8188976377952756}, ""y0_a1"": {""n"": 29, ""accuracy"": 0.20689655172413793}, ""y1_a0"": {""n"": 8, ""accuracy"": 0.375}, ""y1_a1"": {""n"": 65, ""accuracy"": 0.9692307692307692}}",0.20884196526939933
corr,ruler_fixed,dinov2_b14_224,insert_aug,1.0,123,test_rev,0.5087371121545088,0.8223938223938224,0.7365384615384616,356,73,267,0.39325842696629215,0.48622876228278233,0.2972972972972973,"{""y0_a0"": {""n"": 24, ""accuracy"": 0.6666666666666666}, ""y0_a1"": {""n"": 259, ""accuracy"": 0.2972972972972973}, ""y1_a0"": {""n"": 65, ""accuracy"": 0.6}, ""y1_a1"": {""n"": 8, ""accuracy"": 1.0}}",0.20884196526939933
corr,ruler_fixed,dinov2_b14_224,mte,1.0,123,clean,0.7523597463575197,,0.7523597463575197,356,73,0,0.6685393258426966,0.6898688223050486,,"{""y0_a0"": {""n"": 283, ""accuracy"": 0.6537102473498233}, ""y0_a1"": {""n"": 0, ""accuracy"": NaN}, ""y1_a0"": {""n"": 73, ""accuracy"": 0.726027397260274}, ""y1_a1"": {""n"": 0, ""accuracy"": NaN}}",0.26669566497580216
corr,ruler_fixed,dinov2_b14_224,mte,1.0,123,test_corr,0.8604966358487827,0.8424403183023873,0.6993110236220472,356,73,94,0.6853932584269663,0.7512948351807929,0.5517241379310345,"{""y0_a0"": {""n"": 254, ""accuracy"": 0.6496062992125984}, ""y0_a1"": {""n"": 29, ""accuracy"": 0.5517241379310345}, ""y1_a0"": {""n"": 8, ""accuracy"": 0.625}, ""y1_a1"": {""n"": 65, ""accuracy"": 0.8923076923076924}}",0.26669566497580216
corr,ruler_fixed,dinov2_b14_224,mte,1.0,123,test_rev,0.6185681785178372,0.6240347490347491,0.7096153846153848,356,73,267,0.4297752808988764,0.5447746744760152,0.3281853281853282,"{""y0_a0"": {""n"": 24, ""accuracy"": 0.5833333333333334}, ""y0_a1"": {""n"": 259, ""accuracy"": 0.3281853281853282}, ""y1_a0"": {""n"": 65, ""accuracy"": 0.7384615384615385}, ""y1_a1"": {""n"": 8, ""accuracy"": 0.75}}",0.26669566497580216
corr,ruler_fixed,dinov2_b14_224,mte_balanced,1.0,123,clean,0.7623311873759622,,0.7623311873759622,356,73,0,0.6713483146067416,0.6865530761411491,,"{""y0_a0"": {""n"": 283, ""accuracy"": 0.6607773851590106}, ""y0_a1"": {""n"": 0, ""accuracy"": NaN}, ""y1_a0"": {""n"": 73, ""accuracy"": 0.7123287671232876}, ""y1_a1"": {""n"": 0, ""accuracy"": NaN}}",0.28104484424721815
corr,ruler_fixed,dinov2_b14_224,mte_balanced,1.0,123,test_corr,0.8053148748729367,0.829708222811671,0.7322834645669292,356,73,94,0.6853932584269663,0.7207996514836149,0.625,"{""y0_a0"": {""n"": 254, ""accuracy"": 0.65748031496063}, ""y0_a1"": {""n"": 29, ""accuracy"": 0.6896551724137931}, ""y1_a0"": {""n"": 8, ""accuracy"": 0.625}, ""y1_a1"": {""n"": 65, ""accuracy"": 0.8}}",0.28104484424721815
corr,ruler_fixed,dinov2_b14_224,mte_balanced,1.0,123,test_rev,0.7331913451764364,0.652027027027027,0.7403846153846153,356,73,267,0.598314606741573,0.6456992109976282,0.5637065637065637,"{""y0_a0"": {""n"": 24, ""accuracy"": 0.5833333333333334}, ""y0_a1"": {""n"": 259, ""accuracy"": 0.5637065637065637}, ""y1_a0"": {""n"": 65, ""accuracy"": 0.7384615384615385}, ""y1_a1"": {""n"": 8, ""accuracy"": 0.625}}",0.28104484424721815
corr,ruler_fixed,dinov2_b14_224,ui2e,1.0,123,clean,0.8120431773077109,,0.8120431773077109,356,73,0,0.7724719101123596,0.7298271939590493,,"{""y0_a0"": {""n"": 283, ""accuracy"": 0.8021201413427562}, ""y0_a1"": {""n"": 0, ""accuracy"": NaN}, ""y1_a0"": {""n"": 73, ""accuracy"": 0.6575342465753424}, ""y1_a1"": {""n"": 0, ""accuracy"": NaN}}",0.3378722552702009
corr,ruler_fixed,dinov2_b14_224,ui2e,1.0,123,test_corr,0.9112735369572583,0.8493368700265252,0.718011811023622,356,73,94,0.7752808988764045,0.8027494070380947,0.375,"{""y0_a0"": {""n"": 254, ""accuracy"": 0.7992125984251969}, ""y0_a1"": {""n"": 29, ""accuracy"": 0.3793103448275862}, ""y1_a0"": {""n"": 8, ""accuracy"": 0.375}, ""y1_a1"": {""n"": 65, ""accuracy"": 0.9076923076923077}}",0.3378722552702009
corr,ruler_fixed,dinov2_b14_224,ui2e,1.0,123,test_rev,0.5845878309695532,0.8088803088803089,0.7519230769230769,356,73,267,0.47752808988764045,0.5493973570840796,0.4015444015444015,"{""y0_a0"": {""n"": 24, ""accuracy"": 0.7083333333333334}, ""y0_a1"": {""n"": 259, ""accuracy"": 0.4015444015444015}, ""y1_a0"": {""n"": 65, ""accuracy"": 0.6461538461538462}, ""y1_a1"": {""n"": 8, ""accuracy"": 0.875}}",0.3378722552702009
corr,ruler_fixed,dinov2_b14_224,ui2e_balanced,1.0,123,clean,0.7982477370637494,,0.7982477370637494,356,73,0,0.7443820224719101,0.7324894719008664,,"{""y0_a0"": {""n"": 283, ""accuracy"": 0.7526501766784452}, ""y0_a1"": {""n"": 0, ""accuracy"": NaN}, ""y1_a0"": {""n"": 73, ""accuracy"": 0.7123287671232876}, ""y1_a1"": {""n"": 0, ""accuracy"": NaN}}",0.3837132344239126
corr,ruler_fixed,dinov2_b14_224,ui2e_balanced,1.0,123,test_corr,0.8268551236749117,0.8307692307692308,0.6943897637795275,356,73,94,0.7387640449438202,0.7289559029962728,0.375,"{""y0_a0"": {""n"": 254, ""accuracy"": 0.7440944881889764}, ""y0_a1"": {""n"": 29, ""accuracy"": 0.7586206896551724}, ""y1_a0"": {""n"": 8, ""accuracy"": 0.375}, ""y1_a1"": {""n"": 65, ""accuracy"": 0.7538461538461538}}",0.3837132344239126
corr,ruler_fixed,dinov2_b14_224,ui2e_balanced,1.0,123,test_rev,0.7501331138970909,0.8421814671814672,0.7243589743589745,356,73,267,0.6825842696629213,0.6987027445665328,0.625,"{""y0_a0"": {""n"": 24, ""accuracy"": 0.625}, ""y0_a1"": {""n"": 259, ""accuracy"": 0.6756756756756757}, ""y1_a0"": {""n"": 65, ""accuracy"": 0.7076923076923077}, ""y1_a1"": {""n"": 8, ""accuracy"": 0.875}}",0.3837132344239126
corr,ruler_fixed,dinov2_b14_224,umte,1.0,123,clean,0.7533278474272712,,0.7533278474272712,356,73,0,0.7724719101123596,0.6739193571808897,,"{""y0_a0"": {""n"": 283, ""accuracy"": 0.8409893992932862}, ""y0_a1"": {""n"": 0, ""accuracy"": NaN}, ""y1_a0"": {""n"": 73, ""accuracy"": 0.5068493150684932}, ""y1_a1"": {""n"": 0, ""accuracy"": NaN}}",0.28421478405788797
corr,ruler_fixed,dinov2_b14_224,umte,1.0,123,test_corr,0.9374122658405537,0.8005305039787799,0.7135826771653542,356,73,94,0.7949438202247191,0.8456120819013504,0.06896551724137931,"{""y0_a0"": {""n"": 254, ""accuracy"": 0.8385826771653543}, ""y0_a1"": {""n"": 29, ""accuracy"": 0.06896551724137931}, ""y1_a0"": {""n"": 8, ""accuracy"": 0.375}, ""y1_a1"": {""n"": 65, ""accuracy"": 1.0}}",0.28421478405788797
corr,ruler_fixed,dinov2_b14_224,umte,1.0,123,test_rev,0.2815721961372767,0.6018339768339769,0.6974358974358975,356,73,267,0.21910112359550563,0.35127547315939783,0.06563706563706563,"{""y0_a0"": {""n"": 24, ""accuracy"": 0.7916666666666666}, ""y0_a1"": {""n"": 259, ""accuracy"": 0.06563706563706563}, ""y1_a0"": {""n"": 65, ""accuracy"": 0.5230769230769231}, ""y1_a1"": {""n"": 8, ""accuracy"": 1.0}}",0.28421478405788797
corr,ruler_fixed,dinov2_b14_224,umte_balanced,1.0,123,clean,0.7693983251851493,,0.7693983251851493,356,73,0,0.8061797752808989,0.6697081175274698,,"{""y0_a0"": {""n"": 283, ""accuracy"": 0.901060070671378}, ""y0_a1"": {""n"": 0, ""accuracy"": NaN}, ""y1_a0"": {""n"": 73, ""accuracy"": 0.4383561643835616}, ""y1_a1"": {""n"": 0, ""accuracy"": NaN}}",0.5237765707065242
corr,ruler_fixed,dinov2_b14_224,umte_balanced,1.0,123,test_corr,0.8608354712231957,0.8249336870026525,0.7199803149606299,356,73,94,0.8370786516853933,0.7501331138970908,0.5,"{""y0_a0"": {""n"": 254, ""accuracy"": 0.9015748031496063}, ""y0_a1"": {""n"": 29, ""accuracy"": 0.8620689655172413}, ""y1_a0"": {""n"": 8, ""accuracy"": 0.5}, ""y1_a1"": {""n"": 65, ""accuracy"": 0.6153846153846154}}",0.5237765707065242
corr,ruler_fixed,dinov2_b14_224,umte_balanced,1.0,123,test_rev,0.6521128805847328,0.6867760617760618,0.7173076923076923,356,73,267,0.7275280898876404,0.6304032140955516,0.46153846153846156,"{""y0_a0"": {""n"": 24, ""accuracy"": 0.8333333333333334}, ""y0_a1"": {""n"": 259, ""accuracy"": 0.7915057915057915}, ""y1_a0"": {""n"": 65, ""accuracy"": 0.46153846153846156}, ""y1_a1"": {""n"": 8, ""accuracy"": 0.5}}",0.5237765707065242
corr,ruler_fixed,dinov2_b14_224,erm,1.0,456,clean,0.7912290043080497,,0.7912290043080497,356,73,0,0.7471910112359551,0.7037610726559853,,"{""y0_a0"": {""n"": 283, ""accuracy"": 0.7773851590106007}, ""y0_a1"": {""n"": 0, ""accuracy"": NaN}, ""y1_a0"": {""n"": 73, ""accuracy"": 0.6301369863013698}, ""y1_a1"": {""n"": 0, ""accuracy"": NaN}}",0.16472144241487302
corr,ruler_fixed,dinov2_b14_224,erm,1.0,456,test_corr,0.969262791035384,0.7878959276018099,0.9392996108949416,356,73,94,0.7865168539325843,0.8606418510092453,0.2692307692307692,"{""y0_a0"": {""n"": 257, ""accuracy"": 0.7821011673151751}, ""y0_a1"": {""n"": 26, ""accuracy"": 0.2692307692307692}, ""y1_a0"": {""n"": 5, ""accuracy"": 0.8}, ""y1_a1"": {""n"": 68, ""accuracy"": 1.0}}",0.16472144241487302
corr,ruler_fixed,dinov2_b14_224,erm,1.0,456,test_rev,0.38864417445181276,0.7707231040564374,0.8230846774193548,356,73,261,0.29775280898876405,0.4363231521370831,0.13095238095238096,"{""y0_a0"": {""n"": 31, ""accuracy"": 0.7741935483870968}, ""y0_a1"": {""n"": 252, ""accuracy"": 0.13095238095238096}, ""y1_a0"": {""n"": 64, ""accuracy"": 0.625}, ""y1_a1"": {""n"": 9, ""accuracy"": 1.0}}",0.16472144241487302
corr,ruler_fixed,dinov2_b14_224,mask,1.0,456,clean,0.7463091146715717,,0.7463091146715717,356,73,0,0.699438202247191,0.6381480226535651,,"{""y0_a0"": {""n"": 283, ""accuracy"": 0.7420494699646644}, ""y0_a1"": {""n"": 0, ""accuracy"": NaN}, ""y1_a0"": {""n"": 73, ""accuracy"": 0.5342465753424658}, ""y1_a1"": {""n"": 0, ""accuracy"": NaN}}",0.118698650958295
corr,ruler_fixed,dinov2_b14_224,mask,1.0,456,test_corr,0.9644222856866257,0.7743212669683257,0.8653696498054474,356,73,94,0.7415730337078652,0.8323732997724962,0.0,"{""y0_a0"": {""n"": 257, ""accuracy"": 0.7470817120622568}, ""y0_a1"": {""n"": 26, ""accuracy"": 0.0}, ""y1_a0"": {""n"": 5, ""accuracy"": 0.8}, ""y1_a1"": {""n"": 68, ""accuracy"": 1.0}}",0.118698650958295
corr,ruler_fixed,dinov2_b14_224,mask,1.0,456,test_rev,0.30127305290672346,0.7848324514991182,0.7595766129032259,356,73,261,0.19662921348314608,0.34222372815721963,0.007936507936507936,"{""y0_a0"": {""n"": 31, ""accuracy"": 0.8064516129032258}, ""y0_a1"": {""n"": 252, ""accuracy"": 0.007936507936507936}, ""y1_a0"": {""n"": 64, ""accuracy"": 0.53125}, ""y1_a1"": {""n"": 9, ""accuracy"": 1.0}}",0.118698650958295
corr,ruler_fixed,dinov2_b14_224,balanced,1.0,456,clean,0.7900188779708602,,0.7900188779708602,356,73,0,0.7612359550561798,0.6820998112202914,,"{""y0_a0"": {""n"": 283, ""accuracy"": 0.8162544169611308}, ""y0_a1"": {""n"": 0, ""accuracy"": NaN}, ""y1_a0"": {""n"": 73, ""accuracy"": 0.547945205479452}, ""y1_a1"": {""n"": 0, ""accuracy"": NaN}}",0.4323251094120652
corr,ruler_fixed,dinov2_b14_224,balanced,1.0,456,test_corr,0.8646110653952273,0.744343891402715,0.9276264591439689,356,73,94,0.7837078651685393,0.7623069848492183,0.6153846153846154,"{""y0_a0"": {""n"": 257, ""accuracy"": 0.8171206225680934}, ""y0_a1"": {""n"": 26, ""accuracy"": 0.6153846153846154}, ""y1_a0"": {""n"": 5, ""accuracy"": 0.8}, ""y1_a1"": {""n"": 68, ""accuracy"": 0.7205882352941176}}",0.4323251094120652
corr,ruler_fixed,dinov2_b14_224,balanced,1.0,456,test_rev,0.6964035045258725,0.7795414462081129,0.8109879032258065,356,73,261,0.6769662921348315,0.6392613388837795,0.5625,"{""y0_a0"": {""n"": 31, ""accuracy"": 0.8387096774193549}, ""y0_a1"": {""n"": 252, ""accuracy"": 0.6865079365079365}, ""y1_a0"": {""n"": 64, ""accuracy"": 0.5625}, ""y1_a1"": {""n"": 9, ""accuracy"": 0.6666666666666666}}",0.4323251094120652
corr,ruler_fixed,dinov2_b14_224,dfr,1.0,456,clean,0.734159446246188,,0.734159446246188,356,73,0,0.7219101123595506,0.6776949513529212,,"{""y0_a0"": {""n"": 283, ""accuracy"": 0.7526501766784452}, ""y0_a1"": {""n"": 0, ""accuracy"": NaN}, ""y1_a0"": {""n"": 73, ""accuracy"": 0.6027397260273972}, ""y1_a1"": {""n"": 0, ""accuracy"": NaN}}",0.5365863237943207
corr,ruler_fixed,dinov2_b14_224,dfr,1.0,456,test_corr,0.7705116414153638,0.6923076923076923,0.9400778210116731,356,73,94,0.7275280898876404,0.7015586427223002,0.6153846153846154,"{""y0_a0"": {""n"": 257, ""accuracy"": 0.7587548638132295}, ""y0_a1"": {""n"": 26, ""accuracy"": 0.6153846153846154}, ""y1_a0"": {""n"": 5, ""accuracy"": 1.0}, ""y1_a1"": {""n"": 68, ""accuracy"": 0.6323529411764706}}",0.5365863237943207
corr,ruler_fixed,dinov2_b14_224,dfr,1.0,456,test_rev,0.6982913016118882,0.7054673721340388,0.7338709677419355,356,73,261,0.6629213483146067,0.6405924778546881,0.5555555555555556,"{""y0_a0"": {""n"": 31, ""accuracy"": 0.7419354838709677}, ""y0_a1"": {""n"": 252, ""accuracy"": 0.6706349206349206}, ""y1_a0"": {""n"": 64, ""accuracy"": 0.609375}, ""y1_a1"": {""n"": 9, ""accuracy"": 0.5555555555555556}}",0.5365863237943207
corr,ruler_fixed,dinov2_b14_224,leace,1.0,456,clean,0.8248705164819207,,0.8248705164819207,356,73,0,0.7443820224719101,0.7579021249818481,,"{""y0_a0"": {""n"": 283, ""accuracy"": 0.734982332155477}, ""y0_a1"": {""n"": 0, ""accuracy"": NaN}, ""y1_a0"": {""n"": 73, ""accuracy"": 0.7808219178082192}, ""y1_a1"": {""n"": 0, ""accuracy"": NaN}}",0.38298180590839886
corr,ruler_fixed,dinov2_b14_224,leace,1.0,456,test_corr,0.8148022653565031,0.7748868778280543,0.9089494163424126,356,73,94,0.7359550561797753,0.7373541797763686,0.6923076923076923,"{""y0_a0"": {""n"": 257, ""accuracy"": 0.7392996108949417}, ""y0_a1"": {""n"": 26, ""accuracy"": 0.6923076923076923}, ""y1_a0"": {""n"": 5, ""accuracy"": 0.8}, ""y1_a1"": {""n"": 68, ""accuracy"": 0.7352941176470589}}",0.38298180590839886
corr,ruler_fixed,dinov2_b14_224,leace,1.0,456,test_rev,0.8134953289123383,0.8218694885361553,0.8533266129032259,356,73,261,0.7359550561797753,0.7526017716249577,0.7182539682539683,"{""y0_a0"": {""n"": 31, ""accuracy"": 0.7741935483870968}, ""y0_a1"": {""n"": 252, ""accuracy"": 0.7182539682539683}, ""y1_a0"": {""n"": 64, ""accuracy"": 0.78125}, ""y1_a1"": {""n"": 9, ""accuracy"": 0.7777777777777778}}",0.38298180590839886
corr,ruler_fixed,dinov2_b14_224,umte_protect,1.0,456,clean,0.7642673895154654,,0.7642673895154654,356,73,0,0.7162921348314607,0.679243913064524,,"{""y0_a0"": {""n"": 283, ""accuracy"": 0.7420494699646644}, ""y0_a1"": {""n"": 0, ""accuracy"": NaN}, ""y1_a0"": {""n"": 73, ""accuracy"": 0.6164383561643836}, ""y1_a1"": {""n"": 0, ""accuracy"": NaN}}",0.17706627023439145
corr,ruler_fixed,dinov2_b14_224,umte_protect,1.0,456,test_corr,0.9547896800425963,0.709841628959276,0.8988326848249029,356,73,94,0.7443820224719101,0.834140084224793,0.038461538461538464,"{""y0_a0"": {""n"": 257, ""accuracy"": 0.7470817120622568}, ""y0_a1"": {""n"": 26, ""accuracy"": 0.038461538461538464}, ""y1_a0"": {""n"": 5, ""accuracy"": 0.8}, ""y1_a1"": {""n"": 68, ""accuracy"": 1.0}}",0.17706627023439145
corr,ruler_fixed,dinov2_b14_224,umte_protect,1.0,456,test_rev,0.33505978024105715,0.7200176366843033,0.7817540322580645,356,73,261,0.24157303370786518,0.40098746309114675,0.051587301587301584,"{""y0_a0"": {""n"": 31, ""accuracy"": 0.7741935483870968}, ""y0_a1"": {""n"": 252, ""accuracy"": 0.051587301587301584}, ""y1_a0"": {""n"": 64, ""accuracy"": 0.625}, ""y1_a1"": {""n"": 9, ""accuracy"": 1.0}}",0.17706627023439145
corr,ruler_fixed,dinov2_b14_224,umte_protect_balanced,1.0,456,clean,0.7572486567597658,,0.7572486567597658,356,73,0,0.7752808988764045,0.6451909579360086,,"{""y0_a0"": {""n"": 283, ""accuracy"": 0.8657243816254417}, ""y0_a1"": {""n"": 0, ""accuracy"": NaN}, ""y1_a0"": {""n"": 73, ""accuracy"": 0.4246575342465753}, ""y1_a1"": {""n"": 0, ""accuracy"": NaN}}",0.5603351375894815
corr,ruler_fixed,dinov2_b14_224,umte_protect_balanced,1.0,456,test_corr,0.8467496006583087,0.7171945701357466,0.9027237354085603,356,73,94,0.8146067415730337,0.746163899511109,0.6176470588235294,"{""y0_a0"": {""n"": 257, ""accuracy"": 0.8715953307392996}, ""y0_a1"": {""n"": 26, ""accuracy"": 0.7692307692307693}, ""y1_a0"": {""n"": 5, ""accuracy"": 0.8}, ""y1_a1"": {""n"": 68, ""accuracy"": 0.6176470588235294}}",0.5603351375894815
corr,ruler_fixed,dinov2_b14_224,umte_protect_balanced,1.0,456,test_rev,0.6540490827242365,0.7522045855379188,0.7671370967741935,356,73,261,0.7106741573033708,0.6147199767655743,0.4375,"{""y0_a0"": {""n"": 31, ""accuracy"": 0.8709677419354839}, ""y0_a1"": {""n"": 252, ""accuracy"": 0.7658730158730159}, ""y1_a0"": {""n"": 64, ""accuracy"": 0.4375}, ""y1_a1"": {""n"": 9, ""accuracy"": 0.5555555555555556}}",0.5603351375894815
corr,ruler_fixed,dinov2_b14_224,i2e,1.0,456,clean,0.804588799070623,,0.804588799070623,356,73,0,0.7893258426966292,0.7302628394404376,,"{""y0_a0"": {""n"": 283, ""accuracy"": 0.8303886925795053}, ""y0_a1"": {""n"": 0, ""accuracy"": NaN}, ""y1_a0"": {""n"": 73, ""accuracy"": 0.6301369863013698}, ""y1_a1"": {""n"": 0, ""accuracy"": NaN}}",0.5030311736260626
corr,ruler_fixed,dinov2_b14_224,i2e,1.0,456,test_corr,0.8277748196911758,0.7714932126696833,0.8482490272373541,356,73,94,0.8061797752808989,0.7713587298513964,0.7058823529411765,"{""y0_a0"": {""n"": 257, ""accuracy"": 0.8365758754863813}, ""y0_a1"": {""n"": 26, ""accuracy"": 0.7692307692307693}, ""y1_a0"": {""n"": 5, ""accuracy"": 0.8}, ""y1_a1"": {""n"": 68, ""accuracy"": 0.7058823529411765}}",0.5030311736260626
corr,ruler_fixed,dinov2_b14_224,i2e,1.0,456,test_rev,0.767558933152621,0.798941798941799,0.844758064516129,356,73,261,0.7415730337078652,0.7002275037513916,0.625,"{""y0_a0"": {""n"": 31, ""accuracy"": 0.9032258064516129}, ""y0_a1"": {""n"": 252, ""accuracy"": 0.753968253968254}, ""y1_a0"": {""n"": 64, ""accuracy"": 0.625}, ""y1_a1"": {""n"": 9, ""accuracy"": 0.6666666666666666}}",0.5030311736260626
corr,ruler_fixed,dinov2_b14_224,i2e_balanced,1.0,456,clean,0.7895832324894718,,0.7895832324894718,356,73,0,0.702247191011236,0.7161527663488068,,"{""y0_a0"": {""n"": 283, ""accuracy"": 0.6925795053003534}, ""y0_a1"": {""n"": 0, ""accuracy"": NaN}, ""y1_a0"": {""n"": 73, ""accuracy"": 0.7397260273972602}, ""y1_a1"": {""n"": 0, ""accuracy"": NaN}}",0.3703620649900281
corr,ruler_fixed,dinov2_b14_224,i2e_balanced,1.0,456,test_corr,0.7833873856430611,0.7664027149321266,0.8482490272373542,356,73,94,0.7078651685393258,0.7298513964857931,0.6538461538461539,"{""y0_a0"": {""n"": 257, ""accuracy"": 0.6964980544747081}, ""y0_a1"": {""n"": 26, ""accuracy"": 0.6538461538461539}, ""y1_a0"": {""n"": 5, ""accuracy"": 0.8}, ""y1_a1"": {""n"": 68, ""accuracy"": 0.7647058823529411}}",0.3703620649900281
corr,ruler_fixed,dinov2_b14_224,i2e_balanced,1.0,456,test_rev,0.7898736628103974,0.7888007054673721,0.8190524193548387,356,73,261,0.6938202247191011,0.70576988237572,0.6666666666666666,"{""y0_a0"": {""n"": 31, ""accuracy"": 0.6774193548387096}, ""y0_a1"": {""n"": 252, ""accuracy"": 0.6865079365079365}, ""y1_a0"": {""n"": 64, ""accuracy"": 0.734375}, ""y1_a1"": {""n"": 9, ""accuracy"": 0.6666666666666666}}",0.3703620649900281
corr,ruler_fixed,dinov2_b14_224,i2e_rank1,1.0,456,clean,0.8009100150055666,,0.8009100150055666,356,73,0,0.7387640449438202,0.7238733723800765,,"{""y0_a0"": {""n"": 283, ""accuracy"": 0.7491166077738516}, ""y0_a1"": {""n"": 0, ""accuracy"": NaN}, ""y1_a0"": {""n"": 73, ""accuracy"": 0.6986301369863014}, ""y1_a1"": {""n"": 0, ""accuracy"": NaN}}",0.44788454742982264
corr,ruler_fixed,dinov2_b14_224,i2e_rank1,1.0,456,test_corr,0.8383755264049566,0.7590497737556561,0.9112840466926071,356,73,94,0.7443820224719101,0.7477370637494555,0.5384615384615384,"{""y0_a0"": {""n"": 257, ""accuracy"": 0.7626459143968871}, ""y0_a1"": {""n"": 26, ""accuracy"": 0.5384615384615384}, ""y1_a0"": {""n"": 5, ""accuracy"": 0.8}, ""y1_a1"": {""n"": 68, ""accuracy"": 0.75}}",0.44788454742982264
corr,ruler_fixed,dinov2_b14_224,i2e_rank1,1.0,456,test_rev,0.7553608596737499,0.8073192239858906,0.8245967741935484,356,73,261,0.6685393258426966,0.679703761072656,0.6428571428571429,"{""y0_a0"": {""n"": 31, ""accuracy"": 0.8064516129032258}, ""y0_a1"": {""n"": 252, ""accuracy"": 0.6428571428571429}, ""y1_a0"": {""n"": 64, ""accuracy"": 0.6875}, ""y1_a1"": {""n"": 9, ""accuracy"": 0.7777777777777778}}",0.44788454742982264
corr,ruler_fixed,dinov2_b14_224,insert_aug,1.0,456,clean,0.82167578295174,,0.82167578295174,356,73,0,0.7949438202247191,0.6982186940316569,,"{""y0_a0"": {""n"": 283, ""accuracy"": 0.8621908127208481}, ""y0_a1"": {""n"": 0, ""accuracy"": NaN}, ""y1_a0"": {""n"": 73, ""accuracy"": 0.5342465753424658}, ""y1_a1"": {""n"": 0, ""accuracy"": NaN}}",0.27984123849674486
corr,ruler_fixed,dinov2_b14_224,insert_aug,1.0,456,test_corr,0.9611791471029575,0.8042986425339367,0.9361867704280156,356,73,94,0.848314606741573,0.8893460477273827,0.4230769230769231,"{""y0_a0"": {""n"": 257, ""accuracy"": 0.8599221789883269}, ""y0_a1"": {""n"": 26, ""accuracy"": 0.4230769230769231}, ""y1_a0"": {""n"": 5, ""accuracy"": 0.8}, ""y1_a1"": {""n"": 68, ""accuracy"": 0.9705882352941176}}",0.27984123849674486
corr,ruler_fixed,dinov2_b14_224,insert_aug,1.0,456,test_rev,0.5323103732029624,0.8170194003527337,0.8568548387096774,356,73,261,0.46629213483146065,0.5118350355777144,0.376984126984127,"{""y0_a0"": {""n"": 31, ""accuracy"": 0.9032258064516129}, ""y0_a1"": {""n"": 252, ""accuracy"": 0.376984126984127}, ""y1_a0"": {""n"": 64, ""accuracy"": 0.53125}, ""y1_a1"": {""n"": 9, ""accuracy"": 1.0}}",0.27984123849674486
corr,ruler_fixed,dinov2_b14_224,mte,1.0,456,clean,0.751052809913355,,0.751052809913355,356,73,0,0.6741573033707865,0.6934023912096423,,"{""y0_a0"": {""n"": 283, ""accuracy"": 0.6607773851590106}, ""y0_a1"": {""n"": 0, ""accuracy"": NaN}, ""y1_a0"": {""n"": 73, ""accuracy"": 0.726027397260274}, ""y1_a1"": {""n"": 0, ""accuracy"": NaN}}",0.27072588439014894
corr,ruler_fixed,dinov2_b14_224,mte,1.0,456,test_corr,0.8677573938719202,0.7358597285067874,0.9105058365758756,356,73,94,0.6825842696629213,0.7546105813446924,0.34615384615384615,"{""y0_a0"": {""n"": 257, ""accuracy"": 0.6614785992217899}, ""y0_a1"": {""n"": 26, ""accuracy"": 0.34615384615384615}, ""y1_a0"": {""n"": 5, ""accuracy"": 1.0}, ""y1_a1"": {""n"": 68, ""accuracy"": 0.8676470588235294}}",0.27072588439014894
corr,ruler_fixed,dinov2_b14_224,mte,1.0,456,test_rev,0.6168255965922842,0.8474426807760141,0.7308467741935484,356,73,261,0.4410112359550562,0.5467592816690062,0.3333333333333333,"{""y0_a0"": {""n"": 31, ""accuracy"": 0.6451612903225806}, ""y0_a1"": {""n"": 252, ""accuracy"": 0.3333333333333333}, ""y1_a0"": {""n"": 64, ""accuracy"": 0.6875}, ""y1_a1"": {""n"": 9, ""accuracy"": 1.0}}",0.27072588439014894
corr,ruler_fixed,dinov2_b14_224,mte_balanced,1.0,456,clean,0.7324168643206351,,0.7324168643206351,356,73,0,0.7106741573033708,0.670627813543734,,"{""y0_a0"": {""n"": 283, ""accuracy"": 0.7385159010600707}, ""y0_a1"": {""n"": 0, ""accuracy"": NaN}, ""y1_a0"": {""n"": 73, ""accuracy"": 0.6027397260273972}, ""y1_a1"": {""n"": 0, ""accuracy"": NaN}}",0.3882355303260021
corr,ruler_fixed,dinov2_b14_224,mte_balanced,1.0,456,test_corr,0.780483082433806,0.7047511312217194,0.8972762645914396,356,73,94,0.7219101123595506,0.6980250738177065,0.6470588235294118,"{""y0_a0"": {""n"": 257, ""accuracy"": 0.7431906614785992}, ""y0_a1"": {""n"": 26, ""accuracy"": 0.6923076923076923}, ""y1_a0"": {""n"": 5, ""accuracy"": 0.8}, ""y1_a1"": {""n"": 68, ""accuracy"": 0.6470588235294118}}",0.3882355303260021
corr,ruler_fixed,dinov2_b14_224,mte_balanced,1.0,456,test_rev,0.7016312503025315,0.7764550264550265,0.7116935483870968,356,73,261,0.6938202247191011,0.6651096374461494,0.59375,"{""y0_a0"": {""n"": 31, ""accuracy"": 0.7096774193548387}, ""y0_a1"": {""n"": 252, ""accuracy"": 0.7142857142857143}, ""y1_a0"": {""n"": 64, ""accuracy"": 0.59375}, ""y1_a1"": {""n"": 9, ""accuracy"": 0.7777777777777778}}",0.3882355303260021
corr,ruler_fixed,dinov2_b14_224,ui2e,1.0,456,clean,0.8106878358100585,,0.8106878358100585,356,73,0,0.7752808988764045,0.7315939784113461,,"{""y0_a0"": {""n"": 283, ""accuracy"": 0.8056537102473498}, ""y0_a1"": {""n"": 0, ""accuracy"": NaN}, ""y1_a0"": {""n"": 73, ""accuracy"": 0.6575342465753424}, ""y1_a1"": {""n"": 0, ""accuracy"": NaN}}",0.35104021033436933
corr,ruler_fixed,dinov2_b14_224,ui2e,1.0,456,test_corr,0.9325233554383078,0.8020361990950226,0.8856031128404669,356,73,94,0.8033707865168539,0.8509124352582409,0.46153846153846156,"{""y0_a0"": {""n"": 257, ""accuracy"": 0.8015564202334631}, ""y0_a1"": {""n"": 26, ""accuracy"": 0.46153846153846156}, ""y1_a0"": {""n"": 5, ""accuracy"": 0.8}, ""y1_a1"": {""n"": 68, ""accuracy"": 0.9411764705882353}}",0.35104021033436933
corr,ruler_fixed,dinov2_b14_224,ui2e,1.0,456,test_rev,0.5892347161043613,0.8011463844797178,0.8351814516129032,356,73,261,0.4859550561797753,0.55469771044097,0.38095238095238093,"{""y0_a0"": {""n"": 31, ""accuracy"": 0.9032258064516129}, ""y0_a1"": {""n"": 252, ""accuracy"": 0.38095238095238093}, ""y1_a0"": {""n"": 64, ""accuracy"": 0.640625}, ""y1_a1"": {""n"": 9, ""accuracy"": 0.8888888888888888}}",0.35104021033436933
corr,ruler_fixed,dinov2_b14_224,ui2e_balanced,1.0,456,clean,0.7926811559126773,,0.7926811559126773,356,73,0,0.7640449438202247,0.6737015344401955,,"{""y0_a0"": {""n"": 283, ""accuracy"": 0.8268551236749117}, ""y0_a1"": {""n"": 0, ""accuracy"": NaN}, ""y1_a0"": {""n"": 73, ""accuracy"": 0.5205479452054794}, ""y1_a1"": {""n"": 0, ""accuracy"": NaN}}",0.5032160666958143
corr,ruler_fixed,dinov2_b14_224,ui2e_balanced,1.0,456,test_corr,0.8230311244493925,0.7692307692307693,0.8357976653696498,356,73,94,0.7780898876404494,0.7130306403988576,0.6,"{""y0_a0"": {""n"": 257, ""accuracy"": 0.8287937743190662}, ""y0_a1"": {""n"": 26, ""accuracy"": 0.7692307692307693}, ""y1_a0"": {""n"": 5, ""accuracy"": 0.6}, ""y1_a1"": {""n"": 68, ""accuracy"": 0.6029411764705882}}",0.5032160666958143
corr,ruler_fixed,dinov2_b14_224,ui2e_balanced,1.0,456,test_rev,0.7456798489762332,0.7954144620811288,0.8064516129032258,356,73,261,0.7247191011235955,0.6540490827242365,0.515625,"{""y0_a0"": {""n"": 31, ""accuracy"": 0.8709677419354839}, ""y0_a1"": {""n"": 252, ""accuracy"": 0.7619047619047619}, ""y1_a0"": {""n"": 64, ""accuracy"": 0.515625}, ""y1_a1"": {""n"": 9, ""accuracy"": 0.6666666666666666}}",0.5032160666958143
corr,ruler_fixed,dinov2_b14_224,umte,1.0,456,clean,0.7366765090275424,,0.7366765090275424,356,73,0,0.6292134831460674,0.6752989012052859,,"{""y0_a0"": {""n"": 283, ""accuracy"": 0.5971731448763251}, ""y0_a1"": {""n"": 0, ""accuracy"": NaN}, ""y1_a0"": {""n"": 73, ""accuracy"": 0.7534246575342466}, ""y1_a1"": {""n"": 0, ""accuracy"": NaN}}",0.1012318867683851
corr,ruler_fixed,dinov2_b14_224,umte,1.0,456,test_corr,0.9529986930635559,0.667420814479638,0.9097276264591441,356,73,94,0.648876404494382,0.7791519434628975,0.0,"{""y0_a0"": {""n"": 257, ""accuracy"": 0.6147859922178989}, ""y0_a1"": {""n"": 26, ""accuracy"": 0.0}, ""y1_a0"": {""n"": 5, ""accuracy"": 1.0}, ""y1_a1"": {""n"": 68, ""accuracy"": 1.0}}",0.1012318867683851
corr,ruler_fixed,dinov2_b14_224,umte,1.0,456,test_rev,0.31250302531584295,0.7835097001763669,0.7258064516129032,356,73,261,0.2050561797752809,0.41359697952466234,0.0,"{""y0_a0"": {""n"": 31, ""accuracy"": 0.5483870967741935}, ""y0_a1"": {""n"": 252, ""accuracy"": 0.0}, ""y1_a0"": {""n"": 64, ""accuracy"": 0.734375}, ""y1_a1"": {""n"": 9, ""accuracy"": 1.0}}",0.1012318867683851
corr,ruler_fixed,dinov2_b14_224,umte_balanced,1.0,456,clean,0.7263178275811993,,0.7263178275811993,356,73,0,0.7191011235955056,0.6606805750520355,,"{""y0_a0"": {""n"": 283, ""accuracy"": 0.7597173144876325}, ""y0_a1"": {""n"": 0, ""accuracy"": NaN}, ""y1_a0"": {""n"": 73, ""accuracy"": 0.5616438356164384}, ""y1_a1"": {""n"": 0, ""accuracy"": NaN}}",0.36735960275701673
corr,ruler_fixed,dinov2_b14_224,umte_balanced,1.0,456,test_corr,0.8349871726608258,0.6640271493212669,0.9190661478599221,356,73,94,0.7387640449438202,0.7340384336124692,0.46153846153846156,"{""y0_a0"": {""n"": 257, ""accuracy"": 0.7704280155642024}, ""y0_a1"": {""n"": 26, ""accuracy"": 0.46153846153846156}, ""y1_a0"": {""n"": 5, ""accuracy"": 0.8}, ""y1_a1"": {""n"": 68, ""accuracy"": 0.7205882352941176}}",0.36735960275701673
corr,ruler_fixed,dinov2_b14_224,umte_balanced,1.0,456,test_rev,0.6234570889200832,0.7932098765432098,0.7106854838709677,356,73,261,0.5786516853932584,0.5774238830533908,0.546875,"{""y0_a0"": {""n"": 31, ""accuracy"": 0.7419354838709677}, ""y0_a1"": {""n"": 252, ""accuracy"": 0.5595238095238095}, ""y1_a0"": {""n"": 64, ""accuracy"": 0.546875}, ""y1_a1"": {""n"": 9, ""accuracy"": 0.7777777777777778}}",0.36735960275701673
