image_id,image_path,mask_path,MEL,lesion_group,phash_hex,phash_group,split
ISIC_0000000,/root/derm_pilot_v100/data/isic2018_raw/ISIC2018_Task1-2_Training_Input/ISIC_0000000.jpg,/root/isic_overlap_pilot_self_contained/data/isic2018/raw/task1_masks/ISIC2018_Task1_Training_GroundTruth/ISIC_0000000_segmentation.png,0,,ad61c01d9f9a3ac3,0,train
ISIC_0000001,/root/derm_pilot_v100/data/isic2018_raw/ISIC2018_Task1-2_Training_Input/ISIC_0000001.jpg,/root/isic_overlap_pilot_self_contained/data/isic2018/raw/task1_masks/ISIC2018_Task1_Training_GroundTruth/ISIC_0000001_segmentation.png,0,,b331cccc333389cb,1,test
ISIC_0000003,/root/derm_pilot_v100/data/isic2018_raw/ISIC2018_Task1-2_Training_Input/ISIC_0000003.jpg,/root/isic_overlap_pilot_self_contained/data/isic2018/raw/task1_masks/ISIC2018_Task1_Training_GroundTruth/ISIC_0000003_segmentation.png,0,,e1709694cd63c9cd,2,train
ISIC_0000004,/root/derm_pilot_v100/data/isic2018_raw/ISIC2018_Task1-2_Training_Input/ISIC_0000004.jpg,/root/isic_overlap_pilot_self_contained/data/isic2018/raw/task1_masks/ISIC2018_Task1_Training_GroundTruth/ISIC_0000004_segmentation.png,1,,966d693231936793,3,test
ISIC_0000006,/root/derm_pilot_v100/data/isic2018_raw/ISIC2018_Task1-2_Training_Input/ISIC_0000006.jpg,/root/isic_overlap_pilot_self_contained/data/isic2018/raw/task1_masks/ISIC2018_Task1_Training_GroundTruth/ISIC_0000006_segmentation.png,0,,800704d9177657ff,4,train
ISIC_0000007,/root/derm_pilot_v100/data/isic2018_raw/ISIC2018_Task1-2_Training_Input/ISIC_0000007.jpg,/root/isic_overlap_pilot_self_contained/data/isic2018/raw/task1_masks/ISIC2018_Task1_Training_GroundTruth/ISIC_0000007_segmentation.png,0,,8005811b376e5ffb,5,train
ISIC_0000008,/root/derm_pilot_v100/data/isic2018_raw/ISIC2018_Task1-2_Training_Input/ISIC_0000008.jpg,/root/isic_overlap_pilot_self_contained/data/isic2018/raw/task1_masks/ISIC2018_Task1_Training_GroundTruth/ISIC_0000008_segmentation.png,0,,b1c7c61ecc31cc33,6,test
ISIC_0000009,/root/derm_pilot_v100/data/isic2018_raw/ISIC2018_Task1-2_Training_Input/ISIC_0000009.jpg,/root/isic_overlap_pilot_self_contained/data/isic2018/raw/task1_masks/ISIC2018_Task1_Training_GroundTruth/ISIC_0000009_segmentation.png,0,,b013c545141f75fb,7,train
ISIC_0000011,/root/derm_pilot_v100/data/isic2018_raw/ISIC2018_Task1-2_Training_Input/ISIC_0000011.jpg,/root/isic_overlap_pilot_self_contained/data/isic2018/raw/task1_masks/ISIC2018_Task1_Training_GroundTruth/ISIC_0000011_segmentation.png,0,,8066159b5f6a7726,8,train
ISIC_0000012,/root/derm_pilot_v100/data/isic2018_raw/ISIC2018_Task1-2_Training_Input/ISIC_0000012.jpg,/root/isic_overlap_pilot_self_contained/data/isic2018/raw/task1_masks/ISIC2018_Task1_Training_GroundTruth/ISIC_0000012_segmentation.png,0,,a24ccc73738c8db3,9,train
ISIC_0000013,/root/derm_pilot_v100/data/isic2018_raw/ISIC2018_Task1-2_Training_Input/ISIC_0000013.jpg,/root/isic_overlap_pilot_self_contained/data/isic2018/raw/task1_masks/ISIC2018_Task1_Training_GroundTruth/ISIC_0000013_segmentation.png,1,,b419cb654d963339,10,train
ISIC_0000014,/root/derm_pilot_v100/data/isic2018_raw/ISIC2018_Task1-2_Training_Input/ISIC_0000014.jpg,/root/isic_overlap_pilot_self_contained/data/isic2018/raw/task1_masks/ISIC2018_Task1_Training_GroundTruth/ISIC_0000014_segmentation.png,0,,a045c11f51f317cf,11,train
ISIC_0000015,/root/derm_pilot_v100/data/isic2018_raw/ISIC2018_Task1-2_Training_Input/ISIC_0000015.jpg,/root/isic_overlap_pilot_self_contained/data/isic2018/raw/task1_masks/ISIC2018_Task1_Training_GroundTruth/ISIC_0000015_segmentation.png,0,,a03789c704de3773,12,train
ISIC_0000016,/root/derm_pilot_v100/data/isic2018_raw/ISIC2018_Task1-2_Training_Input/ISIC_0000016.jpg,/root/isic_overlap_pilot_self_contained/data/isic2018/raw/task1_masks/ISIC2018_Task1_Training_GroundTruth/ISIC_0000016_segmentation.png,0,,b424cdcb93989c9b,13,train
ISIC_0000017,/root/derm_pilot_v100/data/isic2018_raw/ISIC2018_Task1-2_Training_Input/ISIC_0000017.jpg,/root/isic_overlap_pilot_self_contained/data/isic2018/raw/task1_masks/ISIC2018_Task1_Training_GroundTruth/ISIC_0000017_segmentation.png,0,,b230cdcf303c66d3,14,train
ISIC_0000018,/root/derm_pilot_v100/data/isic2018_raw/ISIC2018_Task1-2_Training_Input/ISIC_0000018.jpg,/root/isic_overlap_pilot_self_contained/data/isic2018/raw/task1_masks/ISIC2018_Task1_Training_GroundTruth/ISIC_0000018_segmentation.png,0,,b53ccec3331c3568,15,val
ISIC_0000019,/root/derm_pilot_v100/data/isic2018_raw/ISIC2018_Task1-2_Training_Input/ISIC_0000019.jpg,/root/isic_overlap_pilot_self_contained/data/isic2018/raw/task1_masks/ISIC2018_Task1_Training_GroundTruth/ISIC_0000019_segmentation.png,0,,b4cdcb251d3074ce,16,train
ISIC_0000020,/root/derm_pilot_v100/data/isic2018_raw/ISIC2018_Task1-2_Training_Input/ISIC_0000020.jpg,/root/isic_overlap_pilot_self_contained/data/isic2018/raw/task1_masks/ISIC2018_Task1_Training_GroundTruth/ISIC_0000020_segmentation.png,0,,b073cdcc3c984e39,17,train
ISIC_0000021,/root/derm_pilot_v100/data/isic2018_raw/ISIC2018_Task1-2_Training_Input/ISIC_0000021.jpg,/root/isic_overlap_pilot_self_contained/data/isic2018/raw/task1_masks/ISIC2018_Task1_Training_GroundTruth/ISIC_0000021_segmentation.png,0,,b19c8ac1cc3a5d67,18,test
ISIC_0000022,/root/derm_pilot_v100/data/isic2018_raw/ISIC2018_Task1-2_Training_Input/ISIC_0000022.jpg,/root/isic_overlap_pilot_self_contained/data/isic2018/raw/task1_masks/ISIC2018_Task1_Training_GroundTruth/ISIC_0000022_segmentation.png,1,,a545c699197672d9,19,train
ISIC_0000023,/root/derm_pilot_v100/data/isic2018_raw/ISIC2018_Task1-2_Training_Input/ISIC_0000023.jpg,/root/isic_overlap_pilot_self_contained/data/isic2018/raw/task1_masks/ISIC2018_Task1_Training_GroundTruth/ISIC_0000023_segmentation.png,0,,e76198966d752629,20,train
ISIC_0000024,/root/derm_pilot_v100/data/isic2018_raw/ISIC2018_Task1-2_Training_Input/ISIC_0000024.jpg,/root/isic_overlap_pilot_self_contained/data/isic2018/raw/task1_masks/ISIC2018_Task1_Training_GroundTruth/ISIC_0000024_segmentation.png,0,,a4b4cfca19356517,21,train
ISIC_0000025,/root/derm_pilot_v100/data/isic2018_raw/ISIC2018_Task1-2_Training_Input/ISIC_0000025.jpg,/root/isic_overlap_pilot_self_contained/data/isic2018/raw/task1_masks/ISIC2018_Task1_Training_GroundTruth/ISIC_0000025_segmentation.png,0,,b1cccb334c3372cc,22,train
ISIC_0000026,/root/derm_pilot_v100/data/isic2018_raw/ISIC2018_Task1-2_Training_Input/ISIC_0000026.jpg,/root/isic_overlap_pilot_self_contained/data/isic2018/raw/task1_masks/ISIC2018_Task1_Training_GroundTruth/ISIC_0000026_segmentation.png,1,,eb91966259cc2cba,23,train
ISIC_0000027,/root/derm_pilot_v100/data/isic2018_raw/ISIC2018_Task1-2_Training_Input/ISIC_0000027.jpg,/root/isic_overlap_pilot_self_contained/data/isic2018/raw/task1_masks/ISIC2018_Task1_Training_GroundTruth/ISIC_0000027_segmentation.png,0,,b3f3cc8630cc27a5,24,val
ISIC_0000028,/root/derm_pilot_v100/data/isic2018_raw/ISIC2018_Task1-2_Training_Input/ISIC_0000028.jpg,/root/isic_overlap_pilot_self_contained/data/isic2018/raw/task1_masks/ISIC2018_Task1_Training_GroundTruth/ISIC_0000028_segmentation.png,0,,b0c7cb3a646972c6,25,train
ISIC_0000029,/root/derm_pilot_v100/data/isic2018_raw/ISIC2018_Task1-2_Training_Input/ISIC_0000029.jpg,/root/isic_overlap_pilot_self_contained/data/isic2018/raw/task1_masks/ISIC2018_Task1_Training_GroundTruth/ISIC_0000029_segmentation.png,1,,e01896e3cacf9966,26,train
ISIC_0000030,/root/derm_pilot_v100/data/isic2018_raw/ISIC2018_Task1-2_Training_Input/ISIC_0000030.jpg,/root/isic_overlap_pilot_self_contained/data/isic2018/raw/task1_masks/ISIC2018_Task1_Training_GroundTruth/ISIC_0000030_segmentation.png,1,,816fc5961f38969a,27,val
ISIC_0000031,/root/derm_pilot_v100/data/isic2018_raw/ISIC2018_Task1-2_Training_Input/ISIC_0000031.jpg,/root/isic_overlap_pilot_self_contained/data/isic2018/raw/task1_masks/ISIC2018_Task1_Training_GroundTruth/ISIC_0000031_segmentation.png,1,,8193564c4f6659f3,28,train
ISIC_0000032,/root/derm_pilot_v100/data/isic2018_raw/ISIC2018_Task1-2_Training_Input/ISIC_0000032.jpg,/root/isic_overlap_pilot_self_contained/data/isic2018/raw/task1_masks/ISIC2018_Task1_Training_GroundTruth/ISIC_0000032_segmentation.png,0,,f4568ba989632ab6,29,train
ISIC_0000034,/root/derm_pilot_v100/data/isic2018_raw/ISIC2018_Task1-2_Training_Input/ISIC_0000034.jpg,/root/isic_overlap_pilot_self_contained/data/isic2018/raw/task1_masks/ISIC2018_Task1_Training_GroundTruth/ISIC_0000034_segmentation.png,0,,e1969469619667da,30,train
ISIC_0000035,/root/derm_pilot_v100/data/isic2018_raw/ISIC2018_Task1-2_Training_Input/ISIC_0000035.jpg,/root/isic_overlap_pilot_self_contained/data/isic2018/raw/task1_masks/ISIC2018_Task1_Training_GroundTruth/ISIC_0000035_segmentation.png,1,,a06e81ebc79c0d73,31,train
ISIC_0000036,/root/derm_pilot_v100/data/isic2018_raw/ISIC2018_Task1-2_Training_Input/ISIC_0000036.jpg,/root/isic_overlap_pilot_self_contained/data/isic2018/raw/task1_masks/ISIC2018_Task1_Training_GroundTruth/ISIC_0000036_segmentation.png,1,,90924bca4fc33c3f,32,test
ISIC_0000037,/root/derm_pilot_v100/data/isic2018_raw/ISIC2018_Task1-2_Training_Input/ISIC_0000037.jpg,/root/isic_overlap_pilot_self_contained/data/isic2018/raw/task1_masks/ISIC2018_Task1_Training_GroundTruth/ISIC_0000037_segmentation.png,0,,e06f84b81591977e,33,train
ISIC_0000038,/root/derm_pilot_v100/data/isic2018_raw/ISIC2018_Task1-2_Training_Input/ISIC_0000038.jpg,/root/isic_overlap_pilot_self_contained/data/isic2018/raw/task1_masks/ISIC2018_Task1_Training_GroundTruth/ISIC_0000038_segmentation.png,0,,b8c6943bc6686d95,34,train
ISIC_0000039,/root/derm_pilot_v100/data/isic2018_raw/ISIC2018_Task1-2_Training_Input/ISIC_0000039.jpg,/root/isic_overlap_pilot_self_contained/data/isic2018/raw/task1_masks/ISIC2018_Task1_Training_GroundTruth/ISIC_0000039_segmentation.png,0,,b088cb6c6c3333db,35,val
ISIC_0000040,/root/derm_pilot_v100/data/isic2018_raw/ISIC2018_Task1-2_Training_Input/ISIC_0000040.jpg,/root/isic_overlap_pilot_self_contained/data/isic2018/raw/task1_masks/ISIC2018_Task1_Training_GroundTruth/ISIC_0000040_segmentation.png,1,,b038c6cf213357bc,36,train
ISIC_0000041,/root/derm_pilot_v100/data/isic2018_raw/ISIC2018_Task1-2_Training_Input/ISIC_0000041.jpg,/root/isic_overlap_pilot_self_contained/data/isic2018/raw/task1_masks/ISIC2018_Task1_Training_GroundTruth/ISIC_0000041_segmentation.png,0,,b126cccc3166c773,37,train
ISIC_0000042,/root/derm_pilot_v100/data/isic2018_raw/ISIC2018_Task1-2_Training_Input/ISIC_0000042.jpg,/root/isic_overlap_pilot_self_contained/data/isic2018/raw/task1_masks/ISIC2018_Task1_Training_GroundTruth/ISIC_0000042_segmentation.png,0,,e4959acb195c3467,38,val
ISIC_0000043,/root/derm_pilot_v100/data/isic2018_raw/ISIC2018_Task1-2_Training_Input/ISIC_0000043.jpg,/root/isic_overlap_pilot_self_contained/data/isic2018/raw/task1_masks/ISIC2018_Task1_Training_GroundTruth/ISIC_0000043_segmentation.png,1,,b5d4d04ecf614d32,39,train
ISIC_0000044,/root/derm_pilot_v100/data/isic2018_raw/ISIC2018_Task1-2_Training_Input/ISIC_0000044.jpg,/root/isic_overlap_pilot_self_contained/data/isic2018/raw/task1_masks/ISIC2018_Task1_Training_GroundTruth/ISIC_0000044_segmentation.png,0,,a53fc0e0932b1dce,40,test
ISIC_0000045,/root/derm_pilot_v100/data/isic2018_raw/ISIC2018_Task1-2_Training_Input/ISIC_0000045.jpg,/root/isic_overlap_pilot_self_contained/data/isic2018/raw/task1_masks/ISIC2018_Task1_Training_GroundTruth/ISIC_0000045_segmentation.png,0,,90344bc34ecf4bce,41,test
ISIC_0000046,/root/derm_pilot_v100/data/isic2018_raw/ISIC2018_Task1-2_Training_Input/ISIC_0000046.jpg,/root/isic_overlap_pilot_self_contained/data/isic2018/raw/task1_masks/ISIC2018_Task1_Training_GroundTruth/ISIC_0000046_segmentation.png,1,,b436c0d94fc719b4,42,train
ISIC_0000047,/root/derm_pilot_v100/data/isic2018_raw/ISIC2018_Task1-2_Training_Input/ISIC_0000047.jpg,/root/isic_overlap_pilot_self_contained/data/isic2018/raw/task1_masks/ISIC2018_Task1_Training_GroundTruth/ISIC_0000047_segmentation.png,0,,b218cdc7343c33cd,43,train
ISIC_0000048,/root/derm_pilot_v100/data/isic2018_raw/ISIC2018_Task1-2_Training_Input/ISIC_0000048.jpg,/root/isic_overlap_pilot_self_contained/data/isic2018/raw/task1_masks/ISIC2018_Task1_Training_GroundTruth/ISIC_0000048_segmentation.png,0,,91cccc3314e373dc,44,train
ISIC_0000049,/root/derm_pilot_v100/data/isic2018_raw/ISIC2018_Task1-2_Training_Input/ISIC_0000049.jpg,/root/isic_overlap_pilot_self_contained/data/isic2018/raw/task1_masks/ISIC2018_Task1_Training_GroundTruth/ISIC_0000049_segmentation.png,1,,ed94d14b96385b85,45,val
ISIC_0000050,/root/derm_pilot_v100/data/isic2018_raw/ISIC2018_Task1-2_Training_Input/ISIC_0000050.jpg,/root/isic_overlap_pilot_self_contained/data/isic2018/raw/task1_masks/ISIC2018_Task1_Training_GroundTruth/ISIC_0000050_segmentation.png,0,,e39d947248cd257a,46,train
ISIC_0000051,/root/derm_pilot_v100/data/isic2018_raw/ISIC2018_Task1-2_Training_Input/ISIC_0000051.jpg,/root/isic_overlap_pilot_self_contained/data/isic2018/raw/task1_masks/ISIC2018_Task1_Training_GroundTruth/ISIC_0000051_segmentation.png,0,,a5679a9a4c61616f,47,train
ISIC_0000052,/root/derm_pilot_v100/data/isic2018_raw/ISIC2018_Task1-2_Training_Input/ISIC_0000052.jpg,/root/isic_overlap_pilot_self_contained/data/isic2018/raw/task1_masks/ISIC2018_Task1_Training_GroundTruth/ISIC_0000052_segmentation.png,0,,e84a85ad96d69ac3,48,test
ISIC_0000053,/root/derm_pilot_v100/data/isic2018_raw/ISIC2018_Task1-2_Training_Input/ISIC_0000053.jpg,/root/isic_overlap_pilot_self_contained/data/isic2018/raw/task1_masks/ISIC2018_Task1_Training_GroundTruth/ISIC_0000053_segmentation.png,0,,b13cc0cd1b33e527,49,train
ISIC_0000054,/root/derm_pilot_v100/data/isic2018_raw/ISIC2018_Task1-2_Training_Input/ISIC_0000054.jpg,/root/isic_overlap_pilot_self_contained/data/isic2018/raw/task1_masks/ISIC2018_Task1_Training_GroundTruth/ISIC_0000054_segmentation.png,1,,a4cf9b306cca929b,50,train
ISIC_0000055,/root/derm_pilot_v100/data/isic2018_raw/ISIC2018_Task1-2_Training_Input/ISIC_0000055.jpg,/root/isic_overlap_pilot_self_contained/data/isic2018/raw/task1_masks/ISIC2018_Task1_Training_GroundTruth/ISIC_0000055_segmentation.png,0,,e9b59c4a91590d4f,51,train
ISIC_0000056,/root/derm_pilot_v100/data/isic2018_raw/ISIC2018_Task1-2_Training_Input/ISIC_0000056.jpg,/root/isic_overlap_pilot_self_contained/data/isic2018/raw/task1_masks/ISIC2018_Task1_Training_GroundTruth/ISIC_0000056_segmentation.png,1,,e06e97b493584ec9,52,train
ISIC_0000057,/root/derm_pilot_v100/data/isic2018_raw/ISIC2018_Task1-2_Training_Input/ISIC_0000057.jpg,/root/isic_overlap_pilot_self_contained/data/isic2018/raw/task1_masks/ISIC2018_Task1_Training_GroundTruth/ISIC_0000057_segmentation.png,0,,a2ce8d381367cc9b,53,val
ISIC_0000058,/root/derm_pilot_v100/data/isic2018_raw/ISIC2018_Task1-2_Training_Input/ISIC_0000058.jpg,/root/isic_overlap_pilot_self_contained/data/isic2018/raw/task1_masks/ISIC2018_Task1_Training_GroundTruth/ISIC_0000058_segmentation.png,0,,a46ddb921cc919d3,54,val
ISIC_0000059,/root/derm_pilot_v100/data/isic2018_raw/ISIC2018_Task1-2_Training_Input/ISIC_0000059.jpg,/root/isic_overlap_pilot_self_contained/data/isic2018/raw/task1_masks/ISIC2018_Task1_Training_GroundTruth/ISIC_0000059_segmentation.png,0,,b4cf8eb139283396,55,train
ISIC_0000060,/root/derm_pilot_v100/data/isic2018_raw/ISIC2018_Task1-2_Training_Input/ISIC_0000060.jpg,/root/isic_overlap_pilot_self_contained/data/isic2018/raw/task1_masks/ISIC2018_Task1_Training_GroundTruth/ISIC_0000060_segmentation.png,0,,b0c3cb6c279919ce,56,train
ISIC_0000061,/root/derm_pilot_v100/data/isic2018_raw/ISIC2018_Task1-2_Training_Input/ISIC_0000061.jpg,/root/isic_overlap_pilot_self_contained/data/isic2018/raw/task1_masks/ISIC2018_Task1_Training_GroundTruth/ISIC_0000061_segmentation.png,0,,a1cf9e6ccd316413,57,train
ISIC_0000062,/root/derm_pilot_v100/data/isic2018_raw/ISIC2018_Task1-2_Training_Input/ISIC_0000062.jpg,/root/isic_overlap_pilot_self_contained/data/isic2018/raw/task1_masks/ISIC2018_Task1_Training_GroundTruth/ISIC_0000062_segmentation.png,0,,b35ccc6633994b62,58,train
ISIC_0000063,/root/derm_pilot_v100/data/isic2018_raw/ISIC2018_Task1-2_Training_Input/ISIC_0000063.jpg,/root/isic_overlap_pilot_self_contained/data/isic2018/raw/task1_masks/ISIC2018_Task1_Training_GroundTruth/ISIC_0000063_segmentation.png,0,,b498c34d8d66d267,59,train
ISIC_0000064,/root/derm_pilot_v100/data/isic2018_raw/ISIC2018_Task1-2_Training_Input/ISIC_0000064.jpg,/root/isic_overlap_pilot_self_contained/data/isic2018/raw/task1_masks/ISIC2018_Task1_Training_GroundTruth/ISIC_0000064_segmentation.png,0,,b4c3cb3ccc64c933,60,train
ISIC_0000065,/root/derm_pilot_v100/data/isic2018_raw/ISIC2018_Task1-2_Training_Input/ISIC_0000065.jpg,/root/isic_overlap_pilot_self_contained/data/isic2018/raw/task1_masks/ISIC2018_Task1_Training_GroundTruth/ISIC_0000065_segmentation.png,0,,b997c0683eb560da,61,train
ISIC_0000066,/root/derm_pilot_v100/data/isic2018_raw/ISIC2018_Task1-2_Training_Input/ISIC_0000066.jpg,/root/isic_overlap_pilot_self_contained/data/isic2018/raw/task1_masks/ISIC2018_Task1_Training_GroundTruth/ISIC_0000066_segmentation.png,0,,bc67c0b48f1b6899,62,train
ISIC_0000067,/root/derm_pilot_v100/data/isic2018_raw/ISIC2018_Task1-2_Training_Input/ISIC_0000067.jpg,/root/isic_overlap_pilot_self_contained/data/isic2018/raw/task1_masks/ISIC2018_Task1_Training_GroundTruth/ISIC_0000067_segmentation.png,0,,b223c96cce2e3cb1,63,train
ISIC_0000068,/root/derm_pilot_v100/data/isic2018_raw/ISIC2018_Task1-2_Training_Input/ISIC_0000068.jpg,/root/isic_overlap_pilot_self_contained/data/isic2018/raw/task1_masks/ISIC2018_Task1_Training_GroundTruth/ISIC_0000068_segmentation.png,0,,b4cbc03f49743c33,64,train
ISIC_0000069,/root/derm_pilot_v100/data/isic2018_raw/ISIC2018_Task1-2_Training_Input/ISIC_0000069.jpg,/root/isic_overlap_pilot_self_contained/data/isic2018/raw/task1_masks/ISIC2018_Task1_Training_GroundTruth/ISIC_0000069_segmentation.png,0,,9155c4aa30eb53d7,65,train
ISIC_0000071,/root/derm_pilot_v100/data/isic2018_raw/ISIC2018_Task1-2_Training_Input/ISIC_0000071.jpg,/root/isic_overlap_pilot_self_contained/data/isic2018/raw/task1_masks/ISIC2018_Task1_Training_GroundTruth/ISIC_0000071_segmentation.png,0,,d2b44fc33c9e248d,66,train
ISIC_0000072,/root/derm_pilot_v100/data/isic2018_raw/ISIC2018_Task1-2_Training_Input/ISIC_0000072.jpg,/root/isic_overlap_pilot_self_contained/data/isic2018/raw/task1_masks/ISIC2018_Task1_Training_GroundTruth/ISIC_0000072_segmentation.png,0,,804f4566578f5fc8,67,train
ISIC_0000073,/root/derm_pilot_v100/data/isic2018_raw/ISIC2018_Task1-2_Training_Input/ISIC_0000073.jpg,/root/isic_overlap_pilot_self_contained/data/isic2018/raw/task1_masks/ISIC2018_Task1_Training_GroundTruth/ISIC_0000073_segmentation.png,0,,bd92c26b4fe43492,68,test
ISIC_0000074,/root/derm_pilot_v100/data/isic2018_raw/ISIC2018_Task1-2_Training_Input/ISIC_0000074.jpg,/root/isic_overlap_pilot_self_contained/data/isic2018/raw/task1_masks/ISIC2018_Task1_Training_GroundTruth/ISIC_0000074_segmentation.png,1,,a023859c0fc97d7b,69,val
ISIC_0000075,/root/derm_pilot_v100/data/isic2018_raw/ISIC2018_Task1-2_Training_Input/ISIC_0000075.jpg,/root/isic_overlap_pilot_self_contained/data/isic2018/raw/task1_masks/ISIC2018_Task1_Training_GroundTruth/ISIC_0000075_segmentation.png,0,,a1e9952497659f94,70,train
ISIC_0000078,/root/derm_pilot_v100/data/isic2018_raw/ISIC2018_Task1-2_Training_Input/ISIC_0000078.jpg,/root/isic_overlap_pilot_self_contained/data/isic2018/raw/task1_masks/ISIC2018_Task1_Training_GroundTruth/ISIC_0000078_segmentation.png,1,,80051953676f53df,71,train
ISIC_0000079,/root/derm_pilot_v100/data/isic2018_raw/ISIC2018_Task1-2_Training_Input/ISIC_0000079.jpg,/root/isic_overlap_pilot_self_contained/data/isic2018/raw/task1_masks/ISIC2018_Task1_Training_GroundTruth/ISIC_0000079_segmentation.png,0,,80150157775e5d7b,72,train
ISIC_0000080,/root/derm_pilot_v100/data/isic2018_raw/ISIC2018_Task1-2_Training_Input/ISIC_0000080.jpg,/root/isic_overlap_pilot_self_contained/data/isic2018/raw/task1_masks/ISIC2018_Task1_Training_GroundTruth/ISIC_0000080_segmentation.png,0,,f098cf673c9c3341,73,val
ISIC_0000081,/root/derm_pilot_v100/data/isic2018_raw/ISIC2018_Task1-2_Training_Input/ISIC_0000081.jpg,/root/isic_overlap_pilot_self_contained/data/isic2018/raw/task1_masks/ISIC2018_Task1_Training_GroundTruth/ISIC_0000081_segmentation.png,0,,b106ce3933e7319c,74,train
ISIC_0000082,/root/derm_pilot_v100/data/isic2018_raw/ISIC2018_Task1-2_Training_Input/ISIC_0000082.jpg,/root/isic_overlap_pilot_self_contained/data/isic2018/raw/task1_masks/ISIC2018_Task1_Training_GroundTruth/ISIC_0000082_segmentation.png,0,,f1b19ac6cccc2693,75,train
ISIC_0000085,/root/derm_pilot_v100/data/isic2018_raw/ISIC2018_Task1-2_Training_Input/ISIC_0000085.jpg,/root/isic_overlap_pilot_self_contained/data/isic2018/raw/task1_masks/ISIC2018_Task1_Training_GroundTruth/ISIC_0000085_segmentation.png,0,,a6d89966608b96ed,76,val
ISIC_0000086,/root/derm_pilot_v100/data/isic2018_raw/ISIC2018_Task1-2_Training_Input/ISIC_0000086.jpg,/root/isic_overlap_pilot_self_contained/data/isic2018/raw/task1_masks/ISIC2018_Task1_Training_GroundTruth/ISIC_0000086_segmentation.png,0,,f5acc3933c0cb073,77,train
ISIC_0000087,/root/derm_pilot_v100/data/isic2018_raw/ISIC2018_Task1-2_Training_Input/ISIC_0000087.jpg,/root/isic_overlap_pilot_self_contained/data/isic2018/raw/task1_masks/ISIC2018_Task1_Training_GroundTruth/ISIC_0000087_segmentation.png,0,,f03585c26caf65b2,78,train
ISIC_0000088,/root/derm_pilot_v100/data/isic2018_raw/ISIC2018_Task1-2_Training_Input/ISIC_0000088.jpg,/root/isic_overlap_pilot_self_contained/data/isic2018/raw/task1_masks/ISIC2018_Task1_Training_GroundTruth/ISIC_0000088_segmentation.png,0,,f2cccf321893339c,79,train
ISIC_0000089,/root/derm_pilot_v100/data/isic2018_raw/ISIC2018_Task1-2_Training_Input/ISIC_0000089.jpg,/root/isic_overlap_pilot_self_contained/data/isic2018/raw/task1_masks/ISIC2018_Task1_Training_GroundTruth/ISIC_0000089_segmentation.png,0,,f3cc98332ccc26e6,80,val
ISIC_0000091,/root/derm_pilot_v100/data/isic2018_raw/ISIC2018_Task1-2_Training_Input/ISIC_0000091.jpg,/root/isic_overlap_pilot_self_contained/data/isic2018/raw/task1_masks/ISIC2018_Task1_Training_GroundTruth/ISIC_0000091_segmentation.png,0,,805f80fb058d45ff,81,train
ISIC_0000092,/root/derm_pilot_v100/data/isic2018_raw/ISIC2018_Task1-2_Training_Input/ISIC_0000092.jpg,/root/isic_overlap_pilot_self_contained/data/isic2018/raw/task1_masks/ISIC2018_Task1_Training_GroundTruth/ISIC_0000092_segmentation.png,0,,a62399d86664de96,82,train
ISIC_0000093,/root/derm_pilot_v100/data/isic2018_raw/ISIC2018_Task1-2_Training_Input/ISIC_0000093.jpg,/root/isic_overlap_pilot_self_contained/data/isic2018/raw/task1_masks/ISIC2018_Task1_Training_GroundTruth/ISIC_0000093_segmentation.png,0,,a6c9993365ce1699,83,train
ISIC_0000094,/root/derm_pilot_v100/data/isic2018_raw/ISIC2018_Task1-2_Training_Input/ISIC_0000094.jpg,/root/isic_overlap_pilot_self_contained/data/isic2018/raw/task1_masks/ISIC2018_Task1_Training_GroundTruth/ISIC_0000094_segmentation.png,0,,e4d5996564d29972,84,train
ISIC_0000095,/root/derm_pilot_v100/data/isic2018_raw/ISIC2018_Task1-2_Training_Input/ISIC_0000095.jpg,/root/isic_overlap_pilot_self_contained/data/isic2018/raw/task1_masks/ISIC2018_Task1_Training_GroundTruth/ISIC_0000095_segmentation.png,0,,966b982267d91db4,85,val
ISIC_0000096,/root/derm_pilot_v100/data/isic2018_raw/ISIC2018_Task1-2_Training_Input/ISIC_0000096.jpg,/root/isic_overlap_pilot_self_contained/data/isic2018/raw/task1_masks/ISIC2018_Task1_Training_GroundTruth/ISIC_0000096_segmentation.png,0,,e5dd92a46dc2923c,86,train
ISIC_0000097,/root/derm_pilot_v100/data/isic2018_raw/ISIC2018_Task1-2_Training_Input/ISIC_0000097.jpg,/root/isic_overlap_pilot_self_contained/data/isic2018/raw/task1_masks/ISIC2018_Task1_Training_GroundTruth/ISIC_0000097_segmentation.png,0,,a4389acf499d6633,87,train
ISIC_0000098,/root/derm_pilot_v100/data/isic2018_raw/ISIC2018_Task1-2_Training_Input/ISIC_0000098.jpg,/root/isic_overlap_pilot_self_contained/data/isic2018/raw/task1_masks/ISIC2018_Task1_Training_GroundTruth/ISIC_0000098_segmentation.png,0,,81c784dd3366ccd9,88,train
ISIC_0000099,/root/derm_pilot_v100/data/isic2018_raw/ISIC2018_Task1-2_Training_Input/ISIC_0000099.jpg,/root/isic_overlap_pilot_self_contained/data/isic2018/raw/task1_masks/ISIC2018_Task1_Training_GroundTruth/ISIC_0000099_segmentation.png,0,,b534c0ca4f65347e,89,train
ISIC_0000100,/root/derm_pilot_v100/data/isic2018_raw/ISIC2018_Task1-2_Training_Input/ISIC_0000100.jpg,/root/isic_overlap_pilot_self_contained/data/isic2018/raw/task1_masks/ISIC2018_Task1_Training_GroundTruth/ISIC_0000100_segmentation.png,0,,a047971e5f9b1a8c,90,train
ISIC_0000101,/root/derm_pilot_v100/data/isic2018_raw/ISIC2018_Task1-2_Training_Input/ISIC_0000101.jpg,/root/isic_overlap_pilot_self_contained/data/isic2018/raw/task1_masks/ISIC2018_Task1_Training_GroundTruth/ISIC_0000101_segmentation.png,0,,a0341573db634e9e,91,test
ISIC_0000102,/root/derm_pilot_v100/data/isic2018_raw/ISIC2018_Task1-2_Training_Input/ISIC_0000102.jpg,/root/isic_overlap_pilot_self_contained/data/isic2018/raw/task1_masks/ISIC2018_Task1_Training_GroundTruth/ISIC_0000102_segmentation.png,0,,82d9cca662dbcc2e,92,train
ISIC_0000103,/root/derm_pilot_v100/data/isic2018_raw/ISIC2018_Task1-2_Training_Input/ISIC_0000103.jpg,/root/isic_overlap_pilot_self_contained/data/isic2018/raw/task1_masks/ISIC2018_Task1_Training_GroundTruth/ISIC_0000103_segmentation.png,0,,b43ec3c1cdd10ec6,93,train
ISIC_0000104,/root/derm_pilot_v100/data/isic2018_raw/ISIC2018_Task1-2_Training_Input/ISIC_0000104.jpg,/root/isic_overlap_pilot_self_contained/data/isic2018/raw/task1_masks/ISIC2018_Task1_Training_GroundTruth/ISIC_0000104_segmentation.png,0,,a047979b59cd3722,94,test
ISIC_0000105,/root/derm_pilot_v100/data/isic2018_raw/ISIC2018_Task1-2_Training_Input/ISIC_0000105.jpg,/root/isic_overlap_pilot_self_contained/data/isic2018/raw/task1_masks/ISIC2018_Task1_Training_GroundTruth/ISIC_0000105_segmentation.png,0,,f372cc8933720ed8,95,train
ISIC_0000107,/root/derm_pilot_v100/data/isic2018_raw/ISIC2018_Task1-2_Training_Input/ISIC_0000107.jpg,/root/isic_overlap_pilot_self_contained/data/isic2018/raw/task1_masks/ISIC2018_Task1_Training_GroundTruth/ISIC_0000107_segmentation.png,0,,b2c6cd3946cd3166,96,train
ISIC_0000108,/root/derm_pilot_v100/data/isic2018_raw/ISIC2018_Task1-2_Training_Input/ISIC_0000108.jpg,/root/isic_overlap_pilot_self_contained/data/isic2018/raw/task1_masks/ISIC2018_Task1_Training_GroundTruth/ISIC_0000108_segmentation.png,0,,e5e69a9a6162264f,97,train
ISIC_0000109,/root/derm_pilot_v100/data/isic2018_raw/ISIC2018_Task1-2_Training_Input/ISIC_0000109.jpg,/root/isic_overlap_pilot_self_contained/data/isic2018/raw/task1_masks/ISIC2018_Task1_Training_GroundTruth/ISIC_0000109_segmentation.png,0,,bd53c28c98669c97,98,test
ISIC_0000110,/root/derm_pilot_v100/data/isic2018_raw/ISIC2018_Task1-2_Training_Input/ISIC_0000110.jpg,/root/isic_overlap_pilot_self_contained/data/isic2018/raw/task1_masks/ISIC2018_Task1_Training_GroundTruth/ISIC_0000110_segmentation.png,0,,e0d300df247711df,99,val
ISIC_0000111,/root/derm_pilot_v100/data/isic2018_raw/ISIC2018_Task1-2_Training_Input/ISIC_0000111.jpg,/root/isic_overlap_pilot_self_contained/data/isic2018/raw/task1_masks/ISIC2018_Task1_Training_GroundTruth/ISIC_0000111_segmentation.png,0,,bfca90a78c3cc932,100,train
ISIC_0000112,/root/derm_pilot_v100/data/isic2018_raw/ISIC2018_Task1-2_Training_Input/ISIC_0000112.jpg,/root/isic_overlap_pilot_self_contained/data/isic2018/raw/task1_masks/ISIC2018_Task1_Training_GroundTruth/ISIC_0000112_segmentation.png,0,,a0fc8ec731780ce7,101,train
ISIC_0000113,/root/derm_pilot_v100/data/isic2018_raw/ISIC2018_Task1-2_Training_Input/ISIC_0000113.jpg,/root/isic_overlap_pilot_self_contained/data/isic2018/raw/task1_masks/ISIC2018_Task1_Training_GroundTruth/ISIC_0000113_segmentation.png,0,,94f345ce543051fb,102,test
ISIC_0000115,/root/derm_pilot_v100/data/isic2018_raw/ISIC2018_Task1-2_Training_Input/ISIC_0000115.jpg,/root/isic_overlap_pilot_self_contained/data/isic2018/raw/task1_masks/ISIC2018_Task1_Training_GroundTruth/ISIC_0000115_segmentation.png,0,,a691996b8926b367,103,train
ISIC_0000116,/root/derm_pilot_v100/data/isic2018_raw/ISIC2018_Task1-2_Training_Input/ISIC_0000116.jpg,/root/isic_overlap_pilot_self_contained/data/isic2018/raw/task1_masks/ISIC2018_Task1_Training_GroundTruth/ISIC_0000116_segmentation.png,0,,b4cecb70983265ce,104,train
ISIC_0000117,/root/derm_pilot_v100/data/isic2018_raw/ISIC2018_Task1-2_Training_Input/ISIC_0000117.jpg,/root/isic_overlap_pilot_self_contained/data/isic2018/raw/task1_masks/ISIC2018_Task1_Training_GroundTruth/ISIC_0000117_segmentation.png,0,,e3679c0d63929669,105,test
ISIC_0000119,/root/derm_pilot_v100/data/isic2018_raw/ISIC2018_Task1-2_Training_Input/ISIC_0000119.jpg,/root/isic_overlap_pilot_self_contained/data/isic2018/raw/task1_masks/ISIC2018_Task1_Training_GroundTruth/ISIC_0000119_segmentation.png,0,,a69b9964313366d9,106,train
ISIC_0000120,/root/derm_pilot_v100/data/isic2018_raw/ISIC2018_Task1-2_Training_Input/ISIC_0000120.jpg,/root/isic_overlap_pilot_self_contained/data/isic2018/raw/task1_masks/ISIC2018_Task1_Training_GroundTruth/ISIC_0000120_segmentation.png,0,,f4cbc3248e3699b2,107,test
ISIC_0000121,/root/derm_pilot_v100/data/isic2018_raw/ISIC2018_Task1-2_Training_Input/ISIC_0000121.jpg,/root/isic_overlap_pilot_self_contained/data/isic2018/raw/task1_masks/ISIC2018_Task1_Training_GroundTruth/ISIC_0000121_segmentation.png,0,,f49bc36d8e263832,108,test
ISIC_0000122,/root/derm_pilot_v100/data/isic2018_raw/ISIC2018_Task1-2_Training_Input/ISIC_0000122.jpg,/root/isic_overlap_pilot_self_contained/data/isic2018/raw/task1_masks/ISIC2018_Task1_Training_GroundTruth/ISIC_0000122_segmentation.png,0,,e1d8876398346ade,109,train
ISIC_0000123,/root/derm_pilot_v100/data/isic2018_raw/ISIC2018_Task1-2_Training_Input/ISIC_0000123.jpg,/root/isic_overlap_pilot_self_contained/data/isic2018/raw/task1_masks/ISIC2018_Task1_Training_GroundTruth/ISIC_0000123_segmentation.png,0,,e1e59c90707b6764,110,train
ISIC_0000124,/root/derm_pilot_v100/data/isic2018_raw/ISIC2018_Task1-2_Training_Input/ISIC_0000124.jpg,/root/isic_overlap_pilot_self_contained/data/isic2018/raw/task1_masks/ISIC2018_Task1_Training_GroundTruth/ISIC_0000124_segmentation.png,0,,b632ce26c9b37449,111,train
ISIC_0000125,/root/derm_pilot_v100/data/isic2018_raw/ISIC2018_Task1-2_Training_Input/ISIC_0000125.jpg,/root/isic_overlap_pilot_self_contained/data/isic2018/raw/task1_masks/ISIC2018_Task1_Training_GroundTruth/ISIC_0000125_segmentation.png,0,,80d5015f57465dde,112,train
ISIC_0000126,/root/derm_pilot_v100/data/isic2018_raw/ISIC2018_Task1-2_Training_Input/ISIC_0000126.jpg,/root/isic_overlap_pilot_self_contained/data/isic2018/raw/task1_masks/ISIC2018_Task1_Training_GroundTruth/ISIC_0000126_segmentation.png,0,,b019cb670c66771b,113,val
ISIC_0000127,/root/derm_pilot_v100/data/isic2018_raw/ISIC2018_Task1-2_Training_Input/ISIC_0000127.jpg,/root/isic_overlap_pilot_self_contained/data/isic2018/raw/task1_masks/ISIC2018_Task1_Training_GroundTruth/ISIC_0000127_segmentation.png,0,,956d421e1fe3e81c,114,val
ISIC_0000128,/root/derm_pilot_v100/data/isic2018_raw/ISIC2018_Task1-2_Training_Input/ISIC_0000128.jpg,/root/isic_overlap_pilot_self_contained/data/isic2018/raw/task1_masks/ISIC2018_Task1_Training_GroundTruth/ISIC_0000128_segmentation.png,0,,a635990c65d3e665,115,train
ISIC_0000129,/root/derm_pilot_v100/data/isic2018_raw/ISIC2018_Task1-2_Training_Input/ISIC_0000129.jpg,/root/isic_overlap_pilot_self_contained/data/isic2018/raw/task1_masks/ISIC2018_Task1_Training_GroundTruth/ISIC_0000129_segmentation.png,0,,a6dc993364cc26d9,83,train
ISIC_0000131,/root/derm_pilot_v100/data/isic2018_raw/ISIC2018_Task1-2_Training_Input/ISIC_0000131.jpg,/root/isic_overlap_pilot_self_contained/data/isic2018/raw/task1_masks/ISIC2018_Task1_Training_GroundTruth/ISIC_0000131_segmentation.png,0,,b06980e704df579d,116,train
ISIC_0000132,/root/derm_pilot_v100/data/isic2018_raw/ISIC2018_Task1-2_Training_Input/ISIC_0000132.jpg,/root/isic_overlap_pilot_self_contained/data/isic2018/raw/task1_masks/ISIC2018_Task1_Training_GroundTruth/ISIC_0000132_segmentation.png,0,,b36388ddc822774d,117,val
ISIC_0000133,/root/derm_pilot_v100/data/isic2018_raw/ISIC2018_Task1-2_Training_Input/ISIC_0000133.jpg,/root/isic_overlap_pilot_self_contained/data/isic2018/raw/task1_masks/ISIC2018_Task1_Training_GroundTruth/ISIC_0000133_segmentation.png,0,,a465919b4567457d,118,val
ISIC_0000134,/root/derm_pilot_v100/data/isic2018_raw/ISIC2018_Task1-2_Training_Input/ISIC_0000134.jpg,/root/isic_overlap_pilot_self_contained/data/isic2018/raw/task1_masks/ISIC2018_Task1_Training_GroundTruth/ISIC_0000134_segmentation.png,0,,a64d9977249b04dd,119,train
ISIC_0000135,/root/derm_pilot_v100/data/isic2018_raw/ISIC2018_Task1-2_Training_Input/ISIC_0000135.jpg,/root/isic_overlap_pilot_self_contained/data/isic2018/raw/task1_masks/ISIC2018_Task1_Training_GroundTruth/ISIC_0000135_segmentation.png,0,,a6919964279347dd,120,train
ISIC_0000136,/root/derm_pilot_v100/data/isic2018_raw/ISIC2018_Task1-2_Training_Input/ISIC_0000136.jpg,/root/isic_overlap_pilot_self_contained/data/isic2018/raw/task1_masks/ISIC2018_Task1_Training_GroundTruth/ISIC_0000136_segmentation.png,0,,bde0c21fcb389991,121,test
ISIC_0000137,/root/derm_pilot_v100/data/isic2018_raw/ISIC2018_Task1-2_Training_Input/ISIC_0000137.jpg,/root/isic_overlap_pilot_self_contained/data/isic2018/raw/task1_masks/ISIC2018_Task1_Training_GroundTruth/ISIC_0000137_segmentation.png,0,,e1789487697a346d,122,test
ISIC_0000138,/root/derm_pilot_v100/data/isic2018_raw/ISIC2018_Task1-2_Training_Input/ISIC_0000138.jpg,/root/isic_overlap_pilot_self_contained/data/isic2018/raw/task1_masks/ISIC2018_Task1_Training_GroundTruth/ISIC_0000138_segmentation.png,0,,e58f9833696626d8,123,test
ISIC_0000139,/root/derm_pilot_v100/data/isic2018_raw/ISIC2018_Task1-2_Training_Input/ISIC_0000139.jpg,/root/isic_overlap_pilot_self_contained/data/isic2018/raw/task1_masks/ISIC2018_Task1_Training_GroundTruth/ISIC_0000139_segmentation.png,1,,a5688a9ed89a33cb,124,train
ISIC_0000140,/root/derm_pilot_v100/data/isic2018_raw/ISIC2018_Task1-2_Training_Input/ISIC_0000140.jpg,/root/isic_overlap_pilot_self_contained/data/isic2018/raw/task1_masks/ISIC2018_Task1_Training_GroundTruth/ISIC_0000140_segmentation.png,1,,c14a9e6f4b8d1d98,125,train
ISIC_0000141,/root/derm_pilot_v100/data/isic2018_raw/ISIC2018_Task1-2_Training_Input/ISIC_0000141.jpg,/root/isic_overlap_pilot_self_contained/data/isic2018/raw/task1_masks/ISIC2018_Task1_Training_GroundTruth/ISIC_0000141_segmentation.png,1,,e1189e6775904bcd,126,train
ISIC_0000142,/root/derm_pilot_v100/data/isic2018_raw/ISIC2018_Task1-2_Training_Input/ISIC_0000142.jpg,/root/isic_overlap_pilot_self_contained/data/isic2018/raw/task1_masks/ISIC2018_Task1_Training_GroundTruth/ISIC_0000142_segmentation.png,1,,e19c9669d8267936,127,train
ISIC_0000143,/root/derm_pilot_v100/data/isic2018_raw/ISIC2018_Task1-2_Training_Input/ISIC_0000143.jpg,/root/isic_overlap_pilot_self_contained/data/isic2018/raw/task1_masks/ISIC2018_Task1_Training_GroundTruth/ISIC_0000143_segmentation.png,1,,f49acb64368e1999,128,train
ISIC_0000145,/root/derm_pilot_v100/data/isic2018_raw/ISIC2018_Task1-2_Training_Input/ISIC_0000145.jpg,/root/isic_overlap_pilot_self_contained/data/isic2018/raw/task1_masks/ISIC2018_Task1_Training_GroundTruth/ISIC_0000145_segmentation.png,1,,b07893c3ce9accc9,129,train
ISIC_0000146,/root/derm_pilot_v100/data/isic2018_raw/ISIC2018_Task1-2_Training_Input/ISIC_0000146.jpg,/root/isic_overlap_pilot_self_contained/data/isic2018/raw/task1_masks/ISIC2018_Task1_Training_GroundTruth/ISIC_0000146_segmentation.png,1,,a0f781d6c7cb0c6c,130,train
ISIC_0000147,/root/derm_pilot_v100/data/isic2018_raw/ISIC2018_Task1-2_Training_Input/ISIC_0000147.jpg,/root/isic_overlap_pilot_self_contained/data/isic2018/raw/task1_masks/ISIC2018_Task1_Training_GroundTruth/ISIC_0000147_segmentation.png,1,,b8c4c73dcd8a9c58,131,train
ISIC_0000148,/root/derm_pilot_v100/data/isic2018_raw/ISIC2018_Task1-2_Training_Input/ISIC_0000148.jpg,/root/isic_overlap_pilot_self_contained/data/isic2018/raw/task1_masks/ISIC2018_Task1_Training_GroundTruth/ISIC_0000148_segmentation.png,1,,e66c999369cc3274,132,train
ISIC_0000149,/root/derm_pilot_v100/data/isic2018_raw/ISIC2018_Task1-2_Training_Input/ISIC_0000149.jpg,/root/isic_overlap_pilot_self_contained/data/isic2018/raw/task1_masks/ISIC2018_Task1_Training_GroundTruth/ISIC_0000149_segmentation.png,1,,ec6c94b59a9a4a99,133,train
ISIC_0000150,/root/derm_pilot_v100/data/isic2018_raw/ISIC2018_Task1-2_Training_Input/ISIC_0000150.jpg,/root/isic_overlap_pilot_self_contained/data/isic2018/raw/task1_masks/ISIC2018_Task1_Training_GroundTruth/ISIC_0000150_segmentation.png,1,,e5d0923f9b61316c,134,train
ISIC_0000151,/root/derm_pilot_v100/data/isic2018_raw/ISIC2018_Task1-2_Training_Input/ISIC_0000151.jpg,/root/isic_overlap_pilot_self_contained/data/isic2018/raw/task1_masks/ISIC2018_Task1_Training_GroundTruth/ISIC_0000151_segmentation.png,1,,a62699996666ce99,135,val
ISIC_0000152,/root/derm_pilot_v100/data/isic2018_raw/ISIC2018_Task1-2_Training_Input/ISIC_0000152.jpg,/root/isic_overlap_pilot_self_contained/data/isic2018/raw/task1_masks/ISIC2018_Task1_Training_GroundTruth/ISIC_0000152_segmentation.png,1,,a7279e8c999a3199,136,train
ISIC_0000153,/root/derm_pilot_v100/data/isic2018_raw/ISIC2018_Task1-2_Training_Input/ISIC_0000153.jpg,/root/isic_overlap_pilot_self_contained/data/isic2018/raw/task1_masks/ISIC2018_Task1_Training_GroundTruth/ISIC_0000153_segmentation.png,1,,f83cc3db8c66043e,137,train
ISIC_0000154,/root/derm_pilot_v100/data/isic2018_raw/ISIC2018_Task1-2_Training_Input/ISIC_0000154.jpg,/root/isic_overlap_pilot_self_contained/data/isic2018/raw/task1_masks/ISIC2018_Task1_Training_GroundTruth/ISIC_0000154_segmentation.png,1,,a47790cc45335767,138,train
ISIC_0000155,/root/derm_pilot_v100/data/isic2018_raw/ISIC2018_Task1-2_Training_Input/ISIC_0000155.jpg,/root/isic_overlap_pilot_self_contained/data/isic2018/raw/task1_masks/ISIC2018_Task1_Training_GroundTruth/ISIC_0000155_segmentation.png,1,,e93085c39ecf986c,139,train
ISIC_0000156,/root/derm_pilot_v100/data/isic2018_raw/ISIC2018_Task1-2_Training_Input/ISIC_0000156.jpg,/root/isic_overlap_pilot_self_contained/data/isic2018/raw/task1_masks/ISIC2018_Task1_Training_GroundTruth/ISIC_0000156_segmentation.png,1,,a43a8ac799ec9e4c,140,train
ISIC_0000157,/root/derm_pilot_v100/data/isic2018_raw/ISIC2018_Task1-2_Training_Input/ISIC_0000157.jpg,/root/isic_overlap_pilot_self_contained/data/isic2018/raw/task1_masks/ISIC2018_Task1_Training_GroundTruth/ISIC_0000157_segmentation.png,1,,e19c9a68cc36395b,141,val
ISIC_0000159,/root/derm_pilot_v100/data/isic2018_raw/ISIC2018_Task1-2_Training_Input/ISIC_0000159.jpg,/root/isic_overlap_pilot_self_contained/data/isic2018/raw/task1_masks/ISIC2018_Task1_Training_GroundTruth/ISIC_0000159_segmentation.png,1,,e15b96341966999e,142,test
ISIC_0000160,/root/derm_pilot_v100/data/isic2018_raw/ISIC2018_Task1-2_Training_Input/ISIC_0000160.jpg,/root/isic_overlap_pilot_self_contained/data/isic2018/raw/task1_masks/ISIC2018_Task1_Training_GroundTruth/ISIC_0000160_segmentation.png,1,,ae3dd95640620d6f,143,train
ISIC_0000161,/root/derm_pilot_v100/data/isic2018_raw/ISIC2018_Task1-2_Training_Input/ISIC_0000161.jpg,/root/isic_overlap_pilot_self_contained/data/isic2018/raw/task1_masks/ISIC2018_Task1_Training_GroundTruth/ISIC_0000161_segmentation.png,1,,ec2d94c3939693b2,144,train
ISIC_0000162,/root/derm_pilot_v100/data/isic2018_raw/ISIC2018_Task1-2_Training_Input/ISIC_0000162.jpg,/root/isic_overlap_pilot_self_contained/data/isic2018/raw/task1_masks/ISIC2018_Task1_Training_GroundTruth/ISIC_0000162_segmentation.png,1,,ac32d3b19acf09cc,145,train
ISIC_0000163,/root/derm_pilot_v100/data/isic2018_raw/ISIC2018_Task1-2_Training_Input/ISIC_0000163.jpg,/root/isic_overlap_pilot_self_contained/data/isic2018/raw/task1_masks/ISIC2018_Task1_Training_GroundTruth/ISIC_0000163_segmentation.png,1,,a132cecd32306df3,146,train
ISIC_0000164,/root/derm_pilot_v100/data/isic2018_raw/ISIC2018_Task1-2_Training_Input/ISIC_0000164.jpg,/root/isic_overlap_pilot_self_contained/data/isic2018/raw/task1_masks/ISIC2018_Task1_Training_GroundTruth/ISIC_0000164_segmentation.png,1,,b4d8cf67f56011c2,147,train
ISIC_0000165,/root/derm_pilot_v100/data/isic2018_raw/ISIC2018_Task1-2_Training_Input/ISIC_0000165.jpg,/root/isic_overlap_pilot_self_contained/data/isic2018/raw/task1_masks/ISIC2018_Task1_Training_GroundTruth/ISIC_0000165_segmentation.png,1,,ee669299496d3392,148,train
ISIC_0000166,/root/derm_pilot_v100/data/isic2018_raw/ISIC2018_Task1-2_Training_Input/ISIC_0000166.jpg,/root/isic_overlap_pilot_self_contained/data/isic2018/raw/task1_masks/ISIC2018_Task1_Training_GroundTruth/ISIC_0000166_segmentation.png,1,,ad2696c2cbd94d0d,149,train
ISIC_0000167,/root/derm_pilot_v100/data/isic2018_raw/ISIC2018_Task1-2_Training_Input/ISIC_0000167.jpg,/root/isic_overlap_pilot_self_contained/data/isic2018/raw/task1_masks/ISIC2018_Task1_Training_GroundTruth/ISIC_0000167_segmentation.png,1,,f3649e23999999c1,150,val
ISIC_0000169,/root/derm_pilot_v100/data/isic2018_raw/ISIC2018_Task1-2_Training_Input/ISIC_0000169.jpg,/root/isic_overlap_pilot_self_contained/data/isic2018/raw/task1_masks/ISIC2018_Task1_Training_GroundTruth/ISIC_0000169_segmentation.png,1,,b6964fcc189169cd,151,train
ISIC_0000170,/root/derm_pilot_v100/data/isic2018_raw/ISIC2018_Task1-2_Training_Input/ISIC_0000170.jpg,/root/isic_overlap_pilot_self_contained/data/isic2018/raw/task1_masks/ISIC2018_Task1_Training_GroundTruth/ISIC_0000170_segmentation.png,1,,f13317cc4c1c36e5,152,val
ISIC_0000171,/root/derm_pilot_v100/data/isic2018_raw/ISIC2018_Task1-2_Training_Input/ISIC_0000171.jpg,/root/isic_overlap_pilot_self_contained/data/isic2018/raw/task1_masks/ISIC2018_Task1_Training_GroundTruth/ISIC_0000171_segmentation.png,1,,bccbc31e9b700cf0,153,train
ISIC_0000172,/root/derm_pilot_v100/data/isic2018_raw/ISIC2018_Task1-2_Training_Input/ISIC_0000172.jpg,/root/isic_overlap_pilot_self_contained/data/isic2018/raw/task1_masks/ISIC2018_Task1_Training_GroundTruth/ISIC_0000172_segmentation.png,1,,e51396ca9b6c9c64,154,train
ISIC_0000173,/root/derm_pilot_v100/data/isic2018_raw/ISIC2018_Task1-2_Training_Input/ISIC_0000173.jpg,/root/isic_overlap_pilot_self_contained/data/isic2018/raw/task1_masks/ISIC2018_Task1_Training_GroundTruth/ISIC_0000173_segmentation.png,1,,edb092484e676cda,155,train
ISIC_0000175,/root/derm_pilot_v100/data/isic2018_raw/ISIC2018_Task1-2_Training_Input/ISIC_0000175.jpg,/root/isic_overlap_pilot_self_contained/data/isic2018/raw/task1_masks/ISIC2018_Task1_Training_GroundTruth/ISIC_0000175_segmentation.png,1,,b6b3c9cc2466339a,156,test
ISIC_0000176,/root/derm_pilot_v100/data/isic2018_raw/ISIC2018_Task1-2_Training_Input/ISIC_0000176.jpg,/root/isic_overlap_pilot_self_contained/data/isic2018/raw/task1_masks/ISIC2018_Task1_Training_GroundTruth/ISIC_0000176_segmentation.png,1,,a0a48f9b337165e6,157,train
ISIC_0000177,/root/derm_pilot_v100/data/isic2018_raw/ISIC2018_Task1-2_Training_Input/ISIC_0000177.jpg,/root/isic_overlap_pilot_self_contained/data/isic2018/raw/task1_masks/ISIC2018_Task1_Training_GroundTruth/ISIC_0000177_segmentation.png,0,,f432d9ca46647a33,158,train
ISIC_0000179,/root/derm_pilot_v100/data/isic2018_raw/ISIC2018_Task1-2_Training_Input/ISIC_0000179.jpg,/root/isic_overlap_pilot_self_contained/data/isic2018/raw/task1_masks/ISIC2018_Task1_Training_GroundTruth/ISIC_0000179_segmentation.png,0,,e34c9cb672cc9c23,159,train
ISIC_0000181,/root/derm_pilot_v100/data/isic2018_raw/ISIC2018_Task1-2_Training_Input/ISIC_0000181.jpg,/root/isic_overlap_pilot_self_contained/data/isic2018/raw/task1_masks/ISIC2018_Task1_Training_GroundTruth/ISIC_0000181_segmentation.png,0,,ec66909cd29b6993,160,train
ISIC_0000182,/root/derm_pilot_v100/data/isic2018_raw/ISIC2018_Task1-2_Training_Input/ISIC_0000182.jpg,/root/isic_overlap_pilot_self_contained/data/isic2018/raw/task1_masks/ISIC2018_Task1_Training_GroundTruth/ISIC_0000182_segmentation.png,0,,e5929a65d9213dc6,161,train
ISIC_0000183,/root/derm_pilot_v100/data/isic2018_raw/ISIC2018_Task1-2_Training_Input/ISIC_0000183.jpg,/root/isic_overlap_pilot_self_contained/data/isic2018/raw/task1_masks/ISIC2018_Task1_Training_GroundTruth/ISIC_0000183_segmentation.png,0,,bca1c3cf8e8cc46c,162,train
ISIC_0000184,/root/derm_pilot_v100/data/isic2018_raw/ISIC2018_Task1-2_Training_Input/ISIC_0000184.jpg,/root/isic_overlap_pilot_self_contained/data/isic2018/raw/task1_masks/ISIC2018_Task1_Training_GroundTruth/ISIC_0000184_segmentation.png,0,,e465969e989999d1,163,train
ISIC_0000185,/root/derm_pilot_v100/data/isic2018_raw/ISIC2018_Task1-2_Training_Input/ISIC_0000185.jpg,/root/isic_overlap_pilot_self_contained/data/isic2018/raw/task1_masks/ISIC2018_Task1_Training_GroundTruth/ISIC_0000185_segmentation.png,0,,b4c7cb1c9930c733,164,train
ISIC_0000186,/root/derm_pilot_v100/data/isic2018_raw/ISIC2018_Task1-2_Training_Input/ISIC_0000186.jpg,/root/isic_overlap_pilot_self_contained/data/isic2018/raw/task1_masks/ISIC2018_Task1_Training_GroundTruth/ISIC_0000186_segmentation.png,0,,b63299d86331d336,165,train
ISIC_0000187,/root/derm_pilot_v100/data/isic2018_raw/ISIC2018_Task1-2_Training_Input/ISIC_0000187.jpg,/root/isic_overlap_pilot_self_contained/data/isic2018/raw/task1_masks/ISIC2018_Task1_Training_GroundTruth/ISIC_0000187_segmentation.png,0,,eabb8132c5d89627,166,val
ISIC_0000188,/root/derm_pilot_v100/data/isic2018_raw/ISIC2018_Task1-2_Training_Input/ISIC_0000188.jpg,/root/isic_overlap_pilot_self_contained/data/isic2018/raw/task1_masks/ISIC2018_Task1_Training_GroundTruth/ISIC_0000188_segmentation.png,0,,e8c7859e941bd439,167,train
ISIC_0000189,/root/derm_pilot_v100/data/isic2018_raw/ISIC2018_Task1-2_Training_Input/ISIC_0000189.jpg,/root/isic_overlap_pilot_self_contained/data/isic2018/raw/task1_masks/ISIC2018_Task1_Training_GroundTruth/ISIC_0000189_segmentation.png,0,,e19296c99a69d86d,168,test
ISIC_0000190,/root/derm_pilot_v100/data/isic2018_raw/ISIC2018_Task1-2_Training_Input/ISIC_0000190.jpg,/root/isic_overlap_pilot_self_contained/data/isic2018/raw/task1_masks/ISIC2018_Task1_Training_GroundTruth/ISIC_0000190_segmentation.png,0,,b990c61b9d6aca27,169,train
ISIC_0000191,/root/derm_pilot_v100/data/isic2018_raw/ISIC2018_Task1-2_Training_Input/ISIC_0000191.jpg,/root/isic_overlap_pilot_self_contained/data/isic2018/raw/task1_masks/ISIC2018_Task1_Training_GroundTruth/ISIC_0000191_segmentation.png,0,,e4639adc6533960d,170,train
ISIC_0000192,/root/derm_pilot_v100/data/isic2018_raw/ISIC2018_Task1-2_Training_Input/ISIC_0000192.jpg,/root/isic_overlap_pilot_self_contained/data/isic2018/raw/task1_masks/ISIC2018_Task1_Training_GroundTruth/ISIC_0000192_segmentation.png,0,,be1dd0e0cf4d6494,171,train
ISIC_0000193,/root/derm_pilot_v100/data/isic2018_raw/ISIC2018_Task1-2_Training_Input/ISIC_0000193.jpg,/root/isic_overlap_pilot_self_contained/data/isic2018/raw/task1_masks/ISIC2018_Task1_Training_GroundTruth/ISIC_0000193_segmentation.png,0,,f4ccc3b33d6c308c,172,train
ISIC_0000196,/root/derm_pilot_v100/data/isic2018_raw/ISIC2018_Task1-2_Training_Input/ISIC_0000196.jpg,/root/isic_overlap_pilot_self_contained/data/isic2018/raw/task1_masks/ISIC2018_Task1_Training_GroundTruth/ISIC_0000196_segmentation.png,0,,e59ada639964649a,173,train
ISIC_0000197,/root/derm_pilot_v100/data/isic2018_raw/ISIC2018_Task1-2_Training_Input/ISIC_0000197.jpg,/root/isic_overlap_pilot_self_contained/data/isic2018/raw/task1_masks/ISIC2018_Task1_Training_GroundTruth/ISIC_0000197_segmentation.png,0,,e5929829d96d3366,174,train
ISIC_0000198,/root/derm_pilot_v100/data/isic2018_raw/ISIC2018_Task1-2_Training_Input/ISIC_0000198.jpg,/root/isic_overlap_pilot_self_contained/data/isic2018/raw/task1_masks/ISIC2018_Task1_Training_GroundTruth/ISIC_0000198_segmentation.png,0,,a5659a1269d967b4,175,val
ISIC_0000199,/root/derm_pilot_v100/data/isic2018_raw/ISIC2018_Task1-2_Training_Input/ISIC_0000199.jpg,/root/isic_overlap_pilot_self_contained/data/isic2018/raw/task1_masks/ISIC2018_Task1_Training_GroundTruth/ISIC_0000199_segmentation.png,0,,f59bc36d8d263092,108,test
ISIC_0000200,/root/derm_pilot_v100/data/isic2018_raw/ISIC2018_Task1-2_Training_Input/ISIC_0000200.jpg,/root/isic_overlap_pilot_self_contained/data/isic2018/raw/task1_masks/ISIC2018_Task1_Training_GroundTruth/ISIC_0000200_segmentation.png,0,,e5659a9a38496766,176,train
ISIC_0000201,/root/derm_pilot_v100/data/isic2018_raw/ISIC2018_Task1-2_Training_Input/ISIC_0000201.jpg,/root/isic_overlap_pilot_self_contained/data/isic2018/raw/task1_masks/ISIC2018_Task1_Training_GroundTruth/ISIC_0000201_segmentation.png,0,,a5b19a6c613b26cb,177,train
ISIC_0000202,/root/derm_pilot_v100/data/isic2018_raw/ISIC2018_Task1-2_Training_Input/ISIC_0000202.jpg,/root/isic_overlap_pilot_self_contained/data/isic2018/raw/task1_masks/ISIC2018_Task1_Training_GroundTruth/ISIC_0000202_segmentation.png,0,,a9e4f00fceac84da,178,train
ISIC_0000203,/root/derm_pilot_v100/data/isic2018_raw/ISIC2018_Task1-2_Training_Input/ISIC_0000203.jpg,/root/isic_overlap_pilot_self_contained/data/isic2018/raw/task1_masks/ISIC2018_Task1_Training_GroundTruth/ISIC_0000203_segmentation.png,0,,ea45b0ace679dc0c,179,train
ISIC_0000204,/root/derm_pilot_v100/data/isic2018_raw/ISIC2018_Task1-2_Training_Input/ISIC_0000204.jpg,/root/isic_overlap_pilot_self_contained/data/isic2018/raw/task1_masks/ISIC2018_Task1_Training_GroundTruth/ISIC_0000204_segmentation.png,0,,bc91d35bcb34cc48,180,train
ISIC_0000205,/root/derm_pilot_v100/data/isic2018_raw/ISIC2018_Task1-2_Training_Input/ISIC_0000205.jpg,/root/isic_overlap_pilot_self_contained/data/isic2018/raw/task1_masks/ISIC2018_Task1_Training_GroundTruth/ISIC_0000205_segmentation.png,0,,ea6ac53792b28e94,181,train
ISIC_0000206,/root/derm_pilot_v100/data/isic2018_raw/ISIC2018_Task1-2_Training_Input/ISIC_0000206.jpg,/root/isic_overlap_pilot_self_contained/data/isic2018/raw/task1_masks/ISIC2018_Task1_Training_GroundTruth/ISIC_0000206_segmentation.png,0,,b3c9cd3125ce9299,182,val
ISIC_0000207,/root/derm_pilot_v100/data/isic2018_raw/ISIC2018_Task1-2_Training_Input/ISIC_0000207.jpg,/root/isic_overlap_pilot_self_contained/data/isic2018/raw/task1_masks/ISIC2018_Task1_Training_GroundTruth/ISIC_0000207_segmentation.png,0,,ebabe09ca551872a,183,train
ISIC_0000208,/root/derm_pilot_v100/data/isic2018_raw/ISIC2018_Task1-2_Training_Input/ISIC_0000208.jpg,/root/isic_overlap_pilot_self_contained/data/isic2018/raw/task1_masks/ISIC2018_Task1_Training_GroundTruth/ISIC_0000208_segmentation.png,0,,eaa5856d8d6a9692,184,train
ISIC_0000209,/root/derm_pilot_v100/data/isic2018_raw/ISIC2018_Task1-2_Training_Input/ISIC_0000209.jpg,/root/isic_overlap_pilot_self_contained/data/isic2018/raw/task1_masks/ISIC2018_Task1_Training_GroundTruth/ISIC_0000209_segmentation.png,0,,f869c19887d49ab6,185,train
ISIC_0000210,/root/derm_pilot_v100/data/isic2018_raw/ISIC2018_Task1-2_Training_Input/ISIC_0000210.jpg,/root/isic_overlap_pilot_self_contained/data/isic2018/raw/task1_masks/ISIC2018_Task1_Training_GroundTruth/ISIC_0000210_segmentation.png,0,,a6c81965669b5e8d,186,train
ISIC_0000211,/root/derm_pilot_v100/data/isic2018_raw/ISIC2018_Task1-2_Training_Input/ISIC_0000211.jpg,/root/isic_overlap_pilot_self_contained/data/isic2018/raw/task1_masks/ISIC2018_Task1_Training_GroundTruth/ISIC_0000211_segmentation.png,0,,b233cc8c3637c333,187,train
ISIC_0000212,/root/derm_pilot_v100/data/isic2018_raw/ISIC2018_Task1-2_Training_Input/ISIC_0000212.jpg,/root/isic_overlap_pilot_self_contained/data/isic2018/raw/task1_masks/ISIC2018_Task1_Training_GroundTruth/ISIC_0000212_segmentation.png,0,,fa4bc1a507b60ed2,188,train
ISIC_0000213,/root/derm_pilot_v100/data/isic2018_raw/ISIC2018_Task1-2_Training_Input/ISIC_0000213.jpg,/root/isic_overlap_pilot_self_contained/data/isic2018/raw/task1_masks/ISIC2018_Task1_Training_GroundTruth/ISIC_0000213_segmentation.png,0,,b9c0c62d4d3771d2,189,val
ISIC_0000214,/root/derm_pilot_v100/data/isic2018_raw/ISIC2018_Task1-2_Training_Input/ISIC_0000214.jpg,/root/isic_overlap_pilot_self_contained/data/isic2018/raw/task1_masks/ISIC2018_Task1_Training_GroundTruth/ISIC_0000214_segmentation.png,0,,e8ae951a6ac6ad2c,190,train
ISIC_0000215,/root/derm_pilot_v100/data/isic2018_raw/ISIC2018_Task1-2_Training_Input/ISIC_0000215.jpg,/root/isic_overlap_pilot_self_contained/data/isic2018/raw/task1_masks/ISIC2018_Task1_Training_GroundTruth/ISIC_0000215_segmentation.png,0,,ad37d2c38e8ec948,191,train
ISIC_0000216,/root/derm_pilot_v100/data/isic2018_raw/ISIC2018_Task1-2_Training_Input/ISIC_0000216.jpg,/root/isic_overlap_pilot_self_contained/data/isic2018/raw/task1_masks/ISIC2018_Task1_Training_GroundTruth/ISIC_0000216_segmentation.png,0,,e19687da9ec99831,192,train
ISIC_0000217,/root/derm_pilot_v100/data/isic2018_raw/ISIC2018_Task1-2_Training_Input/ISIC_0000217.jpg,/root/isic_overlap_pilot_self_contained/data/isic2018/raw/task1_masks/ISIC2018_Task1_Training_GroundTruth/ISIC_0000217_segmentation.png,0,,a930927b96c11bee,193,train
ISIC_0000218,/root/derm_pilot_v100/data/isic2018_raw/ISIC2018_Task1-2_Training_Input/ISIC_0000218.jpg,/root/isic_overlap_pilot_self_contained/data/isic2018/raw/task1_masks/ISIC2018_Task1_Training_GroundTruth/ISIC_0000218_segmentation.png,0,,b0aacf99343c3333,194,train
ISIC_0000219,/root/derm_pilot_v100/data/isic2018_raw/ISIC2018_Task1-2_Training_Input/ISIC_0000219.jpg,/root/isic_overlap_pilot_self_contained/data/isic2018/raw/task1_masks/ISIC2018_Task1_Training_GroundTruth/ISIC_0000219_segmentation.png,0,,acb4db612dce6066,195,train
ISIC_0000220,/root/derm_pilot_v100/data/isic2018_raw/ISIC2018_Task1-2_Training_Input/ISIC_0000220.jpg,/root/isic_overlap_pilot_self_contained/data/isic2018/raw/task1_masks/ISIC2018_Task1_Training_GroundTruth/ISIC_0000220_segmentation.png,0,,b28bcc323283db7c,196,train
ISIC_0000221,/root/derm_pilot_v100/data/isic2018_raw/ISIC2018_Task1-2_Training_Input/ISIC_0000221.jpg,/root/isic_overlap_pilot_self_contained/data/isic2018/raw/task1_masks/ISIC2018_Task1_Training_GroundTruth/ISIC_0000221_segmentation.png,0,,e6a6989a616b6666,197,val
ISIC_0000222,/root/derm_pilot_v100/data/isic2018_raw/ISIC2018_Task1-2_Training_Input/ISIC_0000222.jpg,/root/isic_overlap_pilot_self_contained/data/isic2018/raw/task1_masks/ISIC2018_Task1_Training_GroundTruth/ISIC_0000222_segmentation.png,0,,ed338113cf2d984d,198,train
ISIC_0000223,/root/derm_pilot_v100/data/isic2018_raw/ISIC2018_Task1-2_Training_Input/ISIC_0000223.jpg,/root/isic_overlap_pilot_self_contained/data/isic2018/raw/task1_masks/ISIC2018_Task1_Training_GroundTruth/ISIC_0000223_segmentation.png,0,,ea9384569f2d58e4,199,val
ISIC_0000224,/root/derm_pilot_v100/data/isic2018_raw/ISIC2018_Task1-2_Training_Input/ISIC_0000224.jpg,/root/isic_overlap_pilot_self_contained/data/isic2018/raw/task1_masks/ISIC2018_Task1_Training_GroundTruth/ISIC_0000224_segmentation.png,0,,bc8791c8c08dd73b,200,train
ISIC_0000225,/root/derm_pilot_v100/data/isic2018_raw/ISIC2018_Task1-2_Training_Input/ISIC_0000225.jpg,/root/isic_overlap_pilot_self_contained/data/isic2018/raw/task1_masks/ISIC2018_Task1_Training_GroundTruth/ISIC_0000225_segmentation.png,0,,b3cccc3331cdc31c,9,train
ISIC_0000226,/root/derm_pilot_v100/data/isic2018_raw/ISIC2018_Task1-2_Training_Input/ISIC_0000226.jpg,/root/isic_overlap_pilot_self_contained/data/isic2018/raw/task1_masks/ISIC2018_Task1_Training_GroundTruth/ISIC_0000226_segmentation.png,0,,b432c3c9cfc4646e,201,test
ISIC_0000227,/root/derm_pilot_v100/data/isic2018_raw/ISIC2018_Task1-2_Training_Input/ISIC_0000227.jpg,/root/isic_overlap_pilot_self_contained/data/isic2018/raw/task1_masks/ISIC2018_Task1_Training_GroundTruth/ISIC_0000227_segmentation.png,0,,e7199a6369866699,202,train
ISIC_0000228,/root/derm_pilot_v100/data/isic2018_raw/ISIC2018_Task1-2_Training_Input/ISIC_0000228.jpg,/root/isic_overlap_pilot_self_contained/data/isic2018/raw/task1_masks/ISIC2018_Task1_Training_GroundTruth/ISIC_0000228_segmentation.png,0,,bcc3c33ccf3630c1,203,test
ISIC_0000229,/root/derm_pilot_v100/data/isic2018_raw/ISIC2018_Task1-2_Training_Input/ISIC_0000229.jpg,/root/isic_overlap_pilot_self_contained/data/isic2018/raw/task1_masks/ISIC2018_Task1_Training_GroundTruth/ISIC_0000229_segmentation.png,0,,e53dc04e9e975330,204,val
ISIC_0000230,/root/derm_pilot_v100/data/isic2018_raw/ISIC2018_Task1-2_Training_Input/ISIC_0000230.jpg,/root/isic_overlap_pilot_self_contained/data/isic2018/raw/task1_masks/ISIC2018_Task1_Training_GroundTruth/ISIC_0000230_segmentation.png,0,,abc4946bda27ce18,205,test
ISIC_0000231,/root/derm_pilot_v100/data/isic2018_raw/ISIC2018_Task1-2_Training_Input/ISIC_0000231.jpg,/root/isic_overlap_pilot_self_contained/data/isic2018/raw/task1_masks/ISIC2018_Task1_Training_GroundTruth/ISIC_0000231_segmentation.png,0,,e56d96b49892319b,206,train
ISIC_0000232,/root/derm_pilot_v100/data/isic2018_raw/ISIC2018_Task1-2_Training_Input/ISIC_0000232.jpg,/root/isic_overlap_pilot_self_contained/data/isic2018/raw/task1_masks/ISIC2018_Task1_Training_GroundTruth/ISIC_0000232_segmentation.png,0,,b233cfce4ccc3231,207,train
ISIC_0000233,/root/derm_pilot_v100/data/isic2018_raw/ISIC2018_Task1-2_Training_Input/ISIC_0000233.jpg,/root/isic_overlap_pilot_self_contained/data/isic2018/raw/task1_masks/ISIC2018_Task1_Training_GroundTruth/ISIC_0000233_segmentation.png,0,,ab98f4c4c00fc37d,208,test
ISIC_0000234,/root/derm_pilot_v100/data/isic2018_raw/ISIC2018_Task1-2_Training_Input/ISIC_0000234.jpg,/root/isic_overlap_pilot_self_contained/data/isic2018/raw/task1_masks/ISIC2018_Task1_Training_GroundTruth/ISIC_0000234_segmentation.png,0,,b438c1d38fcee4c4,209,val
ISIC_0000235,/root/derm_pilot_v100/data/isic2018_raw/ISIC2018_Task1-2_Training_Input/ISIC_0000235.jpg,/root/isic_overlap_pilot_self_contained/data/isic2018/raw/task1_masks/ISIC2018_Task1_Training_GroundTruth/ISIC_0000235_segmentation.png,0,,b9c4d21a87f1ce98,210,val
ISIC_0000236,/root/derm_pilot_v100/data/isic2018_raw/ISIC2018_Task1-2_Training_Input/ISIC_0000236.jpg,/root/isic_overlap_pilot_self_contained/data/isic2018/raw/task1_masks/ISIC2018_Task1_Training_GroundTruth/ISIC_0000236_segmentation.png,0,,bd79c296c96e0c91,211,train
ISIC_0000239,/root/derm_pilot_v100/data/isic2018_raw/ISIC2018_Task1-2_Training_Input/ISIC_0000239.jpg,/root/isic_overlap_pilot_self_contained/data/isic2018/raw/task1_masks/ISIC2018_Task1_Training_GroundTruth/ISIC_0000239_segmentation.png,0,,f8c98796cb622c39,212,test
ISIC_0000240,/root/derm_pilot_v100/data/isic2018_raw/ISIC2018_Task1-2_Training_Input/ISIC_0000240.jpg,/root/isic_overlap_pilot_self_contained/data/isic2018/raw/task1_masks/ISIC2018_Task1_Training_GroundTruth/ISIC_0000240_segmentation.png,0,,e4279bcc655126b6,213,train
ISIC_0000242,/root/derm_pilot_v100/data/isic2018_raw/ISIC2018_Task1-2_Training_Input/ISIC_0000242.jpg,/root/isic_overlap_pilot_self_contained/data/isic2018/raw/task1_masks/ISIC2018_Task1_Training_GroundTruth/ISIC_0000242_segmentation.png,0,,9043c19e156e5b7b,214,train
ISIC_0000243,/root/derm_pilot_v100/data/isic2018_raw/ISIC2018_Task1-2_Training_Input/ISIC_0000243.jpg,/root/isic_overlap_pilot_self_contained/data/isic2018/raw/task1_masks/ISIC2018_Task1_Training_GroundTruth/ISIC_0000243_segmentation.png,0,,bc93d249cb345c6c,180,train
ISIC_0000244,/root/derm_pilot_v100/data/isic2018_raw/ISIC2018_Task1-2_Training_Input/ISIC_0000244.jpg,/root/isic_overlap_pilot_self_contained/data/isic2018/raw/task1_masks/ISIC2018_Task1_Training_GroundTruth/ISIC_0000244_segmentation.png,0,,b273cf26cc9830e5,215,train
ISIC_0000245,/root/derm_pilot_v100/data/isic2018_raw/ISIC2018_Task1-2_Training_Input/ISIC_0000245.jpg,/root/isic_overlap_pilot_self_contained/data/isic2018/raw/task1_masks/ISIC2018_Task1_Training_GroundTruth/ISIC_0000245_segmentation.png,0,,dc30c74f4d963163,216,train
ISIC_0000246,/root/derm_pilot_v100/data/isic2018_raw/ISIC2018_Task1-2_Training_Input/ISIC_0000246.jpg,/root/isic_overlap_pilot_self_contained/data/isic2018/raw/task1_masks/ISIC2018_Task1_Training_GroundTruth/ISIC_0000246_segmentation.png,0,,ed92906fd19cc48d,217,train
ISIC_0000247,/root/derm_pilot_v100/data/isic2018_raw/ISIC2018_Task1-2_Training_Input/ISIC_0000247.jpg,/root/isic_overlap_pilot_self_contained/data/isic2018/raw/task1_masks/ISIC2018_Task1_Training_GroundTruth/ISIC_0000247_segmentation.png,0,,812755de5f221a73,218,test
ISIC_0000249,/root/derm_pilot_v100/data/isic2018_raw/ISIC2018_Task1-2_Training_Input/ISIC_0000249.jpg,/root/isic_overlap_pilot_self_contained/data/isic2018/raw/task1_masks/ISIC2018_Task1_Training_GroundTruth/ISIC_0000249_segmentation.png,0,,c57a1f613c6334c9,219,test
ISIC_0000250,/root/derm_pilot_v100/data/isic2018_raw/ISIC2018_Task1-2_Training_Input/ISIC_0000250.jpg,/root/isic_overlap_pilot_self_contained/data/isic2018/raw/task1_masks/ISIC2018_Task1_Training_GroundTruth/ISIC_0000250_segmentation.png,0,,b079c3923e4f7434,220,train
ISIC_0000251,/root/derm_pilot_v100/data/isic2018_raw/ISIC2018_Task1-2_Training_Input/ISIC_0000251.jpg,/root/isic_overlap_pilot_self_contained/data/isic2018/raw/task1_masks/ISIC2018_Task1_Training_GroundTruth/ISIC_0000251_segmentation.png,0,,80519166679bdf6c,221,val
ISIC_0000252,/root/derm_pilot_v100/data/isic2018_raw/ISIC2018_Task1-2_Training_Input/ISIC_0000252.jpg,/root/isic_overlap_pilot_self_contained/data/isic2018/raw/task1_masks/ISIC2018_Task1_Training_GroundTruth/ISIC_0000252_segmentation.png,0,,b1b207c11e947f47,222,train
ISIC_0000253,/root/derm_pilot_v100/data/isic2018_raw/ISIC2018_Task1-2_Training_Input/ISIC_0000253.jpg,/root/isic_overlap_pilot_self_contained/data/isic2018/raw/task1_masks/ISIC2018_Task1_Training_GroundTruth/ISIC_0000253_segmentation.png,0,,d137449d53744ed1,223,train
ISIC_0000254,/root/derm_pilot_v100/data/isic2018_raw/ISIC2018_Task1-2_Training_Input/ISIC_0000254.jpg,/root/isic_overlap_pilot_self_contained/data/isic2018/raw/task1_masks/ISIC2018_Task1_Training_GroundTruth/ISIC_0000254_segmentation.png,0,,b03e85ce113857e7,224,test
ISIC_0000255,/root/derm_pilot_v100/data/isic2018_raw/ISIC2018_Task1-2_Training_Input/ISIC_0000255.jpg,/root/isic_overlap_pilot_self_contained/data/isic2018/raw/task1_masks/ISIC2018_Task1_Training_GroundTruth/ISIC_0000255_segmentation.png,0,,d543d0cf44bb1273,225,train
ISIC_0000256,/root/derm_pilot_v100/data/isic2018_raw/ISIC2018_Task1-2_Training_Input/ISIC_0000256.jpg,/root/isic_overlap_pilot_self_contained/data/isic2018/raw/task1_masks/ISIC2018_Task1_Training_GroundTruth/ISIC_0000256_segmentation.png,0,,f62d989922663373,226,val
ISIC_0000258,/root/derm_pilot_v100/data/isic2018_raw/ISIC2018_Task1-2_Training_Input/ISIC_0000258.jpg,/root/isic_overlap_pilot_self_contained/data/isic2018/raw/task1_masks/ISIC2018_Task1_Training_GroundTruth/ISIC_0000258_segmentation.png,0,,b5d0c30d6125d53f,227,train
ISIC_0000259,/root/derm_pilot_v100/data/isic2018_raw/ISIC2018_Task1-2_Training_Input/ISIC_0000259.jpg,/root/isic_overlap_pilot_self_contained/data/isic2018/raw/task1_masks/ISIC2018_Task1_Training_GroundTruth/ISIC_0000259_segmentation.png,0,,dbc0b10be0255e5f,228,train
ISIC_0000260,/root/derm_pilot_v100/data/isic2018_raw/ISIC2018_Task1-2_Training_Input/ISIC_0000260.jpg,/root/isic_overlap_pilot_self_contained/data/isic2018/raw/task1_masks/ISIC2018_Task1_Training_GroundTruth/ISIC_0000260_segmentation.png,0,,b073cf8c3c4433b3,229,train
ISIC_0000261,/root/derm_pilot_v100/data/isic2018_raw/ISIC2018_Task1-2_Training_Input/ISIC_0000261.jpg,/root/isic_overlap_pilot_self_contained/data/isic2018/raw/task1_masks/ISIC2018_Task1_Training_GroundTruth/ISIC_0000261_segmentation.png,0,,e631d99d673082c7,230,train
ISIC_0000262,/root/derm_pilot_v100/data/isic2018_raw/ISIC2018_Task1-2_Training_Input/ISIC_0000262.jpg,/root/isic_overlap_pilot_self_contained/data/isic2018/raw/task1_masks/ISIC2018_Task1_Training_GroundTruth/ISIC_0000262_segmentation.png,0,,f72898ec67939864,231,train
ISIC_0000263,/root/derm_pilot_v100/data/isic2018_raw/ISIC2018_Task1-2_Training_Input/ISIC_0000263.jpg,/root/isic_overlap_pilot_self_contained/data/isic2018/raw/task1_masks/ISIC2018_Task1_Training_GroundTruth/ISIC_0000263_segmentation.png,0,,b0cccf33349933cc,232,train
ISIC_0000264,/root/derm_pilot_v100/data/isic2018_raw/ISIC2018_Task1-2_Training_Input/ISIC_0000264.jpg,/root/isic_overlap_pilot_self_contained/data/isic2018/raw/task1_masks/ISIC2018_Task1_Training_GroundTruth/ISIC_0000264_segmentation.png,0,,b171d029ce9e3dd0,233,train
ISIC_0000265,/root/derm_pilot_v100/data/isic2018_raw/ISIC2018_Task1-2_Training_Input/ISIC_0000265.jpg,/root/isic_overlap_pilot_self_contained/data/isic2018/raw/task1_masks/ISIC2018_Task1_Training_GroundTruth/ISIC_0000265_segmentation.png,0,,e65999334c4c339b,234,train
ISIC_0000268,/root/derm_pilot_v100/data/isic2018_raw/ISIC2018_Task1-2_Training_Input/ISIC_0000268.jpg,/root/isic_overlap_pilot_self_contained/data/isic2018/raw/task1_masks/ISIC2018_Task1_Training_GroundTruth/ISIC_0000268_segmentation.png,0,,c99785581f671d31,235,train
ISIC_0000269,/root/derm_pilot_v100/data/isic2018_raw/ISIC2018_Task1-2_Training_Input/ISIC_0000269.jpg,/root/isic_overlap_pilot_self_contained/data/isic2018/raw/task1_masks/ISIC2018_Task1_Training_GroundTruth/ISIC_0000269_segmentation.png,0,,f40d437a0e6b2b3c,236,train
ISIC_0000271,/root/derm_pilot_v100/data/isic2018_raw/ISIC2018_Task1-2_Training_Input/ISIC_0000271.jpg,/root/isic_overlap_pilot_self_contained/data/isic2018/raw/task1_masks/ISIC2018_Task1_Training_GroundTruth/ISIC_0000271_segmentation.png,0,,b0cecb302c63b3ce,22,train
ISIC_0000274,/root/derm_pilot_v100/data/isic2018_raw/ISIC2018_Task1-2_Training_Input/ISIC_0000274.jpg,/root/isic_overlap_pilot_self_contained/data/isic2018/raw/task1_masks/ISIC2018_Task1_Training_GroundTruth/ISIC_0000274_segmentation.png,0,,9063cb8f0f7039d3,237,train
ISIC_0000275,/root/derm_pilot_v100/data/isic2018_raw/ISIC2018_Task1-2_Training_Input/ISIC_0000275.jpg,/root/isic_overlap_pilot_self_contained/data/isic2018/raw/task1_masks/ISIC2018_Task1_Training_GroundTruth/ISIC_0000275_segmentation.png,0,,c63b3b643cb13865,238,train
ISIC_0000276,/root/derm_pilot_v100/data/isic2018_raw/ISIC2018_Task1-2_Training_Input/ISIC_0000276.jpg,/root/isic_overlap_pilot_self_contained/data/isic2018/raw/task1_masks/ISIC2018_Task1_Training_GroundTruth/ISIC_0000276_segmentation.png,1,,d03c4bc10bcd4f97,239,train
ISIC_0000277,/root/derm_pilot_v100/data/isic2018_raw/ISIC2018_Task1-2_Training_Input/ISIC_0000277.jpg,/root/isic_overlap_pilot_self_contained/data/isic2018/raw/task1_masks/ISIC2018_Task1_Training_GroundTruth/ISIC_0000277_segmentation.png,1,,d4e44b320f896f36,240,train
ISIC_0000278,/root/derm_pilot_v100/data/isic2018_raw/ISIC2018_Task1-2_Training_Input/ISIC_0000278.jpg,/root/isic_overlap_pilot_self_contained/data/isic2018/raw/task1_masks/ISIC2018_Task1_Training_GroundTruth/ISIC_0000278_segmentation.png,1,,fc4ad2984b4d9497,241,train
ISIC_0000279,/root/derm_pilot_v100/data/isic2018_raw/ISIC2018_Task1-2_Training_Input/ISIC_0000279.jpg,/root/isic_overlap_pilot_self_contained/data/isic2018/raw/task1_masks/ISIC2018_Task1_Training_GroundTruth/ISIC_0000279_segmentation.png,1,,bf47c0da8b9dc038,242,val
ISIC_0000281,/root/derm_pilot_v100/data/isic2018_raw/ISIC2018_Task1-2_Training_Input/ISIC_0000281.jpg,/root/isic_overlap_pilot_self_contained/data/isic2018/raw/task1_masks/ISIC2018_Task1_Training_GroundTruth/ISIC_0000281_segmentation.png,1,,c12c1e393c656de6,243,test
ISIC_0000282,/root/derm_pilot_v100/data/isic2018_raw/ISIC2018_Task1-2_Training_Input/ISIC_0000282.jpg,/root/isic_overlap_pilot_self_contained/data/isic2018/raw/task1_masks/ISIC2018_Task1_Training_GroundTruth/ISIC_0000282_segmentation.png,1,,d04b4a2f0f2d4f3c,244,train
ISIC_0000283,/root/derm_pilot_v100/data/isic2018_raw/ISIC2018_Task1-2_Training_Input/ISIC_0000283.jpg,/root/isic_overlap_pilot_self_contained/data/isic2018/raw/task1_masks/ISIC2018_Task1_Training_GroundTruth/ISIC_0000283_segmentation.png,1,,93394e343c657333,245,train
ISIC_0000287,/root/derm_pilot_v100/data/isic2018_raw/ISIC2018_Task1-2_Training_Input/ISIC_0000287.jpg,/root/isic_overlap_pilot_self_contained/data/isic2018/raw/task1_masks/ISIC2018_Task1_Training_GroundTruth/ISIC_0000287_segmentation.png,1,,c14b1f3c5ae56938,246,train
ISIC_0000288,/root/derm_pilot_v100/data/isic2018_raw/ISIC2018_Task1-2_Training_Input/ISIC_0000288.jpg,/root/isic_overlap_pilot_self_contained/data/isic2018/raw/task1_masks/ISIC2018_Task1_Training_GroundTruth/ISIC_0000288_segmentation.png,1,,ad67e431c35d8632,247,train
ISIC_0000290,/root/derm_pilot_v100/data/isic2018_raw/ISIC2018_Task1-2_Training_Input/ISIC_0000290.jpg,/root/isic_overlap_pilot_self_contained/data/isic2018/raw/task1_masks/ISIC2018_Task1_Training_GroundTruth/ISIC_0000290_segmentation.png,1,,96974bcb6dcc2438,248,train
ISIC_0000292,/root/derm_pilot_v100/data/isic2018_raw/ISIC2018_Task1-2_Training_Input/ISIC_0000292.jpg,/root/isic_overlap_pilot_self_contained/data/isic2018/raw/task1_masks/ISIC2018_Task1_Training_GroundTruth/ISIC_0000292_segmentation.png,1,,b95cc696d06bcc64,249,train
ISIC_0000293,/root/derm_pilot_v100/data/isic2018_raw/ISIC2018_Task1-2_Training_Input/ISIC_0000293.jpg,/root/isic_overlap_pilot_self_contained/data/isic2018/raw/task1_masks/ISIC2018_Task1_Training_GroundTruth/ISIC_0000293_segmentation.png,1,,f060401fc49fc77e,250,train
ISIC_0000294,/root/derm_pilot_v100/data/isic2018_raw/ISIC2018_Task1-2_Training_Input/ISIC_0000294.jpg,/root/isic_overlap_pilot_self_contained/data/isic2018/raw/task1_masks/ISIC2018_Task1_Training_GroundTruth/ISIC_0000294_segmentation.png,1,,bf61d03c4dce4686,251,train
ISIC_0000295,/root/derm_pilot_v100/data/isic2018_raw/ISIC2018_Task1-2_Training_Input/ISIC_0000295.jpg,/root/isic_overlap_pilot_self_contained/data/isic2018/raw/task1_masks/ISIC2018_Task1_Training_GroundTruth/ISIC_0000295_segmentation.png,1,,f5bed09fc2318261,252,train
ISIC_0000297,/root/derm_pilot_v100/data/isic2018_raw/ISIC2018_Task1-2_Training_Input/ISIC_0000297.jpg,/root/isic_overlap_pilot_self_contained/data/isic2018/raw/task1_masks/ISIC2018_Task1_Training_GroundTruth/ISIC_0000297_segmentation.png,1,,f52750dd427548d5,253,train
ISIC_0000298,/root/derm_pilot_v100/data/isic2018_raw/ISIC2018_Task1-2_Training_Input/ISIC_0000298.jpg,/root/isic_overlap_pilot_self_contained/data/isic2018/raw/task1_masks/ISIC2018_Task1_Training_GroundTruth/ISIC_0000298_segmentation.png,1,,f58fc07452cf08d9,254,train
ISIC_0000299,/root/derm_pilot_v100/data/isic2018_raw/ISIC2018_Task1-2_Training_Input/ISIC_0000299.jpg,/root/isic_overlap_pilot_self_contained/data/isic2018/raw/task1_masks/ISIC2018_Task1_Training_GroundTruth/ISIC_0000299_segmentation.png,1,,b52f953dc2b44ab0,255,train
ISIC_0000300,/root/derm_pilot_v100/data/isic2018_raw/ISIC2018_Task1-2_Training_Input/ISIC_0000300.jpg,/root/isic_overlap_pilot_self_contained/data/isic2018/raw/task1_masks/ISIC2018_Task1_Training_GroundTruth/ISIC_0000300_segmentation.png,1,,b5ebc03f42b44eb0,256,train
ISIC_0000301,/root/derm_pilot_v100/data/isic2018_raw/ISIC2018_Task1-2_Training_Input/ISIC_0000301.jpg,/root/isic_overlap_pilot_self_contained/data/isic2018/raw/task1_masks/ISIC2018_Task1_Training_GroundTruth/ISIC_0000301_segmentation.png,1,,f4fd4043c0f6413f,257,val
ISIC_0000303,/root/derm_pilot_v100/data/isic2018_raw/ISIC2018_Task1-2_Training_Input/ISIC_0000303.jpg,/root/isic_overlap_pilot_self_contained/data/isic2018/raw/task1_masks/ISIC2018_Task1_Training_GroundTruth/ISIC_0000303_segmentation.png,1,,e0e595dc909e9a59,258,val
ISIC_0000306,/root/derm_pilot_v100/data/isic2018_raw/ISIC2018_Task1-2_Training_Input/ISIC_0000306.jpg,/root/isic_overlap_pilot_self_contained/data/isic2018/raw/task1_masks/ISIC2018_Task1_Training_GroundTruth/ISIC_0000306_segmentation.png,1,,f56ec0bd00e7329c,259,train
ISIC_0000307,/root/derm_pilot_v100/data/isic2018_raw/ISIC2018_Task1-2_Training_Input/ISIC_0000307.jpg,/root/isic_overlap_pilot_self_contained/data/isic2018/raw/task1_masks/ISIC2018_Task1_Training_GroundTruth/ISIC_0000307_segmentation.png,1,,a51ad43f426d1ae5,260,train
ISIC_0000310,/root/derm_pilot_v100/data/isic2018_raw/ISIC2018_Task1-2_Training_Input/ISIC_0000310.jpg,/root/isic_overlap_pilot_self_contained/data/isic2018/raw/task1_masks/ISIC2018_Task1_Training_GroundTruth/ISIC_0000310_segmentation.png,1,,bd17d0fa90acc269,261,train
ISIC_0000311,/root/derm_pilot_v100/data/isic2018_raw/ISIC2018_Task1-2_Training_Input/ISIC_0000311.jpg,/root/isic_overlap_pilot_self_contained/data/isic2018/raw/task1_masks/ISIC2018_Task1_Training_GroundTruth/ISIC_0000311_segmentation.png,1,,d53890c7c09f82df,262,train
ISIC_0000313,/root/derm_pilot_v100/data/isic2018_raw/ISIC2018_Task1-2_Training_Input/ISIC_0000313.jpg,/root/isic_overlap_pilot_self_contained/data/isic2018/raw/task1_masks/ISIC2018_Task1_Training_GroundTruth/ISIC_0000313_segmentation.png,1,,d52f90b740f6469c,263,train
ISIC_0000314,/root/derm_pilot_v100/data/isic2018_raw/ISIC2018_Task1-2_Training_Input/ISIC_0000314.jpg,/root/isic_overlap_pilot_self_contained/data/isic2018/raw/task1_masks/ISIC2018_Task1_Training_GroundTruth/ISIC_0000314_segmentation.png,1,,f52ed6e7189d2098,264,train
ISIC_0000315,/root/derm_pilot_v100/data/isic2018_raw/ISIC2018_Task1-2_Training_Input/ISIC_0000315.jpg,/root/isic_overlap_pilot_self_contained/data/isic2018/raw/task1_masks/ISIC2018_Task1_Training_GroundTruth/ISIC_0000315_segmentation.png,0,,d52ec4d912f44b71,265,train
ISIC_0000316,/root/derm_pilot_v100/data/isic2018_raw/ISIC2018_Task1-2_Training_Input/ISIC_0000316.jpg,/root/isic_overlap_pilot_self_contained/data/isic2018/raw/task1_masks/ISIC2018_Task1_Training_GroundTruth/ISIC_0000316_segmentation.png,0,,d53b44ed02fd02d5,253,train
ISIC_0000317,/root/derm_pilot_v100/data/isic2018_raw/ISIC2018_Task1-2_Training_Input/ISIC_0000317.jpg,/root/isic_overlap_pilot_self_contained/data/isic2018/raw/task1_masks/ISIC2018_Task1_Training_GroundTruth/ISIC_0000317_segmentation.png,0,,d52b44ff12b14ac6,266,train
ISIC_0000319,/root/derm_pilot_v100/data/isic2018_raw/ISIC2018_Task1-2_Training_Input/ISIC_0000319.jpg,/root/isic_overlap_pilot_self_contained/data/isic2018/raw/task1_masks/ISIC2018_Task1_Training_GroundTruth/ISIC_0000319_segmentation.png,0,,d53bc48d30dd6661,267,val
ISIC_0000320,/root/derm_pilot_v100/data/isic2018_raw/ISIC2018_Task1-2_Training_Input/ISIC_0000320.jpg,/root/isic_overlap_pilot_self_contained/data/isic2018/raw/task1_masks/ISIC2018_Task1_Training_GroundTruth/ISIC_0000320_segmentation.png,0,,f5bad26d18650a95,268,train
ISIC_0000321,/root/derm_pilot_v100/data/isic2018_raw/ISIC2018_Task1-2_Training_Input/ISIC_0000321.jpg,/root/isic_overlap_pilot_self_contained/data/isic2018/raw/task1_masks/ISIC2018_Task1_Training_GroundTruth/ISIC_0000321_segmentation.png,0,,f539d0c742dd069c,269,train
ISIC_0000322,/root/derm_pilot_v100/data/isic2018_raw/ISIC2018_Task1-2_Training_Input/ISIC_0000322.jpg,/root/isic_overlap_pilot_self_contained/data/isic2018/raw/task1_masks/ISIC2018_Task1_Training_GroundTruth/ISIC_0000322_segmentation.png,0,,d53fc1cd12f20339,270,train
ISIC_0000323,/root/derm_pilot_v100/data/isic2018_raw/ISIC2018_Task1-2_Training_Input/ISIC_0000323.jpg,/root/isic_overlap_pilot_self_contained/data/isic2018/raw/task1_masks/ISIC2018_Task1_Training_GroundTruth/ISIC_0000323_segmentation.png,0,,d52f50fd02f5023d,253,train
ISIC_0000324,/root/derm_pilot_v100/data/isic2018_raw/ISIC2018_Task1-2_Training_Input/ISIC_0000324.jpg,/root/isic_overlap_pilot_self_contained/data/isic2018/raw/task1_masks/ISIC2018_Task1_Training_GroundTruth/ISIC_0000324_segmentation.png,0,,d53c44e742fd183c,271,train
ISIC_0000325,/root/derm_pilot_v100/data/isic2018_raw/ISIC2018_Task1-2_Training_Input/ISIC_0000325.jpg,/root/isic_overlap_pilot_self_contained/data/isic2018/raw/task1_masks/ISIC2018_Task1_Training_GroundTruth/ISIC_0000325_segmentation.png,0,,b43cc5db02cd3a3c,272,train
ISIC_0000326,/root/derm_pilot_v100/data/isic2018_raw/ISIC2018_Task1-2_Training_Input/ISIC_0000326.jpg,/root/isic_overlap_pilot_self_contained/data/isic2018/raw/task1_masks/ISIC2018_Task1_Training_GroundTruth/ISIC_0000326_segmentation.png,0,,f31bcc7651a26619,273,train
ISIC_0000327,/root/derm_pilot_v100/data/isic2018_raw/ISIC2018_Task1-2_Training_Input/ISIC_0000327.jpg,/root/isic_overlap_pilot_self_contained/data/isic2018/raw/task1_masks/ISIC2018_Task1_Training_GroundTruth/ISIC_0000327_segmentation.png,0,,d13b44cf42315a77,274,train
ISIC_0000328,/root/derm_pilot_v100/data/isic2018_raw/ISIC2018_Task1-2_Training_Input/ISIC_0000328.jpg,/root/isic_overlap_pilot_self_contained/data/isic2018/raw/task1_masks/ISIC2018_Task1_Training_GroundTruth/ISIC_0000328_segmentation.png,0,,d52f50bd18dd0a9c,275,train
ISIC_0000329,/root/derm_pilot_v100/data/isic2018_raw/ISIC2018_Task1-2_Training_Input/ISIC_0000329.jpg,/root/isic_overlap_pilot_self_contained/data/isic2018/raw/task1_masks/ISIC2018_Task1_Training_GroundTruth/ISIC_0000329_segmentation.png,0,,d13fc4dd10ec2371,276,train
ISIC_0000330,/root/derm_pilot_v100/data/isic2018_raw/ISIC2018_Task1-2_Training_Input/ISIC_0000330.jpg,/root/isic_overlap_pilot_self_contained/data/isic2018/raw/task1_masks/ISIC2018_Task1_Training_GroundTruth/ISIC_0000330_segmentation.png,0,,f56fd49a12710963,277,train
ISIC_0000331,/root/derm_pilot_v100/data/isic2018_raw/ISIC2018_Task1-2_Training_Input/ISIC_0000331.jpg,/root/isic_overlap_pilot_self_contained/data/isic2018/raw/task1_masks/ISIC2018_Task1_Training_GroundTruth/ISIC_0000331_segmentation.png,0,,f49bc16506751ad3,278,train
ISIC_0000332,/root/derm_pilot_v100/data/isic2018_raw/ISIC2018_Task1-2_Training_Input/ISIC_0000332.jpg,/root/isic_overlap_pilot_self_contained/data/isic2018/raw/task1_masks/ISIC2018_Task1_Training_GroundTruth/ISIC_0000332_segmentation.png,0,,d53b44cc46f51b31,279,train
ISIC_0000336,/root/derm_pilot_v100/data/isic2018_raw/ISIC2018_Task1-2_Training_Input/ISIC_0000336.jpg,/root/isic_overlap_pilot_self_contained/data/isic2018/raw/task1_masks/ISIC2018_Task1_Training_GroundTruth/ISIC_0000336_segmentation.png,0,,d12fc4dd306643b9,280,val
ISIC_0000337,/root/derm_pilot_v100/data/isic2018_raw/ISIC2018_Task1-2_Training_Input/ISIC_0000337.jpg,/root/isic_overlap_pilot_self_contained/data/isic2018/raw/task1_masks/ISIC2018_Task1_Training_GroundTruth/ISIC_0000337_segmentation.png,0,,f53bd4698cc44ab4,281,train
ISIC_0000338,/root/derm_pilot_v100/data/isic2018_raw/ISIC2018_Task1-2_Training_Input/ISIC_0000338.jpg,/root/isic_overlap_pilot_self_contained/data/isic2018/raw/task1_masks/ISIC2018_Task1_Training_GroundTruth/ISIC_0000338_segmentation.png,0,,f5cecc3342e702cc,282,test
ISIC_0000339,/root/derm_pilot_v100/data/isic2018_raw/ISIC2018_Task1-2_Training_Input/ISIC_0000339.jpg,/root/isic_overlap_pilot_self_contained/data/isic2018/raw/task1_masks/ISIC2018_Task1_Training_GroundTruth/ISIC_0000339_segmentation.png,0,,d52750df42e548dc,253,train
ISIC_0000340,/root/derm_pilot_v100/data/isic2018_raw/ISIC2018_Task1-2_Training_Input/ISIC_0000340.jpg,/root/isic_overlap_pilot_self_contained/data/isic2018/raw/task1_masks/ISIC2018_Task1_Training_GroundTruth/ISIC_0000340_segmentation.png,0,,d52ddc7402d306dd,283,val
ISIC_0000341,/root/derm_pilot_v100/data/isic2018_raw/ISIC2018_Task1-2_Training_Input/ISIC_0000341.jpg,/root/isic_overlap_pilot_self_contained/data/isic2018/raw/task1_masks/ISIC2018_Task1_Training_GroundTruth/ISIC_0000341_segmentation.png,0,,f56fc49b10dd03b0,284,val
ISIC_0000342,/root/derm_pilot_v100/data/isic2018_raw/ISIC2018_Task1-2_Training_Input/ISIC_0000342.jpg,/root/isic_overlap_pilot_self_contained/data/isic2018/raw/task1_masks/ISIC2018_Task1_Training_GroundTruth/ISIC_0000342_segmentation.png,0,,d53bc5cd04bd1331,279,train
ISIC_0000343,/root/derm_pilot_v100/data/isic2018_raw/ISIC2018_Task1-2_Training_Input/ISIC_0000343.jpg,/root/isic_overlap_pilot_self_contained/data/isic2018/raw/task1_masks/ISIC2018_Task1_Training_GroundTruth/ISIC_0000343_segmentation.png,0,,d52fc03706bc13f4,285,train
ISIC_0000344,/root/derm_pilot_v100/data/isic2018_raw/ISIC2018_Task1-2_Training_Input/ISIC_0000344.jpg,/root/isic_overlap_pilot_self_contained/data/isic2018/raw/task1_masks/ISIC2018_Task1_Training_GroundTruth/ISIC_0000344_segmentation.png,0,,b446c1395d9944bf,286,train
ISIC_0000345,/root/derm_pilot_v100/data/isic2018_raw/ISIC2018_Task1-2_Training_Input/ISIC_0000345.jpg,/root/isic_overlap_pilot_self_contained/data/isic2018/raw/task1_masks/ISIC2018_Task1_Training_GroundTruth/ISIC_0000345_segmentation.png,0,,d53f44ed13314acc,266,train
ISIC_0000346,/root/derm_pilot_v100/data/isic2018_raw/ISIC2018_Task1-2_Training_Input/ISIC_0000346.jpg,/root/isic_overlap_pilot_self_contained/data/isic2018/raw/task1_masks/ISIC2018_Task1_Training_GroundTruth/ISIC_0000346_segmentation.png,0,,f53fc4651075239c,287,val
ISIC_0000348,/root/derm_pilot_v100/data/isic2018_raw/ISIC2018_Task1-2_Training_Input/ISIC_0000348.jpg,/root/isic_overlap_pilot_self_contained/data/isic2018/raw/task1_masks/ISIC2018_Task1_Training_GroundTruth/ISIC_0000348_segmentation.png,0,,f53bd0cf60792232,288,train
ISIC_0000349,/root/derm_pilot_v100/data/isic2018_raw/ISIC2018_Task1-2_Training_Input/ISIC_0000349.jpg,/root/isic_overlap_pilot_self_contained/data/isic2018/raw/task1_masks/ISIC2018_Task1_Training_GroundTruth/ISIC_0000349_segmentation.png,0,,d52f44ed22f50275,253,train
ISIC_0000350,/root/derm_pilot_v100/data/isic2018_raw/ISIC2018_Task1-2_Training_Input/ISIC_0000350.jpg,/root/isic_overlap_pilot_self_contained/data/isic2018/raw/task1_masks/ISIC2018_Task1_Training_GroundTruth/ISIC_0000350_segmentation.png,0,,d4afc03d22c41b3f,289,train
ISIC_0000351,/root/derm_pilot_v100/data/isic2018_raw/ISIC2018_Task1-2_Training_Input/ISIC_0000351.jpg,/root/isic_overlap_pilot_self_contained/data/isic2018/raw/task1_masks/ISIC2018_Task1_Training_GroundTruth/ISIC_0000351_segmentation.png,0,,d52890e9623dca9f,290,val
ISIC_0000352,/root/derm_pilot_v100/data/isic2018_raw/ISIC2018_Task1-2_Training_Input/ISIC_0000352.jpg,/root/isic_overlap_pilot_self_contained/data/isic2018/raw/task1_masks/ISIC2018_Task1_Training_GroundTruth/ISIC_0000352_segmentation.png,0,,d52f54e662990aec,291,test
ISIC_0000353,/root/derm_pilot_v100/data/isic2018_raw/ISIC2018_Task1-2_Training_Input/ISIC_0000353.jpg,/root/isic_overlap_pilot_self_contained/data/isic2018/raw/task1_masks/ISIC2018_Task1_Training_GroundTruth/ISIC_0000353_segmentation.png,0,,d56fc43940f312ec,292,val
ISIC_0000354,/root/derm_pilot_v100/data/isic2018_raw/ISIC2018_Task1-2_Training_Input/ISIC_0000354.jpg,/root/isic_overlap_pilot_self_contained/data/isic2018/raw/task1_masks/ISIC2018_Task1_Training_GroundTruth/ISIC_0000354_segmentation.png,0,,f16dc7b6cc928483,293,train
ISIC_0000355,/root/derm_pilot_v100/data/isic2018_raw/ISIC2018_Task1-2_Training_Input/ISIC_0000355.jpg,/root/isic_overlap_pilot_self_contained/data/isic2018/raw/task1_masks/ISIC2018_Task1_Training_GroundTruth/ISIC_0000355_segmentation.png,0,,d52f40ff42bc02b5,253,train
ISIC_0000357,/root/derm_pilot_v100/data/isic2018_raw/ISIC2018_Task1-2_Training_Input/ISIC_0000357.jpg,/root/isic_overlap_pilot_self_contained/data/isic2018/raw/task1_masks/ISIC2018_Task1_Training_GroundTruth/ISIC_0000357_segmentation.png,0,,d52b50dd227708dd,253,train
ISIC_0000358,/root/derm_pilot_v100/data/isic2018_raw/ISIC2018_Task1-2_Training_Input/ISIC_0000358.jpg,/root/isic_overlap_pilot_self_contained/data/isic2018/raw/task1_masks/ISIC2018_Task1_Training_GroundTruth/ISIC_0000358_segmentation.png,0,,d52f509d40f50af5,253,train
ISIC_0000359,/root/derm_pilot_v100/data/isic2018_raw/ISIC2018_Task1-2_Training_Input/ISIC_0000359.jpg,/root/isic_overlap_pilot_self_contained/data/isic2018/raw/task1_masks/ISIC2018_Task1_Training_GroundTruth/ISIC_0000359_segmentation.png,0,,b54bd0ad82bd9a34,294,train
ISIC_0000360,/root/derm_pilot_v100/data/isic2018_raw/ISIC2018_Task1-2_Training_Input/ISIC_0000360.jpg,/root/isic_overlap_pilot_self_contained/data/isic2018/raw/task1_masks/ISIC2018_Task1_Training_GroundTruth/ISIC_0000360_segmentation.png,0,,d53b503702dd02fd,295,train
ISIC_0000361,/root/derm_pilot_v100/data/isic2018_raw/ISIC2018_Task1-2_Training_Input/ISIC_0000361.jpg,/root/isic_overlap_pilot_self_contained/data/isic2018/raw/task1_masks/ISIC2018_Task1_Training_GroundTruth/ISIC_0000361_segmentation.png,0,,f46fc53608b9409f,296,train
ISIC_0000363,/root/derm_pilot_v100/data/isic2018_raw/ISIC2018_Task1-2_Training_Input/ISIC_0000363.jpg,/root/isic_overlap_pilot_self_contained/data/isic2018/raw/task1_masks/ISIC2018_Task1_Training_GroundTruth/ISIC_0000363_segmentation.png,0,,e5bbd06d129c6299,297,train
ISIC_0000364,/root/derm_pilot_v100/data/isic2018_raw/ISIC2018_Task1-2_Training_Input/ISIC_0000364.jpg,/root/isic_overlap_pilot_self_contained/data/isic2018/raw/task1_masks/ISIC2018_Task1_Training_GroundTruth/ISIC_0000364_segmentation.png,0,,f43dd0f10a950afc,298,test
ISIC_0000365,/root/derm_pilot_v100/data/isic2018_raw/ISIC2018_Task1-2_Training_Input/ISIC_0000365.jpg,/root/isic_overlap_pilot_self_contained/data/isic2018/raw/task1_masks/ISIC2018_Task1_Training_GroundTruth/ISIC_0000365_segmentation.png,0,,d52fc4bd12f7028c,299,train
ISIC_0000366,/root/derm_pilot_v100/data/isic2018_raw/ISIC2018_Task1-2_Training_Input/ISIC_0000366.jpg,/root/isic_overlap_pilot_self_contained/data/isic2018/raw/task1_masks/ISIC2018_Task1_Training_GroundTruth/ISIC_0000366_segmentation.png,0,,d12b44dc10f7c6bc,300,train
ISIC_0000367,/root/derm_pilot_v100/data/isic2018_raw/ISIC2018_Task1-2_Training_Input/ISIC_0000367.jpg,/root/isic_overlap_pilot_self_contained/data/isic2018/raw/task1_masks/ISIC2018_Task1_Training_GroundTruth/ISIC_0000367_segmentation.png,0,,f52fd0b908b542cd,301,train
ISIC_0000368,/root/derm_pilot_v100/data/isic2018_raw/ISIC2018_Task1-2_Training_Input/ISIC_0000368.jpg,/root/isic_overlap_pilot_self_contained/data/isic2018/raw/task1_masks/ISIC2018_Task1_Training_GroundTruth/ISIC_0000368_segmentation.png,0,,e17ac5b984e58678,302,train
ISIC_0000370,/root/derm_pilot_v100/data/isic2018_raw/ISIC2018_Task1-2_Training_Input/ISIC_0000370.jpg,/root/isic_overlap_pilot_self_contained/data/isic2018/raw/task1_masks/ISIC2018_Task1_Training_GroundTruth/ISIC_0000370_segmentation.png,0,,f56fd49c406412e7,303,test
ISIC_0000372,/root/derm_pilot_v100/data/isic2018_raw/ISIC2018_Task1-2_Training_Input/ISIC_0000372.jpg,/root/isic_overlap_pilot_self_contained/data/isic2018/raw/task1_masks/ISIC2018_Task1_Training_GroundTruth/ISIC_0000372_segmentation.png,0,,d52fc06706dd12cd,304,train
ISIC_0000374,/root/derm_pilot_v100/data/isic2018_raw/ISIC2018_Task1-2_Training_Input/ISIC_0000374.jpg,/root/isic_overlap_pilot_self_contained/data/isic2018/raw/task1_masks/ISIC2018_Task1_Training_GroundTruth/ISIC_0000374_segmentation.png,0,,d53b44ee10dd42f1,253,train
ISIC_0000376,/root/derm_pilot_v100/data/isic2018_raw/ISIC2018_Task1-2_Training_Input/ISIC_0000376.jpg,/root/isic_overlap_pilot_self_contained/data/isic2018/raw/task1_masks/ISIC2018_Task1_Training_GroundTruth/ISIC_0000376_segmentation.png,0,,b133cece34183373,305,test
ISIC_0000377,/root/derm_pilot_v100/data/isic2018_raw/ISIC2018_Task1-2_Training_Input/ISIC_0000377.jpg,/root/isic_overlap_pilot_self_contained/data/isic2018/raw/task1_masks/ISIC2018_Task1_Training_GroundTruth/ISIC_0000377_segmentation.png,0,,b0cbcf34649913ce,306,train
ISIC_0000378,/root/derm_pilot_v100/data/isic2018_raw/ISIC2018_Task1-2_Training_Input/ISIC_0000378.jpg,/root/isic_overlap_pilot_self_contained/data/isic2018/raw/task1_masks/ISIC2018_Task1_Training_GroundTruth/ISIC_0000378_segmentation.png,0,,f171cece0c92696c,307,test
ISIC_0000379,/root/derm_pilot_v100/data/isic2018_raw/ISIC2018_Task1-2_Training_Input/ISIC_0000379.jpg,/root/isic_overlap_pilot_self_contained/data/isic2018/raw/task1_masks/ISIC2018_Task1_Training_GroundTruth/ISIC_0000379_segmentation.png,0,,e196966b5a25346b,308,val
ISIC_0000380,/root/derm_pilot_v100/data/isic2018_raw/ISIC2018_Task1-2_Training_Input/ISIC_0000380.jpg,/root/isic_overlap_pilot_self_contained/data/isic2018/raw/task1_masks/ISIC2018_Task1_Training_GroundTruth/ISIC_0000380_segmentation.png,0,,ebca95364a610dda,309,train
ISIC_0000381,/root/derm_pilot_v100/data/isic2018_raw/ISIC2018_Task1-2_Training_Input/ISIC_0000381.jpg,/root/isic_overlap_pilot_self_contained/data/isic2018/raw/task1_masks/ISIC2018_Task1_Training_GroundTruth/ISIC_0000381_segmentation.png,0,,b1cdce3061cf4c39,310,val
ISIC_0000382,/root/derm_pilot_v100/data/isic2018_raw/ISIC2018_Task1-2_Training_Input/ISIC_0000382.jpg,/root/isic_overlap_pilot_self_contained/data/isic2018/raw/task1_masks/ISIC2018_Task1_Training_GroundTruth/ISIC_0000382_segmentation.png,0,,d1cc4e3c22c36e2f,311,train
ISIC_0000383,/root/derm_pilot_v100/data/isic2018_raw/ISIC2018_Task1-2_Training_Input/ISIC_0000383.jpg,/root/isic_overlap_pilot_self_contained/data/isic2018/raw/task1_masks/ISIC2018_Task1_Training_GroundTruth/ISIC_0000383_segmentation.png,0,,a1959f4a7a274c99,312,train
ISIC_0000384,/root/derm_pilot_v100/data/isic2018_raw/ISIC2018_Task1-2_Training_Input/ISIC_0000384.jpg,/root/isic_overlap_pilot_self_contained/data/isic2018/raw/task1_masks/ISIC2018_Task1_Training_GroundTruth/ISIC_0000384_segmentation.png,0,,d38c4c3333cc5c73,9,train
ISIC_0000385,/root/derm_pilot_v100/data/isic2018_raw/ISIC2018_Task1-2_Training_Input/ISIC_0000385.jpg,/root/isic_overlap_pilot_self_contained/data/isic2018/raw/task1_masks/ISIC2018_Task1_Training_GroundTruth/ISIC_0000385_segmentation.png,0,,f299cda4249273d9,313,val
ISIC_0000386,/root/derm_pilot_v100/data/isic2018_raw/ISIC2018_Task1-2_Training_Input/ISIC_0000386.jpg,/root/isic_overlap_pilot_self_contained/data/isic2018/raw/task1_masks/ISIC2018_Task1_Training_GroundTruth/ISIC_0000386_segmentation.png,0,,a4dd997125666c99,314,train
ISIC_0000387,/root/derm_pilot_v100/data/isic2018_raw/ISIC2018_Task1-2_Training_Input/ISIC_0000387.jpg,/root/isic_overlap_pilot_self_contained/data/isic2018/raw/task1_masks/ISIC2018_Task1_Training_GroundTruth/ISIC_0000387_segmentation.png,0,,919c4ee7303873c7,315,train
ISIC_0000388,/root/derm_pilot_v100/data/isic2018_raw/ISIC2018_Task1-2_Training_Input/ISIC_0000388.jpg,/root/isic_overlap_pilot_self_contained/data/isic2018/raw/task1_masks/ISIC2018_Task1_Training_GroundTruth/ISIC_0000388_segmentation.png,0,,d3994c6232da33dc,316,train
ISIC_0000390,/root/derm_pilot_v100/data/isic2018_raw/ISIC2018_Task1-2_Training_Input/ISIC_0000390.jpg,/root/isic_overlap_pilot_self_contained/data/isic2018/raw/task1_masks/ISIC2018_Task1_Training_GroundTruth/ISIC_0000390_segmentation.png,1,,e89695795a66a592,317,val
ISIC_0000391,/root/derm_pilot_v100/data/isic2018_raw/ISIC2018_Task1-2_Training_Input/ISIC_0000391.jpg,/root/isic_overlap_pilot_self_contained/data/isic2018/raw/task1_masks/ISIC2018_Task1_Training_GroundTruth/ISIC_0000391_segmentation.png,0,,d496c3cb4d6cac98,318,train
ISIC_0000392,/root/derm_pilot_v100/data/isic2018_raw/ISIC2018_Task1-2_Training_Input/ISIC_0000392.jpg,/root/isic_overlap_pilot_self_contained/data/isic2018/raw/task1_masks/ISIC2018_Task1_Training_GroundTruth/ISIC_0000392_segmentation.png,0,,d0e6cdb839c63233,319,val
ISIC_0000393,/root/derm_pilot_v100/data/isic2018_raw/ISIC2018_Task1-2_Training_Input/ISIC_0000393.jpg,/root/isic_overlap_pilot_self_contained/data/isic2018/raw/task1_masks/ISIC2018_Task1_Training_GroundTruth/ISIC_0000393_segmentation.png,1,,f1699896c1c3ae36,320,test
ISIC_0000395,/root/derm_pilot_v100/data/isic2018_raw/ISIC2018_Task1-2_Training_Input/ISIC_0000395.jpg,/root/isic_overlap_pilot_self_contained/data/isic2018/raw/task1_masks/ISIC2018_Task1_Training_GroundTruth/ISIC_0000395_segmentation.png,1,,918d41344df754eb,321,test
ISIC_0000396,/root/derm_pilot_v100/data/isic2018_raw/ISIC2018_Task1-2_Training_Input/ISIC_0000396.jpg,/root/isic_overlap_pilot_self_contained/data/isic2018/raw/task1_masks/ISIC2018_Task1_Training_GroundTruth/ISIC_0000396_segmentation.png,0,,e124c69b393467c7,322,train
ISIC_0000397,/root/derm_pilot_v100/data/isic2018_raw/ISIC2018_Task1-2_Training_Input/ISIC_0000397.jpg,/root/isic_overlap_pilot_self_contained/data/isic2018/raw/task1_masks/ISIC2018_Task1_Training_GroundTruth/ISIC_0000397_segmentation.png,0,,90c7cf38673138ce,323,train
ISIC_0000403,/root/derm_pilot_v100/data/isic2018_raw/ISIC2018_Task1-2_Training_Input/ISIC_0000403.jpg,/root/isic_overlap_pilot_self_contained/data/isic2018/raw/task1_masks/ISIC2018_Task1_Training_GroundTruth/ISIC_0000403_segmentation.png,0,,d1b544cc12730ffc,324,val
ISIC_0000407,/root/derm_pilot_v100/data/isic2018_raw/ISIC2018_Task1-2_Training_Input/ISIC_0000407.jpg,/root/isic_overlap_pilot_self_contained/data/isic2018/raw/task1_masks/ISIC2018_Task1_Training_GroundTruth/ISIC_0000407_segmentation.png,0,,d194c6cb3e30719e,325,val
ISIC_0000408,/root/derm_pilot_v100/data/isic2018_raw/ISIC2018_Task1-2_Training_Input/ISIC_0000408.jpg,/root/isic_overlap_pilot_self_contained/data/isic2018/raw/task1_masks/ISIC2018_Task1_Training_GroundTruth/ISIC_0000408_segmentation.png,0,,fa25a4d2c7c28d2d,326,train
ISIC_0000409,/root/derm_pilot_v100/data/isic2018_raw/ISIC2018_Task1-2_Training_Input/ISIC_0000409.jpg,/root/isic_overlap_pilot_self_contained/data/isic2018/raw/task1_masks/ISIC2018_Task1_Training_GroundTruth/ISIC_0000409_segmentation.png,0,,d2324dcd36728b8d,327,train
ISIC_0000410,/root/derm_pilot_v100/data/isic2018_raw/ISIC2018_Task1-2_Training_Input/ISIC_0000410.jpg,/root/isic_overlap_pilot_self_contained/data/isic2018/raw/task1_masks/ISIC2018_Task1_Training_GroundTruth/ISIC_0000410_segmentation.png,1,,c6e7199c6693895c,328,val
ISIC_0000412,/root/derm_pilot_v100/data/isic2018_raw/ISIC2018_Task1-2_Training_Input/ISIC_0000412.jpg,/root/isic_overlap_pilot_self_contained/data/isic2018/raw/task1_masks/ISIC2018_Task1_Training_GroundTruth/ISIC_0000412_segmentation.png,1,,c1b01ec34fcc366e,329,val
ISIC_0000413,/root/derm_pilot_v100/data/isic2018_raw/ISIC2018_Task1-2_Training_Input/ISIC_0000413.jpg,/root/isic_overlap_pilot_self_contained/data/isic2018/raw/task1_masks/ISIC2018_Task1_Training_GroundTruth/ISIC_0000413_segmentation.png,1,,d1a7419e4d6134b7,330,train
ISIC_0000415,/root/derm_pilot_v100/data/isic2018_raw/ISIC2018_Task1-2_Training_Input/ISIC_0000415.jpg,/root/isic_overlap_pilot_self_contained/data/isic2018/raw/task1_masks/ISIC2018_Task1_Training_GroundTruth/ISIC_0000415_segmentation.png,1,,d1c384bc0731de5e,331,train
ISIC_0000416,/root/derm_pilot_v100/data/isic2018_raw/ISIC2018_Task1-2_Training_Input/ISIC_0000416.jpg,/root/isic_overlap_pilot_self_contained/data/isic2018/raw/task1_masks/ISIC2018_Task1_Training_GroundTruth/ISIC_0000416_segmentation.png,0,,d3b3cccc74263319,332,train
ISIC_0000418,/root/derm_pilot_v100/data/isic2018_raw/ISIC2018_Task1-2_Training_Input/ISIC_0000418.jpg,/root/isic_overlap_pilot_self_contained/data/isic2018/raw/task1_masks/ISIC2018_Task1_Training_GroundTruth/ISIC_0000418_segmentation.png,0,,c5ed509212e56e6e,333,train
ISIC_0000419,/root/derm_pilot_v100/data/isic2018_raw/ISIC2018_Task1-2_Training_Input/ISIC_0000419.jpg,/root/isic_overlap_pilot_self_contained/data/isic2018/raw/task1_masks/ISIC2018_Task1_Training_GroundTruth/ISIC_0000419_segmentation.png,0,,f0cdcbb21931c6a6,334,train
ISIC_0000420,/root/derm_pilot_v100/data/isic2018_raw/ISIC2018_Task1-2_Training_Input/ISIC_0000420.jpg,/root/isic_overlap_pilot_self_contained/data/isic2018/raw/task1_masks/ISIC2018_Task1_Training_GroundTruth/ISIC_0000420_segmentation.png,1,,8483935e6dc9963e,335,test
ISIC_0000421,/root/derm_pilot_v100/data/isic2018_raw/ISIC2018_Task1-2_Training_Input/ISIC_0000421.jpg,/root/isic_overlap_pilot_self_contained/data/isic2018/raw/task1_masks/ISIC2018_Task1_Training_GroundTruth/ISIC_0000421_segmentation.png,0,,a2ce997964b272cc,336,train
ISIC_0000423,/root/derm_pilot_v100/data/isic2018_raw/ISIC2018_Task1-2_Training_Input/ISIC_0000423.jpg,/root/isic_overlap_pilot_self_contained/data/isic2018/raw/task1_masks/ISIC2018_Task1_Training_GroundTruth/ISIC_0000423_segmentation.png,0,,b4ccc32ecd3034f3,337,train
ISIC_0000425,/root/derm_pilot_v100/data/isic2018_raw/ISIC2018_Task1-2_Training_Input/ISIC_0000425.jpg,/root/isic_overlap_pilot_self_contained/data/isic2018/raw/task1_masks/ISIC2018_Task1_Training_GroundTruth/ISIC_0000425_segmentation.png,0,,d49845e3547b54e6,338,test
ISIC_0000426,/root/derm_pilot_v100/data/isic2018_raw/ISIC2018_Task1-2_Training_Input/ISIC_0000426.jpg,/root/isic_overlap_pilot_self_contained/data/isic2018/raw/task1_masks/ISIC2018_Task1_Training_GroundTruth/ISIC_0000426_segmentation.png,0,,ecce923d897085b3,339,train
ISIC_0000427,/root/derm_pilot_v100/data/isic2018_raw/ISIC2018_Task1-2_Training_Input/ISIC_0000427.jpg,/root/isic_overlap_pilot_self_contained/data/isic2018/raw/task1_masks/ISIC2018_Task1_Training_GroundTruth/ISIC_0000427_segmentation.png,0,,a4dccbf319313386,340,train
ISIC_0000431,/root/derm_pilot_v100/data/isic2018_raw/ISIC2018_Task1-2_Training_Input/ISIC_0000431.jpg,/root/isic_overlap_pilot_self_contained/data/isic2018/raw/task1_masks/ISIC2018_Task1_Training_GroundTruth/ISIC_0000431_segmentation.png,0,,a6b3994c66b3c964,341,train
ISIC_0000433,/root/derm_pilot_v100/data/isic2018_raw/ISIC2018_Task1-2_Training_Input/ISIC_0000433.jpg,/root/isic_overlap_pilot_self_contained/data/isic2018/raw/task1_masks/ISIC2018_Task1_Training_GroundTruth/ISIC_0000433_segmentation.png,0,,a13196c39b6d1bcc,342,train
ISIC_0000434,/root/derm_pilot_v100/data/isic2018_raw/ISIC2018_Task1-2_Training_Input/ISIC_0000434.jpg,/root/isic_overlap_pilot_self_contained/data/isic2018/raw/task1_masks/ISIC2018_Task1_Training_GroundTruth/ISIC_0000434_segmentation.png,1,,f4399bc7643c1a29,343,test
ISIC_0000436,/root/derm_pilot_v100/data/isic2018_raw/ISIC2018_Task1-2_Training_Input/ISIC_0000436.jpg,/root/isic_overlap_pilot_self_contained/data/isic2018/raw/task1_masks/ISIC2018_Task1_Training_GroundTruth/ISIC_0000436_segmentation.png,0,,f4e7c8997932264c,344,train
ISIC_0000439,/root/derm_pilot_v100/data/isic2018_raw/ISIC2018_Task1-2_Training_Input/ISIC_0000439.jpg,/root/isic_overlap_pilot_self_contained/data/isic2018/raw/task1_masks/ISIC2018_Task1_Training_GroundTruth/ISIC_0000439_segmentation.png,0,,d3334c8d733354c9,1,test
ISIC_0000442,/root/derm_pilot_v100/data/isic2018_raw/ISIC2018_Task1-2_Training_Input/ISIC_0000442.jpg,/root/isic_overlap_pilot_self_contained/data/isic2018/raw/task1_masks/ISIC2018_Task1_Training_GroundTruth/ISIC_0000442_segmentation.png,0,,d5b159cc643554b3,345,train
ISIC_0000443,/root/derm_pilot_v100/data/isic2018_raw/ISIC2018_Task1-2_Training_Input/ISIC_0000443.jpg,/root/isic_overlap_pilot_self_contained/data/isic2018/raw/task1_masks/ISIC2018_Task1_Training_GroundTruth/ISIC_0000443_segmentation.png,0,,c42719cd262793b7,346,test
ISIC_0000444,/root/derm_pilot_v100/data/isic2018_raw/ISIC2018_Task1-2_Training_Input/ISIC_0000444.jpg,/root/isic_overlap_pilot_self_contained/data/isic2018/raw/task1_masks/ISIC2018_Task1_Training_GroundTruth/ISIC_0000444_segmentation.png,1,,d1e34ccc663a3933,347,train
ISIC_0000447,/root/derm_pilot_v100/data/isic2018_raw/ISIC2018_Task1-2_Training_Input/ISIC_0000447.jpg,/root/isic_overlap_pilot_self_contained/data/isic2018/raw/task1_masks/ISIC2018_Task1_Training_GroundTruth/ISIC_0000447_segmentation.png,0,,930c4c3366ce9b3d,348,train
ISIC_0000448,/root/derm_pilot_v100/data/isic2018_raw/ISIC2018_Task1-2_Training_Input/ISIC_0000448.jpg,/root/isic_overlap_pilot_self_contained/data/isic2018/raw/task1_masks/ISIC2018_Task1_Training_GroundTruth/ISIC_0000448_segmentation.png,0,,d3990ccc71b2639d,349,train
ISIC_0000449,/root/derm_pilot_v100/data/isic2018_raw/ISIC2018_Task1-2_Training_Input/ISIC_0000449.jpg,/root/isic_overlap_pilot_self_contained/data/isic2018/raw/task1_masks/ISIC2018_Task1_Training_GroundTruth/ISIC_0000449_segmentation.png,0,,c66a199b66669999,135,val
ISIC_0000451,/root/derm_pilot_v100/data/isic2018_raw/ISIC2018_Task1-2_Training_Input/ISIC_0000451.jpg,/root/isic_overlap_pilot_self_contained/data/isic2018/raw/task1_masks/ISIC2018_Task1_Training_GroundTruth/ISIC_0000451_segmentation.png,0,,b2cdcd3230c76699,350,train
ISIC_0000453,/root/derm_pilot_v100/data/isic2018_raw/ISIC2018_Task1-2_Training_Input/ISIC_0000453.jpg,/root/isic_overlap_pilot_self_contained/data/isic2018/raw/task1_masks/ISIC2018_Task1_Training_GroundTruth/ISIC_0000453_segmentation.png,0,,f1999e6c09363399,351,val
ISIC_0000455,/root/derm_pilot_v100/data/isic2018_raw/ISIC2018_Task1-2_Training_Input/ISIC_0000455.jpg,/root/isic_overlap_pilot_self_contained/data/isic2018/raw/task1_masks/ISIC2018_Task1_Training_GroundTruth/ISIC_0000455_segmentation.png,0,,b59acb653c366198,352,val
ISIC_0000456,/root/derm_pilot_v100/data/isic2018_raw/ISIC2018_Task1-2_Training_Input/ISIC_0000456.jpg,/root/isic_overlap_pilot_self_contained/data/isic2018/raw/task1_masks/ISIC2018_Task1_Training_GroundTruth/ISIC_0000456_segmentation.png,0,,f4eac3631c9b618c,353,train
ISIC_0000457,/root/derm_pilot_v100/data/isic2018_raw/ISIC2018_Task1-2_Training_Input/ISIC_0000457.jpg,/root/isic_overlap_pilot_self_contained/data/isic2018/raw/task1_masks/ISIC2018_Task1_Training_GroundTruth/ISIC_0000457_segmentation.png,0,,e1669e93c99938cc,354,train
ISIC_0000458,/root/derm_pilot_v100/data/isic2018_raw/ISIC2018_Task1-2_Training_Input/ISIC_0000458.jpg,/root/isic_overlap_pilot_self_contained/data/isic2018/raw/task1_masks/ISIC2018_Task1_Training_GroundTruth/ISIC_0000458_segmentation.png,0,,b10c8f336c3933e6,22,train
ISIC_0000460,/root/derm_pilot_v100/data/isic2018_raw/ISIC2018_Task1-2_Training_Input/ISIC_0000460.jpg,/root/isic_overlap_pilot_self_contained/data/isic2018/raw/task1_masks/ISIC2018_Task1_Training_GroundTruth/ISIC_0000460_segmentation.png,0,,b067cf98306743b6,355,train
ISIC_0000461,/root/derm_pilot_v100/data/isic2018_raw/ISIC2018_Task1-2_Training_Input/ISIC_0000461.jpg,/root/isic_overlap_pilot_self_contained/data/isic2018/raw/task1_masks/ISIC2018_Task1_Training_GroundTruth/ISIC_0000461_segmentation.png,0,,ec93966c69b4349a,356,train
ISIC_0000463,/root/derm_pilot_v100/data/isic2018_raw/ISIC2018_Task1-2_Training_Input/ISIC_0000463.jpg,/root/isic_overlap_pilot_self_contained/data/isic2018/raw/task1_masks/ISIC2018_Task1_Training_GroundTruth/ISIC_0000463_segmentation.png,1,,b464cf324ccb339c,357,test
ISIC_0000465,/root/derm_pilot_v100/data/isic2018_raw/ISIC2018_Task1-2_Training_Input/ISIC_0000465.jpg,/root/isic_overlap_pilot_self_contained/data/isic2018/raw/task1_masks/ISIC2018_Task1_Training_GroundTruth/ISIC_0000465_segmentation.png,0,,a6c4db3b64e13686,358,test
ISIC_0000466,/root/derm_pilot_v100/data/isic2018_raw/ISIC2018_Task1-2_Training_Input/ISIC_0000466.jpg,/root/isic_overlap_pilot_self_contained/data/isic2018/raw/task1_masks/ISIC2018_Task1_Training_GroundTruth/ISIC_0000466_segmentation.png,1,,b0cdcf3898331e66,359,train
ISIC_0000469,/root/derm_pilot_v100/data/isic2018_raw/ISIC2018_Task1-2_Training_Input/ISIC_0000469.jpg,/root/isic_overlap_pilot_self_contained/data/isic2018/raw/task1_masks/ISIC2018_Task1_Training_GroundTruth/ISIC_0000469_segmentation.png,1,,e54d9ab1339268ec,360,train
ISIC_0000470,/root/derm_pilot_v100/data/isic2018_raw/ISIC2018_Task1-2_Training_Input/ISIC_0000470.jpg,/root/isic_overlap_pilot_self_contained/data/isic2018/raw/task1_masks/ISIC2018_Task1_Training_GroundTruth/ISIC_0000470_segmentation.png,0,,b3f0ccd923b23664,361,train
ISIC_0000471,/root/derm_pilot_v100/data/isic2018_raw/ISIC2018_Task1-2_Training_Input/ISIC_0000471.jpg,/root/isic_overlap_pilot_self_contained/data/isic2018/raw/task1_masks/ISIC2018_Task1_Training_GroundTruth/ISIC_0000471_segmentation.png,0,,a3d8dc2527d9664c,362,train
ISIC_0000473,/root/derm_pilot_v100/data/isic2018_raw/ISIC2018_Task1-2_Training_Input/ISIC_0000473.jpg,/root/isic_overlap_pilot_self_contained/data/isic2018/raw/task1_masks/ISIC2018_Task1_Training_GroundTruth/ISIC_0000473_segmentation.png,0,,a65adb6c491b26a9,363,train
ISIC_0000474,/root/derm_pilot_v100/data/isic2018_raw/ISIC2018_Task1-2_Training_Input/ISIC_0000474.jpg,/root/isic_overlap_pilot_self_contained/data/isic2018/raw/task1_masks/ISIC2018_Task1_Training_GroundTruth/ISIC_0000474_segmentation.png,0,,b2638d9cd54d7831,364,test
ISIC_0000476,/root/derm_pilot_v100/data/isic2018_raw/ISIC2018_Task1-2_Training_Input/ISIC_0000476.jpg,/root/isic_overlap_pilot_self_contained/data/isic2018/raw/task1_masks/ISIC2018_Task1_Training_GroundTruth/ISIC_0000476_segmentation.png,0,,f96ac296b0a5878e,365,val
ISIC_0000477,/root/derm_pilot_v100/data/isic2018_raw/ISIC2018_Task1-2_Training_Input/ISIC_0000477.jpg,/root/isic_overlap_pilot_self_contained/data/isic2018/raw/task1_masks/ISIC2018_Task1_Training_GroundTruth/ISIC_0000477_segmentation.png,0,,a16f82b8c8b3cd66,366,train
ISIC_0000479,/root/derm_pilot_v100/data/isic2018_raw/ISIC2018_Task1-2_Training_Input/ISIC_0000479.jpg,/root/isic_overlap_pilot_self_contained/data/isic2018/raw/task1_masks/ISIC2018_Task1_Training_GroundTruth/ISIC_0000479_segmentation.png,0,,ed69949683f39948,367,train
ISIC_0000480,/root/derm_pilot_v100/data/isic2018_raw/ISIC2018_Task1-2_Training_Input/ISIC_0000480.jpg,/root/isic_overlap_pilot_self_contained/data/isic2018/raw/task1_masks/ISIC2018_Task1_Training_GroundTruth/ISIC_0000480_segmentation.png,0,,b2668dd83367cc8c,368,train
ISIC_0000481,/root/derm_pilot_v100/data/isic2018_raw/ISIC2018_Task1-2_Training_Input/ISIC_0000481.jpg,/root/isic_overlap_pilot_self_contained/data/isic2018/raw/task1_masks/ISIC2018_Task1_Training_GroundTruth/ISIC_0000481_segmentation.png,0,,bfe1d21ec52971c0,369,train
ISIC_0000482,/root/derm_pilot_v100/data/isic2018_raw/ISIC2018_Task1-2_Training_Input/ISIC_0000482.jpg,/root/isic_overlap_pilot_self_contained/data/isic2018/raw/task1_masks/ISIC2018_Task1_Training_GroundTruth/ISIC_0000482_segmentation.png,1,,f998c661399eb0c3,370,test
ISIC_0000483,/root/derm_pilot_v100/data/isic2018_raw/ISIC2018_Task1-2_Training_Input/ISIC_0000483.jpg,/root/isic_overlap_pilot_self_contained/data/isic2018/raw/task1_masks/ISIC2018_Task1_Training_GroundTruth/ISIC_0000483_segmentation.png,0,,e13396dc6cc56526,371,train
ISIC_0000484,/root/derm_pilot_v100/data/isic2018_raw/ISIC2018_Task1-2_Training_Input/ISIC_0000484.jpg,/root/isic_overlap_pilot_self_contained/data/isic2018/raw/task1_masks/ISIC2018_Task1_Training_GroundTruth/ISIC_0000484_segmentation.png,1,,bfc2c03f0ec633e0,372,train
ISIC_0000485,/root/derm_pilot_v100/data/isic2018_raw/ISIC2018_Task1-2_Training_Input/ISIC_0000485.jpg,/root/isic_overlap_pilot_self_contained/data/isic2018/raw/task1_masks/ISIC2018_Task1_Training_GroundTruth/ISIC_0000485_segmentation.png,0,,b9e2c63e687007cd,373,val
ISIC_0000486,/root/derm_pilot_v100/data/isic2018_raw/ISIC2018_Task1-2_Training_Input/ISIC_0000486.jpg,/root/isic_overlap_pilot_self_contained/data/isic2018/raw/task1_masks/ISIC2018_Task1_Training_GroundTruth/ISIC_0000486_segmentation.png,0,,b38dcc6330e63363,374,test
ISIC_0000487,/root/derm_pilot_v100/data/isic2018_raw/ISIC2018_Task1-2_Training_Input/ISIC_0000487.jpg,/root/isic_overlap_pilot_self_contained/data/isic2018/raw/task1_masks/ISIC2018_Task1_Training_GroundTruth/ISIC_0000487_segmentation.png,1,,b352ce6373983c43,375,val
ISIC_0000488,/root/derm_pilot_v100/data/isic2018_raw/ISIC2018_Task1-2_Training_Input/ISIC_0000488.jpg,/root/isic_overlap_pilot_self_contained/data/isic2018/raw/task1_masks/ISIC2018_Task1_Training_GroundTruth/ISIC_0000488_segmentation.png,0,,b1649f90616d93b6,376,test
ISIC_0000489,/root/derm_pilot_v100/data/isic2018_raw/ISIC2018_Task1-2_Training_Input/ISIC_0000489.jpg,/root/isic_overlap_pilot_self_contained/data/isic2018/raw/task1_masks/ISIC2018_Task1_Training_GroundTruth/ISIC_0000489_segmentation.png,0,,e666c93d26478c8e,377,train
ISIC_0000490,/root/derm_pilot_v100/data/isic2018_raw/ISIC2018_Task1-2_Training_Input/ISIC_0000490.jpg,/root/isic_overlap_pilot_self_contained/data/isic2018/raw/task1_masks/ISIC2018_Task1_Training_GroundTruth/ISIC_0000490_segmentation.png,0,,e5649e61398c366d,378,train
ISIC_0000491,/root/derm_pilot_v100/data/isic2018_raw/ISIC2018_Task1-2_Training_Input/ISIC_0000491.jpg,/root/isic_overlap_pilot_self_contained/data/isic2018/raw/task1_masks/ISIC2018_Task1_Training_GroundTruth/ISIC_0000491_segmentation.png,0,,a496c7689fcdc864,379,val
ISIC_0000492,/root/derm_pilot_v100/data/isic2018_raw/ISIC2018_Task1-2_Training_Input/ISIC_0000492.jpg,/root/isic_overlap_pilot_self_contained/data/isic2018/raw/task1_masks/ISIC2018_Task1_Training_GroundTruth/ISIC_0000492_segmentation.png,0,,a23f9dbc206764c3,380,train
ISIC_0000493,/root/derm_pilot_v100/data/isic2018_raw/ISIC2018_Task1-2_Training_Input/ISIC_0000493.jpg,/root/isic_overlap_pilot_self_contained/data/isic2018/raw/task1_masks/ISIC2018_Task1_Training_GroundTruth/ISIC_0000493_segmentation.png,0,,f0b4c2cb9d688d4e,381,train
ISIC_0000494,/root/derm_pilot_v100/data/isic2018_raw/ISIC2018_Task1-2_Training_Input/ISIC_0000494.jpg,/root/isic_overlap_pilot_self_contained/data/isic2018/raw/task1_masks/ISIC2018_Task1_Training_GroundTruth/ISIC_0000494_segmentation.png,0,,a61bd96972ca6661,382,train
ISIC_0000495,/root/derm_pilot_v100/data/isic2018_raw/ISIC2018_Task1-2_Training_Input/ISIC_0000495.jpg,/root/isic_overlap_pilot_self_contained/data/isic2018/raw/task1_masks/ISIC2018_Task1_Training_GroundTruth/ISIC_0000495_segmentation.png,0,,e69acc6439e6668c,383,train
ISIC_0000496,/root/derm_pilot_v100/data/isic2018_raw/ISIC2018_Task1-2_Training_Input/ISIC_0000496.jpg,/root/isic_overlap_pilot_self_contained/data/isic2018/raw/task1_masks/ISIC2018_Task1_Training_GroundTruth/ISIC_0000496_segmentation.png,0,,b2cccf539831cc39,384,train
ISIC_0000498,/root/derm_pilot_v100/data/isic2018_raw/ISIC2018_Task1-2_Training_Input/ISIC_0000498.jpg,/root/isic_overlap_pilot_self_contained/data/isic2018/raw/task1_masks/ISIC2018_Task1_Training_GroundTruth/ISIC_0000498_segmentation.png,0,,fc40c33c3dc372c5,385,val
ISIC_0000499,/root/derm_pilot_v100/data/isic2018_raw/ISIC2018_Task1-2_Training_Input/ISIC_0000499.jpg,/root/isic_overlap_pilot_self_contained/data/isic2018/raw/task1_masks/ISIC2018_Task1_Training_GroundTruth/ISIC_0000499_segmentation.png,0,,b66499b936e49d11,386,train
ISIC_0000500,/root/derm_pilot_v100/data/isic2018_raw/ISIC2018_Task1-2_Training_Input/ISIC_0000500.jpg,/root/isic_overlap_pilot_self_contained/data/isic2018/raw/task1_masks/ISIC2018_Task1_Training_GroundTruth/ISIC_0000500_segmentation.png,0,,b44f9b32644d989e,387,train
ISIC_0000501,/root/derm_pilot_v100/data/isic2018_raw/ISIC2018_Task1-2_Training_Input/ISIC_0000501.jpg,/root/isic_overlap_pilot_self_contained/data/isic2018/raw/task1_masks/ISIC2018_Task1_Training_GroundTruth/ISIC_0000501_segmentation.png,0,,b064cf9b346d3326,388,val
ISIC_0000503,/root/derm_pilot_v100/data/isic2018_raw/ISIC2018_Task1-2_Training_Input/ISIC_0000503.jpg,/root/isic_overlap_pilot_self_contained/data/isic2018/raw/task1_masks/ISIC2018_Task1_Training_GroundTruth/ISIC_0000503_segmentation.png,0,,b49a9e65399b3618,389,train
ISIC_0000504,/root/derm_pilot_v100/data/isic2018_raw/ISIC2018_Task1-2_Training_Input/ISIC_0000504.jpg,/root/isic_overlap_pilot_self_contained/data/isic2018/raw/task1_masks/ISIC2018_Task1_Training_GroundTruth/ISIC_0000504_segmentation.png,0,,f32bccce51695423,390,train
ISIC_0000505,/root/derm_pilot_v100/data/isic2018_raw/ISIC2018_Task1-2_Training_Input/ISIC_0000505.jpg,/root/isic_overlap_pilot_self_contained/data/isic2018/raw/task1_masks/ISIC2018_Task1_Training_GroundTruth/ISIC_0000505_segmentation.png,0,,f38e9939cc649332,391,train
ISIC_0000506,/root/derm_pilot_v100/data/isic2018_raw/ISIC2018_Task1-2_Training_Input/ISIC_0000506.jpg,/root/isic_overlap_pilot_self_contained/data/isic2018/raw/task1_masks/ISIC2018_Task1_Training_GroundTruth/ISIC_0000506_segmentation.png,0,,a65d996666899b85,392,train
ISIC_0000507,/root/derm_pilot_v100/data/isic2018_raw/ISIC2018_Task1-2_Training_Input/ISIC_0000507.jpg,/root/isic_overlap_pilot_self_contained/data/isic2018/raw/task1_masks/ISIC2018_Task1_Training_GroundTruth/ISIC_0000507_segmentation.png,0,,b266cd991eccdc22,393,train
ISIC_0000508,/root/derm_pilot_v100/data/isic2018_raw/ISIC2018_Task1-2_Training_Input/ISIC_0000508.jpg,/root/isic_overlap_pilot_self_contained/data/isic2018/raw/task1_masks/ISIC2018_Task1_Training_GroundTruth/ISIC_0000508_segmentation.png,0,,f434cbc7383c6465,394,test
ISIC_0000509,/root/derm_pilot_v100/data/isic2018_raw/ISIC2018_Task1-2_Training_Input/ISIC_0000509.jpg,/root/isic_overlap_pilot_self_contained/data/isic2018/raw/task1_masks/ISIC2018_Task1_Training_GroundTruth/ISIC_0000509_segmentation.png,0,,a0cd933cc9b39c99,395,test
ISIC_0000510,/root/derm_pilot_v100/data/isic2018_raw/ISIC2018_Task1-2_Training_Input/ISIC_0000510.jpg,/root/isic_overlap_pilot_self_contained/data/isic2018/raw/task1_masks/ISIC2018_Task1_Training_GroundTruth/ISIC_0000510_segmentation.png,0,,a519da9c6c676398,396,train
ISIC_0000513,/root/derm_pilot_v100/data/isic2018_raw/ISIC2018_Task1-2_Training_Input/ISIC_0000513.jpg,/root/isic_overlap_pilot_self_contained/data/isic2018/raw/task1_masks/ISIC2018_Task1_Training_GroundTruth/ISIC_0000513_segmentation.png,1,,b08bcb742cd922d7,397,train
ISIC_0000514,/root/derm_pilot_v100/data/isic2018_raw/ISIC2018_Task1-2_Training_Input/ISIC_0000514.jpg,/root/isic_overlap_pilot_self_contained/data/isic2018/raw/task1_masks/ISIC2018_Task1_Training_GroundTruth/ISIC_0000514_segmentation.png,0,,a677d9dc24318746,398,val
ISIC_0000515,/root/derm_pilot_v100/data/isic2018_raw/ISIC2018_Task1-2_Training_Input/ISIC_0000515.jpg,/root/isic_overlap_pilot_self_contained/data/isic2018/raw/task1_masks/ISIC2018_Task1_Training_GroundTruth/ISIC_0000515_segmentation.png,0,,e5659a9e39316346,176,train
ISIC_0000517,/root/derm_pilot_v100/data/isic2018_raw/ISIC2018_Task1-2_Training_Input/ISIC_0000517.jpg,/root/isic_overlap_pilot_self_contained/data/isic2018/raw/task1_masks/ISIC2018_Task1_Training_GroundTruth/ISIC_0000517_segmentation.png,1,,a1929e6977877891,399,test
ISIC_0000518,/root/derm_pilot_v100/data/isic2018_raw/ISIC2018_Task1-2_Training_Input/ISIC_0000518.jpg,/root/isic_overlap_pilot_self_contained/data/isic2018/raw/task1_masks/ISIC2018_Task1_Training_GroundTruth/ISIC_0000518_segmentation.png,1,,a732c9cc6c993366,400,val
ISIC_0000519,/root/derm_pilot_v100/data/isic2018_raw/ISIC2018_Task1-2_Training_Input/ISIC_0000519.jpg,/root/isic_overlap_pilot_self_contained/data/isic2018/raw/task1_masks/ISIC2018_Task1_Training_GroundTruth/ISIC_0000519_segmentation.png,1,,f179ce92ca1c196c,401,test
ISIC_0000520,/root/derm_pilot_v100/data/isic2018_raw/ISIC2018_Task1-2_Training_Input/ISIC_0000520.jpg,/root/isic_overlap_pilot_self_contained/data/isic2018/raw/task1_masks/ISIC2018_Task1_Training_GroundTruth/ISIC_0000520_segmentation.png,1,,d598cd714fc72928,402,train
ISIC_0000521,/root/derm_pilot_v100/data/isic2018_raw/ISIC2018_Task1-2_Training_Input/ISIC_0000521.jpg,/root/isic_overlap_pilot_self_contained/data/isic2018/raw/task1_masks/ISIC2018_Task1_Training_GroundTruth/ISIC_0000521_segmentation.png,1,,ebc1d04a4eac3d96,403,train
ISIC_0000522,/root/derm_pilot_v100/data/isic2018_raw/ISIC2018_Task1-2_Training_Input/ISIC_0000522.jpg,/root/isic_overlap_pilot_self_contained/data/isic2018/raw/task1_masks/ISIC2018_Task1_Training_GroundTruth/ISIC_0000522_segmentation.png,1,,b2989c668967cb4d,404,test
ISIC_0000523,/root/derm_pilot_v100/data/isic2018_raw/ISIC2018_Task1-2_Training_Input/ISIC_0000523.jpg,/root/isic_overlap_pilot_self_contained/data/isic2018/raw/task1_masks/ISIC2018_Task1_Training_GroundTruth/ISIC_0000523_segmentation.png,0,,b19cce3331cce433,9,train
ISIC_0000524,/root/derm_pilot_v100/data/isic2018_raw/ISIC2018_Task1-2_Training_Input/ISIC_0000524.jpg,/root/isic_overlap_pilot_self_contained/data/isic2018/raw/task1_masks/ISIC2018_Task1_Training_GroundTruth/ISIC_0000524_segmentation.png,0,,e93996cf69143632,405,train
ISIC_0000525,/root/derm_pilot_v100/data/isic2018_raw/ISIC2018_Task1-2_Training_Input/ISIC_0000525.jpg,/root/isic_overlap_pilot_self_contained/data/isic2018/raw/task1_masks/ISIC2018_Task1_Training_GroundTruth/ISIC_0000525_segmentation.png,0,,e13d96c2c897336c,406,train
ISIC_0000527,/root/derm_pilot_v100/data/isic2018_raw/ISIC2018_Task1-2_Training_Input/ISIC_0000527.jpg,/root/isic_overlap_pilot_self_contained/data/isic2018/raw/task1_masks/ISIC2018_Task1_Training_GroundTruth/ISIC_0000527_segmentation.png,0,,b239d9c5cdbe201c,407,train
ISIC_0000528,/root/derm_pilot_v100/data/isic2018_raw/ISIC2018_Task1-2_Training_Input/ISIC_0000528.jpg,/root/isic_overlap_pilot_self_contained/data/isic2018/raw/task1_masks/ISIC2018_Task1_Training_GroundTruth/ISIC_0000528_segmentation.png,0,,a1689ef3758cb116,408,train
ISIC_0000529,/root/derm_pilot_v100/data/isic2018_raw/ISIC2018_Task1-2_Training_Input/ISIC_0000529.jpg,/root/isic_overlap_pilot_self_contained/data/isic2018/raw/task1_masks/ISIC2018_Task1_Training_GroundTruth/ISIC_0000529_segmentation.png,0,,aa3791c8c9616f87,409,train
ISIC_0000530,/root/derm_pilot_v100/data/isic2018_raw/ISIC2018_Task1-2_Training_Input/ISIC_0000530.jpg,/root/isic_overlap_pilot_self_contained/data/isic2018/raw/task1_masks/ISIC2018_Task1_Training_GroundTruth/ISIC_0000530_segmentation.png,0,,b331ccc67c399331,410,train
ISIC_0000531,/root/derm_pilot_v100/data/isic2018_raw/ISIC2018_Task1-2_Training_Input/ISIC_0000531.jpg,/root/isic_overlap_pilot_self_contained/data/isic2018/raw/task1_masks/ISIC2018_Task1_Training_GroundTruth/ISIC_0000531_segmentation.png,1,,e4fc9a8ba99283a5,411,train
ISIC_0000532,/root/derm_pilot_v100/data/isic2018_raw/ISIC2018_Task1-2_Training_Input/ISIC_0000532.jpg,/root/isic_overlap_pilot_self_contained/data/isic2018/raw/task1_masks/ISIC2018_Task1_Training_GroundTruth/ISIC_0000532_segmentation.png,0,,a1679c9a73654c9a,412,test
ISIC_0000533,/root/derm_pilot_v100/data/isic2018_raw/ISIC2018_Task1-2_Training_Input/ISIC_0000533.jpg,/root/isic_overlap_pilot_self_contained/data/isic2018/raw/task1_masks/ISIC2018_Task1_Training_GroundTruth/ISIC_0000533_segmentation.png,1,,e7c99c2633329399,413,train
ISIC_0000534,/root/derm_pilot_v100/data/isic2018_raw/ISIC2018_Task1-2_Training_Input/ISIC_0000534.jpg,/root/isic_overlap_pilot_self_contained/data/isic2018/raw/task1_masks/ISIC2018_Task1_Training_GroundTruth/ISIC_0000534_segmentation.png,0,,b8e3963cc9d8661c,414,train
ISIC_0000535,/root/derm_pilot_v100/data/isic2018_raw/ISIC2018_Task1-2_Training_Input/ISIC_0000535.jpg,/root/isic_overlap_pilot_self_contained/data/isic2018/raw/task1_masks/ISIC2018_Task1_Training_GroundTruth/ISIC_0000535_segmentation.png,0,,f232cfce3ccc1330,207,train
ISIC_0000536,/root/derm_pilot_v100/data/isic2018_raw/ISIC2018_Task1-2_Training_Input/ISIC_0000536.jpg,/root/isic_overlap_pilot_self_contained/data/isic2018/raw/task1_masks/ISIC2018_Task1_Training_GroundTruth/ISIC_0000536_segmentation.png,0,,b313ccc93332cccd,1,test
ISIC_0000537,/root/derm_pilot_v100/data/isic2018_raw/ISIC2018_Task1-2_Training_Input/ISIC_0000537.jpg,/root/isic_overlap_pilot_self_contained/data/isic2018/raw/task1_masks/ISIC2018_Task1_Training_GroundTruth/ISIC_0000537_segmentation.png,0,,e191926fc3c8e713,415,train
ISIC_0000538,/root/derm_pilot_v100/data/isic2018_raw/ISIC2018_Task1-2_Training_Input/ISIC_0000538.jpg,/root/isic_overlap_pilot_self_contained/data/isic2018/raw/task1_masks/ISIC2018_Task1_Training_GroundTruth/ISIC_0000538_segmentation.png,0,,e63399cc66323333,341,train
ISIC_0000539,/root/derm_pilot_v100/data/isic2018_raw/ISIC2018_Task1-2_Training_Input/ISIC_0000539.jpg,/root/isic_overlap_pilot_self_contained/data/isic2018/raw/task1_masks/ISIC2018_Task1_Training_GroundTruth/ISIC_0000539_segmentation.png,0,,b464c999c698f03f,416,train
ISIC_0000540,/root/derm_pilot_v100/data/isic2018_raw/ISIC2018_Task1-2_Training_Input/ISIC_0000540.jpg,/root/isic_overlap_pilot_self_contained/data/isic2018/raw/task1_masks/ISIC2018_Task1_Training_GroundTruth/ISIC_0000540_segmentation.png,0,,edd3c11c9e648c4e,417,train
ISIC_0000541,/root/derm_pilot_v100/data/isic2018_raw/ISIC2018_Task1-2_Training_Input/ISIC_0000541.jpg,/root/isic_overlap_pilot_self_contained/data/isic2018/raw/task1_masks/ISIC2018_Task1_Training_GroundTruth/ISIC_0000541_segmentation.png,0,,bee3c1991f3030cb,418,train
ISIC_0000542,/root/derm_pilot_v100/data/isic2018_raw/ISIC2018_Task1-2_Training_Input/ISIC_0000542.jpg,/root/isic_overlap_pilot_self_contained/data/isic2018/raw/task1_masks/ISIC2018_Task1_Training_GroundTruth/ISIC_0000542_segmentation.png,0,,ea4e95b15a4a6a65,419,train
ISIC_0000543,/root/derm_pilot_v100/data/isic2018_raw/ISIC2018_Task1-2_Training_Input/ISIC_0000543.jpg,/root/isic_overlap_pilot_self_contained/data/isic2018/raw/task1_masks/ISIC2018_Task1_Training_GroundTruth/ISIC_0000543_segmentation.png,0,,b030cbc3cccf87cc,420,train
ISIC_0000544,/root/derm_pilot_v100/data/isic2018_raw/ISIC2018_Task1-2_Training_Input/ISIC_0000544.jpg,/root/isic_overlap_pilot_self_contained/data/isic2018/raw/task1_masks/ISIC2018_Task1_Training_GroundTruth/ISIC_0000544_segmentation.png,0,,b09bcf658c36389a,421,train
ISIC_0000545,/root/derm_pilot_v100/data/isic2018_raw/ISIC2018_Task1-2_Training_Input/ISIC_0000545.jpg,/root/isic_overlap_pilot_self_contained/data/isic2018/raw/task1_masks/ISIC2018_Task1_Training_GroundTruth/ISIC_0000545_segmentation.png,0,,b366cf9ccc981638,422,val
ISIC_0000546,/root/derm_pilot_v100/data/isic2018_raw/ISIC2018_Task1-2_Training_Input/ISIC_0000546.jpg,/root/isic_overlap_pilot_self_contained/data/isic2018/raw/task1_masks/ISIC2018_Task1_Training_GroundTruth/ISIC_0000546_segmentation.png,0,,b1309e6bcd24e2d6,423,train
ISIC_0000547,/root/derm_pilot_v100/data/isic2018_raw/ISIC2018_Task1-2_Training_Input/ISIC_0000547.jpg,/root/isic_overlap_pilot_self_contained/data/isic2018/raw/task1_masks/ISIC2018_Task1_Training_GroundTruth/ISIC_0000547_segmentation.png,1,,ec3bd1c296952d29,424,val
ISIC_0000548,/root/derm_pilot_v100/data/isic2018_raw/ISIC2018_Task1-2_Training_Input/ISIC_0000548.jpg,/root/isic_overlap_pilot_self_contained/data/isic2018/raw/task1_masks/ISIC2018_Task1_Training_GroundTruth/ISIC_0000548_segmentation.png,1,,e93a96c76d193c30,425,train
ISIC_0000549,/root/derm_pilot_v100/data/isic2018_raw/ISIC2018_Task1-2_Training_Input/ISIC_0000549.jpg,/root/isic_overlap_pilot_self_contained/data/isic2018/raw/task1_masks/ISIC2018_Task1_Training_GroundTruth/ISIC_0000549_segmentation.png,1,,e58d92784f36906b,426,train
ISIC_0000550,/root/derm_pilot_v100/data/isic2018_raw/ISIC2018_Task1-2_Training_Input/ISIC_0000550.jpg,/root/isic_overlap_pilot_self_contained/data/isic2018/raw/task1_masks/ISIC2018_Task1_Training_GroundTruth/ISIC_0000550_segmentation.png,1,,e8ea85b51a5265e9,427,train
ISIC_0000552,/root/derm_pilot_v100/data/isic2018_raw/ISIC2018_Task1-2_Training_Input/ISIC_0000552.jpg,/root/isic_overlap_pilot_self_contained/data/isic2018/raw/task1_masks/ISIC2018_Task1_Training_GroundTruth/ISIC_0000552_segmentation.png,1,,bcc19107c3cacf3c,428,train
ISIC_0000554,/root/derm_pilot_v100/data/isic2018_raw/ISIC2018_Task1-2_Training_Input/ISIC_0000554.jpg,/root/isic_overlap_pilot_self_contained/data/isic2018/raw/task1_masks/ISIC2018_Task1_Training_GroundTruth/ISIC_0000554_segmentation.png,1,,b13292698b8eddc9,429,val
ISIC_0000555,/root/derm_pilot_v100/data/isic2018_raw/ISIC2018_Task1-2_Training_Input/ISIC_0000555.jpg,/root/isic_overlap_pilot_self_contained/data/isic2018/raw/task1_masks/ISIC2018_Task1_Training_GroundTruth/ISIC_0000555_segmentation.png,1,,b0cfca304f7146ce,430,train
ISIC_0000556,/root/derm_pilot_v100/data/isic2018_raw/ISIC2018_Task1-2_Training_Input/ISIC_0000556.jpg,/root/isic_overlap_pilot_self_contained/data/isic2018/raw/task1_masks/ISIC2018_Task1_Training_GroundTruth/ISIC_0000556_segmentation.png,0,,adccc3c392ac4f92,431,test
ISIC_0000882,/root/derm_pilot_v100/data/isic2018_raw/ISIC2018_Task1-2_Training_Input/ISIC_0000882.jpg,/root/isic_overlap_pilot_self_contained/data/isic2018/raw/task1_masks/ISIC2018_Task1_Training_GroundTruth/ISIC_0000882_segmentation.png,0,,951f40e3e1f1151f,432,train
ISIC_0000900,/root/derm_pilot_v100/data/isic2018_raw/ISIC2018_Task1-2_Training_Input/ISIC_0000900.jpg,/root/isic_overlap_pilot_self_contained/data/isic2018/raw/task1_masks/ISIC2018_Task1_Training_GroundTruth/ISIC_0000900_segmentation.png,0,,807ffd8c9c007573,433,test
ISIC_0000999,/root/derm_pilot_v100/data/isic2018_raw/ISIC2018_Task1-2_Training_Input/ISIC_0000999.jpg,/root/isic_overlap_pilot_self_contained/data/isic2018/raw/task1_masks/ISIC2018_Task1_Training_GroundTruth/ISIC_0000999_segmentation.png,0,,8ae8a595f169b40f,434,test
ISIC_0001100,/root/derm_pilot_v100/data/isic2018_raw/ISIC2018_Task1-2_Training_Input/ISIC_0001100.jpg,/root/isic_overlap_pilot_self_contained/data/isic2018/raw/task1_masks/ISIC2018_Task1_Training_GroundTruth/ISIC_0001100_segmentation.png,1,,90e1c13e3659ddc3,435,val
ISIC_0001102,/root/derm_pilot_v100/data/isic2018_raw/ISIC2018_Task1-2_Training_Input/ISIC_0001102.jpg,/root/isic_overlap_pilot_self_contained/data/isic2018/raw/task1_masks/ISIC2018_Task1_Training_GroundTruth/ISIC_0001102_segmentation.png,1,,b56dc0968fd89919,436,train
ISIC_0001103,/root/derm_pilot_v100/data/isic2018_raw/ISIC2018_Task1-2_Training_Input/ISIC_0001103.jpg,/root/isic_overlap_pilot_self_contained/data/isic2018/raw/task1_masks/ISIC2018_Task1_Training_GroundTruth/ISIC_0001103_segmentation.png,1,,a633d9cc66336133,341,train
ISIC_0001105,/root/derm_pilot_v100/data/isic2018_raw/ISIC2018_Task1-2_Training_Input/ISIC_0001105.jpg,/root/isic_overlap_pilot_self_contained/data/isic2018/raw/task1_masks/ISIC2018_Task1_Training_GroundTruth/ISIC_0001105_segmentation.png,1,,c433191e659dd647,437,train
ISIC_0001106,/root/derm_pilot_v100/data/isic2018_raw/ISIC2018_Task1-2_Training_Input/ISIC_0001106.jpg,/root/isic_overlap_pilot_self_contained/data/isic2018/raw/task1_masks/ISIC2018_Task1_Training_GroundTruth/ISIC_0001106_segmentation.png,1,,b18dcd625ccc7299,438,train
ISIC_0001118,/root/derm_pilot_v100/data/isic2018_raw/ISIC2018_Task1-2_Training_Input/ISIC_0001118.jpg,/root/isic_overlap_pilot_self_contained/data/isic2018/raw/task1_masks/ISIC2018_Task1_Training_GroundTruth/ISIC_0001118_segmentation.png,1,,fab583428cab19e6,439,train
ISIC_0001119,/root/derm_pilot_v100/data/isic2018_raw/ISIC2018_Task1-2_Training_Input/ISIC_0001119.jpg,/root/isic_overlap_pilot_self_contained/data/isic2018/raw/task1_masks/ISIC2018_Task1_Training_GroundTruth/ISIC_0001119_segmentation.png,1,,c6a619cc66db8953,440,train
ISIC_0001126,/root/derm_pilot_v100/data/isic2018_raw/ISIC2018_Task1-2_Training_Input/ISIC_0001126.jpg,/root/isic_overlap_pilot_self_contained/data/isic2018/raw/task1_masks/ISIC2018_Task1_Training_GroundTruth/ISIC_0001126_segmentation.png,1,,d43949c635977364,441,train
ISIC_0001128,/root/derm_pilot_v100/data/isic2018_raw/ISIC2018_Task1-2_Training_Input/ISIC_0001128.jpg,/root/isic_overlap_pilot_self_contained/data/isic2018/raw/task1_masks/ISIC2018_Task1_Training_GroundTruth/ISIC_0001128_segmentation.png,1,,e4b398cc653398cb,442,train
ISIC_0001131,/root/derm_pilot_v100/data/isic2018_raw/ISIC2018_Task1-2_Training_Input/ISIC_0001131.jpg,/root/isic_overlap_pilot_self_contained/data/isic2018/raw/task1_masks/ISIC2018_Task1_Training_GroundTruth/ISIC_0001131_segmentation.png,1,,85631e1e6dca3c69,443,train
ISIC_0001133,/root/derm_pilot_v100/data/isic2018_raw/ISIC2018_Task1-2_Training_Input/ISIC_0001133.jpg,/root/isic_overlap_pilot_self_contained/data/isic2018/raw/task1_masks/ISIC2018_Task1_Training_GroundTruth/ISIC_0001133_segmentation.png,1,,974e5a6969356166,444,test
ISIC_0001134,/root/derm_pilot_v100/data/isic2018_raw/ISIC2018_Task1-2_Training_Input/ISIC_0001134.jpg,/root/isic_overlap_pilot_self_contained/data/isic2018/raw/task1_masks/ISIC2018_Task1_Training_GroundTruth/ISIC_0001134_segmentation.png,1,,93b14cce3331ccce,1,test
ISIC_0001140,/root/derm_pilot_v100/data/isic2018_raw/ISIC2018_Task1-2_Training_Input/ISIC_0001140.jpg,/root/isic_overlap_pilot_self_contained/data/isic2018/raw/task1_masks/ISIC2018_Task1_Training_GroundTruth/ISIC_0001140_segmentation.png,1,,e13296cf599c6598,445,test
ISIC_0001142,/root/derm_pilot_v100/data/isic2018_raw/ISIC2018_Task1-2_Training_Input/ISIC_0001142.jpg,/root/isic_overlap_pilot_self_contained/data/isic2018/raw/task1_masks/ISIC2018_Task1_Training_GroundTruth/ISIC_0001142_segmentation.png,1,,d4e153074b343ec7,446,test
ISIC_0001148,/root/derm_pilot_v100/data/isic2018_raw/ISIC2018_Task1-2_Training_Input/ISIC_0001148.jpg,/root/isic_overlap_pilot_self_contained/data/isic2018/raw/task1_masks/ISIC2018_Task1_Training_GroundTruth/ISIC_0001148_segmentation.png,1,,b18fc37c8c1664d9,447,val
ISIC_0001152,/root/derm_pilot_v100/data/isic2018_raw/ISIC2018_Task1-2_Training_Input/ISIC_0001152.jpg,/root/isic_overlap_pilot_self_contained/data/isic2018/raw/task1_masks/ISIC2018_Task1_Training_GroundTruth/ISIC_0001152_segmentation.png,1,,8e6f91c1b09e1676,448,train
ISIC_0001163,/root/derm_pilot_v100/data/isic2018_raw/ISIC2018_Task1-2_Training_Input/ISIC_0001163.jpg,/root/isic_overlap_pilot_self_contained/data/isic2018/raw/task1_masks/ISIC2018_Task1_Training_GroundTruth/ISIC_0001163_segmentation.png,0,,d6568d3523ad07aa,449,train
ISIC_0001181,/root/derm_pilot_v100/data/isic2018_raw/ISIC2018_Task1-2_Training_Input/ISIC_0001181.jpg,/root/isic_overlap_pilot_self_contained/data/isic2018/raw/task1_masks/ISIC2018_Task1_Training_GroundTruth/ISIC_0001181_segmentation.png,0,,d193459655b35596,450,train
ISIC_0001184,/root/derm_pilot_v100/data/isic2018_raw/ISIC2018_Task1-2_Training_Input/ISIC_0001184.jpg,/root/isic_overlap_pilot_self_contained/data/isic2018/raw/task1_masks/ISIC2018_Task1_Training_GroundTruth/ISIC_0001184_segmentation.png,0,,d587aa5110c75577,451,train
ISIC_0001185,/root/derm_pilot_v100/data/isic2018_raw/ISIC2018_Task1-2_Training_Input/ISIC_0001185.jpg,/root/isic_overlap_pilot_self_contained/data/isic2018/raw/task1_masks/ISIC2018_Task1_Training_GroundTruth/ISIC_0001185_segmentation.png,0,,d0ada54f29518ad7,452,train
ISIC_0001186,/root/derm_pilot_v100/data/isic2018_raw/ISIC2018_Task1-2_Training_Input/ISIC_0001186.jpg,/root/isic_overlap_pilot_self_contained/data/isic2018/raw/task1_masks/ISIC2018_Task1_Training_GroundTruth/ISIC_0001186_segmentation.png,0,,d45ac5bc55a35538,453,test
ISIC_0001188,/root/derm_pilot_v100/data/isic2018_raw/ISIC2018_Task1-2_Training_Input/ISIC_0001188.jpg,/root/isic_overlap_pilot_self_contained/data/isic2018/raw/task1_masks/ISIC2018_Task1_Training_GroundTruth/ISIC_0001188_segmentation.png,0,,d5aa85c755bb10aa,454,train
ISIC_0001190,/root/derm_pilot_v100/data/isic2018_raw/ISIC2018_Task1-2_Training_Input/ISIC_0001190.jpg,/root/isic_overlap_pilot_self_contained/data/isic2018/raw/task1_masks/ISIC2018_Task1_Training_GroundTruth/ISIC_0001190_segmentation.png,0,,d11d853e115d453f,455,val
ISIC_0001191,/root/derm_pilot_v100/data/isic2018_raw/ISIC2018_Task1-2_Training_Input/ISIC_0001191.jpg,/root/isic_overlap_pilot_self_contained/data/isic2018/raw/task1_masks/ISIC2018_Task1_Training_GroundTruth/ISIC_0001191_segmentation.png,0,,d5aa895555a54aab,456,train
ISIC_0001204,/root/derm_pilot_v100/data/isic2018_raw/ISIC2018_Task1-2_Training_Input/ISIC_0001204.jpg,/root/isic_overlap_pilot_self_contained/data/isic2018/raw/task1_masks/ISIC2018_Task1_Training_GroundTruth/ISIC_0001204_segmentation.png,0,,d2a5852a55db545b,457,train
ISIC_0001212,/root/derm_pilot_v100/data/isic2018_raw/ISIC2018_Task1-2_Training_Input/ISIC_0001212.jpg,/root/isic_overlap_pilot_self_contained/data/isic2018/raw/task1_masks/ISIC2018_Task1_Training_GroundTruth/ISIC_0001212_segmentation.png,0,,d555555355525556,458,train
ISIC_0001213,/root/derm_pilot_v100/data/isic2018_raw/ISIC2018_Task1-2_Training_Input/ISIC_0001213.jpg,/root/isic_overlap_pilot_self_contained/data/isic2018/raw/task1_masks/ISIC2018_Task1_Training_GroundTruth/ISIC_0001213_segmentation.png,0,,d455c51c55c7553c,459,train
ISIC_0001216,/root/derm_pilot_v100/data/isic2018_raw/ISIC2018_Task1-2_Training_Input/ISIC_0001216.jpg,/root/isic_overlap_pilot_self_contained/data/isic2018/raw/task1_masks/ISIC2018_Task1_Training_GroundTruth/ISIC_0001216_segmentation.png,0,,d9b5b52d54535454,460,train
ISIC_0001242,/root/derm_pilot_v100/data/isic2018_raw/ISIC2018_Task1-2_Training_Input/ISIC_0001242.jpg,/root/isic_overlap_pilot_self_contained/data/isic2018/raw/task1_masks/ISIC2018_Task1_Training_GroundTruth/ISIC_0001242_segmentation.png,0,,872789882277d9dd,461,train
ISIC_0001247,/root/derm_pilot_v100/data/isic2018_raw/ISIC2018_Task1-2_Training_Input/ISIC_0001247.jpg,/root/isic_overlap_pilot_self_contained/data/isic2018/raw/task1_masks/ISIC2018_Task1_Training_GroundTruth/ISIC_0001247_segmentation.png,0,,cd6492926d6d969a,462,train
ISIC_0001254,/root/derm_pilot_v100/data/isic2018_raw/ISIC2018_Task1-2_Training_Input/ISIC_0001254.jpg,/root/isic_overlap_pilot_self_contained/data/isic2018/raw/task1_masks/ISIC2018_Task1_Training_GroundTruth/ISIC_0001254_segmentation.png,0,,983bc656393987a6,463,train
ISIC_0001262,/root/derm_pilot_v100/data/isic2018_raw/ISIC2018_Task1-2_Training_Input/ISIC_0001262.jpg,/root/isic_overlap_pilot_self_contained/data/isic2018/raw/task1_masks/ISIC2018_Task1_Training_GroundTruth/ISIC_0001262_segmentation.png,0,,f3785c7215cc2789,464,train
ISIC_0001267,/root/derm_pilot_v100/data/isic2018_raw/ISIC2018_Task1-2_Training_Input/ISIC_0001267.jpg,/root/isic_overlap_pilot_self_contained/data/isic2018/raw/task1_masks/ISIC2018_Task1_Training_GroundTruth/ISIC_0001267_segmentation.png,0,,91734cce713399cc,1,test
ISIC_0001275,/root/derm_pilot_v100/data/isic2018_raw/ISIC2018_Task1-2_Training_Input/ISIC_0001275.jpg,/root/isic_overlap_pilot_self_contained/data/isic2018/raw/task1_masks/ISIC2018_Task1_Training_GroundTruth/ISIC_0001275_segmentation.png,0,,d37308cd542373dc,465,train
ISIC_0001286,/root/derm_pilot_v100/data/isic2018_raw/ISIC2018_Task1-2_Training_Input/ISIC_0001286.jpg,/root/isic_overlap_pilot_self_contained/data/isic2018/raw/task1_masks/ISIC2018_Task1_Training_GroundTruth/ISIC_0001286_segmentation.png,0,,89298cc65378cede,466,train
ISIC_0001292,/root/derm_pilot_v100/data/isic2018_raw/ISIC2018_Task1-2_Training_Input/ISIC_0001292.jpg,/root/isic_overlap_pilot_self_contained/data/isic2018/raw/task1_masks/ISIC2018_Task1_Training_GroundTruth/ISIC_0001292_segmentation.png,0,,d1bc86d715a85555,467,train
ISIC_0001296,/root/derm_pilot_v100/data/isic2018_raw/ISIC2018_Task1-2_Training_Input/ISIC_0001296.jpg,/root/isic_overlap_pilot_self_contained/data/isic2018/raw/task1_masks/ISIC2018_Task1_Training_GroundTruth/ISIC_0001296_segmentation.png,0,,84e7109f4d64979b,468,train
ISIC_0001299,/root/derm_pilot_v100/data/isic2018_raw/ISIC2018_Task1-2_Training_Input/ISIC_0001299.jpg,/root/isic_overlap_pilot_self_contained/data/isic2018/raw/task1_masks/ISIC2018_Task1_Training_GroundTruth/ISIC_0001299_segmentation.png,0,,d656019d11ab55dd,469,train
ISIC_0001306,/root/derm_pilot_v100/data/isic2018_raw/ISIC2018_Task1-2_Training_Input/ISIC_0001306.jpg,/root/isic_overlap_pilot_self_contained/data/isic2018/raw/task1_masks/ISIC2018_Task1_Training_GroundTruth/ISIC_0001306_segmentation.png,0,,907515ce47f93139,470,test
ISIC_0001367,/root/derm_pilot_v100/data/isic2018_raw/ISIC2018_Task1-2_Training_Input/ISIC_0001367.jpg,/root/isic_overlap_pilot_self_contained/data/isic2018/raw/task1_masks/ISIC2018_Task1_Training_GroundTruth/ISIC_0001367_segmentation.png,0,,a393659c4d9c61e6,471,train
ISIC_0001372,/root/derm_pilot_v100/data/isic2018_raw/ISIC2018_Task1-2_Training_Input/ISIC_0001372.jpg,/root/isic_overlap_pilot_self_contained/data/isic2018/raw/task1_masks/ISIC2018_Task1_Training_GroundTruth/ISIC_0001372_segmentation.png,0,,d07fa70330d6c715,472,val
ISIC_0001374,/root/derm_pilot_v100/data/isic2018_raw/ISIC2018_Task1-2_Training_Input/ISIC_0001374.jpg,/root/isic_overlap_pilot_self_contained/data/isic2018/raw/task1_masks/ISIC2018_Task1_Training_GroundTruth/ISIC_0001374_segmentation.png,0,,9047c7384ccf73e4,473,train
ISIC_0001385,/root/derm_pilot_v100/data/isic2018_raw/ISIC2018_Task1-2_Training_Input/ISIC_0001385.jpg,/root/isic_overlap_pilot_self_contained/data/isic2018/raw/task1_masks/ISIC2018_Task1_Training_GroundTruth/ISIC_0001385_segmentation.png,0,,8052fc8cff3313aa,474,train
ISIC_0001423,/root/derm_pilot_v100/data/isic2018_raw/ISIC2018_Task1-2_Training_Input/ISIC_0001423.jpg,/root/isic_overlap_pilot_self_contained/data/isic2018/raw/task1_masks/ISIC2018_Task1_Training_GroundTruth/ISIC_0001423_segmentation.png,0,,c929545646bc5577,475,train
ISIC_0001427,/root/derm_pilot_v100/data/isic2018_raw/ISIC2018_Task1-2_Training_Input/ISIC_0001427.jpg,/root/isic_overlap_pilot_self_contained/data/isic2018/raw/task1_masks/ISIC2018_Task1_Training_GroundTruth/ISIC_0001427_segmentation.png,0,,826a8e8c557371d7,476,train
ISIC_0001442,/root/derm_pilot_v100/data/isic2018_raw/ISIC2018_Task1-2_Training_Input/ISIC_0001442.jpg,/root/isic_overlap_pilot_self_contained/data/isic2018/raw/task1_masks/ISIC2018_Task1_Training_GroundTruth/ISIC_0001442_segmentation.png,0,,91d3cc8c73338cce,1,test
ISIC_0001449,/root/derm_pilot_v100/data/isic2018_raw/ISIC2018_Task1-2_Training_Input/ISIC_0001449.jpg,/root/isic_overlap_pilot_self_contained/data/isic2018/raw/task1_masks/ISIC2018_Task1_Training_GroundTruth/ISIC_0001449_segmentation.png,0,,d37384cc8c337339,477,train
ISIC_0001769,/root/derm_pilot_v100/data/isic2018_raw/ISIC2018_Task1-2_Training_Input/ISIC_0001769.jpg,/root/isic_overlap_pilot_self_contained/data/isic2018/raw/task1_masks/ISIC2018_Task1_Training_GroundTruth/ISIC_0001769_segmentation.png,0,,e69e6998622699cd,478,train
ISIC_0001852,/root/derm_pilot_v100/data/isic2018_raw/ISIC2018_Task1-2_Training_Input/ISIC_0001852.jpg,/root/isic_overlap_pilot_self_contained/data/isic2018/raw/task1_masks/ISIC2018_Task1_Training_GroundTruth/ISIC_0001852_segmentation.png,0,,c730c93c636c99cd,479,test
ISIC_0001871,/root/derm_pilot_v100/data/isic2018_raw/ISIC2018_Task1-2_Training_Input/ISIC_0001871.jpg,/root/isic_overlap_pilot_self_contained/data/isic2018/raw/task1_masks/ISIC2018_Task1_Training_GroundTruth/ISIC_0001871_segmentation.png,0,,815bf88e77239d84,480,test
ISIC_0001960,/root/derm_pilot_v100/data/isic2018_raw/ISIC2018_Task1-2_Training_Input/ISIC_0001960.jpg,/root/isic_overlap_pilot_self_contained/data/isic2018/raw/task1_masks/ISIC2018_Task1_Training_GroundTruth/ISIC_0001960_segmentation.png,0,,82ea457554c775ac,481,val
ISIC_0002093,/root/derm_pilot_v100/data/isic2018_raw/ISIC2018_Task1-2_Training_Input/ISIC_0002093.jpg,/root/isic_overlap_pilot_self_contained/data/isic2018/raw/task1_masks/ISIC2018_Task1_Training_GroundTruth/ISIC_0002093_segmentation.png,0,,b8a1c52bc71ec71c,482,val
ISIC_0002107,/root/derm_pilot_v100/data/isic2018_raw/ISIC2018_Task1-2_Training_Input/ISIC_0002107.jpg,/root/isic_overlap_pilot_self_contained/data/isic2018/raw/task1_masks/ISIC2018_Task1_Training_GroundTruth/ISIC_0002107_segmentation.png,0,,98c3c73c55aaab52,483,train
ISIC_0002206,/root/derm_pilot_v100/data/isic2018_raw/ISIC2018_Task1-2_Training_Input/ISIC_0002206.jpg,/root/isic_overlap_pilot_self_contained/data/isic2018/raw/task1_masks/ISIC2018_Task1_Training_GroundTruth/ISIC_0002206_segmentation.png,0,,c83a45c74579385f,484,train
ISIC_0002246,/root/derm_pilot_v100/data/isic2018_raw/ISIC2018_Task1-2_Training_Input/ISIC_0002246.jpg,/root/isic_overlap_pilot_self_contained/data/isic2018/raw/task1_masks/ISIC2018_Task1_Training_GroundTruth/ISIC_0002246_segmentation.png,0,,8de1d3906d7d9292,485,train
ISIC_0002251,/root/derm_pilot_v100/data/isic2018_raw/ISIC2018_Task1-2_Training_Input/ISIC_0002251.jpg,/root/isic_overlap_pilot_self_contained/data/isic2018/raw/task1_masks/ISIC2018_Task1_Training_GroundTruth/ISIC_0002251_segmentation.png,0,,8d96d069f4927f90,486,train
ISIC_0002287,/root/derm_pilot_v100/data/isic2018_raw/ISIC2018_Task1-2_Training_Input/ISIC_0002287.jpg,/root/isic_overlap_pilot_self_contained/data/isic2018/raw/task1_masks/ISIC2018_Task1_Training_GroundTruth/ISIC_0002287_segmentation.png,0,,938cc43ba9ce317a,487,train
ISIC_0002353,/root/derm_pilot_v100/data/isic2018_raw/ISIC2018_Task1-2_Training_Input/ISIC_0002353.jpg,/root/isic_overlap_pilot_self_contained/data/isic2018/raw/task1_masks/ISIC2018_Task1_Training_GroundTruth/ISIC_0002353_segmentation.png,0,,cdc3523cbcc7a158,488,train
ISIC_0002374,/root/derm_pilot_v100/data/isic2018_raw/ISIC2018_Task1-2_Training_Input/ISIC_0002374.jpg,/root/isic_overlap_pilot_self_contained/data/isic2018/raw/task1_masks/ISIC2018_Task1_Training_GroundTruth/ISIC_0002374_segmentation.png,0,,d14b8c9633af54aa,489,train
ISIC_0002438,/root/derm_pilot_v100/data/isic2018_raw/ISIC2018_Task1-2_Training_Input/ISIC_0002438.jpg,/root/isic_overlap_pilot_self_contained/data/isic2018/raw/task1_masks/ISIC2018_Task1_Training_GroundTruth/ISIC_0002438_segmentation.png,0,,a64a99492674dbb5,490,train
ISIC_0002439,/root/derm_pilot_v100/data/isic2018_raw/ISIC2018_Task1-2_Training_Input/ISIC_0002439.jpg,/root/isic_overlap_pilot_self_contained/data/isic2018/raw/task1_masks/ISIC2018_Task1_Training_GroundTruth/ISIC_0002439_segmentation.png,0,,b131ccccce391c7c,491,train
ISIC_0002453,/root/derm_pilot_v100/data/isic2018_raw/ISIC2018_Task1-2_Training_Input/ISIC_0002453.jpg,/root/isic_overlap_pilot_self_contained/data/isic2018/raw/task1_masks/ISIC2018_Task1_Training_GroundTruth/ISIC_0002453_segmentation.png,0,,84664999999b6677,492,train
ISIC_0002459,/root/derm_pilot_v100/data/isic2018_raw/ISIC2018_Task1-2_Training_Input/ISIC_0002459.jpg,/root/isic_overlap_pilot_self_contained/data/isic2018/raw/task1_masks/ISIC2018_Task1_Training_GroundTruth/ISIC_0002459_segmentation.png,0,,d26305dccc8d9d33,493,train
ISIC_0002469,/root/derm_pilot_v100/data/isic2018_raw/ISIC2018_Task1-2_Training_Input/ISIC_0002469.jpg,/root/isic_overlap_pilot_self_contained/data/isic2018/raw/task1_masks/ISIC2018_Task1_Training_GroundTruth/ISIC_0002469_segmentation.png,0,,93e0cc3f23c6c43b,494,train
ISIC_0002476,/root/derm_pilot_v100/data/isic2018_raw/ISIC2018_Task1-2_Training_Input/ISIC_0002476.jpg,/root/isic_overlap_pilot_self_contained/data/isic2018/raw/task1_masks/ISIC2018_Task1_Training_GroundTruth/ISIC_0002476_segmentation.png,0,,841b19664d9f172f,495,train
ISIC_0002488,/root/derm_pilot_v100/data/isic2018_raw/ISIC2018_Task1-2_Training_Input/ISIC_0002488.jpg,/root/isic_overlap_pilot_self_contained/data/isic2018/raw/task1_masks/ISIC2018_Task1_Training_GroundTruth/ISIC_0002488_segmentation.png,0,,c592d12e1de1435f,496,train
ISIC_0002489,/root/derm_pilot_v100/data/isic2018_raw/ISIC2018_Task1-2_Training_Input/ISIC_0002489.jpg,/root/isic_overlap_pilot_self_contained/data/isic2018/raw/task1_masks/ISIC2018_Task1_Training_GroundTruth/ISIC_0002489_segmentation.png,0,,e19167cc4e6c3363,497,train
ISIC_0002616,/root/derm_pilot_v100/data/isic2018_raw/ISIC2018_Task1-2_Training_Input/ISIC_0002616.jpg,/root/isic_overlap_pilot_self_contained/data/isic2018/raw/task1_masks/ISIC2018_Task1_Training_GroundTruth/ISIC_0002616_segmentation.png,0,,d4ada55a55545555,498,val
ISIC_0002647,/root/derm_pilot_v100/data/isic2018_raw/ISIC2018_Task1-2_Training_Input/ISIC_0002647.jpg,/root/isic_overlap_pilot_self_contained/data/isic2018/raw/task1_masks/ISIC2018_Task1_Training_GroundTruth/ISIC_0002647_segmentation.png,0,,d1bf84ce117344ce,499,train
ISIC_0002673,/root/derm_pilot_v100/data/isic2018_raw/ISIC2018_Task1-2_Training_Input/ISIC_0002673.jpg,/root/isic_overlap_pilot_self_contained/data/isic2018/raw/task1_masks/ISIC2018_Task1_Training_GroundTruth/ISIC_0002673_segmentation.png,0,,d84f87383cc75338,500,test
ISIC_0002780,/root/derm_pilot_v100/data/isic2018_raw/ISIC2018_Task1-2_Training_Input/ISIC_0002780.jpg,/root/isic_overlap_pilot_self_contained/data/isic2018/raw/task1_masks/ISIC2018_Task1_Training_GroundTruth/ISIC_0002780_segmentation.png,0,,d085457955d75555,501,train
ISIC_0002806,/root/derm_pilot_v100/data/isic2018_raw/ISIC2018_Task1-2_Training_Input/ISIC_0002806.jpg,/root/isic_overlap_pilot_self_contained/data/isic2018/raw/task1_masks/ISIC2018_Task1_Training_GroundTruth/ISIC_0002806_segmentation.png,0,,d5558d2710ab55ce,502,test
ISIC_0002829,/root/derm_pilot_v100/data/isic2018_raw/ISIC2018_Task1-2_Training_Input/ISIC_0002829.jpg,/root/isic_overlap_pilot_self_contained/data/isic2018/raw/task1_masks/ISIC2018_Task1_Training_GroundTruth/ISIC_0002829_segmentation.png,0,,d1ce1531cc71bc55,503,train
ISIC_0002836,/root/derm_pilot_v100/data/isic2018_raw/ISIC2018_Task1-2_Training_Input/ISIC_0002836.jpg,/root/isic_overlap_pilot_self_contained/data/isic2018/raw/task1_masks/ISIC2018_Task1_Training_GroundTruth/ISIC_0002836_segmentation.png,0,,9da1c11e55c35557,504,train
ISIC_0002871,/root/derm_pilot_v100/data/isic2018_raw/ISIC2018_Task1-2_Training_Input/ISIC_0002871.jpg,/root/isic_overlap_pilot_self_contained/data/isic2018/raw/task1_masks/ISIC2018_Task1_Training_GroundTruth/ISIC_0002871_segmentation.png,0,,94f3885507a5cabb,505,train
ISIC_0002879,/root/derm_pilot_v100/data/isic2018_raw/ISIC2018_Task1-2_Training_Input/ISIC_0002879.jpg,/root/isic_overlap_pilot_self_contained/data/isic2018/raw/task1_masks/ISIC2018_Task1_Training_GroundTruth/ISIC_0002879_segmentation.png,0,,9c6dc15e1ce1c31e,506,train
ISIC_0002885,/root/derm_pilot_v100/data/isic2018_raw/ISIC2018_Task1-2_Training_Input/ISIC_0002885.jpg,/root/isic_overlap_pilot_self_contained/data/isic2018/raw/task1_masks/ISIC2018_Task1_Training_GroundTruth/ISIC_0002885_segmentation.png,0,,f0c1c7f61cc74538,507,test
ISIC_0002948,/root/derm_pilot_v100/data/isic2018_raw/ISIC2018_Task1-2_Training_Input/ISIC_0002948.jpg,/root/isic_overlap_pilot_self_contained/data/isic2018/raw/task1_masks/ISIC2018_Task1_Training_GroundTruth/ISIC_0002948_segmentation.png,0,,d65559a626a89d55,508,val
ISIC_0002975,/root/derm_pilot_v100/data/isic2018_raw/ISIC2018_Task1-2_Training_Input/ISIC_0002975.jpg,/root/isic_overlap_pilot_self_contained/data/isic2018/raw/task1_masks/ISIC2018_Task1_Training_GroundTruth/ISIC_0002975_segmentation.png,0,,d855c7591853c755,509,val
ISIC_0002976,/root/derm_pilot_v100/data/isic2018_raw/ISIC2018_Task1-2_Training_Input/ISIC_0002976.jpg,/root/isic_overlap_pilot_self_contained/data/isic2018/raw/task1_masks/ISIC2018_Task1_Training_GroundTruth/ISIC_0002976_segmentation.png,0,,d15184d631718ddf,510,train
ISIC_0003005,/root/derm_pilot_v100/data/isic2018_raw/ISIC2018_Task1-2_Training_Input/ISIC_0003005.jpg,/root/isic_overlap_pilot_self_contained/data/isic2018/raw/task1_masks/ISIC2018_Task1_Training_GroundTruth/ISIC_0003005_segmentation.png,0,,cb4fb0d2a416a5f4,511,val
ISIC_0003056,/root/derm_pilot_v100/data/isic2018_raw/ISIC2018_Task1-2_Training_Input/ISIC_0003056.jpg,/root/isic_overlap_pilot_self_contained/data/isic2018/raw/task1_masks/ISIC2018_Task1_Training_GroundTruth/ISIC_0003056_segmentation.png,0,,b2c7ad9c5a535258,512,train
ISIC_0003174,/root/derm_pilot_v100/data/isic2018_raw/ISIC2018_Task1-2_Training_Input/ISIC_0003174.jpg,/root/isic_overlap_pilot_self_contained/data/isic2018/raw/task1_masks/ISIC2018_Task1_Training_GroundTruth/ISIC_0003174_segmentation.png,0,,978fd96306dda046,513,train
ISIC_0003308,/root/derm_pilot_v100/data/isic2018_raw/ISIC2018_Task1-2_Training_Input/ISIC_0003308.jpg,/root/isic_overlap_pilot_self_contained/data/isic2018/raw/task1_masks/ISIC2018_Task1_Training_GroundTruth/ISIC_0003308_segmentation.png,0,,83fcd83f678f5008,514,train
ISIC_0003346,/root/derm_pilot_v100/data/isic2018_raw/ISIC2018_Task1-2_Training_Input/ISIC_0003346.jpg,/root/isic_overlap_pilot_self_contained/data/isic2018/raw/task1_masks/ISIC2018_Task1_Training_GroundTruth/ISIC_0003346_segmentation.png,0,,8384c07337cd4b77,515,train
ISIC_0003462,/root/derm_pilot_v100/data/isic2018_raw/ISIC2018_Task1-2_Training_Input/ISIC_0003462.jpg,/root/isic_overlap_pilot_self_contained/data/isic2018/raw/task1_masks/ISIC2018_Task1_Training_GroundTruth/ISIC_0003462_segmentation.png,0,,83f8ec8f3131cccc,516,test
ISIC_0003539,/root/derm_pilot_v100/data/isic2018_raw/ISIC2018_Task1-2_Training_Input/ISIC_0003539.jpg,/root/isic_overlap_pilot_self_contained/data/isic2018/raw/task1_masks/ISIC2018_Task1_Training_GroundTruth/ISIC_0003539_segmentation.png,0,,937311dccccccc36,517,test
ISIC_0003559,/root/derm_pilot_v100/data/isic2018_raw/ISIC2018_Task1-2_Training_Input/ISIC_0003559.jpg,/root/isic_overlap_pilot_self_contained/data/isic2018/raw/task1_masks/ISIC2018_Task1_Training_GroundTruth/ISIC_0003559_segmentation.png,0,,c394d027a5cd6657,518,train
ISIC_0003582,/root/derm_pilot_v100/data/isic2018_raw/ISIC2018_Task1-2_Training_Input/ISIC_0003582.jpg,/root/isic_overlap_pilot_self_contained/data/isic2018/raw/task1_masks/ISIC2018_Task1_Training_GroundTruth/ISIC_0003582_segmentation.png,0,,b21ccde3301e3b78,519,train
ISIC_0003657,/root/derm_pilot_v100/data/isic2018_raw/ISIC2018_Task1-2_Training_Input/ISIC_0003657.jpg,/root/isic_overlap_pilot_self_contained/data/isic2018/raw/task1_masks/ISIC2018_Task1_Training_GroundTruth/ISIC_0003657_segmentation.png,0,,d0aec7553838c7aa,520,val
ISIC_0003728,/root/derm_pilot_v100/data/isic2018_raw/ISIC2018_Task1-2_Training_Input/ISIC_0003728.jpg,/root/isic_overlap_pilot_self_contained/data/isic2018/raw/task1_masks/ISIC2018_Task1_Training_GroundTruth/ISIC_0003728_segmentation.png,0,,fc0f03e200fc90ff,521,test
ISIC_0003805,/root/derm_pilot_v100/data/isic2018_raw/ISIC2018_Task1-2_Training_Input/ISIC_0003805.jpg,/root/isic_overlap_pilot_self_contained/data/isic2018/raw/task1_masks/ISIC2018_Task1_Training_GroundTruth/ISIC_0003805_segmentation.png,0,,f19964cc66993399,522,train
ISIC_0004110,/root/derm_pilot_v100/data/isic2018_raw/ISIC2018_Task1-2_Training_Input/ISIC_0004110.jpg,/root/isic_overlap_pilot_self_contained/data/isic2018/raw/task1_masks/ISIC2018_Task1_Training_GroundTruth/ISIC_0004110_segmentation.png,0,,f1b7ce9831a26133,523,train
ISIC_0004115,/root/derm_pilot_v100/data/isic2018_raw/ISIC2018_Task1-2_Training_Input/ISIC_0004115.jpg,/root/isic_overlap_pilot_self_contained/data/isic2018/raw/task1_masks/ISIC2018_Task1_Training_GroundTruth/ISIC_0004115_segmentation.png,0,,b53d43c7541c5553,524,train
ISIC_0004168,/root/derm_pilot_v100/data/isic2018_raw/ISIC2018_Task1-2_Training_Input/ISIC_0004168.jpg,/root/isic_overlap_pilot_self_contained/data/isic2018/raw/task1_masks/ISIC2018_Task1_Training_GroundTruth/ISIC_0004168_segmentation.png,0,,d1d2545533535d55,525,test
ISIC_0004309,/root/derm_pilot_v100/data/isic2018_raw/ISIC2018_Task1-2_Training_Input/ISIC_0004309.jpg,/root/isic_overlap_pilot_self_contained/data/isic2018/raw/task1_masks/ISIC2018_Task1_Training_GroundTruth/ISIC_0004309_segmentation.png,0,,d5a5954d555355c4,526,train
ISIC_0004337,/root/derm_pilot_v100/data/isic2018_raw/ISIC2018_Task1-2_Training_Input/ISIC_0004337.jpg,/root/isic_overlap_pilot_self_contained/data/isic2018/raw/task1_masks/ISIC2018_Task1_Training_GroundTruth/ISIC_0004337_segmentation.png,0,,91bd4c8c3373cccc,1,test
ISIC_0004346,/root/derm_pilot_v100/data/isic2018_raw/ISIC2018_Task1-2_Training_Input/ISIC_0004346.jpg,/root/isic_overlap_pilot_self_contained/data/isic2018/raw/task1_masks/ISIC2018_Task1_Training_GroundTruth/ISIC_0004346_segmentation.png,0,,f40111d9674519ff,527,train
ISIC_0004715,/root/derm_pilot_v100/data/isic2018_raw/ISIC2018_Task1-2_Training_Input/ISIC_0004715.jpg,/root/isic_overlap_pilot_self_contained/data/isic2018/raw/task1_masks/ISIC2018_Task1_Training_GroundTruth/ISIC_0004715_segmentation.png,0,,80574cdd0d7313bd,528,train
ISIC_0004985,/root/derm_pilot_v100/data/isic2018_raw/ISIC2018_Task1-2_Training_Input/ISIC_0004985.jpg,/root/isic_overlap_pilot_self_contained/data/isic2018/raw/task1_masks/ISIC2018_Task1_Training_GroundTruth/ISIC_0004985_segmentation.png,0,,dbb4842d535c5655,529,val
ISIC_0005000,/root/derm_pilot_v100/data/isic2018_raw/ISIC2018_Task1-2_Training_Input/ISIC_0005000.jpg,/root/isic_overlap_pilot_self_contained/data/isic2018/raw/task1_masks/ISIC2018_Task1_Training_GroundTruth/ISIC_0005000_segmentation.png,0,,d05887a7957c39a9,530,train
ISIC_0005187,/root/derm_pilot_v100/data/isic2018_raw/ISIC2018_Task1-2_Training_Input/ISIC_0005187.jpg,/root/isic_overlap_pilot_self_contained/data/isic2018/raw/task1_masks/ISIC2018_Task1_Training_GroundTruth/ISIC_0005187_segmentation.png,0,,84961b9b64669b9b,135,val
ISIC_0005247,/root/derm_pilot_v100/data/isic2018_raw/ISIC2018_Task1-2_Training_Input/ISIC_0005247.jpg,/root/isic_overlap_pilot_self_contained/data/isic2018/raw/task1_masks/ISIC2018_Task1_Training_GroundTruth/ISIC_0005247_segmentation.png,0,,db6b845458a55537,531,train
ISIC_0005548,/root/derm_pilot_v100/data/isic2018_raw/ISIC2018_Task1-2_Training_Input/ISIC_0005548.jpg,/root/isic_overlap_pilot_self_contained/data/isic2018/raw/task1_masks/ISIC2018_Task1_Training_GroundTruth/ISIC_0005548_segmentation.png,0,,c8e5970840ffff10,532,val
ISIC_0005555,/root/derm_pilot_v100/data/isic2018_raw/ISIC2018_Task1-2_Training_Input/ISIC_0005555.jpg,/root/isic_overlap_pilot_self_contained/data/isic2018/raw/task1_masks/ISIC2018_Task1_Training_GroundTruth/ISIC_0005555_segmentation.png,0,,da3585c7a92a2a57,533,train
ISIC_0005620,/root/derm_pilot_v100/data/isic2018_raw/ISIC2018_Task1-2_Training_Input/ISIC_0005620.jpg,/root/isic_overlap_pilot_self_contained/data/isic2018/raw/task1_masks/ISIC2018_Task1_Training_GroundTruth/ISIC_0005620_segmentation.png,0,,80fcc7cf393841c7,534,test
ISIC_0005639,/root/derm_pilot_v100/data/isic2018_raw/ISIC2018_Task1-2_Training_Input/ISIC_0005639.jpg,/root/isic_overlap_pilot_self_contained/data/isic2018/raw/task1_masks/ISIC2018_Task1_Training_GroundTruth/ISIC_0005639_segmentation.png,0,,b535c3c6cd393885,535,train
ISIC_0005666,/root/derm_pilot_v100/data/isic2018_raw/ISIC2018_Task1-2_Training_Input/ISIC_0005666.jpg,/root/isic_overlap_pilot_self_contained/data/isic2018/raw/task1_masks/ISIC2018_Task1_Training_GroundTruth/ISIC_0005666_segmentation.png,0,,d949a3521db456ab,536,train
ISIC_0005787,/root/derm_pilot_v100/data/isic2018_raw/ISIC2018_Task1-2_Training_Input/ISIC_0005787.jpg,/root/isic_overlap_pilot_self_contained/data/isic2018/raw/task1_masks/ISIC2018_Task1_Training_GroundTruth/ISIC_0005787_segmentation.png,0,,c44a4bb5b649b55a,537,val
ISIC_0006021,/root/derm_pilot_v100/data/isic2018_raw/ISIC2018_Task1-2_Training_Input/ISIC_0006021.jpg,/root/isic_overlap_pilot_self_contained/data/isic2018/raw/task1_masks/ISIC2018_Task1_Training_GroundTruth/ISIC_0006021_segmentation.png,0,,d5400855575d557f,538,train
ISIC_0006114,/root/derm_pilot_v100/data/isic2018_raw/ISIC2018_Task1-2_Training_Input/ISIC_0006114.jpg,/root/isic_overlap_pilot_self_contained/data/isic2018/raw/task1_masks/ISIC2018_Task1_Training_GroundTruth/ISIC_0006114_segmentation.png,0,,89d684a952ce5779,539,test
ISIC_0006193,/root/derm_pilot_v100/data/isic2018_raw/ISIC2018_Task1-2_Training_Input/ISIC_0006193.jpg,/root/isic_overlap_pilot_self_contained/data/isic2018/raw/task1_masks/ISIC2018_Task1_Training_GroundTruth/ISIC_0006193_segmentation.png,0,,f777888922227799,540,train
ISIC_0006350,/root/derm_pilot_v100/data/isic2018_raw/ISIC2018_Task1-2_Training_Input/ISIC_0006350.jpg,/root/isic_overlap_pilot_self_contained/data/isic2018/raw/task1_masks/ISIC2018_Task1_Training_GroundTruth/ISIC_0006350_segmentation.png,0,,d1378d9c2a462a7b,541,train
ISIC_0006612,/root/derm_pilot_v100/data/isic2018_raw/ISIC2018_Task1-2_Training_Input/ISIC_0006612.jpg,/root/isic_overlap_pilot_self_contained/data/isic2018/raw/task1_masks/ISIC2018_Task1_Training_GroundTruth/ISIC_0006612_segmentation.png,0,,f56354cc552355ca,542,train
ISIC_0006651,/root/derm_pilot_v100/data/isic2018_raw/ISIC2018_Task1-2_Training_Input/ISIC_0006651.jpg,/root/isic_overlap_pilot_self_contained/data/isic2018/raw/task1_masks/ISIC2018_Task1_Training_GroundTruth/ISIC_0006651_segmentation.png,0,,ccecc3c31c3cc3c5,543,train
ISIC_0006671,/root/derm_pilot_v100/data/isic2018_raw/ISIC2018_Task1-2_Training_Input/ISIC_0006671.jpg,/root/isic_overlap_pilot_self_contained/data/isic2018/raw/task1_masks/ISIC2018_Task1_Training_GroundTruth/ISIC_0006671_segmentation.png,0,,d3a4856b5a5437a9,544,val
ISIC_0006711,/root/derm_pilot_v100/data/isic2018_raw/ISIC2018_Task1-2_Training_Input/ISIC_0006711.jpg,/root/isic_overlap_pilot_self_contained/data/isic2018/raw/task1_masks/ISIC2018_Task1_Training_GroundTruth/ISIC_0006711_segmentation.png,0,,d15285d53131d7ce,545,train
ISIC_0006776,/root/derm_pilot_v100/data/isic2018_raw/ISIC2018_Task1-2_Training_Input/ISIC_0006776.jpg,/root/isic_overlap_pilot_self_contained/data/isic2018/raw/task1_masks/ISIC2018_Task1_Training_GroundTruth/ISIC_0006776_segmentation.png,0,,a15f5894712d8cf9,546,train
ISIC_0006795,/root/derm_pilot_v100/data/isic2018_raw/ISIC2018_Task1-2_Training_Input/ISIC_0006795.jpg,/root/isic_overlap_pilot_self_contained/data/isic2018/raw/task1_masks/ISIC2018_Task1_Training_GroundTruth/ISIC_0006795_segmentation.png,0,,f9150d1411bd18ff,547,train
ISIC_0006800,/root/derm_pilot_v100/data/isic2018_raw/ISIC2018_Task1-2_Training_Input/ISIC_0006800.jpg,/root/isic_overlap_pilot_self_contained/data/isic2018/raw/task1_masks/ISIC2018_Task1_Training_GroundTruth/ISIC_0006800_segmentation.png,0,,a760d8dd73278c92,548,train
ISIC_0006815,/root/derm_pilot_v100/data/isic2018_raw/ISIC2018_Task1-2_Training_Input/ISIC_0006815.jpg,/root/isic_overlap_pilot_self_contained/data/isic2018/raw/task1_masks/ISIC2018_Task1_Training_GroundTruth/ISIC_0006815_segmentation.png,0,,a55555d555575544,458,train
ISIC_0006914,/root/derm_pilot_v100/data/isic2018_raw/ISIC2018_Task1-2_Training_Input/ISIC_0006914.jpg,/root/isic_overlap_pilot_self_contained/data/isic2018/raw/task1_masks/ISIC2018_Task1_Training_GroundTruth/ISIC_0006914_segmentation.png,0,,f195cccc303391cf,549,test
ISIC_0006940,/root/derm_pilot_v100/data/isic2018_raw/ISIC2018_Task1-2_Training_Input/ISIC_0006940.jpg,/root/isic_overlap_pilot_self_contained/data/isic2018/raw/task1_masks/ISIC2018_Task1_Training_GroundTruth/ISIC_0006940_segmentation.png,0,,87d0d166519e455f,550,train
ISIC_0006982,/root/derm_pilot_v100/data/isic2018_raw/ISIC2018_Task1-2_Training_Input/ISIC_0006982.jpg,/root/isic_overlap_pilot_self_contained/data/isic2018/raw/task1_masks/ISIC2018_Task1_Training_GroundTruth/ISIC_0006982_segmentation.png,0,,9122c53d3ad555ae,551,train
ISIC_0007038,/root/derm_pilot_v100/data/isic2018_raw/ISIC2018_Task1-2_Training_Input/ISIC_0007038.jpg,/root/isic_overlap_pilot_self_contained/data/isic2018/raw/task1_masks/ISIC2018_Task1_Training_GroundTruth/ISIC_0007038_segmentation.png,0,,85550855552b9ddf,552,train
ISIC_0007087,/root/derm_pilot_v100/data/isic2018_raw/ISIC2018_Task1-2_Training_Input/ISIC_0007087.jpg,/root/isic_overlap_pilot_self_contained/data/isic2018/raw/task1_masks/ISIC2018_Task1_Training_GroundTruth/ISIC_0007087_segmentation.png,0,,b36bce8c5146e331,553,test
ISIC_0007141,/root/derm_pilot_v100/data/isic2018_raw/ISIC2018_Task1-2_Training_Input/ISIC_0007141.jpg,/root/isic_overlap_pilot_self_contained/data/isic2018/raw/task1_masks/ISIC2018_Task1_Training_GroundTruth/ISIC_0007141_segmentation.png,0,,e4d9928964fff500,554,val
ISIC_0007156,/root/derm_pilot_v100/data/isic2018_raw/ISIC2018_Task1-2_Training_Input/ISIC_0007156.jpg,/root/isic_overlap_pilot_self_contained/data/isic2018/raw/task1_masks/ISIC2018_Task1_Training_GroundTruth/ISIC_0007156_segmentation.png,0,,d1a98eca3155cec5,555,test
ISIC_0007241,/root/derm_pilot_v100/data/isic2018_raw/ISIC2018_Task1-2_Training_Input/ISIC_0007241.jpg,/root/isic_overlap_pilot_self_contained/data/isic2018/raw/task1_masks/ISIC2018_Task1_Training_GroundTruth/ISIC_0007241_segmentation.png,0,,b1f34ccc3133c6cc,1,test
ISIC_0007322,/root/derm_pilot_v100/data/isic2018_raw/ISIC2018_Task1-2_Training_Input/ISIC_0007322.jpg,/root/isic_overlap_pilot_self_contained/data/isic2018/raw/task1_masks/ISIC2018_Task1_Training_GroundTruth/ISIC_0007322_segmentation.png,0,,d1b594cd355b5542,556,train
ISIC_0007332,/root/derm_pilot_v100/data/isic2018_raw/ISIC2018_Task1-2_Training_Input/ISIC_0007332.jpg,/root/isic_overlap_pilot_self_contained/data/isic2018/raw/task1_masks/ISIC2018_Task1_Training_GroundTruth/ISIC_0007332_segmentation.png,0,,b196c63931cece70,557,train
ISIC_0007344,/root/derm_pilot_v100/data/isic2018_raw/ISIC2018_Task1-2_Training_Input/ISIC_0007344.jpg,/root/isic_overlap_pilot_self_contained/data/isic2018/raw/task1_masks/ISIC2018_Task1_Training_GroundTruth/ISIC_0007344_segmentation.png,0,,9cc3433cc7a53de0,558,test
ISIC_0007475,/root/derm_pilot_v100/data/isic2018_raw/ISIC2018_Task1-2_Training_Input/ISIC_0007475.jpg,/root/isic_overlap_pilot_self_contained/data/isic2018/raw/task1_masks/ISIC2018_Task1_Training_GroundTruth/ISIC_0007475_segmentation.png,0,,d25a8dc53231d5ab,559,train
ISIC_0007528,/root/derm_pilot_v100/data/isic2018_raw/ISIC2018_Task1-2_Training_Input/ISIC_0007528.jpg,/root/isic_overlap_pilot_self_contained/data/isic2018/raw/task1_masks/ISIC2018_Task1_Training_GroundTruth/ISIC_0007528_segmentation.png,0,,c34b8c9473339cdc,560,train
ISIC_0007557,/root/derm_pilot_v100/data/isic2018_raw/ISIC2018_Task1-2_Training_Input/ISIC_0007557.jpg,/root/isic_overlap_pilot_self_contained/data/isic2018/raw/task1_masks/ISIC2018_Task1_Training_GroundTruth/ISIC_0007557_segmentation.png,0,,d4df892622fb5388,561,train
ISIC_0007693,/root/derm_pilot_v100/data/isic2018_raw/ISIC2018_Task1-2_Training_Input/ISIC_0007693.jpg,/root/isic_overlap_pilot_self_contained/data/isic2018/raw/task1_masks/ISIC2018_Task1_Training_GroundTruth/ISIC_0007693_segmentation.png,0,,c2bc599b27ce0d91,562,train
ISIC_0007760,/root/derm_pilot_v100/data/isic2018_raw/ISIC2018_Task1-2_Training_Input/ISIC_0007760.jpg,/root/isic_overlap_pilot_self_contained/data/isic2018/raw/task1_masks/ISIC2018_Task1_Training_GroundTruth/ISIC_0007760_segmentation.png,0,,9c5dc3c73d31c4a8,563,test
ISIC_0007788,/root/derm_pilot_v100/data/isic2018_raw/ISIC2018_Task1-2_Training_Input/ISIC_0007788.jpg,/root/isic_overlap_pilot_self_contained/data/isic2018/raw/task1_masks/ISIC2018_Task1_Training_GroundTruth/ISIC_0007788_segmentation.png,0,,d146463107cf0ef7,564,val
ISIC_0007796,/root/derm_pilot_v100/data/isic2018_raw/ISIC2018_Task1-2_Training_Input/ISIC_0007796.jpg,/root/isic_overlap_pilot_self_contained/data/isic2018/raw/task1_masks/ISIC2018_Task1_Training_GroundTruth/ISIC_0007796_segmentation.png,0,,9133ccce3133ccce,1,test
ISIC_0008029,/root/derm_pilot_v100/data/isic2018_raw/ISIC2018_Task1-2_Training_Input/ISIC_0008029.jpg,/root/isic_overlap_pilot_self_contained/data/isic2018/raw/task1_masks/ISIC2018_Task1_Training_GroundTruth/ISIC_0008029_segmentation.png,0,,b131c6cd3131c7ce,1,test
ISIC_0008116,/root/derm_pilot_v100/data/isic2018_raw/ISIC2018_Task1-2_Training_Input/ISIC_0008116.jpg,/root/isic_overlap_pilot_self_contained/data/isic2018/raw/task1_masks/ISIC2018_Task1_Training_GroundTruth/ISIC_0008116_segmentation.png,0,,d821c74e3d712dc5,565,train
ISIC_0008145,/root/derm_pilot_v100/data/isic2018_raw/ISIC2018_Task1-2_Training_Input/ISIC_0008145.jpg,/root/isic_overlap_pilot_self_contained/data/isic2018/raw/task1_masks/ISIC2018_Task1_Training_GroundTruth/ISIC_0008145_segmentation.png,0,,d4afa95700a52aeb,566,val
ISIC_0008207,/root/derm_pilot_v100/data/isic2018_raw/ISIC2018_Task1-2_Training_Input/ISIC_0008207.jpg,/root/isic_overlap_pilot_self_contained/data/isic2018/raw/task1_masks/ISIC2018_Task1_Training_GroundTruth/ISIC_0008207_segmentation.png,0,,a1a9c4ce753155ce,567,train
ISIC_0008236,/root/derm_pilot_v100/data/isic2018_raw/ISIC2018_Task1-2_Training_Input/ISIC_0008236.jpg,/root/isic_overlap_pilot_self_contained/data/isic2018/raw/task1_masks/ISIC2018_Task1_Training_GroundTruth/ISIC_0008236_segmentation.png,0,,d4aa85ab44ae51bb,568,train
ISIC_0008256,/root/derm_pilot_v100/data/isic2018_raw/ISIC2018_Task1-2_Training_Input/ISIC_0008256.jpg,/root/isic_overlap_pilot_self_contained/data/isic2018/raw/task1_masks/ISIC2018_Task1_Training_GroundTruth/ISIC_0008256_segmentation.png,0,,d6a585cb2253d95c,569,test
ISIC_0008280,/root/derm_pilot_v100/data/isic2018_raw/ISIC2018_Task1-2_Training_Input/ISIC_0008280.jpg,/root/isic_overlap_pilot_self_contained/data/isic2018/raw/task1_masks/ISIC2018_Task1_Training_GroundTruth/ISIC_0008280_segmentation.png,0,,c8b283a71d7c5b43,570,train
ISIC_0008294,/root/derm_pilot_v100/data/isic2018_raw/ISIC2018_Task1-2_Training_Input/ISIC_0008294.jpg,/root/isic_overlap_pilot_self_contained/data/isic2018/raw/task1_masks/ISIC2018_Task1_Training_GroundTruth/ISIC_0008294_segmentation.png,0,,d6a789d9226254dd,571,train
ISIC_0008347,/root/derm_pilot_v100/data/isic2018_raw/ISIC2018_Task1-2_Training_Input/ISIC_0008347.jpg,/root/isic_overlap_pilot_self_contained/data/isic2018/raw/task1_masks/ISIC2018_Task1_Training_GroundTruth/ISIC_0008347_segmentation.png,0,,d2ada56a00de1577,572,val
ISIC_0008396,/root/derm_pilot_v100/data/isic2018_raw/ISIC2018_Task1-2_Training_Input/ISIC_0008396.jpg,/root/isic_overlap_pilot_self_contained/data/isic2018/raw/task1_masks/ISIC2018_Task1_Training_GroundTruth/ISIC_0008396_segmentation.png,0,,d5aa555551555555,573,train
ISIC_0008403,/root/derm_pilot_v100/data/isic2018_raw/ISIC2018_Task1-2_Training_Input/ISIC_0008403.jpg,/root/isic_overlap_pilot_self_contained/data/isic2018/raw/task1_masks/ISIC2018_Task1_Training_GroundTruth/ISIC_0008403_segmentation.png,0,,da38a5c3ad3f2838,574,train
ISIC_0008406,/root/derm_pilot_v100/data/isic2018_raw/ISIC2018_Task1-2_Training_Input/ISIC_0008406.jpg,/root/isic_overlap_pilot_self_contained/data/isic2018/raw/task1_masks/ISIC2018_Task1_Training_GroundTruth/ISIC_0008406_segmentation.png,0,,c455955495c7955d,575,train
ISIC_0008507,/root/derm_pilot_v100/data/isic2018_raw/ISIC2018_Task1-2_Training_Input/ISIC_0008507.jpg,/root/isic_overlap_pilot_self_contained/data/isic2018/raw/task1_masks/ISIC2018_Task1_Training_GroundTruth/ISIC_0008507_segmentation.png,0,,d115d56d717ac44a,576,train
ISIC_0008524,/root/derm_pilot_v100/data/isic2018_raw/ISIC2018_Task1-2_Training_Input/ISIC_0008524.jpg,/root/isic_overlap_pilot_self_contained/data/isic2018/raw/task1_masks/ISIC2018_Task1_Training_GroundTruth/ISIC_0008524_segmentation.png,0,,d1eb84fa11ae44ae,577,train
ISIC_0008528,/root/derm_pilot_v100/data/isic2018_raw/ISIC2018_Task1-2_Training_Input/ISIC_0008528.jpg,/root/isic_overlap_pilot_self_contained/data/isic2018/raw/task1_masks/ISIC2018_Task1_Training_GroundTruth/ISIC_0008528_segmentation.png,0,,d1d7c61d117510d7,578,test
ISIC_0008541,/root/derm_pilot_v100/data/isic2018_raw/ISIC2018_Task1-2_Training_Input/ISIC_0008541.jpg,/root/isic_overlap_pilot_self_contained/data/isic2018/raw/task1_masks/ISIC2018_Task1_Training_GroundTruth/ISIC_0008541_segmentation.png,0,,d55588a577888d75,579,val
ISIC_0008552,/root/derm_pilot_v100/data/isic2018_raw/ISIC2018_Task1-2_Training_Input/ISIC_0008552.jpg,/root/isic_overlap_pilot_self_contained/data/isic2018/raw/task1_masks/ISIC2018_Task1_Training_GroundTruth/ISIC_0008552_segmentation.png,0,,d054a55529adceab,580,train
ISIC_0008600,/root/derm_pilot_v100/data/isic2018_raw/ISIC2018_Task1-2_Training_Input/ISIC_0008600.jpg,/root/isic_overlap_pilot_self_contained/data/isic2018/raw/task1_masks/ISIC2018_Task1_Training_GroundTruth/ISIC_0008600_segmentation.png,0,,905cc663257739dc,581,val
ISIC_0008626,/root/derm_pilot_v100/data/isic2018_raw/ISIC2018_Task1-2_Training_Input/ISIC_0008626.jpg,/root/isic_overlap_pilot_self_contained/data/isic2018/raw/task1_masks/ISIC2018_Task1_Training_GroundTruth/ISIC_0008626_segmentation.png,0,,d556c53955ce4133,582,train
ISIC_0008659,/root/derm_pilot_v100/data/isic2018_raw/ISIC2018_Task1-2_Training_Input/ISIC_0008659.jpg,/root/isic_overlap_pilot_self_contained/data/isic2018/raw/task1_masks/ISIC2018_Task1_Training_GroundTruth/ISIC_0008659_segmentation.png,0,,d0a5047350df157f,583,train
ISIC_0008785,/root/derm_pilot_v100/data/isic2018_raw/ISIC2018_Task1-2_Training_Input/ISIC_0008785.jpg,/root/isic_overlap_pilot_self_contained/data/isic2018/raw/task1_masks/ISIC2018_Task1_Training_GroundTruth/ISIC_0008785_segmentation.png,0,,9c56e1f03d05caec,584,train
ISIC_0008807,/root/derm_pilot_v100/data/isic2018_raw/ISIC2018_Task1-2_Training_Input/ISIC_0008807.jpg,/root/isic_overlap_pilot_self_contained/data/isic2018/raw/task1_masks/ISIC2018_Task1_Training_GroundTruth/ISIC_0008807_segmentation.png,0,,d1d5d47115c55571,585,train
ISIC_0008879,/root/derm_pilot_v100/data/isic2018_raw/ISIC2018_Task1-2_Training_Input/ISIC_0008879.jpg,/root/isic_overlap_pilot_self_contained/data/isic2018/raw/task1_masks/ISIC2018_Task1_Training_GroundTruth/ISIC_0008879_segmentation.png,0,,d1d584543173ccdd,510,train
ISIC_0008913,/root/derm_pilot_v100/data/isic2018_raw/ISIC2018_Task1-2_Training_Input/ISIC_0008913.jpg,/root/isic_overlap_pilot_self_contained/data/isic2018/raw/task1_masks/ISIC2018_Task1_Training_GroundTruth/ISIC_0008913_segmentation.png,0,,f4a09d8d5527558b,586,test
ISIC_0008992,/root/derm_pilot_v100/data/isic2018_raw/ISIC2018_Task1-2_Training_Input/ISIC_0008992.jpg,/root/isic_overlap_pilot_self_contained/data/isic2018/raw/task1_masks/ISIC2018_Task1_Training_GroundTruth/ISIC_0008992_segmentation.png,0,,f5d487a954525555,587,test
ISIC_0008993,/root/derm_pilot_v100/data/isic2018_raw/ISIC2018_Task1-2_Training_Input/ISIC_0008993.jpg,/root/isic_overlap_pilot_self_contained/data/isic2018/raw/task1_masks/ISIC2018_Task1_Training_GroundTruth/ISIC_0008993_segmentation.png,0,,d19b4ccd313346dc,1,test
ISIC_0008998,/root/derm_pilot_v100/data/isic2018_raw/ISIC2018_Task1-2_Training_Input/ISIC_0008998.jpg,/root/isic_overlap_pilot_self_contained/data/isic2018/raw/task1_masks/ISIC2018_Task1_Training_GroundTruth/ISIC_0008998_segmentation.png,0,,f591c56d1d745154,588,train
ISIC_0009035,/root/derm_pilot_v100/data/isic2018_raw/ISIC2018_Task1-2_Training_Input/ISIC_0009035.jpg,/root/isic_overlap_pilot_self_contained/data/isic2018/raw/task1_masks/ISIC2018_Task1_Training_GroundTruth/ISIC_0009035_segmentation.png,0,,f139c4cf54ce5550,589,train
ISIC_0009078,/root/derm_pilot_v100/data/isic2018_raw/ISIC2018_Task1-2_Training_Input/ISIC_0009078.jpg,/root/isic_overlap_pilot_self_contained/data/isic2018/raw/task1_masks/ISIC2018_Task1_Training_GroundTruth/ISIC_0009078_segmentation.png,0,,d35a8c5633adcc23,590,train
ISIC_0009083,/root/derm_pilot_v100/data/isic2018_raw/ISIC2018_Task1-2_Training_Input/ISIC_0009083.jpg,/root/isic_overlap_pilot_self_contained/data/isic2018/raw/task1_masks/ISIC2018_Task1_Training_GroundTruth/ISIC_0009083_segmentation.png,0,,d07a84be50ab55ea,591,test
ISIC_0009160,/root/derm_pilot_v100/data/isic2018_raw/ISIC2018_Task1-2_Training_Input/ISIC_0009160.jpg,/root/isic_overlap_pilot_self_contained/data/isic2018/raw/task1_masks/ISIC2018_Task1_Training_GroundTruth/ISIC_0009160_segmentation.png,0,,e6661999998d6566,592,test
ISIC_0009165,/root/derm_pilot_v100/data/isic2018_raw/ISIC2018_Task1-2_Training_Input/ISIC_0009165.jpg,/root/isic_overlap_pilot_self_contained/data/isic2018/raw/task1_masks/ISIC2018_Task1_Training_GroundTruth/ISIC_0009165_segmentation.png,0,,c68a9926749955af,593,train
ISIC_0009188,/root/derm_pilot_v100/data/isic2018_raw/ISIC2018_Task1-2_Training_Input/ISIC_0009188.jpg,/root/isic_overlap_pilot_self_contained/data/isic2018/raw/task1_masks/ISIC2018_Task1_Training_GroundTruth/ISIC_0009188_segmentation.png,0,,d5d5555555545551,458,train
ISIC_0009201,/root/derm_pilot_v100/data/isic2018_raw/ISIC2018_Task1-2_Training_Input/ISIC_0009201.jpg,/root/isic_overlap_pilot_self_contained/data/isic2018/raw/task1_masks/ISIC2018_Task1_Training_GroundTruth/ISIC_0009201_segmentation.png,0,,f1c68e5530aa555d,594,train
ISIC_0009252,/root/derm_pilot_v100/data/isic2018_raw/ISIC2018_Task1-2_Training_Input/ISIC_0009252.jpg,/root/isic_overlap_pilot_self_contained/data/isic2018/raw/task1_masks/ISIC2018_Task1_Training_GroundTruth/ISIC_0009252_segmentation.png,0,,b8c7c73815c705ba,595,train
ISIC_0009297,/root/derm_pilot_v100/data/isic2018_raw/ISIC2018_Task1-2_Training_Input/ISIC_0009297.jpg,/root/isic_overlap_pilot_self_contained/data/isic2018/raw/task1_masks/ISIC2018_Task1_Training_GroundTruth/ISIC_0009297_segmentation.png,0,,f700847131df8c77,596,train
ISIC_0009298,/root/derm_pilot_v100/data/isic2018_raw/ISIC2018_Task1-2_Training_Input/ISIC_0009298.jpg,/root/isic_overlap_pilot_self_contained/data/isic2018/raw/task1_masks/ISIC2018_Task1_Training_GroundTruth/ISIC_0009298_segmentation.png,0,,b19e463107c731dd,597,val
ISIC_0009344,/root/derm_pilot_v100/data/isic2018_raw/ISIC2018_Task1-2_Training_Input/ISIC_0009344.jpg,/root/isic_overlap_pilot_self_contained/data/isic2018/raw/task1_masks/ISIC2018_Task1_Training_GroundTruth/ISIC_0009344_segmentation.png,0,,b15554d4557155dc,598,train
ISIC_0009430,/root/derm_pilot_v100/data/isic2018_raw/ISIC2018_Task1-2_Training_Input/ISIC_0009430.jpg,/root/isic_overlap_pilot_self_contained/data/isic2018/raw/task1_masks/ISIC2018_Task1_Training_GroundTruth/ISIC_0009430_segmentation.png,0,,b9a9c6ce317203d5,599,train
ISIC_0009504,/root/derm_pilot_v100/data/isic2018_raw/ISIC2018_Task1-2_Training_Input/ISIC_0009504.jpg,/root/isic_overlap_pilot_self_contained/data/isic2018/raw/task1_masks/ISIC2018_Task1_Training_GroundTruth/ISIC_0009504_segmentation.png,0,,b3949c73758c4473,600,test
ISIC_0009533,/root/derm_pilot_v100/data/isic2018_raw/ISIC2018_Task1-2_Training_Input/ISIC_0009533.jpg,/root/isic_overlap_pilot_self_contained/data/isic2018/raw/task1_masks/ISIC2018_Task1_Training_GroundTruth/ISIC_0009533_segmentation.png,0,,f30104dc167f1577,601,train
ISIC_0009564,/root/derm_pilot_v100/data/isic2018_raw/ISIC2018_Task1-2_Training_Input/ISIC_0009564.jpg,/root/isic_overlap_pilot_self_contained/data/isic2018/raw/task1_masks/ISIC2018_Task1_Training_GroundTruth/ISIC_0009564_segmentation.png,0,,957304cc55735576,602,train
ISIC_0009583,/root/derm_pilot_v100/data/isic2018_raw/ISIC2018_Task1-2_Training_Input/ISIC_0009583.jpg,/root/isic_overlap_pilot_self_contained/data/isic2018/raw/task1_masks/ISIC2018_Task1_Training_GroundTruth/ISIC_0009583_segmentation.png,0,,d555455551555557,458,train
ISIC_0009599,/root/derm_pilot_v100/data/isic2018_raw/ISIC2018_Task1-2_Training_Input/ISIC_0009599.jpg,/root/isic_overlap_pilot_self_contained/data/isic2018/raw/task1_masks/ISIC2018_Task1_Training_GroundTruth/ISIC_0009599_segmentation.png,0,,d1d5cc3173c55155,603,val
ISIC_0009758,/root/derm_pilot_v100/data/isic2018_raw/ISIC2018_Task1-2_Training_Input/ISIC_0009758.jpg,/root/isic_overlap_pilot_self_contained/data/isic2018/raw/task1_masks/ISIC2018_Task1_Training_GroundTruth/ISIC_0009758_segmentation.png,0,,d9498d8652b9b556,604,train
ISIC_0009800,/root/derm_pilot_v100/data/isic2018_raw/ISIC2018_Task1-2_Training_Input/ISIC_0009800.jpg,/root/isic_overlap_pilot_self_contained/data/isic2018/raw/task1_masks/ISIC2018_Task1_Training_GroundTruth/ISIC_0009800_segmentation.png,0,,b1a3cc47313cc53d,605,test
ISIC_0009860,/root/derm_pilot_v100/data/isic2018_raw/ISIC2018_Task1-2_Training_Input/ISIC_0009860.jpg,/root/isic_overlap_pilot_self_contained/data/isic2018/raw/task1_masks/ISIC2018_Task1_Training_GroundTruth/ISIC_0009860_segmentation.png,0,,8477dd0055df5564,606,train
ISIC_0009868,/root/derm_pilot_v100/data/isic2018_raw/ISIC2018_Task1-2_Training_Input/ISIC_0009868.jpg,/root/isic_overlap_pilot_self_contained/data/isic2018/raw/task1_masks/ISIC2018_Task1_Training_GroundTruth/ISIC_0009868_segmentation.png,1,,f306cc3033c766d9,607,train
ISIC_0009869,/root/derm_pilot_v100/data/isic2018_raw/ISIC2018_Task1-2_Training_Input/ISIC_0009869.jpg,/root/isic_overlap_pilot_self_contained/data/isic2018/raw/task1_masks/ISIC2018_Task1_Training_GroundTruth/ISIC_0009869_segmentation.png,0,,d7180d6637994c76,608,train
ISIC_0009873,/root/derm_pilot_v100/data/isic2018_raw/ISIC2018_Task1-2_Training_Input/ISIC_0009873.jpg,/root/isic_overlap_pilot_self_contained/data/isic2018/raw/task1_masks/ISIC2018_Task1_Training_GroundTruth/ISIC_0009873_segmentation.png,0,,9461c71f74c93c3c,609,train
ISIC_0009874,/root/derm_pilot_v100/data/isic2018_raw/ISIC2018_Task1-2_Training_Input/ISIC_0009874.jpg,/root/isic_overlap_pilot_self_contained/data/isic2018/raw/task1_masks/ISIC2018_Task1_Training_GroundTruth/ISIC_0009874_segmentation.png,0,,b163cccc3232cf99,1,test
ISIC_0009875,/root/derm_pilot_v100/data/isic2018_raw/ISIC2018_Task1-2_Training_Input/ISIC_0009875.jpg,/root/isic_overlap_pilot_self_contained/data/isic2018/raw/task1_masks/ISIC2018_Task1_Training_GroundTruth/ISIC_0009875_segmentation.png,0,,f5cf983067693892,610,train
ISIC_0009877,/root/derm_pilot_v100/data/isic2018_raw/ISIC2018_Task1-2_Training_Input/ISIC_0009877.jpg,/root/isic_overlap_pilot_self_contained/data/isic2018/raw/task1_masks/ISIC2018_Task1_Training_GroundTruth/ISIC_0009877_segmentation.png,0,,b033cfcd781c23e1,611,test
ISIC_0009879,/root/derm_pilot_v100/data/isic2018_raw/ISIC2018_Task1-2_Training_Input/ISIC_0009879.jpg,/root/isic_overlap_pilot_self_contained/data/isic2018/raw/task1_masks/ISIC2018_Task1_Training_GroundTruth/ISIC_0009879_segmentation.png,0,,c4389bc767663899,612,test
ISIC_0009880,/root/derm_pilot_v100/data/isic2018_raw/ISIC2018_Task1-2_Training_Input/ISIC_0009880.jpg,/root/isic_overlap_pilot_self_contained/data/isic2018/raw/task1_masks/ISIC2018_Task1_Training_GroundTruth/ISIC_0009880_segmentation.png,0,,903bc1c51e3e3373,613,val
ISIC_0009881,/root/derm_pilot_v100/data/isic2018_raw/ISIC2018_Task1-2_Training_Input/ISIC_0009881.jpg,/root/isic_overlap_pilot_self_contained/data/isic2018/raw/task1_masks/ISIC2018_Task1_Training_GroundTruth/ISIC_0009881_segmentation.png,0,,f331ccce64cc3172,207,train
ISIC_0009883,/root/derm_pilot_v100/data/isic2018_raw/ISIC2018_Task1-2_Training_Input/ISIC_0009883.jpg,/root/isic_overlap_pilot_self_contained/data/isic2018/raw/task1_masks/ISIC2018_Task1_Training_GroundTruth/ISIC_0009883_segmentation.png,0,,f3c8cc3361c7329c,614,train
ISIC_0009884,/root/derm_pilot_v100/data/isic2018_raw/ISIC2018_Task1-2_Training_Input/ISIC_0009884.jpg,/root/isic_overlap_pilot_self_contained/data/isic2018/raw/task1_masks/ISIC2018_Task1_Training_GroundTruth/ISIC_0009884_segmentation.png,0,,938ccc7373cc1b68,615,val
ISIC_0009885,/root/derm_pilot_v100/data/isic2018_raw/ISIC2018_Task1-2_Training_Input/ISIC_0009885.jpg,/root/isic_overlap_pilot_self_contained/data/isic2018/raw/task1_masks/ISIC2018_Task1_Training_GroundTruth/ISIC_0009885_segmentation.png,0,,c62699996666999b,135,val
ISIC_0009888,/root/derm_pilot_v100/data/isic2018_raw/ISIC2018_Task1-2_Training_Input/ISIC_0009888.jpg,/root/isic_overlap_pilot_self_contained/data/isic2018/raw/task1_masks/ISIC2018_Task1_Training_GroundTruth/ISIC_0009888_segmentation.png,0,,91445d3377cc5936,616,test
ISIC_0009889,/root/derm_pilot_v100/data/isic2018_raw/ISIC2018_Task1-2_Training_Input/ISIC_0009889.jpg,/root/isic_overlap_pilot_self_contained/data/isic2018/raw/task1_masks/ISIC2018_Task1_Training_GroundTruth/ISIC_0009889_segmentation.png,0,,931c4c7333dd4c33,9,train
ISIC_0009891,/root/derm_pilot_v100/data/isic2018_raw/ISIC2018_Task1-2_Training_Input/ISIC_0009891.jpg,/root/isic_overlap_pilot_self_contained/data/isic2018/raw/task1_masks/ISIC2018_Task1_Training_GroundTruth/ISIC_0009891_segmentation.png,0,,9430cfcf65181a77,617,val
ISIC_0009895,/root/derm_pilot_v100/data/isic2018_raw/ISIC2018_Task1-2_Training_Input/ISIC_0009895.jpg,/root/isic_overlap_pilot_self_contained/data/isic2018/raw/task1_masks/ISIC2018_Task1_Training_GroundTruth/ISIC_0009895_segmentation.png,0,,e6998d7159ad8346,618,test
ISIC_0009896,/root/derm_pilot_v100/data/isic2018_raw/ISIC2018_Task1-2_Training_Input/ISIC_0009896.jpg,/root/isic_overlap_pilot_self_contained/data/isic2018/raw/task1_masks/ISIC2018_Task1_Training_GroundTruth/ISIC_0009896_segmentation.png,0,,e51b986c3331669b,619,train
ISIC_0009897,/root/derm_pilot_v100/data/isic2018_raw/ISIC2018_Task1-2_Training_Input/ISIC_0009897.jpg,/root/isic_overlap_pilot_self_contained/data/isic2018/raw/task1_masks/ISIC2018_Task1_Training_GroundTruth/ISIC_0009897_segmentation.png,1,,edcec5071ae19a19,620,train
ISIC_0009898,/root/derm_pilot_v100/data/isic2018_raw/ISIC2018_Task1-2_Training_Input/ISIC_0009898.jpg,/root/isic_overlap_pilot_self_contained/data/isic2018/raw/task1_masks/ISIC2018_Task1_Training_GroundTruth/ISIC_0009898_segmentation.png,1,,b131ccce66f25172,621,val
ISIC_0009899,/root/derm_pilot_v100/data/isic2018_raw/ISIC2018_Task1-2_Training_Input/ISIC_0009899.jpg,/root/isic_overlap_pilot_self_contained/data/isic2018/raw/task1_masks/ISIC2018_Task1_Training_GroundTruth/ISIC_0009899_segmentation.png,0,,c1315ac74d6d6693,622,train
ISIC_0009901,/root/derm_pilot_v100/data/isic2018_raw/ISIC2018_Task1-2_Training_Input/ISIC_0009901.jpg,/root/isic_overlap_pilot_self_contained/data/isic2018/raw/task1_masks/ISIC2018_Task1_Training_GroundTruth/ISIC_0009901_segmentation.png,0,,f48dcb924d2396cc,623,val
ISIC_0009902,/root/derm_pilot_v100/data/isic2018_raw/ISIC2018_Task1-2_Training_Input/ISIC_0009902.jpg,/root/isic_overlap_pilot_self_contained/data/isic2018/raw/task1_masks/ISIC2018_Task1_Training_GroundTruth/ISIC_0009902_segmentation.png,0,,f1c4cc31477139e6,624,test
ISIC_0009904,/root/derm_pilot_v100/data/isic2018_raw/ISIC2018_Task1-2_Training_Input/ISIC_0009904.jpg,/root/isic_overlap_pilot_self_contained/data/isic2018/raw/task1_masks/ISIC2018_Task1_Training_GroundTruth/ISIC_0009904_segmentation.png,0,,e196c669cc65988f,625,val
ISIC_0009906,/root/derm_pilot_v100/data/isic2018_raw/ISIC2018_Task1-2_Training_Input/ISIC_0009906.jpg,/root/isic_overlap_pilot_self_contained/data/isic2018/raw/task1_masks/ISIC2018_Task1_Training_GroundTruth/ISIC_0009906_segmentation.png,0,,e095976ad87279a4,626,test
ISIC_0009909,/root/derm_pilot_v100/data/isic2018_raw/ISIC2018_Task1-2_Training_Input/ISIC_0009909.jpg,/root/isic_overlap_pilot_self_contained/data/isic2018/raw/task1_masks/ISIC2018_Task1_Training_GroundTruth/ISIC_0009909_segmentation.png,0,,d2cccc3232da4dcd,627,train
ISIC_0009910,/root/derm_pilot_v100/data/isic2018_raw/ISIC2018_Task1-2_Training_Input/ISIC_0009910.jpg,/root/isic_overlap_pilot_self_contained/data/isic2018/raw/task1_masks/ISIC2018_Task1_Training_GroundTruth/ISIC_0009910_segmentation.png,1,,c893916e6bb1e456,628,train
ISIC_0009914,/root/derm_pilot_v100/data/isic2018_raw/ISIC2018_Task1-2_Training_Input/ISIC_0009914.jpg,/root/isic_overlap_pilot_self_contained/data/isic2018/raw/task1_masks/ISIC2018_Task1_Training_GroundTruth/ISIC_0009914_segmentation.png,0,,b0e6cd1932e333c6,629,train
ISIC_0009915,/root/derm_pilot_v100/data/isic2018_raw/ISIC2018_Task1-2_Training_Input/ISIC_0009915.jpg,/root/isic_overlap_pilot_self_contained/data/isic2018/raw/task1_masks/ISIC2018_Task1_Training_GroundTruth/ISIC_0009915_segmentation.png,0,,f4e5c29218d96367,630,train
ISIC_0009917,/root/derm_pilot_v100/data/isic2018_raw/ISIC2018_Task1-2_Training_Input/ISIC_0009917.jpg,/root/isic_overlap_pilot_self_contained/data/isic2018/raw/task1_masks/ISIC2018_Task1_Training_GroundTruth/ISIC_0009917_segmentation.png,0,,d14c4e3371d974c6,631,train
ISIC_0009918,/root/derm_pilot_v100/data/isic2018_raw/ISIC2018_Task1-2_Training_Input/ISIC_0009918.jpg,/root/isic_overlap_pilot_self_contained/data/isic2018/raw/task1_masks/ISIC2018_Task1_Training_GroundTruth/ISIC_0009918_segmentation.png,1,,e0cc95e194bc9ad6,632,train
ISIC_0009919,/root/derm_pilot_v100/data/isic2018_raw/ISIC2018_Task1-2_Training_Input/ISIC_0009919.jpg,/root/isic_overlap_pilot_self_contained/data/isic2018/raw/task1_masks/ISIC2018_Task1_Training_GroundTruth/ISIC_0009919_segmentation.png,0,,f1cccf232439698b,633,test
ISIC_0009920,/root/derm_pilot_v100/data/isic2018_raw/ISIC2018_Task1-2_Training_Input/ISIC_0009920.jpg,/root/isic_overlap_pilot_self_contained/data/isic2018/raw/task1_masks/ISIC2018_Task1_Training_GroundTruth/ISIC_0009920_segmentation.png,0,,c52798cb6b3170ea,634,test
ISIC_0009921,/root/derm_pilot_v100/data/isic2018_raw/ISIC2018_Task1-2_Training_Input/ISIC_0009921.jpg,/root/isic_overlap_pilot_self_contained/data/isic2018/raw/task1_masks/ISIC2018_Task1_Training_GroundTruth/ISIC_0009921_segmentation.png,0,,e56d9496885e5669,635,val
ISIC_0009923,/root/derm_pilot_v100/data/isic2018_raw/ISIC2018_Task1-2_Training_Input/ISIC_0009923.jpg,/root/isic_overlap_pilot_self_contained/data/isic2018/raw/task1_masks/ISIC2018_Task1_Training_GroundTruth/ISIC_0009923_segmentation.png,0,,b036cbc94c3e3363,636,train
ISIC_0009925,/root/derm_pilot_v100/data/isic2018_raw/ISIC2018_Task1-2_Training_Input/ISIC_0009925.jpg,/root/isic_overlap_pilot_self_contained/data/isic2018/raw/task1_masks/ISIC2018_Task1_Training_GroundTruth/ISIC_0009925_segmentation.png,0,,b08c9bf3660c19cf,637,test
ISIC_0009927,/root/derm_pilot_v100/data/isic2018_raw/ISIC2018_Task1-2_Training_Input/ISIC_0009927.jpg,/root/isic_overlap_pilot_self_contained/data/isic2018/raw/task1_masks/ISIC2018_Task1_Training_GroundTruth/ISIC_0009927_segmentation.png,1,,d5771199556e44cc,638,train
ISIC_0009928,/root/derm_pilot_v100/data/isic2018_raw/ISIC2018_Task1-2_Training_Input/ISIC_0009928.jpg,/root/isic_overlap_pilot_self_contained/data/isic2018/raw/task1_masks/ISIC2018_Task1_Training_GroundTruth/ISIC_0009928_segmentation.png,0,,ea5aa5a587958e92,639,train
ISIC_0009929,/root/derm_pilot_v100/data/isic2018_raw/ISIC2018_Task1-2_Training_Input/ISIC_0009929.jpg,/root/isic_overlap_pilot_self_contained/data/isic2018/raw/task1_masks/ISIC2018_Task1_Training_GroundTruth/ISIC_0009929_segmentation.png,0,,c449196666d9d976,640,train
ISIC_0009930,/root/derm_pilot_v100/data/isic2018_raw/ISIC2018_Task1-2_Training_Input/ISIC_0009930.jpg,/root/isic_overlap_pilot_self_contained/data/isic2018/raw/task1_masks/ISIC2018_Task1_Training_GroundTruth/ISIC_0009930_segmentation.png,0,,c40419d3667f19cf,641,train
ISIC_0009931,/root/derm_pilot_v100/data/isic2018_raw/ISIC2018_Task1-2_Training_Input/ISIC_0009931.jpg,/root/isic_overlap_pilot_self_contained/data/isic2018/raw/task1_masks/ISIC2018_Task1_Training_GroundTruth/ISIC_0009931_segmentation.png,0,,a1cc9ed3c93034cf,642,train
ISIC_0009932,/root/derm_pilot_v100/data/isic2018_raw/ISIC2018_Task1-2_Training_Input/ISIC_0009932.jpg,/root/isic_overlap_pilot_self_contained/data/isic2018/raw/task1_masks/ISIC2018_Task1_Training_GroundTruth/ISIC_0009932_segmentation.png,0,,b979c6962d69d130,643,train
ISIC_0009933,/root/derm_pilot_v100/data/isic2018_raw/ISIC2018_Task1-2_Training_Input/ISIC_0009933.jpg,/root/isic_overlap_pilot_self_contained/data/isic2018/raw/task1_masks/ISIC2018_Task1_Training_GroundTruth/ISIC_0009933_segmentation.png,0,,f234cdd73849631c,644,train
ISIC_0009934,/root/derm_pilot_v100/data/isic2018_raw/ISIC2018_Task1-2_Training_Input/ISIC_0009934.jpg,/root/isic_overlap_pilot_self_contained/data/isic2018/raw/task1_masks/ISIC2018_Task1_Training_GroundTruth/ISIC_0009934_segmentation.png,1,,ae8dc0dce7c0da8c,645,train
ISIC_0009935,/root/derm_pilot_v100/data/isic2018_raw/ISIC2018_Task1-2_Training_Input/ISIC_0009935.jpg,/root/isic_overlap_pilot_self_contained/data/isic2018/raw/task1_masks/ISIC2018_Task1_Training_GroundTruth/ISIC_0009935_segmentation.png,0,,b4ed990366cc9933,646,val
ISIC_0009936,/root/derm_pilot_v100/data/isic2018_raw/ISIC2018_Task1-2_Training_Input/ISIC_0009936.jpg,/root/isic_overlap_pilot_self_contained/data/isic2018/raw/task1_masks/ISIC2018_Task1_Training_GroundTruth/ISIC_0009936_segmentation.png,0,,c6cb1999266699d9,135,val
ISIC_0009937,/root/derm_pilot_v100/data/isic2018_raw/ISIC2018_Task1-2_Training_Input/ISIC_0009937.jpg,/root/isic_overlap_pilot_self_contained/data/isic2018/raw/task1_masks/ISIC2018_Task1_Training_GroundTruth/ISIC_0009937_segmentation.png,0,,c6e499f33664c8e1,647,test
ISIC_0009938,/root/derm_pilot_v100/data/isic2018_raw/ISIC2018_Task1-2_Training_Input/ISIC_0009938.jpg,/root/isic_overlap_pilot_self_contained/data/isic2018/raw/task1_masks/ISIC2018_Task1_Training_GroundTruth/ISIC_0009938_segmentation.png,0,,c5721a8f25dc325b,648,train
ISIC_0009939,/root/derm_pilot_v100/data/isic2018_raw/ISIC2018_Task1-2_Training_Input/ISIC_0009939.jpg,/root/isic_overlap_pilot_self_contained/data/isic2018/raw/task1_masks/ISIC2018_Task1_Training_GroundTruth/ISIC_0009939_segmentation.png,0,,e1e7963869a334ca,649,train
ISIC_0009940,/root/derm_pilot_v100/data/isic2018_raw/ISIC2018_Task1-2_Training_Input/ISIC_0009940.jpg,/root/isic_overlap_pilot_self_contained/data/isic2018/raw/task1_masks/ISIC2018_Task1_Training_GroundTruth/ISIC_0009940_segmentation.png,0,,fc1f93e0ca648e83,650,val
ISIC_0009941,/root/derm_pilot_v100/data/isic2018_raw/ISIC2018_Task1-2_Training_Input/ISIC_0009941.jpg,/root/isic_overlap_pilot_self_contained/data/isic2018/raw/task1_masks/ISIC2018_Task1_Training_GroundTruth/ISIC_0009941_segmentation.png,0,,e48b99ec71362699,651,train
ISIC_0009942,/root/derm_pilot_v100/data/isic2018_raw/ISIC2018_Task1-2_Training_Input/ISIC_0009942.jpg,/root/isic_overlap_pilot_self_contained/data/isic2018/raw/task1_masks/ISIC2018_Task1_Training_GroundTruth/ISIC_0009942_segmentation.png,0,,e4649a996dcc3627,652,test
ISIC_0009943,/root/derm_pilot_v100/data/isic2018_raw/ISIC2018_Task1-2_Training_Input/ISIC_0009943.jpg,/root/isic_overlap_pilot_self_contained/data/isic2018/raw/task1_masks/ISIC2018_Task1_Training_GroundTruth/ISIC_0009943_segmentation.png,0,,c6fb09cc7332268d,653,train
ISIC_0009944,/root/derm_pilot_v100/data/isic2018_raw/ISIC2018_Task1-2_Training_Input/ISIC_0009944.jpg,/root/isic_overlap_pilot_self_contained/data/isic2018/raw/task1_masks/ISIC2018_Task1_Training_GroundTruth/ISIC_0009944_segmentation.png,0,,e4b3994c66687653,654,train
ISIC_0009945,/root/derm_pilot_v100/data/isic2018_raw/ISIC2018_Task1-2_Training_Input/ISIC_0009945.jpg,/root/isic_overlap_pilot_self_contained/data/isic2018/raw/task1_masks/ISIC2018_Task1_Training_GroundTruth/ISIC_0009945_segmentation.png,0,,d1374ddc213654ab,655,train
ISIC_0009946,/root/derm_pilot_v100/data/isic2018_raw/ISIC2018_Task1-2_Training_Input/ISIC_0009946.jpg,/root/isic_overlap_pilot_self_contained/data/isic2018/raw/task1_masks/ISIC2018_Task1_Training_GroundTruth/ISIC_0009946_segmentation.png,0,,917c45db34c87732,656,test
ISIC_0009947,/root/derm_pilot_v100/data/isic2018_raw/ISIC2018_Task1-2_Training_Input/ISIC_0009947.jpg,/root/isic_overlap_pilot_self_contained/data/isic2018/raw/task1_masks/ISIC2018_Task1_Training_GroundTruth/ISIC_0009947_segmentation.png,0,,91cf4e3331d871c6,631,train
ISIC_0009948,/root/derm_pilot_v100/data/isic2018_raw/ISIC2018_Task1-2_Training_Input/ISIC_0009948.jpg,/root/isic_overlap_pilot_self_contained/data/isic2018/raw/task1_masks/ISIC2018_Task1_Training_GroundTruth/ISIC_0009948_segmentation.png,0,,b4dfc3298e38c165,657,train
ISIC_0009949,/root/derm_pilot_v100/data/isic2018_raw/ISIC2018_Task1-2_Training_Input/ISIC_0009949.jpg,/root/isic_overlap_pilot_self_contained/data/isic2018/raw/task1_masks/ISIC2018_Task1_Training_GroundTruth/ISIC_0009949_segmentation.png,0,,f399cc666c332631,658,train
ISIC_0009950,/root/derm_pilot_v100/data/isic2018_raw/ISIC2018_Task1-2_Training_Input/ISIC_0009950.jpg,/root/isic_overlap_pilot_self_contained/data/isic2018/raw/task1_masks/ISIC2018_Task1_Training_GroundTruth/ISIC_0009950_segmentation.png,1,,f0cbcb303cc3738c,659,val
ISIC_0009951,/root/derm_pilot_v100/data/isic2018_raw/ISIC2018_Task1-2_Training_Input/ISIC_0009951.jpg,/root/isic_overlap_pilot_self_contained/data/isic2018/raw/task1_masks/ISIC2018_Task1_Training_GroundTruth/ISIC_0009951_segmentation.png,0,,f18bcfcc18707383,660,train
ISIC_0009953,/root/derm_pilot_v100/data/isic2018_raw/ISIC2018_Task1-2_Training_Input/ISIC_0009953.jpg,/root/isic_overlap_pilot_self_contained/data/isic2018/raw/task1_masks/ISIC2018_Task1_Training_GroundTruth/ISIC_0009953_segmentation.png,0,,b920c29b4f6c32f6,661,train
ISIC_0009954,/root/derm_pilot_v100/data/isic2018_raw/ISIC2018_Task1-2_Training_Input/ISIC_0009954.jpg,/root/isic_overlap_pilot_self_contained/data/isic2018/raw/task1_masks/ISIC2018_Task1_Training_GroundTruth/ISIC_0009954_segmentation.png,0,,d61249d9269e65b9,662,val
ISIC_0009955,/root/derm_pilot_v100/data/isic2018_raw/ISIC2018_Task1-2_Training_Input/ISIC_0009955.jpg,/root/isic_overlap_pilot_self_contained/data/isic2018/raw/task1_masks/ISIC2018_Task1_Training_GroundTruth/ISIC_0009955_segmentation.png,1,,91cc4c317ece333c,663,train
ISIC_0009956,/root/derm_pilot_v100/data/isic2018_raw/ISIC2018_Task1-2_Training_Input/ISIC_0009956.jpg,/root/isic_overlap_pilot_self_contained/data/isic2018/raw/task1_masks/ISIC2018_Task1_Training_GroundTruth/ISIC_0009956_segmentation.png,0,,f4bcc3c32c9c3274,664,val
ISIC_0009958,/root/derm_pilot_v100/data/isic2018_raw/ISIC2018_Task1-2_Training_Input/ISIC_0009958.jpg,/root/isic_overlap_pilot_self_contained/data/isic2018/raw/task1_masks/ISIC2018_Task1_Training_GroundTruth/ISIC_0009958_segmentation.png,0,,e6d4d92527c99625,665,train
ISIC_0009960,/root/derm_pilot_v100/data/isic2018_raw/ISIC2018_Task1-2_Training_Input/ISIC_0009960.jpg,/root/isic_overlap_pilot_self_contained/data/isic2018/raw/task1_masks/ISIC2018_Task1_Training_GroundTruth/ISIC_0009960_segmentation.png,1,,d239d8dc23238ddc,666,test
ISIC_0009961,/root/derm_pilot_v100/data/isic2018_raw/ISIC2018_Task1-2_Training_Input/ISIC_0009961.jpg,/root/isic_overlap_pilot_self_contained/data/isic2018/raw/task1_masks/ISIC2018_Task1_Training_GroundTruth/ISIC_0009961_segmentation.png,0,,d590c73c4b653c96,667,train
ISIC_0009962,/root/derm_pilot_v100/data/isic2018_raw/ISIC2018_Task1-2_Training_Input/ISIC_0009962.jpg,/root/isic_overlap_pilot_self_contained/data/isic2018/raw/task1_masks/ISIC2018_Task1_Training_GroundTruth/ISIC_0009962_segmentation.png,0,,b7c3dd2c8fb60130,668,train
ISIC_0009964,/root/derm_pilot_v100/data/isic2018_raw/ISIC2018_Task1-2_Training_Input/ISIC_0009964.jpg,/root/isic_overlap_pilot_self_contained/data/isic2018/raw/task1_masks/ISIC2018_Task1_Training_GroundTruth/ISIC_0009964_segmentation.png,0,,d3f00ee2338dcc0f,669,train
ISIC_0009965,/root/derm_pilot_v100/data/isic2018_raw/ISIC2018_Task1-2_Training_Input/ISIC_0009965.jpg,/root/isic_overlap_pilot_self_contained/data/isic2018/raw/task1_masks/ISIC2018_Task1_Training_GroundTruth/ISIC_0009965_segmentation.png,0,,f1189ee7c948249f,670,val
ISIC_0009966,/root/derm_pilot_v100/data/isic2018_raw/ISIC2018_Task1-2_Training_Input/ISIC_0009966.jpg,/root/isic_overlap_pilot_self_contained/data/isic2018/raw/task1_masks/ISIC2018_Task1_Training_GroundTruth/ISIC_0009966_segmentation.png,0,,e69998e469663699,671,val
ISIC_0009967,/root/derm_pilot_v100/data/isic2018_raw/ISIC2018_Task1-2_Training_Input/ISIC_0009967.jpg,/root/isic_overlap_pilot_self_contained/data/isic2018/raw/task1_masks/ISIC2018_Task1_Training_GroundTruth/ISIC_0009967_segmentation.png,0,,b0c4cbbb34e1338e,672,train
ISIC_0009969,/root/derm_pilot_v100/data/isic2018_raw/ISIC2018_Task1-2_Training_Input/ISIC_0009969.jpg,/root/isic_overlap_pilot_self_contained/data/isic2018/raw/task1_masks/ISIC2018_Task1_Training_GroundTruth/ISIC_0009969_segmentation.png,0,,b4cb9a3c293324cf,673,test
ISIC_0009970,/root/derm_pilot_v100/data/isic2018_raw/ISIC2018_Task1-2_Training_Input/ISIC_0009970.jpg,/root/isic_overlap_pilot_self_contained/data/isic2018/raw/task1_masks/ISIC2018_Task1_Training_GroundTruth/ISIC_0009970_segmentation.png,0,,b5dad653e2c8c429,674,train
ISIC_0009971,/root/derm_pilot_v100/data/isic2018_raw/ISIC2018_Task1-2_Training_Input/ISIC_0009971.jpg,/root/isic_overlap_pilot_self_contained/data/isic2018/raw/task1_masks/ISIC2018_Task1_Training_GroundTruth/ISIC_0009971_segmentation.png,1,,d6870cbc63b9c943,675,val
ISIC_0009972,/root/derm_pilot_v100/data/isic2018_raw/ISIC2018_Task1-2_Training_Input/ISIC_0009972.jpg,/root/isic_overlap_pilot_self_contained/data/isic2018/raw/task1_masks/ISIC2018_Task1_Training_GroundTruth/ISIC_0009972_segmentation.png,0,,918c4c3377dd5274,676,train
ISIC_0009973,/root/derm_pilot_v100/data/isic2018_raw/ISIC2018_Task1-2_Training_Input/ISIC_0009973.jpg,/root/isic_overlap_pilot_self_contained/data/isic2018/raw/task1_masks/ISIC2018_Task1_Training_GroundTruth/ISIC_0009973_segmentation.png,0,,b032c9db4e8c78e6,677,train
ISIC_0009974,/root/derm_pilot_v100/data/isic2018_raw/ISIC2018_Task1-2_Training_Input/ISIC_0009974.jpg,/root/isic_overlap_pilot_self_contained/data/isic2018/raw/task1_masks/ISIC2018_Task1_Training_GroundTruth/ISIC_0009974_segmentation.png,0,,b066c3929ccd69cd,678,train
ISIC_0009975,/root/derm_pilot_v100/data/isic2018_raw/ISIC2018_Task1-2_Training_Input/ISIC_0009975.jpg,/root/isic_overlap_pilot_self_contained/data/isic2018/raw/task1_masks/ISIC2018_Task1_Training_GroundTruth/ISIC_0009975_segmentation.png,0,,b031cdcc3e665939,679,test
ISIC_0009976,/root/derm_pilot_v100/data/isic2018_raw/ISIC2018_Task1-2_Training_Input/ISIC_0009976.jpg,/root/isic_overlap_pilot_self_contained/data/isic2018/raw/task1_masks/ISIC2018_Task1_Training_GroundTruth/ISIC_0009976_segmentation.png,0,,d3490c8d7327ccda,680,train
ISIC_0009977,/root/derm_pilot_v100/data/isic2018_raw/ISIC2018_Task1-2_Training_Input/ISIC_0009977.jpg,/root/isic_overlap_pilot_self_contained/data/isic2018/raw/task1_masks/ISIC2018_Task1_Training_GroundTruth/ISIC_0009977_segmentation.png,0,,d662889d64968bb7,681,train
ISIC_0009978,/root/derm_pilot_v100/data/isic2018_raw/ISIC2018_Task1-2_Training_Input/ISIC_0009978.jpg,/root/isic_overlap_pilot_self_contained/data/isic2018/raw/task1_masks/ISIC2018_Task1_Training_GroundTruth/ISIC_0009978_segmentation.png,0,,f2cecc39706723c8,682,train
ISIC_0009979,/root/derm_pilot_v100/data/isic2018_raw/ISIC2018_Task1-2_Training_Input/ISIC_0009979.jpg,/root/isic_overlap_pilot_self_contained/data/isic2018/raw/task1_masks/ISIC2018_Task1_Training_GroundTruth/ISIC_0009979_segmentation.png,0,,c6eb19886635dc53,683,test
ISIC_0009980,/root/derm_pilot_v100/data/isic2018_raw/ISIC2018_Task1-2_Training_Input/ISIC_0009980.jpg,/root/isic_overlap_pilot_self_contained/data/isic2018/raw/task1_masks/ISIC2018_Task1_Training_GroundTruth/ISIC_0009980_segmentation.png,0,,fa41a92aa98cb54f,684,train
ISIC_0009981,/root/derm_pilot_v100/data/isic2018_raw/ISIC2018_Task1-2_Training_Input/ISIC_0009981.jpg,/root/isic_overlap_pilot_self_contained/data/isic2018/raw/task1_masks/ISIC2018_Task1_Training_GroundTruth/ISIC_0009981_segmentation.png,0,,d38c4c730cdc3337,685,val
ISIC_0009982,/root/derm_pilot_v100/data/isic2018_raw/ISIC2018_Task1-2_Training_Input/ISIC_0009982.jpg,/root/isic_overlap_pilot_self_contained/data/isic2018/raw/task1_masks/ISIC2018_Task1_Training_GroundTruth/ISIC_0009982_segmentation.png,0,,c4f71dc866731919,686,train
ISIC_0009987,/root/derm_pilot_v100/data/isic2018_raw/ISIC2018_Task1-2_Training_Input/ISIC_0009987.jpg,/root/isic_overlap_pilot_self_contained/data/isic2018/raw/task1_masks/ISIC2018_Task1_Training_GroundTruth/ISIC_0009987_segmentation.png,0,,b3cccc331b6664cc,687,train
ISIC_0009988,/root/derm_pilot_v100/data/isic2018_raw/ISIC2018_Task1-2_Training_Input/ISIC_0009988.jpg,/root/isic_overlap_pilot_self_contained/data/isic2018/raw/task1_masks/ISIC2018_Task1_Training_GroundTruth/ISIC_0009988_segmentation.png,0,,86b68dd8c6cb7431,688,val
ISIC_0009990,/root/derm_pilot_v100/data/isic2018_raw/ISIC2018_Task1-2_Training_Input/ISIC_0009990.jpg,/root/isic_overlap_pilot_self_contained/data/isic2018/raw/task1_masks/ISIC2018_Task1_Training_GroundTruth/ISIC_0009990_segmentation.png,0,,af29e4d7c396c203,689,train
ISIC_0009991,/root/derm_pilot_v100/data/isic2018_raw/ISIC2018_Task1-2_Training_Input/ISIC_0009991.jpg,/root/isic_overlap_pilot_self_contained/data/isic2018/raw/task1_masks/ISIC2018_Task1_Training_GroundTruth/ISIC_0009991_segmentation.png,0,,e5339ecc99984b43,690,train
ISIC_0009992,/root/derm_pilot_v100/data/isic2018_raw/ISIC2018_Task1-2_Training_Input/ISIC_0009992.jpg,/root/isic_overlap_pilot_self_contained/data/isic2018/raw/task1_masks/ISIC2018_Task1_Training_GroundTruth/ISIC_0009992_segmentation.png,1,,b44dc137ddd844e1,691,train
ISIC_0009993,/root/derm_pilot_v100/data/isic2018_raw/ISIC2018_Task1-2_Training_Input/ISIC_0009993.jpg,/root/isic_overlap_pilot_self_contained/data/isic2018/raw/task1_masks/ISIC2018_Task1_Training_GroundTruth/ISIC_0009993_segmentation.png,1,,b1428e3e677134cb,692,train
ISIC_0009994,/root/derm_pilot_v100/data/isic2018_raw/ISIC2018_Task1-2_Training_Input/ISIC_0009994.jpg,/root/isic_overlap_pilot_self_contained/data/isic2018/raw/task1_masks/ISIC2018_Task1_Training_GroundTruth/ISIC_0009994_segmentation.png,0,,f19b8c6433367919,693,train
ISIC_0009995,/root/derm_pilot_v100/data/isic2018_raw/ISIC2018_Task1-2_Training_Input/ISIC_0009995.jpg,/root/isic_overlap_pilot_self_contained/data/isic2018/raw/task1_masks/ISIC2018_Task1_Training_GroundTruth/ISIC_0009995_segmentation.png,0,,bfc2a701d1ddd248,694,train
ISIC_0009998,/root/derm_pilot_v100/data/isic2018_raw/ISIC2018_Task1-2_Training_Input/ISIC_0009998.jpg,/root/isic_overlap_pilot_self_contained/data/isic2018/raw/task1_masks/ISIC2018_Task1_Training_GroundTruth/ISIC_0009998_segmentation.png,0,,e4669a9e69996466,695,val
ISIC_0010000,/root/derm_pilot_v100/data/isic2018_raw/ISIC2018_Task1-2_Training_Input/ISIC_0010000.jpg,/root/isic_overlap_pilot_self_contained/data/isic2018/raw/task1_masks/ISIC2018_Task1_Training_GroundTruth/ISIC_0010000_segmentation.png,1,,eeb6a42fd264988c,696,val
ISIC_0010002,/root/derm_pilot_v100/data/isic2018_raw/ISIC2018_Task1-2_Training_Input/ISIC_0010002.jpg,/root/isic_overlap_pilot_self_contained/data/isic2018/raw/task1_masks/ISIC2018_Task1_Training_GroundTruth/ISIC_0010002_segmentation.png,0,,e16ac7825c972b9a,697,val
ISIC_0010003,/root/derm_pilot_v100/data/isic2018_raw/ISIC2018_Task1-2_Training_Input/ISIC_0010003.jpg,/root/isic_overlap_pilot_self_contained/data/isic2018/raw/task1_masks/ISIC2018_Task1_Training_GroundTruth/ISIC_0010003_segmentation.png,0,,c6b219d9667730d8,698,train
ISIC_0010005,/root/derm_pilot_v100/data/isic2018_raw/ISIC2018_Task1-2_Training_Input/ISIC_0010005.jpg,/root/isic_overlap_pilot_self_contained/data/isic2018/raw/task1_masks/ISIC2018_Task1_Training_GroundTruth/ISIC_0010005_segmentation.png,0,,cb179568c8a56d96,699,train
ISIC_0010006,/root/derm_pilot_v100/data/isic2018_raw/ISIC2018_Task1-2_Training_Input/ISIC_0010006.jpg,/root/isic_overlap_pilot_self_contained/data/isic2018/raw/task1_masks/ISIC2018_Task1_Training_GroundTruth/ISIC_0010006_segmentation.png,0,,e5659e9834981b6b,700,train
ISIC_0010009,/root/derm_pilot_v100/data/isic2018_raw/ISIC2018_Task1-2_Training_Input/ISIC_0010009.jpg,/root/isic_overlap_pilot_self_contained/data/isic2018/raw/task1_masks/ISIC2018_Task1_Training_GroundTruth/ISIC_0010009_segmentation.png,0,,d1cc4c3367cc3933,701,train
ISIC_0010010,/root/derm_pilot_v100/data/isic2018_raw/ISIC2018_Task1-2_Training_Input/ISIC_0010010.jpg,/root/isic_overlap_pilot_self_contained/data/isic2018/raw/task1_masks/ISIC2018_Task1_Training_GroundTruth/ISIC_0010010_segmentation.png,0,,91b0cece333a33b4,702,train
ISIC_0010011,/root/derm_pilot_v100/data/isic2018_raw/ISIC2018_Task1-2_Training_Input/ISIC_0010011.jpg,/root/isic_overlap_pilot_self_contained/data/isic2018/raw/task1_masks/ISIC2018_Task1_Training_GroundTruth/ISIC_0010011_segmentation.png,1,,d41918665d1677cb,703,val
ISIC_0010013,/root/derm_pilot_v100/data/isic2018_raw/ISIC2018_Task1-2_Training_Input/ISIC_0010013.jpg,/root/isic_overlap_pilot_self_contained/data/isic2018/raw/task1_masks/ISIC2018_Task1_Training_GroundTruth/ISIC_0010013_segmentation.png,0,,90c3cf3c30cbcb3c,704,train
ISIC_0010014,/root/derm_pilot_v100/data/isic2018_raw/ISIC2018_Task1-2_Training_Input/ISIC_0010014.jpg,/root/isic_overlap_pilot_self_contained/data/isic2018/raw/task1_masks/ISIC2018_Task1_Training_GroundTruth/ISIC_0010014_segmentation.png,0,,b307cc3333889b37,9,train
ISIC_0010015,/root/derm_pilot_v100/data/isic2018_raw/ISIC2018_Task1-2_Training_Input/ISIC_0010015.jpg,/root/isic_overlap_pilot_self_contained/data/isic2018/raw/task1_masks/ISIC2018_Task1_Training_GroundTruth/ISIC_0010015_segmentation.png,0,,f479cbc61c296896,705,train
ISIC_0010016,/root/derm_pilot_v100/data/isic2018_raw/ISIC2018_Task1-2_Training_Input/ISIC_0010016.jpg,/root/isic_overlap_pilot_self_contained/data/isic2018/raw/task1_masks/ISIC2018_Task1_Training_GroundTruth/ISIC_0010016_segmentation.png,1,,93314ce63333ccce,1,test
ISIC_0010017,/root/derm_pilot_v100/data/isic2018_raw/ISIC2018_Task1-2_Training_Input/ISIC_0010017.jpg,/root/isic_overlap_pilot_self_contained/data/isic2018/raw/task1_masks/ISIC2018_Task1_Training_GroundTruth/ISIC_0010017_segmentation.png,0,,e497c3398c673496,706,test
ISIC_0010018,/root/derm_pilot_v100/data/isic2018_raw/ISIC2018_Task1-2_Training_Input/ISIC_0010018.jpg,/root/isic_overlap_pilot_self_contained/data/isic2018/raw/task1_masks/ISIC2018_Task1_Training_GroundTruth/ISIC_0010018_segmentation.png,0,,e6cc9933672626cc,707,train
ISIC_0010019,/root/derm_pilot_v100/data/isic2018_raw/ISIC2018_Task1-2_Training_Input/ISIC_0010019.jpg,/root/isic_overlap_pilot_self_contained/data/isic2018/raw/task1_masks/ISIC2018_Task1_Training_GroundTruth/ISIC_0010019_segmentation.png,0,,f198c66d0f67309c,708,train
ISIC_0010020,/root/derm_pilot_v100/data/isic2018_raw/ISIC2018_Task1-2_Training_Input/ISIC_0010020.jpg,/root/isic_overlap_pilot_self_contained/data/isic2018/raw/task1_masks/ISIC2018_Task1_Training_GroundTruth/ISIC_0010020_segmentation.png,0,,f33895c6ce866b48,709,test
ISIC_0010021,/root/derm_pilot_v100/data/isic2018_raw/ISIC2018_Task1-2_Training_Input/ISIC_0010021.jpg,/root/isic_overlap_pilot_self_contained/data/isic2018/raw/task1_masks/ISIC2018_Task1_Training_GroundTruth/ISIC_0010021_segmentation.png,0,,e539c6e09a4f8d34,710,test
ISIC_0010022,/root/derm_pilot_v100/data/isic2018_raw/ISIC2018_Task1-2_Training_Input/ISIC_0010022.jpg,/root/isic_overlap_pilot_self_contained/data/isic2018/raw/task1_masks/ISIC2018_Task1_Training_GroundTruth/ISIC_0010022_segmentation.png,0,,9e39e1c6163f7860,711,train
ISIC_0010023,/root/derm_pilot_v100/data/isic2018_raw/ISIC2018_Task1-2_Training_Input/ISIC_0010023.jpg,/root/isic_overlap_pilot_self_contained/data/isic2018/raw/task1_masks/ISIC2018_Task1_Training_GroundTruth/ISIC_0010023_segmentation.png,1,,e490d66dcc66339a,712,train
ISIC_0010024,/root/derm_pilot_v100/data/isic2018_raw/ISIC2018_Task1-2_Training_Input/ISIC_0010024.jpg,/root/isic_overlap_pilot_self_contained/data/isic2018/raw/task1_masks/ISIC2018_Task1_Training_GroundTruth/ISIC_0010024_segmentation.png,1,,d6998837268cd973,713,train
ISIC_0010025,/root/derm_pilot_v100/data/isic2018_raw/ISIC2018_Task1-2_Training_Input/ISIC_0010025.jpg,/root/isic_overlap_pilot_self_contained/data/isic2018/raw/task1_masks/ISIC2018_Task1_Training_GroundTruth/ISIC_0010025_segmentation.png,0,,f4e699d931996622,714,val
ISIC_0010028,/root/derm_pilot_v100/data/isic2018_raw/ISIC2018_Task1-2_Training_Input/ISIC_0010028.jpg,/root/isic_overlap_pilot_self_contained/data/isic2018/raw/task1_masks/ISIC2018_Task1_Training_GroundTruth/ISIC_0010028_segmentation.png,0,,a6cc98656d3366cc,715,train
ISIC_0010029,/root/derm_pilot_v100/data/isic2018_raw/ISIC2018_Task1-2_Training_Input/ISIC_0010029.jpg,/root/isic_overlap_pilot_self_contained/data/isic2018/raw/task1_masks/ISIC2018_Task1_Training_GroundTruth/ISIC_0010029_segmentation.png,1,,d1639e9c459ac86d,716,test
ISIC_0010032,/root/derm_pilot_v100/data/isic2018_raw/ISIC2018_Task1-2_Training_Input/ISIC_0010032.jpg,/root/isic_overlap_pilot_self_contained/data/isic2018/raw/task1_masks/ISIC2018_Task1_Training_GroundTruth/ISIC_0010032_segmentation.png,0,,d3274ccc74cc3933,717,test
ISIC_0010034,/root/derm_pilot_v100/data/isic2018_raw/ISIC2018_Task1-2_Training_Input/ISIC_0010034.jpg,/root/isic_overlap_pilot_self_contained/data/isic2018/raw/task1_masks/ISIC2018_Task1_Training_GroundTruth/ISIC_0010034_segmentation.png,1,,b46dc3960e3a7163,718,train
ISIC_0010036,/root/derm_pilot_v100/data/isic2018_raw/ISIC2018_Task1-2_Training_Input/ISIC_0010036.jpg,/root/isic_overlap_pilot_self_contained/data/isic2018/raw/task1_masks/ISIC2018_Task1_Training_GroundTruth/ISIC_0010036_segmentation.png,1,,e165855a9eb0d43b,719,train
ISIC_0010037,/root/derm_pilot_v100/data/isic2018_raw/ISIC2018_Task1-2_Training_Input/ISIC_0010037.jpg,/root/isic_overlap_pilot_self_contained/data/isic2018/raw/task1_masks/ISIC2018_Task1_Training_GroundTruth/ISIC_0010037_segmentation.png,0,,aef0911fd92ec2a8,720,train
ISIC_0010038,/root/derm_pilot_v100/data/isic2018_raw/ISIC2018_Task1-2_Training_Input/ISIC_0010038.jpg,/root/isic_overlap_pilot_self_contained/data/isic2018/raw/task1_masks/ISIC2018_Task1_Training_GroundTruth/ISIC_0010038_segmentation.png,0,,b132cbc3cecc4c9c,721,test
ISIC_0010041,/root/derm_pilot_v100/data/isic2018_raw/ISIC2018_Task1-2_Training_Input/ISIC_0010041.jpg,/root/isic_overlap_pilot_self_contained/data/isic2018/raw/task1_masks/ISIC2018_Task1_Training_GroundTruth/ISIC_0010041_segmentation.png,0,,dfe8f00716d2165c,722,train
ISIC_0010042,/root/derm_pilot_v100/data/isic2018_raw/ISIC2018_Task1-2_Training_Input/ISIC_0010042.jpg,/root/isic_overlap_pilot_self_contained/data/isic2018/raw/task1_masks/ISIC2018_Task1_Training_GroundTruth/ISIC_0010042_segmentation.png,0,,f1f1cce6311931cc,723,train
ISIC_0010043,/root/derm_pilot_v100/data/isic2018_raw/ISIC2018_Task1-2_Training_Input/ISIC_0010043.jpg,/root/isic_overlap_pilot_self_contained/data/isic2018/raw/task1_masks/ISIC2018_Task1_Training_GroundTruth/ISIC_0010043_segmentation.png,0,,c4cc5b321be3196d,724,train
ISIC_0010044,/root/derm_pilot_v100/data/isic2018_raw/ISIC2018_Task1-2_Training_Input/ISIC_0010044.jpg,/root/isic_overlap_pilot_self_contained/data/isic2018/raw/task1_masks/ISIC2018_Task1_Training_GroundTruth/ISIC_0010044_segmentation.png,0,,90c7c63a17784fc6,725,train
ISIC_0010046,/root/derm_pilot_v100/data/isic2018_raw/ISIC2018_Task1-2_Training_Input/ISIC_0010046.jpg,/root/isic_overlap_pilot_self_contained/data/isic2018/raw/task1_masks/ISIC2018_Task1_Training_GroundTruth/ISIC_0010046_segmentation.png,0,,863399cc66333b6c,341,train
ISIC_0010047,/root/derm_pilot_v100/data/isic2018_raw/ISIC2018_Task1-2_Training_Input/ISIC_0010047.jpg,/root/isic_overlap_pilot_self_contained/data/isic2018/raw/task1_masks/ISIC2018_Task1_Training_GroundTruth/ISIC_0010047_segmentation.png,0,,8045011f15df5bef,726,train
ISIC_0010053,/root/derm_pilot_v100/data/isic2018_raw/ISIC2018_Task1-2_Training_Input/ISIC_0010053.jpg,/root/isic_overlap_pilot_self_contained/data/isic2018/raw/task1_masks/ISIC2018_Task1_Training_GroundTruth/ISIC_0010053_segmentation.png,0,,d1d6ccdd33468e09,727,train
ISIC_0010054,/root/derm_pilot_v100/data/isic2018_raw/ISIC2018_Task1-2_Training_Input/ISIC_0010054.jpg,/root/isic_overlap_pilot_self_contained/data/isic2018/raw/task1_masks/ISIC2018_Task1_Training_GroundTruth/ISIC_0010054_segmentation.png,1,,f43919e7069621cf,728,test
ISIC_0010055,/root/derm_pilot_v100/data/isic2018_raw/ISIC2018_Task1-2_Training_Input/ISIC_0010055.jpg,/root/isic_overlap_pilot_self_contained/data/isic2018/raw/task1_masks/ISIC2018_Task1_Training_GroundTruth/ISIC_0010055_segmentation.png,0,,d22ecd19744d3396,729,train
ISIC_0010056,/root/derm_pilot_v100/data/isic2018_raw/ISIC2018_Task1-2_Training_Input/ISIC_0010056.jpg,/root/isic_overlap_pilot_self_contained/data/isic2018/raw/task1_masks/ISIC2018_Task1_Training_GroundTruth/ISIC_0010056_segmentation.png,1,,c333f35f0441adb8,730,train
ISIC_0010057,/root/derm_pilot_v100/data/isic2018_raw/ISIC2018_Task1-2_Training_Input/ISIC_0010057.jpg,/root/isic_overlap_pilot_self_contained/data/isic2018/raw/task1_masks/ISIC2018_Task1_Training_GroundTruth/ISIC_0010057_segmentation.png,0,,e1c3961a9c6f594c,731,train
ISIC_0010058,/root/derm_pilot_v100/data/isic2018_raw/ISIC2018_Task1-2_Training_Input/ISIC_0010058.jpg,/root/isic_overlap_pilot_self_contained/data/isic2018/raw/task1_masks/ISIC2018_Task1_Training_GroundTruth/ISIC_0010058_segmentation.png,0,,e1339ecc6d923361,732,train
ISIC_0010059,/root/derm_pilot_v100/data/isic2018_raw/ISIC2018_Task1-2_Training_Input/ISIC_0010059.jpg,/root/isic_overlap_pilot_self_contained/data/isic2018/raw/task1_masks/ISIC2018_Task1_Training_GroundTruth/ISIC_0010059_segmentation.png,0,,836b18ce676b98a6,733,train
ISIC_0010060,/root/derm_pilot_v100/data/isic2018_raw/ISIC2018_Task1-2_Training_Input/ISIC_0010060.jpg,/root/isic_overlap_pilot_self_contained/data/isic2018/raw/task1_masks/ISIC2018_Task1_Training_GroundTruth/ISIC_0010060_segmentation.png,0,,84eb19a626b319ed,734,val
ISIC_0010061,/root/derm_pilot_v100/data/isic2018_raw/ISIC2018_Task1-2_Training_Input/ISIC_0010061.jpg,/root/isic_overlap_pilot_self_contained/data/isic2018/raw/task1_masks/ISIC2018_Task1_Training_GroundTruth/ISIC_0010061_segmentation.png,0,,e664d9996326cc93,735,train
ISIC_0010062,/root/derm_pilot_v100/data/isic2018_raw/ISIC2018_Task1-2_Training_Input/ISIC_0010062.jpg,/root/isic_overlap_pilot_self_contained/data/isic2018/raw/task1_masks/ISIC2018_Task1_Training_GroundTruth/ISIC_0010062_segmentation.png,0,,adc6c412d61d9a79,736,train
ISIC_0010063,/root/derm_pilot_v100/data/isic2018_raw/ISIC2018_Task1-2_Training_Input/ISIC_0010063.jpg,/root/isic_overlap_pilot_self_contained/data/isic2018/raw/task1_masks/ISIC2018_Task1_Training_GroundTruth/ISIC_0010063_segmentation.png,0,,ad25fc1bb110ccda,737,train
ISIC_0010064,/root/derm_pilot_v100/data/isic2018_raw/ISIC2018_Task1-2_Training_Input/ISIC_0010064.jpg,/root/isic_overlap_pilot_self_contained/data/isic2018/raw/task1_masks/ISIC2018_Task1_Training_GroundTruth/ISIC_0010064_segmentation.png,0,,f346cc39338626dc,607,train
ISIC_0010066,/root/derm_pilot_v100/data/isic2018_raw/ISIC2018_Task1-2_Training_Input/ISIC_0010066.jpg,/root/isic_overlap_pilot_self_contained/data/isic2018/raw/task1_masks/ISIC2018_Task1_Training_GroundTruth/ISIC_0010066_segmentation.png,0,,f0389bcf6d8c3033,738,train
ISIC_0010067,/root/derm_pilot_v100/data/isic2018_raw/ISIC2018_Task1-2_Training_Input/ISIC_0010067.jpg,/root/isic_overlap_pilot_self_contained/data/isic2018/raw/task1_masks/ISIC2018_Task1_Training_GroundTruth/ISIC_0010067_segmentation.png,1,,c491936c79d38e78,739,train
ISIC_0010069,/root/derm_pilot_v100/data/isic2018_raw/ISIC2018_Task1-2_Training_Input/ISIC_0010069.jpg,/root/isic_overlap_pilot_self_contained/data/isic2018/raw/task1_masks/ISIC2018_Task1_Training_GroundTruth/ISIC_0010069_segmentation.png,0,,c69999266699cd72,640,train
ISIC_0010070,/root/derm_pilot_v100/data/isic2018_raw/ISIC2018_Task1-2_Training_Input/ISIC_0010070.jpg,/root/isic_overlap_pilot_self_contained/data/isic2018/raw/task1_masks/ISIC2018_Task1_Training_GroundTruth/ISIC_0010070_segmentation.png,0,,e409db706d63368e,740,train
ISIC_0010071,/root/derm_pilot_v100/data/isic2018_raw/ISIC2018_Task1-2_Training_Input/ISIC_0010071.jpg,/root/isic_overlap_pilot_self_contained/data/isic2018/raw/task1_masks/ISIC2018_Task1_Training_GroundTruth/ISIC_0010071_segmentation.png,0,,af34c0fe1c4399c9,741,train
ISIC_0010073,/root/derm_pilot_v100/data/isic2018_raw/ISIC2018_Task1-2_Training_Input/ISIC_0010073.jpg,/root/isic_overlap_pilot_self_contained/data/isic2018/raw/task1_masks/ISIC2018_Task1_Training_GroundTruth/ISIC_0010073_segmentation.png,0,,c40a5acf0ddf19e8,742,train
ISIC_0010074,/root/derm_pilot_v100/data/isic2018_raw/ISIC2018_Task1-2_Training_Input/ISIC_0010074.jpg,/root/isic_overlap_pilot_self_contained/data/isic2018/raw/task1_masks/ISIC2018_Task1_Training_GroundTruth/ISIC_0010074_segmentation.png,0,,f1c6cc99666531c6,743,test
ISIC_0010075,/root/derm_pilot_v100/data/isic2018_raw/ISIC2018_Task1-2_Training_Input/ISIC_0010075.jpg,/root/isic_overlap_pilot_self_contained/data/isic2018/raw/task1_masks/ISIC2018_Task1_Training_GroundTruth/ISIC_0010075_segmentation.png,0,,e5b25b219b6d14cc,744,train
ISIC_0010077,/root/derm_pilot_v100/data/isic2018_raw/ISIC2018_Task1-2_Training_Input/ISIC_0010077.jpg,/root/isic_overlap_pilot_self_contained/data/isic2018/raw/task1_masks/ISIC2018_Task1_Training_GroundTruth/ISIC_0010077_segmentation.png,0,,d2f50cdd324b8273,745,test
ISIC_0010078,/root/derm_pilot_v100/data/isic2018_raw/ISIC2018_Task1-2_Training_Input/ISIC_0010078.jpg,/root/isic_overlap_pilot_self_contained/data/isic2018/raw/task1_masks/ISIC2018_Task1_Training_GroundTruth/ISIC_0010078_segmentation.png,0,,e192cf6d986f9038,746,val
ISIC_0010081,/root/derm_pilot_v100/data/isic2018_raw/ISIC2018_Task1-2_Training_Input/ISIC_0010081.jpg,/root/isic_overlap_pilot_self_contained/data/isic2018/raw/task1_masks/ISIC2018_Task1_Training_GroundTruth/ISIC_0010081_segmentation.png,1,,97315dd667254c4a,747,train
ISIC_0010086,/root/derm_pilot_v100/data/isic2018_raw/ISIC2018_Task1-2_Training_Input/ISIC_0010086.jpg,/root/isic_overlap_pilot_self_contained/data/isic2018/raw/task1_masks/ISIC2018_Task1_Training_GroundTruth/ISIC_0010086_segmentation.png,0,,d3694c263b4063fb,748,train
ISIC_0010088,/root/derm_pilot_v100/data/isic2018_raw/ISIC2018_Task1-2_Training_Input/ISIC_0010088.jpg,/root/isic_overlap_pilot_self_contained/data/isic2018/raw/task1_masks/ISIC2018_Task1_Training_GroundTruth/ISIC_0010088_segmentation.png,0,,862d997366c89973,640,train
ISIC_0010089,/root/derm_pilot_v100/data/isic2018_raw/ISIC2018_Task1-2_Training_Input/ISIC_0010089.jpg,/root/isic_overlap_pilot_self_contained/data/isic2018/raw/task1_masks/ISIC2018_Task1_Training_GroundTruth/ISIC_0010089_segmentation.png,1,,861b996667939966,640,train
ISIC_0010090,/root/derm_pilot_v100/data/isic2018_raw/ISIC2018_Task1-2_Training_Input/ISIC_0010090.jpg,/root/isic_overlap_pilot_self_contained/data/isic2018/raw/task1_masks/ISIC2018_Task1_Training_GroundTruth/ISIC_0010090_segmentation.png,0,,865c197673d94c63,749,val
ISIC_0010092,/root/derm_pilot_v100/data/isic2018_raw/ISIC2018_Task1-2_Training_Input/ISIC_0010092.jpg,/root/isic_overlap_pilot_self_contained/data/isic2018/raw/task1_masks/ISIC2018_Task1_Training_GroundTruth/ISIC_0010092_segmentation.png,0,,b3dccc33312837cc,750,train
ISIC_0010093,/root/derm_pilot_v100/data/isic2018_raw/ISIC2018_Task1-2_Training_Input/ISIC_0010093.jpg,/root/isic_overlap_pilot_self_contained/data/isic2018/raw/task1_masks/ISIC2018_Task1_Training_GroundTruth/ISIC_0010093_segmentation.png,0,,d1b7944c0e31717b,751,train
ISIC_0010100,/root/derm_pilot_v100/data/isic2018_raw/ISIC2018_Task1-2_Training_Input/ISIC_0010100.jpg,/root/isic_overlap_pilot_self_contained/data/isic2018/raw/task1_masks/ISIC2018_Task1_Training_GroundTruth/ISIC_0010100_segmentation.png,0,,e49b9a695c669a46,752,train
ISIC_0010102,/root/derm_pilot_v100/data/isic2018_raw/ISIC2018_Task1-2_Training_Input/ISIC_0010102.jpg,/root/isic_overlap_pilot_self_contained/data/isic2018/raw/task1_masks/ISIC2018_Task1_Training_GroundTruth/ISIC_0010102_segmentation.png,0,,91b8ce83f1e133e1,753,train
ISIC_0010104,/root/derm_pilot_v100/data/isic2018_raw/ISIC2018_Task1-2_Training_Input/ISIC_0010104.jpg,/root/isic_overlap_pilot_self_contained/data/isic2018/raw/task1_masks/ISIC2018_Task1_Training_GroundTruth/ISIC_0010104_segmentation.png,0,,d1370c9c736718da,754,train
ISIC_0010105,/root/derm_pilot_v100/data/isic2018_raw/ISIC2018_Task1-2_Training_Input/ISIC_0010105.jpg,/root/isic_overlap_pilot_self_contained/data/isic2018/raw/task1_masks/ISIC2018_Task1_Training_GroundTruth/ISIC_0010105_segmentation.png,0,,f330ccc93331ce66,1,test
ISIC_0010168,/root/derm_pilot_v100/data/isic2018_raw/ISIC2018_Task1-2_Training_Input/ISIC_0010168.jpg,/root/isic_overlap_pilot_self_contained/data/isic2018/raw/task1_masks/ISIC2018_Task1_Training_GroundTruth/ISIC_0010168_segmentation.png,0,,a1669e9b692b6724,755,train
ISIC_0010169,/root/derm_pilot_v100/data/isic2018_raw/ISIC2018_Task1-2_Training_Input/ISIC_0010169.jpg,/root/isic_overlap_pilot_self_contained/data/isic2018/raw/task1_masks/ISIC2018_Task1_Training_GroundTruth/ISIC_0010169_segmentation.png,0,,e86097a5991f9599,756,train
ISIC_0010171,/root/derm_pilot_v100/data/isic2018_raw/ISIC2018_Task1-2_Training_Input/ISIC_0010171.jpg,/root/isic_overlap_pilot_self_contained/data/isic2018/raw/task1_masks/ISIC2018_Task1_Training_GroundTruth/ISIC_0010171_segmentation.png,1,,b466cb9a1c3974c6,757,val
ISIC_0010173,/root/derm_pilot_v100/data/isic2018_raw/ISIC2018_Task1-2_Training_Input/ISIC_0010173.jpg,/root/isic_overlap_pilot_self_contained/data/isic2018/raw/task1_masks/ISIC2018_Task1_Training_GroundTruth/ISIC_0010173_segmentation.png,0,,d45d5935329d6472,758,train
ISIC_0010174,/root/derm_pilot_v100/data/isic2018_raw/ISIC2018_Task1-2_Training_Input/ISIC_0010174.jpg,/root/isic_overlap_pilot_self_contained/data/isic2018/raw/task1_masks/ISIC2018_Task1_Training_GroundTruth/ISIC_0010174_segmentation.png,1,,c42159db4dcd6674,759,train
ISIC_0010175,/root/derm_pilot_v100/data/isic2018_raw/ISIC2018_Task1-2_Training_Input/ISIC_0010175.jpg,/root/isic_overlap_pilot_self_contained/data/isic2018/raw/task1_masks/ISIC2018_Task1_Training_GroundTruth/ISIC_0010175_segmentation.png,1,,ee4a90add3168db2,760,train
ISIC_0010176,/root/derm_pilot_v100/data/isic2018_raw/ISIC2018_Task1-2_Training_Input/ISIC_0010176.jpg,/root/isic_overlap_pilot_self_contained/data/isic2018/raw/task1_masks/ISIC2018_Task1_Training_GroundTruth/ISIC_0010176_segmentation.png,0,,c667999966656626,761,train
ISIC_0010177,/root/derm_pilot_v100/data/isic2018_raw/ISIC2018_Task1-2_Training_Input/ISIC_0010177.jpg,/root/isic_overlap_pilot_self_contained/data/isic2018/raw/task1_masks/ISIC2018_Task1_Training_GroundTruth/ISIC_0010177_segmentation.png,0,,d7fe58fc76e00900,762,train
ISIC_0010178,/root/derm_pilot_v100/data/isic2018_raw/ISIC2018_Task1-2_Training_Input/ISIC_0010178.jpg,/root/isic_overlap_pilot_self_contained/data/isic2018/raw/task1_masks/ISIC2018_Task1_Training_GroundTruth/ISIC_0010178_segmentation.png,0,,d3b18c8e3171279b,763,train
ISIC_0010180,/root/derm_pilot_v100/data/isic2018_raw/ISIC2018_Task1-2_Training_Input/ISIC_0010180.jpg,/root/isic_overlap_pilot_self_contained/data/isic2018/raw/task1_masks/ISIC2018_Task1_Training_GroundTruth/ISIC_0010180_segmentation.png,0,,d1e68c9d63631b92,764,val
ISIC_0010182,/root/derm_pilot_v100/data/isic2018_raw/ISIC2018_Task1-2_Training_Input/ISIC_0010182.jpg,/root/isic_overlap_pilot_self_contained/data/isic2018/raw/task1_masks/ISIC2018_Task1_Training_GroundTruth/ISIC_0010182_segmentation.png,0,,d37c4c6233cc7923,765,train
ISIC_0010183,/root/derm_pilot_v100/data/isic2018_raw/ISIC2018_Task1-2_Training_Input/ISIC_0010183.jpg,/root/isic_overlap_pilot_self_contained/data/isic2018/raw/task1_masks/ISIC2018_Task1_Training_GroundTruth/ISIC_0010183_segmentation.png,0,,d63d19c86666cd98,766,train
ISIC_0010184,/root/derm_pilot_v100/data/isic2018_raw/ISIC2018_Task1-2_Training_Input/ISIC_0010184.jpg,/root/isic_overlap_pilot_self_contained/data/isic2018/raw/task1_masks/ISIC2018_Task1_Training_GroundTruth/ISIC_0010184_segmentation.png,0,,911d4c3333ce47b9,767,train
ISIC_0010185,/root/derm_pilot_v100/data/isic2018_raw/ISIC2018_Task1-2_Training_Input/ISIC_0010185.jpg,/root/isic_overlap_pilot_self_contained/data/isic2018/raw/task1_masks/ISIC2018_Task1_Training_GroundTruth/ISIC_0010185_segmentation.png,0,,d55ccc273298cd66,768,train
ISIC_0010186,/root/derm_pilot_v100/data/isic2018_raw/ISIC2018_Task1-2_Training_Input/ISIC_0010186.jpg,/root/isic_overlap_pilot_self_contained/data/isic2018/raw/task1_masks/ISIC2018_Task1_Training_GroundTruth/ISIC_0010186_segmentation.png,0,,b170cecc5c267137,769,train
ISIC_0010187,/root/derm_pilot_v100/data/isic2018_raw/ISIC2018_Task1-2_Training_Input/ISIC_0010187.jpg,/root/isic_overlap_pilot_self_contained/data/isic2018/raw/task1_masks/ISIC2018_Task1_Training_GroundTruth/ISIC_0010187_segmentation.png,0,,b8c7c32b4d3426f8,770,train
ISIC_0010189,/root/derm_pilot_v100/data/isic2018_raw/ISIC2018_Task1-2_Training_Input/ISIC_0010189.jpg,/root/isic_overlap_pilot_self_contained/data/isic2018/raw/task1_masks/ISIC2018_Task1_Training_GroundTruth/ISIC_0010189_segmentation.png,1,,8f14c677d4c9a43a,771,val
ISIC_0010190,/root/derm_pilot_v100/data/isic2018_raw/ISIC2018_Task1-2_Training_Input/ISIC_0010190.jpg,/root/isic_overlap_pilot_self_contained/data/isic2018/raw/task1_masks/ISIC2018_Task1_Training_GroundTruth/ISIC_0010190_segmentation.png,0,,ea3de179962898d4,772,train
ISIC_0010191,/root/derm_pilot_v100/data/isic2018_raw/ISIC2018_Task1-2_Training_Input/ISIC_0010191.jpg,/root/isic_overlap_pilot_self_contained/data/isic2018/raw/task1_masks/ISIC2018_Task1_Training_GroundTruth/ISIC_0010191_segmentation.png,0,,e4cd9234b9736646,773,train
ISIC_0010192,/root/derm_pilot_v100/data/isic2018_raw/ISIC2018_Task1-2_Training_Input/ISIC_0010192.jpg,/root/isic_overlap_pilot_self_contained/data/isic2018/raw/task1_masks/ISIC2018_Task1_Training_GroundTruth/ISIC_0010192_segmentation.png,0,,b39dcc26cc333199,774,train
ISIC_0010194,/root/derm_pilot_v100/data/isic2018_raw/ISIC2018_Task1-2_Training_Input/ISIC_0010194.jpg,/root/isic_overlap_pilot_self_contained/data/isic2018/raw/task1_masks/ISIC2018_Task1_Training_GroundTruth/ISIC_0010194_segmentation.png,1,,9d43c13b17f8c10f,775,train
ISIC_0010201,/root/derm_pilot_v100/data/isic2018_raw/ISIC2018_Task1-2_Training_Input/ISIC_0010201.jpg,/root/isic_overlap_pilot_self_contained/data/isic2018/raw/task1_masks/ISIC2018_Task1_Training_GroundTruth/ISIC_0010201_segmentation.png,0,,bdd0924fc336073a,776,train
ISIC_0010202,/root/derm_pilot_v100/data/isic2018_raw/ISIC2018_Task1-2_Training_Input/ISIC_0010202.jpg,/root/isic_overlap_pilot_self_contained/data/isic2018/raw/task1_masks/ISIC2018_Task1_Training_GroundTruth/ISIC_0010202_segmentation.png,0,,b712c33f90dac30d,777,train
ISIC_0010204,/root/derm_pilot_v100/data/isic2018_raw/ISIC2018_Task1-2_Training_Input/ISIC_0010204.jpg,/root/isic_overlap_pilot_self_contained/data/isic2018/raw/task1_masks/ISIC2018_Task1_Training_GroundTruth/ISIC_0010204_segmentation.png,0,,adc5d3d619a1ce44,778,train
ISIC_0010205,/root/derm_pilot_v100/data/isic2018_raw/ISIC2018_Task1-2_Training_Input/ISIC_0010205.jpg,/root/isic_overlap_pilot_self_contained/data/isic2018/raw/task1_masks/ISIC2018_Task1_Training_GroundTruth/ISIC_0010205_segmentation.png,0,,f66c9931666492b3,779,train
ISIC_0010206,/root/derm_pilot_v100/data/isic2018_raw/ISIC2018_Task1-2_Training_Input/ISIC_0010206.jpg,/root/isic_overlap_pilot_self_contained/data/isic2018/raw/task1_masks/ISIC2018_Task1_Training_GroundTruth/ISIC_0010206_segmentation.png,0,,a266999b33649c9b,780,train
ISIC_0010207,/root/derm_pilot_v100/data/isic2018_raw/ISIC2018_Task1-2_Training_Input/ISIC_0010207.jpg,/root/isic_overlap_pilot_self_contained/data/isic2018/raw/task1_masks/ISIC2018_Task1_Training_GroundTruth/ISIC_0010207_segmentation.png,1,,c4af59d8663b5c50,781,train
ISIC_0010212,/root/derm_pilot_v100/data/isic2018_raw/ISIC2018_Task1-2_Training_Input/ISIC_0010212.jpg,/root/isic_overlap_pilot_self_contained/data/isic2018/raw/task1_masks/ISIC2018_Task1_Training_GroundTruth/ISIC_0010212_segmentation.png,0,,e1929ec3ce6c36c4,782,test
ISIC_0010213,/root/derm_pilot_v100/data/isic2018_raw/ISIC2018_Task1-2_Training_Input/ISIC_0010213.jpg,/root/isic_overlap_pilot_self_contained/data/isic2018/raw/task1_masks/ISIC2018_Task1_Training_GroundTruth/ISIC_0010213_segmentation.png,0,,a49f1669679e1970,783,train
ISIC_0010215,/root/derm_pilot_v100/data/isic2018_raw/ISIC2018_Task1-2_Training_Input/ISIC_0010215.jpg,/root/isic_overlap_pilot_self_contained/data/isic2018/raw/task1_masks/ISIC2018_Task1_Training_GroundTruth/ISIC_0010215_segmentation.png,0,,b33cccc3330c3376,784,train
ISIC_0010216,/root/derm_pilot_v100/data/isic2018_raw/ISIC2018_Task1-2_Training_Input/ISIC_0010216.jpg,/root/isic_overlap_pilot_self_contained/data/isic2018/raw/task1_masks/ISIC2018_Task1_Training_GroundTruth/ISIC_0010216_segmentation.png,0,,b2cdcc33339c464d,785,test
ISIC_0010219,/root/derm_pilot_v100/data/isic2018_raw/ISIC2018_Task1-2_Training_Input/ISIC_0010219.jpg,/root/isic_overlap_pilot_self_contained/data/isic2018/raw/task1_masks/ISIC2018_Task1_Training_GroundTruth/ISIC_0010219_segmentation.png,0,,d4b5cdce34362782,786,test
ISIC_0010220,/root/derm_pilot_v100/data/isic2018_raw/ISIC2018_Task1-2_Training_Input/ISIC_0010220.jpg,/root/isic_overlap_pilot_self_contained/data/isic2018/raw/task1_masks/ISIC2018_Task1_Training_GroundTruth/ISIC_0010220_segmentation.png,0,,d58d547351dc1167,787,train
ISIC_0010222,/root/derm_pilot_v100/data/isic2018_raw/ISIC2018_Task1-2_Training_Input/ISIC_0010222.jpg,/root/isic_overlap_pilot_self_contained/data/isic2018/raw/task1_masks/ISIC2018_Task1_Training_GroundTruth/ISIC_0010222_segmentation.png,0,,ebe4c08dce343873,788,train
ISIC_0010225,/root/derm_pilot_v100/data/isic2018_raw/ISIC2018_Task1-2_Training_Input/ISIC_0010225.jpg,/root/isic_overlap_pilot_self_contained/data/isic2018/raw/task1_masks/ISIC2018_Task1_Training_GroundTruth/ISIC_0010225_segmentation.png,1,,d68cdc27279c16cc,789,train
ISIC_0010226,/root/derm_pilot_v100/data/isic2018_raw/ISIC2018_Task1-2_Training_Input/ISIC_0010226.jpg,/root/isic_overlap_pilot_self_contained/data/isic2018/raw/task1_masks/ISIC2018_Task1_Training_GroundTruth/ISIC_0010226_segmentation.png,0,,c464199b66ee9c71,790,val
ISIC_0010227,/root/derm_pilot_v100/data/isic2018_raw/ISIC2018_Task1-2_Training_Input/ISIC_0010227.jpg,/root/isic_overlap_pilot_self_contained/data/isic2018/raw/task1_masks/ISIC2018_Task1_Training_GroundTruth/ISIC_0010227_segmentation.png,0,,d5535dc6553150ce,791,val
ISIC_0010228,/root/derm_pilot_v100/data/isic2018_raw/ISIC2018_Task1-2_Training_Input/ISIC_0010228.jpg,/root/isic_overlap_pilot_self_contained/data/isic2018/raw/task1_masks/ISIC2018_Task1_Training_GroundTruth/ISIC_0010228_segmentation.png,0,,bb6bd7c4ea8c8980,792,train
ISIC_0010229,/root/derm_pilot_v100/data/isic2018_raw/ISIC2018_Task1-2_Training_Input/ISIC_0010229.jpg,/root/isic_overlap_pilot_self_contained/data/isic2018/raw/task1_masks/ISIC2018_Task1_Training_GroundTruth/ISIC_0010229_segmentation.png,0,,e788982319e670df,793,train
ISIC_0010231,/root/derm_pilot_v100/data/isic2018_raw/ISIC2018_Task1-2_Training_Input/ISIC_0010231.jpg,/root/isic_overlap_pilot_self_contained/data/isic2018/raw/task1_masks/ISIC2018_Task1_Training_GroundTruth/ISIC_0010231_segmentation.png,1,,b059c09e0fc77867,794,train
ISIC_0010232,/root/derm_pilot_v100/data/isic2018_raw/ISIC2018_Task1-2_Training_Input/ISIC_0010232.jpg,/root/isic_overlap_pilot_self_contained/data/isic2018/raw/task1_masks/ISIC2018_Task1_Training_GroundTruth/ISIC_0010232_segmentation.png,0,,ebf89093c0799669,795,train
ISIC_0010233,/root/derm_pilot_v100/data/isic2018_raw/ISIC2018_Task1-2_Training_Input/ISIC_0010233.jpg,/root/isic_overlap_pilot_self_contained/data/isic2018/raw/task1_masks/ISIC2018_Task1_Training_GroundTruth/ISIC_0010233_segmentation.png,0,,f569d5951cde1049,796,train
ISIC_0010234,/root/derm_pilot_v100/data/isic2018_raw/ISIC2018_Task1-2_Training_Input/ISIC_0010234.jpg,/root/isic_overlap_pilot_self_contained/data/isic2018/raw/task1_masks/ISIC2018_Task1_Training_GroundTruth/ISIC_0010234_segmentation.png,0,,9339ccc63369cccc,1,test
ISIC_0010235,/root/derm_pilot_v100/data/isic2018_raw/ISIC2018_Task1-2_Training_Input/ISIC_0010235.jpg,/root/isic_overlap_pilot_self_contained/data/isic2018/raw/task1_masks/ISIC2018_Task1_Training_GroundTruth/ISIC_0010235_segmentation.png,1,,ab60cd1b16fc9a91,797,test
ISIC_0010236,/root/derm_pilot_v100/data/isic2018_raw/ISIC2018_Task1-2_Training_Input/ISIC_0010236.jpg,/root/isic_overlap_pilot_self_contained/data/isic2018/raw/task1_masks/ISIC2018_Task1_Training_GroundTruth/ISIC_0010236_segmentation.png,0,,91564c1d33665c5f,798,train
ISIC_0010237,/root/derm_pilot_v100/data/isic2018_raw/ISIC2018_Task1-2_Training_Input/ISIC_0010237.jpg,/root/isic_overlap_pilot_self_contained/data/isic2018/raw/task1_masks/ISIC2018_Task1_Training_GroundTruth/ISIC_0010237_segmentation.png,0,,d1554c5333cccc73,9,train
ISIC_0010238,/root/derm_pilot_v100/data/isic2018_raw/ISIC2018_Task1-2_Training_Input/ISIC_0010238.jpg,/root/isic_overlap_pilot_self_contained/data/isic2018/raw/task1_masks/ISIC2018_Task1_Training_GroundTruth/ISIC_0010238_segmentation.png,0,,973e41f038c6c1f9,799,train
ISIC_0010239,/root/derm_pilot_v100/data/isic2018_raw/ISIC2018_Task1-2_Training_Input/ISIC_0010239.jpg,/root/isic_overlap_pilot_self_contained/data/isic2018/raw/task1_masks/ISIC2018_Task1_Training_GroundTruth/ISIC_0010239_segmentation.png,0,,b9b0f093c34bce0d,800,test
ISIC_0010240,/root/derm_pilot_v100/data/isic2018_raw/ISIC2018_Task1-2_Training_Input/ISIC_0010240.jpg,/root/isic_overlap_pilot_self_contained/data/isic2018/raw/task1_masks/ISIC2018_Task1_Training_GroundTruth/ISIC_0010240_segmentation.png,1,,d030c9ed70f865b3,801,train
ISIC_0010241,/root/derm_pilot_v100/data/isic2018_raw/ISIC2018_Task1-2_Training_Input/ISIC_0010241.jpg,/root/isic_overlap_pilot_self_contained/data/isic2018/raw/task1_masks/ISIC2018_Task1_Training_GroundTruth/ISIC_0010241_segmentation.png,1,,85e94f9639c846f4,802,train
ISIC_0010244,/root/derm_pilot_v100/data/isic2018_raw/ISIC2018_Task1-2_Training_Input/ISIC_0010244.jpg,/root/isic_overlap_pilot_self_contained/data/isic2018/raw/task1_masks/ISIC2018_Task1_Training_GroundTruth/ISIC_0010244_segmentation.png,0,,d1cc4c3333cccc73,9,train
ISIC_0010247,/root/derm_pilot_v100/data/isic2018_raw/ISIC2018_Task1-2_Training_Input/ISIC_0010247.jpg,/root/isic_overlap_pilot_self_contained/data/isic2018/raw/task1_masks/ISIC2018_Task1_Training_GroundTruth/ISIC_0010247_segmentation.png,0,,f2c6cc38392336b6,803,train
ISIC_0010248,/root/derm_pilot_v100/data/isic2018_raw/ISIC2018_Task1-2_Training_Input/ISIC_0010248.jpg,/root/isic_overlap_pilot_self_contained/data/isic2018/raw/task1_masks/ISIC2018_Task1_Training_GroundTruth/ISIC_0010248_segmentation.png,0,,e5d39a9c4964269b,804,train
ISIC_0010249,/root/derm_pilot_v100/data/isic2018_raw/ISIC2018_Task1-2_Training_Input/ISIC_0010249.jpg,/root/isic_overlap_pilot_self_contained/data/isic2018/raw/task1_masks/ISIC2018_Task1_Training_GroundTruth/ISIC_0010249_segmentation.png,0,,e133919c8ececc66,805,test
ISIC_0010251,/root/derm_pilot_v100/data/isic2018_raw/ISIC2018_Task1-2_Training_Input/ISIC_0010251.jpg,/root/isic_overlap_pilot_self_contained/data/isic2018/raw/task1_masks/ISIC2018_Task1_Training_GroundTruth/ISIC_0010251_segmentation.png,1,,c4db1b64649b9b64,640,train
ISIC_0010252,/root/derm_pilot_v100/data/isic2018_raw/ISIC2018_Task1-2_Training_Input/ISIC_0010252.jpg,/root/isic_overlap_pilot_self_contained/data/isic2018/raw/task1_masks/ISIC2018_Task1_Training_GroundTruth/ISIC_0010252_segmentation.png,0,,aef9c2068d9fa48c,806,train
ISIC_0010255,/root/derm_pilot_v100/data/isic2018_raw/ISIC2018_Task1-2_Training_Input/ISIC_0010255.jpg,/root/isic_overlap_pilot_self_contained/data/isic2018/raw/task1_masks/ISIC2018_Task1_Training_GroundTruth/ISIC_0010255_segmentation.png,0,,d3dccccd63368889,807,train
ISIC_0010256,/root/derm_pilot_v100/data/isic2018_raw/ISIC2018_Task1-2_Training_Input/ISIC_0010256.jpg,/root/isic_overlap_pilot_self_contained/data/isic2018/raw/task1_masks/ISIC2018_Task1_Training_GroundTruth/ISIC_0010256_segmentation.png,0,,c68b996666999966,640,train
ISIC_0010257,/root/derm_pilot_v100/data/isic2018_raw/ISIC2018_Task1-2_Training_Input/ISIC_0010257.jpg,/root/isic_overlap_pilot_self_contained/data/isic2018/raw/task1_masks/ISIC2018_Task1_Training_GroundTruth/ISIC_0010257_segmentation.png,0,,f29bcc6c33644617,808,train
ISIC_0010262,/root/derm_pilot_v100/data/isic2018_raw/ISIC2018_Task1-2_Training_Input/ISIC_0010262.jpg,/root/isic_overlap_pilot_self_contained/data/isic2018/raw/task1_masks/ISIC2018_Task1_Training_GroundTruth/ISIC_0010262_segmentation.png,0,,a665c89c6361ce9b,809,train
ISIC_0010263,/root/derm_pilot_v100/data/isic2018_raw/ISIC2018_Task1-2_Training_Input/ISIC_0010263.jpg,/root/isic_overlap_pilot_self_contained/data/isic2018/raw/task1_masks/ISIC2018_Task1_Training_GroundTruth/ISIC_0010263_segmentation.png,0,,d18e4e3333ce4e31,9,train
ISIC_0010264,/root/derm_pilot_v100/data/isic2018_raw/ISIC2018_Task1-2_Training_Input/ISIC_0010264.jpg,/root/isic_overlap_pilot_self_contained/data/isic2018/raw/task1_masks/ISIC2018_Task1_Training_GroundTruth/ISIC_0010264_segmentation.png,0,,bd69d0b6cbc22c89,810,train
ISIC_0010265,/root/derm_pilot_v100/data/isic2018_raw/ISIC2018_Task1-2_Training_Input/ISIC_0010265.jpg,/root/isic_overlap_pilot_self_contained/data/isic2018/raw/task1_masks/ISIC2018_Task1_Training_GroundTruth/ISIC_0010265_segmentation.png,1,,f29fcc9330ac8966,811,train
ISIC_0010267,/root/derm_pilot_v100/data/isic2018_raw/ISIC2018_Task1-2_Training_Input/ISIC_0010267.jpg,/root/isic_overlap_pilot_self_contained/data/isic2018/raw/task1_masks/ISIC2018_Task1_Training_GroundTruth/ISIC_0010267_segmentation.png,1,,943f92d878e1c627,812,train
ISIC_0010317,/root/derm_pilot_v100/data/isic2018_raw/ISIC2018_Task1-2_Training_Input/ISIC_0010317.jpg,/root/isic_overlap_pilot_self_contained/data/isic2018/raw/task1_masks/ISIC2018_Task1_Training_GroundTruth/ISIC_0010317_segmentation.png,0,,c619196666995d67,640,train
ISIC_0010318,/root/derm_pilot_v100/data/isic2018_raw/ISIC2018_Task1-2_Training_Input/ISIC_0010318.jpg,/root/isic_overlap_pilot_self_contained/data/isic2018/raw/task1_masks/ISIC2018_Task1_Training_GroundTruth/ISIC_0010318_segmentation.png,0,,842519d9757b0e67,813,train
ISIC_0010319,/root/derm_pilot_v100/data/isic2018_raw/ISIC2018_Task1-2_Training_Input/ISIC_0010319.jpg,/root/isic_overlap_pilot_self_contained/data/isic2018/raw/task1_masks/ISIC2018_Task1_Training_GroundTruth/ISIC_0010319_segmentation.png,1,,f063c3969f99c41c,814,train
ISIC_0010320,/root/derm_pilot_v100/data/isic2018_raw/ISIC2018_Task1-2_Training_Input/ISIC_0010320.jpg,/root/isic_overlap_pilot_self_contained/data/isic2018/raw/task1_masks/ISIC2018_Task1_Training_GroundTruth/ISIC_0010320_segmentation.png,0,,80d5075d1e5b6a4f,815,train
ISIC_0010321,/root/derm_pilot_v100/data/isic2018_raw/ISIC2018_Task1-2_Training_Input/ISIC_0010321.jpg,/root/isic_overlap_pilot_self_contained/data/isic2018/raw/task1_masks/ISIC2018_Task1_Training_GroundTruth/ISIC_0010321_segmentation.png,1,,d4b0996d4cc2c7cd,816,train
ISIC_0010322,/root/derm_pilot_v100/data/isic2018_raw/ISIC2018_Task1-2_Training_Input/ISIC_0010322.jpg,/root/isic_overlap_pilot_self_contained/data/isic2018/raw/task1_masks/ISIC2018_Task1_Training_GroundTruth/ISIC_0010322_segmentation.png,1,,f1ea15aa59b0cc9c,817,train
ISIC_0010323,/root/derm_pilot_v100/data/isic2018_raw/ISIC2018_Task1-2_Training_Input/ISIC_0010323.jpg,/root/isic_overlap_pilot_self_contained/data/isic2018/raw/task1_masks/ISIC2018_Task1_Training_GroundTruth/ISIC_0010323_segmentation.png,0,,d49a16a6569fb0cc,818,train
ISIC_0010326,/root/derm_pilot_v100/data/isic2018_raw/ISIC2018_Task1-2_Training_Input/ISIC_0010326.jpg,/root/isic_overlap_pilot_self_contained/data/isic2018/raw/task1_masks/ISIC2018_Task1_Training_GroundTruth/ISIC_0010326_segmentation.png,0,,b1ccce3198379933,819,train
ISIC_0010327,/root/derm_pilot_v100/data/isic2018_raw/ISIC2018_Task1-2_Training_Input/ISIC_0010327.jpg,/root/isic_overlap_pilot_self_contained/data/isic2018/raw/task1_masks/ISIC2018_Task1_Training_GroundTruth/ISIC_0010327_segmentation.png,0,,d192444f123f5a7b,820,test
ISIC_0010329,/root/derm_pilot_v100/data/isic2018_raw/ISIC2018_Task1-2_Training_Input/ISIC_0010329.jpg,/root/isic_overlap_pilot_self_contained/data/isic2018/raw/task1_masks/ISIC2018_Task1_Training_GroundTruth/ISIC_0010329_segmentation.png,1,,f1bd91d5c298c165,821,train
ISIC_0010330,/root/derm_pilot_v100/data/isic2018_raw/ISIC2018_Task1-2_Training_Input/ISIC_0010330.jpg,/root/isic_overlap_pilot_self_contained/data/isic2018/raw/task1_masks/ISIC2018_Task1_Training_GroundTruth/ISIC_0010330_segmentation.png,0,,b49cc15a4f254e7a,822,train
ISIC_0010332,/root/derm_pilot_v100/data/isic2018_raw/ISIC2018_Task1-2_Training_Input/ISIC_0010332.jpg,/root/isic_overlap_pilot_self_contained/data/isic2018/raw/task1_masks/ISIC2018_Task1_Training_GroundTruth/ISIC_0010332_segmentation.png,0,,e16d9b1acd213c4d,823,train
ISIC_0010333,/root/derm_pilot_v100/data/isic2018_raw/ISIC2018_Task1-2_Training_Input/ISIC_0010333.jpg,/root/isic_overlap_pilot_self_contained/data/isic2018/raw/task1_masks/ISIC2018_Task1_Training_GroundTruth/ISIC_0010333_segmentation.png,0,,b0cfce343b8b6470,824,val
ISIC_0010334,/root/derm_pilot_v100/data/isic2018_raw/ISIC2018_Task1-2_Training_Input/ISIC_0010334.jpg,/root/isic_overlap_pilot_self_contained/data/isic2018/raw/task1_masks/ISIC2018_Task1_Training_GroundTruth/ISIC_0010334_segmentation.png,0,,ec3cc4e19b0bf1c4,825,test
ISIC_0010335,/root/derm_pilot_v100/data/isic2018_raw/ISIC2018_Task1-2_Training_Input/ISIC_0010335.jpg,/root/isic_overlap_pilot_self_contained/data/isic2018/raw/task1_masks/ISIC2018_Task1_Training_GroundTruth/ISIC_0010335_segmentation.png,0,,e9cc9b3996a28e85,826,val
ISIC_0010336,/root/derm_pilot_v100/data/isic2018_raw/ISIC2018_Task1-2_Training_Input/ISIC_0010336.jpg,/root/isic_overlap_pilot_self_contained/data/isic2018/raw/task1_masks/ISIC2018_Task1_Training_GroundTruth/ISIC_0010336_segmentation.png,0,,b6cbcd391bc63032,827,val
ISIC_0010337,/root/derm_pilot_v100/data/isic2018_raw/ISIC2018_Task1-2_Training_Input/ISIC_0010337.jpg,/root/isic_overlap_pilot_self_contained/data/isic2018/raw/task1_masks/ISIC2018_Task1_Training_GroundTruth/ISIC_0010337_segmentation.png,0,,d46f98c67061cacb,828,train
ISIC_0010339,/root/derm_pilot_v100/data/isic2018_raw/ISIC2018_Task1-2_Training_Input/ISIC_0010339.jpg,/root/isic_overlap_pilot_self_contained/data/isic2018/raw/task1_masks/ISIC2018_Task1_Training_GroundTruth/ISIC_0010339_segmentation.png,0,,b65ccd637258d819,829,train
ISIC_0010340,/root/derm_pilot_v100/data/isic2018_raw/ISIC2018_Task1-2_Training_Input/ISIC_0010340.jpg,/root/isic_overlap_pilot_self_contained/data/isic2018/raw/task1_masks/ISIC2018_Task1_Training_GroundTruth/ISIC_0010340_segmentation.png,0,,b465cb9a949133e6,830,train
ISIC_0010341,/root/derm_pilot_v100/data/isic2018_raw/ISIC2018_Task1-2_Training_Input/ISIC_0010341.jpg,/root/isic_overlap_pilot_self_contained/data/isic2018/raw/task1_masks/ISIC2018_Task1_Training_GroundTruth/ISIC_0010341_segmentation.png,0,,b7e11ce7324730cc,831,train
ISIC_0010342,/root/derm_pilot_v100/data/isic2018_raw/ISIC2018_Task1-2_Training_Input/ISIC_0010342.jpg,/root/isic_overlap_pilot_self_contained/data/isic2018/raw/task1_masks/ISIC2018_Task1_Training_GroundTruth/ISIC_0010342_segmentation.png,0,,e85b97353a2643ca,832,train
ISIC_0010344,/root/derm_pilot_v100/data/isic2018_raw/ISIC2018_Task1-2_Training_Input/ISIC_0010344.jpg,/root/isic_overlap_pilot_self_contained/data/isic2018/raw/task1_masks/ISIC2018_Task1_Training_GroundTruth/ISIC_0010344_segmentation.png,0,,b066cf1b3cc07327,833,train
ISIC_0010346,/root/derm_pilot_v100/data/isic2018_raw/ISIC2018_Task1-2_Training_Input/ISIC_0010346.jpg,/root/isic_overlap_pilot_self_contained/data/isic2018/raw/task1_masks/ISIC2018_Task1_Training_GroundTruth/ISIC_0010346_segmentation.png,0,,f3ce8c3832a65dc8,834,train
ISIC_0010347,/root/derm_pilot_v100/data/isic2018_raw/ISIC2018_Task1-2_Training_Input/ISIC_0010347.jpg,/root/isic_overlap_pilot_self_contained/data/isic2018/raw/task1_masks/ISIC2018_Task1_Training_GroundTruth/ISIC_0010347_segmentation.png,0,,d7884962309f67e9,835,test
ISIC_0010348,/root/derm_pilot_v100/data/isic2018_raw/ISIC2018_Task1-2_Training_Input/ISIC_0010348.jpg,/root/isic_overlap_pilot_self_contained/data/isic2018/raw/task1_masks/ISIC2018_Task1_Training_GroundTruth/ISIC_0010348_segmentation.png,0,,e363cccd33338c0e,1,test
ISIC_0010349,/root/derm_pilot_v100/data/isic2018_raw/ISIC2018_Task1-2_Training_Input/ISIC_0010349.jpg,/root/isic_overlap_pilot_self_contained/data/isic2018/raw/task1_masks/ISIC2018_Task1_Training_GroundTruth/ISIC_0010349_segmentation.png,1,,ad46c12fc7668cc9,836,train
ISIC_0010350,/root/derm_pilot_v100/data/isic2018_raw/ISIC2018_Task1-2_Training_Input/ISIC_0010350.jpg,/root/isic_overlap_pilot_self_contained/data/isic2018/raw/task1_masks/ISIC2018_Task1_Training_GroundTruth/ISIC_0010350_segmentation.png,1,,a5cc9e396d3644c6,837,train
ISIC_0010351,/root/derm_pilot_v100/data/isic2018_raw/ISIC2018_Task1-2_Training_Input/ISIC_0010351.jpg,/root/isic_overlap_pilot_self_contained/data/isic2018/raw/task1_masks/ISIC2018_Task1_Training_GroundTruth/ISIC_0010351_segmentation.png,0,,d18d5dd831544f72,838,val
ISIC_0010356,/root/derm_pilot_v100/data/isic2018_raw/ISIC2018_Task1-2_Training_Input/ISIC_0010356.jpg,/root/isic_overlap_pilot_self_contained/data/isic2018/raw/task1_masks/ISIC2018_Task1_Training_GroundTruth/ISIC_0010356_segmentation.png,0,,d3334ccc3333cccc,1,test
ISIC_0010357,/root/derm_pilot_v100/data/isic2018_raw/ISIC2018_Task1-2_Training_Input/ISIC_0010357.jpg,/root/isic_overlap_pilot_self_contained/data/isic2018/raw/task1_masks/ISIC2018_Task1_Training_GroundTruth/ISIC_0010357_segmentation.png,0,,d3194c6673cccc4b,839,val
ISIC_0010358,/root/derm_pilot_v100/data/isic2018_raw/ISIC2018_Task1-2_Training_Input/ISIC_0010358.jpg,/root/isic_overlap_pilot_self_contained/data/isic2018/raw/task1_masks/ISIC2018_Task1_Training_GroundTruth/ISIC_0010358_segmentation.png,1,,c59a9a6565989e69,840,train
ISIC_0010360,/root/derm_pilot_v100/data/isic2018_raw/ISIC2018_Task1-2_Training_Input/ISIC_0010360.jpg,/root/isic_overlap_pilot_self_contained/data/isic2018/raw/task1_masks/ISIC2018_Task1_Training_GroundTruth/ISIC_0010360_segmentation.png,1,,b46dcb93366c6170,841,train
ISIC_0010361,/root/derm_pilot_v100/data/isic2018_raw/ISIC2018_Task1-2_Training_Input/ISIC_0010361.jpg,/root/isic_overlap_pilot_self_contained/data/isic2018/raw/task1_masks/ISIC2018_Task1_Training_GroundTruth/ISIC_0010361_segmentation.png,0,,a4dfc340cd3c3cb4,842,test
ISIC_0010362,/root/derm_pilot_v100/data/isic2018_raw/ISIC2018_Task1-2_Training_Input/ISIC_0010362.jpg,/root/isic_overlap_pilot_self_contained/data/isic2018/raw/task1_masks/ISIC2018_Task1_Training_GroundTruth/ISIC_0010362_segmentation.png,0,,913847c73838cfc7,843,train
ISIC_0010364,/root/derm_pilot_v100/data/isic2018_raw/ISIC2018_Task1-2_Training_Input/ISIC_0010364.jpg,/root/isic_overlap_pilot_self_contained/data/isic2018/raw/task1_masks/ISIC2018_Task1_Training_GroundTruth/ISIC_0010364_segmentation.png,1,,b01bcf67309827b9,844,train
ISIC_0010365,/root/derm_pilot_v100/data/isic2018_raw/ISIC2018_Task1-2_Training_Input/ISIC_0010365.jpg,/root/isic_overlap_pilot_self_contained/data/isic2018/raw/task1_masks/ISIC2018_Task1_Training_GroundTruth/ISIC_0010365_segmentation.png,0,,f44cc93364cf139c,845,train
ISIC_0010367,/root/derm_pilot_v100/data/isic2018_raw/ISIC2018_Task1-2_Training_Input/ISIC_0010367.jpg,/root/isic_overlap_pilot_self_contained/data/isic2018/raw/task1_masks/ISIC2018_Task1_Training_GroundTruth/ISIC_0010367_segmentation.png,0,,c2899c7233cc9d73,846,train
ISIC_0010368,/root/derm_pilot_v100/data/isic2018_raw/ISIC2018_Task1-2_Training_Input/ISIC_0010368.jpg,/root/isic_overlap_pilot_self_contained/data/isic2018/raw/task1_masks/ISIC2018_Task1_Training_GroundTruth/ISIC_0010368_segmentation.png,0,,e593986c31b66399,847,test
ISIC_0010370,/root/derm_pilot_v100/data/isic2018_raw/ISIC2018_Task1-2_Training_Input/ISIC_0010370.jpg,/root/isic_overlap_pilot_self_contained/data/isic2018/raw/task1_masks/ISIC2018_Task1_Training_GroundTruth/ISIC_0010370_segmentation.png,0,,b598c26f932ccce1,848,val
ISIC_0010372,/root/derm_pilot_v100/data/isic2018_raw/ISIC2018_Task1-2_Training_Input/ISIC_0010372.jpg,/root/isic_overlap_pilot_self_contained/data/isic2018/raw/task1_masks/ISIC2018_Task1_Training_GroundTruth/ISIC_0010372_segmentation.png,1,,e363989a3d7424ce,849,test
ISIC_0010374,/root/derm_pilot_v100/data/isic2018_raw/ISIC2018_Task1-2_Training_Input/ISIC_0010374.jpg,/root/isic_overlap_pilot_self_contained/data/isic2018/raw/task1_masks/ISIC2018_Task1_Training_GroundTruth/ISIC_0010374_segmentation.png,0,,e964854a9e997837,850,train
ISIC_0010379,/root/derm_pilot_v100/data/isic2018_raw/ISIC2018_Task1-2_Training_Input/ISIC_0010379.jpg,/root/isic_overlap_pilot_self_contained/data/isic2018/raw/task1_masks/ISIC2018_Task1_Training_GroundTruth/ISIC_0010379_segmentation.png,1,,c4dd156150b714bf,851,train
ISIC_0010380,/root/derm_pilot_v100/data/isic2018_raw/ISIC2018_Task1-2_Training_Input/ISIC_0010380.jpg,/root/isic_overlap_pilot_self_contained/data/isic2018/raw/task1_masks/ISIC2018_Task1_Training_GroundTruth/ISIC_0010380_segmentation.png,1,,e59b9a67219c6193,852,train
ISIC_0010382,/root/derm_pilot_v100/data/isic2018_raw/ISIC2018_Task1-2_Training_Input/ISIC_0010382.jpg,/root/isic_overlap_pilot_self_contained/data/isic2018/raw/task1_masks/ISIC2018_Task1_Training_GroundTruth/ISIC_0010382_segmentation.png,0,,890bb6b48869dcfc,853,train
ISIC_0010435,/root/derm_pilot_v100/data/isic2018_raw/ISIC2018_Task1-2_Training_Input/ISIC_0010435.jpg,/root/isic_overlap_pilot_self_contained/data/isic2018/raw/task1_masks/ISIC2018_Task1_Training_GroundTruth/ISIC_0010435_segmentation.png,0,,80c319cc769b677c,854,train
ISIC_0010439,/root/derm_pilot_v100/data/isic2018_raw/ISIC2018_Task1-2_Training_Input/ISIC_0010439.jpg,/root/isic_overlap_pilot_self_contained/data/isic2018/raw/task1_masks/ISIC2018_Task1_Training_GroundTruth/ISIC_0010439_segmentation.png,0,,847e1999666699d9,135,val
ISIC_0010441,/root/derm_pilot_v100/data/isic2018_raw/ISIC2018_Task1-2_Training_Input/ISIC_0010441.jpg,/root/isic_overlap_pilot_self_contained/data/isic2018/raw/task1_masks/ISIC2018_Task1_Training_GroundTruth/ISIC_0010441_segmentation.png,1,,cd6c12937c6c1ada,855,test
ISIC_0010442,/root/derm_pilot_v100/data/isic2018_raw/ISIC2018_Task1-2_Training_Input/ISIC_0010442.jpg,/root/isic_overlap_pilot_self_contained/data/isic2018/raw/task1_masks/ISIC2018_Task1_Training_GroundTruth/ISIC_0010442_segmentation.png,0,,e1678696199a69d9,856,test
ISIC_0010443,/root/derm_pilot_v100/data/isic2018_raw/ISIC2018_Task1-2_Training_Input/ISIC_0010443.jpg,/root/isic_overlap_pilot_self_contained/data/isic2018/raw/task1_masks/ISIC2018_Task1_Training_GroundTruth/ISIC_0010443_segmentation.png,0,,e664989b616d6666,197,val
ISIC_0010444,/root/derm_pilot_v100/data/isic2018_raw/ISIC2018_Task1-2_Training_Input/ISIC_0010444.jpg,/root/isic_overlap_pilot_self_contained/data/isic2018/raw/task1_masks/ISIC2018_Task1_Training_GroundTruth/ISIC_0010444_segmentation.png,0,,c6d91926668d9973,640,train
ISIC_0010445,/root/derm_pilot_v100/data/isic2018_raw/ISIC2018_Task1-2_Training_Input/ISIC_0010445.jpg,/root/isic_overlap_pilot_self_contained/data/isic2018/raw/task1_masks/ISIC2018_Task1_Training_GroundTruth/ISIC_0010445_segmentation.png,0,,b37a4c6613f232d2,857,test
ISIC_0010447,/root/derm_pilot_v100/data/isic2018_raw/ISIC2018_Task1-2_Training_Input/ISIC_0010447.jpg,/root/isic_overlap_pilot_self_contained/data/isic2018/raw/task1_masks/ISIC2018_Task1_Training_GroundTruth/ISIC_0010447_segmentation.png,0,,b032c37bc3639947,858,train
ISIC_0010448,/root/derm_pilot_v100/data/isic2018_raw/ISIC2018_Task1-2_Training_Input/ISIC_0010448.jpg,/root/isic_overlap_pilot_self_contained/data/isic2018/raw/task1_masks/ISIC2018_Task1_Training_GroundTruth/ISIC_0010448_segmentation.png,0,,bfccb461c2c6c88b,859,train
ISIC_0010449,/root/derm_pilot_v100/data/isic2018_raw/ISIC2018_Task1-2_Training_Input/ISIC_0010449.jpg,/root/isic_overlap_pilot_self_contained/data/isic2018/raw/task1_masks/ISIC2018_Task1_Training_GroundTruth/ISIC_0010449_segmentation.png,0,,b463c31fcf180c79,860,train
ISIC_0010452,/root/derm_pilot_v100/data/isic2018_raw/ISIC2018_Task1-2_Training_Input/ISIC_0010452.jpg,/root/isic_overlap_pilot_self_contained/data/isic2018/raw/task1_masks/ISIC2018_Task1_Training_GroundTruth/ISIC_0010452_segmentation.png,0,,e106966f68ed6516,861,train
ISIC_0010455,/root/derm_pilot_v100/data/isic2018_raw/ISIC2018_Task1-2_Training_Input/ISIC_0010455.jpg,/root/isic_overlap_pilot_self_contained/data/isic2018/raw/task1_masks/ISIC2018_Task1_Training_GroundTruth/ISIC_0010455_segmentation.png,0,,af16c07bcd60326b,862,train
ISIC_0010456,/root/derm_pilot_v100/data/isic2018_raw/ISIC2018_Task1-2_Training_Input/ISIC_0010456.jpg,/root/isic_overlap_pilot_self_contained/data/isic2018/raw/task1_masks/ISIC2018_Task1_Training_GroundTruth/ISIC_0010456_segmentation.png,0,,931e4cf171c0ce73,863,train
ISIC_0010457,/root/derm_pilot_v100/data/isic2018_raw/ISIC2018_Task1-2_Training_Input/ISIC_0010457.jpg,/root/isic_overlap_pilot_self_contained/data/isic2018/raw/task1_masks/ISIC2018_Task1_Training_GroundTruth/ISIC_0010457_segmentation.png,0,,dbbba68e85128732,864,train
ISIC_0010458,/root/derm_pilot_v100/data/isic2018_raw/ISIC2018_Task1-2_Training_Input/ISIC_0010458.jpg,/root/isic_overlap_pilot_self_contained/data/isic2018/raw/task1_masks/ISIC2018_Task1_Training_GroundTruth/ISIC_0010458_segmentation.png,0,,c5739acd61982673,865,train
ISIC_0010459,/root/derm_pilot_v100/data/isic2018_raw/ISIC2018_Task1-2_Training_Input/ISIC_0010459.jpg,/root/isic_overlap_pilot_self_contained/data/isic2018/raw/task1_masks/ISIC2018_Task1_Training_GroundTruth/ISIC_0010459_segmentation.png,0,,fa4e836b8625cb26,866,train
ISIC_0010461,/root/derm_pilot_v100/data/isic2018_raw/ISIC2018_Task1-2_Training_Input/ISIC_0010461.jpg,/root/isic_overlap_pilot_self_contained/data/isic2018/raw/task1_masks/ISIC2018_Task1_Training_GroundTruth/ISIC_0010461_segmentation.png,0,,b3d8cc67339893c4,867,train
ISIC_0010462,/root/derm_pilot_v100/data/isic2018_raw/ISIC2018_Task1-2_Training_Input/ISIC_0010462.jpg,/root/isic_overlap_pilot_self_contained/data/isic2018/raw/task1_masks/ISIC2018_Task1_Training_GroundTruth/ISIC_0010462_segmentation.png,0,,b36ac84c722bcb4e,868,test
ISIC_0010463,/root/derm_pilot_v100/data/isic2018_raw/ISIC2018_Task1-2_Training_Input/ISIC_0010463.jpg,/root/isic_overlap_pilot_self_contained/data/isic2018/raw/task1_masks/ISIC2018_Task1_Training_GroundTruth/ISIC_0010463_segmentation.png,0,,e894c74b3d24739a,869,train
ISIC_0010465,/root/derm_pilot_v100/data/isic2018_raw/ISIC2018_Task1-2_Training_Input/ISIC_0010465.jpg,/root/isic_overlap_pilot_self_contained/data/isic2018/raw/task1_masks/ISIC2018_Task1_Training_GroundTruth/ISIC_0010465_segmentation.png,0,,b1cecf3064999ec4,870,train
ISIC_0010466,/root/derm_pilot_v100/data/isic2018_raw/ISIC2018_Task1-2_Training_Input/ISIC_0010466.jpg,/root/isic_overlap_pilot_self_contained/data/isic2018/raw/task1_masks/ISIC2018_Task1_Training_GroundTruth/ISIC_0010466_segmentation.png,1,,d1cc4d3336cd3866,871,train
ISIC_0010467,/root/derm_pilot_v100/data/isic2018_raw/ISIC2018_Task1-2_Training_Input/ISIC_0010467.jpg,/root/isic_overlap_pilot_self_contained/data/isic2018/raw/task1_masks/ISIC2018_Task1_Training_GroundTruth/ISIC_0010467_segmentation.png,0,,d6cc197366cc3331,872,train
ISIC_0010468,/root/derm_pilot_v100/data/isic2018_raw/ISIC2018_Task1-2_Training_Input/ISIC_0010468.jpg,/root/isic_overlap_pilot_self_contained/data/isic2018/raw/task1_masks/ISIC2018_Task1_Training_GroundTruth/ISIC_0010468_segmentation.png,1,,b38dcd3666193362,873,train
ISIC_0010472,/root/derm_pilot_v100/data/isic2018_raw/ISIC2018_Task1-2_Training_Input/ISIC_0010472.jpg,/root/isic_overlap_pilot_self_contained/data/isic2018/raw/task1_masks/ISIC2018_Task1_Training_GroundTruth/ISIC_0010472_segmentation.png,0,,d53b5ccc217706c9,874,train
ISIC_0010473,/root/derm_pilot_v100/data/isic2018_raw/ISIC2018_Task1-2_Training_Input/ISIC_0010473.jpg,/root/isic_overlap_pilot_self_contained/data/isic2018/raw/task1_masks/ISIC2018_Task1_Training_GroundTruth/ISIC_0010473_segmentation.png,0,,b04acd3c8df146e9,875,test
ISIC_0010474,/root/derm_pilot_v100/data/isic2018_raw/ISIC2018_Task1-2_Training_Input/ISIC_0010474.jpg,/root/isic_overlap_pilot_self_contained/data/isic2018/raw/task1_masks/ISIC2018_Task1_Training_GroundTruth/ISIC_0010474_segmentation.png,0,,c44659db26665c9b,876,train
ISIC_0010475,/root/derm_pilot_v100/data/isic2018_raw/ISIC2018_Task1-2_Training_Input/ISIC_0010475.jpg,/root/isic_overlap_pilot_self_contained/data/isic2018/raw/task1_masks/ISIC2018_Task1_Training_GroundTruth/ISIC_0010475_segmentation.png,0,,f1c7cc3823ce3293,877,train
ISIC_0010476,/root/derm_pilot_v100/data/isic2018_raw/ISIC2018_Task1-2_Training_Input/ISIC_0010476.jpg,/root/isic_overlap_pilot_self_contained/data/isic2018/raw/task1_masks/ISIC2018_Task1_Training_GroundTruth/ISIC_0010476_segmentation.png,1,,c64e193b34963376,878,train
ISIC_0010477,/root/derm_pilot_v100/data/isic2018_raw/ISIC2018_Task1-2_Training_Input/ISIC_0010477.jpg,/root/isic_overlap_pilot_self_contained/data/isic2018/raw/task1_masks/ISIC2018_Task1_Training_GroundTruth/ISIC_0010477_segmentation.png,0,,f2a554b29ec73449,879,test
ISIC_0010479,/root/derm_pilot_v100/data/isic2018_raw/ISIC2018_Task1-2_Training_Input/ISIC_0010479.jpg,/root/isic_overlap_pilot_self_contained/data/isic2018/raw/task1_masks/ISIC2018_Task1_Training_GroundTruth/ISIC_0010479_segmentation.png,0,,e43d99e476939886,880,train
ISIC_0010480,/root/derm_pilot_v100/data/isic2018_raw/ISIC2018_Task1-2_Training_Input/ISIC_0010480.jpg,/root/isic_overlap_pilot_self_contained/data/isic2018/raw/task1_masks/ISIC2018_Task1_Training_GroundTruth/ISIC_0010480_segmentation.png,0,,e9b6946b4a062f96,881,test
ISIC_0010481,/root/derm_pilot_v100/data/isic2018_raw/ISIC2018_Task1-2_Training_Input/ISIC_0010481.jpg,/root/isic_overlap_pilot_self_contained/data/isic2018/raw/task1_masks/ISIC2018_Task1_Training_GroundTruth/ISIC_0010481_segmentation.png,0,,91314cc776cc7173,882,train
ISIC_0010483,/root/derm_pilot_v100/data/isic2018_raw/ISIC2018_Task1-2_Training_Input/ISIC_0010483.jpg,/root/isic_overlap_pilot_self_contained/data/isic2018/raw/task1_masks/ISIC2018_Task1_Training_GroundTruth/ISIC_0010483_segmentation.png,0,,b1cecc3133ce4d91,9,train
ISIC_0010487,/root/derm_pilot_v100/data/isic2018_raw/ISIC2018_Task1-2_Training_Input/ISIC_0010487.jpg,/root/isic_overlap_pilot_self_contained/data/isic2018/raw/task1_masks/ISIC2018_Task1_Training_GroundTruth/ISIC_0010487_segmentation.png,0,,d12d96d23f2d6131,883,train
ISIC_0010488,/root/derm_pilot_v100/data/isic2018_raw/ISIC2018_Task1-2_Training_Input/ISIC_0010488.jpg,/root/isic_overlap_pilot_self_contained/data/isic2018/raw/task1_masks/ISIC2018_Task1_Training_GroundTruth/ISIC_0010488_segmentation.png,0,,fdd1d20e6b61348a,884,val
ISIC_0010490,/root/derm_pilot_v100/data/isic2018_raw/ISIC2018_Task1-2_Training_Input/ISIC_0010490.jpg,/root/isic_overlap_pilot_self_contained/data/isic2018/raw/task1_masks/ISIC2018_Task1_Training_GroundTruth/ISIC_0010490_segmentation.png,0,,b1d3ce4e6c31218f,885,test
ISIC_0010492,/root/derm_pilot_v100/data/isic2018_raw/ISIC2018_Task1-2_Training_Input/ISIC_0010492.jpg,/root/isic_overlap_pilot_self_contained/data/isic2018/raw/task1_masks/ISIC2018_Task1_Training_GroundTruth/ISIC_0010492_segmentation.png,0,,ecb5c94fc380157a,886,train
ISIC_0010493,/root/derm_pilot_v100/data/isic2018_raw/ISIC2018_Task1-2_Training_Input/ISIC_0010493.jpg,/root/isic_overlap_pilot_self_contained/data/isic2018/raw/task1_masks/ISIC2018_Task1_Training_GroundTruth/ISIC_0010493_segmentation.png,0,,e11696dbd84e198d,887,test
ISIC_0010494,/root/derm_pilot_v100/data/isic2018_raw/ISIC2018_Task1-2_Training_Input/ISIC_0010494.jpg,/root/isic_overlap_pilot_self_contained/data/isic2018/raw/task1_masks/ISIC2018_Task1_Training_GroundTruth/ISIC_0010494_segmentation.png,0,,f0c9c6364f7160c7,888,train
ISIC_0010496,/root/derm_pilot_v100/data/isic2018_raw/ISIC2018_Task1-2_Training_Input/ISIC_0010496.jpg,/root/isic_overlap_pilot_self_contained/data/isic2018/raw/task1_masks/ISIC2018_Task1_Training_GroundTruth/ISIC_0010496_segmentation.png,0,,b76c939acc59c8e0,889,train
ISIC_0010497,/root/derm_pilot_v100/data/isic2018_raw/ISIC2018_Task1-2_Training_Input/ISIC_0010497.jpg,/root/isic_overlap_pilot_self_contained/data/isic2018/raw/task1_masks/ISIC2018_Task1_Training_GroundTruth/ISIC_0010497_segmentation.png,0,,b0d0cd2e966d31d3,890,val
ISIC_0010498,/root/derm_pilot_v100/data/isic2018_raw/ISIC2018_Task1-2_Training_Input/ISIC_0010498.jpg,/root/isic_overlap_pilot_self_contained/data/isic2018/raw/task1_masks/ISIC2018_Task1_Training_GroundTruth/ISIC_0010498_segmentation.png,0,,e6e3998c269ccd51,891,test
ISIC_0010552,/root/derm_pilot_v100/data/isic2018_raw/ISIC2018_Task1-2_Training_Input/ISIC_0010552.jpg,/root/isic_overlap_pilot_self_contained/data/isic2018/raw/task1_masks/ISIC2018_Task1_Training_GroundTruth/ISIC_0010552_segmentation.png,0,,e5c9d2354f7009e6,892,val
ISIC_0010553,/root/derm_pilot_v100/data/isic2018_raw/ISIC2018_Task1-2_Training_Input/ISIC_0010553.jpg,/root/isic_overlap_pilot_self_contained/data/isic2018/raw/task1_masks/ISIC2018_Task1_Training_GroundTruth/ISIC_0010553_segmentation.png,0,,f0e0cf993465c39a,893,train
ISIC_0010554,/root/derm_pilot_v100/data/isic2018_raw/ISIC2018_Task1-2_Training_Input/ISIC_0010554.jpg,/root/isic_overlap_pilot_self_contained/data/isic2018/raw/task1_masks/ISIC2018_Task1_Training_GroundTruth/ISIC_0010554_segmentation.png,0,,d3c60c99466c7b4e,894,train
ISIC_0010557,/root/derm_pilot_v100/data/isic2018_raw/ISIC2018_Task1-2_Training_Input/ISIC_0010557.jpg,/root/isic_overlap_pilot_self_contained/data/isic2018/raw/task1_masks/ISIC2018_Task1_Training_GroundTruth/ISIC_0010557_segmentation.png,0,,93f4cc673333328c,895,train
ISIC_0010558,/root/derm_pilot_v100/data/isic2018_raw/ISIC2018_Task1-2_Training_Input/ISIC_0010558.jpg,/root/isic_overlap_pilot_self_contained/data/isic2018/raw/task1_masks/ISIC2018_Task1_Training_GroundTruth/ISIC_0010558_segmentation.png,0,,f646c0f1cf9d3043,896,test
ISIC_0010562,/root/derm_pilot_v100/data/isic2018_raw/ISIC2018_Task1-2_Training_Input/ISIC_0010562.jpg,/root/isic_overlap_pilot_self_contained/data/isic2018/raw/task1_masks/ISIC2018_Task1_Training_GroundTruth/ISIC_0010562_segmentation.png,0,,d71d89632a8d9752,897,test
ISIC_0010565,/root/derm_pilot_v100/data/isic2018_raw/ISIC2018_Task1-2_Training_Input/ISIC_0010565.jpg,/root/isic_overlap_pilot_self_contained/data/isic2018/raw/task1_masks/ISIC2018_Task1_Training_GroundTruth/ISIC_0010565_segmentation.png,0,,c41b9a655906fb2e,898,train
ISIC_0010566,/root/derm_pilot_v100/data/isic2018_raw/ISIC2018_Task1-2_Training_Input/ISIC_0010566.jpg,/root/isic_overlap_pilot_self_contained/data/isic2018/raw/task1_masks/ISIC2018_Task1_Training_GroundTruth/ISIC_0010566_segmentation.png,0,,d1d2cc293273cfc8,899,test
ISIC_0010567,/root/derm_pilot_v100/data/isic2018_raw/ISIC2018_Task1-2_Training_Input/ISIC_0010567.jpg,/root/isic_overlap_pilot_self_contained/data/isic2018/raw/task1_masks/ISIC2018_Task1_Training_GroundTruth/ISIC_0010567_segmentation.png,0,,f33b8c4c23919b66,900,train
ISIC_0010568,/root/derm_pilot_v100/data/isic2018_raw/ISIC2018_Task1-2_Training_Input/ISIC_0010568.jpg,/root/isic_overlap_pilot_self_contained/data/isic2018/raw/task1_masks/ISIC2018_Task1_Training_GroundTruth/ISIC_0010568_segmentation.png,0,,e4399f8749643699,901,test
ISIC_0010569,/root/derm_pilot_v100/data/isic2018_raw/ISIC2018_Task1-2_Training_Input/ISIC_0010569.jpg,/root/isic_overlap_pilot_self_contained/data/isic2018/raw/task1_masks/ISIC2018_Task1_Training_GroundTruth/ISIC_0010569_segmentation.png,0,,d4d398fa262d88f4,902,train
ISIC_0010570,/root/derm_pilot_v100/data/isic2018_raw/ISIC2018_Task1-2_Training_Input/ISIC_0010570.jpg,/root/isic_overlap_pilot_self_contained/data/isic2018/raw/task1_masks/ISIC2018_Task1_Training_GroundTruth/ISIC_0010570_segmentation.png,0,,e5639e9c931c6332,903,train
ISIC_0010571,/root/derm_pilot_v100/data/isic2018_raw/ISIC2018_Task1-2_Training_Input/ISIC_0010571.jpg,/root/isic_overlap_pilot_self_contained/data/isic2018/raw/task1_masks/ISIC2018_Task1_Training_GroundTruth/ISIC_0010571_segmentation.png,0,,e1c9963cc866359e,904,test
ISIC_0010572,/root/derm_pilot_v100/data/isic2018_raw/ISIC2018_Task1-2_Training_Input/ISIC_0010572.jpg,/root/isic_overlap_pilot_self_contained/data/isic2018/raw/task1_masks/ISIC2018_Task1_Training_GroundTruth/ISIC_0010572_segmentation.png,0,,b462c33ec6c94d3c,905,test
ISIC_0010573,/root/derm_pilot_v100/data/isic2018_raw/ISIC2018_Task1-2_Training_Input/ISIC_0010573.jpg,/root/isic_overlap_pilot_self_contained/data/isic2018/raw/task1_masks/ISIC2018_Task1_Training_GroundTruth/ISIC_0010573_segmentation.png,0,,f4ce98984db16732,906,train
ISIC_0010574,/root/derm_pilot_v100/data/isic2018_raw/ISIC2018_Task1-2_Training_Input/ISIC_0010574.jpg,/root/isic_overlap_pilot_self_contained/data/isic2018/raw/task1_masks/ISIC2018_Task1_Training_GroundTruth/ISIC_0010574_segmentation.png,0,,d3cc4c3366334ecc,907,train
ISIC_0010576,/root/derm_pilot_v100/data/isic2018_raw/ISIC2018_Task1-2_Training_Input/ISIC_0010576.jpg,/root/isic_overlap_pilot_self_contained/data/isic2018/raw/task1_masks/ISIC2018_Task1_Training_GroundTruth/ISIC_0010576_segmentation.png,1,,b299ce658ce6c847,908,train
ISIC_0010581,/root/derm_pilot_v100/data/isic2018_raw/ISIC2018_Task1-2_Training_Input/ISIC_0010581.jpg,/root/isic_overlap_pilot_self_contained/data/isic2018/raw/task1_masks/ISIC2018_Task1_Training_GroundTruth/ISIC_0010581_segmentation.png,0,,e5cc9b33092366d9,909,train
ISIC_0010584,/root/derm_pilot_v100/data/isic2018_raw/ISIC2018_Task1-2_Training_Input/ISIC_0010584.jpg,/root/isic_overlap_pilot_self_contained/data/isic2018/raw/task1_masks/ISIC2018_Task1_Training_GroundTruth/ISIC_0010584_segmentation.png,0,,93834c2733b94fca,910,train
ISIC_0010585,/root/derm_pilot_v100/data/isic2018_raw/ISIC2018_Task1-2_Training_Input/ISIC_0010585.jpg,/root/isic_overlap_pilot_self_contained/data/isic2018/raw/task1_masks/ISIC2018_Task1_Training_GroundTruth/ISIC_0010585_segmentation.png,0,,c4f05d99446676d9,911,train
ISIC_0010587,/root/derm_pilot_v100/data/isic2018_raw/ISIC2018_Task1-2_Training_Input/ISIC_0010587.jpg,/root/isic_overlap_pilot_self_contained/data/isic2018/raw/task1_masks/ISIC2018_Task1_Training_GroundTruth/ISIC_0010587_segmentation.png,1,,b066cf9b3034c763,912,train
ISIC_0010588,/root/derm_pilot_v100/data/isic2018_raw/ISIC2018_Task1-2_Training_Input/ISIC_0010588.jpg,/root/isic_overlap_pilot_self_contained/data/isic2018/raw/task1_masks/ISIC2018_Task1_Training_GroundTruth/ISIC_0010588_segmentation.png,0,,db9ac11dd3968e84,913,test
ISIC_0010589,/root/derm_pilot_v100/data/isic2018_raw/ISIC2018_Task1-2_Training_Input/ISIC_0010589.jpg,/root/isic_overlap_pilot_self_contained/data/isic2018/raw/task1_masks/ISIC2018_Task1_Training_GroundTruth/ISIC_0010589_segmentation.png,0,,b867c718c3383cc7,914,test
ISIC_0010590,/root/derm_pilot_v100/data/isic2018_raw/ISIC2018_Task1-2_Training_Input/ISIC_0010590.jpg,/root/isic_overlap_pilot_self_contained/data/isic2018/raw/task1_masks/ISIC2018_Task1_Training_GroundTruth/ISIC_0010590_segmentation.png,0,,d5d85d2673994466,915,train
ISIC_0010591,/root/derm_pilot_v100/data/isic2018_raw/ISIC2018_Task1-2_Training_Input/ISIC_0010591.jpg,/root/isic_overlap_pilot_self_contained/data/isic2018/raw/task1_masks/ISIC2018_Task1_Training_GroundTruth/ISIC_0010591_segmentation.png,1,,9544cab365cc23bb,916,test
ISIC_0010592,/root/derm_pilot_v100/data/isic2018_raw/ISIC2018_Task1-2_Training_Input/ISIC_0010592.jpg,/root/isic_overlap_pilot_self_contained/data/isic2018/raw/task1_masks/ISIC2018_Task1_Training_GroundTruth/ISIC_0010592_segmentation.png,0,,843d592676d90f66,917,val
ISIC_0010593,/root/derm_pilot_v100/data/isic2018_raw/ISIC2018_Task1-2_Training_Input/ISIC_0010593.jpg,/root/isic_overlap_pilot_self_contained/data/isic2018/raw/task1_masks/ISIC2018_Task1_Training_GroundTruth/ISIC_0010593_segmentation.png,0,,863b197666999966,640,train
ISIC_0010595,/root/derm_pilot_v100/data/isic2018_raw/ISIC2018_Task1-2_Training_Input/ISIC_0010595.jpg,/root/isic_overlap_pilot_self_contained/data/isic2018/raw/task1_masks/ISIC2018_Task1_Training_GroundTruth/ISIC_0010595_segmentation.png,0,,e525969d59869359,918,train
ISIC_0010596,/root/derm_pilot_v100/data/isic2018_raw/ISIC2018_Task1-2_Training_Input/ISIC_0010596.jpg,/root/isic_overlap_pilot_self_contained/data/isic2018/raw/task1_masks/ISIC2018_Task1_Training_GroundTruth/ISIC_0010596_segmentation.png,1,,b49c9969c762cc93,919,train
ISIC_0010597,/root/derm_pilot_v100/data/isic2018_raw/ISIC2018_Task1-2_Training_Input/ISIC_0010597.jpg,/root/isic_overlap_pilot_self_contained/data/isic2018/raw/task1_masks/ISIC2018_Task1_Training_GroundTruth/ISIC_0010597_segmentation.png,1,,e599866798663927,920,train
ISIC_0010598,/root/derm_pilot_v100/data/isic2018_raw/ISIC2018_Task1-2_Training_Input/ISIC_0010598.jpg,/root/isic_overlap_pilot_self_contained/data/isic2018/raw/task1_masks/ISIC2018_Task1_Training_GroundTruth/ISIC_0010598_segmentation.png,0,,d3334ccc33338dd8,1,test
ISIC_0010599,/root/derm_pilot_v100/data/isic2018_raw/ISIC2018_Task1-2_Training_Input/ISIC_0010599.jpg,/root/isic_overlap_pilot_self_contained/data/isic2018/raw/task1_masks/ISIC2018_Task1_Training_GroundTruth/ISIC_0010599_segmentation.png,0,,e53396c7194c9ba4,921,val
ISIC_0010602,/root/derm_pilot_v100/data/isic2018_raw/ISIC2018_Task1-2_Training_Input/ISIC_0010602.jpg,/root/isic_overlap_pilot_self_contained/data/isic2018/raw/task1_masks/ISIC2018_Task1_Training_GroundTruth/ISIC_0010602_segmentation.png,0,,fe1d81c0d64f3934,922,train
ISIC_0010603,/root/derm_pilot_v100/data/isic2018_raw/ISIC2018_Task1-2_Training_Input/ISIC_0010603.jpg,/root/isic_overlap_pilot_self_contained/data/isic2018/raw/task1_masks/ISIC2018_Task1_Training_GroundTruth/ISIC_0010603_segmentation.png,0,,b262c2a78d9ba49d,923,val
ISIC_0010604,/root/derm_pilot_v100/data/isic2018_raw/ISIC2018_Task1-2_Training_Input/ISIC_0010604.jpg,/root/isic_overlap_pilot_self_contained/data/isic2018/raw/task1_masks/ISIC2018_Task1_Training_GroundTruth/ISIC_0010604_segmentation.png,0,,b037c56886d97c27,924,train
ISIC_0010605,/root/derm_pilot_v100/data/isic2018_raw/ISIC2018_Task1-2_Training_Input/ISIC_0010605.jpg,/root/isic_overlap_pilot_self_contained/data/isic2018/raw/task1_masks/ISIC2018_Task1_Training_GroundTruth/ISIC_0010605_segmentation.png,0,,d0424aeea4e99bcb,925,train
ISIC_0010606,/root/derm_pilot_v100/data/isic2018_raw/ISIC2018_Task1-2_Training_Input/ISIC_0010606.jpg,/root/isic_overlap_pilot_self_contained/data/isic2018/raw/task1_masks/ISIC2018_Task1_Training_GroundTruth/ISIC_0010606_segmentation.png,0,,b09dcfa23c1673c1,926,train
ISIC_0010607,/root/derm_pilot_v100/data/isic2018_raw/ISIC2018_Task1-2_Training_Input/ISIC_0010607.jpg,/root/isic_overlap_pilot_self_contained/data/isic2018/raw/task1_masks/ISIC2018_Task1_Training_GroundTruth/ISIC_0010607_segmentation.png,0,,d589596751cd5165,927,train
ISIC_0010844,/root/derm_pilot_v100/data/isic2018_raw/ISIC2018_Task1-2_Training_Input/ISIC_0010844.jpg,/root/isic_overlap_pilot_self_contained/data/isic2018/raw/task1_masks/ISIC2018_Task1_Training_GroundTruth/ISIC_0010844_segmentation.png,0,,b0e6ccd83f93212d,928,train
ISIC_0010846,/root/derm_pilot_v100/data/isic2018_raw/ISIC2018_Task1-2_Training_Input/ISIC_0010846.jpg,/root/isic_overlap_pilot_self_contained/data/isic2018/raw/task1_masks/ISIC2018_Task1_Training_GroundTruth/ISIC_0010846_segmentation.png,0,,9d3c707885b74b83,929,val
ISIC_0010847,/root/derm_pilot_v100/data/isic2018_raw/ISIC2018_Task1-2_Training_Input/ISIC_0010847.jpg,/root/isic_overlap_pilot_self_contained/data/isic2018/raw/task1_masks/ISIC2018_Task1_Training_GroundTruth/ISIC_0010847_segmentation.png,0,,c9f603fc228c9b63,930,val
ISIC_0010848,/root/derm_pilot_v100/data/isic2018_raw/ISIC2018_Task1-2_Training_Input/ISIC_0010848.jpg,/root/isic_overlap_pilot_self_contained/data/isic2018/raw/task1_masks/ISIC2018_Task1_Training_GroundTruth/ISIC_0010848_segmentation.png,0,,91de4c2333d86772,931,train
ISIC_0010849,/root/derm_pilot_v100/data/isic2018_raw/ISIC2018_Task1-2_Training_Input/ISIC_0010849.jpg,/root/isic_overlap_pilot_self_contained/data/isic2018/raw/task1_masks/ISIC2018_Task1_Training_GroundTruth/ISIC_0010849_segmentation.png,0,,91f74c26c71931c7,932,train
ISIC_0010850,/root/derm_pilot_v100/data/isic2018_raw/ISIC2018_Task1-2_Training_Input/ISIC_0010850.jpg,/root/isic_overlap_pilot_self_contained/data/isic2018/raw/task1_masks/ISIC2018_Task1_Training_GroundTruth/ISIC_0010850_segmentation.png,0,,910fcebe31e70d03,933,train
ISIC_0010851,/root/derm_pilot_v100/data/isic2018_raw/ISIC2018_Task1-2_Training_Input/ISIC_0010851.jpg,/root/isic_overlap_pilot_self_contained/data/isic2018/raw/task1_masks/ISIC2018_Task1_Training_GroundTruth/ISIC_0010851_segmentation.png,0,,e68c993364cd339a,640,train
ISIC_0010852,/root/derm_pilot_v100/data/isic2018_raw/ISIC2018_Task1-2_Training_Input/ISIC_0010852.jpg,/root/isic_overlap_pilot_self_contained/data/isic2018/raw/task1_masks/ISIC2018_Task1_Training_GroundTruth/ISIC_0010852_segmentation.png,1,,c6d9996666999964,640,train
ISIC_0010853,/root/derm_pilot_v100/data/isic2018_raw/ISIC2018_Task1-2_Training_Input/ISIC_0010853.jpg,/root/isic_overlap_pilot_self_contained/data/isic2018/raw/task1_masks/ISIC2018_Task1_Training_GroundTruth/ISIC_0010853_segmentation.png,0,,d3464c3b33ac8dd2,934,train
ISIC_0010854,/root/derm_pilot_v100/data/isic2018_raw/ISIC2018_Task1-2_Training_Input/ISIC_0010854.jpg,/root/isic_overlap_pilot_self_contained/data/isic2018/raw/task1_masks/ISIC2018_Task1_Training_GroundTruth/ISIC_0010854_segmentation.png,0,,932dcce73138cf21,935,train
ISIC_0010856,/root/derm_pilot_v100/data/isic2018_raw/ISIC2018_Task1-2_Training_Input/ISIC_0010856.jpg,/root/isic_overlap_pilot_self_contained/data/isic2018/raw/task1_masks/ISIC2018_Task1_Training_GroundTruth/ISIC_0010856_segmentation.png,0,,a1669a1964e5779a,936,train
ISIC_0010857,/root/derm_pilot_v100/data/isic2018_raw/ISIC2018_Task1-2_Training_Input/ISIC_0010857.jpg,/root/isic_overlap_pilot_self_contained/data/isic2018/raw/task1_masks/ISIC2018_Task1_Training_GroundTruth/ISIC_0010857_segmentation.png,0,,c927b476059d1d4e,937,train
ISIC_0010858,/root/derm_pilot_v100/data/isic2018_raw/ISIC2018_Task1-2_Training_Input/ISIC_0010858.jpg,/root/isic_overlap_pilot_self_contained/data/isic2018/raw/task1_masks/ISIC2018_Task1_Training_GroundTruth/ISIC_0010858_segmentation.png,0,,d1ad4a7465d8cda2,938,train
ISIC_0010860,/root/derm_pilot_v100/data/isic2018_raw/ISIC2018_Task1-2_Training_Input/ISIC_0010860.jpg,/root/isic_overlap_pilot_self_contained/data/isic2018/raw/task1_masks/ISIC2018_Task1_Training_GroundTruth/ISIC_0010860_segmentation.png,1,,b464cb939c99396c,939,train
ISIC_0010861,/root/derm_pilot_v100/data/isic2018_raw/ISIC2018_Task1-2_Training_Input/ISIC_0010861.jpg,/root/isic_overlap_pilot_self_contained/data/isic2018/raw/task1_masks/ISIC2018_Task1_Training_GroundTruth/ISIC_0010861_segmentation.png,0,,d1c74c3e73868c8b,940,train
ISIC_0010862,/root/derm_pilot_v100/data/isic2018_raw/ISIC2018_Task1-2_Training_Input/ISIC_0010862.jpg,/root/isic_overlap_pilot_self_contained/data/isic2018/raw/task1_masks/ISIC2018_Task1_Training_GroundTruth/ISIC_0010862_segmentation.png,1,,9386ccd973ce8c0d,941,train
ISIC_0010863,/root/derm_pilot_v100/data/isic2018_raw/ISIC2018_Task1-2_Training_Input/ISIC_0010863.jpg,/root/isic_overlap_pilot_self_contained/data/isic2018/raw/task1_masks/ISIC2018_Task1_Training_GroundTruth/ISIC_0010863_segmentation.png,1,,f81896cdd9474b32,942,train
ISIC_0010864,/root/derm_pilot_v100/data/isic2018_raw/ISIC2018_Task1-2_Training_Input/ISIC_0010864.jpg,/root/isic_overlap_pilot_self_contained/data/isic2018/raw/task1_masks/ISIC2018_Task1_Training_GroundTruth/ISIC_0010864_segmentation.png,0,,f09ace6439cf708c,943,train
ISIC_0011079,/root/derm_pilot_v100/data/isic2018_raw/ISIC2018_Task1-2_Training_Input/ISIC_0011079.jpg,/root/isic_overlap_pilot_self_contained/data/isic2018/raw/task1_masks/ISIC2018_Task1_Training_GroundTruth/ISIC_0011079_segmentation.png,0,,e432926999cd966d,944,val
ISIC_0011081,/root/derm_pilot_v100/data/isic2018_raw/ISIC2018_Task1-2_Training_Input/ISIC_0011081.jpg,/root/isic_overlap_pilot_self_contained/data/isic2018/raw/task1_masks/ISIC2018_Task1_Training_GroundTruth/ISIC_0011081_segmentation.png,0,,85d1460d1d73197f,945,train
ISIC_0011082,/root/derm_pilot_v100/data/isic2018_raw/ISIC2018_Task1-2_Training_Input/ISIC_0011082.jpg,/root/isic_overlap_pilot_self_contained/data/isic2018/raw/task1_masks/ISIC2018_Task1_Training_GroundTruth/ISIC_0011082_segmentation.png,0,,c662199d66769999,135,val
ISIC_0011083,/root/derm_pilot_v100/data/isic2018_raw/ISIC2018_Task1-2_Training_Input/ISIC_0011083.jpg,/root/isic_overlap_pilot_self_contained/data/isic2018/raw/task1_masks/ISIC2018_Task1_Training_GroundTruth/ISIC_0011083_segmentation.png,0,,d329cc73338ccc33,9,train
ISIC_0011084,/root/derm_pilot_v100/data/isic2018_raw/ISIC2018_Task1-2_Training_Input/ISIC_0011084.jpg,/root/isic_overlap_pilot_self_contained/data/isic2018/raw/task1_masks/ISIC2018_Task1_Training_GroundTruth/ISIC_0011084_segmentation.png,0,,c5ceca7c3c332358,946,test
ISIC_0011085,/root/derm_pilot_v100/data/isic2018_raw/ISIC2018_Task1-2_Training_Input/ISIC_0011085.jpg,/root/isic_overlap_pilot_self_contained/data/isic2018/raw/task1_masks/ISIC2018_Task1_Training_GroundTruth/ISIC_0011085_segmentation.png,0,,f6cac93326c41d8d,947,train
ISIC_0011088,/root/derm_pilot_v100/data/isic2018_raw/ISIC2018_Task1-2_Training_Input/ISIC_0011088.jpg,/root/isic_overlap_pilot_self_contained/data/isic2018/raw/task1_masks/ISIC2018_Task1_Training_GroundTruth/ISIC_0011088_segmentation.png,0,,a11a9b6939743e33,948,train
ISIC_0011089,/root/derm_pilot_v100/data/isic2018_raw/ISIC2018_Task1-2_Training_Input/ISIC_0011089.jpg,/root/isic_overlap_pilot_self_contained/data/isic2018/raw/task1_masks/ISIC2018_Task1_Training_GroundTruth/ISIC_0011089_segmentation.png,0,,e592d90932b263db,949,train
ISIC_0011090,/root/derm_pilot_v100/data/isic2018_raw/ISIC2018_Task1-2_Training_Input/ISIC_0011090.jpg,/root/isic_overlap_pilot_self_contained/data/isic2018/raw/task1_masks/ISIC2018_Task1_Training_GroundTruth/ISIC_0011090_segmentation.png,0,,e525929a4f6d64d2,950,train
ISIC_0011092,/root/derm_pilot_v100/data/isic2018_raw/ISIC2018_Task1-2_Training_Input/ISIC_0011092.jpg,/root/isic_overlap_pilot_self_contained/data/isic2018/raw/task1_masks/ISIC2018_Task1_Training_GroundTruth/ISIC_0011092_segmentation.png,0,,866019986637dede,951,train
ISIC_0011095,/root/derm_pilot_v100/data/isic2018_raw/ISIC2018_Task1-2_Training_Input/ISIC_0011095.jpg,/root/isic_overlap_pilot_self_contained/data/isic2018/raw/task1_masks/ISIC2018_Task1_Training_GroundTruth/ISIC_0011095_segmentation.png,1,,e479db893426c4d9,952,train
ISIC_0011097,/root/derm_pilot_v100/data/isic2018_raw/ISIC2018_Task1-2_Training_Input/ISIC_0011097.jpg,/root/isic_overlap_pilot_self_contained/data/isic2018/raw/task1_masks/ISIC2018_Task1_Training_GroundTruth/ISIC_0011097_segmentation.png,0,,b139ccce34983373,305,test
ISIC_0011098,/root/derm_pilot_v100/data/isic2018_raw/ISIC2018_Task1-2_Training_Input/ISIC_0011098.jpg,/root/isic_overlap_pilot_self_contained/data/isic2018/raw/task1_masks/ISIC2018_Task1_Training_GroundTruth/ISIC_0011098_segmentation.png,0,,d1feccf873e68800,953,train
ISIC_0011099,/root/derm_pilot_v100/data/isic2018_raw/ISIC2018_Task1-2_Training_Input/ISIC_0011099.jpg,/root/isic_overlap_pilot_self_contained/data/isic2018/raw/task1_masks/ISIC2018_Task1_Training_GroundTruth/ISIC_0011099_segmentation.png,1,,c13196ce69391dc7,954,train
ISIC_0011101,/root/derm_pilot_v100/data/isic2018_raw/ISIC2018_Task1-2_Training_Input/ISIC_0011101.jpg,/root/isic_overlap_pilot_self_contained/data/isic2018/raw/task1_masks/ISIC2018_Task1_Training_GroundTruth/ISIC_0011101_segmentation.png,0,,b2cdc9360c3391cf,955,train
ISIC_0011102,/root/derm_pilot_v100/data/isic2018_raw/ISIC2018_Task1-2_Training_Input/ISIC_0011102.jpg,/root/isic_overlap_pilot_self_contained/data/isic2018/raw/task1_masks/ISIC2018_Task1_Training_GroundTruth/ISIC_0011102_segmentation.png,0,,e5ad9aa738362c52,956,val
ISIC_0011104,/root/derm_pilot_v100/data/isic2018_raw/ISIC2018_Task1-2_Training_Input/ISIC_0011104.jpg,/root/isic_overlap_pilot_self_contained/data/isic2018/raw/task1_masks/ISIC2018_Task1_Training_GroundTruth/ISIC_0011104_segmentation.png,0,,e1ce9c64c9332c9b,957,train
ISIC_0011105,/root/derm_pilot_v100/data/isic2018_raw/ISIC2018_Task1-2_Training_Input/ISIC_0011105.jpg,/root/isic_overlap_pilot_self_contained/data/isic2018/raw/task1_masks/ISIC2018_Task1_Training_GroundTruth/ISIC_0011105_segmentation.png,0,,edc6963962660dd1,958,val
ISIC_0011107,/root/derm_pilot_v100/data/isic2018_raw/ISIC2018_Task1-2_Training_Input/ISIC_0011107.jpg,/root/isic_overlap_pilot_self_contained/data/isic2018/raw/task1_masks/ISIC2018_Task1_Training_GroundTruth/ISIC_0011107_segmentation.png,0,,f54cc333ccb1261e,959,train
ISIC_0011109,/root/derm_pilot_v100/data/isic2018_raw/ISIC2018_Task1-2_Training_Input/ISIC_0011109.jpg,/root/isic_overlap_pilot_self_contained/data/isic2018/raw/task1_masks/ISIC2018_Task1_Training_GroundTruth/ISIC_0011109_segmentation.png,0,,cfa560703472a79b,960,train
ISIC_0011110,/root/derm_pilot_v100/data/isic2018_raw/ISIC2018_Task1-2_Training_Input/ISIC_0011110.jpg,/root/isic_overlap_pilot_self_contained/data/isic2018/raw/task1_masks/ISIC2018_Task1_Training_GroundTruth/ISIC_0011110_segmentation.png,0,,f1cecc3126cd198e,961,train
ISIC_0011112,/root/derm_pilot_v100/data/isic2018_raw/ISIC2018_Task1-2_Training_Input/ISIC_0011112.jpg,/root/isic_overlap_pilot_self_contained/data/isic2018/raw/task1_masks/ISIC2018_Task1_Training_GroundTruth/ISIC_0011112_segmentation.png,1,,afe4c46fc46286b8,962,test
ISIC_0011114,/root/derm_pilot_v100/data/isic2018_raw/ISIC2018_Task1-2_Training_Input/ISIC_0011114.jpg,/root/isic_overlap_pilot_self_contained/data/isic2018/raw/task1_masks/ISIC2018_Task1_Training_GroundTruth/ISIC_0011114_segmentation.png,0,,850598fe67cc0e9b,963,train
ISIC_0011115,/root/derm_pilot_v100/data/isic2018_raw/ISIC2018_Task1-2_Training_Input/ISIC_0011115.jpg,/root/isic_overlap_pilot_self_contained/data/isic2018/raw/task1_masks/ISIC2018_Task1_Training_GroundTruth/ISIC_0011115_segmentation.png,0,,c639596e26588cf9,964,train
ISIC_0011117,/root/derm_pilot_v100/data/isic2018_raw/ISIC2018_Task1-2_Training_Input/ISIC_0011117.jpg,/root/isic_overlap_pilot_self_contained/data/isic2018/raw/task1_masks/ISIC2018_Task1_Training_GroundTruth/ISIC_0011117_segmentation.png,0,,c0c389cd7732f649,965,test
ISIC_0011118,/root/derm_pilot_v100/data/isic2018_raw/ISIC2018_Task1-2_Training_Input/ISIC_0011118.jpg,/root/isic_overlap_pilot_self_contained/data/isic2018/raw/task1_masks/ISIC2018_Task1_Training_GroundTruth/ISIC_0011118_segmentation.png,1,,a42598e6239bc677,966,train
ISIC_0011119,/root/derm_pilot_v100/data/isic2018_raw/ISIC2018_Task1-2_Training_Input/ISIC_0011119.jpg,/root/isic_overlap_pilot_self_contained/data/isic2018/raw/task1_masks/ISIC2018_Task1_Training_GroundTruth/ISIC_0011119_segmentation.png,0,,a5198c64739b8e6d,967,train
ISIC_0011120,/root/derm_pilot_v100/data/isic2018_raw/ISIC2018_Task1-2_Training_Input/ISIC_0011120.jpg,/root/isic_overlap_pilot_self_contained/data/isic2018/raw/task1_masks/ISIC2018_Task1_Training_GroundTruth/ISIC_0011120_segmentation.png,0,,dbf0268b9fa5cc04,968,train
ISIC_0011121,/root/derm_pilot_v100/data/isic2018_raw/ISIC2018_Task1-2_Training_Input/ISIC_0011121.jpg,/root/isic_overlap_pilot_self_contained/data/isic2018/raw/task1_masks/ISIC2018_Task1_Training_GroundTruth/ISIC_0011121_segmentation.png,1,,d31ccce39713b158,969,train
ISIC_0011123,/root/derm_pilot_v100/data/isic2018_raw/ISIC2018_Task1-2_Training_Input/ISIC_0011123.jpg,/root/isic_overlap_pilot_self_contained/data/isic2018/raw/task1_masks/ISIC2018_Task1_Training_GroundTruth/ISIC_0011123_segmentation.png,0,,e5c99b264973649c,970,train
ISIC_0011124,/root/derm_pilot_v100/data/isic2018_raw/ISIC2018_Task1-2_Training_Input/ISIC_0011124.jpg,/root/isic_overlap_pilot_self_contained/data/isic2018/raw/task1_masks/ISIC2018_Task1_Training_GroundTruth/ISIC_0011124_segmentation.png,0,,e19696383ae7611e,971,train
ISIC_0011127,/root/derm_pilot_v100/data/isic2018_raw/ISIC2018_Task1-2_Training_Input/ISIC_0011127.jpg,/root/isic_overlap_pilot_self_contained/data/isic2018/raw/task1_masks/ISIC2018_Task1_Training_GroundTruth/ISIC_0011127_segmentation.png,0,,a7ccd8726626c9d8,972,train
ISIC_0011128,/root/derm_pilot_v100/data/isic2018_raw/ISIC2018_Task1-2_Training_Input/ISIC_0011128.jpg,/root/isic_overlap_pilot_self_contained/data/isic2018/raw/task1_masks/ISIC2018_Task1_Training_GroundTruth/ISIC_0011128_segmentation.png,1,,d4534dcd582c7791,973,train
ISIC_0011129,/root/derm_pilot_v100/data/isic2018_raw/ISIC2018_Task1-2_Training_Input/ISIC_0011129.jpg,/root/isic_overlap_pilot_self_contained/data/isic2018/raw/task1_masks/ISIC2018_Task1_Training_GroundTruth/ISIC_0011129_segmentation.png,0,,e83e85c0da0fcdcc,974,train
ISIC_0011130,/root/derm_pilot_v100/data/isic2018_raw/ISIC2018_Task1-2_Training_Input/ISIC_0011130.jpg,/root/isic_overlap_pilot_self_contained/data/isic2018/raw/task1_masks/ISIC2018_Task1_Training_GroundTruth/ISIC_0011130_segmentation.png,1,,93d9cc6730f124dc,975,test
ISIC_0011131,/root/derm_pilot_v100/data/isic2018_raw/ISIC2018_Task1-2_Training_Input/ISIC_0011131.jpg,/root/isic_overlap_pilot_self_contained/data/isic2018/raw/task1_masks/ISIC2018_Task1_Training_GroundTruth/ISIC_0011131_segmentation.png,0,,b191ccc532743dd3,976,train
ISIC_0011132,/root/derm_pilot_v100/data/isic2018_raw/ISIC2018_Task1-2_Training_Input/ISIC_0011132.jpg,/root/isic_overlap_pilot_self_contained/data/isic2018/raw/task1_masks/ISIC2018_Task1_Training_GroundTruth/ISIC_0011132_segmentation.png,1,,b133cfcc4c383333,305,test
ISIC_0011135,/root/derm_pilot_v100/data/isic2018_raw/ISIC2018_Task1-2_Training_Input/ISIC_0011135.jpg,/root/isic_overlap_pilot_self_contained/data/isic2018/raw/task1_masks/ISIC2018_Task1_Training_GroundTruth/ISIC_0011135_segmentation.png,1,,e46c98936bd9846d,977,train
ISIC_0011137,/root/derm_pilot_v100/data/isic2018_raw/ISIC2018_Task1-2_Training_Input/ISIC_0011137.jpg,/root/isic_overlap_pilot_self_contained/data/isic2018/raw/task1_masks/ISIC2018_Task1_Training_GroundTruth/ISIC_0011137_segmentation.png,1,,e13296cb58cc6772,978,train
ISIC_0011139,/root/derm_pilot_v100/data/isic2018_raw/ISIC2018_Task1-2_Training_Input/ISIC_0011139.jpg,/root/isic_overlap_pilot_self_contained/data/isic2018/raw/task1_masks/ISIC2018_Task1_Training_GroundTruth/ISIC_0011139_segmentation.png,1,,d11d474e4cb64acb,979,train
ISIC_0011140,/root/derm_pilot_v100/data/isic2018_raw/ISIC2018_Task1-2_Training_Input/ISIC_0011140.jpg,/root/isic_overlap_pilot_self_contained/data/isic2018/raw/task1_masks/ISIC2018_Task1_Training_GroundTruth/ISIC_0011140_segmentation.png,1,,c6ee999b6624d988,135,val
ISIC_0011143,/root/derm_pilot_v100/data/isic2018_raw/ISIC2018_Task1-2_Training_Input/ISIC_0011143.jpg,/root/isic_overlap_pilot_self_contained/data/isic2018/raw/task1_masks/ISIC2018_Task1_Training_GroundTruth/ISIC_0011143_segmentation.png,0,,d1fb4ccc333344cc,1,test
ISIC_0011144,/root/derm_pilot_v100/data/isic2018_raw/ISIC2018_Task1-2_Training_Input/ISIC_0011144.jpg,/root/isic_overlap_pilot_self_contained/data/isic2018/raw/task1_masks/ISIC2018_Task1_Training_GroundTruth/ISIC_0011144_segmentation.png,0,,f50fcd3114df6490,980,train
ISIC_0011146,/root/derm_pilot_v100/data/isic2018_raw/ISIC2018_Task1-2_Training_Input/ISIC_0011146.jpg,/root/isic_overlap_pilot_self_contained/data/isic2018/raw/task1_masks/ISIC2018_Task1_Training_GroundTruth/ISIC_0011146_segmentation.png,0,,b6a2d91c6773c264,981,train
ISIC_0011149,/root/derm_pilot_v100/data/isic2018_raw/ISIC2018_Task1-2_Training_Input/ISIC_0011149.jpg,/root/isic_overlap_pilot_self_contained/data/isic2018/raw/task1_masks/ISIC2018_Task1_Training_GroundTruth/ISIC_0011149_segmentation.png,0,,b5618a9eda92989e,982,val
ISIC_0011150,/root/derm_pilot_v100/data/isic2018_raw/ISIC2018_Task1-2_Training_Input/ISIC_0011150.jpg,/root/isic_overlap_pilot_self_contained/data/isic2018/raw/task1_masks/ISIC2018_Task1_Training_GroundTruth/ISIC_0011150_segmentation.png,0,,9138ced37368d513,983,train
ISIC_0011151,/root/derm_pilot_v100/data/isic2018_raw/ISIC2018_Task1-2_Training_Input/ISIC_0011151.jpg,/root/isic_overlap_pilot_self_contained/data/isic2018/raw/task1_masks/ISIC2018_Task1_Training_GroundTruth/ISIC_0011151_segmentation.png,1,,ebf9ccc017901f94,984,train
ISIC_0011155,/root/derm_pilot_v100/data/isic2018_raw/ISIC2018_Task1-2_Training_Input/ISIC_0011155.jpg,/root/isic_overlap_pilot_self_contained/data/isic2018/raw/task1_masks/ISIC2018_Task1_Training_GroundTruth/ISIC_0011155_segmentation.png,0,,f1be90c13d2e34b1,985,train
ISIC_0011156,/root/derm_pilot_v100/data/isic2018_raw/ISIC2018_Task1-2_Training_Input/ISIC_0011156.jpg,/root/isic_overlap_pilot_self_contained/data/isic2018/raw/task1_masks/ISIC2018_Task1_Training_GroundTruth/ISIC_0011156_segmentation.png,0,,b6c5c1cfcf071838,986,train
ISIC_0011157,/root/derm_pilot_v100/data/isic2018_raw/ISIC2018_Task1-2_Training_Input/ISIC_0011157.jpg,/root/isic_overlap_pilot_self_contained/data/isic2018/raw/task1_masks/ISIC2018_Task1_Training_GroundTruth/ISIC_0011157_segmentation.png,0,,e71b98646599c69a,987,train
ISIC_0011158,/root/derm_pilot_v100/data/isic2018_raw/ISIC2018_Task1-2_Training_Input/ISIC_0011158.jpg,/root/isic_overlap_pilot_self_contained/data/isic2018/raw/task1_masks/ISIC2018_Task1_Training_GroundTruth/ISIC_0011158_segmentation.png,1,,838d1132cb6ccdde,988,train
ISIC_0011159,/root/derm_pilot_v100/data/isic2018_raw/ISIC2018_Task1-2_Training_Input/ISIC_0011159.jpg,/root/isic_overlap_pilot_self_contained/data/isic2018/raw/task1_masks/ISIC2018_Task1_Training_GroundTruth/ISIC_0011159_segmentation.png,0,,e5229c933417b2ed,989,train
ISIC_0011161,/root/derm_pilot_v100/data/isic2018_raw/ISIC2018_Task1-2_Training_Input/ISIC_0011161.jpg,/root/isic_overlap_pilot_self_contained/data/isic2018/raw/task1_masks/ISIC2018_Task1_Training_GroundTruth/ISIC_0011161_segmentation.png,1,,d92cc073169d6975,990,train
ISIC_0011162,/root/derm_pilot_v100/data/isic2018_raw/ISIC2018_Task1-2_Training_Input/ISIC_0011162.jpg,/root/isic_overlap_pilot_self_contained/data/isic2018/raw/task1_masks/ISIC2018_Task1_Training_GroundTruth/ISIC_0011162_segmentation.png,0,,d035cdcc327b9b44,991,train
ISIC_0011163,/root/derm_pilot_v100/data/isic2018_raw/ISIC2018_Task1-2_Training_Input/ISIC_0011163.jpg,/root/isic_overlap_pilot_self_contained/data/isic2018/raw/task1_masks/ISIC2018_Task1_Training_GroundTruth/ISIC_0011163_segmentation.png,1,,f399cc64339b8964,992,val
ISIC_0011164,/root/derm_pilot_v100/data/isic2018_raw/ISIC2018_Task1-2_Training_Input/ISIC_0011164.jpg,/root/isic_overlap_pilot_self_contained/data/isic2018/raw/task1_masks/ISIC2018_Task1_Training_GroundTruth/ISIC_0011164_segmentation.png,0,,c40a196e666d99dd,993,train
ISIC_0011165,/root/derm_pilot_v100/data/isic2018_raw/ISIC2018_Task1-2_Training_Input/ISIC_0011165.jpg,/root/isic_overlap_pilot_self_contained/data/isic2018/raw/task1_masks/ISIC2018_Task1_Training_GroundTruth/ISIC_0011165_segmentation.png,0,,d552146a50a74fdb,994,train
ISIC_0011166,/root/derm_pilot_v100/data/isic2018_raw/ISIC2018_Task1-2_Training_Input/ISIC_0011166.jpg,/root/isic_overlap_pilot_self_contained/data/isic2018/raw/task1_masks/ISIC2018_Task1_Training_GroundTruth/ISIC_0011166_segmentation.png,1,,c7634ccc63797226,995,train
ISIC_0011167,/root/derm_pilot_v100/data/isic2018_raw/ISIC2018_Task1-2_Training_Input/ISIC_0011167.jpg,/root/isic_overlap_pilot_self_contained/data/isic2018/raw/task1_masks/ISIC2018_Task1_Training_GroundTruth/ISIC_0011167_segmentation.png,0,,eb999463da658362,996,train
ISIC_0011168,/root/derm_pilot_v100/data/isic2018_raw/ISIC2018_Task1-2_Training_Input/ISIC_0011168.jpg,/root/isic_overlap_pilot_self_contained/data/isic2018/raw/task1_masks/ISIC2018_Task1_Training_GroundTruth/ISIC_0011168_segmentation.png,0,,d31ccc6333d8cd26,768,train
ISIC_0011169,/root/derm_pilot_v100/data/isic2018_raw/ISIC2018_Task1-2_Training_Input/ISIC_0011169.jpg,/root/isic_overlap_pilot_self_contained/data/isic2018/raw/task1_masks/ISIC2018_Task1_Training_GroundTruth/ISIC_0011169_segmentation.png,1,,e73399cc26914c76,997,test
ISIC_0011170,/root/derm_pilot_v100/data/isic2018_raw/ISIC2018_Task1-2_Training_Input/ISIC_0011170.jpg,/root/isic_overlap_pilot_self_contained/data/isic2018/raw/task1_masks/ISIC2018_Task1_Training_GroundTruth/ISIC_0011170_segmentation.png,0,,b030cfc73c3892d7,998,test
ISIC_0011171,/root/derm_pilot_v100/data/isic2018_raw/ISIC2018_Task1-2_Training_Input/ISIC_0011171.jpg,/root/isic_overlap_pilot_self_contained/data/isic2018/raw/task1_masks/ISIC2018_Task1_Training_GroundTruth/ISIC_0011171_segmentation.png,0,,f3338ccc663399a2,999,train
ISIC_0011173,/root/derm_pilot_v100/data/isic2018_raw/ISIC2018_Task1-2_Training_Input/ISIC_0011173.jpg,/root/isic_overlap_pilot_self_contained/data/isic2018/raw/task1_masks/ISIC2018_Task1_Training_GroundTruth/ISIC_0011173_segmentation.png,0,,937c4c3333cccc33,9,train
ISIC_0011176,/root/derm_pilot_v100/data/isic2018_raw/ISIC2018_Task1-2_Training_Input/ISIC_0011176.jpg,/root/isic_overlap_pilot_self_contained/data/isic2018/raw/task1_masks/ISIC2018_Task1_Training_GroundTruth/ISIC_0011176_segmentation.png,1,,b40ccbf3383866c7,1000,val
ISIC_0011177,/root/derm_pilot_v100/data/isic2018_raw/ISIC2018_Task1-2_Training_Input/ISIC_0011177.jpg,/root/isic_overlap_pilot_self_contained/data/isic2018/raw/task1_masks/ISIC2018_Task1_Training_GroundTruth/ISIC_0011177_segmentation.png,0,,b4dac36c0f653833,1001,train
ISIC_0011199,/root/derm_pilot_v100/data/isic2018_raw/ISIC2018_Task1-2_Training_Input/ISIC_0011199.jpg,/root/isic_overlap_pilot_self_contained/data/isic2018/raw/task1_masks/ISIC2018_Task1_Training_GroundTruth/ISIC_0011199_segmentation.png,0,,c43619d9666699d9,135,val
ISIC_0011202,/root/derm_pilot_v100/data/isic2018_raw/ISIC2018_Task1-2_Training_Input/ISIC_0011202.jpg,/root/isic_overlap_pilot_self_contained/data/isic2018/raw/task1_masks/ISIC2018_Task1_Training_GroundTruth/ISIC_0011202_segmentation.png,0,,d78acc1e279d5922,1002,train
ISIC_0011203,/root/derm_pilot_v100/data/isic2018_raw/ISIC2018_Task1-2_Training_Input/ISIC_0011203.jpg,/root/isic_overlap_pilot_self_contained/data/isic2018/raw/task1_masks/ISIC2018_Task1_Training_GroundTruth/ISIC_0011203_segmentation.png,0,,e594169b183959ed,1003,val
ISIC_0011204,/root/derm_pilot_v100/data/isic2018_raw/ISIC2018_Task1-2_Training_Input/ISIC_0011204.jpg,/root/isic_overlap_pilot_self_contained/data/isic2018/raw/task1_masks/ISIC2018_Task1_Training_GroundTruth/ISIC_0011204_segmentation.png,0,,91c7ce3930c7c93c,704,train
ISIC_0011205,/root/derm_pilot_v100/data/isic2018_raw/ISIC2018_Task1-2_Training_Input/ISIC_0011205.jpg,/root/isic_overlap_pilot_self_contained/data/isic2018/raw/task1_masks/ISIC2018_Task1_Training_GroundTruth/ISIC_0011205_segmentation.png,0,,f373cccc32328993,1,test
ISIC_0011207,/root/derm_pilot_v100/data/isic2018_raw/ISIC2018_Task1-2_Training_Input/ISIC_0011207.jpg,/root/isic_overlap_pilot_self_contained/data/isic2018/raw/task1_masks/ISIC2018_Task1_Training_GroundTruth/ISIC_0011207_segmentation.png,0,,d52a55a9523748dd,1004,val
ISIC_0011208,/root/derm_pilot_v100/data/isic2018_raw/ISIC2018_Task1-2_Training_Input/ISIC_0011208.jpg,/root/isic_overlap_pilot_self_contained/data/isic2018/raw/task1_masks/ISIC2018_Task1_Training_GroundTruth/ISIC_0011208_segmentation.png,0,,d43a45cf453634d9,1005,train
ISIC_0011210,/root/derm_pilot_v100/data/isic2018_raw/ISIC2018_Task1-2_Training_Input/ISIC_0011210.jpg,/root/isic_overlap_pilot_self_contained/data/isic2018/raw/task1_masks/ISIC2018_Task1_Training_GroundTruth/ISIC_0011210_segmentation.png,1,,d3b34ccc31739685,1006,train
ISIC_0011211,/root/derm_pilot_v100/data/isic2018_raw/ISIC2018_Task1-2_Training_Input/ISIC_0011211.jpg,/root/isic_overlap_pilot_self_contained/data/isic2018/raw/task1_masks/ISIC2018_Task1_Training_GroundTruth/ISIC_0011211_segmentation.png,0,,f89b856a4e253996,1007,test
ISIC_0011212,/root/derm_pilot_v100/data/isic2018_raw/ISIC2018_Task1-2_Training_Input/ISIC_0011212.jpg,/root/isic_overlap_pilot_self_contained/data/isic2018/raw/task1_masks/ISIC2018_Task1_Training_GroundTruth/ISIC_0011212_segmentation.png,0,,e9c6951a1aa16f96,1008,test
ISIC_0011213,/root/derm_pilot_v100/data/isic2018_raw/ISIC2018_Task1-2_Training_Input/ISIC_0011213.jpg,/root/isic_overlap_pilot_self_contained/data/isic2018/raw/task1_masks/ISIC2018_Task1_Training_GroundTruth/ISIC_0011213_segmentation.png,0,,e333cc9c3326ccc9,1,test
ISIC_0011214,/root/derm_pilot_v100/data/isic2018_raw/ISIC2018_Task1-2_Training_Input/ISIC_0011214.jpg,/root/isic_overlap_pilot_self_contained/data/isic2018/raw/task1_masks/ISIC2018_Task1_Training_GroundTruth/ISIC_0011214_segmentation.png,0,,e9c99637da326132,1009,train
ISIC_0011218,/root/derm_pilot_v100/data/isic2018_raw/ISIC2018_Task1-2_Training_Input/ISIC_0011218.jpg,/root/isic_overlap_pilot_self_contained/data/isic2018/raw/task1_masks/ISIC2018_Task1_Training_GroundTruth/ISIC_0011218_segmentation.png,0,,d1334ccccfc9364c,1010,train
ISIC_0011219,/root/derm_pilot_v100/data/isic2018_raw/ISIC2018_Task1-2_Training_Input/ISIC_0011219.jpg,/root/isic_overlap_pilot_self_contained/data/isic2018/raw/task1_masks/ISIC2018_Task1_Training_GroundTruth/ISIC_0011219_segmentation.png,0,,c6b399cc66339866,341,train
ISIC_0011220,/root/derm_pilot_v100/data/isic2018_raw/ISIC2018_Task1-2_Training_Input/ISIC_0011220.jpg,/root/isic_overlap_pilot_self_contained/data/isic2018/raw/task1_masks/ISIC2018_Task1_Training_GroundTruth/ISIC_0011220_segmentation.png,0,,c4e419d9666699d9,135,val
ISIC_0011223,/root/derm_pilot_v100/data/isic2018_raw/ISIC2018_Task1-2_Training_Input/ISIC_0011223.jpg,/root/isic_overlap_pilot_self_contained/data/isic2018/raw/task1_masks/ISIC2018_Task1_Training_GroundTruth/ISIC_0011223_segmentation.png,0,,e6ce9933660ed219,1011,test
ISIC_0011224,/root/derm_pilot_v100/data/isic2018_raw/ISIC2018_Task1-2_Training_Input/ISIC_0011224.jpg,/root/isic_overlap_pilot_self_contained/data/isic2018/raw/task1_masks/ISIC2018_Task1_Training_GroundTruth/ISIC_0011224_segmentation.png,0,,d1eccc9b0c65738c,1012,train
ISIC_0011225,/root/derm_pilot_v100/data/isic2018_raw/ISIC2018_Task1-2_Training_Input/ISIC_0011225.jpg,/root/isic_overlap_pilot_self_contained/data/isic2018/raw/task1_masks/ISIC2018_Task1_Training_GroundTruth/ISIC_0011225_segmentation.png,0,,c4b1516664db5376,1013,train
ISIC_0011227,/root/derm_pilot_v100/data/isic2018_raw/ISIC2018_Task1-2_Training_Input/ISIC_0011227.jpg,/root/isic_overlap_pilot_self_contained/data/isic2018/raw/task1_masks/ISIC2018_Task1_Training_GroundTruth/ISIC_0011227_segmentation.png,0,,91330c0c3f393fce,1014,train
ISIC_0011228,/root/derm_pilot_v100/data/isic2018_raw/ISIC2018_Task1-2_Training_Input/ISIC_0011228.jpg,/root/isic_overlap_pilot_self_contained/data/isic2018/raw/task1_masks/ISIC2018_Task1_Training_GroundTruth/ISIC_0011228_segmentation.png,0,,c5819a374d5937c5,1015,train
ISIC_0011229,/root/derm_pilot_v100/data/isic2018_raw/ISIC2018_Task1-2_Training_Input/ISIC_0011229.jpg,/root/isic_overlap_pilot_self_contained/data/isic2018/raw/task1_masks/ISIC2018_Task1_Training_GroundTruth/ISIC_0011229_segmentation.png,0,,a4c9d8774c259bcc,1016,train
ISIC_0011230,/root/derm_pilot_v100/data/isic2018_raw/ISIC2018_Task1-2_Training_Input/ISIC_0011230.jpg,/root/isic_overlap_pilot_self_contained/data/isic2018/raw/task1_masks/ISIC2018_Task1_Training_GroundTruth/ISIC_0011230_segmentation.png,0,,d3619c9a6764cc93,1017,train
ISIC_0011292,/root/derm_pilot_v100/data/isic2018_raw/ISIC2018_Task1-2_Training_Input/ISIC_0011292.jpg,/root/isic_overlap_pilot_self_contained/data/isic2018/raw/task1_masks/ISIC2018_Task1_Training_GroundTruth/ISIC_0011292_segmentation.png,0,,d331cccc32733399,1018,train
ISIC_0011294,/root/derm_pilot_v100/data/isic2018_raw/ISIC2018_Task1-2_Training_Input/ISIC_0011294.jpg,/root/isic_overlap_pilot_self_contained/data/isic2018/raw/task1_masks/ISIC2018_Task1_Training_GroundTruth/ISIC_0011294_segmentation.png,0,,b0cece396c64c798,1019,train
ISIC_0011295,/root/derm_pilot_v100/data/isic2018_raw/ISIC2018_Task1-2_Training_Input/ISIC_0011295.jpg,/root/isic_overlap_pilot_self_contained/data/isic2018/raw/task1_masks/ISIC2018_Task1_Training_GroundTruth/ISIC_0011295_segmentation.png,1,,f179ce92ca1c196c,401,test
ISIC_0011296,/root/derm_pilot_v100/data/isic2018_raw/ISIC2018_Task1-2_Training_Input/ISIC_0011296.jpg,/root/isic_overlap_pilot_self_contained/data/isic2018/raw/task1_masks/ISIC2018_Task1_Training_GroundTruth/ISIC_0011296_segmentation.png,0,,b13ece8e7c3023e1,1020,train
ISIC_0011297,/root/derm_pilot_v100/data/isic2018_raw/ISIC2018_Task1-2_Training_Input/ISIC_0011297.jpg,/root/isic_overlap_pilot_self_contained/data/isic2018/raw/task1_masks/ISIC2018_Task1_Training_GroundTruth/ISIC_0011297_segmentation.png,0,,d28ccd6733996664,1021,test
ISIC_0011298,/root/derm_pilot_v100/data/isic2018_raw/ISIC2018_Task1-2_Training_Input/ISIC_0011298.jpg,/root/isic_overlap_pilot_self_contained/data/isic2018/raw/task1_masks/ISIC2018_Task1_Training_GroundTruth/ISIC_0011298_segmentation.png,0,,c4d9196764d8137b,1022,train
ISIC_0011300,/root/derm_pilot_v100/data/isic2018_raw/ISIC2018_Task1-2_Training_Input/ISIC_0011300.jpg,/root/isic_overlap_pilot_self_contained/data/isic2018/raw/task1_masks/ISIC2018_Task1_Training_GroundTruth/ISIC_0011300_segmentation.png,0,,aa959903f03de0de,1023,test
ISIC_0011301,/root/derm_pilot_v100/data/isic2018_raw/ISIC2018_Task1-2_Training_Input/ISIC_0011301.jpg,/root/isic_overlap_pilot_self_contained/data/isic2018/raw/task1_masks/ISIC2018_Task1_Training_GroundTruth/ISIC_0011301_segmentation.png,0,,e16e9e9838b261cb,1024,train
ISIC_0011303,/root/derm_pilot_v100/data/isic2018_raw/ISIC2018_Task1-2_Training_Input/ISIC_0011303.jpg,/root/isic_overlap_pilot_self_contained/data/isic2018/raw/task1_masks/ISIC2018_Task1_Training_GroundTruth/ISIC_0011303_segmentation.png,0,,903947c63939c7c7,843,train
ISIC_0011304,/root/derm_pilot_v100/data/isic2018_raw/ISIC2018_Task1-2_Training_Input/ISIC_0011304.jpg,/root/isic_overlap_pilot_self_contained/data/isic2018/raw/task1_masks/ISIC2018_Task1_Training_GroundTruth/ISIC_0011304_segmentation.png,0,,d1c6ce3931c6cd38,704,train
ISIC_0011305,/root/derm_pilot_v100/data/isic2018_raw/ISIC2018_Task1-2_Training_Input/ISIC_0011305.jpg,/root/isic_overlap_pilot_self_contained/data/isic2018/raw/task1_masks/ISIC2018_Task1_Training_GroundTruth/ISIC_0011305_segmentation.png,1,,c68d193565674ce6,1025,train
ISIC_0011306,/root/derm_pilot_v100/data/isic2018_raw/ISIC2018_Task1-2_Training_Input/ISIC_0011306.jpg,/root/isic_overlap_pilot_self_contained/data/isic2018/raw/task1_masks/ISIC2018_Task1_Training_GroundTruth/ISIC_0011306_segmentation.png,0,,f175c7963065989a,1026,val
ISIC_0011315,/root/derm_pilot_v100/data/isic2018_raw/ISIC2018_Task1-2_Training_Input/ISIC_0011315.jpg,/root/isic_overlap_pilot_self_contained/data/isic2018/raw/task1_masks/ISIC2018_Task1_Training_GroundTruth/ISIC_0011315_segmentation.png,1,,f1649e92694f6332,1027,train
ISIC_0011317,/root/derm_pilot_v100/data/isic2018_raw/ISIC2018_Task1-2_Training_Input/ISIC_0011317.jpg,/root/isic_overlap_pilot_self_contained/data/isic2018/raw/task1_masks/ISIC2018_Task1_Training_GroundTruth/ISIC_0011317_segmentation.png,0,,c6661999666636dc,1028,train
ISIC_0011322,/root/derm_pilot_v100/data/isic2018_raw/ISIC2018_Task1-2_Training_Input/ISIC_0011322.jpg,/root/isic_overlap_pilot_self_contained/data/isic2018/raw/task1_masks/ISIC2018_Task1_Training_GroundTruth/ISIC_0011322_segmentation.png,0,,959945c7516756c3,1029,train
ISIC_0011323,/root/derm_pilot_v100/data/isic2018_raw/ISIC2018_Task1-2_Training_Input/ISIC_0011323.jpg,/root/isic_overlap_pilot_self_contained/data/isic2018/raw/task1_masks/ISIC2018_Task1_Training_GroundTruth/ISIC_0011323_segmentation.png,0,,b367cc9c5c730cc8,1030,train
ISIC_0011324,/root/derm_pilot_v100/data/isic2018_raw/ISIC2018_Task1-2_Training_Input/ISIC_0011324.jpg,/root/isic_overlap_pilot_self_contained/data/isic2018/raw/task1_masks/ISIC2018_Task1_Training_GroundTruth/ISIC_0011324_segmentation.png,0,,c43719c94576567a,1031,train
ISIC_0011326,/root/derm_pilot_v100/data/isic2018_raw/ISIC2018_Task1-2_Training_Input/ISIC_0011326.jpg,/root/isic_overlap_pilot_self_contained/data/isic2018/raw/task1_masks/ISIC2018_Task1_Training_GroundTruth/ISIC_0011326_segmentation.png,0,,b063cf9c39e73070,1032,train
ISIC_0011327,/root/derm_pilot_v100/data/isic2018_raw/ISIC2018_Task1-2_Training_Input/ISIC_0011327.jpg,/root/isic_overlap_pilot_self_contained/data/isic2018/raw/task1_masks/ISIC2018_Task1_Training_GroundTruth/ISIC_0011327_segmentation.png,0,,d06a938d5c366b69,1033,train
ISIC_0011328,/root/derm_pilot_v100/data/isic2018_raw/ISIC2018_Task1-2_Training_Input/ISIC_0011328.jpg,/root/isic_overlap_pilot_self_contained/data/isic2018/raw/task1_masks/ISIC2018_Task1_Training_GroundTruth/ISIC_0011328_segmentation.png,0,,e59c9a3199e37126,1034,val
ISIC_0011329,/root/derm_pilot_v100/data/isic2018_raw/ISIC2018_Task1-2_Training_Input/ISIC_0011329.jpg,/root/isic_overlap_pilot_self_contained/data/isic2018/raw/task1_masks/ISIC2018_Task1_Training_GroundTruth/ISIC_0011329_segmentation.png,1,,e0c0b935d77b340e,1035,test
ISIC_0011330,/root/derm_pilot_v100/data/isic2018_raw/ISIC2018_Task1-2_Training_Input/ISIC_0011330.jpg,/root/isic_overlap_pilot_self_contained/data/isic2018/raw/task1_masks/ISIC2018_Task1_Training_GroundTruth/ISIC_0011330_segmentation.png,0,,b1cdcc3231cdce34,9,train
ISIC_0011333,/root/derm_pilot_v100/data/isic2018_raw/ISIC2018_Task1-2_Training_Input/ISIC_0011333.jpg,/root/isic_overlap_pilot_self_contained/data/isic2018/raw/task1_masks/ISIC2018_Task1_Training_GroundTruth/ISIC_0011333_segmentation.png,0,,e5969a699d666630,1036,train
ISIC_0011334,/root/derm_pilot_v100/data/isic2018_raw/ISIC2018_Task1-2_Training_Input/ISIC_0011334.jpg,/root/isic_overlap_pilot_self_contained/data/isic2018/raw/task1_masks/ISIC2018_Task1_Training_GroundTruth/ISIC_0011334_segmentation.png,1,,b94352f31e39c619,1037,train
ISIC_0011336,/root/derm_pilot_v100/data/isic2018_raw/ISIC2018_Task1-2_Training_Input/ISIC_0011336.jpg,/root/isic_overlap_pilot_self_contained/data/isic2018/raw/task1_masks/ISIC2018_Task1_Training_GroundTruth/ISIC_0011336_segmentation.png,0,,b58dc32e0e32394f,1038,train
ISIC_0011338,/root/derm_pilot_v100/data/isic2018_raw/ISIC2018_Task1-2_Training_Input/ISIC_0011338.jpg,/root/isic_overlap_pilot_self_contained/data/isic2018/raw/task1_masks/ISIC2018_Task1_Training_GroundTruth/ISIC_0011338_segmentation.png,0,,e34598b2c5f2e558,1039,train
ISIC_0011339,/root/derm_pilot_v100/data/isic2018_raw/ISIC2018_Task1-2_Training_Input/ISIC_0011339.jpg,/root/isic_overlap_pilot_self_contained/data/isic2018/raw/task1_masks/ISIC2018_Task1_Training_GroundTruth/ISIC_0011339_segmentation.png,0,,e7cc9a32696326cc,1040,val
ISIC_0011341,/root/derm_pilot_v100/data/isic2018_raw/ISIC2018_Task1-2_Training_Input/ISIC_0011341.jpg,/root/isic_overlap_pilot_self_contained/data/isic2018/raw/task1_masks/ISIC2018_Task1_Training_GroundTruth/ISIC_0011341_segmentation.png,0,,e4999966659a9867,1041,train
ISIC_0011343,/root/derm_pilot_v100/data/isic2018_raw/ISIC2018_Task1-2_Training_Input/ISIC_0011343.jpg,/root/isic_overlap_pilot_self_contained/data/isic2018/raw/task1_masks/ISIC2018_Task1_Training_GroundTruth/ISIC_0011343_segmentation.png,0,,d28dcd3332e3469c,1042,test
ISIC_0011344,/root/derm_pilot_v100/data/isic2018_raw/ISIC2018_Task1-2_Training_Input/ISIC_0011344.jpg,/root/isic_overlap_pilot_self_contained/data/isic2018/raw/task1_masks/ISIC2018_Task1_Training_GroundTruth/ISIC_0011344_segmentation.png,1,,c4e5583b646733cc,1043,train
ISIC_0011345,/root/derm_pilot_v100/data/isic2018_raw/ISIC2018_Task1-2_Training_Input/ISIC_0011345.jpg,/root/isic_overlap_pilot_self_contained/data/isic2018/raw/task1_masks/ISIC2018_Task1_Training_GroundTruth/ISIC_0011345_segmentation.png,0,,c65699b327cc1c33,1044,test
ISIC_0011347,/root/derm_pilot_v100/data/isic2018_raw/ISIC2018_Task1-2_Training_Input/ISIC_0011347.jpg,/root/isic_overlap_pilot_self_contained/data/isic2018/raw/task1_masks/ISIC2018_Task1_Training_GroundTruth/ISIC_0011347_segmentation.png,0,,95b95c87d9e23219,1045,test
ISIC_0011348,/root/derm_pilot_v100/data/isic2018_raw/ISIC2018_Task1-2_Training_Input/ISIC_0011348.jpg,/root/isic_overlap_pilot_self_contained/data/isic2018/raw/task1_masks/ISIC2018_Task1_Training_GroundTruth/ISIC_0011348_segmentation.png,1,,b193d36e98318e93,1046,train
ISIC_0011349,/root/derm_pilot_v100/data/isic2018_raw/ISIC2018_Task1-2_Training_Input/ISIC_0011349.jpg,/root/isic_overlap_pilot_self_contained/data/isic2018/raw/task1_masks/ISIC2018_Task1_Training_GroundTruth/ISIC_0011349_segmentation.png,1,,bed18167c41ee04f,1047,train
ISIC_0011352,/root/derm_pilot_v100/data/isic2018_raw/ISIC2018_Task1-2_Training_Input/ISIC_0011352.jpg,/root/isic_overlap_pilot_self_contained/data/isic2018/raw/task1_masks/ISIC2018_Task1_Training_GroundTruth/ISIC_0011352_segmentation.png,0,,b033cb4ccf4ce686,1048,train
ISIC_0011353,/root/derm_pilot_v100/data/isic2018_raw/ISIC2018_Task1-2_Training_Input/ISIC_0011353.jpg,/root/isic_overlap_pilot_self_contained/data/isic2018/raw/task1_masks/ISIC2018_Task1_Training_GroundTruth/ISIC_0011353_segmentation.png,0,,d3cbccbd3389cc40,1049,test
ISIC_0011356,/root/derm_pilot_v100/data/isic2018_raw/ISIC2018_Task1-2_Training_Input/ISIC_0011356.jpg,/root/isic_overlap_pilot_self_contained/data/isic2018/raw/task1_masks/ISIC2018_Task1_Training_GroundTruth/ISIC_0011356_segmentation.png,1,,e1d6c5d9c5239e30,1050,train
ISIC_0011357,/root/derm_pilot_v100/data/isic2018_raw/ISIC2018_Task1-2_Training_Input/ISIC_0011357.jpg,/root/isic_overlap_pilot_self_contained/data/isic2018/raw/task1_masks/ISIC2018_Task1_Training_GroundTruth/ISIC_0011357_segmentation.png,0,,913fccca323552e3,1051,train
ISIC_0011358,/root/derm_pilot_v100/data/isic2018_raw/ISIC2018_Task1-2_Training_Input/ISIC_0011358.jpg,/root/isic_overlap_pilot_self_contained/data/isic2018/raw/task1_masks/ISIC2018_Task1_Training_GroundTruth/ISIC_0011358_segmentation.png,0,,b4e1cb9a3cc46569,1052,test
ISIC_0011359,/root/derm_pilot_v100/data/isic2018_raw/ISIC2018_Task1-2_Training_Input/ISIC_0011359.jpg,/root/isic_overlap_pilot_self_contained/data/isic2018/raw/task1_masks/ISIC2018_Task1_Training_GroundTruth/ISIC_0011359_segmentation.png,0,,b0e0cfcf38983333,1053,test
ISIC_0011360,/root/derm_pilot_v100/data/isic2018_raw/ISIC2018_Task1-2_Training_Input/ISIC_0011360.jpg,/root/isic_overlap_pilot_self_contained/data/isic2018/raw/task1_masks/ISIC2018_Task1_Training_GroundTruth/ISIC_0011360_segmentation.png,0,,bfe3b0cec1599888,1054,train
ISIC_0011361,/root/derm_pilot_v100/data/isic2018_raw/ISIC2018_Task1-2_Training_Input/ISIC_0011361.jpg,/root/isic_overlap_pilot_self_contained/data/isic2018/raw/task1_masks/ISIC2018_Task1_Training_GroundTruth/ISIC_0011361_segmentation.png,0,,abcaf48dc330c933,1055,train
ISIC_0011362,/root/derm_pilot_v100/data/isic2018_raw/ISIC2018_Task1-2_Training_Input/ISIC_0011362.jpg,/root/isic_overlap_pilot_self_contained/data/isic2018/raw/task1_masks/ISIC2018_Task1_Training_GroundTruth/ISIC_0011362_segmentation.png,0,,d4391d4665656793,1056,train
ISIC_0011363,/root/derm_pilot_v100/data/isic2018_raw/ISIC2018_Task1-2_Training_Input/ISIC_0011363.jpg,/root/isic_overlap_pilot_self_contained/data/isic2018/raw/task1_masks/ISIC2018_Task1_Training_GroundTruth/ISIC_0011363_segmentation.png,0,,bd79d2858f3c4c60,1057,train
ISIC_0011366,/root/derm_pilot_v100/data/isic2018_raw/ISIC2018_Task1-2_Training_Input/ISIC_0011366.jpg,/root/isic_overlap_pilot_self_contained/data/isic2018/raw/task1_masks/ISIC2018_Task1_Training_GroundTruth/ISIC_0011366_segmentation.png,1,,f1b8c7610c9e30cf,1058,train
ISIC_0011367,/root/derm_pilot_v100/data/isic2018_raw/ISIC2018_Task1-2_Training_Input/ISIC_0011367.jpg,/root/isic_overlap_pilot_self_contained/data/isic2018/raw/task1_masks/ISIC2018_Task1_Training_GroundTruth/ISIC_0011367_segmentation.png,0,,81b61ce873f3488f,1059,test
ISIC_0011372,/root/derm_pilot_v100/data/isic2018_raw/ISIC2018_Task1-2_Training_Input/ISIC_0011372.jpg,/root/isic_overlap_pilot_self_contained/data/isic2018/raw/task1_masks/ISIC2018_Task1_Training_GroundTruth/ISIC_0011372_segmentation.png,0,,d330cc7173dccc23,9,train
ISIC_0011373,/root/derm_pilot_v100/data/isic2018_raw/ISIC2018_Task1-2_Training_Input/ISIC_0011373.jpg,/root/isic_overlap_pilot_self_contained/data/isic2018/raw/task1_masks/ISIC2018_Task1_Training_GroundTruth/ISIC_0011373_segmentation.png,0,,bbb5945ac8a5d462,1060,train
ISIC_0011374,/root/derm_pilot_v100/data/isic2018_raw/ISIC2018_Task1-2_Training_Input/ISIC_0011374.jpg,/root/isic_overlap_pilot_self_contained/data/isic2018/raw/task1_masks/ISIC2018_Task1_Training_GroundTruth/ISIC_0011374_segmentation.png,1,,d44ad716a195de89,1061,train
ISIC_0011378,/root/derm_pilot_v100/data/isic2018_raw/ISIC2018_Task1-2_Training_Input/ISIC_0011378.jpg,/root/isic_overlap_pilot_self_contained/data/isic2018/raw/task1_masks/ISIC2018_Task1_Training_GroundTruth/ISIC_0011378_segmentation.png,0,,f23399ce4ccc46cc,1062,train
ISIC_0011382,/root/derm_pilot_v100/data/isic2018_raw/ISIC2018_Task1-2_Training_Input/ISIC_0011382.jpg,/root/isic_overlap_pilot_self_contained/data/isic2018/raw/task1_masks/ISIC2018_Task1_Training_GroundTruth/ISIC_0011382_segmentation.png,0,,e19e96794b6698c2,1063,val
ISIC_0011383,/root/derm_pilot_v100/data/isic2018_raw/ISIC2018_Task1-2_Training_Input/ISIC_0011383.jpg,/root/isic_overlap_pilot_self_contained/data/isic2018/raw/task1_masks/ISIC2018_Task1_Training_GroundTruth/ISIC_0011383_segmentation.png,0,,a4679a9866736c6c,1064,train
ISIC_0011384,/root/derm_pilot_v100/data/isic2018_raw/ISIC2018_Task1-2_Training_Input/ISIC_0011384.jpg,/root/isic_overlap_pilot_self_contained/data/isic2018/raw/task1_masks/ISIC2018_Task1_Training_GroundTruth/ISIC_0011384_segmentation.png,0,,d2cacb8d318c87b5,1065,val
ISIC_0011385,/root/derm_pilot_v100/data/isic2018_raw/ISIC2018_Task1-2_Training_Input/ISIC_0011385.jpg,/root/isic_overlap_pilot_self_contained/data/isic2018/raw/task1_masks/ISIC2018_Task1_Training_GroundTruth/ISIC_0011385_segmentation.png,0,,f5cec9303681d34e,1066,test
ISIC_0011386,/root/derm_pilot_v100/data/isic2018_raw/ISIC2018_Task1-2_Training_Input/ISIC_0011386.jpg,/root/isic_overlap_pilot_self_contained/data/isic2018/raw/task1_masks/ISIC2018_Task1_Training_GroundTruth/ISIC_0011386_segmentation.png,0,,d34a4c3377cc7036,1067,train
ISIC_0011387,/root/derm_pilot_v100/data/isic2018_raw/ISIC2018_Task1-2_Training_Input/ISIC_0011387.jpg,/root/isic_overlap_pilot_self_contained/data/isic2018/raw/task1_masks/ISIC2018_Task1_Training_GroundTruth/ISIC_0011387_segmentation.png,1,,e06687931eb4e1cd,1068,train
ISIC_0011390,/root/derm_pilot_v100/data/isic2018_raw/ISIC2018_Task1-2_Training_Input/ISIC_0011390.jpg,/root/isic_overlap_pilot_self_contained/data/isic2018/raw/task1_masks/ISIC2018_Task1_Training_GroundTruth/ISIC_0011390_segmentation.png,1,,ae1fc1e49b8670d8,1069,train
ISIC_0011393,/root/derm_pilot_v100/data/isic2018_raw/ISIC2018_Task1-2_Training_Input/ISIC_0011393.jpg,/root/isic_overlap_pilot_self_contained/data/isic2018/raw/task1_masks/ISIC2018_Task1_Training_GroundTruth/ISIC_0011393_segmentation.png,0,,86365dd8646247cf,1070,train
ISIC_0011397,/root/derm_pilot_v100/data/isic2018_raw/ISIC2018_Task1-2_Training_Input/ISIC_0011397.jpg,/root/isic_overlap_pilot_self_contained/data/isic2018/raw/task1_masks/ISIC2018_Task1_Training_GroundTruth/ISIC_0011397_segmentation.png,0,,f039ccc76f393026,1071,val
ISIC_0011398,/root/derm_pilot_v100/data/isic2018_raw/ISIC2018_Task1-2_Training_Input/ISIC_0011398.jpg,/root/isic_overlap_pilot_self_contained/data/isic2018/raw/task1_masks/ISIC2018_Task1_Training_GroundTruth/ISIC_0011398_segmentation.png,0,,e59b8e6918667364,1072,train
ISIC_0011402,/root/derm_pilot_v100/data/isic2018_raw/ISIC2018_Task1-2_Training_Input/ISIC_0011402.jpg,/root/isic_overlap_pilot_self_contained/data/isic2018/raw/task1_masks/ISIC2018_Task1_Training_GroundTruth/ISIC_0011402_segmentation.png,0,,a4b55ac969943967,1073,train
ISIC_0012086,/root/derm_pilot_v100/data/isic2018_raw/ISIC2018_Task1-2_Training_Input/ISIC_0012086.jpg,/root/isic_overlap_pilot_self_contained/data/isic2018/raw/task1_masks/ISIC2018_Task1_Training_GroundTruth/ISIC_0012086_segmentation.png,0,,800f0f1f3f3c1cf8,1074,train
ISIC_0012089,/root/derm_pilot_v100/data/isic2018_raw/ISIC2018_Task1-2_Training_Input/ISIC_0012089.jpg,/root/isic_overlap_pilot_self_contained/data/isic2018/raw/task1_masks/ISIC2018_Task1_Training_GroundTruth/ISIC_0012089_segmentation.png,0,,9703511b557e5599,1075,train
ISIC_0012090,/root/derm_pilot_v100/data/isic2018_raw/ISIC2018_Task1-2_Training_Input/ISIC_0012090.jpg,/root/isic_overlap_pilot_self_contained/data/isic2018/raw/task1_masks/ISIC2018_Task1_Training_GroundTruth/ISIC_0012090_segmentation.png,0,,c585541e559d5753,1076,train
ISIC_0012092,/root/derm_pilot_v100/data/isic2018_raw/ISIC2018_Task1-2_Training_Input/ISIC_0012092.jpg,/root/isic_overlap_pilot_self_contained/data/isic2018/raw/task1_masks/ISIC2018_Task1_Training_GroundTruth/ISIC_0012092_segmentation.png,0,,b38ecd31669c19cc,1077,train
ISIC_0012094,/root/derm_pilot_v100/data/isic2018_raw/ISIC2018_Task1-2_Training_Input/ISIC_0012094.jpg,/root/isic_overlap_pilot_self_contained/data/isic2018/raw/task1_masks/ISIC2018_Task1_Training_GroundTruth/ISIC_0012094_segmentation.png,0,,c46da9e4468d9976,1078,train
ISIC_0012095,/root/derm_pilot_v100/data/isic2018_raw/ISIC2018_Task1-2_Training_Input/ISIC_0012095.jpg,/root/isic_overlap_pilot_self_contained/data/isic2018/raw/task1_masks/ISIC2018_Task1_Training_GroundTruth/ISIC_0012095_segmentation.png,0,,e402999966669bdb,135,val
ISIC_0012097,/root/derm_pilot_v100/data/isic2018_raw/ISIC2018_Task1-2_Training_Input/ISIC_0012097.jpg,/root/isic_overlap_pilot_self_contained/data/isic2018/raw/task1_masks/ISIC2018_Task1_Training_GroundTruth/ISIC_0012097_segmentation.png,0,,f154cccd3364cc4d,1079,train
ISIC_0012099,/root/derm_pilot_v100/data/isic2018_raw/ISIC2018_Task1-2_Training_Input/ISIC_0012099.jpg,/root/isic_overlap_pilot_self_contained/data/isic2018/raw/task1_masks/ISIC2018_Task1_Training_GroundTruth/ISIC_0012099_segmentation.png,1,,f720cdc83326dd8c,1080,train
ISIC_0012102,/root/derm_pilot_v100/data/isic2018_raw/ISIC2018_Task1-2_Training_Input/ISIC_0012102.jpg,/root/isic_overlap_pilot_self_contained/data/isic2018/raw/task1_masks/ISIC2018_Task1_Training_GroundTruth/ISIC_0012102_segmentation.png,0,,845911cd557d91fc,1081,train
ISIC_0012105,/root/derm_pilot_v100/data/isic2018_raw/ISIC2018_Task1-2_Training_Input/ISIC_0012105.jpg,/root/isic_overlap_pilot_self_contained/data/isic2018/raw/task1_masks/ISIC2018_Task1_Training_GroundTruth/ISIC_0012105_segmentation.png,0,,f5a2d52076a2dd8c,1082,train
ISIC_0012107,/root/derm_pilot_v100/data/isic2018_raw/ISIC2018_Task1-2_Training_Input/ISIC_0012107.jpg,/root/isic_overlap_pilot_self_contained/data/isic2018/raw/task1_masks/ISIC2018_Task1_Training_GroundTruth/ISIC_0012107_segmentation.png,0,,b1e7dd985041457e,1083,test
ISIC_0012108,/root/derm_pilot_v100/data/isic2018_raw/ISIC2018_Task1-2_Training_Input/ISIC_0012108.jpg,/root/isic_overlap_pilot_self_contained/data/isic2018/raw/task1_masks/ISIC2018_Task1_Training_GroundTruth/ISIC_0012108_segmentation.png,0,,b03a8d27178f45ae,1084,train
ISIC_0012109,/root/derm_pilot_v100/data/isic2018_raw/ISIC2018_Task1-2_Training_Input/ISIC_0012109.jpg,/root/isic_overlap_pilot_self_contained/data/isic2018/raw/task1_masks/ISIC2018_Task1_Training_GroundTruth/ISIC_0012109_segmentation.png,0,,a317d9487269996e,1085,train
ISIC_0012116,/root/derm_pilot_v100/data/isic2018_raw/ISIC2018_Task1-2_Training_Input/ISIC_0012116.jpg,/root/isic_overlap_pilot_self_contained/data/isic2018/raw/task1_masks/ISIC2018_Task1_Training_GroundTruth/ISIC_0012116_segmentation.png,0,,f3a2c4ce512bd4cc,1086,train
ISIC_0012118,/root/derm_pilot_v100/data/isic2018_raw/ISIC2018_Task1-2_Training_Input/ISIC_0012118.jpg,/root/isic_overlap_pilot_self_contained/data/isic2018/raw/task1_masks/ISIC2018_Task1_Training_GroundTruth/ISIC_0012118_segmentation.png,0,,f70a88dd22669d8d,1087,test
ISIC_0012126,/root/derm_pilot_v100/data/isic2018_raw/ISIC2018_Task1-2_Training_Input/ISIC_0012126.jpg,/root/isic_overlap_pilot_self_contained/data/isic2018/raw/task1_masks/ISIC2018_Task1_Training_GroundTruth/ISIC_0012126_segmentation.png,0,,f37388c82637cdc8,1088,train
ISIC_0012127,/root/derm_pilot_v100/data/isic2018_raw/ISIC2018_Task1-2_Training_Input/ISIC_0012127.jpg,/root/isic_overlap_pilot_self_contained/data/isic2018/raw/task1_masks/ISIC2018_Task1_Training_GroundTruth/ISIC_0012127_segmentation.png,0,,bd8cc761d7848c63,1089,train
ISIC_0012134,/root/derm_pilot_v100/data/isic2018_raw/ISIC2018_Task1-2_Training_Input/ISIC_0012134.jpg,/root/isic_overlap_pilot_self_contained/data/isic2018/raw/task1_masks/ISIC2018_Task1_Training_GroundTruth/ISIC_0012134_segmentation.png,0,,bd88d08bc6c99f2c,1090,train
ISIC_0012135,/root/derm_pilot_v100/data/isic2018_raw/ISIC2018_Task1-2_Training_Input/ISIC_0012135.jpg,/root/isic_overlap_pilot_self_contained/data/isic2018/raw/task1_masks/ISIC2018_Task1_Training_GroundTruth/ISIC_0012135_segmentation.png,0,,f25218cccc8e7373,1091,train
ISIC_0012136,/root/derm_pilot_v100/data/isic2018_raw/ISIC2018_Task1-2_Training_Input/ISIC_0012136.jpg,/root/isic_overlap_pilot_self_contained/data/isic2018/raw/task1_masks/ISIC2018_Task1_Training_GroundTruth/ISIC_0012136_segmentation.png,0,,ab8ee1c29c9aba13,1092,val
ISIC_0012137,/root/derm_pilot_v100/data/isic2018_raw/ISIC2018_Task1-2_Training_Input/ISIC_0012137.jpg,/root/isic_overlap_pilot_self_contained/data/isic2018/raw/task1_masks/ISIC2018_Task1_Training_GroundTruth/ISIC_0012137_segmentation.png,1,,b317cc883366d89d,1093,test
ISIC_0012143,/root/derm_pilot_v100/data/isic2018_raw/ISIC2018_Task1-2_Training_Input/ISIC_0012143.jpg,/root/isic_overlap_pilot_self_contained/data/isic2018/raw/task1_masks/ISIC2018_Task1_Training_GroundTruth/ISIC_0012143_segmentation.png,0,,e7829f28ff02ce88,1094,train
ISIC_0012147,/root/derm_pilot_v100/data/isic2018_raw/ISIC2018_Task1-2_Training_Input/ISIC_0012147.jpg,/root/isic_overlap_pilot_self_contained/data/isic2018/raw/task1_masks/ISIC2018_Task1_Training_GroundTruth/ISIC_0012147_segmentation.png,0,,b78adf8ae62298c8,1095,train
ISIC_0012148,/root/derm_pilot_v100/data/isic2018_raw/ISIC2018_Task1-2_Training_Input/ISIC_0012148.jpg,/root/isic_overlap_pilot_self_contained/data/isic2018/raw/task1_masks/ISIC2018_Task1_Training_GroundTruth/ISIC_0012148_segmentation.png,0,,b18acda473998c6e,1096,train
ISIC_0012149,/root/derm_pilot_v100/data/isic2018_raw/ISIC2018_Task1-2_Training_Input/ISIC_0012149.jpg,/root/isic_overlap_pilot_self_contained/data/isic2018/raw/task1_masks/ISIC2018_Task1_Training_GroundTruth/ISIC_0012149_segmentation.png,0,,f62b2d96f6c88883,1097,test
ISIC_0012151,/root/derm_pilot_v100/data/isic2018_raw/ISIC2018_Task1-2_Training_Input/ISIC_0012151.jpg,/root/isic_overlap_pilot_self_contained/data/isic2018/raw/task1_masks/ISIC2018_Task1_Training_GroundTruth/ISIC_0012151_segmentation.png,1,,e5ce9271c93226a7,1098,test
ISIC_0012155,/root/derm_pilot_v100/data/isic2018_raw/ISIC2018_Task1-2_Training_Input/ISIC_0012155.jpg,/root/isic_overlap_pilot_self_contained/data/isic2018/raw/task1_masks/ISIC2018_Task1_Training_GroundTruth/ISIC_0012155_segmentation.png,0,,f780cd42f78c12ec,1099,train
ISIC_0012156,/root/derm_pilot_v100/data/isic2018_raw/ISIC2018_Task1-2_Training_Input/ISIC_0012156.jpg,/root/isic_overlap_pilot_self_contained/data/isic2018/raw/task1_masks/ISIC2018_Task1_Training_GroundTruth/ISIC_0012156_segmentation.png,0,,f706dd803763988d,1100,train
ISIC_0012159,/root/derm_pilot_v100/data/isic2018_raw/ISIC2018_Task1-2_Training_Input/ISIC_0012159.jpg,/root/isic_overlap_pilot_self_contained/data/isic2018/raw/task1_masks/ISIC2018_Task1_Training_GroundTruth/ISIC_0012159_segmentation.png,0,,ff08772222a89abb,1101,train
ISIC_0012160,/root/derm_pilot_v100/data/isic2018_raw/ISIC2018_Task1-2_Training_Input/ISIC_0012160.jpg,/root/isic_overlap_pilot_self_contained/data/isic2018/raw/task1_masks/ISIC2018_Task1_Training_GroundTruth/ISIC_0012160_segmentation.png,0,,800049c8ffebdead,1102,train
ISIC_0012164,/root/derm_pilot_v100/data/isic2018_raw/ISIC2018_Task1-2_Training_Input/ISIC_0012164.jpg,/root/isic_overlap_pilot_self_contained/data/isic2018/raw/task1_masks/ISIC2018_Task1_Training_GroundTruth/ISIC_0012164_segmentation.png,0,,c0255d9e36269bcd,1103,train
ISIC_0012167,/root/derm_pilot_v100/data/isic2018_raw/ISIC2018_Task1-2_Training_Input/ISIC_0012167.jpg,/root/isic_overlap_pilot_self_contained/data/isic2018/raw/task1_masks/ISIC2018_Task1_Training_GroundTruth/ISIC_0012167_segmentation.png,0,,8f9c530e76ea9918,1104,train
ISIC_0012173,/root/derm_pilot_v100/data/isic2018_raw/ISIC2018_Task1-2_Training_Input/ISIC_0012173.jpg,/root/isic_overlap_pilot_self_contained/data/isic2018/raw/task1_masks/ISIC2018_Task1_Training_GroundTruth/ISIC_0012173_segmentation.png,0,,b7f0946366676644,1105,train
ISIC_0012177,/root/derm_pilot_v100/data/isic2018_raw/ISIC2018_Task1-2_Training_Input/ISIC_0012177.jpg,/root/isic_overlap_pilot_self_contained/data/isic2018/raw/task1_masks/ISIC2018_Task1_Training_GroundTruth/ISIC_0012177_segmentation.png,0,,e68ad96226c9d927,640,train
ISIC_0012178,/root/derm_pilot_v100/data/isic2018_raw/ISIC2018_Task1-2_Training_Input/ISIC_0012178.jpg,/root/isic_overlap_pilot_self_contained/data/isic2018/raw/task1_masks/ISIC2018_Task1_Training_GroundTruth/ISIC_0012178_segmentation.png,0,,bba98d8ec61b9838,1106,train
ISIC_0012179,/root/derm_pilot_v100/data/isic2018_raw/ISIC2018_Task1-2_Training_Input/ISIC_0012179.jpg,/root/isic_overlap_pilot_self_contained/data/isic2018/raw/task1_masks/ISIC2018_Task1_Training_GroundTruth/ISIC_0012179_segmentation.png,0,,88e4bfd0ae0b689b,1107,train
ISIC_0012182,/root/derm_pilot_v100/data/isic2018_raw/ISIC2018_Task1-2_Training_Input/ISIC_0012182.jpg,/root/isic_overlap_pilot_self_contained/data/isic2018/raw/task1_masks/ISIC2018_Task1_Training_GroundTruth/ISIC_0012182_segmentation.png,0,,a2329d9d9f263638,1108,train
ISIC_0012187,/root/derm_pilot_v100/data/isic2018_raw/ISIC2018_Task1-2_Training_Input/ISIC_0012187.jpg,/root/isic_overlap_pilot_self_contained/data/isic2018/raw/task1_masks/ISIC2018_Task1_Training_GroundTruth/ISIC_0012187_segmentation.png,0,,d6438d94632cdc9b,1109,train
ISIC_0012191,/root/derm_pilot_v100/data/isic2018_raw/ISIC2018_Task1-2_Training_Input/ISIC_0012191.jpg,/root/isic_overlap_pilot_self_contained/data/isic2018/raw/task1_masks/ISIC2018_Task1_Training_GroundTruth/ISIC_0012191_segmentation.png,0,,8309dd0837f8dcae,1110,train
ISIC_0012201,/root/derm_pilot_v100/data/isic2018_raw/ISIC2018_Task1-2_Training_Input/ISIC_0012201.jpg,/root/isic_overlap_pilot_self_contained/data/isic2018/raw/task1_masks/ISIC2018_Task1_Training_GroundTruth/ISIC_0012201_segmentation.png,0,,a772d98c66239b8c,1111,val
ISIC_0012203,/root/derm_pilot_v100/data/isic2018_raw/ISIC2018_Task1-2_Training_Input/ISIC_0012203.jpg,/root/isic_overlap_pilot_self_contained/data/isic2018/raw/task1_masks/ISIC2018_Task1_Training_GroundTruth/ISIC_0012203_segmentation.png,0,,904799cf662788dd,1112,val
ISIC_0012204,/root/derm_pilot_v100/data/isic2018_raw/ISIC2018_Task1-2_Training_Input/ISIC_0012204.jpg,/root/isic_overlap_pilot_self_contained/data/isic2018/raw/task1_masks/ISIC2018_Task1_Training_GroundTruth/ISIC_0012204_segmentation.png,0,,a845154acf3bcc75,1113,train
ISIC_0012205,/root/derm_pilot_v100/data/isic2018_raw/ISIC2018_Task1-2_Training_Input/ISIC_0012205.jpg,/root/isic_overlap_pilot_self_contained/data/isic2018/raw/task1_masks/ISIC2018_Task1_Training_GroundTruth/ISIC_0012205_segmentation.png,0,,a314ccd93366ccd9,1114,test
ISIC_0012206,/root/derm_pilot_v100/data/isic2018_raw/ISIC2018_Task1-2_Training_Input/ISIC_0012206.jpg,/root/isic_overlap_pilot_self_contained/data/isic2018/raw/task1_masks/ISIC2018_Task1_Training_GroundTruth/ISIC_0012206_segmentation.png,0,,a49199d8456f36cd,1115,train
ISIC_0012207,/root/derm_pilot_v100/data/isic2018_raw/ISIC2018_Task1-2_Training_Input/ISIC_0012207.jpg,/root/isic_overlap_pilot_self_contained/data/isic2018/raw/task1_masks/ISIC2018_Task1_Training_GroundTruth/ISIC_0012207_segmentation.png,0,,a5203f687fe8a236,1116,test
ISIC_0012208,/root/derm_pilot_v100/data/isic2018_raw/ISIC2018_Task1-2_Training_Input/ISIC_0012208.jpg,/root/isic_overlap_pilot_self_contained/data/isic2018/raw/task1_masks/ISIC2018_Task1_Training_GroundTruth/ISIC_0012208_segmentation.png,1,,a629d96266d9d926,640,train
ISIC_0012210,/root/derm_pilot_v100/data/isic2018_raw/ISIC2018_Task1-2_Training_Input/ISIC_0012210.jpg,/root/isic_overlap_pilot_self_contained/data/isic2018/raw/task1_masks/ISIC2018_Task1_Training_GroundTruth/ISIC_0012210_segmentation.png,0,,a5174691a2f33e69,1117,train
ISIC_0012211,/root/derm_pilot_v100/data/isic2018_raw/ISIC2018_Task1-2_Training_Input/ISIC_0012211.jpg,/root/isic_overlap_pilot_self_contained/data/isic2018/raw/task1_masks/ISIC2018_Task1_Training_GroundTruth/ISIC_0012211_segmentation.png,0,,a69cd935669c9a62,1118,train
ISIC_0012212,/root/derm_pilot_v100/data/isic2018_raw/ISIC2018_Task1-2_Training_Input/ISIC_0012212.jpg,/root/isic_overlap_pilot_self_contained/data/isic2018/raw/task1_masks/ISIC2018_Task1_Training_GroundTruth/ISIC_0012212_segmentation.png,0,,e78458cf6247d874,1119,train
ISIC_0012213,/root/derm_pilot_v100/data/isic2018_raw/ISIC2018_Task1-2_Training_Input/ISIC_0012213.jpg,/root/isic_overlap_pilot_self_contained/data/isic2018/raw/task1_masks/ISIC2018_Task1_Training_GroundTruth/ISIC_0012213_segmentation.png,0,,ab2d9d3426349bd8,1120,test
ISIC_0012216,/root/derm_pilot_v100/data/isic2018_raw/ISIC2018_Task1-2_Training_Input/ISIC_0012216.jpg,/root/isic_overlap_pilot_self_contained/data/isic2018/raw/task1_masks/ISIC2018_Task1_Training_GroundTruth/ISIC_0012216_segmentation.png,0,,f6a5cad5ca948b50,1121,train
ISIC_0012221,/root/derm_pilot_v100/data/isic2018_raw/ISIC2018_Task1-2_Training_Input/ISIC_0012221.jpg,/root/isic_overlap_pilot_self_contained/data/isic2018/raw/task1_masks/ISIC2018_Task1_Training_GroundTruth/ISIC_0012221_segmentation.png,0,,f6d899e126239971,1122,train
ISIC_0012222,/root/derm_pilot_v100/data/isic2018_raw/ISIC2018_Task1-2_Training_Input/ISIC_0012222.jpg,/root/isic_overlap_pilot_self_contained/data/isic2018/raw/task1_masks/ISIC2018_Task1_Training_GroundTruth/ISIC_0012222_segmentation.png,0,,b71b8cb427398966,1123,train
ISIC_0012223,/root/derm_pilot_v100/data/isic2018_raw/ISIC2018_Task1-2_Training_Input/ISIC_0012223.jpg,/root/isic_overlap_pilot_self_contained/data/isic2018/raw/task1_masks/ISIC2018_Task1_Training_GroundTruth/ISIC_0012223_segmentation.png,0,,a1ff05dd906690a7,1124,val
ISIC_0012224,/root/derm_pilot_v100/data/isic2018_raw/ISIC2018_Task1-2_Training_Input/ISIC_0012224.jpg,/root/isic_overlap_pilot_self_contained/data/isic2018/raw/task1_masks/ISIC2018_Task1_Training_GroundTruth/ISIC_0012224_segmentation.png,0,,d96ac48b11a7866f,1125,train
ISIC_0012227,/root/derm_pilot_v100/data/isic2018_raw/ISIC2018_Task1-2_Training_Input/ISIC_0012227.jpg,/root/isic_overlap_pilot_self_contained/data/isic2018/raw/task1_masks/ISIC2018_Task1_Training_GroundTruth/ISIC_0012227_segmentation.png,0,,b017c1cf84dd8c76,1126,train
ISIC_0012228,/root/derm_pilot_v100/data/isic2018_raw/ISIC2018_Task1-2_Training_Input/ISIC_0012228.jpg,/root/isic_overlap_pilot_self_contained/data/isic2018/raw/task1_masks/ISIC2018_Task1_Training_GroundTruth/ISIC_0012228_segmentation.png,0,,b1cf0c3711dc463d,1127,train
ISIC_0012230,/root/derm_pilot_v100/data/isic2018_raw/ISIC2018_Task1-2_Training_Input/ISIC_0012230.jpg,/root/isic_overlap_pilot_self_contained/data/isic2018/raw/task1_masks/ISIC2018_Task1_Training_GroundTruth/ISIC_0012230_segmentation.png,0,,d48508a373ecdc76,1128,test
ISIC_0012232,/root/derm_pilot_v100/data/isic2018_raw/ISIC2018_Task1-2_Training_Input/ISIC_0012232.jpg,/root/isic_overlap_pilot_self_contained/data/isic2018/raw/task1_masks/ISIC2018_Task1_Training_GroundTruth/ISIC_0012232_segmentation.png,0,,e6849993660d99d7,640,train
ISIC_0012233,/root/derm_pilot_v100/data/isic2018_raw/ISIC2018_Task1-2_Training_Input/ISIC_0012233.jpg,/root/isic_overlap_pilot_self_contained/data/isic2018/raw/task1_masks/ISIC2018_Task1_Training_GroundTruth/ISIC_0012233_segmentation.png,0,,a689892746d95677,1129,train
ISIC_0012235,/root/derm_pilot_v100/data/isic2018_raw/ISIC2018_Task1-2_Training_Input/ISIC_0012235.jpg,/root/isic_overlap_pilot_self_contained/data/isic2018/raw/task1_masks/ISIC2018_Task1_Training_GroundTruth/ISIC_0012235_segmentation.png,0,,b01d883703dd8d77,1130,train
ISIC_0012238,/root/derm_pilot_v100/data/isic2018_raw/ISIC2018_Task1-2_Training_Input/ISIC_0012238.jpg,/root/isic_overlap_pilot_self_contained/data/isic2018/raw/task1_masks/ISIC2018_Task1_Training_GroundTruth/ISIC_0012238_segmentation.png,0,,d115957772a5827a,1131,val
ISIC_0012245,/root/derm_pilot_v100/data/isic2018_raw/ISIC2018_Task1-2_Training_Input/ISIC_0012245.jpg,/root/isic_overlap_pilot_self_contained/data/isic2018/raw/task1_masks/ISIC2018_Task1_Training_GroundTruth/ISIC_0012245_segmentation.png,0,,800281af8d7757bf,1132,train
ISIC_0012246,/root/derm_pilot_v100/data/isic2018_raw/ISIC2018_Task1-2_Training_Input/ISIC_0012246.jpg,/root/isic_overlap_pilot_self_contained/data/isic2018/raw/task1_masks/ISIC2018_Task1_Training_GroundTruth/ISIC_0012246_segmentation.png,0,,b272dccb5cc81873,1133,train
ISIC_0012248,/root/derm_pilot_v100/data/isic2018_raw/ISIC2018_Task1-2_Training_Input/ISIC_0012248.jpg,/root/isic_overlap_pilot_self_contained/data/isic2018/raw/task1_masks/ISIC2018_Task1_Training_GroundTruth/ISIC_0012248_segmentation.png,0,,bfa2ee23822fc815,1134,train
ISIC_0012250,/root/derm_pilot_v100/data/isic2018_raw/ISIC2018_Task1-2_Training_Input/ISIC_0012250.jpg,/root/isic_overlap_pilot_self_contained/data/isic2018/raw/task1_masks/ISIC2018_Task1_Training_GroundTruth/ISIC_0012250_segmentation.png,0,,82808cea33779fce,1135,train
ISIC_0012253,/root/derm_pilot_v100/data/isic2018_raw/ISIC2018_Task1-2_Training_Input/ISIC_0012253.jpg,/root/isic_overlap_pilot_self_contained/data/isic2018/raw/task1_masks/ISIC2018_Task1_Training_GroundTruth/ISIC_0012253_segmentation.png,0,,e6de99d3275a2444,1136,train
ISIC_0012256,/root/derm_pilot_v100/data/isic2018_raw/ISIC2018_Task1-2_Training_Input/ISIC_0012256.jpg,/root/isic_overlap_pilot_self_contained/data/isic2018/raw/task1_masks/ISIC2018_Task1_Training_GroundTruth/ISIC_0012256_segmentation.png,0,,f5aad189562d9326,1137,train
ISIC_0012257,/root/derm_pilot_v100/data/isic2018_raw/ISIC2018_Task1-2_Training_Input/ISIC_0012257.jpg,/root/isic_overlap_pilot_self_contained/data/isic2018/raw/task1_masks/ISIC2018_Task1_Training_GroundTruth/ISIC_0012257_segmentation.png,0,,e602d977664ad962,1138,train
ISIC_0012258,/root/derm_pilot_v100/data/isic2018_raw/ISIC2018_Task1-2_Training_Input/ISIC_0012258.jpg,/root/isic_overlap_pilot_self_contained/data/isic2018/raw/task1_masks/ISIC2018_Task1_Training_GroundTruth/ISIC_0012258_segmentation.png,1,,d5ea552a552a5a99,1139,train
ISIC_0012259,/root/derm_pilot_v100/data/isic2018_raw/ISIC2018_Task1-2_Training_Input/ISIC_0012259.jpg,/root/isic_overlap_pilot_self_contained/data/isic2018/raw/task1_masks/ISIC2018_Task1_Training_GroundTruth/ISIC_0012259_segmentation.png,0,,e3c8cc6323cc1977,1140,train
ISIC_0012260,/root/derm_pilot_v100/data/isic2018_raw/ISIC2018_Task1-2_Training_Input/ISIC_0012260.jpg,/root/isic_overlap_pilot_self_contained/data/isic2018/raw/task1_masks/ISIC2018_Task1_Training_GroundTruth/ISIC_0012260_segmentation.png,0,,8050159d557755df,1141,train
ISIC_0012261,/root/derm_pilot_v100/data/isic2018_raw/ISIC2018_Task1-2_Training_Input/ISIC_0012261.jpg,/root/isic_overlap_pilot_self_contained/data/isic2018/raw/task1_masks/ISIC2018_Task1_Training_GroundTruth/ISIC_0012261_segmentation.png,0,,908f00bf01ffc07f,1142,train
ISIC_0012263,/root/derm_pilot_v100/data/isic2018_raw/ISIC2018_Task1-2_Training_Input/ISIC_0012263.jpg,/root/isic_overlap_pilot_self_contained/data/isic2018/raw/task1_masks/ISIC2018_Task1_Training_GroundTruth/ISIC_0012263_segmentation.png,0,,f1781c333c1c193f,1143,test
ISIC_0012266,/root/derm_pilot_v100/data/isic2018_raw/ISIC2018_Task1-2_Training_Input/ISIC_0012266.jpg,/root/isic_overlap_pilot_self_contained/data/isic2018/raw/task1_masks/ISIC2018_Task1_Training_GroundTruth/ISIC_0012266_segmentation.png,0,,f2a98a8e1e1a996e,1144,train
ISIC_0012268,/root/derm_pilot_v100/data/isic2018_raw/ISIC2018_Task1-2_Training_Input/ISIC_0012268.jpg,/root/isic_overlap_pilot_self_contained/data/isic2018/raw/task1_masks/ISIC2018_Task1_Training_GroundTruth/ISIC_0012268_segmentation.png,0,,d55d547651cc550e,1145,val
ISIC_0012271,/root/derm_pilot_v100/data/isic2018_raw/ISIC2018_Task1-2_Training_Input/ISIC_0012271.jpg,/root/isic_overlap_pilot_self_contained/data/isic2018/raw/task1_masks/ISIC2018_Task1_Training_GroundTruth/ISIC_0012271_segmentation.png,0,,9628012391dfd7cf,1146,train
ISIC_0012272,/root/derm_pilot_v100/data/isic2018_raw/ISIC2018_Task1-2_Training_Input/ISIC_0012272.jpg,/root/isic_overlap_pilot_self_contained/data/isic2018/raw/task1_masks/ISIC2018_Task1_Training_GroundTruth/ISIC_0012272_segmentation.png,0,,b311c5c7dccccc8c,1147,val
ISIC_0012273,/root/derm_pilot_v100/data/isic2018_raw/ISIC2018_Task1-2_Training_Input/ISIC_0012273.jpg,/root/isic_overlap_pilot_self_contained/data/isic2018/raw/task1_masks/ISIC2018_Task1_Training_GroundTruth/ISIC_0012273_segmentation.png,0,,8ea2348ccf7e8ea4,1148,train
ISIC_0012278,/root/derm_pilot_v100/data/isic2018_raw/ISIC2018_Task1-2_Training_Input/ISIC_0012278.jpg,/root/isic_overlap_pilot_self_contained/data/isic2018/raw/task1_masks/ISIC2018_Task1_Training_GroundTruth/ISIC_0012278_segmentation.png,0,,c78a192f623698f3,1149,val
ISIC_0012281,/root/derm_pilot_v100/data/isic2018_raw/ISIC2018_Task1-2_Training_Input/ISIC_0012281.jpg,/root/isic_overlap_pilot_self_contained/data/isic2018/raw/task1_masks/ISIC2018_Task1_Training_GroundTruth/ISIC_0012281_segmentation.png,0,,f38e398b62a2cd49,1150,train
ISIC_0012282,/root/derm_pilot_v100/data/isic2018_raw/ISIC2018_Task1-2_Training_Input/ISIC_0012282.jpg,/root/isic_overlap_pilot_self_contained/data/isic2018/raw/task1_masks/ISIC2018_Task1_Training_GroundTruth/ISIC_0012282_segmentation.png,0,,a49011d7067f917f,1151,train
ISIC_0012284,/root/derm_pilot_v100/data/isic2018_raw/ISIC2018_Task1-2_Training_Input/ISIC_0012284.jpg,/root/isic_overlap_pilot_self_contained/data/isic2018/raw/task1_masks/ISIC2018_Task1_Training_GroundTruth/ISIC_0012284_segmentation.png,0,,b103cd3832c733cf,1152,train
ISIC_0012285,/root/derm_pilot_v100/data/isic2018_raw/ISIC2018_Task1-2_Training_Input/ISIC_0012285.jpg,/root/isic_overlap_pilot_self_contained/data/isic2018/raw/task1_masks/ISIC2018_Task1_Training_GroundTruth/ISIC_0012285_segmentation.png,0,,dd1e6ba43288b867,1153,val
ISIC_0012288,/root/derm_pilot_v100/data/isic2018_raw/ISIC2018_Task1-2_Training_Input/ISIC_0012288.jpg,/root/isic_overlap_pilot_self_contained/data/isic2018/raw/task1_masks/ISIC2018_Task1_Training_GroundTruth/ISIC_0012288_segmentation.png,1,,f3074c8c377319cc,1154,train
ISIC_0012290,/root/derm_pilot_v100/data/isic2018_raw/ISIC2018_Task1-2_Training_Input/ISIC_0012290.jpg,/root/isic_overlap_pilot_self_contained/data/isic2018/raw/task1_masks/ISIC2018_Task1_Training_GroundTruth/ISIC_0012290_segmentation.png,1,,e949d36ec19c94c5,1155,train
ISIC_0012298,/root/derm_pilot_v100/data/isic2018_raw/ISIC2018_Task1-2_Training_Input/ISIC_0012298.jpg,/root/isic_overlap_pilot_self_contained/data/isic2018/raw/task1_masks/ISIC2018_Task1_Training_GroundTruth/ISIC_0012298_segmentation.png,1,,f2cd8c7276991b44,1156,test
ISIC_0012299,/root/derm_pilot_v100/data/isic2018_raw/ISIC2018_Task1-2_Training_Input/ISIC_0012299.jpg,/root/isic_overlap_pilot_self_contained/data/isic2018/raw/task1_masks/ISIC2018_Task1_Training_GroundTruth/ISIC_0012299_segmentation.png,0,,a11d8837709d337e,1157,val
ISIC_0012303,/root/derm_pilot_v100/data/isic2018_raw/ISIC2018_Task1-2_Training_Input/ISIC_0012303.jpg,/root/isic_overlap_pilot_self_contained/data/isic2018/raw/task1_masks/ISIC2018_Task1_Training_GroundTruth/ISIC_0012303_segmentation.png,0,,a406999b66669bd9,135,val
ISIC_0012306,/root/derm_pilot_v100/data/isic2018_raw/ISIC2018_Task1-2_Training_Input/ISIC_0012306.jpg,/root/isic_overlap_pilot_self_contained/data/isic2018/raw/task1_masks/ISIC2018_Task1_Training_GroundTruth/ISIC_0012306_segmentation.png,0,,8052ddce2267ddcc,1158,test
ISIC_0012309,/root/derm_pilot_v100/data/isic2018_raw/ISIC2018_Task1-2_Training_Input/ISIC_0012309.jpg,/root/isic_overlap_pilot_self_contained/data/isic2018/raw/task1_masks/ISIC2018_Task1_Training_GroundTruth/ISIC_0012309_segmentation.png,0,,b19f84d831fc8c2d,1159,train
ISIC_0012311,/root/derm_pilot_v100/data/isic2018_raw/ISIC2018_Task1-2_Training_Input/ISIC_0012311.jpg,/root/isic_overlap_pilot_self_contained/data/isic2018/raw/task1_masks/ISIC2018_Task1_Training_GroundTruth/ISIC_0012311_segmentation.png,0,,81018d273379cf6f,1160,val
ISIC_0012313,/root/derm_pilot_v100/data/isic2018_raw/ISIC2018_Task1-2_Training_Input/ISIC_0012313.jpg,/root/isic_overlap_pilot_self_contained/data/isic2018/raw/task1_masks/ISIC2018_Task1_Training_GroundTruth/ISIC_0012313_segmentation.png,0,,852acc8c773399dc,1161,train
ISIC_0012314,/root/derm_pilot_v100/data/isic2018_raw/ISIC2018_Task1-2_Training_Input/ISIC_0012314.jpg,/root/isic_overlap_pilot_self_contained/data/isic2018/raw/task1_masks/ISIC2018_Task1_Training_GroundTruth/ISIC_0012314_segmentation.png,0,,a4375bc48a38f275,1162,train
ISIC_0012316,/root/derm_pilot_v100/data/isic2018_raw/ISIC2018_Task1-2_Training_Input/ISIC_0012316.jpg,/root/isic_overlap_pilot_self_contained/data/isic2018/raw/task1_masks/ISIC2018_Task1_Training_GroundTruth/ISIC_0012316_segmentation.png,0,,9554dc5673d8cc23,1163,train
ISIC_0012318,/root/derm_pilot_v100/data/isic2018_raw/ISIC2018_Task1-2_Training_Input/ISIC_0012318.jpg,/root/isic_overlap_pilot_self_contained/data/isic2018/raw/task1_masks/ISIC2018_Task1_Training_GroundTruth/ISIC_0012318_segmentation.png,0,,b1d5547705559175,1164,val
ISIC_0012320,/root/derm_pilot_v100/data/isic2018_raw/ISIC2018_Task1-2_Training_Input/ISIC_0012320.jpg,/root/isic_overlap_pilot_self_contained/data/isic2018/raw/task1_masks/ISIC2018_Task1_Training_GroundTruth/ISIC_0012320_segmentation.png,0,,b304cc5333ccdc73,9,train
ISIC_0012323,/root/derm_pilot_v100/data/isic2018_raw/ISIC2018_Task1-2_Training_Input/ISIC_0012323.jpg,/root/isic_overlap_pilot_self_contained/data/isic2018/raw/task1_masks/ISIC2018_Task1_Training_GroundTruth/ISIC_0012323_segmentation.png,0,,ea4ba52c9c945d93,1165,val
ISIC_0012324,/root/derm_pilot_v100/data/isic2018_raw/ISIC2018_Task1-2_Training_Input/ISIC_0012324.jpg,/root/isic_overlap_pilot_self_contained/data/isic2018/raw/task1_masks/ISIC2018_Task1_Training_GroundTruth/ISIC_0012324_segmentation.png,0,,a3cac8ab63cccf21,1166,train
ISIC_0012325,/root/derm_pilot_v100/data/isic2018_raw/ISIC2018_Task1-2_Training_Input/ISIC_0012325.jpg,/root/isic_overlap_pilot_self_contained/data/isic2018/raw/task1_masks/ISIC2018_Task1_Training_GroundTruth/ISIC_0012325_segmentation.png,0,,f020d99833a6cf8f,1167,train
ISIC_0012329,/root/derm_pilot_v100/data/isic2018_raw/ISIC2018_Task1-2_Training_Input/ISIC_0012329.jpg,/root/isic_overlap_pilot_self_contained/data/isic2018/raw/task1_masks/ISIC2018_Task1_Training_GroundTruth/ISIC_0012329_segmentation.png,0,,f1ec0ad02fdd21ac,1168,train
ISIC_0012330,/root/derm_pilot_v100/data/isic2018_raw/ISIC2018_Task1-2_Training_Input/ISIC_0012330.jpg,/root/isic_overlap_pilot_self_contained/data/isic2018/raw/task1_masks/ISIC2018_Task1_Training_GroundTruth/ISIC_0012330_segmentation.png,0,,f41eabf7c2801b2c,1169,train
ISIC_0012332,/root/derm_pilot_v100/data/isic2018_raw/ISIC2018_Task1-2_Training_Input/ISIC_0012332.jpg,/root/isic_overlap_pilot_self_contained/data/isic2018/raw/task1_masks/ISIC2018_Task1_Training_GroundTruth/ISIC_0012332_segmentation.png,0,,f7d8d9636489d124,1170,val
ISIC_0012333,/root/derm_pilot_v100/data/isic2018_raw/ISIC2018_Task1-2_Training_Input/ISIC_0012333.jpg,/root/isic_overlap_pilot_self_contained/data/isic2018/raw/task1_masks/ISIC2018_Task1_Training_GroundTruth/ISIC_0012333_segmentation.png,0,,c60c1549767cd9ec,1171,val
ISIC_0012334,/root/derm_pilot_v100/data/isic2018_raw/ISIC2018_Task1-2_Training_Input/ISIC_0012334.jpg,/root/isic_overlap_pilot_self_contained/data/isic2018/raw/task1_masks/ISIC2018_Task1_Training_GroundTruth/ISIC_0012334_segmentation.png,0,,b360cdc97323cc8e,1,test
ISIC_0012335,/root/derm_pilot_v100/data/isic2018_raw/ISIC2018_Task1-2_Training_Input/ISIC_0012335.jpg,/root/isic_overlap_pilot_self_contained/data/isic2018/raw/task1_masks/ISIC2018_Task1_Training_GroundTruth/ISIC_0012335_segmentation.png,0,,b28ce98826fc9ab9,1172,train
ISIC_0012338,/root/derm_pilot_v100/data/isic2018_raw/ISIC2018_Task1-2_Training_Input/ISIC_0012338.jpg,/root/isic_overlap_pilot_self_contained/data/isic2018/raw/task1_masks/ISIC2018_Task1_Training_GroundTruth/ISIC_0012338_segmentation.png,0,,a4281988766e9bfe,1173,val
ISIC_0012342,/root/derm_pilot_v100/data/isic2018_raw/ISIC2018_Task1-2_Training_Input/ISIC_0012342.jpg,/root/isic_overlap_pilot_self_contained/data/isic2018/raw/task1_masks/ISIC2018_Task1_Training_GroundTruth/ISIC_0012342_segmentation.png,0,,d02c1c3e3c3c9a7e,1174,train
ISIC_0012348,/root/derm_pilot_v100/data/isic2018_raw/ISIC2018_Task1-2_Training_Input/ISIC_0012348.jpg,/root/isic_overlap_pilot_self_contained/data/isic2018/raw/task1_masks/ISIC2018_Task1_Training_GroundTruth/ISIC_0012348_segmentation.png,1,,e3d4952326ccb3aa,1175,train
ISIC_0012351,/root/derm_pilot_v100/data/isic2018_raw/ISIC2018_Task1-2_Training_Input/ISIC_0012351.jpg,/root/isic_overlap_pilot_self_contained/data/isic2018/raw/task1_masks/ISIC2018_Task1_Training_GroundTruth/ISIC_0012351_segmentation.png,0,,e45a999b2476996c,1176,train
ISIC_0012356,/root/derm_pilot_v100/data/isic2018_raw/ISIC2018_Task1-2_Training_Input/ISIC_0012356.jpg,/root/isic_overlap_pilot_self_contained/data/isic2018/raw/task1_masks/ISIC2018_Task1_Training_GroundTruth/ISIC_0012356_segmentation.png,1,,b218cbe3d622da27,1177,val
ISIC_0012357,/root/derm_pilot_v100/data/isic2018_raw/ISIC2018_Task1-2_Training_Input/ISIC_0012357.jpg,/root/isic_overlap_pilot_self_contained/data/isic2018/raw/task1_masks/ISIC2018_Task1_Training_GroundTruth/ISIC_0012357_segmentation.png,0,,b780dd886e0b3a76,1178,train
ISIC_0012358,/root/derm_pilot_v100/data/isic2018_raw/ISIC2018_Task1-2_Training_Input/ISIC_0012358.jpg,/root/isic_overlap_pilot_self_contained/data/isic2018/raw/task1_masks/ISIC2018_Task1_Training_GroundTruth/ISIC_0012358_segmentation.png,0,,851b5961629a6b77,1179,train
ISIC_0012360,/root/derm_pilot_v100/data/isic2018_raw/ISIC2018_Task1-2_Training_Input/ISIC_0012360.jpg,/root/isic_overlap_pilot_self_contained/data/isic2018/raw/task1_masks/ISIC2018_Task1_Training_GroundTruth/ISIC_0012360_segmentation.png,0,,e6c89926962b99ec,1180,train
ISIC_0012363,/root/derm_pilot_v100/data/isic2018_raw/ISIC2018_Task1-2_Training_Input/ISIC_0012363.jpg,/root/isic_overlap_pilot_self_contained/data/isic2018/raw/task1_masks/ISIC2018_Task1_Training_GroundTruth/ISIC_0012363_segmentation.png,0,,912f04f733f21173,1181,train
ISIC_0012369,/root/derm_pilot_v100/data/isic2018_raw/ISIC2018_Task1-2_Training_Input/ISIC_0012369.jpg,/root/isic_overlap_pilot_self_contained/data/isic2018/raw/task1_masks/ISIC2018_Task1_Training_GroundTruth/ISIC_0012369_segmentation.png,1,,f3d5982c6e8833a5,1182,test
ISIC_0012372,/root/derm_pilot_v100/data/isic2018_raw/ISIC2018_Task1-2_Training_Input/ISIC_0012372.jpg,/root/isic_overlap_pilot_self_contained/data/isic2018/raw/task1_masks/ISIC2018_Task1_Training_GroundTruth/ISIC_0012372_segmentation.png,0,,f9930986c696cb39,1183,test
ISIC_0012374,/root/derm_pilot_v100/data/isic2018_raw/ISIC2018_Task1-2_Training_Input/ISIC_0012374.jpg,/root/isic_overlap_pilot_self_contained/data/isic2018/raw/task1_masks/ISIC2018_Task1_Training_GroundTruth/ISIC_0012374_segmentation.png,0,,e08859d9366c9d5d,1184,val
ISIC_0012376,/root/derm_pilot_v100/data/isic2018_raw/ISIC2018_Task1-2_Training_Input/ISIC_0012376.jpg,/root/isic_overlap_pilot_self_contained/data/isic2018/raw/task1_masks/ISIC2018_Task1_Training_GroundTruth/ISIC_0012376_segmentation.png,0,,8602014877ebd9ff,1185,train
ISIC_0012378,/root/derm_pilot_v100/data/isic2018_raw/ISIC2018_Task1-2_Training_Input/ISIC_0012378.jpg,/root/isic_overlap_pilot_self_contained/data/isic2018/raw/task1_masks/ISIC2018_Task1_Training_GroundTruth/ISIC_0012378_segmentation.png,0,,a780d9c9666ed989,1186,train
ISIC_0012379,/root/derm_pilot_v100/data/isic2018_raw/ISIC2018_Task1-2_Training_Input/ISIC_0012379.jpg,/root/isic_overlap_pilot_self_contained/data/isic2018/raw/task1_masks/ISIC2018_Task1_Training_GroundTruth/ISIC_0012379_segmentation.png,0,,a9cc96069399dc4f,1187,train
ISIC_0012381,/root/derm_pilot_v100/data/isic2018_raw/ISIC2018_Task1-2_Training_Input/ISIC_0012381.jpg,/root/isic_overlap_pilot_self_contained/data/isic2018/raw/task1_masks/ISIC2018_Task1_Training_GroundTruth/ISIC_0012381_segmentation.png,0,,9570dcbf23250e4d,1188,val
ISIC_0012382,/root/derm_pilot_v100/data/isic2018_raw/ISIC2018_Task1-2_Training_Input/ISIC_0012382.jpg,/root/isic_overlap_pilot_self_contained/data/isic2018/raw/task1_masks/ISIC2018_Task1_Training_GroundTruth/ISIC_0012382_segmentation.png,1,,a167c6319ec6cc9a,1189,train
ISIC_0012384,/root/derm_pilot_v100/data/isic2018_raw/ISIC2018_Task1-2_Training_Input/ISIC_0012384.jpg,/root/isic_overlap_pilot_self_contained/data/isic2018/raw/task1_masks/ISIC2018_Task1_Training_GroundTruth/ISIC_0012384_segmentation.png,0,,f39185cc736294ce,1190,train
ISIC_0012390,/root/derm_pilot_v100/data/isic2018_raw/ISIC2018_Task1-2_Training_Input/ISIC_0012390.jpg,/root/isic_overlap_pilot_self_contained/data/isic2018/raw/task1_masks/ISIC2018_Task1_Training_GroundTruth/ISIC_0012390_segmentation.png,0,,bc60eb87658d948e,1191,test
ISIC_0012391,/root/derm_pilot_v100/data/isic2018_raw/ISIC2018_Task1-2_Training_Input/ISIC_0012391.jpg,/root/isic_overlap_pilot_self_contained/data/isic2018/raw/task1_masks/ISIC2018_Task1_Training_GroundTruth/ISIC_0012391_segmentation.png,1,,e202d9c876669bcd,135,val
ISIC_0012395,/root/derm_pilot_v100/data/isic2018_raw/ISIC2018_Task1-2_Training_Input/ISIC_0012395.jpg,/root/isic_overlap_pilot_self_contained/data/isic2018/raw/task1_masks/ISIC2018_Task1_Training_GroundTruth/ISIC_0012395_segmentation.png,1,,a6e1d98c66213797,1192,train
ISIC_0012400,/root/derm_pilot_v100/data/isic2018_raw/ISIC2018_Task1-2_Training_Input/ISIC_0012400.jpg,/root/isic_overlap_pilot_self_contained/data/isic2018/raw/task1_masks/ISIC2018_Task1_Training_GroundTruth/ISIC_0012400_segmentation.png,0,,e5aad8a865b2ccaa,1193,train
ISIC_0012406,/root/derm_pilot_v100/data/isic2018_raw/ISIC2018_Task1-2_Training_Input/ISIC_0012406.jpg,/root/isic_overlap_pilot_self_contained/data/isic2018/raw/task1_masks/ISIC2018_Task1_Training_GroundTruth/ISIC_0012406_segmentation.png,0,,ab7934b4b20bd217,1194,val
ISIC_0012413,/root/derm_pilot_v100/data/isic2018_raw/ISIC2018_Task1-2_Training_Input/ISIC_0012413.jpg,/root/isic_overlap_pilot_self_contained/data/isic2018/raw/task1_masks/ISIC2018_Task1_Training_GroundTruth/ISIC_0012413_segmentation.png,0,,a608996666dd9967,640,train
ISIC_0012415,/root/derm_pilot_v100/data/isic2018_raw/ISIC2018_Task1-2_Training_Input/ISIC_0012415.jpg,/root/isic_overlap_pilot_self_contained/data/isic2018/raw/task1_masks/ISIC2018_Task1_Training_GroundTruth/ISIC_0012415_segmentation.png,0,,a2028f8e3e2e99f9,1195,train
ISIC_0012417,/root/derm_pilot_v100/data/isic2018_raw/ISIC2018_Task1-2_Training_Input/ISIC_0012417.jpg,/root/isic_overlap_pilot_self_contained/data/isic2018/raw/task1_masks/ISIC2018_Task1_Training_GroundTruth/ISIC_0012417_segmentation.png,0,,ad05010d13775f6f,1196,train
ISIC_0012425,/root/derm_pilot_v100/data/isic2018_raw/ISIC2018_Task1-2_Training_Input/ISIC_0012425.jpg,/root/isic_overlap_pilot_self_contained/data/isic2018/raw/task1_masks/ISIC2018_Task1_Training_GroundTruth/ISIC_0012425_segmentation.png,1,,f8a94fc6553851a6,1197,train
ISIC_0012432,/root/derm_pilot_v100/data/isic2018_raw/ISIC2018_Task1-2_Training_Input/ISIC_0012432.jpg,/root/isic_overlap_pilot_self_contained/data/isic2018/raw/task1_masks/ISIC2018_Task1_Training_GroundTruth/ISIC_0012432_segmentation.png,0,,a483dbcecd383631,1198,train
ISIC_0012434,/root/derm_pilot_v100/data/isic2018_raw/ISIC2018_Task1-2_Training_Input/ISIC_0012434.jpg,/root/isic_overlap_pilot_self_contained/data/isic2018/raw/task1_masks/ISIC2018_Task1_Training_GroundTruth/ISIC_0012434_segmentation.png,1,,a4159b6466d99b66,640,train
ISIC_0012435,/root/derm_pilot_v100/data/isic2018_raw/ISIC2018_Task1-2_Training_Input/ISIC_0012435.jpg,/root/isic_overlap_pilot_self_contained/data/isic2018/raw/task1_masks/ISIC2018_Task1_Training_GroundTruth/ISIC_0012435_segmentation.png,1,,f60ed999262659c9,135,val
ISIC_0012442,/root/derm_pilot_v100/data/isic2018_raw/ISIC2018_Task1-2_Training_Input/ISIC_0012442.jpg,/root/isic_overlap_pilot_self_contained/data/isic2018/raw/task1_masks/ISIC2018_Task1_Training_GroundTruth/ISIC_0012442_segmentation.png,0,,b3019d0d362ad9ee,1199,train
ISIC_0012445,/root/derm_pilot_v100/data/isic2018_raw/ISIC2018_Task1-2_Training_Input/ISIC_0012445.jpg,/root/isic_overlap_pilot_self_contained/data/isic2018/raw/task1_masks/ISIC2018_Task1_Training_GroundTruth/ISIC_0012445_segmentation.png,0,,c3d40cf373d8d426,1200,val
ISIC_0012447,/root/derm_pilot_v100/data/isic2018_raw/ISIC2018_Task1-2_Training_Input/ISIC_0012447.jpg,/root/isic_overlap_pilot_self_contained/data/isic2018/raw/task1_masks/ISIC2018_Task1_Training_GroundTruth/ISIC_0012447_segmentation.png,0,,e903979dd3581762,1201,train
ISIC_0012448,/root/derm_pilot_v100/data/isic2018_raw/ISIC2018_Task1-2_Training_Input/ISIC_0012448.jpg,/root/isic_overlap_pilot_self_contained/data/isic2018/raw/task1_masks/ISIC2018_Task1_Training_GroundTruth/ISIC_0012448_segmentation.png,0,,e2a28dab24bd7623,1202,train
ISIC_0012450,/root/derm_pilot_v100/data/isic2018_raw/ISIC2018_Task1-2_Training_Input/ISIC_0012450.jpg,/root/isic_overlap_pilot_self_contained/data/isic2018/raw/task1_masks/ISIC2018_Task1_Training_GroundTruth/ISIC_0012450_segmentation.png,1,,a674c9d16676cc19,1203,train
ISIC_0012453,/root/derm_pilot_v100/data/isic2018_raw/ISIC2018_Task1-2_Training_Input/ISIC_0012453.jpg,/root/isic_overlap_pilot_self_contained/data/isic2018/raw/task1_masks/ISIC2018_Task1_Training_GroundTruth/ISIC_0012453_segmentation.png,0,,a6d259266e994f38,1204,train
ISIC_0012455,/root/derm_pilot_v100/data/isic2018_raw/ISIC2018_Task1-2_Training_Input/ISIC_0012455.jpg,/root/isic_overlap_pilot_self_contained/data/isic2018/raw/task1_masks/ISIC2018_Task1_Training_GroundTruth/ISIC_0012455_segmentation.png,0,,c6261b8b3f26360f,1205,test
ISIC_0012464,/root/derm_pilot_v100/data/isic2018_raw/ISIC2018_Task1-2_Training_Input/ISIC_0012464.jpg,/root/isic_overlap_pilot_self_contained/data/isic2018/raw/task1_masks/ISIC2018_Task1_Training_GroundTruth/ISIC_0012464_segmentation.png,0,,cc65d7d98cb97003,1206,train
ISIC_0012469,/root/derm_pilot_v100/data/isic2018_raw/ISIC2018_Task1-2_Training_Input/ISIC_0012469.jpg,/root/isic_overlap_pilot_self_contained/data/isic2018/raw/task1_masks/ISIC2018_Task1_Training_GroundTruth/ISIC_0012469_segmentation.png,0,,d2aaa56b89565c65,1207,val
ISIC_0012473,/root/derm_pilot_v100/data/isic2018_raw/ISIC2018_Task1-2_Training_Input/ISIC_0012473.jpg,/root/isic_overlap_pilot_self_contained/data/isic2018/raw/task1_masks/ISIC2018_Task1_Training_GroundTruth/ISIC_0012473_segmentation.png,0,,f5cd417d10d55067,1208,train
ISIC_0012475,/root/derm_pilot_v100/data/isic2018_raw/ISIC2018_Task1-2_Training_Input/ISIC_0012475.jpg,/root/isic_overlap_pilot_self_contained/data/isic2018/raw/task1_masks/ISIC2018_Task1_Training_GroundTruth/ISIC_0012475_segmentation.png,0,,f0bc0d33344d5373,1209,train
ISIC_0012478,/root/derm_pilot_v100/data/isic2018_raw/ISIC2018_Task1-2_Training_Input/ISIC_0012478.jpg,/root/isic_overlap_pilot_self_contained/data/isic2018/raw/task1_masks/ISIC2018_Task1_Training_GroundTruth/ISIC_0012478_segmentation.png,0,,e5c6d4d05470533f,1210,train
ISIC_0012481,/root/derm_pilot_v100/data/isic2018_raw/ISIC2018_Task1-2_Training_Input/ISIC_0012481.jpg,/root/isic_overlap_pilot_self_contained/data/isic2018/raw/task1_masks/ISIC2018_Task1_Training_GroundTruth/ISIC_0012481_segmentation.png,0,,f0af14eb40fd4532,1211,test
ISIC_0012484,/root/derm_pilot_v100/data/isic2018_raw/ISIC2018_Task1-2_Training_Input/ISIC_0012484.jpg,/root/isic_overlap_pilot_self_contained/data/isic2018/raw/task1_masks/ISIC2018_Task1_Training_GroundTruth/ISIC_0012484_segmentation.png,0,,e01a059e057f517f,1212,test
ISIC_0012487,/root/derm_pilot_v100/data/isic2018_raw/ISIC2018_Task1-2_Training_Input/ISIC_0012487.jpg,/root/isic_overlap_pilot_self_contained/data/isic2018/raw/task1_masks/ISIC2018_Task1_Training_GroundTruth/ISIC_0012487_segmentation.png,0,,f0e28caa2784dfa9,1213,train
ISIC_0012489,/root/derm_pilot_v100/data/isic2018_raw/ISIC2018_Task1-2_Training_Input/ISIC_0012489.jpg,/root/isic_overlap_pilot_self_contained/data/isic2018/raw/task1_masks/ISIC2018_Task1_Training_GroundTruth/ISIC_0012489_segmentation.png,0,,e4ae99aa646a14db,1214,val
ISIC_0012493,/root/derm_pilot_v100/data/isic2018_raw/ISIC2018_Task1-2_Training_Input/ISIC_0012493.jpg,/root/isic_overlap_pilot_self_contained/data/isic2018/raw/task1_masks/ISIC2018_Task1_Training_GroundTruth/ISIC_0012493_segmentation.png,0,,d5aa51bb452a558b,1215,train
ISIC_0012494,/root/derm_pilot_v100/data/isic2018_raw/ISIC2018_Task1-2_Training_Input/ISIC_0012494.jpg,/root/isic_overlap_pilot_self_contained/data/isic2018/raw/task1_masks/ISIC2018_Task1_Training_GroundTruth/ISIC_0012494_segmentation.png,0,,95ae11d915bd45b8,1216,train
ISIC_0012495,/root/derm_pilot_v100/data/isic2018_raw/ISIC2018_Task1-2_Training_Input/ISIC_0012495.jpg,/root/isic_overlap_pilot_self_contained/data/isic2018/raw/task1_masks/ISIC2018_Task1_Training_GroundTruth/ISIC_0012495_segmentation.png,0,,d58a558c552255fd,1217,train
ISIC_0012496,/root/derm_pilot_v100/data/isic2018_raw/ISIC2018_Task1-2_Training_Input/ISIC_0012496.jpg,/root/isic_overlap_pilot_self_contained/data/isic2018/raw/task1_masks/ISIC2018_Task1_Training_GroundTruth/ISIC_0012496_segmentation.png,0,,a03f88ce237385de,1218,train
ISIC_0012503,/root/derm_pilot_v100/data/isic2018_raw/ISIC2018_Task1-2_Training_Input/ISIC_0012503.jpg,/root/isic_overlap_pilot_self_contained/data/isic2018/raw/task1_masks/ISIC2018_Task1_Training_GroundTruth/ISIC_0012503_segmentation.png,0,,a299886755d95676,1129,train
ISIC_0012506,/root/derm_pilot_v100/data/isic2018_raw/ISIC2018_Task1-2_Training_Input/ISIC_0012506.jpg,/root/isic_overlap_pilot_self_contained/data/isic2018/raw/task1_masks/ISIC2018_Task1_Training_GroundTruth/ISIC_0012506_segmentation.png,0,,b5d5d41153dcc433,1219,train
ISIC_0012508,/root/derm_pilot_v100/data/isic2018_raw/ISIC2018_Task1-2_Training_Input/ISIC_0012508.jpg,/root/isic_overlap_pilot_self_contained/data/isic2018/raw/task1_masks/ISIC2018_Task1_Training_GroundTruth/ISIC_0012508_segmentation.png,0,,bc5dc1c71e18c7c1,1220,train
ISIC_0012510,/root/derm_pilot_v100/data/isic2018_raw/ISIC2018_Task1-2_Training_Input/ISIC_0012510.jpg,/root/isic_overlap_pilot_self_contained/data/isic2018/raw/task1_masks/ISIC2018_Task1_Training_GroundTruth/ISIC_0012510_segmentation.png,0,,b5c5f515c591d115,1221,train
ISIC_0012511,/root/derm_pilot_v100/data/isic2018_raw/ISIC2018_Task1-2_Training_Input/ISIC_0012511.jpg,/root/isic_overlap_pilot_self_contained/data/isic2018/raw/task1_masks/ISIC2018_Task1_Training_GroundTruth/ISIC_0012511_segmentation.png,0,,f1cc0433cce733cc,1222,train
ISIC_0012512,/root/derm_pilot_v100/data/isic2018_raw/ISIC2018_Task1-2_Training_Input/ISIC_0012512.jpg,/root/isic_overlap_pilot_self_contained/data/isic2018/raw/task1_masks/ISIC2018_Task1_Training_GroundTruth/ISIC_0012512_segmentation.png,1,,b1bac4cf11b911ea,1223,train
ISIC_0012516,/root/derm_pilot_v100/data/isic2018_raw/ISIC2018_Task1-2_Training_Input/ISIC_0012516.jpg,/root/isic_overlap_pilot_self_contained/data/isic2018/raw/task1_masks/ISIC2018_Task1_Training_GroundTruth/ISIC_0012516_segmentation.png,0,,a43e15d9552455f6,1224,train
ISIC_0012517,/root/derm_pilot_v100/data/isic2018_raw/ISIC2018_Task1-2_Training_Input/ISIC_0012517.jpg,/root/isic_overlap_pilot_self_contained/data/isic2018/raw/task1_masks/ISIC2018_Task1_Training_GroundTruth/ISIC_0012517_segmentation.png,0,,d13f01d910fe11e7,1225,test
ISIC_0012518,/root/derm_pilot_v100/data/isic2018_raw/ISIC2018_Task1-2_Training_Input/ISIC_0012518.jpg,/root/isic_overlap_pilot_self_contained/data/isic2018/raw/task1_masks/ISIC2018_Task1_Training_GroundTruth/ISIC_0012518_segmentation.png,0,,a0aa05eb14af51fe,1226,train
ISIC_0012520,/root/derm_pilot_v100/data/isic2018_raw/ISIC2018_Task1-2_Training_Input/ISIC_0012520.jpg,/root/isic_overlap_pilot_self_contained/data/isic2018/raw/task1_masks/ISIC2018_Task1_Training_GroundTruth/ISIC_0012520_segmentation.png,0,,f18a84ab339c8e3b,1227,train
ISIC_0012521,/root/derm_pilot_v100/data/isic2018_raw/ISIC2018_Task1-2_Training_Input/ISIC_0012521.jpg,/root/isic_overlap_pilot_self_contained/data/isic2018/raw/task1_masks/ISIC2018_Task1_Training_GroundTruth/ISIC_0012521_segmentation.png,0,,a2bf88cd2373c0ec,1228,train
ISIC_0012523,/root/derm_pilot_v100/data/isic2018_raw/ISIC2018_Task1-2_Training_Input/ISIC_0012523.jpg,/root/isic_overlap_pilot_self_contained/data/isic2018/raw/task1_masks/ISIC2018_Task1_Training_GroundTruth/ISIC_0012523_segmentation.png,0,,f5aa51ea403bc16b,1229,train
ISIC_0012526,/root/derm_pilot_v100/data/isic2018_raw/ISIC2018_Task1-2_Training_Input/ISIC_0012526.jpg,/root/isic_overlap_pilot_self_contained/data/isic2018/raw/task1_masks/ISIC2018_Task1_Training_GroundTruth/ISIC_0012526_segmentation.png,0,,c42e519b556654fc,1230,train
ISIC_0012529,/root/derm_pilot_v100/data/isic2018_raw/ISIC2018_Task1-2_Training_Input/ISIC_0012529.jpg,/root/isic_overlap_pilot_self_contained/data/isic2018/raw/task1_masks/ISIC2018_Task1_Training_GroundTruth/ISIC_0012529_segmentation.png,0,,d5aa55ab55aa11b8,1231,train
ISIC_0012538,/root/derm_pilot_v100/data/isic2018_raw/ISIC2018_Task1-2_Training_Input/ISIC_0012538.jpg,/root/isic_overlap_pilot_self_contained/data/isic2018/raw/task1_masks/ISIC2018_Task1_Training_GroundTruth/ISIC_0012538_segmentation.png,0,,d3d55c3354cc5133,1232,train
ISIC_0012539,/root/derm_pilot_v100/data/isic2018_raw/ISIC2018_Task1-2_Training_Input/ISIC_0012539.jpg,/root/isic_overlap_pilot_self_contained/data/isic2018/raw/task1_masks/ISIC2018_Task1_Training_GroundTruth/ISIC_0012539_segmentation.png,0,,d58a54eb15c814fe,1233,train
ISIC_0012544,/root/derm_pilot_v100/data/isic2018_raw/ISIC2018_Task1-2_Training_Input/ISIC_0012544.jpg,/root/isic_overlap_pilot_self_contained/data/isic2018/raw/task1_masks/ISIC2018_Task1_Training_GroundTruth/ISIC_0012544_segmentation.png,0,,84aa15af552ed1b9,1234,train
ISIC_0012547,/root/derm_pilot_v100/data/isic2018_raw/ISIC2018_Task1-2_Training_Input/ISIC_0012547.jpg,/root/isic_overlap_pilot_self_contained/data/isic2018/raw/task1_masks/ISIC2018_Task1_Training_GroundTruth/ISIC_0012547_segmentation.png,0,,81a304e6379993f7,1235,test
ISIC_0012548,/root/derm_pilot_v100/data/isic2018_raw/ISIC2018_Task1-2_Training_Input/ISIC_0012548.jpg,/root/isic_overlap_pilot_self_contained/data/isic2018/raw/task1_masks/ISIC2018_Task1_Training_GroundTruth/ISIC_0012548_segmentation.png,0,,f2edccd211c55692,1236,train
ISIC_0012549,/root/derm_pilot_v100/data/isic2018_raw/ISIC2018_Task1-2_Training_Input/ISIC_0012549.jpg,/root/isic_overlap_pilot_self_contained/data/isic2018/raw/task1_masks/ISIC2018_Task1_Training_GroundTruth/ISIC_0012549_segmentation.png,0,,f51b8c2273c9b43a,1237,val
ISIC_0012550,/root/derm_pilot_v100/data/isic2018_raw/ISIC2018_Task1-2_Training_Input/ISIC_0012550.jpg,/root/isic_overlap_pilot_self_contained/data/isic2018/raw/task1_masks/ISIC2018_Task1_Training_GroundTruth/ISIC_0012550_segmentation.png,0,,d18ecc3333cc5971,9,train
ISIC_0012551,/root/derm_pilot_v100/data/isic2018_raw/ISIC2018_Task1-2_Training_Input/ISIC_0012551.jpg,/root/isic_overlap_pilot_self_contained/data/isic2018/raw/task1_masks/ISIC2018_Task1_Training_GroundTruth/ISIC_0012551_segmentation.png,0,,b1b3cccc4433317d,1238,train
ISIC_0012653,/root/derm_pilot_v100/data/isic2018_raw/ISIC2018_Task1-2_Training_Input/ISIC_0012653.jpg,/root/isic_overlap_pilot_self_contained/data/isic2018/raw/task1_masks/ISIC2018_Task1_Training_GroundTruth/ISIC_0012653_segmentation.png,0,,80db1164049b9fff,1239,train
ISIC_0012654,/root/derm_pilot_v100/data/isic2018_raw/ISIC2018_Task1-2_Training_Input/ISIC_0012654.jpg,/root/isic_overlap_pilot_self_contained/data/isic2018/raw/task1_masks/ISIC2018_Task1_Training_GroundTruth/ISIC_0012654_segmentation.png,0,,8051007733dfcd77,1240,train
ISIC_0012655,/root/derm_pilot_v100/data/isic2018_raw/ISIC2018_Task1-2_Training_Input/ISIC_0012655.jpg,/root/isic_overlap_pilot_self_contained/data/isic2018/raw/task1_masks/ISIC2018_Task1_Training_GroundTruth/ISIC_0012655_segmentation.png,0,,826f199d2636d999,135,val
ISIC_0012656,/root/derm_pilot_v100/data/isic2018_raw/ISIC2018_Task1-2_Training_Input/ISIC_0012656.jpg,/root/isic_overlap_pilot_self_contained/data/isic2018/raw/task1_masks/ISIC2018_Task1_Training_GroundTruth/ISIC_0012656_segmentation.png,0,,b304cc1133cfcb76,1241,test
ISIC_0012657,/root/derm_pilot_v100/data/isic2018_raw/ISIC2018_Task1-2_Training_Input/ISIC_0012657.jpg,/root/isic_overlap_pilot_self_contained/data/isic2018/raw/task1_masks/ISIC2018_Task1_Training_GroundTruth/ISIC_0012657_segmentation.png,0,,f7d95d2362c89826,1242,train
ISIC_0012658,/root/derm_pilot_v100/data/isic2018_raw/ISIC2018_Task1-2_Training_Input/ISIC_0012658.jpg,/root/isic_overlap_pilot_self_contained/data/isic2018/raw/task1_masks/ISIC2018_Task1_Training_GroundTruth/ISIC_0012658_segmentation.png,0,,b311ccce33195567,1243,train
ISIC_0012659,/root/derm_pilot_v100/data/isic2018_raw/ISIC2018_Task1-2_Training_Input/ISIC_0012659.jpg,/root/isic_overlap_pilot_self_contained/data/isic2018/raw/task1_masks/ISIC2018_Task1_Training_GroundTruth/ISIC_0012659_segmentation.png,0,,d01508cd77475dcd,1244,val
ISIC_0012660,/root/derm_pilot_v100/data/isic2018_raw/ISIC2018_Task1-2_Training_Input/ISIC_0012660.jpg,/root/isic_overlap_pilot_self_contained/data/isic2018/raw/task1_masks/ISIC2018_Task1_Training_GroundTruth/ISIC_0012660_segmentation.png,0,,e4c7991b66643cc3,1245,train
ISIC_0012661,/root/derm_pilot_v100/data/isic2018_raw/ISIC2018_Task1-2_Training_Input/ISIC_0012661.jpg,/root/isic_overlap_pilot_self_contained/data/isic2018/raw/task1_masks/ISIC2018_Task1_Training_GroundTruth/ISIC_0012661_segmentation.png,0,,c29508d6b7c8de56,1246,test
ISIC_0012662,/root/derm_pilot_v100/data/isic2018_raw/ISIC2018_Task1-2_Training_Input/ISIC_0012662.jpg,/root/isic_overlap_pilot_self_contained/data/isic2018/raw/task1_masks/ISIC2018_Task1_Training_GroundTruth/ISIC_0012662_segmentation.png,0,,cab69d4a62b58d4a,1247,train
ISIC_0012663,/root/derm_pilot_v100/data/isic2018_raw/ISIC2018_Task1-2_Training_Input/ISIC_0012663.jpg,/root/isic_overlap_pilot_self_contained/data/isic2018/raw/task1_masks/ISIC2018_Task1_Training_GroundTruth/ISIC_0012663_segmentation.png,0,,961c8c62778eccae,1248,train
ISIC_0012664,/root/derm_pilot_v100/data/isic2018_raw/ISIC2018_Task1-2_Training_Input/ISIC_0012664.jpg,/root/isic_overlap_pilot_self_contained/data/isic2018/raw/task1_masks/ISIC2018_Task1_Training_GroundTruth/ISIC_0012664_segmentation.png,0,,86f9992762d68a55,1249,train
ISIC_0012665,/root/derm_pilot_v100/data/isic2018_raw/ISIC2018_Task1-2_Training_Input/ISIC_0012665.jpg,/root/isic_overlap_pilot_self_contained/data/isic2018/raw/task1_masks/ISIC2018_Task1_Training_GroundTruth/ISIC_0012665_segmentation.png,0,,861f983e2299d976,1250,test
ISIC_0012666,/root/derm_pilot_v100/data/isic2018_raw/ISIC2018_Task1-2_Training_Input/ISIC_0012666.jpg,/root/isic_overlap_pilot_self_contained/data/isic2018/raw/task1_masks/ISIC2018_Task1_Training_GroundTruth/ISIC_0012666_segmentation.png,0,,d54add3066ab8b68,1251,train
ISIC_0012669,/root/derm_pilot_v100/data/isic2018_raw/ISIC2018_Task1-2_Training_Input/ISIC_0012669.jpg,/root/isic_overlap_pilot_self_contained/data/isic2018/raw/task1_masks/ISIC2018_Task1_Training_GroundTruth/ISIC_0012669_segmentation.png,0,,82c29dc87726dd69,1252,test
ISIC_0012670,/root/derm_pilot_v100/data/isic2018_raw/ISIC2018_Task1-2_Training_Input/ISIC_0012670.jpg,/root/isic_overlap_pilot_self_contained/data/isic2018/raw/task1_masks/ISIC2018_Task1_Training_GroundTruth/ISIC_0012670_segmentation.png,0,,81e0fd807f22df89,1253,train
ISIC_0012671,/root/derm_pilot_v100/data/isic2018_raw/ISIC2018_Task1-2_Training_Input/ISIC_0012671.jpg,/root/isic_overlap_pilot_self_contained/data/isic2018/raw/task1_masks/ISIC2018_Task1_Training_GroundTruth/ISIC_0012671_segmentation.png,0,,b706dc99632643bc,1254,val
ISIC_0012672,/root/derm_pilot_v100/data/isic2018_raw/ISIC2018_Task1-2_Training_Input/ISIC_0012672.jpg,/root/isic_overlap_pilot_self_contained/data/isic2018/raw/task1_masks/ISIC2018_Task1_Training_GroundTruth/ISIC_0012672_segmentation.png,0,,a0409d9b6626dddb,135,val
ISIC_0012673,/root/derm_pilot_v100/data/isic2018_raw/ISIC2018_Task1-2_Training_Input/ISIC_0012673.jpg,/root/isic_overlap_pilot_self_contained/data/isic2018/raw/task1_masks/ISIC2018_Task1_Training_GroundTruth/ISIC_0012673_segmentation.png,0,,a2409d996626dddb,135,val
ISIC_0012674,/root/derm_pilot_v100/data/isic2018_raw/ISIC2018_Task1-2_Training_Input/ISIC_0012674.jpg,/root/isic_overlap_pilot_self_contained/data/isic2018/raw/task1_masks/ISIC2018_Task1_Training_GroundTruth/ISIC_0012674_segmentation.png,0,,e2c29123762cdf33,1255,train
ISIC_0012675,/root/derm_pilot_v100/data/isic2018_raw/ISIC2018_Task1-2_Training_Input/ISIC_0012675.jpg,/root/isic_overlap_pilot_self_contained/data/isic2018/raw/task1_masks/ISIC2018_Task1_Training_GroundTruth/ISIC_0012675_segmentation.png,0,,d2ca9da82653c96e,1256,train
ISIC_0012676,/root/derm_pilot_v100/data/isic2018_raw/ISIC2018_Task1-2_Training_Input/ISIC_0012676.jpg,/root/isic_overlap_pilot_self_contained/data/isic2018/raw/task1_masks/ISIC2018_Task1_Training_GroundTruth/ISIC_0012676_segmentation.png,0,,961ec9e163c9cd32,1257,train
ISIC_0012677,/root/derm_pilot_v100/data/isic2018_raw/ISIC2018_Task1-2_Training_Input/ISIC_0012677.jpg,/root/isic_overlap_pilot_self_contained/data/isic2018/raw/task1_masks/ISIC2018_Task1_Training_GroundTruth/ISIC_0012677_segmentation.png,0,,878c99667333ccc9,1258,train
ISIC_0012678,/root/derm_pilot_v100/data/isic2018_raw/ISIC2018_Task1-2_Training_Input/ISIC_0012678.jpg,/root/isic_overlap_pilot_self_contained/data/isic2018/raw/task1_masks/ISIC2018_Task1_Training_GroundTruth/ISIC_0012678_segmentation.png,1,,a607990f2f998e99,1259,train
ISIC_0012679,/root/derm_pilot_v100/data/isic2018_raw/ISIC2018_Task1-2_Training_Input/ISIC_0012679.jpg,/root/isic_overlap_pilot_self_contained/data/isic2018/raw/task1_masks/ISIC2018_Task1_Training_GroundTruth/ISIC_0012679_segmentation.png,0,,d64ac959622ec973,1260,test
ISIC_0012680,/root/derm_pilot_v100/data/isic2018_raw/ISIC2018_Task1-2_Training_Input/ISIC_0012680.jpg,/root/isic_overlap_pilot_self_contained/data/isic2018/raw/task1_masks/ISIC2018_Task1_Training_GroundTruth/ISIC_0012680_segmentation.png,0,,e64399cc663399cc,1261,train
ISIC_0012681,/root/derm_pilot_v100/data/isic2018_raw/ISIC2018_Task1-2_Training_Input/ISIC_0012681.jpg,/root/isic_overlap_pilot_self_contained/data/isic2018/raw/task1_masks/ISIC2018_Task1_Training_GroundTruth/ISIC_0012681_segmentation.png,0,,d6e11c266699cd36,1262,val
ISIC_0012682,/root/derm_pilot_v100/data/isic2018_raw/ISIC2018_Task1-2_Training_Input/ISIC_0012682.jpg,/root/isic_overlap_pilot_self_contained/data/isic2018/raw/task1_masks/ISIC2018_Task1_Training_GroundTruth/ISIC_0012682_segmentation.png,0,,d5d2198a668ad9ae,1263,train
ISIC_0012683,/root/derm_pilot_v100/data/isic2018_raw/ISIC2018_Task1-2_Training_Input/ISIC_0012683.jpg,/root/isic_overlap_pilot_self_contained/data/isic2018/raw/task1_masks/ISIC2018_Task1_Training_GroundTruth/ISIC_0012683_segmentation.png,0,,94425d887327dfcc,1264,train
ISIC_0012684,/root/derm_pilot_v100/data/isic2018_raw/ISIC2018_Task1-2_Training_Input/ISIC_0012684.jpg,/root/isic_overlap_pilot_self_contained/data/isic2018/raw/task1_masks/ISIC2018_Task1_Training_GroundTruth/ISIC_0012684_segmentation.png,0,,b333ccce448c7333,207,train
ISIC_0012685,/root/derm_pilot_v100/data/isic2018_raw/ISIC2018_Task1-2_Training_Input/ISIC_0012685.jpg,/root/isic_overlap_pilot_self_contained/data/isic2018/raw/task1_masks/ISIC2018_Task1_Training_GroundTruth/ISIC_0012685_segmentation.png,0,,b7c2cdc87723cc0c,1,test
ISIC_0012690,/root/derm_pilot_v100/data/isic2018_raw/ISIC2018_Task1-2_Training_Input/ISIC_0012690.jpg,/root/isic_overlap_pilot_self_contained/data/isic2018/raw/task1_masks/ISIC2018_Task1_Training_GroundTruth/ISIC_0012690_segmentation.png,0,,a32adca2666e7338,1265,train
ISIC_0012693,/root/derm_pilot_v100/data/isic2018_raw/ISIC2018_Task1-2_Training_Input/ISIC_0012693.jpg,/root/isic_overlap_pilot_self_contained/data/isic2018/raw/task1_masks/ISIC2018_Task1_Training_GroundTruth/ISIC_0012693_segmentation.png,0,,a3a89d8863269f9d,1266,test
ISIC_0012697,/root/derm_pilot_v100/data/isic2018_raw/ISIC2018_Task1-2_Training_Input/ISIC_0012697.jpg,/root/isic_overlap_pilot_self_contained/data/isic2018/raw/task1_masks/ISIC2018_Task1_Training_GroundTruth/ISIC_0012697_segmentation.png,0,,972adca863228f3b,1267,train
ISIC_0012699,/root/derm_pilot_v100/data/isic2018_raw/ISIC2018_Task1-2_Training_Input/ISIC_0012699.jpg,/root/isic_overlap_pilot_self_contained/data/isic2018/raw/task1_masks/ISIC2018_Task1_Training_GroundTruth/ISIC_0012699_segmentation.png,0,,f66ad9886622d999,135,val
ISIC_0012700,/root/derm_pilot_v100/data/isic2018_raw/ISIC2018_Task1-2_Training_Input/ISIC_0012700.jpg,/root/isic_overlap_pilot_self_contained/data/isic2018/raw/task1_masks/ISIC2018_Task1_Training_GroundTruth/ISIC_0012700_segmentation.png,0,,f3b38c8c37679888,1268,train
ISIC_0012701,/root/derm_pilot_v100/data/isic2018_raw/ISIC2018_Task1-2_Training_Input/ISIC_0012701.jpg,/root/isic_overlap_pilot_self_contained/data/isic2018/raw/task1_masks/ISIC2018_Task1_Training_GroundTruth/ISIC_0012701_segmentation.png,1,,974ad9a826b2dd2a,1269,test
ISIC_0012702,/root/derm_pilot_v100/data/isic2018_raw/ISIC2018_Task1-2_Training_Input/ISIC_0012702.jpg,/root/isic_overlap_pilot_self_contained/data/isic2018/raw/task1_masks/ISIC2018_Task1_Training_GroundTruth/ISIC_0012702_segmentation.png,0,,900288cafeff9b2c,1270,test
ISIC_0012704,/root/derm_pilot_v100/data/isic2018_raw/ISIC2018_Task1-2_Training_Input/ISIC_0012704.jpg,/root/isic_overlap_pilot_self_contained/data/isic2018/raw/task1_masks/ISIC2018_Task1_Training_GroundTruth/ISIC_0012704_segmentation.png,0,,e56298ce1a8f626b,1271,train
ISIC_0012705,/root/derm_pilot_v100/data/isic2018_raw/ISIC2018_Task1-2_Training_Input/ISIC_0012705.jpg,/root/isic_overlap_pilot_self_contained/data/isic2018/raw/task1_masks/ISIC2018_Task1_Training_GroundTruth/ISIC_0012705_segmentation.png,0,,c4c84d297eb29f34,1272,train
ISIC_0012706,/root/derm_pilot_v100/data/isic2018_raw/ISIC2018_Task1-2_Training_Input/ISIC_0012706.jpg,/root/isic_overlap_pilot_self_contained/data/isic2018/raw/task1_masks/ISIC2018_Task1_Training_GroundTruth/ISIC_0012706_segmentation.png,0,,840a5baa6f2f9d64,1273,train
ISIC_0012708,/root/derm_pilot_v100/data/isic2018_raw/ISIC2018_Task1-2_Training_Input/ISIC_0012708.jpg,/root/isic_overlap_pilot_self_contained/data/isic2018/raw/task1_masks/ISIC2018_Task1_Training_GroundTruth/ISIC_0012708_segmentation.png,0,,f7835c8c73b14d84,1274,val
ISIC_0012710,/root/derm_pilot_v100/data/isic2018_raw/ISIC2018_Task1-2_Training_Input/ISIC_0012710.jpg,/root/isic_overlap_pilot_self_contained/data/isic2018/raw/task1_masks/ISIC2018_Task1_Training_GroundTruth/ISIC_0012710_segmentation.png,0,,d0fadd00776b8839,1275,train
ISIC_0012711,/root/derm_pilot_v100/data/isic2018_raw/ISIC2018_Task1-2_Training_Input/ISIC_0012711.jpg,/root/isic_overlap_pilot_self_contained/data/isic2018/raw/task1_masks/ISIC2018_Task1_Training_GroundTruth/ISIC_0012711_segmentation.png,0,,97405c42338edddb,1276,val
ISIC_0012713,/root/derm_pilot_v100/data/isic2018_raw/ISIC2018_Task1-2_Training_Input/ISIC_0012713.jpg,/root/isic_overlap_pilot_self_contained/data/isic2018/raw/task1_masks/ISIC2018_Task1_Training_GroundTruth/ISIC_0012713_segmentation.png,0,,947ad8aa76b0d929,1277,test
ISIC_0012715,/root/derm_pilot_v100/data/isic2018_raw/ISIC2018_Task1-2_Training_Input/ISIC_0012715.jpg,/root/isic_overlap_pilot_self_contained/data/isic2018/raw/task1_masks/ISIC2018_Task1_Training_GroundTruth/ISIC_0012715_segmentation.png,1,,b5f6811b96578871,1278,test
ISIC_0012719,/root/derm_pilot_v100/data/isic2018_raw/ISIC2018_Task1-2_Training_Input/ISIC_0012719.jpg,/root/isic_overlap_pilot_self_contained/data/isic2018/raw/task1_masks/ISIC2018_Task1_Training_GroundTruth/ISIC_0012719_segmentation.png,0,,a642d90a67aadd2b,1279,train
ISIC_0012720,/root/derm_pilot_v100/data/isic2018_raw/ISIC2018_Task1-2_Training_Input/ISIC_0012720.jpg,/root/isic_overlap_pilot_self_contained/data/isic2018/raw/task1_masks/ISIC2018_Task1_Training_GroundTruth/ISIC_0012720_segmentation.png,0,,f30acd826e3baac2,1280,test
ISIC_0012721,/root/derm_pilot_v100/data/isic2018_raw/ISIC2018_Task1-2_Training_Input/ISIC_0012721.jpg,/root/isic_overlap_pilot_self_contained/data/isic2018/raw/task1_masks/ISIC2018_Task1_Training_GroundTruth/ISIC_0012721_segmentation.png,0,,b399cc263399c66c,1281,train
ISIC_0012722,/root/derm_pilot_v100/data/isic2018_raw/ISIC2018_Task1-2_Training_Input/ISIC_0012722.jpg,/root/isic_overlap_pilot_self_contained/data/isic2018/raw/task1_masks/ISIC2018_Task1_Training_GroundTruth/ISIC_0012722_segmentation.png,0,,95d25c0a77aa99aa,1282,train
ISIC_0012725,/root/derm_pilot_v100/data/isic2018_raw/ISIC2018_Task1-2_Training_Input/ISIC_0012725.jpg,/root/isic_overlap_pilot_self_contained/data/isic2018/raw/task1_masks/ISIC2018_Task1_Training_GroundTruth/ISIC_0012725_segmentation.png,0,,a502cd8a263bddcb,1283,val
ISIC_0012726,/root/derm_pilot_v100/data/isic2018_raw/ISIC2018_Task1-2_Training_Input/ISIC_0012726.jpg,/root/isic_overlap_pilot_self_contained/data/isic2018/raw/task1_masks/ISIC2018_Task1_Training_GroundTruth/ISIC_0012726_segmentation.png,0,,912ac4ee772699cc,1284,train
ISIC_0012735,/root/derm_pilot_v100/data/isic2018_raw/ISIC2018_Task1-2_Training_Input/ISIC_0012735.jpg,/root/isic_overlap_pilot_self_contained/data/isic2018/raw/task1_masks/ISIC2018_Task1_Training_GroundTruth/ISIC_0012735_segmentation.png,0,,b393cccc33338ccc,1,test
ISIC_0012737,/root/derm_pilot_v100/data/isic2018_raw/ISIC2018_Task1-2_Training_Input/ISIC_0012737.jpg,/root/isic_overlap_pilot_self_contained/data/isic2018/raw/task1_masks/ISIC2018_Task1_Training_GroundTruth/ISIC_0012737_segmentation.png,0,,b3008d9f36068cff,1285,train
ISIC_0012739,/root/derm_pilot_v100/data/isic2018_raw/ISIC2018_Task1-2_Training_Input/ISIC_0012739.jpg,/root/isic_overlap_pilot_self_contained/data/isic2018/raw/task1_masks/ISIC2018_Task1_Training_GroundTruth/ISIC_0012739_segmentation.png,0,,b7629d8a669b9922,1286,train
ISIC_0012740,/root/derm_pilot_v100/data/isic2018_raw/ISIC2018_Task1-2_Training_Input/ISIC_0012740.jpg,/root/isic_overlap_pilot_self_contained/data/isic2018/raw/task1_masks/ISIC2018_Task1_Training_GroundTruth/ISIC_0012740_segmentation.png,0,,815add0277ee8c8b,1287,train
ISIC_0012741,/root/derm_pilot_v100/data/isic2018_raw/ISIC2018_Task1-2_Training_Input/ISIC_0012741.jpg,/root/isic_overlap_pilot_self_contained/data/isic2018/raw/task1_masks/ISIC2018_Task1_Training_GroundTruth/ISIC_0012741_segmentation.png,0,,b1d588df334c9866,1288,train
ISIC_0012742,/root/derm_pilot_v100/data/isic2018_raw/ISIC2018_Task1-2_Training_Input/ISIC_0012742.jpg,/root/isic_overlap_pilot_self_contained/data/isic2018/raw/task1_masks/ISIC2018_Task1_Training_GroundTruth/ISIC_0012742_segmentation.png,0,,95c8510372b3dc3f,1289,val
ISIC_0012744,/root/derm_pilot_v100/data/isic2018_raw/ISIC2018_Task1-2_Training_Input/ISIC_0012744.jpg,/root/isic_overlap_pilot_self_contained/data/isic2018/raw/task1_masks/ISIC2018_Task1_Training_GroundTruth/ISIC_0012744_segmentation.png,0,,c54a59aa769a9c3a,1290,train
ISIC_0012746,/root/derm_pilot_v100/data/isic2018_raw/ISIC2018_Task1-2_Training_Input/ISIC_0012746.jpg,/root/isic_overlap_pilot_self_contained/data/isic2018/raw/task1_masks/ISIC2018_Task1_Training_GroundTruth/ISIC_0012746_segmentation.png,0,,a56bd88e32b6cc89,1291,test
ISIC_0012749,/root/derm_pilot_v100/data/isic2018_raw/ISIC2018_Task1-2_Training_Input/ISIC_0012749.jpg,/root/isic_overlap_pilot_self_contained/data/isic2018/raw/task1_masks/ISIC2018_Task1_Training_GroundTruth/ISIC_0012749_segmentation.png,1,,f106cf9ad0911d9b,1292,train
ISIC_0012756,/root/derm_pilot_v100/data/isic2018_raw/ISIC2018_Task1-2_Training_Input/ISIC_0012756.jpg,/root/isic_overlap_pilot_self_contained/data/isic2018/raw/task1_masks/ISIC2018_Task1_Training_GroundTruth/ISIC_0012756_segmentation.png,1,,e524dd92754d5156,1293,train
ISIC_0012758,/root/derm_pilot_v100/data/isic2018_raw/ISIC2018_Task1-2_Training_Input/ISIC_0012758.jpg,/root/isic_overlap_pilot_self_contained/data/isic2018/raw/task1_masks/ISIC2018_Task1_Training_GroundTruth/ISIC_0012758_segmentation.png,1,,b30ccc3133cedd31,9,train
ISIC_0012768,/root/derm_pilot_v100/data/isic2018_raw/ISIC2018_Task1-2_Training_Input/ISIC_0012768.jpg,/root/isic_overlap_pilot_self_contained/data/isic2018/raw/task1_masks/ISIC2018_Task1_Training_GroundTruth/ISIC_0012768_segmentation.png,0,,f5445550d566576c,1294,train
ISIC_0012770,/root/derm_pilot_v100/data/isic2018_raw/ISIC2018_Task1-2_Training_Input/ISIC_0012770.jpg,/root/isic_overlap_pilot_self_contained/data/isic2018/raw/task1_masks/ISIC2018_Task1_Training_GroundTruth/ISIC_0012770_segmentation.png,0,,e7a888ed336cd826,1295,train
ISIC_0012773,/root/derm_pilot_v100/data/isic2018_raw/ISIC2018_Task1-2_Training_Input/ISIC_0012773.jpg,/root/isic_overlap_pilot_self_contained/data/isic2018/raw/task1_masks/ISIC2018_Task1_Training_GroundTruth/ISIC_0012773_segmentation.png,0,,af0f84c34bcb6199,1296,val
ISIC_0012777,/root/derm_pilot_v100/data/isic2018_raw/ISIC2018_Task1-2_Training_Input/ISIC_0012777.jpg,/root/isic_overlap_pilot_self_contained/data/isic2018/raw/task1_masks/ISIC2018_Task1_Training_GroundTruth/ISIC_0012777_segmentation.png,0,,a106851a778f9dab,1297,val
ISIC_0012786,/root/derm_pilot_v100/data/isic2018_raw/ISIC2018_Task1-2_Training_Input/ISIC_0012786.jpg,/root/isic_overlap_pilot_self_contained/data/isic2018/raw/task1_masks/ISIC2018_Task1_Training_GroundTruth/ISIC_0012786_segmentation.png,0,,b5a054cd55745575,1298,train
ISIC_0012789,/root/derm_pilot_v100/data/isic2018_raw/ISIC2018_Task1-2_Training_Input/ISIC_0012789.jpg,/root/isic_overlap_pilot_self_contained/data/isic2018/raw/task1_masks/ISIC2018_Task1_Training_GroundTruth/ISIC_0012789_segmentation.png,0,,d5a1489368936ddb,1299,test
ISIC_0012792,/root/derm_pilot_v100/data/isic2018_raw/ISIC2018_Task1-2_Training_Input/ISIC_0012792.jpg,/root/isic_overlap_pilot_self_contained/data/isic2018/raw/task1_masks/ISIC2018_Task1_Training_GroundTruth/ISIC_0012792_segmentation.png,0,,e3cc9c1366cc8e1b,1300,train
ISIC_0012793,/root/derm_pilot_v100/data/isic2018_raw/ISIC2018_Task1-2_Training_Input/ISIC_0012793.jpg,/root/isic_overlap_pilot_self_contained/data/isic2018/raw/task1_masks/ISIC2018_Task1_Training_GroundTruth/ISIC_0012793_segmentation.png,0,,870e5dc0778a9d2b,1301,train
ISIC_0012803,/root/derm_pilot_v100/data/isic2018_raw/ISIC2018_Task1-2_Training_Input/ISIC_0012803.jpg,/root/isic_overlap_pilot_self_contained/data/isic2018/raw/task1_masks/ISIC2018_Task1_Training_GroundTruth/ISIC_0012803_segmentation.png,0,,a708c0ae736ed9a6,1302,train
ISIC_0012804,/root/derm_pilot_v100/data/isic2018_raw/ISIC2018_Task1-2_Training_Input/ISIC_0012804.jpg,/root/isic_overlap_pilot_self_contained/data/isic2018/raw/task1_masks/ISIC2018_Task1_Training_GroundTruth/ISIC_0012804_segmentation.png,0,,e602d989366699dd,135,val
ISIC_0012806,/root/derm_pilot_v100/data/isic2018_raw/ISIC2018_Task1-2_Training_Input/ISIC_0012806.jpg,/root/isic_overlap_pilot_self_contained/data/isic2018/raw/task1_masks/ISIC2018_Task1_Training_GroundTruth/ISIC_0012806_segmentation.png,0,,e1acd36407ddd505,1303,test
ISIC_0012810,/root/derm_pilot_v100/data/isic2018_raw/ISIC2018_Task1-2_Training_Input/ISIC_0012810.jpg,/root/isic_overlap_pilot_self_contained/data/isic2018/raw/task1_masks/ISIC2018_Task1_Training_GroundTruth/ISIC_0012810_segmentation.png,0,,fdd5544c43dc1447,1304,train
ISIC_0012813,/root/derm_pilot_v100/data/isic2018_raw/ISIC2018_Task1-2_Training_Input/ISIC_0012813.jpg,/root/isic_overlap_pilot_self_contained/data/isic2018/raw/task1_masks/ISIC2018_Task1_Training_GroundTruth/ISIC_0012813_segmentation.png,0,,90abd46f82548bfa,1305,train
ISIC_0012814,/root/derm_pilot_v100/data/isic2018_raw/ISIC2018_Task1-2_Training_Input/ISIC_0012814.jpg,/root/isic_overlap_pilot_self_contained/data/isic2018/raw/task1_masks/ISIC2018_Task1_Training_GroundTruth/ISIC_0012814_segmentation.png,0,,a730d88b326e9f16,1306,test
ISIC_0012823,/root/derm_pilot_v100/data/isic2018_raw/ISIC2018_Task1-2_Training_Input/ISIC_0012823.jpg,/root/isic_overlap_pilot_self_contained/data/isic2018/raw/task1_masks/ISIC2018_Task1_Training_GroundTruth/ISIC_0012823_segmentation.png,0,,a16ad4e371eccc23,1307,train
ISIC_0012826,/root/derm_pilot_v100/data/isic2018_raw/ISIC2018_Task1-2_Training_Input/ISIC_0012826.jpg,/root/isic_overlap_pilot_self_contained/data/isic2018/raw/task1_masks/ISIC2018_Task1_Training_GroundTruth/ISIC_0012826_segmentation.png,0,,a0ff98da0279883f,1308,train
ISIC_0012828,/root/derm_pilot_v100/data/isic2018_raw/ISIC2018_Task1-2_Training_Input/ISIC_0012828.jpg,/root/isic_overlap_pilot_self_contained/data/isic2018/raw/task1_masks/ISIC2018_Task1_Training_GroundTruth/ISIC_0012828_segmentation.png,0,,f457d458417f0636,1309,train
ISIC_0012835,/root/derm_pilot_v100/data/isic2018_raw/ISIC2018_Task1-2_Training_Input/ISIC_0012835.jpg,/root/isic_overlap_pilot_self_contained/data/isic2018/raw/task1_masks/ISIC2018_Task1_Training_GroundTruth/ISIC_0012835_segmentation.png,0,,a03e00cd176f59ed,1310,train
ISIC_0012836,/root/derm_pilot_v100/data/isic2018_raw/ISIC2018_Task1-2_Training_Input/ISIC_0012836.jpg,/root/isic_overlap_pilot_self_contained/data/isic2018/raw/task1_masks/ISIC2018_Task1_Training_GroundTruth/ISIC_0012836_segmentation.png,0,,e20acd6b33cc98b5,1311,train
ISIC_0012837,/root/derm_pilot_v100/data/isic2018_raw/ISIC2018_Task1-2_Training_Input/ISIC_0012837.jpg,/root/isic_overlap_pilot_self_contained/data/isic2018/raw/task1_masks/ISIC2018_Task1_Training_GroundTruth/ISIC_0012837_segmentation.png,0,,c08541d52b571ffa,1312,train
ISIC_0012840,/root/derm_pilot_v100/data/isic2018_raw/ISIC2018_Task1-2_Training_Input/ISIC_0012840.jpg,/root/isic_overlap_pilot_self_contained/data/isic2018/raw/task1_masks/ISIC2018_Task1_Training_GroundTruth/ISIC_0012840_segmentation.png,0,,e633c99c5133662e,1313,train
ISIC_0012844,/root/derm_pilot_v100/data/isic2018_raw/ISIC2018_Task1-2_Training_Input/ISIC_0012844.jpg,/root/isic_overlap_pilot_self_contained/data/isic2018/raw/task1_masks/ISIC2018_Task1_Training_GroundTruth/ISIC_0012844_segmentation.png,0,,b344cc51774c554f,1314,train
ISIC_0012852,/root/derm_pilot_v100/data/isic2018_raw/ISIC2018_Task1-2_Training_Input/ISIC_0012852.jpg,/root/isic_overlap_pilot_self_contained/data/isic2018/raw/task1_masks/ISIC2018_Task1_Training_GroundTruth/ISIC_0012852_segmentation.png,0,,e0bd04ca156f53d5,1315,train
ISIC_0012855,/root/derm_pilot_v100/data/isic2018_raw/ISIC2018_Task1-2_Training_Input/ISIC_0012855.jpg,/root/isic_overlap_pilot_self_contained/data/isic2018/raw/task1_masks/ISIC2018_Task1_Training_GroundTruth/ISIC_0012855_segmentation.png,0,,f655d99973264498,735,train
ISIC_0012856,/root/derm_pilot_v100/data/isic2018_raw/ISIC2018_Task1-2_Training_Input/ISIC_0012856.jpg,/root/isic_overlap_pilot_self_contained/data/isic2018/raw/task1_masks/ISIC2018_Task1_Training_GroundTruth/ISIC_0012856_segmentation.png,0,,81be04ec13e653ee,1316,test
ISIC_0012865,/root/derm_pilot_v100/data/isic2018_raw/ISIC2018_Task1-2_Training_Input/ISIC_0012865.jpg,/root/isic_overlap_pilot_self_contained/data/isic2018/raw/task1_masks/ISIC2018_Task1_Training_GroundTruth/ISIC_0012865_segmentation.png,0,,a017cd4d37719d68,1317,train
ISIC_0012871,/root/derm_pilot_v100/data/isic2018_raw/ISIC2018_Task1-2_Training_Input/ISIC_0012871.jpg,/root/isic_overlap_pilot_self_contained/data/isic2018/raw/task1_masks/ISIC2018_Task1_Training_GroundTruth/ISIC_0012871_segmentation.png,0,,a2ca8cbb1538c53f,1318,val
ISIC_0012873,/root/derm_pilot_v100/data/isic2018_raw/ISIC2018_Task1-2_Training_Input/ISIC_0012873.jpg,/root/isic_overlap_pilot_self_contained/data/isic2018/raw/task1_masks/ISIC2018_Task1_Training_GroundTruth/ISIC_0012873_segmentation.png,0,,d50255c65767dc8c,1319,train
ISIC_0012876,/root/derm_pilot_v100/data/isic2018_raw/ISIC2018_Task1-2_Training_Input/ISIC_0012876.jpg,/root/isic_overlap_pilot_self_contained/data/isic2018/raw/task1_masks/ISIC2018_Task1_Training_GroundTruth/ISIC_0012876_segmentation.png,0,,f46f007c223eee26,1320,train
ISIC_0012877,/root/derm_pilot_v100/data/isic2018_raw/ISIC2018_Task1-2_Training_Input/ISIC_0012877.jpg,/root/isic_overlap_pilot_self_contained/data/isic2018/raw/task1_masks/ISIC2018_Task1_Training_GroundTruth/ISIC_0012877_segmentation.png,0,,e48e559b119b556a,1321,train
ISIC_0012878,/root/derm_pilot_v100/data/isic2018_raw/ISIC2018_Task1-2_Training_Input/ISIC_0012878.jpg,/root/isic_overlap_pilot_self_contained/data/isic2018/raw/task1_masks/ISIC2018_Task1_Training_GroundTruth/ISIC_0012878_segmentation.png,0,,a10ecc8e33cad96e,1322,train
ISIC_0012879,/root/derm_pilot_v100/data/isic2018_raw/ISIC2018_Task1-2_Training_Input/ISIC_0012879.jpg,/root/isic_overlap_pilot_self_contained/data/isic2018/raw/task1_masks/ISIC2018_Task1_Training_GroundTruth/ISIC_0012879_segmentation.png,0,,f604dd647647c9c4,1323,train
ISIC_0012880,/root/derm_pilot_v100/data/isic2018_raw/ISIC2018_Task1-2_Training_Input/ISIC_0012880.jpg,/root/isic_overlap_pilot_self_contained/data/isic2018/raw/task1_masks/ISIC2018_Task1_Training_GroundTruth/ISIC_0012880_segmentation.png,0,,a37394dd02368f3a,1324,train
ISIC_0012883,/root/derm_pilot_v100/data/isic2018_raw/ISIC2018_Task1-2_Training_Input/ISIC_0012883.jpg,/root/isic_overlap_pilot_self_contained/data/isic2018/raw/task1_masks/ISIC2018_Task1_Training_GroundTruth/ISIC_0012883_segmentation.png,0,,a1af45b85723d52c,1325,train
ISIC_0012884,/root/derm_pilot_v100/data/isic2018_raw/ISIC2018_Task1-2_Training_Input/ISIC_0012884.jpg,/root/isic_overlap_pilot_self_contained/data/isic2018/raw/task1_masks/ISIC2018_Task1_Training_GroundTruth/ISIC_0012884_segmentation.png,0,,f6bad96647c0448e,1326,test
ISIC_0012887,/root/derm_pilot_v100/data/isic2018_raw/ISIC2018_Task1-2_Training_Input/ISIC_0012887.jpg,/root/isic_overlap_pilot_self_contained/data/isic2018/raw/task1_masks/ISIC2018_Task1_Training_GroundTruth/ISIC_0012887_segmentation.png,1,,f72855626689dd26,1327,train
ISIC_0012888,/root/derm_pilot_v100/data/isic2018_raw/ISIC2018_Task1-2_Training_Input/ISIC_0012888.jpg,/root/isic_overlap_pilot_self_contained/data/isic2018/raw/task1_masks/ISIC2018_Task1_Training_GroundTruth/ISIC_0012888_segmentation.png,0,,e6dd892626999936,640,train
ISIC_0012889,/root/derm_pilot_v100/data/isic2018_raw/ISIC2018_Task1-2_Training_Input/ISIC_0012889.jpg,/root/isic_overlap_pilot_self_contained/data/isic2018/raw/task1_masks/ISIC2018_Task1_Training_GroundTruth/ISIC_0012889_segmentation.png,0,,f4e31ccb146d136c,1328,val
ISIC_0012891,/root/derm_pilot_v100/data/isic2018_raw/ISIC2018_Task1-2_Training_Input/ISIC_0012891.jpg,/root/isic_overlap_pilot_self_contained/data/isic2018/raw/task1_masks/ISIC2018_Task1_Training_GroundTruth/ISIC_0012891_segmentation.png,0,,a29888cb22cd99ff,1329,val
ISIC_0012897,/root/derm_pilot_v100/data/isic2018_raw/ISIC2018_Task1-2_Training_Input/ISIC_0012897.jpg,/root/isic_overlap_pilot_self_contained/data/isic2018/raw/task1_masks/ISIC2018_Task1_Training_GroundTruth/ISIC_0012897_segmentation.png,0,,a18b44cb5367dc74,1330,train
ISIC_0012898,/root/derm_pilot_v100/data/isic2018_raw/ISIC2018_Task1-2_Training_Input/ISIC_0012898.jpg,/root/isic_overlap_pilot_self_contained/data/isic2018/raw/task1_masks/ISIC2018_Task1_Training_GroundTruth/ISIC_0012898_segmentation.png,0,,d5aa55e8156e51a6,1331,train
ISIC_0012901,/root/derm_pilot_v100/data/isic2018_raw/ISIC2018_Task1-2_Training_Input/ISIC_0012901.jpg,/root/isic_overlap_pilot_self_contained/data/isic2018/raw/task1_masks/ISIC2018_Task1_Training_GroundTruth/ISIC_0012901_segmentation.png,0,,a68699c9266699dd,135,val
ISIC_0012902,/root/derm_pilot_v100/data/isic2018_raw/ISIC2018_Task1-2_Training_Input/ISIC_0012902.jpg,/root/isic_overlap_pilot_self_contained/data/isic2018/raw/task1_masks/ISIC2018_Task1_Training_GroundTruth/ISIC_0012902_segmentation.png,0,,d588447b528d5bae,1332,test
ISIC_0012903,/root/derm_pilot_v100/data/isic2018_raw/ISIC2018_Task1-2_Training_Input/ISIC_0012903.jpg,/root/isic_overlap_pilot_self_contained/data/isic2018/raw/task1_masks/ISIC2018_Task1_Training_GroundTruth/ISIC_0012903_segmentation.png,0,,b4e21d3e6718dd22,1333,train
ISIC_0012904,/root/derm_pilot_v100/data/isic2018_raw/ISIC2018_Task1-2_Training_Input/ISIC_0012904.jpg,/root/isic_overlap_pilot_self_contained/data/isic2018/raw/task1_masks/ISIC2018_Task1_Training_GroundTruth/ISIC_0012904_segmentation.png,0,,e569cda855b29692,1334,test
ISIC_0012905,/root/derm_pilot_v100/data/isic2018_raw/ISIC2018_Task1-2_Training_Input/ISIC_0012905.jpg,/root/isic_overlap_pilot_self_contained/data/isic2018/raw/task1_masks/ISIC2018_Task1_Training_GroundTruth/ISIC_0012905_segmentation.png,0,,f7c8dd326788c922,1335,train
ISIC_0012907,/root/derm_pilot_v100/data/isic2018_raw/ISIC2018_Task1-2_Training_Input/ISIC_0012907.jpg,/root/isic_overlap_pilot_self_contained/data/isic2018/raw/task1_masks/ISIC2018_Task1_Training_GroundTruth/ISIC_0012907_segmentation.png,0,,87f8d10f36e1d90c,1336,train
ISIC_0012911,/root/derm_pilot_v100/data/isic2018_raw/ISIC2018_Task1-2_Training_Input/ISIC_0012911.jpg,/root/isic_overlap_pilot_self_contained/data/isic2018/raw/task1_masks/ISIC2018_Task1_Training_GroundTruth/ISIC_0012911_segmentation.png,0,,b31acd08736398ed,1337,train
ISIC_0012930,/root/derm_pilot_v100/data/isic2018_raw/ISIC2018_Task1-2_Training_Input/ISIC_0012930.jpg,/root/isic_overlap_pilot_self_contained/data/isic2018/raw/task1_masks/ISIC2018_Task1_Training_GroundTruth/ISIC_0012930_segmentation.png,1,,b7a28d4c3323d9cc,1338,train
ISIC_0012932,/root/derm_pilot_v100/data/isic2018_raw/ISIC2018_Task1-2_Training_Input/ISIC_0012932.jpg,/root/isic_overlap_pilot_self_contained/data/isic2018/raw/task1_masks/ISIC2018_Task1_Training_GroundTruth/ISIC_0012932_segmentation.png,0,,a57384b991f1b296,1339,test
ISIC_0012939,/root/derm_pilot_v100/data/isic2018_raw/ISIC2018_Task1-2_Training_Input/ISIC_0012939.jpg,/root/isic_overlap_pilot_self_contained/data/isic2018/raw/task1_masks/ISIC2018_Task1_Training_GroundTruth/ISIC_0012939_segmentation.png,0,,a620dd2b768dc966,1340,train
ISIC_0012940,/root/derm_pilot_v100/data/isic2018_raw/ISIC2018_Task1-2_Training_Input/ISIC_0012940.jpg,/root/isic_overlap_pilot_self_contained/data/isic2018/raw/task1_masks/ISIC2018_Task1_Training_GroundTruth/ISIC_0012940_segmentation.png,0,,a5b8d4e9532d11ae,1341,val
ISIC_0012941,/root/derm_pilot_v100/data/isic2018_raw/ISIC2018_Task1-2_Training_Input/ISIC_0012941.jpg,/root/isic_overlap_pilot_self_contained/data/isic2018/raw/task1_masks/ISIC2018_Task1_Training_GroundTruth/ISIC_0012941_segmentation.png,0,,a1a6137a01de12ff,1342,train
ISIC_0012944,/root/derm_pilot_v100/data/isic2018_raw/ISIC2018_Task1-2_Training_Input/ISIC_0012944.jpg,/root/isic_overlap_pilot_self_contained/data/isic2018/raw/task1_masks/ISIC2018_Task1_Training_GroundTruth/ISIC_0012944_segmentation.png,0,,e423918f433ec3bc,1343,train
ISIC_0012945,/root/derm_pilot_v100/data/isic2018_raw/ISIC2018_Task1-2_Training_Input/ISIC_0012945.jpg,/root/isic_overlap_pilot_self_contained/data/isic2018/raw/task1_masks/ISIC2018_Task1_Training_GroundTruth/ISIC_0012945_segmentation.png,0,,80ef418917eb17ad,1344,val
ISIC_0012949,/root/derm_pilot_v100/data/isic2018_raw/ISIC2018_Task1-2_Training_Input/ISIC_0012949.jpg,/root/isic_overlap_pilot_self_contained/data/isic2018/raw/task1_masks/ISIC2018_Task1_Training_GroundTruth/ISIC_0012949_segmentation.png,0,,b64a9928662e9be6,1345,train
ISIC_0012950,/root/derm_pilot_v100/data/isic2018_raw/ISIC2018_Task1-2_Training_Input/ISIC_0012950.jpg,/root/isic_overlap_pilot_self_contained/data/isic2018/raw/task1_masks/ISIC2018_Task1_Training_GroundTruth/ISIC_0012950_segmentation.png,0,,e4aa99c926655a9d,1346,train
ISIC_0012956,/root/derm_pilot_v100/data/isic2018_raw/ISIC2018_Task1-2_Training_Input/ISIC_0012956.jpg,/root/isic_overlap_pilot_self_contained/data/isic2018/raw/task1_masks/ISIC2018_Task1_Training_GroundTruth/ISIC_0012956_segmentation.png,0,,e1338449127f5d9d,1347,val
ISIC_0012957,/root/derm_pilot_v100/data/isic2018_raw/ISIC2018_Task1-2_Training_Input/ISIC_0012957.jpg,/root/isic_overlap_pilot_self_contained/data/isic2018/raw/task1_masks/ISIC2018_Task1_Training_GroundTruth/ISIC_0012957_segmentation.png,0,,823e4bda779b1941,1348,train
ISIC_0012961,/root/derm_pilot_v100/data/isic2018_raw/ISIC2018_Task1-2_Training_Input/ISIC_0012961.jpg,/root/isic_overlap_pilot_self_contained/data/isic2018/raw/task1_masks/ISIC2018_Task1_Training_GroundTruth/ISIC_0012961_segmentation.png,0,,f3a4ccca3239cf48,1349,train
ISIC_0012965,/root/derm_pilot_v100/data/isic2018_raw/ISIC2018_Task1-2_Training_Input/ISIC_0012965.jpg,/root/isic_overlap_pilot_self_contained/data/isic2018/raw/task1_masks/ISIC2018_Task1_Training_GroundTruth/ISIC_0012965_segmentation.png,0,,f7809cc8372798cd,1350,train
ISIC_0012966,/root/derm_pilot_v100/data/isic2018_raw/ISIC2018_Task1-2_Training_Input/ISIC_0012966.jpg,/root/isic_overlap_pilot_self_contained/data/isic2018/raw/task1_masks/ISIC2018_Task1_Training_GroundTruth/ISIC_0012966_segmentation.png,0,,91c63b0ce2791ee3,1351,train
ISIC_0012969,/root/derm_pilot_v100/data/isic2018_raw/ISIC2018_Task1-2_Training_Input/ISIC_0012969.jpg,/root/isic_overlap_pilot_self_contained/data/isic2018/raw/task1_masks/ISIC2018_Task1_Training_GroundTruth/ISIC_0012969_segmentation.png,0,,f3a96667238e8c8c,1352,train
ISIC_0012976,/root/derm_pilot_v100/data/isic2018_raw/ISIC2018_Task1-2_Training_Input/ISIC_0012976.jpg,/root/isic_overlap_pilot_self_contained/data/isic2018/raw/task1_masks/ISIC2018_Task1_Training_GroundTruth/ISIC_0012976_segmentation.png,0,,f5c188d7e2d98932,1353,train
ISIC_0012981,/root/derm_pilot_v100/data/isic2018_raw/ISIC2018_Task1-2_Training_Input/ISIC_0012981.jpg,/root/isic_overlap_pilot_self_contained/data/isic2018/raw/task1_masks/ISIC2018_Task1_Training_GroundTruth/ISIC_0012981_segmentation.png,0,,f1aad4e851aec4b2,1354,train
ISIC_0012986,/root/derm_pilot_v100/data/isic2018_raw/ISIC2018_Task1-2_Training_Input/ISIC_0012986.jpg,/root/isic_overlap_pilot_self_contained/data/isic2018/raw/task1_masks/ISIC2018_Task1_Training_GroundTruth/ISIC_0012986_segmentation.png,0,,a104d5cb136fd3cc,1355,train
ISIC_0012987,/root/derm_pilot_v100/data/isic2018_raw/ISIC2018_Task1-2_Training_Input/ISIC_0012987.jpg,/root/isic_overlap_pilot_self_contained/data/isic2018/raw/task1_masks/ISIC2018_Task1_Training_GroundTruth/ISIC_0012987_segmentation.png,0,,d0575548567353ce,1356,train
ISIC_0012988,/root/derm_pilot_v100/data/isic2018_raw/ISIC2018_Task1-2_Training_Input/ISIC_0012988.jpg,/root/isic_overlap_pilot_self_contained/data/isic2018/raw/task1_masks/ISIC2018_Task1_Training_GroundTruth/ISIC_0012988_segmentation.png,1,,b22accc973e6cc8c,1,test
ISIC_0012989,/root/derm_pilot_v100/data/isic2018_raw/ISIC2018_Task1-2_Training_Input/ISIC_0012989.jpg,/root/isic_overlap_pilot_self_contained/data/isic2018/raw/task1_masks/ISIC2018_Task1_Training_GroundTruth/ISIC_0012989_segmentation.png,1,,f72855626689dd26,1327,train
ISIC_0012990,/root/derm_pilot_v100/data/isic2018_raw/ISIC2018_Task1-2_Training_Input/ISIC_0012990.jpg,/root/isic_overlap_pilot_self_contained/data/isic2018/raw/task1_masks/ISIC2018_Task1_Training_GroundTruth/ISIC_0012990_segmentation.png,1,,d456999b26669999,135,val
ISIC_0012999,/root/derm_pilot_v100/data/isic2018_raw/ISIC2018_Task1-2_Training_Input/ISIC_0012999.jpg,/root/isic_overlap_pilot_self_contained/data/isic2018/raw/task1_masks/ISIC2018_Task1_Training_GroundTruth/ISIC_0012999_segmentation.png,0,,b332c50e36d95137,1357,train
ISIC_0013000,/root/derm_pilot_v100/data/isic2018_raw/ISIC2018_Task1-2_Training_Input/ISIC_0013000.jpg,/root/isic_overlap_pilot_self_contained/data/isic2018/raw/task1_masks/ISIC2018_Task1_Training_GroundTruth/ISIC_0013000_segmentation.png,0,,d13054ea556ed66a,1358,train
ISIC_0013001,/root/derm_pilot_v100/data/isic2018_raw/ISIC2018_Task1-2_Training_Input/ISIC_0013001.jpg,/root/isic_overlap_pilot_self_contained/data/isic2018/raw/task1_masks/ISIC2018_Task1_Training_GroundTruth/ISIC_0013001_segmentation.png,0,,800251d95767577f,1359,train
ISIC_0013007,/root/derm_pilot_v100/data/isic2018_raw/ISIC2018_Task1-2_Training_Input/ISIC_0013007.jpg,/root/isic_overlap_pilot_self_contained/data/isic2018/raw/task1_masks/ISIC2018_Task1_Training_GroundTruth/ISIC_0013007_segmentation.png,0,,b7c8992265ceb62c,1360,train
ISIC_0013010,/root/derm_pilot_v100/data/isic2018_raw/ISIC2018_Task1-2_Training_Input/ISIC_0013010.jpg,/root/isic_overlap_pilot_self_contained/data/isic2018/raw/task1_masks/ISIC2018_Task1_Training_GroundTruth/ISIC_0013010_segmentation.png,0,,a682dd8877269dc9,1252,test
ISIC_0013012,/root/derm_pilot_v100/data/isic2018_raw/ISIC2018_Task1-2_Training_Input/ISIC_0013012.jpg,/root/isic_overlap_pilot_self_contained/data/isic2018/raw/task1_masks/ISIC2018_Task1_Training_GroundTruth/ISIC_0013012_segmentation.png,0,,a6029999672edccb,135,val
ISIC_0013015,/root/derm_pilot_v100/data/isic2018_raw/ISIC2018_Task1-2_Training_Input/ISIC_0013015.jpg,/root/isic_overlap_pilot_self_contained/data/isic2018/raw/task1_masks/ISIC2018_Task1_Training_GroundTruth/ISIC_0013015_segmentation.png,0,,a36ad98877669c29,1361,train
ISIC_0013023,/root/derm_pilot_v100/data/isic2018_raw/ISIC2018_Task1-2_Training_Input/ISIC_0013023.jpg,/root/isic_overlap_pilot_self_contained/data/isic2018/raw/task1_masks/ISIC2018_Task1_Training_GroundTruth/ISIC_0013023_segmentation.png,0,,b31d8c39333bc836,1362,train
ISIC_0013024,/root/derm_pilot_v100/data/isic2018_raw/ISIC2018_Task1-2_Training_Input/ISIC_0013024.jpg,/root/isic_overlap_pilot_self_contained/data/isic2018/raw/task1_masks/ISIC2018_Task1_Training_GroundTruth/ISIC_0013024_segmentation.png,0,,b72b1e2e79706268,1363,val
ISIC_0013025,/root/derm_pilot_v100/data/isic2018_raw/ISIC2018_Task1-2_Training_Input/ISIC_0013025.jpg,/root/isic_overlap_pilot_self_contained/data/isic2018/raw/task1_masks/ISIC2018_Task1_Training_GroundTruth/ISIC_0013025_segmentation.png,0,,f3559445639d9463,1364,train
ISIC_0013026,/root/derm_pilot_v100/data/isic2018_raw/ISIC2018_Task1-2_Training_Input/ISIC_0013026.jpg,/root/isic_overlap_pilot_self_contained/data/isic2018/raw/task1_masks/ISIC2018_Task1_Training_GroundTruth/ISIC_0013026_segmentation.png,0,,e5d5554d16944dca,1365,test
ISIC_0013027,/root/derm_pilot_v100/data/isic2018_raw/ISIC2018_Task1-2_Training_Input/ISIC_0013027.jpg,/root/isic_overlap_pilot_self_contained/data/isic2018/raw/task1_masks/ISIC2018_Task1_Training_GroundTruth/ISIC_0013027_segmentation.png,0,,d25255b5b58d5156,1366,train
ISIC_0013031,/root/derm_pilot_v100/data/isic2018_raw/ISIC2018_Task1-2_Training_Input/ISIC_0013031.jpg,/root/isic_overlap_pilot_self_contained/data/isic2018/raw/task1_masks/ISIC2018_Task1_Training_GroundTruth/ISIC_0013031_segmentation.png,0,,f182e7889323de8e,1367,train
ISIC_0013032,/root/derm_pilot_v100/data/isic2018_raw/ISIC2018_Task1-2_Training_Input/ISIC_0013032.jpg,/root/isic_overlap_pilot_self_contained/data/isic2018/raw/task1_masks/ISIC2018_Task1_Training_GroundTruth/ISIC_0013032_segmentation.png,0,,a688996666d9d966,640,train
ISIC_0013034,/root/derm_pilot_v100/data/isic2018_raw/ISIC2018_Task1-2_Training_Input/ISIC_0013034.jpg,/root/isic_overlap_pilot_self_contained/data/isic2018/raw/task1_masks/ISIC2018_Task1_Training_GroundTruth/ISIC_0013034_segmentation.png,0,,e68831c93788b779,1368,train
ISIC_0013035,/root/derm_pilot_v100/data/isic2018_raw/ISIC2018_Task1-2_Training_Input/ISIC_0013035.jpg,/root/isic_overlap_pilot_self_contained/data/isic2018/raw/task1_masks/ISIC2018_Task1_Training_GroundTruth/ISIC_0013035_segmentation.png,0,,f6add5c2c7809a0e,1369,train
ISIC_0013037,/root/derm_pilot_v100/data/isic2018_raw/ISIC2018_Task1-2_Training_Input/ISIC_0013037.jpg,/root/isic_overlap_pilot_self_contained/data/isic2018/raw/task1_masks/ISIC2018_Task1_Training_GroundTruth/ISIC_0013037_segmentation.png,0,,8721dd407725cdd9,1370,test
ISIC_0013039,/root/derm_pilot_v100/data/isic2018_raw/ISIC2018_Task1-2_Training_Input/ISIC_0013039.jpg,/root/isic_overlap_pilot_self_contained/data/isic2018/raw/task1_masks/ISIC2018_Task1_Training_GroundTruth/ISIC_0013039_segmentation.png,0,,f7555dd177801c88,1371,train
ISIC_0013044,/root/derm_pilot_v100/data/isic2018_raw/ISIC2018_Task1-2_Training_Input/ISIC_0013044.jpg,/root/isic_overlap_pilot_self_contained/data/isic2018/raw/task1_masks/ISIC2018_Task1_Training_GroundTruth/ISIC_0013044_segmentation.png,0,,d5d5555577c81c42,1372,train
ISIC_0013045,/root/derm_pilot_v100/data/isic2018_raw/ISIC2018_Task1-2_Training_Input/ISIC_0013045.jpg,/root/isic_overlap_pilot_self_contained/data/isic2018/raw/task1_masks/ISIC2018_Task1_Training_GroundTruth/ISIC_0013045_segmentation.png,0,,d5aa5d6333558855,1373,train
ISIC_0013047,/root/derm_pilot_v100/data/isic2018_raw/ISIC2018_Task1-2_Training_Input/ISIC_0013047.jpg,/root/isic_overlap_pilot_self_contained/data/isic2018/raw/task1_masks/ISIC2018_Task1_Training_GroundTruth/ISIC_0013047_segmentation.png,0,,e68a9964669eb22d,1374,train
ISIC_0013048,/root/derm_pilot_v100/data/isic2018_raw/ISIC2018_Task1-2_Training_Input/ISIC_0013048.jpg,/root/isic_overlap_pilot_self_contained/data/isic2018/raw/task1_masks/ISIC2018_Task1_Training_GroundTruth/ISIC_0013048_segmentation.png,0,,f7455c5572c95c41,1375,val
ISIC_0013052,/root/derm_pilot_v100/data/isic2018_raw/ISIC2018_Task1-2_Training_Input/ISIC_0013052.jpg,/root/isic_overlap_pilot_self_contained/data/isic2018/raw/task1_masks/ISIC2018_Task1_Training_GroundTruth/ISIC_0013052_segmentation.png,0,,e58ad6c4d32897cc,1376,test
ISIC_0013053,/root/derm_pilot_v100/data/isic2018_raw/ISIC2018_Task1-2_Training_Input/ISIC_0013053.jpg,/root/isic_overlap_pilot_self_contained/data/isic2018/raw/task1_masks/ISIC2018_Task1_Training_GroundTruth/ISIC_0013053_segmentation.png,0,,d555555555d554c2,458,train
ISIC_0013054,/root/derm_pilot_v100/data/isic2018_raw/ISIC2018_Task1-2_Training_Input/ISIC_0013054.jpg,/root/isic_overlap_pilot_self_contained/data/isic2018/raw/task1_masks/ISIC2018_Task1_Training_GroundTruth/ISIC_0013054_segmentation.png,0,,97d1551f72c15c23,1377,train
ISIC_0013055,/root/derm_pilot_v100/data/isic2018_raw/ISIC2018_Task1-2_Training_Input/ISIC_0013055.jpg,/root/isic_overlap_pilot_self_contained/data/isic2018/raw/task1_masks/ISIC2018_Task1_Training_GroundTruth/ISIC_0013055_segmentation.png,0,,d5aa45a857ac5da2,1378,val
ISIC_0013056,/root/derm_pilot_v100/data/isic2018_raw/ISIC2018_Task1-2_Training_Input/ISIC_0013056.jpg,/root/isic_overlap_pilot_self_contained/data/isic2018/raw/task1_masks/ISIC2018_Task1_Training_GroundTruth/ISIC_0013056_segmentation.png,0,,80af94ff50a7417a,1379,train
ISIC_0013063,/root/derm_pilot_v100/data/isic2018_raw/ISIC2018_Task1-2_Training_Input/ISIC_0013063.jpg,/root/isic_overlap_pilot_self_contained/data/isic2018/raw/task1_masks/ISIC2018_Task1_Training_GroundTruth/ISIC_0013063_segmentation.png,0,,b577c541544d5387,1380,val
ISIC_0013065,/root/derm_pilot_v100/data/isic2018_raw/ISIC2018_Task1-2_Training_Input/ISIC_0013065.jpg,/root/isic_overlap_pilot_self_contained/data/isic2018/raw/task1_masks/ISIC2018_Task1_Training_GroundTruth/ISIC_0013065_segmentation.png,0,,b111c45317cdd675,1381,train
ISIC_0013070,/root/derm_pilot_v100/data/isic2018_raw/ISIC2018_Task1-2_Training_Input/ISIC_0013070.jpg,/root/isic_overlap_pilot_self_contained/data/isic2018/raw/task1_masks/ISIC2018_Task1_Training_GroundTruth/ISIC_0013070_segmentation.png,0,,9f1ecce0731f0e03,1382,test
ISIC_0013071,/root/derm_pilot_v100/data/isic2018_raw/ISIC2018_Task1-2_Training_Input/ISIC_0013071.jpg,/root/isic_overlap_pilot_self_contained/data/isic2018/raw/task1_masks/ISIC2018_Task1_Training_GroundTruth/ISIC_0013071_segmentation.png,0,,d2ca0e417d47d8e9,1383,test
ISIC_0013072,/root/derm_pilot_v100/data/isic2018_raw/ISIC2018_Task1-2_Training_Input/ISIC_0013072.jpg,/root/isic_overlap_pilot_self_contained/data/isic2018/raw/task1_masks/ISIC2018_Task1_Training_GroundTruth/ISIC_0013072_segmentation.png,1,,e429cd696664993d,1384,train
ISIC_0013073,/root/derm_pilot_v100/data/isic2018_raw/ISIC2018_Task1-2_Training_Input/ISIC_0013073.jpg,/root/isic_overlap_pilot_self_contained/data/isic2018/raw/task1_masks/ISIC2018_Task1_Training_GroundTruth/ISIC_0013073_segmentation.png,1,,bc23e3189e8ed0ae,1385,train
ISIC_0013075,/root/derm_pilot_v100/data/isic2018_raw/ISIC2018_Task1-2_Training_Input/ISIC_0013075.jpg,/root/isic_overlap_pilot_self_contained/data/isic2018/raw/task1_masks/ISIC2018_Task1_Training_GroundTruth/ISIC_0013075_segmentation.png,0,,b163443bb3398ccd,1386,train
ISIC_0013079,/root/derm_pilot_v100/data/isic2018_raw/ISIC2018_Task1-2_Training_Input/ISIC_0013079.jpg,/root/isic_overlap_pilot_self_contained/data/isic2018/raw/task1_masks/ISIC2018_Task1_Training_GroundTruth/ISIC_0013079_segmentation.png,1,,b780c982662cff66,1387,train
ISIC_0013082,/root/derm_pilot_v100/data/isic2018_raw/ISIC2018_Task1-2_Training_Input/ISIC_0013082.jpg,/root/isic_overlap_pilot_self_contained/data/isic2018/raw/task1_masks/ISIC2018_Task1_Training_GroundTruth/ISIC_0013082_segmentation.png,0,,eb878c9233ddcc22,1388,train
ISIC_0013084,/root/derm_pilot_v100/data/isic2018_raw/ISIC2018_Task1-2_Training_Input/ISIC_0013084.jpg,/root/isic_overlap_pilot_self_contained/data/isic2018/raw/task1_masks/ISIC2018_Task1_Training_GroundTruth/ISIC_0013084_segmentation.png,0,,b420d3c16dcf363c,1389,train
ISIC_0013086,/root/derm_pilot_v100/data/isic2018_raw/ISIC2018_Task1-2_Training_Input/ISIC_0013086.jpg,/root/isic_overlap_pilot_self_contained/data/isic2018/raw/task1_masks/ISIC2018_Task1_Training_GroundTruth/ISIC_0013086_segmentation.png,0,,a60699d966669b99,135,val
ISIC_0013087,/root/derm_pilot_v100/data/isic2018_raw/ISIC2018_Task1-2_Training_Input/ISIC_0013087.jpg,/root/isic_overlap_pilot_self_contained/data/isic2018/raw/task1_masks/ISIC2018_Task1_Training_GroundTruth/ISIC_0013087_segmentation.png,0,,b30ecc19332e8cfc,1390,train
ISIC_0013089,/root/derm_pilot_v100/data/isic2018_raw/ISIC2018_Task1-2_Training_Input/ISIC_0013089.jpg,/root/isic_overlap_pilot_self_contained/data/isic2018/raw/task1_masks/ISIC2018_Task1_Training_GroundTruth/ISIC_0013089_segmentation.png,0,,e23b8589767701dc,1391,train
ISIC_0013090,/root/derm_pilot_v100/data/isic2018_raw/ISIC2018_Task1-2_Training_Input/ISIC_0013090.jpg,/root/isic_overlap_pilot_self_contained/data/isic2018/raw/task1_masks/ISIC2018_Task1_Training_GroundTruth/ISIC_0013090_segmentation.png,0,,a30ecccc336c986f,1392,test
ISIC_0013094,/root/derm_pilot_v100/data/isic2018_raw/ISIC2018_Task1-2_Training_Input/ISIC_0013094.jpg,/root/isic_overlap_pilot_self_contained/data/isic2018/raw/task1_masks/ISIC2018_Task1_Training_GroundTruth/ISIC_0013094_segmentation.png,0,,9629792c27c89de6,1393,train
ISIC_0013096,/root/derm_pilot_v100/data/isic2018_raw/ISIC2018_Task1-2_Training_Input/ISIC_0013096.jpg,/root/isic_overlap_pilot_self_contained/data/isic2018/raw/task1_masks/ISIC2018_Task1_Training_GroundTruth/ISIC_0013096_segmentation.png,0,,e674999b7324cc98,735,train
ISIC_0013104,/root/derm_pilot_v100/data/isic2018_raw/ISIC2018_Task1-2_Training_Input/ISIC_0013104.jpg,/root/isic_overlap_pilot_self_contained/data/isic2018/raw/task1_masks/ISIC2018_Task1_Training_GroundTruth/ISIC_0013104_segmentation.png,0,,b7b3c8ac23335583,1394,train
ISIC_0013106,/root/derm_pilot_v100/data/isic2018_raw/ISIC2018_Task1-2_Training_Input/ISIC_0013106.jpg,/root/isic_overlap_pilot_self_contained/data/isic2018/raw/task1_masks/ISIC2018_Task1_Training_GroundTruth/ISIC_0013106_segmentation.png,0,,a1bb9d4c76319c8c,1395,val
ISIC_0013109,/root/derm_pilot_v100/data/isic2018_raw/ISIC2018_Task1-2_Training_Input/ISIC_0013109.jpg,/root/isic_overlap_pilot_self_contained/data/isic2018/raw/task1_masks/ISIC2018_Task1_Training_GroundTruth/ISIC_0013109_segmentation.png,0,,a607998e66a699cb,1396,train
ISIC_0013112,/root/derm_pilot_v100/data/isic2018_raw/ISIC2018_Task1-2_Training_Input/ISIC_0013112.jpg,/root/isic_overlap_pilot_self_contained/data/isic2018/raw/task1_masks/ISIC2018_Task1_Training_GroundTruth/ISIC_0013112_segmentation.png,0,,e6a69ac99a210fe6,1397,val
ISIC_0013114,/root/derm_pilot_v100/data/isic2018_raw/ISIC2018_Task1-2_Training_Input/ISIC_0013114.jpg,/root/isic_overlap_pilot_self_contained/data/isic2018/raw/task1_masks/ISIC2018_Task1_Training_GroundTruth/ISIC_0013114_segmentation.png,0,,e5099b9f316662c9,1398,train
ISIC_0013118,/root/derm_pilot_v100/data/isic2018_raw/ISIC2018_Task1-2_Training_Input/ISIC_0013118.jpg,/root/isic_overlap_pilot_self_contained/data/isic2018/raw/task1_masks/ISIC2018_Task1_Training_GroundTruth/ISIC_0013118_segmentation.png,0,,b397cc8c3373cc88,1,test
ISIC_0013120,/root/derm_pilot_v100/data/isic2018_raw/ISIC2018_Task1-2_Training_Input/ISIC_0013120.jpg,/root/isic_overlap_pilot_self_contained/data/isic2018/raw/task1_masks/ISIC2018_Task1_Training_GroundTruth/ISIC_0013120_segmentation.png,0,,c0bf158b552c172f,1399,train
ISIC_0013121,/root/derm_pilot_v100/data/isic2018_raw/ISIC2018_Task1-2_Training_Input/ISIC_0013121.jpg,/root/isic_overlap_pilot_self_contained/data/isic2018/raw/task1_masks/ISIC2018_Task1_Training_GroundTruth/ISIC_0013121_segmentation.png,0,,97e11d7026f98f60,1400,train
ISIC_0013124,/root/derm_pilot_v100/data/isic2018_raw/ISIC2018_Task1-2_Training_Input/ISIC_0013124.jpg,/root/isic_overlap_pilot_self_contained/data/isic2018/raw/task1_masks/ISIC2018_Task1_Training_GroundTruth/ISIC_0013124_segmentation.png,0,,a3f801ed43e39cc6,1401,val
ISIC_0013126,/root/derm_pilot_v100/data/isic2018_raw/ISIC2018_Task1-2_Training_Input/ISIC_0013126.jpg,/root/isic_overlap_pilot_self_contained/data/isic2018/raw/task1_masks/ISIC2018_Task1_Training_GroundTruth/ISIC_0013126_segmentation.png,0,,a022518b57e69ddd,1402,train
ISIC_0013128,/root/derm_pilot_v100/data/isic2018_raw/ISIC2018_Task1-2_Training_Input/ISIC_0013128.jpg,/root/isic_overlap_pilot_self_contained/data/isic2018/raw/task1_masks/ISIC2018_Task1_Training_GroundTruth/ISIC_0013128_segmentation.png,0,,f593cdc833629c98,1403,val
ISIC_0013129,/root/derm_pilot_v100/data/isic2018_raw/ISIC2018_Task1-2_Training_Input/ISIC_0013129.jpg,/root/isic_overlap_pilot_self_contained/data/isic2018/raw/task1_masks/ISIC2018_Task1_Training_GroundTruth/ISIC_0013129_segmentation.png,0,,f77588f0aa449a9a,1404,train
ISIC_0013134,/root/derm_pilot_v100/data/isic2018_raw/ISIC2018_Task1-2_Training_Input/ISIC_0013134.jpg,/root/isic_overlap_pilot_self_contained/data/isic2018/raw/task1_masks/ISIC2018_Task1_Training_GroundTruth/ISIC_0013134_segmentation.png,0,,a0bad4a9d5da51ac,1405,train
ISIC_0013136,/root/derm_pilot_v100/data/isic2018_raw/ISIC2018_Task1-2_Training_Input/ISIC_0013136.jpg,/root/isic_overlap_pilot_self_contained/data/isic2018/raw/task1_masks/ISIC2018_Task1_Training_GroundTruth/ISIC_0013136_segmentation.png,0,,f64c99f82621989f,1406,train
ISIC_0013140,/root/derm_pilot_v100/data/isic2018_raw/ISIC2018_Task1-2_Training_Input/ISIC_0013140.jpg,/root/isic_overlap_pilot_self_contained/data/isic2018/raw/task1_masks/ISIC2018_Task1_Training_GroundTruth/ISIC_0013140_segmentation.png,0,,b5aa5c8e553355e0,1407,train
ISIC_0013141,/root/derm_pilot_v100/data/isic2018_raw/ISIC2018_Task1-2_Training_Input/ISIC_0013141.jpg,/root/isic_overlap_pilot_self_contained/data/isic2018/raw/task1_masks/ISIC2018_Task1_Training_GroundTruth/ISIC_0013141_segmentation.png,1,,f699d96623889e89,1408,train
ISIC_0013146,/root/derm_pilot_v100/data/isic2018_raw/ISIC2018_Task1-2_Training_Input/ISIC_0013146.jpg,/root/isic_overlap_pilot_self_contained/data/isic2018/raw/task1_masks/ISIC2018_Task1_Training_GroundTruth/ISIC_0013146_segmentation.png,0,,a226cdd31f3c33c1,1409,train
ISIC_0013147,/root/derm_pilot_v100/data/isic2018_raw/ISIC2018_Task1-2_Training_Input/ISIC_0013147.jpg,/root/isic_overlap_pilot_self_contained/data/isic2018/raw/task1_masks/ISIC2018_Task1_Training_GroundTruth/ISIC_0013147_segmentation.png,0,,a6ea59c226ce9966,1410,train
ISIC_0013150,/root/derm_pilot_v100/data/isic2018_raw/ISIC2018_Task1-2_Training_Input/ISIC_0013150.jpg,/root/isic_overlap_pilot_self_contained/data/isic2018/raw/task1_masks/ISIC2018_Task1_Training_GroundTruth/ISIC_0013150_segmentation.png,0,,a41c5dc8e3e1c16f,1411,train
ISIC_0013155,/root/derm_pilot_v100/data/isic2018_raw/ISIC2018_Task1-2_Training_Input/ISIC_0013155.jpg,/root/isic_overlap_pilot_self_contained/data/isic2018/raw/task1_masks/ISIC2018_Task1_Training_GroundTruth/ISIC_0013155_segmentation.png,0,,f05ac5ac15af40db,1412,val
ISIC_0013159,/root/derm_pilot_v100/data/isic2018_raw/ISIC2018_Task1-2_Training_Input/ISIC_0013159.jpg,/root/isic_overlap_pilot_self_contained/data/isic2018/raw/task1_masks/ISIC2018_Task1_Training_GroundTruth/ISIC_0013159_segmentation.png,0,,b8afc3381ce3c13c,1413,train
ISIC_0013160,/root/derm_pilot_v100/data/isic2018_raw/ISIC2018_Task1-2_Training_Input/ISIC_0013160.jpg,/root/isic_overlap_pilot_self_contained/data/isic2018/raw/task1_masks/ISIC2018_Task1_Training_GroundTruth/ISIC_0013160_segmentation.png,0,,a03790cd0dfb93e1,1414,train
ISIC_0013163,/root/derm_pilot_v100/data/isic2018_raw/ISIC2018_Task1-2_Training_Input/ISIC_0013163.jpg,/root/isic_overlap_pilot_self_contained/data/isic2018/raw/task1_masks/ISIC2018_Task1_Training_GroundTruth/ISIC_0013163_segmentation.png,0,,a607998e66a699cb,1396,train
ISIC_0013164,/root/derm_pilot_v100/data/isic2018_raw/ISIC2018_Task1-2_Training_Input/ISIC_0013164.jpg,/root/isic_overlap_pilot_self_contained/data/isic2018/raw/task1_masks/ISIC2018_Task1_Training_GroundTruth/ISIC_0013164_segmentation.png,0,,b4d6807f6376984c,1415,train
ISIC_0013165,/root/derm_pilot_v100/data/isic2018_raw/ISIC2018_Task1-2_Training_Input/ISIC_0013165.jpg,/root/isic_overlap_pilot_self_contained/data/isic2018/raw/task1_masks/ISIC2018_Task1_Training_GroundTruth/ISIC_0013165_segmentation.png,0,,f588d4a177875591,1416,train
ISIC_0013166,/root/derm_pilot_v100/data/isic2018_raw/ISIC2018_Task1-2_Training_Input/ISIC_0013166.jpg,/root/isic_overlap_pilot_self_contained/data/isic2018/raw/task1_masks/ISIC2018_Task1_Training_GroundTruth/ISIC_0013166_segmentation.png,0,,875cd8c3339b0e66,1417,train
ISIC_0013167,/root/derm_pilot_v100/data/isic2018_raw/ISIC2018_Task1-2_Training_Input/ISIC_0013167.jpg,/root/isic_overlap_pilot_self_contained/data/isic2018/raw/task1_masks/ISIC2018_Task1_Training_GroundTruth/ISIC_0013167_segmentation.png,0,,f432998dcc6531bc,1418,train
ISIC_0013169,/root/derm_pilot_v100/data/isic2018_raw/ISIC2018_Task1-2_Training_Input/ISIC_0013169.jpg,/root/isic_overlap_pilot_self_contained/data/isic2018/raw/task1_masks/ISIC2018_Task1_Training_GroundTruth/ISIC_0013169_segmentation.png,0,,f44cc6b68e849979,1419,val
ISIC_0013170,/root/derm_pilot_v100/data/isic2018_raw/ISIC2018_Task1-2_Training_Input/ISIC_0013170.jpg,/root/isic_overlap_pilot_self_contained/data/isic2018/raw/task1_masks/ISIC2018_Task1_Training_GroundTruth/ISIC_0013170_segmentation.png,0,,fa00838faf363636,1420,train
ISIC_0013172,/root/derm_pilot_v100/data/isic2018_raw/ISIC2018_Task1-2_Training_Input/ISIC_0013172.jpg,/root/isic_overlap_pilot_self_contained/data/isic2018/raw/task1_masks/ISIC2018_Task1_Training_GroundTruth/ISIC_0013172_segmentation.png,0,,c2498da53786dc37,1421,train
ISIC_0013173,/root/derm_pilot_v100/data/isic2018_raw/ISIC2018_Task1-2_Training_Input/ISIC_0013173.jpg,/root/isic_overlap_pilot_self_contained/data/isic2018/raw/task1_masks/ISIC2018_Task1_Training_GroundTruth/ISIC_0013173_segmentation.png,0,,c0a5a44a02f5ffab,1422,train
ISIC_0013176,/root/derm_pilot_v100/data/isic2018_raw/ISIC2018_Task1-2_Training_Input/ISIC_0013176.jpg,/root/isic_overlap_pilot_self_contained/data/isic2018/raw/task1_masks/ISIC2018_Task1_Training_GroundTruth/ISIC_0013176_segmentation.png,0,,a419d96566c3db2c,1423,train
ISIC_0013177,/root/derm_pilot_v100/data/isic2018_raw/ISIC2018_Task1-2_Training_Input/ISIC_0013177.jpg,/root/isic_overlap_pilot_self_contained/data/isic2018/raw/task1_masks/ISIC2018_Task1_Training_GroundTruth/ISIC_0013177_segmentation.png,0,,b4719bb57019cc66,1424,train
ISIC_0013178,/root/derm_pilot_v100/data/isic2018_raw/ISIC2018_Task1-2_Training_Input/ISIC_0013178.jpg,/root/isic_overlap_pilot_self_contained/data/isic2018/raw/task1_masks/ISIC2018_Task1_Training_GroundTruth/ISIC_0013178_segmentation.png,0,,94558b8bf950fa64,1425,train
ISIC_0013181,/root/derm_pilot_v100/data/isic2018_raw/ISIC2018_Task1-2_Training_Input/ISIC_0013181.jpg,/root/isic_overlap_pilot_self_contained/data/isic2018/raw/task1_masks/ISIC2018_Task1_Training_GroundTruth/ISIC_0013181_segmentation.png,0,,97f0ad0ad3149f8a,1426,val
ISIC_0013184,/root/derm_pilot_v100/data/isic2018_raw/ISIC2018_Task1-2_Training_Input/ISIC_0013184.jpg,/root/isic_overlap_pilot_self_contained/data/isic2018/raw/task1_masks/ISIC2018_Task1_Training_GroundTruth/ISIC_0013184_segmentation.png,1,,e524dd93554d5156,1293,train
ISIC_0013187,/root/derm_pilot_v100/data/isic2018_raw/ISIC2018_Task1-2_Training_Input/ISIC_0013187.jpg,/root/isic_overlap_pilot_self_contained/data/isic2018/raw/task1_masks/ISIC2018_Task1_Training_GroundTruth/ISIC_0013187_segmentation.png,0,,b43c9c3472cfcb21,1427,train
ISIC_0013189,/root/derm_pilot_v100/data/isic2018_raw/ISIC2018_Task1-2_Training_Input/ISIC_0013189.jpg,/root/isic_overlap_pilot_self_contained/data/isic2018/raw/task1_masks/ISIC2018_Task1_Training_GroundTruth/ISIC_0013189_segmentation.png,0,,f0a891256674d9ee,1428,train
ISIC_0013190,/root/derm_pilot_v100/data/isic2018_raw/ISIC2018_Task1-2_Training_Input/ISIC_0013190.jpg,/root/isic_overlap_pilot_self_contained/data/isic2018/raw/task1_masks/ISIC2018_Task1_Training_GroundTruth/ISIC_0013190_segmentation.png,0,,e6889d627689dd25,640,train
ISIC_0013191,/root/derm_pilot_v100/data/isic2018_raw/ISIC2018_Task1-2_Training_Input/ISIC_0013191.jpg,/root/isic_overlap_pilot_self_contained/data/isic2018/raw/task1_masks/ISIC2018_Task1_Training_GroundTruth/ISIC_0013191_segmentation.png,0,,bc3c30199b8fc3c3,1429,train
ISIC_0013192,/root/derm_pilot_v100/data/isic2018_raw/ISIC2018_Task1-2_Training_Input/ISIC_0013192.jpg,/root/isic_overlap_pilot_self_contained/data/isic2018/raw/task1_masks/ISIC2018_Task1_Training_GroundTruth/ISIC_0013192_segmentation.png,0,,a2b395e3639c9c58,1430,train
ISIC_0013193,/root/derm_pilot_v100/data/isic2018_raw/ISIC2018_Task1-2_Training_Input/ISIC_0013193.jpg,/root/isic_overlap_pilot_self_contained/data/isic2018/raw/task1_masks/ISIC2018_Task1_Training_GroundTruth/ISIC_0013193_segmentation.png,0,,e49591c4661d9b76,1431,train
ISIC_0013196,/root/derm_pilot_v100/data/isic2018_raw/ISIC2018_Task1-2_Training_Input/ISIC_0013196.jpg,/root/isic_overlap_pilot_self_contained/data/isic2018/raw/task1_masks/ISIC2018_Task1_Training_GroundTruth/ISIC_0013196_segmentation.png,0,,a12943e796b8cccd,1432,train
ISIC_0013197,/root/derm_pilot_v100/data/isic2018_raw/ISIC2018_Task1-2_Training_Input/ISIC_0013197.jpg,/root/isic_overlap_pilot_self_contained/data/isic2018/raw/task1_masks/ISIC2018_Task1_Training_GroundTruth/ISIC_0013197_segmentation.png,0,,e404905fcbd39e2d,1433,train
ISIC_0013198,/root/derm_pilot_v100/data/isic2018_raw/ISIC2018_Task1-2_Training_Input/ISIC_0013198.jpg,/root/isic_overlap_pilot_self_contained/data/isic2018/raw/task1_masks/ISIC2018_Task1_Training_GroundTruth/ISIC_0013198_segmentation.png,1,,a5b4cb98cf739818,1434,train
ISIC_0013200,/root/derm_pilot_v100/data/isic2018_raw/ISIC2018_Task1-2_Training_Input/ISIC_0013200.jpg,/root/isic_overlap_pilot_self_contained/data/isic2018/raw/task1_masks/ISIC2018_Task1_Training_GroundTruth/ISIC_0013200_segmentation.png,0,,a224dd2b76cc9927,1340,train
ISIC_0013201,/root/derm_pilot_v100/data/isic2018_raw/ISIC2018_Task1-2_Training_Input/ISIC_0013201.jpg,/root/isic_overlap_pilot_self_contained/data/isic2018/raw/task1_masks/ISIC2018_Task1_Training_GroundTruth/ISIC_0013201_segmentation.png,0,,800f510c9767cf7d,1435,train
ISIC_0013203,/root/derm_pilot_v100/data/isic2018_raw/ISIC2018_Task1-2_Training_Input/ISIC_0013203.jpg,/root/isic_overlap_pilot_self_contained/data/isic2018/raw/task1_masks/ISIC2018_Task1_Training_GroundTruth/ISIC_0013203_segmentation.png,0,,f55a97446349b1a5,1436,test
ISIC_0013204,/root/derm_pilot_v100/data/isic2018_raw/ISIC2018_Task1-2_Training_Input/ISIC_0013204.jpg,/root/isic_overlap_pilot_self_contained/data/isic2018/raw/task1_masks/ISIC2018_Task1_Training_GroundTruth/ISIC_0013204_segmentation.png,0,,a714dd71764c9923,1437,train
ISIC_0013205,/root/derm_pilot_v100/data/isic2018_raw/ISIC2018_Task1-2_Training_Input/ISIC_0013205.jpg,/root/isic_overlap_pilot_self_contained/data/isic2018/raw/task1_masks/ISIC2018_Task1_Training_GroundTruth/ISIC_0013205_segmentation.png,0,,e252cdbc2682d877,1438,train
ISIC_0013207,/root/derm_pilot_v100/data/isic2018_raw/ISIC2018_Task1-2_Training_Input/ISIC_0013207.jpg,/root/isic_overlap_pilot_self_contained/data/isic2018/raw/task1_masks/ISIC2018_Task1_Training_GroundTruth/ISIC_0013207_segmentation.png,0,,a82ca4b4cfe39393,1439,train
ISIC_0013208,/root/derm_pilot_v100/data/isic2018_raw/ISIC2018_Task1-2_Training_Input/ISIC_0013208.jpg,/root/isic_overlap_pilot_self_contained/data/isic2018/raw/task1_masks/ISIC2018_Task1_Training_GroundTruth/ISIC_0013208_segmentation.png,0,,a8cfb589c33894b6,1440,train
ISIC_0013212,/root/derm_pilot_v100/data/isic2018_raw/ISIC2018_Task1-2_Training_Input/ISIC_0013212.jpg,/root/isic_overlap_pilot_self_contained/data/isic2018/raw/task1_masks/ISIC2018_Task1_Training_GroundTruth/ISIC_0013212_segmentation.png,0,,9510d5cd93659bcc,1441,train
ISIC_0013213,/root/derm_pilot_v100/data/isic2018_raw/ISIC2018_Task1-2_Training_Input/ISIC_0013213.jpg,/root/isic_overlap_pilot_self_contained/data/isic2018/raw/task1_masks/ISIC2018_Task1_Training_GroundTruth/ISIC_0013213_segmentation.png,0,,f2f45c6223c9896b,1442,train
ISIC_0013216,/root/derm_pilot_v100/data/isic2018_raw/ISIC2018_Task1-2_Training_Input/ISIC_0013216.jpg,/root/isic_overlap_pilot_self_contained/data/isic2018/raw/task1_masks/ISIC2018_Task1_Training_GroundTruth/ISIC_0013216_segmentation.png,0,,f2a2958552674d9d,1443,train
ISIC_0013217,/root/derm_pilot_v100/data/isic2018_raw/ISIC2018_Task1-2_Training_Input/ISIC_0013217.jpg,/root/isic_overlap_pilot_self_contained/data/isic2018/raw/task1_masks/ISIC2018_Task1_Training_GroundTruth/ISIC_0013217_segmentation.png,0,,b38f107700db0afb,1444,train
ISIC_0013219,/root/derm_pilot_v100/data/isic2018_raw/ISIC2018_Task1-2_Training_Input/ISIC_0013219.jpg,/root/isic_overlap_pilot_self_contained/data/isic2018/raw/task1_masks/ISIC2018_Task1_Training_GroundTruth/ISIC_0013219_segmentation.png,0,,a2aa996d76259965,1445,test
ISIC_0013220,/root/derm_pilot_v100/data/isic2018_raw/ISIC2018_Task1-2_Training_Input/ISIC_0013220.jpg,/root/isic_overlap_pilot_self_contained/data/isic2018/raw/task1_masks/ISIC2018_Task1_Training_GroundTruth/ISIC_0013220_segmentation.png,0,,a3838cb76758dc92,1446,train
ISIC_0013222,/root/derm_pilot_v100/data/isic2018_raw/ISIC2018_Task1-2_Training_Input/ISIC_0013222.jpg,/root/isic_overlap_pilot_self_contained/data/isic2018/raw/task1_masks/ISIC2018_Task1_Training_GroundTruth/ISIC_0013222_segmentation.png,0,,a3c8d82376cdd926,1447,val
ISIC_0013223,/root/derm_pilot_v100/data/isic2018_raw/ISIC2018_Task1-2_Training_Input/ISIC_0013223.jpg,/root/isic_overlap_pilot_self_contained/data/isic2018/raw/task1_masks/ISIC2018_Task1_Training_GroundTruth/ISIC_0013223_segmentation.png,0,,e664cccc6465cc67,1448,train
ISIC_0013224,/root/derm_pilot_v100/data/isic2018_raw/ISIC2018_Task1-2_Training_Input/ISIC_0013224.jpg,/root/isic_overlap_pilot_self_contained/data/isic2018/raw/task1_masks/ISIC2018_Task1_Training_GroundTruth/ISIC_0013224_segmentation.png,0,,e0ef807b00ef117b,1449,train
ISIC_0013226,/root/derm_pilot_v100/data/isic2018_raw/ISIC2018_Task1-2_Training_Input/ISIC_0013226.jpg,/root/isic_overlap_pilot_self_contained/data/isic2018/raw/task1_masks/ISIC2018_Task1_Training_GroundTruth/ISIC_0013226_segmentation.png,0,,80a381df067fc8dd,1450,train
ISIC_0013227,/root/derm_pilot_v100/data/isic2018_raw/ISIC2018_Task1-2_Training_Input/ISIC_0013227.jpg,/root/isic_overlap_pilot_self_contained/data/isic2018/raw/task1_masks/ISIC2018_Task1_Training_GroundTruth/ISIC_0013227_segmentation.png,0,,c6a949bd42954db6,1451,train
ISIC_0013229,/root/derm_pilot_v100/data/isic2018_raw/ISIC2018_Task1-2_Training_Input/ISIC_0013229.jpg,/root/isic_overlap_pilot_self_contained/data/isic2018/raw/task1_masks/ISIC2018_Task1_Training_GroundTruth/ISIC_0013229_segmentation.png,0,,e49b6d36493245ba,1452,test
ISIC_0013230,/root/derm_pilot_v100/data/isic2018_raw/ISIC2018_Task1-2_Training_Input/ISIC_0013230.jpg,/root/isic_overlap_pilot_self_contained/data/isic2018/raw/task1_masks/ISIC2018_Task1_Training_GroundTruth/ISIC_0013230_segmentation.png,0,,b776cc8c66678845,1453,train
ISIC_0013232,/root/derm_pilot_v100/data/isic2018_raw/ISIC2018_Task1-2_Training_Input/ISIC_0013232.jpg,/root/isic_overlap_pilot_self_contained/data/isic2018/raw/task1_masks/ISIC2018_Task1_Training_GroundTruth/ISIC_0013232_segmentation.png,1,,a32398c8e6677399,1454,train
ISIC_0013233,/root/derm_pilot_v100/data/isic2018_raw/ISIC2018_Task1-2_Training_Input/ISIC_0013233.jpg,/root/isic_overlap_pilot_self_contained/data/isic2018/raw/task1_masks/ISIC2018_Task1_Training_GroundTruth/ISIC_0013233_segmentation.png,0,,f456d59b846e4493,1455,train
ISIC_0013235,/root/derm_pilot_v100/data/isic2018_raw/ISIC2018_Task1-2_Training_Input/ISIC_0013235.jpg,/root/isic_overlap_pilot_self_contained/data/isic2018/raw/task1_masks/ISIC2018_Task1_Training_GroundTruth/ISIC_0013235_segmentation.png,0,,a691996632cd9acd,1456,train
ISIC_0013238,/root/derm_pilot_v100/data/isic2018_raw/ISIC2018_Task1-2_Training_Input/ISIC_0013238.jpg,/root/isic_overlap_pilot_self_contained/data/isic2018/raw/task1_masks/ISIC2018_Task1_Training_GroundTruth/ISIC_0013238_segmentation.png,0,,f1b2c0af136346ad,1457,train
ISIC_0013242,/root/derm_pilot_v100/data/isic2018_raw/ISIC2018_Task1-2_Training_Input/ISIC_0013242.jpg,/root/isic_overlap_pilot_self_contained/data/isic2018/raw/task1_masks/ISIC2018_Task1_Training_GroundTruth/ISIC_0013242_segmentation.png,1,,f5a39ccc7033c25c,1458,val
ISIC_0013244,/root/derm_pilot_v100/data/isic2018_raw/ISIC2018_Task1-2_Training_Input/ISIC_0013244.jpg,/root/isic_overlap_pilot_self_contained/data/isic2018/raw/task1_masks/ISIC2018_Task1_Training_GroundTruth/ISIC_0013244_segmentation.png,0,,b076cc993266ce99,1459,val
ISIC_0013248,/root/derm_pilot_v100/data/isic2018_raw/ISIC2018_Task1-2_Training_Input/ISIC_0013248.jpg,/root/isic_overlap_pilot_self_contained/data/isic2018/raw/task1_masks/ISIC2018_Task1_Training_GroundTruth/ISIC_0013248_segmentation.png,0,,d7af888d22668cd9,1460,train
ISIC_0013249,/root/derm_pilot_v100/data/isic2018_raw/ISIC2018_Task1-2_Training_Input/ISIC_0013249.jpg,/root/isic_overlap_pilot_self_contained/data/isic2018/raw/task1_masks/ISIC2018_Task1_Training_GroundTruth/ISIC_0013249_segmentation.png,0,,a30ac5e8f2ec9987,1461,train
ISIC_0013257,/root/derm_pilot_v100/data/isic2018_raw/ISIC2018_Task1-2_Training_Input/ISIC_0013257.jpg,/root/isic_overlap_pilot_self_contained/data/isic2018/raw/task1_masks/ISIC2018_Task1_Training_GroundTruth/ISIC_0013257_segmentation.png,0,,b1b3cccc33338ccc,1,test
ISIC_0013258,/root/derm_pilot_v100/data/isic2018_raw/ISIC2018_Task1-2_Training_Input/ISIC_0013258.jpg,/root/isic_overlap_pilot_self_contained/data/isic2018/raw/task1_masks/ISIC2018_Task1_Training_GroundTruth/ISIC_0013258_segmentation.png,1,,a40f99cd66679919,135,val
ISIC_0013269,/root/derm_pilot_v100/data/isic2018_raw/ISIC2018_Task1-2_Training_Input/ISIC_0013269.jpg,/root/isic_overlap_pilot_self_contained/data/isic2018/raw/task1_masks/ISIC2018_Task1_Training_GroundTruth/ISIC_0013269_segmentation.png,0,,b11b4c3133acaf33,1462,train
ISIC_0013271,/root/derm_pilot_v100/data/isic2018_raw/ISIC2018_Task1-2_Training_Input/ISIC_0013271.jpg,/root/isic_overlap_pilot_self_contained/data/isic2018/raw/task1_masks/ISIC2018_Task1_Training_GroundTruth/ISIC_0013271_segmentation.png,0,,e492c1e7326c93e3,1463,train
ISIC_0013274,/root/derm_pilot_v100/data/isic2018_raw/ISIC2018_Task1-2_Training_Input/ISIC_0013274.jpg,/root/isic_overlap_pilot_self_contained/data/isic2018/raw/task1_masks/ISIC2018_Task1_Training_GroundTruth/ISIC_0013274_segmentation.png,0,,a2af88dd23768c9c,1464,train
ISIC_0013275,/root/derm_pilot_v100/data/isic2018_raw/ISIC2018_Task1-2_Training_Input/ISIC_0013275.jpg,/root/isic_overlap_pilot_self_contained/data/isic2018/raw/task1_masks/ISIC2018_Task1_Training_GroundTruth/ISIC_0013275_segmentation.png,0,,a0c789ca266799dd,135,val
ISIC_0013277,/root/derm_pilot_v100/data/isic2018_raw/ISIC2018_Task1-2_Training_Input/ISIC_0013277.jpg,/root/isic_overlap_pilot_self_contained/data/isic2018/raw/task1_masks/ISIC2018_Task1_Training_GroundTruth/ISIC_0013277_segmentation.png,1,,b23e8ec78c3b486c,1465,train
ISIC_0013287,/root/derm_pilot_v100/data/isic2018_raw/ISIC2018_Task1-2_Training_Input/ISIC_0013287.jpg,/root/isic_overlap_pilot_self_contained/data/isic2018/raw/task1_masks/ISIC2018_Task1_Training_GroundTruth/ISIC_0013287_segmentation.png,0,,b333cc8c3333cccc,1,test
ISIC_0013288,/root/derm_pilot_v100/data/isic2018_raw/ISIC2018_Task1-2_Training_Input/ISIC_0013288.jpg,/root/isic_overlap_pilot_self_contained/data/isic2018/raw/task1_masks/ISIC2018_Task1_Training_GroundTruth/ISIC_0013288_segmentation.png,0,,f1d41417559d5758,1466,train
ISIC_0013291,/root/derm_pilot_v100/data/isic2018_raw/ISIC2018_Task1-2_Training_Input/ISIC_0013291.jpg,/root/isic_overlap_pilot_self_contained/data/isic2018/raw/task1_masks/ISIC2018_Task1_Training_GroundTruth/ISIC_0013291_segmentation.png,0,,e6c9896626d98675,1467,train
ISIC_0013294,/root/derm_pilot_v100/data/isic2018_raw/ISIC2018_Task1-2_Training_Input/ISIC_0013294.jpg,/root/isic_overlap_pilot_self_contained/data/isic2018/raw/task1_masks/ISIC2018_Task1_Training_GroundTruth/ISIC_0013294_segmentation.png,0,,b388d433558c7739,1468,train
ISIC_0013302,/root/derm_pilot_v100/data/isic2018_raw/ISIC2018_Task1-2_Training_Input/ISIC_0013302.jpg,/root/isic_overlap_pilot_self_contained/data/isic2018/raw/task1_masks/ISIC2018_Task1_Training_GroundTruth/ISIC_0013302_segmentation.png,0,,f55b017e06591b27,1469,train
ISIC_0013304,/root/derm_pilot_v100/data/isic2018_raw/ISIC2018_Task1-2_Training_Input/ISIC_0013304.jpg,/root/isic_overlap_pilot_self_contained/data/isic2018/raw/task1_masks/ISIC2018_Task1_Training_GroundTruth/ISIC_0013304_segmentation.png,0,,e1cc15c69379cc39,1470,train
ISIC_0013306,/root/derm_pilot_v100/data/isic2018_raw/ISIC2018_Task1-2_Training_Input/ISIC_0013306.jpg,/root/isic_overlap_pilot_self_contained/data/isic2018/raw/task1_masks/ISIC2018_Task1_Training_GroundTruth/ISIC_0013306_segmentation.png,0,,d26969952a47aa6e,1471,train
ISIC_0013310,/root/derm_pilot_v100/data/isic2018_raw/ISIC2018_Task1-2_Training_Input/ISIC_0013310.jpg,/root/isic_overlap_pilot_self_contained/data/isic2018/raw/task1_masks/ISIC2018_Task1_Training_GroundTruth/ISIC_0013310_segmentation.png,0,,c547271f5dcc6063,1472,train
ISIC_0013311,/root/derm_pilot_v100/data/isic2018_raw/ISIC2018_Task1-2_Training_Input/ISIC_0013311.jpg,/root/isic_overlap_pilot_self_contained/data/isic2018/raw/task1_masks/ISIC2018_Task1_Training_GroundTruth/ISIC_0013311_segmentation.png,0,,f388cc33338cdc33,9,train
ISIC_0013314,/root/derm_pilot_v100/data/isic2018_raw/ISIC2018_Task1-2_Training_Input/ISIC_0013314.jpg,/root/isic_overlap_pilot_self_contained/data/isic2018/raw/task1_masks/ISIC2018_Task1_Training_GroundTruth/ISIC_0013314_segmentation.png,0,,b38c8c7332cc5733,9,train
ISIC_0013315,/root/derm_pilot_v100/data/isic2018_raw/ISIC2018_Task1-2_Training_Input/ISIC_0013315.jpg,/root/isic_overlap_pilot_self_contained/data/isic2018/raw/task1_masks/ISIC2018_Task1_Training_GroundTruth/ISIC_0013315_segmentation.png,0,,cce3b2368e295a96,1473,val
ISIC_0013319,/root/derm_pilot_v100/data/isic2018_raw/ISIC2018_Task1-2_Training_Input/ISIC_0013319.jpg,/root/isic_overlap_pilot_self_contained/data/isic2018/raw/task1_masks/ISIC2018_Task1_Training_GroundTruth/ISIC_0013319_segmentation.png,0,,f7a3d98c54335126,1474,train
ISIC_0013320,/root/derm_pilot_v100/data/isic2018_raw/ISIC2018_Task1-2_Training_Input/ISIC_0013320.jpg,/root/isic_overlap_pilot_self_contained/data/isic2018/raw/task1_masks/ISIC2018_Task1_Training_GroundTruth/ISIC_0013320_segmentation.png,0,,b322ccc933758673,1475,train
ISIC_0013321,/root/derm_pilot_v100/data/isic2018_raw/ISIC2018_Task1-2_Training_Input/ISIC_0013321.jpg,/root/isic_overlap_pilot_self_contained/data/isic2018/raw/task1_masks/ISIC2018_Task1_Training_GroundTruth/ISIC_0013321_segmentation.png,1,,838fc5422ff54aa9,1476,val
ISIC_0013325,/root/derm_pilot_v100/data/isic2018_raw/ISIC2018_Task1-2_Training_Input/ISIC_0013325.jpg,/root/isic_overlap_pilot_self_contained/data/isic2018/raw/task1_masks/ISIC2018_Task1_Training_GroundTruth/ISIC_0013325_segmentation.png,0,,a42bdde21780dd36,1477,val
ISIC_0013326,/root/derm_pilot_v100/data/isic2018_raw/ISIC2018_Task1-2_Training_Input/ISIC_0013326.jpg,/root/isic_overlap_pilot_self_contained/data/isic2018/raw/task1_masks/ISIC2018_Task1_Training_GroundTruth/ISIC_0013326_segmentation.png,0,,faca09bfa584c24b,1478,train
ISIC_0013329,/root/derm_pilot_v100/data/isic2018_raw/ISIC2018_Task1-2_Training_Input/ISIC_0013329.jpg,/root/isic_overlap_pilot_self_contained/data/isic2018/raw/task1_masks/ISIC2018_Task1_Training_GroundTruth/ISIC_0013329_segmentation.png,0,,f3c2c88e33e1ce32,1479,test
ISIC_0013330,/root/derm_pilot_v100/data/isic2018_raw/ISIC2018_Task1-2_Training_Input/ISIC_0013330.jpg,/root/isic_overlap_pilot_self_contained/data/isic2018/raw/task1_masks/ISIC2018_Task1_Training_GroundTruth/ISIC_0013330_segmentation.png,0,,f363d13b26cc9c18,1480,test
ISIC_0013333,/root/derm_pilot_v100/data/isic2018_raw/ISIC2018_Task1-2_Training_Input/ISIC_0013333.jpg,/root/isic_overlap_pilot_self_contained/data/isic2018/raw/task1_masks/ISIC2018_Task1_Training_GroundTruth/ISIC_0013333_segmentation.png,0,,b597585a4373c178,1481,test
ISIC_0013334,/root/derm_pilot_v100/data/isic2018_raw/ISIC2018_Task1-2_Training_Input/ISIC_0013334.jpg,/root/isic_overlap_pilot_self_contained/data/isic2018/raw/task1_masks/ISIC2018_Task1_Training_GroundTruth/ISIC_0013334_segmentation.png,1,,a1290dcf2c7a7527,1482,train
ISIC_0013335,/root/derm_pilot_v100/data/isic2018_raw/ISIC2018_Task1-2_Training_Input/ISIC_0013335.jpg,/root/isic_overlap_pilot_self_contained/data/isic2018/raw/task1_masks/ISIC2018_Task1_Training_GroundTruth/ISIC_0013335_segmentation.png,0,,f68988f6397626c8,1483,train
ISIC_0013340,/root/derm_pilot_v100/data/isic2018_raw/ISIC2018_Task1-2_Training_Input/ISIC_0013340.jpg,/root/isic_overlap_pilot_self_contained/data/isic2018/raw/task1_masks/ISIC2018_Task1_Training_GroundTruth/ISIC_0013340_segmentation.png,0,,f5d5455310cc1773,1484,train
ISIC_0013341,/root/derm_pilot_v100/data/isic2018_raw/ISIC2018_Task1-2_Training_Input/ISIC_0013341.jpg,/root/isic_overlap_pilot_self_contained/data/isic2018/raw/task1_masks/ISIC2018_Task1_Training_GroundTruth/ISIC_0013341_segmentation.png,0,,a50e921f99d85c3d,1485,val
ISIC_0013342,/root/derm_pilot_v100/data/isic2018_raw/ISIC2018_Task1-2_Training_Input/ISIC_0013342.jpg,/root/isic_overlap_pilot_self_contained/data/isic2018/raw/task1_masks/ISIC2018_Task1_Training_GroundTruth/ISIC_0013342_segmentation.png,0,,a20098ff62fd9d32,1486,train
ISIC_0013346,/root/derm_pilot_v100/data/isic2018_raw/ISIC2018_Task1-2_Training_Input/ISIC_0013346.jpg,/root/isic_overlap_pilot_self_contained/data/isic2018/raw/task1_masks/ISIC2018_Task1_Training_GroundTruth/ISIC_0013346_segmentation.png,0,,e18b84ce13338eed,1487,train
ISIC_0013355,/root/derm_pilot_v100/data/isic2018_raw/ISIC2018_Task1-2_Training_Input/ISIC_0013355.jpg,/root/isic_overlap_pilot_self_contained/data/isic2018/raw/task1_masks/ISIC2018_Task1_Training_GroundTruth/ISIC_0013355_segmentation.png,0,,958fd4fb170f00f0,1488,train
ISIC_0013356,/root/derm_pilot_v100/data/isic2018_raw/ISIC2018_Task1-2_Training_Input/ISIC_0013356.jpg,/root/isic_overlap_pilot_self_contained/data/isic2018/raw/task1_masks/ISIC2018_Task1_Training_GroundTruth/ISIC_0013356_segmentation.png,0,,e00c8de3b3d89b63,1489,train
ISIC_0013359,/root/derm_pilot_v100/data/isic2018_raw/ISIC2018_Task1-2_Training_Input/ISIC_0013359.jpg,/root/isic_overlap_pilot_self_contained/data/isic2018/raw/task1_masks/ISIC2018_Task1_Training_GroundTruth/ISIC_0013359_segmentation.png,1,,b10dcd92151947fe,1490,train
ISIC_0013360,/root/derm_pilot_v100/data/isic2018_raw/ISIC2018_Task1-2_Training_Input/ISIC_0013360.jpg,/root/isic_overlap_pilot_self_contained/data/isic2018/raw/task1_masks/ISIC2018_Task1_Training_GroundTruth/ISIC_0013360_segmentation.png,0,,805adf43ffa1c928,1491,train
ISIC_0013364,/root/derm_pilot_v100/data/isic2018_raw/ISIC2018_Task1-2_Training_Input/ISIC_0013364.jpg,/root/isic_overlap_pilot_self_contained/data/isic2018/raw/task1_masks/ISIC2018_Task1_Training_GroundTruth/ISIC_0013364_segmentation.png,0,,e4db91f624999166,1492,test
ISIC_0013365,/root/derm_pilot_v100/data/isic2018_raw/ISIC2018_Task1-2_Training_Input/ISIC_0013365.jpg,/root/isic_overlap_pilot_self_contained/data/isic2018/raw/task1_masks/ISIC2018_Task1_Training_GroundTruth/ISIC_0013365_segmentation.png,1,,f58ad52255a8553e,1335,train
ISIC_0013369,/root/derm_pilot_v100/data/isic2018_raw/ISIC2018_Task1-2_Training_Input/ISIC_0013369.jpg,/root/isic_overlap_pilot_self_contained/data/isic2018/raw/task1_masks/ISIC2018_Task1_Training_GroundTruth/ISIC_0013369_segmentation.png,0,,80fa05e156e0dd7d,1493,train
ISIC_0013371,/root/derm_pilot_v100/data/isic2018_raw/ISIC2018_Task1-2_Training_Input/ISIC_0013371.jpg,/root/isic_overlap_pilot_self_contained/data/isic2018/raw/task1_masks/ISIC2018_Task1_Training_GroundTruth/ISIC_0013371_segmentation.png,0,,b189c4cf7139c47c,1494,val
ISIC_0013374,/root/derm_pilot_v100/data/isic2018_raw/ISIC2018_Task1-2_Training_Input/ISIC_0013374.jpg,/root/isic_overlap_pilot_self_contained/data/isic2018/raw/task1_masks/ISIC2018_Task1_Training_GroundTruth/ISIC_0013374_segmentation.png,1,,e3b695629263ca95,1495,train
ISIC_0013378,/root/derm_pilot_v100/data/isic2018_raw/ISIC2018_Task1-2_Training_Input/ISIC_0013378.jpg,/root/isic_overlap_pilot_self_contained/data/isic2018/raw/task1_masks/ISIC2018_Task1_Training_GroundTruth/ISIC_0013378_segmentation.png,0,,a0999966ce997366,1496,val
ISIC_0013383,/root/derm_pilot_v100/data/isic2018_raw/ISIC2018_Task1-2_Training_Input/ISIC_0013383.jpg,/root/isic_overlap_pilot_self_contained/data/isic2018/raw/task1_masks/ISIC2018_Task1_Training_GroundTruth/ISIC_0013383_segmentation.png,0,,b3981c320f9c3776,1497,val
ISIC_0013385,/root/derm_pilot_v100/data/isic2018_raw/ISIC2018_Task1-2_Training_Input/ISIC_0013385.jpg,/root/isic_overlap_pilot_self_contained/data/isic2018/raw/task1_masks/ISIC2018_Task1_Training_GroundTruth/ISIC_0013385_segmentation.png,0,,e28ad83326dcd939,1498,train
ISIC_0013390,/root/derm_pilot_v100/data/isic2018_raw/ISIC2018_Task1-2_Training_Input/ISIC_0013390.jpg,/root/isic_overlap_pilot_self_contained/data/isic2018/raw/task1_masks/ISIC2018_Task1_Training_GroundTruth/ISIC_0013390_segmentation.png,0,,b6a9d966569d1170,1499,test
ISIC_0013393,/root/derm_pilot_v100/data/isic2018_raw/ISIC2018_Task1-2_Training_Input/ISIC_0013393.jpg,/root/isic_overlap_pilot_self_contained/data/isic2018/raw/task1_masks/ISIC2018_Task1_Training_GroundTruth/ISIC_0013393_segmentation.png,0,,d5ad5aa15ab74a24,1500,val
ISIC_0013394,/root/derm_pilot_v100/data/isic2018_raw/ISIC2018_Task1-2_Training_Input/ISIC_0013394.jpg,/root/isic_overlap_pilot_self_contained/data/isic2018/raw/task1_masks/ISIC2018_Task1_Training_GroundTruth/ISIC_0013394_segmentation.png,0,,ae555c0726c5c9d3,1501,test
ISIC_0013395,/root/derm_pilot_v100/data/isic2018_raw/ISIC2018_Task1-2_Training_Input/ISIC_0013395.jpg,/root/isic_overlap_pilot_self_contained/data/isic2018/raw/task1_masks/ISIC2018_Task1_Training_GroundTruth/ISIC_0013395_segmentation.png,0,,d58c553355cc5571,1502,train
ISIC_0013397,/root/derm_pilot_v100/data/isic2018_raw/ISIC2018_Task1-2_Training_Input/ISIC_0013397.jpg,/root/isic_overlap_pilot_self_contained/data/isic2018/raw/task1_masks/ISIC2018_Task1_Training_GroundTruth/ISIC_0013397_segmentation.png,0,,e466519ad5d8d169,1503,train
ISIC_0013398,/root/derm_pilot_v100/data/isic2018_raw/ISIC2018_Task1-2_Training_Input/ISIC_0013398.jpg,/root/isic_overlap_pilot_self_contained/data/isic2018/raw/task1_masks/ISIC2018_Task1_Training_GroundTruth/ISIC_0013398_segmentation.png,0,,b1ce1c33ce32639c,1504,train
ISIC_0013399,/root/derm_pilot_v100/data/isic2018_raw/ISIC2018_Task1-2_Training_Input/ISIC_0013399.jpg,/root/isic_overlap_pilot_self_contained/data/isic2018/raw/task1_masks/ISIC2018_Task1_Training_GroundTruth/ISIC_0013399_segmentation.png,0,,86de59e26288f927,1505,test
ISIC_0013400,/root/derm_pilot_v100/data/isic2018_raw/ISIC2018_Task1-2_Training_Input/ISIC_0013400.jpg,/root/isic_overlap_pilot_self_contained/data/isic2018/raw/task1_masks/ISIC2018_Task1_Training_GroundTruth/ISIC_0013400_segmentation.png,0,,f596d4e551cc104f,1506,train
ISIC_0013403,/root/derm_pilot_v100/data/isic2018_raw/ISIC2018_Task1-2_Training_Input/ISIC_0013403.jpg,/root/isic_overlap_pilot_self_contained/data/isic2018/raw/task1_masks/ISIC2018_Task1_Training_GroundTruth/ISIC_0013403_segmentation.png,0,,a695596776995c24,1507,train
ISIC_0013405,/root/derm_pilot_v100/data/isic2018_raw/ISIC2018_Task1-2_Training_Input/ISIC_0013405.jpg,/root/isic_overlap_pilot_self_contained/data/isic2018/raw/task1_masks/ISIC2018_Task1_Training_GroundTruth/ISIC_0013405_segmentation.png,0,,f5c208cd17631dcd,1508,train
ISIC_0013410,/root/derm_pilot_v100/data/isic2018_raw/ISIC2018_Task1-2_Training_Input/ISIC_0013410.jpg,/root/isic_overlap_pilot_self_contained/data/isic2018/raw/task1_masks/ISIC2018_Task1_Training_GroundTruth/ISIC_0013410_segmentation.png,0,,b1c6ce3b90ccd865,1509,train
ISIC_0013411,/root/derm_pilot_v100/data/isic2018_raw/ISIC2018_Task1-2_Training_Input/ISIC_0013411.jpg,/root/isic_overlap_pilot_self_contained/data/isic2018/raw/task1_masks/ISIC2018_Task1_Training_GroundTruth/ISIC_0013411_segmentation.png,1,,958ef1cbc00d70fc,1510,train
ISIC_0013414,/root/derm_pilot_v100/data/isic2018_raw/ISIC2018_Task1-2_Training_Input/ISIC_0013414.jpg,/root/isic_overlap_pilot_self_contained/data/isic2018/raw/task1_masks/ISIC2018_Task1_Training_GroundTruth/ISIC_0013414_segmentation.png,1,,ec86f0cb534c99b8,1511,val
ISIC_0013416,/root/derm_pilot_v100/data/isic2018_raw/ISIC2018_Task1-2_Training_Input/ISIC_0013416.jpg,/root/isic_overlap_pilot_self_contained/data/isic2018/raw/task1_masks/ISIC2018_Task1_Training_GroundTruth/ISIC_0013416_segmentation.png,0,,c495dd957605dd05,1512,test
ISIC_0013417,/root/derm_pilot_v100/data/isic2018_raw/ISIC2018_Task1-2_Training_Input/ISIC_0013417.jpg,/root/isic_overlap_pilot_self_contained/data/isic2018/raw/task1_masks/ISIC2018_Task1_Training_GroundTruth/ISIC_0013417_segmentation.png,0,,d587dc847703dc4c,1513,test
ISIC_0013423,/root/derm_pilot_v100/data/isic2018_raw/ISIC2018_Task1-2_Training_Input/ISIC_0013423.jpg,/root/isic_overlap_pilot_self_contained/data/isic2018/raw/task1_masks/ISIC2018_Task1_Training_GroundTruth/ISIC_0013423_segmentation.png,0,,c1d205a5d54bd66d,1514,train
ISIC_0013424,/root/derm_pilot_v100/data/isic2018_raw/ISIC2018_Task1-2_Training_Input/ISIC_0013424.jpg,/root/isic_overlap_pilot_self_contained/data/isic2018/raw/task1_masks/ISIC2018_Task1_Training_GroundTruth/ISIC_0013424_segmentation.png,0,,e50f51d6940d356d,1515,train
ISIC_0013425,/root/derm_pilot_v100/data/isic2018_raw/ISIC2018_Task1-2_Training_Input/ISIC_0013425.jpg,/root/isic_overlap_pilot_self_contained/data/isic2018/raw/task1_masks/ISIC2018_Task1_Training_GroundTruth/ISIC_0013425_segmentation.png,0,,f583d99964669319,1516,val
ISIC_0013427,/root/derm_pilot_v100/data/isic2018_raw/ISIC2018_Task1-2_Training_Input/ISIC_0013427.jpg,/root/isic_overlap_pilot_self_contained/data/isic2018/raw/task1_masks/ISIC2018_Task1_Training_GroundTruth/ISIC_0013427_segmentation.png,1,,f54dd570d584d18a,1517,train
ISIC_0013428,/root/derm_pilot_v100/data/isic2018_raw/ISIC2018_Task1-2_Training_Input/ISIC_0013428.jpg,/root/isic_overlap_pilot_self_contained/data/isic2018/raw/task1_masks/ISIC2018_Task1_Training_GroundTruth/ISIC_0013428_segmentation.png,0,,f511cdc7551455b1,1518,val
ISIC_0013429,/root/derm_pilot_v100/data/isic2018_raw/ISIC2018_Task1-2_Training_Input/ISIC_0013429.jpg,/root/isic_overlap_pilot_self_contained/data/isic2018/raw/task1_masks/ISIC2018_Task1_Training_GroundTruth/ISIC_0013429_segmentation.png,1,,b7d01ddd611751d0,1519,test
ISIC_0013430,/root/derm_pilot_v100/data/isic2018_raw/ISIC2018_Task1-2_Training_Input/ISIC_0013430.jpg,/root/isic_overlap_pilot_self_contained/data/isic2018/raw/task1_masks/ISIC2018_Task1_Training_GroundTruth/ISIC_0013430_segmentation.png,0,,e682dd0b768e99a8,1520,train
ISIC_0013432,/root/derm_pilot_v100/data/isic2018_raw/ISIC2018_Task1-2_Training_Input/ISIC_0013432.jpg,/root/isic_overlap_pilot_self_contained/data/isic2018/raw/task1_masks/ISIC2018_Task1_Training_GroundTruth/ISIC_0013432_segmentation.png,0,,a688997366cc9973,640,train
ISIC_0013433,/root/derm_pilot_v100/data/isic2018_raw/ISIC2018_Task1-2_Training_Input/ISIC_0013433.jpg,/root/isic_overlap_pilot_self_contained/data/isic2018/raw/task1_masks/ISIC2018_Task1_Training_GroundTruth/ISIC_0013433_segmentation.png,0,,b384cc4773ccdc62,9,train
ISIC_0013434,/root/derm_pilot_v100/data/isic2018_raw/ISIC2018_Task1-2_Training_Input/ISIC_0013434.jpg,/root/isic_overlap_pilot_self_contained/data/isic2018/raw/task1_masks/ISIC2018_Task1_Training_GroundTruth/ISIC_0013434_segmentation.png,0,,d58b5d2655995433,1335,train
ISIC_0013437,/root/derm_pilot_v100/data/isic2018_raw/ISIC2018_Task1-2_Training_Input/ISIC_0013437.jpg,/root/isic_overlap_pilot_self_contained/data/isic2018/raw/task1_masks/ISIC2018_Task1_Training_GroundTruth/ISIC_0013437_segmentation.png,0,,f58bd92e55225538,1521,train
ISIC_0013438,/root/derm_pilot_v100/data/isic2018_raw/ISIC2018_Task1-2_Training_Input/ISIC_0013438.jpg,/root/isic_overlap_pilot_self_contained/data/isic2018/raw/task1_masks/ISIC2018_Task1_Training_GroundTruth/ISIC_0013438_segmentation.png,0,,f38cdc3347cc1534,1522,test
ISIC_0013443,/root/derm_pilot_v100/data/isic2018_raw/ISIC2018_Task1-2_Training_Input/ISIC_0013443.jpg,/root/isic_overlap_pilot_self_contained/data/isic2018/raw/task1_masks/ISIC2018_Task1_Training_GroundTruth/ISIC_0013443_segmentation.png,0,,e09f996500df057d,1523,train
ISIC_0013455,/root/derm_pilot_v100/data/isic2018_raw/ISIC2018_Task1-2_Training_Input/ISIC_0013455.jpg,/root/isic_overlap_pilot_self_contained/data/isic2018/raw/task1_masks/ISIC2018_Task1_Training_GroundTruth/ISIC_0013455_segmentation.png,1,,b72f9c0c34477613,1524,train
ISIC_0013456,/root/derm_pilot_v100/data/isic2018_raw/ISIC2018_Task1-2_Training_Input/ISIC_0013456.jpg,/root/isic_overlap_pilot_self_contained/data/isic2018/raw/task1_masks/ISIC2018_Task1_Training_GroundTruth/ISIC_0013456_segmentation.png,0,,be00c1c1161f1ff7,1525,train
ISIC_0013457,/root/derm_pilot_v100/data/isic2018_raw/ISIC2018_Task1-2_Training_Input/ISIC_0013457.jpg,/root/isic_overlap_pilot_self_contained/data/isic2018/raw/task1_masks/ISIC2018_Task1_Training_GroundTruth/ISIC_0013457_segmentation.png,1,,e5479284cdd11d3b,1526,train
ISIC_0013458,/root/derm_pilot_v100/data/isic2018_raw/ISIC2018_Task1-2_Training_Input/ISIC_0013458.jpg,/root/isic_overlap_pilot_self_contained/data/isic2018/raw/task1_masks/ISIC2018_Task1_Training_GroundTruth/ISIC_0013458_segmentation.png,0,,a4c1d9cd36d6905e,1527,train
ISIC_0013459,/root/derm_pilot_v100/data/isic2018_raw/ISIC2018_Task1-2_Training_Input/ISIC_0013459.jpg,/root/isic_overlap_pilot_self_contained/data/isic2018/raw/task1_masks/ISIC2018_Task1_Training_GroundTruth/ISIC_0013459_segmentation.png,1,,f59555d455c45133,1528,train
ISIC_0013461,/root/derm_pilot_v100/data/isic2018_raw/ISIC2018_Task1-2_Training_Input/ISIC_0013461.jpg,/root/isic_overlap_pilot_self_contained/data/isic2018/raw/task1_masks/ISIC2018_Task1_Training_GroundTruth/ISIC_0013461_segmentation.png,0,,f5015557d5595127,1529,train
ISIC_0013465,/root/derm_pilot_v100/data/isic2018_raw/ISIC2018_Task1-2_Training_Input/ISIC_0013465.jpg,/root/isic_overlap_pilot_self_contained/data/isic2018/raw/task1_masks/ISIC2018_Task1_Training_GroundTruth/ISIC_0013465_segmentation.png,0,,80f3156957b64d9a,1530,train
ISIC_0013472,/root/derm_pilot_v100/data/isic2018_raw/ISIC2018_Task1-2_Training_Input/ISIC_0013472.jpg,/root/isic_overlap_pilot_self_contained/data/isic2018/raw/task1_masks/ISIC2018_Task1_Training_GroundTruth/ISIC_0013472_segmentation.png,1,,b08a5c3377ccd334,1531,train
ISIC_0013473,/root/derm_pilot_v100/data/isic2018_raw/ISIC2018_Task1-2_Training_Input/ISIC_0013473.jpg,/root/isic_overlap_pilot_self_contained/data/isic2018/raw/task1_masks/ISIC2018_Task1_Training_GroundTruth/ISIC_0013473_segmentation.png,1,,e2038d6f369d5664,1532,train
ISIC_0013474,/root/derm_pilot_v100/data/isic2018_raw/ISIC2018_Task1-2_Training_Input/ISIC_0013474.jpg,/root/isic_overlap_pilot_self_contained/data/isic2018/raw/task1_masks/ISIC2018_Task1_Training_GroundTruth/ISIC_0013474_segmentation.png,0,,b25ec9b261db5854,1533,train
ISIC_0013480,/root/derm_pilot_v100/data/isic2018_raw/ISIC2018_Task1-2_Training_Input/ISIC_0013480.jpg,/root/isic_overlap_pilot_self_contained/data/isic2018/raw/task1_masks/ISIC2018_Task1_Training_GroundTruth/ISIC_0013480_segmentation.png,0,,d141c4c53353ccdf,1534,train
ISIC_0013487,/root/derm_pilot_v100/data/isic2018_raw/ISIC2018_Task1-2_Training_Input/ISIC_0013487.jpg,/root/isic_overlap_pilot_self_contained/data/isic2018/raw/task1_masks/ISIC2018_Task1_Training_GroundTruth/ISIC_0013487_segmentation.png,0,,a6c4dd997326cc19,735,train
ISIC_0013488,/root/derm_pilot_v100/data/isic2018_raw/ISIC2018_Task1-2_Training_Input/ISIC_0013488.jpg,/root/isic_overlap_pilot_self_contained/data/isic2018/raw/task1_masks/ISIC2018_Task1_Training_GroundTruth/ISIC_0013488_segmentation.png,0,,b280cdcf366f9d20,1535,train
ISIC_0013489,/root/derm_pilot_v100/data/isic2018_raw/ISIC2018_Task1-2_Training_Input/ISIC_0013489.jpg,/root/isic_overlap_pilot_self_contained/data/isic2018/raw/task1_masks/ISIC2018_Task1_Training_GroundTruth/ISIC_0013489_segmentation.png,0,,a3079ccc7233d94e,1536,train
ISIC_0013490,/root/derm_pilot_v100/data/isic2018_raw/ISIC2018_Task1-2_Training_Input/ISIC_0013490.jpg,/root/isic_overlap_pilot_self_contained/data/isic2018/raw/task1_masks/ISIC2018_Task1_Training_GroundTruth/ISIC_0013490_segmentation.png,1,,b3a29dcc6627518e,1537,train
ISIC_0013491,/root/derm_pilot_v100/data/isic2018_raw/ISIC2018_Task1-2_Training_Input/ISIC_0013491.jpg,/root/isic_overlap_pilot_self_contained/data/isic2018/raw/task1_masks/ISIC2018_Task1_Training_GroundTruth/ISIC_0013491_segmentation.png,1,,b728dd62678c552a,1538,val
ISIC_0013492,/root/derm_pilot_v100/data/isic2018_raw/ISIC2018_Task1-2_Training_Input/ISIC_0013492.jpg,/root/isic_overlap_pilot_self_contained/data/isic2018/raw/task1_masks/ISIC2018_Task1_Training_GroundTruth/ISIC_0013492_segmentation.png,0,,e624988d376788dd,1539,train
ISIC_0013493,/root/derm_pilot_v100/data/isic2018_raw/ISIC2018_Task1-2_Training_Input/ISIC_0013493.jpg,/root/isic_overlap_pilot_self_contained/data/isic2018/raw/task1_masks/ISIC2018_Task1_Training_GroundTruth/ISIC_0013493_segmentation.png,0,,e699d9e6c4d1066c,1540,val
ISIC_0013494,/root/derm_pilot_v100/data/isic2018_raw/ISIC2018_Task1-2_Training_Input/ISIC_0013494.jpg,/root/isic_overlap_pilot_self_contained/data/isic2018/raw/task1_masks/ISIC2018_Task1_Training_GroundTruth/ISIC_0013494_segmentation.png,0,,a68799c826ff1263,1541,train
ISIC_0013495,/root/derm_pilot_v100/data/isic2018_raw/ISIC2018_Task1-2_Training_Input/ISIC_0013495.jpg,/root/isic_overlap_pilot_self_contained/data/isic2018/raw/task1_masks/ISIC2018_Task1_Training_GroundTruth/ISIC_0013495_segmentation.png,0,,a3cc8c7326cc9979,1542,test
ISIC_0013498,/root/derm_pilot_v100/data/isic2018_raw/ISIC2018_Task1-2_Training_Input/ISIC_0013498.jpg,/root/isic_overlap_pilot_self_contained/data/isic2018/raw/task1_masks/ISIC2018_Task1_Training_GroundTruth/ISIC_0013498_segmentation.png,0,,b3c2dcc6730cdcc4,1543,val
ISIC_0013499,/root/derm_pilot_v100/data/isic2018_raw/ISIC2018_Task1-2_Training_Input/ISIC_0013499.jpg,/root/isic_overlap_pilot_self_contained/data/isic2018/raw/task1_masks/ISIC2018_Task1_Training_GroundTruth/ISIC_0013499_segmentation.png,1,,f7431d8666315974,1544,val
ISIC_0013500,/root/derm_pilot_v100/data/isic2018_raw/ISIC2018_Task1-2_Training_Input/ISIC_0013500.jpg,/root/isic_overlap_pilot_self_contained/data/isic2018/raw/task1_masks/ISIC2018_Task1_Training_GroundTruth/ISIC_0013500_segmentation.png,1,,f3cb5c8c2333515c,1545,train
ISIC_0013501,/root/derm_pilot_v100/data/isic2018_raw/ISIC2018_Task1-2_Training_Input/ISIC_0013501.jpg,/root/isic_overlap_pilot_self_contained/data/isic2018/raw/task1_masks/ISIC2018_Task1_Training_GroundTruth/ISIC_0013501_segmentation.png,1,,f795d5563711504c,1546,train
ISIC_0013511,/root/derm_pilot_v100/data/isic2018_raw/ISIC2018_Task1-2_Training_Input/ISIC_0013511.jpg,/root/isic_overlap_pilot_self_contained/data/isic2018/raw/task1_masks/ISIC2018_Task1_Training_GroundTruth/ISIC_0013511_segmentation.png,0,,d4885988fa479dab,1547,train
ISIC_0013512,/root/derm_pilot_v100/data/isic2018_raw/ISIC2018_Task1-2_Training_Input/ISIC_0013512.jpg,/root/isic_overlap_pilot_self_contained/data/isic2018/raw/task1_masks/ISIC2018_Task1_Training_GroundTruth/ISIC_0013512_segmentation.png,0,,90cfc90a36ae9d66,1548,train
ISIC_0013516,/root/derm_pilot_v100/data/isic2018_raw/ISIC2018_Task1-2_Training_Input/ISIC_0013516.jpg,/root/isic_overlap_pilot_self_contained/data/isic2018/raw/task1_masks/ISIC2018_Task1_Training_GroundTruth/ISIC_0013516_segmentation.png,0,,b50755d8d5c65545,1549,train
ISIC_0013517,/root/derm_pilot_v100/data/isic2018_raw/ISIC2018_Task1-2_Training_Input/ISIC_0013517.jpg,/root/isic_overlap_pilot_self_contained/data/isic2018/raw/task1_masks/ISIC2018_Task1_Training_GroundTruth/ISIC_0013517_segmentation.png,0,,d58a5526559d5536,1335,train
ISIC_0013518,/root/derm_pilot_v100/data/isic2018_raw/ISIC2018_Task1-2_Training_Input/ISIC_0013518.jpg,/root/isic_overlap_pilot_self_contained/data/isic2018/raw/task1_masks/ISIC2018_Task1_Training_GroundTruth/ISIC_0013518_segmentation.png,1,,e44f046741fb14fc,1550,train
ISIC_0013523,/root/derm_pilot_v100/data/isic2018_raw/ISIC2018_Task1-2_Training_Input/ISIC_0013523.jpg,/root/isic_overlap_pilot_self_contained/data/isic2018/raw/task1_masks/ISIC2018_Task1_Training_GroundTruth/ISIC_0013523_segmentation.png,0,,83be0cd93367d48c,1551,val
ISIC_0013525,/root/derm_pilot_v100/data/isic2018_raw/ISIC2018_Task1-2_Training_Input/ISIC_0013525.jpg,/root/isic_overlap_pilot_self_contained/data/isic2018/raw/task1_masks/ISIC2018_Task1_Training_GroundTruth/ISIC_0013525_segmentation.png,1,,a5409982674fdc3f,1552,train
ISIC_0013526,/root/derm_pilot_v100/data/isic2018_raw/ISIC2018_Task1-2_Training_Input/ISIC_0013526.jpg,/root/isic_overlap_pilot_self_contained/data/isic2018/raw/task1_masks/ISIC2018_Task1_Training_GroundTruth/ISIC_0013526_segmentation.png,0,,870ff8f0062dd927,1553,test
ISIC_0013527,/root/derm_pilot_v100/data/isic2018_raw/ISIC2018_Task1-2_Training_Input/ISIC_0013527.jpg,/root/isic_overlap_pilot_self_contained/data/isic2018/raw/task1_masks/ISIC2018_Task1_Training_GroundTruth/ISIC_0013527_segmentation.png,0,,f3cc11998f31cc66,1554,train
ISIC_0013529,/root/derm_pilot_v100/data/isic2018_raw/ISIC2018_Task1-2_Training_Input/ISIC_0013529.jpg,/root/isic_overlap_pilot_self_contained/data/isic2018/raw/task1_masks/ISIC2018_Task1_Training_GroundTruth/ISIC_0013529_segmentation.png,0,,a0010d456757dddf,1555,train
ISIC_0013549,/root/derm_pilot_v100/data/isic2018_raw/ISIC2018_Task1-2_Training_Input/ISIC_0013549.jpg,/root/isic_overlap_pilot_self_contained/data/isic2018/raw/task1_masks/ISIC2018_Task1_Training_GroundTruth/ISIC_0013549_segmentation.png,1,,8306192e363b9d6f,1556,train
ISIC_0013552,/root/derm_pilot_v100/data/isic2018_raw/ISIC2018_Task1-2_Training_Input/ISIC_0013552.jpg,/root/isic_overlap_pilot_self_contained/data/isic2018/raw/task1_masks/ISIC2018_Task1_Training_GroundTruth/ISIC_0013552_segmentation.png,0,,f002c7d8eea5732a,1557,test
ISIC_0013553,/root/derm_pilot_v100/data/isic2018_raw/ISIC2018_Task1-2_Training_Input/ISIC_0013553.jpg,/root/isic_overlap_pilot_self_contained/data/isic2018/raw/task1_masks/ISIC2018_Task1_Training_GroundTruth/ISIC_0013553_segmentation.png,0,,bf1ce8c821397335,1558,train
ISIC_0013554,/root/derm_pilot_v100/data/isic2018_raw/ISIC2018_Task1-2_Training_Input/ISIC_0013554.jpg,/root/isic_overlap_pilot_self_contained/data/isic2018/raw/task1_masks/ISIC2018_Task1_Training_GroundTruth/ISIC_0013554_segmentation.png,0,,f31a5c4c96c961b3,1559,train
ISIC_0013558,/root/derm_pilot_v100/data/isic2018_raw/ISIC2018_Task1-2_Training_Input/ISIC_0013558.jpg,/root/isic_overlap_pilot_self_contained/data/isic2018/raw/task1_masks/ISIC2018_Task1_Training_GroundTruth/ISIC_0013558_segmentation.png,0,,f685d9d177429509,1560,train
ISIC_0013559,/root/derm_pilot_v100/data/isic2018_raw/ISIC2018_Task1-2_Training_Input/ISIC_0013559.jpg,/root/isic_overlap_pilot_self_contained/data/isic2018/raw/task1_masks/ISIC2018_Task1_Training_GroundTruth/ISIC_0013559_segmentation.png,0,,a2000409776fddff,1561,train
ISIC_0013561,/root/derm_pilot_v100/data/isic2018_raw/ISIC2018_Task1-2_Training_Input/ISIC_0013561.jpg,/root/isic_overlap_pilot_self_contained/data/isic2018/raw/task1_masks/ISIC2018_Task1_Training_GroundTruth/ISIC_0013561_segmentation.png,0,,eb008d59f6901b6f,1562,test
ISIC_0013562,/root/derm_pilot_v100/data/isic2018_raw/ISIC2018_Task1-2_Training_Input/ISIC_0013562.jpg,/root/isic_overlap_pilot_self_contained/data/isic2018/raw/task1_masks/ISIC2018_Task1_Training_GroundTruth/ISIC_0013562_segmentation.png,0,,f347c4d1716991c6,1563,train
ISIC_0013565,/root/derm_pilot_v100/data/isic2018_raw/ISIC2018_Task1-2_Training_Input/ISIC_0013565.jpg,/root/isic_overlap_pilot_self_contained/data/isic2018/raw/task1_masks/ISIC2018_Task1_Training_GroundTruth/ISIC_0013565_segmentation.png,1,,bd189dae61e3d02c,1564,train
ISIC_0013567,/root/derm_pilot_v100/data/isic2018_raw/ISIC2018_Task1-2_Training_Input/ISIC_0013567.jpg,/root/isic_overlap_pilot_self_contained/data/isic2018/raw/task1_masks/ISIC2018_Task1_Training_GroundTruth/ISIC_0013567_segmentation.png,1,,808411cf75de13df,1565,train
ISIC_0013568,/root/derm_pilot_v100/data/isic2018_raw/ISIC2018_Task1-2_Training_Input/ISIC_0013568.jpg,/root/isic_overlap_pilot_self_contained/data/isic2018/raw/task1_masks/ISIC2018_Task1_Training_GroundTruth/ISIC_0013568_segmentation.png,0,,952adcea62ae8c39,1566,train
ISIC_0013572,/root/derm_pilot_v100/data/isic2018_raw/ISIC2018_Task1-2_Training_Input/ISIC_0013572.jpg,/root/isic_overlap_pilot_self_contained/data/isic2018/raw/task1_masks/ISIC2018_Task1_Training_GroundTruth/ISIC_0013572_segmentation.png,1,,f0ae89ca23e49b4d,1567,val
ISIC_0013573,/root/derm_pilot_v100/data/isic2018_raw/ISIC2018_Task1-2_Training_Input/ISIC_0013573.jpg,/root/isic_overlap_pilot_self_contained/data/isic2018/raw/task1_masks/ISIC2018_Task1_Training_GroundTruth/ISIC_0013573_segmentation.png,1,,e0abc4cb123587ee,1568,train
ISIC_0013577,/root/derm_pilot_v100/data/isic2018_raw/ISIC2018_Task1-2_Training_Input/ISIC_0013577.jpg,/root/isic_overlap_pilot_self_contained/data/isic2018/raw/task1_masks/ISIC2018_Task1_Training_GroundTruth/ISIC_0013577_segmentation.png,1,,e45f107e103f417d,1569,train
ISIC_0013578,/root/derm_pilot_v100/data/isic2018_raw/ISIC2018_Task1-2_Training_Input/ISIC_0013578.jpg,/root/isic_overlap_pilot_self_contained/data/isic2018/raw/task1_masks/ISIC2018_Task1_Training_GroundTruth/ISIC_0013578_segmentation.png,1,,e28e11f3047f11fc,1570,test
ISIC_0013579,/root/derm_pilot_v100/data/isic2018_raw/ISIC2018_Task1-2_Training_Input/ISIC_0013579.jpg,/root/isic_overlap_pilot_self_contained/data/isic2018/raw/task1_masks/ISIC2018_Task1_Training_GroundTruth/ISIC_0013579_segmentation.png,1,,a07b00ff00df827f,1142,train
ISIC_0013580,/root/derm_pilot_v100/data/isic2018_raw/ISIC2018_Task1-2_Training_Input/ISIC_0013580.jpg,/root/isic_overlap_pilot_self_contained/data/isic2018/raw/task1_masks/ISIC2018_Task1_Training_GroundTruth/ISIC_0013580_segmentation.png,0,,e4642d6c666599d9,1571,test
ISIC_0013581,/root/derm_pilot_v100/data/isic2018_raw/ISIC2018_Task1-2_Training_Input/ISIC_0013581.jpg,/root/isic_overlap_pilot_self_contained/data/isic2018/raw/task1_masks/ISIC2018_Task1_Training_GroundTruth/ISIC_0013581_segmentation.png,1,,91da4d3366c8bb26,1572,train
ISIC_0013585,/root/derm_pilot_v100/data/isic2018_raw/ISIC2018_Task1-2_Training_Input/ISIC_0013585.jpg,/root/isic_overlap_pilot_self_contained/data/isic2018/raw/task1_masks/ISIC2018_Task1_Training_GroundTruth/ISIC_0013585_segmentation.png,0,,d59a55c9542bd5e0,1573,val
ISIC_0013588,/root/derm_pilot_v100/data/isic2018_raw/ISIC2018_Task1-2_Training_Input/ISIC_0013588.jpg,/root/isic_overlap_pilot_self_contained/data/isic2018/raw/task1_masks/ISIC2018_Task1_Training_GroundTruth/ISIC_0013588_segmentation.png,1,,b41cc541c1db3d7c,1574,train
ISIC_0013592,/root/derm_pilot_v100/data/isic2018_raw/ISIC2018_Task1-2_Training_Input/ISIC_0013592.jpg,/root/isic_overlap_pilot_self_contained/data/isic2018/raw/task1_masks/ISIC2018_Task1_Training_GroundTruth/ISIC_0013592_segmentation.png,0,,f0875c114779d5cc,1575,train
ISIC_0013594,/root/derm_pilot_v100/data/isic2018_raw/ISIC2018_Task1-2_Training_Input/ISIC_0013594.jpg,/root/isic_overlap_pilot_self_contained/data/isic2018/raw/task1_masks/ISIC2018_Task1_Training_GroundTruth/ISIC_0013594_segmentation.png,1,,e949d36ec19c94c5,1155,train
ISIC_0013595,/root/derm_pilot_v100/data/isic2018_raw/ISIC2018_Task1-2_Training_Input/ISIC_0013595.jpg,/root/isic_overlap_pilot_self_contained/data/isic2018/raw/task1_masks/ISIC2018_Task1_Training_GroundTruth/ISIC_0013595_segmentation.png,0,,c44a9dc03f2dcd6c,1576,test
ISIC_0013596,/root/derm_pilot_v100/data/isic2018_raw/ISIC2018_Task1-2_Training_Input/ISIC_0013596.jpg,/root/isic_overlap_pilot_self_contained/data/isic2018/raw/task1_masks/ISIC2018_Task1_Training_GroundTruth/ISIC_0013596_segmentation.png,0,,962b4c2aab32db63,1577,train
ISIC_0013597,/root/derm_pilot_v100/data/isic2018_raw/ISIC2018_Task1-2_Training_Input/ISIC_0013597.jpg,/root/isic_overlap_pilot_self_contained/data/isic2018/raw/task1_masks/ISIC2018_Task1_Training_GroundTruth/ISIC_0013597_segmentation.png,0,,978a5d2b3e26cd24,1578,val
ISIC_0013599,/root/derm_pilot_v100/data/isic2018_raw/ISIC2018_Task1-2_Training_Input/ISIC_0013599.jpg,/root/isic_overlap_pilot_self_contained/data/isic2018/raw/task1_masks/ISIC2018_Task1_Training_GroundTruth/ISIC_0013599_segmentation.png,0,,e0af00af92edc972,1579,val
ISIC_0013600,/root/derm_pilot_v100/data/isic2018_raw/ISIC2018_Task1-2_Training_Input/ISIC_0013600.jpg,/root/isic_overlap_pilot_self_contained/data/isic2018/raw/task1_masks/ISIC2018_Task1_Training_GroundTruth/ISIC_0013600_segmentation.png,0,,a2fa093a6398c977,1580,train
ISIC_0013601,/root/derm_pilot_v100/data/isic2018_raw/ISIC2018_Task1-2_Training_Input/ISIC_0013601.jpg,/root/isic_overlap_pilot_self_contained/data/isic2018/raw/task1_masks/ISIC2018_Task1_Training_GroundTruth/ISIC_0013601_segmentation.png,0,,a0df00ff00ff807e,1142,train
ISIC_0013602,/root/derm_pilot_v100/data/isic2018_raw/ISIC2018_Task1-2_Training_Input/ISIC_0013602.jpg,/root/isic_overlap_pilot_self_contained/data/isic2018/raw/task1_masks/ISIC2018_Task1_Training_GroundTruth/ISIC_0013602_segmentation.png,0,,e0df80bf007a8cbd,1581,train
ISIC_0013603,/root/derm_pilot_v100/data/isic2018_raw/ISIC2018_Task1-2_Training_Input/ISIC_0013603.jpg,/root/isic_overlap_pilot_self_contained/data/isic2018/raw/task1_masks/ISIC2018_Task1_Training_GroundTruth/ISIC_0013603_segmentation.png,0,,a0bfc07a02ad9977,1582,val
ISIC_0013606,/root/derm_pilot_v100/data/isic2018_raw/ISIC2018_Task1-2_Training_Input/ISIC_0013606.jpg,/root/isic_overlap_pilot_self_contained/data/isic2018/raw/task1_masks/ISIC2018_Task1_Training_GroundTruth/ISIC_0013606_segmentation.png,1,,ed8bd0e823b74d48,1583,train
ISIC_0013610,/root/derm_pilot_v100/data/isic2018_raw/ISIC2018_Task1-2_Training_Input/ISIC_0013610.jpg,/root/isic_overlap_pilot_self_contained/data/isic2018/raw/task1_masks/ISIC2018_Task1_Training_GroundTruth/ISIC_0013610_segmentation.png,1,,b69ad90632cb9c66,1584,train
ISIC_0013615,/root/derm_pilot_v100/data/isic2018_raw/ISIC2018_Task1-2_Training_Input/ISIC_0013615.jpg,/root/isic_overlap_pilot_self_contained/data/isic2018/raw/task1_masks/ISIC2018_Task1_Training_GroundTruth/ISIC_0013615_segmentation.png,1,,b7a8d522538bd1cc,1585,train
ISIC_0013617,/root/derm_pilot_v100/data/isic2018_raw/ISIC2018_Task1-2_Training_Input/ISIC_0013617.jpg,/root/isic_overlap_pilot_self_contained/data/isic2018/raw/task1_masks/ISIC2018_Task1_Training_GroundTruth/ISIC_0013617_segmentation.png,1,,b18ac36d1c31c79d,1586,train
ISIC_0013618,/root/derm_pilot_v100/data/isic2018_raw/ISIC2018_Task1-2_Training_Input/ISIC_0013618.jpg,/root/isic_overlap_pilot_self_contained/data/isic2018/raw/task1_masks/ISIC2018_Task1_Training_GroundTruth/ISIC_0013618_segmentation.png,1,,b49fc0e610bb063f,1587,train
ISIC_0013621,/root/derm_pilot_v100/data/isic2018_raw/ISIC2018_Task1-2_Training_Input/ISIC_0013621.jpg,/root/isic_overlap_pilot_self_contained/data/isic2018/raw/task1_masks/ISIC2018_Task1_Training_GroundTruth/ISIC_0013621_segmentation.png,0,,f198c489d48d33af,1588,train
ISIC_0013626,/root/derm_pilot_v100/data/isic2018_raw/ISIC2018_Task1-2_Training_Input/ISIC_0013626.jpg,/root/isic_overlap_pilot_self_contained/data/isic2018/raw/task1_masks/ISIC2018_Task1_Training_GroundTruth/ISIC_0013626_segmentation.png,1,,b191cdc566349967,1589,val
ISIC_0013634,/root/derm_pilot_v100/data/isic2018_raw/ISIC2018_Task1-2_Training_Input/ISIC_0013634.jpg,/root/isic_overlap_pilot_self_contained/data/isic2018/raw/task1_masks/ISIC2018_Task1_Training_GroundTruth/ISIC_0013634_segmentation.png,1,,f58b5d8855265599,1217,train
ISIC_0013635,/root/derm_pilot_v100/data/isic2018_raw/ISIC2018_Task1-2_Training_Input/ISIC_0013635.jpg,/root/isic_overlap_pilot_self_contained/data/isic2018/raw/task1_masks/ISIC2018_Task1_Training_GroundTruth/ISIC_0013635_segmentation.png,0,,d0974414433d67df,1590,train
ISIC_0013636,/root/derm_pilot_v100/data/isic2018_raw/ISIC2018_Task1-2_Training_Input/ISIC_0013636.jpg,/root/isic_overlap_pilot_self_contained/data/isic2018/raw/task1_masks/ISIC2018_Task1_Training_GroundTruth/ISIC_0013636_segmentation.png,1,,f537dc8c5a940dc4,1591,train
ISIC_0013637,/root/derm_pilot_v100/data/isic2018_raw/ISIC2018_Task1-2_Training_Input/ISIC_0013637.jpg,/root/isic_overlap_pilot_self_contained/data/isic2018/raw/task1_masks/ISIC2018_Task1_Training_GroundTruth/ISIC_0013637_segmentation.png,0,,f5aad5a255aa5522,1335,train
ISIC_0013639,/root/derm_pilot_v100/data/isic2018_raw/ISIC2018_Task1-2_Training_Input/ISIC_0013639.jpg,/root/isic_overlap_pilot_self_contained/data/isic2018/raw/task1_masks/ISIC2018_Task1_Training_GroundTruth/ISIC_0013639_segmentation.png,1,,f790dcc87321dc8c,1592,val
ISIC_0013643,/root/derm_pilot_v100/data/isic2018_raw/ISIC2018_Task1-2_Training_Input/ISIC_0013643.jpg,/root/isic_overlap_pilot_self_contained/data/isic2018/raw/task1_masks/ISIC2018_Task1_Training_GroundTruth/ISIC_0013643_segmentation.png,0,,a001ddd577155d59,1593,train
ISIC_0013644,/root/derm_pilot_v100/data/isic2018_raw/ISIC2018_Task1-2_Training_Input/ISIC_0013644.jpg,/root/isic_overlap_pilot_self_contained/data/isic2018/raw/task1_masks/ISIC2018_Task1_Training_GroundTruth/ISIC_0013644_segmentation.png,1,,81ebc4ee315fd444,1594,train
ISIC_0013651,/root/derm_pilot_v100/data/isic2018_raw/ISIC2018_Task1-2_Training_Input/ISIC_0013651.jpg,/root/isic_overlap_pilot_self_contained/data/isic2018/raw/task1_masks/ISIC2018_Task1_Training_GroundTruth/ISIC_0013651_segmentation.png,1,,b011859133737f75,1595,train
ISIC_0013652,/root/derm_pilot_v100/data/isic2018_raw/ISIC2018_Task1-2_Training_Input/ISIC_0013652.jpg,/root/isic_overlap_pilot_self_contained/data/isic2018/raw/task1_masks/ISIC2018_Task1_Training_GroundTruth/ISIC_0013652_segmentation.png,1,,d46ad82a22abcf6a,1596,train
ISIC_0013656,/root/derm_pilot_v100/data/isic2018_raw/ISIC2018_Task1-2_Training_Input/ISIC_0013656.jpg,/root/isic_overlap_pilot_self_contained/data/isic2018/raw/task1_masks/ISIC2018_Task1_Training_GroundTruth/ISIC_0013656_segmentation.png,0,,80f8819b66e7999d,1597,train
ISIC_0013663,/root/derm_pilot_v100/data/isic2018_raw/ISIC2018_Task1-2_Training_Input/ISIC_0013663.jpg,/root/isic_overlap_pilot_self_contained/data/isic2018/raw/task1_masks/ISIC2018_Task1_Training_GroundTruth/ISIC_0013663_segmentation.png,1,,b234dc9b8866cec9,1598,val
ISIC_0013664,/root/derm_pilot_v100/data/isic2018_raw/ISIC2018_Task1-2_Training_Input/ISIC_0013664.jpg,/root/isic_overlap_pilot_self_contained/data/isic2018/raw/task1_masks/ISIC2018_Task1_Training_GroundTruth/ISIC_0013664_segmentation.png,0,,b107c87127ce9877,1599,train
ISIC_0013667,/root/derm_pilot_v100/data/isic2018_raw/ISIC2018_Task1-2_Training_Input/ISIC_0013667.jpg,/root/isic_overlap_pilot_self_contained/data/isic2018/raw/task1_masks/ISIC2018_Task1_Training_GroundTruth/ISIC_0013667_segmentation.png,0,,b348cdeb307813e6,1600,train
ISIC_0013670,/root/derm_pilot_v100/data/isic2018_raw/ISIC2018_Task1-2_Training_Input/ISIC_0013670.jpg,/root/isic_overlap_pilot_self_contained/data/isic2018/raw/task1_masks/ISIC2018_Task1_Training_GroundTruth/ISIC_0013670_segmentation.png,0,,e69956669966c998,1601,train
ISIC_0013671,/root/derm_pilot_v100/data/isic2018_raw/ISIC2018_Task1-2_Training_Input/ISIC_0013671.jpg,/root/isic_overlap_pilot_self_contained/data/isic2018/raw/task1_masks/ISIC2018_Task1_Training_GroundTruth/ISIC_0013671_segmentation.png,1,,b18add2355cbd528,1602,train
ISIC_0013672,/root/derm_pilot_v100/data/isic2018_raw/ISIC2018_Task1-2_Training_Input/ISIC_0013672.jpg,/root/isic_overlap_pilot_self_contained/data/isic2018/raw/task1_masks/ISIC2018_Task1_Training_GroundTruth/ISIC_0013672_segmentation.png,1,,e194946362dd9937,1603,val
ISIC_0013673,/root/derm_pilot_v100/data/isic2018_raw/ISIC2018_Task1-2_Training_Input/ISIC_0013673.jpg,/root/isic_overlap_pilot_self_contained/data/isic2018/raw/task1_masks/ISIC2018_Task1_Training_GroundTruth/ISIC_0013673_segmentation.png,0,,d58481a399ae5f71,1604,val
ISIC_0013674,/root/derm_pilot_v100/data/isic2018_raw/ISIC2018_Task1-2_Training_Input/ISIC_0013674.jpg,/root/isic_overlap_pilot_self_contained/data/isic2018/raw/task1_masks/ISIC2018_Task1_Training_GroundTruth/ISIC_0013674_segmentation.png,1,,b0468d99cf197666,1605,train
ISIC_0013675,/root/derm_pilot_v100/data/isic2018_raw/ISIC2018_Task1-2_Training_Input/ISIC_0013675.jpg,/root/isic_overlap_pilot_self_contained/data/isic2018/raw/task1_masks/ISIC2018_Task1_Training_GroundTruth/ISIC_0013675_segmentation.png,0,,a4195d66d9ec5362,1606,train
ISIC_0013676,/root/derm_pilot_v100/data/isic2018_raw/ISIC2018_Task1-2_Training_Input/ISIC_0013676.jpg,/root/isic_overlap_pilot_self_contained/data/isic2018/raw/task1_masks/ISIC2018_Task1_Training_GroundTruth/ISIC_0013676_segmentation.png,0,,e6d9996666d95203,1607,train
ISIC_0013678,/root/derm_pilot_v100/data/isic2018_raw/ISIC2018_Task1-2_Training_Input/ISIC_0013678.jpg,/root/isic_overlap_pilot_self_contained/data/isic2018/raw/task1_masks/ISIC2018_Task1_Training_GroundTruth/ISIC_0013678_segmentation.png,1,,a621c99e36b69a99,1608,train
ISIC_0013680,/root/derm_pilot_v100/data/isic2018_raw/ISIC2018_Task1-2_Training_Input/ISIC_0013680.jpg,/root/isic_overlap_pilot_self_contained/data/isic2018/raw/task1_masks/ISIC2018_Task1_Training_GroundTruth/ISIC_0013680_segmentation.png,0,,a00a04d7976fd1bb,1609,train
ISIC_0013684,/root/derm_pilot_v100/data/isic2018_raw/ISIC2018_Task1-2_Training_Input/ISIC_0013684.jpg,/root/isic_overlap_pilot_self_contained/data/isic2018/raw/task1_masks/ISIC2018_Task1_Training_GroundTruth/ISIC_0013684_segmentation.png,0,,b01eaf98d79890b3,1610,train
ISIC_0013685,/root/derm_pilot_v100/data/isic2018_raw/ISIC2018_Task1-2_Training_Input/ISIC_0013685.jpg,/root/isic_overlap_pilot_self_contained/data/isic2018/raw/task1_masks/ISIC2018_Task1_Training_GroundTruth/ISIC_0013685_segmentation.png,0,,b182528aeb31f23f,1611,train
ISIC_0013688,/root/derm_pilot_v100/data/isic2018_raw/ISIC2018_Task1-2_Training_Input/ISIC_0013688.jpg,/root/isic_overlap_pilot_self_contained/data/isic2018/raw/task1_masks/ISIC2018_Task1_Training_GroundTruth/ISIC_0013688_segmentation.png,0,,f5d5dc4473198c64,1612,train
ISIC_0013689,/root/derm_pilot_v100/data/isic2018_raw/ISIC2018_Task1-2_Training_Input/ISIC_0013689.jpg,/root/isic_overlap_pilot_self_contained/data/isic2018/raw/task1_masks/ISIC2018_Task1_Training_GroundTruth/ISIC_0013689_segmentation.png,0,,8151015557575ddf,112,train
ISIC_0013690,/root/derm_pilot_v100/data/isic2018_raw/ISIC2018_Task1-2_Training_Input/ISIC_0013690.jpg,/root/isic_overlap_pilot_self_contained/data/isic2018/raw/task1_masks/ISIC2018_Task1_Training_GroundTruth/ISIC_0013690_segmentation.png,0,,ec459195256d59da,1613,test
ISIC_0013691,/root/derm_pilot_v100/data/isic2018_raw/ISIC2018_Task1-2_Training_Input/ISIC_0013691.jpg,/root/isic_overlap_pilot_self_contained/data/isic2018/raw/task1_masks/ISIC2018_Task1_Training_GroundTruth/ISIC_0013691_segmentation.png,0,,d50acc2e3e2aeba8,1614,train
ISIC_0013695,/root/derm_pilot_v100/data/isic2018_raw/ISIC2018_Task1-2_Training_Input/ISIC_0013695.jpg,/root/isic_overlap_pilot_self_contained/data/isic2018/raw/task1_masks/ISIC2018_Task1_Training_GroundTruth/ISIC_0013695_segmentation.png,0,,d48b552655995739,1335,train
ISIC_0013696,/root/derm_pilot_v100/data/isic2018_raw/ISIC2018_Task1-2_Training_Input/ISIC_0013696.jpg,/root/isic_overlap_pilot_self_contained/data/isic2018/raw/task1_masks/ISIC2018_Task1_Training_GroundTruth/ISIC_0013696_segmentation.png,1,,d1b355cccc865533,1615,train
ISIC_0013702,/root/derm_pilot_v100/data/isic2018_raw/ISIC2018_Task1-2_Training_Input/ISIC_0013702.jpg,/root/isic_overlap_pilot_self_contained/data/isic2018/raw/task1_masks/ISIC2018_Task1_Training_GroundTruth/ISIC_0013702_segmentation.png,1,,e435994564b75559,1616,train
ISIC_0013708,/root/derm_pilot_v100/data/isic2018_raw/ISIC2018_Task1-2_Training_Input/ISIC_0013708.jpg,/root/isic_overlap_pilot_self_contained/data/isic2018/raw/task1_masks/ISIC2018_Task1_Training_GroundTruth/ISIC_0013708_segmentation.png,0,,a598c0e8f0dfb703,1617,train
ISIC_0013709,/root/derm_pilot_v100/data/isic2018_raw/ISIC2018_Task1-2_Training_Input/ISIC_0013709.jpg,/root/isic_overlap_pilot_self_contained/data/isic2018/raw/task1_masks/ISIC2018_Task1_Training_GroundTruth/ISIC_0013709_segmentation.png,0,,b121ccce4773d18d,1618,train
ISIC_0013712,/root/derm_pilot_v100/data/isic2018_raw/ISIC2018_Task1-2_Training_Input/ISIC_0013712.jpg,/root/isic_overlap_pilot_self_contained/data/isic2018/raw/task1_masks/ISIC2018_Task1_Training_GroundTruth/ISIC_0013712_segmentation.png,0,,b1dc445755cc1771,1619,train
ISIC_0013713,/root/derm_pilot_v100/data/isic2018_raw/ISIC2018_Task1-2_Training_Input/ISIC_0013713.jpg,/root/isic_overlap_pilot_self_contained/data/isic2018/raw/task1_masks/ISIC2018_Task1_Training_GroundTruth/ISIC_0013713_segmentation.png,0,,f785544573d59143,1620,train
ISIC_0013719,/root/derm_pilot_v100/data/isic2018_raw/ISIC2018_Task1-2_Training_Input/ISIC_0013719.jpg,/root/isic_overlap_pilot_self_contained/data/isic2018/raw/task1_masks/ISIC2018_Task1_Training_GroundTruth/ISIC_0013719_segmentation.png,0,,e46b9903660cd93f,1621,train
ISIC_0013721,/root/derm_pilot_v100/data/isic2018_raw/ISIC2018_Task1-2_Training_Input/ISIC_0013721.jpg,/root/isic_overlap_pilot_self_contained/data/isic2018/raw/task1_masks/ISIC2018_Task1_Training_GroundTruth/ISIC_0013721_segmentation.png,0,,f3a817a836279c33,1622,train
ISIC_0013733,/root/derm_pilot_v100/data/isic2018_raw/ISIC2018_Task1-2_Training_Input/ISIC_0013733.jpg,/root/isic_overlap_pilot_self_contained/data/isic2018/raw/task1_masks/ISIC2018_Task1_Training_GroundTruth/ISIC_0013733_segmentation.png,1,,a0ff00bf027e807f,1142,train
ISIC_0013736,/root/derm_pilot_v100/data/isic2018_raw/ISIC2018_Task1-2_Training_Input/ISIC_0013736.jpg,/root/isic_overlap_pilot_self_contained/data/isic2018/raw/task1_masks/ISIC2018_Task1_Training_GroundTruth/ISIC_0013736_segmentation.png,1,,e4db996d04b31479,1623,train
ISIC_0013737,/root/derm_pilot_v100/data/isic2018_raw/ISIC2018_Task1-2_Training_Input/ISIC_0013737.jpg,/root/isic_overlap_pilot_self_contained/data/isic2018/raw/task1_masks/ISIC2018_Task1_Training_GroundTruth/ISIC_0013737_segmentation.png,0,,80ff007601db667f,1624,train
ISIC_0013738,/root/derm_pilot_v100/data/isic2018_raw/ISIC2018_Task1-2_Training_Input/ISIC_0013738.jpg,/root/isic_overlap_pilot_self_contained/data/isic2018/raw/task1_masks/ISIC2018_Task1_Training_GroundTruth/ISIC_0013738_segmentation.png,0,,80df007681ff66d9,1624,train
ISIC_0013739,/root/derm_pilot_v100/data/isic2018_raw/ISIC2018_Task1-2_Training_Input/ISIC_0013739.jpg,/root/isic_overlap_pilot_self_contained/data/isic2018/raw/task1_masks/ISIC2018_Task1_Training_GroundTruth/ISIC_0013739_segmentation.png,1,,f34b8ca4334acbac,1625,test
ISIC_0013740,/root/derm_pilot_v100/data/isic2018_raw/ISIC2018_Task1-2_Training_Input/ISIC_0013740.jpg,/root/isic_overlap_pilot_self_contained/data/isic2018/raw/task1_masks/ISIC2018_Task1_Training_GroundTruth/ISIC_0013740_segmentation.png,1,,d0aadf034afddd00,1626,test
ISIC_0013747,/root/derm_pilot_v100/data/isic2018_raw/ISIC2018_Task1-2_Training_Input/ISIC_0013747.jpg,/root/isic_overlap_pilot_self_contained/data/isic2018/raw/task1_masks/ISIC2018_Task1_Training_GroundTruth/ISIC_0013747_segmentation.png,0,,f788dd265518c4ba,1627,test
ISIC_0013748,/root/derm_pilot_v100/data/isic2018_raw/ISIC2018_Task1-2_Training_Input/ISIC_0013748.jpg,/root/isic_overlap_pilot_self_contained/data/isic2018/raw/task1_masks/ISIC2018_Task1_Training_GroundTruth/ISIC_0013748_segmentation.png,0,,d5a6cd8a5133513b,1628,train
ISIC_0013749,/root/derm_pilot_v100/data/isic2018_raw/ISIC2018_Task1-2_Training_Input/ISIC_0013749.jpg,/root/isic_overlap_pilot_self_contained/data/isic2018/raw/task1_masks/ISIC2018_Task1_Training_GroundTruth/ISIC_0013749_segmentation.png,0,,d1a3d58c51e35666,1629,train
ISIC_0013758,/root/derm_pilot_v100/data/isic2018_raw/ISIC2018_Task1-2_Training_Input/ISIC_0013758.jpg,/root/isic_overlap_pilot_self_contained/data/isic2018/raw/task1_masks/ISIC2018_Task1_Training_GroundTruth/ISIC_0013758_segmentation.png,0,,d406553b556e513b,1630,train
ISIC_0013762,/root/derm_pilot_v100/data/isic2018_raw/ISIC2018_Task1-2_Training_Input/ISIC_0013762.jpg,/root/isic_overlap_pilot_self_contained/data/isic2018/raw/task1_masks/ISIC2018_Task1_Training_GroundTruth/ISIC_0013762_segmentation.png,1,,b5144cf931c7c6e1,1631,train
ISIC_0013765,/root/derm_pilot_v100/data/isic2018_raw/ISIC2018_Task1-2_Training_Input/ISIC_0013765.jpg,/root/isic_overlap_pilot_self_contained/data/isic2018/raw/task1_masks/ISIC2018_Task1_Training_GroundTruth/ISIC_0013765_segmentation.png,0,,a2e78cdc91738798,1632,train
ISIC_0013766,/root/derm_pilot_v100/data/isic2018_raw/ISIC2018_Task1-2_Training_Input/ISIC_0013766.jpg,/root/isic_overlap_pilot_self_contained/data/isic2018/raw/task1_masks/ISIC2018_Task1_Training_GroundTruth/ISIC_0013766_segmentation.png,1,,a2df88f622d9887c,1633,train
ISIC_0013767,/root/derm_pilot_v100/data/isic2018_raw/ISIC2018_Task1-2_Training_Input/ISIC_0013767.jpg,/root/isic_overlap_pilot_self_contained/data/isic2018/raw/task1_masks/ISIC2018_Task1_Training_GroundTruth/ISIC_0013767_segmentation.png,1,,a530c64bc766a4de,1634,val
ISIC_0013772,/root/derm_pilot_v100/data/isic2018_raw/ISIC2018_Task1-2_Training_Input/ISIC_0013772.jpg,/root/isic_overlap_pilot_self_contained/data/isic2018/raw/task1_masks/ISIC2018_Task1_Training_GroundTruth/ISIC_0013772_segmentation.png,0,,cb0f8def3102c5ac,1635,val
ISIC_0013775,/root/derm_pilot_v100/data/isic2018_raw/ISIC2018_Task1-2_Training_Input/ISIC_0013775.jpg,/root/isic_overlap_pilot_self_contained/data/isic2018/raw/task1_masks/ISIC2018_Task1_Training_GroundTruth/ISIC_0013775_segmentation.png,1,,e699d92655995562,1335,train
ISIC_0013777,/root/derm_pilot_v100/data/isic2018_raw/ISIC2018_Task1-2_Training_Input/ISIC_0013777.jpg,/root/isic_overlap_pilot_self_contained/data/isic2018/raw/task1_masks/ISIC2018_Task1_Training_GroundTruth/ISIC_0013777_segmentation.png,1,,9a95404ab56a8f7d,1636,train
ISIC_0013778,/root/derm_pilot_v100/data/isic2018_raw/ISIC2018_Task1-2_Training_Input/ISIC_0013778.jpg,/root/isic_overlap_pilot_self_contained/data/isic2018/raw/task1_masks/ISIC2018_Task1_Training_GroundTruth/ISIC_0013778_segmentation.png,0,,f58e953265cb9524,1637,train
ISIC_0013782,/root/derm_pilot_v100/data/isic2018_raw/ISIC2018_Task1-2_Training_Input/ISIC_0013782.jpg,/root/isic_overlap_pilot_self_contained/data/isic2018/raw/task1_masks/ISIC2018_Task1_Training_GroundTruth/ISIC_0013782_segmentation.png,0,,d04b4d1847773cc7,1638,train
ISIC_0013783,/root/derm_pilot_v100/data/isic2018_raw/ISIC2018_Task1-2_Training_Input/ISIC_0013783.jpg,/root/isic_overlap_pilot_self_contained/data/isic2018/raw/task1_masks/ISIC2018_Task1_Training_GroundTruth/ISIC_0013783_segmentation.png,1,,b1f193666c8cda2c,1639,train
ISIC_0013789,/root/derm_pilot_v100/data/isic2018_raw/ISIC2018_Task1-2_Training_Input/ISIC_0013789.jpg,/root/isic_overlap_pilot_self_contained/data/isic2018/raw/task1_masks/ISIC2018_Task1_Training_GroundTruth/ISIC_0013789_segmentation.png,0,,e67d89686631d925,1640,train
ISIC_0013792,/root/derm_pilot_v100/data/isic2018_raw/ISIC2018_Task1-2_Training_Input/ISIC_0013792.jpg,/root/isic_overlap_pilot_self_contained/data/isic2018/raw/task1_masks/ISIC2018_Task1_Training_GroundTruth/ISIC_0013792_segmentation.png,0,,a11f8c7333cc453b,1641,train
ISIC_0013793,/root/derm_pilot_v100/data/isic2018_raw/ISIC2018_Task1-2_Training_Input/ISIC_0013793.jpg,/root/isic_overlap_pilot_self_contained/data/isic2018/raw/task1_masks/ISIC2018_Task1_Training_GroundTruth/ISIC_0013793_segmentation.png,0,,b3c6cc1163ce9333,1642,train
ISIC_0013794,/root/derm_pilot_v100/data/isic2018_raw/ISIC2018_Task1-2_Training_Input/ISIC_0013794.jpg,/root/isic_overlap_pilot_self_contained/data/isic2018/raw/task1_masks/ISIC2018_Task1_Training_GroundTruth/ISIC_0013794_segmentation.png,0,,e66ad98966269999,135,val
ISIC_0013795,/root/derm_pilot_v100/data/isic2018_raw/ISIC2018_Task1-2_Training_Input/ISIC_0013795.jpg,/root/isic_overlap_pilot_self_contained/data/isic2018/raw/task1_masks/ISIC2018_Task1_Training_GroundTruth/ISIC_0013795_segmentation.png,0,,d16a58c62676cd39,1643,train
ISIC_0013796,/root/derm_pilot_v100/data/isic2018_raw/ISIC2018_Task1-2_Training_Input/ISIC_0013796.jpg,/root/isic_overlap_pilot_self_contained/data/isic2018/raw/task1_masks/ISIC2018_Task1_Training_GroundTruth/ISIC_0013796_segmentation.png,0,,910a9dcb662ed9ac,1644,val
ISIC_0013797,/root/derm_pilot_v100/data/isic2018_raw/ISIC2018_Task1-2_Training_Input/ISIC_0013797.jpg,/root/isic_overlap_pilot_self_contained/data/isic2018/raw/task1_masks/ISIC2018_Task1_Training_GroundTruth/ISIC_0013797_segmentation.png,0,,b3338cdb31388477,1645,train
ISIC_0013798,/root/derm_pilot_v100/data/isic2018_raw/ISIC2018_Task1-2_Training_Input/ISIC_0013798.jpg,/root/isic_overlap_pilot_self_contained/data/isic2018/raw/task1_masks/ISIC2018_Task1_Training_GroundTruth/ISIC_0013798_segmentation.png,0,,e0ee11b3463d817e,1646,train
ISIC_0013799,/root/derm_pilot_v100/data/isic2018_raw/ISIC2018_Task1-2_Training_Input/ISIC_0013799.jpg,/root/isic_overlap_pilot_self_contained/data/isic2018/raw/task1_masks/ISIC2018_Task1_Training_GroundTruth/ISIC_0013799_segmentation.png,0,,e24b99b43693992d,1647,train
ISIC_0013800,/root/derm_pilot_v100/data/isic2018_raw/ISIC2018_Task1-2_Training_Input/ISIC_0013800.jpg,/root/isic_overlap_pilot_self_contained/data/isic2018/raw/task1_masks/ISIC2018_Task1_Training_GroundTruth/ISIC_0013800_segmentation.png,0,,f7ff88a87240dca0,1648,train
ISIC_0013801,/root/derm_pilot_v100/data/isic2018_raw/ISIC2018_Task1-2_Training_Input/ISIC_0013801.jpg,/root/isic_overlap_pilot_self_contained/data/isic2018/raw/task1_masks/ISIC2018_Task1_Training_GroundTruth/ISIC_0013801_segmentation.png,0,,f4ee88ba20ef01ae,1649,train
ISIC_0013802,/root/derm_pilot_v100/data/isic2018_raw/ISIC2018_Task1-2_Training_Input/ISIC_0013802.jpg,/root/isic_overlap_pilot_self_contained/data/isic2018/raw/task1_masks/ISIC2018_Task1_Training_GroundTruth/ISIC_0013802_segmentation.png,0,,f5aed13b062e08e6,1650,train
ISIC_0013803,/root/derm_pilot_v100/data/isic2018_raw/ISIC2018_Task1-2_Training_Input/ISIC_0013803.jpg,/root/isic_overlap_pilot_self_contained/data/isic2018/raw/task1_masks/ISIC2018_Task1_Training_GroundTruth/ISIC_0013803_segmentation.png,0,,a7038d07672e9d39,1651,val
ISIC_0013804,/root/derm_pilot_v100/data/isic2018_raw/ISIC2018_Task1-2_Training_Input/ISIC_0013804.jpg,/root/isic_overlap_pilot_self_contained/data/isic2018/raw/task1_masks/ISIC2018_Task1_Training_GroundTruth/ISIC_0013804_segmentation.png,0,,80fe8901f707dd2b,1652,train
ISIC_0013805,/root/derm_pilot_v100/data/isic2018_raw/ISIC2018_Task1-2_Training_Input/ISIC_0013805.jpg,/root/isic_overlap_pilot_self_contained/data/isic2018/raw/task1_masks/ISIC2018_Task1_Training_GroundTruth/ISIC_0013805_segmentation.png,0,,e3b6499463b6cc49,1653,val
ISIC_0013806,/root/derm_pilot_v100/data/isic2018_raw/ISIC2018_Task1-2_Training_Input/ISIC_0013806.jpg,/root/isic_overlap_pilot_self_contained/data/isic2018/raw/task1_masks/ISIC2018_Task1_Training_GroundTruth/ISIC_0013806_segmentation.png,0,,f64b49cc7362cc19,1654,train
ISIC_0013807,/root/derm_pilot_v100/data/isic2018_raw/ISIC2018_Task1-2_Training_Input/ISIC_0013807.jpg,/root/isic_overlap_pilot_self_contained/data/isic2018/raw/task1_masks/ISIC2018_Task1_Training_GroundTruth/ISIC_0013807_segmentation.png,0,,be1e19e1e2e6981c,1655,val
ISIC_0013808,/root/derm_pilot_v100/data/isic2018_raw/ISIC2018_Task1-2_Training_Input/ISIC_0013808.jpg,/root/isic_overlap_pilot_self_contained/data/isic2018/raw/task1_masks/ISIC2018_Task1_Training_GroundTruth/ISIC_0013808_segmentation.png,0,,f4551155545559cf,1656,train
ISIC_0013809,/root/derm_pilot_v100/data/isic2018_raw/ISIC2018_Task1-2_Training_Input/ISIC_0013809.jpg,/root/isic_overlap_pilot_self_contained/data/isic2018/raw/task1_masks/ISIC2018_Task1_Training_GroundTruth/ISIC_0013809_segmentation.png,0,,f4cb59645551465d,1657,train
ISIC_0013813,/root/derm_pilot_v100/data/isic2018_raw/ISIC2018_Task1-2_Training_Input/ISIC_0013813.jpg,/root/isic_overlap_pilot_self_contained/data/isic2018/raw/task1_masks/ISIC2018_Task1_Training_GroundTruth/ISIC_0013813_segmentation.png,1,,f4dd10e2459d9355,1658,test
ISIC_0013815,/root/derm_pilot_v100/data/isic2018_raw/ISIC2018_Task1-2_Training_Input/ISIC_0013815.jpg,/root/isic_overlap_pilot_self_contained/data/isic2018/raw/task1_masks/ISIC2018_Task1_Training_GroundTruth/ISIC_0013815_segmentation.png,1,,d45a0cada5a7cc5c,1659,test
ISIC_0013816,/root/derm_pilot_v100/data/isic2018_raw/ISIC2018_Task1-2_Training_Input/ISIC_0013816.jpg,/root/isic_overlap_pilot_self_contained/data/isic2018/raw/task1_masks/ISIC2018_Task1_Training_GroundTruth/ISIC_0013816_segmentation.png,0,,d005459f3dd75174,1660,test
ISIC_0013817,/root/derm_pilot_v100/data/isic2018_raw/ISIC2018_Task1-2_Training_Input/ISIC_0013817.jpg,/root/isic_overlap_pilot_self_contained/data/isic2018/raw/task1_masks/ISIC2018_Task1_Training_GroundTruth/ISIC_0013817_segmentation.png,0,,b38ccc3351cf94cc,1661,train
ISIC_0013819,/root/derm_pilot_v100/data/isic2018_raw/ISIC2018_Task1-2_Training_Input/ISIC_0013819.jpg,/root/isic_overlap_pilot_self_contained/data/isic2018/raw/task1_masks/ISIC2018_Task1_Training_GroundTruth/ISIC_0013819_segmentation.png,0,,b56d4ca22e8c3379,1662,train
ISIC_0013828,/root/derm_pilot_v100/data/isic2018_raw/ISIC2018_Task1-2_Training_Input/ISIC_0013828.jpg,/root/isic_overlap_pilot_self_contained/data/isic2018/raw/task1_masks/ISIC2018_Task1_Training_GroundTruth/ISIC_0013828_segmentation.png,1,,e52fd4801ec27799,1663,train
ISIC_0013830,/root/derm_pilot_v100/data/isic2018_raw/ISIC2018_Task1-2_Training_Input/ISIC_0013830.jpg,/root/isic_overlap_pilot_self_contained/data/isic2018/raw/task1_masks/ISIC2018_Task1_Training_GroundTruth/ISIC_0013830_segmentation.png,0,,a68298c336cd9977,1664,train
ISIC_0013831,/root/derm_pilot_v100/data/isic2018_raw/ISIC2018_Task1-2_Training_Input/ISIC_0013831.jpg,/root/isic_overlap_pilot_self_contained/data/isic2018/raw/task1_masks/ISIC2018_Task1_Training_GroundTruth/ISIC_0013831_segmentation.png,1,,e6999866998d6699,1665,test
ISIC_0013832,/root/derm_pilot_v100/data/isic2018_raw/ISIC2018_Task1-2_Training_Input/ISIC_0013832.jpg,/root/isic_overlap_pilot_self_contained/data/isic2018/raw/task1_masks/ISIC2018_Task1_Training_GroundTruth/ISIC_0013832_segmentation.png,1,,f02ad78f512255ae,1666,train
ISIC_0013833,/root/derm_pilot_v100/data/isic2018_raw/ISIC2018_Task1-2_Training_Input/ISIC_0013833.jpg,/root/isic_overlap_pilot_self_contained/data/isic2018/raw/task1_masks/ISIC2018_Task1_Training_GroundTruth/ISIC_0013833_segmentation.png,1,,adb8d00fd161cdb2,1667,train
ISIC_0013835,/root/derm_pilot_v100/data/isic2018_raw/ISIC2018_Task1-2_Training_Input/ISIC_0013835.jpg,/root/isic_overlap_pilot_self_contained/data/isic2018/raw/task1_masks/ISIC2018_Task1_Training_GroundTruth/ISIC_0013835_segmentation.png,0,,a56c601f93d0971f,1668,train
ISIC_0013836,/root/derm_pilot_v100/data/isic2018_raw/ISIC2018_Task1-2_Training_Input/ISIC_0013836.jpg,/root/isic_overlap_pilot_self_contained/data/isic2018/raw/task1_masks/ISIC2018_Task1_Training_GroundTruth/ISIC_0013836_segmentation.png,0,,d50b558d553355cc,1217,train
ISIC_0013837,/root/derm_pilot_v100/data/isic2018_raw/ISIC2018_Task1-2_Training_Input/ISIC_0013837.jpg,/root/isic_overlap_pilot_self_contained/data/isic2018/raw/task1_masks/ISIC2018_Task1_Training_GroundTruth/ISIC_0013837_segmentation.png,0,,c66289cb26239fcd,1669,train
ISIC_0013839,/root/derm_pilot_v100/data/isic2018_raw/ISIC2018_Task1-2_Training_Input/ISIC_0013839.jpg,/root/isic_overlap_pilot_self_contained/data/isic2018/raw/task1_masks/ISIC2018_Task1_Training_GroundTruth/ISIC_0013839_segmentation.png,1,,e0dd9566b2895b26,1670,val
ISIC_0013840,/root/derm_pilot_v100/data/isic2018_raw/ISIC2018_Task1-2_Training_Input/ISIC_0013840.jpg,/root/isic_overlap_pilot_self_contained/data/isic2018/raw/task1_masks/ISIC2018_Task1_Training_GroundTruth/ISIC_0013840_segmentation.png,1,,b429c0e0d58c5bfe,1671,train
ISIC_0013842,/root/derm_pilot_v100/data/isic2018_raw/ISIC2018_Task1-2_Training_Input/ISIC_0013842.jpg,/root/isic_overlap_pilot_self_contained/data/isic2018/raw/task1_masks/ISIC2018_Task1_Training_GroundTruth/ISIC_0013842_segmentation.png,1,,d52655d95566558c,1672,train
ISIC_0013843,/root/derm_pilot_v100/data/isic2018_raw/ISIC2018_Task1-2_Training_Input/ISIC_0013843.jpg,/root/isic_overlap_pilot_self_contained/data/isic2018/raw/task1_masks/ISIC2018_Task1_Training_GroundTruth/ISIC_0013843_segmentation.png,0,,f52a552257c6dd0c,1673,val
ISIC_0013844,/root/derm_pilot_v100/data/isic2018_raw/ISIC2018_Task1-2_Training_Input/ISIC_0013844.jpg,/root/isic_overlap_pilot_self_contained/data/isic2018/raw/task1_masks/ISIC2018_Task1_Training_GroundTruth/ISIC_0013844_segmentation.png,1,,b6058977624c997b,1674,train
ISIC_0013861,/root/derm_pilot_v100/data/isic2018_raw/ISIC2018_Task1-2_Training_Input/ISIC_0013861.jpg,/root/isic_overlap_pilot_self_contained/data/isic2018/raw/task1_masks/ISIC2018_Task1_Training_GroundTruth/ISIC_0013861_segmentation.png,1,,b388cde74437115d,1675,test
ISIC_0013862,/root/derm_pilot_v100/data/isic2018_raw/ISIC2018_Task1-2_Training_Input/ISIC_0013862.jpg,/root/isic_overlap_pilot_self_contained/data/isic2018/raw/task1_masks/ISIC2018_Task1_Training_GroundTruth/ISIC_0013862_segmentation.png,0,,a586c7035917c779,1676,train
ISIC_0013863,/root/derm_pilot_v100/data/isic2018_raw/ISIC2018_Task1-2_Training_Input/ISIC_0013863.jpg,/root/isic_overlap_pilot_self_contained/data/isic2018/raw/task1_masks/ISIC2018_Task1_Training_GroundTruth/ISIC_0013863_segmentation.png,0,,d4b548db856b078d,1677,train
ISIC_0013865,/root/derm_pilot_v100/data/isic2018_raw/ISIC2018_Task1-2_Training_Input/ISIC_0013865.jpg,/root/isic_overlap_pilot_self_contained/data/isic2018/raw/task1_masks/ISIC2018_Task1_Training_GroundTruth/ISIC_0013865_segmentation.png,1,,e589d927559a6519,1678,train
ISIC_0013867,/root/derm_pilot_v100/data/isic2018_raw/ISIC2018_Task1-2_Training_Input/ISIC_0013867.jpg,/root/isic_overlap_pilot_self_contained/data/isic2018/raw/task1_masks/ISIC2018_Task1_Training_GroundTruth/ISIC_0013867_segmentation.png,1,,a65e91e6c4dd111d,1679,test
ISIC_0013874,/root/derm_pilot_v100/data/isic2018_raw/ISIC2018_Task1-2_Training_Input/ISIC_0013874.jpg,/root/isic_overlap_pilot_self_contained/data/isic2018/raw/task1_masks/ISIC2018_Task1_Training_GroundTruth/ISIC_0013874_segmentation.png,1,,b5c5c13e5d515561,1680,val
ISIC_0013879,/root/derm_pilot_v100/data/isic2018_raw/ISIC2018_Task1-2_Training_Input/ISIC_0013879.jpg,/root/isic_overlap_pilot_self_contained/data/isic2018/raw/task1_masks/ISIC2018_Task1_Training_GroundTruth/ISIC_0013879_segmentation.png,0,,b18704d953dd5473,1681,train
ISIC_0013886,/root/derm_pilot_v100/data/isic2018_raw/ISIC2018_Task1-2_Training_Input/ISIC_0013886.jpg,/root/isic_overlap_pilot_self_contained/data/isic2018/raw/task1_masks/ISIC2018_Task1_Training_GroundTruth/ISIC_0013886_segmentation.png,0,,b0dbcd2e5698cd22,1682,train
ISIC_0013888,/root/derm_pilot_v100/data/isic2018_raw/ISIC2018_Task1-2_Training_Input/ISIC_0013888.jpg,/root/isic_overlap_pilot_self_contained/data/isic2018/raw/task1_masks/ISIC2018_Task1_Training_GroundTruth/ISIC_0013888_segmentation.png,0,,e949949455565d9d,1683,train
ISIC_0013891,/root/derm_pilot_v100/data/isic2018_raw/ISIC2018_Task1-2_Training_Input/ISIC_0013891.jpg,/root/isic_overlap_pilot_self_contained/data/isic2018/raw/task1_masks/ISIC2018_Task1_Training_GroundTruth/ISIC_0013891_segmentation.png,0,,d52a888f57c8d077,1684,train
ISIC_0013896,/root/derm_pilot_v100/data/isic2018_raw/ISIC2018_Task1-2_Training_Input/ISIC_0013896.jpg,/root/isic_overlap_pilot_self_contained/data/isic2018/raw/task1_masks/ISIC2018_Task1_Training_GroundTruth/ISIC_0013896_segmentation.png,0,,f589dc6311ce14e3,1685,train
ISIC_0013897,/root/derm_pilot_v100/data/isic2018_raw/ISIC2018_Task1-2_Training_Input/ISIC_0013897.jpg,/root/isic_overlap_pilot_self_contained/data/isic2018/raw/task1_masks/ISIC2018_Task1_Training_GroundTruth/ISIC_0013897_segmentation.png,0,,95831ca31ce335eb,1686,train
ISIC_0013898,/root/derm_pilot_v100/data/isic2018_raw/ISIC2018_Task1-2_Training_Input/ISIC_0013898.jpg,/root/isic_overlap_pilot_self_contained/data/isic2018/raw/task1_masks/ISIC2018_Task1_Training_GroundTruth/ISIC_0013898_segmentation.png,0,,e7889922cc9977ac,1687,train
ISIC_0013908,/root/derm_pilot_v100/data/isic2018_raw/ISIC2018_Task1-2_Training_Input/ISIC_0013908.jpg,/root/isic_overlap_pilot_self_contained/data/isic2018/raw/task1_masks/ISIC2018_Task1_Training_GroundTruth/ISIC_0013908_segmentation.png,1,,a4838a9cf374cdca,1688,train
ISIC_0013910,/root/derm_pilot_v100/data/isic2018_raw/ISIC2018_Task1-2_Training_Input/ISIC_0013910.jpg,/root/isic_overlap_pilot_self_contained/data/isic2018/raw/task1_masks/ISIC2018_Task1_Training_GroundTruth/ISIC_0013910_segmentation.png,0,,f933b2074b46e686,1689,train
ISIC_0013911,/root/derm_pilot_v100/data/isic2018_raw/ISIC2018_Task1-2_Training_Input/ISIC_0013911.jpg,/root/isic_overlap_pilot_self_contained/data/isic2018/raw/task1_masks/ISIC2018_Task1_Training_GroundTruth/ISIC_0013911_segmentation.png,0,,bc92c14996e518ef,1690,train
ISIC_0013917,/root/derm_pilot_v100/data/isic2018_raw/ISIC2018_Task1-2_Training_Input/ISIC_0013917.jpg,/root/isic_overlap_pilot_self_contained/data/isic2018/raw/task1_masks/ISIC2018_Task1_Training_GroundTruth/ISIC_0013917_segmentation.png,1,,b288cc27b38cdee1,1691,val
ISIC_0013918,/root/derm_pilot_v100/data/isic2018_raw/ISIC2018_Task1-2_Training_Input/ISIC_0013918.jpg,/root/isic_overlap_pilot_self_contained/data/isic2018/raw/task1_masks/ISIC2018_Task1_Training_GroundTruth/ISIC_0013918_segmentation.png,0,,b4ce09cf6266398e,1692,test
ISIC_0013921,/root/derm_pilot_v100/data/isic2018_raw/ISIC2018_Task1-2_Training_Input/ISIC_0013921.jpg,/root/isic_overlap_pilot_self_contained/data/isic2018/raw/task1_masks/ISIC2018_Task1_Training_GroundTruth/ISIC_0013921_segmentation.png,0,,d493d54976b95944,1693,train
ISIC_0013922,/root/derm_pilot_v100/data/isic2018_raw/ISIC2018_Task1-2_Training_Input/ISIC_0013922.jpg,/root/isic_overlap_pilot_self_contained/data/isic2018/raw/task1_masks/ISIC2018_Task1_Training_GroundTruth/ISIC_0013922_segmentation.png,0,,a2ff889c22339dd8,1694,test
ISIC_0013925,/root/derm_pilot_v100/data/isic2018_raw/ISIC2018_Task1-2_Training_Input/ISIC_0013925.jpg,/root/isic_overlap_pilot_self_contained/data/isic2018/raw/task1_masks/ISIC2018_Task1_Training_GroundTruth/ISIC_0013925_segmentation.png,1,,f629896ce276e611,1695,test
ISIC_0013929,/root/derm_pilot_v100/data/isic2018_raw/ISIC2018_Task1-2_Training_Input/ISIC_0013929.jpg,/root/isic_overlap_pilot_self_contained/data/isic2018/raw/task1_masks/ISIC2018_Task1_Training_GroundTruth/ISIC_0013929_segmentation.png,0,,a71731e661c89ccd,1696,val
ISIC_0013935,/root/derm_pilot_v100/data/isic2018_raw/ISIC2018_Task1-2_Training_Input/ISIC_0013935.jpg,/root/isic_overlap_pilot_self_contained/data/isic2018/raw/task1_masks/ISIC2018_Task1_Training_GroundTruth/ISIC_0013935_segmentation.png,0,,b580551755cd5573,1502,train
ISIC_0013936,/root/derm_pilot_v100/data/isic2018_raw/ISIC2018_Task1-2_Training_Input/ISIC_0013936.jpg,/root/isic_overlap_pilot_self_contained/data/isic2018/raw/task1_masks/ISIC2018_Task1_Training_GroundTruth/ISIC_0013936_segmentation.png,1,,8622dd882666dbdd,135,val
ISIC_0013942,/root/derm_pilot_v100/data/isic2018_raw/ISIC2018_Task1-2_Training_Input/ISIC_0013942.jpg,/root/isic_overlap_pilot_self_contained/data/isic2018/raw/task1_masks/ISIC2018_Task1_Training_GroundTruth/ISIC_0013942_segmentation.png,0,,e14c4c36379c9537,1697,train
ISIC_0013946,/root/derm_pilot_v100/data/isic2018_raw/ISIC2018_Task1-2_Training_Input/ISIC_0013946.jpg,/root/isic_overlap_pilot_self_contained/data/isic2018/raw/task1_masks/ISIC2018_Task1_Training_GroundTruth/ISIC_0013946_segmentation.png,0,,af0b184d457d50dd,1698,val
ISIC_0013948,/root/derm_pilot_v100/data/isic2018_raw/ISIC2018_Task1-2_Training_Input/ISIC_0013948.jpg,/root/isic_overlap_pilot_self_contained/data/isic2018/raw/task1_masks/ISIC2018_Task1_Training_GroundTruth/ISIC_0013948_segmentation.png,1,,c1529d6a67999ca3,1699,train
ISIC_0013953,/root/derm_pilot_v100/data/isic2018_raw/ISIC2018_Task1-2_Training_Input/ISIC_0013953.jpg,/root/isic_overlap_pilot_self_contained/data/isic2018/raw/task1_masks/ISIC2018_Task1_Training_GroundTruth/ISIC_0013953_segmentation.png,1,,a0bb80fe02fc877a,1700,val
ISIC_0013958,/root/derm_pilot_v100/data/isic2018_raw/ISIC2018_Task1-2_Training_Input/ISIC_0013958.jpg,/root/isic_overlap_pilot_self_contained/data/isic2018/raw/task1_masks/ISIC2018_Task1_Training_GroundTruth/ISIC_0013958_segmentation.png,0,,e12d8537861ec63b,1701,train
ISIC_0013961,/root/derm_pilot_v100/data/isic2018_raw/ISIC2018_Task1-2_Training_Input/ISIC_0013961.jpg,/root/isic_overlap_pilot_self_contained/data/isic2018/raw/task1_masks/ISIC2018_Task1_Training_GroundTruth/ISIC_0013961_segmentation.png,0,,a0dc03518c73dd77,1702,train
ISIC_0013962,/root/derm_pilot_v100/data/isic2018_raw/ISIC2018_Task1-2_Training_Input/ISIC_0013962.jpg,/root/isic_overlap_pilot_self_contained/data/isic2018/raw/task1_masks/ISIC2018_Task1_Training_GroundTruth/ISIC_0013962_segmentation.png,0,,b1cc31c531c7cc73,1703,test
ISIC_0013966,/root/derm_pilot_v100/data/isic2018_raw/ISIC2018_Task1-2_Training_Input/ISIC_0013966.jpg,/root/isic_overlap_pilot_self_contained/data/isic2018/raw/task1_masks/ISIC2018_Task1_Training_GroundTruth/ISIC_0013966_segmentation.png,0,,a3bc87e80f920ef8,1704,train
ISIC_0013967,/root/derm_pilot_v100/data/isic2018_raw/ISIC2018_Task1-2_Training_Input/ISIC_0013967.jpg,/root/isic_overlap_pilot_self_contained/data/isic2018/raw/task1_masks/ISIC2018_Task1_Training_GroundTruth/ISIC_0013967_segmentation.png,0,,e640998d266e9a5f,1705,test
ISIC_0013969,/root/derm_pilot_v100/data/isic2018_raw/ISIC2018_Task1-2_Training_Input/ISIC_0013969.jpg,/root/isic_overlap_pilot_self_contained/data/isic2018/raw/task1_masks/ISIC2018_Task1_Training_GroundTruth/ISIC_0013969_segmentation.png,1,,80fb087701fc05ff,1706,train
ISIC_0013970,/root/derm_pilot_v100/data/isic2018_raw/ISIC2018_Task1-2_Training_Input/ISIC_0013970.jpg,/root/isic_overlap_pilot_self_contained/data/isic2018/raw/task1_masks/ISIC2018_Task1_Training_GroundTruth/ISIC_0013970_segmentation.png,0,,955554da5533c45e,1707,train
ISIC_0013972,/root/derm_pilot_v100/data/isic2018_raw/ISIC2018_Task1-2_Training_Input/ISIC_0013972.jpg,/root/isic_overlap_pilot_self_contained/data/isic2018/raw/task1_masks/ISIC2018_Task1_Training_GroundTruth/ISIC_0013972_segmentation.png,1,,d18c4d72c6f15b8c,1708,val
ISIC_0013975,/root/derm_pilot_v100/data/isic2018_raw/ISIC2018_Task1-2_Training_Input/ISIC_0013975.jpg,/root/isic_overlap_pilot_self_contained/data/isic2018/raw/task1_masks/ISIC2018_Task1_Training_GroundTruth/ISIC_0013975_segmentation.png,1,,85089f657f899e64,1709,train
ISIC_0013977,/root/derm_pilot_v100/data/isic2018_raw/ISIC2018_Task1-2_Training_Input/ISIC_0013977.jpg,/root/isic_overlap_pilot_self_contained/data/isic2018/raw/task1_masks/ISIC2018_Task1_Training_GroundTruth/ISIC_0013977_segmentation.png,0,,80a611ff41b9c6bb,1710,train
ISIC_0013980,/root/derm_pilot_v100/data/isic2018_raw/ISIC2018_Task1-2_Training_Input/ISIC_0013980.jpg,/root/isic_overlap_pilot_self_contained/data/isic2018/raw/task1_masks/ISIC2018_Task1_Training_GroundTruth/ISIC_0013980_segmentation.png,0,,f080c409d57f167f,1711,train
ISIC_0013981,/root/derm_pilot_v100/data/isic2018_raw/ISIC2018_Task1-2_Training_Input/ISIC_0013981.jpg,/root/isic_overlap_pilot_self_contained/data/isic2018/raw/task1_masks/ISIC2018_Task1_Training_GroundTruth/ISIC_0013981_segmentation.png,0,,bb82854fccf130cd,1712,test
ISIC_0013982,/root/derm_pilot_v100/data/isic2018_raw/ISIC2018_Task1-2_Training_Input/ISIC_0013982.jpg,/root/isic_overlap_pilot_self_contained/data/isic2018/raw/task1_masks/ISIC2018_Task1_Training_GroundTruth/ISIC_0013982_segmentation.png,0,,f210a5875b482fe7,1713,train
ISIC_0013983,/root/derm_pilot_v100/data/isic2018_raw/ISIC2018_Task1-2_Training_Input/ISIC_0013983.jpg,/root/isic_overlap_pilot_self_contained/data/isic2018/raw/task1_masks/ISIC2018_Task1_Training_GroundTruth/ISIC_0013983_segmentation.png,0,,b7a0998b372b9931,1714,train
ISIC_0013984,/root/derm_pilot_v100/data/isic2018_raw/ISIC2018_Task1-2_Training_Input/ISIC_0013984.jpg,/root/isic_overlap_pilot_self_contained/data/isic2018/raw/task1_masks/ISIC2018_Task1_Training_GroundTruth/ISIC_0013984_segmentation.png,1,,b222dc8ccf89c937,1715,train
ISIC_0013986,/root/derm_pilot_v100/data/isic2018_raw/ISIC2018_Task1-2_Training_Input/ISIC_0013986.jpg,/root/isic_overlap_pilot_self_contained/data/isic2018/raw/task1_masks/ISIC2018_Task1_Training_GroundTruth/ISIC_0013986_segmentation.png,1,,b6c2594e938d2e1d,1716,test
ISIC_0013987,/root/derm_pilot_v100/data/isic2018_raw/ISIC2018_Task1-2_Training_Input/ISIC_0013987.jpg,/root/isic_overlap_pilot_self_contained/data/isic2018/raw/task1_masks/ISIC2018_Task1_Training_GroundTruth/ISIC_0013987_segmentation.png,1,,b3c8cc0b720a56df,1717,val
ISIC_0013988,/root/derm_pilot_v100/data/isic2018_raw/ISIC2018_Task1-2_Training_Input/ISIC_0013988.jpg,/root/isic_overlap_pilot_self_contained/data/isic2018/raw/task1_masks/ISIC2018_Task1_Training_GroundTruth/ISIC_0013988_segmentation.png,1,,b10dc71603739e67,1718,test
ISIC_0013995,/root/derm_pilot_v100/data/isic2018_raw/ISIC2018_Task1-2_Training_Input/ISIC_0013995.jpg,/root/isic_overlap_pilot_self_contained/data/isic2018/raw/task1_masks/ISIC2018_Task1_Training_GroundTruth/ISIC_0013995_segmentation.png,1,,a707094b66f0d8fc,1719,test
ISIC_0013996,/root/derm_pilot_v100/data/isic2018_raw/ISIC2018_Task1-2_Training_Input/ISIC_0013996.jpg,/root/isic_overlap_pilot_self_contained/data/isic2018/raw/task1_masks/ISIC2018_Task1_Training_GroundTruth/ISIC_0013996_segmentation.png,0,,958f471c30ef153a,1720,train
ISIC_0013997,/root/derm_pilot_v100/data/isic2018_raw/ISIC2018_Task1-2_Training_Input/ISIC_0013997.jpg,/root/isic_overlap_pilot_self_contained/data/isic2018/raw/task1_masks/ISIC2018_Task1_Training_GroundTruth/ISIC_0013997_segmentation.png,1,,d3b30cce5676111b,1721,train
ISIC_0013998,/root/derm_pilot_v100/data/isic2018_raw/ISIC2018_Task1-2_Training_Input/ISIC_0013998.jpg,/root/isic_overlap_pilot_self_contained/data/isic2018/raw/task1_masks/ISIC2018_Task1_Training_GroundTruth/ISIC_0013998_segmentation.png,0,,a526939a4c6dd53a,1722,train
ISIC_0014001,/root/derm_pilot_v100/data/isic2018_raw/ISIC2018_Task1-2_Training_Input/ISIC_0014001.jpg,/root/isic_overlap_pilot_self_contained/data/isic2018/raw/task1_masks/ISIC2018_Task1_Training_GroundTruth/ISIC_0014001_segmentation.png,0,,b92ac5ce353a55a2,1723,train
ISIC_0014013,/root/derm_pilot_v100/data/isic2018_raw/ISIC2018_Task1-2_Training_Input/ISIC_0014013.jpg,/root/isic_overlap_pilot_self_contained/data/isic2018/raw/task1_masks/ISIC2018_Task1_Training_GroundTruth/ISIC_0014013_segmentation.png,1,,f625d89d45451772,1724,train
ISIC_0014026,/root/derm_pilot_v100/data/isic2018_raw/ISIC2018_Task1-2_Training_Input/ISIC_0014026.jpg,/root/isic_overlap_pilot_self_contained/data/isic2018/raw/task1_masks/ISIC2018_Task1_Training_GroundTruth/ISIC_0014026_segmentation.png,0,,f3858c3333ccd433,9,train
ISIC_0014027,/root/derm_pilot_v100/data/isic2018_raw/ISIC2018_Task1-2_Training_Input/ISIC_0014027.jpg,/root/isic_overlap_pilot_self_contained/data/isic2018/raw/task1_masks/ISIC2018_Task1_Training_GroundTruth/ISIC_0014027_segmentation.png,1,,c3ca0de21f4b1f19,1725,train
ISIC_0014028,/root/derm_pilot_v100/data/isic2018_raw/ISIC2018_Task1-2_Training_Input/ISIC_0014028.jpg,/root/isic_overlap_pilot_self_contained/data/isic2018/raw/task1_masks/ISIC2018_Task1_Training_GroundTruth/ISIC_0014028_segmentation.png,0,,a73ad9816786cd8a,1726,train
ISIC_0014029,/root/derm_pilot_v100/data/isic2018_raw/ISIC2018_Task1-2_Training_Input/ISIC_0014029.jpg,/root/isic_overlap_pilot_self_contained/data/isic2018/raw/task1_masks/ISIC2018_Task1_Training_GroundTruth/ISIC_0014029_segmentation.png,0,,a60699d936669cd9,135,val
ISIC_0014032,/root/derm_pilot_v100/data/isic2018_raw/ISIC2018_Task1-2_Training_Input/ISIC_0014032.jpg,/root/isic_overlap_pilot_self_contained/data/isic2018/raw/task1_masks/ISIC2018_Task1_Training_GroundTruth/ISIC_0014032_segmentation.png,0,,f57313b365619251,1727,train
ISIC_0014037,/root/derm_pilot_v100/data/isic2018_raw/ISIC2018_Task1-2_Training_Input/ISIC_0014037.jpg,/root/isic_overlap_pilot_self_contained/data/isic2018/raw/task1_masks/ISIC2018_Task1_Training_GroundTruth/ISIC_0014037_segmentation.png,1,,87c36a8d899699ec,1728,train
ISIC_0014044,/root/derm_pilot_v100/data/isic2018_raw/ISIC2018_Task1-2_Training_Input/ISIC_0014044.jpg,/root/isic_overlap_pilot_self_contained/data/isic2018/raw/task1_masks/ISIC2018_Task1_Training_GroundTruth/ISIC_0014044_segmentation.png,1,,f2d59cd8955c4632,1729,test
ISIC_0014046,/root/derm_pilot_v100/data/isic2018_raw/ISIC2018_Task1-2_Training_Input/ISIC_0014046.jpg,/root/isic_overlap_pilot_self_contained/data/isic2018/raw/task1_masks/ISIC2018_Task1_Training_GroundTruth/ISIC_0014046_segmentation.png,0,,d5aa55aa45bac136,1730,train
ISIC_0014049,/root/derm_pilot_v100/data/isic2018_raw/ISIC2018_Task1-2_Training_Input/ISIC_0014049.jpg,/root/isic_overlap_pilot_self_contained/data/isic2018/raw/task1_masks/ISIC2018_Task1_Training_GroundTruth/ISIC_0014049_segmentation.png,1,,f113cccc3331ccce,1,test
ISIC_0014059,/root/derm_pilot_v100/data/isic2018_raw/ISIC2018_Task1-2_Training_Input/ISIC_0014059.jpg,/root/isic_overlap_pilot_self_contained/data/isic2018/raw/task1_masks/ISIC2018_Task1_Training_GroundTruth/ISIC_0014059_segmentation.png,1,,d589dd2655887726,1731,train
ISIC_0014062,/root/derm_pilot_v100/data/isic2018_raw/ISIC2018_Task1-2_Training_Input/ISIC_0014062.jpg,/root/isic_overlap_pilot_self_contained/data/isic2018/raw/task1_masks/ISIC2018_Task1_Training_GroundTruth/ISIC_0014062_segmentation.png,1,,d1da5c33478ed522,1732,test
ISIC_0014066,/root/derm_pilot_v100/data/isic2018_raw/ISIC2018_Task1-2_Training_Input/ISIC_0014066.jpg,/root/isic_overlap_pilot_self_contained/data/isic2018/raw/task1_masks/ISIC2018_Task1_Training_GroundTruth/ISIC_0014066_segmentation.png,0,,d5d5556555dc5510,458,train
ISIC_0014069,/root/derm_pilot_v100/data/isic2018_raw/ISIC2018_Task1-2_Training_Input/ISIC_0014069.jpg,/root/isic_overlap_pilot_self_contained/data/isic2018/raw/task1_masks/ISIC2018_Task1_Training_GroundTruth/ISIC_0014069_segmentation.png,0,,84015575555f553f,1733,train
ISIC_0014072,/root/derm_pilot_v100/data/isic2018_raw/ISIC2018_Task1-2_Training_Input/ISIC_0014072.jpg,/root/isic_overlap_pilot_self_contained/data/isic2018/raw/task1_masks/ISIC2018_Task1_Training_GroundTruth/ISIC_0014072_segmentation.png,1,,f1d5c457137cc431,1734,test
ISIC_0014073,/root/derm_pilot_v100/data/isic2018_raw/ISIC2018_Task1-2_Training_Input/ISIC_0014073.jpg,/root/isic_overlap_pilot_self_contained/data/isic2018/raw/task1_masks/ISIC2018_Task1_Training_GroundTruth/ISIC_0014073_segmentation.png,0,,b5c49d33d5655582,1735,val
ISIC_0014076,/root/derm_pilot_v100/data/isic2018_raw/ISIC2018_Task1-2_Training_Input/ISIC_0014076.jpg,/root/isic_overlap_pilot_self_contained/data/isic2018/raw/task1_masks/ISIC2018_Task1_Training_GroundTruth/ISIC_0014076_segmentation.png,1,,b961c437419517f9,1736,train
ISIC_0014077,/root/derm_pilot_v100/data/isic2018_raw/ISIC2018_Task1-2_Training_Input/ISIC_0014077.jpg,/root/isic_overlap_pilot_self_contained/data/isic2018/raw/task1_masks/ISIC2018_Task1_Training_GroundTruth/ISIC_0014077_segmentation.png,1,,f19ac9ec64b85263,1737,val
ISIC_0014080,/root/derm_pilot_v100/data/isic2018_raw/ISIC2018_Task1-2_Training_Input/ISIC_0014080.jpg,/root/isic_overlap_pilot_self_contained/data/isic2018/raw/task1_masks/ISIC2018_Task1_Training_GroundTruth/ISIC_0014080_segmentation.png,0,,c4ab99aa643bd526,1738,train
ISIC_0014081,/root/derm_pilot_v100/data/isic2018_raw/ISIC2018_Task1-2_Training_Input/ISIC_0014081.jpg,/root/isic_overlap_pilot_self_contained/data/isic2018/raw/task1_masks/ISIC2018_Task1_Training_GroundTruth/ISIC_0014081_segmentation.png,0,,84aa59ff2408997f,1739,train
ISIC_0014089,/root/derm_pilot_v100/data/isic2018_raw/ISIC2018_Task1-2_Training_Input/ISIC_0014089.jpg,/root/isic_overlap_pilot_self_contained/data/isic2018/raw/task1_masks/ISIC2018_Task1_Training_GroundTruth/ISIC_0014089_segmentation.png,0,,d59d55b2552355a8,1740,train
ISIC_0014090,/root/derm_pilot_v100/data/isic2018_raw/ISIC2018_Task1-2_Training_Input/ISIC_0014090.jpg,/root/isic_overlap_pilot_self_contained/data/isic2018/raw/task1_masks/ISIC2018_Task1_Training_GroundTruth/ISIC_0014090_segmentation.png,0,,a1ff10bf0276807d,1142,train
ISIC_0014092,/root/derm_pilot_v100/data/isic2018_raw/ISIC2018_Task1-2_Training_Input/ISIC_0014092.jpg,/root/isic_overlap_pilot_self_contained/data/isic2018/raw/task1_masks/ISIC2018_Task1_Training_GroundTruth/ISIC_0014092_segmentation.png,1,,d52a558c5532559f,1217,train
ISIC_0014093,/root/derm_pilot_v100/data/isic2018_raw/ISIC2018_Task1-2_Training_Input/ISIC_0014093.jpg,/root/isic_overlap_pilot_self_contained/data/isic2018/raw/task1_masks/ISIC2018_Task1_Training_GroundTruth/ISIC_0014093_segmentation.png,0,,a689996666999b66,640,train
ISIC_0014094,/root/derm_pilot_v100/data/isic2018_raw/ISIC2018_Task1-2_Training_Input/ISIC_0014094.jpg,/root/isic_overlap_pilot_self_contained/data/isic2018/raw/task1_masks/ISIC2018_Task1_Training_GroundTruth/ISIC_0014094_segmentation.png,0,,c69901669966f6d9,1741,train
ISIC_0014099,/root/derm_pilot_v100/data/isic2018_raw/ISIC2018_Task1-2_Training_Input/ISIC_0014099.jpg,/root/isic_overlap_pilot_self_contained/data/isic2018/raw/task1_masks/ISIC2018_Task1_Training_GroundTruth/ISIC_0014099_segmentation.png,1,,f55ac8768cc542dc,1742,test
ISIC_0014103,/root/derm_pilot_v100/data/isic2018_raw/ISIC2018_Task1-2_Training_Input/ISIC_0014103.jpg,/root/isic_overlap_pilot_self_contained/data/isic2018/raw/task1_masks/ISIC2018_Task1_Training_GroundTruth/ISIC_0014103_segmentation.png,1,,a017044656dcdcff,1743,train
ISIC_0014108,/root/derm_pilot_v100/data/isic2018_raw/ISIC2018_Task1-2_Training_Input/ISIC_0014108.jpg,/root/isic_overlap_pilot_self_contained/data/isic2018/raw/task1_masks/ISIC2018_Task1_Training_GroundTruth/ISIC_0014108_segmentation.png,1,,958ddd72552c5551,1744,val
ISIC_0014110,/root/derm_pilot_v100/data/isic2018_raw/ISIC2018_Task1-2_Training_Input/ISIC_0014110.jpg,/root/isic_overlap_pilot_self_contained/data/isic2018/raw/task1_masks/ISIC2018_Task1_Training_GroundTruth/ISIC_0014110_segmentation.png,1,,b38e8c3135c6c27d,1745,train
ISIC_0014114,/root/derm_pilot_v100/data/isic2018_raw/ISIC2018_Task1-2_Training_Input/ISIC_0014114.jpg,/root/isic_overlap_pilot_self_contained/data/isic2018/raw/task1_masks/ISIC2018_Task1_Training_GroundTruth/ISIC_0014114_segmentation.png,0,,dc3f81d827507c47,1746,train
ISIC_0014117,/root/derm_pilot_v100/data/isic2018_raw/ISIC2018_Task1-2_Training_Input/ISIC_0014117.jpg,/root/isic_overlap_pilot_self_contained/data/isic2018/raw/task1_masks/ISIC2018_Task1_Training_GroundTruth/ISIC_0014117_segmentation.png,0,,d599d52655995561,1335,train
ISIC_0014127,/root/derm_pilot_v100/data/isic2018_raw/ISIC2018_Task1-2_Training_Input/ISIC_0014127.jpg,/root/isic_overlap_pilot_self_contained/data/isic2018/raw/task1_masks/ISIC2018_Task1_Training_GroundTruth/ISIC_0014127_segmentation.png,1,,d5bac5ca193a05ab,1747,test
ISIC_0014129,/root/derm_pilot_v100/data/isic2018_raw/ISIC2018_Task1-2_Training_Input/ISIC_0014129.jpg,/root/isic_overlap_pilot_self_contained/data/isic2018/raw/task1_masks/ISIC2018_Task1_Training_GroundTruth/ISIC_0014129_segmentation.png,1,,e4bf10bb01ef059a,1748,train
ISIC_0014131,/root/derm_pilot_v100/data/isic2018_raw/ISIC2018_Task1-2_Training_Input/ISIC_0014131.jpg,/root/isic_overlap_pilot_self_contained/data/isic2018/raw/task1_masks/ISIC2018_Task1_Training_GroundTruth/ISIC_0014131_segmentation.png,0,,917a45eb543b11e5,1749,train
ISIC_0014132,/root/derm_pilot_v100/data/isic2018_raw/ISIC2018_Task1-2_Training_Input/ISIC_0014132.jpg,/root/isic_overlap_pilot_self_contained/data/isic2018/raw/task1_masks/ISIC2018_Task1_Training_GroundTruth/ISIC_0014132_segmentation.png,1,,f5ba448e51ae41bc,1750,train
ISIC_0014133,/root/derm_pilot_v100/data/isic2018_raw/ISIC2018_Task1-2_Training_Input/ISIC_0014133.jpg,/root/isic_overlap_pilot_self_contained/data/isic2018/raw/task1_masks/ISIC2018_Task1_Training_GroundTruth/ISIC_0014133_segmentation.png,1,,b537d0d1cdd14545,1751,train
ISIC_0014136,/root/derm_pilot_v100/data/isic2018_raw/ISIC2018_Task1-2_Training_Input/ISIC_0014136.jpg,/root/isic_overlap_pilot_self_contained/data/isic2018/raw/task1_masks/ISIC2018_Task1_Training_GroundTruth/ISIC_0014136_segmentation.png,1,,f4343d3d5ccc6641,1752,train
ISIC_0014139,/root/derm_pilot_v100/data/isic2018_raw/ISIC2018_Task1-2_Training_Input/ISIC_0014139.jpg,/root/isic_overlap_pilot_self_contained/data/isic2018/raw/task1_masks/ISIC2018_Task1_Training_GroundTruth/ISIC_0014139_segmentation.png,0,,a6269d99d9264735,1753,train
ISIC_0014144,/root/derm_pilot_v100/data/isic2018_raw/ISIC2018_Task1-2_Training_Input/ISIC_0014144.jpg,/root/isic_overlap_pilot_self_contained/data/isic2018/raw/task1_masks/ISIC2018_Task1_Training_GroundTruth/ISIC_0014144_segmentation.png,1,,d4be00d9117651df,1754,train
ISIC_0014149,/root/derm_pilot_v100/data/isic2018_raw/ISIC2018_Task1-2_Training_Input/ISIC_0014149.jpg,/root/isic_overlap_pilot_self_contained/data/isic2018/raw/task1_masks/ISIC2018_Task1_Training_GroundTruth/ISIC_0014149_segmentation.png,0,,948d55e7558d5706,1755,val
ISIC_0014150,/root/derm_pilot_v100/data/isic2018_raw/ISIC2018_Task1-2_Training_Input/ISIC_0014150.jpg,/root/isic_overlap_pilot_self_contained/data/isic2018/raw/task1_masks/ISIC2018_Task1_Training_GroundTruth/ISIC_0014150_segmentation.png,0,,f689dd2654895578,1335,train
ISIC_0014151,/root/derm_pilot_v100/data/isic2018_raw/ISIC2018_Task1-2_Training_Input/ISIC_0014151.jpg,/root/isic_overlap_pilot_self_contained/data/isic2018/raw/task1_masks/ISIC2018_Task1_Training_GroundTruth/ISIC_0014151_segmentation.png,1,,c4a3971955b51d6a,1756,train
ISIC_0014156,/root/derm_pilot_v100/data/isic2018_raw/ISIC2018_Task1-2_Training_Input/ISIC_0014156.jpg,/root/isic_overlap_pilot_self_contained/data/isic2018/raw/task1_masks/ISIC2018_Task1_Training_GroundTruth/ISIC_0014156_segmentation.png,1,,a3c9cc22339d84bf,1757,train
ISIC_0014157,/root/derm_pilot_v100/data/isic2018_raw/ISIC2018_Task1-2_Training_Input/ISIC_0014157.jpg,/root/isic_overlap_pilot_self_contained/data/isic2018/raw/task1_masks/ISIC2018_Task1_Training_GroundTruth/ISIC_0014157_segmentation.png,1,,b16b84ef01be00f7,1758,train
ISIC_0014158,/root/derm_pilot_v100/data/isic2018_raw/ISIC2018_Task1-2_Training_Input/ISIC_0014158.jpg,/root/isic_overlap_pilot_self_contained/data/isic2018/raw/task1_masks/ISIC2018_Task1_Training_GroundTruth/ISIC_0014158_segmentation.png,0,,e2d8992677cc9926,1759,train
ISIC_0014160,/root/derm_pilot_v100/data/isic2018_raw/ISIC2018_Task1-2_Training_Input/ISIC_0014160.jpg,/root/isic_overlap_pilot_self_contained/data/isic2018/raw/task1_masks/ISIC2018_Task1_Training_GroundTruth/ISIC_0014160_segmentation.png,1,,b5fe0c9953668531,1760,val
ISIC_0014162,/root/derm_pilot_v100/data/isic2018_raw/ISIC2018_Task1-2_Training_Input/ISIC_0014162.jpg,/root/isic_overlap_pilot_self_contained/data/isic2018/raw/task1_masks/ISIC2018_Task1_Training_GroundTruth/ISIC_0014162_segmentation.png,0,,f545554555d55645,458,train
ISIC_0014163,/root/derm_pilot_v100/data/isic2018_raw/ISIC2018_Task1-2_Training_Input/ISIC_0014163.jpg,/root/isic_overlap_pilot_self_contained/data/isic2018/raw/task1_masks/ISIC2018_Task1_Training_GroundTruth/ISIC_0014163_segmentation.png,1,,e536c14d15c7147d,1761,train
ISIC_0014164,/root/derm_pilot_v100/data/isic2018_raw/ISIC2018_Task1-2_Training_Input/ISIC_0014164.jpg,/root/isic_overlap_pilot_self_contained/data/isic2018/raw/task1_masks/ISIC2018_Task1_Training_GroundTruth/ISIC_0014164_segmentation.png,0,,e591996755994571,1762,train
ISIC_0014166,/root/derm_pilot_v100/data/isic2018_raw/ISIC2018_Task1-2_Training_Input/ISIC_0014166.jpg,/root/isic_overlap_pilot_self_contained/data/isic2018/raw/task1_masks/ISIC2018_Task1_Training_GroundTruth/ISIC_0014166_segmentation.png,0,,f5ea559a55e0d320,1763,val
ISIC_0014169,/root/derm_pilot_v100/data/isic2018_raw/ISIC2018_Task1-2_Training_Input/ISIC_0014169.jpg,/root/isic_overlap_pilot_self_contained/data/isic2018/raw/task1_masks/ISIC2018_Task1_Training_GroundTruth/ISIC_0014169_segmentation.png,0,,f5aa44ce556c5523,1764,val
ISIC_0014171,/root/derm_pilot_v100/data/isic2018_raw/ISIC2018_Task1-2_Training_Input/ISIC_0014171.jpg,/root/isic_overlap_pilot_self_contained/data/isic2018/raw/task1_masks/ISIC2018_Task1_Training_GroundTruth/ISIC_0014171_segmentation.png,1,,b713dccd72e4c818,1765,train
ISIC_0014173,/root/derm_pilot_v100/data/isic2018_raw/ISIC2018_Task1-2_Training_Input/ISIC_0014173.jpg,/root/isic_overlap_pilot_self_contained/data/isic2018/raw/task1_masks/ISIC2018_Task1_Training_GroundTruth/ISIC_0014173_segmentation.png,1,,e4c98c969165db63,1766,train
ISIC_0014174,/root/derm_pilot_v100/data/isic2018_raw/ISIC2018_Task1-2_Training_Input/ISIC_0014174.jpg,/root/isic_overlap_pilot_self_contained/data/isic2018/raw/task1_masks/ISIC2018_Task1_Training_GroundTruth/ISIC_0014174_segmentation.png,0,,d5fe55bd54640059,1767,train
ISIC_0014178,/root/derm_pilot_v100/data/isic2018_raw/ISIC2018_Task1-2_Training_Input/ISIC_0014178.jpg,/root/isic_overlap_pilot_self_contained/data/isic2018/raw/task1_masks/ISIC2018_Task1_Training_GroundTruth/ISIC_0014178_segmentation.png,0,,a1008c7333cedf73,9,train
ISIC_0014181,/root/derm_pilot_v100/data/isic2018_raw/ISIC2018_Task1-2_Training_Input/ISIC_0014181.jpg,/root/isic_overlap_pilot_self_contained/data/isic2018/raw/task1_masks/ISIC2018_Task1_Training_GroundTruth/ISIC_0014181_segmentation.png,1,,d4bbc1e01566553e,1768,train
ISIC_0014183,/root/derm_pilot_v100/data/isic2018_raw/ISIC2018_Task1-2_Training_Input/ISIC_0014183.jpg,/root/isic_overlap_pilot_self_contained/data/isic2018/raw/task1_masks/ISIC2018_Task1_Training_GroundTruth/ISIC_0014183_segmentation.png,1,,d1c8d533456a55ae,1769,train
ISIC_0014185,/root/derm_pilot_v100/data/isic2018_raw/ISIC2018_Task1-2_Training_Input/ISIC_0014185.jpg,/root/isic_overlap_pilot_self_contained/data/isic2018/raw/task1_masks/ISIC2018_Task1_Training_GroundTruth/ISIC_0014185_segmentation.png,0,,b79ad92710d9546c,1770,train
ISIC_0014186,/root/derm_pilot_v100/data/isic2018_raw/ISIC2018_Task1-2_Training_Input/ISIC_0014186.jpg,/root/isic_overlap_pilot_self_contained/data/isic2018/raw/task1_masks/ISIC2018_Task1_Training_GroundTruth/ISIC_0014186_segmentation.png,1,,f0e4cd5754d49346,1771,train
ISIC_0014187,/root/derm_pilot_v100/data/isic2018_raw/ISIC2018_Task1-2_Training_Input/ISIC_0014187.jpg,/root/isic_overlap_pilot_self_contained/data/isic2018/raw/task1_masks/ISIC2018_Task1_Training_GroundTruth/ISIC_0014187_segmentation.png,1,,f5d5155655529558,1772,train
ISIC_0014189,/root/derm_pilot_v100/data/isic2018_raw/ISIC2018_Task1-2_Training_Input/ISIC_0014189.jpg,/root/isic_overlap_pilot_self_contained/data/isic2018/raw/task1_masks/ISIC2018_Task1_Training_GroundTruth/ISIC_0014189_segmentation.png,1,,b16f81e6049f44ee,1773,val
ISIC_0014190,/root/derm_pilot_v100/data/isic2018_raw/ISIC2018_Task1-2_Training_Input/ISIC_0014190.jpg,/root/isic_overlap_pilot_self_contained/data/isic2018/raw/task1_masks/ISIC2018_Task1_Training_GroundTruth/ISIC_0014190_segmentation.png,1,,d5aa55855503557d,1217,train
ISIC_0014195,/root/derm_pilot_v100/data/isic2018_raw/ISIC2018_Task1-2_Training_Input/ISIC_0014195.jpg,/root/isic_overlap_pilot_self_contained/data/isic2018/raw/task1_masks/ISIC2018_Task1_Training_GroundTruth/ISIC_0014195_segmentation.png,0,,f70a1867338c9967,1774,train
ISIC_0014197,/root/derm_pilot_v100/data/isic2018_raw/ISIC2018_Task1-2_Training_Input/ISIC_0014197.jpg,/root/isic_overlap_pilot_self_contained/data/isic2018/raw/task1_masks/ISIC2018_Task1_Training_GroundTruth/ISIC_0014197_segmentation.png,0,,b1aac89a44ee53ae,1775,train
ISIC_0014211,/root/derm_pilot_v100/data/isic2018_raw/ISIC2018_Task1-2_Training_Input/ISIC_0014211.jpg,/root/isic_overlap_pilot_self_contained/data/isic2018/raw/task1_masks/ISIC2018_Task1_Training_GroundTruth/ISIC_0014211_segmentation.png,0,,c5aad1ba45aa54e3,1215,train
ISIC_0014217,/root/derm_pilot_v100/data/isic2018_raw/ISIC2018_Task1-2_Training_Input/ISIC_0014217.jpg,/root/isic_overlap_pilot_self_contained/data/isic2018/raw/task1_masks/ISIC2018_Task1_Training_GroundTruth/ISIC_0014217_segmentation.png,1,,b522d18b55ec5633,1776,train
ISIC_0014219,/root/derm_pilot_v100/data/isic2018_raw/ISIC2018_Task1-2_Training_Input/ISIC_0014219.jpg,/root/isic_overlap_pilot_self_contained/data/isic2018/raw/task1_masks/ISIC2018_Task1_Training_GroundTruth/ISIC_0014219_segmentation.png,1,,b5cfc073c4cc115d,1777,test
ISIC_0014221,/root/derm_pilot_v100/data/isic2018_raw/ISIC2018_Task1-2_Training_Input/ISIC_0014221.jpg,/root/isic_overlap_pilot_self_contained/data/isic2018/raw/task1_masks/ISIC2018_Task1_Training_GroundTruth/ISIC_0014221_segmentation.png,1,,b07f81ff00f904ab,1778,val
ISIC_0014222,/root/derm_pilot_v100/data/isic2018_raw/ISIC2018_Task1-2_Training_Input/ISIC_0014222.jpg,/root/isic_overlap_pilot_self_contained/data/isic2018/raw/task1_masks/ISIC2018_Task1_Training_GroundTruth/ISIC_0014222_segmentation.png,1,,f5639d885155d90d,1779,train
ISIC_0014225,/root/derm_pilot_v100/data/isic2018_raw/ISIC2018_Task1-2_Training_Input/ISIC_0014225.jpg,/root/isic_overlap_pilot_self_contained/data/isic2018/raw/task1_masks/ISIC2018_Task1_Training_GroundTruth/ISIC_0014225_segmentation.png,0,,b4d51c77449d4536,1780,test
ISIC_0014229,/root/derm_pilot_v100/data/isic2018_raw/ISIC2018_Task1-2_Training_Input/ISIC_0014229.jpg,/root/isic_overlap_pilot_self_contained/data/isic2018/raw/task1_masks/ISIC2018_Task1_Training_GroundTruth/ISIC_0014229_segmentation.png,1,,e6d5999926669919,135,val
ISIC_0014233,/root/derm_pilot_v100/data/isic2018_raw/ISIC2018_Task1-2_Training_Input/ISIC_0014233.jpg,/root/isic_overlap_pilot_self_contained/data/isic2018/raw/task1_masks/ISIC2018_Task1_Training_GroundTruth/ISIC_0014233_segmentation.png,1,,911f554b551a457e,1781,train
ISIC_0014238,/root/derm_pilot_v100/data/isic2018_raw/ISIC2018_Task1-2_Training_Input/ISIC_0014238.jpg,/root/isic_overlap_pilot_self_contained/data/isic2018/raw/task1_masks/ISIC2018_Task1_Training_GroundTruth/ISIC_0014238_segmentation.png,1,,e459d96437c5554c,1782,train
ISIC_0014248,/root/derm_pilot_v100/data/isic2018_raw/ISIC2018_Task1-2_Training_Input/ISIC_0014248.jpg,/root/isic_overlap_pilot_self_contained/data/isic2018/raw/task1_masks/ISIC2018_Task1_Training_GroundTruth/ISIC_0014248_segmentation.png,0,,a0d5555781d4557d,1783,train
ISIC_0014249,/root/derm_pilot_v100/data/isic2018_raw/ISIC2018_Task1-2_Training_Input/ISIC_0014249.jpg,/root/isic_overlap_pilot_self_contained/data/isic2018/raw/task1_masks/ISIC2018_Task1_Training_GroundTruth/ISIC_0014249_segmentation.png,1,,b875c69bc3c74438,1784,train
ISIC_0014253,/root/derm_pilot_v100/data/isic2018_raw/ISIC2018_Task1-2_Training_Input/ISIC_0014253.jpg,/root/isic_overlap_pilot_self_contained/data/isic2018/raw/task1_masks/ISIC2018_Task1_Training_GroundTruth/ISIC_0014253_segmentation.png,0,,e40511d96664d9df,527,train
ISIC_0014255,/root/derm_pilot_v100/data/isic2018_raw/ISIC2018_Task1-2_Training_Input/ISIC_0014255.jpg,/root/isic_overlap_pilot_self_contained/data/isic2018/raw/task1_masks/ISIC2018_Task1_Training_GroundTruth/ISIC_0014255_segmentation.png,1,,a7d4912529f73543,1785,train
ISIC_0014263,/root/derm_pilot_v100/data/isic2018_raw/ISIC2018_Task1-2_Training_Input/ISIC_0014263.jpg,/root/isic_overlap_pilot_self_contained/data/isic2018/raw/task1_masks/ISIC2018_Task1_Training_GroundTruth/ISIC_0014263_segmentation.png,0,,d55455d55545d564,458,train
ISIC_0014270,/root/derm_pilot_v100/data/isic2018_raw/ISIC2018_Task1-2_Training_Input/ISIC_0014270.jpg,/root/isic_overlap_pilot_self_contained/data/isic2018/raw/task1_masks/ISIC2018_Task1_Training_GroundTruth/ISIC_0014270_segmentation.png,1,,d4af50fd40e550b5,1786,train
ISIC_0014273,/root/derm_pilot_v100/data/isic2018_raw/ISIC2018_Task1-2_Training_Input/ISIC_0014273.jpg,/root/isic_overlap_pilot_self_contained/data/isic2018/raw/task1_masks/ISIC2018_Task1_Training_GroundTruth/ISIC_0014273_segmentation.png,0,,c58a55af553a5568,1787,val
ISIC_0014274,/root/derm_pilot_v100/data/isic2018_raw/ISIC2018_Task1-2_Training_Input/ISIC_0014274.jpg,/root/isic_overlap_pilot_self_contained/data/isic2018/raw/task1_masks/ISIC2018_Task1_Training_GroundTruth/ISIC_0014274_segmentation.png,0,,d4ee51964353998d,1788,train
ISIC_0014284,/root/derm_pilot_v100/data/isic2018_raw/ISIC2018_Task1-2_Training_Input/ISIC_0014284.jpg,/root/isic_overlap_pilot_self_contained/data/isic2018/raw/task1_masks/ISIC2018_Task1_Training_GroundTruth/ISIC_0014284_segmentation.png,1,,b70cc46393cc5177,1789,train
ISIC_0014286,/root/derm_pilot_v100/data/isic2018_raw/ISIC2018_Task1-2_Training_Input/ISIC_0014286.jpg,/root/isic_overlap_pilot_self_contained/data/isic2018/raw/task1_masks/ISIC2018_Task1_Training_GroundTruth/ISIC_0014286_segmentation.png,0,,d5ce558a5728dd84,1790,train
ISIC_0014288,/root/derm_pilot_v100/data/isic2018_raw/ISIC2018_Task1-2_Training_Input/ISIC_0014288.jpg,/root/isic_overlap_pilot_self_contained/data/isic2018/raw/task1_masks/ISIC2018_Task1_Training_GroundTruth/ISIC_0014288_segmentation.png,1,,e089892706df8e77,1791,train
ISIC_0014289,/root/derm_pilot_v100/data/isic2018_raw/ISIC2018_Task1-2_Training_Input/ISIC_0014289.jpg,/root/isic_overlap_pilot_self_contained/data/isic2018/raw/task1_masks/ISIC2018_Task1_Training_GroundTruth/ISIC_0014289_segmentation.png,1,,b4e1c13ec09e18fb,1792,test
ISIC_0014290,/root/derm_pilot_v100/data/isic2018_raw/ISIC2018_Task1-2_Training_Input/ISIC_0014290.jpg,/root/isic_overlap_pilot_self_contained/data/isic2018/raw/task1_masks/ISIC2018_Task1_Training_GroundTruth/ISIC_0014290_segmentation.png,1,,f3884c3294cc72fb,1793,test
ISIC_0014291,/root/derm_pilot_v100/data/isic2018_raw/ISIC2018_Task1-2_Training_Input/ISIC_0014291.jpg,/root/isic_overlap_pilot_self_contained/data/isic2018/raw/task1_masks/ISIC2018_Task1_Training_GroundTruth/ISIC_0014291_segmentation.png,1,,b38acc33598f3788,1794,test
ISIC_0014299,/root/derm_pilot_v100/data/isic2018_raw/ISIC2018_Task1-2_Training_Input/ISIC_0014299.jpg,/root/isic_overlap_pilot_self_contained/data/isic2018/raw/task1_masks/ISIC2018_Task1_Training_GroundTruth/ISIC_0014299_segmentation.png,0,,f154545d57335c4c,1795,val
ISIC_0014302,/root/derm_pilot_v100/data/isic2018_raw/ISIC2018_Task1-2_Training_Input/ISIC_0014302.jpg,/root/isic_overlap_pilot_self_contained/data/isic2018/raw/task1_masks/ISIC2018_Task1_Training_GroundTruth/ISIC_0014302_segmentation.png,1,,f700598c562b57ab,1796,train
ISIC_0014308,/root/derm_pilot_v100/data/isic2018_raw/ISIC2018_Task1-2_Training_Input/ISIC_0014308.jpg,/root/isic_overlap_pilot_self_contained/data/isic2018/raw/task1_masks/ISIC2018_Task1_Training_GroundTruth/ISIC_0014308_segmentation.png,1,,a01e49e635cf0c6f,1797,train
ISIC_0014311,/root/derm_pilot_v100/data/isic2018_raw/ISIC2018_Task1-2_Training_Input/ISIC_0014311.jpg,/root/isic_overlap_pilot_self_contained/data/isic2018/raw/task1_masks/ISIC2018_Task1_Training_GroundTruth/ISIC_0014311_segmentation.png,0,,b099c76d3866c738,1798,test
ISIC_0014316,/root/derm_pilot_v100/data/isic2018_raw/ISIC2018_Task1-2_Training_Input/ISIC_0014316.jpg,/root/isic_overlap_pilot_self_contained/data/isic2018/raw/task1_masks/ISIC2018_Task1_Training_GroundTruth/ISIC_0014316_segmentation.png,1,,b38b8cb370ae4539,1799,val
ISIC_0014317,/root/derm_pilot_v100/data/isic2018_raw/ISIC2018_Task1-2_Training_Input/ISIC_0014317.jpg,/root/isic_overlap_pilot_self_contained/data/isic2018/raw/task1_masks/ISIC2018_Task1_Training_GroundTruth/ISIC_0014317_segmentation.png,0,,f38854235ca957ae,1800,train
ISIC_0014324,/root/derm_pilot_v100/data/isic2018_raw/ISIC2018_Task1-2_Training_Input/ISIC_0014324.jpg,/root/isic_overlap_pilot_self_contained/data/isic2018/raw/task1_masks/ISIC2018_Task1_Training_GroundTruth/ISIC_0014324_segmentation.png,1,,b41fc0e0511f95d7,1801,val
ISIC_0014325,/root/derm_pilot_v100/data/isic2018_raw/ISIC2018_Task1-2_Training_Input/ISIC_0014325.jpg,/root/isic_overlap_pilot_self_contained/data/isic2018/raw/task1_masks/ISIC2018_Task1_Training_GroundTruth/ISIC_0014325_segmentation.png,1,,b018cdc7c96c363b,1802,val
ISIC_0014327,/root/derm_pilot_v100/data/isic2018_raw/ISIC2018_Task1-2_Training_Input/ISIC_0014327.jpg,/root/isic_overlap_pilot_self_contained/data/isic2018/raw/task1_masks/ISIC2018_Task1_Training_GroundTruth/ISIC_0014327_segmentation.png,1,,e4aa99a265ae5539,1803,train
ISIC_0014328,/root/derm_pilot_v100/data/isic2018_raw/ISIC2018_Task1-2_Training_Input/ISIC_0014328.jpg,/root/isic_overlap_pilot_self_contained/data/isic2018/raw/task1_masks/ISIC2018_Task1_Training_GroundTruth/ISIC_0014328_segmentation.png,0,,fb4b419715959534,1804,train
ISIC_0014331,/root/derm_pilot_v100/data/isic2018_raw/ISIC2018_Task1-2_Training_Input/ISIC_0014331.jpg,/root/isic_overlap_pilot_self_contained/data/isic2018/raw/task1_masks/ISIC2018_Task1_Training_GroundTruth/ISIC_0014331_segmentation.png,1,,d5a25d8355cc553c,1805,train
ISIC_0014336,/root/derm_pilot_v100/data/isic2018_raw/ISIC2018_Task1-2_Training_Input/ISIC_0014336.jpg,/root/isic_overlap_pilot_self_contained/data/isic2018/raw/task1_masks/ISIC2018_Task1_Training_GroundTruth/ISIC_0014336_segmentation.png,1,,b566d4d905cd4555,1806,val
ISIC_0014337,/root/derm_pilot_v100/data/isic2018_raw/ISIC2018_Task1-2_Training_Input/ISIC_0014337.jpg,/root/isic_overlap_pilot_self_contained/data/isic2018/raw/task1_masks/ISIC2018_Task1_Training_GroundTruth/ISIC_0014337_segmentation.png,1,,9589c567553b45d4,1807,train
ISIC_0014346,/root/derm_pilot_v100/data/isic2018_raw/ISIC2018_Task1-2_Training_Input/ISIC_0014346.jpg,/root/isic_overlap_pilot_self_contained/data/isic2018/raw/task1_masks/ISIC2018_Task1_Training_GroundTruth/ISIC_0014346_segmentation.png,0,,d50a407348dd737d,1808,train
ISIC_0014347,/root/derm_pilot_v100/data/isic2018_raw/ISIC2018_Task1-2_Training_Input/ISIC_0014347.jpg,/root/isic_overlap_pilot_self_contained/data/isic2018/raw/task1_masks/ISIC2018_Task1_Training_GroundTruth/ISIC_0014347_segmentation.png,1,,b19608db057667b9,1809,val
ISIC_0014349,/root/derm_pilot_v100/data/isic2018_raw/ISIC2018_Task1-2_Training_Input/ISIC_0014349.jpg,/root/isic_overlap_pilot_self_contained/data/isic2018/raw/task1_masks/ISIC2018_Task1_Training_GroundTruth/ISIC_0014349_segmentation.png,1,,f51b55675198453a,1810,train
ISIC_0014353,/root/derm_pilot_v100/data/isic2018_raw/ISIC2018_Task1-2_Training_Input/ISIC_0014353.jpg,/root/isic_overlap_pilot_self_contained/data/isic2018/raw/task1_masks/ISIC2018_Task1_Training_GroundTruth/ISIC_0014353_segmentation.png,0,,d5ab558c54771171,1811,train
ISIC_0014357,/root/derm_pilot_v100/data/isic2018_raw/ISIC2018_Task1-2_Training_Input/ISIC_0014357.jpg,/root/isic_overlap_pilot_self_contained/data/isic2018/raw/task1_masks/ISIC2018_Task1_Training_GroundTruth/ISIC_0014357_segmentation.png,1,,f111ccc756dd1551,1812,test
ISIC_0014360,/root/derm_pilot_v100/data/isic2018_raw/ISIC2018_Task1-2_Training_Input/ISIC_0014360.jpg,/root/isic_overlap_pilot_self_contained/data/isic2018/raw/task1_masks/ISIC2018_Task1_Training_GroundTruth/ISIC_0014360_segmentation.png,1,,d72a553345ea512e,1813,train
ISIC_0014361,/root/derm_pilot_v100/data/isic2018_raw/ISIC2018_Task1-2_Training_Input/ISIC_0014361.jpg,/root/isic_overlap_pilot_self_contained/data/isic2018/raw/task1_masks/ISIC2018_Task1_Training_GroundTruth/ISIC_0014361_segmentation.png,1,,f38ccc7323cc2333,9,train
ISIC_0014365,/root/derm_pilot_v100/data/isic2018_raw/ISIC2018_Task1-2_Training_Input/ISIC_0014365.jpg,/root/isic_overlap_pilot_self_contained/data/isic2018/raw/task1_masks/ISIC2018_Task1_Training_GroundTruth/ISIC_0014365_segmentation.png,0,,a4bf90db446c81f9,1814,val
ISIC_0014366,/root/derm_pilot_v100/data/isic2018_raw/ISIC2018_Task1-2_Training_Input/ISIC_0014366.jpg,/root/isic_overlap_pilot_self_contained/data/isic2018/raw/task1_masks/ISIC2018_Task1_Training_GroundTruth/ISIC_0014366_segmentation.png,1,,a07f418b147b45ee,1815,train
ISIC_0014372,/root/derm_pilot_v100/data/isic2018_raw/ISIC2018_Task1-2_Training_Input/ISIC_0014372.jpg,/root/isic_overlap_pilot_self_contained/data/isic2018/raw/task1_masks/ISIC2018_Task1_Training_GroundTruth/ISIC_0014372_segmentation.png,1,,b0c3899c30a7f69e,1816,train
ISIC_0014382,/root/derm_pilot_v100/data/isic2018_raw/ISIC2018_Task1-2_Training_Input/ISIC_0014382.jpg,/root/isic_overlap_pilot_self_contained/data/isic2018/raw/task1_masks/ISIC2018_Task1_Training_GroundTruth/ISIC_0014382_segmentation.png,0,,e49b966d10364977,1817,test
ISIC_0014385,/root/derm_pilot_v100/data/isic2018_raw/ISIC2018_Task1-2_Training_Input/ISIC_0014385.jpg,/root/isic_overlap_pilot_self_contained/data/isic2018/raw/task1_masks/ISIC2018_Task1_Training_GroundTruth/ISIC_0014385_segmentation.png,1,,e499807b51de4576,1818,train
ISIC_0014386,/root/derm_pilot_v100/data/isic2018_raw/ISIC2018_Task1-2_Training_Input/ISIC_0014386.jpg,/root/isic_overlap_pilot_self_contained/data/isic2018/raw/task1_masks/ISIC2018_Task1_Training_GroundTruth/ISIC_0014386_segmentation.png,0,,a5de986145376536,1819,train
ISIC_0014392,/root/derm_pilot_v100/data/isic2018_raw/ISIC2018_Task1-2_Training_Input/ISIC_0014392.jpg,/root/isic_overlap_pilot_self_contained/data/isic2018/raw/task1_masks/ISIC2018_Task1_Training_GroundTruth/ISIC_0014392_segmentation.png,0,,a736cccc11734d66,1820,train
ISIC_0014393,/root/derm_pilot_v100/data/isic2018_raw/ISIC2018_Task1-2_Training_Input/ISIC_0014393.jpg,/root/isic_overlap_pilot_self_contained/data/isic2018/raw/task1_masks/ISIC2018_Task1_Training_GroundTruth/ISIC_0014393_segmentation.png,0,,d107147a564f4d6d,1821,train
ISIC_0014394,/root/derm_pilot_v100/data/isic2018_raw/ISIC2018_Task1-2_Training_Input/ISIC_0014394.jpg,/root/isic_overlap_pilot_self_contained/data/isic2018/raw/task1_masks/ISIC2018_Task1_Training_GroundTruth/ISIC_0014394_segmentation.png,0,,c6891827dcd976ac,1822,train
ISIC_0014395,/root/derm_pilot_v100/data/isic2018_raw/ISIC2018_Task1-2_Training_Input/ISIC_0014395.jpg,/root/isic_overlap_pilot_self_contained/data/isic2018/raw/task1_masks/ISIC2018_Task1_Training_GroundTruth/ISIC_0014395_segmentation.png,1,,f011c547191957df,1823,train
ISIC_0014397,/root/derm_pilot_v100/data/isic2018_raw/ISIC2018_Task1-2_Training_Input/ISIC_0014397.jpg,/root/isic_overlap_pilot_self_contained/data/isic2018/raw/task1_masks/ISIC2018_Task1_Training_GroundTruth/ISIC_0014397_segmentation.png,0,,e59296695966599a,1824,train
ISIC_0014410,/root/derm_pilot_v100/data/isic2018_raw/ISIC2018_Task1-2_Training_Input/ISIC_0014410.jpg,/root/isic_overlap_pilot_self_contained/data/isic2018/raw/task1_masks/ISIC2018_Task1_Training_GroundTruth/ISIC_0014410_segmentation.png,0,,d05e8c8e46ef0733,1825,val
ISIC_0014419,/root/derm_pilot_v100/data/isic2018_raw/ISIC2018_Task1-2_Training_Input/ISIC_0014419.jpg,/root/isic_overlap_pilot_self_contained/data/isic2018/raw/task1_masks/ISIC2018_Task1_Training_GroundTruth/ISIC_0014419_segmentation.png,0,,d49655995599553c,1826,train
ISIC_0014422,/root/derm_pilot_v100/data/isic2018_raw/ISIC2018_Task1-2_Training_Input/ISIC_0014422.jpg,/root/isic_overlap_pilot_self_contained/data/isic2018/raw/task1_masks/ISIC2018_Task1_Training_GroundTruth/ISIC_0014422_segmentation.png,1,,a0df807f007e01ff,1142,train
ISIC_0014423,/root/derm_pilot_v100/data/isic2018_raw/ISIC2018_Task1-2_Training_Input/ISIC_0014423.jpg,/root/isic_overlap_pilot_self_contained/data/isic2018/raw/task1_masks/ISIC2018_Task1_Training_GroundTruth/ISIC_0014423_segmentation.png,1,,f515555555935155,1827,val
ISIC_0014428,/root/derm_pilot_v100/data/isic2018_raw/ISIC2018_Task1-2_Training_Input/ISIC_0014428.jpg,/root/isic_overlap_pilot_self_contained/data/isic2018/raw/task1_masks/ISIC2018_Task1_Training_GroundTruth/ISIC_0014428_segmentation.png,1,,a60d8c2726ddc477,1828,val
ISIC_0014430,/root/derm_pilot_v100/data/isic2018_raw/ISIC2018_Task1-2_Training_Input/ISIC_0014430.jpg,/root/isic_overlap_pilot_self_contained/data/isic2018/raw/task1_masks/ISIC2018_Task1_Training_GroundTruth/ISIC_0014430_segmentation.png,0,,b304dc99716556dc,1829,test
ISIC_0014431,/root/derm_pilot_v100/data/isic2018_raw/ISIC2018_Task1-2_Training_Input/ISIC_0014431.jpg,/root/isic_overlap_pilot_self_contained/data/isic2018/raw/task1_masks/ISIC2018_Task1_Training_GroundTruth/ISIC_0014431_segmentation.png,0,,d58a5d237788dd22,1335,train
ISIC_0014433,/root/derm_pilot_v100/data/isic2018_raw/ISIC2018_Task1-2_Training_Input/ISIC_0014433.jpg,/root/isic_overlap_pilot_self_contained/data/isic2018/raw/task1_masks/ISIC2018_Task1_Training_GroundTruth/ISIC_0014433_segmentation.png,0,,848b193676d9c93e,640,train
ISIC_0014434,/root/derm_pilot_v100/data/isic2018_raw/ISIC2018_Task1-2_Training_Input/ISIC_0014434.jpg,/root/isic_overlap_pilot_self_contained/data/isic2018/raw/task1_masks/ISIC2018_Task1_Training_GroundTruth/ISIC_0014434_segmentation.png,1,,f5c3553615d94453,1830,train
ISIC_0014438,/root/derm_pilot_v100/data/isic2018_raw/ISIC2018_Task1-2_Training_Input/ISIC_0014438.jpg,/root/isic_overlap_pilot_self_contained/data/isic2018/raw/task1_masks/ISIC2018_Task1_Training_GroundTruth/ISIC_0014438_segmentation.png,0,,f58acd73318e45a8,1831,val
ISIC_0014440,/root/derm_pilot_v100/data/isic2018_raw/ISIC2018_Task1-2_Training_Input/ISIC_0014440.jpg,/root/isic_overlap_pilot_self_contained/data/isic2018/raw/task1_masks/ISIC2018_Task1_Training_GroundTruth/ISIC_0014440_segmentation.png,0,,818c043711df17ff,1832,train
ISIC_0014441,/root/derm_pilot_v100/data/isic2018_raw/ISIC2018_Task1-2_Training_Input/ISIC_0014441.jpg,/root/isic_overlap_pilot_self_contained/data/isic2018/raw/task1_masks/ISIC2018_Task1_Training_GroundTruth/ISIC_0014441_segmentation.png,0,,d4655199557457d1,1833,train
ISIC_0014453,/root/derm_pilot_v100/data/isic2018_raw/ISIC2018_Task1-2_Training_Input/ISIC_0014453.jpg,/root/isic_overlap_pilot_self_contained/data/isic2018/raw/task1_masks/ISIC2018_Task1_Training_GroundTruth/ISIC_0014453_segmentation.png,0,,800e095d22775dff,1834,test
ISIC_0014454,/root/derm_pilot_v100/data/isic2018_raw/ISIC2018_Task1-2_Training_Input/ISIC_0014454.jpg,/root/isic_overlap_pilot_self_contained/data/isic2018/raw/task1_masks/ISIC2018_Task1_Training_GroundTruth/ISIC_0014454_segmentation.png,1,,81bbd007d8fc07f4,1835,train
ISIC_0014457,/root/derm_pilot_v100/data/isic2018_raw/ISIC2018_Task1-2_Training_Input/ISIC_0014457.jpg,/root/isic_overlap_pilot_self_contained/data/isic2018/raw/task1_masks/ISIC2018_Task1_Training_GroundTruth/ISIC_0014457_segmentation.png,0,,f5c555d7514cc434,1836,test
ISIC_0014458,/root/derm_pilot_v100/data/isic2018_raw/ISIC2018_Task1-2_Training_Input/ISIC_0014458.jpg,/root/isic_overlap_pilot_self_contained/data/isic2018/raw/task1_masks/ISIC2018_Task1_Training_GroundTruth/ISIC_0014458_segmentation.png,0,,a609996666d96277,1129,train
ISIC_0014469,/root/derm_pilot_v100/data/isic2018_raw/ISIC2018_Task1-2_Training_Input/ISIC_0014469.jpg,/root/isic_overlap_pilot_self_contained/data/isic2018/raw/task1_masks/ISIC2018_Task1_Training_GroundTruth/ISIC_0014469_segmentation.png,0,,8289002689df77ff,1837,train
ISIC_0014470,/root/derm_pilot_v100/data/isic2018_raw/ISIC2018_Task1-2_Training_Input/ISIC_0014470.jpg,/root/isic_overlap_pilot_self_contained/data/isic2018/raw/task1_masks/ISIC2018_Task1_Training_GroundTruth/ISIC_0014470_segmentation.png,0,,820a046325df5eff,1838,train
ISIC_0014473,/root/derm_pilot_v100/data/isic2018_raw/ISIC2018_Task1-2_Training_Input/ISIC_0014473.jpg,/root/isic_overlap_pilot_self_contained/data/isic2018/raw/task1_masks/ISIC2018_Task1_Training_GroundTruth/ISIC_0014473_segmentation.png,0,,d510d4157753d555,1839,val
ISIC_0014475,/root/derm_pilot_v100/data/isic2018_raw/ISIC2018_Task1-2_Training_Input/ISIC_0014475.jpg,/root/isic_overlap_pilot_self_contained/data/isic2018/raw/task1_masks/ISIC2018_Task1_Training_GroundTruth/ISIC_0014475_segmentation.png,0,,f5555d4475515d44,1840,train
ISIC_0014476,/root/derm_pilot_v100/data/isic2018_raw/ISIC2018_Task1-2_Training_Input/ISIC_0014476.jpg,/root/isic_overlap_pilot_self_contained/data/isic2018/raw/task1_masks/ISIC2018_Task1_Training_GroundTruth/ISIC_0014476_segmentation.png,1,,d6a959ae2313cc66,1841,train
ISIC_0014478,/root/derm_pilot_v100/data/isic2018_raw/ISIC2018_Task1-2_Training_Input/ISIC_0014478.jpg,/root/isic_overlap_pilot_self_contained/data/isic2018/raw/task1_masks/ISIC2018_Task1_Training_GroundTruth/ISIC_0014478_segmentation.png,1,,971c5d335cc87370,1842,train
ISIC_0014480,/root/derm_pilot_v100/data/isic2018_raw/ISIC2018_Task1-2_Training_Input/ISIC_0014480.jpg,/root/isic_overlap_pilot_self_contained/data/isic2018/raw/task1_masks/ISIC2018_Task1_Training_GroundTruth/ISIC_0014480_segmentation.png,1,,f58add2277a8cd20,1335,train
ISIC_0014486,/root/derm_pilot_v100/data/isic2018_raw/ISIC2018_Task1-2_Training_Input/ISIC_0014486.jpg,/root/isic_overlap_pilot_self_contained/data/isic2018/raw/task1_masks/ISIC2018_Task1_Training_GroundTruth/ISIC_0014486_segmentation.png,1,,b30acccc7334dd51,1843,test
ISIC_0014489,/root/derm_pilot_v100/data/isic2018_raw/ISIC2018_Task1-2_Training_Input/ISIC_0014489.jpg,/root/isic_overlap_pilot_self_contained/data/isic2018/raw/task1_masks/ISIC2018_Task1_Training_GroundTruth/ISIC_0014489_segmentation.png,1,,e09991ad64df9166,1844,train
ISIC_0014490,/root/derm_pilot_v100/data/isic2018_raw/ISIC2018_Task1-2_Training_Input/ISIC_0014490.jpg,/root/isic_overlap_pilot_self_contained/data/isic2018/raw/task1_masks/ISIC2018_Task1_Training_GroundTruth/ISIC_0014490_segmentation.png,0,,e79b0c22cb8876d9,1845,test
ISIC_0014498,/root/derm_pilot_v100/data/isic2018_raw/ISIC2018_Task1-2_Training_Input/ISIC_0014498.jpg,/root/isic_overlap_pilot_self_contained/data/isic2018/raw/task1_masks/ISIC2018_Task1_Training_GroundTruth/ISIC_0014498_segmentation.png,0,,a3138ccc3373c6cd,1,test
ISIC_0014500,/root/derm_pilot_v100/data/isic2018_raw/ISIC2018_Task1-2_Training_Input/ISIC_0014500.jpg,/root/isic_overlap_pilot_self_contained/data/isic2018/raw/task1_masks/ISIC2018_Task1_Training_GroundTruth/ISIC_0014500_segmentation.png,0,,e02f909f017f047f,1846,train
ISIC_0014501,/root/derm_pilot_v100/data/isic2018_raw/ISIC2018_Task1-2_Training_Input/ISIC_0014501.jpg,/root/isic_overlap_pilot_self_contained/data/isic2018/raw/task1_masks/ISIC2018_Task1_Training_GroundTruth/ISIC_0014501_segmentation.png,1,,a4559965619347dd,120,train
ISIC_0014502,/root/derm_pilot_v100/data/isic2018_raw/ISIC2018_Task1-2_Training_Input/ISIC_0014502.jpg,/root/isic_overlap_pilot_self_contained/data/isic2018/raw/task1_masks/ISIC2018_Task1_Training_GroundTruth/ISIC_0014502_segmentation.png,0,,d78a8873678a3d1c,1847,test
ISIC_0014503,/root/derm_pilot_v100/data/isic2018_raw/ISIC2018_Task1-2_Training_Input/ISIC_0014503.jpg,/root/isic_overlap_pilot_self_contained/data/isic2018/raw/task1_masks/ISIC2018_Task1_Training_GroundTruth/ISIC_0014503_segmentation.png,0,,b57c343d07f6130a,1848,test
ISIC_0014506,/root/derm_pilot_v100/data/isic2018_raw/ISIC2018_Task1-2_Training_Input/ISIC_0014506.jpg,/root/isic_overlap_pilot_self_contained/data/isic2018/raw/task1_masks/ISIC2018_Task1_Training_GroundTruth/ISIC_0014506_segmentation.png,1,,e52b91645413de73,1849,train
ISIC_0014507,/root/derm_pilot_v100/data/isic2018_raw/ISIC2018_Task1-2_Training_Input/ISIC_0014507.jpg,/root/isic_overlap_pilot_self_contained/data/isic2018/raw/task1_masks/ISIC2018_Task1_Training_GroundTruth/ISIC_0014507_segmentation.png,1,,f788dd2375885532,1335,train
ISIC_0014511,/root/derm_pilot_v100/data/isic2018_raw/ISIC2018_Task1-2_Training_Input/ISIC_0014511.jpg,/root/isic_overlap_pilot_self_contained/data/isic2018/raw/task1_masks/ISIC2018_Task1_Training_GroundTruth/ISIC_0014511_segmentation.png,0,,f555554655d946c4,458,train
ISIC_0014513,/root/derm_pilot_v100/data/isic2018_raw/ISIC2018_Task1-2_Training_Input/ISIC_0014513.jpg,/root/isic_overlap_pilot_self_contained/data/isic2018/raw/task1_masks/ISIC2018_Task1_Training_GroundTruth/ISIC_0014513_segmentation.png,1,,f5d115c15555d594,1850,train
ISIC_0014518,/root/derm_pilot_v100/data/isic2018_raw/ISIC2018_Task1-2_Training_Input/ISIC_0014518.jpg,/root/isic_overlap_pilot_self_contained/data/isic2018/raw/task1_masks/ISIC2018_Task1_Training_GroundTruth/ISIC_0014518_segmentation.png,1,,e55d929349692cbc,1851,test
ISIC_0014522,/root/derm_pilot_v100/data/isic2018_raw/ISIC2018_Task1-2_Training_Input/ISIC_0014522.jpg,/root/isic_overlap_pilot_self_contained/data/isic2018/raw/task1_masks/ISIC2018_Task1_Training_GroundTruth/ISIC_0014522_segmentation.png,0,,f5d4d453718c5433,1852,train
ISIC_0014525,/root/derm_pilot_v100/data/isic2018_raw/ISIC2018_Task1-2_Training_Input/ISIC_0014525.jpg,/root/isic_overlap_pilot_self_contained/data/isic2018/raw/task1_masks/ISIC2018_Task1_Training_GroundTruth/ISIC_0014525_segmentation.png,1,,d4d555d5551454d9,458,train
ISIC_0014526,/root/derm_pilot_v100/data/isic2018_raw/ISIC2018_Task1-2_Training_Input/ISIC_0014526.jpg,/root/isic_overlap_pilot_self_contained/data/isic2018/raw/task1_masks/ISIC2018_Task1_Training_GroundTruth/ISIC_0014526_segmentation.png,0,,f58a5daa558a552a,1335,train
ISIC_0014527,/root/derm_pilot_v100/data/isic2018_raw/ISIC2018_Task1-2_Training_Input/ISIC_0014527.jpg,/root/isic_overlap_pilot_self_contained/data/isic2018/raw/task1_masks/ISIC2018_Task1_Training_GroundTruth/ISIC_0014527_segmentation.png,1,,a5d4956d45971565,1853,train
ISIC_0014529,/root/derm_pilot_v100/data/isic2018_raw/ISIC2018_Task1-2_Training_Input/ISIC_0014529.jpg,/root/isic_overlap_pilot_self_contained/data/isic2018/raw/task1_masks/ISIC2018_Task1_Training_GroundTruth/ISIC_0014529_segmentation.png,0,,d1aa54ab55aec433,1354,train
ISIC_0014535,/root/derm_pilot_v100/data/isic2018_raw/ISIC2018_Task1-2_Training_Input/ISIC_0014535.jpg,/root/isic_overlap_pilot_self_contained/data/isic2018/raw/task1_masks/ISIC2018_Task1_Training_GroundTruth/ISIC_0014535_segmentation.png,0,,a5945555555555d5,458,train
ISIC_0014537,/root/derm_pilot_v100/data/isic2018_raw/ISIC2018_Task1-2_Training_Input/ISIC_0014537.jpg,/root/isic_overlap_pilot_self_contained/data/isic2018/raw/task1_masks/ISIC2018_Task1_Training_GroundTruth/ISIC_0014537_segmentation.png,0,,b5c1d5dd551d5510,1854,test
ISIC_0014541,/root/derm_pilot_v100/data/isic2018_raw/ISIC2018_Task1-2_Training_Input/ISIC_0014541.jpg,/root/isic_overlap_pilot_self_contained/data/isic2018/raw/task1_masks/ISIC2018_Task1_Training_GroundTruth/ISIC_0014541_segmentation.png,1,,c5ca95b555d54471,1855,val
ISIC_0014542,/root/derm_pilot_v100/data/isic2018_raw/ISIC2018_Task1-2_Training_Input/ISIC_0014542.jpg,/root/isic_overlap_pilot_self_contained/data/isic2018/raw/task1_masks/ISIC2018_Task1_Training_GroundTruth/ISIC_0014542_segmentation.png,1,,e0ef12f4047b9366,1856,train
ISIC_0014543,/root/derm_pilot_v100/data/isic2018_raw/ISIC2018_Task1-2_Training_Input/ISIC_0014543.jpg,/root/isic_overlap_pilot_self_contained/data/isic2018/raw/task1_masks/ISIC2018_Task1_Training_GroundTruth/ISIC_0014543_segmentation.png,1,,f5885523d5aad5a8,1857,test
ISIC_0014545,/root/derm_pilot_v100/data/isic2018_raw/ISIC2018_Task1-2_Training_Input/ISIC_0014545.jpg,/root/isic_overlap_pilot_self_contained/data/isic2018/raw/task1_masks/ISIC2018_Task1_Training_GroundTruth/ISIC_0014545_segmentation.png,1,,b18e8c3344ce51fe,1858,train
ISIC_0014546,/root/derm_pilot_v100/data/isic2018_raw/ISIC2018_Task1-2_Training_Input/ISIC_0014546.jpg,/root/isic_overlap_pilot_self_contained/data/isic2018/raw/task1_masks/ISIC2018_Task1_Training_GroundTruth/ISIC_0014546_segmentation.png,1,,e584950714df1d5d,1859,val
ISIC_0014547,/root/derm_pilot_v100/data/isic2018_raw/ISIC2018_Task1-2_Training_Input/ISIC_0014547.jpg,/root/isic_overlap_pilot_self_contained/data/isic2018/raw/task1_masks/ISIC2018_Task1_Training_GroundTruth/ISIC_0014547_segmentation.png,0,,f5811487d037d51f,1860,train
ISIC_0014548,/root/derm_pilot_v100/data/isic2018_raw/ISIC2018_Task1-2_Training_Input/ISIC_0014548.jpg,/root/isic_overlap_pilot_self_contained/data/isic2018/raw/task1_masks/ISIC2018_Task1_Training_GroundTruth/ISIC_0014548_segmentation.png,1,,e68d111704d957dd,1861,train
ISIC_0014554,/root/derm_pilot_v100/data/isic2018_raw/ISIC2018_Task1-2_Training_Input/ISIC_0014554.jpg,/root/isic_overlap_pilot_self_contained/data/isic2018/raw/task1_masks/ISIC2018_Task1_Training_GroundTruth/ISIC_0014554_segmentation.png,0,,c416119949db773d,1862,test
ISIC_0014558,/root/derm_pilot_v100/data/isic2018_raw/ISIC2018_Task1-2_Training_Input/ISIC_0014558.jpg,/root/isic_overlap_pilot_self_contained/data/isic2018/raw/task1_masks/ISIC2018_Task1_Training_GroundTruth/ISIC_0014558_segmentation.png,1,,b714cdc151717475,1863,train
ISIC_0014559,/root/derm_pilot_v100/data/isic2018_raw/ISIC2018_Task1-2_Training_Input/ISIC_0014559.jpg,/root/isic_overlap_pilot_self_contained/data/isic2018/raw/task1_masks/ISIC2018_Task1_Training_GroundTruth/ISIC_0014559_segmentation.png,1,,f324ccc113d655cd,1864,train
ISIC_0014567,/root/derm_pilot_v100/data/isic2018_raw/ISIC2018_Task1-2_Training_Input/ISIC_0014567.jpg,/root/isic_overlap_pilot_self_contained/data/isic2018/raw/task1_masks/ISIC2018_Task1_Training_GroundTruth/ISIC_0014567_segmentation.png,0,,c06f012776bf0277,1865,train
ISIC_0014572,/root/derm_pilot_v100/data/isic2018_raw/ISIC2018_Task1-2_Training_Input/ISIC_0014572.jpg,/root/isic_overlap_pilot_self_contained/data/isic2018/raw/task1_masks/ISIC2018_Task1_Training_GroundTruth/ISIC_0014572_segmentation.png,0,,d57648c9236644df,1866,train
ISIC_0014573,/root/derm_pilot_v100/data/isic2018_raw/ISIC2018_Task1-2_Training_Input/ISIC_0014573.jpg,/root/isic_overlap_pilot_self_contained/data/isic2018/raw/task1_masks/ISIC2018_Task1_Training_GroundTruth/ISIC_0014573_segmentation.png,0,,81274058777705ff,1867,val
ISIC_0014574,/root/derm_pilot_v100/data/isic2018_raw/ISIC2018_Task1-2_Training_Input/ISIC_0014574.jpg,/root/isic_overlap_pilot_self_contained/data/isic2018/raw/task1_masks/ISIC2018_Task1_Training_GroundTruth/ISIC_0014574_segmentation.png,0,,91ef008b77ff0039,1868,val
ISIC_0014576,/root/derm_pilot_v100/data/isic2018_raw/ISIC2018_Task1-2_Training_Input/ISIC_0014576.jpg,/root/isic_overlap_pilot_self_contained/data/isic2018/raw/task1_masks/ISIC2018_Task1_Training_GroundTruth/ISIC_0014576_segmentation.png,0,,c14948495bf796b6,1869,train
ISIC_0014577,/root/derm_pilot_v100/data/isic2018_raw/ISIC2018_Task1-2_Training_Input/ISIC_0014577.jpg,/root/isic_overlap_pilot_self_contained/data/isic2018/raw/task1_masks/ISIC2018_Task1_Training_GroundTruth/ISIC_0014577_segmentation.png,0,,856d006d6f694d6d,1870,train
ISIC_0014580,/root/derm_pilot_v100/data/isic2018_raw/ISIC2018_Task1-2_Training_Input/ISIC_0014580.jpg,/root/isic_overlap_pilot_self_contained/data/isic2018/raw/task1_masks/ISIC2018_Task1_Training_GroundTruth/ISIC_0014580_segmentation.png,0,,83fc400fff001ff4,1871,test
ISIC_0014581,/root/derm_pilot_v100/data/isic2018_raw/ISIC2018_Task1-2_Training_Input/ISIC_0014581.jpg,/root/isic_overlap_pilot_self_contained/data/isic2018/raw/task1_masks/ISIC2018_Task1_Training_GroundTruth/ISIC_0014581_segmentation.png,0,,930740e87fff4107,1872,train
ISIC_0014583,/root/derm_pilot_v100/data/isic2018_raw/ISIC2018_Task1-2_Training_Input/ISIC_0014583.jpg,/root/isic_overlap_pilot_self_contained/data/isic2018/raw/task1_masks/ISIC2018_Task1_Training_GroundTruth/ISIC_0014583_segmentation.png,0,,d2ad054a3bd54d55,1873,test
ISIC_0014585,/root/derm_pilot_v100/data/isic2018_raw/ISIC2018_Task1-2_Training_Input/ISIC_0014585.jpg,/root/isic_overlap_pilot_self_contained/data/isic2018/raw/task1_masks/ISIC2018_Task1_Training_GroundTruth/ISIC_0014585_segmentation.png,0,,911344cc456753ff,1874,train
ISIC_0014586,/root/derm_pilot_v100/data/isic2018_raw/ISIC2018_Task1-2_Training_Input/ISIC_0014586.jpg,/root/isic_overlap_pilot_self_contained/data/isic2018/raw/task1_masks/ISIC2018_Task1_Training_GroundTruth/ISIC_0014586_segmentation.png,0,,c5e4989969cb256e,1875,train
ISIC_0014587,/root/derm_pilot_v100/data/isic2018_raw/ISIC2018_Task1-2_Training_Input/ISIC_0014587.jpg,/root/isic_overlap_pilot_self_contained/data/isic2018/raw/task1_masks/ISIC2018_Task1_Training_GroundTruth/ISIC_0014587_segmentation.png,0,,970900f71bdd5d31,1876,train
ISIC_0014596,/root/derm_pilot_v100/data/isic2018_raw/ISIC2018_Task1-2_Training_Input/ISIC_0014596.jpg,/root/isic_overlap_pilot_self_contained/data/isic2018/raw/task1_masks/ISIC2018_Task1_Training_GroundTruth/ISIC_0014596_segmentation.png,0,,c1ff008033ff0cdd,1877,train
ISIC_0014599,/root/derm_pilot_v100/data/isic2018_raw/ISIC2018_Task1-2_Training_Input/ISIC_0014599.jpg,/root/isic_overlap_pilot_self_contained/data/isic2018/raw/task1_masks/ISIC2018_Task1_Training_GroundTruth/ISIC_0014599_segmentation.png,0,,e5c5965a11e74b4c,1878,test
ISIC_0014600,/root/derm_pilot_v100/data/isic2018_raw/ISIC2018_Task1-2_Training_Input/ISIC_0014600.jpg,/root/isic_overlap_pilot_self_contained/data/isic2018/raw/task1_masks/ISIC2018_Task1_Training_GroundTruth/ISIC_0014600_segmentation.png,0,,c31144a6335bcdcf,1879,train
ISIC_0014601,/root/derm_pilot_v100/data/isic2018_raw/ISIC2018_Task1-2_Training_Input/ISIC_0014601.jpg,/root/isic_overlap_pilot_self_contained/data/isic2018/raw/task1_masks/ISIC2018_Task1_Training_GroundTruth/ISIC_0014601_segmentation.png,0,,d055553a6ac74373,1880,train
ISIC_0014603,/root/derm_pilot_v100/data/isic2018_raw/ISIC2018_Task1-2_Training_Input/ISIC_0014603.jpg,/root/isic_overlap_pilot_self_contained/data/isic2018/raw/task1_masks/ISIC2018_Task1_Training_GroundTruth/ISIC_0014603_segmentation.png,0,,c71c086777da0c3b,1881,train
ISIC_0014605,/root/derm_pilot_v100/data/isic2018_raw/ISIC2018_Task1-2_Training_Input/ISIC_0014605.jpg,/root/isic_overlap_pilot_self_contained/data/isic2018/raw/task1_masks/ISIC2018_Task1_Training_GroundTruth/ISIC_0014605_segmentation.png,0,,e76b004bcd379331,1882,val
ISIC_0014609,/root/derm_pilot_v100/data/isic2018_raw/ISIC2018_Task1-2_Training_Input/ISIC_0014609.jpg,/root/isic_overlap_pilot_self_contained/data/isic2018/raw/task1_masks/ISIC2018_Task1_Training_GroundTruth/ISIC_0014609_segmentation.png,0,,b49c897ccdd36630,1883,test
ISIC_0014610,/root/derm_pilot_v100/data/isic2018_raw/ISIC2018_Task1-2_Training_Input/ISIC_0014610.jpg,/root/isic_overlap_pilot_self_contained/data/isic2018/raw/task1_masks/ISIC2018_Task1_Training_GroundTruth/ISIC_0014610_segmentation.png,0,,d525087377761999,1884,val
ISIC_0014617,/root/derm_pilot_v100/data/isic2018_raw/ISIC2018_Task1-2_Training_Input/ISIC_0014617.jpg,/root/isic_overlap_pilot_self_contained/data/isic2018/raw/task1_masks/ISIC2018_Task1_Training_GroundTruth/ISIC_0014617_segmentation.png,0,,815544233bddcc77,1885,test
ISIC_0014619,/root/derm_pilot_v100/data/isic2018_raw/ISIC2018_Task1-2_Training_Input/ISIC_0014619.jpg,/root/isic_overlap_pilot_self_contained/data/isic2018/raw/task1_masks/ISIC2018_Task1_Training_GroundTruth/ISIC_0014619_segmentation.png,0,,c405516e67d5543f,1886,train
ISIC_0014623,/root/derm_pilot_v100/data/isic2018_raw/ISIC2018_Task1-2_Training_Input/ISIC_0014623.jpg,/root/isic_overlap_pilot_self_contained/data/isic2018/raw/task1_masks/ISIC2018_Task1_Training_GroundTruth/ISIC_0014623_segmentation.png,0,,e51491494d6567d7,1887,train
ISIC_0014624,/root/derm_pilot_v100/data/isic2018_raw/ISIC2018_Task1-2_Training_Input/ISIC_0014624.jpg,/root/isic_overlap_pilot_self_contained/data/isic2018/raw/task1_masks/ISIC2018_Task1_Training_GroundTruth/ISIC_0014624_segmentation.png,0,,915c4cc7317873c7,315,train
ISIC_0014625,/root/derm_pilot_v100/data/isic2018_raw/ISIC2018_Task1-2_Training_Input/ISIC_0014625.jpg,/root/isic_overlap_pilot_self_contained/data/isic2018/raw/task1_masks/ISIC2018_Task1_Training_GroundTruth/ISIC_0014625_segmentation.png,0,,c43115957b7345d3,1888,train
ISIC_0014628,/root/derm_pilot_v100/data/isic2018_raw/ISIC2018_Task1-2_Training_Input/ISIC_0014628.jpg,/root/isic_overlap_pilot_self_contained/data/isic2018/raw/task1_masks/ISIC2018_Task1_Training_GroundTruth/ISIC_0014628_segmentation.png,0,,83d144263b7d15d7,1889,train
ISIC_0014632,/root/derm_pilot_v100/data/isic2018_raw/ISIC2018_Task1-2_Training_Input/ISIC_0014632.jpg,/root/isic_overlap_pilot_self_contained/data/isic2018/raw/task1_masks/ISIC2018_Task1_Training_GroundTruth/ISIC_0014632_segmentation.png,0,,c001053f7f5f5d15,1890,train
ISIC_0014633,/root/derm_pilot_v100/data/isic2018_raw/ISIC2018_Task1-2_Training_Input/ISIC_0014633.jpg,/root/isic_overlap_pilot_self_contained/data/isic2018/raw/task1_masks/ISIC2018_Task1_Training_GroundTruth/ISIC_0014633_segmentation.png,0,,c5515c4757171dcc,1891,train
ISIC_0014635,/root/derm_pilot_v100/data/isic2018_raw/ISIC2018_Task1-2_Training_Input/ISIC_0014635.jpg,/root/isic_overlap_pilot_self_contained/data/isic2018/raw/task1_masks/ISIC2018_Task1_Training_GroundTruth/ISIC_0014635_segmentation.png,0,,c4e5144337ff0157,1892,train
ISIC_0014637,/root/derm_pilot_v100/data/isic2018_raw/ISIC2018_Task1-2_Training_Input/ISIC_0014637.jpg,/root/isic_overlap_pilot_self_contained/data/isic2018/raw/task1_masks/ISIC2018_Task1_Training_GroundTruth/ISIC_0014637_segmentation.png,0,,d1ab4c9c10b317cf,1893,train
ISIC_0014639,/root/derm_pilot_v100/data/isic2018_raw/ISIC2018_Task1-2_Training_Input/ISIC_0014639.jpg,/root/isic_overlap_pilot_self_contained/data/isic2018/raw/task1_masks/ISIC2018_Task1_Training_GroundTruth/ISIC_0014639_segmentation.png,0,,918f008173f75cdd,1894,train
ISIC_0014640,/root/derm_pilot_v100/data/isic2018_raw/ISIC2018_Task1-2_Training_Input/ISIC_0014640.jpg,/root/isic_overlap_pilot_self_contained/data/isic2018/raw/task1_masks/ISIC2018_Task1_Training_GroundTruth/ISIC_0014640_segmentation.png,0,,8515559a7b754754,1895,train
ISIC_0014642,/root/derm_pilot_v100/data/isic2018_raw/ISIC2018_Task1-2_Training_Input/ISIC_0014642.jpg,/root/isic_overlap_pilot_self_contained/data/isic2018/raw/task1_masks/ISIC2018_Task1_Training_GroundTruth/ISIC_0014642_segmentation.png,0,,801145ce7f575573,1896,train
ISIC_0014643,/root/derm_pilot_v100/data/isic2018_raw/ISIC2018_Task1-2_Training_Input/ISIC_0014643.jpg,/root/isic_overlap_pilot_self_contained/data/isic2018/raw/task1_masks/ISIC2018_Task1_Training_GroundTruth/ISIC_0014643_segmentation.png,0,,8035112e6fdd5537,1897,train
ISIC_0014651,/root/derm_pilot_v100/data/isic2018_raw/ISIC2018_Task1-2_Training_Input/ISIC_0014651.jpg,/root/isic_overlap_pilot_self_contained/data/isic2018/raw/task1_masks/ISIC2018_Task1_Training_GroundTruth/ISIC_0014651_segmentation.png,0,,d11544ee33554dc7,1898,train
ISIC_0014652,/root/derm_pilot_v100/data/isic2018_raw/ISIC2018_Task1-2_Training_Input/ISIC_0014652.jpg,/root/isic_overlap_pilot_self_contained/data/isic2018/raw/task1_masks/ISIC2018_Task1_Training_GroundTruth/ISIC_0014652_segmentation.png,0,,bd415425c91ed979,1899,train
ISIC_0014657,/root/derm_pilot_v100/data/isic2018_raw/ISIC2018_Task1-2_Training_Input/ISIC_0014657.jpg,/root/isic_overlap_pilot_self_contained/data/isic2018/raw/task1_masks/ISIC2018_Task1_Training_GroundTruth/ISIC_0014657_segmentation.png,0,,f432d98bc66468b3,158,train
ISIC_0014658,/root/derm_pilot_v100/data/isic2018_raw/ISIC2018_Task1-2_Training_Input/ISIC_0014658.jpg,/root/isic_overlap_pilot_self_contained/data/isic2018/raw/task1_masks/ISIC2018_Task1_Training_GroundTruth/ISIC_0014658_segmentation.png,0,,e5999a676d4c3492,1900,train
ISIC_0014661,/root/derm_pilot_v100/data/isic2018_raw/ISIC2018_Task1-2_Training_Input/ISIC_0014661.jpg,/root/isic_overlap_pilot_self_contained/data/isic2018/raw/task1_masks/ISIC2018_Task1_Training_GroundTruth/ISIC_0014661_segmentation.png,0,,b0cc8f1a3ccd3366,1901,train
ISIC_0014663,/root/derm_pilot_v100/data/isic2018_raw/ISIC2018_Task1-2_Training_Input/ISIC_0014663.jpg,/root/isic_overlap_pilot_self_contained/data/isic2018/raw/task1_masks/ISIC2018_Task1_Training_GroundTruth/ISIC_0014663_segmentation.png,1,,e969956697711266,1902,train
ISIC_0014664,/root/derm_pilot_v100/data/isic2018_raw/ISIC2018_Task1-2_Training_Input/ISIC_0014664.jpg,/root/isic_overlap_pilot_self_contained/data/isic2018/raw/task1_masks/ISIC2018_Task1_Training_GroundTruth/ISIC_0014664_segmentation.png,0,,fc24b01e936f8536,1903,train
ISIC_0014665,/root/derm_pilot_v100/data/isic2018_raw/ISIC2018_Task1-2_Training_Input/ISIC_0014665.jpg,/root/isic_overlap_pilot_self_contained/data/isic2018/raw/task1_masks/ISIC2018_Task1_Training_GroundTruth/ISIC_0014665_segmentation.png,0,,e49b92666d9a9649,1904,train
ISIC_0014666,/root/derm_pilot_v100/data/isic2018_raw/ISIC2018_Task1-2_Training_Input/ISIC_0014666.jpg,/root/isic_overlap_pilot_self_contained/data/isic2018/raw/task1_masks/ISIC2018_Task1_Training_GroundTruth/ISIC_0014666_segmentation.png,1,,a892c34fc6d93e61,1905,train
ISIC_0014667,/root/derm_pilot_v100/data/isic2018_raw/ISIC2018_Task1-2_Training_Input/ISIC_0014667.jpg,/root/isic_overlap_pilot_self_contained/data/isic2018/raw/task1_masks/ISIC2018_Task1_Training_GroundTruth/ISIC_0014667_segmentation.png,0,,b766991b654d2332,1906,val
ISIC_0014675,/root/derm_pilot_v100/data/isic2018_raw/ISIC2018_Task1-2_Training_Input/ISIC_0014675.jpg,/root/isic_overlap_pilot_self_contained/data/isic2018/raw/task1_masks/ISIC2018_Task1_Training_GroundTruth/ISIC_0014675_segmentation.png,0,,a624c99372ccce73,1907,val
ISIC_0014677,/root/derm_pilot_v100/data/isic2018_raw/ISIC2018_Task1-2_Training_Input/ISIC_0014677.jpg,/root/isic_overlap_pilot_self_contained/data/isic2018/raw/task1_masks/ISIC2018_Task1_Training_GroundTruth/ISIC_0014677_segmentation.png,0,,b1b9ce4671c94e4c,1908,train
ISIC_0014680,/root/derm_pilot_v100/data/isic2018_raw/ISIC2018_Task1-2_Training_Input/ISIC_0014680.jpg,/root/isic_overlap_pilot_self_contained/data/isic2018/raw/task1_masks/ISIC2018_Task1_Training_GroundTruth/ISIC_0014680_segmentation.png,0,,a369ce873d590798,1909,train
ISIC_0014682,/root/derm_pilot_v100/data/isic2018_raw/ISIC2018_Task1-2_Training_Input/ISIC_0014682.jpg,/root/isic_overlap_pilot_self_contained/data/isic2018/raw/task1_masks/ISIC2018_Task1_Training_GroundTruth/ISIC_0014682_segmentation.png,0,,a31edcd88d33c662,1910,train
ISIC_0014683,/root/derm_pilot_v100/data/isic2018_raw/ISIC2018_Task1-2_Training_Input/ISIC_0014683.jpg,/root/isic_overlap_pilot_self_contained/data/isic2018/raw/task1_masks/ISIC2018_Task1_Training_GroundTruth/ISIC_0014683_segmentation.png,0,,f50ccbc62c4e7332,1911,train
ISIC_0014684,/root/derm_pilot_v100/data/isic2018_raw/ISIC2018_Task1-2_Training_Input/ISIC_0014684.jpg,/root/isic_overlap_pilot_self_contained/data/isic2018/raw/task1_masks/ISIC2018_Task1_Training_GroundTruth/ISIC_0014684_segmentation.png,0,,e626999c6333d626,1912,train
ISIC_0014685,/root/derm_pilot_v100/data/isic2018_raw/ISIC2018_Task1-2_Training_Input/ISIC_0014685.jpg,/root/isic_overlap_pilot_self_contained/data/isic2018/raw/task1_masks/ISIC2018_Task1_Training_GroundTruth/ISIC_0014685_segmentation.png,0,,c46c9b99646c9b93,1913,train
ISIC_0014687,/root/derm_pilot_v100/data/isic2018_raw/ISIC2018_Task1-2_Training_Input/ISIC_0014687.jpg,/root/isic_overlap_pilot_self_contained/data/isic2018/raw/task1_masks/ISIC2018_Task1_Training_GroundTruth/ISIC_0014687_segmentation.png,0,,e7a19e869998a1d9,1914,train
ISIC_0014688,/root/derm_pilot_v100/data/isic2018_raw/ISIC2018_Task1-2_Training_Input/ISIC_0014688.jpg,/root/isic_overlap_pilot_self_contained/data/isic2018/raw/task1_masks/ISIC2018_Task1_Training_GroundTruth/ISIC_0014688_segmentation.png,1,,fdbac9a1d8d2c281,1915,train
ISIC_0014692,/root/derm_pilot_v100/data/isic2018_raw/ISIC2018_Task1-2_Training_Input/ISIC_0014692.jpg,/root/isic_overlap_pilot_self_contained/data/isic2018/raw/task1_masks/ISIC2018_Task1_Training_GroundTruth/ISIC_0014692_segmentation.png,0,,e4989b6492996bb3,1916,test
ISIC_0014693,/root/derm_pilot_v100/data/isic2018_raw/ISIC2018_Task1-2_Training_Input/ISIC_0014693.jpg,/root/isic_overlap_pilot_self_contained/data/isic2018/raw/task1_masks/ISIC2018_Task1_Training_GroundTruth/ISIC_0014693_segmentation.png,0,,af9fc1d0b430e0d3,1917,train
ISIC_0014694,/root/derm_pilot_v100/data/isic2018_raw/ISIC2018_Task1-2_Training_Input/ISIC_0014694.jpg,/root/isic_overlap_pilot_self_contained/data/isic2018/raw/task1_masks/ISIC2018_Task1_Training_GroundTruth/ISIC_0014694_segmentation.png,0,,b066c31bccb31ecc,1918,train
ISIC_0014696,/root/derm_pilot_v100/data/isic2018_raw/ISIC2018_Task1-2_Training_Input/ISIC_0014696.jpg,/root/isic_overlap_pilot_self_contained/data/isic2018/raw/task1_masks/ISIC2018_Task1_Training_GroundTruth/ISIC_0014696_segmentation.png,0,,ab84d04b9f6ad835,1919,train
ISIC_0014697,/root/derm_pilot_v100/data/isic2018_raw/ISIC2018_Task1-2_Training_Input/ISIC_0014697.jpg,/root/isic_overlap_pilot_self_contained/data/isic2018/raw/task1_masks/ISIC2018_Task1_Training_GroundTruth/ISIC_0014697_segmentation.png,0,,b3338c9c34c6c33e,1920,train
ISIC_0014698,/root/derm_pilot_v100/data/isic2018_raw/ISIC2018_Task1-2_Training_Input/ISIC_0014698.jpg,/root/isic_overlap_pilot_self_contained/data/isic2018/raw/task1_masks/ISIC2018_Task1_Training_GroundTruth/ISIC_0014698_segmentation.png,0,,b6328dcc6331d336,165,train
ISIC_0014702,/root/derm_pilot_v100/data/isic2018_raw/ISIC2018_Task1-2_Training_Input/ISIC_0014702.jpg,/root/isic_overlap_pilot_self_contained/data/isic2018/raw/task1_masks/ISIC2018_Task1_Training_GroundTruth/ISIC_0014702_segmentation.png,0,,b312cc3273ec9d89,1921,train
ISIC_0014703,/root/derm_pilot_v100/data/isic2018_raw/ISIC2018_Task1-2_Training_Input/ISIC_0014703.jpg,/root/isic_overlap_pilot_self_contained/data/isic2018/raw/task1_masks/ISIC2018_Task1_Training_GroundTruth/ISIC_0014703_segmentation.png,1,,b2b99c8e97220e9d,1922,test
ISIC_0014707,/root/derm_pilot_v100/data/isic2018_raw/ISIC2018_Task1-2_Training_Input/ISIC_0014707.jpg,/root/isic_overlap_pilot_self_contained/data/isic2018/raw/task1_masks/ISIC2018_Task1_Training_GroundTruth/ISIC_0014707_segmentation.png,0,,e631d9cc66993626,1923,train
ISIC_0014708,/root/derm_pilot_v100/data/isic2018_raw/ISIC2018_Task1-2_Training_Input/ISIC_0014708.jpg,/root/isic_overlap_pilot_self_contained/data/isic2018/raw/task1_masks/ISIC2018_Task1_Training_GroundTruth/ISIC_0014708_segmentation.png,0,,b023cb68cccbbccc,1924,train
ISIC_0014713,/root/derm_pilot_v100/data/isic2018_raw/ISIC2018_Task1-2_Training_Input/ISIC_0014713.jpg,/root/isic_overlap_pilot_self_contained/data/isic2018/raw/task1_masks/ISIC2018_Task1_Training_GroundTruth/ISIC_0014713_segmentation.png,0,,b2a4c9dd3673c2a4,1925,train
ISIC_0014714,/root/derm_pilot_v100/data/isic2018_raw/ISIC2018_Task1-2_Training_Input/ISIC_0014714.jpg,/root/isic_overlap_pilot_self_contained/data/isic2018/raw/task1_masks/ISIC2018_Task1_Training_GroundTruth/ISIC_0014714_segmentation.png,0,,f8078578c5e49e17,1926,train
ISIC_0014715,/root/derm_pilot_v100/data/isic2018_raw/ISIC2018_Task1-2_Training_Input/ISIC_0014715.jpg,/root/isic_overlap_pilot_self_contained/data/isic2018/raw/task1_masks/ISIC2018_Task1_Training_GroundTruth/ISIC_0014715_segmentation.png,0,,b68cc976711ce48b,1927,train
ISIC_0014716,/root/derm_pilot_v100/data/isic2018_raw/ISIC2018_Task1-2_Training_Input/ISIC_0014716.jpg,/root/isic_overlap_pilot_self_contained/data/isic2018/raw/task1_masks/ISIC2018_Task1_Training_GroundTruth/ISIC_0014716_segmentation.png,0,,f483c8cf8db24cf0,1928,train
ISIC_0014720,/root/derm_pilot_v100/data/isic2018_raw/ISIC2018_Task1-2_Training_Input/ISIC_0014720.jpg,/root/isic_overlap_pilot_self_contained/data/isic2018/raw/task1_masks/ISIC2018_Task1_Training_GroundTruth/ISIC_0014720_segmentation.png,0,,b0308fd16acea6a7,1929,train
ISIC_0014722,/root/derm_pilot_v100/data/isic2018_raw/ISIC2018_Task1-2_Training_Input/ISIC_0014722.jpg,/root/isic_overlap_pilot_self_contained/data/isic2018/raw/task1_masks/ISIC2018_Task1_Training_GroundTruth/ISIC_0014722_segmentation.png,1,,bc2cc297c96ad9a1,1930,train
ISIC_0014723,/root/derm_pilot_v100/data/isic2018_raw/ISIC2018_Task1-2_Training_Input/ISIC_0014723.jpg,/root/isic_overlap_pilot_self_contained/data/isic2018/raw/task1_masks/ISIC2018_Task1_Training_GroundTruth/ISIC_0014723_segmentation.png,0,,b435ca30cfc91bc9,1931,train
ISIC_0014724,/root/derm_pilot_v100/data/isic2018_raw/ISIC2018_Task1-2_Training_Input/ISIC_0014724.jpg,/root/isic_overlap_pilot_self_contained/data/isic2018/raw/task1_masks/ISIC2018_Task1_Training_GroundTruth/ISIC_0014724_segmentation.png,0,,efb79453d038814d,1932,train
ISIC_0014725,/root/derm_pilot_v100/data/isic2018_raw/ISIC2018_Task1-2_Training_Input/ISIC_0014725.jpg,/root/isic_overlap_pilot_self_contained/data/isic2018/raw/task1_masks/ISIC2018_Task1_Training_GroundTruth/ISIC_0014725_segmentation.png,0,,f139c6c7396c3132,1933,train
ISIC_0014726,/root/derm_pilot_v100/data/isic2018_raw/ISIC2018_Task1-2_Training_Input/ISIC_0014726.jpg,/root/isic_overlap_pilot_self_contained/data/isic2018/raw/task1_masks/ISIC2018_Task1_Training_GroundTruth/ISIC_0014726_segmentation.png,0,,bc9ac30dde039f60,1934,train
ISIC_0014728,/root/derm_pilot_v100/data/isic2018_raw/ISIC2018_Task1-2_Training_Input/ISIC_0014728.jpg,/root/isic_overlap_pilot_self_contained/data/isic2018/raw/task1_masks/ISIC2018_Task1_Training_GroundTruth/ISIC_0014728_segmentation.png,0,,fc1895c8c6e5cb31,1935,val
ISIC_0014729,/root/derm_pilot_v100/data/isic2018_raw/ISIC2018_Task1-2_Training_Input/ISIC_0014729.jpg,/root/isic_overlap_pilot_self_contained/data/isic2018/raw/task1_masks/ISIC2018_Task1_Training_GroundTruth/ISIC_0014729_segmentation.png,0,,b096c26fd37bca04,1936,val
ISIC_0014730,/root/derm_pilot_v100/data/isic2018_raw/ISIC2018_Task1-2_Training_Input/ISIC_0014730.jpg,/root/isic_overlap_pilot_self_contained/data/isic2018/raw/task1_masks/ISIC2018_Task1_Training_GroundTruth/ISIC_0014730_segmentation.png,0,,e632999b6434d333,1937,train
ISIC_0014731,/root/derm_pilot_v100/data/isic2018_raw/ISIC2018_Task1-2_Training_Input/ISIC_0014731.jpg,/root/isic_overlap_pilot_self_contained/data/isic2018/raw/task1_masks/ISIC2018_Task1_Training_GroundTruth/ISIC_0014731_segmentation.png,0,,f357cda03093a39a,1938,train
ISIC_0014735,/root/derm_pilot_v100/data/isic2018_raw/ISIC2018_Task1-2_Training_Input/ISIC_0014735.jpg,/root/isic_overlap_pilot_self_contained/data/isic2018/raw/task1_masks/ISIC2018_Task1_Training_GroundTruth/ISIC_0014735_segmentation.png,1,,ff6090378535d217,1939,train
ISIC_0014739,/root/derm_pilot_v100/data/isic2018_raw/ISIC2018_Task1-2_Training_Input/ISIC_0014739.jpg,/root/isic_overlap_pilot_self_contained/data/isic2018/raw/task1_masks/ISIC2018_Task1_Training_GroundTruth/ISIC_0014739_segmentation.png,0,,b3c9c93135ce9299,182,val
ISIC_0014740,/root/derm_pilot_v100/data/isic2018_raw/ISIC2018_Task1-2_Training_Input/ISIC_0014740.jpg,/root/isic_overlap_pilot_self_contained/data/isic2018/raw/task1_masks/ISIC2018_Task1_Training_GroundTruth/ISIC_0014740_segmentation.png,0,,edb4d0c2879e94ca,1940,train
ISIC_0014742,/root/derm_pilot_v100/data/isic2018_raw/ISIC2018_Task1-2_Training_Input/ISIC_0014742.jpg,/root/isic_overlap_pilot_self_contained/data/isic2018/raw/task1_masks/ISIC2018_Task1_Training_GroundTruth/ISIC_0014742_segmentation.png,0,,ade1d01fd2b68e14,1941,train
ISIC_0014743,/root/derm_pilot_v100/data/isic2018_raw/ISIC2018_Task1-2_Training_Input/ISIC_0014743.jpg,/root/isic_overlap_pilot_self_contained/data/isic2018/raw/task1_masks/ISIC2018_Task1_Training_GroundTruth/ISIC_0014743_segmentation.png,0,,bfe6c0330998374d,1942,train
ISIC_0014745,/root/derm_pilot_v100/data/isic2018_raw/ISIC2018_Task1-2_Training_Input/ISIC_0014745.jpg,/root/isic_overlap_pilot_self_contained/data/isic2018/raw/task1_masks/ISIC2018_Task1_Training_GroundTruth/ISIC_0014745_segmentation.png,0,,b48bcf341971334e,1943,train
ISIC_0014746,/root/derm_pilot_v100/data/isic2018_raw/ISIC2018_Task1-2_Training_Input/ISIC_0014746.jpg,/root/isic_overlap_pilot_self_contained/data/isic2018/raw/task1_masks/ISIC2018_Task1_Training_GroundTruth/ISIC_0014746_segmentation.png,0,,e86a852587e7c6c6,1944,train
ISIC_0014748,/root/derm_pilot_v100/data/isic2018_raw/ISIC2018_Task1-2_Training_Input/ISIC_0014748.jpg,/root/isic_overlap_pilot_self_contained/data/isic2018/raw/task1_masks/ISIC2018_Task1_Training_GroundTruth/ISIC_0014748_segmentation.png,0,,b493d3dbcb30cc48,180,train
ISIC_0014749,/root/derm_pilot_v100/data/isic2018_raw/ISIC2018_Task1-2_Training_Input/ISIC_0014749.jpg,/root/isic_overlap_pilot_self_contained/data/isic2018/raw/task1_masks/ISIC2018_Task1_Training_GroundTruth/ISIC_0014749_segmentation.png,0,,bcc8d30fcf30649a,1945,train
ISIC_0014753,/root/derm_pilot_v100/data/isic2018_raw/ISIC2018_Task1-2_Training_Input/ISIC_0014753.jpg,/root/isic_overlap_pilot_self_contained/data/isic2018/raw/task1_masks/ISIC2018_Task1_Training_GroundTruth/ISIC_0014753_segmentation.png,0,,e586c2969f1a969c,1946,train
ISIC_0014754,/root/derm_pilot_v100/data/isic2018_raw/ISIC2018_Task1-2_Training_Input/ISIC_0014754.jpg,/root/isic_overlap_pilot_self_contained/data/isic2018/raw/task1_masks/ISIC2018_Task1_Training_GroundTruth/ISIC_0014754_segmentation.png,0,,b48bcb6ccd308cb3,1947,train
ISIC_0014755,/root/derm_pilot_v100/data/isic2018_raw/ISIC2018_Task1-2_Training_Input/ISIC_0014755.jpg,/root/isic_overlap_pilot_self_contained/data/isic2018/raw/task1_masks/ISIC2018_Task1_Training_GroundTruth/ISIC_0014755_segmentation.png,0,,f430cb83cd4cf728,1948,train
ISIC_0014760,/root/derm_pilot_v100/data/isic2018_raw/ISIC2018_Task1-2_Training_Input/ISIC_0014760.jpg,/root/isic_overlap_pilot_self_contained/data/isic2018/raw/task1_masks/ISIC2018_Task1_Training_GroundTruth/ISIC_0014760_segmentation.png,0,,aeded595c0608a7c,1949,train
ISIC_0014762,/root/derm_pilot_v100/data/isic2018_raw/ISIC2018_Task1-2_Training_Input/ISIC_0014762.jpg,/root/isic_overlap_pilot_self_contained/data/isic2018/raw/task1_masks/ISIC2018_Task1_Training_GroundTruth/ISIC_0014762_segmentation.png,0,,eb0681789d4f96c9,1950,train
ISIC_0014763,/root/derm_pilot_v100/data/isic2018_raw/ISIC2018_Task1-2_Training_Input/ISIC_0014763.jpg,/root/isic_overlap_pilot_self_contained/data/isic2018/raw/task1_masks/ISIC2018_Task1_Training_GroundTruth/ISIC_0014763_segmentation.png,0,,b9e69427da21c798,1951,train
ISIC_0014765,/root/derm_pilot_v100/data/isic2018_raw/ISIC2018_Task1-2_Training_Input/ISIC_0014765.jpg,/root/isic_overlap_pilot_self_contained/data/isic2018/raw/task1_masks/ISIC2018_Task1_Training_GroundTruth/ISIC_0014765_segmentation.png,0,,e30c9cb673cc9c23,159,train
ISIC_0014768,/root/derm_pilot_v100/data/isic2018_raw/ISIC2018_Task1-2_Training_Input/ISIC_0014768.jpg,/root/isic_overlap_pilot_self_contained/data/isic2018/raw/task1_masks/ISIC2018_Task1_Training_GroundTruth/ISIC_0014768_segmentation.png,0,,a60099db7666e699,135,val
ISIC_0014769,/root/derm_pilot_v100/data/isic2018_raw/ISIC2018_Task1-2_Training_Input/ISIC_0014769.jpg,/root/isic_overlap_pilot_self_contained/data/isic2018/raw/task1_masks/ISIC2018_Task1_Training_GroundTruth/ISIC_0014769_segmentation.png,0,,a88987369bd990f6,1952,train
ISIC_0014770,/root/derm_pilot_v100/data/isic2018_raw/ISIC2018_Task1-2_Training_Input/ISIC_0014770.jpg,/root/isic_overlap_pilot_self_contained/data/isic2018/raw/task1_masks/ISIC2018_Task1_Training_GroundTruth/ISIC_0014770_segmentation.png,0,,b071cf9e36a53191,1953,train
ISIC_0014771,/root/derm_pilot_v100/data/isic2018_raw/ISIC2018_Task1-2_Training_Input/ISIC_0014771.jpg,/root/isic_overlap_pilot_self_contained/data/isic2018/raw/task1_masks/ISIC2018_Task1_Training_GroundTruth/ISIC_0014771_segmentation.png,0,,ef3dc0c89e875330,204,val
ISIC_0014772,/root/derm_pilot_v100/data/isic2018_raw/ISIC2018_Task1-2_Training_Input/ISIC_0014772.jpg,/root/isic_overlap_pilot_self_contained/data/isic2018/raw/task1_masks/ISIC2018_Task1_Training_GroundTruth/ISIC_0014772_segmentation.png,1,,a4a69399c9f10e67,1954,train
ISIC_0014773,/root/derm_pilot_v100/data/isic2018_raw/ISIC2018_Task1-2_Training_Input/ISIC_0014773.jpg,/root/isic_overlap_pilot_self_contained/data/isic2018/raw/task1_masks/ISIC2018_Task1_Training_GroundTruth/ISIC_0014773_segmentation.png,0,,e59e9a61e6c6189a,1955,train
ISIC_0014775,/root/derm_pilot_v100/data/isic2018_raw/ISIC2018_Task1-2_Training_Input/ISIC_0014775.jpg,/root/isic_overlap_pilot_self_contained/data/isic2018/raw/task1_masks/ISIC2018_Task1_Training_GroundTruth/ISIC_0014775_segmentation.png,0,,eaa09dd21e0be2ba,1956,test
ISIC_0014778,/root/derm_pilot_v100/data/isic2018_raw/ISIC2018_Task1-2_Training_Input/ISIC_0014778.jpg,/root/isic_overlap_pilot_self_contained/data/isic2018/raw/task1_masks/ISIC2018_Task1_Training_GroundTruth/ISIC_0014778_segmentation.png,0,,b3cccc3333ccc534,9,train
ISIC_0014779,/root/derm_pilot_v100/data/isic2018_raw/ISIC2018_Task1-2_Training_Input/ISIC_0014779.jpg,/root/isic_overlap_pilot_self_contained/data/isic2018/raw/task1_masks/ISIC2018_Task1_Training_GroundTruth/ISIC_0014779_segmentation.png,0,,e4249bcf739b2426,1957,val
ISIC_0014780,/root/derm_pilot_v100/data/isic2018_raw/ISIC2018_Task1-2_Training_Input/ISIC_0014780.jpg,/root/isic_overlap_pilot_self_contained/data/isic2018/raw/task1_masks/ISIC2018_Task1_Training_GroundTruth/ISIC_0014780_segmentation.png,0,,b49bcb2c1c33698e,1958,test
ISIC_0014782,/root/derm_pilot_v100/data/isic2018_raw/ISIC2018_Task1-2_Training_Input/ISIC_0014782.jpg,/root/isic_overlap_pilot_self_contained/data/isic2018/raw/task1_masks/ISIC2018_Task1_Training_GroundTruth/ISIC_0014782_segmentation.png,0,,bc9cc3e31c3c30e3,1959,train
ISIC_0014783,/root/derm_pilot_v100/data/isic2018_raw/ISIC2018_Task1-2_Training_Input/ISIC_0014783.jpg,/root/isic_overlap_pilot_self_contained/data/isic2018/raw/task1_masks/ISIC2018_Task1_Training_GroundTruth/ISIC_0014783_segmentation.png,0,,e1319ec36b8c6c69,1960,val
ISIC_0014784,/root/derm_pilot_v100/data/isic2018_raw/ISIC2018_Task1-2_Training_Input/ISIC_0014784.jpg,/root/isic_overlap_pilot_self_contained/data/isic2018/raw/task1_masks/ISIC2018_Task1_Training_GroundTruth/ISIC_0014784_segmentation.png,1,,aa6a9635919e595a,1961,train
ISIC_0014785,/root/derm_pilot_v100/data/isic2018_raw/ISIC2018_Task1-2_Training_Input/ISIC_0014785.jpg,/root/isic_overlap_pilot_self_contained/data/isic2018/raw/task1_masks/ISIC2018_Task1_Training_GroundTruth/ISIC_0014785_segmentation.png,0,,b44ccb333965669c,1962,train
ISIC_0014786,/root/derm_pilot_v100/data/isic2018_raw/ISIC2018_Task1-2_Training_Input/ISIC_0014786.jpg,/root/isic_overlap_pilot_self_contained/data/isic2018/raw/task1_masks/ISIC2018_Task1_Training_GroundTruth/ISIC_0014786_segmentation.png,0,,f4318bc627781ce3,1963,val
ISIC_0014787,/root/derm_pilot_v100/data/isic2018_raw/ISIC2018_Task1-2_Training_Input/ISIC_0014787.jpg,/root/isic_overlap_pilot_self_contained/data/isic2018/raw/task1_masks/ISIC2018_Task1_Training_GroundTruth/ISIC_0014787_segmentation.png,0,,fac0c04f433a7af4,1964,train
ISIC_0014788,/root/derm_pilot_v100/data/isic2018_raw/ISIC2018_Task1-2_Training_Input/ISIC_0014788.jpg,/root/isic_overlap_pilot_self_contained/data/isic2018/raw/task1_masks/ISIC2018_Task1_Training_GroundTruth/ISIC_0014788_segmentation.png,1,,e6669299496d339a,148,train
ISIC_0014790,/root/derm_pilot_v100/data/isic2018_raw/ISIC2018_Task1-2_Training_Input/ISIC_0014790.jpg,/root/isic_overlap_pilot_self_contained/data/isic2018/raw/task1_masks/ISIC2018_Task1_Training_GroundTruth/ISIC_0014790_segmentation.png,1,,aa62952d942db5b5,1965,train
ISIC_0014791,/root/derm_pilot_v100/data/isic2018_raw/ISIC2018_Task1-2_Training_Input/ISIC_0014791.jpg,/root/isic_overlap_pilot_self_contained/data/isic2018/raw/task1_masks/ISIC2018_Task1_Training_GroundTruth/ISIC_0014791_segmentation.png,0,,bd8791e8c0ccc63b,200,train
ISIC_0014792,/root/derm_pilot_v100/data/isic2018_raw/ISIC2018_Task1-2_Training_Input/ISIC_0014792.jpg,/root/isic_overlap_pilot_self_contained/data/isic2018/raw/task1_masks/ISIC2018_Task1_Training_GroundTruth/ISIC_0014792_segmentation.png,0,,b331cccc33333c8d,1,test
ISIC_0014794,/root/derm_pilot_v100/data/isic2018_raw/ISIC2018_Task1-2_Training_Input/ISIC_0014794.jpg,/root/isic_overlap_pilot_self_contained/data/isic2018/raw/task1_masks/ISIC2018_Task1_Training_GroundTruth/ISIC_0014794_segmentation.png,0,,b49bc16dcb64c326,1966,train
ISIC_0014795,/root/derm_pilot_v100/data/isic2018_raw/ISIC2018_Task1-2_Training_Input/ISIC_0014795.jpg,/root/isic_overlap_pilot_self_contained/data/isic2018/raw/task1_masks/ISIC2018_Task1_Training_GroundTruth/ISIC_0014795_segmentation.png,1,,b4d9cf67f5600146,147,train
ISIC_0014796,/root/derm_pilot_v100/data/isic2018_raw/ISIC2018_Task1-2_Training_Input/ISIC_0014796.jpg,/root/isic_overlap_pilot_self_contained/data/isic2018/raw/task1_masks/ISIC2018_Task1_Training_GroundTruth/ISIC_0014796_segmentation.png,0,,f3ccd931cc92d849,1967,test
ISIC_0014797,/root/derm_pilot_v100/data/isic2018_raw/ISIC2018_Task1-2_Training_Input/ISIC_0014797.jpg,/root/isic_overlap_pilot_self_contained/data/isic2018/raw/task1_masks/ISIC2018_Task1_Training_GroundTruth/ISIC_0014797_segmentation.png,0,,e4649b9b64646c9b,1968,test
ISIC_0014798,/root/derm_pilot_v100/data/isic2018_raw/ISIC2018_Task1-2_Training_Input/ISIC_0014798.jpg,/root/isic_overlap_pilot_self_contained/data/isic2018/raw/task1_masks/ISIC2018_Task1_Training_GroundTruth/ISIC_0014798_segmentation.png,0,,e12b96b04b4b65c7,1969,test
ISIC_0014800,/root/derm_pilot_v100/data/isic2018_raw/ISIC2018_Task1-2_Training_Input/ISIC_0014800.jpg,/root/isic_overlap_pilot_self_contained/data/isic2018/raw/task1_masks/ISIC2018_Task1_Training_GroundTruth/ISIC_0014800_segmentation.png,1,,e1639e3c98cc719a,1970,test
ISIC_0014802,/root/derm_pilot_v100/data/isic2018_raw/ISIC2018_Task1-2_Training_Input/ISIC_0014802.jpg,/root/isic_overlap_pilot_self_contained/data/isic2018/raw/task1_masks/ISIC2018_Task1_Training_GroundTruth/ISIC_0014802_segmentation.png,0,,a6329961659be666,1971,train
ISIC_0014803,/root/derm_pilot_v100/data/isic2018_raw/ISIC2018_Task1-2_Training_Input/ISIC_0014803.jpg,/root/isic_overlap_pilot_self_contained/data/isic2018/raw/task1_masks/ISIC2018_Task1_Training_GroundTruth/ISIC_0014803_segmentation.png,0,,b83ec421c7e1df21,1972,val
ISIC_0014804,/root/derm_pilot_v100/data/isic2018_raw/ISIC2018_Task1-2_Training_Input/ISIC_0014804.jpg,/root/isic_overlap_pilot_self_contained/data/isic2018/raw/task1_masks/ISIC2018_Task1_Training_GroundTruth/ISIC_0014804_segmentation.png,0,,f031cfe63c3130e3,1973,val
ISIC_0014805,/root/derm_pilot_v100/data/isic2018_raw/ISIC2018_Task1-2_Training_Input/ISIC_0014805.jpg,/root/isic_overlap_pilot_self_contained/data/isic2018/raw/task1_masks/ISIC2018_Task1_Training_GroundTruth/ISIC_0014805_segmentation.png,0,,f333cccc3033c395,1,test
ISIC_0014806,/root/derm_pilot_v100/data/isic2018_raw/ISIC2018_Task1-2_Training_Input/ISIC_0014806.jpg,/root/isic_overlap_pilot_self_contained/data/isic2018/raw/task1_masks/ISIC2018_Task1_Training_GroundTruth/ISIC_0014806_segmentation.png,0,,a7b8946399576ea0,1974,train
ISIC_0014807,/root/derm_pilot_v100/data/isic2018_raw/ISIC2018_Task1-2_Training_Input/ISIC_0014807.jpg,/root/isic_overlap_pilot_self_contained/data/isic2018/raw/task1_masks/ISIC2018_Task1_Training_GroundTruth/ISIC_0014807_segmentation.png,0,,fa3787449c4cd2c9,1975,train
ISIC_0014808,/root/derm_pilot_v100/data/isic2018_raw/ISIC2018_Task1-2_Training_Input/ISIC_0014808.jpg,/root/isic_overlap_pilot_self_contained/data/isic2018/raw/task1_masks/ISIC2018_Task1_Training_GroundTruth/ISIC_0014808_segmentation.png,0,,a4329ecd79982673,865,train
ISIC_0014809,/root/derm_pilot_v100/data/isic2018_raw/ISIC2018_Task1-2_Training_Input/ISIC_0014809.jpg,/root/isic_overlap_pilot_self_contained/data/isic2018/raw/task1_masks/ISIC2018_Task1_Training_GroundTruth/ISIC_0014809_segmentation.png,1,,b0df8e307f1330cc,1976,train
ISIC_0014812,/root/derm_pilot_v100/data/isic2018_raw/ISIC2018_Task1-2_Training_Input/ISIC_0014812.jpg,/root/isic_overlap_pilot_self_contained/data/isic2018/raw/task1_masks/ISIC2018_Task1_Training_GroundTruth/ISIC_0014812_segmentation.png,0,,b332cccc3130cfd3,1,test
ISIC_0014814,/root/derm_pilot_v100/data/isic2018_raw/ISIC2018_Task1-2_Training_Input/ISIC_0014814.jpg,/root/isic_overlap_pilot_self_contained/data/isic2018/raw/task1_masks/ISIC2018_Task1_Training_GroundTruth/ISIC_0014814_segmentation.png,0,,f636c9db2424d362,1977,val
ISIC_0014815,/root/derm_pilot_v100/data/isic2018_raw/ISIC2018_Task1-2_Training_Input/ISIC_0014815.jpg,/root/isic_overlap_pilot_self_contained/data/isic2018/raw/task1_masks/ISIC2018_Task1_Training_GroundTruth/ISIC_0014815_segmentation.png,0,,e7b698cc63b17421,1978,train
ISIC_0014818,/root/derm_pilot_v100/data/isic2018_raw/ISIC2018_Task1-2_Training_Input/ISIC_0014818.jpg,/root/isic_overlap_pilot_self_contained/data/isic2018/raw/task1_masks/ISIC2018_Task1_Training_GroundTruth/ISIC_0014818_segmentation.png,0,,ea9385541f2f58e4,199,val
ISIC_0014820,/root/derm_pilot_v100/data/isic2018_raw/ISIC2018_Task1-2_Training_Input/ISIC_0014820.jpg,/root/isic_overlap_pilot_self_contained/data/isic2018/raw/task1_masks/ISIC2018_Task1_Training_GroundTruth/ISIC_0014820_segmentation.png,0,,e32798cc6372d998,1979,train
ISIC_0014821,/root/derm_pilot_v100/data/isic2018_raw/ISIC2018_Task1-2_Training_Input/ISIC_0014821.jpg,/root/isic_overlap_pilot_self_contained/data/isic2018/raw/task1_masks/ISIC2018_Task1_Training_GroundTruth/ISIC_0014821_segmentation.png,0,,e5929b6d6324259b,1980,train
ISIC_0014823,/root/derm_pilot_v100/data/isic2018_raw/ISIC2018_Task1-2_Training_Input/ISIC_0014823.jpg,/root/isic_overlap_pilot_self_contained/data/isic2018/raw/task1_masks/ISIC2018_Task1_Training_GroundTruth/ISIC_0014823_segmentation.png,0,,a699996626996799,120,train
ISIC_0014825,/root/derm_pilot_v100/data/isic2018_raw/ISIC2018_Task1-2_Training_Input/ISIC_0014825.jpg,/root/isic_overlap_pilot_self_contained/data/isic2018/raw/task1_masks/ISIC2018_Task1_Training_GroundTruth/ISIC_0014825_segmentation.png,0,,b4c7c348cd74ce23,1981,test
ISIC_0014826,/root/derm_pilot_v100/data/isic2018_raw/ISIC2018_Task1-2_Training_Input/ISIC_0014826.jpg,/root/isic_overlap_pilot_self_contained/data/isic2018/raw/task1_masks/ISIC2018_Task1_Training_GroundTruth/ISIC_0014826_segmentation.png,1,,ec32d3319acf09cc,145,train
ISIC_0014829,/root/derm_pilot_v100/data/isic2018_raw/ISIC2018_Task1-2_Training_Input/ISIC_0014829.jpg,/root/isic_overlap_pilot_self_contained/data/isic2018/raw/task1_masks/ISIC2018_Task1_Training_GroundTruth/ISIC_0014829_segmentation.png,0,,b323cccc33393666,1982,train
ISIC_0014830,/root/derm_pilot_v100/data/isic2018_raw/ISIC2018_Task1-2_Training_Input/ISIC_0014830.jpg,/root/isic_overlap_pilot_self_contained/data/isic2018/raw/task1_masks/ISIC2018_Task1_Training_GroundTruth/ISIC_0014830_segmentation.png,0,,be18c187cce68ec9,1983,train
ISIC_0014831,/root/derm_pilot_v100/data/isic2018_raw/ISIC2018_Task1-2_Training_Input/ISIC_0014831.jpg,/root/isic_overlap_pilot_self_contained/data/isic2018/raw/task1_masks/ISIC2018_Task1_Training_GroundTruth/ISIC_0014831_segmentation.png,0,,bd3bc6c6c8c86139,1984,train
ISIC_0014832,/root/derm_pilot_v100/data/isic2018_raw/ISIC2018_Task1-2_Training_Input/ISIC_0014832.jpg,/root/isic_overlap_pilot_self_contained/data/isic2018/raw/task1_masks/ISIC2018_Task1_Training_GroundTruth/ISIC_0014832_segmentation.png,1,,b46dcbd39e0d6488,1985,train
ISIC_0014833,/root/derm_pilot_v100/data/isic2018_raw/ISIC2018_Task1-2_Training_Input/ISIC_0014833.jpg,/root/isic_overlap_pilot_self_contained/data/isic2018/raw/task1_masks/ISIC2018_Task1_Training_GroundTruth/ISIC_0014833_segmentation.png,0,,bee8c1c33c3dc660,1986,train
ISIC_0014834,/root/derm_pilot_v100/data/isic2018_raw/ISIC2018_Task1-2_Training_Input/ISIC_0014834.jpg,/root/isic_overlap_pilot_self_contained/data/isic2018/raw/task1_masks/ISIC2018_Task1_Training_GroundTruth/ISIC_0014834_segmentation.png,0,,e5339ace69192473,865,train
ISIC_0014835,/root/derm_pilot_v100/data/isic2018_raw/ISIC2018_Task1-2_Training_Input/ISIC_0014835.jpg,/root/isic_overlap_pilot_self_contained/data/isic2018/raw/task1_masks/ISIC2018_Task1_Training_GroundTruth/ISIC_0014835_segmentation.png,0,,bc92c364ce9e2ccc,1987,val
ISIC_0014836,/root/derm_pilot_v100/data/isic2018_raw/ISIC2018_Task1-2_Training_Input/ISIC_0014836.jpg,/root/isic_overlap_pilot_self_contained/data/isic2018/raw/task1_masks/ISIC2018_Task1_Training_GroundTruth/ISIC_0014836_segmentation.png,0,,b021cff23c4e63c3,1988,train
ISIC_0014838,/root/derm_pilot_v100/data/isic2018_raw/ISIC2018_Task1-2_Training_Input/ISIC_0014838.jpg,/root/isic_overlap_pilot_self_contained/data/isic2018/raw/task1_masks/ISIC2018_Task1_Training_GroundTruth/ISIC_0014838_segmentation.png,0,,e9c987379ab07462,1989,train
ISIC_0014839,/root/derm_pilot_v100/data/isic2018_raw/ISIC2018_Task1-2_Training_Input/ISIC_0014839.jpg,/root/isic_overlap_pilot_self_contained/data/isic2018/raw/task1_masks/ISIC2018_Task1_Training_GroundTruth/ISIC_0014839_segmentation.png,0,,a6669b9b9c1885f8,1990,train
ISIC_0014843,/root/derm_pilot_v100/data/isic2018_raw/ISIC2018_Task1-2_Training_Input/ISIC_0014843.jpg,/root/isic_overlap_pilot_self_contained/data/isic2018/raw/task1_masks/ISIC2018_Task1_Training_GroundTruth/ISIC_0014843_segmentation.png,0,,b0b3cb6c6cd922c6,397,train
ISIC_0014844,/root/derm_pilot_v100/data/isic2018_raw/ISIC2018_Task1-2_Training_Input/ISIC_0014844.jpg,/root/isic_overlap_pilot_self_contained/data/isic2018/raw/task1_masks/ISIC2018_Task1_Training_GroundTruth/ISIC_0014844_segmentation.png,0,,e63399cc243333e6,341,train
ISIC_0014845,/root/derm_pilot_v100/data/isic2018_raw/ISIC2018_Task1-2_Training_Input/ISIC_0014845.jpg,/root/isic_overlap_pilot_self_contained/data/isic2018/raw/task1_masks/ISIC2018_Task1_Training_GroundTruth/ISIC_0014845_segmentation.png,0,,b233cdce24742373,1991,val
ISIC_0014846,/root/derm_pilot_v100/data/isic2018_raw/ISIC2018_Task1-2_Training_Input/ISIC_0014846.jpg,/root/isic_overlap_pilot_self_contained/data/isic2018/raw/task1_masks/ISIC2018_Task1_Training_GroundTruth/ISIC_0014846_segmentation.png,0,,ed33c113c72d984d,198,train
ISIC_0014848,/root/derm_pilot_v100/data/isic2018_raw/ISIC2018_Task1-2_Training_Input/ISIC_0014848.jpg,/root/isic_overlap_pilot_self_contained/data/isic2018/raw/task1_masks/ISIC2018_Task1_Training_GroundTruth/ISIC_0014848_segmentation.png,0,,e6b9994c26339acc,1992,test
ISIC_0014849,/root/derm_pilot_v100/data/isic2018_raw/ISIC2018_Task1-2_Training_Input/ISIC_0014849.jpg,/root/isic_overlap_pilot_self_contained/data/isic2018/raw/task1_masks/ISIC2018_Task1_Training_GroundTruth/ISIC_0014849_segmentation.png,0,,e68099a666d99d66,640,train
ISIC_0014850,/root/derm_pilot_v100/data/isic2018_raw/ISIC2018_Task1-2_Training_Input/ISIC_0014850.jpg,/root/isic_overlap_pilot_self_contained/data/isic2018/raw/task1_masks/ISIC2018_Task1_Training_GroundTruth/ISIC_0014850_segmentation.png,0,,e4069a796d8c934f,1993,train
ISIC_0014851,/root/derm_pilot_v100/data/isic2018_raw/ISIC2018_Task1-2_Training_Input/ISIC_0014851.jpg,/root/isic_overlap_pilot_self_contained/data/isic2018/raw/task1_masks/ISIC2018_Task1_Training_GroundTruth/ISIC_0014851_segmentation.png,0,,e49a9a6349667c5a,1994,train
ISIC_0014853,/root/derm_pilot_v100/data/isic2018_raw/ISIC2018_Task1-2_Training_Input/ISIC_0014853.jpg,/root/isic_overlap_pilot_self_contained/data/isic2018/raw/task1_masks/ISIC2018_Task1_Training_GroundTruth/ISIC_0014853_segmentation.png,0,,b331ccce3330cdc3,1,test
ISIC_0014854,/root/derm_pilot_v100/data/isic2018_raw/ISIC2018_Task1-2_Training_Input/ISIC_0014854.jpg,/root/isic_overlap_pilot_self_contained/data/isic2018/raw/task1_masks/ISIC2018_Task1_Training_GroundTruth/ISIC_0014854_segmentation.png,0,,ec299526d3a65b8a,1995,train
ISIC_0014855,/root/derm_pilot_v100/data/isic2018_raw/ISIC2018_Task1-2_Training_Input/ISIC_0014855.jpg,/root/isic_overlap_pilot_self_contained/data/isic2018/raw/task1_masks/ISIC2018_Task1_Training_GroundTruth/ISIC_0014855_segmentation.png,0,,bc8ec3309e31e3e4,1996,train
ISIC_0014857,/root/derm_pilot_v100/data/isic2018_raw/ISIC2018_Task1-2_Training_Input/ISIC_0014857.jpg,/root/isic_overlap_pilot_self_contained/data/isic2018/raw/task1_masks/ISIC2018_Task1_Training_GroundTruth/ISIC_0014857_segmentation.png,1,,e8b5649cb45a966a,1997,val
ISIC_0014860,/root/derm_pilot_v100/data/isic2018_raw/ISIC2018_Task1-2_Training_Input/ISIC_0014860.jpg,/root/isic_overlap_pilot_self_contained/data/isic2018/raw/task1_masks/ISIC2018_Task1_Training_GroundTruth/ISIC_0014860_segmentation.png,0,,b3cccc33d9662499,687,train
ISIC_0014862,/root/derm_pilot_v100/data/isic2018_raw/ISIC2018_Task1-2_Training_Input/ISIC_0014862.jpg,/root/isic_overlap_pilot_self_contained/data/isic2018/raw/task1_masks/ISIC2018_Task1_Training_GroundTruth/ISIC_0014862_segmentation.png,1,,ed9a943b126d9364,1998,val
ISIC_0014863,/root/derm_pilot_v100/data/isic2018_raw/ISIC2018_Task1-2_Training_Input/ISIC_0014863.jpg,/root/isic_overlap_pilot_self_contained/data/isic2018/raw/task1_masks/ISIC2018_Task1_Training_GroundTruth/ISIC_0014863_segmentation.png,0,,f18ece3065c730cd,1999,test
ISIC_0014867,/root/derm_pilot_v100/data/isic2018_raw/ISIC2018_Task1-2_Training_Input/ISIC_0014867.jpg,/root/isic_overlap_pilot_self_contained/data/isic2018/raw/task1_masks/ISIC2018_Task1_Training_GroundTruth/ISIC_0014867_segmentation.png,0,,b234cdc330accb73,2000,train
ISIC_0014868,/root/derm_pilot_v100/data/isic2018_raw/ISIC2018_Task1-2_Training_Input/ISIC_0014868.jpg,/root/isic_overlap_pilot_self_contained/data/isic2018/raw/task1_masks/ISIC2018_Task1_Training_GroundTruth/ISIC_0014868_segmentation.png,0,,b913c79c9b681c27,2001,train
ISIC_0014869,/root/derm_pilot_v100/data/isic2018_raw/ISIC2018_Task1-2_Training_Input/ISIC_0014869.jpg,/root/isic_overlap_pilot_self_contained/data/isic2018/raw/task1_masks/ISIC2018_Task1_Training_GroundTruth/ISIC_0014869_segmentation.png,0,,f08bcf769928e413,2002,train
ISIC_0014872,/root/derm_pilot_v100/data/isic2018_raw/ISIC2018_Task1-2_Training_Input/ISIC_0014872.jpg,/root/isic_overlap_pilot_self_contained/data/isic2018/raw/task1_masks/ISIC2018_Task1_Training_GroundTruth/ISIC_0014872_segmentation.png,1,,b7d8330d6b92cc19,2003,train
ISIC_0014876,/root/derm_pilot_v100/data/isic2018_raw/ISIC2018_Task1-2_Training_Input/ISIC_0014876.jpg,/root/isic_overlap_pilot_self_contained/data/isic2018/raw/task1_masks/ISIC2018_Task1_Training_GroundTruth/ISIC_0014876_segmentation.png,0,,f4cbc13e1ea1289b,2004,train
ISIC_0014879,/root/derm_pilot_v100/data/isic2018_raw/ISIC2018_Task1-2_Training_Input/ISIC_0014879.jpg,/root/isic_overlap_pilot_self_contained/data/isic2018/raw/task1_masks/ISIC2018_Task1_Training_GroundTruth/ISIC_0014879_segmentation.png,0,,f331cccc3333cc8c,1,test
ISIC_0014883,/root/derm_pilot_v100/data/isic2018_raw/ISIC2018_Task1-2_Training_Input/ISIC_0014883.jpg,/root/isic_overlap_pilot_self_contained/data/isic2018/raw/task1_masks/ISIC2018_Task1_Training_GroundTruth/ISIC_0014883_segmentation.png,1,,e19cce63b460996b,2005,val
ISIC_0014890,/root/derm_pilot_v100/data/isic2018_raw/ISIC2018_Task1-2_Training_Input/ISIC_0014890.jpg,/root/isic_overlap_pilot_self_contained/data/isic2018/raw/task1_masks/ISIC2018_Task1_Training_GroundTruth/ISIC_0014890_segmentation.png,0,,f38cd83364ce334c,2006,test
ISIC_0014891,/root/derm_pilot_v100/data/isic2018_raw/ISIC2018_Task1-2_Training_Input/ISIC_0014891.jpg,/root/isic_overlap_pilot_self_contained/data/isic2018/raw/task1_masks/ISIC2018_Task1_Training_GroundTruth/ISIC_0014891_segmentation.png,1,,ea60b5258eced89a,2007,train
ISIC_0014897,/root/derm_pilot_v100/data/isic2018_raw/ISIC2018_Task1-2_Training_Input/ISIC_0014897.jpg,/root/isic_overlap_pilot_self_contained/data/isic2018/raw/task1_masks/ISIC2018_Task1_Training_GroundTruth/ISIC_0014897_segmentation.png,1,,e636995b63658c64,2008,val
ISIC_0014898,/root/derm_pilot_v100/data/isic2018_raw/ISIC2018_Task1-2_Training_Input/ISIC_0014898.jpg,/root/isic_overlap_pilot_self_contained/data/isic2018/raw/task1_masks/ISIC2018_Task1_Training_GroundTruth/ISIC_0014898_segmentation.png,0,,e83494c39acf4b8d,2009,train
ISIC_0014901,/root/derm_pilot_v100/data/isic2018_raw/ISIC2018_Task1-2_Training_Input/ISIC_0014901.jpg,/root/isic_overlap_pilot_self_contained/data/isic2018/raw/task1_masks/ISIC2018_Task1_Training_GroundTruth/ISIC_0014901_segmentation.png,0,,b2b9cd460ccf3338,2010,train
ISIC_0014903,/root/derm_pilot_v100/data/isic2018_raw/ISIC2018_Task1-2_Training_Input/ISIC_0014903.jpg,/root/isic_overlap_pilot_self_contained/data/isic2018/raw/task1_masks/ISIC2018_Task1_Training_GroundTruth/ISIC_0014903_segmentation.png,0,,e3b394cc6a3386cc,2011,train
ISIC_0014904,/root/derm_pilot_v100/data/isic2018_raw/ISIC2018_Task1-2_Training_Input/ISIC_0014904.jpg,/root/isic_overlap_pilot_self_contained/data/isic2018/raw/task1_masks/ISIC2018_Task1_Training_GroundTruth/ISIC_0014904_segmentation.png,0,,a19ace43993637c9,2012,train
ISIC_0014907,/root/derm_pilot_v100/data/isic2018_raw/ISIC2018_Task1-2_Training_Input/ISIC_0014907.jpg,/root/isic_overlap_pilot_self_contained/data/isic2018/raw/task1_masks/ISIC2018_Task1_Training_GroundTruth/ISIC_0014907_segmentation.png,0,,b185cf387039d3a6,2013,train
ISIC_0014908,/root/derm_pilot_v100/data/isic2018_raw/ISIC2018_Task1-2_Training_Input/ISIC_0014908.jpg,/root/isic_overlap_pilot_self_contained/data/isic2018/raw/task1_masks/ISIC2018_Task1_Training_GroundTruth/ISIC_0014908_segmentation.png,0,,a725ccb3320d8776,2014,test
ISIC_0014910,/root/derm_pilot_v100/data/isic2018_raw/ISIC2018_Task1-2_Training_Input/ISIC_0014910.jpg,/root/isic_overlap_pilot_self_contained/data/isic2018/raw/task1_masks/ISIC2018_Task1_Training_GroundTruth/ISIC_0014910_segmentation.png,0,,f87a9731cb2198c6,2015,train
ISIC_0014911,/root/derm_pilot_v100/data/isic2018_raw/ISIC2018_Task1-2_Training_Input/ISIC_0014911.jpg,/root/isic_overlap_pilot_self_contained/data/isic2018/raw/task1_masks/ISIC2018_Task1_Training_GroundTruth/ISIC_0014911_segmentation.png,0,,e18596cb9c947969,2016,train
ISIC_0014912,/root/derm_pilot_v100/data/isic2018_raw/ISIC2018_Task1-2_Training_Input/ISIC_0014912.jpg,/root/isic_overlap_pilot_self_contained/data/isic2018/raw/task1_masks/ISIC2018_Task1_Training_GroundTruth/ISIC_0014912_segmentation.png,1,,eda2d6cb643419d2,2017,train
ISIC_0014913,/root/derm_pilot_v100/data/isic2018_raw/ISIC2018_Task1-2_Training_Input/ISIC_0014913.jpg,/root/isic_overlap_pilot_self_contained/data/isic2018/raw/task1_masks/ISIC2018_Task1_Training_GroundTruth/ISIC_0014913_segmentation.png,0,,bcc7d24b8f34603c,2018,train
ISIC_0014915,/root/derm_pilot_v100/data/isic2018_raw/ISIC2018_Task1-2_Training_Input/ISIC_0014915.jpg,/root/isic_overlap_pilot_self_contained/data/isic2018/raw/task1_masks/ISIC2018_Task1_Training_GroundTruth/ISIC_0014915_segmentation.png,0,,f895d2189e7a0d35,2019,val
ISIC_0014919,/root/derm_pilot_v100/data/isic2018_raw/ISIC2018_Task1-2_Training_Input/ISIC_0014919.jpg,/root/isic_overlap_pilot_self_contained/data/isic2018/raw/task1_masks/ISIC2018_Task1_Training_GroundTruth/ISIC_0014919_segmentation.png,1,,b267cf992c303366,2020,train
ISIC_0014920,/root/derm_pilot_v100/data/isic2018_raw/ISIC2018_Task1-2_Training_Input/ISIC_0014920.jpg,/root/isic_overlap_pilot_self_contained/data/isic2018/raw/task1_masks/ISIC2018_Task1_Training_GroundTruth/ISIC_0014920_segmentation.png,1,,b5b2cdcc30f081f3,2021,train
ISIC_0014921,/root/derm_pilot_v100/data/isic2018_raw/ISIC2018_Task1-2_Training_Input/ISIC_0014921.jpg,/root/isic_overlap_pilot_self_contained/data/isic2018/raw/task1_masks/ISIC2018_Task1_Training_GroundTruth/ISIC_0014921_segmentation.png,0,,b18ccb316c3333ce,22,train
ISIC_0014922,/root/derm_pilot_v100/data/isic2018_raw/ISIC2018_Task1-2_Training_Input/ISIC_0014922.jpg,/root/isic_overlap_pilot_self_contained/data/isic2018/raw/task1_masks/ISIC2018_Task1_Training_GroundTruth/ISIC_0014922_segmentation.png,1,,b13887c74ade2e89,2022,train
ISIC_0014923,/root/derm_pilot_v100/data/isic2018_raw/ISIC2018_Task1-2_Training_Input/ISIC_0014923.jpg,/root/isic_overlap_pilot_self_contained/data/isic2018/raw/task1_masks/ISIC2018_Task1_Training_GroundTruth/ISIC_0014923_segmentation.png,0,,e691996666db9a48,2023,train
ISIC_0014925,/root/derm_pilot_v100/data/isic2018_raw/ISIC2018_Task1-2_Training_Input/ISIC_0014925.jpg,/root/isic_overlap_pilot_self_contained/data/isic2018/raw/task1_masks/ISIC2018_Task1_Training_GroundTruth/ISIC_0014925_segmentation.png,0,,e6d99924669b4789,120,train
ISIC_0014926,/root/derm_pilot_v100/data/isic2018_raw/ISIC2018_Task1-2_Training_Input/ISIC_0014926.jpg,/root/isic_overlap_pilot_self_contained/data/isic2018/raw/task1_masks/ISIC2018_Task1_Training_GroundTruth/ISIC_0014926_segmentation.png,0,,b3cccdb02c62730f,2024,train
ISIC_0014927,/root/derm_pilot_v100/data/isic2018_raw/ISIC2018_Task1-2_Training_Input/ISIC_0014927.jpg,/root/isic_overlap_pilot_self_contained/data/isic2018/raw/task1_masks/ISIC2018_Task1_Training_GroundTruth/ISIC_0014927_segmentation.png,0,,afe19487931e9d30,2025,train
ISIC_0014928,/root/derm_pilot_v100/data/isic2018_raw/ISIC2018_Task1-2_Training_Input/ISIC_0014928.jpg,/root/isic_overlap_pilot_self_contained/data/isic2018/raw/task1_masks/ISIC2018_Task1_Training_GroundTruth/ISIC_0014928_segmentation.png,1,,e4199b66648d9a9b,2026,train
ISIC_0014929,/root/derm_pilot_v100/data/isic2018_raw/ISIC2018_Task1-2_Training_Input/ISIC_0014929.jpg,/root/isic_overlap_pilot_self_contained/data/isic2018/raw/task1_masks/ISIC2018_Task1_Training_GroundTruth/ISIC_0014929_segmentation.png,0,,f31ccc7233d9cc42,768,train
ISIC_0014930,/root/derm_pilot_v100/data/isic2018_raw/ISIC2018_Task1-2_Training_Input/ISIC_0014930.jpg,/root/isic_overlap_pilot_self_contained/data/isic2018/raw/task1_masks/ISIC2018_Task1_Training_GroundTruth/ISIC_0014930_segmentation.png,0,,b04ccf723c23f398,2027,train
ISIC_0014931,/root/derm_pilot_v100/data/isic2018_raw/ISIC2018_Task1-2_Training_Input/ISIC_0014931.jpg,/root/isic_overlap_pilot_self_contained/data/isic2018/raw/task1_masks/ISIC2018_Task1_Training_GroundTruth/ISIC_0014931_segmentation.png,1,,b692cb69c13264cf,2028,train
ISIC_0014932,/root/derm_pilot_v100/data/isic2018_raw/ISIC2018_Task1-2_Training_Input/ISIC_0014932.jpg,/root/isic_overlap_pilot_self_contained/data/isic2018/raw/task1_masks/ISIC2018_Task1_Training_GroundTruth/ISIC_0014932_segmentation.png,1,,e76c8d9b98369132,2029,train
ISIC_0014933,/root/derm_pilot_v100/data/isic2018_raw/ISIC2018_Task1-2_Training_Input/ISIC_0014933.jpg,/root/isic_overlap_pilot_self_contained/data/isic2018/raw/task1_masks/ISIC2018_Task1_Training_GroundTruth/ISIC_0014933_segmentation.png,0,,a4249b9b66641fe6,2030,train
ISIC_0014936,/root/derm_pilot_v100/data/isic2018_raw/ISIC2018_Task1-2_Training_Input/ISIC_0014936.jpg,/root/isic_overlap_pilot_self_contained/data/isic2018/raw/task1_masks/ISIC2018_Task1_Training_GroundTruth/ISIC_0014936_segmentation.png,0,,b2c4cf3918c5738e,2031,val
ISIC_0014937,/root/derm_pilot_v100/data/isic2018_raw/ISIC2018_Task1-2_Training_Input/ISIC_0014937.jpg,/root/isic_overlap_pilot_self_contained/data/isic2018/raw/task1_masks/ISIC2018_Task1_Training_GroundTruth/ISIC_0014937_segmentation.png,0,,ba4ac43c953c964f,2032,test
ISIC_0014938,/root/derm_pilot_v100/data/isic2018_raw/ISIC2018_Task1-2_Training_Input/ISIC_0014938.jpg,/root/isic_overlap_pilot_self_contained/data/isic2018/raw/task1_masks/ISIC2018_Task1_Training_GroundTruth/ISIC_0014938_segmentation.png,0,,e4e39a986c673233,2033,test
ISIC_0014940,/root/derm_pilot_v100/data/isic2018_raw/ISIC2018_Task1-2_Training_Input/ISIC_0014940.jpg,/root/isic_overlap_pilot_self_contained/data/isic2018/raw/task1_masks/ISIC2018_Task1_Training_GroundTruth/ISIC_0014940_segmentation.png,0,,a5869a2cd9766663,2034,train
ISIC_0014941,/root/derm_pilot_v100/data/isic2018_raw/ISIC2018_Task1-2_Training_Input/ISIC_0014941.jpg,/root/isic_overlap_pilot_self_contained/data/isic2018/raw/task1_masks/ISIC2018_Task1_Training_GroundTruth/ISIC_0014941_segmentation.png,0,,b0cd9b36cf30c471,2035,test
ISIC_0014942,/root/derm_pilot_v100/data/isic2018_raw/ISIC2018_Task1-2_Training_Input/ISIC_0014942.jpg,/root/isic_overlap_pilot_self_contained/data/isic2018/raw/task1_masks/ISIC2018_Task1_Training_GroundTruth/ISIC_0014942_segmentation.png,0,,b131cece3131ccce,1,test
ISIC_0014943,/root/derm_pilot_v100/data/isic2018_raw/ISIC2018_Task1-2_Training_Input/ISIC_0014943.jpg,/root/isic_overlap_pilot_self_contained/data/isic2018/raw/task1_masks/ISIC2018_Task1_Training_GroundTruth/ISIC_0014943_segmentation.png,0,,b030cfcf643899b3,2036,train
ISIC_0014944,/root/derm_pilot_v100/data/isic2018_raw/ISIC2018_Task1-2_Training_Input/ISIC_0014944.jpg,/root/isic_overlap_pilot_self_contained/data/isic2018/raw/task1_masks/ISIC2018_Task1_Training_GroundTruth/ISIC_0014944_segmentation.png,0,,e62299cc65b3c66c,2037,train
ISIC_0014945,/root/derm_pilot_v100/data/isic2018_raw/ISIC2018_Task1-2_Training_Input/ISIC_0014945.jpg,/root/isic_overlap_pilot_self_contained/data/isic2018/raw/task1_masks/ISIC2018_Task1_Training_GroundTruth/ISIC_0014945_segmentation.png,0,,b38ccc3333cccc33,9,train
ISIC_0014946,/root/derm_pilot_v100/data/isic2018_raw/ISIC2018_Task1-2_Training_Input/ISIC_0014946.jpg,/root/isic_overlap_pilot_self_contained/data/isic2018/raw/task1_masks/ISIC2018_Task1_Training_GroundTruth/ISIC_0014946_segmentation.png,1,,a09cdb31cce6b0d9,2038,test
ISIC_0014947,/root/derm_pilot_v100/data/isic2018_raw/ISIC2018_Task1-2_Training_Input/ISIC_0014947.jpg,/root/isic_overlap_pilot_self_contained/data/isic2018/raw/task1_masks/ISIC2018_Task1_Training_GroundTruth/ISIC_0014947_segmentation.png,0,,e19e9ef9582125c6,2039,val
ISIC_0014948,/root/derm_pilot_v100/data/isic2018_raw/ISIC2018_Task1-2_Training_Input/ISIC_0014948.jpg,/root/isic_overlap_pilot_self_contained/data/isic2018/raw/task1_masks/ISIC2018_Task1_Training_GroundTruth/ISIC_0014948_segmentation.png,0,,ad9b924ac2ed6bc0,2040,val
ISIC_0014949,/root/derm_pilot_v100/data/isic2018_raw/ISIC2018_Task1-2_Training_Input/ISIC_0014949.jpg,/root/isic_overlap_pilot_self_contained/data/isic2018/raw/task1_masks/ISIC2018_Task1_Training_GroundTruth/ISIC_0014949_segmentation.png,0,,b412cb4dcdc6625e,2041,val
ISIC_0014951,/root/derm_pilot_v100/data/isic2018_raw/ISIC2018_Task1-2_Training_Input/ISIC_0014951.jpg,/root/isic_overlap_pilot_self_contained/data/isic2018/raw/task1_masks/ISIC2018_Task1_Training_GroundTruth/ISIC_0014951_segmentation.png,1,,e995931b9c1ac98d,2042,train
ISIC_0014952,/root/derm_pilot_v100/data/isic2018_raw/ISIC2018_Task1-2_Training_Input/ISIC_0014952.jpg,/root/isic_overlap_pilot_self_contained/data/isic2018/raw/task1_masks/ISIC2018_Task1_Training_GroundTruth/ISIC_0014952_segmentation.png,0,,b4cdc9386c83d3cc,2043,train
ISIC_0014955,/root/derm_pilot_v100/data/isic2018_raw/ISIC2018_Task1-2_Training_Input/ISIC_0014955.jpg,/root/isic_overlap_pilot_self_contained/data/isic2018/raw/task1_masks/ISIC2018_Task1_Training_GroundTruth/ISIC_0014955_segmentation.png,0,,a698d9667326e919,2044,train
ISIC_0014956,/root/derm_pilot_v100/data/isic2018_raw/ISIC2018_Task1-2_Training_Input/ISIC_0014956.jpg,/root/isic_overlap_pilot_self_contained/data/isic2018/raw/task1_masks/ISIC2018_Task1_Training_GroundTruth/ISIC_0014956_segmentation.png,0,,e034cac699cf3d19,2045,train
ISIC_0014957,/root/derm_pilot_v100/data/isic2018_raw/ISIC2018_Task1-2_Training_Input/ISIC_0014957.jpg,/root/isic_overlap_pilot_self_contained/data/isic2018/raw/task1_masks/ISIC2018_Task1_Training_GroundTruth/ISIC_0014957_segmentation.png,0,,b49bcf619864929b,2046,train
ISIC_0014958,/root/derm_pilot_v100/data/isic2018_raw/ISIC2018_Task1-2_Training_Input/ISIC_0014958.jpg,/root/isic_overlap_pilot_self_contained/data/isic2018/raw/task1_masks/ISIC2018_Task1_Training_GroundTruth/ISIC_0014958_segmentation.png,0,,f8e685993bca9324,2047,train
ISIC_0014961,/root/derm_pilot_v100/data/isic2018_raw/ISIC2018_Task1-2_Training_Input/ISIC_0014961.jpg,/root/isic_overlap_pilot_self_contained/data/isic2018/raw/task1_masks/ISIC2018_Task1_Training_GroundTruth/ISIC_0014961_segmentation.png,0,,f8c7c41ecb390639,2048,train
ISIC_0014962,/root/derm_pilot_v100/data/isic2018_raw/ISIC2018_Task1-2_Training_Input/ISIC_0014962.jpg,/root/isic_overlap_pilot_self_contained/data/isic2018/raw/task1_masks/ISIC2018_Task1_Training_GroundTruth/ISIC_0014962_segmentation.png,0,,e51696e299dc21d5,2049,train
ISIC_0014963,/root/derm_pilot_v100/data/isic2018_raw/ISIC2018_Task1-2_Training_Input/ISIC_0014963.jpg,/root/isic_overlap_pilot_self_contained/data/isic2018/raw/task1_masks/ISIC2018_Task1_Training_GroundTruth/ISIC_0014963_segmentation.png,1,,fb13f83e84e095e0,2050,train
ISIC_0014964,/root/derm_pilot_v100/data/isic2018_raw/ISIC2018_Task1-2_Training_Input/ISIC_0014964.jpg,/root/isic_overlap_pilot_self_contained/data/isic2018/raw/task1_masks/ISIC2018_Task1_Training_GroundTruth/ISIC_0014964_segmentation.png,0,,e86997969a9c694a,2051,val
ISIC_0014966,/root/derm_pilot_v100/data/isic2018_raw/ISIC2018_Task1-2_Training_Input/ISIC_0014966.jpg,/root/isic_overlap_pilot_self_contained/data/isic2018/raw/task1_masks/ISIC2018_Task1_Training_GroundTruth/ISIC_0014966_segmentation.png,0,,e1639696d9992a4d,2052,train
ISIC_0014968,/root/derm_pilot_v100/data/isic2018_raw/ISIC2018_Task1-2_Training_Input/ISIC_0014968.jpg,/root/isic_overlap_pilot_self_contained/data/isic2018/raw/task1_masks/ISIC2018_Task1_Training_GroundTruth/ISIC_0014968_segmentation.png,0,,f818d74ad94bcac4,2053,train
ISIC_0014969,/root/derm_pilot_v100/data/isic2018_raw/ISIC2018_Task1-2_Training_Input/ISIC_0014969.jpg,/root/isic_overlap_pilot_self_contained/data/isic2018/raw/task1_masks/ISIC2018_Task1_Training_GroundTruth/ISIC_0014969_segmentation.png,0,,e0619ed638993675,2054,train
ISIC_0014973,/root/derm_pilot_v100/data/isic2018_raw/ISIC2018_Task1-2_Training_Input/ISIC_0014973.jpg,/root/isic_overlap_pilot_self_contained/data/isic2018/raw/task1_masks/ISIC2018_Task1_Training_GroundTruth/ISIC_0014973_segmentation.png,0,,ad32d07b929193ec,2055,val
ISIC_0014974,/root/derm_pilot_v100/data/isic2018_raw/ISIC2018_Task1-2_Training_Input/ISIC_0014974.jpg,/root/isic_overlap_pilot_self_contained/data/isic2018/raw/task1_masks/ISIC2018_Task1_Training_GroundTruth/ISIC_0014974_segmentation.png,0,,b3cdcc3064b332cd,2056,train
ISIC_0014975,/root/derm_pilot_v100/data/isic2018_raw/ISIC2018_Task1-2_Training_Input/ISIC_0014975.jpg,/root/isic_overlap_pilot_self_contained/data/isic2018/raw/task1_masks/ISIC2018_Task1_Training_GroundTruth/ISIC_0014975_segmentation.png,1,,b099c7e6ce249c66,2057,train
ISIC_0014979,/root/derm_pilot_v100/data/isic2018_raw/ISIC2018_Task1-2_Training_Input/ISIC_0014979.jpg,/root/isic_overlap_pilot_self_contained/data/isic2018/raw/task1_masks/ISIC2018_Task1_Training_GroundTruth/ISIC_0014979_segmentation.png,1,,db73ba4c6863450d,2058,train
ISIC_0014982,/root/derm_pilot_v100/data/isic2018_raw/ISIC2018_Task1-2_Training_Input/ISIC_0014982.jpg,/root/isic_overlap_pilot_self_contained/data/isic2018/raw/task1_masks/ISIC2018_Task1_Training_GroundTruth/ISIC_0014982_segmentation.png,1,,e48a9b493936e2ce,2059,test
ISIC_0014983,/root/derm_pilot_v100/data/isic2018_raw/ISIC2018_Task1-2_Training_Input/ISIC_0014983.jpg,/root/isic_overlap_pilot_self_contained/data/isic2018/raw/task1_masks/ISIC2018_Task1_Training_GroundTruth/ISIC_0014983_segmentation.png,1,,e596c36d92699833,2060,test
ISIC_0014985,/root/derm_pilot_v100/data/isic2018_raw/ISIC2018_Task1-2_Training_Input/ISIC_0014985.jpg,/root/isic_overlap_pilot_self_contained/data/isic2018/raw/task1_masks/ISIC2018_Task1_Training_GroundTruth/ISIC_0014985_segmentation.png,1,,a304de89bafa7131,2061,train
ISIC_0014987,/root/derm_pilot_v100/data/isic2018_raw/ISIC2018_Task1-2_Training_Input/ISIC_0014987.jpg,/root/isic_overlap_pilot_self_contained/data/isic2018/raw/task1_masks/ISIC2018_Task1_Training_GroundTruth/ISIC_0014987_segmentation.png,1,,e6cc9a331b8c6d64,2062,train
ISIC_0014989,/root/derm_pilot_v100/data/isic2018_raw/ISIC2018_Task1-2_Training_Input/ISIC_0014989.jpg,/root/isic_overlap_pilot_self_contained/data/isic2018/raw/task1_masks/ISIC2018_Task1_Training_GroundTruth/ISIC_0014989_segmentation.png,0,,b08ecf346d31cdc2,2063,train
ISIC_0014992,/root/derm_pilot_v100/data/isic2018_raw/ISIC2018_Task1-2_Training_Input/ISIC_0014992.jpg,/root/isic_overlap_pilot_self_contained/data/isic2018/raw/task1_masks/ISIC2018_Task1_Training_GroundTruth/ISIC_0014992_segmentation.png,0,,e5ce9e31d8536146,2064,train
ISIC_0014994,/root/derm_pilot_v100/data/isic2018_raw/ISIC2018_Task1-2_Training_Input/ISIC_0014994.jpg,/root/isic_overlap_pilot_self_contained/data/isic2018/raw/task1_masks/ISIC2018_Task1_Training_GroundTruth/ISIC_0014994_segmentation.png,0,,a66699998c653177,2065,train
ISIC_0014998,/root/derm_pilot_v100/data/isic2018_raw/ISIC2018_Task1-2_Training_Input/ISIC_0014998.jpg,/root/isic_overlap_pilot_self_contained/data/isic2018/raw/task1_masks/ISIC2018_Task1_Training_GroundTruth/ISIC_0014998_segmentation.png,0,,e56196869a9b34d9,2066,train
ISIC_0015002,/root/derm_pilot_v100/data/isic2018_raw/ISIC2018_Task1-2_Training_Input/ISIC_0015002.jpg,/root/isic_overlap_pilot_self_contained/data/isic2018/raw/task1_masks/ISIC2018_Task1_Training_GroundTruth/ISIC_0015002_segmentation.png,0,,fc3390f0c2238b7b,2067,test
ISIC_0015003,/root/derm_pilot_v100/data/isic2018_raw/ISIC2018_Task1-2_Training_Input/ISIC_0015003.jpg,/root/isic_overlap_pilot_self_contained/data/isic2018/raw/task1_masks/ISIC2018_Task1_Training_GroundTruth/ISIC_0015003_segmentation.png,0,,aa14ca3a75c7336c,2068,train
ISIC_0015005,/root/derm_pilot_v100/data/isic2018_raw/ISIC2018_Task1-2_Training_Input/ISIC_0015005.jpg,/root/isic_overlap_pilot_self_contained/data/isic2018/raw/task1_masks/ISIC2018_Task1_Training_GroundTruth/ISIC_0015005_segmentation.png,1,,b89cc6c1371e7968,2069,train
ISIC_0015007,/root/derm_pilot_v100/data/isic2018_raw/ISIC2018_Task1-2_Training_Input/ISIC_0015007.jpg,/root/isic_overlap_pilot_self_contained/data/isic2018/raw/task1_masks/ISIC2018_Task1_Training_GroundTruth/ISIC_0015007_segmentation.png,0,,b018cfe334ce3a3c,2070,test
ISIC_0015008,/root/derm_pilot_v100/data/isic2018_raw/ISIC2018_Task1-2_Training_Input/ISIC_0015008.jpg,/root/isic_overlap_pilot_self_contained/data/isic2018/raw/task1_masks/ISIC2018_Task1_Training_GroundTruth/ISIC_0015008_segmentation.png,0,,ab4df566e142c313,2071,train
ISIC_0015009,/root/derm_pilot_v100/data/isic2018_raw/ISIC2018_Task1-2_Training_Input/ISIC_0015009.jpg,/root/isic_overlap_pilot_self_contained/data/isic2018/raw/task1_masks/ISIC2018_Task1_Training_GroundTruth/ISIC_0015009_segmentation.png,0,,aa02f72ad43bc275,2072,val
ISIC_0015011,/root/derm_pilot_v100/data/isic2018_raw/ISIC2018_Task1-2_Training_Input/ISIC_0015011.jpg,/root/isic_overlap_pilot_self_contained/data/isic2018/raw/task1_masks/ISIC2018_Task1_Training_GroundTruth/ISIC_0015011_segmentation.png,0,,f8976744c44e8d4e,2073,train
ISIC_0015013,/root/derm_pilot_v100/data/isic2018_raw/ISIC2018_Task1-2_Training_Input/ISIC_0015013.jpg,/root/isic_overlap_pilot_self_contained/data/isic2018/raw/task1_masks/ISIC2018_Task1_Training_GroundTruth/ISIC_0015013_segmentation.png,0,,f2dab1278b6cc883,2074,train
ISIC_0015015,/root/derm_pilot_v100/data/isic2018_raw/ISIC2018_Task1-2_Training_Input/ISIC_0015015.jpg,/root/isic_overlap_pilot_self_contained/data/isic2018/raw/task1_masks/ISIC2018_Task1_Training_GroundTruth/ISIC_0015015_segmentation.png,0,,e70e9a614dd68c1b,2075,train
ISIC_0015016,/root/derm_pilot_v100/data/isic2018_raw/ISIC2018_Task1-2_Training_Input/ISIC_0015016.jpg,/root/isic_overlap_pilot_self_contained/data/isic2018/raw/task1_masks/ISIC2018_Task1_Training_GroundTruth/ISIC_0015016_segmentation.png,0,,fc69c0b087c69ab6,185,train
ISIC_0015018,/root/derm_pilot_v100/data/isic2018_raw/ISIC2018_Task1-2_Training_Input/ISIC_0015018.jpg,/root/isic_overlap_pilot_self_contained/data/isic2018/raw/task1_masks/ISIC2018_Task1_Training_GroundTruth/ISIC_0015018_segmentation.png,0,,e299dc3565867398,2076,test
ISIC_0015019,/root/derm_pilot_v100/data/isic2018_raw/ISIC2018_Task1-2_Training_Input/ISIC_0015019.jpg,/root/isic_overlap_pilot_self_contained/data/isic2018/raw/task1_masks/ISIC2018_Task1_Training_GroundTruth/ISIC_0015019_segmentation.png,0,,b82cc763c59d989c,2077,train
ISIC_0015020,/root/derm_pilot_v100/data/isic2018_raw/ISIC2018_Task1-2_Training_Input/ISIC_0015020.jpg,/root/isic_overlap_pilot_self_contained/data/isic2018/raw/task1_masks/ISIC2018_Task1_Training_GroundTruth/ISIC_0015020_segmentation.png,0,,b564db2b922aef10,2078,train
ISIC_0015021,/root/derm_pilot_v100/data/isic2018_raw/ISIC2018_Task1-2_Training_Input/ISIC_0015021.jpg,/root/isic_overlap_pilot_self_contained/data/isic2018/raw/task1_masks/ISIC2018_Task1_Training_GroundTruth/ISIC_0015021_segmentation.png,0,,e5139e6d31646716,2079,train
ISIC_0015023,/root/derm_pilot_v100/data/isic2018_raw/ISIC2018_Task1-2_Training_Input/ISIC_0015023.jpg,/root/isic_overlap_pilot_self_contained/data/isic2018/raw/task1_masks/ISIC2018_Task1_Training_GroundTruth/ISIC_0015023_segmentation.png,0,,a531df64692b26ca,177,train
ISIC_0015026,/root/derm_pilot_v100/data/isic2018_raw/ISIC2018_Task1-2_Training_Input/ISIC_0015026.jpg,/root/isic_overlap_pilot_self_contained/data/isic2018/raw/task1_masks/ISIC2018_Task1_Training_GroundTruth/ISIC_0015026_segmentation.png,0,,b322cccc7373cc8c,1,test
ISIC_0015030,/root/derm_pilot_v100/data/isic2018_raw/ISIC2018_Task1-2_Training_Input/ISIC_0015030.jpg,/root/isic_overlap_pilot_self_contained/data/isic2018/raw/task1_masks/ISIC2018_Task1_Training_GroundTruth/ISIC_0015030_segmentation.png,0,,f145cfda243d33a0,2080,test
ISIC_0015031,/root/derm_pilot_v100/data/isic2018_raw/ISIC2018_Task1-2_Training_Input/ISIC_0015031.jpg,/root/isic_overlap_pilot_self_contained/data/isic2018/raw/task1_masks/ISIC2018_Task1_Training_GroundTruth/ISIC_0015031_segmentation.png,0,,b92908ed75897aa5,2081,train
ISIC_0015032,/root/derm_pilot_v100/data/isic2018_raw/ISIC2018_Task1-2_Training_Input/ISIC_0015032.jpg,/root/isic_overlap_pilot_self_contained/data/isic2018/raw/task1_masks/ISIC2018_Task1_Training_GroundTruth/ISIC_0015032_segmentation.png,0,,ea919562cc8c35de,2082,train
ISIC_0015034,/root/derm_pilot_v100/data/isic2018_raw/ISIC2018_Task1-2_Training_Input/ISIC_0015034.jpg,/root/isic_overlap_pilot_self_contained/data/isic2018/raw/task1_masks/ISIC2018_Task1_Training_GroundTruth/ISIC_0015034_segmentation.png,0,,e7199a2669b66689,202,train
ISIC_0015035,/root/derm_pilot_v100/data/isic2018_raw/ISIC2018_Task1-2_Training_Input/ISIC_0015035.jpg,/root/isic_overlap_pilot_self_contained/data/isic2018/raw/task1_masks/ISIC2018_Task1_Training_GroundTruth/ISIC_0015035_segmentation.png,0,,e3a98c3633dd8c26,2083,train
ISIC_0015037,/root/derm_pilot_v100/data/isic2018_raw/ISIC2018_Task1-2_Training_Input/ISIC_0015037.jpg,/root/isic_overlap_pilot_self_contained/data/isic2018/raw/task1_masks/ISIC2018_Task1_Training_GroundTruth/ISIC_0015037_segmentation.png,0,,b83891b59be2d8b2,2084,train
ISIC_0015040,/root/derm_pilot_v100/data/isic2018_raw/ISIC2018_Task1-2_Training_Input/ISIC_0015040.jpg,/root/isic_overlap_pilot_self_contained/data/isic2018/raw/task1_masks/ISIC2018_Task1_Training_GroundTruth/ISIC_0015040_segmentation.png,0,,e3268d3b338ccc33,2085,val
ISIC_0015041,/root/derm_pilot_v100/data/isic2018_raw/ISIC2018_Task1-2_Training_Input/ISIC_0015041.jpg,/root/isic_overlap_pilot_self_contained/data/isic2018/raw/task1_masks/ISIC2018_Task1_Training_GroundTruth/ISIC_0015041_segmentation.png,1,,b0a3cb3c24e39cce,2086,train
ISIC_0015043,/root/derm_pilot_v100/data/isic2018_raw/ISIC2018_Task1-2_Training_Input/ISIC_0015043.jpg,/root/isic_overlap_pilot_self_contained/data/isic2018/raw/task1_masks/ISIC2018_Task1_Training_GroundTruth/ISIC_0015043_segmentation.png,0,,f233cec999c6318c,2087,train
ISIC_0015044,/root/derm_pilot_v100/data/isic2018_raw/ISIC2018_Task1-2_Training_Input/ISIC_0015044.jpg,/root/isic_overlap_pilot_self_contained/data/isic2018/raw/task1_masks/ISIC2018_Task1_Training_GroundTruth/ISIC_0015044_segmentation.png,0,,b2c9c926c6f233c9,2088,train
ISIC_0015046,/root/derm_pilot_v100/data/isic2018_raw/ISIC2018_Task1-2_Training_Input/ISIC_0015046.jpg,/root/isic_overlap_pilot_self_contained/data/isic2018/raw/task1_masks/ISIC2018_Task1_Training_GroundTruth/ISIC_0015046_segmentation.png,1,,f19c93e1cc3c9ec0,2089,train
ISIC_0015050,/root/derm_pilot_v100/data/isic2018_raw/ISIC2018_Task1-2_Training_Input/ISIC_0015050.jpg,/root/isic_overlap_pilot_self_contained/data/isic2018/raw/task1_masks/ISIC2018_Task1_Training_GroundTruth/ISIC_0015050_segmentation.png,1,,bab4f072c2eb814b,2090,train
ISIC_0015051,/root/derm_pilot_v100/data/isic2018_raw/ISIC2018_Task1-2_Training_Input/ISIC_0015051.jpg,/root/isic_overlap_pilot_self_contained/data/isic2018/raw/task1_masks/ISIC2018_Task1_Training_GroundTruth/ISIC_0015051_segmentation.png,0,,b331cece9ccd3038,2091,train
ISIC_0015056,/root/derm_pilot_v100/data/isic2018_raw/ISIC2018_Task1-2_Training_Input/ISIC_0015056.jpg,/root/isic_overlap_pilot_self_contained/data/isic2018/raw/task1_masks/ISIC2018_Task1_Training_GroundTruth/ISIC_0015056_segmentation.png,0,,bb279568c6d0cd8c,2092,train
ISIC_0015057,/root/derm_pilot_v100/data/isic2018_raw/ISIC2018_Task1-2_Training_Input/ISIC_0015057.jpg,/root/isic_overlap_pilot_self_contained/data/isic2018/raw/task1_masks/ISIC2018_Task1_Training_GroundTruth/ISIC_0015057_segmentation.png,0,,b069ddc5c64f0c3c,2093,train
ISIC_0015060,/root/derm_pilot_v100/data/isic2018_raw/ISIC2018_Task1-2_Training_Input/ISIC_0015060.jpg,/root/isic_overlap_pilot_self_contained/data/isic2018/raw/task1_masks/ISIC2018_Task1_Training_GroundTruth/ISIC_0015060_segmentation.png,0,,b28ccd339ccd7330,2094,train
ISIC_0015062,/root/derm_pilot_v100/data/isic2018_raw/ISIC2018_Task1-2_Training_Input/ISIC_0015062.jpg,/root/isic_overlap_pilot_self_contained/data/isic2018/raw/task1_masks/ISIC2018_Task1_Training_GroundTruth/ISIC_0015062_segmentation.png,0,,be0baae3ad3158d0,2095,train
ISIC_0015064,/root/derm_pilot_v100/data/isic2018_raw/ISIC2018_Task1-2_Training_Input/ISIC_0015064.jpg,/root/isic_overlap_pilot_self_contained/data/isic2018/raw/task1_masks/ISIC2018_Task1_Training_GroundTruth/ISIC_0015064_segmentation.png,0,,ef2690c90bc9c9d6,2096,train
ISIC_0015071,/root/derm_pilot_v100/data/isic2018_raw/ISIC2018_Task1-2_Training_Input/ISIC_0015071.jpg,/root/isic_overlap_pilot_self_contained/data/isic2018/raw/task1_masks/ISIC2018_Task1_Training_GroundTruth/ISIC_0015071_segmentation.png,1,,e08896333967c6dd,2097,test
ISIC_0015078,/root/derm_pilot_v100/data/isic2018_raw/ISIC2018_Task1-2_Training_Input/ISIC_0015078.jpg,/root/isic_overlap_pilot_self_contained/data/isic2018/raw/task1_masks/ISIC2018_Task1_Training_GroundTruth/ISIC_0015078_segmentation.png,0,,a172c7cee918c4bc,2098,train
ISIC_0015079,/root/derm_pilot_v100/data/isic2018_raw/ISIC2018_Task1-2_Training_Input/ISIC_0015079.jpg,/root/isic_overlap_pilot_self_contained/data/isic2018/raw/task1_masks/ISIC2018_Task1_Training_GroundTruth/ISIC_0015079_segmentation.png,1,,b030cb8be7c6ce32,2099,train
ISIC_0015082,/root/derm_pilot_v100/data/isic2018_raw/ISIC2018_Task1-2_Training_Input/ISIC_0015082.jpg,/root/isic_overlap_pilot_self_contained/data/isic2018/raw/task1_masks/ISIC2018_Task1_Training_GroundTruth/ISIC_0015082_segmentation.png,1,,bdcec3389a230d74,2100,train
ISIC_0015089,/root/derm_pilot_v100/data/isic2018_raw/ISIC2018_Task1-2_Training_Input/ISIC_0015089.jpg,/root/isic_overlap_pilot_self_contained/data/isic2018/raw/task1_masks/ISIC2018_Task1_Training_GroundTruth/ISIC_0015089_segmentation.png,0,,ad92d16fcc25826e,2101,val
ISIC_0015102,/root/derm_pilot_v100/data/isic2018_raw/ISIC2018_Task1-2_Training_Input/ISIC_0015102.jpg,/root/isic_overlap_pilot_self_contained/data/isic2018/raw/task1_masks/ISIC2018_Task1_Training_GroundTruth/ISIC_0015102_segmentation.png,0,,fb6be185872196c4,2102,train
ISIC_0015108,/root/derm_pilot_v100/data/isic2018_raw/ISIC2018_Task1-2_Training_Input/ISIC_0015108.jpg,/root/isic_overlap_pilot_self_contained/data/isic2018/raw/task1_masks/ISIC2018_Task1_Training_GroundTruth/ISIC_0015108_segmentation.png,0,,e232958fdb5948d8,2103,train
ISIC_0015109,/root/derm_pilot_v100/data/isic2018_raw/ISIC2018_Task1-2_Training_Input/ISIC_0015109.jpg,/root/isic_overlap_pilot_self_contained/data/isic2018/raw/task1_masks/ISIC2018_Task1_Training_GroundTruth/ISIC_0015109_segmentation.png,1,,e1ce933cc9236c96,2104,train
ISIC_0015110,/root/derm_pilot_v100/data/isic2018_raw/ISIC2018_Task1-2_Training_Input/ISIC_0015110.jpg,/root/isic_overlap_pilot_self_contained/data/isic2018/raw/task1_masks/ISIC2018_Task1_Training_GroundTruth/ISIC_0015110_segmentation.png,1,,e9b092484e676dda,155,train
ISIC_0015113,/root/derm_pilot_v100/data/isic2018_raw/ISIC2018_Task1-2_Training_Input/ISIC_0015113.jpg,/root/isic_overlap_pilot_self_contained/data/isic2018/raw/task1_masks/ISIC2018_Task1_Training_GroundTruth/ISIC_0015113_segmentation.png,0,,b0cfcd3c3e3388c1,2105,train
ISIC_0015115,/root/derm_pilot_v100/data/isic2018_raw/ISIC2018_Task1-2_Training_Input/ISIC_0015115.jpg,/root/isic_overlap_pilot_self_contained/data/isic2018/raw/task1_masks/ISIC2018_Task1_Training_GroundTruth/ISIC_0015115_segmentation.png,1,,b439c2c18b66f731,2106,train
ISIC_0015118,/root/derm_pilot_v100/data/isic2018_raw/ISIC2018_Task1-2_Training_Input/ISIC_0015118.jpg,/root/isic_overlap_pilot_self_contained/data/isic2018/raw/task1_masks/ISIC2018_Task1_Training_GroundTruth/ISIC_0015118_segmentation.png,0,,bd16901e5b99933a,2107,train
ISIC_0015124,/root/derm_pilot_v100/data/isic2018_raw/ISIC2018_Task1-2_Training_Input/ISIC_0015124.jpg,/root/isic_overlap_pilot_self_contained/data/isic2018/raw/task1_masks/ISIC2018_Task1_Training_GroundTruth/ISIC_0015124_segmentation.png,1,,bccbc39e1b700cf0,153,train
ISIC_0015125,/root/derm_pilot_v100/data/isic2018_raw/ISIC2018_Task1-2_Training_Input/ISIC_0015125.jpg,/root/isic_overlap_pilot_self_contained/data/isic2018/raw/task1_masks/ISIC2018_Task1_Training_GroundTruth/ISIC_0015125_segmentation.png,0,,b6ce896326da1bc8,2108,train
ISIC_0015127,/root/derm_pilot_v100/data/isic2018_raw/ISIC2018_Task1-2_Training_Input/ISIC_0015127.jpg,/root/isic_overlap_pilot_self_contained/data/isic2018/raw/task1_masks/ISIC2018_Task1_Training_GroundTruth/ISIC_0015127_segmentation.png,1,,b124cc1b7d6d3332,2109,train
ISIC_0015129,/root/derm_pilot_v100/data/isic2018_raw/ISIC2018_Task1-2_Training_Input/ISIC_0015129.jpg,/root/isic_overlap_pilot_self_contained/data/isic2018/raw/task1_masks/ISIC2018_Task1_Training_GroundTruth/ISIC_0015129_segmentation.png,0,,b064cf93cccd3136,2110,train
ISIC_0015130,/root/derm_pilot_v100/data/isic2018_raw/ISIC2018_Task1-2_Training_Input/ISIC_0015130.jpg,/root/isic_overlap_pilot_self_contained/data/isic2018/raw/task1_masks/ISIC2018_Task1_Training_GroundTruth/ISIC_0015130_segmentation.png,0,,b418c36dcdc76c92,2111,train
ISIC_0015132,/root/derm_pilot_v100/data/isic2018_raw/ISIC2018_Task1-2_Training_Input/ISIC_0015132.jpg,/root/isic_overlap_pilot_self_contained/data/isic2018/raw/task1_masks/ISIC2018_Task1_Training_GroundTruth/ISIC_0015132_segmentation.png,1,,b497c74c9831c9b3,2112,train
ISIC_0015133,/root/derm_pilot_v100/data/isic2018_raw/ISIC2018_Task1-2_Training_Input/ISIC_0015133.jpg,/root/isic_overlap_pilot_self_contained/data/isic2018/raw/task1_masks/ISIC2018_Task1_Training_GroundTruth/ISIC_0015133_segmentation.png,1,,8564989633d35d73,2113,train
ISIC_0015136,/root/derm_pilot_v100/data/isic2018_raw/ISIC2018_Task1-2_Training_Input/ISIC_0015136.jpg,/root/isic_overlap_pilot_self_contained/data/isic2018/raw/task1_masks/ISIC2018_Task1_Training_GroundTruth/ISIC_0015136_segmentation.png,1,,b09cc3e14e373c59,2114,train
ISIC_0015139,/root/derm_pilot_v100/data/isic2018_raw/ISIC2018_Task1-2_Training_Input/ISIC_0015139.jpg,/root/isic_overlap_pilot_self_contained/data/isic2018/raw/task1_masks/ISIC2018_Task1_Training_GroundTruth/ISIC_0015139_segmentation.png,0,,b3b3cccc30a47333,207,train
ISIC_0015140,/root/derm_pilot_v100/data/isic2018_raw/ISIC2018_Task1-2_Training_Input/ISIC_0015140.jpg,/root/isic_overlap_pilot_self_contained/data/isic2018/raw/task1_masks/ISIC2018_Task1_Training_GroundTruth/ISIC_0015140_segmentation.png,0,,bd3df4e090f1cb02,2115,test
ISIC_0015142,/root/derm_pilot_v100/data/isic2018_raw/ISIC2018_Task1-2_Training_Input/ISIC_0015142.jpg,/root/isic_overlap_pilot_self_contained/data/isic2018/raw/task1_masks/ISIC2018_Task1_Training_GroundTruth/ISIC_0015142_segmentation.png,1,,a0e213b40ef34fb3,2116,val
ISIC_0015144,/root/derm_pilot_v100/data/isic2018_raw/ISIC2018_Task1-2_Training_Input/ISIC_0015144.jpg,/root/isic_overlap_pilot_self_contained/data/isic2018/raw/task1_masks/ISIC2018_Task1_Training_GroundTruth/ISIC_0015144_segmentation.png,0,,a66619998c6d9d59,2117,train
ISIC_0015146,/root/derm_pilot_v100/data/isic2018_raw/ISIC2018_Task1-2_Training_Input/ISIC_0015146.jpg,/root/isic_overlap_pilot_self_contained/data/isic2018/raw/task1_masks/ISIC2018_Task1_Training_GroundTruth/ISIC_0015146_segmentation.png,0,,b08fcb3ccc336433,2118,test
ISIC_0015149,/root/derm_pilot_v100/data/isic2018_raw/ISIC2018_Task1-2_Training_Input/ISIC_0015149.jpg,/root/isic_overlap_pilot_self_contained/data/isic2018/raw/task1_masks/ISIC2018_Task1_Training_GroundTruth/ISIC_0015149_segmentation.png,0,,f0719394c7cb8cc6,2119,train
ISIC_0015150,/root/derm_pilot_v100/data/isic2018_raw/ISIC2018_Task1-2_Training_Input/ISIC_0015150.jpg,/root/isic_overlap_pilot_self_contained/data/isic2018/raw/task1_masks/ISIC2018_Task1_Training_GroundTruth/ISIC_0015150_segmentation.png,0,,a571da924cccf83c,2120,train
ISIC_0015152,/root/derm_pilot_v100/data/isic2018_raw/ISIC2018_Task1-2_Training_Input/ISIC_0015152.jpg,/root/isic_overlap_pilot_self_contained/data/isic2018/raw/task1_masks/ISIC2018_Task1_Training_GroundTruth/ISIC_0015152_segmentation.png,0,,e7e299b330c5ec88,2121,val
ISIC_0015153,/root/derm_pilot_v100/data/isic2018_raw/ISIC2018_Task1-2_Training_Input/ISIC_0015153.jpg,/root/isic_overlap_pilot_self_contained/data/isic2018/raw/task1_masks/ISIC2018_Task1_Training_GroundTruth/ISIC_0015153_segmentation.png,0,,e85ab12db334c167,2122,train
ISIC_0015155,/root/derm_pilot_v100/data/isic2018_raw/ISIC2018_Task1-2_Training_Input/ISIC_0015155.jpg,/root/isic_overlap_pilot_self_contained/data/isic2018/raw/task1_masks/ISIC2018_Task1_Training_GroundTruth/ISIC_0015155_segmentation.png,0,,b4c7cb1c9c30c733,164,train
ISIC_0015156,/root/derm_pilot_v100/data/isic2018_raw/ISIC2018_Task1-2_Training_Input/ISIC_0015156.jpg,/root/isic_overlap_pilot_self_contained/data/isic2018/raw/task1_masks/ISIC2018_Task1_Training_GroundTruth/ISIC_0015156_segmentation.png,1,,f891c73b8cc3316c,2123,test
ISIC_0015157,/root/derm_pilot_v100/data/isic2018_raw/ISIC2018_Task1-2_Training_Input/ISIC_0015157.jpg,/root/isic_overlap_pilot_self_contained/data/isic2018/raw/task1_masks/ISIC2018_Task1_Training_GroundTruth/ISIC_0015157_segmentation.png,0,,b38bcc2931e7d22c,2124,train
ISIC_0015158,/root/derm_pilot_v100/data/isic2018_raw/ISIC2018_Task1-2_Training_Input/ISIC_0015158.jpg,/root/isic_overlap_pilot_self_contained/data/isic2018/raw/task1_masks/ISIC2018_Task1_Training_GroundTruth/ISIC_0015158_segmentation.png,0,,e5939a6d6614998b,2125,train
ISIC_0015160,/root/derm_pilot_v100/data/isic2018_raw/ISIC2018_Task1-2_Training_Input/ISIC_0015160.jpg,/root/isic_overlap_pilot_self_contained/data/isic2018/raw/task1_masks/ISIC2018_Task1_Training_GroundTruth/ISIC_0015160_segmentation.png,0,,b8669363cf988c8d,2126,test
ISIC_0015161,/root/derm_pilot_v100/data/isic2018_raw/ISIC2018_Task1-2_Training_Input/ISIC_0015161.jpg,/root/isic_overlap_pilot_self_contained/data/isic2018/raw/task1_masks/ISIC2018_Task1_Training_GroundTruth/ISIC_0015161_segmentation.png,0,,b434c3238bc1cfc7,2127,val
ISIC_0015163,/root/derm_pilot_v100/data/isic2018_raw/ISIC2018_Task1-2_Training_Input/ISIC_0015163.jpg,/root/isic_overlap_pilot_self_contained/data/isic2018/raw/task1_masks/ISIC2018_Task1_Training_GroundTruth/ISIC_0015163_segmentation.png,1,,e6289a26d9639bd2,2128,val
ISIC_0015166,/root/derm_pilot_v100/data/isic2018_raw/ISIC2018_Task1-2_Training_Input/ISIC_0015166.jpg,/root/isic_overlap_pilot_self_contained/data/isic2018/raw/task1_masks/ISIC2018_Task1_Training_GroundTruth/ISIC_0015166_segmentation.png,1,,e14584949ed9daf1,2129,train
ISIC_0015167,/root/derm_pilot_v100/data/isic2018_raw/ISIC2018_Task1-2_Training_Input/ISIC_0015167.jpg,/root/isic_overlap_pilot_self_contained/data/isic2018/raw/task1_masks/ISIC2018_Task1_Training_GroundTruth/ISIC_0015167_segmentation.png,1,,bb9cc068d6a339d8,2130,test
ISIC_0015170,/root/derm_pilot_v100/data/isic2018_raw/ISIC2018_Task1-2_Training_Input/ISIC_0015170.jpg,/root/isic_overlap_pilot_self_contained/data/isic2018/raw/task1_masks/ISIC2018_Task1_Training_GroundTruth/ISIC_0015170_segmentation.png,0,,bc89c317c9273d19,2131,train
ISIC_0015171,/root/derm_pilot_v100/data/isic2018_raw/ISIC2018_Task1-2_Training_Input/ISIC_0015171.jpg,/root/isic_overlap_pilot_self_contained/data/isic2018/raw/task1_masks/ISIC2018_Task1_Training_GroundTruth/ISIC_0015171_segmentation.png,0,,fac9c4ad9402ea3b,2132,val
ISIC_0015173,/root/derm_pilot_v100/data/isic2018_raw/ISIC2018_Task1-2_Training_Input/ISIC_0015173.jpg,/root/isic_overlap_pilot_self_contained/data/isic2018/raw/task1_masks/ISIC2018_Task1_Training_GroundTruth/ISIC_0015173_segmentation.png,0,,b430c3c78fcf0c9c,2133,train
ISIC_0015174,/root/derm_pilot_v100/data/isic2018_raw/ISIC2018_Task1-2_Training_Input/ISIC_0015174.jpg,/root/isic_overlap_pilot_self_contained/data/isic2018/raw/task1_masks/ISIC2018_Task1_Training_GroundTruth/ISIC_0015174_segmentation.png,0,,e43c9bd3652d9264,2134,train
ISIC_0015175,/root/derm_pilot_v100/data/isic2018_raw/ISIC2018_Task1-2_Training_Input/ISIC_0015175.jpg,/root/isic_overlap_pilot_self_contained/data/isic2018/raw/task1_masks/ISIC2018_Task1_Training_GroundTruth/ISIC_0015175_segmentation.png,0,,f08b8f30874edc71,2135,train
ISIC_0015176,/root/derm_pilot_v100/data/isic2018_raw/ISIC2018_Task1-2_Training_Input/ISIC_0015176.jpg,/root/isic_overlap_pilot_self_contained/data/isic2018/raw/task1_masks/ISIC2018_Task1_Training_GroundTruth/ISIC_0015176_segmentation.png,0,,bcc3d20f9a6cc16c,2136,train
ISIC_0015179,/root/derm_pilot_v100/data/isic2018_raw/ISIC2018_Task1-2_Training_Input/ISIC_0015179.jpg,/root/isic_overlap_pilot_self_contained/data/isic2018/raw/task1_masks/ISIC2018_Task1_Training_GroundTruth/ISIC_0015179_segmentation.png,0,,b303cd6c649b3987,2137,train
ISIC_0015180,/root/derm_pilot_v100/data/isic2018_raw/ISIC2018_Task1-2_Training_Input/ISIC_0015180.jpg,/root/isic_overlap_pilot_self_contained/data/isic2018/raw/task1_masks/ISIC2018_Task1_Training_GroundTruth/ISIC_0015180_segmentation.png,1,,b871cf0e38793272,2138,train
ISIC_0015184,/root/derm_pilot_v100/data/isic2018_raw/ISIC2018_Task1-2_Training_Input/ISIC_0015184.jpg,/root/isic_overlap_pilot_self_contained/data/isic2018/raw/task1_masks/ISIC2018_Task1_Training_GroundTruth/ISIC_0015184_segmentation.png,0,,a69a9a61718ee639,2139,train
ISIC_0015185,/root/derm_pilot_v100/data/isic2018_raw/ISIC2018_Task1-2_Training_Input/ISIC_0015185.jpg,/root/isic_overlap_pilot_self_contained/data/isic2018/raw/task1_masks/ISIC2018_Task1_Training_GroundTruth/ISIC_0015185_segmentation.png,1,,a338cfca99669127,2140,train
ISIC_0015189,/root/derm_pilot_v100/data/isic2018_raw/ISIC2018_Task1-2_Training_Input/ISIC_0015189.jpg,/root/isic_overlap_pilot_self_contained/data/isic2018/raw/task1_masks/ISIC2018_Task1_Training_GroundTruth/ISIC_0015189_segmentation.png,1,,f14ece3a1c39a436,2141,train
ISIC_0015190,/root/derm_pilot_v100/data/isic2018_raw/ISIC2018_Task1-2_Training_Input/ISIC_0015190.jpg,/root/isic_overlap_pilot_self_contained/data/isic2018/raw/task1_masks/ISIC2018_Task1_Training_GroundTruth/ISIC_0015190_segmentation.png,1,,ac2ccb93d990599e,2142,train
ISIC_0015193,/root/derm_pilot_v100/data/isic2018_raw/ISIC2018_Task1-2_Training_Input/ISIC_0015193.jpg,/root/isic_overlap_pilot_self_contained/data/isic2018/raw/task1_masks/ISIC2018_Task1_Training_GroundTruth/ISIC_0015193_segmentation.png,1,,e8a9979edab058b0,2143,train
ISIC_0015200,/root/derm_pilot_v100/data/isic2018_raw/ISIC2018_Task1-2_Training_Input/ISIC_0015200.jpg,/root/isic_overlap_pilot_self_contained/data/isic2018/raw/task1_masks/ISIC2018_Task1_Training_GroundTruth/ISIC_0015200_segmentation.png,1,,fee4901bc70281fb,2144,train
ISIC_0015201,/root/derm_pilot_v100/data/isic2018_raw/ISIC2018_Task1-2_Training_Input/ISIC_0015201.jpg,/root/isic_overlap_pilot_self_contained/data/isic2018/raw/task1_masks/ISIC2018_Task1_Training_GroundTruth/ISIC_0015201_segmentation.png,0,,bcf0c3ce2cd232c9,2145,test
ISIC_0015202,/root/derm_pilot_v100/data/isic2018_raw/ISIC2018_Task1-2_Training_Input/ISIC_0015202.jpg,/root/isic_overlap_pilot_self_contained/data/isic2018/raw/task1_masks/ISIC2018_Task1_Training_GroundTruth/ISIC_0015202_segmentation.png,0,,b2abcc2e30859b7c,196,train
ISIC_0015203,/root/derm_pilot_v100/data/isic2018_raw/ISIC2018_Task1-2_Training_Input/ISIC_0015203.jpg,/root/isic_overlap_pilot_self_contained/data/isic2018/raw/task1_masks/ISIC2018_Task1_Training_GroundTruth/ISIC_0015203_segmentation.png,0,,be4cd485c096c5f6,2146,train
ISIC_0015204,/root/derm_pilot_v100/data/isic2018_raw/ISIC2018_Task1-2_Training_Input/ISIC_0015204.jpg,/root/isic_overlap_pilot_self_contained/data/isic2018/raw/task1_masks/ISIC2018_Task1_Training_GroundTruth/ISIC_0015204_segmentation.png,1,,a492d8679b8d8f62,2147,train
ISIC_0015206,/root/derm_pilot_v100/data/isic2018_raw/ISIC2018_Task1-2_Training_Input/ISIC_0015206.jpg,/root/isic_overlap_pilot_self_contained/data/isic2018/raw/task1_masks/ISIC2018_Task1_Training_GroundTruth/ISIC_0015206_segmentation.png,1,,b232d99947cc5c71,2148,train
ISIC_0015207,/root/derm_pilot_v100/data/isic2018_raw/ISIC2018_Task1-2_Training_Input/ISIC_0015207.jpg,/root/isic_overlap_pilot_self_contained/data/isic2018/raw/task1_masks/ISIC2018_Task1_Training_GroundTruth/ISIC_0015207_segmentation.png,0,,e1cd9e1431f926c3,2149,train
ISIC_0015208,/root/derm_pilot_v100/data/isic2018_raw/ISIC2018_Task1-2_Training_Input/ISIC_0015208.jpg,/root/isic_overlap_pilot_self_contained/data/isic2018/raw/task1_masks/ISIC2018_Task1_Training_GroundTruth/ISIC_0015208_segmentation.png,0,,e54a96b5987acb06,2150,train
ISIC_0015211,/root/derm_pilot_v100/data/isic2018_raw/ISIC2018_Task1-2_Training_Input/ISIC_0015211.jpg,/root/isic_overlap_pilot_self_contained/data/isic2018/raw/task1_masks/ISIC2018_Task1_Training_GroundTruth/ISIC_0015211_segmentation.png,0,,e5129acc5b39366c,2151,train
ISIC_0015212,/root/derm_pilot_v100/data/isic2018_raw/ISIC2018_Task1-2_Training_Input/ISIC_0015212.jpg,/root/isic_overlap_pilot_self_contained/data/isic2018/raw/task1_masks/ISIC2018_Task1_Training_GroundTruth/ISIC_0015212_segmentation.png,0,,e68c993366cc9993,640,train
ISIC_0015215,/root/derm_pilot_v100/data/isic2018_raw/ISIC2018_Task1-2_Training_Input/ISIC_0015215.jpg,/root/isic_overlap_pilot_self_contained/data/isic2018/raw/task1_masks/ISIC2018_Task1_Training_GroundTruth/ISIC_0015215_segmentation.png,0,,e691986eb9996691,1665,test
ISIC_0015216,/root/derm_pilot_v100/data/isic2018_raw/ISIC2018_Task1-2_Training_Input/ISIC_0015216.jpg,/root/isic_overlap_pilot_self_contained/data/isic2018/raw/task1_masks/ISIC2018_Task1_Training_GroundTruth/ISIC_0015216_segmentation.png,0,,fa7e8362844696b3,2152,train
ISIC_0015218,/root/derm_pilot_v100/data/isic2018_raw/ISIC2018_Task1-2_Training_Input/ISIC_0015218.jpg,/root/isic_overlap_pilot_self_contained/data/isic2018/raw/task1_masks/ISIC2018_Task1_Training_GroundTruth/ISIC_0015218_segmentation.png,0,,b499cb643c6331cb,2153,train
ISIC_0015219,/root/derm_pilot_v100/data/isic2018_raw/ISIC2018_Task1-2_Training_Input/ISIC_0015219.jpg,/root/isic_overlap_pilot_self_contained/data/isic2018/raw/task1_masks/ISIC2018_Task1_Training_GroundTruth/ISIC_0015219_segmentation.png,1,,b8c3c61c19c37c3d,2154,train
ISIC_0015220,/root/derm_pilot_v100/data/isic2018_raw/ISIC2018_Task1-2_Training_Input/ISIC_0015220.jpg,/root/isic_overlap_pilot_self_contained/data/isic2018/raw/task1_masks/ISIC2018_Task1_Training_GroundTruth/ISIC_0015220_segmentation.png,0,,fa1a846ac66794e5,2155,val
ISIC_0015223,/root/derm_pilot_v100/data/isic2018_raw/ISIC2018_Task1-2_Training_Input/ISIC_0015223.jpg,/root/isic_overlap_pilot_self_contained/data/isic2018/raw/task1_masks/ISIC2018_Task1_Training_GroundTruth/ISIC_0015223_segmentation.png,0,,b3c8cc3333cccc2e,9,train
ISIC_0015224,/root/derm_pilot_v100/data/isic2018_raw/ISIC2018_Task1-2_Training_Input/ISIC_0015224.jpg,/root/isic_overlap_pilot_self_contained/data/isic2018/raw/task1_masks/ISIC2018_Task1_Training_GroundTruth/ISIC_0015224_segmentation.png,0,,ae8c8595885af787,2156,train
ISIC_0015226,/root/derm_pilot_v100/data/isic2018_raw/ISIC2018_Task1-2_Training_Input/ISIC_0015226.jpg,/root/isic_overlap_pilot_self_contained/data/isic2018/raw/task1_masks/ISIC2018_Task1_Training_GroundTruth/ISIC_0015226_segmentation.png,0,,f322cccc3333e2cc,1,test
ISIC_0015229,/root/derm_pilot_v100/data/isic2018_raw/ISIC2018_Task1-2_Training_Input/ISIC_0015229.jpg,/root/isic_overlap_pilot_self_contained/data/isic2018/raw/task1_masks/ISIC2018_Task1_Training_GroundTruth/ISIC_0015229_segmentation.png,1,,fbb6a01548b05bba,2157,val
ISIC_0015232,/root/derm_pilot_v100/data/isic2018_raw/ISIC2018_Task1-2_Training_Input/ISIC_0015232.jpg,/root/isic_overlap_pilot_self_contained/data/isic2018/raw/task1_masks/ISIC2018_Task1_Training_GroundTruth/ISIC_0015232_segmentation.png,0,,f431c9ce673038c7,2158,train
ISIC_0015233,/root/derm_pilot_v100/data/isic2018_raw/ISIC2018_Task1-2_Training_Input/ISIC_0015233.jpg,/root/isic_overlap_pilot_self_contained/data/isic2018/raw/task1_masks/ISIC2018_Task1_Training_GroundTruth/ISIC_0015233_segmentation.png,0,,e5269a9869b36696,2159,test
ISIC_0015237,/root/derm_pilot_v100/data/isic2018_raw/ISIC2018_Task1-2_Training_Input/ISIC_0015237.jpg,/root/isic_overlap_pilot_self_contained/data/isic2018/raw/task1_masks/ISIC2018_Task1_Training_GroundTruth/ISIC_0015237_segmentation.png,0,,f133ce643d9b241c,2160,train
ISIC_0015241,/root/derm_pilot_v100/data/isic2018_raw/ISIC2018_Task1-2_Training_Input/ISIC_0015241.jpg,/root/isic_overlap_pilot_self_contained/data/isic2018/raw/task1_masks/ISIC2018_Task1_Training_GroundTruth/ISIC_0015241_segmentation.png,0,,b024cf8d3c3e9333,2161,train
ISIC_0015243,/root/derm_pilot_v100/data/isic2018_raw/ISIC2018_Task1-2_Training_Input/ISIC_0015243.jpg,/root/isic_overlap_pilot_self_contained/data/isic2018/raw/task1_masks/ISIC2018_Task1_Training_GroundTruth/ISIC_0015243_segmentation.png,1,,b22f1339cc90ccf3,2162,train
ISIC_0015244,/root/derm_pilot_v100/data/isic2018_raw/ISIC2018_Task1-2_Training_Input/ISIC_0015244.jpg,/root/isic_overlap_pilot_self_contained/data/isic2018/raw/task1_masks/ISIC2018_Task1_Training_GroundTruth/ISIC_0015244_segmentation.png,0,,e5cec6309ab39949,2163,train
ISIC_0015245,/root/derm_pilot_v100/data/isic2018_raw/ISIC2018_Task1-2_Training_Input/ISIC_0015245.jpg,/root/isic_overlap_pilot_self_contained/data/isic2018/raw/task1_masks/ISIC2018_Task1_Training_GroundTruth/ISIC_0015245_segmentation.png,0,,b301ccecc681d37b,2164,train
ISIC_0015250,/root/derm_pilot_v100/data/isic2018_raw/ISIC2018_Task1-2_Training_Input/ISIC_0015250.jpg,/root/isic_overlap_pilot_self_contained/data/isic2018/raw/task1_masks/ISIC2018_Task1_Training_GroundTruth/ISIC_0015250_segmentation.png,0,,b233cdcb3c0c6333,2165,train
ISIC_0015251,/root/derm_pilot_v100/data/isic2018_raw/ISIC2018_Task1-2_Training_Input/ISIC_0015251.jpg,/root/isic_overlap_pilot_self_contained/data/isic2018/raw/task1_masks/ISIC2018_Task1_Training_GroundTruth/ISIC_0015251_segmentation.png,1,,b832c7c42787d2cd,2166,train
ISIC_0015254,/root/derm_pilot_v100/data/isic2018_raw/ISIC2018_Task1-2_Training_Input/ISIC_0015254.jpg,/root/isic_overlap_pilot_self_contained/data/isic2018/raw/task1_masks/ISIC2018_Task1_Training_GroundTruth/ISIC_0015254_segmentation.png,0,,e5259a9acd909e6c,2167,val
ISIC_0015255,/root/derm_pilot_v100/data/isic2018_raw/ISIC2018_Task1-2_Training_Input/ISIC_0015255.jpg,/root/isic_overlap_pilot_self_contained/data/isic2018/raw/task1_masks/ISIC2018_Task1_Training_GroundTruth/ISIC_0015255_segmentation.png,0,,fea1e094c09ac2df,2168,train
ISIC_0015256,/root/derm_pilot_v100/data/isic2018_raw/ISIC2018_Task1-2_Training_Input/ISIC_0015256.jpg,/root/isic_overlap_pilot_self_contained/data/isic2018/raw/task1_masks/ISIC2018_Task1_Training_GroundTruth/ISIC_0015256_segmentation.png,1,,be4ac2ebe1990758,2169,train
ISIC_0015258,/root/derm_pilot_v100/data/isic2018_raw/ISIC2018_Task1-2_Training_Input/ISIC_0015258.jpg,/root/isic_overlap_pilot_self_contained/data/isic2018/raw/task1_masks/ISIC2018_Task1_Training_GroundTruth/ISIC_0015258_segmentation.png,0,,bf3ac4fcc0e18ac2,2170,test
ISIC_0015260,/root/derm_pilot_v100/data/isic2018_raw/ISIC2018_Task1-2_Training_Input/ISIC_0015260.jpg,/root/isic_overlap_pilot_self_contained/data/isic2018/raw/task1_masks/ISIC2018_Task1_Training_GroundTruth/ISIC_0015260_segmentation.png,0,,e3949c6960979b9c,2171,train
ISIC_0015264,/root/derm_pilot_v100/data/isic2018_raw/ISIC2018_Task1-2_Training_Input/ISIC_0015264.jpg,/root/isic_overlap_pilot_self_contained/data/isic2018/raw/task1_masks/ISIC2018_Task1_Training_GroundTruth/ISIC_0015264_segmentation.png,0,,b331cccc3331dae2,1,test
ISIC_0015270,/root/derm_pilot_v100/data/isic2018_raw/ISIC2018_Task1-2_Training_Input/ISIC_0015270.jpg,/root/isic_overlap_pilot_self_contained/data/isic2018/raw/task1_masks/ISIC2018_Task1_Training_GroundTruth/ISIC_0015270_segmentation.png,0,,b0cacd740ce331cf,2172,train
ISIC_0015273,/root/derm_pilot_v100/data/isic2018_raw/ISIC2018_Task1-2_Training_Input/ISIC_0015273.jpg,/root/isic_overlap_pilot_self_contained/data/isic2018/raw/task1_masks/ISIC2018_Task1_Training_GroundTruth/ISIC_0015273_segmentation.png,0,,b34ccc3333cccc33,9,train
ISIC_0015274,/root/derm_pilot_v100/data/isic2018_raw/ISIC2018_Task1-2_Training_Input/ISIC_0015274.jpg,/root/isic_overlap_pilot_self_contained/data/isic2018/raw/task1_masks/ISIC2018_Task1_Training_GroundTruth/ISIC_0015274_segmentation.png,0,,ae1795cec0e5b246,2173,train
ISIC_0015276,/root/derm_pilot_v100/data/isic2018_raw/ISIC2018_Task1-2_Training_Input/ISIC_0015276.jpg,/root/isic_overlap_pilot_self_contained/data/isic2018/raw/task1_masks/ISIC2018_Task1_Training_GroundTruth/ISIC_0015276_segmentation.png,0,,a45d996266c99bb2,392,train
ISIC_0015279,/root/derm_pilot_v100/data/isic2018_raw/ISIC2018_Task1-2_Training_Input/ISIC_0015279.jpg,/root/isic_overlap_pilot_self_contained/data/isic2018/raw/task1_masks/ISIC2018_Task1_Training_GroundTruth/ISIC_0015279_segmentation.png,0,,a68c9b7366cc3499,83,train
ISIC_0015283,/root/derm_pilot_v100/data/isic2018_raw/ISIC2018_Task1-2_Training_Input/ISIC_0015283.jpg,/root/isic_overlap_pilot_self_contained/data/isic2018/raw/task1_masks/ISIC2018_Task1_Training_GroundTruth/ISIC_0015283_segmentation.png,0,,b9a5c69a8d693d24,2174,train
ISIC_0015284,/root/derm_pilot_v100/data/isic2018_raw/ISIC2018_Task1-2_Training_Input/ISIC_0015284.jpg,/root/isic_overlap_pilot_self_contained/data/isic2018/raw/task1_masks/ISIC2018_Task1_Training_GroundTruth/ISIC_0015284_segmentation.png,1,,b3c0ce48dbb33233,2175,train
ISIC_0015291,/root/derm_pilot_v100/data/isic2018_raw/ISIC2018_Task1-2_Training_Input/ISIC_0015291.jpg,/root/isic_overlap_pilot_self_contained/data/isic2018/raw/task1_masks/ISIC2018_Task1_Training_GroundTruth/ISIC_0015291_segmentation.png,0,,b08dcf306c33cecc,2176,val
ISIC_0015293,/root/derm_pilot_v100/data/isic2018_raw/ISIC2018_Task1-2_Training_Input/ISIC_0015293.jpg,/root/isic_overlap_pilot_self_contained/data/isic2018/raw/task1_masks/ISIC2018_Task1_Training_GroundTruth/ISIC_0015293_segmentation.png,0,,f3c9cc763389612c,2177,train
ISIC_0015295,/root/derm_pilot_v100/data/isic2018_raw/ISIC2018_Task1-2_Training_Input/ISIC_0015295.jpg,/root/isic_overlap_pilot_self_contained/data/isic2018/raw/task1_masks/ISIC2018_Task1_Training_GroundTruth/ISIC_0015295_segmentation.png,0,,bbb1945bd16ac2c1,2178,train
ISIC_0015298,/root/derm_pilot_v100/data/isic2018_raw/ISIC2018_Task1-2_Training_Input/ISIC_0015298.jpg,/root/isic_overlap_pilot_self_contained/data/isic2018/raw/task1_masks/ISIC2018_Task1_Training_GroundTruth/ISIC_0015298_segmentation.png,0,,b34dcc33338ccb34,9,train
ISIC_0015309,/root/derm_pilot_v100/data/isic2018_raw/ISIC2018_Task1-2_Training_Input/ISIC_0015309.jpg,/root/isic_overlap_pilot_self_contained/data/isic2018/raw/task1_masks/ISIC2018_Task1_Training_GroundTruth/ISIC_0015309_segmentation.png,0,,9883c73f3338c387,2179,train
ISIC_0015310,/root/derm_pilot_v100/data/isic2018_raw/ISIC2018_Task1-2_Training_Input/ISIC_0015310.jpg,/root/isic_overlap_pilot_self_contained/data/isic2018/raw/task1_masks/ISIC2018_Task1_Training_GroundTruth/ISIC_0015310_segmentation.png,0,,e525969e98995999,163,train
ISIC_0015311,/root/derm_pilot_v100/data/isic2018_raw/ISIC2018_Task1-2_Training_Input/ISIC_0015311.jpg,/root/isic_overlap_pilot_self_contained/data/isic2018/raw/task1_masks/ISIC2018_Task1_Training_GroundTruth/ISIC_0015311_segmentation.png,0,,bca1c3cf9ec8c44c,162,train
ISIC_0015312,/root/derm_pilot_v100/data/isic2018_raw/ISIC2018_Task1-2_Training_Input/ISIC_0015312.jpg,/root/isic_overlap_pilot_self_contained/data/isic2018/raw/task1_masks/ISIC2018_Task1_Training_GroundTruth/ISIC_0015312_segmentation.png,0,,b896c3e98d9c06e6,2180,train
ISIC_0015313,/root/derm_pilot_v100/data/isic2018_raw/ISIC2018_Task1-2_Training_Input/ISIC_0015313.jpg,/root/isic_overlap_pilot_self_contained/data/isic2018/raw/task1_masks/ISIC2018_Task1_Training_GroundTruth/ISIC_0015313_segmentation.png,0,,ad33d0e1ce8ec90d,191,train
ISIC_0015330,/root/derm_pilot_v100/data/isic2018_raw/ISIC2018_Task1-2_Training_Input/ISIC_0015330.jpg,/root/isic_overlap_pilot_self_contained/data/isic2018/raw/task1_masks/ISIC2018_Task1_Training_GroundTruth/ISIC_0015330_segmentation.png,0,,b38ccc3373c64cc3,9,train
ISIC_0015331,/root/derm_pilot_v100/data/isic2018_raw/ISIC2018_Task1-2_Training_Input/ISIC_0015331.jpg,/root/isic_overlap_pilot_self_contained/data/isic2018/raw/task1_masks/ISIC2018_Task1_Training_GroundTruth/ISIC_0015331_segmentation.png,0,,f30e9c31668e93cc,2181,val
ISIC_0015353,/root/derm_pilot_v100/data/isic2018_raw/ISIC2018_Task1-2_Training_Input/ISIC_0015353.jpg,/root/isic_overlap_pilot_self_contained/data/isic2018/raw/task1_masks/ISIC2018_Task1_Training_GroundTruth/ISIC_0015353_segmentation.png,0,,bb14c57a974d5a21,2182,train
ISIC_0015355,/root/derm_pilot_v100/data/isic2018_raw/ISIC2018_Task1-2_Training_Input/ISIC_0015355.jpg,/root/isic_overlap_pilot_self_contained/data/isic2018/raw/task1_masks/ISIC2018_Task1_Training_GroundTruth/ISIC_0015355_segmentation.png,0,,b0f48fcd307403db,2183,train
ISIC_0015357,/root/derm_pilot_v100/data/isic2018_raw/ISIC2018_Task1-2_Training_Input/ISIC_0015357.jpg,/root/isic_overlap_pilot_self_contained/data/isic2018/raw/task1_masks/ISIC2018_Task1_Training_GroundTruth/ISIC_0015357_segmentation.png,0,,b362cc3333dccc31,9,train
ISIC_0015360,/root/derm_pilot_v100/data/isic2018_raw/ISIC2018_Task1-2_Training_Input/ISIC_0015360.jpg,/root/isic_overlap_pilot_self_contained/data/isic2018/raw/task1_masks/ISIC2018_Task1_Training_GroundTruth/ISIC_0015360_segmentation.png,0,,e8a5975a6885c63b,2184,train
ISIC_0015363,/root/derm_pilot_v100/data/isic2018_raw/ISIC2018_Task1-2_Training_Input/ISIC_0015363.jpg,/root/isic_overlap_pilot_self_contained/data/isic2018/raw/task1_masks/ISIC2018_Task1_Training_GroundTruth/ISIC_0015363_segmentation.png,0,,89c73cd2702dc73a,2185,test
ISIC_0015368,/root/derm_pilot_v100/data/isic2018_raw/ISIC2018_Task1-2_Training_Input/ISIC_0015368.jpg,/root/isic_overlap_pilot_self_contained/data/isic2018/raw/task1_masks/ISIC2018_Task1_Training_GroundTruth/ISIC_0015368_segmentation.png,0,,fac1a107966a8b3d,2186,train
ISIC_0015369,/root/derm_pilot_v100/data/isic2018_raw/ISIC2018_Task1-2_Training_Input/ISIC_0015369.jpg,/root/isic_overlap_pilot_self_contained/data/isic2018/raw/task1_masks/ISIC2018_Task1_Training_GroundTruth/ISIC_0015369_segmentation.png,0,,a288d9667499735b,2187,train
ISIC_0015383,/root/derm_pilot_v100/data/isic2018_raw/ISIC2018_Task1-2_Training_Input/ISIC_0015383.jpg,/root/isic_overlap_pilot_self_contained/data/isic2018/raw/task1_masks/ISIC2018_Task1_Training_GroundTruth/ISIC_0015383_segmentation.png,0,,f336cccf88783226,2188,train
ISIC_0015390,/root/derm_pilot_v100/data/isic2018_raw/ISIC2018_Task1-2_Training_Input/ISIC_0015390.jpg,/root/isic_overlap_pilot_self_contained/data/isic2018/raw/task1_masks/ISIC2018_Task1_Training_GroundTruth/ISIC_0015390_segmentation.png,0,,ef6cc4929bce0c25,2189,train
ISIC_0015395,/root/derm_pilot_v100/data/isic2018_raw/ISIC2018_Task1-2_Training_Input/ISIC_0015395.jpg,/root/isic_overlap_pilot_self_contained/data/isic2018/raw/task1_masks/ISIC2018_Task1_Training_GroundTruth/ISIC_0015395_segmentation.png,0,,e5909a64dd313cce,161,train
ISIC_0015401,/root/derm_pilot_v100/data/isic2018_raw/ISIC2018_Task1-2_Training_Input/ISIC_0015401.jpg,/root/isic_overlap_pilot_self_contained/data/isic2018/raw/task1_masks/ISIC2018_Task1_Training_GroundTruth/ISIC_0015401_segmentation.png,0,,bc3fc3c01cc7c61c,2190,train
ISIC_0015403,/root/derm_pilot_v100/data/isic2018_raw/ISIC2018_Task1-2_Training_Input/ISIC_0015403.jpg,/root/isic_overlap_pilot_self_contained/data/isic2018/raw/task1_masks/ISIC2018_Task1_Training_GroundTruth/ISIC_0015403_segmentation.png,0,,a53b89666099c7e5,2191,train
ISIC_0015404,/root/derm_pilot_v100/data/isic2018_raw/ISIC2018_Task1-2_Training_Input/ISIC_0015404.jpg,/root/isic_overlap_pilot_self_contained/data/isic2018/raw/task1_masks/ISIC2018_Task1_Training_GroundTruth/ISIC_0015404_segmentation.png,0,,e9f93487b26cb230,2192,train
ISIC_0015411,/root/derm_pilot_v100/data/isic2018_raw/ISIC2018_Task1-2_Training_Input/ISIC_0015411.jpg,/root/isic_overlap_pilot_self_contained/data/isic2018/raw/task1_masks/ISIC2018_Task1_Training_GroundTruth/ISIC_0015411_segmentation.png,0,,f38dcc3293c90cd9,2193,train
ISIC_0015412,/root/derm_pilot_v100/data/isic2018_raw/ISIC2018_Task1-2_Training_Input/ISIC_0015412.jpg,/root/isic_overlap_pilot_self_contained/data/isic2018/raw/task1_masks/ISIC2018_Task1_Training_GroundTruth/ISIC_0015412_segmentation.png,0,,b92c9293c1ef64e4,2194,train
ISIC_0015416,/root/derm_pilot_v100/data/isic2018_raw/ISIC2018_Task1-2_Training_Input/ISIC_0015416.jpg,/root/isic_overlap_pilot_self_contained/data/isic2018/raw/task1_masks/ISIC2018_Task1_Training_GroundTruth/ISIC_0015416_segmentation.png,0,,eb8d955a92638c5a,2195,train
ISIC_0015417,/root/derm_pilot_v100/data/isic2018_raw/ISIC2018_Task1-2_Training_Input/ISIC_0015417.jpg,/root/isic_overlap_pilot_self_contained/data/isic2018/raw/task1_masks/ISIC2018_Task1_Training_GroundTruth/ISIC_0015417_segmentation.png,0,,f333dacc643133a2,2196,train
ISIC_0015418,/root/derm_pilot_v100/data/isic2018_raw/ISIC2018_Task1-2_Training_Input/ISIC_0015418.jpg,/root/isic_overlap_pilot_self_contained/data/isic2018/raw/task1_masks/ISIC2018_Task1_Training_GroundTruth/ISIC_0015418_segmentation.png,0,,b1acce263d6dc183,2197,train
ISIC_0015419,/root/derm_pilot_v100/data/isic2018_raw/ISIC2018_Task1-2_Training_Input/ISIC_0015419.jpg,/root/isic_overlap_pilot_self_contained/data/isic2018/raw/task1_masks/ISIC2018_Task1_Training_GroundTruth/ISIC_0015419_segmentation.png,0,,a6b29964c99a66e9,2198,train
ISIC_0015436,/root/derm_pilot_v100/data/isic2018_raw/ISIC2018_Task1-2_Training_Input/ISIC_0015436.jpg,/root/isic_overlap_pilot_self_contained/data/isic2018/raw/task1_masks/ISIC2018_Task1_Training_GroundTruth/ISIC_0015436_segmentation.png,0,,f484cbb33d6e308c,172,train
ISIC_0015440,/root/derm_pilot_v100/data/isic2018_raw/ISIC2018_Task1-2_Training_Input/ISIC_0015440.jpg,/root/isic_overlap_pilot_self_contained/data/isic2018/raw/task1_masks/ISIC2018_Task1_Training_GroundTruth/ISIC_0015440_segmentation.png,0,,a62299d96667999a,135,val
ISIC_0015443,/root/derm_pilot_v100/data/isic2018_raw/ISIC2018_Task1-2_Training_Input/ISIC_0015443.jpg,/root/isic_overlap_pilot_self_contained/data/isic2018/raw/task1_masks/ISIC2018_Task1_Training_GroundTruth/ISIC_0015443_segmentation.png,0,,a573960ccc9ad999,2199,train
ISIC_0015445,/root/derm_pilot_v100/data/isic2018_raw/ISIC2018_Task1-2_Training_Input/ISIC_0015445.jpg,/root/isic_overlap_pilot_self_contained/data/isic2018/raw/task1_masks/ISIC2018_Task1_Training_GroundTruth/ISIC_0015445_segmentation.png,0,,c9b696cb6c303b43,2200,val
ISIC_0015447,/root/derm_pilot_v100/data/isic2018_raw/ISIC2018_Task1-2_Training_Input/ISIC_0015447.jpg,/root/isic_overlap_pilot_self_contained/data/isic2018/raw/task1_masks/ISIC2018_Task1_Training_GroundTruth/ISIC_0015447_segmentation.png,0,,d0a7c0ca598fcdac,2201,val
ISIC_0015455,/root/derm_pilot_v100/data/isic2018_raw/ISIC2018_Task1-2_Training_Input/ISIC_0015455.jpg,/root/isic_overlap_pilot_self_contained/data/isic2018/raw/task1_masks/ISIC2018_Task1_Training_GroundTruth/ISIC_0015455_segmentation.png,0,,b63ec0c13d1f93e0,2202,train
ISIC_0015464,/root/derm_pilot_v100/data/isic2018_raw/ISIC2018_Task1-2_Training_Input/ISIC_0015464.jpg,/root/isic_overlap_pilot_self_contained/data/isic2018/raw/task1_masks/ISIC2018_Task1_Training_GroundTruth/ISIC_0015464_segmentation.png,0,,e4b8cbc7d3844ba4,2203,train
ISIC_0015466,/root/derm_pilot_v100/data/isic2018_raw/ISIC2018_Task1-2_Training_Input/ISIC_0015466.jpg,/root/isic_overlap_pilot_self_contained/data/isic2018/raw/task1_masks/ISIC2018_Task1_Training_GroundTruth/ISIC_0015466_segmentation.png,0,,ed4ec4e09207d9b6,2204,train
ISIC_0015468,/root/derm_pilot_v100/data/isic2018_raw/ISIC2018_Task1-2_Training_Input/ISIC_0015468.jpg,/root/isic_overlap_pilot_self_contained/data/isic2018/raw/task1_masks/ISIC2018_Task1_Training_GroundTruth/ISIC_0015468_segmentation.png,0,,b326cc9c73239ed0,2205,val
ISIC_0015476,/root/derm_pilot_v100/data/isic2018_raw/ISIC2018_Task1-2_Training_Input/ISIC_0015476.jpg,/root/isic_overlap_pilot_self_contained/data/isic2018/raw/task1_masks/ISIC2018_Task1_Training_GroundTruth/ISIC_0015476_segmentation.png,0,,f2c2cc8079fb25ca,2206,train
ISIC_0015481,/root/derm_pilot_v100/data/isic2018_raw/ISIC2018_Task1-2_Training_Input/ISIC_0015481.jpg,/root/isic_overlap_pilot_self_contained/data/isic2018/raw/task1_masks/ISIC2018_Task1_Training_GroundTruth/ISIC_0015481_segmentation.png,0,,e4c89ad36dcc9295,2207,train
ISIC_0015482,/root/derm_pilot_v100/data/isic2018_raw/ISIC2018_Task1-2_Training_Input/ISIC_0015482.jpg,/root/isic_overlap_pilot_self_contained/data/isic2018/raw/task1_masks/ISIC2018_Task1_Training_GroundTruth/ISIC_0015482_segmentation.png,0,,b0269283cccdcd9f,2208,test
ISIC_0015483,/root/derm_pilot_v100/data/isic2018_raw/ISIC2018_Task1-2_Training_Input/ISIC_0015483.jpg,/root/isic_overlap_pilot_self_contained/data/isic2018/raw/task1_masks/ISIC2018_Task1_Training_GroundTruth/ISIC_0015483_segmentation.png,0,,b2ca8933f43079bc,2209,train
ISIC_0015485,/root/derm_pilot_v100/data/isic2018_raw/ISIC2018_Task1-2_Training_Input/ISIC_0015485.jpg,/root/isic_overlap_pilot_self_contained/data/isic2018/raw/task1_masks/ISIC2018_Task1_Training_GroundTruth/ISIC_0015485_segmentation.png,0,,b7c1d886c4733366,2210,train
ISIC_0015496,/root/derm_pilot_v100/data/isic2018_raw/ISIC2018_Task1-2_Training_Input/ISIC_0015496.jpg,/root/isic_overlap_pilot_self_contained/data/isic2018/raw/task1_masks/ISIC2018_Task1_Training_GroundTruth/ISIC_0015496_segmentation.png,0,,b266cd9b8ccc9932,393,train
ISIC_0015510,/root/derm_pilot_v100/data/isic2018_raw/ISIC2018_Task1-2_Training_Input/ISIC_0015510.jpg,/root/isic_overlap_pilot_self_contained/data/isic2018/raw/task1_masks/ISIC2018_Task1_Training_GroundTruth/ISIC_0015510_segmentation.png,0,,b39dcc32328bd3c8,2211,train
ISIC_0015526,/root/derm_pilot_v100/data/isic2018_raw/ISIC2018_Task1-2_Training_Input/ISIC_0015526.jpg,/root/isic_overlap_pilot_self_contained/data/isic2018/raw/task1_masks/ISIC2018_Task1_Training_GroundTruth/ISIC_0015526_segmentation.png,0,,b3b1ccce32b051b3,207,train
ISIC_0015537,/root/derm_pilot_v100/data/isic2018_raw/ISIC2018_Task1-2_Training_Input/ISIC_0015537.jpg,/root/isic_overlap_pilot_self_contained/data/isic2018/raw/task1_masks/ISIC2018_Task1_Training_GroundTruth/ISIC_0015537_segmentation.png,0,,9538d366c9b3c661,2212,test
ISIC_0015544,/root/derm_pilot_v100/data/isic2018_raw/ISIC2018_Task1-2_Training_Input/ISIC_0015544.jpg,/root/isic_overlap_pilot_self_contained/data/isic2018/raw/task1_masks/ISIC2018_Task1_Training_GroundTruth/ISIC_0015544_segmentation.png,0,,9c669ad999274996,2213,val
ISIC_0015559,/root/derm_pilot_v100/data/isic2018_raw/ISIC2018_Task1-2_Training_Input/ISIC_0015559.jpg,/root/isic_overlap_pilot_self_contained/data/isic2018/raw/task1_masks/ISIC2018_Task1_Training_GroundTruth/ISIC_0015559_segmentation.png,0,,d268c33d392c3c67,2214,train
ISIC_0015563,/root/derm_pilot_v100/data/isic2018_raw/ISIC2018_Task1-2_Training_Input/ISIC_0015563.jpg,/root/isic_overlap_pilot_self_contained/data/isic2018/raw/task1_masks/ISIC2018_Task1_Training_GroundTruth/ISIC_0015563_segmentation.png,0,,a68999662799c967,640,train
ISIC_0015566,/root/derm_pilot_v100/data/isic2018_raw/ISIC2018_Task1-2_Training_Input/ISIC_0015566.jpg,/root/isic_overlap_pilot_self_contained/data/isic2018/raw/task1_masks/ISIC2018_Task1_Training_GroundTruth/ISIC_0015566_segmentation.png,0,,924cc131c76f2e6b,2215,train
ISIC_0015568,/root/derm_pilot_v100/data/isic2018_raw/ISIC2018_Task1-2_Training_Input/ISIC_0015568.jpg,/root/isic_overlap_pilot_self_contained/data/isic2018/raw/task1_masks/ISIC2018_Task1_Training_GroundTruth/ISIC_0015568_segmentation.png,0,,9031c7cc3f373839,2216,val
ISIC_0015582,/root/derm_pilot_v100/data/isic2018_raw/ISIC2018_Task1-2_Training_Input/ISIC_0015582.jpg,/root/isic_overlap_pilot_self_contained/data/isic2018/raw/task1_masks/ISIC2018_Task1_Training_GroundTruth/ISIC_0015582_segmentation.png,0,,e523989c65633b66,2217,train
ISIC_0015593,/root/derm_pilot_v100/data/isic2018_raw/ISIC2018_Task1-2_Training_Input/ISIC_0015593.jpg,/root/isic_overlap_pilot_self_contained/data/isic2018/raw/task1_masks/ISIC2018_Task1_Training_GroundTruth/ISIC_0015593_segmentation.png,0,,a6c69b78d89a2665,2218,train
ISIC_0015603,/root/derm_pilot_v100/data/isic2018_raw/ISIC2018_Task1-2_Training_Input/ISIC_0015603.jpg,/root/isic_overlap_pilot_self_contained/data/isic2018/raw/task1_masks/ISIC2018_Task1_Training_GroundTruth/ISIC_0015603_segmentation.png,0,,a60b993666d99936,640,train
ISIC_0015607,/root/derm_pilot_v100/data/isic2018_raw/ISIC2018_Task1-2_Training_Input/ISIC_0015607.jpg,/root/isic_overlap_pilot_self_contained/data/isic2018/raw/task1_masks/ISIC2018_Task1_Training_GroundTruth/ISIC_0015607_segmentation.png,0,,b9d123238e3687ce,2219,train
ISIC_0015614,/root/derm_pilot_v100/data/isic2018_raw/ISIC2018_Task1-2_Training_Input/ISIC_0015614.jpg,/root/isic_overlap_pilot_self_contained/data/isic2018/raw/task1_masks/ISIC2018_Task1_Training_GroundTruth/ISIC_0015614_segmentation.png,0,,f588dca3668c4bb8,2220,train
ISIC_0015617,/root/derm_pilot_v100/data/isic2018_raw/ISIC2018_Task1-2_Training_Input/ISIC_0015617.jpg,/root/isic_overlap_pilot_self_contained/data/isic2018/raw/task1_masks/ISIC2018_Task1_Training_GroundTruth/ISIC_0015617_segmentation.png,0,,efc29501de3c8978,2221,train
ISIC_0015625,/root/derm_pilot_v100/data/isic2018_raw/ISIC2018_Task1-2_Training_Input/ISIC_0015625.jpg,/root/isic_overlap_pilot_self_contained/data/isic2018/raw/task1_masks/ISIC2018_Task1_Training_GroundTruth/ISIC_0015625_segmentation.png,0,,a1cc9e279b9c8c93,2222,test
ISIC_0015627,/root/derm_pilot_v100/data/isic2018_raw/ISIC2018_Task1-2_Training_Input/ISIC_0015627.jpg,/root/isic_overlap_pilot_self_contained/data/isic2018/raw/task1_masks/ISIC2018_Task1_Training_GroundTruth/ISIC_0015627_segmentation.png,0,,f119cfc6703843e3,2223,train
ISIC_0015631,/root/derm_pilot_v100/data/isic2018_raw/ISIC2018_Task1-2_Training_Input/ISIC_0015631.jpg,/root/isic_overlap_pilot_self_contained/data/isic2018/raw/task1_masks/ISIC2018_Task1_Training_GroundTruth/ISIC_0015631_segmentation.png,0,,b433c3c56c363399,2224,train
ISIC_0015636,/root/derm_pilot_v100/data/isic2018_raw/ISIC2018_Task1-2_Training_Input/ISIC_0015636.jpg,/root/isic_overlap_pilot_self_contained/data/isic2018/raw/task1_masks/ISIC2018_Task1_Training_GroundTruth/ISIC_0015636_segmentation.png,0,,8732c33dc7c49cc6,2225,train
ISIC_0015638,/root/derm_pilot_v100/data/isic2018_raw/ISIC2018_Task1-2_Training_Input/ISIC_0015638.jpg,/root/isic_overlap_pilot_self_contained/data/isic2018/raw/task1_masks/ISIC2018_Task1_Training_GroundTruth/ISIC_0015638_segmentation.png,0,,9562c778b1e53c32,2226,train
ISIC_0015641,/root/derm_pilot_v100/data/isic2018_raw/ISIC2018_Task1-2_Training_Input/ISIC_0015641.jpg,/root/isic_overlap_pilot_self_contained/data/isic2018/raw/task1_masks/ISIC2018_Task1_Training_GroundTruth/ISIC_0015641_segmentation.png,0,,e13296469adc59d3,2227,train
ISIC_0015645,/root/derm_pilot_v100/data/isic2018_raw/ISIC2018_Task1-2_Training_Input/ISIC_0015645.jpg,/root/isic_overlap_pilot_self_contained/data/isic2018/raw/task1_masks/ISIC2018_Task1_Training_GroundTruth/ISIC_0015645_segmentation.png,0,,e617996d6622629d,2228,train
ISIC_0015936,/root/derm_pilot_v100/data/isic2018_raw/ISIC2018_Task1-2_Training_Input/ISIC_0015936.jpg,/root/isic_overlap_pilot_self_contained/data/isic2018/raw/task1_masks/ISIC2018_Task1_Training_GroundTruth/ISIC_0015936_segmentation.png,0,,80ce003307dd9ff7,2229,test
ISIC_0015937,/root/derm_pilot_v100/data/isic2018_raw/ISIC2018_Task1-2_Training_Input/ISIC_0015937.jpg,/root/isic_overlap_pilot_self_contained/data/isic2018/raw/task1_masks/ISIC2018_Task1_Training_GroundTruth/ISIC_0015937_segmentation.png,0,,f764cc99333284d9,2230,train
ISIC_0015939,/root/derm_pilot_v100/data/isic2018_raw/ISIC2018_Task1-2_Training_Input/ISIC_0015939.jpg,/root/isic_overlap_pilot_self_contained/data/isic2018/raw/task1_masks/ISIC2018_Task1_Training_GroundTruth/ISIC_0015939_segmentation.png,0,,a262dd0a6666d99d,135,val
ISIC_0015940,/root/derm_pilot_v100/data/isic2018_raw/ISIC2018_Task1-2_Training_Input/ISIC_0015940.jpg,/root/isic_overlap_pilot_self_contained/data/isic2018/raw/task1_masks/ISIC2018_Task1_Training_GroundTruth/ISIC_0015940_segmentation.png,0,,c0629dc77662dd2c,2231,train
ISIC_0015941,/root/derm_pilot_v100/data/isic2018_raw/ISIC2018_Task1-2_Training_Input/ISIC_0015941.jpg,/root/isic_overlap_pilot_self_contained/data/isic2018/raw/task1_masks/ISIC2018_Task1_Training_GroundTruth/ISIC_0015941_segmentation.png,0,,b3c3ccc83333cccc,1,test
ISIC_0015942,/root/derm_pilot_v100/data/isic2018_raw/ISIC2018_Task1-2_Training_Input/ISIC_0015942.jpg,/root/isic_overlap_pilot_self_contained/data/isic2018/raw/task1_masks/ISIC2018_Task1_Training_GroundTruth/ISIC_0015942_segmentation.png,0,,94ead98a762ac939,2232,train
ISIC_0015943,/root/derm_pilot_v100/data/isic2018_raw/ISIC2018_Task1-2_Training_Input/ISIC_0015943.jpg,/root/isic_overlap_pilot_self_contained/data/isic2018/raw/task1_masks/ISIC2018_Task1_Training_GroundTruth/ISIC_0015943_segmentation.png,0,,d5ea588a372ad83c,2233,val
ISIC_0015944,/root/derm_pilot_v100/data/isic2018_raw/ISIC2018_Task1-2_Training_Input/ISIC_0015944.jpg,/root/isic_overlap_pilot_self_contained/data/isic2018/raw/task1_masks/ISIC2018_Task1_Training_GroundTruth/ISIC_0015944_segmentation.png,0,,b6cbccc03366893d,2234,val
ISIC_0015945,/root/derm_pilot_v100/data/isic2018_raw/ISIC2018_Task1-2_Training_Input/ISIC_0015945.jpg,/root/isic_overlap_pilot_self_contained/data/isic2018/raw/task1_masks/ISIC2018_Task1_Training_GroundTruth/ISIC_0015945_segmentation.png,0,,a6029d8b2733d97c,2235,train
ISIC_0015946,/root/derm_pilot_v100/data/isic2018_raw/ISIC2018_Task1-2_Training_Input/ISIC_0015946.jpg,/root/isic_overlap_pilot_self_contained/data/isic2018/raw/task1_masks/ISIC2018_Task1_Training_GroundTruth/ISIC_0015946_segmentation.png,0,,a3429d8a2733dd6c,2235,train
ISIC_0015947,/root/derm_pilot_v100/data/isic2018_raw/ISIC2018_Task1-2_Training_Input/ISIC_0015947.jpg,/root/isic_overlap_pilot_self_contained/data/isic2018/raw/task1_masks/ISIC2018_Task1_Training_GroundTruth/ISIC_0015947_segmentation.png,0,,d7ca008a3f0f8cdd,2236,val
ISIC_0015948,/root/derm_pilot_v100/data/isic2018_raw/ISIC2018_Task1-2_Training_Input/ISIC_0015948.jpg,/root/isic_overlap_pilot_self_contained/data/isic2018/raw/task1_masks/ISIC2018_Task1_Training_GroundTruth/ISIC_0015948_segmentation.png,0,,f7cacc23738c9823,9,train
ISIC_0015949,/root/derm_pilot_v100/data/isic2018_raw/ISIC2018_Task1-2_Training_Input/ISIC_0015949.jpg,/root/isic_overlap_pilot_self_contained/data/isic2018/raw/task1_masks/ISIC2018_Task1_Training_GroundTruth/ISIC_0015949_segmentation.png,0,,8622d9897666d9d9,135,val
ISIC_0015950,/root/derm_pilot_v100/data/isic2018_raw/ISIC2018_Task1-2_Training_Input/ISIC_0015950.jpg,/root/isic_overlap_pilot_self_contained/data/isic2018/raw/task1_masks/ISIC2018_Task1_Training_GroundTruth/ISIC_0015950_segmentation.png,0,,80c2dd8a7722dd8f,2237,train
ISIC_0015951,/root/derm_pilot_v100/data/isic2018_raw/ISIC2018_Task1-2_Training_Input/ISIC_0015951.jpg,/root/isic_overlap_pilot_self_contained/data/isic2018/raw/task1_masks/ISIC2018_Task1_Training_GroundTruth/ISIC_0015951_segmentation.png,0,,8139550277aadd3e,2238,train
ISIC_0015952,/root/derm_pilot_v100/data/isic2018_raw/ISIC2018_Task1-2_Training_Input/ISIC_0015952.jpg,/root/isic_overlap_pilot_self_contained/data/isic2018/raw/task1_masks/ISIC2018_Task1_Training_GroundTruth/ISIC_0015952_segmentation.png,0,,d50a9d8b379acc2a,2239,train
ISIC_0015953,/root/derm_pilot_v100/data/isic2018_raw/ISIC2018_Task1-2_Training_Input/ISIC_0015953.jpg,/root/isic_overlap_pilot_self_contained/data/isic2018/raw/task1_masks/ISIC2018_Task1_Training_GroundTruth/ISIC_0015953_segmentation.png,0,,e54e6c8e328e7619,2240,train
ISIC_0015955,/root/derm_pilot_v100/data/isic2018_raw/ISIC2018_Task1-2_Training_Input/ISIC_0015955.jpg,/root/isic_overlap_pilot_self_contained/data/isic2018/raw/task1_masks/ISIC2018_Task1_Training_GroundTruth/ISIC_0015955_segmentation.png,0,,a504c5d655cd516f,2241,val
ISIC_0015956,/root/derm_pilot_v100/data/isic2018_raw/ISIC2018_Task1-2_Training_Input/ISIC_0015956.jpg,/root/isic_overlap_pilot_self_contained/data/isic2018/raw/task1_masks/ISIC2018_Task1_Training_GroundTruth/ISIC_0015956_segmentation.png,0,,e522d99b7726cc88,2242,train
ISIC_0015957,/root/derm_pilot_v100/data/isic2018_raw/ISIC2018_Task1-2_Training_Input/ISIC_0015957.jpg,/root/isic_overlap_pilot_self_contained/data/isic2018/raw/task1_masks/ISIC2018_Task1_Training_GroundTruth/ISIC_0015957_segmentation.png,0,,f38a9da835c95326,2243,val
ISIC_0015958,/root/derm_pilot_v100/data/isic2018_raw/ISIC2018_Task1-2_Training_Input/ISIC_0015958.jpg,/root/isic_overlap_pilot_self_contained/data/isic2018/raw/task1_masks/ISIC2018_Task1_Training_GroundTruth/ISIC_0015958_segmentation.png,0,,a9de00ef02ee847e,1142,train
ISIC_0015960,/root/derm_pilot_v100/data/isic2018_raw/ISIC2018_Task1-2_Training_Input/ISIC_0015960.jpg,/root/isic_overlap_pilot_self_contained/data/isic2018/raw/task1_masks/ISIC2018_Task1_Training_GroundTruth/ISIC_0015960_segmentation.png,0,,f3e6cc9933c68c11,2244,test
ISIC_0015961,/root/derm_pilot_v100/data/isic2018_raw/ISIC2018_Task1-2_Training_Input/ISIC_0015961.jpg,/root/isic_overlap_pilot_self_contained/data/isic2018/raw/task1_masks/ISIC2018_Task1_Training_GroundTruth/ISIC_0015961_segmentation.png,0,,f620dd167684d5c9,2245,val
ISIC_0015962,/root/derm_pilot_v100/data/isic2018_raw/ISIC2018_Task1-2_Training_Input/ISIC_0015962.jpg,/root/isic_overlap_pilot_self_contained/data/isic2018/raw/task1_masks/ISIC2018_Task1_Training_GroundTruth/ISIC_0015962_segmentation.png,0,,f40155c55657d14f,2246,train
ISIC_0015963,/root/derm_pilot_v100/data/isic2018_raw/ISIC2018_Task1-2_Training_Input/ISIC_0015963.jpg,/root/isic_overlap_pilot_self_contained/data/isic2018/raw/task1_masks/ISIC2018_Task1_Training_GroundTruth/ISIC_0015963_segmentation.png,0,,b1abd0aa12bacd2e,2247,train
ISIC_0015964,/root/derm_pilot_v100/data/isic2018_raw/ISIC2018_Task1-2_Training_Input/ISIC_0015964.jpg,/root/isic_overlap_pilot_self_contained/data/isic2018/raw/task1_masks/ISIC2018_Task1_Training_GroundTruth/ISIC_0015964_segmentation.png,0,,b302cccd536795cc,2248,val
ISIC_0015965,/root/derm_pilot_v100/data/isic2018_raw/ISIC2018_Task1-2_Training_Input/ISIC_0015965.jpg,/root/isic_overlap_pilot_self_contained/data/isic2018/raw/task1_masks/ISIC2018_Task1_Training_GroundTruth/ISIC_0015965_segmentation.png,0,,f620d96366ccd923,2249,val
ISIC_0015966,/root/derm_pilot_v100/data/isic2018_raw/ISIC2018_Task1-2_Training_Input/ISIC_0015966.jpg,/root/isic_overlap_pilot_self_contained/data/isic2018/raw/task1_masks/ISIC2018_Task1_Training_GroundTruth/ISIC_0015966_segmentation.png,0,,f4cf809ec238d93a,2250,val
ISIC_0015967,/root/derm_pilot_v100/data/isic2018_raw/ISIC2018_Task1-2_Training_Input/ISIC_0015967.jpg,/root/isic_overlap_pilot_self_contained/data/isic2018/raw/task1_masks/ISIC2018_Task1_Training_GroundTruth/ISIC_0015967_segmentation.png,0,,a21095ee57fa5278,2251,train
ISIC_0015968,/root/derm_pilot_v100/data/isic2018_raw/ISIC2018_Task1-2_Training_Input/ISIC_0015968.jpg,/root/isic_overlap_pilot_self_contained/data/isic2018/raw/task1_masks/ISIC2018_Task1_Training_GroundTruth/ISIC_0015968_segmentation.png,0,,a49cc92776ef8107,2252,train
ISIC_0015969,/root/derm_pilot_v100/data/isic2018_raw/ISIC2018_Task1-2_Training_Input/ISIC_0015969.jpg,/root/isic_overlap_pilot_self_contained/data/isic2018/raw/task1_masks/ISIC2018_Task1_Training_GroundTruth/ISIC_0015969_segmentation.png,0,,e4c2c13d36699e8e,2253,test
ISIC_0015971,/root/derm_pilot_v100/data/isic2018_raw/ISIC2018_Task1-2_Training_Input/ISIC_0015971.jpg,/root/isic_overlap_pilot_self_contained/data/isic2018/raw/task1_masks/ISIC2018_Task1_Training_GroundTruth/ISIC_0015971_segmentation.png,0,,f3c8dc887323dc8c,1592,val
ISIC_0015972,/root/derm_pilot_v100/data/isic2018_raw/ISIC2018_Task1-2_Training_Input/ISIC_0015972.jpg,/root/isic_overlap_pilot_self_contained/data/isic2018/raw/task1_masks/ISIC2018_Task1_Training_GroundTruth/ISIC_0015972_segmentation.png,0,,b323cccc132743bd,2254,train
ISIC_0015973,/root/derm_pilot_v100/data/isic2018_raw/ISIC2018_Task1-2_Training_Input/ISIC_0015973.jpg,/root/isic_overlap_pilot_self_contained/data/isic2018/raw/task1_masks/ISIC2018_Task1_Training_GroundTruth/ISIC_0015973_segmentation.png,0,,e14f8f705ce2364c,2255,val
ISIC_0015974,/root/derm_pilot_v100/data/isic2018_raw/ISIC2018_Task1-2_Training_Input/ISIC_0015974.jpg,/root/isic_overlap_pilot_self_contained/data/isic2018/raw/task1_masks/ISIC2018_Task1_Training_GroundTruth/ISIC_0015974_segmentation.png,0,,b031dfcfe38c2470,2256,train
ISIC_0015975,/root/derm_pilot_v100/data/isic2018_raw/ISIC2018_Task1-2_Training_Input/ISIC_0015975.jpg,/root/isic_overlap_pilot_self_contained/data/isic2018/raw/task1_masks/ISIC2018_Task1_Training_GroundTruth/ISIC_0015975_segmentation.png,0,,e602d98b662c99bb,135,val
ISIC_0015976,/root/derm_pilot_v100/data/isic2018_raw/ISIC2018_Task1-2_Training_Input/ISIC_0015976.jpg,/root/isic_overlap_pilot_self_contained/data/isic2018/raw/task1_masks/ISIC2018_Task1_Training_GroundTruth/ISIC_0015976_segmentation.png,0,,f65399ca662a992c,2257,test
ISIC_0015978,/root/derm_pilot_v100/data/isic2018_raw/ISIC2018_Task1-2_Training_Input/ISIC_0015978.jpg,/root/isic_overlap_pilot_self_contained/data/isic2018/raw/task1_masks/ISIC2018_Task1_Training_GroundTruth/ISIC_0015978_segmentation.png,0,,803a11b933bf5bb2,2258,val
ISIC_0015980,/root/derm_pilot_v100/data/isic2018_raw/ISIC2018_Task1-2_Training_Input/ISIC_0015980.jpg,/root/isic_overlap_pilot_self_contained/data/isic2018/raw/task1_masks/ISIC2018_Task1_Training_GroundTruth/ISIC_0015980_segmentation.png,0,,e66699c966269999,135,val
ISIC_0015981,/root/derm_pilot_v100/data/isic2018_raw/ISIC2018_Task1-2_Training_Input/ISIC_0015981.jpg,/root/isic_overlap_pilot_self_contained/data/isic2018/raw/task1_masks/ISIC2018_Task1_Training_GroundTruth/ISIC_0015981_segmentation.png,0,,b382ccca336e9ca9,2259,train
ISIC_0015982,/root/derm_pilot_v100/data/isic2018_raw/ISIC2018_Task1-2_Training_Input/ISIC_0015982.jpg,/root/isic_overlap_pilot_self_contained/data/isic2018/raw/task1_masks/ISIC2018_Task1_Training_GroundTruth/ISIC_0015982_segmentation.png,0,,a606d9996666d8d9,135,val
ISIC_0015983,/root/derm_pilot_v100/data/isic2018_raw/ISIC2018_Task1-2_Training_Input/ISIC_0015983.jpg,/root/isic_overlap_pilot_self_contained/data/isic2018/raw/task1_masks/ISIC2018_Task1_Training_GroundTruth/ISIC_0015983_segmentation.png,0,,b06e84c7c68d93d9,2260,train
ISIC_0015984,/root/derm_pilot_v100/data/isic2018_raw/ISIC2018_Task1-2_Training_Input/ISIC_0015984.jpg,/root/isic_overlap_pilot_self_contained/data/isic2018/raw/task1_masks/ISIC2018_Task1_Training_GroundTruth/ISIC_0015984_segmentation.png,0,,b4c2d13b44769b71,2261,train
ISIC_0015985,/root/derm_pilot_v100/data/isic2018_raw/ISIC2018_Task1-2_Training_Input/ISIC_0015985.jpg,/root/isic_overlap_pilot_self_contained/data/isic2018/raw/task1_masks/ISIC2018_Task1_Training_GroundTruth/ISIC_0015985_segmentation.png,0,,e411992766d99976,640,train
ISIC_0015986,/root/derm_pilot_v100/data/isic2018_raw/ISIC2018_Task1-2_Training_Input/ISIC_0015986.jpg,/root/isic_overlap_pilot_self_contained/data/isic2018/raw/task1_masks/ISIC2018_Task1_Training_GroundTruth/ISIC_0015986_segmentation.png,0,,a32a9cc973639e49,2262,train
ISIC_0015987,/root/derm_pilot_v100/data/isic2018_raw/ISIC2018_Task1-2_Training_Input/ISIC_0015987.jpg,/root/isic_overlap_pilot_self_contained/data/isic2018/raw/task1_masks/ISIC2018_Task1_Training_GroundTruth/ISIC_0015987_segmentation.png,0,,a32a9cc973639e49,2262,train
ISIC_0015989,/root/derm_pilot_v100/data/isic2018_raw/ISIC2018_Task1-2_Training_Input/ISIC_0015989.jpg,/root/isic_overlap_pilot_self_contained/data/isic2018/raw/task1_masks/ISIC2018_Task1_Training_GroundTruth/ISIC_0015989_segmentation.png,0,,e14ecdc8b232cccd,2263,val
ISIC_0015990,/root/derm_pilot_v100/data/isic2018_raw/ISIC2018_Task1-2_Training_Input/ISIC_0015990.jpg,/root/isic_overlap_pilot_self_contained/data/isic2018/raw/task1_masks/ISIC2018_Task1_Training_GroundTruth/ISIC_0015990_segmentation.png,0,,b39dcc7132ccc931,9,train
ISIC_0015991,/root/derm_pilot_v100/data/isic2018_raw/ISIC2018_Task1-2_Training_Input/ISIC_0015991.jpg,/root/isic_overlap_pilot_self_contained/data/isic2018/raw/task1_masks/ISIC2018_Task1_Training_GroundTruth/ISIC_0015991_segmentation.png,0,,ebb6c820366b99cc,2264,train
ISIC_0015993,/root/derm_pilot_v100/data/isic2018_raw/ISIC2018_Task1-2_Training_Input/ISIC_0015993.jpg,/root/isic_overlap_pilot_self_contained/data/isic2018/raw/task1_masks/ISIC2018_Task1_Training_GroundTruth/ISIC_0015993_segmentation.png,0,,a200dd9972ccd8bf,2265,train
ISIC_0015994,/root/derm_pilot_v100/data/isic2018_raw/ISIC2018_Task1-2_Training_Input/ISIC_0015994.jpg,/root/isic_overlap_pilot_self_contained/data/isic2018/raw/task1_masks/ISIC2018_Task1_Training_GroundTruth/ISIC_0015994_segmentation.png,0,,80bf80db22ff08dd,2266,train
ISIC_0015995,/root/derm_pilot_v100/data/isic2018_raw/ISIC2018_Task1-2_Training_Input/ISIC_0015995.jpg,/root/isic_overlap_pilot_self_contained/data/isic2018/raw/task1_masks/ISIC2018_Task1_Training_GroundTruth/ISIC_0015995_segmentation.png,0,,f681d9662688ce3b,2267,train
ISIC_0015996,/root/derm_pilot_v100/data/isic2018_raw/ISIC2018_Task1-2_Training_Input/ISIC_0015996.jpg,/root/isic_overlap_pilot_self_contained/data/isic2018/raw/task1_masks/ISIC2018_Task1_Training_GroundTruth/ISIC_0015996_segmentation.png,0,,a7c9dd2698c93662,2268,train
ISIC_0015997,/root/derm_pilot_v100/data/isic2018_raw/ISIC2018_Task1-2_Training_Input/ISIC_0015997.jpg,/root/isic_overlap_pilot_self_contained/data/isic2018/raw/task1_masks/ISIC2018_Task1_Training_GroundTruth/ISIC_0015997_segmentation.png,0,,e308cc23738ddc73,9,train
ISIC_0015998,/root/derm_pilot_v100/data/isic2018_raw/ISIC2018_Task1-2_Training_Input/ISIC_0015998.jpg,/root/isic_overlap_pilot_self_contained/data/isic2018/raw/task1_masks/ISIC2018_Task1_Training_GroundTruth/ISIC_0015998_segmentation.png,0,,f628d8a177079d4a,2269,test
ISIC_0015999,/root/derm_pilot_v100/data/isic2018_raw/ISIC2018_Task1-2_Training_Input/ISIC_0015999.jpg,/root/isic_overlap_pilot_self_contained/data/isic2018/raw/task1_masks/ISIC2018_Task1_Training_GroundTruth/ISIC_0015999_segmentation.png,0,,a60a9ded66239939,135,val
ISIC_0016000,/root/derm_pilot_v100/data/isic2018_raw/ISIC2018_Task1-2_Training_Input/ISIC_0016000.jpg,/root/isic_overlap_pilot_self_contained/data/isic2018/raw/task1_masks/ISIC2018_Task1_Training_GroundTruth/ISIC_0016000_segmentation.png,0,,f2a299c027770d5d,2270,train
ISIC_0016003,/root/derm_pilot_v100/data/isic2018_raw/ISIC2018_Task1-2_Training_Input/ISIC_0016003.jpg,/root/isic_overlap_pilot_self_contained/data/isic2018/raw/task1_masks/ISIC2018_Task1_Training_GroundTruth/ISIC_0016003_segmentation.png,0,,b719ccb467398964,1123,train
ISIC_0016004,/root/derm_pilot_v100/data/isic2018_raw/ISIC2018_Task1-2_Training_Input/ISIC_0016004.jpg,/root/isic_overlap_pilot_self_contained/data/isic2018/raw/task1_masks/ISIC2018_Task1_Training_GroundTruth/ISIC_0016004_segmentation.png,0,,a3038dcd327791cd,2271,train
ISIC_0016005,/root/derm_pilot_v100/data/isic2018_raw/ISIC2018_Task1-2_Training_Input/ISIC_0016005.jpg,/root/isic_overlap_pilot_self_contained/data/isic2018/raw/task1_masks/ISIC2018_Task1_Training_GroundTruth/ISIC_0016005_segmentation.png,0,,fa4b85a53686ce98,2272,val
ISIC_0016006,/root/derm_pilot_v100/data/isic2018_raw/ISIC2018_Task1-2_Training_Input/ISIC_0016006.jpg,/root/isic_overlap_pilot_self_contained/data/isic2018/raw/task1_masks/ISIC2018_Task1_Training_GroundTruth/ISIC_0016006_segmentation.png,0,,b798628956d973c1,2273,train
ISIC_0016007,/root/derm_pilot_v100/data/isic2018_raw/ISIC2018_Task1-2_Training_Input/ISIC_0016007.jpg,/root/isic_overlap_pilot_self_contained/data/isic2018/raw/task1_masks/ISIC2018_Task1_Training_GroundTruth/ISIC_0016007_segmentation.png,0,,e68b996606995766,640,train
ISIC_0016008,/root/derm_pilot_v100/data/isic2018_raw/ISIC2018_Task1-2_Training_Input/ISIC_0016008.jpg,/root/isic_overlap_pilot_self_contained/data/isic2018/raw/task1_masks/ISIC2018_Task1_Training_GroundTruth/ISIC_0016008_segmentation.png,0,,b084c43385d7977d,2274,train
ISIC_0016009,/root/derm_pilot_v100/data/isic2018_raw/ISIC2018_Task1-2_Training_Input/ISIC_0016009.jpg,/root/isic_overlap_pilot_self_contained/data/isic2018/raw/task1_masks/ISIC2018_Task1_Training_GroundTruth/ISIC_0016009_segmentation.png,0,,e2cad8a336ccd836,1447,val
ISIC_0016011,/root/derm_pilot_v100/data/isic2018_raw/ISIC2018_Task1-2_Training_Input/ISIC_0016011.jpg,/root/isic_overlap_pilot_self_contained/data/isic2018/raw/task1_masks/ISIC2018_Task1_Training_GroundTruth/ISIC_0016011_segmentation.png,0,,d557515e56e65860,2275,train
ISIC_0016012,/root/derm_pilot_v100/data/isic2018_raw/ISIC2018_Task1-2_Training_Input/ISIC_0016012.jpg,/root/isic_overlap_pilot_self_contained/data/isic2018/raw/task1_masks/ISIC2018_Task1_Training_GroundTruth/ISIC_0016012_segmentation.png,0,,f39c14738a1d6399,2276,train
ISIC_0016013,/root/derm_pilot_v100/data/isic2018_raw/ISIC2018_Task1-2_Training_Input/ISIC_0016013.jpg,/root/isic_overlap_pilot_self_contained/data/isic2018/raw/task1_masks/ISIC2018_Task1_Training_GroundTruth/ISIC_0016013_segmentation.png,0,,83bd4832339ccf33,2277,train
ISIC_0016014,/root/derm_pilot_v100/data/isic2018_raw/ISIC2018_Task1-2_Training_Input/ISIC_0016014.jpg,/root/isic_overlap_pilot_self_contained/data/isic2018/raw/task1_masks/ISIC2018_Task1_Training_GroundTruth/ISIC_0016014_segmentation.png,0,,b38ccc3399cc7319,2094,train
ISIC_0016015,/root/derm_pilot_v100/data/isic2018_raw/ISIC2018_Task1-2_Training_Input/ISIC_0016015.jpg,/root/isic_overlap_pilot_self_contained/data/isic2018/raw/task1_masks/ISIC2018_Task1_Training_GroundTruth/ISIC_0016015_segmentation.png,0,,b7ce983232899b33,2278,train
ISIC_0016016,/root/derm_pilot_v100/data/isic2018_raw/ISIC2018_Task1-2_Training_Input/ISIC_0016016.jpg,/root/isic_overlap_pilot_self_contained/data/isic2018/raw/task1_masks/ISIC2018_Task1_Training_GroundTruth/ISIC_0016016_segmentation.png,0,,db17c1c323531c3e,2279,train
ISIC_0016017,/root/derm_pilot_v100/data/isic2018_raw/ISIC2018_Task1-2_Training_Input/ISIC_0016017.jpg,/root/isic_overlap_pilot_self_contained/data/isic2018/raw/task1_masks/ISIC2018_Task1_Training_GroundTruth/ISIC_0016017_segmentation.png,0,,f5555555554cdd02,2280,train
ISIC_0016019,/root/derm_pilot_v100/data/isic2018_raw/ISIC2018_Task1-2_Training_Input/ISIC_0016019.jpg,/root/isic_overlap_pilot_self_contained/data/isic2018/raw/task1_masks/ISIC2018_Task1_Training_GroundTruth/ISIC_0016019_segmentation.png,0,,f8b641cec7861939,2281,train
ISIC_0016022,/root/derm_pilot_v100/data/isic2018_raw/ISIC2018_Task1-2_Training_Input/ISIC_0016022.jpg,/root/isic_overlap_pilot_self_contained/data/isic2018/raw/task1_masks/ISIC2018_Task1_Training_GroundTruth/ISIC_0016022_segmentation.png,0,,b1c64639c67c31ce,2282,train
ISIC_0016023,/root/derm_pilot_v100/data/isic2018_raw/ISIC2018_Task1-2_Training_Input/ISIC_0016023.jpg,/root/isic_overlap_pilot_self_contained/data/isic2018/raw/task1_masks/ISIC2018_Task1_Training_GroundTruth/ISIC_0016023_segmentation.png,0,,f50540cf117f994b,2283,train
ISIC_0016024,/root/derm_pilot_v100/data/isic2018_raw/ISIC2018_Task1-2_Training_Input/ISIC_0016024.jpg,/root/isic_overlap_pilot_self_contained/data/isic2018/raw/task1_masks/ISIC2018_Task1_Training_GroundTruth/ISIC_0016024_segmentation.png,0,,f71a484d626bd34c,2284,val
ISIC_0016025,/root/derm_pilot_v100/data/isic2018_raw/ISIC2018_Task1-2_Training_Input/ISIC_0016025.jpg,/root/isic_overlap_pilot_self_contained/data/isic2018/raw/task1_masks/ISIC2018_Task1_Training_GroundTruth/ISIC_0016025_segmentation.png,0,,f36bcca832638366,2285,test
ISIC_0016026,/root/derm_pilot_v100/data/isic2018_raw/ISIC2018_Task1-2_Training_Input/ISIC_0016026.jpg,/root/isic_overlap_pilot_self_contained/data/isic2018/raw/task1_masks/ISIC2018_Task1_Training_GroundTruth/ISIC_0016026_segmentation.png,0,,e66b98f136248d36,2286,train
ISIC_0016027,/root/derm_pilot_v100/data/isic2018_raw/ISIC2018_Task1-2_Training_Input/ISIC_0016027.jpg,/root/isic_overlap_pilot_self_contained/data/isic2018/raw/task1_masks/ISIC2018_Task1_Training_GroundTruth/ISIC_0016027_segmentation.png,0,,f445455154d657d9,2287,train
ISIC_0016028,/root/derm_pilot_v100/data/isic2018_raw/ISIC2018_Task1-2_Training_Input/ISIC_0016028.jpg,/root/isic_overlap_pilot_self_contained/data/isic2018/raw/task1_masks/ISIC2018_Task1_Training_GroundTruth/ISIC_0016028_segmentation.png,0,,80f701dd04f733dc,2288,train
ISIC_0016029,/root/derm_pilot_v100/data/isic2018_raw/ISIC2018_Task1-2_Training_Input/ISIC_0016029.jpg,/root/isic_overlap_pilot_self_contained/data/isic2018/raw/task1_masks/ISIC2018_Task1_Training_GroundTruth/ISIC_0016029_segmentation.png,0,,91855f8f728e631c,2289,train
ISIC_0016030,/root/derm_pilot_v100/data/isic2018_raw/ISIC2018_Task1-2_Training_Input/ISIC_0016030.jpg,/root/isic_overlap_pilot_self_contained/data/isic2018/raw/task1_masks/ISIC2018_Task1_Training_GroundTruth/ISIC_0016030_segmentation.png,0,,f142d5cc552d15ae,2290,train
ISIC_0016033,/root/derm_pilot_v100/data/isic2018_raw/ISIC2018_Task1-2_Training_Input/ISIC_0016033.jpg,/root/isic_overlap_pilot_self_contained/data/isic2018/raw/task1_masks/ISIC2018_Task1_Training_GroundTruth/ISIC_0016033_segmentation.png,0,,a09388db323159ff,2291,test
ISIC_0016034,/root/derm_pilot_v100/data/isic2018_raw/ISIC2018_Task1-2_Training_Input/ISIC_0016034.jpg,/root/isic_overlap_pilot_self_contained/data/isic2018/raw/task1_masks/ISIC2018_Task1_Training_GroundTruth/ISIC_0016034_segmentation.png,0,,da5a05953c7a7a68,2292,train
ISIC_0016035,/root/derm_pilot_v100/data/isic2018_raw/ISIC2018_Task1-2_Training_Input/ISIC_0016035.jpg,/root/isic_overlap_pilot_self_contained/data/isic2018/raw/task1_masks/ISIC2018_Task1_Training_GroundTruth/ISIC_0016035_segmentation.png,0,,e1dd3881f00f21df,2293,train
ISIC_0016036,/root/derm_pilot_v100/data/isic2018_raw/ISIC2018_Task1-2_Training_Input/ISIC_0016036.jpg,/root/isic_overlap_pilot_self_contained/data/isic2018/raw/task1_masks/ISIC2018_Task1_Training_GroundTruth/ISIC_0016036_segmentation.png,0,,bcc31ce31cc31fe0,2294,train
ISIC_0016037,/root/derm_pilot_v100/data/isic2018_raw/ISIC2018_Task1-2_Training_Input/ISIC_0016037.jpg,/root/isic_overlap_pilot_self_contained/data/isic2018/raw/task1_masks/ISIC2018_Task1_Training_GroundTruth/ISIC_0016037_segmentation.png,0,,859fd52e55aa5528,2295,test
ISIC_0016038,/root/derm_pilot_v100/data/isic2018_raw/ISIC2018_Task1-2_Training_Input/ISIC_0016038.jpg,/root/isic_overlap_pilot_self_contained/data/isic2018/raw/task1_masks/ISIC2018_Task1_Training_GroundTruth/ISIC_0016038_segmentation.png,0,,c65299a92627d95d,2296,train
ISIC_0016040,/root/derm_pilot_v100/data/isic2018_raw/ISIC2018_Task1-2_Training_Input/ISIC_0016040.jpg,/root/isic_overlap_pilot_self_contained/data/isic2018/raw/task1_masks/ISIC2018_Task1_Training_GroundTruth/ISIC_0016040_segmentation.png,0,,e7438c883373cdcc,1,test
ISIC_0016041,/root/derm_pilot_v100/data/isic2018_raw/ISIC2018_Task1-2_Training_Input/ISIC_0016041.jpg,/root/isic_overlap_pilot_self_contained/data/isic2018/raw/task1_masks/ISIC2018_Task1_Training_GroundTruth/ISIC_0016041_segmentation.png,0,,b4ced082f268cf39,2297,train
ISIC_0016042,/root/derm_pilot_v100/data/isic2018_raw/ISIC2018_Task1-2_Training_Input/ISIC_0016042.jpg,/root/isic_overlap_pilot_self_contained/data/isic2018/raw/task1_masks/ISIC2018_Task1_Training_GroundTruth/ISIC_0016042_segmentation.png,0,,e67f99986662c918,2298,train
ISIC_0016043,/root/derm_pilot_v100/data/isic2018_raw/ISIC2018_Task1-2_Training_Input/ISIC_0016043.jpg,/root/isic_overlap_pilot_self_contained/data/isic2018/raw/task1_masks/ISIC2018_Task1_Training_GroundTruth/ISIC_0016043_segmentation.png,0,,b28d53bc44cd5372,2299,train
ISIC_0016044,/root/derm_pilot_v100/data/isic2018_raw/ISIC2018_Task1-2_Training_Input/ISIC_0016044.jpg,/root/isic_overlap_pilot_self_contained/data/isic2018/raw/task1_masks/ISIC2018_Task1_Training_GroundTruth/ISIC_0016044_segmentation.png,0,,b0a685b6066bcb9b,2300,train
ISIC_0016045,/root/derm_pilot_v100/data/isic2018_raw/ISIC2018_Task1-2_Training_Input/ISIC_0016045.jpg,/root/isic_overlap_pilot_self_contained/data/isic2018/raw/task1_masks/ISIC2018_Task1_Training_GroundTruth/ISIC_0016045_segmentation.png,0,,a703458937675acd,2301,train
ISIC_0016046,/root/derm_pilot_v100/data/isic2018_raw/ISIC2018_Task1-2_Training_Input/ISIC_0016046.jpg,/root/isic_overlap_pilot_self_contained/data/isic2018/raw/task1_masks/ISIC2018_Task1_Training_GroundTruth/ISIC_0016046_segmentation.png,0,,f6369999626688dc,2302,train
ISIC_0016048,/root/derm_pilot_v100/data/isic2018_raw/ISIC2018_Task1-2_Training_Input/ISIC_0016048.jpg,/root/isic_overlap_pilot_self_contained/data/isic2018/raw/task1_masks/ISIC2018_Task1_Training_GroundTruth/ISIC_0016048_segmentation.png,0,,d5555c1715d85533,2303,train
ISIC_0016050,/root/derm_pilot_v100/data/isic2018_raw/ISIC2018_Task1-2_Training_Input/ISIC_0016050.jpg,/root/isic_overlap_pilot_self_contained/data/isic2018/raw/task1_masks/ISIC2018_Task1_Training_GroundTruth/ISIC_0016050_segmentation.png,0,,d59d55325588557c,1502,train
ISIC_0016051,/root/derm_pilot_v100/data/isic2018_raw/ISIC2018_Task1-2_Training_Input/ISIC_0016051.jpg,/root/isic_overlap_pilot_self_contained/data/isic2018/raw/task1_masks/ISIC2018_Task1_Training_GroundTruth/ISIC_0016051_segmentation.png,0,,b3d5ccc53345cc45,1079,train
ISIC_0016052,/root/derm_pilot_v100/data/isic2018_raw/ISIC2018_Task1-2_Training_Input/ISIC_0016052.jpg,/root/isic_overlap_pilot_self_contained/data/isic2018/raw/task1_masks/ISIC2018_Task1_Training_GroundTruth/ISIC_0016052_segmentation.png,0,,e5d7988c041f4773,2304,test
ISIC_0016053,/root/derm_pilot_v100/data/isic2018_raw/ISIC2018_Task1-2_Training_Input/ISIC_0016053.jpg,/root/isic_overlap_pilot_self_contained/data/isic2018/raw/task1_masks/ISIC2018_Task1_Training_GroundTruth/ISIC_0016053_segmentation.png,0,,d1bb44bb11ee043b,2305,val
ISIC_0016054,/root/derm_pilot_v100/data/isic2018_raw/ISIC2018_Task1-2_Training_Input/ISIC_0016054.jpg,/root/isic_overlap_pilot_self_contained/data/isic2018/raw/task1_masks/ISIC2018_Task1_Training_GroundTruth/ISIC_0016054_segmentation.png,0,,e59ad126558a557a,1335,train
ISIC_0016055,/root/derm_pilot_v100/data/isic2018_raw/ISIC2018_Task1-2_Training_Input/ISIC_0016055.jpg,/root/isic_overlap_pilot_self_contained/data/isic2018/raw/task1_masks/ISIC2018_Task1_Training_GroundTruth/ISIC_0016055_segmentation.png,0,,b5f99e871d5c0514,2306,val
ISIC_0016056,/root/derm_pilot_v100/data/isic2018_raw/ISIC2018_Task1-2_Training_Input/ISIC_0016056.jpg,/root/isic_overlap_pilot_self_contained/data/isic2018/raw/task1_masks/ISIC2018_Task1_Training_GroundTruth/ISIC_0016056_segmentation.png,0,,f6a999896632c999,135,val
ISIC_0016057,/root/derm_pilot_v100/data/isic2018_raw/ISIC2018_Task1-2_Training_Input/ISIC_0016057.jpg,/root/isic_overlap_pilot_self_contained/data/isic2018/raw/task1_masks/ISIC2018_Task1_Training_GroundTruth/ISIC_0016057_segmentation.png,0,,8001091777dddd77,2307,val
ISIC_0016058,/root/derm_pilot_v100/data/isic2018_raw/ISIC2018_Task1-2_Training_Input/ISIC_0016058.jpg,/root/isic_overlap_pilot_self_contained/data/isic2018/raw/task1_masks/ISIC2018_Task1_Training_GroundTruth/ISIC_0016058_segmentation.png,0,,e413115d8c57955f,2308,train
ISIC_0016059,/root/derm_pilot_v100/data/isic2018_raw/ISIC2018_Task1-2_Training_Input/ISIC_0016059.jpg,/root/isic_overlap_pilot_self_contained/data/isic2018/raw/task1_masks/ISIC2018_Task1_Training_GroundTruth/ISIC_0016059_segmentation.png,0,,c489107615dd3777,2309,test
ISIC_0016060,/root/derm_pilot_v100/data/isic2018_raw/ISIC2018_Task1-2_Training_Input/ISIC_0016060.jpg,/root/isic_overlap_pilot_self_contained/data/isic2018/raw/task1_masks/ISIC2018_Task1_Training_GroundTruth/ISIC_0016060_segmentation.png,0,,a687198d7726d998,2310,train
ISIC_0016061,/root/derm_pilot_v100/data/isic2018_raw/ISIC2018_Task1-2_Training_Input/ISIC_0016061.jpg,/root/isic_overlap_pilot_self_contained/data/isic2018/raw/task1_masks/ISIC2018_Task1_Training_GroundTruth/ISIC_0016061_segmentation.png,0,,d58d1d23578c5533,1502,train
ISIC_0016062,/root/derm_pilot_v100/data/isic2018_raw/ISIC2018_Task1-2_Training_Input/ISIC_0016062.jpg,/root/isic_overlap_pilot_self_contained/data/isic2018/raw/task1_masks/ISIC2018_Task1_Training_GroundTruth/ISIC_0016062_segmentation.png,0,,84ab10ab663dcd3d,2311,train
ISIC_0016063,/root/derm_pilot_v100/data/isic2018_raw/ISIC2018_Task1-2_Training_Input/ISIC_0016063.jpg,/root/isic_overlap_pilot_self_contained/data/isic2018/raw/task1_masks/ISIC2018_Task1_Training_GroundTruth/ISIC_0016063_segmentation.png,0,,d4d9197615d94476,2312,train
ISIC_0016064,/root/derm_pilot_v100/data/isic2018_raw/ISIC2018_Task1-2_Training_Input/ISIC_0016064.jpg,/root/isic_overlap_pilot_self_contained/data/isic2018/raw/task1_masks/ISIC2018_Task1_Training_GroundTruth/ISIC_0016064_segmentation.png,0,,f1a205df16e651cc,2313,train
ISIC_0016065,/root/derm_pilot_v100/data/isic2018_raw/ISIC2018_Task1-2_Training_Input/ISIC_0016065.jpg,/root/isic_overlap_pilot_self_contained/data/isic2018/raw/task1_masks/ISIC2018_Task1_Training_GroundTruth/ISIC_0016065_segmentation.png,0,,f5b215c916e651cc,2313,train
ISIC_0016066,/root/derm_pilot_v100/data/isic2018_raw/ISIC2018_Task1-2_Training_Input/ISIC_0016066.jpg,/root/isic_overlap_pilot_self_contained/data/isic2018/raw/task1_masks/ISIC2018_Task1_Training_GroundTruth/ISIC_0016066_segmentation.png,0,,c0cd1567d4dd5195,2314,val
ISIC_0016068,/root/derm_pilot_v100/data/isic2018_raw/ISIC2018_Task1-2_Training_Input/ISIC_0016068.jpg,/root/isic_overlap_pilot_self_contained/data/isic2018/raw/task1_masks/ISIC2018_Task1_Training_GroundTruth/ISIC_0016068_segmentation.png,0,,a4999977048d66d7,2315,val
ISIC_0016069,/root/derm_pilot_v100/data/isic2018_raw/ISIC2018_Task1-2_Training_Input/ISIC_0016069.jpg,/root/isic_overlap_pilot_self_contained/data/isic2018/raw/task1_masks/ISIC2018_Task1_Training_GroundTruth/ISIC_0016069_segmentation.png,0,,e499093711dd3667,2316,train
ISIC_0016070,/root/derm_pilot_v100/data/isic2018_raw/ISIC2018_Task1-2_Training_Input/ISIC_0016070.jpg,/root/isic_overlap_pilot_self_contained/data/isic2018/raw/task1_masks/ISIC2018_Task1_Training_GroundTruth/ISIC_0016070_segmentation.png,0,,850f5936668d5477,2317,train
ISIC_0016071,/root/derm_pilot_v100/data/isic2018_raw/ISIC2018_Task1-2_Training_Input/ISIC_0016071.jpg,/root/isic_overlap_pilot_self_contained/data/isic2018/raw/task1_masks/ISIC2018_Task1_Training_GroundTruth/ISIC_0016071_segmentation.png,0,,f7a8996b2688cd32,2318,train
ISIC_0016072,/root/derm_pilot_v100/data/isic2018_raw/ISIC2018_Task1-2_Training_Input/ISIC_0016072.jpg,/root/isic_overlap_pilot_self_contained/data/isic2018/raw/task1_masks/ISIC2018_Task1_Training_GroundTruth/ISIC_0016072_segmentation.png,0,,b2818d76119d5757,2319,test
