phase,artifact,backbone,method,overlap,seed,env,auc,auc_artifact_present,auc_artifact_absent,n,n_pos,n_artifact_present,accuracy,balanced_accuracy,worst_group_accuracy,group_details_json,threshold_clean_val,fold
corr,transplant_neutral,dinov2_b14_518,erm,0.0,42,clean,0.8307453416149069,,0.8307453416149069,74,46,0,0.8243243243243243,0.8027950310559007,,"{""y0_a0"": {""n"": 28, ""accuracy"": 0.7142857142857143}, ""y0_a1"": {""n"": 0, ""accuracy"": NaN}, ""y1_a0"": {""n"": 46, ""accuracy"": 0.8913043478260869}, ""y1_a1"": {""n"": 0, ""accuracy"": NaN}}",0.4995687070074176,0
corr,transplant_neutral,dinov2_b14_518,erm,0.0,42,test_corr,0.8703416149068323,0.9206349206349208,0.8899999999999999,74,46,45,0.8243243243243243,0.8027950310559007,0.6666666666666666,"{""y0_a0"": {""n"": 25, ""accuracy"": 0.72}, ""y0_a1"": {""n"": 3, ""accuracy"": 0.6666666666666666}, ""y1_a0"": {""n"": 4, ""accuracy"": 0.75}, ""y1_a1"": {""n"": 42, ""accuracy"": 0.9047619047619048}}",0.4995687070074176,0
corr,transplant_neutral,dinov2_b14_518,erm,0.0,42,test_rev,0.8051242236024846,0.75,0.78125,74,46,30,0.8108108108108109,0.7779503105590062,0.625,"{""y0_a0"": {""n"": 4, ""accuracy"": 0.75}, ""y0_a1"": {""n"": 24, ""accuracy"": 0.625}, ""y1_a0"": {""n"": 40, ""accuracy"": 0.925}, ""y1_a1"": {""n"": 6, ""accuracy"": 0.8333333333333334}}",0.4995687070074176,0
corr,transplant_neutral,dinov2_b14_518,mask,0.0,42,clean,0.9169254658385092,,0.9169254658385092,74,46,0,0.8378378378378378,0.7996894409937889,,"{""y0_a0"": {""n"": 28, ""accuracy"": 0.6428571428571429}, ""y0_a1"": {""n"": 0, ""accuracy"": NaN}, ""y1_a0"": {""n"": 46, ""accuracy"": 0.9565217391304348}, ""y1_a1"": {""n"": 0, ""accuracy"": NaN}}",0.4812243961685535,0
corr,transplant_neutral,dinov2_b14_518,mask,0.0,42,test_corr,0.9169254658385092,0.992063492063492,0.99,74,46,45,0.8378378378378378,0.7996894409937889,0.6,"{""y0_a0"": {""n"": 25, ""accuracy"": 0.6}, ""y0_a1"": {""n"": 3, ""accuracy"": 1.0}, ""y1_a0"": {""n"": 4, ""accuracy"": 1.0}, ""y1_a1"": {""n"": 42, ""accuracy"": 0.9523809523809523}}",0.4812243961685535,0
corr,transplant_neutral,dinov2_b14_518,mask,0.0,42,test_rev,0.9169254658385092,0.9236111111111112,0.875,74,46,30,0.8378378378378378,0.7996894409937889,0.625,"{""y0_a0"": {""n"": 4, ""accuracy"": 0.75}, ""y0_a1"": {""n"": 24, ""accuracy"": 0.625}, ""y1_a0"": {""n"": 40, ""accuracy"": 0.975}, ""y1_a1"": {""n"": 6, ""accuracy"": 0.8333333333333334}}",0.4812243961685535,0
corr,transplant_neutral,dinov2_b14_518,erm,0.0,123,clean,0.827639751552795,,0.827639751552795,74,46,0,0.8243243243243243,0.8027950310559007,,"{""y0_a0"": {""n"": 28, ""accuracy"": 0.7142857142857143}, ""y0_a1"": {""n"": 0, ""accuracy"": NaN}, ""y1_a0"": {""n"": 46, ""accuracy"": 0.8913043478260869}, ""y1_a1"": {""n"": 0, ""accuracy"": NaN}}",0.4992166601298588,0
corr,transplant_neutral,dinov2_b14_518,erm,0.0,123,test_corr,0.8672360248447205,0.675,0.8846153846153846,74,46,42,0.8378378378378378,0.8136645962732919,0.0,"{""y0_a0"": {""n"": 26, ""accuracy"": 0.7692307692307693}, ""y0_a1"": {""n"": 2, ""accuracy"": 0.0}, ""y1_a0"": {""n"": 6, ""accuracy"": 1.0}, ""y1_a1"": {""n"": 40, ""accuracy"": 0.9}}",0.4992166601298588,0
corr,transplant_neutral,dinov2_b14_518,erm,0.0,123,test_rev,0.8082298136645963,0.7085714285714285,0.7435897435897436,74,46,32,0.8108108108108109,0.7779503105590062,0.64,"{""y0_a0"": {""n"": 3, ""accuracy"": 0.6666666666666666}, ""y0_a1"": {""n"": 25, ""accuracy"": 0.64}, ""y1_a0"": {""n"": 39, ""accuracy"": 0.9487179487179487}, ""y1_a1"": {""n"": 7, ""accuracy"": 0.7142857142857143}}",0.4992166601298588,0
corr,transplant_neutral,dinov2_b14_518,mask,0.0,123,clean,0.9169254658385092,,0.9169254658385092,74,46,0,0.8378378378378378,0.7996894409937889,,"{""y0_a0"": {""n"": 28, ""accuracy"": 0.6428571428571429}, ""y0_a1"": {""n"": 0, ""accuracy"": NaN}, ""y1_a0"": {""n"": 46, ""accuracy"": 0.9565217391304348}, ""y1_a1"": {""n"": 0, ""accuracy"": NaN}}",0.4812257015803652,0
corr,transplant_neutral,dinov2_b14_518,mask,0.0,123,test_corr,0.9169254658385092,0.9375,0.8974358974358975,74,46,42,0.8378378378378378,0.7996894409937889,0.5,"{""y0_a0"": {""n"": 26, ""accuracy"": 0.6538461538461539}, ""y0_a1"": {""n"": 2, ""accuracy"": 0.5}, ""y1_a0"": {""n"": 6, ""accuracy"": 1.0}, ""y1_a1"": {""n"": 40, ""accuracy"": 0.95}}",0.4812257015803652,0
corr,transplant_neutral,dinov2_b14_518,mask,0.0,123,test_rev,0.9169254658385092,0.8685714285714285,0.9572649572649572,74,46,32,0.8378378378378378,0.7996894409937889,0.64,"{""y0_a0"": {""n"": 3, ""accuracy"": 0.6666666666666666}, ""y0_a1"": {""n"": 25, ""accuracy"": 0.64}, ""y1_a0"": {""n"": 39, ""accuracy"": 0.9487179487179487}, ""y1_a1"": {""n"": 7, ""accuracy"": 1.0}}",0.4812257015803652,0
corr,transplant_neutral,dinov2_b14_518,erm,0.0,456,clean,0.8299689440993789,,0.8299689440993789,74,46,0,0.8243243243243243,0.8027950310559007,,"{""y0_a0"": {""n"": 28, ""accuracy"": 0.7142857142857143}, ""y0_a1"": {""n"": 0, ""accuracy"": NaN}, ""y1_a0"": {""n"": 46, ""accuracy"": 0.8913043478260869}, ""y1_a1"": {""n"": 0, ""accuracy"": NaN}}",0.4996300470351554,0
corr,transplant_neutral,dinov2_b14_518,erm,0.0,456,test_corr,0.8695652173913043,0.9224806201550388,0.9333333333333332,74,46,46,0.8378378378378378,0.8136645962732919,0.68,"{""y0_a0"": {""n"": 25, ""accuracy"": 0.68}, ""y0_a1"": {""n"": 3, ""accuracy"": 1.0}, ""y1_a0"": {""n"": 3, ""accuracy"": 1.0}, ""y1_a1"": {""n"": 43, ""accuracy"": 0.9069767441860465}}",0.4996300470351554,0
corr,transplant_neutral,dinov2_b14_518,erm,0.0,456,test_rev,0.8105590062111803,0.875,0.875,74,46,26,0.7972972972972973,0.7670807453416149,0.625,"{""y0_a0"": {""n"": 4, ""accuracy"": 0.75}, ""y0_a1"": {""n"": 24, ""accuracy"": 0.625}, ""y1_a0"": {""n"": 44, ""accuracy"": 0.8863636363636364}, ""y1_a1"": {""n"": 2, ""accuracy"": 1.0}}",0.4996300470351554,0
corr,transplant_neutral,dinov2_b14_518,mask,0.0,456,clean,0.9169254658385092,,0.9169254658385092,74,46,0,0.8378378378378378,0.7996894409937889,,"{""y0_a0"": {""n"": 28, ""accuracy"": 0.6428571428571429}, ""y0_a1"": {""n"": 0, ""accuracy"": NaN}, ""y1_a0"": {""n"": 46, ""accuracy"": 0.9565217391304348}, ""y1_a1"": {""n"": 0, ""accuracy"": NaN}}",0.4811989007657897,0
corr,transplant_neutral,dinov2_b14_518,mask,0.0,456,test_corr,0.9169254658385092,1.0,1.0,74,46,46,0.8378378378378378,0.7996894409937889,0.6,"{""y0_a0"": {""n"": 25, ""accuracy"": 0.6}, ""y0_a1"": {""n"": 3, ""accuracy"": 1.0}, ""y1_a0"": {""n"": 3, ""accuracy"": 1.0}, ""y1_a1"": {""n"": 43, ""accuracy"": 0.9534883720930233}}",0.4811989007657897,0
corr,transplant_neutral,dinov2_b14_518,mask,0.0,456,test_rev,0.9169254658385092,1.0,0.8522727272727273,74,46,26,0.8378378378378378,0.7996894409937889,0.5,"{""y0_a0"": {""n"": 4, ""accuracy"": 0.5}, ""y0_a1"": {""n"": 24, ""accuracy"": 0.6666666666666666}, ""y1_a0"": {""n"": 44, ""accuracy"": 0.9545454545454546}, ""y1_a1"": {""n"": 2, ""accuracy"": 1.0}}",0.4811989007657897,0
corr,transplant_neutral,dinov2_b14_518,erm,0.0,789,clean,0.8307453416149069,,0.8307453416149069,74,46,0,0.8243243243243243,0.8027950310559007,,"{""y0_a0"": {""n"": 28, ""accuracy"": 0.7142857142857143}, ""y0_a1"": {""n"": 0, ""accuracy"": NaN}, ""y1_a0"": {""n"": 46, ""accuracy"": 0.8913043478260869}, ""y1_a1"": {""n"": 0, ""accuracy"": NaN}}",0.4995907575705556,0
corr,transplant_neutral,dinov2_b14_518,erm,0.0,789,test_corr,0.8711180124223602,0.951219512195122,0.8592592592592593,74,46,42,0.8378378378378378,0.8136645962732919,0.7037037037037037,"{""y0_a0"": {""n"": 27, ""accuracy"": 0.7037037037037037}, ""y0_a1"": {""n"": 1, ""accuracy"": 1.0}, ""y1_a0"": {""n"": 5, ""accuracy"": 1.0}, ""y1_a1"": {""n"": 41, ""accuracy"": 0.9024390243902439}}",0.4995907575705556,0
corr,transplant_neutral,dinov2_b14_518,erm,0.0,789,test_rev,0.8027950310559006,0.7962962962962963,0.9761904761904762,74,46,31,0.7972972972972973,0.7670807453416149,0.6296296296296297,"{""y0_a0"": {""n"": 1, ""accuracy"": 1.0}, ""y0_a1"": {""n"": 27, ""accuracy"": 0.6296296296296297}, ""y1_a0"": {""n"": 42, ""accuracy"": 0.9047619047619048}, ""y1_a1"": {""n"": 4, ""accuracy"": 0.75}}",0.4995907575705556,0
corr,transplant_neutral,dinov2_b14_518,mask,0.0,789,clean,0.9169254658385092,,0.9169254658385092,74,46,0,0.8378378378378378,0.7996894409937889,,"{""y0_a0"": {""n"": 28, ""accuracy"": 0.6428571428571429}, ""y0_a1"": {""n"": 0, ""accuracy"": NaN}, ""y1_a0"": {""n"": 46, ""accuracy"": 0.9565217391304348}, ""y1_a1"": {""n"": 0, ""accuracy"": NaN}}",0.4812257015803652,0
corr,transplant_neutral,dinov2_b14_518,mask,0.0,789,test_corr,0.9169254658385092,0.7317073170731707,0.9333333333333332,74,46,42,0.8378378378378378,0.7996894409937889,0.0,"{""y0_a0"": {""n"": 27, ""accuracy"": 0.6666666666666666}, ""y0_a1"": {""n"": 1, ""accuracy"": 0.0}, ""y1_a0"": {""n"": 5, ""accuracy"": 1.0}, ""y1_a1"": {""n"": 41, ""accuracy"": 0.9512195121951219}}",0.4812257015803652,0
corr,transplant_neutral,dinov2_b14_518,mask,0.0,789,test_rev,0.9169254658385092,0.8425925925925926,1.0,74,46,31,0.8378378378378378,0.7996894409937889,0.6296296296296297,"{""y0_a0"": {""n"": 1, ""accuracy"": 1.0}, ""y0_a1"": {""n"": 27, ""accuracy"": 0.6296296296296297}, ""y1_a0"": {""n"": 42, ""accuracy"": 0.9523809523809523}, ""y1_a1"": {""n"": 4, ""accuracy"": 1.0}}",0.4812257015803652,0
corr,transplant_neutral,dinov2_b14_518,erm,0.0,2026,clean,0.8322981366459627,,0.8322981366459627,74,46,0,0.8243243243243243,0.8027950310559007,,"{""y0_a0"": {""n"": 28, ""accuracy"": 0.7142857142857143}, ""y0_a1"": {""n"": 0, ""accuracy"": NaN}, ""y1_a0"": {""n"": 46, ""accuracy"": 0.8913043478260869}, ""y1_a1"": {""n"": 0, ""accuracy"": NaN}}",0.4993208196091866,0
corr,transplant_neutral,dinov2_b14_518,erm,0.0,2026,test_corr,0.8742236024844722,0.8333333333333333,0.8273809523809523,74,46,43,0.8378378378378378,0.8136645962732919,0.7083333333333334,"{""y0_a0"": {""n"": 24, ""accuracy"": 0.7083333333333334}, ""y0_a1"": {""n"": 4, ""accuracy"": 0.75}, ""y1_a0"": {""n"": 7, ""accuracy"": 0.8571428571428571}, ""y1_a1"": {""n"": 39, ""accuracy"": 0.9230769230769231}}",0.4993208196091866,0
corr,transplant_neutral,dinov2_b14_518,erm,0.0,2026,test_rev,0.8020186335403726,0.9333333333333332,0.9534883720930232,74,46,28,0.7972972972972973,0.7670807453416149,0.6,"{""y0_a0"": {""n"": 3, ""accuracy"": 1.0}, ""y0_a1"": {""n"": 25, ""accuracy"": 0.6}, ""y1_a0"": {""n"": 43, ""accuracy"": 0.8837209302325582}, ""y1_a1"": {""n"": 3, ""accuracy"": 1.0}}",0.4993208196091866,0
corr,transplant_neutral,dinov2_b14_518,mask,0.0,2026,clean,0.9169254658385092,,0.9169254658385092,74,46,0,0.8378378378378378,0.7996894409937889,,"{""y0_a0"": {""n"": 28, ""accuracy"": 0.6428571428571429}, ""y0_a1"": {""n"": 0, ""accuracy"": NaN}, ""y1_a0"": {""n"": 46, ""accuracy"": 0.9565217391304348}, ""y1_a1"": {""n"": 0, ""accuracy"": NaN}}",0.4812677561026691,0
corr,transplant_neutral,dinov2_b14_518,mask,0.0,2026,test_corr,0.9169254658385092,0.8717948717948718,0.9702380952380952,74,46,43,0.8378378378378378,0.7996894409937889,0.5,"{""y0_a0"": {""n"": 24, ""accuracy"": 0.6666666666666666}, ""y0_a1"": {""n"": 4, ""accuracy"": 0.5}, ""y1_a0"": {""n"": 7, ""accuracy"": 1.0}, ""y1_a1"": {""n"": 39, ""accuracy"": 0.9487179487179487}}",0.4812677561026691,0
corr,transplant_neutral,dinov2_b14_518,mask,0.0,2026,test_rev,0.9169254658385092,0.9866666666666666,0.992248062015504,74,46,28,0.8378378378378378,0.7996894409937889,0.6,"{""y0_a0"": {""n"": 3, ""accuracy"": 1.0}, ""y0_a1"": {""n"": 25, ""accuracy"": 0.6}, ""y1_a0"": {""n"": 43, ""accuracy"": 0.9534883720930233}, ""y1_a1"": {""n"": 3, ""accuracy"": 1.0}}",0.4812677561026691,0
corr,transplant_neutral,dinov2_b14_518,erm,1.0,42,clean,0.8354037267080745,,0.8354037267080745,74,46,0,0.8108108108108109,0.7849378881987578,,"{""y0_a0"": {""n"": 28, ""accuracy"": 0.6785714285714286}, ""y0_a1"": {""n"": 0, ""accuracy"": NaN}, ""y1_a0"": {""n"": 46, ""accuracy"": 0.8913043478260869}, ""y1_a1"": {""n"": 0, ""accuracy"": NaN}}",0.4983764671384295,0
corr,transplant_neutral,dinov2_b14_518,erm,1.0,42,test_corr,0.8998447204968945,0.9047619047619048,0.8899999999999999,74,46,45,0.8108108108108109,0.7779503105590062,0.3333333333333333,"{""y0_a0"": {""n"": 25, ""accuracy"": 0.68}, ""y0_a1"": {""n"": 3, ""accuracy"": 0.3333333333333333}, ""y1_a0"": {""n"": 4, ""accuracy"": 0.75}, ""y1_a1"": {""n"": 42, ""accuracy"": 0.9285714285714286}}",0.4983764671384295,0
corr,transplant_neutral,dinov2_b14_518,erm,1.0,42,test_rev,0.7616459627329193,0.7569444444444444,0.76875,74,46,30,0.7837837837837838,0.7422360248447204,0.5416666666666666,"{""y0_a0"": {""n"": 4, ""accuracy"": 0.75}, ""y0_a1"": {""n"": 24, ""accuracy"": 0.5416666666666666}, ""y1_a0"": {""n"": 40, ""accuracy"": 0.925}, ""y1_a1"": {""n"": 6, ""accuracy"": 0.8333333333333334}}",0.4983764671384295,0
corr,transplant_neutral,dinov2_b14_518,mask,1.0,42,clean,0.8773291925465838,,0.8773291925465838,74,46,0,0.7837837837837838,0.735248447204969,,"{""y0_a0"": {""n"": 28, ""accuracy"": 0.5357142857142857}, ""y0_a1"": {""n"": 0, ""accuracy"": NaN}, ""y1_a0"": {""n"": 46, ""accuracy"": 0.9347826086956522}, ""y1_a1"": {""n"": 0, ""accuracy"": NaN}}",0.1367488168987067,0
corr,transplant_neutral,dinov2_b14_518,mask,1.0,42,test_corr,0.9743788819875776,0.9285714285714286,0.98,74,46,45,0.7972972972972973,0.7321428571428572,0.0,"{""y0_a0"": {""n"": 25, ""accuracy"": 0.52}, ""y0_a1"": {""n"": 3, ""accuracy"": 0.0}, ""y1_a0"": {""n"": 4, ""accuracy"": 1.0}, ""y1_a1"": {""n"": 42, ""accuracy"": 1.0}}",0.1367488168987067,0
corr,transplant_neutral,dinov2_b14_518,mask,1.0,42,test_rev,0.4891304347826087,0.763888888888889,0.7625,74,46,30,0.6216216216216216,0.5139751552795031,0.0,"{""y0_a0"": {""n"": 4, ""accuracy"": 0.5}, ""y0_a1"": {""n"": 24, ""accuracy"": 0.0}, ""y1_a0"": {""n"": 40, ""accuracy"": 0.95}, ""y1_a1"": {""n"": 6, ""accuracy"": 1.0}}",0.1367488168987067,0
corr,transplant_neutral,dinov2_b14_518,erm,1.0,123,clean,0.8369565217391305,,0.8369565217391305,74,46,0,0.8108108108108109,0.7849378881987578,,"{""y0_a0"": {""n"": 28, ""accuracy"": 0.6785714285714286}, ""y0_a1"": {""n"": 0, ""accuracy"": NaN}, ""y1_a0"": {""n"": 46, ""accuracy"": 0.8913043478260869}, ""y1_a1"": {""n"": 0, ""accuracy"": NaN}}",0.4981791585995208,0
corr,transplant_neutral,dinov2_b14_518,erm,1.0,123,test_corr,0.8843167701863354,0.6125,0.8910256410256411,74,46,42,0.8378378378378378,0.8066770186335404,0.0,"{""y0_a0"": {""n"": 26, ""accuracy"": 0.7307692307692307}, ""y0_a1"": {""n"": 2, ""accuracy"": 0.0}, ""y1_a0"": {""n"": 6, ""accuracy"": 1.0}, ""y1_a1"": {""n"": 40, ""accuracy"": 0.925}}",0.4981791585995208,0
corr,transplant_neutral,dinov2_b14_518,erm,1.0,123,test_rev,0.7577639751552794,0.7028571428571428,0.7777777777777779,74,46,32,0.7972972972972973,0.7531055900621118,0.56,"{""y0_a0"": {""n"": 3, ""accuracy"": 0.6666666666666666}, ""y0_a1"": {""n"": 25, ""accuracy"": 0.56}, ""y1_a0"": {""n"": 39, ""accuracy"": 0.9487179487179487}, ""y1_a1"": {""n"": 7, ""accuracy"": 0.8571428571428571}}",0.4981791585995208,0
corr,transplant_neutral,dinov2_b14_518,mask,1.0,123,clean,0.9021739130434784,,0.9021739130434784,74,46,0,0.8108108108108109,0.7709627329192547,,"{""y0_a0"": {""n"": 28, ""accuracy"": 0.6071428571428571}, ""y0_a1"": {""n"": 0, ""accuracy"": NaN}, ""y1_a0"": {""n"": 46, ""accuracy"": 0.9347826086956522}, ""y1_a1"": {""n"": 0, ""accuracy"": NaN}}",0.1619709067023609,0
corr,transplant_neutral,dinov2_b14_518,mask,1.0,123,test_corr,0.9565217391304348,0.875,0.8653846153846154,74,46,42,0.8243243243243243,0.7748447204968945,0.0,"{""y0_a0"": {""n"": 26, ""accuracy"": 0.6153846153846154}, ""y0_a1"": {""n"": 2, ""accuracy"": 0.0}, ""y1_a0"": {""n"": 6, ""accuracy"": 0.8333333333333334}, ""y1_a1"": {""n"": 40, ""accuracy"": 1.0}}",0.1619709067023609,0
corr,transplant_neutral,dinov2_b14_518,mask,1.0,123,test_rev,0.5450310559006211,0.8171428571428572,0.9658119658119658,74,46,32,0.6351351351351351,0.5248447204968945,0.0,"{""y0_a0"": {""n"": 3, ""accuracy"": 0.6666666666666666}, ""y0_a1"": {""n"": 25, ""accuracy"": 0.0}, ""y1_a0"": {""n"": 39, ""accuracy"": 0.9743589743589743}, ""y1_a1"": {""n"": 7, ""accuracy"": 1.0}}",0.1619709067023609,0
corr,transplant_neutral,dinov2_b14_518,erm,1.0,456,clean,0.8330745341614908,,0.8330745341614908,74,46,0,0.7972972972972973,0.7740683229813665,,"{""y0_a0"": {""n"": 28, ""accuracy"": 0.6785714285714286}, ""y0_a1"": {""n"": 0, ""accuracy"": NaN}, ""y1_a0"": {""n"": 46, ""accuracy"": 0.8695652173913043}, ""y1_a1"": {""n"": 0, ""accuracy"": NaN}}",0.4985761944639972,0
corr,transplant_neutral,dinov2_b14_518,erm,1.0,456,test_corr,0.8959627329192547,0.8992248062015504,0.9466666666666668,74,46,46,0.8243243243243243,0.7888198757763976,0.64,"{""y0_a0"": {""n"": 25, ""accuracy"": 0.64}, ""y0_a1"": {""n"": 3, ""accuracy"": 0.6666666666666666}, ""y1_a0"": {""n"": 3, ""accuracy"": 1.0}, ""y1_a1"": {""n"": 43, ""accuracy"": 0.9302325581395349}}",0.4985761944639972,0
corr,transplant_neutral,dinov2_b14_518,erm,1.0,456,test_rev,0.7461180124223602,0.8125,0.8693181818181819,74,46,26,0.7432432432432432,0.702639751552795,0.5,"{""y0_a0"": {""n"": 4, ""accuracy"": 0.75}, ""y0_a1"": {""n"": 24, ""accuracy"": 0.5}, ""y1_a0"": {""n"": 44, ""accuracy"": 0.8636363636363636}, ""y1_a1"": {""n"": 2, ""accuracy"": 1.0}}",0.4985761944639972,0
corr,transplant_neutral,dinov2_b14_518,mask,1.0,456,clean,0.890527950310559,,0.890527950310559,74,46,0,0.7972972972972973,0.7740683229813665,,"{""y0_a0"": {""n"": 28, ""accuracy"": 0.6785714285714286}, ""y0_a1"": {""n"": 0, ""accuracy"": NaN}, ""y1_a0"": {""n"": 46, ""accuracy"": 0.8695652173913043}, ""y1_a1"": {""n"": 0, ""accuracy"": NaN}}",0.2165753477443535,0
corr,transplant_neutral,dinov2_b14_518,mask,1.0,456,test_corr,0.9743788819875776,0.937984496124031,1.0,74,46,46,0.8513513513513513,0.8035714285714286,0.3333333333333333,"{""y0_a0"": {""n"": 25, ""accuracy"": 0.64}, ""y0_a1"": {""n"": 3, ""accuracy"": 0.3333333333333333}, ""y1_a0"": {""n"": 3, ""accuracy"": 1.0}, ""y1_a1"": {""n"": 43, ""accuracy"": 1.0}}",0.2165753477443535,0
corr,transplant_neutral,dinov2_b14_518,mask,1.0,456,test_rev,0.5489130434782609,0.8541666666666666,0.8181818181818182,74,46,26,0.6216216216216216,0.5419254658385093,0.1666666666666666,"{""y0_a0"": {""n"": 4, ""accuracy"": 0.5}, ""y0_a1"": {""n"": 24, ""accuracy"": 0.16666666666666666}, ""y1_a0"": {""n"": 44, ""accuracy"": 0.8636363636363636}, ""y1_a1"": {""n"": 2, ""accuracy"": 1.0}}",0.2165753477443535,0
corr,transplant_neutral,dinov2_b14_518,erm,1.0,789,clean,0.8540372670807453,,0.8540372670807453,74,46,0,0.7972972972972973,0.7740683229813665,,"{""y0_a0"": {""n"": 28, ""accuracy"": 0.6785714285714286}, ""y0_a1"": {""n"": 0, ""accuracy"": NaN}, ""y1_a0"": {""n"": 46, ""accuracy"": 0.8695652173913043}, ""y1_a1"": {""n"": 0, ""accuracy"": NaN}}",0.405037342733915,0
corr,transplant_neutral,dinov2_b14_518,erm,1.0,789,test_corr,0.9448757763975154,0.975609756097561,0.9111111111111112,74,46,42,0.8378378378378378,0.8066770186335404,0.6666666666666666,"{""y0_a0"": {""n"": 27, ""accuracy"": 0.6666666666666666}, ""y0_a1"": {""n"": 1, ""accuracy"": 1.0}, ""y1_a0"": {""n"": 5, ""accuracy"": 1.0}, ""y1_a1"": {""n"": 41, ""accuracy"": 0.926829268292683}}",0.405037342733915,0
corr,transplant_neutral,dinov2_b14_518,erm,1.0,789,test_rev,0.6886645962732919,0.8796296296296297,0.9761904761904762,74,46,31,0.6891891891891891,0.6172360248447205,0.2962962962962963,"{""y0_a0"": {""n"": 1, ""accuracy"": 1.0}, ""y0_a1"": {""n"": 27, ""accuracy"": 0.2962962962962963}, ""y1_a0"": {""n"": 42, ""accuracy"": 0.9047619047619048}, ""y1_a1"": {""n"": 4, ""accuracy"": 1.0}}",0.405037342733915,0
corr,transplant_neutral,dinov2_b14_518,mask,1.0,789,clean,0.8889751552795031,,0.8889751552795031,74,46,0,0.8108108108108109,0.7709627329192547,,"{""y0_a0"": {""n"": 28, ""accuracy"": 0.6071428571428571}, ""y0_a1"": {""n"": 0, ""accuracy"": NaN}, ""y1_a0"": {""n"": 46, ""accuracy"": 0.9347826086956522}, ""y1_a1"": {""n"": 0, ""accuracy"": NaN}}",0.1508437546903259,0
corr,transplant_neutral,dinov2_b14_518,mask,1.0,789,test_corr,0.954192546583851,0.2682926829268293,0.9111111111111112,74,46,42,0.8513513513513513,0.8035714285714286,0.0,"{""y0_a0"": {""n"": 27, ""accuracy"": 0.6296296296296297}, ""y0_a1"": {""n"": 1, ""accuracy"": 0.0}, ""y1_a0"": {""n"": 5, ""accuracy"": 1.0}, ""y1_a1"": {""n"": 41, ""accuracy"": 1.0}}",0.1508437546903259,0
corr,transplant_neutral,dinov2_b14_518,mask,1.0,789,test_rev,0.5069875776397517,0.75,1.0,74,46,31,0.5945945945945946,0.4852484472049689,0.0,"{""y0_a0"": {""n"": 1, ""accuracy"": 1.0}, ""y0_a1"": {""n"": 27, ""accuracy"": 0.0}, ""y1_a0"": {""n"": 42, ""accuracy"": 0.9285714285714286}, ""y1_a1"": {""n"": 4, ""accuracy"": 1.0}}",0.1508437546903259,0
corr,transplant_neutral,dinov2_b14_518,erm,1.0,2026,clean,0.8524844720496895,,0.8524844720496895,74,46,0,0.7837837837837838,0.7701863354037267,,"{""y0_a0"": {""n"": 28, ""accuracy"": 0.7142857142857143}, ""y0_a1"": {""n"": 0, ""accuracy"": NaN}, ""y1_a0"": {""n"": 46, ""accuracy"": 0.8260869565217391}, ""y1_a1"": {""n"": 0, ""accuracy"": NaN}}",0.4129028455095953,0
corr,transplant_neutral,dinov2_b14_518,erm,1.0,2026,test_corr,0.9309006211180124,0.9166666666666669,0.8630952380952381,74,46,43,0.8243243243243243,0.7888198757763976,0.25,"{""y0_a0"": {""n"": 24, ""accuracy"": 0.7083333333333334}, ""y0_a1"": {""n"": 4, ""accuracy"": 0.25}, ""y1_a0"": {""n"": 7, ""accuracy"": 0.8571428571428571}, ""y1_a1"": {""n"": 39, ""accuracy"": 0.9487179487179487}}",0.4129028455095953,0
corr,transplant_neutral,dinov2_b14_518,erm,1.0,2026,test_rev,0.6614906832298137,0.8933333333333333,0.9457364341085271,74,46,28,0.7027027027027027,0.656055900621118,0.4,"{""y0_a0"": {""n"": 3, ""accuracy"": 1.0}, ""y0_a1"": {""n"": 25, ""accuracy"": 0.4}, ""y1_a0"": {""n"": 43, ""accuracy"": 0.8372093023255814}, ""y1_a1"": {""n"": 3, ""accuracy"": 1.0}}",0.4129028455095953,0
corr,transplant_neutral,dinov2_b14_518,mask,1.0,2026,clean,0.8835403726708074,,0.8835403726708074,74,46,0,0.8243243243243243,0.8027950310559007,,"{""y0_a0"": {""n"": 28, ""accuracy"": 0.7142857142857143}, ""y0_a1"": {""n"": 0, ""accuracy"": NaN}, ""y1_a0"": {""n"": 46, ""accuracy"": 0.8913043478260869}, ""y1_a1"": {""n"": 0, ""accuracy"": NaN}}",0.1325155821222588,0
corr,transplant_neutral,dinov2_b14_518,mask,1.0,2026,test_corr,0.93555900621118,0.8397435897435898,0.8690476190476191,74,46,43,0.8513513513513513,0.8105590062111802,0.0,"{""y0_a0"": {""n"": 24, ""accuracy"": 0.75}, ""y0_a1"": {""n"": 4, ""accuracy"": 0.0}, ""y1_a0"": {""n"": 7, ""accuracy"": 0.8571428571428571}, ""y1_a1"": {""n"": 39, ""accuracy"": 1.0}}",0.1325155821222588,0
corr,transplant_neutral,dinov2_b14_518,mask,1.0,2026,test_rev,0.5527950310559007,0.8933333333333333,0.9767441860465116,74,46,28,0.6081081081081081,0.5170807453416149,0.04,"{""y0_a0"": {""n"": 3, ""accuracy"": 1.0}, ""y0_a1"": {""n"": 25, ""accuracy"": 0.04}, ""y1_a0"": {""n"": 43, ""accuracy"": 0.8837209302325582}, ""y1_a1"": {""n"": 3, ""accuracy"": 1.0}}",0.1325155821222588,0
corr,transplant_neutral,dinov2_b14_518,erm,0.0,42,clean,0.864390243902439,,0.864390243902439,66,41,0,0.7878787878787878,0.7668292682926829,,"{""y0_a0"": {""n"": 25, ""accuracy"": 0.68}, ""y0_a1"": {""n"": 0, ""accuracy"": NaN}, ""y1_a0"": {""n"": 41, ""accuracy"": 0.8536585365853658}, ""y1_a1"": {""n"": 0, ""accuracy"": NaN}}",0.4858916900645004,1
corr,transplant_neutral,dinov2_b14_518,erm,0.0,42,test_corr,0.9014634146341464,,0.8959999999999999,66,41,36,0.8181818181818182,0.791219512195122,,"{""y0_a0"": {""n"": 25, ""accuracy"": 0.68}, ""y0_a1"": {""n"": 0, ""accuracy"": NaN}, ""y1_a0"": {""n"": 5, ""accuracy"": 0.8}, ""y1_a1"": {""n"": 36, ""accuracy"": 0.9166666666666666}}",0.4858916900645004,1
corr,transplant_neutral,dinov2_b14_518,erm,0.0,42,test_rev,0.7180487804878048,0.7731481481481481,0.90625,66,41,33,0.7272727272727273,0.6790243902439024,0.0,"{""y0_a0"": {""n"": 1, ""accuracy"": 0.0}, ""y0_a1"": {""n"": 24, ""accuracy"": 0.5}, ""y1_a0"": {""n"": 32, ""accuracy"": 0.90625}, ""y1_a1"": {""n"": 9, ""accuracy"": 0.7777777777777778}}",0.4858916900645004,1
corr,transplant_neutral,dinov2_b14_518,mask,0.0,42,clean,0.9502439024390243,,0.9502439024390243,66,41,0,0.8939393939393939,0.891219512195122,,"{""y0_a0"": {""n"": 25, ""accuracy"": 0.88}, ""y0_a1"": {""n"": 0, ""accuracy"": NaN}, ""y1_a0"": {""n"": 41, ""accuracy"": 0.9024390243902439}, ""y1_a1"": {""n"": 0, ""accuracy"": NaN}}",0.3923371763048154,1
corr,transplant_neutral,dinov2_b14_518,mask,0.0,42,test_corr,0.9502439024390243,,0.928,66,41,36,0.8939393939393939,0.891219512195122,,"{""y0_a0"": {""n"": 25, ""accuracy"": 0.88}, ""y0_a1"": {""n"": 0, ""accuracy"": NaN}, ""y1_a0"": {""n"": 5, ""accuracy"": 0.8}, ""y1_a1"": {""n"": 36, ""accuracy"": 0.9166666666666666}}",0.3923371763048154,1
corr,transplant_neutral,dinov2_b14_518,mask,0.0,42,test_rev,0.9502439024390243,0.9583333333333331,1.0,66,41,33,0.8939393939393939,0.891219512195122,0.875,"{""y0_a0"": {""n"": 1, ""accuracy"": 1.0}, ""y0_a1"": {""n"": 24, ""accuracy"": 0.875}, ""y1_a0"": {""n"": 32, ""accuracy"": 0.875}, ""y1_a1"": {""n"": 9, ""accuracy"": 1.0}}",0.3923371763048154,1
corr,transplant_neutral,dinov2_b14_518,erm,0.0,123,clean,0.8653658536585366,,0.8653658536585366,66,41,0,0.7878787878787878,0.7668292682926829,,"{""y0_a0"": {""n"": 25, ""accuracy"": 0.68}, ""y0_a1"": {""n"": 0, ""accuracy"": NaN}, ""y1_a0"": {""n"": 41, ""accuracy"": 0.8536585365853658}, ""y1_a1"": {""n"": 0, ""accuracy"": NaN}}",0.4844299147350179,1
corr,transplant_neutral,dinov2_b14_518,erm,0.0,123,test_corr,0.8887804878048781,0.7083333333333334,0.9545454545454546,66,41,43,0.8484848484848485,0.815609756097561,0.3333333333333333,"{""y0_a0"": {""n"": 22, ""accuracy"": 0.7272727272727273}, ""y0_a1"": {""n"": 3, ""accuracy"": 0.3333333333333333}, ""y1_a0"": {""n"": 1, ""accuracy"": 1.0}, ""y1_a1"": {""n"": 40, ""accuracy"": 0.95}}",0.4844299147350179,1
corr,transplant_neutral,dinov2_b14_518,erm,0.0,123,test_rev,0.6809756097560976,0.7083333333333333,0.5897435897435898,66,41,26,0.696969696969697,0.646829268292683,0.0,"{""y0_a0"": {""n"": 1, ""accuracy"": 0.0}, ""y0_a1"": {""n"": 24, ""accuracy"": 0.4583333333333333}, ""y1_a0"": {""n"": 39, ""accuracy"": 0.8461538461538461}, ""y1_a1"": {""n"": 2, ""accuracy"": 1.0}}",0.4844299147350179,1
corr,transplant_neutral,dinov2_b14_518,mask,0.0,123,clean,0.9502439024390243,,0.9502439024390243,66,41,0,0.8939393939393939,0.891219512195122,,"{""y0_a0"": {""n"": 25, ""accuracy"": 0.88}, ""y0_a1"": {""n"": 0, ""accuracy"": NaN}, ""y1_a0"": {""n"": 41, ""accuracy"": 0.9024390243902439}, ""y1_a1"": {""n"": 0, ""accuracy"": NaN}}",0.3923327741101824,1
corr,transplant_neutral,dinov2_b14_518,mask,0.0,123,test_corr,0.9502439024390243,0.975,0.9090909090909092,66,41,43,0.8939393939393939,0.891219512195122,0.8636363636363636,"{""y0_a0"": {""n"": 22, ""accuracy"": 0.8636363636363636}, ""y0_a1"": {""n"": 3, ""accuracy"": 1.0}, ""y1_a0"": {""n"": 1, ""accuracy"": 1.0}, ""y1_a1"": {""n"": 40, ""accuracy"": 0.9}}",0.3923327741101824,1
corr,transplant_neutral,dinov2_b14_518,mask,0.0,123,test_rev,0.9502439024390243,0.9375,1.0,66,41,26,0.8939393939393939,0.891219512195122,0.5,"{""y0_a0"": {""n"": 1, ""accuracy"": 1.0}, ""y0_a1"": {""n"": 24, ""accuracy"": 0.875}, ""y1_a0"": {""n"": 39, ""accuracy"": 0.9230769230769231}, ""y1_a1"": {""n"": 2, ""accuracy"": 0.5}}",0.3923327741101824,1
corr,transplant_neutral,dinov2_b14_518,erm,0.0,456,clean,0.8614634146341463,,0.8614634146341463,66,41,0,0.803030303030303,0.7946341463414635,,"{""y0_a0"": {""n"": 25, ""accuracy"": 0.76}, ""y0_a1"": {""n"": 0, ""accuracy"": NaN}, ""y1_a0"": {""n"": 41, ""accuracy"": 0.8292682926829268}, ""y1_a1"": {""n"": 0, ""accuracy"": NaN}}",0.4988041114436966,1
corr,transplant_neutral,dinov2_b14_518,erm,0.0,456,test_corr,0.8917073170731707,0.9714285714285714,0.8541666666666667,66,41,36,0.803030303030303,0.7946341463414635,0.6666666666666666,"{""y0_a0"": {""n"": 24, ""accuracy"": 0.75}, ""y0_a1"": {""n"": 1, ""accuracy"": 1.0}, ""y1_a0"": {""n"": 6, ""accuracy"": 0.6666666666666666}, ""y1_a1"": {""n"": 35, ""accuracy"": 0.8571428571428571}}",0.4988041114436966,1
corr,transplant_neutral,dinov2_b14_518,erm,0.0,456,test_rev,0.6858536585365854,0.7466666666666666,,66,41,28,0.696969696969697,0.6546341463414633,,"{""y0_a0"": {""n"": 0, ""accuracy"": NaN}, ""y0_a1"": {""n"": 25, ""accuracy"": 0.48}, ""y1_a0"": {""n"": 38, ""accuracy"": 0.8157894736842105}, ""y1_a1"": {""n"": 3, ""accuracy"": 1.0}}",0.4988041114436966,1
corr,transplant_neutral,dinov2_b14_518,mask,0.0,456,clean,0.9502439024390243,,0.9502439024390243,66,41,0,0.8939393939393939,0.891219512195122,,"{""y0_a0"": {""n"": 25, ""accuracy"": 0.88}, ""y0_a1"": {""n"": 0, ""accuracy"": NaN}, ""y1_a0"": {""n"": 41, ""accuracy"": 0.9024390243902439}, ""y1_a1"": {""n"": 0, ""accuracy"": NaN}}",0.3923259524939472,1
corr,transplant_neutral,dinov2_b14_518,mask,0.0,456,test_corr,0.9502439024390243,1.0,0.9652777777777778,66,41,36,0.8939393939393939,0.891219512195122,0.875,"{""y0_a0"": {""n"": 24, ""accuracy"": 0.875}, ""y0_a1"": {""n"": 1, ""accuracy"": 1.0}, ""y1_a0"": {""n"": 6, ""accuracy"": 1.0}, ""y1_a1"": {""n"": 35, ""accuracy"": 0.8857142857142857}}",0.3923259524939472,1
corr,transplant_neutral,dinov2_b14_518,mask,0.0,456,test_rev,0.9502439024390243,0.8933333333333333,,66,41,28,0.8939393939393939,0.891219512195122,,"{""y0_a0"": {""n"": 0, ""accuracy"": NaN}, ""y0_a1"": {""n"": 25, ""accuracy"": 0.88}, ""y1_a0"": {""n"": 38, ""accuracy"": 0.9210526315789473}, ""y1_a1"": {""n"": 3, ""accuracy"": 0.6666666666666666}}",0.3923259524939472,1
corr,transplant_neutral,dinov2_b14_518,erm,0.0,789,clean,0.8614634146341463,,0.8614634146341463,66,41,0,0.7878787878787878,0.7668292682926829,,"{""y0_a0"": {""n"": 25, ""accuracy"": 0.68}, ""y0_a1"": {""n"": 0, ""accuracy"": NaN}, ""y1_a0"": {""n"": 41, ""accuracy"": 0.8536585365853658}, ""y1_a1"": {""n"": 0, ""accuracy"": NaN}}",0.4985936475799601,1
corr,transplant_neutral,dinov2_b14_518,erm,0.0,789,test_corr,0.8741463414634146,0.8455882352941176,0.7346938775510203,66,41,38,0.7878787878787878,0.7590243902439024,0.5,"{""y0_a0"": {""n"": 21, ""accuracy"": 0.6666666666666666}, ""y0_a1"": {""n"": 4, ""accuracy"": 0.5}, ""y1_a0"": {""n"": 7, ""accuracy"": 0.5714285714285714}, ""y1_a1"": {""n"": 34, ""accuracy"": 0.9411764705882353}}",0.4985936475799601,1
corr,transplant_neutral,dinov2_b14_518,erm,0.0,789,test_rev,0.7121951219512195,0.9347826086956522,0.7051282051282051,66,41,25,0.7121212121212122,0.6668292682926829,0.0,"{""y0_a0"": {""n"": 2, ""accuracy"": 0.0}, ""y0_a1"": {""n"": 23, ""accuracy"": 0.5217391304347826}, ""y1_a0"": {""n"": 39, ""accuracy"": 0.8461538461538461}, ""y1_a1"": {""n"": 2, ""accuracy"": 1.0}}",0.4985936475799601,1
corr,transplant_neutral,dinov2_b14_518,mask,0.0,789,clean,0.9502439024390243,,0.9502439024390243,66,41,0,0.8939393939393939,0.891219512195122,,"{""y0_a0"": {""n"": 25, ""accuracy"": 0.88}, ""y0_a1"": {""n"": 0, ""accuracy"": NaN}, ""y1_a0"": {""n"": 41, ""accuracy"": 0.9024390243902439}, ""y1_a1"": {""n"": 0, ""accuracy"": NaN}}",0.3923327741101824,1
corr,transplant_neutral,dinov2_b14_518,mask,0.0,789,test_corr,0.9502439024390243,0.9779411764705882,0.9659863945578232,66,41,38,0.8939393939393939,0.891219512195122,0.8571428571428571,"{""y0_a0"": {""n"": 21, ""accuracy"": 0.8571428571428571}, ""y0_a1"": {""n"": 4, ""accuracy"": 1.0}, ""y1_a0"": {""n"": 7, ""accuracy"": 1.0}, ""y1_a1"": {""n"": 34, ""accuracy"": 0.8823529411764706}}",0.3923327741101824,1
corr,transplant_neutral,dinov2_b14_518,mask,0.0,789,test_rev,0.9502439024390243,0.9347826086956522,0.9871794871794872,66,41,25,0.8939393939393939,0.891219512195122,0.8695652173913043,"{""y0_a0"": {""n"": 2, ""accuracy"": 1.0}, ""y0_a1"": {""n"": 23, ""accuracy"": 0.8695652173913043}, ""y1_a0"": {""n"": 39, ""accuracy"": 0.8974358974358975}, ""y1_a1"": {""n"": 2, ""accuracy"": 1.0}}",0.3923327741101824,1
corr,transplant_neutral,dinov2_b14_518,erm,0.0,2026,clean,0.864390243902439,,0.864390243902439,66,41,0,0.7878787878787878,0.7668292682926829,,"{""y0_a0"": {""n"": 25, ""accuracy"": 0.68}, ""y0_a1"": {""n"": 0, ""accuracy"": NaN}, ""y1_a0"": {""n"": 41, ""accuracy"": 0.8536585365853658}, ""y1_a1"": {""n"": 0, ""accuracy"": NaN}}",0.4833860127204023,1
corr,transplant_neutral,dinov2_b14_518,erm,0.0,2026,test_corr,0.8790243902439024,0.75,0.9047619047619048,66,41,42,0.8333333333333334,0.795609756097561,0.5,"{""y0_a0"": {""n"": 21, ""accuracy"": 0.6666666666666666}, ""y0_a1"": {""n"": 4, ""accuracy"": 0.5}, ""y1_a0"": {""n"": 3, ""accuracy"": 1.0}, ""y1_a1"": {""n"": 38, ""accuracy"": 0.9473684210526315}}",0.4833860127204023,1
corr,transplant_neutral,dinov2_b14_518,erm,0.0,2026,test_rev,0.6702439024390244,0.7916666666666666,0.5897435897435898,66,41,26,0.696969696969697,0.646829268292683,0.0,"{""y0_a0"": {""n"": 1, ""accuracy"": 0.0}, ""y0_a1"": {""n"": 24, ""accuracy"": 0.4583333333333333}, ""y1_a0"": {""n"": 39, ""accuracy"": 0.8461538461538461}, ""y1_a1"": {""n"": 2, ""accuracy"": 1.0}}",0.4833860127204023,1
corr,transplant_neutral,dinov2_b14_518,mask,0.0,2026,clean,0.9502439024390243,,0.9502439024390243,66,41,0,0.8939393939393939,0.891219512195122,,"{""y0_a0"": {""n"": 25, ""accuracy"": 0.88}, ""y0_a1"": {""n"": 0, ""accuracy"": NaN}, ""y1_a0"": {""n"": 41, ""accuracy"": 0.9024390243902439}, ""y1_a1"": {""n"": 0, ""accuracy"": NaN}}",0.3923428024663704,1
corr,transplant_neutral,dinov2_b14_518,mask,0.0,2026,test_corr,0.9502439024390243,0.9605263157894736,0.9682539682539684,66,41,42,0.8939393939393939,0.891219512195122,0.75,"{""y0_a0"": {""n"": 21, ""accuracy"": 0.9047619047619048}, ""y0_a1"": {""n"": 4, ""accuracy"": 0.75}, ""y1_a0"": {""n"": 3, ""accuracy"": 1.0}, ""y1_a1"": {""n"": 38, ""accuracy"": 0.8947368421052632}}",0.3923428024663704,1
corr,transplant_neutral,dinov2_b14_518,mask,0.0,2026,test_rev,0.9502439024390243,0.875,0.9743589743589745,66,41,26,0.8939393939393939,0.891219512195122,0.5,"{""y0_a0"": {""n"": 1, ""accuracy"": 1.0}, ""y0_a1"": {""n"": 24, ""accuracy"": 0.875}, ""y1_a0"": {""n"": 39, ""accuracy"": 0.9230769230769231}, ""y1_a1"": {""n"": 2, ""accuracy"": 0.5}}",0.3923428024663704,1
corr,transplant_neutral,dinov2_b14_518,erm,1.0,42,clean,0.8653658536585366,,0.8653658536585366,66,41,0,0.803030303030303,0.7946341463414635,,"{""y0_a0"": {""n"": 25, ""accuracy"": 0.76}, ""y0_a1"": {""n"": 0, ""accuracy"": NaN}, ""y1_a0"": {""n"": 41, ""accuracy"": 0.8292682926829268}, ""y1_a1"": {""n"": 0, ""accuracy"": NaN}}",0.4978152239620519,1
corr,transplant_neutral,dinov2_b14_518,erm,1.0,42,test_corr,0.9180487804878048,,0.8959999999999999,66,41,36,0.8636363636363636,0.8434146341463415,,"{""y0_a0"": {""n"": 25, ""accuracy"": 0.76}, ""y0_a1"": {""n"": 0, ""accuracy"": NaN}, ""y1_a0"": {""n"": 5, ""accuracy"": 0.8}, ""y1_a1"": {""n"": 36, ""accuracy"": 0.9444444444444444}}",0.4978152239620519,1
corr,transplant_neutral,dinov2_b14_518,erm,1.0,42,test_rev,0.7551219512195122,0.8055555555555555,0.90625,66,41,33,0.696969696969697,0.6390243902439025,0.375,"{""y0_a0"": {""n"": 1, ""accuracy"": 1.0}, ""y0_a1"": {""n"": 24, ""accuracy"": 0.375}, ""y1_a0"": {""n"": 32, ""accuracy"": 0.875}, ""y1_a1"": {""n"": 9, ""accuracy"": 0.8888888888888888}}",0.4978152239620519,1
corr,transplant_neutral,dinov2_b14_518,mask,1.0,42,clean,0.9004878048780488,,0.9004878048780488,66,41,0,0.7727272727272727,0.7858536585365854,,"{""y0_a0"": {""n"": 25, ""accuracy"": 0.84}, ""y0_a1"": {""n"": 0, ""accuracy"": NaN}, ""y1_a0"": {""n"": 41, ""accuracy"": 0.7317073170731707}, ""y1_a1"": {""n"": 0, ""accuracy"": NaN}}",0.2457833289760113,1
corr,transplant_neutral,dinov2_b14_518,mask,1.0,42,test_corr,0.9873170731707316,,0.896,66,41,36,0.9242424242424242,0.9078048780487804,,"{""y0_a0"": {""n"": 25, ""accuracy"": 0.84}, ""y0_a1"": {""n"": 0, ""accuracy"": NaN}, ""y1_a0"": {""n"": 5, ""accuracy"": 0.8}, ""y1_a1"": {""n"": 36, ""accuracy"": 1.0}}",0.2457833289760113,1
corr,transplant_neutral,dinov2_b14_518,mask,1.0,42,test_rev,0.4263414634146342,0.8287037037037037,1.0,66,41,33,0.5606060606060606,0.4824390243902439,0.125,"{""y0_a0"": {""n"": 1, ""accuracy"": 1.0}, ""y0_a1"": {""n"": 24, ""accuracy"": 0.125}, ""y1_a0"": {""n"": 32, ""accuracy"": 0.75}, ""y1_a1"": {""n"": 9, ""accuracy"": 1.0}}",0.2457833289760113,1
corr,transplant_neutral,dinov2_b14_518,erm,1.0,123,clean,0.8682926829268293,,0.8682926829268293,66,41,0,0.803030303030303,0.7946341463414635,,"{""y0_a0"": {""n"": 25, ""accuracy"": 0.76}, ""y0_a1"": {""n"": 0, ""accuracy"": NaN}, ""y1_a0"": {""n"": 41, ""accuracy"": 0.8292682926829268}, ""y1_a1"": {""n"": 0, ""accuracy"": NaN}}",0.4973497881518821,1
corr,transplant_neutral,dinov2_b14_518,erm,1.0,123,test_corr,0.9073170731707316,0.7333333333333334,0.9545454545454546,66,41,43,0.8636363636363636,0.8356097560975609,0.3333333333333333,"{""y0_a0"": {""n"": 22, ""accuracy"": 0.7727272727272727}, ""y0_a1"": {""n"": 3, ""accuracy"": 0.3333333333333333}, ""y1_a0"": {""n"": 1, ""accuracy"": 1.0}, ""y1_a1"": {""n"": 40, ""accuracy"": 0.95}}",0.4973497881518821,1
corr,transplant_neutral,dinov2_b14_518,erm,1.0,123,test_rev,0.6848780487804877,0.7708333333333334,0.6153846153846154,66,41,26,0.6363636363636364,0.5746341463414634,0.0,"{""y0_a0"": {""n"": 1, ""accuracy"": 0.0}, ""y0_a1"": {""n"": 24, ""accuracy"": 0.3333333333333333}, ""y1_a0"": {""n"": 39, ""accuracy"": 0.8205128205128205}, ""y1_a1"": {""n"": 2, ""accuracy"": 1.0}}",0.4973497881518821,1
corr,transplant_neutral,dinov2_b14_518,mask,1.0,123,clean,0.9434146341463416,,0.9434146341463416,66,41,0,0.8484848484848485,0.8468292682926829,,"{""y0_a0"": {""n"": 25, ""accuracy"": 0.84}, ""y0_a1"": {""n"": 0, ""accuracy"": NaN}, ""y1_a0"": {""n"": 41, ""accuracy"": 0.8536585365853658}, ""y1_a1"": {""n"": 0, ""accuracy"": NaN}}",0.2325204394714377,1
corr,transplant_neutral,dinov2_b14_518,mask,1.0,123,test_corr,0.984390243902439,0.875,1.0,66,41,43,0.8939393939393939,0.86,0.0,"{""y0_a0"": {""n"": 22, ""accuracy"": 0.8181818181818182}, ""y0_a1"": {""n"": 3, ""accuracy"": 0.0}, ""y1_a0"": {""n"": 1, ""accuracy"": 1.0}, ""y1_a1"": {""n"": 40, ""accuracy"": 1.0}}",0.2325204394714377,1
corr,transplant_neutral,dinov2_b14_518,mask,1.0,123,test_rev,0.3697560975609756,0.6458333333333333,0.8461538461538461,66,41,26,0.5757575757575758,0.4868292682926829,0.0833333333333333,"{""y0_a0"": {""n"": 1, ""accuracy"": 1.0}, ""y0_a1"": {""n"": 24, ""accuracy"": 0.08333333333333333}, ""y1_a0"": {""n"": 39, ""accuracy"": 0.8461538461538461}, ""y1_a1"": {""n"": 2, ""accuracy"": 1.0}}",0.2325204394714377,1
corr,transplant_neutral,dinov2_b14_518,erm,1.0,456,clean,0.8673170731707317,,0.8673170731707317,66,41,0,0.803030303030303,0.7946341463414635,,"{""y0_a0"": {""n"": 25, ""accuracy"": 0.76}, ""y0_a1"": {""n"": 0, ""accuracy"": NaN}, ""y1_a0"": {""n"": 41, ""accuracy"": 0.8292682926829268}, ""y1_a1"": {""n"": 0, ""accuracy"": NaN}}",0.4973496602354981,1
corr,transplant_neutral,dinov2_b14_518,erm,1.0,456,test_corr,0.9141463414634148,0.9428571428571428,0.8541666666666667,66,41,36,0.8333333333333334,0.811219512195122,0.0,"{""y0_a0"": {""n"": 24, ""accuracy"": 0.75}, ""y0_a1"": {""n"": 1, ""accuracy"": 0.0}, ""y1_a0"": {""n"": 6, ""accuracy"": 0.6666666666666666}, ""y1_a1"": {""n"": 35, ""accuracy"": 0.9428571428571428}}",0.4973496602354981,1
corr,transplant_neutral,dinov2_b14_518,erm,1.0,456,test_rev,0.6692682926829269,0.8666666666666666,,66,41,28,0.6363636363636364,0.5746341463414634,,"{""y0_a0"": {""n"": 0, ""accuracy"": NaN}, ""y0_a1"": {""n"": 25, ""accuracy"": 0.32}, ""y1_a0"": {""n"": 38, ""accuracy"": 0.8157894736842105}, ""y1_a1"": {""n"": 3, ""accuracy"": 1.0}}",0.4973496602354981,1
corr,transplant_neutral,dinov2_b14_518,mask,1.0,456,clean,0.9014634146341464,,0.9014634146341464,66,41,0,0.803030303030303,0.7946341463414635,,"{""y0_a0"": {""n"": 25, ""accuracy"": 0.76}, ""y0_a1"": {""n"": 0, ""accuracy"": NaN}, ""y1_a0"": {""n"": 41, ""accuracy"": 0.8292682926829268}, ""y1_a1"": {""n"": 0, ""accuracy"": NaN}}",0.2055540803272158,1
corr,transplant_neutral,dinov2_b14_518,mask,1.0,456,test_corr,0.9726829268292684,0.8285714285714286,0.8888888888888888,66,41,36,0.8636363636363636,0.8356097560975609,0.0,"{""y0_a0"": {""n"": 24, ""accuracy"": 0.75}, ""y0_a1"": {""n"": 1, ""accuracy"": 0.0}, ""y1_a0"": {""n"": 6, ""accuracy"": 0.6666666666666666}, ""y1_a1"": {""n"": 35, ""accuracy"": 1.0}}",0.2055540803272158,1
corr,transplant_neutral,dinov2_b14_518,mask,1.0,456,test_rev,0.2292682926829268,0.72,,66,41,28,0.5606060606060606,0.4668292682926829,,"{""y0_a0"": {""n"": 0, ""accuracy"": NaN}, ""y0_a1"": {""n"": 25, ""accuracy"": 0.08}, ""y1_a0"": {""n"": 38, ""accuracy"": 0.8421052631578947}, ""y1_a1"": {""n"": 3, ""accuracy"": 1.0}}",0.2055540803272158,1
corr,transplant_neutral,dinov2_b14_518,erm,1.0,789,clean,0.8673170731707317,,0.8673170731707317,66,41,0,0.803030303030303,0.7946341463414635,,"{""y0_a0"": {""n"": 25, ""accuracy"": 0.76}, ""y0_a1"": {""n"": 0, ""accuracy"": NaN}, ""y1_a0"": {""n"": 41, ""accuracy"": 0.8292682926829268}, ""y1_a1"": {""n"": 0, ""accuracy"": NaN}}",0.4980317906004784,1
corr,transplant_neutral,dinov2_b14_518,erm,1.0,789,test_corr,0.8907317073170732,0.8455882352941176,0.7482993197278911,66,41,38,0.8333333333333334,0.811219512195122,0.5,"{""y0_a0"": {""n"": 21, ""accuracy"": 0.7619047619047619}, ""y0_a1"": {""n"": 4, ""accuracy"": 0.5}, ""y1_a0"": {""n"": 7, ""accuracy"": 0.5714285714285714}, ""y1_a1"": {""n"": 34, ""accuracy"": 0.9705882352941176}}",0.4980317906004784,1
corr,transplant_neutral,dinov2_b14_518,erm,1.0,789,test_rev,0.713170731707317,0.9347826086956522,0.717948717948718,66,41,25,0.6515151515151515,0.5946341463414634,0.3478260869565217,"{""y0_a0"": {""n"": 2, ""accuracy"": 0.5}, ""y0_a1"": {""n"": 23, ""accuracy"": 0.34782608695652173}, ""y1_a0"": {""n"": 39, ""accuracy"": 0.8205128205128205}, ""y1_a1"": {""n"": 2, ""accuracy"": 1.0}}",0.4980317906004784,1
corr,transplant_neutral,dinov2_b14_518,mask,1.0,789,clean,0.942439024390244,,0.942439024390244,66,41,0,0.8333333333333334,0.842439024390244,,"{""y0_a0"": {""n"": 25, ""accuracy"": 0.88}, ""y0_a1"": {""n"": 0, ""accuracy"": NaN}, ""y1_a0"": {""n"": 41, ""accuracy"": 0.8048780487804879}, ""y1_a1"": {""n"": 0, ""accuracy"": NaN}}",0.2143146284551776,1
corr,transplant_neutral,dinov2_b14_518,mask,1.0,789,test_corr,0.9785365853658536,0.9705882352941176,0.9591836734693876,66,41,38,0.9090909090909092,0.8878048780487805,0.5,"{""y0_a0"": {""n"": 21, ""accuracy"": 0.8571428571428571}, ""y0_a1"": {""n"": 4, ""accuracy"": 0.5}, ""y1_a0"": {""n"": 7, ""accuracy"": 0.8571428571428571}, ""y1_a1"": {""n"": 34, ""accuracy"": 1.0}}",0.2143146284551776,1
corr,transplant_neutral,dinov2_b14_518,mask,1.0,789,test_rev,0.3034146341463415,0.4565217391304348,1.0,66,41,25,0.5606060606060606,0.4824390243902439,0.0869565217391304,"{""y0_a0"": {""n"": 2, ""accuracy"": 1.0}, ""y0_a1"": {""n"": 23, ""accuracy"": 0.08695652173913043}, ""y1_a0"": {""n"": 39, ""accuracy"": 0.7948717948717948}, ""y1_a1"": {""n"": 2, ""accuracy"": 1.0}}",0.2143146284551776,1
corr,transplant_neutral,dinov2_b14_518,erm,1.0,2026,clean,0.8663414634146341,,0.8663414634146341,66,41,0,0.803030303030303,0.7946341463414635,,"{""y0_a0"": {""n"": 25, ""accuracy"": 0.76}, ""y0_a1"": {""n"": 0, ""accuracy"": NaN}, ""y1_a0"": {""n"": 41, ""accuracy"": 0.8292682926829268}, ""y1_a1"": {""n"": 0, ""accuracy"": NaN}}",0.4977378211085134,1
corr,transplant_neutral,dinov2_b14_518,erm,1.0,2026,test_corr,0.9131707317073172,0.9078947368421052,0.9047619047619048,66,41,42,0.8636363636363636,0.8356097560975609,0.5,"{""y0_a0"": {""n"": 21, ""accuracy"": 0.7619047619047619}, ""y0_a1"": {""n"": 4, ""accuracy"": 0.5}, ""y1_a0"": {""n"": 3, ""accuracy"": 1.0}, ""y1_a1"": {""n"": 38, ""accuracy"": 0.9473684210526315}}",0.4977378211085134,1
corr,transplant_neutral,dinov2_b14_518,erm,1.0,2026,test_rev,0.6936585365853658,0.9166666666666666,0.6153846153846154,66,41,26,0.6515151515151515,0.5946341463414634,0.0,"{""y0_a0"": {""n"": 1, ""accuracy"": 0.0}, ""y0_a1"": {""n"": 24, ""accuracy"": 0.375}, ""y1_a0"": {""n"": 39, ""accuracy"": 0.8205128205128205}, ""y1_a1"": {""n"": 2, ""accuracy"": 1.0}}",0.4977378211085134,1
corr,transplant_neutral,dinov2_b14_518,mask,1.0,2026,clean,0.9190243902439024,,0.9190243902439024,66,41,0,0.803030303030303,0.8258536585365854,,"{""y0_a0"": {""n"": 25, ""accuracy"": 0.92}, ""y0_a1"": {""n"": 0, ""accuracy"": NaN}, ""y1_a0"": {""n"": 41, ""accuracy"": 0.7317073170731707}, ""y1_a1"": {""n"": 0, ""accuracy"": NaN}}",0.3231326736835284,1
corr,transplant_neutral,dinov2_b14_518,mask,1.0,2026,test_corr,0.966829268292683,0.8355263157894737,0.984126984126984,66,41,42,0.9090909090909092,0.8878048780487805,0.0,"{""y0_a0"": {""n"": 21, ""accuracy"": 0.9523809523809523}, ""y0_a1"": {""n"": 4, ""accuracy"": 0.0}, ""y1_a0"": {""n"": 3, ""accuracy"": 0.6666666666666666}, ""y1_a1"": {""n"": 38, ""accuracy"": 1.0}}",0.3231326736835284,1
corr,transplant_neutral,dinov2_b14_518,mask,1.0,2026,test_rev,0.3151219512195122,0.8333333333333334,1.0,66,41,26,0.5303030303030303,0.4658536585365853,0.1666666666666666,"{""y0_a0"": {""n"": 1, ""accuracy"": 1.0}, ""y0_a1"": {""n"": 24, ""accuracy"": 0.16666666666666666}, ""y1_a0"": {""n"": 39, ""accuracy"": 0.717948717948718}, ""y1_a1"": {""n"": 2, ""accuracy"": 1.0}}",0.3231326736835284,1
corr,transplant_neutral,dinov2_b14_518,erm,0.0,42,clean,0.8958139534883721,,0.8958139534883721,68,43,0,0.7647058823529411,0.7972093023255814,,"{""y0_a0"": {""n"": 25, ""accuracy"": 0.92}, ""y0_a1"": {""n"": 0, ""accuracy"": NaN}, ""y1_a0"": {""n"": 43, ""accuracy"": 0.6744186046511628}, ""y1_a1"": {""n"": 0, ""accuracy"": NaN}}",0.4479329230691872,2
corr,transplant_neutral,dinov2_b14_518,erm,0.0,42,test_corr,0.944186046511628,0.8803418803418804,0.9090909090909092,68,43,42,0.8676470588235294,0.8702325581395349,0.6666666666666666,"{""y0_a0"": {""n"": 22, ""accuracy"": 0.9090909090909091}, ""y0_a1"": {""n"": 3, ""accuracy"": 0.6666666666666666}, ""y1_a0"": {""n"": 4, ""accuracy"": 0.75}, ""y1_a1"": {""n"": 39, ""accuracy"": 0.8717948717948718}}",0.4479329230691872,2
corr,transplant_neutral,dinov2_b14_518,erm,0.0,42,test_rev,0.6753488372093024,0.808695652173913,0.9736842105263156,68,43,28,0.6470588235294118,0.6372093023255814,0.5652173913043478,"{""y0_a0"": {""n"": 2, ""accuracy"": 1.0}, ""y0_a1"": {""n"": 23, ""accuracy"": 0.5652173913043478}, ""y1_a0"": {""n"": 38, ""accuracy"": 0.6578947368421053}, ""y1_a1"": {""n"": 5, ""accuracy"": 0.8}}",0.4479329230691872,2
corr,transplant_neutral,dinov2_b14_518,mask,0.0,42,clean,0.9348837209302326,,0.9348837209302326,68,43,0,0.7941176470588235,0.8372093023255813,,"{""y0_a0"": {""n"": 25, ""accuracy"": 1.0}, ""y0_a1"": {""n"": 0, ""accuracy"": NaN}, ""y1_a0"": {""n"": 43, ""accuracy"": 0.6744186046511628}, ""y1_a1"": {""n"": 0, ""accuracy"": NaN}}",0.6465070286585022,2
corr,transplant_neutral,dinov2_b14_518,mask,0.0,42,test_corr,0.9348837209302326,1.0,0.9659090909090908,68,43,42,0.7941176470588235,0.8372093023255813,0.6666666666666666,"{""y0_a0"": {""n"": 22, ""accuracy"": 1.0}, ""y0_a1"": {""n"": 3, ""accuracy"": 1.0}, ""y1_a0"": {""n"": 4, ""accuracy"": 0.75}, ""y1_a1"": {""n"": 39, ""accuracy"": 0.6666666666666666}}",0.6465070286585022,2
corr,transplant_neutral,dinov2_b14_518,mask,0.0,42,test_rev,0.9348837209302326,0.9478260869565216,0.9605263157894736,68,43,28,0.7941176470588235,0.8372093023255813,0.6578947368421053,"{""y0_a0"": {""n"": 2, ""accuracy"": 1.0}, ""y0_a1"": {""n"": 23, ""accuracy"": 1.0}, ""y1_a0"": {""n"": 38, ""accuracy"": 0.6578947368421053}, ""y1_a1"": {""n"": 5, ""accuracy"": 0.8}}",0.6465070286585022,2
corr,transplant_neutral,dinov2_b14_518,erm,0.0,123,clean,0.8865116279069767,,0.8865116279069767,68,43,0,0.7205882352941176,0.7623255813953489,,"{""y0_a0"": {""n"": 25, ""accuracy"": 0.92}, ""y0_a1"": {""n"": 0, ""accuracy"": NaN}, ""y1_a0"": {""n"": 43, ""accuracy"": 0.6046511627906976}, ""y1_a1"": {""n"": 0, ""accuracy"": NaN}}",0.4482492083835019,2
corr,transplant_neutral,dinov2_b14_518,erm,0.0,123,test_corr,0.947906976744186,0.9125,0.9047619047619048,68,43,44,0.8823529411764706,0.8818604651162791,0.6666666666666666,"{""y0_a0"": {""n"": 21, ""accuracy"": 0.9047619047619048}, ""y0_a1"": {""n"": 4, ""accuracy"": 0.75}, ""y1_a0"": {""n"": 3, ""accuracy"": 0.6666666666666666}, ""y1_a1"": {""n"": 40, ""accuracy"": 0.9}}",0.4482492083835019,2
corr,transplant_neutral,dinov2_b14_518,erm,0.0,123,test_rev,0.627906976744186,0.8958333333333334,0.8461538461538461,68,43,28,0.6029411764705882,0.5855813953488372,0.5,"{""y0_a0"": {""n"": 1, ""accuracy"": 1.0}, ""y0_a1"": {""n"": 24, ""accuracy"": 0.5}, ""y1_a0"": {""n"": 39, ""accuracy"": 0.6153846153846154}, ""y1_a1"": {""n"": 4, ""accuracy"": 1.0}}",0.4482492083835019,2
corr,transplant_neutral,dinov2_b14_518,mask,0.0,123,clean,0.9348837209302326,,0.9348837209302326,68,43,0,0.7941176470588235,0.8372093023255813,,"{""y0_a0"": {""n"": 25, ""accuracy"": 1.0}, ""y0_a1"": {""n"": 0, ""accuracy"": NaN}, ""y1_a0"": {""n"": 43, ""accuracy"": 0.6744186046511628}, ""y1_a1"": {""n"": 0, ""accuracy"": NaN}}",0.646504681371216,2
corr,transplant_neutral,dinov2_b14_518,mask,0.0,123,test_corr,0.9348837209302326,0.91875,0.8571428571428571,68,43,44,0.7941176470588235,0.8372093023255813,0.6666666666666666,"{""y0_a0"": {""n"": 21, ""accuracy"": 1.0}, ""y0_a1"": {""n"": 4, ""accuracy"": 1.0}, ""y1_a0"": {""n"": 3, ""accuracy"": 0.6666666666666666}, ""y1_a1"": {""n"": 40, ""accuracy"": 0.675}}",0.646504681371216,2
corr,transplant_neutral,dinov2_b14_518,mask,0.0,123,test_rev,0.9348837209302326,0.9791666666666666,0.7692307692307693,68,43,28,0.7941176470588235,0.8372093023255813,0.6666666666666666,"{""y0_a0"": {""n"": 1, ""accuracy"": 1.0}, ""y0_a1"": {""n"": 24, ""accuracy"": 1.0}, ""y1_a0"": {""n"": 39, ""accuracy"": 0.6666666666666666}, ""y1_a1"": {""n"": 4, ""accuracy"": 0.75}}",0.646504681371216,2
corr,transplant_neutral,dinov2_b14_518,erm,0.0,456,clean,0.8790697674418604,,0.8790697674418604,68,43,0,0.75,0.7855813953488373,,"{""y0_a0"": {""n"": 25, ""accuracy"": 0.92}, ""y0_a1"": {""n"": 0, ""accuracy"": NaN}, ""y1_a0"": {""n"": 43, ""accuracy"": 0.6511627906976745}, ""y1_a1"": {""n"": 0, ""accuracy"": NaN}}",0.3790896547182266,2
corr,transplant_neutral,dinov2_b14_518,erm,0.0,456,test_corr,0.9023255813953488,0.6013513513513514,0.8968253968253969,68,43,41,0.8529411764705882,0.8334883720930233,0.0,"{""y0_a0"": {""n"": 21, ""accuracy"": 0.9047619047619048}, ""y0_a1"": {""n"": 4, ""accuracy"": 0.0}, ""y1_a0"": {""n"": 6, ""accuracy"": 0.6666666666666666}, ""y1_a1"": {""n"": 37, ""accuracy"": 0.9459459459459459}}",0.3790896547182266,2
corr,transplant_neutral,dinov2_b14_518,erm,0.0,456,test_rev,0.5134883720930232,,,68,43,25,0.5441176470588235,0.5055813953488373,,"{""y0_a0"": {""n"": 0, ""accuracy"": NaN}, ""y0_a1"": {""n"": 25, ""accuracy"": 0.36}, ""y1_a0"": {""n"": 43, ""accuracy"": 0.6511627906976745}, ""y1_a1"": {""n"": 0, ""accuracy"": NaN}}",0.3790896547182266,2
corr,transplant_neutral,dinov2_b14_518,mask,0.0,456,clean,0.9348837209302326,,0.9348837209302326,68,43,0,0.7941176470588235,0.8372093023255813,,"{""y0_a0"": {""n"": 25, ""accuracy"": 1.0}, ""y0_a1"": {""n"": 0, ""accuracy"": NaN}, ""y1_a0"": {""n"": 43, ""accuracy"": 0.6744186046511628}, ""y1_a1"": {""n"": 0, ""accuracy"": NaN}}",0.6464776500128941,2
corr,transplant_neutral,dinov2_b14_518,mask,0.0,456,test_corr,0.9348837209302326,0.9121621621621622,0.9444444444444444,68,43,41,0.7941176470588235,0.8372093023255813,0.5,"{""y0_a0"": {""n"": 21, ""accuracy"": 1.0}, ""y0_a1"": {""n"": 4, ""accuracy"": 1.0}, ""y1_a0"": {""n"": 6, ""accuracy"": 0.5}, ""y1_a1"": {""n"": 37, ""accuracy"": 0.7027027027027027}}",0.6464776500128941,2
corr,transplant_neutral,dinov2_b14_518,mask,0.0,456,test_rev,0.9348837209302326,,,68,43,25,0.7941176470588235,0.8372093023255813,,"{""y0_a0"": {""n"": 0, ""accuracy"": NaN}, ""y0_a1"": {""n"": 25, ""accuracy"": 1.0}, ""y1_a0"": {""n"": 43, ""accuracy"": 0.6744186046511628}, ""y1_a1"": {""n"": 0, ""accuracy"": NaN}}",0.6464776500128941,2
corr,transplant_neutral,dinov2_b14_518,erm,0.0,789,clean,0.8595348837209302,,0.8595348837209302,68,43,0,0.6764705882352942,0.7274418604651163,,"{""y0_a0"": {""n"": 25, ""accuracy"": 0.92}, ""y0_a1"": {""n"": 0, ""accuracy"": NaN}, ""y1_a0"": {""n"": 43, ""accuracy"": 0.5348837209302325}, ""y1_a1"": {""n"": 0, ""accuracy"": NaN}}",0.5469789427714946,2
corr,transplant_neutral,dinov2_b14_518,erm,0.0,789,test_corr,0.9255813953488372,0.7692307692307693,0.9761904761904762,68,43,43,0.8382352941176471,0.8469767441860465,0.75,"{""y0_a0"": {""n"": 21, ""accuracy"": 0.9047619047619048}, ""y0_a1"": {""n"": 4, ""accuracy"": 0.75}, ""y1_a0"": {""n"": 4, ""accuracy"": 0.75}, ""y1_a1"": {""n"": 39, ""accuracy"": 0.8205128205128205}}",0.5469789427714946,2
corr,transplant_neutral,dinov2_b14_518,erm,0.0,789,test_rev,0.5888372093023255,0.6363636363636364,0.925,68,43,25,0.5735294117647058,0.5790697674418605,0.5454545454545454,"{""y0_a0"": {""n"": 3, ""accuracy"": 1.0}, ""y0_a1"": {""n"": 22, ""accuracy"": 0.5454545454545454}, ""y1_a0"": {""n"": 40, ""accuracy"": 0.55}, ""y1_a1"": {""n"": 3, ""accuracy"": 0.6666666666666666}}",0.5469789427714946,2
corr,transplant_neutral,dinov2_b14_518,mask,0.0,789,clean,0.9348837209302326,,0.9348837209302326,68,43,0,0.7941176470588235,0.8372093023255813,,"{""y0_a0"": {""n"": 25, ""accuracy"": 1.0}, ""y0_a1"": {""n"": 0, ""accuracy"": NaN}, ""y1_a0"": {""n"": 43, ""accuracy"": 0.6744186046511628}, ""y1_a1"": {""n"": 0, ""accuracy"": NaN}}",0.6465080761869946,2
corr,transplant_neutral,dinov2_b14_518,mask,0.0,789,test_corr,0.9348837209302326,0.9423076923076924,1.0,68,43,43,0.7941176470588235,0.8372093023255813,0.6410256410256411,"{""y0_a0"": {""n"": 21, ""accuracy"": 1.0}, ""y0_a1"": {""n"": 4, ""accuracy"": 1.0}, ""y1_a0"": {""n"": 4, ""accuracy"": 1.0}, ""y1_a1"": {""n"": 39, ""accuracy"": 0.6410256410256411}}",0.6465080761869946,2
corr,transplant_neutral,dinov2_b14_518,mask,0.0,789,test_rev,0.9348837209302326,0.7727272727272727,1.0,68,43,25,0.7941176470588235,0.8372093023255813,0.6666666666666666,"{""y0_a0"": {""n"": 3, ""accuracy"": 1.0}, ""y0_a1"": {""n"": 22, ""accuracy"": 1.0}, ""y1_a0"": {""n"": 40, ""accuracy"": 0.675}, ""y1_a1"": {""n"": 3, ""accuracy"": 0.6666666666666666}}",0.6465080761869946,2
corr,transplant_neutral,dinov2_b14_518,erm,0.0,2026,clean,0.8948837209302326,,0.8948837209302326,68,43,0,0.7058823529411765,0.7590697674418605,,"{""y0_a0"": {""n"": 25, ""accuracy"": 0.96}, ""y0_a1"": {""n"": 0, ""accuracy"": NaN}, ""y1_a0"": {""n"": 43, ""accuracy"": 0.5581395348837209}, ""y1_a1"": {""n"": 0, ""accuracy"": NaN}}",0.5586484346107377,2
corr,transplant_neutral,dinov2_b14_518,erm,0.0,2026,test_corr,0.949767441860465,0.9024390243902438,0.9761904761904762,68,43,45,0.8235294117647058,0.8437209302325581,0.5,"{""y0_a0"": {""n"": 21, ""accuracy"": 0.9523809523809523}, ""y0_a1"": {""n"": 4, ""accuracy"": 0.75}, ""y1_a0"": {""n"": 2, ""accuracy"": 0.5}, ""y1_a1"": {""n"": 41, ""accuracy"": 0.7804878048780488}}",0.5586484346107377,2
corr,transplant_neutral,dinov2_b14_518,erm,0.0,2026,test_rev,0.7348837209302326,0.9722222222222222,0.925,68,43,27,0.6470588235294118,0.6706976744186046,0.55,"{""y0_a0"": {""n"": 1, ""accuracy"": 1.0}, ""y0_a1"": {""n"": 24, ""accuracy"": 0.75}, ""y1_a0"": {""n"": 40, ""accuracy"": 0.55}, ""y1_a1"": {""n"": 3, ""accuracy"": 1.0}}",0.5586484346107377,2
corr,transplant_neutral,dinov2_b14_518,mask,0.0,2026,clean,0.9348837209302326,,0.9348837209302326,68,43,0,0.7941176470588235,0.8372093023255813,,"{""y0_a0"": {""n"": 25, ""accuracy"": 1.0}, ""y0_a1"": {""n"": 0, ""accuracy"": NaN}, ""y1_a0"": {""n"": 43, ""accuracy"": 0.6744186046511628}, ""y1_a1"": {""n"": 0, ""accuracy"": NaN}}",0.6463721939737364,2
corr,transplant_neutral,dinov2_b14_518,mask,0.0,2026,test_corr,0.9358139534883722,0.945121951219512,1.0,68,43,45,0.7941176470588235,0.8372093023255813,0.6585365853658537,"{""y0_a0"": {""n"": 21, ""accuracy"": 1.0}, ""y0_a1"": {""n"": 4, ""accuracy"": 1.0}, ""y1_a0"": {""n"": 2, ""accuracy"": 1.0}, ""y1_a1"": {""n"": 41, ""accuracy"": 0.6585365853658537}}",0.6463721939737364,2
corr,transplant_neutral,dinov2_b14_518,mask,0.0,2026,test_rev,0.9348837209302326,0.9305555555555556,1.0,68,43,27,0.7941176470588235,0.8372093023255813,0.6666666666666666,"{""y0_a0"": {""n"": 1, ""accuracy"": 1.0}, ""y0_a1"": {""n"": 24, ""accuracy"": 1.0}, ""y1_a0"": {""n"": 40, ""accuracy"": 0.675}, ""y1_a1"": {""n"": 3, ""accuracy"": 0.6666666666666666}}",0.6463721939737364,2
corr,transplant_neutral,dinov2_b14_518,erm,1.0,42,clean,0.8772093023255814,,0.8772093023255814,68,43,0,0.75,0.793953488372093,,"{""y0_a0"": {""n"": 25, ""accuracy"": 0.96}, ""y0_a1"": {""n"": 0, ""accuracy"": NaN}, ""y1_a0"": {""n"": 43, ""accuracy"": 0.627906976744186}, ""y1_a1"": {""n"": 0, ""accuracy"": NaN}}",0.4294765398853605,2
corr,transplant_neutral,dinov2_b14_518,erm,1.0,42,test_corr,0.9218604651162792,0.7521367521367521,0.9204545454545454,68,43,42,0.8235294117647058,0.8353488372093023,0.3333333333333333,"{""y0_a0"": {""n"": 22, ""accuracy"": 0.9545454545454546}, ""y0_a1"": {""n"": 3, ""accuracy"": 0.3333333333333333}, ""y1_a0"": {""n"": 4, ""accuracy"": 0.5}, ""y1_a1"": {""n"": 39, ""accuracy"": 0.8205128205128205}}",0.4294765398853605,2
corr,transplant_neutral,dinov2_b14_518,erm,1.0,42,test_rev,0.5302325581395348,0.6869565217391305,0.9473684210526316,68,43,28,0.5735294117647058,0.553953488372093,0.4347826086956521,"{""y0_a0"": {""n"": 2, ""accuracy"": 1.0}, ""y0_a1"": {""n"": 23, ""accuracy"": 0.43478260869565216}, ""y1_a0"": {""n"": 38, ""accuracy"": 0.6052631578947368}, ""y1_a1"": {""n"": 5, ""accuracy"": 0.8}}",0.4294765398853605,2
corr,transplant_neutral,dinov2_b14_518,mask,1.0,42,clean,0.8390697674418605,,0.8390697674418605,68,43,0,0.6911764705882353,0.7223255813953489,,"{""y0_a0"": {""n"": 25, ""accuracy"": 0.84}, ""y0_a1"": {""n"": 0, ""accuracy"": NaN}, ""y1_a0"": {""n"": 43, ""accuracy"": 0.6046511627906976}, ""y1_a1"": {""n"": 0, ""accuracy"": NaN}}",0.3090604824788419,2
corr,transplant_neutral,dinov2_b14_518,mask,1.0,42,test_corr,0.935813953488372,0.7094017094017094,0.8522727272727273,68,43,42,0.8382352941176471,0.8134883720930233,0.0,"{""y0_a0"": {""n"": 22, ""accuracy"": 0.8181818181818182}, ""y0_a1"": {""n"": 3, ""accuracy"": 0.0}, ""y1_a0"": {""n"": 4, ""accuracy"": 0.5}, ""y1_a1"": {""n"": 39, ""accuracy"": 0.9487179487179487}}",0.3090604824788419,2
corr,transplant_neutral,dinov2_b14_518,mask,1.0,42,test_rev,0.3302325581395349,0.8434782608695652,0.9605263157894736,68,43,28,0.4705882352941176,0.3972093023255814,0.0434782608695652,"{""y0_a0"": {""n"": 2, ""accuracy"": 1.0}, ""y0_a1"": {""n"": 23, ""accuracy"": 0.043478260869565216}, ""y1_a0"": {""n"": 38, ""accuracy"": 0.631578947368421}, ""y1_a1"": {""n"": 5, ""accuracy"": 1.0}}",0.3090604824788419,2
corr,transplant_neutral,dinov2_b14_518,erm,1.0,123,clean,0.8632558139534884,,0.8632558139534884,68,43,0,0.6764705882352942,0.7274418604651163,,"{""y0_a0"": {""n"": 25, ""accuracy"": 0.92}, ""y0_a1"": {""n"": 0, ""accuracy"": NaN}, ""y1_a0"": {""n"": 43, ""accuracy"": 0.5348837209302325}, ""y1_a1"": {""n"": 0, ""accuracy"": NaN}}",0.4802614782143241,2
corr,transplant_neutral,dinov2_b14_518,erm,1.0,123,test_corr,0.930232558139535,0.90625,0.9047619047619048,68,43,44,0.8235294117647058,0.8353488372093023,0.3333333333333333,"{""y0_a0"": {""n"": 21, ""accuracy"": 0.9047619047619048}, ""y0_a1"": {""n"": 4, ""accuracy"": 0.75}, ""y1_a0"": {""n"": 3, ""accuracy"": 0.3333333333333333}, ""y1_a1"": {""n"": 40, ""accuracy"": 0.825}}",0.4802614782143241,2
corr,transplant_neutral,dinov2_b14_518,erm,1.0,123,test_rev,0.5776744186046512,0.8125000000000001,0.7948717948717948,68,43,28,0.5588235294117647,0.5506976744186047,0.5,"{""y0_a0"": {""n"": 1, ""accuracy"": 1.0}, ""y0_a1"": {""n"": 24, ""accuracy"": 0.5}, ""y1_a0"": {""n"": 39, ""accuracy"": 0.5384615384615384}, ""y1_a1"": {""n"": 4, ""accuracy"": 1.0}}",0.4802614782143241,2
corr,transplant_neutral,dinov2_b14_518,mask,1.0,123,clean,0.8716279069767442,,0.8716279069767442,68,43,0,0.6911764705882353,0.7558139534883721,,"{""y0_a0"": {""n"": 25, ""accuracy"": 1.0}, ""y0_a1"": {""n"": 0, ""accuracy"": NaN}, ""y1_a0"": {""n"": 43, ""accuracy"": 0.5116279069767442}, ""y1_a1"": {""n"": 0, ""accuracy"": NaN}}",0.3203453628552059,2
corr,transplant_neutral,dinov2_b14_518,mask,1.0,123,test_corr,0.947906976744186,0.8312499999999999,0.7936507936507937,68,43,44,0.8676470588235294,0.8618604651162791,0.0,"{""y0_a0"": {""n"": 21, ""accuracy"": 1.0}, ""y0_a1"": {""n"": 4, ""accuracy"": 0.0}, ""y1_a0"": {""n"": 3, ""accuracy"": 0.0}, ""y1_a1"": {""n"": 40, ""accuracy"": 0.95}}",0.3203453628552059,2
corr,transplant_neutral,dinov2_b14_518,mask,1.0,123,test_rev,0.2130232558139534,0.9166666666666666,0.4871794871794871,68,43,28,0.3676470588235294,0.3074418604651162,0.0416666666666666,"{""y0_a0"": {""n"": 1, ""accuracy"": 1.0}, ""y0_a1"": {""n"": 24, ""accuracy"": 0.041666666666666664}, ""y1_a0"": {""n"": 39, ""accuracy"": 0.48717948717948717}, ""y1_a1"": {""n"": 4, ""accuracy"": 1.0}}",0.3203453628552059,2
corr,transplant_neutral,dinov2_b14_518,erm,1.0,456,clean,0.8390697674418606,,0.8390697674418606,68,43,0,0.7794117647058824,0.8004651162790697,,"{""y0_a0"": {""n"": 25, ""accuracy"": 0.88}, ""y0_a1"": {""n"": 0, ""accuracy"": NaN}, ""y1_a0"": {""n"": 43, ""accuracy"": 0.7209302325581395}, ""y1_a1"": {""n"": 0, ""accuracy"": NaN}}",0.3027194960525852,2
corr,transplant_neutral,dinov2_b14_518,erm,1.0,456,test_corr,0.8986046511627906,0.6689189189189189,0.8095238095238096,68,43,41,0.8676470588235294,0.8451162790697675,0.0,"{""y0_a0"": {""n"": 21, ""accuracy"": 0.9047619047619048}, ""y0_a1"": {""n"": 4, ""accuracy"": 0.0}, ""y1_a0"": {""n"": 6, ""accuracy"": 0.8333333333333334}, ""y1_a1"": {""n"": 37, ""accuracy"": 0.9459459459459459}}",0.3027194960525852,2
corr,transplant_neutral,dinov2_b14_518,erm,1.0,456,test_rev,0.3544186046511627,,,68,43,25,0.5588235294117647,0.5004651162790698,,"{""y0_a0"": {""n"": 0, ""accuracy"": NaN}, ""y0_a1"": {""n"": 25, ""accuracy"": 0.28}, ""y1_a0"": {""n"": 43, ""accuracy"": 0.7209302325581395}, ""y1_a1"": {""n"": 0, ""accuracy"": NaN}}",0.3027194960525852,2
corr,transplant_neutral,dinov2_b14_518,mask,1.0,456,clean,0.8651162790697674,,0.8651162790697674,68,43,0,0.75,0.793953488372093,,"{""y0_a0"": {""n"": 25, ""accuracy"": 0.96}, ""y0_a1"": {""n"": 0, ""accuracy"": NaN}, ""y1_a0"": {""n"": 43, ""accuracy"": 0.627906976744186}, ""y1_a1"": {""n"": 0, ""accuracy"": NaN}}",0.2480184642522,2
corr,transplant_neutral,dinov2_b14_518,mask,1.0,456,test_corr,0.9004651162790698,0.6013513513513513,0.8333333333333333,68,43,41,0.8823529411764706,0.8651162790697675,0.0,"{""y0_a0"": {""n"": 21, ""accuracy"": 0.9523809523809523}, ""y0_a1"": {""n"": 4, ""accuracy"": 0.0}, ""y1_a0"": {""n"": 6, ""accuracy"": 0.5}, ""y1_a1"": {""n"": 37, ""accuracy"": 1.0}}",0.2480184642522,2
corr,transplant_neutral,dinov2_b14_518,mask,1.0,456,test_rev,0.1134883720930232,,,68,43,25,0.3970588235294117,0.313953488372093,,"{""y0_a0"": {""n"": 0, ""accuracy"": NaN}, ""y0_a1"": {""n"": 25, ""accuracy"": 0.0}, ""y1_a0"": {""n"": 43, ""accuracy"": 0.627906976744186}, ""y1_a1"": {""n"": 0, ""accuracy"": NaN}}",0.2480184642522,2
corr,transplant_neutral,dinov2_b14_518,erm,1.0,789,clean,0.841860465116279,,0.841860465116279,68,43,0,0.7352941176470589,0.7739534883720931,,"{""y0_a0"": {""n"": 25, ""accuracy"": 0.92}, ""y0_a1"": {""n"": 0, ""accuracy"": NaN}, ""y1_a0"": {""n"": 43, ""accuracy"": 0.627906976744186}, ""y1_a1"": {""n"": 0, ""accuracy"": NaN}}",0.4056478650202921,2
corr,transplant_neutral,dinov2_b14_518,erm,1.0,789,test_corr,0.8948837209302325,0.6474358974358974,0.9761904761904762,68,43,43,0.8823529411764706,0.8651162790697675,0.25,"{""y0_a0"": {""n"": 21, ""accuracy"": 0.9047619047619048}, ""y0_a1"": {""n"": 4, ""accuracy"": 0.25}, ""y1_a0"": {""n"": 4, ""accuracy"": 1.0}, ""y1_a1"": {""n"": 39, ""accuracy"": 0.9230769230769231}}",0.4056478650202921,2
corr,transplant_neutral,dinov2_b14_518,erm,1.0,789,test_rev,0.4911627906976744,0.6212121212121211,0.9166666666666666,68,43,25,0.5735294117647058,0.5455813953488372,0.3636363636363636,"{""y0_a0"": {""n"": 3, ""accuracy"": 1.0}, ""y0_a1"": {""n"": 22, ""accuracy"": 0.36363636363636365}, ""y1_a0"": {""n"": 40, ""accuracy"": 0.65}, ""y1_a1"": {""n"": 3, ""accuracy"": 0.6666666666666666}}",0.4056478650202921,2
corr,transplant_neutral,dinov2_b14_518,mask,1.0,789,clean,0.8651162790697675,,0.8651162790697675,68,43,0,0.7352941176470589,0.7823255813953488,,"{""y0_a0"": {""n"": 25, ""accuracy"": 0.96}, ""y0_a1"": {""n"": 0, ""accuracy"": NaN}, ""y1_a0"": {""n"": 43, ""accuracy"": 0.6046511627906976}, ""y1_a1"": {""n"": 0, ""accuracy"": NaN}}",0.3062163149253668,2
corr,transplant_neutral,dinov2_b14_518,mask,1.0,789,test_corr,0.9497674418604652,0.75,1.0,68,43,43,0.9117647058823528,0.8883720930232558,0.0,"{""y0_a0"": {""n"": 21, ""accuracy"": 0.9523809523809523}, ""y0_a1"": {""n"": 4, ""accuracy"": 0.0}, ""y1_a0"": {""n"": 4, ""accuracy"": 1.0}, ""y1_a1"": {""n"": 39, ""accuracy"": 0.9743589743589743}}",0.3062163149253668,2
corr,transplant_neutral,dinov2_b14_518,mask,1.0,789,test_rev,0.2837209302325581,0.7575757575757576,0.9583333333333334,68,43,25,0.4558823529411764,0.393953488372093,0.0454545454545454,"{""y0_a0"": {""n"": 3, ""accuracy"": 1.0}, ""y0_a1"": {""n"": 22, ""accuracy"": 0.045454545454545456}, ""y1_a0"": {""n"": 40, ""accuracy"": 0.6}, ""y1_a1"": {""n"": 3, ""accuracy"": 1.0}}",0.3062163149253668,2
corr,transplant_neutral,dinov2_b14_518,erm,1.0,2026,clean,0.8734883720930233,,0.8734883720930233,68,43,0,0.7205882352941176,0.7706976744186047,,"{""y0_a0"": {""n"": 25, ""accuracy"": 0.96}, ""y0_a1"": {""n"": 0, ""accuracy"": NaN}, ""y1_a0"": {""n"": 43, ""accuracy"": 0.5813953488372093}, ""y1_a1"": {""n"": 0, ""accuracy"": NaN}}",0.5164966159469316,2
corr,transplant_neutral,dinov2_b14_518,erm,1.0,2026,test_corr,0.906046511627907,0.725609756097561,0.9761904761904762,68,43,45,0.8088235294117647,0.8153488372093023,0.25,"{""y0_a0"": {""n"": 21, ""accuracy"": 0.9523809523809523}, ""y0_a1"": {""n"": 4, ""accuracy"": 0.25}, ""y1_a0"": {""n"": 2, ""accuracy"": 0.5}, ""y1_a1"": {""n"": 41, ""accuracy"": 0.8048780487804879}}",0.5164966159469316,2
corr,transplant_neutral,dinov2_b14_518,erm,1.0,2026,test_rev,0.5786046511627908,0.8472222222222222,0.9,68,43,27,0.5882352941176471,0.5823255813953488,0.5416666666666666,"{""y0_a0"": {""n"": 1, ""accuracy"": 1.0}, ""y0_a1"": {""n"": 24, ""accuracy"": 0.5416666666666666}, ""y1_a0"": {""n"": 40, ""accuracy"": 0.575}, ""y1_a1"": {""n"": 3, ""accuracy"": 1.0}}",0.5164966159469316,2
corr,transplant_neutral,dinov2_b14_518,mask,1.0,2026,clean,0.8493023255813953,,0.8493023255813953,68,43,0,0.6911764705882353,0.7558139534883721,,"{""y0_a0"": {""n"": 25, ""accuracy"": 1.0}, ""y0_a1"": {""n"": 0, ""accuracy"": NaN}, ""y1_a0"": {""n"": 43, ""accuracy"": 0.5116279069767442}, ""y1_a1"": {""n"": 0, ""accuracy"": NaN}}",0.4077579092207191,2
corr,transplant_neutral,dinov2_b14_518,mask,1.0,2026,test_corr,0.9553488372093024,0.7682926829268293,1.0,68,43,45,0.8970588235294118,0.8851162790697674,0.0,"{""y0_a0"": {""n"": 21, ""accuracy"": 1.0}, ""y0_a1"": {""n"": 4, ""accuracy"": 0.0}, ""y1_a0"": {""n"": 2, ""accuracy"": 1.0}, ""y1_a1"": {""n"": 41, ""accuracy"": 0.926829268292683}}",0.4077579092207191,2
corr,transplant_neutral,dinov2_b14_518,mask,1.0,2026,test_rev,0.3255813953488372,0.9027777777777778,0.925,68,43,27,0.4117647058823529,0.3590697674418605,0.125,"{""y0_a0"": {""n"": 1, ""accuracy"": 1.0}, ""y0_a1"": {""n"": 24, ""accuracy"": 0.125}, ""y1_a0"": {""n"": 40, ""accuracy"": 0.525}, ""y1_a1"": {""n"": 3, ""accuracy"": 1.0}}",0.4077579092207191,2
corr,transplant_neutral,dinov2_b14_518,erm,0.0,42,clean,0.7463414634146341,,0.7463414634146341,66,41,0,0.6666666666666666,0.6302439024390244,,"{""y0_a0"": {""n"": 25, ""accuracy"": 0.48}, ""y0_a1"": {""n"": 0, ""accuracy"": NaN}, ""y1_a0"": {""n"": 41, ""accuracy"": 0.7804878048780488}, ""y1_a1"": {""n"": 0, ""accuracy"": NaN}}",0.4983307914821992,3
corr,transplant_neutral,dinov2_b14_518,erm,0.0,42,test_corr,0.806829268292683,0.6710526315789473,0.5507246376811594,66,41,40,0.696969696969697,0.6624390243902439,0.3333333333333333,"{""y0_a0"": {""n"": 23, ""accuracy"": 0.5217391304347826}, ""y0_a1"": {""n"": 2, ""accuracy"": 0.5}, ""y1_a0"": {""n"": 3, ""accuracy"": 0.3333333333333333}, ""y1_a1"": {""n"": 38, ""accuracy"": 0.8421052631578947}}",0.4983307914821992,3
corr,transplant_neutral,dinov2_b14_518,erm,0.0,42,test_rev,0.6926829268292682,0.8152173913043479,0.8243243243243243,66,41,27,0.6818181818181818,0.6502439024390244,0.4782608695652174,"{""y0_a0"": {""n"": 2, ""accuracy"": 1.0}, ""y0_a1"": {""n"": 23, ""accuracy"": 0.4782608695652174}, ""y1_a0"": {""n"": 37, ""accuracy"": 0.7567567567567568}, ""y1_a1"": {""n"": 4, ""accuracy"": 1.0}}",0.4983307914821992,3
corr,transplant_neutral,dinov2_b14_518,mask,0.0,42,clean,0.9121951219512195,,0.9121951219512195,66,41,0,0.7575757575757576,0.7034146341463414,,"{""y0_a0"": {""n"": 25, ""accuracy"": 0.48}, ""y0_a1"": {""n"": 0, ""accuracy"": NaN}, ""y1_a0"": {""n"": 41, ""accuracy"": 0.926829268292683}, ""y1_a1"": {""n"": 0, ""accuracy"": NaN}}",0.4105752177143278,3
corr,transplant_neutral,dinov2_b14_518,mask,0.0,42,test_corr,0.9121951219512195,0.881578947368421,0.7971014492753623,66,41,40,0.7575757575757576,0.7034146341463414,0.4782608695652174,"{""y0_a0"": {""n"": 23, ""accuracy"": 0.4782608695652174}, ""y0_a1"": {""n"": 2, ""accuracy"": 0.5}, ""y1_a0"": {""n"": 3, ""accuracy"": 0.6666666666666666}, ""y1_a1"": {""n"": 38, ""accuracy"": 0.9473684210526315}}",0.4105752177143278,3
corr,transplant_neutral,dinov2_b14_518,mask,0.0,42,test_rev,0.9121951219512195,0.9782608695652174,0.9324324324324323,66,41,27,0.7575757575757576,0.7034146341463414,0.4782608695652174,"{""y0_a0"": {""n"": 2, ""accuracy"": 0.5}, ""y0_a1"": {""n"": 23, ""accuracy"": 0.4782608695652174}, ""y1_a0"": {""n"": 37, ""accuracy"": 0.918918918918919}, ""y1_a1"": {""n"": 4, ""accuracy"": 1.0}}",0.4105752177143278,3
corr,transplant_neutral,dinov2_b14_518,erm,0.0,123,clean,0.7463414634146341,,0.7463414634146341,66,41,0,0.6666666666666666,0.6302439024390244,,"{""y0_a0"": {""n"": 25, ""accuracy"": 0.48}, ""y0_a1"": {""n"": 0, ""accuracy"": NaN}, ""y1_a0"": {""n"": 41, ""accuracy"": 0.7804878048780488}, ""y1_a1"": {""n"": 0, ""accuracy"": NaN}}",0.4982149277284153,3
corr,transplant_neutral,dinov2_b14_518,erm,0.0,123,test_corr,0.7960975609756098,0.5789473684210527,0.782608695652174,66,41,40,0.696969696969697,0.6546341463414633,0.0,"{""y0_a0"": {""n"": 23, ""accuracy"": 0.5217391304347826}, ""y0_a1"": {""n"": 2, ""accuracy"": 0.0}, ""y1_a0"": {""n"": 3, ""accuracy"": 1.0}, ""y1_a1"": {""n"": 38, ""accuracy"": 0.8157894736842105}}",0.4982149277284153,3
corr,transplant_neutral,dinov2_b14_518,erm,0.0,123,test_rev,0.6917073170731707,0.8484848484848484,0.6754385964912282,66,41,25,0.6818181818181818,0.6502439024390244,0.5,"{""y0_a0"": {""n"": 3, ""accuracy"": 0.6666666666666666}, ""y0_a1"": {""n"": 22, ""accuracy"": 0.5}, ""y1_a0"": {""n"": 38, ""accuracy"": 0.7631578947368421}, ""y1_a1"": {""n"": 3, ""accuracy"": 1.0}}",0.4982149277284153,3
corr,transplant_neutral,dinov2_b14_518,mask,0.0,123,clean,0.9121951219512195,,0.9121951219512195,66,41,0,0.7575757575757576,0.7034146341463414,,"{""y0_a0"": {""n"": 25, ""accuracy"": 0.48}, ""y0_a1"": {""n"": 0, ""accuracy"": NaN}, ""y1_a0"": {""n"": 41, ""accuracy"": 0.926829268292683}, ""y1_a1"": {""n"": 0, ""accuracy"": NaN}}",0.4105756937030149,3
corr,transplant_neutral,dinov2_b14_518,mask,0.0,123,test_corr,0.9121951219512195,0.6052631578947368,1.0,66,41,40,0.7575757575757576,0.7034146341463414,0.0,"{""y0_a0"": {""n"": 23, ""accuracy"": 0.5217391304347826}, ""y0_a1"": {""n"": 2, ""accuracy"": 0.0}, ""y1_a0"": {""n"": 3, ""accuracy"": 1.0}, ""y1_a1"": {""n"": 38, ""accuracy"": 0.9210526315789473}}",0.4105756937030149,3
corr,transplant_neutral,dinov2_b14_518,mask,0.0,123,test_rev,0.9121951219512195,0.9696969696969696,0.8947368421052632,66,41,25,0.7575757575757576,0.7034146341463414,0.4545454545454545,"{""y0_a0"": {""n"": 3, ""accuracy"": 0.6666666666666666}, ""y0_a1"": {""n"": 22, ""accuracy"": 0.45454545454545453}, ""y1_a0"": {""n"": 38, ""accuracy"": 0.9210526315789473}, ""y1_a1"": {""n"": 3, ""accuracy"": 1.0}}",0.4105756937030149,3
corr,transplant_neutral,dinov2_b14_518,erm,0.0,456,clean,0.7482926829268293,,0.7482926829268293,66,41,0,0.6666666666666666,0.6302439024390244,,"{""y0_a0"": {""n"": 25, ""accuracy"": 0.48}, ""y0_a1"": {""n"": 0, ""accuracy"": NaN}, ""y1_a0"": {""n"": 41, ""accuracy"": 0.7804878048780488}, ""y1_a1"": {""n"": 0, ""accuracy"": NaN}}",0.4984867302340652,3
corr,transplant_neutral,dinov2_b14_518,erm,0.0,456,test_corr,0.7951219512195122,0.8823529411764706,0.7207792207792207,66,41,37,0.696969696969697,0.6624390243902439,0.4545454545454545,"{""y0_a0"": {""n"": 22, ""accuracy"": 0.45454545454545453}, ""y0_a1"": {""n"": 3, ""accuracy"": 1.0}, ""y1_a0"": {""n"": 7, ""accuracy"": 0.7142857142857143}, ""y1_a1"": {""n"": 34, ""accuracy"": 0.8235294117647058}}",0.4984867302340652,3
corr,transplant_neutral,dinov2_b14_518,erm,0.0,456,test_rev,0.7239024390243902,0.7071428571428571,0.7588235294117647,66,41,27,0.6818181818181818,0.6424390243902439,0.45,"{""y0_a0"": {""n"": 5, ""accuracy"": 0.6}, ""y0_a1"": {""n"": 20, ""accuracy"": 0.45}, ""y1_a0"": {""n"": 34, ""accuracy"": 0.8235294117647058}, ""y1_a1"": {""n"": 7, ""accuracy"": 0.7142857142857143}}",0.4984867302340652,3
corr,transplant_neutral,dinov2_b14_518,mask,0.0,456,clean,0.9121951219512195,,0.9121951219512195,66,41,0,0.7575757575757576,0.7034146341463414,,"{""y0_a0"": {""n"": 25, ""accuracy"": 0.48}, ""y0_a1"": {""n"": 0, ""accuracy"": NaN}, ""y1_a0"": {""n"": 41, ""accuracy"": 0.926829268292683}, ""y1_a1"": {""n"": 0, ""accuracy"": NaN}}",0.4105815607183052,3
corr,transplant_neutral,dinov2_b14_518,mask,0.0,456,test_corr,0.9121951219512195,0.9019607843137256,0.9090909090909092,66,41,37,0.7575757575757576,0.7034146341463414,0.3333333333333333,"{""y0_a0"": {""n"": 22, ""accuracy"": 0.5}, ""y0_a1"": {""n"": 3, ""accuracy"": 0.3333333333333333}, ""y1_a0"": {""n"": 7, ""accuracy"": 0.8571428571428571}, ""y1_a1"": {""n"": 34, ""accuracy"": 0.9411764705882353}}",0.4105815607183052,3
corr,transplant_neutral,dinov2_b14_518,mask,0.0,456,test_rev,0.9121951219512195,0.9285714285714286,0.8823529411764706,66,41,27,0.7575757575757576,0.7034146341463414,0.2,"{""y0_a0"": {""n"": 5, ""accuracy"": 0.2}, ""y0_a1"": {""n"": 20, ""accuracy"": 0.55}, ""y1_a0"": {""n"": 34, ""accuracy"": 0.9117647058823529}, ""y1_a1"": {""n"": 7, ""accuracy"": 1.0}}",0.4105815607183052,3
corr,transplant_neutral,dinov2_b14_518,erm,0.0,789,clean,0.7492682926829268,,0.7492682926829268,66,41,0,0.6666666666666666,0.6302439024390244,,"{""y0_a0"": {""n"": 25, ""accuracy"": 0.48}, ""y0_a1"": {""n"": 0, ""accuracy"": NaN}, ""y1_a0"": {""n"": 41, ""accuracy"": 0.7804878048780488}, ""y1_a1"": {""n"": 0, ""accuracy"": NaN}}",0.4985640116835856,3
corr,transplant_neutral,dinov2_b14_518,erm,0.0,789,test_corr,0.8117073170731708,,0.7599999999999999,66,41,38,0.696969696969697,0.6546341463414633,,"{""y0_a0"": {""n"": 25, ""accuracy"": 0.48}, ""y0_a1"": {""n"": 0, ""accuracy"": NaN}, ""y1_a0"": {""n"": 3, ""accuracy"": 0.6666666666666666}, ""y1_a1"": {""n"": 38, ""accuracy"": 0.8421052631578947}}",0.4985640116835856,3
corr,transplant_neutral,dinov2_b14_518,erm,0.0,789,test_rev,0.7014634146341464,0.9565217391304348,0.8375,66,41,24,0.6818181818181818,0.6502439024390244,0.5,"{""y0_a0"": {""n"": 2, ""accuracy"": 0.5}, ""y0_a1"": {""n"": 23, ""accuracy"": 0.5217391304347826}, ""y1_a0"": {""n"": 40, ""accuracy"": 0.775}, ""y1_a1"": {""n"": 1, ""accuracy"": 1.0}}",0.4985640116835856,3
corr,transplant_neutral,dinov2_b14_518,mask,0.0,789,clean,0.9121951219512195,,0.9121951219512195,66,41,0,0.7575757575757576,0.7034146341463414,,"{""y0_a0"": {""n"": 25, ""accuracy"": 0.48}, ""y0_a1"": {""n"": 0, ""accuracy"": NaN}, ""y1_a0"": {""n"": 41, ""accuracy"": 0.926829268292683}, ""y1_a1"": {""n"": 0, ""accuracy"": NaN}}",0.4106769462632134,3
corr,transplant_neutral,dinov2_b14_518,mask,0.0,789,test_corr,0.9121951219512195,,0.7999999999999999,66,41,38,0.7575757575757576,0.7034146341463414,,"{""y0_a0"": {""n"": 25, ""accuracy"": 0.48}, ""y0_a1"": {""n"": 0, ""accuracy"": NaN}, ""y1_a0"": {""n"": 3, ""accuracy"": 0.6666666666666666}, ""y1_a1"": {""n"": 38, ""accuracy"": 0.9473684210526315}}",0.4106769462632134,3
corr,transplant_neutral,dinov2_b14_518,mask,0.0,789,test_rev,0.9121951219512195,0.9130434782608696,0.9625,66,41,24,0.7575757575757576,0.7034146341463414,0.4782608695652174,"{""y0_a0"": {""n"": 2, ""accuracy"": 0.5}, ""y0_a1"": {""n"": 23, ""accuracy"": 0.4782608695652174}, ""y1_a0"": {""n"": 40, ""accuracy"": 0.925}, ""y1_a1"": {""n"": 1, ""accuracy"": 1.0}}",0.4106769462632134,3
corr,transplant_neutral,dinov2_b14_518,erm,0.0,2026,clean,0.7463414634146341,,0.7463414634146341,66,41,0,0.6666666666666666,0.6302439024390244,,"{""y0_a0"": {""n"": 25, ""accuracy"": 0.48}, ""y0_a1"": {""n"": 0, ""accuracy"": NaN}, ""y1_a0"": {""n"": 41, ""accuracy"": 0.7804878048780488}, ""y1_a1"": {""n"": 0, ""accuracy"": NaN}}",0.4985827185648239,3
corr,transplant_neutral,dinov2_b14_518,erm,0.0,2026,test_corr,0.791219512195122,0.7105263157894737,0.746031746031746,66,41,42,0.6818181818181818,0.6424390243902439,0.4761904761904761,"{""y0_a0"": {""n"": 21, ""accuracy"": 0.47619047619047616}, ""y0_a1"": {""n"": 4, ""accuracy"": 0.5}, ""y1_a0"": {""n"": 3, ""accuracy"": 0.6666666666666666}, ""y1_a1"": {""n"": 38, ""accuracy"": 0.8157894736842105}}",0.4985827185648239,3
corr,transplant_neutral,dinov2_b14_518,erm,0.0,2026,test_rev,0.7092682926829268,0.7,0.7899999999999999,66,41,21,0.6666666666666666,0.6302439024390244,0.45,"{""y0_a0"": {""n"": 5, ""accuracy"": 0.6}, ""y0_a1"": {""n"": 20, ""accuracy"": 0.45}, ""y1_a0"": {""n"": 40, ""accuracy"": 0.775}, ""y1_a1"": {""n"": 1, ""accuracy"": 1.0}}",0.4985827185648239,3
corr,transplant_neutral,dinov2_b14_518,mask,0.0,2026,clean,0.9121951219512195,,0.9121951219512195,66,41,0,0.7575757575757576,0.7034146341463414,,"{""y0_a0"": {""n"": 25, ""accuracy"": 0.48}, ""y0_a1"": {""n"": 0, ""accuracy"": NaN}, ""y1_a0"": {""n"": 41, ""accuracy"": 0.926829268292683}, ""y1_a1"": {""n"": 0, ""accuracy"": NaN}}",0.4106805456668996,3
corr,transplant_neutral,dinov2_b14_518,mask,0.0,2026,test_corr,0.9121951219512195,0.8618421052631579,0.968253968253968,66,41,42,0.7575757575757576,0.7034146341463414,0.25,"{""y0_a0"": {""n"": 21, ""accuracy"": 0.5238095238095238}, ""y0_a1"": {""n"": 4, ""accuracy"": 0.25}, ""y1_a0"": {""n"": 3, ""accuracy"": 1.0}, ""y1_a1"": {""n"": 38, ""accuracy"": 0.9210526315789473}}",0.4106805456668996,3
corr,transplant_neutral,dinov2_b14_518,mask,0.0,2026,test_rev,0.9121951219512195,0.95,0.925,66,41,21,0.7575757575757576,0.7034146341463414,0.4,"{""y0_a0"": {""n"": 5, ""accuracy"": 0.4}, ""y0_a1"": {""n"": 20, ""accuracy"": 0.5}, ""y1_a0"": {""n"": 40, ""accuracy"": 0.925}, ""y1_a1"": {""n"": 1, ""accuracy"": 1.0}}",0.4106805456668996,3
corr,transplant_neutral,dinov2_b14_518,erm,1.0,42,clean,0.7365853658536585,,0.7365853658536585,66,41,0,0.696969696969697,0.6390243902439025,,"{""y0_a0"": {""n"": 25, ""accuracy"": 0.4}, ""y0_a1"": {""n"": 0, ""accuracy"": NaN}, ""y1_a0"": {""n"": 41, ""accuracy"": 0.8780487804878049}, ""y1_a1"": {""n"": 0, ""accuracy"": NaN}}",0.4930314846650031,3
corr,transplant_neutral,dinov2_b14_518,erm,1.0,42,test_corr,0.8253658536585365,0.5921052631578947,0.4782608695652174,66,41,40,0.7272727272727273,0.6634146341463415,0.0,"{""y0_a0"": {""n"": 23, ""accuracy"": 0.43478260869565216}, ""y0_a1"": {""n"": 2, ""accuracy"": 0.0}, ""y1_a0"": {""n"": 3, ""accuracy"": 0.6666666666666666}, ""y1_a1"": {""n"": 38, ""accuracy"": 0.9473684210526315}}",0.4930314846650031,3
corr,transplant_neutral,dinov2_b14_518,erm,1.0,42,test_rev,0.5141463414634146,0.6847826086956522,0.8243243243243243,66,41,27,0.6060606060606061,0.5190243902439025,0.1304347826086956,"{""y0_a0"": {""n"": 2, ""accuracy"": 0.5}, ""y0_a1"": {""n"": 23, ""accuracy"": 0.13043478260869565}, ""y1_a0"": {""n"": 37, ""accuracy"": 0.8648648648648649}, ""y1_a1"": {""n"": 4, ""accuracy"": 1.0}}",0.4930314846650031,3
corr,transplant_neutral,dinov2_b14_518,mask,1.0,42,clean,0.8702439024390244,,0.8702439024390244,66,41,0,0.7727272727272727,0.7312195121951219,,"{""y0_a0"": {""n"": 25, ""accuracy"": 0.56}, ""y0_a1"": {""n"": 0, ""accuracy"": NaN}, ""y1_a0"": {""n"": 41, ""accuracy"": 0.9024390243902439}, ""y1_a1"": {""n"": 0, ""accuracy"": NaN}}",0.1630219297400496,3
corr,transplant_neutral,dinov2_b14_518,mask,1.0,42,test_corr,0.9326829268292685,0.4736842105263158,0.7246376811594203,66,41,40,0.803030303030303,0.7478048780487805,0.0,"{""y0_a0"": {""n"": 23, ""accuracy"": 0.5652173913043478}, ""y0_a1"": {""n"": 2, ""accuracy"": 0.0}, ""y1_a0"": {""n"": 3, ""accuracy"": 0.6666666666666666}, ""y1_a1"": {""n"": 38, ""accuracy"": 1.0}}",0.1630219297400496,3
corr,transplant_neutral,dinov2_b14_518,mask,1.0,42,test_rev,0.3297560975609755,0.6956521739130435,0.8918918918918919,66,41,27,0.5909090909090909,0.4912195121951219,0.0434782608695652,"{""y0_a0"": {""n"": 2, ""accuracy"": 0.5}, ""y0_a1"": {""n"": 23, ""accuracy"": 0.043478260869565216}, ""y1_a0"": {""n"": 37, ""accuracy"": 0.8918918918918919}, ""y1_a1"": {""n"": 4, ""accuracy"": 1.0}}",0.1630219297400496,3
corr,transplant_neutral,dinov2_b14_518,erm,1.0,123,clean,0.7414634146341463,,0.7414634146341463,66,41,0,0.6515151515151515,0.602439024390244,,"{""y0_a0"": {""n"": 25, ""accuracy"": 0.4}, ""y0_a1"": {""n"": 0, ""accuracy"": NaN}, ""y1_a0"": {""n"": 41, ""accuracy"": 0.8048780487804879}, ""y1_a1"": {""n"": 0, ""accuracy"": NaN}}",0.4949301822280424,3
corr,transplant_neutral,dinov2_b14_518,erm,1.0,123,test_corr,0.8507317073170731,0.6842105263157894,0.753623188405797,66,41,40,0.7121212121212122,0.651219512195122,0.0,"{""y0_a0"": {""n"": 23, ""accuracy"": 0.43478260869565216}, ""y0_a1"": {""n"": 2, ""accuracy"": 0.0}, ""y1_a0"": {""n"": 3, ""accuracy"": 1.0}, ""y1_a1"": {""n"": 38, ""accuracy"": 0.8947368421052632}}",0.4949301822280424,3
corr,transplant_neutral,dinov2_b14_518,erm,1.0,123,test_rev,0.5375609756097561,0.7727272727272727,0.6578947368421053,66,41,25,0.5909090909090909,0.5224390243902439,0.0,"{""y0_a0"": {""n"": 3, ""accuracy"": 0.0}, ""y0_a1"": {""n"": 22, ""accuracy"": 0.2727272727272727}, ""y1_a0"": {""n"": 38, ""accuracy"": 0.7894736842105263}, ""y1_a1"": {""n"": 3, ""accuracy"": 1.0}}",0.4949301822280424,3
corr,transplant_neutral,dinov2_b14_518,mask,1.0,123,clean,0.8156097560975609,,0.8156097560975609,66,41,0,0.7121212121212122,0.6668292682926829,,"{""y0_a0"": {""n"": 25, ""accuracy"": 0.48}, ""y0_a1"": {""n"": 0, ""accuracy"": NaN}, ""y1_a0"": {""n"": 41, ""accuracy"": 0.8536585365853658}, ""y1_a1"": {""n"": 0, ""accuracy"": NaN}}",0.1453210902271681,3
corr,transplant_neutral,dinov2_b14_518,mask,1.0,123,test_corr,0.9551219512195124,0.6973684210526316,0.8985507246376812,66,41,40,0.803030303030303,0.74,0.0,"{""y0_a0"": {""n"": 23, ""accuracy"": 0.5217391304347826}, ""y0_a1"": {""n"": 2, ""accuracy"": 0.0}, ""y1_a0"": {""n"": 3, ""accuracy"": 1.0}, ""y1_a1"": {""n"": 38, ""accuracy"": 1.0}}",0.1453210902271681,3
corr,transplant_neutral,dinov2_b14_518,mask,1.0,123,test_rev,0.2439024390243902,0.7575757575757576,0.6929824561403509,66,41,25,0.5606060606060606,0.4668292682926829,0.0454545454545454,"{""y0_a0"": {""n"": 3, ""accuracy"": 0.3333333333333333}, ""y0_a1"": {""n"": 22, ""accuracy"": 0.045454545454545456}, ""y1_a0"": {""n"": 38, ""accuracy"": 0.8421052631578947}, ""y1_a1"": {""n"": 3, ""accuracy"": 1.0}}",0.1453210902271681,3
corr,transplant_neutral,dinov2_b14_518,erm,1.0,456,clean,0.735609756097561,,0.735609756097561,66,41,0,0.696969696969697,0.6390243902439025,,"{""y0_a0"": {""n"": 25, ""accuracy"": 0.4}, ""y0_a1"": {""n"": 0, ""accuracy"": NaN}, ""y1_a0"": {""n"": 41, ""accuracy"": 0.8780487804878049}, ""y1_a1"": {""n"": 0, ""accuracy"": NaN}}",0.4932311773064063,3
corr,transplant_neutral,dinov2_b14_518,erm,1.0,456,test_corr,0.8536585365853658,0.9215686274509804,0.6948051948051949,66,41,37,0.7272727272727273,0.6634146341463415,0.3636363636363636,"{""y0_a0"": {""n"": 22, ""accuracy"": 0.36363636363636365}, ""y0_a1"": {""n"": 3, ""accuracy"": 0.6666666666666666}, ""y1_a0"": {""n"": 7, ""accuracy"": 0.8571428571428571}, ""y1_a1"": {""n"": 34, ""accuracy"": 0.9411764705882353}}",0.4932311773064063,3
corr,transplant_neutral,dinov2_b14_518,erm,1.0,456,test_rev,0.5424390243902439,0.5714285714285714,0.711764705882353,66,41,27,0.6363636363636364,0.551219512195122,0.15,"{""y0_a0"": {""n"": 5, ""accuracy"": 0.4}, ""y0_a1"": {""n"": 20, ""accuracy"": 0.15}, ""y1_a0"": {""n"": 34, ""accuracy"": 0.9117647058823529}, ""y1_a1"": {""n"": 7, ""accuracy"": 0.8571428571428571}}",0.4932311773064063,3
corr,transplant_neutral,dinov2_b14_518,mask,1.0,456,clean,0.8965853658536586,,0.8965853658536586,66,41,0,0.8333333333333334,0.811219512195122,,"{""y0_a0"": {""n"": 25, ""accuracy"": 0.72}, ""y0_a1"": {""n"": 0, ""accuracy"": NaN}, ""y1_a0"": {""n"": 41, ""accuracy"": 0.9024390243902439}, ""y1_a1"": {""n"": 0, ""accuracy"": NaN}}",0.1910834191689157,3
corr,transplant_neutral,dinov2_b14_518,mask,1.0,456,test_corr,0.9404878048780488,0.8431372549019609,0.8441558441558441,66,41,37,0.8636363636363636,0.8278048780487806,0.0,"{""y0_a0"": {""n"": 22, ""accuracy"": 0.7727272727272727}, ""y0_a1"": {""n"": 3, ""accuracy"": 0.0}, ""y1_a0"": {""n"": 7, ""accuracy"": 0.8571428571428571}, ""y1_a1"": {""n"": 34, ""accuracy"": 1.0}}",0.1910834191689157,3
corr,transplant_neutral,dinov2_b14_518,mask,1.0,456,test_rev,0.4439024390243902,0.7428571428571429,0.8058823529411765,66,41,27,0.6363636363636364,0.551219512195122,0.1,"{""y0_a0"": {""n"": 5, ""accuracy"": 0.6}, ""y0_a1"": {""n"": 20, ""accuracy"": 0.1}, ""y1_a0"": {""n"": 34, ""accuracy"": 0.8823529411764706}, ""y1_a1"": {""n"": 7, ""accuracy"": 1.0}}",0.1910834191689157,3
corr,transplant_neutral,dinov2_b14_518,erm,1.0,789,clean,0.7385365853658536,,0.7385365853658536,66,41,0,0.696969696969697,0.7014634146341463,,"{""y0_a0"": {""n"": 25, ""accuracy"": 0.72}, ""y0_a1"": {""n"": 0, ""accuracy"": NaN}, ""y1_a0"": {""n"": 41, ""accuracy"": 0.6829268292682927}, ""y1_a1"": {""n"": 0, ""accuracy"": NaN}}",0.4986890531850223,3
corr,transplant_neutral,dinov2_b14_518,erm,1.0,789,test_corr,0.8604878048780488,,0.7066666666666666,66,41,38,0.7878787878787878,0.7746341463414634,,"{""y0_a0"": {""n"": 25, ""accuracy"": 0.72}, ""y0_a1"": {""n"": 0, ""accuracy"": NaN}, ""y1_a0"": {""n"": 3, ""accuracy"": 0.6666666666666666}, ""y1_a1"": {""n"": 38, ""accuracy"": 0.8421052631578947}}",0.4986890531850223,3
corr,transplant_neutral,dinov2_b14_518,erm,1.0,789,test_rev,0.5658536585365854,0.9565217391304348,0.8125,66,41,24,0.6060606060606061,0.5814634146341464,0.4347826086956521,"{""y0_a0"": {""n"": 2, ""accuracy"": 1.0}, ""y0_a1"": {""n"": 23, ""accuracy"": 0.43478260869565216}, ""y1_a0"": {""n"": 40, ""accuracy"": 0.675}, ""y1_a1"": {""n"": 1, ""accuracy"": 1.0}}",0.4986890531850223,3
corr,transplant_neutral,dinov2_b14_518,mask,1.0,789,clean,0.897560975609756,,0.897560975609756,66,41,0,0.8484848484848485,0.831219512195122,,"{""y0_a0"": {""n"": 25, ""accuracy"": 0.76}, ""y0_a1"": {""n"": 0, ""accuracy"": NaN}, ""y1_a0"": {""n"": 41, ""accuracy"": 0.9024390243902439}, ""y1_a1"": {""n"": 0, ""accuracy"": NaN}}",0.274093796830657,3
corr,transplant_neutral,dinov2_b14_518,mask,1.0,789,test_corr,0.9726829268292684,,0.6799999999999999,66,41,38,0.8939393939393939,0.8678048780487805,,"{""y0_a0"": {""n"": 25, ""accuracy"": 0.76}, ""y0_a1"": {""n"": 0, ""accuracy"": NaN}, ""y1_a0"": {""n"": 3, ""accuracy"": 0.6666666666666666}, ""y1_a1"": {""n"": 38, ""accuracy"": 1.0}}",0.274093796830657,3
corr,transplant_neutral,dinov2_b14_518,mask,1.0,789,test_rev,0.2956097560975609,0.782608695652174,0.875,66,41,24,0.6060606060606061,0.511219512195122,0.0869565217391304,"{""y0_a0"": {""n"": 2, ""accuracy"": 0.5}, ""y0_a1"": {""n"": 23, ""accuracy"": 0.08695652173913043}, ""y1_a0"": {""n"": 40, ""accuracy"": 0.9}, ""y1_a1"": {""n"": 1, ""accuracy"": 1.0}}",0.274093796830657,3
corr,transplant_neutral,dinov2_b14_518,erm,1.0,2026,clean,0.7395121951219512,,0.7395121951219512,66,41,0,0.6515151515151515,0.602439024390244,,"{""y0_a0"": {""n"": 25, ""accuracy"": 0.4}, ""y0_a1"": {""n"": 0, ""accuracy"": NaN}, ""y1_a0"": {""n"": 41, ""accuracy"": 0.8048780487804879}, ""y1_a1"": {""n"": 0, ""accuracy"": NaN}}",0.4948595555366342,3
corr,transplant_neutral,dinov2_b14_518,erm,1.0,2026,test_corr,0.8292682926829268,0.6644736842105263,0.7777777777777777,66,41,42,0.7121212121212122,0.651219512195122,0.3809523809523809,"{""y0_a0"": {""n"": 21, ""accuracy"": 0.38095238095238093}, ""y0_a1"": {""n"": 4, ""accuracy"": 0.5}, ""y1_a0"": {""n"": 3, ""accuracy"": 1.0}, ""y1_a1"": {""n"": 38, ""accuracy"": 0.8947368421052632}}",0.4948595555366342,3
corr,transplant_neutral,dinov2_b14_518,erm,1.0,2026,test_rev,0.5707317073170731,0.9,0.755,66,41,21,0.6060606060606061,0.5424390243902439,0.2,"{""y0_a0"": {""n"": 5, ""accuracy"": 0.6}, ""y0_a1"": {""n"": 20, ""accuracy"": 0.2}, ""y1_a0"": {""n"": 40, ""accuracy"": 0.8}, ""y1_a1"": {""n"": 1, ""accuracy"": 1.0}}",0.4948595555366342,3
corr,transplant_neutral,dinov2_b14_518,mask,1.0,2026,clean,0.8751219512195122,,0.8751219512195122,66,41,0,0.8333333333333334,0.811219512195122,,"{""y0_a0"": {""n"": 25, ""accuracy"": 0.72}, ""y0_a1"": {""n"": 0, ""accuracy"": NaN}, ""y1_a0"": {""n"": 41, ""accuracy"": 0.9024390243902439}, ""y1_a1"": {""n"": 0, ""accuracy"": NaN}}",0.1971820495958329,3
corr,transplant_neutral,dinov2_b14_518,mask,1.0,2026,test_corr,0.9229268292682926,0.5526315789473685,0.984126984126984,66,41,42,0.8787878787878788,0.8400000000000001,0.25,"{""y0_a0"": {""n"": 21, ""accuracy"": 0.7619047619047619}, ""y0_a1"": {""n"": 4, ""accuracy"": 0.25}, ""y1_a0"": {""n"": 3, ""accuracy"": 1.0}, ""y1_a1"": {""n"": 38, ""accuracy"": 1.0}}",0.1971820495958329,3
corr,transplant_neutral,dinov2_b14_518,mask,1.0,2026,test_rev,0.3668292682926829,0.8,0.79,66,41,21,0.6363636363636364,0.551219512195122,0.1,"{""y0_a0"": {""n"": 5, ""accuracy"": 0.6}, ""y0_a1"": {""n"": 20, ""accuracy"": 0.1}, ""y1_a0"": {""n"": 40, ""accuracy"": 0.9}, ""y1_a1"": {""n"": 1, ""accuracy"": 1.0}}",0.1971820495958329,3
corr,transplant_neutral,dinov2_b14_518,erm,0.0,42,clean,0.9325396825396826,,0.9325396825396826,66,42,0,0.7424242424242424,0.7797619047619048,,"{""y0_a0"": {""n"": 24, ""accuracy"": 0.9166666666666666}, ""y0_a1"": {""n"": 0, ""accuracy"": NaN}, ""y1_a0"": {""n"": 42, ""accuracy"": 0.6428571428571429}, ""y1_a1"": {""n"": 0, ""accuracy"": NaN}}",0.5132763953553888,4
corr,transplant_neutral,dinov2_b14_518,erm,0.0,42,test_corr,0.969246031746032,0.9848484848484848,0.898989898989899,66,42,35,0.8787878787878788,0.8869047619047619,0.4444444444444444,"{""y0_a0"": {""n"": 22, ""accuracy"": 0.9090909090909091}, ""y0_a1"": {""n"": 2, ""accuracy"": 1.0}, ""y1_a0"": {""n"": 9, ""accuracy"": 0.4444444444444444}, ""y1_a1"": {""n"": 33, ""accuracy"": 0.9696969696969697}}",0.5132763953553888,4
corr,transplant_neutral,dinov2_b14_518,erm,0.0,42,test_rev,0.810515873015873,0.8380952380952381,1.0,66,42,26,0.7424242424242424,0.7619047619047619,0.6756756756756757,"{""y0_a0"": {""n"": 3, ""accuracy"": 1.0}, ""y0_a1"": {""n"": 21, ""accuracy"": 0.8095238095238095}, ""y1_a0"": {""n"": 37, ""accuracy"": 0.6756756756756757}, ""y1_a1"": {""n"": 5, ""accuracy"": 0.8}}",0.5132763953553888,4
corr,transplant_neutral,dinov2_b14_518,mask,0.0,42,clean,0.9702380952380952,,0.9702380952380952,66,42,0,0.696969696969697,0.7619047619047619,,"{""y0_a0"": {""n"": 24, ""accuracy"": 1.0}, ""y0_a1"": {""n"": 0, ""accuracy"": NaN}, ""y1_a0"": {""n"": 42, ""accuracy"": 0.5238095238095238}, ""y1_a1"": {""n"": 0, ""accuracy"": NaN}}",0.8397817239131459,4
corr,transplant_neutral,dinov2_b14_518,mask,0.0,42,test_corr,0.9702380952380952,1.0,0.9848484848484848,66,42,35,0.696969696969697,0.7619047619047619,0.5151515151515151,"{""y0_a0"": {""n"": 22, ""accuracy"": 1.0}, ""y0_a1"": {""n"": 2, ""accuracy"": 1.0}, ""y1_a0"": {""n"": 9, ""accuracy"": 0.5555555555555556}, ""y1_a1"": {""n"": 33, ""accuracy"": 0.5151515151515151}}",0.8397817239131459,4
corr,transplant_neutral,dinov2_b14_518,mask,0.0,42,test_rev,0.9702380952380952,0.9714285714285714,0.918918918918919,66,42,26,0.696969696969697,0.7619047619047619,0.0,"{""y0_a0"": {""n"": 3, ""accuracy"": 1.0}, ""y0_a1"": {""n"": 21, ""accuracy"": 1.0}, ""y1_a0"": {""n"": 37, ""accuracy"": 0.5945945945945946}, ""y1_a1"": {""n"": 5, ""accuracy"": 0.0}}",0.8397817239131459,4
corr,transplant_neutral,dinov2_b14_518,erm,0.0,123,clean,0.9424603174603174,,0.9424603174603174,66,42,0,0.7575757575757576,0.8095238095238095,,"{""y0_a0"": {""n"": 24, ""accuracy"": 1.0}, ""y0_a1"": {""n"": 0, ""accuracy"": NaN}, ""y1_a0"": {""n"": 42, ""accuracy"": 0.6190476190476191}, ""y1_a1"": {""n"": 0, ""accuracy"": NaN}}",0.5230311291121597,4
corr,transplant_neutral,dinov2_b14_518,erm,0.0,123,test_corr,0.9871031746031744,0.868421052631579,1.0,66,42,39,0.9242424242424242,0.9315476190476192,0.0,"{""y0_a0"": {""n"": 23, ""accuracy"": 1.0}, ""y0_a1"": {""n"": 1, ""accuracy"": 0.0}, ""y1_a0"": {""n"": 4, ""accuracy"": 1.0}, ""y1_a1"": {""n"": 38, ""accuracy"": 0.8947368421052632}}",0.5230311291121597,4
corr,transplant_neutral,dinov2_b14_518,erm,0.0,123,test_rev,0.8373015873015873,0.9393939393939392,1.0,66,42,25,0.7272727272727273,0.75,0.6410256410256411,"{""y0_a0"": {""n"": 2, ""accuracy"": 1.0}, ""y0_a1"": {""n"": 22, ""accuracy"": 0.8181818181818182}, ""y1_a0"": {""n"": 39, ""accuracy"": 0.6410256410256411}, ""y1_a1"": {""n"": 3, ""accuracy"": 1.0}}",0.5230311291121597,4
corr,transplant_neutral,dinov2_b14_518,mask,0.0,123,clean,0.9702380952380952,,0.9702380952380952,66,42,0,0.696969696969697,0.7619047619047619,,"{""y0_a0"": {""n"": 24, ""accuracy"": 1.0}, ""y0_a1"": {""n"": 0, ""accuracy"": NaN}, ""y1_a0"": {""n"": 42, ""accuracy"": 0.5238095238095238}, ""y1_a1"": {""n"": 0, ""accuracy"": NaN}}",0.8397793239014844,4
corr,transplant_neutral,dinov2_b14_518,mask,0.0,123,test_corr,0.9702380952380952,0.9736842105263158,0.9782608695652174,66,42,39,0.696969696969697,0.7619047619047619,0.5,"{""y0_a0"": {""n"": 23, ""accuracy"": 1.0}, ""y0_a1"": {""n"": 1, ""accuracy"": 1.0}, ""y1_a0"": {""n"": 4, ""accuracy"": 0.5}, ""y1_a1"": {""n"": 38, ""accuracy"": 0.5263157894736842}}",0.8397793239014844,4
corr,transplant_neutral,dinov2_b14_518,mask,0.0,123,test_rev,0.9702380952380952,0.9848484848484848,1.0,66,42,25,0.696969696969697,0.7619047619047619,0.3333333333333333,"{""y0_a0"": {""n"": 2, ""accuracy"": 1.0}, ""y0_a1"": {""n"": 22, ""accuracy"": 1.0}, ""y1_a0"": {""n"": 39, ""accuracy"": 0.5384615384615384}, ""y1_a1"": {""n"": 3, ""accuracy"": 0.3333333333333333}}",0.8397793239014844,4
corr,transplant_neutral,dinov2_b14_518,erm,0.0,456,clean,0.8561507936507936,,0.8561507936507936,66,42,0,0.7272727272727273,0.7410714285714286,,"{""y0_a0"": {""n"": 24, ""accuracy"": 0.7916666666666666}, ""y0_a1"": {""n"": 0, ""accuracy"": NaN}, ""y1_a0"": {""n"": 42, ""accuracy"": 0.6904761904761905}, ""y1_a1"": {""n"": 0, ""accuracy"": NaN}}",0.3953200339823934,4
corr,transplant_neutral,dinov2_b14_518,erm,0.0,456,test_corr,0.9761904761904762,,0.9583333333333331,66,42,39,0.9090909090909092,0.8839285714285714,,"{""y0_a0"": {""n"": 24, ""accuracy"": 0.7916666666666666}, ""y0_a1"": {""n"": 0, ""accuracy"": NaN}, ""y1_a0"": {""n"": 3, ""accuracy"": 1.0}, ""y1_a1"": {""n"": 39, ""accuracy"": 0.9743589743589743}}",0.3953200339823934,4
corr,transplant_neutral,dinov2_b14_518,erm,0.0,456,test_rev,0.6755952380952381,0.8636363636363636,0.7162162162162162,66,42,27,0.6212121212121212,0.5863095238095238,0.4545454545454545,"{""y0_a0"": {""n"": 2, ""accuracy"": 0.5}, ""y0_a1"": {""n"": 22, ""accuracy"": 0.45454545454545453}, ""y1_a0"": {""n"": 37, ""accuracy"": 0.6756756756756757}, ""y1_a1"": {""n"": 5, ""accuracy"": 1.0}}",0.3953200339823934,4
corr,transplant_neutral,dinov2_b14_518,mask,0.0,456,clean,0.9702380952380952,,0.9702380952380952,66,42,0,0.696969696969697,0.7619047619047619,,"{""y0_a0"": {""n"": 24, ""accuracy"": 1.0}, ""y0_a1"": {""n"": 0, ""accuracy"": NaN}, ""y1_a0"": {""n"": 42, ""accuracy"": 0.5238095238095238}, ""y1_a1"": {""n"": 0, ""accuracy"": NaN}}",0.8395738087990327,4
corr,transplant_neutral,dinov2_b14_518,mask,0.0,456,test_corr,0.9702380952380952,,1.0,66,42,39,0.696969696969697,0.7619047619047619,,"{""y0_a0"": {""n"": 24, ""accuracy"": 1.0}, ""y0_a1"": {""n"": 0, ""accuracy"": NaN}, ""y1_a0"": {""n"": 3, ""accuracy"": 1.0}, ""y1_a1"": {""n"": 39, ""accuracy"": 0.48717948717948717}}",0.8395738087990327,4
corr,transplant_neutral,dinov2_b14_518,mask,0.0,456,test_rev,0.9702380952380952,0.9727272727272728,1.0,66,42,27,0.696969696969697,0.7619047619047619,0.5135135135135135,"{""y0_a0"": {""n"": 2, ""accuracy"": 1.0}, ""y0_a1"": {""n"": 22, ""accuracy"": 1.0}, ""y1_a0"": {""n"": 37, ""accuracy"": 0.5135135135135135}, ""y1_a1"": {""n"": 5, ""accuracy"": 0.6}}",0.8395738087990327,4
corr,transplant_neutral,dinov2_b14_518,erm,0.0,789,clean,0.9365079365079364,,0.9365079365079364,66,42,0,0.7575757575757576,0.8095238095238095,,"{""y0_a0"": {""n"": 24, ""accuracy"": 1.0}, ""y0_a1"": {""n"": 0, ""accuracy"": NaN}, ""y1_a0"": {""n"": 42, ""accuracy"": 0.6190476190476191}, ""y1_a1"": {""n"": 0, ""accuracy"": NaN}}",0.5208475131972298,4
corr,transplant_neutral,dinov2_b14_518,erm,0.0,789,test_corr,0.9672619047619048,0.9285714285714286,0.95,66,42,39,0.8636363636363636,0.8839285714285714,0.4285714285714285,"{""y0_a0"": {""n"": 20, ""accuracy"": 1.0}, ""y0_a1"": {""n"": 4, ""accuracy"": 0.75}, ""y1_a0"": {""n"": 7, ""accuracy"": 0.42857142857142855}, ""y1_a1"": {""n"": 35, ""accuracy"": 0.8857142857142857}}",0.5208475131972298,4
corr,transplant_neutral,dinov2_b14_518,erm,0.0,789,test_rev,0.8234126984126984,0.9456521739130436,1.0,66,42,27,0.7121212121212122,0.7380952380952381,0.6052631578947368,"{""y0_a0"": {""n"": 1, ""accuracy"": 1.0}, ""y0_a1"": {""n"": 23, ""accuracy"": 0.8260869565217391}, ""y1_a0"": {""n"": 38, ""accuracy"": 0.6052631578947368}, ""y1_a1"": {""n"": 4, ""accuracy"": 1.0}}",0.5208475131972298,4
corr,transplant_neutral,dinov2_b14_518,mask,0.0,789,clean,0.9702380952380952,,0.9702380952380952,66,42,0,0.696969696969697,0.7619047619047619,,"{""y0_a0"": {""n"": 24, ""accuracy"": 1.0}, ""y0_a1"": {""n"": 0, ""accuracy"": NaN}, ""y1_a0"": {""n"": 42, ""accuracy"": 0.5238095238095238}, ""y1_a1"": {""n"": 0, ""accuracy"": NaN}}",0.8400062099966541,4
corr,transplant_neutral,dinov2_b14_518,mask,0.0,789,test_corr,0.9702380952380952,1.0,0.942857142857143,66,42,39,0.696969696969697,0.7619047619047619,0.5142857142857142,"{""y0_a0"": {""n"": 20, ""accuracy"": 1.0}, ""y0_a1"": {""n"": 4, ""accuracy"": 1.0}, ""y1_a0"": {""n"": 7, ""accuracy"": 0.5714285714285714}, ""y1_a1"": {""n"": 35, ""accuracy"": 0.5142857142857142}}",0.8400062099966541,4
corr,transplant_neutral,dinov2_b14_518,mask,0.0,789,test_rev,0.9702380952380952,1.0,1.0,66,42,27,0.696969696969697,0.7619047619047619,0.5,"{""y0_a0"": {""n"": 1, ""accuracy"": 1.0}, ""y0_a1"": {""n"": 23, ""accuracy"": 1.0}, ""y1_a0"": {""n"": 38, ""accuracy"": 0.5263157894736842}, ""y1_a1"": {""n"": 4, ""accuracy"": 0.5}}",0.8400062099966541,4
corr,transplant_neutral,dinov2_b14_518,erm,0.0,2026,clean,0.9365079365079364,,0.9365079365079364,66,42,0,0.7878787878787878,0.8333333333333333,,"{""y0_a0"": {""n"": 24, ""accuracy"": 1.0}, ""y0_a1"": {""n"": 0, ""accuracy"": NaN}, ""y1_a0"": {""n"": 42, ""accuracy"": 0.6666666666666666}, ""y1_a1"": {""n"": 0, ""accuracy"": NaN}}",0.5146140741090951,4
corr,transplant_neutral,dinov2_b14_518,erm,0.0,2026,test_corr,0.9751984126984128,0.9473684210526316,0.9130434782608696,66,42,39,0.9242424242424242,0.9404761904761904,0.5,"{""y0_a0"": {""n"": 23, ""accuracy"": 1.0}, ""y0_a1"": {""n"": 1, ""accuracy"": 1.0}, ""y1_a0"": {""n"": 4, ""accuracy"": 0.5}, ""y1_a1"": {""n"": 38, ""accuracy"": 0.9210526315789473}}",0.5146140741090951,4
corr,transplant_neutral,dinov2_b14_518,erm,0.0,2026,test_rev,0.8571428571428571,0.8333333333333334,0.925,66,42,23,0.7424242424242424,0.7708333333333333,0.5,"{""y0_a0"": {""n"": 3, ""accuracy"": 1.0}, ""y0_a1"": {""n"": 21, ""accuracy"": 0.8571428571428571}, ""y1_a0"": {""n"": 40, ""accuracy"": 0.675}, ""y1_a1"": {""n"": 2, ""accuracy"": 0.5}}",0.5146140741090951,4
corr,transplant_neutral,dinov2_b14_518,mask,0.0,2026,clean,0.9702380952380952,,0.9702380952380952,66,42,0,0.696969696969697,0.7619047619047619,,"{""y0_a0"": {""n"": 24, ""accuracy"": 1.0}, ""y0_a1"": {""n"": 0, ""accuracy"": NaN}, ""y1_a0"": {""n"": 42, ""accuracy"": 0.5238095238095238}, ""y1_a1"": {""n"": 0, ""accuracy"": NaN}}",0.8399410499330363,4
corr,transplant_neutral,dinov2_b14_518,mask,0.0,2026,test_corr,0.9702380952380952,0.868421052631579,0.9347826086956522,66,42,39,0.696969696969697,0.7619047619047619,0.0,"{""y0_a0"": {""n"": 23, ""accuracy"": 1.0}, ""y0_a1"": {""n"": 1, ""accuracy"": 1.0}, ""y1_a0"": {""n"": 4, ""accuracy"": 0.0}, ""y1_a1"": {""n"": 38, ""accuracy"": 0.5789473684210527}}",0.8399410499330363,4
corr,transplant_neutral,dinov2_b14_518,mask,0.0,2026,test_rev,0.9702380952380952,0.9285714285714286,0.8916666666666667,66,42,23,0.696969696969697,0.7619047619047619,0.0,"{""y0_a0"": {""n"": 3, ""accuracy"": 1.0}, ""y0_a1"": {""n"": 21, ""accuracy"": 1.0}, ""y1_a0"": {""n"": 40, ""accuracy"": 0.55}, ""y1_a1"": {""n"": 2, ""accuracy"": 0.0}}",0.8399410499330363,4
corr,transplant_neutral,dinov2_b14_518,erm,1.0,42,clean,0.8561507936507937,,0.8561507936507937,66,42,0,0.7121212121212122,0.7202380952380952,,"{""y0_a0"": {""n"": 24, ""accuracy"": 0.75}, ""y0_a1"": {""n"": 0, ""accuracy"": NaN}, ""y1_a0"": {""n"": 42, ""accuracy"": 0.6904761904761905}, ""y1_a1"": {""n"": 0, ""accuracy"": NaN}}",0.2862501194746115,4
corr,transplant_neutral,dinov2_b14_518,erm,1.0,42,test_corr,0.9107142857142856,0.6363636363636364,0.808080808080808,66,42,35,0.8181818181818182,0.8035714285714286,0.0,"{""y0_a0"": {""n"": 22, ""accuracy"": 0.8181818181818182}, ""y0_a1"": {""n"": 2, ""accuracy"": 0.0}, ""y1_a0"": {""n"": 9, ""accuracy"": 0.4444444444444444}, ""y1_a1"": {""n"": 33, ""accuracy"": 0.9696969696969697}}",0.2862501194746115,4
corr,transplant_neutral,dinov2_b14_518,erm,1.0,42,test_rev,0.5684523809523809,0.7523809523809524,0.981981981981982,66,42,26,0.5909090909090909,0.5357142857142857,0.238095238095238,"{""y0_a0"": {""n"": 3, ""accuracy"": 1.0}, ""y0_a1"": {""n"": 21, ""accuracy"": 0.23809523809523808}, ""y1_a0"": {""n"": 37, ""accuracy"": 0.7027027027027027}, ""y1_a1"": {""n"": 5, ""accuracy"": 1.0}}",0.2862501194746115,4
corr,transplant_neutral,dinov2_b14_518,mask,1.0,42,clean,0.969246031746032,,0.969246031746032,66,42,0,0.6818181818181818,0.75,,"{""y0_a0"": {""n"": 24, ""accuracy"": 1.0}, ""y0_a1"": {""n"": 0, ""accuracy"": NaN}, ""y1_a0"": {""n"": 42, ""accuracy"": 0.5}, ""y1_a1"": {""n"": 0, ""accuracy"": NaN}}",0.5473694064278062,4
corr,transplant_neutral,dinov2_b14_518,mask,1.0,42,test_corr,0.9662698412698412,0.7272727272727273,1.0,66,42,35,0.8636363636363636,0.875,0.0,"{""y0_a0"": {""n"": 22, ""accuracy"": 1.0}, ""y0_a1"": {""n"": 2, ""accuracy"": 0.0}, ""y1_a0"": {""n"": 9, ""accuracy"": 0.3333333333333333}, ""y1_a1"": {""n"": 33, ""accuracy"": 0.9696969696969697}}",0.5473694064278062,4
corr,transplant_neutral,dinov2_b14_518,mask,1.0,42,test_rev,0.3928571428571428,0.819047619047619,0.954954954954955,66,42,26,0.4848484848484848,0.4345238095238095,0.1428571428571428,"{""y0_a0"": {""n"": 3, ""accuracy"": 1.0}, ""y0_a1"": {""n"": 21, ""accuracy"": 0.14285714285714285}, ""y1_a0"": {""n"": 37, ""accuracy"": 0.5675675675675675}, ""y1_a1"": {""n"": 5, ""accuracy"": 1.0}}",0.5473694064278062,4
corr,transplant_neutral,dinov2_b14_518,erm,1.0,123,clean,0.8571428571428571,,0.8571428571428571,66,42,0,0.6515151515151515,0.6994047619047619,,"{""y0_a0"": {""n"": 24, ""accuracy"": 0.875}, ""y0_a1"": {""n"": 0, ""accuracy"": NaN}, ""y1_a0"": {""n"": 42, ""accuracy"": 0.5238095238095238}, ""y1_a1"": {""n"": 0, ""accuracy"": NaN}}",0.4229869174442945,4
corr,transplant_neutral,dinov2_b14_518,erm,1.0,123,test_corr,0.9613095238095238,0.5,0.9782608695652174,66,42,39,0.8939393939393939,0.8898809523809523,0.0,"{""y0_a0"": {""n"": 23, ""accuracy"": 0.9130434782608695}, ""y0_a1"": {""n"": 1, ""accuracy"": 0.0}, ""y1_a0"": {""n"": 4, ""accuracy"": 0.75}, ""y1_a1"": {""n"": 38, ""accuracy"": 0.9210526315789473}}",0.4229869174442945,4
corr,transplant_neutral,dinov2_b14_518,erm,1.0,123,test_rev,0.628968253968254,0.803030303030303,1.0,66,42,25,0.6060606060606061,0.6101190476190477,0.5641025641025641,"{""y0_a0"": {""n"": 2, ""accuracy"": 1.0}, ""y0_a1"": {""n"": 22, ""accuracy"": 0.5909090909090909}, ""y1_a0"": {""n"": 39, ""accuracy"": 0.5641025641025641}, ""y1_a1"": {""n"": 3, ""accuracy"": 1.0}}",0.4229869174442945,4
corr,transplant_neutral,dinov2_b14_518,mask,1.0,123,clean,0.9484126984126984,,0.9484126984126984,66,42,0,0.7424242424242424,0.7886904761904763,,"{""y0_a0"": {""n"": 24, ""accuracy"": 0.9583333333333334}, ""y0_a1"": {""n"": 0, ""accuracy"": NaN}, ""y1_a0"": {""n"": 42, ""accuracy"": 0.6190476190476191}, ""y1_a1"": {""n"": 0, ""accuracy"": NaN}}",0.3993983554795065,4
corr,transplant_neutral,dinov2_b14_518,mask,1.0,123,test_corr,0.984126984126984,0.7631578947368421,0.9782608695652174,66,42,39,0.9545454545454546,0.9464285714285714,0.0,"{""y0_a0"": {""n"": 23, ""accuracy"": 0.9565217391304348}, ""y0_a1"": {""n"": 1, ""accuracy"": 0.0}, ""y1_a0"": {""n"": 4, ""accuracy"": 0.75}, ""y1_a1"": {""n"": 38, ""accuracy"": 1.0}}",0.3993983554795065,4
corr,transplant_neutral,dinov2_b14_518,mask,1.0,123,test_rev,0.2668650793650793,0.4545454545454545,1.0,66,42,25,0.5151515151515151,0.4494047619047619,0.1363636363636363,"{""y0_a0"": {""n"": 2, ""accuracy"": 1.0}, ""y0_a1"": {""n"": 22, ""accuracy"": 0.13636363636363635}, ""y1_a0"": {""n"": 39, ""accuracy"": 0.6666666666666666}, ""y1_a1"": {""n"": 3, ""accuracy"": 1.0}}",0.3993983554795065,4
corr,transplant_neutral,dinov2_b14_518,erm,1.0,456,clean,0.8432539682539683,,0.8432539682539683,66,42,0,0.7121212121212122,0.7202380952380952,,"{""y0_a0"": {""n"": 24, ""accuracy"": 0.75}, ""y0_a1"": {""n"": 0, ""accuracy"": NaN}, ""y1_a0"": {""n"": 42, ""accuracy"": 0.6904761904761905}, ""y1_a1"": {""n"": 0, ""accuracy"": NaN}}",0.306551801367962,4
corr,transplant_neutral,dinov2_b14_518,erm,1.0,456,test_corr,0.976190476190476,,0.9444444444444444,66,42,39,0.8939393939393939,0.8630952380952381,,"{""y0_a0"": {""n"": 24, ""accuracy"": 0.75}, ""y0_a1"": {""n"": 0, ""accuracy"": NaN}, ""y1_a0"": {""n"": 3, ""accuracy"": 1.0}, ""y1_a1"": {""n"": 39, ""accuracy"": 0.9743589743589743}}",0.306551801367962,4
corr,transplant_neutral,dinov2_b14_518,erm,1.0,456,test_rev,0.6259920634920635,0.8636363636363636,0.6621621621621622,66,42,27,0.6212121212121212,0.5952380952380952,0.5,"{""y0_a0"": {""n"": 2, ""accuracy"": 0.5}, ""y0_a1"": {""n"": 22, ""accuracy"": 0.5}, ""y1_a0"": {""n"": 37, ""accuracy"": 0.6486486486486487}, ""y1_a1"": {""n"": 5, ""accuracy"": 1.0}}",0.306551801367962,4
corr,transplant_neutral,dinov2_b14_518,mask,1.0,456,clean,0.9603174603174602,,0.9603174603174602,66,42,0,0.8181818181818182,0.8571428571428572,,"{""y0_a0"": {""n"": 24, ""accuracy"": 1.0}, ""y0_a1"": {""n"": 0, ""accuracy"": NaN}, ""y1_a0"": {""n"": 42, ""accuracy"": 0.7142857142857143}, ""y1_a1"": {""n"": 0, ""accuracy"": NaN}}",0.3195657179246621,4
corr,transplant_neutral,dinov2_b14_518,mask,1.0,456,test_corr,1.0,,1.0,66,42,39,1.0,1.0,,"{""y0_a0"": {""n"": 24, ""accuracy"": 1.0}, ""y0_a1"": {""n"": 0, ""accuracy"": NaN}, ""y1_a0"": {""n"": 3, ""accuracy"": 1.0}, ""y1_a1"": {""n"": 39, ""accuracy"": 1.0}}",0.3195657179246621,4
corr,transplant_neutral,dinov2_b14_518,mask,1.0,456,test_rev,0.3611111111111111,0.8363636363636364,0.972972972972973,66,42,27,0.5606060606060606,0.4851190476190476,0.1363636363636363,"{""y0_a0"": {""n"": 2, ""accuracy"": 1.0}, ""y0_a1"": {""n"": 22, ""accuracy"": 0.13636363636363635}, ""y1_a0"": {""n"": 37, ""accuracy"": 0.7297297297297297}, ""y1_a1"": {""n"": 5, ""accuracy"": 1.0}}",0.3195657179246621,4
corr,transplant_neutral,dinov2_b14_518,erm,1.0,789,clean,0.8521825396825397,,0.8521825396825397,66,42,0,0.696969696969697,0.7440476190476191,,"{""y0_a0"": {""n"": 24, ""accuracy"": 0.9166666666666666}, ""y0_a1"": {""n"": 0, ""accuracy"": NaN}, ""y1_a0"": {""n"": 42, ""accuracy"": 0.5714285714285714}, ""y1_a1"": {""n"": 0, ""accuracy"": NaN}}",0.4163561157491343,4
corr,transplant_neutral,dinov2_b14_518,erm,1.0,789,test_corr,0.8998015873015873,0.6642857142857143,0.8785714285714286,66,42,39,0.8181818181818182,0.8125,0.0,"{""y0_a0"": {""n"": 20, ""accuracy"": 0.95}, ""y0_a1"": {""n"": 4, ""accuracy"": 0.0}, ""y1_a0"": {""n"": 7, ""accuracy"": 0.42857142857142855}, ""y1_a1"": {""n"": 35, ""accuracy"": 0.9142857142857143}}",0.4163561157491343,4
corr,transplant_neutral,dinov2_b14_518,erm,1.0,789,test_rev,0.5942460317460317,0.8152173913043479,0.9736842105263158,66,42,27,0.6212121212121212,0.6220238095238095,0.6052631578947368,"{""y0_a0"": {""n"": 1, ""accuracy"": 1.0}, ""y0_a1"": {""n"": 23, ""accuracy"": 0.6086956521739131}, ""y1_a0"": {""n"": 38, ""accuracy"": 0.6052631578947368}, ""y1_a1"": {""n"": 4, ""accuracy"": 0.75}}",0.4163561157491343,4
corr,transplant_neutral,dinov2_b14_518,mask,1.0,789,clean,0.9692460317460316,,0.9692460317460316,66,42,0,0.7121212121212122,0.7738095238095238,,"{""y0_a0"": {""n"": 24, ""accuracy"": 1.0}, ""y0_a1"": {""n"": 0, ""accuracy"": NaN}, ""y1_a0"": {""n"": 42, ""accuracy"": 0.5476190476190477}, ""y1_a1"": {""n"": 0, ""accuracy"": NaN}}",0.4526800136825984,4
corr,transplant_neutral,dinov2_b14_518,mask,1.0,789,test_corr,0.9404761904761904,0.8214285714285714,0.8785714285714286,66,42,39,0.8939393939393939,0.8898809523809523,0.25,"{""y0_a0"": {""n"": 20, ""accuracy"": 1.0}, ""y0_a1"": {""n"": 4, ""accuracy"": 0.25}, ""y1_a0"": {""n"": 7, ""accuracy"": 0.42857142857142855}, ""y1_a1"": {""n"": 35, ""accuracy"": 1.0}}",0.4526800136825984,4
corr,transplant_neutral,dinov2_b14_518,mask,1.0,789,test_rev,0.3204365079365079,0.7717391304347826,1.0,66,42,27,0.4545454545454545,0.4017857142857143,0.1739130434782608,"{""y0_a0"": {""n"": 1, ""accuracy"": 1.0}, ""y0_a1"": {""n"": 23, ""accuracy"": 0.17391304347826086}, ""y1_a0"": {""n"": 38, ""accuracy"": 0.5526315789473685}, ""y1_a1"": {""n"": 4, ""accuracy"": 1.0}}",0.4526800136825984,4
corr,transplant_neutral,dinov2_b14_518,erm,1.0,2026,clean,0.8531746031746033,,0.8531746031746033,66,42,0,0.7272727272727273,0.7321428571428572,,"{""y0_a0"": {""n"": 24, ""accuracy"": 0.75}, ""y0_a1"": {""n"": 0, ""accuracy"": NaN}, ""y1_a0"": {""n"": 42, ""accuracy"": 0.7142857142857143}, ""y1_a1"": {""n"": 0, ""accuracy"": NaN}}",0.272833445737798,4
corr,transplant_neutral,dinov2_b14_518,erm,1.0,2026,test_corr,0.9603174603174602,1.0,0.7717391304347827,66,42,39,0.8636363636363636,0.8392857142857143,0.5,"{""y0_a0"": {""n"": 23, ""accuracy"": 0.7391304347826086}, ""y0_a1"": {""n"": 1, ""accuracy"": 1.0}, ""y1_a0"": {""n"": 4, ""accuracy"": 0.5}, ""y1_a1"": {""n"": 38, ""accuracy"": 0.9736842105263158}}",0.272833445737798,4
corr,transplant_neutral,dinov2_b14_518,erm,1.0,2026,test_rev,0.576388888888889,0.4523809523809524,0.85,66,42,23,0.6212121212121212,0.5863095238095238,0.4285714285714285,"{""y0_a0"": {""n"": 3, ""accuracy"": 0.6666666666666666}, ""y0_a1"": {""n"": 21, ""accuracy"": 0.42857142857142855}, ""y1_a0"": {""n"": 40, ""accuracy"": 0.725}, ""y1_a1"": {""n"": 2, ""accuracy"": 0.5}}",0.272833445737798,4
corr,transplant_neutral,dinov2_b14_518,mask,1.0,2026,clean,0.9593253968253967,,0.9593253968253967,66,42,0,0.696969696969697,0.7619047619047619,,"{""y0_a0"": {""n"": 24, ""accuracy"": 1.0}, ""y0_a1"": {""n"": 0, ""accuracy"": NaN}, ""y1_a0"": {""n"": 42, ""accuracy"": 0.5238095238095238}, ""y1_a1"": {""n"": 0, ""accuracy"": NaN}}",0.3572548343528088,4
corr,transplant_neutral,dinov2_b14_518,mask,1.0,2026,test_corr,0.990079365079365,0.9210526315789472,0.9673913043478262,66,42,39,0.9393939393939394,0.9434523809523808,0.0,"{""y0_a0"": {""n"": 23, ""accuracy"": 1.0}, ""y0_a1"": {""n"": 1, ""accuracy"": 0.0}, ""y1_a0"": {""n"": 4, ""accuracy"": 0.25}, ""y1_a1"": {""n"": 38, ""accuracy"": 1.0}}",0.3572548343528088,4
corr,transplant_neutral,dinov2_b14_518,mask,1.0,2026,test_rev,0.3472222222222222,0.7619047619047619,0.9333333333333332,66,42,23,0.4545454545454545,0.4107142857142857,0.1428571428571428,"{""y0_a0"": {""n"": 3, ""accuracy"": 1.0}, ""y0_a1"": {""n"": 21, ""accuracy"": 0.14285714285714285}, ""y1_a0"": {""n"": 40, ""accuracy"": 0.55}, ""y1_a1"": {""n"": 2, ""accuracy"": 1.0}}",0.3572548343528088,4
