phase,artifact,backbone,method,overlap,seed,env,auc,auc_artifact_present,auc_artifact_absent,n,n_pos,n_artifact_present,accuracy,balanced_accuracy,worst_group_accuracy,group_details_json,threshold_clean_val
corr,tube,raddino_518,erm,0.0,42,clean,0.9152116743369312,,0.9152116743369312,1551,428,0,0.8214055448098001,0.8426891836785646,,"{""y0_a0"": {""n"": 1123, ""accuracy"": 0.7951914514692787}, ""y0_a1"": {""n"": 0, ""accuracy"": NaN}, ""y1_a0"": {""n"": 428, ""accuracy"": 0.8901869158878505}, ""y1_a1"": {""n"": 0, ""accuracy"": NaN}}",0.3981094765808558
corr,tube,raddino_518,erm,0.0,42,test_corr,0.9167034229075991,0.885086731245776,0.9403817082388511,1551,428,501,0.8220502901353965,0.8445803963016286,0.7391304347826086,"{""y0_a0"": {""n"": 1008, ""accuracy"": 0.8005952380952381}, ""y0_a1"": {""n"": 115, ""accuracy"": 0.7391304347826086}, ""y1_a0"": {""n"": 42, ""accuracy"": 0.9523809523809523}, ""y1_a1"": {""n"": 386, ""accuracy"": 0.8886010362694301}}",0.3981094765808558
corr,tube,raddino_518,erm,0.0,42,test_rev,0.9127503932224266,0.9278484673221514,0.9227595471118788,1551,428,1030,0.8188265635074146,0.8409082397782974,0.7864372469635628,"{""y0_a0"": {""n"": 135, ""accuracy"": 0.8296296296296296}, ""y0_a1"": {""n"": 988, ""accuracy"": 0.7864372469635628}, ""y1_a0"": {""n"": 386, ""accuracy"": 0.883419689119171}, ""y1_a1"": {""n"": 42, ""accuracy"": 0.9523809523809523}}",0.3981094765808558
corr,tube,raddino_518,mask,0.0,42,clean,0.910183004469004,,0.910183004469004,1551,428,0,0.8272082527401676,0.8438043541581711,,"{""y0_a0"": {""n"": 1123, ""accuracy"": 0.8067675868210151}, ""y0_a1"": {""n"": 0, ""accuracy"": NaN}, ""y1_a0"": {""n"": 428, ""accuracy"": 0.8808411214953271}, ""y1_a1"": {""n"": 0, ""accuracy"": NaN}}",0.3524174044467446
corr,tube,raddino_518,mask,0.0,42,test_corr,0.910183004469004,0.8796350529398512,0.9399092970521542,1551,428,501,0.8272082527401676,0.8438043541581711,0.7217391304347827,"{""y0_a0"": {""n"": 1008, ""accuracy"": 0.816468253968254}, ""y0_a1"": {""n"": 115, ""accuracy"": 0.7217391304347827}, ""y1_a0"": {""n"": 42, ""accuracy"": 0.9285714285714286}, ""y1_a1"": {""n"": 386, ""accuracy"": 0.8756476683937824}}",0.3524174044467446
corr,tube,raddino_518,mask,0.0,42,test_rev,0.910183004469004,0.9240167727009833,0.915409710228363,1551,428,1030,0.8272082527401676,0.8438043541581711,0.805668016194332,"{""y0_a0"": {""n"": 135, ""accuracy"": 0.8148148148148148}, ""y0_a1"": {""n"": 988, ""accuracy"": 0.805668016194332}, ""y1_a0"": {""n"": 386, ""accuracy"": 0.8782383419689119}, ""y1_a1"": {""n"": 42, ""accuracy"": 0.9047619047619048}}",0.3524174044467446
corr,tube,raddino_518,inpaint,0.0,42,clean,0.915498789124591,,0.915498789124591,1551,428,0,0.8181818181818182,0.8419089804512279,,"{""y0_a0"": {""n"": 1123, ""accuracy"": 0.7889581478183437}, ""y0_a1"": {""n"": 0, ""accuracy"": NaN}, ""y1_a0"": {""n"": 428, ""accuracy"": 0.8948598130841121}, ""y1_a1"": {""n"": 0, ""accuracy"": NaN}}",0.3935974696778668
corr,tube,raddino_518,inpaint,0.0,42,test_corr,0.9156090578473881,0.886505969813021,0.9406415343915344,1551,428,501,0.8181818181818182,0.8419089804512279,0.7304347826086957,"{""y0_a0"": {""n"": 1008, ""accuracy"": 0.7956349206349206}, ""y0_a1"": {""n"": 115, ""accuracy"": 0.7304347826086957}, ""y1_a0"": {""n"": 42, ""accuracy"": 0.9523809523809523}, ""y1_a1"": {""n"": 386, ""accuracy"": 0.8886010362694301}}",0.3935974696778668
corr,tube,raddino_518,inpaint,0.0,42,test_rev,0.9154072452792503,0.9281135531135531,0.9227403569372481,1551,428,1030,0.8181818181818182,0.8419089804512279,0.7844129554655871,"{""y0_a0"": {""n"": 135, ""accuracy"": 0.8222222222222222}, ""y0_a1"": {""n"": 988, ""accuracy"": 0.7844129554655871}, ""y1_a0"": {""n"": 386, ""accuracy"": 0.8886010362694301}, ""y1_a1"": {""n"": 42, ""accuracy"": 0.9523809523809523}}",0.3935974696778668
corr,tube,raddino_518,balanced,0.0,42,clean,0.9151763051239586,,0.9151763051239586,1551,428,0,0.845905867182463,0.8487633258711229,,"{""y0_a0"": {""n"": 1123, ""accuracy"": 0.8423864648263579}, ""y0_a1"": {""n"": 0, ""accuracy"": NaN}, ""y1_a0"": {""n"": 428, ""accuracy"": 0.8551401869158879}, ""y1_a1"": {""n"": 0, ""accuracy"": NaN}}",0.4548645968721143
corr,tube,raddino_518,balanced,0.0,42,test_corr,0.9155778497182946,0.8835323271006983,0.9395077475434619,1551,428,501,0.8471953578336557,0.8510997744692537,0.7913043478260869,"{""y0_a0"": {""n"": 1008, ""accuracy"": 0.8482142857142857}, ""y0_a1"": {""n"": 115, ""accuracy"": 0.7913043478260869}, ""y1_a0"": {""n"": 42, ""accuracy"": 0.9047619047619048}, ""y1_a1"": {""n"": 386, ""accuracy"": 0.8549222797927462}}",0.4548645968721143
corr,tube,raddino_518,balanced,0.0,42,test_rev,0.9143212023867977,0.9291256988625409,0.9246401842256764,1551,428,1030,0.845905867182463,0.8487633258711229,0.8370445344129555,"{""y0_a0"": {""n"": 135, ""accuracy"": 0.8814814814814815}, ""y0_a1"": {""n"": 988, ""accuracy"": 0.8370445344129555}, ""y1_a0"": {""n"": 386, ""accuracy"": 0.8549222797927462}, ""y1_a1"": {""n"": 42, ""accuracy"": 0.8571428571428571}}",0.4548645968721143
corr,tube,raddino_518,dfr,0.0,42,clean,0.8997157979710555,,0.8997157979710555,1551,428,0,0.8375241779497099,0.8357453749552683,,"{""y0_a0"": {""n"": 1123, ""accuracy"": 0.8397150489759573}, ""y0_a1"": {""n"": 0, ""accuracy"": NaN}, ""y1_a0"": {""n"": 428, ""accuracy"": 0.8317757009345794}, ""y1_a1"": {""n"": 0, ""accuracy"": NaN}}",0.5048265254399222
corr,tube,raddino_518,dfr,0.0,42,test_corr,0.9021333877048293,0.8664113539085379,0.9277210884353742,1551,428,501,0.8388136686009027,0.8388048118773979,0.8,"{""y0_a0"": {""n"": 1008, ""accuracy"": 0.8432539682539683}, ""y0_a1"": {""n"": 115, ""accuracy"": 0.8}, ""y1_a0"": {""n"": 42, ""accuracy"": 0.9285714285714286}, ""y1_a1"": {""n"": 386, ""accuracy"": 0.8290155440414507}}",0.5048265254399222
corr,tube,raddino_518,dfr,0.0,42,test_rev,0.8975541148958481,0.9082321187584346,0.9111878718096335,1551,428,1030,0.8349451966473244,0.8339644310550012,0.8309716599190283,"{""y0_a0"": {""n"": 135, ""accuracy"": 0.8740740740740741}, ""y0_a1"": {""n"": 988, ""accuracy"": 0.8309716599190283}, ""y1_a0"": {""n"": 386, ""accuracy"": 0.8316062176165803}, ""y1_a1"": {""n"": 42, ""accuracy"": 0.8333333333333334}}",0.5048265254399222
corr,tube,raddino_518,leace,0.0,42,clean,0.9155403999633824,,0.9155403999633824,1551,428,0,0.8149580915538363,0.8396828005758941,,"{""y0_a0"": {""n"": 1123, ""accuracy"": 0.7845057880676759}, ""y0_a1"": {""n"": 0, ""accuracy"": NaN}, ""y1_a0"": {""n"": 428, ""accuracy"": 0.8948598130841121}, ""y1_a1"": {""n"": 0, ""accuracy"": NaN}}",0.3909418842230803
corr,tube,raddino_518,leace,0.0,42,test_corr,0.9153697955243383,0.8861680558684388,0.9400273998488284,1551,428,501,0.8149580915538363,0.8396828005758941,0.7217391304347827,"{""y0_a0"": {""n"": 1008, ""accuracy"": 0.7916666666666666}, ""y0_a1"": {""n"": 115, ""accuracy"": 0.7217391304347827}, ""y1_a0"": {""n"": 42, ""accuracy"": 0.9523809523809523}, ""y1_a1"": {""n"": 386, ""accuracy"": 0.8886010362694301}}",0.3909418842230803
corr,tube,raddino_518,leace,0.0,42,test_rev,0.9154384534083437,0.92789666473877,0.922701976587987,1551,428,1030,0.816247582205029,0.8405732725260275,0.7813765182186235,"{""y0_a0"": {""n"": 135, ""accuracy"": 0.8222222222222222}, ""y0_a1"": {""n"": 988, ""accuracy"": 0.7813765182186235}, ""y1_a0"": {""n"": 386, ""accuracy"": 0.8886010362694301}, ""y1_a1"": {""n"": 42, ""accuracy"": 0.9523809523809523}}",0.3909418842230803
corr,tube,raddino_518,i2e,0.0,42,clean,0.9109257579414286,,0.9109257579414286,1551,428,0,0.8491295938104448,0.8423136458584732,,"{""y0_a0"": {""n"": 1123, ""accuracy"": 0.8575244879786287}, ""y0_a1"": {""n"": 0, ""accuracy"": NaN}, ""y1_a0"": {""n"": 428, ""accuracy"": 0.8271028037383178}, ""y1_a1"": {""n"": 0, ""accuracy"": NaN}}",0.44541416022041996
corr,tube,raddino_518,i2e,0.0,42,test_corr,0.9115478399813582,0.8853795899977471,0.9321853741496599,1551,428,501,0.8497743391360413,0.8434818701575386,0.7913043478260869,"{""y0_a0"": {""n"": 1008, ""accuracy"": 0.8650793650793651}, ""y0_a1"": {""n"": 115, ""accuracy"": 0.7913043478260869}, ""y1_a0"": {""n"": 42, ""accuracy"": 0.8571428571428571}, ""y1_a1"": {""n"": 386, ""accuracy"": 0.8264248704663213}}",0.44541416022041996
corr,tube,raddino_518,i2e,0.0,42,test_rev,0.9102204542239163,0.9378253325621746,0.9177317213586644,1551,428,1030,0.8478401031592521,0.8414231739083396,0.8238341968911918,"{""y0_a0"": {""n"": 135, ""accuracy"": 0.8888888888888888}, ""y0_a1"": {""n"": 988, ""accuracy"": 0.8512145748987854}, ""y1_a0"": {""n"": 386, ""accuracy"": 0.8238341968911918}, ""y1_a1"": {""n"": 42, ""accuracy"": 0.8571428571428571}}",0.44541416022041996
corr,tube,raddino_518,i2e_balanced,0.0,42,clean,0.9100436081590533,,0.9100436081590533,1551,428,0,0.8517085751128304,0.8375876948427526,,"{""y0_a0"": {""n"": 1123, ""accuracy"": 0.8691006233303651}, ""y0_a1"": {""n"": 0, ""accuracy"": NaN}, ""y1_a0"": {""n"": 428, ""accuracy"": 0.8060747663551402}, ""y1_a1"": {""n"": 0, ""accuracy"": NaN}}",0.48670881999774296
corr,tube,raddino_518,i2e_balanced,0.0,42,test_corr,0.9103952197468397,0.8834647443117819,0.9297052154195011,1551,428,501,0.851063829787234,0.8371424588676859,0.7857142857142857,"{""y0_a0"": {""n"": 1008, ""accuracy"": 0.876984126984127}, ""y0_a1"": {""n"": 115, ""accuracy"": 0.7913043478260869}, ""y1_a0"": {""n"": 42, ""accuracy"": 0.7857142857142857}, ""y1_a1"": {""n"": 386, ""accuracy"": 0.8082901554404145}}",0.48670881999774296
corr,tube,raddino_518,i2e_balanced,0.0,42,test_rev,0.90967743277769,0.9348129940235204,0.9206102475532527,1551,428,1030,0.8504190844616376,0.836697222892619,0.8005181347150259,"{""y0_a0"": {""n"": 135, ""accuracy"": 0.9111111111111111}, ""y0_a1"": {""n"": 988, ""accuracy"": 0.861336032388664}, ""y1_a0"": {""n"": 386, ""accuracy"": 0.8005181347150259}, ""y1_a1"": {""n"": 42, ""accuracy"": 0.8571428571428571}}",0.48670881999774296
corr,tube,raddino_518,i2e_rank1,0.0,42,clean,0.91531362089197,,0.91531362089197,1551,428,0,0.8272082527401676,0.8445273424821698,,"{""y0_a0"": {""n"": 1123, ""accuracy"": 0.8058771148708815}, ""y0_a1"": {""n"": 0, ""accuracy"": NaN}, ""y1_a0"": {""n"": 428, ""accuracy"": 0.883177570093458}, ""y1_a1"": {""n"": 0, ""accuracy"": NaN}}",0.4062442420783871
corr,tube,raddino_518,i2e_rank1,0.0,42,test_corr,0.9158025482477676,0.8885785086731246,0.9385156840513984,1551,428,501,0.8265635074145713,0.8440821065071029,0.7304347826086957,"{""y0_a0"": {""n"": 1008, ""accuracy"": 0.8134920634920635}, ""y0_a1"": {""n"": 115, ""accuracy"": 0.7304347826086957}, ""y1_a0"": {""n"": 42, ""accuracy"": 0.9523809523809523}, ""y1_a1"": {""n"": 386, ""accuracy"": 0.8756476683937824}}",0.4062442420783871
corr,tube,raddino_518,i2e_rank1,0.0,42,test_rev,0.9148288546200515,0.9294148833622518,0.9213394741892151,1551,428,1030,0.8265635074145713,0.8440821065071029,0.8006072874493927,"{""y0_a0"": {""n"": 135, ""accuracy"": 0.837037037037037}, ""y0_a1"": {""n"": 988, ""accuracy"": 0.8006072874493927}, ""y1_a0"": {""n"": 386, ""accuracy"": 0.8756476683937824}, ""y1_a1"": {""n"": 42, ""accuracy"": 0.9523809523809523}}",0.4062442420783871
corr,tube,raddino_518,insert_aug,0.0,42,clean,0.9151700634981399,,0.9151700634981399,1551,428,0,0.8156028368794326,0.8379590715789649,,"{""y0_a0"": {""n"": 1123, ""accuracy"": 0.7880676758682101}, ""y0_a1"": {""n"": 0, ""accuracy"": NaN}, ""y1_a0"": {""n"": 428, ""accuracy"": 0.8878504672897196}, ""y1_a1"": {""n"": 0, ""accuracy"": NaN}}",0.36443714520715315
corr,tube,raddino_518,insert_aug,0.0,42,test_corr,0.9152824127628764,0.8865510250056319,0.9375,1551,428,501,0.816247582205029,0.8391272958780303,0.7130434782608696,"{""y0_a0"": {""n"": 1008, ""accuracy"": 0.7966269841269841}, ""y0_a1"": {""n"": 115, ""accuracy"": 0.7130434782608696}, ""y1_a0"": {""n"": 42, ""accuracy"": 0.9523809523809523}, ""y1_a1"": {""n"": 386, ""accuracy"": 0.883419689119171}}",0.36443714520715315
corr,tube,raddino_518,insert_aug,0.0,42,test_rev,0.9148080492006558,0.928619625988047,0.9214929955862599,1551,428,1030,0.816247582205029,0.8384043075540317,0.7864372469635628,"{""y0_a0"": {""n"": 135, ""accuracy"": 0.8074074074074075}, ""y0_a1"": {""n"": 988, ""accuracy"": 0.7864372469635628}, ""y1_a0"": {""n"": 386, ""accuracy"": 0.8808290155440415}, ""y1_a1"": {""n"": 42, ""accuracy"": 0.9523809523809523}}",0.36443714520715315
corr,tube,raddino_518,mte,0.0,42,clean,0.902526610131407,,0.902526610131407,1551,428,0,0.8117343649258543,0.8273347841645792,,"{""y0_a0"": {""n"": 1123, ""accuracy"": 0.792520035618878}, ""y0_a1"": {""n"": 0, ""accuracy"": NaN}, ""y1_a0"": {""n"": 428, ""accuracy"": 0.8621495327102804}, ""y1_a1"": {""n"": 0, ""accuracy"": NaN}}",0.3436446140673385
corr,tube,raddino_518,mte,0.0,42,test_corr,0.902526610131407,0.8713674250957423,0.9329884731670446,1551,428,501,0.8117343649258543,0.8273347841645792,0.7391304347826086,"{""y0_a0"": {""n"": 1008, ""accuracy"": 0.7986111111111112}, ""y0_a1"": {""n"": 115, ""accuracy"": 0.7391304347826086}, ""y1_a0"": {""n"": 42, ""accuracy"": 0.9047619047619048}, ""y1_a1"": {""n"": 386, ""accuracy"": 0.8575129533678757}}",0.3436446140673385
corr,tube,raddino_518,mte,0.0,42,test_rev,0.902526610131407,0.9199199922884133,0.9122241412396853,1551,428,1030,0.8117343649258543,0.8273347841645792,0.7874493927125507,"{""y0_a0"": {""n"": 135, ""accuracy"": 0.8296296296296296}, ""y0_a1"": {""n"": 988, ""accuracy"": 0.7874493927125507}, ""y1_a0"": {""n"": 386, ""accuracy"": 0.8575129533678757}, ""y1_a1"": {""n"": 42, ""accuracy"": 0.9047619047619048}}",0.3436446140673385
corr,tube,raddino_518,mte_balanced,0.0,42,clean,0.8985819026139928,,0.8985819026139928,1551,428,0,0.842682140554481,0.8212325546558368,,"{""y0_a0"": {""n"": 1123, ""accuracy"": 0.8691006233303651}, ""y0_a1"": {""n"": 0, ""accuracy"": NaN}, ""y1_a0"": {""n"": 428, ""accuracy"": 0.7733644859813084}, ""y1_a1"": {""n"": 0, ""accuracy"": NaN}}",0.49909289933222334
corr,tube,raddino_518,mte_balanced,0.0,42,test_corr,0.8985819026139928,0.8660058571750393,0.9331538170823885,1551,428,501,0.842682140554481,0.8212325546558368,0.7668393782383419,"{""y0_a0"": {""n"": 1008, ""accuracy"": 0.873015873015873}, ""y0_a1"": {""n"": 115, ""accuracy"": 0.8347826086956521}, ""y1_a0"": {""n"": 42, ""accuracy"": 0.8333333333333334}, ""y1_a1"": {""n"": 386, ""accuracy"": 0.7668393782383419}}",0.49909289933222334
corr,tube,raddino_518,mte_balanced,0.0,42,test_rev,0.8985819026139928,0.918040293040293,0.9107848781423911,1551,428,1030,0.842682140554481,0.8212325546558368,0.7694300518134715,"{""y0_a0"": {""n"": 135, ""accuracy"": 0.9037037037037037}, ""y0_a1"": {""n"": 988, ""accuracy"": 0.8643724696356275}, ""y1_a0"": {""n"": 386, ""accuracy"": 0.7694300518134715}, ""y1_a1"": {""n"": 42, ""accuracy"": 0.8095238095238095}}",0.49909289933222334
corr,tube,raddino_518,ui2e,0.0,42,clean,0.9034025182879636,,0.9034025182879636,1551,428,0,0.8471953578336557,0.8438698912292675,,"{""y0_a0"": {""n"": 1123, ""accuracy"": 0.8512911843276937}, ""y0_a1"": {""n"": 0, ""accuracy"": NaN}, ""y1_a0"": {""n"": 428, ""accuracy"": 0.8364485981308412}, ""y1_a1"": {""n"": 0, ""accuracy"": NaN}}",0.455457261418264
corr,tube,raddino_518,ui2e,0.0,42,test_corr,0.9037458077079917,0.8781257039873845,0.9200916477702192,1551,428,501,0.8465506125080593,0.842701666930202,0.808695652173913,"{""y0_a0"": {""n"": 1008, ""accuracy"": 0.8561507936507936}, ""y0_a1"": {""n"": 115, ""accuracy"": 0.808695652173913}, ""y1_a0"": {""n"": 42, ""accuracy"": 0.8571428571428571}, ""y1_a1"": {""n"": 386, ""accuracy"": 0.8316062176165803}}",0.455457261418264
corr,tube,raddino_518,ui2e,0.0,42,test_rev,0.902880302261133,0.9281376518218623,0.9096526578391863,1551,428,1030,0.8471953578336557,0.8438698912292675,0.8316062176165803,"{""y0_a0"": {""n"": 135, ""accuracy"": 0.8814814814814815}, ""y0_a1"": {""n"": 988, ""accuracy"": 0.847165991902834}, ""y1_a0"": {""n"": 386, ""accuracy"": 0.8316062176165803}, ""y1_a1"": {""n"": 42, ""accuracy"": 0.8809523809523809}}",0.455457261418264
corr,tube,raddino_518,ui2e_balanced,0.0,42,clean,0.8998302277777315,,0.8998302277777315,1551,428,0,0.8368794326241135,0.8331311740082057,,"{""y0_a0"": {""n"": 1123, ""accuracy"": 0.8414959928762245}, ""y0_a1"": {""n"": 0, ""accuracy"": NaN}, ""y1_a0"": {""n"": 428, ""accuracy"": 0.8247663551401869}, ""y1_a1"": {""n"": 0, ""accuracy"": NaN}}",0.46596484282046496
corr,tube,raddino_518,ui2e_balanced,0.0,42,test_corr,0.8998177445260942,0.8737553503041225,0.9117772108843537,1551,428,501,0.8355899419729207,0.8307947254100748,0.7913043478260869,"{""y0_a0"": {""n"": 1008, ""accuracy"": 0.8472222222222222}, ""y0_a1"": {""n"": 115, ""accuracy"": 0.7913043478260869}, ""y1_a0"": {""n"": 42, ""accuracy"": 0.8095238095238095}, ""y1_a1"": {""n"": 386, ""accuracy"": 0.8212435233160622}}",0.46596484282046496
corr,tube,raddino_518,ui2e_balanced,0.0,42,test_rev,0.8998094223583359,0.9278243686138423,0.9090769526002687,1551,428,1030,0.8355899419729207,0.8315177137340735,0.8186528497409327,"{""y0_a0"": {""n"": 135, ""accuracy"": 0.8666666666666667}, ""y0_a1"": {""n"": 988, ""accuracy"": 0.8370445344129555}, ""y1_a0"": {""n"": 386, ""accuracy"": 0.8186528497409327}, ""y1_a1"": {""n"": 42, ""accuracy"": 0.8571428571428571}}",0.46596484282046496
corr,tube,raddino_518,umte,0.0,42,clean,0.89061966861128,,0.89061966861128,1551,428,0,0.8388136686009027,0.8373588352294006,,"{""y0_a0"": {""n"": 1123, ""accuracy"": 0.8406055209260909}, ""y0_a1"": {""n"": 0, ""accuracy"": NaN}, ""y1_a0"": {""n"": 428, ""accuracy"": 0.8341121495327103}, ""y1_a1"": {""n"": 0, ""accuracy"": NaN}}",0.42211938895902984
corr,tube,raddino_518,umte,0.0,42,test_corr,0.89061966861128,0.8564766839378238,0.9151785714285715,1551,428,501,0.8388136686009027,0.8373588352294006,0.782608695652174,"{""y0_a0"": {""n"": 1008, ""accuracy"": 0.8472222222222222}, ""y0_a1"": {""n"": 115, ""accuracy"": 0.782608695652174}, ""y1_a0"": {""n"": 42, ""accuracy"": 0.8571428571428571}, ""y1_a1"": {""n"": 386, ""accuracy"": 0.8316062176165803}}",0.42211938895902984
corr,tube,raddino_518,umte,0.0,42,test_rev,0.89061966861128,0.9208598419124735,0.9001535213970447,1551,428,1030,0.8388136686009027,0.8373588352294006,0.8290155440414507,"{""y0_a0"": {""n"": 135, ""accuracy"": 0.8592592592592593}, ""y0_a1"": {""n"": 988, ""accuracy"": 0.8380566801619433}, ""y1_a0"": {""n"": 386, ""accuracy"": 0.8290155440414507}, ""y1_a1"": {""n"": 42, ""accuracy"": 0.8809523809523809}}",0.42211938895902984
corr,tube,raddino_518,umte_balanced,0.0,42,clean,0.8861777115703098,,0.8861777115703098,1551,428,0,0.8143133462282398,0.8247777981208545,,"{""y0_a0"": {""n"": 1123, ""accuracy"": 0.8014247551202137}, ""y0_a1"": {""n"": 0, ""accuracy"": NaN}, ""y1_a0"": {""n"": 428, ""accuracy"": 0.8481308411214953}, ""y1_a1"": {""n"": 0, ""accuracy"": NaN}}",0.39366815559381513
corr,tube,raddino_518,umte_balanced,0.0,42,test_corr,0.8861777115703098,0.8487722460013516,0.9145880574452003,1551,428,501,0.8143133462282398,0.8247777981208545,0.7478260869565218,"{""y0_a0"": {""n"": 1008, ""accuracy"": 0.8075396825396826}, ""y0_a1"": {""n"": 115, ""accuracy"": 0.7478260869565218}, ""y1_a0"": {""n"": 42, ""accuracy"": 0.8809523809523809}, ""y1_a1"": {""n"": 386, ""accuracy"": 0.844559585492228}}",0.39366815559381513
corr,tube,raddino_518,umte_balanced,0.0,42,test_rev,0.8861777115703098,0.9208598419124735,0.897946651314527,1551,428,1030,0.8143133462282398,0.8247777981208545,0.798582995951417,"{""y0_a0"": {""n"": 135, ""accuracy"": 0.8222222222222222}, ""y0_a1"": {""n"": 988, ""accuracy"": 0.798582995951417}, ""y1_a0"": {""n"": 386, ""accuracy"": 0.8367875647668394}, ""y1_a1"": {""n"": 42, ""accuracy"": 0.9523809523809523}}",0.39366815559381513
corr,tube,raddino_518,erm,0.0,123,clean,0.9151783856658983,,0.9151783856658983,1551,428,0,0.8207607994842038,0.8422439477034978,,"{""y0_a0"": {""n"": 1123, ""accuracy"": 0.7943009795191451}, ""y0_a1"": {""n"": 0, ""accuracy"": NaN}, ""y1_a0"": {""n"": 428, ""accuracy"": 0.8901869158878505}, ""y1_a1"": {""n"": 0, ""accuracy"": NaN}}",0.39767658466801564
corr,tube,raddino_518,erm,0.0,123,test_corr,0.9167034229075989,0.9109829059829058,0.9267608633910821,1551,428,517,0.8220502901353965,0.8445803963016286,0.7882703777335984,"{""y0_a0"": {""n"": 1006, ""accuracy"": 0.7882703777335984}, ""y0_a1"": {""n"": 117, ""accuracy"": 0.8461538461538461}, ""y1_a0"": {""n"": 28, ""accuracy"": 0.8928571428571429}, ""y1_a1"": {""n"": 400, ""accuracy"": 0.895}}",0.39767658466801564
corr,tube,raddino_518,erm,0.0,123,test_rev,0.9126422050415692,0.9231077198436249,0.9271604367135456,1551,428,1053,0.819471308833011,0.8413534757533643,0.7823936696340257,"{""y0_a0"": {""n"": 112, ""accuracy"": 0.8839285714285714}, ""y0_a1"": {""n"": 1011, ""accuracy"": 0.7823936696340257}, ""y1_a0"": {""n"": 386, ""accuracy"": 0.8886010362694301}, ""y1_a1"": {""n"": 42, ""accuracy"": 0.9047619047619048}}",0.39767658466801564
corr,tube,raddino_518,mask,0.0,123,clean,0.910183004469004,,0.910183004469004,1551,428,0,0.8272082527401676,0.8438043541581711,,"{""y0_a0"": {""n"": 1123, ""accuracy"": 0.8067675868210151}, ""y0_a1"": {""n"": 0, ""accuracy"": NaN}, ""y1_a0"": {""n"": 428, ""accuracy"": 0.8808411214953271}, ""y1_a1"": {""n"": 0, ""accuracy"": NaN}}",0.3524174044467446
corr,tube,raddino_518,mask,0.0,123,test_corr,0.910183004469004,0.9090170940170941,0.9342161317807441,1551,428,517,0.8272082527401676,0.8438043541581711,0.8021868787276342,"{""y0_a0"": {""n"": 1006, ""accuracy"": 0.8021868787276342}, ""y0_a1"": {""n"": 117, ""accuracy"": 0.8461538461538461}, ""y1_a0"": {""n"": 28, ""accuracy"": 0.9285714285714286}, ""y1_a1"": {""n"": 400, ""accuracy"": 0.8775}}",0.3524174044467446
corr,tube,raddino_518,mask,0.0,123,test_rev,0.910183004469004,0.9208704253214639,0.920938193930422,1551,428,1053,0.8272082527401676,0.8438043541581711,0.8011869436201781,"{""y0_a0"": {""n"": 112, ""accuracy"": 0.8571428571428571}, ""y0_a1"": {""n"": 1011, ""accuracy"": 0.8011869436201781}, ""y1_a0"": {""n"": 386, ""accuracy"": 0.883419689119171}, ""y1_a1"": {""n"": 42, ""accuracy"": 0.8571428571428571}}",0.3524174044467446
corr,tube,raddino_518,inpaint,0.0,123,clean,0.915490466956833,,0.915490466956833,1551,428,0,0.8181818181818182,0.8419089804512279,,"{""y0_a0"": {""n"": 1123, ""accuracy"": 0.7889581478183437}, ""y0_a1"": {""n"": 0, ""accuracy"": NaN}, ""y1_a0"": {""n"": 428, ""accuracy"": 0.8948598130841121}, ""y1_a1"": {""n"": 0, ""accuracy"": NaN}}",0.393618533219152
corr,tube,raddino_518,inpaint,0.0,123,test_corr,0.9155986551376902,0.9123290598290599,0.92668986083499,1551,428,517,0.8181818181818182,0.8419089804512279,0.7823061630218688,"{""y0_a0"": {""n"": 1006, ""accuracy"": 0.7823061630218688}, ""y0_a1"": {""n"": 117, ""accuracy"": 0.8461538461538461}, ""y1_a0"": {""n"": 28, ""accuracy"": 0.9285714285714286}, ""y1_a1"": {""n"": 400, ""accuracy"": 0.8925}}",0.393618533219152
corr,tube,raddino_518,inpaint,0.0,123,test_rev,0.9153697955243382,0.9253214638971315,0.9272066987416729,1551,428,1053,0.8181818181818182,0.8419089804512279,0.7784371909000989,"{""y0_a0"": {""n"": 112, ""accuracy"": 0.8839285714285714}, ""y0_a1"": {""n"": 1011, ""accuracy"": 0.7784371909000989}, ""y1_a0"": {""n"": 386, ""accuracy"": 0.8937823834196891}, ""y1_a1"": {""n"": 42, ""accuracy"": 0.9047619047619048}}",0.393618533219152
corr,tube,raddino_518,balanced,0.0,123,clean,0.9151971105433543,,0.9151971105433543,1551,428,0,0.8349451966473244,0.8498701741829713,,"{""y0_a0"": {""n"": 1123, ""accuracy"": 0.8165627782724845}, ""y0_a1"": {""n"": 0, ""accuracy"": NaN}, ""y1_a0"": {""n"": 428, ""accuracy"": 0.883177570093458}, ""y1_a1"": {""n"": 0, ""accuracy"": NaN}}",0.43337441921458686
corr,tube,raddino_518,balanced,0.0,123,test_corr,0.9158254342091028,0.9147649572649572,0.929991479693269,1551,428,517,0.8349451966473244,0.8498701741829713,0.8111332007952287,"{""y0_a0"": {""n"": 1006, ""accuracy"": 0.8111332007952287}, ""y0_a1"": {""n"": 117, ""accuracy"": 0.8632478632478633}, ""y1_a0"": {""n"": 28, ""accuracy"": 0.8928571428571429}, ""y1_a1"": {""n"": 400, ""accuracy"": 0.8825}}",0.43337441921458686
corr,tube,raddino_518,balanced,0.0,123,test_rev,0.9140465708507753,0.9256511704582921,0.9255412657290896,1551,428,1053,0.8336557059961315,0.8489797022328376,0.8071216617210683,"{""y0_a0"": {""n"": 112, ""accuracy"": 0.8839285714285714}, ""y0_a1"": {""n"": 1011, ""accuracy"": 0.8071216617210683}, ""y1_a0"": {""n"": 386, ""accuracy"": 0.883419689119171}, ""y1_a1"": {""n"": 42, ""accuracy"": 0.8809523809523809}}",0.43337441921458686
corr,tube,raddino_518,dfr,0.0,123,clean,0.8998905634939789,,0.8998905634939789,1551,428,0,0.8465506125080593,0.8304108654222252,,"{""y0_a0"": {""n"": 1123, ""accuracy"": 0.8664292074799644}, ""y0_a1"": {""n"": 0, ""accuracy"": NaN}, ""y1_a0"": {""n"": 428, ""accuracy"": 0.794392523364486}, ""y1_a1"": {""n"": 0, ""accuracy"": NaN}}",0.5625938670555333
corr,tube,raddino_518,dfr,0.0,123,test_corr,0.9016839906458836,0.9127136752136751,0.918808577108776,1551,428,517,0.8465506125080593,0.8304108654222252,0.7925,"{""y0_a0"": {""n"": 1006, ""accuracy"": 0.8628230616302187}, ""y0_a1"": {""n"": 117, ""accuracy"": 0.8974358974358975}, ""y1_a0"": {""n"": 28, ""accuracy"": 0.8214285714285714}, ""y1_a1"": {""n"": 400, ""accuracy"": 0.7925}}",0.5625938670555333
corr,tube,raddino_518,dfr,0.0,123,test_rev,0.8977684107156233,0.9239555367151806,0.9055329385640266,1551,428,1053,0.8452611218568665,0.8295203934720916,0.7875647668393783,"{""y0_a0"": {""n"": 112, ""accuracy"": 0.9107142857142857}, ""y0_a1"": {""n"": 1011, ""accuracy"": 0.8595450049455984}, ""y1_a0"": {""n"": 386, ""accuracy"": 0.7875647668393783}, ""y1_a1"": {""n"": 42, ""accuracy"": 0.8571428571428571}}",0.5625938670555333
corr,tube,raddino_518,leace,0.0,123,clean,0.915523755627866,,0.915523755627866,1551,428,0,0.8149580915538363,0.8396828005758941,,"{""y0_a0"": {""n"": 1123, ""accuracy"": 0.7845057880676759}, ""y0_a1"": {""n"": 0, ""accuracy"": NaN}, ""y1_a0"": {""n"": 428, ""accuracy"": 0.8948598130841121}, ""y1_a1"": {""n"": 0, ""accuracy"": NaN}}",0.3909370495859078
corr,tube,raddino_518,leace,0.0,123,test_corr,0.9153531511888217,0.9121794871794873,0.9270093723374042,1551,428,517,0.8149580915538363,0.8396828005758941,0.7793240556660039,"{""y0_a0"": {""n"": 1006, ""accuracy"": 0.7793240556660039}, ""y0_a1"": {""n"": 117, ""accuracy"": 0.8290598290598291}, ""y1_a0"": {""n"": 28, ""accuracy"": 0.9285714285714286}, ""y1_a1"": {""n"": 400, ""accuracy"": 0.8925}}",0.3909370495859078
corr,tube,raddino_518,leace,0.0,123,test_rev,0.9154342923244647,0.9257453723329094,0.9264665062916358,1551,428,1053,0.816247582205029,0.8405732725260275,0.7774480712166172,"{""y0_a0"": {""n"": 112, ""accuracy"": 0.8660714285714286}, ""y0_a1"": {""n"": 1011, ""accuracy"": 0.7774480712166172}, ""y1_a0"": {""n"": 386, ""accuracy"": 0.8937823834196891}, ""y1_a1"": {""n"": 42, ""accuracy"": 0.9047619047619048}}",0.3909370495859078
corr,tube,raddino_518,i2e,0.0,123,clean,0.9109132746897911,,0.9109132746897911,1551,428,0,0.8388136686009027,0.8409737768493937,,"{""y0_a0"": {""n"": 1123, ""accuracy"": 0.8361531611754229}, ""y0_a1"": {""n"": 0, ""accuracy"": NaN}, ""y1_a0"": {""n"": 428, ""accuracy"": 0.8457943925233645}, ""y1_a1"": {""n"": 0, ""accuracy"": NaN}}",0.40436437304383505
corr,tube,raddino_518,i2e,0.0,123,test_corr,0.911579048110452,0.9038034188034189,0.9308080090883272,1551,428,517,0.8388136686009027,0.8416967651733924,0.8349900596421471,"{""y0_a0"": {""n"": 1006, ""accuracy"": 0.8349900596421471}, ""y0_a1"": {""n"": 117, ""accuracy"": 0.8376068376068376}, ""y1_a0"": {""n"": 28, ""accuracy"": 0.8571428571428571}, ""y1_a1"": {""n"": 400, ""accuracy"": 0.8475}}",0.40436437304383505
corr,tube,raddino_518,i2e,0.0,123,test_rev,0.9102537428949493,0.9154067165936602,0.9254256106587713,1551,428,1053,0.8381689232753062,0.840528540874327,0.8095238095238095,"{""y0_a0"": {""n"": 112, ""accuracy"": 0.9017857142857143}, ""y0_a1"": {""n"": 1011, ""accuracy"": 0.827893175074184}, ""y1_a0"": {""n"": 386, ""accuracy"": 0.8497409326424871}, ""y1_a1"": {""n"": 42, ""accuracy"": 0.8095238095238095}}",0.40436437304383505
corr,tube,raddino_518,i2e_balanced,0.0,123,clean,0.9073992393538669,,0.9073992393538669,1551,428,0,0.8304319793681496,0.8402466274415159,,"{""y0_a0"": {""n"": 1123, ""accuracy"": 0.8183437221727515}, ""y0_a1"": {""n"": 0, ""accuracy"": NaN}, ""y1_a0"": {""n"": 428, ""accuracy"": 0.8621495327102804}, ""y1_a1"": {""n"": 0, ""accuracy"": NaN}}",0.43546187075697823
corr,tube,raddino_518,i2e_balanced,0.0,123,test_corr,0.9079068915871207,0.9067735042735042,0.9244177790400454,1551,428,517,0.8304319793681496,0.8402466274415159,0.81610337972167,"{""y0_a0"": {""n"": 1006, ""accuracy"": 0.81610337972167}, ""y0_a1"": {""n"": 117, ""accuracy"": 0.8376068376068376}, ""y1_a0"": {""n"": 28, ""accuracy"": 0.8571428571428571}, ""y1_a1"": {""n"": 400, ""accuracy"": 0.8625}}",0.43546187075697823
corr,tube,raddino_518,i2e_balanced,0.0,123,test_rev,0.9068166876107887,0.9178795158023645,0.9193884159881569,1551,428,1053,0.8291424887169568,0.8393561554913824,0.80811078140455,"{""y0_a0"": {""n"": 112, ""accuracy"": 0.8928571428571429}, ""y0_a1"": {""n"": 1011, ""accuracy"": 0.80811078140455}, ""y1_a0"": {""n"": 386, ""accuracy"": 0.8626943005181347}, ""y1_a1"": {""n"": 42, ""accuracy"": 0.8571428571428571}}",0.43546187075697823
corr,tube,raddino_518,i2e_rank1,0.0,123,clean,0.9153365068533053,,0.9153365068533053,1551,428,0,0.8214055448098001,0.8426891836785646,,"{""y0_a0"": {""n"": 1123, ""accuracy"": 0.7951914514692787}, ""y0_a1"": {""n"": 0, ""accuracy"": NaN}, ""y1_a0"": {""n"": 428, ""accuracy"": 0.8901869158878505}, ""y1_a1"": {""n"": 0, ""accuracy"": NaN}}",0.39501455235862876
corr,tube,raddino_518,i2e_rank1,0.0,123,test_corr,0.9157234876540641,0.9114743589743589,0.9277904004544163,1551,428,517,0.8214055448098001,0.8426891836785646,0.790258449304175,"{""y0_a0"": {""n"": 1006, ""accuracy"": 0.790258449304175}, ""y0_a1"": {""n"": 117, ""accuracy"": 0.8376068376068376}, ""y1_a0"": {""n"": 28, ""accuracy"": 0.8928571428571429}, ""y1_a1"": {""n"": 400, ""accuracy"": 0.89}}",0.39501455235862876
corr,tube,raddino_518,i2e_rank1,0.0,123,test_rev,0.9148288546200514,0.9264047854552306,0.9272066987416728,1551,428,1053,0.8226950354609929,0.8435796556286982,0.7883283877349159,"{""y0_a0"": {""n"": 112, ""accuracy"": 0.875}, ""y0_a1"": {""n"": 1011, ""accuracy"": 0.7883283877349159}, ""y1_a0"": {""n"": 386, ""accuracy"": 0.8886010362694301}, ""y1_a1"": {""n"": 42, ""accuracy"": 0.9047619047619048}}",0.39501455235862876
corr,tube,raddino_518,insert_aug,0.0,123,clean,0.9152324797563269,,0.9152324797563269,1551,428,0,0.8265635074145713,0.8455280831551002,,"{""y0_a0"": {""n"": 1123, ""accuracy"": 0.8032056990204809}, ""y0_a1"": {""n"": 0, ""accuracy"": NaN}, ""y1_a0"": {""n"": 428, ""accuracy"": 0.8878504672897196}, ""y1_a1"": {""n"": 0, ""accuracy"": NaN}}",0.383274016557782
corr,tube,raddino_518,insert_aug,0.0,123,test_corr,0.9153947620276129,0.9121153846153846,0.9302399886395909,1551,428,517,0.8265635074145713,0.8455280831551002,0.7992047713717694,"{""y0_a0"": {""n"": 1006, ""accuracy"": 0.7992047713717694}, ""y0_a1"": {""n"": 117, ""accuracy"": 0.8376068376068376}, ""y1_a0"": {""n"": 28, ""accuracy"": 0.8571428571428571}, ""y1_a1"": {""n"": 400, ""accuracy"": 0.89}}",0.383274016557782
corr,tube,raddino_518,insert_aug,0.0,123,test_rev,0.9151055666980136,0.927017097640243,0.9269985196150999,1551,428,1053,0.8272082527401676,0.845973319130167,0.7952522255192879,"{""y0_a0"": {""n"": 112, ""accuracy"": 0.8839285714285714}, ""y0_a1"": {""n"": 1011, ""accuracy"": 0.7952522255192879}, ""y1_a0"": {""n"": 386, ""accuracy"": 0.8860103626943006}, ""y1_a1"": {""n"": 42, ""accuracy"": 0.9047619047619048}}",0.383274016557782
corr,tube,raddino_518,mte,0.0,123,clean,0.902526610131407,,0.902526610131407,1551,428,0,0.8117343649258543,0.8273347841645792,,"{""y0_a0"": {""n"": 1123, ""accuracy"": 0.792520035618878}, ""y0_a1"": {""n"": 0, ""accuracy"": NaN}, ""y1_a0"": {""n"": 428, ""accuracy"": 0.8621495327102804}, ""y1_a1"": {""n"": 0, ""accuracy"": NaN}}",0.3436446140673385
corr,tube,raddino_518,mte,0.0,123,test_corr,0.902526610131407,0.8986324786324786,0.9244177790400454,1551,428,517,0.8117343649258543,0.8273347841645792,0.7872763419483101,"{""y0_a0"": {""n"": 1006, ""accuracy"": 0.7872763419483101}, ""y0_a1"": {""n"": 117, ""accuracy"": 0.8376068376068376}, ""y1_a0"": {""n"": 28, ""accuracy"": 0.8571428571428571}, ""y1_a1"": {""n"": 400, ""accuracy"": 0.8625}}",0.3436446140673385
corr,tube,raddino_518,mte,0.0,123,test_rev,0.902526610131407,0.914817954877302,0.9175841968911916,1551,428,1053,0.8117343649258543,0.8273347841645792,0.7843719090009891,"{""y0_a0"": {""n"": 112, ""accuracy"": 0.8660714285714286}, ""y0_a1"": {""n"": 1011, ""accuracy"": 0.7843719090009891}, ""y1_a0"": {""n"": 386, ""accuracy"": 0.8652849740932642}, ""y1_a1"": {""n"": 42, ""accuracy"": 0.8333333333333334}}",0.3436446140673385
corr,tube,raddino_518,mte_balanced,0.0,123,clean,0.8988856617371693,,0.8988856617371693,1551,428,0,0.842682140554481,0.8270164612478258,,"{""y0_a0"": {""n"": 1123, ""accuracy"": 0.8619768477292965}, ""y0_a1"": {""n"": 0, ""accuracy"": NaN}, ""y1_a0"": {""n"": 428, ""accuracy"": 0.7920560747663551}, ""y1_a1"": {""n"": 0, ""accuracy"": NaN}}",0.48692346420717
corr,tube,raddino_518,mte_balanced,0.0,123,test_corr,0.8988856617371693,0.8983760683760684,0.9309500142005113,1551,428,517,0.842682140554481,0.8270164612478258,0.7875,"{""y0_a0"": {""n"": 1006, ""accuracy"": 0.8588469184890656}, ""y0_a1"": {""n"": 117, ""accuracy"": 0.8888888888888888}, ""y1_a0"": {""n"": 28, ""accuracy"": 0.8571428571428571}, ""y1_a1"": {""n"": 400, ""accuracy"": 0.7875}}",0.48692346420717
corr,tube,raddino_518,mte_balanced,0.0,123,test_rev,0.8988856617371693,0.9071169516273374,0.9109224648408586,1551,428,1053,0.842682140554481,0.8270164612478258,0.7857142857142857,"{""y0_a0"": {""n"": 112, ""accuracy"": 0.9196428571428571}, ""y0_a1"": {""n"": 1011, ""accuracy"": 0.8555885262116716}, ""y1_a0"": {""n"": 386, ""accuracy"": 0.7927461139896373}, ""y1_a1"": {""n"": 42, ""accuracy"": 0.7857142857142857}}",0.48692346420717
corr,tube,raddino_518,ui2e,0.0,123,clean,0.9034066793718428,,0.9034066793718428,1551,428,0,0.8471953578336557,0.8438698912292675,,"{""y0_a0"": {""n"": 1123, ""accuracy"": 0.8512911843276937}, ""y0_a1"": {""n"": 0, ""accuracy"": NaN}, ""y1_a0"": {""n"": 428, ""accuracy"": 0.8364485981308412}, ""y1_a1"": {""n"": 0, ""accuracy"": NaN}}",0.45494057046158676
corr,tube,raddino_518,ui2e,0.0,123,test_corr,0.9037582909596292,0.9007264957264958,0.9336126100539619,1551,428,517,0.8471953578336557,0.8438698912292675,0.8325,"{""y0_a0"": {""n"": 1006, ""accuracy"": 0.8479125248508946}, ""y0_a1"": {""n"": 117, ""accuracy"": 0.8803418803418803}, ""y1_a0"": {""n"": 28, ""accuracy"": 0.8928571428571429}, ""y1_a1"": {""n"": 400, ""accuracy"": 0.8325}}",0.45494057046158676
corr,tube,raddino_518,ui2e,0.0,123,test_rev,0.9028865438869517,0.9085299797465969,0.9171678386380459,1551,428,1053,0.8471953578336557,0.8438698912292675,0.8333333333333334,"{""y0_a0"": {""n"": 112, ""accuracy"": 0.9017857142857143}, ""y0_a1"": {""n"": 1011, ""accuracy"": 0.8456973293768546}, ""y1_a0"": {""n"": 386, ""accuracy"": 0.8367875647668394}, ""y1_a1"": {""n"": 42, ""accuracy"": 0.8333333333333334}}",0.45494057046158676
corr,tube,raddino_518,ui2e_balanced,0.0,123,clean,0.9016590241426087,,0.9016590241426087,1551,428,0,0.8297872340425532,0.8369094381704547,,"{""y0_a0"": {""n"": 1123, ""accuracy"": 0.8210151380231523}, ""y0_a1"": {""n"": 0, ""accuracy"": NaN}, ""y1_a0"": {""n"": 428, ""accuracy"": 0.852803738317757}, ""y1_a1"": {""n"": 0, ""accuracy"": NaN}}",0.44749067714475477
corr,tube,raddino_518,ui2e_balanced,0.0,123,test_corr,0.9016569436006692,0.900491452991453,0.937375745526839,1551,428,517,0.8297872340425532,0.8369094381704547,0.8180914512922465,"{""y0_a0"": {""n"": 1006, ""accuracy"": 0.8180914512922465}, ""y0_a1"": {""n"": 117, ""accuracy"": 0.8461538461538461}, ""y1_a0"": {""n"": 28, ""accuracy"": 0.8928571428571429}, ""y1_a1"": {""n"": 400, ""accuracy"": 0.85}}",0.44749067714475477
corr,tube,raddino_518,ui2e_balanced,0.0,123,test_rev,0.9015549970456304,0.9053742169469172,0.9142995928941525,1551,428,1053,0.8278529980657641,0.8355737302452543,0.80811078140455,"{""y0_a0"": {""n"": 112, ""accuracy"": 0.9107142857142857}, ""y0_a1"": {""n"": 1011, ""accuracy"": 0.80811078140455}, ""y1_a0"": {""n"": 386, ""accuracy"": 0.8549222797927462}, ""y1_a1"": {""n"": 42, ""accuracy"": 0.8333333333333334}}",0.44749067714475477
corr,tube,raddino_518,umte,0.0,123,clean,0.89061966861128,,0.89061966861128,1551,428,0,0.8388136686009027,0.8373588352294006,,"{""y0_a0"": {""n"": 1123, ""accuracy"": 0.8406055209260909}, ""y0_a1"": {""n"": 0, ""accuracy"": NaN}, ""y1_a0"": {""n"": 428, ""accuracy"": 0.8341121495327103}, ""y1_a1"": {""n"": 0, ""accuracy"": NaN}}",0.42211938895902984
corr,tube,raddino_518,umte,0.0,123,test_corr,0.89061966861128,0.8881623931623931,0.9184890656063618,1551,428,517,0.8388136686009027,0.8373588352294006,0.8325,"{""y0_a0"": {""n"": 1006, ""accuracy"": 0.8359840954274353}, ""y0_a1"": {""n"": 117, ""accuracy"": 0.8803418803418803}, ""y1_a0"": {""n"": 28, ""accuracy"": 0.8571428571428571}, ""y1_a1"": {""n"": 400, ""accuracy"": 0.8325}}",0.42211938895902984
corr,tube,raddino_518,umte,0.0,123,test_rev,0.89061966861128,0.9071876030333004,0.9025952997779422,1551,428,1053,0.8388136686009027,0.8373588352294006,0.8333333333333334,"{""y0_a0"": {""n"": 112, ""accuracy"": 0.9017857142857143}, ""y0_a1"": {""n"": 1011, ""accuracy"": 0.8338278931750742}, ""y1_a0"": {""n"": 386, ""accuracy"": 0.8341968911917098}, ""y1_a1"": {""n"": 42, ""accuracy"": 0.8333333333333334}}",0.42211938895902984
corr,tube,raddino_518,umte_balanced,0.0,123,clean,0.8870057672622566,,0.8870057672622566,1551,428,0,0.8136686009026435,0.8236095738217891,,"{""y0_a0"": {""n"": 1123, ""accuracy"": 0.8014247551202137}, ""y0_a1"": {""n"": 0, ""accuracy"": NaN}, ""y1_a0"": {""n"": 428, ""accuracy"": 0.8457943925233645}, ""y1_a1"": {""n"": 0, ""accuracy"": NaN}}",0.3943733129907622
corr,tube,raddino_518,umte_balanced,0.0,123,test_corr,0.8870057672622566,0.8864102564102564,0.9307370065322352,1551,428,517,0.8136686009026435,0.8236095738217891,0.794234592445328,"{""y0_a0"": {""n"": 1006, ""accuracy"": 0.794234592445328}, ""y0_a1"": {""n"": 117, ""accuracy"": 0.8632478632478633}, ""y1_a0"": {""n"": 28, ""accuracy"": 0.9285714285714286}, ""y1_a1"": {""n"": 400, ""accuracy"": 0.84}}",0.3943733129907622
corr,tube,raddino_518,umte_balanced,0.0,123,test_rev,0.8870057672622566,0.9009702793085582,0.8952627683197631,1551,428,1053,0.8136686009026435,0.8236095738217891,0.7972304648862513,"{""y0_a0"": {""n"": 112, ""accuracy"": 0.8392857142857143}, ""y0_a1"": {""n"": 1011, ""accuracy"": 0.7972304648862513}, ""y1_a0"": {""n"": 386, ""accuracy"": 0.8393782383419689}, ""y1_a1"": {""n"": 42, ""accuracy"": 0.9047619047619048}}",0.3943733129907622
corr,tube,raddino_518,erm,0.0,456,clean,0.9151825467497774,,0.9151825467497774,1551,428,0,0.8214055448098001,0.8426891836785646,,"{""y0_a0"": {""n"": 1123, ""accuracy"": 0.7951914514692787}, ""y0_a1"": {""n"": 0, ""accuracy"": NaN}, ""y1_a0"": {""n"": 428, ""accuracy"": 0.8901869158878505}, ""y1_a1"": {""n"": 0, ""accuracy"": NaN}}",0.3981131870362038
corr,tube,raddino_518,erm,0.0,456,test_corr,0.9162893950616257,0.9148464912280702,0.9277376204719175,1551,428,500,0.8220502901353965,0.84385740797763,0.7926221335992024,"{""y0_a0"": {""n"": 1003, ""accuracy"": 0.7926221335992024}, ""y0_a1"": {""n"": 120, ""accuracy"": 0.8166666666666667}, ""y1_a0"": {""n"": 48, ""accuracy"": 0.8958333333333334}, ""y1_a1"": {""n"": 380, ""accuracy"": 0.8921052631578947}}",0.3981131870362038
corr,tube,raddino_518,erm,0.0,456,test_rev,0.9125485806542888,0.8999715424018212,0.906237304081938,1551,428,1039,0.819471308833011,0.8413534757533643,0.7563025210084033,"{""y0_a0"": {""n"": 119, ""accuracy"": 0.7563025210084033}, ""y0_a1"": {""n"": 1004, ""accuracy"": 0.796812749003984}, ""y1_a0"": {""n"": 393, ""accuracy"": 0.8931297709923665}, ""y1_a1"": {""n"": 35, ""accuracy"": 0.8571428571428571}}",0.3981131870362038
corr,tube,raddino_518,mask,0.0,456,clean,0.910183004469004,,0.910183004469004,1551,428,0,0.8272082527401676,0.8438043541581711,,"{""y0_a0"": {""n"": 1123, ""accuracy"": 0.8067675868210151}, ""y0_a1"": {""n"": 0, ""accuracy"": NaN}, ""y1_a0"": {""n"": 428, ""accuracy"": 0.8808411214953271}, ""y1_a1"": {""n"": 0, ""accuracy"": NaN}}",0.3524174044467446
corr,tube,raddino_518,mask,0.0,456,test_corr,0.910183004469004,0.9096052631578947,0.9176221335992024,1551,428,500,0.8272082527401676,0.8438043541581711,0.806580259222333,"{""y0_a0"": {""n"": 1003, ""accuracy"": 0.806580259222333}, ""y0_a1"": {""n"": 120, ""accuracy"": 0.8083333333333333}, ""y1_a0"": {""n"": 48, ""accuracy"": 0.875}, ""y1_a1"": {""n"": 380, ""accuracy"": 0.881578947368421}}",0.3524174044467446
corr,tube,raddino_518,mask,0.0,456,test_rev,0.910183004469004,0.8913773477518498,0.8970855517779631,1551,428,1039,0.8272082527401676,0.8438043541581711,0.7563025210084033,"{""y0_a0"": {""n"": 119, ""accuracy"": 0.7563025210084033}, ""y0_a1"": {""n"": 1004, ""accuracy"": 0.8127490039840638}, ""y1_a0"": {""n"": 393, ""accuracy"": 0.8854961832061069}, ""y1_a1"": {""n"": 35, ""accuracy"": 0.8285714285714286}}",0.3524174044467446
corr,tube,raddino_518,inpaint,0.0,456,clean,0.9154863058729537,,0.9154863058729537,1551,428,0,0.8181818181818182,0.8419089804512279,,"{""y0_a0"": {""n"": 1123, ""accuracy"": 0.7889581478183437}, ""y0_a1"": {""n"": 0, ""accuracy"": NaN}, ""y1_a0"": {""n"": 428, ""accuracy"": 0.8948598130841121}, ""y1_a1"": {""n"": 0, ""accuracy"": NaN}}",0.3935965726625412
corr,tube,raddino_518,inpaint,0.0,456,test_corr,0.9155320777956243,0.9167324561403508,0.9289007976071785,1551,428,500,0.8181818181818182,0.8419089804512279,0.7876370887337986,"{""y0_a0"": {""n"": 1003, ""accuracy"": 0.7876370887337986}, ""y0_a1"": {""n"": 120, ""accuracy"": 0.8}, ""y1_a0"": {""n"": 48, ""accuracy"": 0.9166666666666666}, ""y1_a1"": {""n"": 380, ""accuracy"": 0.8921052631578947}}",0.3935965726625412
corr,tube,raddino_518,inpaint,0.0,456,test_rev,0.9153697955243382,0.9024473534433693,0.906215921483097,1551,428,1039,0.8181818181818182,0.8419089804512279,0.7394957983193278,"{""y0_a0"": {""n"": 119, ""accuracy"": 0.7394957983193278}, ""y0_a1"": {""n"": 1004, ""accuracy"": 0.7948207171314741}, ""y1_a0"": {""n"": 393, ""accuracy"": 0.8982188295165394}, ""y1_a1"": {""n"": 35, ""accuracy"": 0.8571428571428571}}",0.3935965726625412
corr,tube,raddino_518,balanced,0.0,456,clean,0.9110131407028903,,0.9110131407028903,1551,428,0,0.8214055448098001,0.8369052770865755,,"{""y0_a0"": {""n"": 1123, ""accuracy"": 0.8023152270703473}, ""y0_a1"": {""n"": 0, ""accuracy"": NaN}, ""y1_a0"": {""n"": 428, ""accuracy"": 0.8714953271028038}, ""y1_a1"": {""n"": 0, ""accuracy"": NaN}}",0.4186336533944351
corr,tube,raddino_518,balanced,0.0,456,test_corr,0.91177878013665,0.909671052631579,0.9309986706547024,1551,428,500,0.8226950354609929,0.8392417256847063,0.8,"{""y0_a0"": {""n"": 1003, ""accuracy"": 0.80259222333001}, ""y0_a1"": {""n"": 120, ""accuracy"": 0.8}, ""y1_a0"": {""n"": 48, ""accuracy"": 0.875}, ""y1_a1"": {""n"": 380, ""accuracy"": 0.8763157894736842}}",0.4186336533944351
corr,tube,raddino_518,balanced,0.0,456,test_rev,0.9095734056807117,0.8939954467842913,0.8997156114354138,1551,428,1039,0.8214055448098001,0.8369052770865755,0.7563025210084033,"{""y0_a0"": {""n"": 119, ""accuracy"": 0.7563025210084033}, ""y0_a1"": {""n"": 1004, ""accuracy"": 0.8077689243027888}, ""y1_a0"": {""n"": 393, ""accuracy"": 0.8778625954198473}, ""y1_a1"": {""n"": 35, ""accuracy"": 0.8}}",0.4186336533944351
corr,tube,raddino_518,dfr,0.0,456,clean,0.9010244588510414,,0.9010244588510414,1551,428,0,0.8478401031592521,0.8313013373723588,,"{""y0_a0"": {""n"": 1123, ""accuracy"": 0.8682101513802315}, ""y0_a1"": {""n"": 0, ""accuracy"": NaN}, ""y1_a0"": {""n"": 428, ""accuracy"": 0.794392523364486}, ""y1_a1"": {""n"": 0, ""accuracy"": NaN}}",0.571974172866033
corr,tube,raddino_518,dfr,0.0,456,test_corr,0.9021333877048293,0.9031578947368422,0.8989905284147557,1551,428,500,0.8478401031592521,0.8313013373723588,0.7708333333333334,"{""y0_a0"": {""n"": 1003, ""accuracy"": 0.8703888334995015}, ""y0_a1"": {""n"": 120, ""accuracy"": 0.85}, ""y1_a0"": {""n"": 48, ""accuracy"": 0.7708333333333334}, ""y1_a1"": {""n"": 380, ""accuracy"": 0.7973684210526316}}",0.571974172866033
corr,tube,raddino_518,dfr,0.0,456,test_rev,0.899412038847879,0.9060614684120659,0.8868219043342528,1551,428,1039,0.8465506125080593,0.8304108654222252,0.7888040712468194,"{""y0_a0"": {""n"": 119, ""accuracy"": 0.8739495798319328}, ""y0_a1"": {""n"": 1004, ""accuracy"": 0.8655378486055777}, ""y1_a0"": {""n"": 393, ""accuracy"": 0.7888040712468194}, ""y1_a1"": {""n"": 35, ""accuracy"": 0.8571428571428571}}",0.571974172866033
corr,tube,raddino_518,leace,0.0,456,clean,0.9155320777956242,,0.9155320777956242,1551,428,0,0.8149580915538363,0.8396828005758941,,"{""y0_a0"": {""n"": 1123, ""accuracy"": 0.7845057880676759}, ""y0_a1"": {""n"": 0, ""accuracy"": NaN}, ""y1_a0"": {""n"": 428, ""accuracy"": 0.8948598130841121}, ""y1_a1"": {""n"": 0, ""accuracy"": NaN}}",0.39108584927443113
corr,tube,raddino_518,leace,0.0,456,test_corr,0.915332345769426,0.9163157894736842,0.9292746759720837,1551,428,500,0.8149580915538363,0.8396828005758941,0.7836490528414756,"{""y0_a0"": {""n"": 1003, ""accuracy"": 0.7836490528414756}, ""y0_a1"": {""n"": 120, ""accuracy"": 0.7916666666666666}, ""y1_a0"": {""n"": 48, ""accuracy"": 0.9166666666666666}, ""y1_a1"": {""n"": 380, ""accuracy"": 0.8921052631578947}}",0.39108584927443113
corr,tube,raddino_518,leace,0.0,456,test_rev,0.9154550977438602,0.9026465566306204,0.9055958261167062,1551,428,1039,0.816247582205029,0.8405732725260275,0.7310924369747899,"{""y0_a0"": {""n"": 119, ""accuracy"": 0.7310924369747899}, ""y0_a1"": {""n"": 1004, ""accuracy"": 0.7928286852589641}, ""y1_a0"": {""n"": 393, ""accuracy"": 0.8982188295165394}, ""y1_a1"": {""n"": 35, ""accuracy"": 0.8571428571428571}}",0.39108584927443113
corr,tube,raddino_518,i2e,0.0,456,clean,0.9109777714899178,,0.9109777714899178,1551,428,0,0.839458413926499,0.8414190128244605,,"{""y0_a0"": {""n"": 1123, ""accuracy"": 0.8370436331255565}, ""y0_a1"": {""n"": 0, ""accuracy"": NaN}, ""y1_a0"": {""n"": 428, ""accuracy"": 0.8457943925233645}, ""y1_a1"": {""n"": 0, ""accuracy"": NaN}}",0.4042476994131186
corr,tube,raddino_518,i2e,0.0,456,test_corr,0.9114500545101989,0.9072587719298246,0.919865403788634,1551,428,500,0.8401031592520954,0.8425872371235259,0.8333333333333334,"{""y0_a0"": {""n"": 1003, ""accuracy"": 0.8344965104685942}, ""y0_a1"": {""n"": 120, ""accuracy"": 0.8583333333333333}, ""y1_a0"": {""n"": 48, ""accuracy"": 0.8333333333333334}, ""y1_a1"": {""n"": 380, ""accuracy"": 0.85}}",0.4042476994131186
corr,tube,raddino_518,i2e,0.0,456,test_rev,0.9102745483143448,0.8941092771770063,0.8992665768597515,1551,428,1039,0.839458413926499,0.8414190128244605,0.7714285714285715,"{""y0_a0"": {""n"": 119, ""accuracy"": 0.8151260504201681}, ""y0_a1"": {""n"": 1004, ""accuracy"": 0.8396414342629482}, ""y1_a0"": {""n"": 393, ""accuracy"": 0.8524173027989822}, ""y1_a1"": {""n"": 35, ""accuracy"": 0.7714285714285715}}",0.4042476994131186
corr,tube,raddino_518,i2e_balanced,0.0,456,clean,0.904365809205982,,0.904365809205982,1551,428,0,0.8110896196002579,0.8268895481895124,,"{""y0_a0"": {""n"": 1123, ""accuracy"": 0.7916295636687445}, ""y0_a1"": {""n"": 0, ""accuracy"": NaN}, ""y1_a0"": {""n"": 428, ""accuracy"": 0.8621495327102804}, ""y1_a1"": {""n"": 0, ""accuracy"": NaN}}",0.40585575980700783
corr,tube,raddino_518,i2e_balanced,0.0,456,test_corr,0.9048588976456587,0.9026535087719297,0.9287138584247258,1551,428,500,0.8117343649258543,0.8280577724885778,0.7876370887337986,"{""y0_a0"": {""n"": 1003, ""accuracy"": 0.7876370887337986}, ""y0_a1"": {""n"": 120, ""accuracy"": 0.825}, ""y1_a0"": {""n"": 48, ""accuracy"": 0.8541666666666666}, ""y1_a1"": {""n"": 380, ""accuracy"": 0.8657894736842106}}",0.40585575980700783
corr,tube,raddino_518,i2e_balanced,0.0,456,test_rev,0.9038186266758764,0.8894422310756972,0.8888960164218359,1551,428,1039,0.8104448742746615,0.8264443122144456,0.7478991596638656,"{""y0_a0"": {""n"": 119, ""accuracy"": 0.7478991596638656}, ""y0_a1"": {""n"": 1004, ""accuracy"": 0.795816733067729}, ""y1_a0"": {""n"": 393, ""accuracy"": 0.8676844783715013}, ""y1_a1"": {""n"": 35, ""accuracy"": 0.8}}",0.40585575980700783
corr,tube,raddino_518,i2e_rank1,0.0,456,clean,0.9152844933048161,,0.9152844933048161,1551,428,0,0.8272082527401676,0.8445273424821698,,"{""y0_a0"": {""n"": 1123, ""accuracy"": 0.8058771148708815}, ""y0_a1"": {""n"": 0, ""accuracy"": NaN}, ""y1_a0"": {""n"": 428, ""accuracy"": 0.883177570093458}, ""y1_a1"": {""n"": 0, ""accuracy"": NaN}}",0.4064763634816278
corr,tube,raddino_518,i2e_rank1,0.0,456,test_corr,0.9156756351894542,0.9162280701754386,0.9264498172150216,1551,428,500,0.8272082527401676,0.8445273424821698,0.80259222333001,"{""y0_a0"": {""n"": 1003, ""accuracy"": 0.80259222333001}, ""y0_a1"": {""n"": 120, ""accuracy"": 0.8333333333333334}, ""y1_a0"": {""n"": 48, ""accuracy"": 0.875}, ""y1_a1"": {""n"": 380, ""accuracy"": 0.8842105263157894}}",0.4064763634816278
corr,tube,raddino_518,i2e_rank1,0.0,456,test_rev,0.9147123442714358,0.9033010813887309,0.9050398785468385,1551,428,1039,0.8265635074145713,0.8440821065071029,0.7647058823529411,"{""y0_a0"": {""n"": 119, ""accuracy"": 0.7647058823529411}, ""y0_a1"": {""n"": 1004, ""accuracy"": 0.8097609561752988}, ""y1_a0"": {""n"": 393, ""accuracy"": 0.8854961832061069}, ""y1_a1"": {""n"": 35, ""accuracy"": 0.8571428571428571}}",0.4064763634816278
corr,tube,raddino_518,insert_aug,0.0,456,clean,0.9154280506986461,,0.9154280506986461,1551,428,0,0.8355899419729207,0.8488694335100406,,"{""y0_a0"": {""n"": 1123, ""accuracy"": 0.8192341941228851}, ""y0_a1"": {""n"": 0, ""accuracy"": NaN}, ""y1_a0"": {""n"": 428, ""accuracy"": 0.8785046728971962}, ""y1_a1"": {""n"": 0, ""accuracy"": NaN}}",0.40513563528337176
corr,tube,raddino_518,insert_aug,0.0,456,test_corr,0.9157921455380699,0.9160745614035087,0.925494350282486,1551,428,500,0.8355899419729207,0.8488694335100406,0.8165503489531406,"{""y0_a0"": {""n"": 1003, ""accuracy"": 0.8165503489531406}, ""y0_a1"": {""n"": 120, ""accuracy"": 0.8416666666666667}, ""y1_a0"": {""n"": 48, ""accuracy"": 0.8541666666666666}, ""y1_a1"": {""n"": 380, ""accuracy"": 0.881578947368421}}",0.40513563528337176
corr,tube,raddino_518,insert_aug,0.0,456,test_rev,0.914849660039447,0.9010244735344337,0.9052964697329314,1551,428,1039,0.8355899419729207,0.8488694335100406,0.7983193277310925,"{""y0_a0"": {""n"": 119, ""accuracy"": 0.7983193277310925}, ""y0_a1"": {""n"": 1004, ""accuracy"": 0.8217131474103586}, ""y1_a0"": {""n"": 393, ""accuracy"": 0.8829516539440203}, ""y1_a1"": {""n"": 35, ""accuracy"": 0.8285714285714286}}",0.40513563528337176
corr,tube,raddino_518,mte,0.0,456,clean,0.902526610131407,,0.902526610131407,1551,428,0,0.8117343649258543,0.8273347841645792,,"{""y0_a0"": {""n"": 1123, ""accuracy"": 0.792520035618878}, ""y0_a1"": {""n"": 0, ""accuracy"": NaN}, ""y1_a0"": {""n"": 428, ""accuracy"": 0.8621495327102804}, ""y1_a1"": {""n"": 0, ""accuracy"": NaN}}",0.3436446140673385
corr,tube,raddino_518,mte,0.0,456,test_corr,0.902526610131407,0.9048245614035086,0.9085244267198405,1551,428,500,0.8117343649258543,0.8273347841645792,0.7916666666666666,"{""y0_a0"": {""n"": 1003, ""accuracy"": 0.7926221335992024}, ""y0_a1"": {""n"": 120, ""accuracy"": 0.7916666666666666}, ""y1_a0"": {""n"": 48, ""accuracy"": 0.8541666666666666}, ""y1_a1"": {""n"": 380, ""accuracy"": 0.8631578947368421}}",0.3436446140673385
corr,tube,raddino_518,mte,0.0,456,test_rev,0.902526610131407,0.8848036425725669,0.885218209421173,1551,428,1039,0.8117343649258543,0.8273347841645792,0.7310924369747899,"{""y0_a0"": {""n"": 119, ""accuracy"": 0.7310924369747899}, ""y0_a1"": {""n"": 1004, ""accuracy"": 0.799800796812749}, ""y1_a0"": {""n"": 393, ""accuracy"": 0.8676844783715013}, ""y1_a1"": {""n"": 35, ""accuracy"": 0.8}}",0.3436446140673385
corr,tube,raddino_518,mte_balanced,0.0,456,clean,0.8930580637644493,,0.8930580637644493,1551,428,0,0.8085106382978723,0.8171557327252603,,"{""y0_a0"": {""n"": 1123, ""accuracy"": 0.7978628673196795}, ""y0_a1"": {""n"": 0, ""accuracy"": NaN}, ""y1_a0"": {""n"": 428, ""accuracy"": 0.8364485981308412}, ""y1_a1"": {""n"": 0, ""accuracy"": NaN}}",0.41932863833866674
corr,tube,raddino_518,mte_balanced,0.0,456,test_corr,0.8930580637644493,0.8960087719298245,0.9012753406447325,1551,428,500,0.8085106382978723,0.8171557327252603,0.7916666666666666,"{""y0_a0"": {""n"": 1003, ""accuracy"": 0.7986041874376869}, ""y0_a1"": {""n"": 120, ""accuracy"": 0.7916666666666666}, ""y1_a0"": {""n"": 48, ""accuracy"": 0.8333333333333334}, ""y1_a1"": {""n"": 380, ""accuracy"": 0.8368421052631579}}",0.41932863833866674
corr,tube,raddino_518,mte_balanced,0.0,456,test_rev,0.8930580637644493,0.8856573705179283,0.8725169457095816,1551,428,1039,0.8085106382978723,0.8171557327252603,0.7647058823529411,"{""y0_a0"": {""n"": 119, ""accuracy"": 0.7647058823529411}, ""y0_a1"": {""n"": 1004, ""accuracy"": 0.8017928286852589}, ""y1_a0"": {""n"": 393, ""accuracy"": 0.8396946564885496}, ""y1_a1"": {""n"": 35, ""accuracy"": 0.8}}",0.41932863833866674
corr,tube,raddino_518,ui2e,0.0,456,clean,0.9033733907008097,,0.9033733907008097,1551,428,0,0.8471953578336557,0.8424239145812702,,"{""y0_a0"": {""n"": 1123, ""accuracy"": 0.8530721282279609}, ""y0_a1"": {""n"": 0, ""accuracy"": NaN}, ""y1_a0"": {""n"": 428, ""accuracy"": 0.8317757009345794}, ""y1_a1"": {""n"": 0, ""accuracy"": NaN}}",0.45649111698741346
corr,tube,raddino_518,ui2e,0.0,456,test_corr,0.9036771498239862,0.9055482456140351,0.919138418079096,1551,428,500,0.8471953578336557,0.8424239145812702,0.8315789473684211,"{""y0_a0"": {""n"": 1003, ""accuracy"": 0.8514456630109671}, ""y0_a1"": {""n"": 120, ""accuracy"": 0.8666666666666667}, ""y1_a0"": {""n"": 48, ""accuracy"": 0.8333333333333334}, ""y1_a1"": {""n"": 380, ""accuracy"": 0.8315789473684211}}",0.45649111698741346
corr,tube,raddino_518,ui2e,0.0,456,test_rev,0.9029489601451387,0.8945930563460442,0.8910342763059422,1551,428,1039,0.8465506125080593,0.8419786786062033,0.8,"{""y0_a0"": {""n"": 119, ""accuracy"": 0.8235294117647058}, ""y0_a1"": {""n"": 1004, ""accuracy"": 0.8555776892430279}, ""y1_a0"": {""n"": 393, ""accuracy"": 0.8346055979643766}, ""y1_a1"": {""n"": 35, ""accuracy"": 0.8}}",0.45649111698741346
corr,tube,raddino_518,ui2e_balanced,0.0,456,clean,0.8999092883714349,,0.8999092883714349,1551,428,0,0.8278529980657641,0.8297898236532653,,"{""y0_a0"": {""n"": 1123, ""accuracy"": 0.8254674977738201}, ""y0_a1"": {""n"": 0, ""accuracy"": NaN}, ""y1_a0"": {""n"": 428, ""accuracy"": 0.8341121495327103}, ""y1_a1"": {""n"": 0, ""accuracy"": NaN}}",0.4445308420005275
corr,tube,raddino_518,ui2e_balanced,0.0,456,test_corr,0.900200564242974,0.8990350877192983,0.9220671319375208,1551,428,500,0.8291424887169568,0.832126272251396,0.8235294117647058,"{""y0_a0"": {""n"": 1003, ""accuracy"": 0.8235294117647058}, ""y0_a1"": {""n"": 120, ""accuracy"": 0.8416666666666667}, ""y1_a0"": {""n"": 48, ""accuracy"": 0.8333333333333334}, ""y1_a1"": {""n"": 380, ""accuracy"": 0.8394736842105263}}",0.4445308420005275
corr,tube,raddino_518,ui2e_balanced,0.0,456,test_rev,0.8997199590549345,0.8889015367103017,0.883871105694186,1551,428,1039,0.8259187620889749,0.8284541157280649,0.7983193277310925,"{""y0_a0"": {""n"": 119, ""accuracy"": 0.7983193277310925}, ""y0_a1"": {""n"": 1004, ""accuracy"": 0.8256972111553785}, ""y1_a0"": {""n"": 393, ""accuracy"": 0.8371501272264631}, ""y1_a1"": {""n"": 35, ""accuracy"": 0.8}}",0.4445308420005275
corr,tube,raddino_518,umte,0.0,456,clean,0.89061966861128,,0.89061966861128,1551,428,0,0.8388136686009027,0.8373588352294006,,"{""y0_a0"": {""n"": 1123, ""accuracy"": 0.8406055209260909}, ""y0_a1"": {""n"": 0, ""accuracy"": NaN}, ""y1_a0"": {""n"": 428, ""accuracy"": 0.8341121495327103}, ""y1_a1"": {""n"": 0, ""accuracy"": NaN}}",0.42211938895902984
corr,tube,raddino_518,umte,0.0,456,test_corr,0.89061966861128,0.8958114035087719,0.8943170488534397,1551,428,500,0.8388136686009027,0.8373588352294006,0.8315789473684211,"{""y0_a0"": {""n"": 1003, ""accuracy"": 0.8404785643070788}, ""y0_a1"": {""n"": 120, ""accuracy"": 0.8416666666666667}, ""y1_a0"": {""n"": 48, ""accuracy"": 0.8541666666666666}, ""y1_a1"": {""n"": 380, ""accuracy"": 0.8315789473684211}}",0.42211938895902984
corr,tube,raddino_518,umte,0.0,456,test_rev,0.89061966861128,0.880221969265794,0.8712553723779588,1551,428,1039,0.8388136686009027,0.8373588352294006,0.7899159663865546,"{""y0_a0"": {""n"": 119, ""accuracy"": 0.7899159663865546}, ""y0_a1"": {""n"": 1004, ""accuracy"": 0.8466135458167331}, ""y1_a0"": {""n"": 393, ""accuracy"": 0.8346055979643766}, ""y1_a1"": {""n"": 35, ""accuracy"": 0.8285714285714286}}",0.42211938895902984
corr,tube,raddino_518,umte_balanced,0.0,456,clean,0.8845777748187847,,0.8845777748187847,1551,428,0,0.8059316569954867,0.8226046720649796,,"{""y0_a0"": {""n"": 1123, ""accuracy"": 0.7853962600178095}, ""y0_a1"": {""n"": 0, ""accuracy"": NaN}, ""y1_a0"": {""n"": 428, ""accuracy"": 0.8598130841121495}, ""y1_a1"": {""n"": 0, ""accuracy"": NaN}}",0.36429785441777385
corr,tube,raddino_518,umte_balanced,0.0,456,test_corr,0.8845777748187847,0.8887280701754388,0.8879818876703224,1551,428,500,0.8059316569954867,0.8226046720649796,0.7833333333333333,"{""y0_a0"": {""n"": 1003, ""accuracy"": 0.7856430707876371}, ""y0_a1"": {""n"": 120, ""accuracy"": 0.7833333333333333}, ""y1_a0"": {""n"": 48, ""accuracy"": 0.8541666666666666}, ""y1_a1"": {""n"": 380, ""accuracy"": 0.8605263157894737}}",0.36429785441777385
corr,tube,raddino_518,umte_balanced,0.0,456,test_rev,0.8845777748187847,0.8643710870802503,0.865182714307097,1551,428,1039,0.8059316569954867,0.8226046720649796,0.7563025210084033,"{""y0_a0"": {""n"": 119, ""accuracy"": 0.7563025210084033}, ""y0_a1"": {""n"": 1004, ""accuracy"": 0.7888446215139442}, ""y1_a0"": {""n"": 393, ""accuracy"": 0.8600508905852418}, ""y1_a1"": {""n"": 35, ""accuracy"": 0.8571428571428571}}",0.36429785441777385
corr,tube,raddino_518,erm,0.25,42,clean,0.9115436788974791,,0.9115436788974791,1551,428,0,0.804642166344294,0.8318360366508268,,"{""y0_a0"": {""n"": 1123, ""accuracy"": 0.7711487088156723}, ""y0_a1"": {""n"": 0, ""accuracy"": NaN}, ""y1_a0"": {""n"": 428, ""accuracy"": 0.8925233644859814}, ""y1_a1"": {""n"": 0, ""accuracy"": NaN}}",0.35090721862267565
corr,tube,raddino_518,erm,0.25,42,test_corr,0.9356862875641847,0.8601937373282271,0.9417280801209372,1551,428,501,0.7956157317859446,0.842954452775859,0.41739130434782606,"{""y0_a0"": {""n"": 1008, ""accuracy"": 0.7738095238095238}, ""y0_a1"": {""n"": 115, ""accuracy"": 0.41739130434782606}, ""y1_a0"": {""n"": 42, ""accuracy"": 0.9523809523809523}, ""y1_a1"": {""n"": 386, ""accuracy"": 0.9481865284974094}}",0.35090721862267565
corr,tube,raddino_518,erm,0.25,42,test_rev,0.8556145504781085,0.9148833622517832,0.9206102475532527,1551,428,1030,0.6312056737588653,0.7135135360058589,0.4908906882591093,"{""y0_a0"": {""n"": 135, ""accuracy"": 0.8148148148148148}, ""y0_a1"": {""n"": 988, ""accuracy"": 0.4908906882591093}, ""y1_a0"": {""n"": 386, ""accuracy"": 0.8860103626943006}, ""y1_a1"": {""n"": 42, ""accuracy"": 1.0}}",0.35090721862267565
corr,tube,raddino_518,mask,0.25,42,clean,0.90843534923977,,0.90843534923977,1551,428,0,0.8471953578336557,0.8286871364252961,,"{""y0_a0"": {""n"": 1123, ""accuracy"": 0.8699910952804987}, ""y0_a1"": {""n"": 0, ""accuracy"": NaN}, ""y1_a0"": {""n"": 428, ""accuracy"": 0.7873831775700935}, ""y1_a1"": {""n"": 0, ""accuracy"": NaN}}",0.47927433122429275
corr,tube,raddino_518,mask,0.25,42,test_corr,0.9236253859405298,0.8742284298265376,0.9426020408163266,1551,428,501,0.8562217923920051,0.8493802065562037,0.7652173913043478,"{""y0_a0"": {""n"": 1008, ""accuracy"": 0.8759920634920635}, ""y0_a1"": {""n"": 115, ""accuracy"": 0.7652173913043478}, ""y1_a0"": {""n"": 42, ""accuracy"": 0.8571428571428571}, ""y1_a1"": {""n"": 386, ""accuracy"": 0.8316062176165803}}",0.47927433122429275
corr,tube,raddino_518,mask,0.25,42,test_rev,0.8871056332753555,0.9273423944476575,0.9135098829399346,1551,428,1030,0.8278529980657641,0.8189449987932857,0.7901554404145078,"{""y0_a0"": {""n"": 135, ""accuracy"": 0.8888888888888888}, ""y0_a1"": {""n"": 988, ""accuracy"": 0.8319838056680162}, ""y1_a0"": {""n"": 386, ""accuracy"": 0.7901554404145078}, ""y1_a1"": {""n"": 42, ""accuracy"": 0.8809523809523809}}",0.47927433122429275
corr,tube,raddino_518,inpaint,0.25,42,clean,0.9157442930734597,,0.9157442930734597,1551,428,0,0.8168923275306254,0.8410185085010944,,"{""y0_a0"": {""n"": 1123, ""accuracy"": 0.7871772039180766}, ""y0_a1"": {""n"": 0, ""accuracy"": NaN}, ""y1_a0"": {""n"": 428, ""accuracy"": 0.8948598130841121}, ""y1_a1"": {""n"": 0, ""accuracy"": NaN}}",0.3908503492315665
corr,tube,raddino_518,inpaint,0.25,42,test_corr,0.9180204059553433,0.8854246451903582,0.9413973922902494,1551,428,501,0.816247582205029,0.8420192491740248,0.7043478260869566,"{""y0_a0"": {""n"": 1008, ""accuracy"": 0.7936507936507936}, ""y0_a1"": {""n"": 115, ""accuracy"": 0.7043478260869566}, ""y1_a0"": {""n"": 42, ""accuracy"": 0.9523809523809523}, ""y1_a1"": {""n"": 386, ""accuracy"": 0.8937823834196891}}",0.3908503492315665
corr,tube,raddino_518,inpaint,0.25,42,test_rev,0.9128835479065588,0.929848660111818,0.9229514488581846,1551,428,1030,0.8059316569954867,0.8334494969249591,0.7651821862348178,"{""y0_a0"": {""n"": 135, ""accuracy"": 0.8222222222222222}, ""y0_a1"": {""n"": 988, ""accuracy"": 0.7651821862348178}, ""y1_a0"": {""n"": 386, ""accuracy"": 0.8886010362694301}, ""y1_a1"": {""n"": 42, ""accuracy"": 0.9523809523809523}}",0.3908503492315665
corr,tube,raddino_518,balanced,0.25,42,clean,0.9145334176646334,,0.9145334176646334,1551,428,0,0.8446163765312702,0.8442579123009961,,"{""y0_a0"": {""n"": 1123, ""accuracy"": 0.8450578806767587}, ""y0_a1"": {""n"": 0, ""accuracy"": NaN}, ""y1_a0"": {""n"": 428, ""accuracy"": 0.8434579439252337}, ""y1_a1"": {""n"": 0, ""accuracy"": NaN}}",0.462884822518586
corr,tube,raddino_518,balanced,0.25,42,test_corr,0.9137511338953571,0.8811669294886236,0.9379960317460317,1551,428,501,0.8433268858800773,0.8419214637028654,0.7913043478260869,"{""y0_a0"": {""n"": 1008, ""accuracy"": 0.8511904761904762}, ""y0_a1"": {""n"": 115, ""accuracy"": 0.7913043478260869}, ""y1_a0"": {""n"": 42, ""accuracy"": 0.8809523809523809}, ""y1_a1"": {""n"": 386, ""accuracy"": 0.8341968911917098}}",0.462884822518586
corr,tube,raddino_518,balanced,0.25,42,test_rev,0.9137053619726867,0.9298245614035088,0.9241604298599116,1551,428,1030,0.8439716312056738,0.8438126763259294,0.8390688259109311,"{""y0_a0"": {""n"": 135, ""accuracy"": 0.8814814814814815}, ""y0_a1"": {""n"": 988, ""accuracy"": 0.8390688259109311}, ""y1_a0"": {""n"": 386, ""accuracy"": 0.8419689119170984}, ""y1_a1"": {""n"": 42, ""accuracy"": 0.8571428571428571}}",0.462884822518586
corr,tube,raddino_518,dfr,0.25,42,clean,0.8990770715956093,,0.8990770715956093,1551,428,0,0.8523533204384268,0.8322490242258304,,"{""y0_a0"": {""n"": 1123, ""accuracy"": 0.8771148708815673}, ""y0_a1"": {""n"": 0, ""accuracy"": NaN}, ""y1_a0"": {""n"": 428, ""accuracy"": 0.7873831775700935}, ""y1_a1"": {""n"": 0, ""accuracy"": NaN}}",0.5883063646080948
corr,tube,raddino_518,dfr,0.25,42,test_corr,0.9047278235034661,0.8636855147555755,0.9251936885865457,1551,428,501,0.8536428110896196,0.8353084611479598,0.7927461139896373,"{""y0_a0"": {""n"": 1008, ""accuracy"": 0.8839285714285714}, ""y0_a1"": {""n"": 115, ""accuracy"": 0.808695652173913}, ""y1_a0"": {""n"": 42, ""accuracy"": 0.8095238095238095}, ""y1_a1"": {""n"": 386, ""accuracy"": 0.7927461139896373}}",0.5883063646080948
corr,tube,raddino_518,dfr,0.25,42,test_rev,0.8909296693602752,0.9065934065934066,0.9088850508539628,1551,428,1030,0.8452611218568665,0.8273514285000957,0.7823834196891192,"{""y0_a0"": {""n"": 135, ""accuracy"": 0.8962962962962963}, ""y0_a1"": {""n"": 988, ""accuracy"": 0.8633603238866396}, ""y1_a0"": {""n"": 386, ""accuracy"": 0.7823834196891192}, ""y1_a1"": {""n"": 42, ""accuracy"": 0.8333333333333334}}",0.5883063646080948
corr,tube,raddino_518,leace,0.25,42,clean,0.9146291225938532,,0.9146291225938532,1551,428,0,0.8201160541586073,0.8410757234044324,,"{""y0_a0"": {""n"": 1123, ""accuracy"": 0.7943009795191451}, ""y0_a1"": {""n"": 0, ""accuracy"": NaN}, ""y1_a0"": {""n"": 428, ""accuracy"": 0.8878504672897196}, ""y1_a1"": {""n"": 0, ""accuracy"": NaN}}",0.3975587901571414
corr,tube,raddino_518,leace,0.25,42,test_corr,0.9121657609374091,0.8830592475782836,0.9390589569160998,1551,428,501,0.8201160541586073,0.8410757234044324,0.7304347826086957,"{""y0_a0"": {""n"": 1008, ""accuracy"": 0.8015873015873016}, ""y0_a1"": {""n"": 115, ""accuracy"": 0.7304347826086957}, ""y1_a0"": {""n"": 42, ""accuracy"": 0.9523809523809523}, ""y1_a1"": {""n"": 386, ""accuracy"": 0.8808290155440415}}",0.3975587901571414
corr,tube,raddino_518,leace,0.25,42,test_rev,0.9146769750584632,0.9279207634470792,0.9213970447131069,1551,428,1030,0.8220502901353965,0.8416884430056342,0.7945344129554656,"{""y0_a0"": {""n"": 135, ""accuracy"": 0.8222222222222222}, ""y0_a1"": {""n"": 988, ""accuracy"": 0.7945344129554656}, ""y1_a0"": {""n"": 386, ""accuracy"": 0.8808290155440415}, ""y1_a1"": {""n"": 42, ""accuracy"": 0.9285714285714286}}",0.3975587901571414
corr,tube,raddino_518,i2e,0.25,42,clean,0.9078798445419063,,0.9078798445419063,1551,428,0,0.816247582205029,0.8340663776100399,,"{""y0_a0"": {""n"": 1123, ""accuracy"": 0.7943009795191451}, ""y0_a1"": {""n"": 0, ""accuracy"": NaN}, ""y1_a0"": {""n"": 428, ""accuracy"": 0.8738317757009346}, ""y1_a1"": {""n"": 0, ""accuracy"": NaN}}",0.3990472365384816
corr,tube,raddino_518,i2e,0.25,42,test_corr,0.9077134011867412,0.8810092363144852,0.9300831443688586,1551,428,501,0.8143133462282398,0.8320076813608408,0.7217391304347827,"{""y0_a0"": {""n"": 1008, ""accuracy"": 0.8005952380952381}, ""y0_a1"": {""n"": 115, ""accuracy"": 0.7217391304347827}, ""y1_a0"": {""n"": 42, ""accuracy"": 0.9285714285714286}, ""y1_a1"": {""n"": 386, ""accuracy"": 0.8652849740932642}}",0.3990472365384816
corr,tube,raddino_518,i2e,0.25,42,test_rev,0.906400579222876,0.9311258916522074,0.915505661101516,1551,428,1030,0.8123791102514507,0.8313949617596392,0.7834008097165992,"{""y0_a0"": {""n"": 135, ""accuracy"": 0.8296296296296296}, ""y0_a1"": {""n"": 988, ""accuracy"": 0.7834008097165992}, ""y1_a0"": {""n"": 386, ""accuracy"": 0.8704663212435233}, ""y1_a1"": {""n"": 42, ""accuracy"": 0.9047619047619048}}",0.3990472365384816
corr,tube,raddino_518,i2e_balanced,0.25,42,clean,0.9096420635647173,,0.9096420635647173,1551,428,0,0.8517085751128304,0.8375876948427526,,"{""y0_a0"": {""n"": 1123, ""accuracy"": 0.8691006233303651}, ""y0_a1"": {""n"": 0, ""accuracy"": NaN}, ""y1_a0"": {""n"": 428, ""accuracy"": 0.8060747663551402}, ""y1_a1"": {""n"": 0, ""accuracy"": NaN}}",0.4887942277841783
corr,tube,raddino_518,i2e_balanced,0.25,42,test_corr,0.9089055517181117,0.8813696778553729,0.9292328042328042,1551,428,501,0.851063829787234,0.8364194705436871,0.7857142857142857,"{""y0_a0"": {""n"": 1008, ""accuracy"": 0.8759920634920635}, ""y0_a1"": {""n"": 115, ""accuracy"": 0.808695652173913}, ""y1_a0"": {""n"": 42, ""accuracy"": 0.7857142857142857}, ""y1_a1"": {""n"": 386, ""accuracy"": 0.805699481865285}}",0.4887942277841783
corr,tube,raddino_518,i2e_balanced,0.25,42,test_rev,0.9090179009828481,0.9347647966069019,0.920456726156208,1551,428,1030,0.8504190844616376,0.836697222892619,0.8005181347150259,"{""y0_a0"": {""n"": 135, ""accuracy"": 0.9111111111111111}, ""y0_a1"": {""n"": 988, ""accuracy"": 0.861336032388664}, ""y1_a0"": {""n"": 386, ""accuracy"": 0.8005181347150259}, ""y1_a1"": {""n"": 42, ""accuracy"": 0.8571428571428571}}",0.4887942277841783
corr,tube,raddino_518,i2e_rank1,0.25,42,clean,0.9132330789524055,,0.9132330789524055,1551,428,0,0.8323662153449387,0.8444742886627108,,"{""y0_a0"": {""n"": 1123, ""accuracy"": 0.8174532502226179}, ""y0_a1"": {""n"": 0, ""accuracy"": NaN}, ""y1_a0"": {""n"": 428, ""accuracy"": 0.8714953271028038}, ""y1_a1"": {""n"": 0, ""accuracy"": NaN}}",0.4161232608895646
corr,tube,raddino_518,i2e_rank1,0.25,42,test_corr,0.9212702124649429,0.8860328902906061,0.9397439531368103,1551,428,501,0.8317214700193424,0.8476439943076373,0.6956521739130435,"{""y0_a0"": {""n"": 1008, ""accuracy"": 0.8253968253968254}, ""y0_a1"": {""n"": 115, ""accuracy"": 0.6956521739130435}, ""y1_a0"": {""n"": 42, ""accuracy"": 0.9523809523809523}, ""y1_a1"": {""n"": 386, ""accuracy"": 0.8756476683937824}}",0.4161232608895646
corr,tube,raddino_518,i2e_rank1,0.25,42,test_rev,0.9020959379499172,0.9320175438596491,0.9180387641527538,1551,428,1030,0.8110896196002579,0.8305044898095055,0.7813765182186235,"{""y0_a0"": {""n"": 135, ""accuracy"": 0.8296296296296296}, ""y0_a1"": {""n"": 988, ""accuracy"": 0.7813765182186235}, ""y1_a0"": {""n"": 386, ""accuracy"": 0.8678756476683938}, ""y1_a1"": {""n"": 42, ""accuracy"": 0.9285714285714286}}",0.4161232608895646
corr,tube,raddino_518,insert_aug,0.25,42,clean,0.9145771090453642,,0.9145771090453642,1551,428,0,0.8207607994842038,0.8407979710555005,,"{""y0_a0"": {""n"": 1123, ""accuracy"": 0.7960819234194123}, ""y0_a1"": {""n"": 0, ""accuracy"": NaN}, ""y1_a0"": {""n"": 428, ""accuracy"": 0.8855140186915887}, ""y1_a1"": {""n"": 0, ""accuracy"": NaN}}",0.3522319314421878
corr,tube,raddino_518,insert_aug,0.25,42,test_corr,0.9272933813799819,0.8804009912142374,0.9399801587301587,1551,428,501,0.8220502901353965,0.8496413145696191,0.6434782608695652,"{""y0_a0"": {""n"": 1008, ""accuracy"": 0.8045634920634921}, ""y0_a1"": {""n"": 115, ""accuracy"": 0.6434782608695652}, ""y1_a0"": {""n"": 42, ""accuracy"": 0.9523809523809523}, ""y1_a1"": {""n"": 386, ""accuracy"": 0.9067357512953368}}",0.3522319314421878
corr,tube,raddino_518,insert_aug,0.25,42,test_rev,0.8952884047236623,0.9306680161943319,0.9208597198234504,1551,428,1030,0.7736943907156673,0.8082957448756252,0.7165991902834008,"{""y0_a0"": {""n"": 135, ""accuracy"": 0.837037037037037}, ""y0_a1"": {""n"": 988, ""accuracy"": 0.7165991902834008}, ""y1_a0"": {""n"": 386, ""accuracy"": 0.8782383419689119}, ""y1_a1"": {""n"": 42, ""accuracy"": 0.9523809523809523}}",0.3522319314421878
corr,tube,raddino_518,mte,0.25,42,clean,0.9019440583883291,,0.9019440583883291,1551,428,0,0.8343004513217279,0.8385801133479249,,"{""y0_a0"": {""n"": 1123, ""accuracy"": 0.8290293855743545}, ""y0_a1"": {""n"": 0, ""accuracy"": NaN}, ""y1_a0"": {""n"": 428, ""accuracy"": 0.8481308411214953}, ""y1_a1"": {""n"": 0, ""accuracy"": NaN}}",0.38443375342753566
corr,tube,raddino_518,mte,0.25,42,test_corr,0.9042929902380973,0.8714124802883533,0.9334845049130763,1551,428,501,0.8362346872985171,0.8420847862451212,0.7652173913043478,"{""y0_a0"": {""n"": 1008, ""accuracy"": 0.8363095238095238}, ""y0_a1"": {""n"": 115, ""accuracy"": 0.7652173913043478}, ""y1_a0"": {""n"": 42, ""accuracy"": 0.9047619047619048}, ""y1_a1"": {""n"": 386, ""accuracy"": 0.8497409326424871}}",0.38443375342753566
corr,tube,raddino_518,mte,0.25,42,test_rev,0.8998843218681603,0.9195585116637748,0.9113413932066781,1551,428,1030,0.8330109606705351,0.83841262972179,0.8228744939271255,"{""y0_a0"": {""n"": 135, ""accuracy"": 0.8518518518518519}, ""y0_a1"": {""n"": 988, ""accuracy"": 0.8228744939271255}, ""y1_a0"": {""n"": 386, ""accuracy"": 0.844559585492228}, ""y1_a1"": {""n"": 42, ""accuracy"": 0.9047619047619048}}",0.38443375342753566
corr,tube,raddino_518,mte_balanced,0.25,42,clean,0.8984633117234377,,0.8984633117234377,1551,428,0,0.8110896196002579,0.8239975948935179,,"{""y0_a0"": {""n"": 1123, ""accuracy"": 0.7951914514692787}, ""y0_a1"": {""n"": 0, ""accuracy"": NaN}, ""y1_a0"": {""n"": 428, ""accuracy"": 0.852803738317757}, ""y1_a1"": {""n"": 0, ""accuracy"": NaN}}",0.3511191957029653
corr,tube,raddino_518,mte_balanced,0.25,42,test_corr,0.8999633824618638,0.8666816850642037,0.9328703703703703,1551,428,501,0.8110896196002579,0.8239975948935179,0.7391304347826086,"{""y0_a0"": {""n"": 1008, ""accuracy"": 0.8015873015873016}, ""y0_a1"": {""n"": 115, ""accuracy"": 0.7391304347826086}, ""y1_a0"": {""n"": 42, ""accuracy"": 0.9285714285714286}, ""y1_a1"": {""n"": 386, ""accuracy"": 0.844559585492228}}",0.3511191957029653
corr,tube,raddino_518,mte_balanced,0.25,42,test_rev,0.8973855909987434,0.9180643917486022,0.9106697370946075,1551,428,1030,0.8072211476466795,0.8213261790431172,0.7813765182186235,"{""y0_a0"": {""n"": 135, ""accuracy"": 0.8518518518518519}, ""y0_a1"": {""n"": 988, ""accuracy"": 0.7813765182186235}, ""y1_a0"": {""n"": 386, ""accuracy"": 0.844559585492228}, ""y1_a1"": {""n"": 42, ""accuracy"": 0.9285714285714286}}",0.3511191957029653
corr,tube,raddino_518,ui2e,0.25,42,clean,0.902884463345012,,0.902884463345012,1551,428,0,0.8355899419729207,0.8387475969740599,,"{""y0_a0"": {""n"": 1123, ""accuracy"": 0.8317008014247551}, ""y0_a1"": {""n"": 0, ""accuracy"": NaN}, ""y1_a0"": {""n"": 428, ""accuracy"": 0.8457943925233645}, ""y1_a1"": {""n"": 0, ""accuracy"": NaN}}",0.4339468864705408
corr,tube,raddino_518,ui2e,0.25,42,test_corr,0.9052999725368462,0.8750168956972291,0.9195483749055178,1551,428,501,0.8368794326241135,0.8418070338961893,0.782608695652174,"{""y0_a0"": {""n"": 1008, ""accuracy"": 0.8363095238095238}, ""y0_a1"": {""n"": 115, ""accuracy"": 0.782608695652174}, ""y1_a0"": {""n"": 42, ""accuracy"": 0.8809523809523809}, ""y1_a1"": {""n"": 386, ""accuracy"": 0.8497409326424871}}",0.4339468864705408
corr,tube,raddino_518,ui2e,0.25,42,test_rev,0.8988502925241968,0.930258338153075,0.9099405104586452,1551,428,1030,0.8284977433913604,0.8338500012483252,0.8147773279352226,"{""y0_a0"": {""n"": 135, ""accuracy"": 0.8740740740740741}, ""y0_a1"": {""n"": 988, ""accuracy"": 0.8147773279352226}, ""y1_a0"": {""n"": 386, ""accuracy"": 0.8419689119170984}, ""y1_a1"": {""n"": 42, ""accuracy"": 0.8809523809523809}}",0.4339468864705408
corr,tube,raddino_518,ui2e_balanced,0.25,42,clean,0.8995181464867968,,0.8995181464867968,1551,428,0,0.8439716312056738,0.8322448631419512,,"{""y0_a0"": {""n"": 1123, ""accuracy"": 0.8584149599287623}, ""y0_a1"": {""n"": 0, ""accuracy"": NaN}, ""y1_a0"": {""n"": 428, ""accuracy"": 0.8060747663551402}, ""y1_a1"": {""n"": 0, ""accuracy"": NaN}}",0.48238170586694135
corr,tube,raddino_518,ui2e_balanced,0.25,42,test_corr,0.8983717678780969,0.8712322595179095,0.9118716931216931,1551,428,501,0.8446163765312702,0.8326900991170181,0.805699481865285,"{""y0_a0"": {""n"": 1008, ""accuracy"": 0.8640873015873016}, ""y0_a1"": {""n"": 115, ""accuracy"": 0.8173913043478261}, ""y1_a0"": {""n"": 42, ""accuracy"": 0.8095238095238095}, ""y1_a1"": {""n"": 386, ""accuracy"": 0.805699481865285}}",0.48238170586694135
corr,tube,raddino_518,ui2e_balanced,0.25,42,test_rev,0.8991311656860378,0.9293184885290148,0.9086547687583958,1551,428,1030,0.8446163765312702,0.8326900991170181,0.8031088082901554,"{""y0_a0"": {""n"": 135, ""accuracy"": 0.9037037037037037}, ""y0_a1"": {""n"": 988, ""accuracy"": 0.8532388663967612}, ""y1_a0"": {""n"": 386, ""accuracy"": 0.8031088082901554}, ""y1_a1"": {""n"": 42, ""accuracy"": 0.8333333333333334}}",0.48238170586694135
corr,tube,raddino_518,umte,0.25,42,clean,0.890790273050324,,0.890790273050324,1551,428,0,0.8349451966473244,0.8361333960269971,,"{""y0_a0"": {""n"": 1123, ""accuracy"": 0.8334817453250223}, ""y0_a1"": {""n"": 0, ""accuracy"": NaN}, ""y1_a0"": {""n"": 428, ""accuracy"": 0.8387850467289719}, ""y1_a1"": {""n"": 0, ""accuracy"": NaN}}",0.41490349765653906
corr,tube,raddino_518,umte,0.25,42,test_corr,0.8922653772854753,0.8561162423969362,0.9147061602418746,1551,428,501,0.8343004513217279,0.8356881600519304,0.7652173913043478,"{""y0_a0"": {""n"": 1008, ""accuracy"": 0.8402777777777778}, ""y0_a1"": {""n"": 115, ""accuracy"": 0.7652173913043478}, ""y1_a0"": {""n"": 42, ""accuracy"": 0.8571428571428571}, ""y1_a1"": {""n"": 386, ""accuracy"": 0.8367875647668394}}",0.41490349765653906
corr,tube,raddino_518,umte,0.25,42,test_rev,0.888832483085194,0.9228359359938307,0.9004029936672423,1551,428,1030,0.8330109606705351,0.8347976881017967,0.8269230769230769,"{""y0_a0"": {""n"": 135, ""accuracy"": 0.8592592592592593}, ""y0_a1"": {""n"": 988, ""accuracy"": 0.8269230769230769}, ""y1_a0"": {""n"": 386, ""accuracy"": 0.8341968911917098}, ""y1_a1"": {""n"": 42, ""accuracy"": 0.8809523809523809}}",0.41490349765653906
corr,tube,raddino_518,umte_balanced,0.25,42,clean,0.885990462795749,,0.885990462795749,1551,428,0,0.8259187620889749,0.8233931974600744,,"{""y0_a0"": {""n"": 1123, ""accuracy"": 0.8290293855743545}, ""y0_a1"": {""n"": 0, ""accuracy"": NaN}, ""y1_a0"": {""n"": 428, ""accuracy"": 0.8177570093457944}, ""y1_a1"": {""n"": 0, ""accuracy"": NaN}}",0.42242928641158806
corr,tube,raddino_518,umte_balanced,0.25,42,test_corr,0.8851873736070772,0.8478711421491326,0.9144227135298564,1551,428,501,0.8246292714377821,0.8210567488619436,0.7565217391304347,"{""y0_a0"": {""n"": 1008, ""accuracy"": 0.8373015873015873}, ""y0_a1"": {""n"": 115, ""accuracy"": 0.7565217391304347}, ""y1_a0"": {""n"": 42, ""accuracy"": 0.8333333333333334}, ""y1_a1"": {""n"": 386, ""accuracy"": 0.810880829015544}}",0.42242928641158806
corr,tube,raddino_518,umte_balanced,0.25,42,test_rev,0.8864232155191785,0.9195344129554656,0.8977355593935904,1551,428,1030,0.8252740167633784,0.8236709498090062,0.8082901554404145,"{""y0_a0"": {""n"": 135, ""accuracy"": 0.8518518518518519}, ""y0_a1"": {""n"": 988, ""accuracy"": 0.8238866396761133}, ""y1_a0"": {""n"": 386, ""accuracy"": 0.8082901554404145}, ""y1_a1"": {""n"": 42, ""accuracy"": 0.9285714285714286}}",0.42242928641158806
corr,tube,raddino_518,erm,0.25,123,clean,0.912213613402019,,0.912213613402019,1551,428,0,0.8278529980657641,0.8377426952172502,,"{""y0_a0"": {""n"": 1123, ""accuracy"": 0.8156723063223509}, ""y0_a1"": {""n"": 0, ""accuracy"": NaN}, ""y1_a0"": {""n"": 428, ""accuracy"": 0.8598130841121495}, ""y1_a1"": {""n"": 0, ""accuracy"": NaN}}",0.3961051222169858
corr,tube,raddino_518,erm,0.25,123,test_corr,0.935694609731943,0.8951923076923077,0.9222166998011927,1551,428,517,0.8284977433913604,0.8548166626442856,0.6495726495726496,"{""y0_a0"": {""n"": 1006, ""accuracy"": 0.8131212723658051}, ""y0_a1"": {""n"": 117, ""accuracy"": 0.6495726495726496}, ""y1_a0"": {""n"": 28, ""accuracy"": 0.8214285714285714}, ""y1_a1"": {""n"": 400, ""accuracy"": 0.92}}",0.3961051222169858
corr,tube,raddino_518,erm,0.25,123,test_rev,0.8580134153344263,0.9079176675615845,0.9273454848260548,1551,428,1053,0.7001934235976789,0.7524779254500212,0.6083086053412463,"{""y0_a0"": {""n"": 112, ""accuracy"": 0.8839285714285714}, ""y0_a1"": {""n"": 1011, ""accuracy"": 0.6083086053412463}, ""y1_a0"": {""n"": 386, ""accuracy"": 0.8601036269430051}, ""y1_a1"": {""n"": 42, ""accuracy"": 0.9523809523809523}}",0.3961051222169858
corr,tube,raddino_518,mask,0.25,123,clean,0.9091885054218922,,0.9091885054218922,1551,428,0,0.8110896196002579,0.8341194314294987,,"{""y0_a0"": {""n"": 1123, ""accuracy"": 0.7827248441674087}, ""y0_a1"": {""n"": 0, ""accuracy"": NaN}, ""y1_a0"": {""n"": 428, ""accuracy"": 0.8855140186915887}, ""y1_a1"": {""n"": 0, ""accuracy"": NaN}}",0.2978478067355658
corr,tube,raddino_518,mask,0.25,123,test_corr,0.9229575319779295,0.8987179487179487,0.9333285998295938,1551,428,517,0.8085106382978723,0.8388453824452193,0.6923076923076923,"{""y0_a0"": {""n"": 1006, ""accuracy"": 0.7803180914512923}, ""y0_a1"": {""n"": 117, ""accuracy"": 0.6923076923076923}, ""y1_a0"": {""n"": 28, ""accuracy"": 0.9285714285714286}, ""y1_a1"": {""n"": 400, ""accuracy"": 0.905}}",0.2978478067355658
corr,tube,raddino_518,mask,0.25,123,test_rev,0.8896355722738659,0.9122745042626347,0.9226498889711324,1551,428,1053,0.7601547388781431,0.8011147543712187,0.6943620178041543,"{""y0_a0"": {""n"": 112, ""accuracy"": 0.8482142857142857}, ""y0_a1"": {""n"": 1011, ""accuracy"": 0.6943620178041543}, ""y1_a0"": {""n"": 386, ""accuracy"": 0.8886010362694301}, ""y1_a1"": {""n"": 42, ""accuracy"": 0.9285714285714286}}",0.2978478067355658
corr,tube,raddino_518,inpaint,0.25,123,clean,0.9157567763250971,,0.9157567763250971,1551,428,0,0.8188265635074146,0.8423542164262947,,"{""y0_a0"": {""n"": 1123, ""accuracy"": 0.7898486197684773}, ""y0_a1"": {""n"": 0, ""accuracy"": NaN}, ""y1_a0"": {""n"": 428, ""accuracy"": 0.8948598130841121}, ""y1_a1"": {""n"": 0, ""accuracy"": NaN}}",0.3929742905045107
corr,tube,raddino_518,inpaint,0.25,123,test_corr,0.9180370502908598,0.9113461538461538,0.926370349332576,1551,428,517,0.8181818181818182,0.8433549570992251,0.7833001988071571,"{""y0_a0"": {""n"": 1006, ""accuracy"": 0.7833001988071571}, ""y0_a1"": {""n"": 117, ""accuracy"": 0.8205128205128205}, ""y1_a0"": {""n"": 28, ""accuracy"": 0.9285714285714286}, ""y1_a1"": {""n"": 400, ""accuracy"": 0.8975}}",0.3929742905045107
corr,tube,raddino_518,inpaint,0.25,123,test_rev,0.9127628764740641,0.9252979134284772,0.9276924500370096,1551,428,1053,0.8110896196002579,0.8370113847254933,0.7685459940652819,"{""y0_a0"": {""n"": 112, ""accuracy"": 0.875}, ""y0_a1"": {""n"": 1011, ""accuracy"": 0.7685459940652819}, ""y1_a0"": {""n"": 386, ""accuracy"": 0.8937823834196891}, ""y1_a1"": {""n"": 42, ""accuracy"": 0.9047619047619048}}",0.3929742905045107
corr,tube,raddino_518,balanced,0.25,123,clean,0.9146103977163972,,0.9146103977163972,1551,428,0,0.8504190844616376,0.852602966020589,,"{""y0_a0"": {""n"": 1123, ""accuracy"": 0.8477292965271594}, ""y0_a1"": {""n"": 0, ""accuracy"": NaN}, ""y1_a0"": {""n"": 428, ""accuracy"": 0.8574766355140186}, ""y1_a1"": {""n"": 0, ""accuracy"": NaN}}",0.4740887945159751
corr,tube,raddino_518,balanced,0.25,123,test_corr,0.907580246502609,0.9108333333333334,0.9300624822493609,1551,428,517,0.8471953578336557,0.846761844525262,0.8425,"{""y0_a0"": {""n"": 1006, ""accuracy"": 0.8429423459244533}, ""y0_a1"": {""n"": 117, ""accuracy"": 0.8888888888888888}, ""y1_a0"": {""n"": 28, ""accuracy"": 0.8928571428571429}, ""y1_a1"": {""n"": 400, ""accuracy"": 0.8425}}",0.4740887945159751
corr,tube,raddino_518,balanced,0.25,123,test_rev,0.9178102712194471,0.9242616928076869,0.9231356402664693,1551,428,1053,0.8568665377176016,0.8570553257712569,0.8095238095238095,"{""y0_a0"": {""n"": 112, ""accuracy"": 0.9107142857142857}, ""y0_a1"": {""n"": 1011, ""accuracy"": 0.8506429277942631}, ""y1_a0"": {""n"": 386, ""accuracy"": 0.8626943005181347}, ""y1_a1"": {""n"": 42, ""accuracy"": 0.8095238095238095}}",0.4740887945159751
corr,tube,raddino_518,dfr,0.25,123,clean,0.8990562661762136,,0.8990562661762136,1551,428,0,0.8343004513217279,0.8313502301079385,,"{""y0_a0"": {""n"": 1123, ""accuracy"": 0.8379341050756901}, ""y0_a1"": {""n"": 0, ""accuracy"": NaN}, ""y1_a0"": {""n"": 428, ""accuracy"": 0.8247663551401869}, ""y1_a1"": {""n"": 0, ""accuracy"": NaN}}",0.4688579388917097
corr,tube,raddino_518,dfr,0.25,123,test_corr,0.9002317723720675,0.9123931623931625,0.9188085771087758,1551,428,517,0.8355899419729207,0.8329636903820707,0.8225,"{""y0_a0"": {""n"": 1006, ""accuracy"": 0.8330019880715706}, ""y0_a1"": {""n"": 117, ""accuracy"": 0.8888888888888888}, ""y1_a0"": {""n"": 28, ""accuracy"": 0.8928571428571429}, ""y1_a1"": {""n"": 400, ""accuracy"": 0.8225}}",0.4688579388917097
corr,tube,raddino_518,dfr,0.25,123,test_rev,0.896183037757675,0.923767132965946,0.9044226498889711,1551,428,1053,0.8330109606705351,0.8297367698338063,0.8134715025906736,"{""y0_a0"": {""n"": 112, ""accuracy"": 0.8660714285714286}, ""y0_a1"": {""n"": 1011, ""accuracy"": 0.8338278931750742}, ""y1_a0"": {""n"": 386, ""accuracy"": 0.8134715025906736}, ""y1_a1"": {""n"": 42, ""accuracy"": 0.9047619047619048}}",0.4688579388917097
corr,tube,raddino_518,leace,0.25,123,clean,0.9146561696390676,,0.9146561696390676,1551,428,0,0.8214055448098001,0.8426891836785646,,"{""y0_a0"": {""n"": 1123, ""accuracy"": 0.7951914514692787}, ""y0_a1"": {""n"": 0, ""accuracy"": NaN}, ""y1_a0"": {""n"": 428, ""accuracy"": 0.8901869158878505}, ""y1_a1"": {""n"": 0, ""accuracy"": NaN}}",0.3973921034207934
corr,tube,raddino_518,leace,0.25,123,test_corr,0.9120575727565517,0.9089957264957265,0.9267608633910821,1551,428,517,0.819471308833011,0.8391845107813684,0.7892644135188867,"{""y0_a0"": {""n"": 1006, ""accuracy"": 0.7892644135188867}, ""y0_a1"": {""n"": 117, ""accuracy"": 0.8461538461538461}, ""y1_a0"": {""n"": 28, ""accuracy"": 0.8928571428571429}, ""y1_a1"": {""n"": 400, ""accuracy"": 0.8825}}",0.3973921034207934
corr,tube,raddino_518,leace,0.25,123,test_rev,0.914181806076847,0.9232019217182422,0.9249861213915618,1551,428,1053,0.8239845261121856,0.8444701275788318,0.7893175074183977,"{""y0_a0"": {""n"": 112, ""accuracy"": 0.8839285714285714}, ""y0_a1"": {""n"": 1011, ""accuracy"": 0.7893175074183977}, ""y1_a0"": {""n"": 386, ""accuracy"": 0.8886010362694301}, ""y1_a1"": {""n"": 42, ""accuracy"": 0.9047619047619048}}",0.3973921034207934
corr,tube,raddino_518,i2e,0.25,123,clean,0.9079006499613019,,0.9079006499613019,1551,428,0,0.8168923275306254,0.8345116135851067,,"{""y0_a0"": {""n"": 1123, ""accuracy"": 0.7951914514692787}, ""y0_a1"": {""n"": 0, ""accuracy"": NaN}, ""y1_a0"": {""n"": 428, ""accuracy"": 0.8738317757009346}, ""y1_a1"": {""n"": 0, ""accuracy"": NaN}}",0.39972608143741195
corr,tube,raddino_518,i2e,0.25,123,test_corr,0.9074824610314496,0.9031410256410257,0.9185955694404998,1551,428,517,0.8168923275306254,0.833788625261108,0.7932405566600398,"{""y0_a0"": {""n"": 1006, ""accuracy"": 0.7932405566600398}, ""y0_a1"": {""n"": 117, ""accuracy"": 0.8205128205128205}, ""y1_a0"": {""n"": 28, ""accuracy"": 0.8571428571428571}, ""y1_a1"": {""n"": 400, ""accuracy"": 0.8725}}",0.39972608143741195
corr,tube,raddino_518,i2e,0.25,123,test_rev,0.9062299747838317,0.9140407894117093,0.920868800888231,1551,428,1053,0.8143133462282398,0.8334536580088381,0.7833827893175074,"{""y0_a0"": {""n"": 112, ""accuracy"": 0.8571428571428571}, ""y0_a1"": {""n"": 1011, ""accuracy"": 0.7833827893175074}, ""y1_a0"": {""n"": 386, ""accuracy"": 0.8756476683937824}, ""y1_a1"": {""n"": 42, ""accuracy"": 0.8809523809523809}}",0.39972608143741195
corr,tube,raddino_518,i2e_balanced,0.25,123,clean,0.9071183661920258,,0.9071183661920258,1551,428,0,0.8297872340425532,0.8398013914664492,,"{""y0_a0"": {""n"": 1123, ""accuracy"": 0.8174532502226179}, ""y0_a1"": {""n"": 0, ""accuracy"": NaN}, ""y1_a0"": {""n"": 428, ""accuracy"": 0.8621495327102804}, ""y1_a1"": {""n"": 0, ""accuracy"": NaN}}",0.43379154836829287
corr,tube,raddino_518,i2e_balanced,0.25,123,test_corr,0.9059407794542321,0.9041452991452992,0.9248437943765976,1551,428,517,0.8317214700193424,0.8433060643636454,0.8151093439363817,"{""y0_a0"": {""n"": 1006, ""accuracy"": 0.8151093439363817}, ""y0_a1"": {""n"": 117, ""accuracy"": 0.8376068376068376}, ""y1_a0"": {""n"": 28, ""accuracy"": 0.8571428571428571}, ""y1_a1"": {""n"": 400, ""accuracy"": 0.87}}",0.43379154836829287
corr,tube,raddino_518,i2e_balanced,0.25,123,test_rev,0.906113464435216,0.9164664876831049,0.919041450777202,1551,428,1053,0.8265635074145713,0.8375752115911153,0.8041543026706232,"{""y0_a0"": {""n"": 112, ""accuracy"": 0.8928571428571429}, ""y0_a1"": {""n"": 1011, ""accuracy"": 0.8041543026706232}, ""y1_a0"": {""n"": 386, ""accuracy"": 0.8626943005181347}, ""y1_a1"": {""n"": 42, ""accuracy"": 0.8571428571428571}}",0.43379154836829287
corr,tube,raddino_518,i2e_rank1,0.25,123,clean,0.9134473747721807,,0.9134473747721807,1551,428,0,0.8349451966473244,0.846255232562978,,"{""y0_a0"": {""n"": 1123, ""accuracy"": 0.8210151380231523}, ""y0_a1"": {""n"": 0, ""accuracy"": NaN}, ""y1_a0"": {""n"": 428, ""accuracy"": 0.8714953271028038}, ""y1_a1"": {""n"": 0, ""accuracy"": NaN}}",0.41987230499787354
corr,tube,raddino_518,i2e_rank1,0.25,123,test_corr,0.9202777939597706,0.9038675213675214,0.9271868787276341,1551,428,517,0.8349451966473244,0.8477012092109752,0.8180914512922465,"{""y0_a0"": {""n"": 1006, ""accuracy"": 0.8180914512922465}, ""y0_a1"": {""n"": 117, ""accuracy"": 0.8290598290598291}, ""y1_a0"": {""n"": 28, ""accuracy"": 0.8571428571428571}, ""y1_a1"": {""n"": 400, ""accuracy"": 0.8775}}",0.41987230499787354
corr,tube,raddino_518,i2e_rank1,0.25,123,test_rev,0.9021854012533185,0.9207291225095379,0.9265127683197631,1551,428,1053,0.8175370728562218,0.8342338612361748,0.7863501483679525,"{""y0_a0"": {""n"": 112, ""accuracy"": 0.8928571428571429}, ""y0_a1"": {""n"": 1011, ""accuracy"": 0.7863501483679525}, ""y1_a0"": {""n"": 386, ""accuracy"": 0.8678756476683938}, ""y1_a1"": {""n"": 42, ""accuracy"": 0.9047619047619048}}",0.41987230499787354
corr,tube,raddino_518,insert_aug,0.25,123,clean,0.9149079152137549,,0.9149079152137549,1551,428,0,0.8181818181818182,0.839740015479232,,"{""y0_a0"": {""n"": 1123, ""accuracy"": 0.7916295636687445}, ""y0_a1"": {""n"": 0, ""accuracy"": NaN}, ""y1_a0"": {""n"": 428, ""accuracy"": 0.8878504672897196}, ""y1_a1"": {""n"": 0, ""accuracy"": NaN}}",0.3478144993500542
corr,tube,raddino_518,insert_aug,0.25,123,test_corr,0.9265235808623431,0.9089102564102564,0.9296364669128089,1551,428,517,0.8149580915538363,0.8418517655478899,0.7350427350427351,"{""y0_a0"": {""n"": 1006, ""accuracy"": 0.7872763419483101}, ""y0_a1"": {""n"": 117, ""accuracy"": 0.7350427350427351}, ""y1_a0"": {""n"": 28, ""accuracy"": 0.8928571428571429}, ""y1_a1"": {""n"": 400, ""accuracy"": 0.9025}}",0.3478144993500542
corr,tube,raddino_518,insert_aug,0.25,123,test_rev,0.8972753222759464,0.9218359945362913,0.9282475943745373,1551,428,1053,0.7691811734364926,0.8059020813741563,0.7082096933728981,"{""y0_a0"": {""n"": 112, ""accuracy"": 0.8660714285714286}, ""y0_a1"": {""n"": 1011, ""accuracy"": 0.7082096933728981}, ""y1_a0"": {""n"": 386, ""accuracy"": 0.8860103626943006}, ""y1_a1"": {""n"": 42, ""accuracy"": 0.9047619047619048}}",0.3478144993500542
corr,tube,raddino_518,mte,0.25,123,clean,0.9020439244014282,,0.9020439244014282,1551,428,0,0.8214055448098001,0.8332903354665824,,"{""y0_a0"": {""n"": 1123, ""accuracy"": 0.8067675868210151}, ""y0_a1"": {""n"": 0, ""accuracy"": NaN}, ""y1_a0"": {""n"": 428, ""accuracy"": 0.8598130841121495}, ""y1_a1"": {""n"": 0, ""accuracy"": NaN}}",0.3504349639843387
corr,tube,raddino_518,mte,0.25,123,test_corr,0.9044573530513228,0.8984188034188035,0.9234237432547572,1551,428,517,0.8207607994842038,0.8335680878155142,0.8001988071570576,"{""y0_a0"": {""n"": 1006, ""accuracy"": 0.8001988071570576}, ""y0_a1"": {""n"": 117, ""accuracy"": 0.8461538461538461}, ""y1_a0"": {""n"": 28, ""accuracy"": 0.8571428571428571}, ""y1_a1"": {""n"": 400, ""accuracy"": 0.8625}}",0.3504349639843387
corr,tube,raddino_518,mte,0.25,123,test_rev,0.9001714366558201,0.9139936884744007,0.9173991487786823,1551,428,1053,0.8156028368794326,0.8292832116909812,0.7912957467853611,"{""y0_a0"": {""n"": 112, ""accuracy"": 0.8660714285714286}, ""y0_a1"": {""n"": 1011, ""accuracy"": 0.7912957467853611}, ""y1_a0"": {""n"": 386, ""accuracy"": 0.8626943005181347}, ""y1_a1"": {""n"": 42, ""accuracy"": 0.8333333333333334}}",0.3504349639843387
corr,tube,raddino_518,mte_balanced,0.25,123,clean,0.899006333169664,,0.899006333169664,1551,428,0,0.8407479045776918,0.8256807533226255,,"{""y0_a0"": {""n"": 1123, ""accuracy"": 0.8593054318788959}, ""y0_a1"": {""n"": 0, ""accuracy"": NaN}, ""y1_a0"": {""n"": 428, ""accuracy"": 0.7920560747663551}, ""y1_a1"": {""n"": 0, ""accuracy"": NaN}}",0.48065188492770267
corr,tube,raddino_518,mte_balanced,0.25,123,test_corr,0.8999425770424679,0.898482905982906,0.930381993751775,1551,428,517,0.8413926499032882,0.826848977621691,0.79,"{""y0_a0"": {""n"": 1006, ""accuracy"": 0.8558648111332008}, ""y0_a1"": {""n"": 117, ""accuracy"": 0.8888888888888888}, ""y1_a0"": {""n"": 28, ""accuracy"": 0.8571428571428571}, ""y1_a1"": {""n"": 400, ""accuracy"": 0.79}}",0.48065188492770267
corr,tube,raddino_518,mte_balanced,0.25,123,test_rev,0.8980638476710413,0.9062691347557816,0.9112231680236862,1551,428,1053,0.8381689232753062,0.8238998094223583,0.7857142857142857,"{""y0_a0"": {""n"": 112, ""accuracy"": 0.9196428571428571}, ""y0_a1"": {""n"": 1011, ""accuracy"": 0.8486646884272997}, ""y1_a0"": {""n"": 386, ""accuracy"": 0.7927461139896373}, ""y1_a1"": {""n"": 42, ""accuracy"": 0.7857142857142857}}",0.48065188492770267
corr,tube,raddino_518,ui2e,0.25,123,clean,0.9029801682742319,,0.9029801682742319,1551,428,0,0.8349451966473244,0.838302360998993,,"{""y0_a0"": {""n"": 1123, ""accuracy"": 0.8308103294746215}, ""y0_a1"": {""n"": 0, ""accuracy"": NaN}, ""y1_a0"": {""n"": 428, ""accuracy"": 0.8457943925233645}, ""y1_a1"": {""n"": 0, ""accuracy"": NaN}}",0.43425081426839734
corr,tube,raddino_518,ui2e,0.25,123,test_corr,0.9053665498789125,0.8980341880341881,0.9341806305026981,1551,428,517,0.8355899419729207,0.840193573622057,0.8290258449304175,"{""y0_a0"": {""n"": 1006, ""accuracy"": 0.8290258449304175}, ""y0_a1"": {""n"": 117, ""accuracy"": 0.8376068376068376}, ""y1_a0"": {""n"": 28, ""accuracy"": 0.8928571428571429}, ""y1_a1"": {""n"": 400, ""accuracy"": 0.8475}}",0.43425081426839734
corr,tube,raddino_518,ui2e,0.25,123,test_rev,0.8985486139429598,0.9064339880363619,0.917167838638046,1551,428,1053,0.8259187620889749,0.832069057348058,0.811078140454995,"{""y0_a0"": {""n"": 112, ""accuracy"": 0.8839285714285714}, ""y0_a1"": {""n"": 1011, ""accuracy"": 0.811078140454995}, ""y1_a0"": {""n"": 386, ""accuracy"": 0.8471502590673575}, ""y1_a1"": {""n"": 42, ""accuracy"": 0.8333333333333334}}",0.43425081426839734
corr,tube,raddino_518,ui2e_balanced,0.25,123,clean,0.9010827140253492,,0.9010827140253492,1551,428,0,0.8291424887169568,0.8364642021953879,,"{""y0_a0"": {""n"": 1123, ""accuracy"": 0.8201246660730187}, ""y0_a1"": {""n"": 0, ""accuracy"": NaN}, ""y1_a0"": {""n"": 428, ""accuracy"": 0.852803738317757}, ""y1_a1"": {""n"": 0, ""accuracy"": NaN}}",0.44807534974927055
corr,tube,raddino_518,ui2e_balanced,0.25,123,test_corr,0.8992414344088347,0.8984401709401708,0.9368077250781028,1551,428,517,0.8278529980657641,0.8348507419212556,0.8170974155069582,"{""y0_a0"": {""n"": 1006, ""accuracy"": 0.8170974155069582}, ""y0_a1"": {""n"": 117, ""accuracy"": 0.8376068376068376}, ""y1_a0"": {""n"": 28, ""accuracy"": 0.8928571428571429}, ""y1_a1"": {""n"": 400, ""accuracy"": 0.8475}}",0.44807534974927055
corr,tube,raddino_518,ui2e_balanced,0.25,123,test_rev,0.9010660696898328,0.9017238943054967,0.9132355662472241,1551,428,1053,0.8291424887169568,0.8364642021953879,0.8100890207715133,"{""y0_a0"": {""n"": 112, ""accuracy"": 0.9107142857142857}, ""y0_a1"": {""n"": 1011, ""accuracy"": 0.8100890207715133}, ""y1_a0"": {""n"": 386, ""accuracy"": 0.8549222797927462}, ""y1_a1"": {""n"": 42, ""accuracy"": 0.8333333333333334}}",0.44807534974927055
corr,tube,raddino_518,umte,0.25,123,clean,0.8908651725601486,,0.8908651725601486,1551,428,0,0.8362346872985171,0.8370238679771307,,"{""y0_a0"": {""n"": 1123, ""accuracy"": 0.8352626892252895}, ""y0_a1"": {""n"": 0, ""accuracy"": NaN}, ""y1_a0"": {""n"": 428, ""accuracy"": 0.8387850467289719}, ""y1_a1"": {""n"": 0, ""accuracy"": NaN}}",0.41778582184041013
corr,tube,raddino_518,umte,0.25,123,test_corr,0.8922861827048709,0.8885897435897436,0.9165009940357852,1551,428,517,0.8355899419729207,0.8373016203260626,0.8300198807157058,"{""y0_a0"": {""n"": 1006, ""accuracy"": 0.8300198807157058}, ""y0_a1"": {""n"": 117, ""accuracy"": 0.8632478632478633}, ""y1_a0"": {""n"": 28, ""accuracy"": 0.8571428571428571}, ""y1_a1"": {""n"": 400, ""accuracy"": 0.84}}",0.41778582184041013
corr,tube,raddino_518,umte,0.25,123,test_rev,0.8891175173309145,0.9058687767886581,0.9040294226498888,1551,428,1053,0.8323662153449387,0.8343524521267299,0.8239366963402571,"{""y0_a0"": {""n"": 112, ""accuracy"": 0.8839285714285714}, ""y0_a1"": {""n"": 1011, ""accuracy"": 0.8239366963402571}, ""y1_a0"": {""n"": 386, ""accuracy"": 0.8393782383419689}, ""y1_a1"": {""n"": 42, ""accuracy"": 0.8333333333333334}}",0.41778582184041013
corr,tube,raddino_518,umte_balanced,0.25,123,clean,0.8867727465650251,,0.8867727465650251,1551,428,0,0.8214055448098001,0.8246144755785987,,"{""y0_a0"": {""n"": 1123, ""accuracy"": 0.8174532502226179}, ""y0_a1"": {""n"": 0, ""accuracy"": NaN}, ""y1_a0"": {""n"": 428, ""accuracy"": 0.8317757009345794}, ""y1_a1"": {""n"": 0, ""accuracy"": NaN}}",0.41793871616939104
corr,tube,raddino_518,umte_balanced,0.25,123,test_corr,0.8847691846772245,0.8871794871794872,0.930346492473729,1551,428,517,0.8220502901353965,0.8250597115536655,0.8101391650099403,"{""y0_a0"": {""n"": 1006, ""accuracy"": 0.8101391650099403}, ""y0_a1"": {""n"": 117, ""accuracy"": 0.8888888888888888}, ""y1_a0"": {""n"": 28, ""accuracy"": 0.9285714285714286}, ""y1_a1"": {""n"": 400, ""accuracy"": 0.825}}",0.41793871616939104
corr,tube,raddino_518,umte_balanced,0.25,123,test_rev,0.8885620126330507,0.8994159483773727,0.8952165062916358,1551,428,1053,0.8233397807865893,0.825950183503799,0.8170128585558852,"{""y0_a0"": {""n"": 112, ""accuracy"": 0.8482142857142857}, ""y0_a1"": {""n"": 1011, ""accuracy"": 0.8170128585558852}, ""y1_a0"": {""n"": 386, ""accuracy"": 0.8264248704663213}, ""y1_a1"": {""n"": 42, ""accuracy"": 0.8809523809523809}}",0.41793871616939104
corr,tube,raddino_518,erm,0.25,456,clean,0.9116081756976059,,0.9116081756976059,1551,428,0,0.8059316569954867,0.8341724852489576,,"{""y0_a0"": {""n"": 1123, ""accuracy"": 0.7711487088156723}, ""y0_a1"": {""n"": 0, ""accuracy"": NaN}, ""y1_a0"": {""n"": 428, ""accuracy"": 0.897196261682243}, ""y1_a1"": {""n"": 0, ""accuracy"": NaN}}",0.3486072654322165
corr,tube,raddino_518,erm,0.25,456,test_corr,0.9347333993558641,0.8966008771929824,0.9255982053838484,1551,428,500,0.7981947130883301,0.8432894200281289,0.5333333333333333,"{""y0_a0"": {""n"": 1003, ""accuracy"": 0.7676969092721835}, ""y0_a1"": {""n"": 120, ""accuracy"": 0.5333333333333333}, ""y1_a0"": {""n"": 48, ""accuracy"": 0.9166666666666666}, ""y1_a1"": {""n"": 380, ""accuracy"": 0.9473684210526315}}",0.3486072654322165
corr,tube,raddino_518,erm,0.25,456,test_rev,0.8563656261182913,0.8801650540694366,0.9022173754998182,1551,428,1039,0.6312056737588653,0.7142365243298574,0.5049800796812749,"{""y0_a0"": {""n"": 119, ""accuracy"": 0.7310924369747899}, ""y0_a1"": {""n"": 1004, ""accuracy"": 0.5049800796812749}, ""y1_a0"": {""n"": 393, ""accuracy"": 0.9007633587786259}, ""y1_a1"": {""n"": 35, ""accuracy"": 0.8857142857142857}}",0.3486072654322165
corr,tube,raddino_518,mask,0.25,456,clean,0.9089325987633259,,0.9089325987633259,1551,428,0,0.8110896196002579,0.8333964431055001,,"{""y0_a0"": {""n"": 1123, ""accuracy"": 0.7836153161175423}, ""y0_a1"": {""n"": 0, ""accuracy"": NaN}, ""y1_a0"": {""n"": 428, ""accuracy"": 0.883177570093458}, ""y1_a1"": {""n"": 0, ""accuracy"": NaN}}",0.29879189906557535
corr,tube,raddino_518,mask,0.25,456,test_corr,0.9215614883364819,0.9000219298245614,0.9169990029910269,1551,428,500,0.8098001289490652,0.8382898777473556,0.675,"{""y0_a0"": {""n"": 1003, ""accuracy"": 0.7866400797607178}, ""y0_a1"": {""n"": 120, ""accuracy"": 0.675}, ""y1_a0"": {""n"": 48, ""accuracy"": 0.8958333333333334}, ""y1_a1"": {""n"": 380, ""accuracy"": 0.9026315789473685}}",0.29879189906557535
corr,tube,raddino_518,mask,0.25,456,test_rev,0.888360200064913,0.8707455890722824,0.8947120833066051,1551,428,1039,0.7588652482269503,0.7980553174490892,0.7101593625498008,"{""y0_a0"": {""n"": 119, ""accuracy"": 0.7142857142857143}, ""y0_a1"": {""n"": 1004, ""accuracy"": 0.7101593625498008}, ""y1_a0"": {""n"": 393, ""accuracy"": 0.8880407124681934}, ""y1_a1"": {""n"": 35, ""accuracy"": 0.8571428571428571}}",0.29879189906557535
corr,tube,raddino_518,inpaint,0.25,456,clean,0.9157089238604873,,0.9157089238604873,1551,428,0,0.8168923275306254,0.8410185085010944,,"{""y0_a0"": {""n"": 1123, ""accuracy"": 0.7871772039180766}, ""y0_a1"": {""n"": 0, ""accuracy"": NaN}, ""y1_a0"": {""n"": 428, ""accuracy"": 0.8948598130841121}, ""y1_a1"": {""n"": 0, ""accuracy"": NaN}}",0.39248087128583825
corr,tube,raddino_518,inpaint,0.25,456,test_corr,0.9178747680195738,0.9165570175438595,0.9293993020937189,1551,428,500,0.8181818181818182,0.8433549570992251,0.7856430707876371,"{""y0_a0"": {""n"": 1003, ""accuracy"": 0.7856430707876371}, ""y0_a1"": {""n"": 120, ""accuracy"": 0.8}, ""y1_a0"": {""n"": 48, ""accuracy"": 0.9166666666666666}, ""y1_a1"": {""n"": 380, ""accuracy"": 0.8973684210526316}}",0.39248087128583825
corr,tube,raddino_518,inpaint,0.25,456,test_rev,0.9124611978928272,0.8993454752418896,0.9064083648726666,1551,428,1039,0.8085106382978723,0.8352304408252261,0.7310924369747899,"{""y0_a0"": {""n"": 119, ""accuracy"": 0.7310924369747899}, ""y0_a1"": {""n"": 1004, ""accuracy"": 0.7808764940239044}, ""y1_a0"": {""n"": 393, ""accuracy"": 0.8982188295165394}, ""y1_a1"": {""n"": 35, ""accuracy"": 0.8571428571428571}}",0.39248087128583825
corr,tube,raddino_518,balanced,0.25,456,clean,0.9108883081865164,,0.9108883081865164,1551,428,0,0.8272082527401676,0.8372974592421834,,"{""y0_a0"": {""n"": 1123, ""accuracy"": 0.8147818343722173}, ""y0_a1"": {""n"": 0, ""accuracy"": NaN}, ""y1_a0"": {""n"": 428, ""accuracy"": 0.8598130841121495}, ""y1_a1"": {""n"": 0, ""accuracy"": NaN}}",0.43469428130647864
corr,tube,raddino_518,balanced,0.25,456,test_corr,0.9058201080217375,0.9068421052631579,0.9303547690262546,1551,428,500,0.8272082527401676,0.8380204475661821,0.8,"{""y0_a0"": {""n"": 1003, ""accuracy"": 0.8155533399800599}, ""y0_a1"": {""n"": 120, ""accuracy"": 0.8}, ""y1_a0"": {""n"": 48, ""accuracy"": 0.875}, ""y1_a1"": {""n"": 380, ""accuracy"": 0.8605263157894737}}",0.43469428130647864
corr,tube,raddino_518,balanced,0.25,456,test_rev,0.9121116668469803,0.8935685828116108,0.8988389248829304,1551,428,1039,0.8317214700193424,0.8404141110676508,0.7815126050420168,"{""y0_a0"": {""n"": 119, ""accuracy"": 0.7815126050420168}, ""y0_a1"": {""n"": 1004, ""accuracy"": 0.8256972111553785}, ""y1_a0"": {""n"": 393, ""accuracy"": 0.8651399491094147}, ""y1_a1"": {""n"": 35, ""accuracy"": 0.8}}",0.43469428130647864
corr,tube,raddino_518,dfr,0.25,456,clean,0.9008018408635081,,0.9008018408635081,1551,428,0,0.8536428110896196,0.8374774261199557,,"{""y0_a0"": {""n"": 1123, ""accuracy"": 0.8735529830810329}, ""y0_a1"": {""n"": 0, ""accuracy"": NaN}, ""y1_a0"": {""n"": 428, ""accuracy"": 0.8014018691588785}, ""y1_a1"": {""n"": 0, ""accuracy"": NaN}}",0.5854657502836883
corr,tube,raddino_518,dfr,0.25,456,test_corr,0.9020127162723346,0.900372807017544,0.8986374210701229,1551,428,500,0.8517085751128304,0.8354187298707567,0.7708333333333334,"{""y0_a0"": {""n"": 1003, ""accuracy"": 0.8733798604187437}, ""y0_a1"": {""n"": 120, ""accuracy"": 0.8583333333333333}, ""y1_a0"": {""n"": 48, ""accuracy"": 0.7708333333333334}, ""y1_a1"": {""n"": 380, ""accuracy"": 0.8026315789473685}}",0.5854657502836883
corr,tube,raddino_518,dfr,0.25,456,test_rev,0.8972191476435781,0.9051223676721685,0.8854106528107426,1551,428,1039,0.8517085751128304,0.8361417181947554,0.7989821882951654,"{""y0_a0"": {""n"": 119, ""accuracy"": 0.8823529411764706}, ""y0_a1"": {""n"": 1004, ""accuracy"": 0.8695219123505976}, ""y1_a0"": {""n"": 393, ""accuracy"": 0.7989821882951654}, ""y1_a1"": {""n"": 35, ""accuracy"": 0.8285714285714286}}",0.5854657502836883
corr,tube,raddino_518,leace,0.25,456,clean,0.9146124782583367,,0.9146124782583367,1551,428,0,0.8220502901353965,0.8431344196536315,,"{""y0_a0"": {""n"": 1123, ""accuracy"": 0.7960819234194123}, ""y0_a1"": {""n"": 0, ""accuracy"": NaN}, ""y1_a0"": {""n"": 428, ""accuracy"": 0.8901869158878505}, ""y1_a1"": {""n"": 0, ""accuracy"": NaN}}",0.3976680542358791
corr,tube,raddino_518,leace,0.25,456,test_corr,0.9117871023044083,0.9131359649122807,0.9270106347623795,1551,428,500,0.8214055448098001,0.8405202187065688,0.7956131605184447,"{""y0_a0"": {""n"": 1003, ""accuracy"": 0.7956131605184447}, ""y0_a1"": {""n"": 120, ""accuracy"": 0.8166666666666667}, ""y1_a0"": {""n"": 48, ""accuracy"": 0.8958333333333334}, ""y1_a1"": {""n"": 380, ""accuracy"": 0.881578947368421}}",0.3976680542358791
corr,tube,raddino_518,leace,0.25,456,test_rev,0.9146228809680346,0.903073420603301,0.9047619047619048,1551,428,1039,0.8239845261121856,0.8444701275788318,0.7478991596638656,"{""y0_a0"": {""n"": 119, ""accuracy"": 0.7478991596638656}, ""y0_a1"": {""n"": 1004, ""accuracy"": 0.8047808764940239}, ""y1_a0"": {""n"": 393, ""accuracy"": 0.8931297709923665}, ""y1_a1"": {""n"": 35, ""accuracy"": 0.8571428571428571}}",0.3976680542358791
corr,tube,raddino_518,i2e,0.25,456,clean,0.9077695758191092,,0.9077695758191092,1551,428,0,0.816247582205029,0.8340663776100399,,"{""y0_a0"": {""n"": 1123, ""accuracy"": 0.7943009795191451}, ""y0_a1"": {""n"": 0, ""accuracy"": NaN}, ""y1_a0"": {""n"": 428, ""accuracy"": 0.8738317757009346}, ""y1_a1"": {""n"": 0, ""accuracy"": NaN}}",0.3991139354279303
corr,tube,raddino_518,i2e,0.25,456,test_corr,0.9073846755602899,0.9066447368421052,0.9240403788634097,1551,428,500,0.8149580915538363,0.831729929011909,0.7906281156530409,"{""y0_a0"": {""n"": 1003, ""accuracy"": 0.7906281156530409}, ""y0_a1"": {""n"": 120, ""accuracy"": 0.825}, ""y1_a0"": {""n"": 48, ""accuracy"": 0.8541666666666666}, ""y1_a1"": {""n"": 380, ""accuracy"": 0.8710526315789474}}",0.3991139354279303
corr,tube,raddino_518,i2e,0.25,456,test_rev,0.9064567538552443,0.8942231075697211,0.8952038830799495,1551,428,1039,0.8117343649258543,0.8316727141085709,0.7647058823529411,"{""y0_a0"": {""n"": 119, ""accuracy"": 0.7647058823529411}, ""y0_a1"": {""n"": 1004, ""accuracy"": 0.7898406374501992}, ""y1_a0"": {""n"": 393, ""accuracy"": 0.8804071246819338}, ""y1_a1"": {""n"": 35, ""accuracy"": 0.8285714285714286}}",0.3991139354279303
corr,tube,raddino_518,i2e_balanced,0.25,456,clean,0.9042014463927563,,0.9042014463927563,1551,428,0,0.8110896196002579,0.8283355248375097,,"{""y0_a0"": {""n"": 1123, ""accuracy"": 0.7898486197684773}, ""y0_a1"": {""n"": 0, ""accuracy"": NaN}, ""y1_a0"": {""n"": 428, ""accuracy"": 0.866822429906542}, ""y1_a1"": {""n"": 0, ""accuracy"": NaN}}",0.4051767641210665
corr,tube,raddino_518,i2e_balanced,0.25,456,test_corr,0.9024100997827915,0.9002412280701754,0.9285476902625457,1551,428,500,0.8117343649258543,0.8295037491365751,0.7856430707876371,"{""y0_a0"": {""n"": 1003, ""accuracy"": 0.7856430707876371}, ""y0_a1"": {""n"": 120, ""accuracy"": 0.825}, ""y1_a0"": {""n"": 48, ""accuracy"": 0.875}, ""y1_a1"": {""n"": 380, ""accuracy"": 0.868421052631579}}",0.4051767641210665
corr,tube,raddino_518,i2e_balanced,0.25,456,test_rev,0.9032860079393481,0.8888161639157656,0.8889601642183591,1551,428,1039,0.8104448742746615,0.8286132771864415,0.7478991596638656,"{""y0_a0"": {""n"": 119, ""accuracy"": 0.7478991596638656}, ""y0_a1"": {""n"": 1004, ""accuracy"": 0.7928286852589641}, ""y1_a0"": {""n"": 393, ""accuracy"": 0.8727735368956743}, ""y1_a1"": {""n"": 35, ""accuracy"": 0.8285714285714286}}",0.4051767641210665
corr,tube,raddino_518,i2e_rank1,0.25,456,clean,0.9133516698429607,,0.9133516698429607,1551,428,0,0.8317214700193424,0.8440290526876442,,"{""y0_a0"": {""n"": 1123, ""accuracy"": 0.8165627782724845}, ""y0_a1"": {""n"": 0, ""accuracy"": NaN}, ""y1_a0"": {""n"": 428, ""accuracy"": 0.8714953271028038}, ""y1_a1"": {""n"": 0, ""accuracy"": NaN}}",0.41812777825210595
corr,tube,raddino_518,i2e_rank1,0.25,456,test_corr,0.9199241018300447,0.9133991228070175,0.9218386507145232,1551,428,500,0.8304319793681496,0.8445845573855078,0.8083333333333333,"{""y0_a0"": {""n"": 1003, ""accuracy"": 0.8135593220338984}, ""y0_a1"": {""n"": 120, ""accuracy"": 0.8083333333333333}, ""y1_a0"": {""n"": 48, ""accuracy"": 0.875}, ""y1_a1"": {""n"": 380, ""accuracy"": 0.8763157894736842}}",0.41812777825210595
corr,tube,raddino_518,i2e_rank1,0.25,456,test_rev,0.9026576842735997,0.8968696642003414,0.9031795924476661,1551,428,1039,0.816247582205029,0.8333433892860412,0.7899159663865546,"{""y0_a0"": {""n"": 119, ""accuracy"": 0.7899159663865546}, ""y0_a1"": {""n"": 1004, ""accuracy"": 0.795816733067729}, ""y1_a0"": {""n"": 393, ""accuracy"": 0.8727735368956743}, ""y1_a1"": {""n"": 35, ""accuracy"": 0.8571428571428571}}",0.41812777825210595
corr,tube,raddino_518,insert_aug,0.25,456,clean,0.9147539551102271,,0.9147539551102271,1551,428,0,0.8181818181818182,0.8419089804512279,,"{""y0_a0"": {""n"": 1123, ""accuracy"": 0.7889581478183437}, ""y0_a1"": {""n"": 0, ""accuracy"": NaN}, ""y1_a0"": {""n"": 428, ""accuracy"": 0.8948598130841121}, ""y1_a1"": {""n"": 0, ""accuracy"": NaN}}",0.3441924143702701
corr,tube,raddino_518,insert_aug,0.25,456,test_corr,0.9271789515733058,0.9117105263157895,0.9252658690594883,1551,428,500,0.8175370728562218,0.8465246627441516,0.75,"{""y0_a0"": {""n"": 1003, ""accuracy"": 0.7856430707876371}, ""y0_a1"": {""n"": 120, ""accuracy"": 0.75}, ""y1_a0"": {""n"": 48, ""accuracy"": 0.9166666666666666}, ""y1_a1"": {""n"": 380, ""accuracy"": 0.9105263157894737}}",0.3441924143702701
corr,tube,raddino_518,insert_aug,0.25,456,test_rev,0.8942169256247868,0.8916619237336368,0.9050398785468385,1551,428,1039,0.7614442295293359,0.8027282146453508,0.7061752988047809,"{""y0_a0"": {""n"": 119, ""accuracy"": 0.7478991596638656}, ""y0_a1"": {""n"": 1004, ""accuracy"": 0.7061752988047809}, ""y1_a0"": {""n"": 393, ""accuracy"": 0.8982188295165394}, ""y1_a1"": {""n"": 35, ""accuracy"": 0.8571428571428571}}",0.3441924143702701
corr,tube,raddino_518,mte,0.25,456,clean,0.9020439244014282,,0.9020439244014282,1551,428,0,0.8220502901353965,0.8337355714416491,,"{""y0_a0"": {""n"": 1123, ""accuracy"": 0.8076580587711487}, ""y0_a1"": {""n"": 0, ""accuracy"": NaN}, ""y1_a0"": {""n"": 428, ""accuracy"": 0.8598130841121495}, ""y1_a1"": {""n"": 0, ""accuracy"": NaN}}",0.35220563756866874
corr,tube,raddino_518,mte,0.25,456,test_corr,0.9043137956574927,0.903421052631579,0.9074651046859421,1551,428,500,0.8226950354609929,0.8349037957407146,0.8,"{""y0_a0"": {""n"": 1003, ""accuracy"": 0.8085742771684945}, ""y0_a1"": {""n"": 120, ""accuracy"": 0.8}, ""y1_a0"": {""n"": 48, ""accuracy"": 0.8541666666666666}, ""y1_a1"": {""n"": 380, ""accuracy"": 0.8631578947368421}}",0.35220563756866874
corr,tube,raddino_518,mte,0.25,456,test_rev,0.8999508992102263,0.8824701195219123,0.8843201402698484,1551,428,1039,0.8175370728562218,0.8306189196161816,0.7478991596638656,"{""y0_a0"": {""n"": 119, ""accuracy"": 0.7478991596638656}, ""y0_a1"": {""n"": 1004, ""accuracy"": 0.8077689243027888}, ""y1_a0"": {""n"": 393, ""accuracy"": 0.8651399491094147}, ""y1_a1"": {""n"": 35, ""accuracy"": 0.8}}",0.35220563756866874
corr,tube,raddino_518,mte_balanced,0.25,456,clean,0.8930955135193616,,0.8930955135193616,1551,428,0,0.8091553836234687,0.8176009687003271,,"{""y0_a0"": {""n"": 1123, ""accuracy"": 0.798753339269813}, ""y0_a1"": {""n"": 0, ""accuracy"": NaN}, ""y1_a0"": {""n"": 428, ""accuracy"": 0.8364485981308412}, ""y1_a1"": {""n"": 0, ""accuracy"": NaN}}",0.41904921234069026
corr,tube,raddino_518,mte_balanced,0.25,456,test_corr,0.8941399455730229,0.8960087719298245,0.9013584247258225,1551,428,500,0.8098001289490652,0.8187691929993924,0.7916666666666666,"{""y0_a0"": {""n"": 1003, ""accuracy"": 0.7996011964107677}, ""y0_a1"": {""n"": 120, ""accuracy"": 0.7916666666666666}, ""y1_a0"": {""n"": 48, ""accuracy"": 0.8333333333333334}, ""y1_a1"": {""n"": 380, ""accuracy"": 0.8394736842105263}}",0.41904921234069026
corr,tube,raddino_518,mte_balanced,0.25,456,test_rev,0.8923049075823272,0.8865395560614684,0.8726024761049458,1551,428,1039,0.8085106382978723,0.8178787210492588,0.7647058823529411,"{""y0_a0"": {""n"": 119, ""accuracy"": 0.7647058823529411}, ""y0_a1"": {""n"": 1004, ""accuracy"": 0.8007968127490039}, ""y1_a0"": {""n"": 393, ""accuracy"": 0.8396946564885496}, ""y1_a1"": {""n"": 35, ""accuracy"": 0.8285714285714286}}",0.41904921234069026
corr,tube,raddino_518,ui2e,0.25,456,clean,0.9029676850225947,,0.9029676850225947,1551,428,0,0.8343004513217279,0.8378571250239262,,"{""y0_a0"": {""n"": 1123, ""accuracy"": 0.8299198575244879}, ""y0_a1"": {""n"": 0, ""accuracy"": NaN}, ""y1_a0"": {""n"": 428, ""accuracy"": 0.8457943925233645}, ""y1_a1"": {""n"": 0, ""accuracy"": NaN}}",0.43316434568624157
corr,tube,raddino_518,ui2e,0.25,456,test_corr,0.9050981599687087,0.9040789473684211,0.9185776005317381,1551,428,500,0.8343004513217279,0.8407490783199207,0.825,"{""y0_a0"": {""n"": 1003, ""accuracy"": 0.8265204386839482}, ""y0_a1"": {""n"": 120, ""accuracy"": 0.825}, ""y1_a0"": {""n"": 48, ""accuracy"": 0.8333333333333334}, ""y1_a1"": {""n"": 380, ""accuracy"": 0.8578947368421053}}",0.43316434568624157
corr,tube,raddino_518,ui2e,0.25,456,test_rev,0.8989147893243232,0.8918326693227092,0.8906493895268032,1551,428,1039,0.8265635074145713,0.8325142933231249,0.7899159663865546,"{""y0_a0"": {""n"": 119, ""accuracy"": 0.7899159663865546}, ""y0_a1"": {""n"": 1004, ""accuracy"": 0.8227091633466136}, ""y1_a0"": {""n"": 393, ""accuracy"": 0.8498727735368957}, ""y1_a1"": {""n"": 35, ""accuracy"": 0.8}}",0.43316434568624157
corr,tube,raddino_518,ui2e_balanced,0.25,456,clean,0.8995784822030443,,0.8995784822030443,1551,428,0,0.8278529980657641,0.8305128119772638,,"{""y0_a0"": {""n"": 1123, ""accuracy"": 0.8245770258236865}, ""y0_a1"": {""n"": 0, ""accuracy"": NaN}, ""y1_a0"": {""n"": 428, ""accuracy"": 0.8364485981308412}, ""y1_a1"": {""n"": 0, ""accuracy"": NaN}}",0.4445126411127086
corr,tube,raddino_518,ui2e_balanced,0.25,456,test_corr,0.8979972703289753,0.8972587719298245,0.9212155201063477,1551,428,500,0.8291424887169568,0.8328492605753947,0.8225324027916251,"{""y0_a0"": {""n"": 1003, ""accuracy"": 0.8225324027916251}, ""y0_a1"": {""n"": 120, ""accuracy"": 0.8416666666666667}, ""y1_a0"": {""n"": 48, ""accuracy"": 0.8333333333333334}, ""y1_a1"": {""n"": 380, ""accuracy"": 0.8421052631578947}}",0.4445126411127086
corr,tube,raddino_518,ui2e_balanced,0.25,456,test_rev,0.8989709639566915,0.8854866249288561,0.8838069578976628,1551,428,1039,0.8278529980657641,0.8305128119772638,0.7815126050420168,"{""y0_a0"": {""n"": 119, ""accuracy"": 0.7815126050420168}, ""y0_a1"": {""n"": 1004, ""accuracy"": 0.8296812749003984}, ""y1_a0"": {""n"": 393, ""accuracy"": 0.8396946564885496}, ""y1_a1"": {""n"": 35, ""accuracy"": 0.8}}",0.4445126411127086
corr,tube,raddino_518,umte,0.25,456,clean,0.8907757092567472,,0.8907757092567472,1551,428,0,0.8317214700193424,0.8360761811236591,,"{""y0_a0"": {""n"": 1123, ""accuracy"": 0.8263579697239537}, ""y0_a1"": {""n"": 0, ""accuracy"": NaN}, ""y1_a0"": {""n"": 428, ""accuracy"": 0.8457943925233645}, ""y1_a1"": {""n"": 0, ""accuracy"": NaN}}",0.40136446964214756
corr,tube,raddino_518,umte,0.25,456,test_corr,0.8920240344204858,0.8946929824561405,0.8944209039548023,1551,428,500,0.8336557059961315,0.8395808540208554,0.8255234297108675,"{""y0_a0"": {""n"": 1003, ""accuracy"": 0.8255234297108675}, ""y0_a1"": {""n"": 120, ""accuracy"": 0.8333333333333334}, ""y1_a0"": {""n"": 48, ""accuracy"": 0.8541666666666666}, ""y1_a1"": {""n"": 380, ""accuracy"": 0.8526315789473684}}",0.40136446964214756
corr,tube,raddino_518,umte,0.25,456,test_rev,0.8890093291500569,0.8788560045532157,0.871041546389548,1551,428,1039,0.8278529980657641,0.8334047652732584,0.7478991596638656,"{""y0_a0"": {""n"": 119, ""accuracy"": 0.7478991596638656}, ""y0_a1"": {""n"": 1004, ""accuracy"": 0.8296812749003984}, ""y1_a0"": {""n"": 393, ""accuracy"": 0.8473282442748091}, ""y1_a1"": {""n"": 35, ""accuracy"": 0.8285714285714286}}",0.40136446964214756
corr,tube,raddino_518,umte_balanced,0.25,456,clean,0.8846922046254608,,0.8846922046254608,1551,428,0,0.8033526756931012,0.8215467164887109,,"{""y0_a0"": {""n"": 1123, ""accuracy"": 0.7809439002671416}, ""y0_a1"": {""n"": 0, ""accuracy"": NaN}, ""y1_a0"": {""n"": 428, ""accuracy"": 0.8621495327102804}, ""y1_a1"": {""n"": 0, ""accuracy"": NaN}}",0.3649774601772775
corr,tube,raddino_518,umte_balanced,0.25,456,test_corr,0.8829216634348914,0.8886842105263157,0.8870471917580592,1551,428,500,0.8020631850419084,0.8192102678905802,0.775,"{""y0_a0"": {""n"": 1003, ""accuracy"": 0.7816550348953141}, ""y0_a1"": {""n"": 120, ""accuracy"": 0.775}, ""y1_a0"": {""n"": 48, ""accuracy"": 0.8541666666666666}, ""y1_a1"": {""n"": 380, ""accuracy"": 0.8578947368421053}}",0.3649774601772775
corr,tube,raddino_518,umte_balanced,0.25,456,test_rev,0.8865397258677941,0.8659077973819009,0.8650116535163684,1551,428,1039,0.8072211476466795,0.8242181323391117,0.7394957983193278,"{""y0_a0"": {""n"": 119, ""accuracy"": 0.7394957983193278}, ""y0_a1"": {""n"": 1004, ""accuracy"": 0.7918326693227091}, ""y1_a0"": {""n"": 393, ""accuracy"": 0.8625954198473282}, ""y1_a1"": {""n"": 35, ""accuracy"": 0.8571428571428571}}",0.3649774601772775
corr,tube,raddino_518,erm,0.5,42,clean,0.910212132056158,,0.910212132056158,1551,428,0,0.813023855577047,0.8275022677907141,,"{""y0_a0"": {""n"": 1123, ""accuracy"": 0.7951914514692787}, ""y0_a1"": {""n"": 0, ""accuracy"": NaN}, ""y1_a0"": {""n"": 428, ""accuracy"": 0.8598130841121495}, ""y1_a1"": {""n"": 0, ""accuracy"": NaN}}",0.21540841653577433
corr,tube,raddino_518,erm,0.5,42,test_corr,0.9518333735571441,0.834827663888263,0.9400273998488284,1551,428,501,0.804642166344294,0.8520797097227886,0.25217391304347825,"{""y0_a0"": {""n"": 1008, ""accuracy"": 0.8025793650793651}, ""y0_a1"": {""n"": 115, ""accuracy"": 0.25217391304347825}, ""y1_a0"": {""n"": 42, ""accuracy"": 0.8809523809523809}, ""y1_a1"": {""n"": 386, ""accuracy"": 0.966321243523316}}",0.21540841653577433
corr,tube,raddino_518,erm,0.5,42,test_rev,0.762285600153128,0.8585887796414112,0.9177892918825561,1551,428,1030,0.4796905222437137,0.6009302103011793,0.26214574898785425,"{""y0_a0"": {""n"": 135, ""accuracy"": 0.8296296296296296}, ""y0_a1"": {""n"": 988, ""accuracy"": 0.26214574898785425}, ""y1_a0"": {""n"": 386, ""accuracy"": 0.8601036269430051}, ""y1_a1"": {""n"": 42, ""accuracy"": 0.9761904761904762}}",0.21540841653577433
corr,tube,raddino_518,mask,0.5,42,clean,0.9070247418047453,,0.9070247418047453,1551,428,0,0.8368794326241135,0.8273472674162166,,"{""y0_a0"": {""n"": 1123, ""accuracy"": 0.8486197684772929}, ""y0_a1"": {""n"": 0, ""accuracy"": NaN}, ""y1_a0"": {""n"": 428, ""accuracy"": 0.8060747663551402}, ""y1_a1"": {""n"": 0, ""accuracy"": NaN}}",0.3816874505729944
corr,tube,raddino_518,mask,0.5,42,test_corr,0.9361023959520975,0.8535931516107231,0.9416335978835979,1551,428,501,0.845905867182463,0.8610541273790997,0.591304347826087,"{""y0_a0"": {""n"": 1008, ""accuracy"": 0.8541666666666666}, ""y0_a1"": {""n"": 115, ""accuracy"": 0.591304347826087}, ""y1_a0"": {""n"": 42, ""accuracy"": 0.8809523809523809}, ""y1_a1"": {""n"": 386, ""accuracy"": 0.8963730569948186}}",0.3816874505729944
corr,tube,raddino_518,mask,0.5,42,test_rev,0.835427052038515,0.8804945054945055,0.9119170984455958,1551,428,1030,0.7021276595744681,0.7386308785712502,0.6295546558704453,"{""y0_a0"": {""n"": 135, ""accuracy"": 0.8592592592592593}, ""y0_a1"": {""n"": 988, ""accuracy"": 0.6295546558704453}, ""y1_a0"": {""n"": 386, ""accuracy"": 0.8082901554404145}, ""y1_a1"": {""n"": 42, ""accuracy"": 0.9285714285714286}}",0.3816874505729944
corr,tube,raddino_518,inpaint,0.5,42,clean,0.9156777157313937,,0.9156777157313937,1551,428,0,0.8181818181818182,0.8419089804512279,,"{""y0_a0"": {""n"": 1123, ""accuracy"": 0.7889581478183437}, ""y0_a1"": {""n"": 0, ""accuracy"": NaN}, ""y1_a0"": {""n"": 428, ""accuracy"": 0.8948598130841121}, ""y1_a1"": {""n"": 0, ""accuracy"": NaN}}",0.39230649991694
corr,tube,raddino_518,inpaint,0.5,42,test_corr,0.9177000024966503,0.8852218968236089,0.940995842781557,1551,428,501,0.8175370728562218,0.8421867328001598,0.7130434782608696,"{""y0_a0"": {""n"": 1008, ""accuracy"": 0.7956349206349206}, ""y0_a1"": {""n"": 115, ""accuracy"": 0.7130434782608696}, ""y1_a0"": {""n"": 42, ""accuracy"": 0.9523809523809523}, ""y1_a1"": {""n"": 386, ""accuracy"": 0.8911917098445595}}",0.39230649991694
corr,tube,raddino_518,inpaint,0.5,42,test_rev,0.9127566348482453,0.9265471370734528,0.9229322586835541,1551,428,1030,0.8123791102514507,0.8379018566756269,0.7753036437246964,"{""y0_a0"": {""n"": 135, ""accuracy"": 0.8222222222222222}, ""y0_a1"": {""n"": 988, ""accuracy"": 0.7753036437246964}, ""y1_a0"": {""n"": 386, ""accuracy"": 0.8886010362694301}, ""y1_a1"": {""n"": 42, ""accuracy"": 0.9523809523809523}}",0.39230649991694
corr,tube,raddino_518,balanced,0.5,42,clean,0.9139446242957364,,0.9139446242957364,1551,428,0,0.8478401031592521,0.8443151272043342,,"{""y0_a0"": {""n"": 1123, ""accuracy"": 0.8521816562778273}, ""y0_a1"": {""n"": 0, ""accuracy"": NaN}, ""y1_a0"": {""n"": 428, ""accuracy"": 0.8364485981308412}, ""y1_a1"": {""n"": 0, ""accuracy"": NaN}}",0.47773945228625647
corr,tube,raddino_518,balanced,0.5,42,test_corr,0.9069186341658275,0.8797026357287678,0.9368386243386243,1551,428,501,0.8439716312056738,0.8351368164379458,0.8082901554404145,"{""y0_a0"": {""n"": 1008, ""accuracy"": 0.8571428571428571}, ""y0_a1"": {""n"": 115, ""accuracy"": 0.8347826086956521}, ""y1_a0"": {""n"": 42, ""accuracy"": 0.8809523809523809}, ""y1_a1"": {""n"": 386, ""accuracy"": 0.8082901554404145}}",0.47773945228625647
corr,tube,raddino_518,balanced,0.5,42,test_rev,0.9184053062141626,0.9266435319066898,0.9232968720015352,1551,428,1030,0.8555770470664088,0.848934970581137,0.8095238095238095,"{""y0_a0"": {""n"": 135, ""accuracy"": 0.8888888888888888}, ""y0_a1"": {""n"": 988, ""accuracy"": 0.8603238866396761}, ""y1_a0"": {""n"": 386, ""accuracy"": 0.8367875647668394}, ""y1_a1"": {""n"": 42, ""accuracy"": 0.8095238095238095}}",0.47773945228625647
corr,tube,raddino_518,dfr,0.5,42,clean,0.8991935819442248,,0.8991935819442248,1551,428,0,0.8555770470664088,0.8409820990171519,,"{""y0_a0"": {""n"": 1123, ""accuracy"": 0.8735529830810329}, ""y0_a1"": {""n"": 0, ""accuracy"": NaN}, ""y1_a0"": {""n"": 428, ""accuracy"": 0.8084112149532711}, ""y1_a1"": {""n"": 0, ""accuracy"": NaN}}",0.5653425482404805
corr,tube,raddino_518,dfr,0.5,42,test_corr,0.9070684331854761,0.8615003379139446,0.9246504157218443,1551,428,501,0.8555770470664088,0.8424280756651492,0.8082901554404145,"{""y0_a0"": {""n"": 1008, ""accuracy"": 0.878968253968254}, ""y0_a1"": {""n"": 115, ""accuracy"": 0.808695652173913}, ""y1_a0"": {""n"": 42, ""accuracy"": 0.8571428571428571}, ""y1_a1"": {""n"": 386, ""accuracy"": 0.8082901554404145}}",0.5653425482404805
corr,tube,raddino_518,dfr,0.5,42,test_rev,0.8843385124957348,0.9004000385579333,0.9087507196315487,1551,428,1030,0.8381689232753062,0.8289607276903488,0.805699481865285,"{""y0_a0"": {""n"": 135, ""accuracy"": 0.8962962962962963}, ""y0_a1"": {""n"": 988, ""accuracy"": 0.8431174089068826}, ""y1_a0"": {""n"": 386, ""accuracy"": 0.805699481865285}, ""y1_a1"": {""n"": 42, ""accuracy"": 0.8333333333333334}}",0.5653425482404805
corr,tube,raddino_518,leace,0.5,42,clean,0.9136762343855327,,0.9136762343855327,1551,428,0,0.8272082527401676,0.8438043541581711,,"{""y0_a0"": {""n"": 1123, ""accuracy"": 0.8067675868210151}, ""y0_a1"": {""n"": 0, ""accuracy"": NaN}, ""y1_a0"": {""n"": 428, ""accuracy"": 0.8808411214953271}, ""y1_a1"": {""n"": 0, ""accuracy"": NaN}}",0.40249343618911554
corr,tube,raddino_518,leace,0.5,42,test_corr,0.9120596532984911,0.8804235188105429,0.9400510204081632,1551,428,501,0.8233397807865893,0.8367950083637785,0.7304347826086957,"{""y0_a0"": {""n"": 1008, ""accuracy"": 0.8154761904761905}, ""y0_a1"": {""n"": 115, ""accuracy"": 0.7304347826086957}, ""y1_a0"": {""n"": 42, ""accuracy"": 0.9523809523809523}, ""y1_a1"": {""n"": 386, ""accuracy"": 0.8575129533678757}}",0.40249343618911554
corr,tube,raddino_518,leace,0.5,42,test_rev,0.9118391158528975,0.9233420088683246,0.9212627134906927,1551,428,1030,0.8188265635074146,0.8365703098343056,0.791497975708502,"{""y0_a0"": {""n"": 135, ""accuracy"": 0.837037037037037}, ""y0_a1"": {""n"": 988, ""accuracy"": 0.791497975708502}, ""y1_a0"": {""n"": 386, ""accuracy"": 0.8756476683937824}, ""y1_a1"": {""n"": 42, ""accuracy"": 0.8809523809523809}}",0.40249343618911554
corr,tube,raddino_518,i2e,0.5,42,clean,0.9082938723878796,,0.9082938723878796,1551,428,0,0.8181818181818182,0.8368480621832375,,"{""y0_a0"": {""n"": 1123, ""accuracy"": 0.7951914514692787}, ""y0_a1"": {""n"": 0, ""accuracy"": NaN}, ""y1_a0"": {""n"": 428, ""accuracy"": 0.8785046728971962}, ""y1_a1"": {""n"": 0, ""accuracy"": NaN}}",0.4006441469186422
corr,tube,raddino_518,i2e,0.5,42,test_corr,0.9083500470202478,0.8821581437260645,0.9302484882842026,1551,428,501,0.8201160541586073,0.8389067584324366,0.7565217391304347,"{""y0_a0"": {""n"": 1008, ""accuracy"": 0.8015873015873016}, ""y0_a1"": {""n"": 115, ""accuracy"": 0.7565217391304347}, ""y1_a0"": {""n"": 42, ""accuracy"": 0.9285714285714286}, ""y1_a1"": {""n"": 386, ""accuracy"": 0.8756476683937824}}",0.4006441469186422
corr,tube,raddino_518,i2e,0.5,42,test_rev,0.9073513868892569,0.9314632735685366,0.9156016119746689,1551,428,1030,0.8233397807865893,0.8411329383077704,0.7975708502024291,"{""y0_a0"": {""n"": 135, ""accuracy"": 0.8296296296296296}, ""y0_a1"": {""n"": 988, ""accuracy"": 0.7975708502024291}, ""y1_a0"": {""n"": 386, ""accuracy"": 0.8756476683937824}, ""y1_a1"": {""n"": 42, ""accuracy"": 0.9285714285714286}}",0.4006441469186422
corr,tube,raddino_518,i2e_balanced,0.5,42,clean,0.9093362238996014,,0.9093362238996014,1551,428,0,0.8536428110896196,0.8389234027679531,,"{""y0_a0"": {""n"": 1123, ""accuracy"": 0.8717720391807658}, ""y0_a1"": {""n"": 0, ""accuracy"": NaN}, ""y1_a0"": {""n"": 428, ""accuracy"": 0.8060747663551402}, ""y1_a1"": {""n"": 0, ""accuracy"": NaN}}",0.49180847481116696
corr,tube,raddino_518,i2e_balanced,0.5,42,test_corr,0.9087016586080342,0.8803784636179318,0.9296107331821617,1551,428,501,0.851063829787234,0.8335275172476927,0.7857142857142857,"{""y0_a0"": {""n"": 1008, ""accuracy"": 0.878968253968254}, ""y0_a1"": {""n"": 115, ""accuracy"": 0.8173913043478261}, ""y1_a0"": {""n"": 42, ""accuracy"": 0.7857142857142857}, ""y1_a1"": {""n"": 386, ""accuracy"": 0.7953367875647669}}",0.49180847481116696
corr,tube,raddino_518,i2e_balanced,0.5,42,test_rev,0.9093611904028761,0.9366444958550222,0.9206486279025139,1551,428,1030,0.851063829787234,0.8364194705436871,0.8005181347150259,"{""y0_a0"": {""n"": 135, ""accuracy"": 0.9185185185185185}, ""y0_a1"": {""n"": 988, ""accuracy"": 0.8623481781376519}, ""y1_a0"": {""n"": 386, ""accuracy"": 0.8005181347150259}, ""y1_a1"": {""n"": 42, ""accuracy"": 0.8333333333333334}}",0.49180847481116696
corr,tube,raddino_518,i2e_rank1,0.5,42,clean,0.9144959679097211,,0.9144959679097211,1551,428,0,0.8317214700193424,0.8447520410116427,,"{""y0_a0"": {""n"": 1123, ""accuracy"": 0.8156723063223509}, ""y0_a1"": {""n"": 0, ""accuracy"": NaN}, ""y1_a0"": {""n"": 428, ""accuracy"": 0.8738317757009346}, ""y1_a1"": {""n"": 0, ""accuracy"": NaN}}",0.4119018888778439
corr,tube,raddino_518,i2e_rank1,0.5,42,test_corr,0.9154779837051954,0.8838251858526694,0.9377125850340136,1551,428,501,0.8330109606705351,0.8470884896097736,0.7565217391304347,"{""y0_a0"": {""n"": 1008, ""accuracy"": 0.8224206349206349}, ""y0_a1"": {""n"": 115, ""accuracy"": 0.7565217391304347}, ""y1_a0"": {""n"": 42, ""accuracy"": 0.9523809523809523}, ""y1_a1"": {""n"": 386, ""accuracy"": 0.8704663212435233}}",0.4119018888778439
corr,tube,raddino_518,i2e_rank1,0.5,42,test_rev,0.9094319288288214,0.9233179101600154,0.9209748608712339,1551,428,1030,0.8246292714377821,0.839854445285908,0.8016194331983806,"{""y0_a0"": {""n"": 135, ""accuracy"": 0.837037037037037}, ""y0_a1"": {""n"": 988, ""accuracy"": 0.8016194331983806}, ""y1_a0"": {""n"": 386, ""accuracy"": 0.8678756476683938}, ""y1_a1"": {""n"": 42, ""accuracy"": 0.9285714285714286}}",0.4119018888778439
corr,tube,raddino_518,insert_aug,0.5,42,clean,0.9132060319071912,,0.9132060319071912,1551,428,0,0.8175370728562218,0.840017767828164,,"{""y0_a0"": {""n"": 1123, ""accuracy"": 0.7898486197684773}, ""y0_a1"": {""n"": 0, ""accuracy"": NaN}, ""y1_a0"": {""n"": 428, ""accuracy"": 0.8901869158878505}, ""y1_a1"": {""n"": 0, ""accuracy"": NaN}}",0.31380112612223915
corr,tube,raddino_518,insert_aug,0.5,42,test_corr,0.9416095904661246,0.8679207028610048,0.940098261526833,1551,428,501,0.8098001289490652,0.8527496442273284,0.4,"{""y0_a0"": {""n"": 1008, ""accuracy"": 0.7976190476190477}, ""y0_a1"": {""n"": 115, ""accuracy"": 0.4}, ""y1_a0"": {""n"": 42, ""accuracy"": 0.9523809523809523}, ""y1_a1"": {""n"": 386, ""accuracy"": 0.9481865284974094}}",0.31380112612223915
corr,tube,raddino_518,insert_aug,0.5,42,test_rev,0.852516623530097,0.9014362830152304,0.9204183458069468,1551,428,1030,0.6105738233397808,0.6978200081557244,0.4574898785425101,"{""y0_a0"": {""n"": 135, ""accuracy"": 0.837037037037037}, ""y0_a1"": {""n"": 988, ""accuracy"": 0.4574898785425101}, ""y1_a0"": {""n"": 386, ""accuracy"": 0.883419689119171}, ""y1_a1"": {""n"": 42, ""accuracy"": 0.9761904761904762}}",0.31380112612223915
corr,tube,raddino_518,mte,0.5,42,clean,0.9019856692271203,,0.9019856692271203,1551,428,0,0.8343004513217279,0.8400260899959222,,"{""y0_a0"": {""n"": 1123, ""accuracy"": 0.8272484416740873}, ""y0_a1"": {""n"": 0, ""accuracy"": NaN}, ""y1_a0"": {""n"": 428, ""accuracy"": 0.852803738317757}, ""y1_a1"": {""n"": 0, ""accuracy"": NaN}}",0.3805380206647883
corr,tube,raddino_518,mte,0.5,42,test_corr,0.9036605054884698,0.8718179770218517,0.9325869236583523,1551,428,501,0.8349451966473244,0.840471325970989,0.7652173913043478,"{""y0_a0"": {""n"": 1008, ""accuracy"": 0.8353174603174603}, ""y0_a1"": {""n"": 115, ""accuracy"": 0.7652173913043478}, ""y1_a0"": {""n"": 42, ""accuracy"": 0.9047619047619048}, ""y1_a1"": {""n"": 386, ""accuracy"": 0.8471502590673575}}",0.3805380206647883
corr,tube,raddino_518,mte,0.5,42,test_rev,0.900826807366783,0.9205224599961441,0.911207061984264,1551,428,1030,0.8310767246937459,0.8377999101205882,0.819838056680162,"{""y0_a0"": {""n"": 135, ""accuracy"": 0.8444444444444444}, ""y0_a1"": {""n"": 988, ""accuracy"": 0.819838056680162}, ""y1_a0"": {""n"": 386, ""accuracy"": 0.8497409326424871}, ""y1_a1"": {""n"": 42, ""accuracy"": 0.8809523809523809}}",0.3805380206647883
corr,tube,raddino_518,mte_balanced,0.5,42,clean,0.8985049225622289,,0.8985049225622289,1551,428,0,0.8052869116698904,0.8228824244139114,,"{""y0_a0"": {""n"": 1123, ""accuracy"": 0.7836153161175423}, ""y0_a1"": {""n"": 0, ""accuracy"": NaN}, ""y1_a0"": {""n"": 428, ""accuracy"": 0.8621495327102804}, ""y1_a1"": {""n"": 0, ""accuracy"": NaN}}",0.33919802262272014
corr,tube,raddino_518,mte_balanced,0.5,42,test_corr,0.8997865363970007,0.866366298715927,0.9330357142857143,1551,428,501,0.8052869116698904,0.8228824244139114,0.7304347826086957,"{""y0_a0"": {""n"": 1008, ""accuracy"": 0.7896825396825397}, ""y0_a1"": {""n"": 115, ""accuracy"": 0.7304347826086957}, ""y1_a0"": {""n"": 42, ""accuracy"": 0.9285714285714286}, ""y1_a1"": {""n"": 386, ""accuracy"": 0.8549222797927462}}",0.33919802262272014
corr,tube,raddino_518,mte_balanced,0.5,42,test_rev,0.8978516323932058,0.919269327164064,0.910784878142391,1551,428,1030,0.8052869116698904,0.8228824244139114,0.7753036437246964,"{""y0_a0"": {""n"": 135, ""accuracy"": 0.8444444444444444}, ""y0_a1"": {""n"": 988, ""accuracy"": 0.7753036437246964}, ""y1_a0"": {""n"": 386, ""accuracy"": 0.8549222797927462}, ""y1_a1"": {""n"": 42, ""accuracy"": 0.9285714285714286}}",0.33919802262272014
corr,tube,raddino_518,ui2e,0.5,42,clean,0.9026160734348082,,0.9026160734348082,1551,428,0,0.8304319793681496,0.8395236391175174,,"{""y0_a0"": {""n"": 1123, ""accuracy"": 0.8192341941228851}, ""y0_a1"": {""n"": 0, ""accuracy"": NaN}, ""y1_a0"": {""n"": 428, ""accuracy"": 0.8598130841121495}, ""y1_a1"": {""n"": 0, ""accuracy"": NaN}}",0.4260454790826477
corr,tube,raddino_518,ui2e,0.5,42,test_corr,0.9088202494985895,0.875197116467673,0.9188161375661376,1551,428,501,0.8323662153449387,0.8444742886627108,0.7652173913043478,"{""y0_a0"": {""n"": 1008, ""accuracy"": 0.8234126984126984}, ""y0_a1"": {""n"": 115, ""accuracy"": 0.7652173913043478}, ""y1_a0"": {""n"": 42, ""accuracy"": 0.9047619047619048}, ""y1_a1"": {""n"": 386, ""accuracy"": 0.8678756476683938}}",0.4260454790826477
corr,tube,raddino_518,ui2e,0.5,42,test_rev,0.8941420261149624,0.9304511278195489,0.9093456150450969,1551,428,1030,0.8181818181818182,0.8317871439152471,0.7965587044534413,"{""y0_a0"": {""n"": 135, ""accuracy"": 0.837037037037037}, ""y0_a1"": {""n"": 988, ""accuracy"": 0.7965587044534413}, ""y1_a0"": {""n"": 386, ""accuracy"": 0.8575129533678757}, ""y1_a1"": {""n"": 42, ""accuracy"": 0.9047619047619048}}",0.4260454790826477
corr,tube,raddino_518,ui2e_balanced,0.5,42,clean,0.899116601892461,,0.899116601892461,1551,428,0,0.8517085751128304,0.8296348232787676,,"{""y0_a0"": {""n"": 1123, ""accuracy"": 0.8788958147818343}, ""y0_a1"": {""n"": 0, ""accuracy"": NaN}, ""y1_a0"": {""n"": 428, ""accuracy"": 0.780373831775701}, ""y1_a1"": {""n"": 0, ""accuracy"": NaN}}",0.5026012724050309
corr,tube,raddino_518,ui2e_balanced,0.5,42,test_corr,0.8977788134253208,0.8724712773147105,0.9116354875283447,1551,428,501,0.8504190844616376,0.8265753863566381,0.7694300518134715,"{""y0_a0"": {""n"": 1008, ""accuracy"": 0.8829365079365079}, ""y0_a1"": {""n"": 115, ""accuracy"": 0.8521739130434782}, ""y1_a0"": {""n"": 42, ""accuracy"": 0.8095238095238095}, ""y1_a1"": {""n"": 386, ""accuracy"": 0.7694300518134715}}",0.5026012724050309
corr,tube,raddino_518,ui2e_balanced,0.5,42,test_rev,0.8992892868734449,0.931077694235589,0.9085204375359816,1551,428,1030,0.8536428110896196,0.830970531203968,0.7772020725388601,"{""y0_a0"": {""n"": 135, ""accuracy"": 0.9037037037037037}, ""y0_a1"": {""n"": 988, ""accuracy"": 0.8785425101214575}, ""y1_a0"": {""n"": 386, ""accuracy"": 0.7772020725388601}, ""y1_a1"": {""n"": 42, ""accuracy"": 0.8095238095238095}}",0.5026012724050309
corr,tube,raddino_518,umte,0.5,42,clean,0.8906883264952855,,0.8906883264952855,1551,428,0,0.8362346872985171,0.8341319146811361,,"{""y0_a0"": {""n"": 1123, ""accuracy"": 0.8388245770258237}, ""y0_a1"": {""n"": 0, ""accuracy"": NaN}, ""y1_a0"": {""n"": 428, ""accuracy"": 0.8294392523364486}, ""y1_a1"": {""n"": 0, ""accuracy"": NaN}}",0.4193771860246707
corr,tube,raddino_518,umte,0.5,42,test_corr,0.8958376677957075,0.8566569047082675,0.9124385865457294,1551,428,501,0.8355899419729207,0.8351326553540666,0.7565217391304347,"{""y0_a0"": {""n"": 1008, ""accuracy"": 0.8452380952380952}, ""y0_a1"": {""n"": 115, ""accuracy"": 0.7565217391304347}, ""y1_a0"": {""n"": 42, ""accuracy"": 0.8571428571428571}, ""y1_a1"": {""n"": 386, ""accuracy"": 0.8316062176165803}}",0.4193771860246707
corr,tube,raddino_518,umte,0.5,42,test_rev,0.8857407977630013,0.9226431463273568,0.9010938399539434,1551,428,1030,0.8259187620889749,0.8270081390800675,0.819838056680162,"{""y0_a0"": {""n"": 135, ""accuracy"": 0.8592592592592593}, ""y0_a1"": {""n"": 988, ""accuracy"": 0.819838056680162}, ""y1_a0"": {""n"": 386, ""accuracy"": 0.8238341968911918}, ""y1_a1"": {""n"": 42, ""accuracy"": 0.8809523809523809}}",0.4193771860246707
corr,tube,raddino_518,umte_balanced,0.5,42,clean,0.8863920073900848,,0.8863920073900848,1551,428,0,0.8278529980657641,0.8261748820332719,,"{""y0_a0"": {""n"": 1123, ""accuracy"": 0.8299198575244879}, ""y0_a1"": {""n"": 0, ""accuracy"": NaN}, ""y1_a0"": {""n"": 428, ""accuracy"": 0.822429906542056}, ""y1_a1"": {""n"": 0, ""accuracy"": NaN}}",0.4304321821268172
corr,tube,raddino_518,umte_balanced,0.5,42,test_corr,0.8853267699170279,0.8496282946609596,0.9141628873771731,1551,428,501,0.8278529980657641,0.8247289053852748,0.7739130434782608,"{""y0_a0"": {""n"": 1008, ""accuracy"": 0.8382936507936508}, ""y0_a1"": {""n"": 115, ""accuracy"": 0.7739130434782608}, ""y1_a0"": {""n"": 42, ""accuracy"": 0.8333333333333334}, ""y1_a1"": {""n"": 386, ""accuracy"": 0.8160621761658031}}",0.4304321821268172
corr,tube,raddino_518,umte_balanced,0.5,42,test_rev,0.8884059719875833,0.9221611721611721,0.897850700441374,1551,428,1030,0.8259187620889749,0.8241161857840731,0.8134715025906736,"{""y0_a0"": {""n"": 135, ""accuracy"": 0.8592592592592593}, ""y0_a1"": {""n"": 988, ""accuracy"": 0.8238866396761133}, ""y1_a0"": {""n"": 386, ""accuracy"": 0.8134715025906736}, ""y1_a1"": {""n"": 42, ""accuracy"": 0.8809523809523809}}",0.4304321821268172
corr,tube,raddino_518,erm,0.5,123,clean,0.9114042825875284,,0.9114042825875284,1551,428,0,0.8188265635074146,0.8307864032423166,,"{""y0_a0"": {""n"": 1123, ""accuracy"": 0.8040961709706145}, ""y0_a1"": {""n"": 0, ""accuracy"": NaN}, ""y1_a0"": {""n"": 428, ""accuracy"": 0.8574766355140186}, ""y1_a1"": {""n"": 0, ""accuracy"": NaN}}",0.2297948738838661
corr,tube,raddino_518,erm,0.5,123,test_corr,0.9523951198808266,0.8677777777777779,0.9244887815961375,1551,428,517,0.8039974210186976,0.8509114854237232,0.2564102564102564,"{""y0_a0"": {""n"": 1006, ""accuracy"": 0.8031809145129225}, ""y0_a1"": {""n"": 117, ""accuracy"": 0.2564102564102564}, ""y1_a0"": {""n"": 28, ""accuracy"": 0.8571428571428571}, ""y1_a1"": {""n"": 400, ""accuracy"": 0.9625}}",0.2297948738838661
corr,tube,raddino_518,erm,0.5,123,test_rev,0.7765393929810838,0.8797042061137016,0.9246854182087343,1551,428,1053,0.4874274661508704,0.6055500536779821,0.2828882294757666,"{""y0_a0"": {""n"": 112, ""accuracy"": 0.875}, ""y0_a1"": {""n"": 1011, ""accuracy"": 0.2828882294757666}, ""y1_a0"": {""n"": 386, ""accuracy"": 0.8601036269430051}, ""y1_a1"": {""n"": 42, ""accuracy"": 0.9523809523809523}}",0.2297948738838661
corr,tube,raddino_518,mask,0.5,123,clean,0.9084727989946821,,0.9084727989946821,1551,428,0,0.8272082527401676,0.8358514825941862,,"{""y0_a0"": {""n"": 1123, ""accuracy"": 0.8165627782724845}, ""y0_a1"": {""n"": 0, ""accuracy"": NaN}, ""y1_a0"": {""n"": 428, ""accuracy"": 0.8551401869158879}, ""y1_a1"": {""n"": 0, ""accuracy"": NaN}}",0.31839199772955445
corr,tube,raddino_518,mask,0.5,123,test_corr,0.9352077629180849,0.8844871794871796,0.929920477137177,1551,428,517,0.8207607994842038,0.8516427959154801,0.5299145299145299,"{""y0_a0"": {""n"": 1006, ""accuracy"": 0.8121272365805169}, ""y0_a1"": {""n"": 117, ""accuracy"": 0.5299145299145299}, ""y1_a0"": {""n"": 28, ""accuracy"": 0.8214285714285714}, ""y1_a1"": {""n"": 400, ""accuracy"": 0.9275}}",0.31839199772955445
corr,tube,raddino_518,mask,0.5,123,test_rev,0.847315268681186,0.8881117234232961,0.9234132124352332,1551,428,1053,0.6872985170857512,0.7414042409766897,0.5944609297725024,"{""y0_a0"": {""n"": 112, ""accuracy"": 0.8571428571428571}, ""y0_a1"": {""n"": 1011, ""accuracy"": 0.5944609297725024}, ""y1_a0"": {""n"": 386, ""accuracy"": 0.8549222797927462}, ""y1_a1"": {""n"": 42, ""accuracy"": 0.9285714285714286}}",0.31839199772955445
corr,tube,raddino_518,inpaint,0.5,123,clean,0.915733890363762,,0.915733890363762,1551,428,0,0.8168923275306254,0.8410185085010944,,"{""y0_a0"": {""n"": 1123, ""accuracy"": 0.7871772039180766}, ""y0_a1"": {""n"": 0, ""accuracy"": NaN}, ""y1_a0"": {""n"": 428, ""accuracy"": 0.8948598130841121}, ""y1_a1"": {""n"": 0, ""accuracy"": NaN}}",0.39126738932184874
corr,tube,raddino_518,inpaint,0.5,123,test_corr,0.9173005384442539,0.9111965811965812,0.926476853166714,1551,428,517,0.8156028368794326,0.8408510248749594,0.7813121272365805,"{""y0_a0"": {""n"": 1006, ""accuracy"": 0.7813121272365805}, ""y0_a1"": {""n"": 117, ""accuracy"": 0.811965811965812}, ""y1_a0"": {""n"": 28, ""accuracy"": 0.9285714285714286}, ""y1_a1"": {""n"": 400, ""accuracy"": 0.895}}",0.39126738932184874
corr,tube,raddino_518,inpaint,0.5,123,test_rev,0.9129064338678938,0.9224247562526494,0.9276230569948186,1551,428,1053,0.8123791102514507,0.8379018566756269,0.771513353115727,"{""y0_a0"": {""n"": 112, ""accuracy"": 0.8660714285714286}, ""y0_a1"": {""n"": 1011, ""accuracy"": 0.771513353115727}, ""y1_a0"": {""n"": 386, ""accuracy"": 0.8937823834196891}, ""y1_a1"": {""n"": 42, ""accuracy"": 0.9047619047619048}}",0.39126738932184874
corr,tube,raddino_518,balanced,0.5,123,clean,0.9135763683724336,,0.9135763683724336,1551,428,0,0.8317214700193424,0.8483669826316358,,"{""y0_a0"": {""n"": 1123, ""accuracy"": 0.811219946571683}, ""y0_a1"": {""n"": 0, ""accuracy"": NaN}, ""y1_a0"": {""n"": 428, ""accuracy"": 0.8855140186915887}, ""y1_a1"": {""n"": 0, ""accuracy"": NaN}}",0.43421277458126595
corr,tube,raddino_518,balanced,0.5,123,test_corr,0.900525128785546,0.911474358974359,0.930062482249361,1551,428,517,0.8246292714377821,0.834070538693919,0.8061630218687873,"{""y0_a0"": {""n"": 1006, ""accuracy"": 0.8061630218687873}, ""y0_a1"": {""n"": 117, ""accuracy"": 0.8717948717948718}, ""y1_a0"": {""n"": 28, ""accuracy"": 0.9285714285714286}, ""y1_a1"": {""n"": 400, ""accuracy"": 0.85}}",0.43421277458126595
corr,tube,raddino_518,balanced,0.5,123,test_rev,0.9228867935519844,0.9266167396731195,0.9205912287194671,1551,428,1053,0.8401031592520954,0.8527090736595069,0.8095238095238095,"{""y0_a0"": {""n"": 112, ""accuracy"": 0.875}, ""y0_a1"": {""n"": 1011, ""accuracy"": 0.8189910979228486}, ""y1_a0"": {""n"": 386, ""accuracy"": 0.8886010362694301}, ""y1_a1"": {""n"": 42, ""accuracy"": 0.8095238095238095}}",0.43421277458126595
corr,tube,raddino_518,dfr,0.5,123,clean,0.8968488111783358,,0.8968488111783358,1551,428,0,0.8484848484848485,0.8230707134594419,,"{""y0_a0"": {""n"": 1123, ""accuracy"": 0.8797862867319679}, ""y0_a1"": {""n"": 0, ""accuracy"": NaN}, ""y1_a0"": {""n"": 428, ""accuracy"": 0.7663551401869159}, ""y1_a1"": {""n"": 0, ""accuracy"": NaN}}",0.6002323147099738
corr,tube,raddino_518,dfr,0.5,123,test_corr,0.8992726425379284,0.9078418803418804,0.9137318943481965,1551,428,517,0.8484848484848485,0.8237937017834405,0.7675,"{""y0_a0"": {""n"": 1006, ""accuracy"": 0.8747514910536779}, ""y0_a1"": {""n"": 117, ""accuracy"": 0.9145299145299145}, ""y1_a0"": {""n"": 28, ""accuracy"": 0.7857142857142857}, ""y1_a1"": {""n"": 400, ""accuracy"": 0.7675}}",0.6002323147099738
corr,tube,raddino_518,dfr,0.5,123,test_rev,0.8911959787285393,0.9204229664170317,0.9049777942264989,1551,428,1053,0.845905867182463,0.8212897695591748,0.7590673575129534,"{""y0_a0"": {""n"": 112, ""accuracy"": 0.9196428571428571}, ""y0_a1"": {""n"": 1011, ""accuracy"": 0.8714144411473789}, ""y1_a0"": {""n"": 386, ""accuracy"": 0.7590673575129534}, ""y1_a1"": {""n"": 42, ""accuracy"": 0.8333333333333334}}",0.6002323147099738
corr,tube,raddino_518,leace,0.5,123,clean,0.9134827439851532,,0.9134827439851532,1551,428,0,0.8278529980657641,0.8435266018092393,,"{""y0_a0"": {""n"": 1123, ""accuracy"": 0.8085485307212823}, ""y0_a1"": {""n"": 0, ""accuracy"": NaN}, ""y1_a0"": {""n"": 428, ""accuracy"": 0.8785046728971962}, ""y1_a1"": {""n"": 0, ""accuracy"": NaN}}",0.4074581832485614
corr,tube,raddino_518,leace,0.5,123,test_corr,0.9121012641372824,0.9075854700854701,0.9246662879863675,1551,428,517,0.8233397807865893,0.83607202003978,0.8041749502982107,"{""y0_a0"": {""n"": 1006, ""accuracy"": 0.8041749502982107}, ""y0_a1"": {""n"": 117, ""accuracy"": 0.8376068376068376}, ""y1_a0"": {""n"": 28, ""accuracy"": 0.8928571428571429}, ""y1_a1"": {""n"": 400, ""accuracy"": 0.8625}}",0.4074581832485614
corr,tube,raddino_518,leace,0.5,123,test_rev,0.9114750210134736,0.9243558946823041,0.9232050333086602,1551,428,1053,0.8220502901353965,0.8387964897096396,0.7922848664688428,"{""y0_a0"": {""n"": 112, ""accuracy"": 0.8839285714285714}, ""y0_a1"": {""n"": 1011, ""accuracy"": 0.7922848664688428}, ""y1_a0"": {""n"": 386, ""accuracy"": 0.8756476683937824}, ""y1_a1"": {""n"": 42, ""accuracy"": 0.8809523809523809}}",0.4074581832485614
corr,tube,raddino_518,i2e,0.5,123,clean,0.9081003819875,,0.9081003819875,1551,428,0,0.8175370728562218,0.8356798378841721,,"{""y0_a0"": {""n"": 1123, ""accuracy"": 0.7951914514692787}, ""y0_a1"": {""n"": 0, ""accuracy"": NaN}, ""y1_a0"": {""n"": 428, ""accuracy"": 0.8761682242990654}, ""y1_a1"": {""n"": 0, ""accuracy"": NaN}}",0.40138902926659387
corr,tube,raddino_518,i2e,0.5,123,test_corr,0.9084582352011051,0.9052136752136751,0.9193055950014201,1551,428,517,0.8188265635074146,0.8365703098343056,0.7932405566600398,"{""y0_a0"": {""n"": 1006, ""accuracy"": 0.7932405566600398}, ""y0_a1"": {""n"": 117, ""accuracy"": 0.8290598290598291}, ""y1_a0"": {""n"": 28, ""accuracy"": 0.8571428571428571}, ""y1_a1"": {""n"": 400, ""accuracy"": 0.8775}}",0.40138902926659387
corr,tube,raddino_518,i2e,0.5,123,test_rev,0.9073825950183505,0.9154538175309689,0.9207762768319764,1551,428,1053,0.8226950354609929,0.839964714008705,0.7952522255192879,"{""y0_a0"": {""n"": 112, ""accuracy"": 0.8571428571428571}, ""y0_a1"": {""n"": 1011, ""accuracy"": 0.7952522255192879}, ""y1_a0"": {""n"": 386, ""accuracy"": 0.8782383419689119}, ""y1_a1"": {""n"": 42, ""accuracy"": 0.8809523809523809}}",0.40138902926659387
corr,tube,raddino_518,i2e_balanced,0.5,123,clean,0.9066231972104094,,0.9066231972104094,1551,428,0,0.8291424887169568,0.8386331671673837,,"{""y0_a0"": {""n"": 1123, ""accuracy"": 0.8174532502226179}, ""y0_a1"": {""n"": 0, ""accuracy"": NaN}, ""y1_a0"": {""n"": 428, ""accuracy"": 0.8598130841121495}, ""y1_a1"": {""n"": 0, ""accuracy"": NaN}}",0.43713363620461815
corr,tube,raddino_518,i2e_balanced,0.5,123,test_corr,0.906194605570859,0.9057264957264958,0.9238497585913092,1551,428,517,0.8304319793681496,0.8402466274415159,0.81610337972167,"{""y0_a0"": {""n"": 1006, ""accuracy"": 0.81610337972167}, ""y0_a1"": {""n"": 117, ""accuracy"": 0.8376068376068376}, ""y1_a0"": {""n"": 28, ""accuracy"": 0.8571428571428571}, ""y1_a1"": {""n"": 400, ""accuracy"": 0.8625}}",0.43713363620461815
corr,tube,raddino_518,i2e_balanced,0.5,123,test_rev,0.9061238671449139,0.9166784419009938,0.9182781273131013,1551,428,1053,0.8284977433913604,0.838187931192317,0.80811078140455,"{""y0_a0"": {""n"": 112, ""accuracy"": 0.8928571428571429}, ""y0_a1"": {""n"": 1011, ""accuracy"": 0.80811078140455}, ""y1_a0"": {""n"": 386, ""accuracy"": 0.8601036269430051}, ""y1_a1"": {""n"": 42, ""accuracy"": 0.8571428571428571}}",0.43713363620461815
corr,tube,raddino_518,i2e_rank1,0.5,123,clean,0.9143212023867977,,0.9143212023867977,1551,428,0,0.8323662153449387,0.8451972769867095,,"{""y0_a0"": {""n"": 1123, ""accuracy"": 0.8165627782724845}, ""y0_a1"": {""n"": 0, ""accuracy"": NaN}, ""y1_a0"": {""n"": 428, ""accuracy"": 0.8738317757009346}, ""y1_a1"": {""n"": 0, ""accuracy"": NaN}}",0.4125445859431155
corr,tube,raddino_518,i2e_rank1,0.5,123,test_corr,0.9149349622589692,0.907371794871795,0.9294589605225788,1551,428,517,0.8310767246937459,0.8435838167125773,0.8121272365805169,"{""y0_a0"": {""n"": 1006, ""accuracy"": 0.8121272365805169}, ""y0_a1"": {""n"": 117, ""accuracy"": 0.8461538461538461}, ""y1_a0"": {""n"": 28, ""accuracy"": 0.8571428571428571}, ""y1_a1"": {""n"": 400, ""accuracy"": 0.8725}}",0.4125445859431155
corr,tube,raddino_518,i2e_rank1,0.5,123,test_rev,0.9097856209585473,0.9186331307993029,0.9258650999259808,1551,428,1053,0.8226950354609929,0.8377957490367092,0.7952522255192879,"{""y0_a0"": {""n"": 112, ""accuracy"": 0.8839285714285714}, ""y0_a1"": {""n"": 1011, ""accuracy"": 0.7952522255192879}, ""y1_a0"": {""n"": 386, ""accuracy"": 0.8704663212435233}, ""y1_a1"": {""n"": 42, ""accuracy"": 0.8809523809523809}}",0.4125445859431155
corr,tube,raddino_518,insert_aug,0.5,123,clean,0.913699120346868,,0.913699120346868,1551,428,0,0.813023855577047,0.8361781276786977,,"{""y0_a0"": {""n"": 1123, ""accuracy"": 0.7845057880676759}, ""y0_a1"": {""n"": 0, ""accuracy"": NaN}, ""y1_a0"": {""n"": 428, ""accuracy"": 0.8878504672897196}, ""y1_a1"": {""n"": 0, ""accuracy"": NaN}}",0.3191631284892926
corr,tube,raddino_518,insert_aug,0.5,123,test_corr,0.9412226096653655,0.8989957264957266,0.9276128940641863,1551,428,517,0.8020631850419084,0.8445148592305324,0.4700854700854701,"{""y0_a0"": {""n"": 1006, ""accuracy"": 0.7823061630218688}, ""y0_a1"": {""n"": 117, ""accuracy"": 0.4700854700854701}, ""y1_a0"": {""n"": 28, ""accuracy"": 0.8928571428571429}, ""y1_a1"": {""n"": 400, ""accuracy"": 0.9425}}",0.3191631284892926
corr,tube,raddino_518,insert_aug,0.5,123,test_rev,0.8603561055583758,0.9117799444208939,0.9268828645447816,1551,428,1053,0.6337846550612508,0.7138485032581288,0.5004945598417408,"{""y0_a0"": {""n"": 112, ""accuracy"": 0.8482142857142857}, ""y0_a1"": {""n"": 1011, ""accuracy"": 0.5004945598417408}, ""y1_a0"": {""n"": 386, ""accuracy"": 0.8860103626943006}, ""y1_a1"": {""n"": 42, ""accuracy"": 0.9523809523809523}}",0.3191631284892926
corr,tube,raddino_518,mte,0.5,123,clean,0.9019794276013016,,0.9019794276013016,1551,428,0,0.8188265635074146,0.8322323798903138,,"{""y0_a0"": {""n"": 1123, ""accuracy"": 0.8023152270703473}, ""y0_a1"": {""n"": 0, ""accuracy"": NaN}, ""y1_a0"": {""n"": 428, ""accuracy"": 0.8621495327102804}, ""y1_a1"": {""n"": 0, ""accuracy"": NaN}}",0.34504881260206643
corr,tube,raddino_518,mte,0.5,123,test_corr,0.9037832574629041,0.8992094017094016,0.9222522010792389,1551,428,517,0.8188265635074146,0.8322323798903138,0.7962226640159046,"{""y0_a0"": {""n"": 1006, ""accuracy"": 0.7962226640159046}, ""y0_a1"": {""n"": 117, ""accuracy"": 0.8547008547008547}, ""y1_a0"": {""n"": 28, ""accuracy"": 0.8571428571428571}, ""y1_a1"": {""n"": 400, ""accuracy"": 0.8625}}",0.34504881260206643
corr,tube,raddino_518,mte,0.5,123,test_rev,0.90060210883731,0.9123451556685979,0.9173991487786824,1551,428,1053,0.8143133462282398,0.8291157280648463,0.7883283877349159,"{""y0_a0"": {""n"": 112, ""accuracy"": 0.8660714285714286}, ""y0_a1"": {""n"": 1011, ""accuracy"": 0.7883283877349159}, ""y1_a0"": {""n"": 386, ""accuracy"": 0.8652849740932642}, ""y1_a1"": {""n"": 42, ""accuracy"": 0.8333333333333334}}",0.34504881260206643
corr,tube,raddino_518,mte_balanced,0.5,123,clean,0.898571499904295,,0.898571499904295,1551,428,0,0.8452611218568665,0.8237364868801025,,"{""y0_a0"": {""n"": 1123, ""accuracy"": 0.8717720391807658}, ""y0_a1"": {""n"": 0, ""accuracy"": NaN}, ""y1_a0"": {""n"": 428, ""accuracy"": 0.7757009345794392}, ""y1_a1"": {""n"": 0, ""accuracy"": NaN}}",0.4995000052062842
corr,tube,raddino_518,mte_balanced,0.5,123,test_corr,0.8999925100490175,0.900042735042735,0.9302754899176371,1551,428,517,0.845905867182463,0.824904711179168,0.7775,"{""y0_a0"": {""n"": 1006, ""accuracy"": 0.8687872763419483}, ""y0_a1"": {""n"": 117, ""accuracy"": 0.8974358974358975}, ""y1_a0"": {""n"": 28, ""accuracy"": 0.7857142857142857}, ""y1_a1"": {""n"": 400, ""accuracy"": 0.7775}}",0.4995000052062842
corr,tube,raddino_518,mte_balanced,0.5,123,test_rev,0.8979348540707884,0.9037256841411143,0.9108068097705403,1551,428,1053,0.845905867182463,0.8241817228551693,0.7746113989637305,"{""y0_a0"": {""n"": 112, ""accuracy"": 0.9285714285714286}, ""y0_a1"": {""n"": 1011, ""accuracy"": 0.8664688427299704}, ""y1_a0"": {""n"": 386, ""accuracy"": 0.7746113989637305}, ""y1_a1"": {""n"": 42, ""accuracy"": 0.7857142857142857}}",0.4995000052062842
corr,tube,raddino_518,ui2e,0.5,123,clean,0.9024142608666705,,0.9024142608666705,1551,428,0,0.8368794326241135,0.8418070338961893,,"{""y0_a0"": {""n"": 1123, ""accuracy"": 0.8308103294746215}, ""y0_a1"": {""n"": 0, ""accuracy"": NaN}, ""y1_a0"": {""n"": 428, ""accuracy"": 0.852803738317757}, ""y1_a1"": {""n"": 0, ""accuracy"": NaN}}",0.43293635073664505
corr,tube,raddino_518,ui2e,0.5,123,test_corr,0.9091406529572823,0.8982264957264957,0.9344291394490202,1551,428,517,0.8368794326241135,0.8446989871921838,0.8205128205128205,"{""y0_a0"": {""n"": 1006, ""accuracy"": 0.8280318091451292}, ""y0_a1"": {""n"": 117, ""accuracy"": 0.8205128205128205}, ""y1_a0"": {""n"": 28, ""accuracy"": 0.8928571428571429}, ""y1_a1"": {""n"": 400, ""accuracy"": 0.86}}",0.43293635073664505
corr,tube,raddino_518,ui2e,0.5,123,test_rev,0.8940588044373798,0.9076115114690783,0.9167746113989639,1551,428,1053,0.8207607994842038,0.8306761345195197,0.7992087042532147,"{""y0_a0"": {""n"": 112, ""accuracy"": 0.8928571428571429}, ""y0_a1"": {""n"": 1011, ""accuracy"": 0.7992087042532147}, ""y1_a0"": {""n"": 386, ""accuracy"": 0.8549222797927462}, ""y1_a1"": {""n"": 42, ""accuracy"": 0.8333333333333334}}",0.43293635073664505
corr,tube,raddino_518,ui2e_balanced,0.5,123,clean,0.9004855984886944,,0.9004855984886944,1551,428,0,0.8368794326241135,0.8353001389802015,,"{""y0_a0"": {""n"": 1123, ""accuracy"": 0.8388245770258237}, ""y0_a1"": {""n"": 0, ""accuracy"": NaN}, ""y1_a0"": {""n"": 428, ""accuracy"": 0.8317757009345794}, ""y1_a1"": {""n"": 0, ""accuracy"": NaN}}",0.4643818869124446
corr,tube,raddino_518,ui2e_balanced,0.5,123,test_corr,0.8983384792070638,0.8980555555555556,0.9358491905708606,1551,428,517,0.8368794326241135,0.8338541623322043,0.8225,"{""y0_a0"": {""n"": 1006, ""accuracy"": 0.8359840954274353}, ""y0_a1"": {""n"": 117, ""accuracy"": 0.8803418803418803}, ""y1_a0"": {""n"": 28, ""accuracy"": 0.8928571428571429}, ""y1_a1"": {""n"": 400, ""accuracy"": 0.8225}}",0.4643818869124446
corr,tube,raddino_518,ui2e_balanced,0.5,123,test_rev,0.9013781509807675,0.9056097216334605,0.9125878978534417,1551,428,1053,0.8407479045776918,0.8379715548306023,0.8316062176165803,"{""y0_a0"": {""n"": 112, ""accuracy"": 0.9107142857142857}, ""y0_a1"": {""n"": 1011, ""accuracy"": 0.8367952522255193}, ""y1_a0"": {""n"": 386, ""accuracy"": 0.8316062176165803}, ""y1_a1"": {""n"": 42, ""accuracy"": 0.8333333333333334}}",0.4643818869124446
corr,tube,raddino_518,umte,0.5,123,clean,0.8906758432436481,,0.8906758432436481,1551,428,0,0.8214055448098001,0.8332903354665824,,"{""y0_a0"": {""n"": 1123, ""accuracy"": 0.8067675868210151}, ""y0_a1"": {""n"": 0, ""accuracy"": NaN}, ""y1_a0"": {""n"": 428, ""accuracy"": 0.8598130841121495}, ""y1_a1"": {""n"": 0, ""accuracy"": NaN}}",0.37212719017565754
corr,tube,raddino_518,umte,0.5,123,test_corr,0.8954007539883989,0.8901068376068375,0.9131993751775064,1551,428,517,0.8220502901353965,0.8344585597656478,0.8021868787276342,"{""y0_a0"": {""n"": 1006, ""accuracy"": 0.8021868787276342}, ""y0_a1"": {""n"": 117, ""accuracy"": 0.8461538461538461}, ""y1_a0"": {""n"": 28, ""accuracy"": 0.8928571428571429}, ""y1_a1"": {""n"": 400, ""accuracy"": 0.86}}",0.37212719017565754
corr,tube,raddino_518,umte,0.5,123,test_rev,0.8865210009903379,0.9033017757053364,0.9057642487046632,1551,428,1053,0.8149580915538363,0.8295609640399131,0.7883283877349159,"{""y0_a0"": {""n"": 112, ""accuracy"": 0.875}, ""y0_a1"": {""n"": 1011, ""accuracy"": 0.7883283877349159}, ""y1_a0"": {""n"": 386, ""accuracy"": 0.8626943005181347}, ""y1_a1"": {""n"": 42, ""accuracy"": 0.8571428571428571}}",0.37212719017565754
corr,tube,raddino_518,umte_balanced,0.5,123,clean,0.8866000615840415,,0.8866000615840415,1551,428,0,0.8117343649258543,0.8201049009245929,,"{""y0_a0"": {""n"": 1123, ""accuracy"": 0.8014247551202137}, ""y0_a1"": {""n"": 0, ""accuracy"": NaN}, ""y1_a0"": {""n"": 428, ""accuracy"": 0.8387850467289719}, ""y1_a1"": {""n"": 0, ""accuracy"": NaN}}",0.40588688054899547
corr,tube,raddino_518,umte_balanced,0.5,123,test_corr,0.8834730070488761,0.8898076923076923,0.930275489917637,1551,428,517,0.8110896196002579,0.8174906999775302,0.794234592445328,"{""y0_a0"": {""n"": 1006, ""accuracy"": 0.794234592445328}, ""y0_a1"": {""n"": 117, ""accuracy"": 0.8803418803418803}, ""y1_a0"": {""n"": 28, ""accuracy"": 0.9285714285714286}, ""y1_a1"": {""n"": 400, ""accuracy"": 0.825}}",0.40588688054899547
corr,tube,raddino_518,umte_balanced,0.5,123,test_rev,0.8915247043549903,0.8999811596250765,0.894869541080681,1551,428,1053,0.8233397807865893,0.8281191484757949,0.8150346191889218,"{""y0_a0"": {""n"": 112, ""accuracy"": 0.8392857142857143}, ""y0_a1"": {""n"": 1011, ""accuracy"": 0.8150346191889218}, ""y1_a0"": {""n"": 386, ""accuracy"": 0.8316062176165803}, ""y1_a1"": {""n"": 42, ""accuracy"": 0.9047619047619048}}",0.40588688054899547
corr,tube,raddino_518,erm,0.5,456,clean,0.9101226687527568,,0.9101226687527568,1551,428,0,0.819471308833011,0.8290626742453875,,"{""y0_a0"": {""n"": 1123, ""accuracy"": 0.8076580587711487}, ""y0_a1"": {""n"": 0, ""accuracy"": NaN}, ""y1_a0"": {""n"": 428, ""accuracy"": 0.8504672897196262}, ""y1_a1"": {""n"": 0, ""accuracy"": NaN}}",0.23565996856842578
corr,tube,raddino_518,erm,0.5,456,test_corr,0.9507202836194771,0.8750219298245614,0.9212778331671652,1551,428,500,0.807865892972276,0.8499679596541307,0.3416666666666667,"{""y0_a0"": {""n"": 1003, ""accuracy"": 0.8055832502492523}, ""y0_a1"": {""n"": 120, ""accuracy"": 0.3416666666666667}, ""y1_a0"": {""n"": 48, ""accuracy"": 0.8333333333333334}, ""y1_a1"": {""n"": 380, ""accuracy"": 0.9578947368421052}}",0.23565996856842578
corr,tube,raddino_518,erm,0.5,456,test_rev,0.7786428208819832,0.8762094479225953,0.9005495327902153,1551,428,1039,0.4932301740812379,0.6073882124815873,0.301792828685259,"{""y0_a0"": {""n"": 119, ""accuracy"": 0.7815126050420168}, ""y0_a1"": {""n"": 1004, ""accuracy"": 0.301792828685259}, ""y1_a0"": {""n"": 393, ""accuracy"": 0.8549618320610687}, ""y1_a1"": {""n"": 35, ""accuracy"": 0.9428571428571428}}",0.23565996856842578
corr,tube,raddino_518,mask,0.5,456,clean,0.9081170263230166,,0.9081170263230166,1551,428,0,0.8420373952288845,0.8272942135967577,,"{""y0_a0"": {""n"": 1123, ""accuracy"": 0.8601959038290294}, ""y0_a1"": {""n"": 0, ""accuracy"": NaN}, ""y1_a0"": {""n"": 428, ""accuracy"": 0.794392523364486}, ""y1_a1"": {""n"": 0, ""accuracy"": NaN}}",0.4078556861689867
corr,tube,raddino_518,mask,0.5,456,test_corr,0.933468429856609,0.8912938596491227,0.9144857095380525,1551,428,500,0.854287556415216,0.8603353001389802,0.7083333333333334,"{""y0_a0"": {""n"": 1003, ""accuracy"": 0.8634097706879362}, ""y0_a1"": {""n"": 120, ""accuracy"": 0.7083333333333334}, ""y1_a0"": {""n"": 48, ""accuracy"": 0.7708333333333334}, ""y1_a1"": {""n"": 380, ""accuracy"": 0.8868421052631579}}",0.4078556861689867
corr,tube,raddino_518,mask,0.5,456,test_rev,0.8448643902763792,0.8611838360842344,0.8924455278294524,1551,428,1039,0.7421018697614442,0.7597286141094033,0.7091633466135459,"{""y0_a0"": {""n"": 119, ""accuracy"": 0.8151260504201681}, ""y0_a1"": {""n"": 1004, ""accuracy"": 0.7091633466135459}, ""y1_a0"": {""n"": 393, ""accuracy"": 0.7964376590330788}, ""y1_a1"": {""n"": 35, ""accuracy"": 0.8285714285714286}}",0.4078556861689867
corr,tube,raddino_518,inpaint,0.5,456,clean,0.915652749228119,,0.915652749228119,1551,428,0,0.8181818181818182,0.8419089804512279,,"{""y0_a0"": {""n"": 1123, ""accuracy"": 0.7889581478183437}, ""y0_a1"": {""n"": 0, ""accuracy"": NaN}, ""y1_a0"": {""n"": 428, ""accuracy"": 0.8948598130841121}, ""y1_a1"": {""n"": 0, ""accuracy"": NaN}}",0.391422302732248
corr,tube,raddino_518,inpaint,0.5,456,test_corr,0.9175959753996722,0.9152192982456141,0.9294200731139914,1551,428,500,0.8175370728562218,0.8421867328001598,0.7833333333333333,"{""y0_a0"": {""n"": 1003, ""accuracy"": 0.7876370887337986}, ""y0_a1"": {""n"": 120, ""accuracy"": 0.7833333333333333}, ""y1_a0"": {""n"": 48, ""accuracy"": 0.9166666666666666}, ""y1_a1"": {""n"": 380, ""accuracy"": 0.8947368421052632}}",0.391422302732248
corr,tube,raddino_518,inpaint,0.5,456,test_rev,0.9127732791837618,0.8986909504837792,0.9063014518784612,1551,428,1039,0.8117343649258543,0.83745662070056,0.7310924369747899,"{""y0_a0"": {""n"": 119, ""accuracy"": 0.7310924369747899}, ""y0_a1"": {""n"": 1004, ""accuracy"": 0.7858565737051793}, ""y1_a0"": {""n"": 393, ""accuracy"": 0.8982188295165394}, ""y1_a1"": {""n"": 35, ""accuracy"": 0.8571428571428571}}",0.391422302732248
corr,tube,raddino_518,balanced,0.5,456,clean,0.9102787093982241,,0.9102787093982241,1551,428,0,0.8284977433913604,0.8367419545443198,,"{""y0_a0"": {""n"": 1123, ""accuracy"": 0.8183437221727515}, ""y0_a1"": {""n"": 0, ""accuracy"": NaN}, ""y1_a0"": {""n"": 428, ""accuracy"": 0.8551401869158879}, ""y1_a1"": {""n"": 0, ""accuracy"": NaN}}",0.44259293895547197
corr,tube,raddino_518,balanced,0.5,456,test_corr,0.897874518354541,0.9037061403508772,0.9296277833167165,1551,428,500,0.8233397807865893,0.825950183503799,0.8185443668993021,"{""y0_a0"": {""n"": 1003, ""accuracy"": 0.8185443668993021}, ""y0_a1"": {""n"": 120, ""accuracy"": 0.8333333333333334}, ""y1_a0"": {""n"": 48, ""accuracy"": 0.875}, ""y1_a1"": {""n"": 380, ""accuracy"": 0.8263157894736842}}",0.44259293895547197
corr,tube,raddino_518,balanced,0.5,456,test_rev,0.9179018150647881,0.8926294820717131,0.8977056471443539,1551,428,1039,0.8349451966473244,0.8411943142949876,0.7815126050420168,"{""y0_a0"": {""n"": 119, ""accuracy"": 0.7815126050420168}, ""y0_a1"": {""n"": 1004, ""accuracy"": 0.8326693227091634}, ""y1_a0"": {""n"": 393, ""accuracy"": 0.8600508905852418}, ""y1_a1"": {""n"": 35, ""accuracy"": 0.8}}",0.44259293895547197
corr,tube,raddino_518,dfr,0.5,456,clean,0.8994910994415826,,0.8994910994415826,1551,428,0,0.8523533204384268,0.8279110942818385,,"{""y0_a0"": {""n"": 1123, ""accuracy"": 0.8824577025823687}, ""y0_a1"": {""n"": 0, ""accuracy"": NaN}, ""y1_a0"": {""n"": 428, ""accuracy"": 0.7733644859813084}, ""y1_a1"": {""n"": 0, ""accuracy"": NaN}}",0.625765882954398
corr,tube,raddino_518,dfr,0.5,456,test_corr,0.9036022503141619,0.8945394736842106,0.8992190096377535,1551,428,500,0.854287556415216,0.8306927788550362,0.75,"{""y0_a0"": {""n"": 1003, ""accuracy"": 0.8843469591226321}, ""y0_a1"": {""n"": 120, ""accuracy"": 0.875}, ""y1_a0"": {""n"": 48, ""accuracy"": 0.75}, ""y1_a1"": {""n"": 380, ""accuracy"": 0.781578947368421}}",0.625765882954398
corr,tube,raddino_518,dfr,0.5,456,test_rev,0.8911335624703524,0.906061468412066,0.8838283404965039,1551,428,1039,0.8504190844616376,0.8265753863566381,0.7684478371501272,"{""y0_a0"": {""n"": 119, ""accuracy"": 0.8739495798319328}, ""y0_a1"": {""n"": 1004, ""accuracy"": 0.8804780876494024}, ""y1_a0"": {""n"": 393, ""accuracy"": 0.7684478371501272}, ""y1_a1"": {""n"": 35, ""accuracy"": 0.8285714285714286}}",0.625765882954398
corr,tube,raddino_518,leace,0.5,456,clean,0.9136075765015271,,0.9136075765015271,1551,428,0,0.8278529980657641,0.8442495901332379,,"{""y0_a0"": {""n"": 1123, ""accuracy"": 0.8076580587711487}, ""y0_a1"": {""n"": 0, ""accuracy"": NaN}, ""y1_a0"": {""n"": 428, ""accuracy"": 0.8808411214953271}, ""y1_a1"": {""n"": 0, ""accuracy"": NaN}}",0.4063622027403942
corr,tube,raddino_518,leace,0.5,456,test_corr,0.9123738151313655,0.9128728070175438,0.9224617813226986,1551,428,500,0.8220502901353965,0.8366275247376437,0.8035892323030908,"{""y0_a0"": {""n"": 1003, ""accuracy"": 0.8035892323030908}, ""y0_a1"": {""n"": 120, ""accuracy"": 0.8083333333333333}, ""y1_a0"": {""n"": 48, ""accuracy"": 0.8958333333333334}, ""y1_a1"": {""n"": 380, ""accuracy"": 0.8657894736842106}}",0.4063622027403942
corr,tube,raddino_518,leace,0.5,456,test_rev,0.9126318023318715,0.9052931132612407,0.903500331430282,1551,428,1039,0.8220502901353965,0.8395194780336381,0.7815126050420168,"{""y0_a0"": {""n"": 119, ""accuracy"": 0.7815126050420168}, ""y0_a1"": {""n"": 1004, ""accuracy"": 0.8027888446215139}, ""y1_a0"": {""n"": 393, ""accuracy"": 0.8829516539440203}, ""y1_a1"": {""n"": 35, ""accuracy"": 0.8285714285714286}}",0.4063622027403942
corr,tube,raddino_518,i2e,0.5,456,clean,0.9081544760779288,,0.9081544760779288,1551,428,0,0.8175370728562218,0.8356798378841721,,"{""y0_a0"": {""n"": 1123, ""accuracy"": 0.7951914514692787}, ""y0_a1"": {""n"": 0, ""accuracy"": NaN}, ""y1_a0"": {""n"": 428, ""accuracy"": 0.8761682242990654}, ""y1_a1"": {""n"": 0, ""accuracy"": NaN}}",0.4006277147910439
corr,tube,raddino_518,i2e,0.5,456,test_corr,0.9082335366716322,0.908267543859649,0.9239157527417747,1551,428,500,0.8181818181818182,0.8361250738592388,0.7916251246261217,"{""y0_a0"": {""n"": 1003, ""accuracy"": 0.7916251246261217}, ""y0_a1"": {""n"": 120, ""accuracy"": 0.8333333333333334}, ""y1_a0"": {""n"": 48, ""accuracy"": 0.875}, ""y1_a1"": {""n"": 380, ""accuracy"": 0.8763157894736842}}",0.4006277147910439
corr,tube,raddino_518,i2e,0.5,456,test_rev,0.9074658166959328,0.8941946499715423,0.8962516304231617,1551,428,1039,0.8207607994842038,0.8386290060835047,0.7647058823529411,"{""y0_a0"": {""n"": 119, ""accuracy"": 0.7647058823529411}, ""y0_a1"": {""n"": 1004, ""accuracy"": 0.8027888446215139}, ""y1_a0"": {""n"": 393, ""accuracy"": 0.8829516539440203}, ""y1_a1"": {""n"": 35, ""accuracy"": 0.8285714285714286}}",0.4006277147910439
corr,tube,raddino_518,i2e_balanced,0.5,456,clean,0.9039060094373381,,0.9039060094373381,1551,428,0,0.8117343649258543,0.8302267374605737,,"{""y0_a0"": {""n"": 1123, ""accuracy"": 0.7889581478183437}, ""y0_a1"": {""n"": 0, ""accuracy"": NaN}, ""y1_a0"": {""n"": 428, ""accuracy"": 0.8714953271028038}, ""y1_a1"": {""n"": 0, ""accuracy"": NaN}}",0.4044082344287969
corr,tube,raddino_518,i2e_balanced,0.5,456,test_corr,0.9023331197310276,0.8997368421052632,0.928838484546361,1551,428,500,0.8110896196002579,0.8290585131615082,0.7846460618145563,"{""y0_a0"": {""n"": 1003, ""accuracy"": 0.7846460618145563}, ""y0_a1"": {""n"": 120, ""accuracy"": 0.825}, ""y1_a0"": {""n"": 48, ""accuracy"": 0.875}, ""y1_a1"": {""n"": 380, ""accuracy"": 0.868421052631579}}",0.4044082344287969
corr,tube,raddino_518,i2e_balanced,0.5,456,test_rev,0.9040162781601351,0.8871940808195788,0.8888532512241538,1551,428,1039,0.816247582205029,0.8333433892860412,0.7478991596638656,"{""y0_a0"": {""n"": 119, ""accuracy"": 0.7478991596638656}, ""y0_a1"": {""n"": 1004, ""accuracy"": 0.8007968127490039}, ""y1_a0"": {""n"": 393, ""accuracy"": 0.8753180661577609}, ""y1_a1"": {""n"": 35, ""accuracy"": 0.8285714285714286}}",0.4044082344287969
corr,tube,raddino_518,i2e_rank1,0.5,456,clean,0.9144044240643802,,0.9144044240643802,1551,428,0,0.8304319793681496,0.8445845573855078,,"{""y0_a0"": {""n"": 1123, ""accuracy"": 0.8130008904719501}, ""y0_a1"": {""n"": 0, ""accuracy"": NaN}, ""y1_a0"": {""n"": 428, ""accuracy"": 0.8761682242990654}, ""y1_a1"": {""n"": 0, ""accuracy"": NaN}}",0.40981786407749127
corr,tube,raddino_518,i2e_rank1,0.5,456,test_corr,0.9151617413303816,0.9107675438596492,0.9243519441674976,1551,428,500,0.8297872340425532,0.8448623097344397,0.8095712861415753,"{""y0_a0"": {""n"": 1003, ""accuracy"": 0.8095712861415753}, ""y0_a1"": {""n"": 120, ""accuracy"": 0.825}, ""y1_a0"": {""n"": 48, ""accuracy"": 0.875}, ""y1_a1"": {""n"": 380, ""accuracy"": 0.8789473684210526}}",0.40981786407749127
corr,tube,raddino_518,i2e_rank1,0.5,456,test_rev,0.9108591805993626,0.9072282299373933,0.9048474351572691,1551,428,1039,0.8252740167633784,0.8402996812609749,0.7899159663865546,"{""y0_a0"": {""n"": 119, ""accuracy"": 0.7899159663865546}, ""y0_a1"": {""n"": 1004, ""accuracy"": 0.8087649402390438}, ""y1_a0"": {""n"": 393, ""accuracy"": 0.8778625954198473}, ""y1_a1"": {""n"": 35, ""accuracy"": 0.8285714285714286}}",0.40981786407749127
corr,tube,raddino_518,insert_aug,0.5,456,clean,0.913312139546109,,0.913312139546109,1551,428,0,0.816247582205029,0.839850284202029,,"{""y0_a0"": {""n"": 1123, ""accuracy"": 0.7871772039180766}, ""y0_a1"": {""n"": 0, ""accuracy"": NaN}, ""y1_a0"": {""n"": 428, ""accuracy"": 0.8925233644859814}, ""y1_a1"": {""n"": 0, ""accuracy"": NaN}}",0.31542224881817227
corr,tube,raddino_518,insert_aug,0.5,456,test_corr,0.9415991877564267,0.9024122807017544,0.9237703555998671,1551,428,500,0.8059316569954867,0.849355240052929,0.5,"{""y0_a0"": {""n"": 1003, ""accuracy"": 0.7826520438683948}, ""y0_a1"": {""n"": 120, ""accuracy"": 0.5}, ""y1_a0"": {""n"": 48, ""accuracy"": 0.9166666666666666}, ""y1_a1"": {""n"": 380, ""accuracy"": 0.95}}",0.31542224881817227
corr,tube,raddino_518,insert_aug,0.5,456,test_rev,0.8551318647481296,0.8933978372225384,0.9036927748198516,1551,428,1039,0.6112185686653772,0.7004342091027871,0.4711155378486056,"{""y0_a0"": {""n"": 119, ""accuracy"": 0.7563025210084033}, ""y0_a1"": {""n"": 1004, ""accuracy"": 0.4711155378486056}, ""y1_a0"": {""n"": 393, ""accuracy"": 0.8956743002544529}, ""y1_a1"": {""n"": 35, ""accuracy"": 0.9428571428571428}}",0.31542224881817227
corr,tube,raddino_518,mte,0.5,456,clean,0.9020917768660381,,0.9020917768660381,1551,428,0,0.8207607994842038,0.8328450994915155,,"{""y0_a0"": {""n"": 1123, ""accuracy"": 0.8058771148708815}, ""y0_a1"": {""n"": 0, ""accuracy"": NaN}, ""y1_a0"": {""n"": 428, ""accuracy"": 0.8598130841121495}, ""y1_a1"": {""n"": 0, ""accuracy"": NaN}}",0.34977596994682975
corr,tube,raddino_518,mte,0.5,456,test_corr,0.9034108404557217,0.9028508771929825,0.9070081422399469,1551,428,500,0.8207607994842038,0.8328450994915155,0.8,"{""y0_a0"": {""n"": 1003, ""accuracy"": 0.806580259222333}, ""y0_a1"": {""n"": 120, ""accuracy"": 0.8}, ""y1_a0"": {""n"": 48, ""accuracy"": 0.8333333333333334}, ""y1_a1"": {""n"": 380, ""accuracy"": 0.8631578947368421}}",0.34977596994682975
corr,tube,raddino_518,mte,0.5,456,test_rev,0.9006582834696784,0.8799943084803643,0.8849830008339213,1551,428,1039,0.8175370728562218,0.8306189196161816,0.7478991596638656,"{""y0_a0"": {""n"": 119, ""accuracy"": 0.7478991596638656}, ""y0_a1"": {""n"": 1004, ""accuracy"": 0.8077689243027888}, ""y1_a0"": {""n"": 393, ""accuracy"": 0.8651399491094147}, ""y1_a1"": {""n"": 35, ""accuracy"": 0.8}}",0.34977596994682975
corr,tube,raddino_518,mte_balanced,0.5,456,clean,0.8932099433260376,,0.8932099433260376,1551,428,0,0.8085106382978723,0.8178787210492588,,"{""y0_a0"": {""n"": 1123, ""accuracy"": 0.7969723953695459}, ""y0_a1"": {""n"": 0, ""accuracy"": NaN}, ""y1_a0"": {""n"": 428, ""accuracy"": 0.8387850467289719}, ""y1_a1"": {""n"": 0, ""accuracy"": NaN}}",0.41814610477058417
corr,tube,raddino_518,mte_balanced,0.5,456,test_corr,0.8939027637919126,0.8962061403508771,0.9009014622798273,1551,428,500,0.807865892972276,0.8167104967501935,0.7916666666666666,"{""y0_a0"": {""n"": 1003, ""accuracy"": 0.7976071784646062}, ""y0_a1"": {""n"": 120, ""accuracy"": 0.7916666666666666}, ""y1_a0"": {""n"": 48, ""accuracy"": 0.8333333333333334}, ""y1_a1"": {""n"": 380, ""accuracy"": 0.8368421052631579}}",0.41814610477058417
corr,tube,raddino_518,mte_balanced,0.5,456,test_rev,0.892533767195679,0.8844621513944223,0.8726880065003101,1551,428,1039,0.8110896196002579,0.8203826532735247,0.7647058823529411,"{""y0_a0"": {""n"": 119, ""accuracy"": 0.7647058823529411}, ""y0_a1"": {""n"": 1004, ""accuracy"": 0.8037848605577689}, ""y1_a0"": {""n"": 393, ""accuracy"": 0.8422391857506362}, ""y1_a1"": {""n"": 35, ""accuracy"": 0.8285714285714286}}",0.41814610477058417
corr,tube,raddino_518,ui2e,0.5,456,clean,0.9024954020023137,,0.9024954020023137,1551,428,0,0.8439716312056738,0.8416437113539335,,"{""y0_a0"": {""n"": 1123, ""accuracy"": 0.8468388245770259}, ""y0_a1"": {""n"": 0, ""accuracy"": NaN}, ""y1_a0"": {""n"": 428, ""accuracy"": 0.8364485981308412}, ""y1_a1"": {""n"": 0, ""accuracy"": NaN}}",0.44580610822333483
corr,tube,raddino_518,ui2e,0.5,456,test_corr,0.9085164903754129,0.9024342105263158,0.919138418079096,1551,428,500,0.845905867182463,0.8473173492231256,0.8333333333333334,"{""y0_a0"": {""n"": 1003, ""accuracy"": 0.8444666001994018}, ""y0_a1"": {""n"": 120, ""accuracy"": 0.8416666666666667}, ""y1_a0"": {""n"": 48, ""accuracy"": 0.8333333333333334}, ""y1_a1"": {""n"": 380, ""accuracy"": 0.8526315789473684}}",0.44580610822333483
corr,tube,raddino_518,ui2e,0.5,456,test_rev,0.8947682692387714,0.8957029026750142,0.8902431201488228,1551,428,1039,0.8336557059961315,0.834519935752865,0.8,"{""y0_a0"": {""n"": 119, ""accuracy"": 0.8235294117647058}, ""y0_a1"": {""n"": 1004, ""accuracy"": 0.8336653386454184}, ""y1_a0"": {""n"": 393, ""accuracy"": 0.8396946564885496}, ""y1_a1"": {""n"": 35, ""accuracy"": 0.8}}",0.44580610822333483
corr,tube,raddino_518,ui2e_balanced,0.5,456,clean,0.8998739191584624,,0.8998739191584624,1551,428,0,0.8291424887169568,0.8306802956033987,,"{""y0_a0"": {""n"": 1123, ""accuracy"": 0.8272484416740873}, ""y0_a1"": {""n"": 0, ""accuracy"": NaN}, ""y1_a0"": {""n"": 428, ""accuracy"": 0.8341121495327103}, ""y1_a1"": {""n"": 0, ""accuracy"": NaN}}",0.44667413463854383
corr,tube,raddino_518,ui2e_balanced,0.5,456,test_corr,0.8973460607018916,0.8947587719298246,0.9220255898969758,1551,428,500,0.8278529980657641,0.828343847005268,0.8255234297108675,"{""y0_a0"": {""n"": 1003, ""accuracy"": 0.8255234297108675}, ""y0_a1"": {""n"": 120, ""accuracy"": 0.8416666666666667}, ""y1_a0"": {""n"": 48, ""accuracy"": 0.8333333333333334}, ""y1_a1"": {""n"": 380, ""accuracy"": 0.8289473684210527}}",0.44667413463854383
corr,tube,raddino_518,ui2e_balanced,0.5,456,test_rev,0.8999072078294954,0.8840637450199202,0.8837855752988216,1551,428,1039,0.8310767246937459,0.8312930152046005,0.7714285714285715,"{""y0_a0"": {""n"": 119, ""accuracy"": 0.7815126050420168}, ""y0_a1"": {""n"": 1004, ""accuracy"": 0.8366533864541833}, ""y1_a0"": {""n"": 393, ""accuracy"": 0.8371501272264631}, ""y1_a1"": {""n"": 35, ""accuracy"": 0.7714285714285715}}",0.44667413463854383
corr,tube,raddino_518,umte,0.5,456,clean,0.8907673870889888,,0.8907673870889888,1551,428,0,0.8368794326241135,0.834577150656203,,"{""y0_a0"": {""n"": 1123, ""accuracy"": 0.8397150489759573}, ""y0_a1"": {""n"": 0, ""accuracy"": NaN}, ""y1_a0"": {""n"": 428, ""accuracy"": 0.8294392523364486}, ""y1_a1"": {""n"": 0, ""accuracy"": NaN}}",0.42104474482483667
corr,tube,raddino_518,umte,0.5,456,test_corr,0.8950595451103104,0.8950219298245614,0.8949194084413425,1551,428,500,0.8362346872985171,0.8348549030051348,0.825,"{""y0_a0"": {""n"": 1003, ""accuracy"": 0.839481555333998}, ""y0_a1"": {""n"": 120, ""accuracy"": 0.825}, ""y1_a0"": {""n"": 48, ""accuracy"": 0.8333333333333334}, ""y1_a1"": {""n"": 380, ""accuracy"": 0.8315789473684211}}",0.42104474482483667
corr,tube,raddino_518,umte,0.5,456,test_rev,0.8865542896613711,0.8787706317586795,0.8704000684243163,1551,428,1039,0.8291424887169568,0.8292343189554015,0.773109243697479,"{""y0_a0"": {""n"": 119, ""accuracy"": 0.773109243697479}, ""y0_a1"": {""n"": 1004, ""accuracy"": 0.8356573705179283}, ""y1_a0"": {""n"": 393, ""accuracy"": 0.8295165394402035}, ""y1_a1"": {""n"": 35, ""accuracy"": 0.8285714285714286}}",0.42104474482483667
corr,tube,raddino_518,umte_balanced,0.5,456,clean,0.8848940171935986,,0.8848940171935986,1551,428,0,0.8168923275306254,0.8229438004011285,,"{""y0_a0"": {""n"": 1123, ""accuracy"": 0.8094390026714159}, ""y0_a1"": {""n"": 0, ""accuracy"": NaN}, ""y1_a0"": {""n"": 428, ""accuracy"": 0.8364485981308412}, ""y1_a1"": {""n"": 0, ""accuracy"": NaN}}",0.3983125733714005
corr,tube,raddino_518,umte_balanced,0.5,456,test_corr,0.8824264944532753,0.8889254385964913,0.886714855433699,1551,428,500,0.8123791102514507,0.8147662303076706,0.8,"{""y0_a0"": {""n"": 1003, ""accuracy"": 0.810568295114656}, ""y0_a1"": {""n"": 120, ""accuracy"": 0.8}, ""y1_a0"": {""n"": 48, ""accuracy"": 0.8125}, ""y1_a1"": {""n"": 380, ""accuracy"": 0.8210526315789474}}",0.3983125733714005
corr,tube,raddino_518,umte_balanced,0.5,456,test_rev,0.8887659057431281,0.8653955606146841,0.86524686210362,1551,428,1039,0.8239845261121856,0.8278413961268631,0.7815126050420168,"{""y0_a0"": {""n"": 119, ""accuracy"": 0.7815126050420168}, ""y0_a1"": {""n"": 1004, ""accuracy"": 0.8237051792828686}, ""y1_a0"": {""n"": 393, ""accuracy"": 0.8396946564885496}, ""y1_a1"": {""n"": 35, ""accuracy"": 0.8}}",0.3983125733714005
corr,tube,raddino_518,erm,0.75,42,clean,0.9039101705212174,,0.9039101705212174,1551,428,0,0.7969052224371374,0.8236012516540309,,"{""y0_a0"": {""n"": 1123, ""accuracy"": 0.7640249332146037}, ""y0_a1"": {""n"": 0, ""accuracy"": NaN}, ""y1_a0"": {""n"": 428, ""accuracy"": 0.883177570093458}, ""y1_a1"": {""n"": 0, ""accuracy"": NaN}}",0.274674674559459
corr,tube,raddino_518,erm,0.75,42,test_corr,0.9576859380331388,0.784703762108583,0.9396967120181405,1551,428,501,0.7756286266924565,0.8421659273807641,0.06086956521739131,"{""y0_a0"": {""n"": 1008, ""accuracy"": 0.7658730158730159}, ""y0_a1"": {""n"": 115, ""accuracy"": 0.06086956521739131}, ""y1_a0"": {""n"": 42, ""accuracy"": 0.9523809523809523}, ""y1_a1"": {""n"": 386, ""accuracy"": 0.9948186528497409}}",0.274674674559459
corr,tube,raddino_518,erm,0.75,42,test_rev,0.5799656294471583,0.815018315018315,0.9140472078295911,1551,428,1030,0.3668600902643456,0.5302437979044782,0.07894736842105263,"{""y0_a0"": {""n"": 135, ""accuracy"": 0.8}, ""y0_a1"": {""n"": 988, ""accuracy"": 0.07894736842105263}, ""y1_a0"": {""n"": 386, ""accuracy"": 0.883419689119171}, ""y1_a1"": {""n"": 42, ""accuracy"": 1.0}}",0.274674674559459
corr,tube,raddino_518,mask,0.75,42,clean,0.9051002405106482,,0.9051002405106482,1551,428,0,0.8343004513217279,0.8248433351919509,,"{""y0_a0"": {""n"": 1123, ""accuracy"": 0.8459483526268923}, ""y0_a1"": {""n"": 0, ""accuracy"": NaN}, ""y1_a0"": {""n"": 428, ""accuracy"": 0.8037383177570093}, ""y1_a1"": {""n"": 0, ""accuracy"": NaN}}",0.34144349931051377
corr,tube,raddino_518,mask,0.75,42,test_corr,0.946642421417931,0.8471052038747465,0.938869992441421,1551,428,501,0.8375241779497099,0.8617729546192192,0.43478260869565216,"{""y0_a0"": {""n"": 1008, ""accuracy"": 0.8501984126984127}, ""y0_a1"": {""n"": 115, ""accuracy"": 0.43478260869565216}, ""y1_a0"": {""n"": 42, ""accuracy"": 0.8809523809523809}, ""y1_a1"": {""n"": 386, ""accuracy"": 0.9196891191709845}}",0.34144349931051377
corr,tube,raddino_518,mask,0.75,42,test_rev,0.7867236457752516,0.8870011567379988,0.908731529456918,1551,428,1030,0.6067053513862024,0.6720129659373674,0.48279352226720645,"{""y0_a0"": {""n"": 135, ""accuracy"": 0.8444444444444444}, ""y0_a1"": {""n"": 988, ""accuracy"": 0.48279352226720645}, ""y1_a0"": {""n"": 386, ""accuracy"": 0.8031088082901554}, ""y1_a1"": {""n"": 42, ""accuracy"": 0.9523809523809523}}",0.34144349931051377
corr,tube,raddino_518,inpaint,0.75,42,clean,0.9157047627766081,,0.9157047627766081,1551,428,0,0.819471308833011,0.8427994524013616,,"{""y0_a0"": {""n"": 1123, ""accuracy"": 0.7907390917186109}, ""y0_a1"": {""n"": 0, ""accuracy"": NaN}, ""y1_a0"": {""n"": 428, ""accuracy"": 0.8948598130841121}, ""y1_a1"": {""n"": 0, ""accuracy"": NaN}}",0.3942843125044043
corr,tube,raddino_518,inpaint,0.75,42,test_corr,0.9162997977713234,0.8858526695201622,0.9406415343915344,1551,428,501,0.8201160541586073,0.8446906650244256,0.7304347826086957,"{""y0_a0"": {""n"": 1008, ""accuracy"": 0.7966269841269841}, ""y0_a1"": {""n"": 115, ""accuracy"": 0.7304347826086957}, ""y1_a0"": {""n"": 42, ""accuracy"": 0.9523809523809523}, ""y1_a1"": {""n"": 386, ""accuracy"": 0.8937823834196891}}",0.3942843125044043
corr,tube,raddino_518,inpaint,0.75,42,test_rev,0.9142067725801217,0.9278243686138423,0.9229514488581846,1551,428,1030,0.816247582205029,0.8405732725260275,0.7813765182186235,"{""y0_a0"": {""n"": 135, ""accuracy"": 0.8222222222222222}, ""y0_a1"": {""n"": 988, ""accuracy"": 0.7813765182186235}, ""y1_a0"": {""n"": 386, ""accuracy"": 0.8886010362694301}, ""y1_a1"": {""n"": 42, ""accuracy"": 0.9523809523809523}}",0.3942843125044043
corr,tube,raddino_518,balanced,0.75,42,clean,0.913622140295104,,0.913622140295104,1551,428,0,0.8562217923920051,0.8464882532602092,,"{""y0_a0"": {""n"": 1123, ""accuracy"": 0.8682101513802315}, ""y0_a1"": {""n"": 0, ""accuracy"": NaN}, ""y1_a0"": {""n"": 428, ""accuracy"": 0.8247663551401869}, ""y1_a1"": {""n"": 0, ""accuracy"": NaN}}",0.4926861197743623
corr,tube,raddino_518,balanced,0.75,42,test_corr,0.8985298890655038,0.8749943681009236,0.9370039682539681,1551,428,501,0.8517085751128304,0.8375876948427526,0.7979274611398963,"{""y0_a0"": {""n"": 1008, ""accuracy"": 0.873015873015873}, ""y0_a1"": {""n"": 115, ""accuracy"": 0.8347826086956521}, ""y1_a0"": {""n"": 42, ""accuracy"": 0.8809523809523809}, ""y1_a1"": {""n"": 386, ""accuracy"": 0.7979274611398963}}",0.4926861197743623
corr,tube,raddino_518,balanced,0.75,42,test_rev,0.921259809755245,0.9323790244842877,0.9218576089042411,1551,428,1030,0.8620245003223727,0.8497723887118116,0.8095238095238095,"{""y0_a0"": {""n"": 135, ""accuracy"": 0.9037037037037037}, ""y0_a1"": {""n"": 988, ""accuracy"": 0.8734817813765182}, ""y1_a0"": {""n"": 386, ""accuracy"": 0.8238341968911918}, ""y1_a1"": {""n"": 42, ""accuracy"": 0.8095238095238095}}",0.4926861197743623
corr,tube,raddino_518,dfr,0.75,42,clean,0.8992185484474997,,0.8992185484474997,1551,428,0,0.8536428110896196,0.8439843210359435,,"{""y0_a0"": {""n"": 1123, ""accuracy"": 0.8655387355298308}, ""y0_a1"": {""n"": 0, ""accuracy"": NaN}, ""y1_a0"": {""n"": 428, ""accuracy"": 0.822429906542056}, ""y1_a1"": {""n"": 0, ""accuracy"": NaN}}",0.5156408892953744
corr,tube,raddino_518,dfr,0.75,42,test_corr,0.9028324497965231,0.8649470601486821,0.9184854497354497,1551,428,501,0.8568665377176016,0.8512714191792679,0.7913043478260869,"{""y0_a0"": {""n"": 1008, ""accuracy"": 0.8720238095238095}, ""y0_a1"": {""n"": 115, ""accuracy"": 0.7913043478260869}, ""y1_a0"": {""n"": 42, ""accuracy"": 0.9047619047619048}, ""y1_a1"": {""n"": 386, ""accuracy"": 0.8316062176165803}}",0.5156408892953744
corr,tube,raddino_518,dfr,0.75,42,test_rev,0.8922466524080194,0.9103769037979564,0.9093072346958356,1551,428,1030,0.8452611218568665,0.8396422300080726,0.8212435233160622,"{""y0_a0"": {""n"": 135, ""accuracy"": 0.8888888888888888}, ""y0_a1"": {""n"": 988, ""accuracy"": 0.847165991902834}, ""y1_a0"": {""n"": 386, ""accuracy"": 0.8212435233160622}, ""y1_a1"": {""n"": 42, ""accuracy"": 0.8809523809523809}}",0.5156408892953744
corr,tube,raddino_518,leace,0.75,42,clean,0.9119015321110844,,0.9119015321110844,1551,428,0,0.8413926499032882,0.8442006973976581,,"{""y0_a0"": {""n"": 1123, ""accuracy"": 0.8379341050756901}, ""y0_a1"": {""n"": 0, ""accuracy"": NaN}, ""y1_a0"": {""n"": 428, ""accuracy"": 0.8504672897196262}, ""y1_a1"": {""n"": 0, ""accuracy"": NaN}}",0.4329762062529208
corr,tube,raddino_518,leace,0.75,42,test_corr,0.9056245370794186,0.8746564541563415,0.940405328798186,1551,428,501,0.839458413926499,0.8428649894724578,0.7565217391304347,"{""y0_a0"": {""n"": 1008, ""accuracy"": 0.8442460317460317}, ""y0_a1"": {""n"": 115, ""accuracy"": 0.7565217391304347}, ""y1_a0"": {""n"": 42, ""accuracy"": 0.8809523809523809}, ""y1_a1"": {""n"": 386, ""accuracy"": 0.8471502590673575}}",0.4329762062529208
corr,tube,raddino_518,leace,0.75,42,test_rev,0.9077591731094116,0.9238962791594371,0.9187488006140856,1551,428,1030,0.8330109606705351,0.8398586063697873,0.8178137651821862,"{""y0_a0"": {""n"": 135, ""accuracy"": 0.8740740740740741}, ""y0_a1"": {""n"": 988, ""accuracy"": 0.8178137651821862}, ""y1_a0"": {""n"": 386, ""accuracy"": 0.8497409326424871}, ""y1_a1"": {""n"": 42, ""accuracy"": 0.9047619047619048}}",0.4329762062529208
corr,tube,raddino_518,i2e,0.75,42,clean,0.9078215893675985,,0.9078215893675985,1551,428,0,0.8143133462282398,0.8320076813608408,,"{""y0_a0"": {""n"": 1123, ""accuracy"": 0.792520035618878}, ""y0_a1"": {""n"": 0, ""accuracy"": NaN}, ""y1_a0"": {""n"": 428, ""accuracy"": 0.8714953271028038}, ""y1_a1"": {""n"": 0, ""accuracy"": NaN}}",0.3998612934531683
corr,tube,raddino_518,i2e,0.75,42,test_corr,0.9059907124607819,0.8785086731245776,0.9293272864701436,1551,428,501,0.8149580915538363,0.8331759056599063,0.7304347826086957,"{""y0_a0"": {""n"": 1008, ""accuracy"": 0.7996031746031746}, ""y0_a1"": {""n"": 115, ""accuracy"": 0.7304347826086957}, ""y1_a0"": {""n"": 42, ""accuracy"": 0.9047619047619048}, ""y1_a1"": {""n"": 386, ""accuracy"": 0.8704663212435233}}",0.3998612934531683
corr,tube,raddino_518,i2e,0.75,42,test_rev,0.9075552799993342,0.9317524580682475,0.9148723853387065,1551,428,1030,0.816247582205029,0.8347893659340384,0.7884615384615384,"{""y0_a0"": {""n"": 135, ""accuracy"": 0.8296296296296296}, ""y0_a1"": {""n"": 988, ""accuracy"": 0.7884615384615384}, ""y1_a0"": {""n"": 386, ""accuracy"": 0.8678756476683938}, ""y1_a1"": {""n"": 42, ""accuracy"": 0.9523809523809523}}",0.3998612934531683
corr,tube,raddino_518,i2e_balanced,0.75,42,clean,0.9093570293189971,,0.9093570293189971,1551,428,0,0.8529980657640233,0.8384781667928862,,"{""y0_a0"": {""n"": 1123, ""accuracy"": 0.8708815672306323}, ""y0_a1"": {""n"": 0, ""accuracy"": NaN}, ""y1_a0"": {""n"": 428, ""accuracy"": 0.8060747663551402}, ""y1_a1"": {""n"": 0, ""accuracy"": NaN}}",0.49079950250620163
corr,tube,raddino_518,i2e_balanced,0.75,42,test_corr,0.9067064188879919,0.8798152737102952,0.9290910808767952,1551,428,501,0.851063829787234,0.83497349389569,0.7857142857142857,"{""y0_a0"": {""n"": 1008, ""accuracy"": 0.8779761904761905}, ""y0_a1"": {""n"": 115, ""accuracy"": 0.808695652173913}, ""y1_a0"": {""n"": 42, ""accuracy"": 0.7857142857142857}, ""y1_a1"": {""n"": 386, ""accuracy"": 0.8005181347150259}}",0.49079950250620163
corr,tube,raddino_518,i2e_balanced,0.75,42,test_rev,0.9094714591256732,0.9346443030653557,0.9198618307426597,1551,428,1030,0.8529980657640233,0.8384781667928862,0.8005181347150259,"{""y0_a0"": {""n"": 135, ""accuracy"": 0.9111111111111111}, ""y0_a1"": {""n"": 988, ""accuracy"": 0.8653846153846154}, ""y1_a0"": {""n"": 386, ""accuracy"": 0.8005181347150259}, ""y1_a1"": {""n"": 42, ""accuracy"": 0.8571428571428571}}",0.49079950250620163
corr,tube,raddino_518,i2e_rank1,0.75,42,clean,0.9108383751799669,,0.9108383751799669,1551,428,0,0.8310767246937459,0.844306805036576,,"{""y0_a0"": {""n"": 1123, ""accuracy"": 0.8147818343722173}, ""y0_a1"": {""n"": 0, ""accuracy"": NaN}, ""y1_a0"": {""n"": 428, ""accuracy"": 0.8738317757009346}, ""y1_a1"": {""n"": 0, ""accuracy"": NaN}}",0.41167665515176455
corr,tube,raddino_518,i2e_rank1,0.75,42,test_corr,0.9124778422283436,0.8800180220770444,0.9351615646258503,1551,428,501,0.8304319793681496,0.8431385807375105,0.7304347826086957,"{""y0_a0"": {""n"": 1008, ""accuracy"": 0.8244047619047619}, ""y0_a1"": {""n"": 115, ""accuracy"": 0.7304347826086957}, ""y1_a0"": {""n"": 42, ""accuracy"": 0.9523809523809523}, ""y1_a1"": {""n"": 386, ""accuracy"": 0.8626943005181347}}",0.41167665515176455
corr,tube,raddino_518,i2e_rank1,0.75,42,test_rev,0.903219430597282,0.9315355696934644,0.9172135866436385,1551,428,1030,0.8207607994842038,0.8371830294355074,0.7965587044534413,"{""y0_a0"": {""n"": 135, ""accuracy"": 0.8296296296296296}, ""y0_a1"": {""n"": 988, ""accuracy"": 0.7965587044534413}, ""y1_a0"": {""n"": 386, ""accuracy"": 0.8704663212435233}, ""y1_a1"": {""n"": 42, ""accuracy"": 0.9047619047619048}}",0.41167665515176455
corr,tube,raddino_518,insert_aug,0.75,42,clean,0.9106053544827357,,0.9106053544827357,1551,428,0,0.8110896196002579,0.8341194314294987,,"{""y0_a0"": {""n"": 1123, ""accuracy"": 0.7827248441674087}, ""y0_a1"": {""n"": 0, ""accuracy"": NaN}, ""y1_a0"": {""n"": 428, ""accuracy"": 0.8855140186915887}, ""y1_a1"": {""n"": 0, ""accuracy"": NaN}}",0.28091999259341865
corr,tube,raddino_518,insert_aug,0.75,42,test_corr,0.9551705628282056,0.8662987159270106,0.9395549886621315,1551,428,501,0.7956157317859446,0.8509073243398441,0.19130434782608696,"{""y0_a0"": {""n"": 1008, ""accuracy"": 0.7886904761904762}, ""y0_a1"": {""n"": 115, ""accuracy"": 0.19130434782608696}, ""y1_a0"": {""n"": 42, ""accuracy"": 0.9523809523809523}, ""y1_a1"": {""n"": 386, ""accuracy"": 0.9766839378238342}}",0.28091999259341865
corr,tube,raddino_518,insert_aug,0.75,42,test_rev,0.7954369554181473,0.9097503373819164,0.9174438687392055,1551,428,1030,0.4513217279174726,0.588569710638227,0.20951417004048584,"{""y0_a0"": {""n"": 135, ""accuracy"": 0.8148148148148148}, ""y0_a1"": {""n"": 988, ""accuracy"": 0.20951417004048584}, ""y1_a0"": {""n"": 386, ""accuracy"": 0.883419689119171}, ""y1_a1"": {""n"": 42, ""accuracy"": 1.0}}",0.28091999259341865
corr,tube,raddino_518,mte,0.75,42,clean,0.9025058047120114,,0.9025058047120114,1551,428,0,0.8355899419729207,0.8365786320020638,,"{""y0_a0"": {""n"": 1123, ""accuracy"": 0.8343722172751559}, ""y0_a1"": {""n"": 0, ""accuracy"": NaN}, ""y1_a0"": {""n"": 428, ""accuracy"": 0.8387850467289719}, ""y1_a1"": {""n"": 0, ""accuracy"": NaN}}",0.3980531917477767
corr,tube,raddino_518,mte,0.75,42,test_corr,0.9031965446359469,0.8733273259743186,0.9313114134542706,1551,428,501,0.8362346872985171,0.8377468563011293,0.7652173913043478,"{""y0_a0"": {""n"": 1008, ""accuracy"": 0.8422619047619048}, ""y0_a1"": {""n"": 115, ""accuracy"": 0.7652173913043478}, ""y1_a0"": {""n"": 42, ""accuracy"": 0.9047619047619048}, ""y1_a1"": {""n"": 386, ""accuracy"": 0.8341968911917098}}",0.3980531917477767
corr,tube,raddino_518,mte,0.75,42,test_rev,0.9025058047120114,0.9212695199537305,0.9122241412396853,1551,428,1030,0.8343004513217279,0.8356881600519304,0.8289473684210527,"{""y0_a0"": {""n"": 135, ""accuracy"": 0.8592592592592593}, ""y0_a1"": {""n"": 988, ""accuracy"": 0.8289473684210527}, ""y1_a0"": {""n"": 386, ""accuracy"": 0.8316062176165803}, ""y1_a1"": {""n"": 42, ""accuracy"": 0.9047619047619048}}",0.3980531917477767
corr,tube,raddino_518,mte_balanced,0.75,42,clean,0.8983800900458551,,0.8983800900458551,1551,428,0,0.8001289490651193,0.8193205366133771,,"{""y0_a0"": {""n"": 1123, ""accuracy"": 0.7764915405164737}, ""y0_a1"": {""n"": 0, ""accuracy"": NaN}, ""y1_a0"": {""n"": 428, ""accuracy"": 0.8621495327102804}, ""y1_a1"": {""n"": 0, ""accuracy"": NaN}}",0.33105195632488277
corr,tube,raddino_518,mte_balanced,0.75,42,test_corr,0.8987712319304932,0.8681009236314485,0.9321617535903249,1551,428,501,0.8027079303675049,0.8225474571616415,0.7478260869565218,"{""y0_a0"": {""n"": 1008, ""accuracy"": 0.7817460317460317}, ""y0_a1"": {""n"": 115, ""accuracy"": 0.7478260869565218}, ""y1_a0"": {""n"": 42, ""accuracy"": 0.9285714285714286}, ""y1_a1"": {""n"": 386, ""accuracy"": 0.8601036269430051}}",0.33105195632488277
corr,tube,raddino_518,mte_balanced,0.75,42,test_rev,0.8988357287306197,0.9181607865818392,0.9105162156975628,1551,428,1030,0.8020631850419084,0.8206562445385774,0.771255060728745,"{""y0_a0"": {""n"": 135, ""accuracy"": 0.837037037037037}, ""y0_a1"": {""n"": 988, ""accuracy"": 0.771255060728745}, ""y1_a0"": {""n"": 386, ""accuracy"": 0.8549222797927462}, ""y1_a1"": {""n"": 42, ""accuracy"": 0.9285714285714286}}",0.33105195632488277
corr,tube,raddino_518,ui2e,0.75,42,clean,0.9010494253543162,,0.9010494253543162,1551,428,0,0.8349451966473244,0.8361333960269971,,"{""y0_a0"": {""n"": 1123, ""accuracy"": 0.8334817453250223}, ""y0_a1"": {""n"": 0, ""accuracy"": NaN}, ""y1_a0"": {""n"": 428, ""accuracy"": 0.8387850467289719}, ""y1_a1"": {""n"": 0, ""accuracy"": NaN}}",0.4329171802477739
corr,tube,raddino_518,ui2e,0.75,42,test_corr,0.9160896630354274,0.8740031538634828,0.9137613378684807,1551,428,501,0.8413926499032882,0.8507075923136458,0.7565217391304347,"{""y0_a0"": {""n"": 1008, ""accuracy"": 0.8382936507936508}, ""y0_a1"": {""n"": 115, ""accuracy"": 0.7565217391304347}, ""y1_a0"": {""n"": 42, ""accuracy"": 0.8333333333333334}, ""y1_a1"": {""n"": 386, ""accuracy"": 0.8756476683937824}}",0.4329171802477739
corr,tube,raddino_518,ui2e,0.75,42,test_rev,0.8809139404632119,0.925318102949682,0.9075033582805604,1551,428,1030,0.8027079303675049,0.8153175739216552,0.7763157894736842,"{""y0_a0"": {""n"": 135, ""accuracy"": 0.8666666666666667}, ""y0_a1"": {""n"": 988, ""accuracy"": 0.7763157894736842}, ""y1_a0"": {""n"": 386, ""accuracy"": 0.8367875647668394}, ""y1_a1"": {""n"": 42, ""accuracy"": 0.9047619047619048}}",0.4329171802477739
corr,tube,raddino_518,ui2e_balanced,0.75,42,clean,0.8994994216093408,,0.8994994216093408,1551,428,0,0.8446163765312702,0.8312441224690207,,"{""y0_a0"": {""n"": 1123, ""accuracy"": 0.8610863757791629}, ""y0_a1"": {""n"": 0, ""accuracy"": NaN}, ""y1_a0"": {""n"": 428, ""accuracy"": 0.8014018691588785}, ""y1_a1"": {""n"": 0, ""accuracy"": NaN}}",0.48859012976272215
corr,tube,raddino_518,ui2e_balanced,0.75,42,test_corr,0.8962184069706477,0.870826762784411,0.9112575585789872,1551,428,501,0.842682140554481,0.8270164612478258,0.7901554404145078,"{""y0_a0"": {""n"": 1008, ""accuracy"": 0.8660714285714286}, ""y0_a1"": {""n"": 115, ""accuracy"": 0.8260869565217391}, ""y1_a0"": {""n"": 42, ""accuracy"": 0.8095238095238095}, ""y1_a1"": {""n"": 386, ""accuracy"": 0.7901554404145078}}",0.48859012976272215
corr,tube,raddino_518,ui2e_balanced,0.75,42,test_rev,0.9000694901007814,0.9283304414883362,0.9080982536941086,1551,428,1030,0.8478401031592521,0.8334703023443546,0.7979274611398963,"{""y0_a0"": {""n"": 135, ""accuracy"": 0.8962962962962963}, ""y0_a1"": {""n"": 988, ""accuracy"": 0.861336032388664}, ""y1_a0"": {""n"": 386, ""accuracy"": 0.7979274611398963}, ""y1_a1"": {""n"": 42, ""accuracy"": 0.8333333333333334}}",0.48859012976272215
corr,tube,raddino_518,umte,0.75,42,clean,0.8888304025432545,,0.8888304025432545,1551,428,0,0.8388136686009027,0.8351898702574047,,"{""y0_a0"": {""n"": 1123, ""accuracy"": 0.8432769367764915}, ""y0_a1"": {""n"": 0, ""accuracy"": NaN}, ""y1_a0"": {""n"": 428, ""accuracy"": 0.8271028037383178}, ""y1_a1"": {""n"": 0, ""accuracy"": NaN}}",0.41138856367761834
corr,tube,raddino_518,umte,0.75,42,test_corr,0.9012637211740915,0.8513178643838702,0.9114937641723356,1551,428,501,0.839458413926499,0.8399730361764632,0.7565217391304347,"{""y0_a0"": {""n"": 1008, ""accuracy"": 0.8482142857142857}, ""y0_a1"": {""n"": 115, ""accuracy"": 0.7565217391304347}, ""y1_a0"": {""n"": 42, ""accuracy"": 0.8333333333333334}, ""y1_a1"": {""n"": 386, ""accuracy"": 0.8419689119170984}}",0.41138856367761834
corr,tube,raddino_518,umte,0.75,42,test_rev,0.8731181498156639,0.9219924812030075,0.9003646133179812,1551,428,1030,0.8136686009026435,0.8185486555537986,0.7995951417004049,"{""y0_a0"": {""n"": 135, ""accuracy"": 0.8666666666666667}, ""y0_a1"": {""n"": 988, ""accuracy"": 0.7995951417004049}, ""y1_a0"": {""n"": 386, ""accuracy"": 0.8238341968911918}, ""y1_a1"": {""n"": 42, ""accuracy"": 0.8809523809523809}}",0.41138856367761834
corr,tube,raddino_518,umte_balanced,0.75,42,clean,0.8863399938415957,,0.8863399938415957,1551,428,0,0.8233397807865893,0.8273961601517963,,"{""y0_a0"": {""n"": 1123, ""accuracy"": 0.8183437221727515}, ""y0_a1"": {""n"": 0, ""accuracy"": NaN}, ""y1_a0"": {""n"": 428, ""accuracy"": 0.8364485981308412}, ""y1_a1"": {""n"": 0, ""accuracy"": NaN}}",0.41136114218682757
corr,tube,raddino_518,umte_balanced,0.75,42,test_corr,0.8837434775010194,0.8505293985131784,0.9127692743764172,1551,428,501,0.8220502901353965,0.8243367232296668,0.7652173913043478,"{""y0_a0"": {""n"": 1008, ""accuracy"": 0.8253968253968254}, ""y0_a1"": {""n"": 115, ""accuracy"": 0.7652173913043478}, ""y1_a0"": {""n"": 42, ""accuracy"": 0.8809523809523809}, ""y1_a1"": {""n"": 386, ""accuracy"": 0.8238341968911918}}",0.41136114218682757
corr,tube,raddino_518,umte_balanced,0.75,42,test_rev,0.8893338936926292,0.919582610372084,0.8981769334100941,1551,428,1030,0.8239845261121856,0.8278413961268631,0.8157894736842105,"{""y0_a0"": {""n"": 135, ""accuracy"": 0.8444444444444444}, ""y0_a1"": {""n"": 988, ""accuracy"": 0.8157894736842105}, ""y1_a0"": {""n"": 386, ""accuracy"": 0.8264248704663213}, ""y1_a1"": {""n"": 42, ""accuracy"": 0.9285714285714286}}",0.41136114218682757
corr,tube,raddino_518,erm,0.75,123,clean,0.9093362238996014,,0.9093362238996014,1551,428,0,0.8330109606705351,0.8333517114537995,,"{""y0_a0"": {""n"": 1123, ""accuracy"": 0.8325912733748887}, ""y0_a1"": {""n"": 0, ""accuracy"": NaN}, ""y1_a0"": {""n"": 428, ""accuracy"": 0.8341121495327103}, ""y1_a1"": {""n"": 0, ""accuracy"": NaN}}",0.2247824030545797
corr,tube,raddino_518,erm,0.75,123,test_corr,0.9635176970897379,0.8644017094017095,0.9247372905424596,1551,428,517,0.8252740167633784,0.8706651908689176,0.2564102564102564,"{""y0_a0"": {""n"": 1006, ""accuracy"": 0.8290258449304175}, ""y0_a1"": {""n"": 117, ""accuracy"": 0.2564102564102564}, ""y1_a0"": {""n"": 28, ""accuracy"": 0.8214285714285714}, ""y1_a1"": {""n"": 400, ""accuracy"": 0.9825}}",0.2247824030545797
corr,tube,raddino_518,erm,0.75,123,test_rev,0.696097319429765,0.8572370590174745,0.9241302738712066,1551,428,1053,0.41392649903288203,0.5490092459283794,0.17507418397626112,"{""y0_a0"": {""n"": 112, ""accuracy"": 0.9017857142857143}, ""y0_a1"": {""n"": 1011, ""accuracy"": 0.17507418397626112}, ""y1_a0"": {""n"": 386, ""accuracy"": 0.8341968911917098}, ""y1_a1"": {""n"": 42, ""accuracy"": 1.0}}",0.2247824030545797
corr,tube,raddino_518,mask,0.75,123,clean,0.9080213213937968,,0.9080213213937968,1551,428,0,0.8233397807865893,0.8288421367997936,,"{""y0_a0"": {""n"": 1123, ""accuracy"": 0.8165627782724845}, ""y0_a1"": {""n"": 0, ""accuracy"": NaN}, ""y1_a0"": {""n"": 428, ""accuracy"": 0.8411214953271028}, ""y1_a1"": {""n"": 0, ""accuracy"": NaN}}",0.28202676816455763
corr,tube,raddino_518,mask,0.75,123,test_corr,0.9464801391466449,0.8691239316239316,0.9293879579664868,1551,428,517,0.8201160541586073,0.857704454856401,0.4358974358974359,"{""y0_a0"": {""n"": 1006, ""accuracy"": 0.8131212723658051}, ""y0_a1"": {""n"": 117, ""accuracy"": 0.4358974358974359}, ""y1_a0"": {""n"": 28, ""accuracy"": 0.8571428571428571}, ""y1_a1"": {""n"": 400, ""accuracy"": 0.9475}}",0.28202676816455763
corr,tube,raddino_518,mask,0.75,123,test_rev,0.7933335275172477,0.869765908341576,0.9223491857883049,1551,428,1053,0.5589941972920697,0.6484643519944074,0.4035608308605341,"{""y0_a0"": {""n"": 112, ""accuracy"": 0.8571428571428571}, ""y0_a1"": {""n"": 1011, ""accuracy"": 0.4035608308605341}, ""y1_a0"": {""n"": 386, ""accuracy"": 0.8419689119170984}, ""y1_a1"": {""n"": 42, ""accuracy"": 0.9047619047619048}}",0.28202676816455763
corr,tube,raddino_518,inpaint,0.75,123,clean,0.9157546957831577,,0.9157546957831577,1551,428,0,0.8207607994842038,0.843689924351495,,"{""y0_a0"": {""n"": 1123, ""accuracy"": 0.792520035618878}, ""y0_a1"": {""n"": 0, ""accuracy"": NaN}, ""y1_a0"": {""n"": 428, ""accuracy"": 0.8948598130841121}, ""y1_a1"": {""n"": 0, ""accuracy"": NaN}}",0.3959703161503932
corr,tube,raddino_518,inpaint,0.75,123,test_corr,0.9163580529456312,0.910940170940171,0.926583357000852,1551,428,517,0.8220502901353965,0.8460263729496259,0.7862823061630219,"{""y0_a0"": {""n"": 1006, ""accuracy"": 0.7862823061630219}, ""y0_a1"": {""n"": 117, ""accuracy"": 0.8461538461538461}, ""y1_a0"": {""n"": 28, ""accuracy"": 0.9285714285714286}, ""y1_a1"": {""n"": 400, ""accuracy"": 0.8975}}",0.3959703161503932
corr,tube,raddino_518,inpaint,0.75,123,test_rev,0.914219255831759,0.9243087937449955,0.9273686158401184,1551,428,1053,0.8188265635074146,0.8423542164262947,0.7804154302670623,"{""y0_a0"": {""n"": 112, ""accuracy"": 0.875}, ""y0_a1"": {""n"": 1011, ""accuracy"": 0.7804154302670623}, ""y1_a0"": {""n"": 386, ""accuracy"": 0.8937823834196891}, ""y1_a1"": {""n"": 42, ""accuracy"": 0.9047619047619048}}",0.3959703161503932
corr,tube,raddino_518,balanced,0.75,123,clean,0.9131706626942185,,0.9131706626942185,1551,428,0,0.8349451966473244,0.8498701741829713,,"{""y0_a0"": {""n"": 1123, ""accuracy"": 0.8165627782724845}, ""y0_a1"": {""n"": 0, ""accuracy"": NaN}, ""y1_a0"": {""n"": 428, ""accuracy"": 0.883177570093458}, ""y1_a1"": {""n"": 0, ""accuracy"": NaN}}",0.4439332833707221
corr,tube,raddino_518,balanced,0.75,123,test_corr,0.8913603415417648,0.9050213675213675,0.930062482249361,1551,428,517,0.8278529980657641,0.8348507419212556,0.8121272365805169,"{""y0_a0"": {""n"": 1006, ""accuracy"": 0.8121272365805169}, ""y0_a1"": {""n"": 117, ""accuracy"": 0.8803418803418803}, ""y1_a0"": {""n"": 28, ""accuracy"": 0.9285714285714286}, ""y1_a1"": {""n"": 400, ""accuracy"": 0.845}}",0.4439332833707221
corr,tube,raddino_518,balanced,0.75,123,test_rev,0.9242100182255474,0.9130987706655362,0.9202905255366395,1551,428,1053,0.8465506125080593,0.8571614334101747,0.827893175074184,"{""y0_a0"": {""n"": 112, ""accuracy"": 0.8839285714285714}, ""y0_a1"": {""n"": 1011, ""accuracy"": 0.827893175074184}, ""y1_a0"": {""n"": 386, ""accuracy"": 0.8860103626943006}, ""y1_a1"": {""n"": 42, ""accuracy"": 0.8333333333333334}}",0.4439332833707221
corr,tube,raddino_518,dfr,0.75,123,clean,0.8970943151272043,,0.8970943151272043,1551,428,0,0.8420373952288845,0.8374160501327386,,"{""y0_a0"": {""n"": 1123, ""accuracy"": 0.8477292965271594}, ""y0_a1"": {""n"": 0, ""accuracy"": NaN}, ""y1_a0"": {""n"": 428, ""accuracy"": 0.8271028037383178}, ""y1_a1"": {""n"": 0, ""accuracy"": NaN}}",0.49340989453027906
corr,tube,raddino_518,dfr,0.75,123,test_corr,0.8991561321893127,0.9042521367521368,0.9195541039477421,1551,428,517,0.8407479045776918,0.8336336248866105,0.81,"{""y0_a0"": {""n"": 1006, ""accuracy"": 0.8429423459244533}, ""y0_a1"": {""n"": 117, ""accuracy"": 0.905982905982906}, ""y1_a0"": {""n"": 28, ""accuracy"": 0.9285714285714286}, ""y1_a1"": {""n"": 400, ""accuracy"": 0.81}}",0.49340989453027906
corr,tube,raddino_518,dfr,0.75,123,test_rev,0.891965779246178,0.9106495219254862,0.9035436713545523,1551,428,1053,0.839458413926499,0.8341891295844741,0.8186528497409327,"{""y0_a0"": {""n"": 112, ""accuracy"": 0.875}, ""y0_a1"": {""n"": 1011, ""accuracy"": 0.8427299703264095}, ""y1_a0"": {""n"": 386, ""accuracy"": 0.8186528497409327}, ""y1_a1"": {""n"": 42, ""accuracy"": 0.8571428571428571}}",0.49340989453027906
corr,tube,raddino_518,leace,0.75,123,clean,0.9120908614275846,,0.9120908614275846,1551,428,0,0.8420373952288845,0.844645933372725,,"{""y0_a0"": {""n"": 1123, ""accuracy"": 0.8388245770258237}, ""y0_a1"": {""n"": 0, ""accuracy"": NaN}, ""y1_a0"": {""n"": 428, ""accuracy"": 0.8504672897196262}, ""y1_a1"": {""n"": 0, ""accuracy"": NaN}}",0.4336117769050849
corr,tube,raddino_518,leace,0.75,123,test_corr,0.9072598430439162,0.9006623931623933,0.9267963646691281,1551,428,517,0.842682140554481,0.8450911693477917,0.8359840954274353,"{""y0_a0"": {""n"": 1006, ""accuracy"": 0.8359840954274353}, ""y0_a1"": {""n"": 117, ""accuracy"": 0.8717948717948718}, ""y1_a0"": {""n"": 28, ""accuracy"": 0.8571428571428571}, ""y1_a1"": {""n"": 400, ""accuracy"": 0.85}}",0.4336117769050849
corr,tube,raddino_518,leace,0.75,123,test_rev,0.9061696390675844,0.9120625500447458,0.923621391561806,1551,428,1053,0.8297872340425532,0.8376324264944532,0.811078140454995,"{""y0_a0"": {""n"": 112, ""accuracy"": 0.9017857142857143}, ""y0_a1"": {""n"": 1011, ""accuracy"": 0.811078140454995}, ""y1_a0"": {""n"": 386, ""accuracy"": 0.8523316062176166}, ""y1_a1"": {""n"": 42, ""accuracy"": 0.8809523809523809}}",0.4336117769050849
corr,tube,raddino_518,i2e,0.75,123,clean,0.907675951431829,,0.907675951431829,1551,428,0,0.8110896196002579,0.8312274781335042,,"{""y0_a0"": {""n"": 1123, ""accuracy"": 0.786286731967943}, ""y0_a1"": {""n"": 0, ""accuracy"": NaN}, ""y1_a0"": {""n"": 428, ""accuracy"": 0.8761682242990654}, ""y1_a1"": {""n"": 0, ""accuracy"": NaN}}",0.39525347498660257
corr,tube,raddino_518,i2e,0.75,123,test_corr,0.9059615848736279,0.9035897435897436,0.9201221243964783,1551,428,517,0.8143133462282398,0.8363456113048326,0.7833001988071571,"{""y0_a0"": {""n"": 1006, ""accuracy"": 0.7833001988071571}, ""y0_a1"": {""n"": 117, ""accuracy"": 0.8205128205128205}, ""y1_a0"": {""n"": 28, ""accuracy"": 0.8571428571428571}, ""y1_a1"": {""n"": 400, ""accuracy"": 0.8875}}",0.39525347498660257
corr,tube,raddino_518,i2e,0.75,123,test_rev,0.9069061509141901,0.9065988413169422,0.9217940414507771,1551,428,1053,0.8110896196002579,0.8319504664575028,0.7794263105835806,"{""y0_a0"": {""n"": 112, ""accuracy"": 0.8392857142857143}, ""y0_a1"": {""n"": 1011, ""accuracy"": 0.7794263105835806}, ""y1_a0"": {""n"": 386, ""accuracy"": 0.8756476683937824}, ""y1_a1"": {""n"": 42, ""accuracy"": 0.9047619047619048}}",0.39525347498660257
corr,tube,raddino_518,i2e_balanced,0.75,123,clean,0.9063735321776616,,0.9063735321776616,1551,428,0,0.8330109606705351,0.8427505596657818,,"{""y0_a0"": {""n"": 1123, ""accuracy"": 0.8210151380231523}, ""y0_a1"": {""n"": 0, ""accuracy"": NaN}, ""y1_a0"": {""n"": 428, ""accuracy"": 0.8644859813084113}, ""y1_a1"": {""n"": 0, ""accuracy"": NaN}}",0.44134967629188837
corr,tube,raddino_518,i2e_balanced,0.75,123,test_corr,0.9043949367931359,0.9034401709401709,0.9253053109911957,1551,428,517,0.8323662153449387,0.8408593470427177,0.8180914512922465,"{""y0_a0"": {""n"": 1006, ""accuracy"": 0.8180914512922465}, ""y0_a1"": {""n"": 117, ""accuracy"": 0.8547008547008547}, ""y1_a0"": {""n"": 28, ""accuracy"": 0.8571428571428571}, ""y1_a1"": {""n"": 400, ""accuracy"": 0.86}}",0.44134967629188837
corr,tube,raddino_518,i2e_balanced,0.75,123,test_rev,0.9062258136999525,0.9081531722481277,0.9191571058475204,1551,428,1053,0.8330109606705351,0.8420275713417831,0.8140454995054401,"{""y0_a0"": {""n"": 112, ""accuracy"": 0.8928571428571429}, ""y0_a1"": {""n"": 1011, ""accuracy"": 0.8140454995054401}, ""y1_a0"": {""n"": 386, ""accuracy"": 0.8652849740932642}, ""y1_a1"": {""n"": 42, ""accuracy"": 0.8333333333333334}}",0.44134967629188837
corr,tube,raddino_518,i2e_rank1,0.75,123,clean,0.9111171677998686,,0.9111171677998686,1551,428,0,0.8310767246937459,0.844306805036576,,"{""y0_a0"": {""n"": 1123, ""accuracy"": 0.8147818343722173}, ""y0_a1"": {""n"": 0, ""accuracy"": NaN}, ""y1_a0"": {""n"": 428, ""accuracy"": 0.8738317757009346}, ""y1_a1"": {""n"": 0, ""accuracy"": NaN}}",0.4102947527653585
corr,tube,raddino_518,i2e_rank1,0.75,123,test_corr,0.9126526077512671,0.9018162393162393,0.9244177790400455,1551,428,517,0.8310767246937459,0.844306805036576,0.8111332007952287,"{""y0_a0"": {""n"": 1006, ""accuracy"": 0.8111332007952287}, ""y0_a1"": {""n"": 117, ""accuracy"": 0.8461538461538461}, ""y1_a0"": {""n"": 28, ""accuracy"": 0.8928571428571429}, ""y1_a1"": {""n"": 400, ""accuracy"": 0.8725}}",0.4102947527653585
corr,tube,raddino_518,i2e_rank1,0.75,123,test_rev,0.9011305664899594,0.9118034948895484,0.9204987046632125,1551,428,1053,0.8201160541586073,0.8367377934604405,0.7903066271018794,"{""y0_a0"": {""n"": 112, ""accuracy"": 0.8839285714285714}, ""y0_a1"": {""n"": 1011, ""accuracy"": 0.7903066271018794}, ""y1_a0"": {""n"": 386, ""accuracy"": 0.8730569948186528}, ""y1_a1"": {""n"": 42, ""accuracy"": 0.8809523809523809}}",0.4102947527653585
corr,tube,raddino_518,insert_aug,0.75,123,clean,0.9115769675685123,,0.9115769675685123,1551,428,0,0.816247582205029,0.8355123542580372,,"{""y0_a0"": {""n"": 1123, ""accuracy"": 0.792520035618878}, ""y0_a1"": {""n"": 0, ""accuracy"": NaN}, ""y1_a0"": {""n"": 428, ""accuracy"": 0.8785046728971962}, ""y1_a1"": {""n"": 0, ""accuracy"": NaN}}",0.29849403238851446
corr,tube,raddino_518,insert_aug,0.75,123,test_corr,0.954866803705029,0.8903418803418804,0.9236367509230332,1551,428,517,0.8014184397163121,0.8520224948194506,0.3076923076923077,"{""y0_a0"": {""n"": 1006, ""accuracy"": 0.7892644135188867}, ""y0_a1"": {""n"": 117, ""accuracy"": 0.3076923076923077}, ""y1_a0"": {""n"": 28, ""accuracy"": 0.8928571428571429}, ""y1_a1"": {""n"": 400, ""accuracy"": 0.97}}",0.29849403238851446
corr,tube,raddino_518,insert_aug,0.75,123,test_rev,0.8008213979577399,0.8923979087183835,0.925240562546262,1551,428,1053,0.47195357833655704,0.6006482968683683,0.2522255192878338,"{""y0_a0"": {""n"": 112, ""accuracy"": 0.8660714285714286}, ""y0_a1"": {""n"": 1011, ""accuracy"": 0.2522255192878338}, ""y1_a0"": {""n"": 386, ""accuracy"": 0.8782383419689119}, ""y1_a1"": {""n"": 42, ""accuracy"": 0.9761904761904762}}",0.29849403238851446
corr,tube,raddino_518,mte,0.75,123,clean,0.9025911069315335,,0.9025911069315335,1551,428,0,0.8368794326241135,0.834577150656203,,"{""y0_a0"": {""n"": 1123, ""accuracy"": 0.8397150489759573}, ""y0_a1"": {""n"": 0, ""accuracy"": NaN}, ""y1_a0"": {""n"": 428, ""accuracy"": 0.8294392523364486}, ""y1_a1"": {""n"": 0, ""accuracy"": NaN}}",0.4275355228964417
corr,tube,raddino_518,mte,0.75,123,test_corr,0.9033650685330515,0.9004700854700854,0.9244887815961373,1551,428,517,0.8368794326241135,0.8338541623322043,0.825,"{""y0_a0"": {""n"": 1006, ""accuracy"": 0.8349900596421471}, ""y0_a1"": {""n"": 117, ""accuracy"": 0.8888888888888888}, ""y1_a0"": {""n"": 28, ""accuracy"": 0.8571428571428571}, ""y1_a1"": {""n"": 400, ""accuracy"": 0.825}}",0.4275355228964417
corr,tube,raddino_518,mte,0.75,123,test_rev,0.9024725160409783,0.9112853845791531,0.9179774241302738,1551,428,1053,0.839458413926499,0.83635809455647,0.8290155440414507,"{""y0_a0"": {""n"": 112, ""accuracy"": 0.9107142857142857}, ""y0_a1"": {""n"": 1011, ""accuracy"": 0.8358061325420376}, ""y1_a0"": {""n"": 386, ""accuracy"": 0.8290155440414507}, ""y1_a1"": {""n"": 42, ""accuracy"": 0.8333333333333334}}",0.4275355228964417
corr,tube,raddino_518,mte_balanced,0.75,123,clean,0.8988274065628616,,0.8988274065628616,1551,428,0,0.845905867182463,0.8256276995031666,,"{""y0_a0"": {""n"": 1123, ""accuracy"": 0.8708815672306323}, ""y0_a1"": {""n"": 0, ""accuracy"": NaN}, ""y1_a0"": {""n"": 428, ""accuracy"": 0.780373831775701}, ""y1_a1"": {""n"": 0, ""accuracy"": NaN}}",0.49867567626739406
corr,tube,raddino_518,mte_balanced,0.75,123,test_corr,0.8989106282404442,0.8995726495726496,0.930452996307867,1551,428,517,0.8439716312056738,0.8221230266059703,0.77,"{""y0_a0"": {""n"": 1006, ""accuracy"": 0.8677932405566601}, ""y0_a1"": {""n"": 117, ""accuracy"": 0.8974358974358975}, ""y1_a0"": {""n"": 28, ""accuracy"": 0.8214285714285714}, ""y1_a1"": {""n"": 400, ""accuracy"": 0.77}}",0.49867567626739406
corr,tube,raddino_518,mte_balanced,0.75,123,test_rev,0.8990188164213014,0.9037727850784231,0.910760547742413,1551,428,1053,0.845905867182463,0.8256276995031666,0.7797927461139896,"{""y0_a0"": {""n"": 112, ""accuracy"": 0.9285714285714286}, ""y0_a1"": {""n"": 1011, ""accuracy"": 0.8644906033630069}, ""y1_a0"": {""n"": 386, ""accuracy"": 0.7797927461139896}, ""y1_a1"": {""n"": 42, ""accuracy"": 0.7857142857142857}}",0.49867567626739406
corr,tube,raddino_518,ui2e,0.75,123,clean,0.9011784189545692,,0.9011784189545692,1551,428,0,0.8349451966473244,0.8361333960269971,,"{""y0_a0"": {""n"": 1123, ""accuracy"": 0.8334817453250223}, ""y0_a1"": {""n"": 0, ""accuracy"": NaN}, ""y1_a0"": {""n"": 428, ""accuracy"": 0.8387850467289719}, ""y1_a1"": {""n"": 0, ""accuracy"": NaN}}",0.433160118163059
corr,tube,raddino_518,ui2e,0.75,123,test_corr,0.9161770457968893,0.8947222222222222,0.9335771087759158,1551,428,517,0.8401031592520954,0.8498171203635123,0.8034188034188035,"{""y0_a0"": {""n"": 1006, ""accuracy"": 0.831013916500994}, ""y0_a1"": {""n"": 117, ""accuracy"": 0.8034188034188035}, ""y1_a0"": {""n"": 28, ""accuracy"": 0.8928571428571429}, ""y1_a1"": {""n"": 400, ""accuracy"": 0.87}}",0.433160118163059
corr,tube,raddino_518,ui2e,0.75,123,test_rev,0.880712127895074,0.8960246808911496,0.9168208734270911,1551,428,1053,0.8020631850419084,0.8141493496225897,0.7764589515331355,"{""y0_a0"": {""n"": 112, ""accuracy"": 0.8839285714285714}, ""y0_a1"": {""n"": 1011, ""accuracy"": 0.7764589515331355}, ""y1_a0"": {""n"": 386, ""accuracy"": 0.8393782383419689}, ""y1_a1"": {""n"": 42, ""accuracy"": 0.8571428571428571}}",0.433160118163059
corr,tube,raddino_518,ui2e_balanced,0.75,123,clean,0.9007248608117442,,0.9007248608117442,1551,428,0,0.8246292714377821,0.8347935270179176,,"{""y0_a0"": {""n"": 1123, ""accuracy"": 0.8121104185218165}, ""y0_a1"": {""n"": 0, ""accuracy"": NaN}, ""y1_a0"": {""n"": 428, ""accuracy"": 0.8574766355140186}, ""y1_a1"": {""n"": 0, ""accuracy"": NaN}}",0.4440670003678201
corr,tube,raddino_518,ui2e_balanced,0.75,123,test_corr,0.8955713584274434,0.8981837606837607,0.9355296790684464,1551,428,517,0.8226950354609929,0.8312888541207213,0.8071570576540755,"{""y0_a0"": {""n"": 1006, ""accuracy"": 0.8071570576540755}, ""y0_a1"": {""n"": 117, ""accuracy"": 0.8547008547008547}, ""y1_a0"": {""n"": 28, ""accuracy"": 0.8928571428571429}, ""y1_a1"": {""n"": 400, ""accuracy"": 0.8475}}",0.4440670003678201
corr,tube,raddino_518,ui2e_balanced,0.75,123,test_rev,0.9029593628548365,0.8988271866610145,0.9132355662472242,1551,428,1053,0.8317214700193424,0.8396911227436523,0.8130563798219584,"{""y0_a0"": {""n"": 112, ""accuracy"": 0.9017857142857143}, ""y0_a1"": {""n"": 1011, ""accuracy"": 0.8130563798219584}, ""y1_a0"": {""n"": 386, ""accuracy"": 0.8601036269430051}, ""y1_a1"": {""n"": 42, ""accuracy"": 0.8333333333333334}}",0.4440670003678201
corr,tube,raddino_518,umte,0.75,123,clean,0.8893068466474147,,0.8893068466474147,1551,428,0,0.8401031592520954,0.8368033305315368,,"{""y0_a0"": {""n"": 1123, ""accuracy"": 0.8441674087266251}, ""y0_a1"": {""n"": 0, ""accuracy"": NaN}, ""y1_a0"": {""n"": 428, ""accuracy"": 0.8294392523364486}, ""y1_a1"": {""n"": 0, ""accuracy"": NaN}}",0.4141630410496043
corr,tube,raddino_518,umte,0.75,123,test_corr,0.9015633192133887,0.8852991452991454,0.9124183470604942,1551,428,517,0.8407479045776918,0.8408635081265968,0.8399602385685885,"{""y0_a0"": {""n"": 1006, ""accuracy"": 0.8399602385685885}, ""y0_a1"": {""n"": 117, ""accuracy"": 0.8461538461538461}, ""y1_a0"": {""n"": 28, ""accuracy"": 0.8571428571428571}, ""y1_a1"": {""n"": 400, ""accuracy"": 0.84}}",0.4141630410496043
corr,tube,raddino_518,umte,0.75,123,test_rev,0.8742208370436331,0.8954359191747916,0.9069670614359735,1551,428,1053,0.8143133462282398,0.8189938915288655,0.7992087042532147,"{""y0_a0"": {""n"": 112, ""accuracy"": 0.8928571428571429}, ""y0_a1"": {""n"": 1011, ""accuracy"": 0.7992087042532147}, ""y1_a0"": {""n"": 386, ""accuracy"": 0.8290155440414507}, ""y1_a1"": {""n"": 42, ""accuracy"": 0.8333333333333334}}",0.4141630410496043
corr,tube,raddino_518,umte_balanced,0.75,123,clean,0.8872949625918559,,0.8872949625918559,1551,428,0,0.8381689232753062,0.8253457860703557,,"{""y0_a0"": {""n"": 1123, ""accuracy"": 0.8539626001780944}, ""y0_a1"": {""n"": 0, ""accuracy"": NaN}, ""y1_a0"": {""n"": 428, ""accuracy"": 0.7967289719626168}, ""y1_a1"": {""n"": 0, ""accuracy"": NaN}}",0.48410498792077733
corr,tube,raddino_518,umte_balanced,0.75,123,test_corr,0.8811407195346245,0.8891239316239316,0.9295654643567168,1551,428,517,0.8349451966473244,0.8180586879270313,0.7725,"{""y0_a0"": {""n"": 1006, ""accuracy"": 0.8499005964214712}, ""y0_a1"": {""n"": 117, ""accuracy"": 0.905982905982906}, ""y1_a0"": {""n"": 28, ""accuracy"": 0.8928571428571429}, ""y1_a1"": {""n"": 400, ""accuracy"": 0.7725}}",0.48410498792077733
corr,tube,raddino_518,umte_balanced,0.75,123,test_rev,0.894951356929453,0.8994865997833356,0.8960029607698002,1551,428,1053,0.8497743391360413,0.8326370452975591,0.7927461139896373,"{""y0_a0"": {""n"": 112, ""accuracy"": 0.9017857142857143}, ""y0_a1"": {""n"": 1011, ""accuracy"": 0.8674579624134521}, ""y1_a0"": {""n"": 386, ""accuracy"": 0.7927461139896373}, ""y1_a1"": {""n"": 42, ""accuracy"": 0.8095238095238095}}",0.48410498792077733
corr,tube,raddino_518,erm,0.75,456,clean,0.906754271352602,,0.906754271352602,1551,428,0,0.8175370728562218,0.827726966320187,,"{""y0_a0"": {""n"": 1123, ""accuracy"": 0.804986642920748}, ""y0_a1"": {""n"": 0, ""accuracy"": NaN}, ""y1_a0"": {""n"": 428, ""accuracy"": 0.8504672897196262}, ""y1_a1"": {""n"": 0, ""accuracy"": NaN}}",0.1831464365130303
corr,tube,raddino_518,erm,0.75,456,test_corr,0.9594939289786204,0.8707456140350878,0.9174767364572948,1551,428,500,0.7969052224371374,0.8503518196419804,0.13333333333333333,"{""y0_a0"": {""n"": 1003, ""accuracy"": 0.80259222333001}, ""y0_a1"": {""n"": 120, ""accuracy"": 0.13333333333333333}, ""y1_a0"": {""n"": 48, ""accuracy"": 0.8333333333333334}, ""y1_a1"": {""n"": 380, ""accuracy"": 0.9868421052631579}}",0.1831464365130303
corr,tube,raddino_518,erm,0.75,456,test_rev,0.6906899909288371,0.8140865110984633,0.8967648127953473,1551,428,1039,0.3836234687298517,0.5324210850442324,0.13247011952191234,"{""y0_a0"": {""n"": 119, ""accuracy"": 0.773109243697479}, ""y0_a1"": {""n"": 1004, ""accuracy"": 0.13247011952191234}, ""y1_a0"": {""n"": 393, ""accuracy"": 0.8549618320610687}, ""y1_a1"": {""n"": 35, ""accuracy"": 0.9714285714285714}}",0.1831464365130303
corr,tube,raddino_518,mask,0.75,456,clean,0.9071995073276689,,0.9071995073276689,1551,428,0,0.8226950354609929,0.8262279358527309,,"{""y0_a0"": {""n"": 1123, ""accuracy"": 0.8183437221727515}, ""y0_a1"": {""n"": 0, ""accuracy"": NaN}, ""y1_a0"": {""n"": 428, ""accuracy"": 0.8341121495327103}, ""y1_a1"": {""n"": 0, ""accuracy"": NaN}}",0.29187308217663344
corr,tube,raddino_518,mask,0.75,456,test_corr,0.9429910703139954,0.8747368421052631,0.9130317381189763,1551,428,500,0.8188265635074146,0.8524760529622757,0.43333333333333335,"{""y0_a0"": {""n"": 1003, ""accuracy"": 0.8185443668993021}, ""y0_a1"": {""n"": 120, ""accuracy"": 0.43333333333333335}, ""y1_a0"": {""n"": 48, ""accuracy"": 0.7916666666666666}, ""y1_a1"": {""n"": 380, ""accuracy"": 0.9447368421052632}}",0.29187308217663344
corr,tube,raddino_518,mask,0.75,456,test_rev,0.7928446001614502,0.8364541832669323,0.8901362071546176,1551,428,1039,0.5641521598968408,0.6498572748229459,0.41832669322709165,"{""y0_a0"": {""n"": 119, ""accuracy"": 0.7983193277310925}, ""y0_a1"": {""n"": 1004, ""accuracy"": 0.41832669322709165}, ""y1_a0"": {""n"": 393, ""accuracy"": 0.8396946564885496}, ""y1_a1"": {""n"": 35, ""accuracy"": 0.8571428571428571}}",0.29187308217663344
corr,tube,raddino_518,inpaint,0.75,456,clean,0.9156985211507892,,0.9156985211507892,1551,428,0,0.816247582205029,0.8405732725260275,,"{""y0_a0"": {""n"": 1123, ""accuracy"": 0.786286731967943}, ""y0_a1"": {""n"": 0, ""accuracy"": NaN}, ""y1_a0"": {""n"": 428, ""accuracy"": 0.8948598130841121}, ""y1_a1"": {""n"": 0, ""accuracy"": NaN}}",0.39146779874277116
corr,tube,raddino_518,inpaint,0.75,456,test_corr,0.9163164421068399,0.9166228070175438,0.928963110667996,1551,428,500,0.8168923275306254,0.8424644851490917,0.7846460618145563,"{""y0_a0"": {""n"": 1003, ""accuracy"": 0.7846460618145563}, ""y0_a1"": {""n"": 120, ""accuracy"": 0.7916666666666666}, ""y1_a0"": {""n"": 48, ""accuracy"": 0.9166666666666666}, ""y1_a1"": {""n"": 380, ""accuracy"": 0.8973684210526316}}",0.39146779874277116
corr,tube,raddino_518,inpaint,0.75,456,test_rev,0.914267108296369,0.9016789982925442,0.9064297474715078,1551,428,1039,0.8136686009026435,0.8387923286257604,0.7310924369747899,"{""y0_a0"": {""n"": 119, ""accuracy"": 0.7310924369747899}, ""y0_a1"": {""n"": 1004, ""accuracy"": 0.7888446215139442}, ""y1_a0"": {""n"": 393, ""accuracy"": 0.8982188295165394}, ""y1_a1"": {""n"": 35, ""accuracy"": 0.8571428571428571}}",0.39146779874277116
corr,tube,raddino_518,balanced,0.75,456,clean,0.9100248832815971,,0.9100248832815971,1551,428,0,0.8278529980657641,0.8362967185692529,,"{""y0_a0"": {""n"": 1123, ""accuracy"": 0.8174532502226179}, ""y0_a1"": {""n"": 0, ""accuracy"": NaN}, ""y1_a0"": {""n"": 428, ""accuracy"": 0.8551401869158879}, ""y1_a1"": {""n"": 0, ""accuracy"": NaN}}",0.4430110400016612
corr,tube,raddino_518,balanced,0.75,456,test_corr,0.8922757799951733,0.8993859649122807,0.928963110667996,1551,428,500,0.8252740167633784,0.8287318680769967,0.8165503489531406,"{""y0_a0"": {""n"": 1003, ""accuracy"": 0.8165503489531406}, ""y0_a1"": {""n"": 120, ""accuracy"": 0.8583333333333333}, ""y1_a0"": {""n"": 48, ""accuracy"": 0.8541666666666666}, ""y1_a1"": {""n"": 380, ""accuracy"": 0.8342105263157895}}",0.4430110400016612
corr,tube,raddino_518,balanced,0.75,456,test_rev,0.9183012791171843,0.8900967558338075,0.8965937520046187,1551,428,1039,0.8420373952288845,0.8460919100207223,0.7647058823529411,"{""y0_a0"": {""n"": 119, ""accuracy"": 0.7647058823529411}, ""y0_a1"": {""n"": 1004, ""accuracy"": 0.8456175298804781}, ""y1_a0"": {""n"": 393, ""accuracy"": 0.8600508905852418}, ""y1_a1"": {""n"": 35, ""accuracy"": 0.8}}",0.4430110400016612
corr,tube,raddino_518,dfr,0.75,456,clean,0.8968280057589402,,0.8968280057589402,1551,428,0,0.8523533204384268,0.8380329308178194,,"{""y0_a0"": {""n"": 1123, ""accuracy"": 0.8699910952804987}, ""y0_a1"": {""n"": 0, ""accuracy"": NaN}, ""y1_a0"": {""n"": 428, ""accuracy"": 0.8060747663551402}, ""y1_a1"": {""n"": 0, ""accuracy"": NaN}}",0.5867916797901359
corr,tube,raddino_518,dfr,0.75,456,test_corr,0.8979681427418215,0.8882236842105263,0.8930915586573612,1551,428,500,0.8517085751128304,0.8354187298707567,0.7708333333333334,"{""y0_a0"": {""n"": 1003, ""accuracy"": 0.872382851445663}, ""y0_a1"": {""n"": 120, ""accuracy"": 0.8666666666666667}, ""y1_a0"": {""n"": 48, ""accuracy"": 0.7708333333333334}, ""y1_a1"": {""n"": 380, ""accuracy"": 0.8026315789473685}}",0.5867916797901359
corr,tube,raddino_518,dfr,0.75,456,test_rev,0.8902742986493121,0.8901821286283438,0.8825667671648811,1551,428,1039,0.8517085751128304,0.836864706518754,0.8015267175572519,"{""y0_a0"": {""n"": 119, ""accuracy"": 0.8571428571428571}, ""y0_a1"": {""n"": 1004, ""accuracy"": 0.8715139442231076}, ""y1_a0"": {""n"": 393, ""accuracy"": 0.8015267175572519}, ""y1_a1"": {""n"": 35, ""accuracy"": 0.8285714285714286}}",0.5867916797901359
corr,tube,raddino_518,leace,0.75,456,clean,0.9124403924734314,,0.9124403924734314,1551,428,0,0.8413926499032882,0.8449236857216568,,"{""y0_a0"": {""n"": 1123, ""accuracy"": 0.8370436331255565}, ""y0_a1"": {""n"": 0, ""accuracy"": NaN}, ""y1_a0"": {""n"": 428, ""accuracy"": 0.852803738317757}, ""y1_a1"": {""n"": 0, ""accuracy"": NaN}}",0.43591324344848675
corr,tube,raddino_518,leace,0.75,456,test_corr,0.9057056782150614,0.9037061403508772,0.9187022266533732,1551,428,500,0.839458413926499,0.842142001148459,0.8333333333333334,"{""y0_a0"": {""n"": 1003, ""accuracy"": 0.8354935194416749}, ""y0_a1"": {""n"": 120, ""accuracy"": 0.8416666666666667}, ""y1_a0"": {""n"": 48, ""accuracy"": 0.8333333333333334}, ""y1_a1"": {""n"": 380, ""accuracy"": 0.85}}",0.43591324344848675
corr,tube,raddino_518,leace,0.75,456,test_rev,0.9088681019631993,0.9079396698918611,0.9006992109821027,1551,428,1039,0.8336557059961315,0.8410268306688526,0.8067226890756303,"{""y0_a0"": {""n"": 119, ""accuracy"": 0.8067226890756303}, ""y0_a1"": {""n"": 1004, ""accuracy"": 0.8266932270916335}, ""y1_a0"": {""n"": 393, ""accuracy"": 0.8575063613231552}, ""y1_a1"": {""n"": 35, ""accuracy"": 0.8571428571428571}}",0.43591324344848675
corr,tube,raddino_518,i2e,0.75,456,clean,0.9077924617804445,,0.9077924617804445,1551,428,0,0.813023855577047,0.8303942210867087,,"{""y0_a0"": {""n"": 1123, ""accuracy"": 0.7916295636687445}, ""y0_a1"": {""n"": 0, ""accuracy"": NaN}, ""y1_a0"": {""n"": 428, ""accuracy"": 0.8691588785046729}, ""y1_a1"": {""n"": 0, ""accuracy"": NaN}}",0.39926569639815646
corr,tube,raddino_518,i2e,0.75,456,test_corr,0.9060926590158204,0.9054605263157895,0.923562645397142,1551,428,500,0.8136686009026435,0.8330084220337713,0.7876370887337986,"{""y0_a0"": {""n"": 1003, ""accuracy"": 0.7876370887337986}, ""y0_a1"": {""n"": 120, ""accuracy"": 0.8083333333333333}, ""y1_a0"": {""n"": 48, ""accuracy"": 0.8333333333333334}, ""y1_a1"": {""n"": 380, ""accuracy"": 0.881578947368421}}",0.39926569639815646
corr,tube,raddino_518,i2e,0.75,456,test_rev,0.9074075615216253,0.8925156516789983,0.8961233348301152,1551,428,1039,0.8156028368794326,0.833621141634973,0.7647058823529411,"{""y0_a0"": {""n"": 119, ""accuracy"": 0.7647058823529411}, ""y0_a1"": {""n"": 1004, ""accuracy"": 0.796812749003984}, ""y1_a0"": {""n"": 393, ""accuracy"": 0.8753180661577609}, ""y1_a1"": {""n"": 35, ""accuracy"": 0.8571428571428571}}",0.39926569639815646
corr,tube,raddino_518,i2e_balanced,0.75,456,clean,0.9038311099275139,,0.9038311099275139,1551,428,0,0.8110896196002579,0.829781501485507,,"{""y0_a0"": {""n"": 1123, ""accuracy"": 0.7880676758682101}, ""y0_a1"": {""n"": 0, ""accuracy"": NaN}, ""y1_a0"": {""n"": 428, ""accuracy"": 0.8714953271028038}, ""y1_a1"": {""n"": 0, ""accuracy"": NaN}}",0.40241472489939906
corr,tube,raddino_518,i2e_balanced,0.75,456,test_corr,0.9021063406596149,0.8991666666666667,0.9284646061814557,1551,428,500,0.8110896196002579,0.829781501485507,0.7846460618145563,"{""y0_a0"": {""n"": 1003, ""accuracy"": 0.7846460618145563}, ""y0_a1"": {""n"": 120, ""accuracy"": 0.8166666666666667}, ""y1_a0"": {""n"": 48, ""accuracy"": 0.875}, ""y1_a1"": {""n"": 380, ""accuracy"": 0.8710526315789474}}",0.40241472489939906
corr,tube,raddino_518,i2e_balanced,0.75,456,test_rev,0.9042513793993059,0.885600455321571,0.8888318686253127,1551,428,1039,0.8149580915538363,0.8324529173359076,0.7478991596638656,"{""y0_a0"": {""n"": 119, ""accuracy"": 0.7478991596638656}, ""y0_a1"": {""n"": 1004, ""accuracy"": 0.798804780876494}, ""y1_a0"": {""n"": 393, ""accuracy"": 0.8753180661577609}, ""y1_a1"": {""n"": 35, ""accuracy"": 0.8285714285714286}}",0.40241472489939906
corr,tube,raddino_518,i2e_rank1,0.75,456,clean,0.9111650202644785,,0.9111650202644785,1551,428,0,0.8330109606705351,0.8456425129617763,,"{""y0_a0"": {""n"": 1123, ""accuracy"": 0.8174532502226179}, ""y0_a1"": {""n"": 0, ""accuracy"": NaN}, ""y1_a0"": {""n"": 428, ""accuracy"": 0.8738317757009346}, ""y1_a1"": {""n"": 0, ""accuracy"": NaN}}",0.414605897644837
corr,tube,raddino_518,i2e_rank1,0.75,456,test_corr,0.9112295170646049,0.9051315789473685,0.9231056829511466,1551,428,500,0.8317214700193424,0.8447520410116427,0.8155533399800599,"{""y0_a0"": {""n"": 1003, ""accuracy"": 0.8155533399800599}, ""y0_a1"": {""n"": 120, ""accuracy"": 0.8166666666666667}, ""y1_a0"": {""n"": 48, ""accuracy"": 0.8958333333333334}, ""y1_a1"": {""n"": 380, ""accuracy"": 0.8710526315789474}}",0.414605897644837
corr,tube,raddino_518,i2e_rank1,0.75,456,test_rev,0.9019835886851808,0.8865395560614684,0.9020463147090897,1551,428,1039,0.8272082527401676,0.8423583775101738,0.7815126050420168,"{""y0_a0"": {""n"": 119, ""accuracy"": 0.7815126050420168}, ""y0_a1"": {""n"": 1004, ""accuracy"": 0.8117529880478087}, ""y1_a0"": {""n"": 393, ""accuracy"": 0.8778625954198473}, ""y1_a1"": {""n"": 35, ""accuracy"": 0.8571428571428571}}",0.414605897644837
corr,tube,raddino_518,insert_aug,0.75,456,clean,0.9106428042376479,,0.9106428042376479,1551,428,0,0.8110896196002579,0.8341194314294987,,"{""y0_a0"": {""n"": 1123, ""accuracy"": 0.7827248441674087}, ""y0_a1"": {""n"": 0, ""accuracy"": NaN}, ""y1_a0"": {""n"": 428, ""accuracy"": 0.8855140186915887}, ""y1_a1"": {""n"": 0, ""accuracy"": NaN}}",0.2898213775149062
corr,tube,raddino_518,insert_aug,0.75,456,test_corr,0.9526863957523656,0.8946491228070176,0.921714024592888,1551,428,500,0.7891682785299806,0.8435630112931817,0.25,"{""y0_a0"": {""n"": 1003, ""accuracy"": 0.7786640079760718}, ""y0_a1"": {""n"": 120, ""accuracy"": 0.25}, ""y1_a0"": {""n"": 48, ""accuracy"": 0.9166666666666666}, ""y1_a1"": {""n"": 380, ""accuracy"": 0.9710526315789474}}",0.2898213775149062
corr,tube,raddino_518,insert_aug,0.75,456,test_rev,0.7889539867344646,0.8404097894137734,0.9024098188893879,1551,428,1039,0.4455190199871051,0.5838395985386273,0.21812749003984064,"{""y0_a0"": {""n"": 119, ""accuracy"": 0.7563025210084033}, ""y0_a1"": {""n"": 1004, ""accuracy"": 0.21812749003984064}, ""y1_a0"": {""n"": 393, ""accuracy"": 0.8905852417302799}, ""y1_a1"": {""n"": 35, ""accuracy"": 0.9142857142857143}}",0.2898213775149062
corr,tube,raddino_518,mte,0.75,456,clean,0.902474596582918,,0.902474596582918,1551,428,0,0.8104448742746615,0.8264443122144456,,"{""y0_a0"": {""n"": 1123, ""accuracy"": 0.7907390917186109}, ""y0_a1"": {""n"": 0, ""accuracy"": NaN}, ""y1_a0"": {""n"": 428, ""accuracy"": 0.8621495327102804}, ""y1_a1"": {""n"": 0, ""accuracy"": NaN}}",0.3392975379577286
corr,tube,raddino_518,mte,0.75,456,test_corr,0.9030717121195728,0.9046491228070176,0.9080674642738451,1551,428,500,0.8110896196002579,0.8268895481895124,0.7916251246261217,"{""y0_a0"": {""n"": 1003, ""accuracy"": 0.7916251246261217}, ""y0_a1"": {""n"": 120, ""accuracy"": 0.7916666666666666}, ""y1_a0"": {""n"": 48, ""accuracy"": 0.8541666666666666}, ""y1_a1"": {""n"": 380, ""accuracy"": 0.8631578947368421}}",0.3392975379577286
corr,tube,raddino_518,mte,0.75,456,test_rev,0.9024205024924894,0.883494593056346,0.8847264096478286,1551,428,1039,0.8085106382978723,0.8251086042892453,0.7310924369747899,"{""y0_a0"": {""n"": 119, ""accuracy"": 0.7310924369747899}, ""y0_a1"": {""n"": 1004, ""accuracy"": 0.7948207171314741}, ""y1_a0"": {""n"": 393, ""accuracy"": 0.8676844783715013}, ""y1_a1"": {""n"": 35, ""accuracy"": 0.8}}",0.3392975379577286
corr,tube,raddino_518,mte_balanced,0.75,456,clean,0.8928937009512237,,0.8928937009512237,1551,428,0,0.8091553836234687,0.8183239570243257,,"{""y0_a0"": {""n"": 1123, ""accuracy"": 0.7978628673196795}, ""y0_a1"": {""n"": 0, ""accuracy"": NaN}, ""y1_a0"": {""n"": 428, ""accuracy"": 0.8387850467289719}, ""y1_a1"": {""n"": 0, ""accuracy"": NaN}}",0.42110009376178775
corr,tube,raddino_518,mte_balanced,0.75,456,test_corr,0.8942335699603032,0.8971271929824562,0.900610667996012,1551,428,500,0.8085106382978723,0.8171557327252603,0.7916666666666666,"{""y0_a0"": {""n"": 1003, ""accuracy"": 0.7986041874376869}, ""y0_a1"": {""n"": 120, ""accuracy"": 0.7916666666666666}, ""y1_a0"": {""n"": 48, ""accuracy"": 0.8333333333333334}, ""y1_a1"": {""n"": 380, ""accuracy"": 0.8368421052631579}}",0.42110009376178775
corr,tube,raddino_518,mte_balanced,0.75,456,test_rev,0.893193298990521,0.8870802504268639,0.8721962067269656,1551,428,1039,0.813023855577047,0.8209953728747263,0.7647058823529411,"{""y0_a0"": {""n"": 119, ""accuracy"": 0.7647058823529411}, ""y0_a1"": {""n"": 1004, ""accuracy"": 0.8077689243027888}, ""y1_a0"": {""n"": 393, ""accuracy"": 0.8422391857506362}, ""y1_a1"": {""n"": 35, ""accuracy"": 0.8}}",0.42110009376178775
corr,tube,raddino_518,ui2e,0.75,456,clean,0.901151371909355,,0.901151371909355,1551,428,0,0.8323662153449387,0.8343524521267299,,"{""y0_a0"": {""n"": 1123, ""accuracy"": 0.8299198575244879}, ""y0_a1"": {""n"": 0, ""accuracy"": NaN}, ""y1_a0"": {""n"": 428, ""accuracy"": 0.8387850467289719}, ""y1_a1"": {""n"": 0, ""accuracy"": NaN}}",0.4312642944342782
corr,tube,raddino_518,ui2e,0.75,456,test_corr,0.9147019415617379,0.8996052631578946,0.9162097042206714,1551,428,500,0.839458413926499,0.8515408493604414,0.8,"{""y0_a0"": {""n"": 1003, ""accuracy"": 0.827517447657029}, ""y0_a1"": {""n"": 120, ""accuracy"": 0.8}, ""y1_a0"": {""n"": 48, ""accuracy"": 0.8333333333333334}, ""y1_a1"": {""n"": 380, ""accuracy"": 0.8842105263157894}}",0.4312642944342782
corr,tube,raddino_518,ui2e,0.75,456,test_rev,0.8814632035352568,0.8839783722253842,0.888938781619518,1551,428,1039,0.8001289490651193,0.8120906533733907,0.773109243697479,"{""y0_a0"": {""n"": 119, ""accuracy"": 0.773109243697479}, ""y0_a1"": {""n"": 1004, ""accuracy"": 0.7868525896414342}, ""y1_a0"": {""n"": 393, ""accuracy"": 0.8422391857506362}, ""y1_a1"": {""n"": 35, ""accuracy"": 0.8}}",0.4312642944342782
corr,tube,raddino_518,ui2e_balanced,0.75,456,clean,0.8995139854029178,,0.8995139854029178,1551,428,0,0.8330109606705351,0.8340746997777981,,"{""y0_a0"": {""n"": 1123, ""accuracy"": 0.8317008014247551}, ""y0_a1"": {""n"": 0, ""accuracy"": NaN}, ""y1_a0"": {""n"": 428, ""accuracy"": 0.8364485981308412}, ""y1_a1"": {""n"": 0, ""accuracy"": NaN}}",0.45081338106394947
corr,tube,raddino_518,ui2e_balanced,0.75,456,test_corr,0.8957690099117018,0.8949342105263157,0.9219009637753406,1551,428,500,0.8323662153449387,0.8329064754787328,0.8305084745762712,"{""y0_a0"": {""n"": 1003, ""accuracy"": 0.8305084745762712}, ""y0_a1"": {""n"": 120, ""accuracy"": 0.8416666666666667}, ""y1_a0"": {""n"": 48, ""accuracy"": 0.8333333333333334}, ""y1_a1"": {""n"": 380, ""accuracy"": 0.8342105263157895}}",0.45081338106394947
corr,tube,raddino_518,ui2e_balanced,0.75,456,test_rev,0.9012595600902124,0.8860557768924303,0.8829088887463382,1551,428,1039,0.8381689232753062,0.8376365875783325,0.7899159663865546,"{""y0_a0"": {""n"": 119, ""accuracy"": 0.7899159663865546}, ""y0_a1"": {""n"": 1004, ""accuracy"": 0.8446215139442231}, ""y1_a0"": {""n"": 393, ""accuracy"": 0.8396946564885496}, ""y1_a1"": {""n"": 35, ""accuracy"": 0.8}}",0.45081338106394947
corr,tube,raddino_518,umte,0.75,456,clean,0.8891383227503099,,0.8891383227503099,1551,428,0,0.8027079303675049,0.8239934338096387,,"{""y0_a0"": {""n"": 1123, ""accuracy"": 0.7764915405164737}, ""y0_a1"": {""n"": 0, ""accuracy"": NaN}, ""y1_a0"": {""n"": 428, ""accuracy"": 0.8714953271028038}, ""y1_a1"": {""n"": 0, ""accuracy"": NaN}}",0.33381217886319564
corr,tube,raddino_518,umte,0.75,456,test_corr,0.8999633824618637,0.8916447368421052,0.8964356929212363,1551,428,500,0.8033526756931012,0.829499588052696,0.7333333333333333,"{""y0_a0"": {""n"": 1003, ""accuracy"": 0.7756729810568295}, ""y0_a1"": {""n"": 120, ""accuracy"": 0.7333333333333333}, ""y1_a0"": {""n"": 48, ""accuracy"": 0.8541666666666666}, ""y1_a1"": {""n"": 380, ""accuracy"": 0.8921052631578947}}",0.33381217886319564
corr,tube,raddino_518,umte,0.75,456,test_rev,0.874813791496409,0.8743027888446215,0.8685397823251438,1551,428,1039,0.769825918762089,0.8012863990812327,0.7226890756302521,"{""y0_a0"": {""n"": 119, ""accuracy"": 0.7226890756302521}, ""y0_a1"": {""n"": 1004, ""accuracy"": 0.7320717131474104}, ""y1_a0"": {""n"": 393, ""accuracy"": 0.8702290076335878}, ""y1_a1"": {""n"": 35, ""accuracy"": 0.8857142857142857}}",0.33381217886319564
corr,tube,raddino_518,umte_balanced,0.75,456,clean,0.8846401910769718,,0.8846401910769718,1551,428,0,0.8201160541586073,0.8244469919524637,,"{""y0_a0"": {""n"": 1123, ""accuracy"": 0.8147818343722173}, ""y0_a1"": {""n"": 0, ""accuracy"": NaN}, ""y1_a0"": {""n"": 428, ""accuracy"": 0.8341121495327103}, ""y1_a1"": {""n"": 0, ""accuracy"": NaN}}",0.40950542873347107
corr,tube,raddino_518,umte_balanced,0.75,456,test_corr,0.8817295129035212,0.8919736842105264,0.8877741774675972,1551,428,500,0.8188265635074146,0.8206645667063357,0.8125,"{""y0_a0"": {""n"": 1003, ""accuracy"": 0.8155533399800599}, ""y0_a1"": {""n"": 120, ""accuracy"": 0.825}, ""y1_a0"": {""n"": 48, ""accuracy"": 0.8125}, ""y1_a1"": {""n"": 380, ""accuracy"": 0.8263157894736842}}",0.40950542873347107
corr,tube,raddino_518,umte_balanced,0.75,456,test_rev,0.8908859779795442,0.8686681844052361,0.8650544187140505,1551,428,1039,0.8291424887169568,0.8299573072794002,0.7714285714285715,"{""y0_a0"": {""n"": 119, ""accuracy"": 0.773109243697479}, ""y0_a1"": {""n"": 1004, ""accuracy"": 0.8346613545816733}, ""y1_a0"": {""n"": 393, ""accuracy"": 0.8371501272264631}, ""y1_a1"": {""n"": 35, ""accuracy"": 0.7714285714285715}}",0.40950542873347107
corr,tube,raddino_518,erm,1.0,42,clean,0.9063964181389969,,0.9063964181389969,1551,428,0,0.8446163765312702,0.8312441224690207,,"{""y0_a0"": {""n"": 1123, ""accuracy"": 0.8610863757791629}, ""y0_a1"": {""n"": 0, ""accuracy"": NaN}, ""y1_a0"": {""n"": 428, ""accuracy"": 0.8014018691588785}, ""y1_a1"": {""n"": 0, ""accuracy"": NaN}}",0.21112630990573109
corr,tube,raddino_518,erm,1.0,42,test_corr,0.9691497241201389,0.8385447172786662,0.9393424036281178,1551,428,501,0.8388136686009027,0.8829070996413146,0.0782608695652174,"{""y0_a0"": {""n"": 1008, ""accuracy"": 0.8650793650793651}, ""y0_a1"": {""n"": 115, ""accuracy"": 0.0782608695652174}, ""y1_a0"": {""n"": 42, ""accuracy"": 0.8571428571428571}, ""y1_a1"": {""n"": 386, ""accuracy"": 0.9948186528497409}}",0.21112630990573109
corr,tube,raddino_518,erm,1.0,42,test_rev,0.5967764083188389,0.8621312897628687,0.9169449241988101,1551,428,1030,0.34300451321727915,0.49063444045905075,0.06477732793522267,"{""y0_a0"": {""n"": 135, ""accuracy"": 0.8666666666666667}, ""y0_a1"": {""n"": 988, ""accuracy"": 0.06477732793522267}, ""y1_a0"": {""n"": 386, ""accuracy"": 0.8005181347150259}, ""y1_a1"": {""n"": 42, ""accuracy"": 1.0}}",0.21112630990573109
corr,tube,raddino_518,mask,1.0,42,clean,0.9029843293581112,,0.9029843293581112,1551,428,0,0.8233397807865893,0.8194432885878113,,"{""y0_a0"": {""n"": 1123, ""accuracy"": 0.8281389136242209}, ""y0_a1"": {""n"": 0, ""accuracy"": NaN}, ""y1_a0"": {""n"": 428, ""accuracy"": 0.8107476635514018}, ""y1_a1"": {""n"": 0, ""accuracy"": NaN}}",0.2502814474098284
corr,tube,raddino_518,mask,1.0,42,test_corr,0.9569098958896812,0.8342870015769317,0.9385865457294028,1551,428,501,0.8278529980657641,0.8724461347691848,0.24347826086956523,"{""y0_a0"": {""n"": 1008, ""accuracy"": 0.8333333333333334}, ""y0_a1"": {""n"": 115, ""accuracy"": 0.24347826086956523}, ""y1_a0"": {""n"": 42, ""accuracy"": 0.8809523809523809}, ""y1_a1"": {""n"": 386, ""accuracy"": 0.9818652849740933}}",0.2502814474098284
corr,tube,raddino_518,mask,1.0,42,test_rev,0.7083496309118599,0.8593117408906882,0.9068508923431202,1551,428,1030,0.4326241134751773,0.5532452293173326,0.21052631578947367,"{""y0_a0"": {""n"": 135, ""accuracy"": 0.8222222222222222}, ""y0_a1"": {""n"": 988, ""accuracy"": 0.21052631578947367}, ""y1_a0"": {""n"": 386, ""accuracy"": 0.8082901554404145}, ""y1_a1"": {""n"": 42, ""accuracy"": 0.9523809523809523}}",0.2502814474098284
corr,tube,raddino_518,inpaint,1.0,42,clean,0.9156985211507893,,0.9156985211507893,1551,428,0,0.819471308833011,0.8427994524013616,,"{""y0_a0"": {""n"": 1123, ""accuracy"": 0.7907390917186109}, ""y0_a1"": {""n"": 0, ""accuracy"": NaN}, ""y1_a0"": {""n"": 428, ""accuracy"": 0.8948598130841121}, ""y1_a1"": {""n"": 0, ""accuracy"": NaN}}",0.3932774766712771
corr,tube,raddino_518,inpaint,1.0,42,test_corr,0.9170155041985336,0.885942779905384,0.9408304988662132,1551,428,501,0.819471308833011,0.8427994524013616,0.7304347826086957,"{""y0_a0"": {""n"": 1008, ""accuracy"": 0.7976190476190477}, ""y0_a1"": {""n"": 115, ""accuracy"": 0.7304347826086957}, ""y1_a0"": {""n"": 42, ""accuracy"": 0.9523809523809523}, ""y1_a1"": {""n"": 386, ""accuracy"": 0.8886010362694301}}",0.3932774766712771
corr,tube,raddino_518,inpaint,1.0,42,test_rev,0.9137885836502692,0.9273423944476575,0.9228938783342928,1551,428,1030,0.8156028368794326,0.8401280365509608,0.7803643724696356,"{""y0_a0"": {""n"": 135, ""accuracy"": 0.8222222222222222}, ""y0_a1"": {""n"": 988, ""accuracy"": 0.7803643724696356}, ""y1_a0"": {""n"": 386, ""accuracy"": 0.8886010362694301}, ""y1_a1"": {""n"": 42, ""accuracy"": 0.9523809523809523}}",0.3932774766712771
corr,tube,raddino_518,balanced,1.0,42,clean,0.9131977097394329,,0.9131977097394329,1551,428,0,0.8523533204384268,0.8459858023818044,,"{""y0_a0"": {""n"": 1123, ""accuracy"": 0.8601959038290294}, ""y0_a1"": {""n"": 0, ""accuracy"": NaN}, ""y1_a0"": {""n"": 428, ""accuracy"": 0.8317757009345794}, ""y1_a1"": {""n"": 0, ""accuracy"": NaN}}",0.4867765137216932
corr,tube,raddino_518,balanced,1.0,42,test_corr,0.9012200297933607,0.8765712998423068,0.9365315570672713,1551,428,501,0.8478401031592521,0.8363622556403492,0.8031088082901554,"{""y0_a0"": {""n"": 1008, ""accuracy"": 0.8640873015873016}, ""y0_a1"": {""n"": 115, ""accuracy"": 0.8434782608695652}, ""y1_a0"": {""n"": 42, ""accuracy"": 0.8809523809523809}, ""y1_a1"": {""n"": 386, ""accuracy"": 0.8031088082901554}}",0.4867765137216932
corr,tube,raddino_518,balanced,1.0,42,test_rev,0.9213139038456738,0.9341141314825525,0.9225676453655729,1551,428,1030,0.8626692456479691,0.8538325663068715,0.8316062176165803,"{""y0_a0"": {""n"": 135, ""accuracy"": 0.8962962962962963}, ""y0_a1"": {""n"": 988, ""accuracy"": 0.8704453441295547}, ""y1_a0"": {""n"": 386, ""accuracy"": 0.8316062176165803}, ""y1_a1"": {""n"": 42, ""accuracy"": 0.8571428571428571}}",0.4867765137216932
corr,tube,raddino_518,dfr,1.0,42,clean,0.8993163339186591,,0.8993163339186591,1551,428,0,0.8491295938104448,0.8358067509424856,,"{""y0_a0"": {""n"": 1123, ""accuracy"": 0.8655387355298308}, ""y0_a1"": {""n"": 0, ""accuracy"": NaN}, ""y1_a0"": {""n"": 428, ""accuracy"": 0.8060747663551402}, ""y1_a1"": {""n"": 0, ""accuracy"": NaN}}",0.5675058324921263
corr,tube,raddino_518,dfr,1.0,42,test_corr,0.8983301570393056,0.867312457760757,0.9171390778533636,1551,428,501,0.8478401031592521,0.8313013373723588,0.7875647668393783,"{""y0_a0"": {""n"": 1008, ""accuracy"": 0.871031746031746}, ""y0_a1"": {""n"": 115, ""accuracy"": 0.8434782608695652}, ""y1_a0"": {""n"": 42, ""accuracy"": 0.8571428571428571}, ""y1_a1"": {""n"": 386, ""accuracy"": 0.7875647668393783}}",0.5675058324921263
corr,tube,raddino_518,dfr,1.0,42,test_rev,0.9009599620509151,0.9148592635434741,0.9056994818652849,1551,428,1030,0.8581560283687943,0.8420400545934206,0.8031088082901554,"{""y0_a0"": {""n"": 135, ""accuracy"": 0.8814814814814815}, ""y0_a1"": {""n"": 988, ""accuracy"": 0.8775303643724697}, ""y1_a0"": {""n"": 386, ""accuracy"": 0.8031088082901554}, ""y1_a1"": {""n"": 42, ""accuracy"": 0.8333333333333334}}",0.5675058324921263
corr,tube,raddino_518,leace,1.0,42,clean,0.9085144098334734,,0.9085144098334734,1551,428,0,0.8323662153449387,0.842305323690715,,"{""y0_a0"": {""n"": 1123, ""accuracy"": 0.8201246660730187}, ""y0_a1"": {""n"": 0, ""accuracy"": NaN}, ""y1_a0"": {""n"": 428, ""accuracy"": 0.8644859813084113}, ""y1_a1"": {""n"": 0, ""accuracy"": NaN}}",0.41187282208382064
corr,tube,raddino_518,leace,1.0,42,test_corr,0.9029926515258695,0.8665690470826762,0.9405942932728647,1551,428,501,0.8304319793681496,0.8416926040895132,0.7391304347826086,"{""y0_a0"": {""n"": 1008, ""accuracy"": 0.8253968253968254}, ""y0_a1"": {""n"": 115, ""accuracy"": 0.7391304347826086}, ""y1_a0"": {""n"": 42, ""accuracy"": 0.9285714285714286}, ""y1_a1"": {""n"": 386, ""accuracy"": 0.8601036269430051}}",0.41187282208382064
corr,tube,raddino_518,leace,1.0,42,test_rev,0.9019440583883289,0.9231492192018508,0.9156591824985607,1551,428,1030,0.816247582205029,0.831897412638044,0.7904858299595142,"{""y0_a0"": {""n"": 135, ""accuracy"": 0.8444444444444444}, ""y0_a1"": {""n"": 988, ""accuracy"": 0.7904858299595142}, ""y1_a0"": {""n"": 386, ""accuracy"": 0.8575129533678757}, ""y1_a1"": {""n"": 42, ""accuracy"": 0.9523809523809523}}",0.41187282208382064
corr,tube,raddino_518,i2e,1.0,42,clean,0.9065337339070081,,0.9065337339070081,1551,428,0,0.816247582205029,0.8311744243140453,,"{""y0_a0"": {""n"": 1123, ""accuracy"": 0.7978628673196795}, ""y0_a1"": {""n"": 0, ""accuracy"": NaN}, ""y1_a0"": {""n"": 428, ""accuracy"": 0.8644859813084113}, ""y1_a1"": {""n"": 0, ""accuracy"": NaN}}",0.4073239740267357
corr,tube,raddino_518,i2e,1.0,42,test_corr,0.9055766846148086,0.8763234962829466,0.92833522297808,1551,428,501,0.8207607994842038,0.8386290060835047,0.7478260869565218,"{""y0_a0"": {""n"": 1008, ""accuracy"": 0.8045634920634921}, ""y0_a1"": {""n"": 115, ""accuracy"": 0.7478260869565218}, ""y1_a0"": {""n"": 42, ""accuracy"": 0.9047619047619048}, ""y1_a1"": {""n"": 386, ""accuracy"": 0.8756476683937824}}",0.4073239740267357
corr,tube,raddino_518,i2e,1.0,42,test_rev,0.9047590316325596,0.9307644110275689,0.91270389560545,1551,428,1030,0.8214055448098001,0.8361822887625769,0.7995951417004049,"{""y0_a0"": {""n"": 135, ""accuracy"": 0.8296296296296296}, ""y0_a1"": {""n"": 988, ""accuracy"": 0.7995951417004049}, ""y1_a0"": {""n"": 386, ""accuracy"": 0.8601036269430051}, ""y1_a1"": {""n"": 42, ""accuracy"": 0.9523809523809523}}",0.4073239740267357
corr,tube,raddino_518,i2e_balanced,1.0,42,clean,0.9097232047003604,,0.9097232047003604,1551,428,0,0.854287556415216,0.8371996737710239,,"{""y0_a0"": {""n"": 1123, ""accuracy"": 0.8753339269813001}, ""y0_a1"": {""n"": 0, ""accuracy"": NaN}, ""y1_a0"": {""n"": 428, ""accuracy"": 0.7990654205607477}, ""y1_a1"": {""n"": 0, ""accuracy"": NaN}}",0.4961908199487846
corr,tube,raddino_518,i2e_balanced,1.0,42,test_corr,0.9069893725917726,0.8791619734174362,0.9296107331821618,1551,428,501,0.8529980657640233,0.8341402368488944,0.7857142857142857,"{""y0_a0"": {""n"": 1008, ""accuracy"": 0.8809523809523809}, ""y0_a1"": {""n"": 115, ""accuracy"": 0.8347826086956521}, ""y1_a0"": {""n"": 42, ""accuracy"": 0.7857142857142857}, ""y1_a1"": {""n"": 386, ""accuracy"": 0.7927461139896373}}",0.4961908199487846
corr,tube,raddino_518,i2e_balanced,1.0,42,test_rev,0.9097003187390251,0.9368131868131868,0.9203415851084246,1551,428,1030,0.8575112830431979,0.8394258536463578,0.7927461139896373,"{""y0_a0"": {""n"": 135, ""accuracy"": 0.9259259259259259}, ""y0_a1"": {""n"": 988, ""accuracy"": 0.8734817813765182}, ""y1_a0"": {""n"": 386, ""accuracy"": 0.7927461139896373}, ""y1_a1"": {""n"": 42, ""accuracy"": 0.8571428571428571}}",0.4961908199487846
corr,tube,raddino_518,i2e_rank1,1.0,42,clean,0.9100810579139653,,0.9100810579139653,1551,428,0,0.8381689232753062,0.8455894591423174,,"{""y0_a0"": {""n"": 1123, ""accuracy"": 0.8290293855743545}, ""y0_a1"": {""n"": 0, ""accuracy"": NaN}, ""y1_a0"": {""n"": 428, ""accuracy"": 0.8621495327102804}, ""y1_a1"": {""n"": 0, ""accuracy"": NaN}}",0.40487835145320916
corr,tube,raddino_518,i2e_rank1,1.0,42,test_corr,0.9329150057006849,0.8624464969587744,0.9372165532879818,1551,428,501,0.8368794326241135,0.8533748470801674,0.6347826086956522,"{""y0_a0"": {""n"": 1008, ""accuracy"": 0.8373015873015873}, ""y0_a1"": {""n"": 115, ""accuracy"": 0.6347826086956522}, ""y1_a0"": {""n"": 42, ""accuracy"": 0.9285714285714286}, ""y1_a1"": {""n"": 386, ""accuracy"": 0.8860103626943006}}",0.40487835145320916
corr,tube,raddino_518,i2e_rank1,1.0,42,test_rev,0.8646378608699995,0.9062560246770773,0.9179620034542314,1551,428,1030,0.754996776273372,0.7910459716546967,0.6882591093117408,"{""y0_a0"": {""n"": 135, ""accuracy"": 0.8740740740740741}, ""y0_a1"": {""n"": 988, ""accuracy"": 0.6882591093117408}, ""y1_a0"": {""n"": 386, ""accuracy"": 0.8652849740932642}, ""y1_a1"": {""n"": 42, ""accuracy"": 0.9285714285714286}}",0.40487835145320916
corr,tube,raddino_518,insert_aug,1.0,42,clean,0.9101767628431855,,0.9101767628431855,1551,428,0,0.8156028368794326,0.8314521766629772,,"{""y0_a0"": {""n"": 1123, ""accuracy"": 0.7960819234194123}, ""y0_a1"": {""n"": 0, ""accuracy"": NaN}, ""y1_a0"": {""n"": 428, ""accuracy"": 0.866822429906542}, ""y1_a1"": {""n"": 0, ""accuracy"": NaN}}",0.2721989175463423
corr,tube,raddino_518,insert_aug,1.0,42,test_corr,0.9635322608833148,0.8489975219644064,0.9415627362055933,1551,428,501,0.8033526756931012,0.8613110743086358,0.12173913043478261,"{""y0_a0"": {""n"": 1008, ""accuracy"": 0.8015873015873016}, ""y0_a1"": {""n"": 115, ""accuracy"": 0.12173913043478261}, ""y1_a0"": {""n"": 42, ""accuracy"": 0.9523809523809523}, ""y1_a1"": {""n"": 386, ""accuracy"": 0.9948186528497409}}",0.2721989175463423
corr,tube,raddino_518,insert_aug,1.0,42,test_rev,0.7184340176929287,0.876132639290534,0.9176165803108809,1551,428,1030,0.36041263700838166,0.5200075315618212,0.07489878542510121,"{""y0_a0"": {""n"": 135, ""accuracy"": 0.8148148148148148}, ""y0_a1"": {""n"": 988, ""accuracy"": 0.07489878542510121}, ""y1_a0"": {""n"": 386, ""accuracy"": 0.8626943005181347}, ""y1_a1"": {""n"": 42, ""accuracy"": 1.0}}",0.2721989175463423
corr,tube,raddino_518,mte,1.0,42,clean,0.9024475495377036,,0.9024475495377036,1551,428,0,0.8349451966473244,0.840471325970989,,"{""y0_a0"": {""n"": 1123, ""accuracy"": 0.8281389136242209}, ""y0_a1"": {""n"": 0, ""accuracy"": NaN}, ""y1_a0"": {""n"": 428, ""accuracy"": 0.852803738317757}, ""y1_a1"": {""n"": 0, ""accuracy"": NaN}}",0.38758000923612795
corr,tube,raddino_518,mte,1.0,42,test_corr,0.9033588269072329,0.8692948862356386,0.9320672713529857,1551,428,501,0.8349451966473244,0.840471325970989,0.7652173913043478,"{""y0_a0"": {""n"": 1008, ""accuracy"": 0.8353174603174603}, ""y0_a1"": {""n"": 115, ""accuracy"": 0.7652173913043478}, ""y1_a0"": {""n"": 42, ""accuracy"": 0.9047619047619048}, ""y1_a1"": {""n"": 386, ""accuracy"": 0.8471502590673575}}",0.38758000923612795
corr,tube,raddino_518,mte,1.0,42,test_rev,0.9023206364793902,0.9183776749566225,0.9126847054308194,1551,428,1030,0.8343004513217279,0.8400260899959222,0.8218623481781376,"{""y0_a0"": {""n"": 135, ""accuracy"": 0.8666666666666667}, ""y0_a1"": {""n"": 988, ""accuracy"": 0.8218623481781376}, ""y1_a0"": {""n"": 386, ""accuracy"": 0.8497409326424871}, ""y1_a1"": {""n"": 42, ""accuracy"": 0.8809523809523809}}",0.38758000923612795
corr,tube,raddino_518,mte_balanced,1.0,42,clean,0.898552775026839,,0.898552775026839,1551,428,0,0.842682140554481,0.8205095663318381,,"{""y0_a0"": {""n"": 1123, ""accuracy"": 0.8699910952804987}, ""y0_a1"": {""n"": 0, ""accuracy"": NaN}, ""y1_a0"": {""n"": 428, ""accuracy"": 0.7710280373831776}, ""y1_a1"": {""n"": 0, ""accuracy"": NaN}}",0.5045280594921253
corr,tube,raddino_518,mte_balanced,1.0,42,test_corr,0.8998364694035501,0.8662086055417887,0.9326105442176871,1551,428,501,0.8413926499032882,0.8188961060577059,0.7616580310880829,"{""y0_a0"": {""n"": 1008, ""accuracy"": 0.8740079365079365}, ""y0_a1"": {""n"": 115, ""accuracy"": 0.8260869565217391}, ""y1_a0"": {""n"": 42, ""accuracy"": 0.8333333333333334}, ""y1_a1"": {""n"": 386, ""accuracy"": 0.7616580310880829}}",0.5045280594921253
corr,tube,raddino_518,mte_balanced,1.0,42,test_rev,0.8990167358793618,0.9178716020821284,0.9112646325081558,1551,428,1030,0.8413926499032882,0.8203420827057031,0.7668393782383419,"{""y0_a0"": {""n"": 135, ""accuracy"": 0.9037037037037037}, ""y0_a1"": {""n"": 988, ""accuracy"": 0.8623481781376519}, ""y1_a0"": {""n"": 386, ""accuracy"": 0.7668393782383419}, ""y1_a1"": {""n"": 42, ""accuracy"": 0.8333333333333334}}",0.5045280594921253
corr,tube,raddino_518,ui2e,1.0,42,clean,0.9004814374048151,,0.9004814374048151,1551,428,0,0.8349451966473244,0.8332414427310025,,"{""y0_a0"": {""n"": 1123, ""accuracy"": 0.8370436331255565}, ""y0_a1"": {""n"": 0, ""accuracy"": NaN}, ""y1_a0"": {""n"": 428, ""accuracy"": 0.8294392523364486}, ""y1_a1"": {""n"": 0, ""accuracy"": NaN}}",0.4320789175758491
corr,tube,raddino_518,ui2e,1.0,42,test_corr,0.9250588793368897,0.8696553277765261,0.9161942554799698,1551,428,501,0.8452611218568665,0.8569939497840398,0.7130434782608696,"{""y0_a0"": {""n"": 1008, ""accuracy"": 0.8442460317460317}, ""y0_a1"": {""n"": 115, ""accuracy"": 0.7130434782608696}, ""y1_a0"": {""n"": 42, ""accuracy"": 0.8333333333333334}, ""y1_a1"": {""n"": 386, ""accuracy"": 0.8886010362694301}}",0.4320789175758491
corr,tube,raddino_518,ui2e,1.0,42,test_rev,0.8643507460823395,0.9218719876614614,0.9055843408175014,1551,428,1030,0.7807865892972276,0.79728759747339,0.7459514170040485,"{""y0_a0"": {""n"": 135, ""accuracy"": 0.8666666666666667}, ""y0_a1"": {""n"": 988, ""accuracy"": 0.7459514170040485}, ""y1_a0"": {""n"": 386, ""accuracy"": 0.8264248704663213}, ""y1_a1"": {""n"": 42, ""accuracy"": 0.9047619047619048}}",0.4320789175758491
corr,tube,raddino_518,ui2e_balanced,1.0,42,clean,0.8991145213505215,,0.8991145213505215,1551,428,0,0.8381689232753062,0.8253457860703557,,"{""y0_a0"": {""n"": 1123, ""accuracy"": 0.8539626001780944}, ""y0_a1"": {""n"": 0, ""accuracy"": NaN}, ""y1_a0"": {""n"": 428, ""accuracy"": 0.7967289719626168}, ""y1_a1"": {""n"": 0, ""accuracy"": NaN}}",0.481203651692332
corr,tube,raddino_518,ui2e_balanced,1.0,42,test_corr,0.8977496858381672,0.8695201621986934,0.9113520408163266,1551,428,501,0.8401031592520954,0.8281274706435532,0.8005181347150259,"{""y0_a0"": {""n"": 1008, ""accuracy"": 0.8591269841269841}, ""y0_a1"": {""n"": 115, ""accuracy"": 0.8173913043478261}, ""y1_a0"": {""n"": 42, ""accuracy"": 0.8095238095238095}, ""y1_a1"": {""n"": 386, ""accuracy"": 0.8005181347150259}}",0.481203651692332
corr,tube,raddino_518,ui2e_balanced,1.0,42,test_rev,0.8972461946887925,0.9284268363215731,0.9077720207253887,1551,428,1030,0.8388136686009027,0.8257910220454223,0.7927461139896373,"{""y0_a0"": {""n"": 135, ""accuracy"": 0.8740740740740741}, ""y0_a1"": {""n"": 988, ""accuracy"": 0.8522267206477733}, ""y1_a0"": {""n"": 386, ""accuracy"": 0.7927461139896373}, ""y1_a1"": {""n"": 42, ""accuracy"": 0.8333333333333334}}",0.481203651692332
corr,tube,raddino_518,umte,1.0,42,clean,0.8876486547215817,,0.8876486547215817,1551,428,0,0.8413926499032882,0.8333558725376786,,"{""y0_a0"": {""n"": 1123, ""accuracy"": 0.8512911843276937}, ""y0_a1"": {""n"": 0, ""accuracy"": NaN}, ""y1_a0"": {""n"": 428, ""accuracy"": 0.8154205607476636}, ""y1_a1"": {""n"": 0, ""accuracy"": NaN}}",0.417597084222497
corr,tube,raddino_518,umte,1.0,42,test_corr,0.9124091843443379,0.8487271908087407,0.9084939531368103,1551,428,501,0.8465506125080593,0.8499315501701883,0.7130434782608696,"{""y0_a0"": {""n"": 1008, ""accuracy"": 0.8571428571428571}, ""y0_a1"": {""n"": 115, ""accuracy"": 0.7130434782608696}, ""y1_a0"": {""n"": 42, ""accuracy"": 0.8095238095238095}, ""y1_a1"": {""n"": 386, ""accuracy"": 0.8626943005181347}}",0.417597084222497
corr,tube,raddino_518,umte,1.0,42,test_rev,0.8571062990487761,0.9114854443801812,0.8996161965073883,1551,428,1030,0.7981947130883301,0.8056940271801999,0.7763157894736842,"{""y0_a0"": {""n"": 135, ""accuracy"": 0.8814814814814815}, ""y0_a1"": {""n"": 988, ""accuracy"": 0.7763157894736842}, ""y1_a0"": {""n"": 386, ""accuracy"": 0.8134715025906736}, ""y1_a1"": {""n"": 42, ""accuracy"": 0.9047619047619048}}",0.417597084222497
corr,tube,raddino_518,umte_balanced,1.0,42,clean,0.8863836852223268,,0.8863836852223268,1551,428,0,0.8317214700193424,0.8078796364877123,,"{""y0_a0"": {""n"": 1123, ""accuracy"": 0.8610863757791629}, ""y0_a1"": {""n"": 0, ""accuracy"": NaN}, ""y1_a0"": {""n"": 428, ""accuracy"": 0.7546728971962616}, ""y1_a1"": {""n"": 0, ""accuracy"": NaN}}",0.5091552606397254
corr,tube,raddino_518,umte_balanced,1.0,42,test_corr,0.8848045538901973,0.8504618157242623,0.9127456538170824,1551,428,501,0.8297872340425532,0.804374963590516,0.7435233160621761,"{""y0_a0"": {""n"": 1008, ""accuracy"": 0.8660714285714286}, ""y0_a1"": {""n"": 115, ""accuracy"": 0.8173913043478261}, ""y1_a0"": {""n"": 42, ""accuracy"": 0.7857142857142857}, ""y1_a1"": {""n"": 386, ""accuracy"": 0.7435233160621761}}",0.5091552606397254
corr,tube,raddino_518,umte_balanced,1.0,42,test_rev,0.8893047661054752,0.9185945633314054,0.8983688351563999,1551,428,1030,0.8375241779497099,0.8118867602633133,0.7512953367875648,"{""y0_a0"": {""n"": 135, ""accuracy"": 0.8814814814814815}, ""y0_a1"": {""n"": 988, ""accuracy"": 0.8674089068825911}, ""y1_a0"": {""n"": 386, ""accuracy"": 0.7512953367875648}, ""y1_a1"": {""n"": 42, ""accuracy"": 0.7857142857142857}}",0.5091552606397254
corr,tube,raddino_518,erm,1.0,123,clean,0.9080213213937967,,0.9080213213937967,1551,428,0,0.8278529980657641,0.8348507419212556,,"{""y0_a0"": {""n"": 1123, ""accuracy"": 0.8192341941228851}, ""y0_a1"": {""n"": 0, ""accuracy"": NaN}, ""y1_a0"": {""n"": 428, ""accuracy"": 0.8504672897196262}, ""y1_a1"": {""n"": 0, ""accuracy"": NaN}}",0.1728746705169344
corr,tube,raddino_518,erm,1.0,123,test_corr,0.970042276612212,0.8628205128205129,0.9236367509230332,1551,428,517,0.8059316569954867,0.8623690298849044,0.042735042735042736,"{""y0_a0"": {""n"": 1006, ""accuracy"": 0.8170974155069582}, ""y0_a1"": {""n"": 117, ""accuracy"": 0.042735042735042736}, ""y1_a0"": {""n"": 28, ""accuracy"": 0.8928571428571429}, ""y1_a1"": {""n"": 400, ""accuracy"": 0.995}}",0.1728746705169344
corr,tube,raddino_518,erm,1.0,123,test_rev,0.6226167392082289,0.8946587537091989,0.9206606217616581,1551,428,1053,0.3359123146357189,0.5001966112132888,0.04945598417408507,"{""y0_a0"": {""n"": 112, ""accuracy"": 0.8928571428571429}, ""y0_a1"": {""n"": 1011, ""accuracy"": 0.04945598417408507}, ""y1_a0"": {""n"": 386, ""accuracy"": 0.8523316062176166}, ""y1_a1"": {""n"": 42, ""accuracy"": 1.0}}",0.1728746705169344
corr,tube,raddino_518,mask,1.0,123,clean,0.9053166168723629,,0.9053166168723629,1551,428,0,0.8330109606705351,0.8253988398898144,,"{""y0_a0"": {""n"": 1123, ""accuracy"": 0.8423864648263579}, ""y0_a1"": {""n"": 0, ""accuracy"": NaN}, ""y1_a0"": {""n"": 428, ""accuracy"": 0.8084112149532711}, ""y1_a1"": {""n"": 0, ""accuracy"": NaN}}",0.2859446377813301
corr,tube,raddino_518,mask,1.0,123,test_corr,0.9574404340842704,0.8663461538461539,0.9276483953422323,1551,428,517,0.8252740167633784,0.8670502492489243,0.2222222222222222,"{""y0_a0"": {""n"": 1006, ""accuracy"": 0.8379721669980119}, ""y0_a1"": {""n"": 117, ""accuracy"": 0.2222222222222222}, ""y1_a0"": {""n"": 28, ""accuracy"": 0.7857142857142857}, ""y1_a1"": {""n"": 400, ""accuracy"": 0.9725}}",0.2859446377813301
corr,tube,raddino_518,mask,1.0,123,test_rev,0.7316600228027397,0.9001460129056568,0.919180236861584,1551,428,1053,0.4622823984526112,0.5737260841704047,0.26310583580613256,"{""y0_a0"": {""n"": 112, ""accuracy"": 0.8839285714285714}, ""y0_a1"": {""n"": 1011, ""accuracy"": 0.26310583580613256}, ""y1_a0"": {""n"": 386, ""accuracy"": 0.805699481865285}, ""y1_a1"": {""n"": 42, ""accuracy"": 0.9761904761904762}}",0.2859446377813301
corr,tube,raddino_518,inpaint,1.0,123,clean,0.9157006016927289,,0.9157006016927289,1551,428,0,0.8188265635074146,0.8423542164262947,,"{""y0_a0"": {""n"": 1123, ""accuracy"": 0.7898486197684773}, ""y0_a1"": {""n"": 0, ""accuracy"": NaN}, ""y1_a0"": {""n"": 428, ""accuracy"": 0.8948598130841121}, ""y1_a1"": {""n"": 0, ""accuracy"": NaN}}",0.3928573020567619
corr,tube,raddino_518,inpaint,1.0,123,test_corr,0.917042551243748,0.9117735042735043,0.9270803748934962,1551,428,517,0.8168923275306254,0.8410185085010944,0.7833001988071571,"{""y0_a0"": {""n"": 1006, ""accuracy"": 0.7833001988071571}, ""y0_a1"": {""n"": 117, ""accuracy"": 0.8205128205128205}, ""y1_a0"": {""n"": 28, ""accuracy"": 0.9285714285714286}, ""y1_a1"": {""n"": 400, ""accuracy"": 0.8925}}",0.3928573020567619
corr,tube,raddino_518,inpaint,1.0,123,test_rev,0.9137636171469945,0.9243087937449955,0.9274380088823093,1551,428,1053,0.8156028368794326,0.8401280365509608,0.7754698318496538,"{""y0_a0"": {""n"": 112, ""accuracy"": 0.875}, ""y0_a1"": {""n"": 1011, ""accuracy"": 0.7754698318496538}, ""y1_a0"": {""n"": 386, ""accuracy"": 0.8937823834196891}, ""y1_a1"": {""n"": 42, ""accuracy"": 0.9047619047619048}}",0.3928573020567619
corr,tube,raddino_518,balanced,1.0,123,clean,0.9121615998535298,,0.9121615998535298,1551,428,0,0.8291424887169568,0.8451400620833716,,"{""y0_a0"": {""n"": 1123, ""accuracy"": 0.8094390026714159}, ""y0_a1"": {""n"": 0, ""accuracy"": NaN}, ""y1_a0"": {""n"": 428, ""accuracy"": 0.8808411214953271}, ""y1_a1"": {""n"": 0, ""accuracy"": NaN}}",0.4441456212541815
corr,tube,raddino_518,balanced,1.0,123,test_corr,0.8890467789049691,0.906965811965812,0.9311630218687873,1551,428,517,0.8246292714377821,0.8311785853979246,0.8061630218687873,"{""y0_a0"": {""n"": 1006, ""accuracy"": 0.8061630218687873}, ""y0_a1"": {""n"": 117, ""accuracy"": 0.905982905982906}, ""y1_a0"": {""n"": 28, ""accuracy"": 0.8928571428571429}, ""y1_a1"": {""n"": 400, ""accuracy"": 0.8425}}",0.4441456212541815
corr,tube,raddino_518,balanced,1.0,123,test_rev,0.9287289553182814,0.927017097640243,0.9200823464100666,1551,428,1053,0.854287556415216,0.8617812767869775,0.8333333333333334,"{""y0_a0"": {""n"": 112, ""accuracy"": 0.875}, ""y0_a1"": {""n"": 1011, ""accuracy"": 0.8417408506429278}, ""y1_a0"": {""n"": 386, ""accuracy"": 0.883419689119171}, ""y1_a1"": {""n"": 42, ""accuracy"": 0.8333333333333334}}",0.4441456212541815
corr,tube,raddino_518,dfr,1.0,123,clean,0.8953799485690033,,0.8953799485690033,1551,428,0,0.8484848484848485,0.8353615149674187,,"{""y0_a0"": {""n"": 1123, ""accuracy"": 0.8646482635796973}, ""y0_a1"": {""n"": 0, ""accuracy"": NaN}, ""y1_a0"": {""n"": 428, ""accuracy"": 0.8060747663551402}, ""y1_a1"": {""n"": 0, ""accuracy"": NaN}}",0.5578867877878312
corr,tube,raddino_518,dfr,1.0,123,test_corr,0.8932786012100431,0.898888888888889,0.915293950582221,1551,428,517,0.845905867182463,0.8299656294471585,0.7875,"{""y0_a0"": {""n"": 1006, ""accuracy"": 0.8598409542743539}, ""y0_a1"": {""n"": 117, ""accuracy"": 0.9145299145299145}, ""y1_a0"": {""n"": 28, ""accuracy"": 0.8928571428571429}, ""y1_a1"": {""n"": 400, ""accuracy"": 0.7875}}",0.5578867877878312
corr,tube,raddino_518,dfr,1.0,123,test_rev,0.89238604871797,0.9129103669163016,0.903358623242043,1551,428,1053,0.8575112830431979,0.8415948186183537,0.7979274611398963,"{""y0_a0"": {""n"": 112, ""accuracy"": 0.9107142857142857}, ""y0_a1"": {""n"": 1011, ""accuracy"": 0.8733926805143423}, ""y1_a0"": {""n"": 386, ""accuracy"": 0.7979274611398963}, ""y1_a1"": {""n"": 42, ""accuracy"": 0.8809523809523809}}",0.5578867877878312
corr,tube,raddino_518,leace,1.0,123,clean,0.9078215893675984,,0.9078215893675984,1551,428,0,0.8323662153449387,0.8408593470427177,,"{""y0_a0"": {""n"": 1123, ""accuracy"": 0.8219056099732859}, ""y0_a1"": {""n"": 0, ""accuracy"": NaN}, ""y1_a0"": {""n"": 428, ""accuracy"": 0.8598130841121495}, ""y1_a1"": {""n"": 0, ""accuracy"": NaN}}",0.4149649191761426
corr,tube,raddino_518,leace,1.0,123,test_corr,0.9060406454673313,0.898931623931624,0.9272933825617722,1551,428,517,0.8330109606705351,0.8434735479897804,0.8170974155069582,"{""y0_a0"": {""n"": 1006, ""accuracy"": 0.8170974155069582}, ""y0_a1"": {""n"": 117, ""accuracy"": 0.8461538461538461}, ""y1_a0"": {""n"": 28, ""accuracy"": 0.8928571428571429}, ""y1_a1"": {""n"": 400, ""accuracy"": 0.865}}",0.4149649191761426
corr,tube,raddino_518,leace,1.0,123,test_rev,0.898987608292208,0.9198106542320191,0.918231865284974,1551,428,1053,0.8175370728562218,0.8306189196161816,0.7922848664688428,"{""y0_a0"": {""n"": 112, ""accuracy"": 0.8839285714285714}, ""y0_a1"": {""n"": 1011, ""accuracy"": 0.7922848664688428}, ""y1_a0"": {""n"": 386, ""accuracy"": 0.8575129533678757}, ""y1_a1"": {""n"": 42, ""accuracy"": 0.8809523809523809}}",0.4149649191761426
corr,tube,raddino_518,i2e,1.0,123,clean,0.9064089013906343,,0.9064089013906343,1551,428,0,0.8143133462282398,0.8305617047128435,,"{""y0_a0"": {""n"": 1123, ""accuracy"": 0.7943009795191451}, ""y0_a1"": {""n"": 0, ""accuracy"": NaN}, ""y1_a0"": {""n"": 428, ""accuracy"": 0.866822429906542}, ""y1_a1"": {""n"": 0, ""accuracy"": NaN}}",0.40494842689809946
corr,tube,raddino_518,i2e,1.0,123,test_corr,0.9059491016219906,0.9009615384615385,0.9165009940357853,1551,428,517,0.8168923275306254,0.8359575902331039,0.790258449304175,"{""y0_a0"": {""n"": 1006, ""accuracy"": 0.790258449304175}, ""y0_a1"": {""n"": 117, ""accuracy"": 0.8205128205128205}, ""y1_a0"": {""n"": 28, ""accuracy"": 0.8571428571428571}, ""y1_a1"": {""n"": 400, ""accuracy"": 0.88}}",0.40494842689809946
corr,tube,raddino_518,i2e,1.0,123,test_rev,0.9050627907557359,0.9142291931609439,0.9206374907475944,1551,428,1053,0.819471308833011,0.8355695691613751,0.7942631058358062,"{""y0_a0"": {""n"": 112, ""accuracy"": 0.8482142857142857}, ""y0_a1"": {""n"": 1011, ""accuracy"": 0.7942631058358062}, ""y1_a0"": {""n"": 386, ""accuracy"": 0.8678756476683938}, ""y1_a1"": {""n"": 42, ""accuracy"": 0.9047619047619048}}",0.40494842689809946
corr,tube,raddino_518,i2e_balanced,1.0,123,clean,0.9068437346560032,,0.9068437346560032,1551,428,0,0.8220502901353965,0.8402424663576369,,"{""y0_a0"": {""n"": 1123, ""accuracy"": 0.7996438112199465}, ""y0_a1"": {""n"": 0, ""accuracy"": NaN}, ""y1_a0"": {""n"": 428, ""accuracy"": 0.8808411214953271}, ""y1_a1"": {""n"": 0, ""accuracy"": NaN}}",0.41422487784137474
corr,tube,raddino_518,i2e_balanced,1.0,123,test_corr,0.9046737294130375,0.9024145299145299,0.9247727918205056,1551,428,517,0.8259187620889749,0.8450828471800335,0.7992047713717694,"{""y0_a0"": {""n"": 1006, ""accuracy"": 0.7992047713717694}, ""y0_a1"": {""n"": 117, ""accuracy"": 0.8290598290598291}, ""y1_a0"": {""n"": 28, ""accuracy"": 0.8928571428571429}, ""y1_a1"": {""n"": 400, ""accuracy"": 0.8875}}",0.41422487784137474
corr,tube,raddino_518,i2e_balanced,1.0,123,test_rev,0.9071308494436632,0.9165606895577222,0.9194115470022206,1551,428,1053,0.8156028368794326,0.8365130949309676,0.7794263105835806,"{""y0_a0"": {""n"": 112, ""accuracy"": 0.8839285714285714}, ""y0_a1"": {""n"": 1011, ""accuracy"": 0.7794263105835806}, ""y1_a0"": {""n"": 386, ""accuracy"": 0.8808290155440415}, ""y1_a1"": {""n"": 42, ""accuracy"": 0.9047619047619048}}",0.41422487784137474
corr,tube,raddino_518,i2e_rank1,1.0,123,clean,0.9103681727016253,,0.9103681727016253,1551,428,0,0.8310767246937459,0.8450297933605746,,"{""y0_a0"": {""n"": 1123, ""accuracy"": 0.8138913624220837}, ""y0_a1"": {""n"": 0, ""accuracy"": NaN}, ""y1_a0"": {""n"": 428, ""accuracy"": 0.8761682242990654}, ""y1_a1"": {""n"": 0, ""accuracy"": NaN}}",0.3887565027390898
corr,tube,raddino_518,i2e_rank1,1.0,123,test_corr,0.9308823162257306,0.8897435897435897,0.9244177790400455,1551,428,517,0.8188265635074146,0.8416312281022962,0.6324786324786325,"{""y0_a0"": {""n"": 1006, ""accuracy"": 0.8091451292246521}, ""y0_a1"": {""n"": 117, ""accuracy"": 0.6324786324786325}, ""y1_a0"": {""n"": 28, ""accuracy"": 0.8928571428571429}, ""y1_a1"": {""n"": 400, ""accuracy"": 0.8925}}",0.3887565027390898
corr,tube,raddino_518,i2e_rank1,1.0,123,test_rev,0.8680083388120938,0.9170787998681172,0.9179080310880829,1551,428,1053,0.7388781431334622,0.7828070255740216,0.6607319485657764,"{""y0_a0"": {""n"": 112, ""accuracy"": 0.9017857142857143}, ""y0_a1"": {""n"": 1011, ""accuracy"": 0.6607319485657764}, ""y1_a0"": {""n"": 386, ""accuracy"": 0.8782383419689119}, ""y1_a1"": {""n"": 42, ""accuracy"": 0.9047619047619048}}",0.3887565027390898
corr,tube,raddino_518,insert_aug,1.0,123,clean,0.9111358926773246,,0.9111358926773246,1551,428,0,0.8239845261121856,0.8408551859588386,,"{""y0_a0"": {""n"": 1123, ""accuracy"": 0.8032056990204809}, ""y0_a1"": {""n"": 0, ""accuracy"": NaN}, ""y1_a0"": {""n"": 428, ""accuracy"": 0.8785046728971962}, ""y1_a1"": {""n"": 0, ""accuracy"": NaN}}",0.2905214659689779
corr,tube,raddino_518,insert_aug,1.0,123,test_corr,0.9628560847529566,0.8759188034188033,0.923068730474297,1551,428,517,0.7956157317859446,0.85307628931184,0.07692307692307693,"{""y0_a0"": {""n"": 1006, ""accuracy"": 0.8001988071570576}, ""y0_a1"": {""n"": 117, ""accuracy"": 0.07692307692307693}, ""y1_a0"": {""n"": 28, ""accuracy"": 0.8928571428571429}, ""y1_a1"": {""n"": 400, ""accuracy"": 0.9875}}",0.2905214659689779
corr,tube,raddino_518,insert_aug,1.0,123,test_rev,0.7381450720283619,0.9079176675615845,0.9246391561806069,1551,428,1053,0.36814958091553834,0.5289653048826158,0.09297725024727992,"{""y0_a0"": {""n"": 112, ""accuracy"": 0.8660714285714286}, ""y0_a1"": {""n"": 1011, ""accuracy"": 0.09297725024727992}, ""y1_a0"": {""n"": 386, ""accuracy"": 0.8782383419689119}, ""y1_a1"": {""n"": 42, ""accuracy"": 0.9761904761904762}}",0.2905214659689779
corr,tube,raddino_518,mte,1.0,123,clean,0.9024496300796432,,0.9024496300796432,1551,428,0,0.8336557059961315,0.8395808540208554,,"{""y0_a0"": {""n"": 1123, ""accuracy"": 0.8263579697239537}, ""y0_a1"": {""n"": 0, ""accuracy"": NaN}, ""y1_a0"": {""n"": 428, ""accuracy"": 0.852803738317757}, ""y1_a1"": {""n"": 0, ""accuracy"": NaN}}",0.38230489671703666
corr,tube,raddino_518,mte,1.0,123,test_corr,0.9034087599137824,0.8992948717948718,0.9256603237716557,1551,428,517,0.8362346872985171,0.8435307628931183,0.8210735586481114,"{""y0_a0"": {""n"": 1006, ""accuracy"": 0.8210735586481114}, ""y0_a1"": {""n"": 117, ""accuracy"": 0.8803418803418803}, ""y1_a0"": {""n"": 28, ""accuracy"": 0.8571428571428571}, ""y1_a1"": {""n"": 400, ""accuracy"": 0.86}}",0.38230489671703666
corr,tube,raddino_518,mte,1.0,123,test_rev,0.9021396293306481,0.914087890349018,0.9173297557364913,1551,428,1053,0.8349451966473244,0.8411943142949876,0.8189910979228486,"{""y0_a0"": {""n"": 112, ""accuracy"": 0.9017857142857143}, ""y0_a1"": {""n"": 1011, ""accuracy"": 0.8189910979228486}, ""y1_a0"": {""n"": 386, ""accuracy"": 0.8549222797927462}, ""y1_a1"": {""n"": 42, ""accuracy"": 0.8571428571428571}}",0.38230489671703666
corr,tube,raddino_518,mte_balanced,1.0,123,clean,0.8984945198525313,,0.8984945198525313,1551,428,0,0.8355899419729207,0.8271797837900816,,"{""y0_a0"": {""n"": 1123, ""accuracy"": 0.8459483526268923}, ""y0_a1"": {""n"": 0, ""accuracy"": NaN}, ""y1_a0"": {""n"": 428, ""accuracy"": 0.8084112149532711}, ""y1_a1"": {""n"": 0, ""accuracy"": NaN}}",0.45704984878498306
corr,tube,raddino_518,mte_balanced,1.0,123,test_corr,0.8988565341500154,0.8979700854700855,0.9310565180346492,1551,428,517,0.8368794326241135,0.8295162323882125,0.8075,"{""y0_a0"": {""n"": 1006, ""accuracy"": 0.8409542743538767}, ""y0_a1"": {""n"": 117, ""accuracy"": 0.8888888888888888}, ""y1_a0"": {""n"": 28, ""accuracy"": 0.8928571428571429}, ""y1_a1"": {""n"": 400, ""accuracy"": 0.8075}}",0.45704984878498306
corr,tube,raddino_518,mte_balanced,1.0,123,test_rev,0.8991894208603457,0.9047619047619048,0.910760547742413,1551,428,1053,0.8388136686009027,0.8308519403134128,0.810880829015544,"{""y0_a0"": {""n"": 112, ""accuracy"": 0.9107142857142857}, ""y0_a1"": {""n"": 1011, ""accuracy"": 0.8417408506429278}, ""y1_a0"": {""n"": 386, ""accuracy"": 0.810880829015544}, ""y1_a1"": {""n"": 42, ""accuracy"": 0.8333333333333334}}",0.45704984878498306
corr,tube,raddino_518,ui2e,1.0,123,clean,0.9006437196761012,,0.9006437196761012,1551,428,0,0.8439716312056738,0.8387517580579389,,"{""y0_a0"": {""n"": 1123, ""accuracy"": 0.8504007123775601}, ""y0_a1"": {""n"": 0, ""accuracy"": NaN}, ""y1_a0"": {""n"": 428, ""accuracy"": 0.8271028037383178}, ""y1_a1"": {""n"": 0, ""accuracy"": NaN}}",0.437716174484666
corr,tube,raddino_518,ui2e,1.0,123,test_corr,0.9258411631061659,0.8913461538461539,0.9345711445612042,1551,428,517,0.8504190844616376,0.8583868726125781,0.7692307692307693,"{""y0_a0"": {""n"": 1006, ""accuracy"": 0.8489065606361829}, ""y0_a1"": {""n"": 117, ""accuracy"": 0.7692307692307693}, ""y1_a0"": {""n"": 28, ""accuracy"": 0.8928571428571429}, ""y1_a1"": {""n"": 400, ""accuracy"": 0.875}}",0.437716174484666
corr,tube,raddino_518,ui2e,1.0,123,test_rev,0.8657010178011169,0.9030427205501389,0.9160575499629904,1551,428,1053,0.7898130238555771,0.8020749244763276,0.7596439169139466,"{""y0_a0"": {""n"": 112, ""accuracy"": 0.9107142857142857}, ""y0_a1"": {""n"": 1011, ""accuracy"": 0.7596439169139466}, ""y1_a0"": {""n"": 386, ""accuracy"": 0.8264248704663213}, ""y1_a1"": {""n"": 42, ""accuracy"": 0.8571428571428571}}",0.437716174484666
corr,tube,raddino_518,ui2e_balanced,1.0,123,clean,0.9007997603215685,,0.9007997603215685,1551,428,0,0.8246292714377821,0.8347935270179176,,"{""y0_a0"": {""n"": 1123, ""accuracy"": 0.8121104185218165}, ""y0_a1"": {""n"": 0, ""accuracy"": NaN}, ""y1_a0"": {""n"": 428, ""accuracy"": 0.8574766355140186}, ""y1_a1"": {""n"": 0, ""accuracy"": NaN}}",0.4414348570458632
corr,tube,raddino_518,ui2e_balanced,1.0,123,test_corr,0.8976768668702825,0.8969658119658119,0.9348551547855724,1551,428,517,0.8233397807865893,0.8317340900957881,0.8081510934393639,"{""y0_a0"": {""n"": 1006, ""accuracy"": 0.8081510934393639}, ""y0_a1"": {""n"": 117, ""accuracy"": 0.8547008547008547}, ""y1_a0"": {""n"": 28, ""accuracy"": 0.8928571428571429}, ""y1_a1"": {""n"": 400, ""accuracy"": 0.8475}}",0.4414348570458632
corr,tube,raddino_518,ui2e_balanced,1.0,123,test_rev,0.9020813741563402,0.9048090056992135,0.9143458549222797,1551,428,1053,0.8304319793681496,0.8388006507935186,0.811078140454995,"{""y0_a0"": {""n"": 112, ""accuracy"": 0.9017857142857143}, ""y0_a1"": {""n"": 1011, ""accuracy"": 0.811078140454995}, ""y1_a0"": {""n"": 386, ""accuracy"": 0.8601036269430051}, ""y1_a1"": {""n"": 42, ""accuracy"": 0.8333333333333334}}",0.4414348570458632
corr,tube,raddino_518,umte,1.0,123,clean,0.8881791929161709,,0.8881791929161709,1551,428,0,0.8465506125080593,0.8333028187182197,,"{""y0_a0"": {""n"": 1123, ""accuracy"": 0.8628673196794301}, ""y0_a1"": {""n"": 0, ""accuracy"": NaN}, ""y1_a0"": {""n"": 428, ""accuracy"": 0.8037383177570093}, ""y1_a1"": {""n"": 0, ""accuracy"": NaN}}",0.4327286774087796
corr,tube,raddino_518,umte,1.0,123,test_corr,0.9125215336090744,0.8875,0.9090812269241693,1551,428,517,0.8549323017408124,0.852827664550062,0.8376068376068376,"{""y0_a0"": {""n"": 1006, ""accuracy"": 0.8598409542743539}, ""y0_a1"": {""n"": 117, ""accuracy"": 0.8376068376068376}, ""y1_a0"": {""n"": 28, ""accuracy"": 0.8571428571428571}, ""y1_a1"": {""n"": 400, ""accuracy"": 0.8475}}",0.4327286774087796
corr,tube,raddino_518,umte,1.0,123,test_rev,0.8602375146678206,0.8967311949507796,0.9064119170984455,1551,428,1053,0.8065764023210832,0.8071441649120763,0.7952522255192879,"{""y0_a0"": {""n"": 112, ""accuracy"": 0.9017857142857143}, ""y0_a1"": {""n"": 1011, ""accuracy"": 0.7952522255192879}, ""y1_a0"": {""n"": 386, ""accuracy"": 0.8031088082901554}, ""y1_a1"": {""n"": 42, ""accuracy"": 0.8571428571428571}}",0.4327286774087796
corr,tube,raddino_518,umte_balanced,1.0,123,clean,0.8867727465650251,,0.8867727465650251,1551,428,0,0.8343004513217279,0.8219513818959563,,"{""y0_a0"": {""n"": 1123, ""accuracy"": 0.8495102404274265}, ""y0_a1"": {""n"": 0, ""accuracy"": NaN}, ""y1_a0"": {""n"": 428, ""accuracy"": 0.794392523364486}, ""y1_a1"": {""n"": 0, ""accuracy"": NaN}}",0.4798519950910536
corr,tube,raddino_518,umte_balanced,1.0,123,test_corr,0.8788542039430431,0.8904059829059829,0.930204487361545,1551,428,517,0.8349451966473244,0.8209506412230259,0.7825,"{""y0_a0"": {""n"": 1006, ""accuracy"": 0.8449304174950298}, ""y0_a1"": {""n"": 117, ""accuracy"": 0.9145299145299145}, ""y1_a0"": {""n"": 28, ""accuracy"": 0.8928571428571429}, ""y1_a1"": {""n"": 400, ""accuracy"": 0.7825}}",0.4798519950910536
corr,tube,raddino_518,umte_balanced,1.0,123,test_rev,0.8966615624037748,0.8992039941594838,0.8957253886010363,1551,428,1053,0.8478401031592521,0.8320243256963573,0.7953367875647669,"{""y0_a0"": {""n"": 112, ""accuracy"": 0.9196428571428571}, ""y0_a1"": {""n"": 1011, ""accuracy"": 0.8615232443125618}, ""y1_a0"": {""n"": 386, ""accuracy"": 0.7953367875647669}, ""y1_a1"": {""n"": 42, ""accuracy"": 0.8095238095238095}}",0.4798519950910536
corr,tube,raddino_518,erm,1.0,456,clean,0.9055579597373524,,0.9055579597373524,1551,428,0,0.813023855577047,0.8275022677907141,,"{""y0_a0"": {""n"": 1123, ""accuracy"": 0.7951914514692787}, ""y0_a1"": {""n"": 0, ""accuracy"": NaN}, ""y1_a0"": {""n"": 428, ""accuracy"": 0.8598130841121495}, ""y1_a1"": {""n"": 0, ""accuracy"": NaN}}",0.14643365418022994
corr,tube,raddino_518,erm,1.0,456,test_corr,0.966761261973519,0.8758552631578949,0.9153165503489532,1551,428,500,0.7872340425531915,0.8472882216359717,0.05,"{""y0_a0"": {""n"": 1003, ""accuracy"": 0.7926221335992024}, ""y0_a1"": {""n"": 120, ""accuracy"": 0.05}, ""y1_a0"": {""n"": 48, ""accuracy"": 0.8541666666666666}, ""y1_a1"": {""n"": 380, ""accuracy"": 0.9973684210526316}}",0.14643365418022994
corr,tube,raddino_518,erm,1.0,456,test_rev,0.6239378833398523,0.8789129197495731,0.8961661000277974,1551,428,1039,0.3223726627981947,0.49373860903288086,0.03386454183266932,"{""y0_a0"": {""n"": 119, ""accuracy"": 0.7647058823529411}, ""y0_a1"": {""n"": 1004, ""accuracy"": 0.03386454183266932}, ""y1_a0"": {""n"": 393, ""accuracy"": 0.8651399491094147}, ""y1_a1"": {""n"": 35, ""accuracy"": 1.0}}",0.14643365418022994
corr,tube,raddino_518,mask,1.0,456,clean,0.905220911943143,,0.905220911943143,1551,428,0,0.8297872340425532,0.8231726600144806,,"{""y0_a0"": {""n"": 1123, ""accuracy"": 0.8379341050756901}, ""y0_a1"": {""n"": 0, ""accuracy"": NaN}, ""y1_a0"": {""n"": 428, ""accuracy"": 0.8084112149532711}, ""y1_a1"": {""n"": 0, ""accuracy"": NaN}}",0.27557280607570334
corr,tube,raddino_518,mask,1.0,456,test_corr,0.9554139862351346,0.886688596491228,0.9076935859089398,1551,428,500,0.8284977433913604,0.867830452476261,0.2916666666666667,"{""y0_a0"": {""n"": 1003, ""accuracy"": 0.8384845463609173}, ""y0_a1"": {""n"": 120, ""accuracy"": 0.2916666666666667}, ""y1_a0"": {""n"": 48, ""accuracy"": 0.7708333333333334}, ""y1_a1"": {""n"": 380, ""accuracy"": 0.9789473684210527}}",0.27557280607570334
corr,tube,raddino_518,mask,1.0,456,test_rev,0.7346664059054103,0.868184405236198,0.8849830008339213,1551,428,1039,0.4622823984526112,0.5737260841704047,0.26693227091633465,"{""y0_a0"": {""n"": 119, ""accuracy"": 0.8151260504201681}, ""y0_a1"": {""n"": 1004, ""accuracy"": 0.26693227091633465}, ""y1_a0"": {""n"": 393, ""accuracy"": 0.811704834605598}, ""y1_a1"": {""n"": 35, ""accuracy"": 0.9428571428571428}}",0.27557280607570334
corr,tube,raddino_518,inpaint,1.0,456,clean,0.9156818768152728,,0.9156818768152728,1551,428,0,0.819471308833011,0.8427994524013616,,"{""y0_a0"": {""n"": 1123, ""accuracy"": 0.7907390917186109}, ""y0_a1"": {""n"": 0, ""accuracy"": NaN}, ""y1_a0"": {""n"": 428, ""accuracy"": 0.8948598130841121}, ""y1_a1"": {""n"": 0, ""accuracy"": NaN}}",0.39355961444327026
corr,tube,raddino_518,inpaint,1.0,456,test_corr,0.9170800009986602,0.916688596491228,0.929046194749086,1551,428,500,0.819471308833011,0.8427994524013616,0.7896311066799602,"{""y0_a0"": {""n"": 1003, ""accuracy"": 0.7896311066799602}, ""y0_a1"": {""n"": 120, ""accuracy"": 0.8}, ""y1_a0"": {""n"": 48, ""accuracy"": 0.9166666666666666}, ""y1_a1"": {""n"": 380, ""accuracy"": 0.8921052631578947}}",0.39355961444327026
corr,tube,raddino_518,inpaint,1.0,456,test_rev,0.9138884496633684,0.9013375071143996,0.9064297474715076,1551,428,1039,0.8149580915538363,0.8396828005758941,0.7310924369747899,"{""y0_a0"": {""n"": 119, ""accuracy"": 0.7310924369747899}, ""y0_a1"": {""n"": 1004, ""accuracy"": 0.7908366533864541}, ""y1_a0"": {""n"": 393, ""accuracy"": 0.8982188295165394}, ""y1_a1"": {""n"": 35, ""accuracy"": 0.8571428571428571}}",0.39355961444327026
corr,tube,raddino_518,balanced,1.0,456,clean,0.909500586712827,,0.909500586712827,1551,428,0,0.8156028368794326,0.8350671182829703,,"{""y0_a0"": {""n"": 1123, ""accuracy"": 0.7916295636687445}, ""y0_a1"": {""n"": 0, ""accuracy"": NaN}, ""y1_a0"": {""n"": 428, ""accuracy"": 0.8785046728971962}, ""y1_a1"": {""n"": 0, ""accuracy"": NaN}}",0.4160993732077737
corr,tube,raddino_518,balanced,1.0,456,test_corr,0.8920885312206124,0.9039254385964912,0.9276753074111,1551,428,500,0.8143133462282398,0.8305617047128435,0.7896311066799602,"{""y0_a0"": {""n"": 1003, ""accuracy"": 0.7896311066799602}, ""y0_a1"": {""n"": 120, ""accuracy"": 0.8333333333333334}, ""y1_a0"": {""n"": 48, ""accuracy"": 0.8958333333333334}, ""y1_a1"": {""n"": 380, ""accuracy"": 0.8631578947368421}}",0.4160993732077737
corr,tube,raddino_518,balanced,1.0,456,test_rev,0.9213804811877399,0.8951052931132611,0.8958239784463403,1551,428,1039,0.8343004513217279,0.8487019498839058,0.7563025210084033,"{""y0_a0"": {""n"": 119, ""accuracy"": 0.7563025210084033}, ""y0_a1"": {""n"": 1004, ""accuracy"": 0.8237051792828686}, ""y1_a0"": {""n"": 393, ""accuracy"": 0.8829516539440203}, ""y1_a1"": {""n"": 35, ""accuracy"": 0.8571428571428571}}",0.4160993732077737
corr,tube,raddino_518,dfr,1.0,456,clean,0.8948182022453208,,0.8948182022453208,1551,428,0,0.842682140554481,0.8342463444878122,,"{""y0_a0"": {""n"": 1123, ""accuracy"": 0.8530721282279609}, ""y0_a1"": {""n"": 0, ""accuracy"": NaN}, ""y1_a0"": {""n"": 428, ""accuracy"": 0.8154205607476636}, ""y1_a1"": {""n"": 0, ""accuracy"": NaN}}",0.5552405985850625
corr,tube,raddino_518,dfr,1.0,456,test_corr,0.8977517663801067,0.8926315789473684,0.8902666999002992,1551,428,500,0.8413926499032882,0.8297409309176854,0.7708333333333334,"{""y0_a0"": {""n"": 1003, ""accuracy"": 0.8564307078763709}, ""y0_a1"": {""n"": 120, ""accuracy"": 0.85}, ""y1_a0"": {""n"": 48, ""accuracy"": 0.7708333333333334}, ""y1_a1"": {""n"": 380, ""accuracy"": 0.8078947368421052}}",0.5552405985850625
corr,tube,raddino_518,dfr,1.0,456,test_rev,0.8895481895124042,0.8967842914058054,0.8769859088673637,1551,428,1039,0.851063829787234,0.8385884355156832,0.8,"{""y0_a0"": {""n"": 119, ""accuracy"": 0.8403361344537815}, ""y0_a1"": {""n"": 1004, ""accuracy"": 0.8695219123505976}, ""y1_a0"": {""n"": 393, ""accuracy"": 0.811704834605598}, ""y1_a1"": {""n"": 35, ""accuracy"": 0.8}}",0.5552405985850625
corr,tube,raddino_518,leace,1.0,456,clean,0.908793202453375,,0.908793202453375,1551,428,0,0.8375241779497099,0.8400833048992602,,"{""y0_a0"": {""n"": 1123, ""accuracy"": 0.8343722172751559}, ""y0_a1"": {""n"": 0, ""accuracy"": NaN}, ""y1_a0"": {""n"": 428, ""accuracy"": 0.8457943925233645}, ""y1_a1"": {""n"": 0, ""accuracy"": NaN}}",0.4283403323786058
corr,tube,raddino_518,leace,1.0,456,test_corr,0.9058825242799243,0.905986842105263,0.9168328348288468,1551,428,500,0.8388136686009027,0.8445887184693869,0.8315054835493519,"{""y0_a0"": {""n"": 1003, ""accuracy"": 0.8315054835493519}, ""y0_a1"": {""n"": 120, ""accuracy"": 0.8333333333333334}, ""y1_a0"": {""n"": 48, ""accuracy"": 0.8541666666666666}, ""y1_a1"": {""n"": 380, ""accuracy"": 0.8578947368421053}}",0.4283403323786058
corr,tube,raddino_518,leace,1.0,456,test_rev,0.9026847313188139,0.9004268639726807,0.8967220475976652,1551,428,1039,0.8220502901353965,0.8286746531736586,0.7983193277310925,"{""y0_a0"": {""n"": 119, ""accuracy"": 0.7983193277310925}, ""y0_a1"": {""n"": 1004, ""accuracy"": 0.8157370517928287}, ""y1_a0"": {""n"": 393, ""accuracy"": 0.8473282442748091}, ""y1_a1"": {""n"": 35, ""accuracy"": 0.8}}",0.4283403323786058
corr,tube,raddino_518,i2e,1.0,456,clean,0.9062674245387439,,0.9062674245387439,1551,428,0,0.8136686009026435,0.8293934804137781,,"{""y0_a0"": {""n"": 1123, ""accuracy"": 0.7943009795191451}, ""y0_a1"": {""n"": 0, ""accuracy"": NaN}, ""y1_a0"": {""n"": 428, ""accuracy"": 0.8644859813084113}, ""y1_a1"": {""n"": 0, ""accuracy"": NaN}}",0.407058069691977
corr,tube,raddino_518,i2e,1.0,456,test_corr,0.9065378949908872,0.9067982456140351,0.9219425058158857,1551,428,500,0.8168923275306254,0.8345116135851067,0.7896311066799602,"{""y0_a0"": {""n"": 1003, ""accuracy"": 0.7896311066799602}, ""y0_a1"": {""n"": 120, ""accuracy"": 0.8416666666666667}, ""y1_a0"": {""n"": 48, ""accuracy"": 0.8333333333333334}, ""y1_a1"": {""n"": 380, ""accuracy"": 0.8789473684210526}}",0.407058069691977
corr,tube,raddino_518,i2e,1.0,456,test_rev,0.9054414493887367,0.8961866818440524,0.8949472918938567,1551,428,1039,0.8214055448098001,0.8361822887625769,0.773109243697479,"{""y0_a0"": {""n"": 119, ""accuracy"": 0.773109243697479}, ""y0_a1"": {""n"": 1004, ""accuracy"": 0.8067729083665338}, ""y1_a0"": {""n"": 393, ""accuracy"": 0.8702290076335878}, ""y1_a1"": {""n"": 35, ""accuracy"": 0.8571428571428571}}",0.407058069691977
corr,tube,raddino_518,i2e_balanced,1.0,456,clean,0.9033817128685679,,0.9033817128685679,1551,428,0,0.8220502901353965,0.8315666064696532,,"{""y0_a0"": {""n"": 1123, ""accuracy"": 0.8103294746215495}, ""y0_a1"": {""n"": 0, ""accuracy"": NaN}, ""y1_a0"": {""n"": 428, ""accuracy"": 0.852803738317757}, ""y1_a1"": {""n"": 0, ""accuracy"": NaN}}",0.4215724192873669
corr,tube,raddino_518,i2e_balanced,1.0,456,test_corr,0.9022186899243514,0.9010964912280702,0.9283607510800931,1551,428,500,0.8233397807865893,0.8331800667437854,0.8075772681954138,"{""y0_a0"": {""n"": 1003, ""accuracy"": 0.8075772681954138}, ""y0_a1"": {""n"": 120, ""accuracy"": 0.8416666666666667}, ""y1_a0"": {""n"": 48, ""accuracy"": 0.8333333333333334}, ""y1_a1"": {""n"": 380, ""accuracy"": 0.8578947368421053}}",0.4215724192873669
corr,tube,raddino_518,i2e_balanced,1.0,456,test_rev,0.9032360749327987,0.8891576550939101,0.8887035730322664,1551,428,1039,0.8265635074145713,0.8354062466191194,0.773109243697479,"{""y0_a0"": {""n"": 119, ""accuracy"": 0.773109243697479}, ""y0_a1"": {""n"": 1004, ""accuracy"": 0.8207171314741036}, ""y1_a0"": {""n"": 393, ""accuracy"": 0.8600508905852418}, ""y1_a1"": {""n"": 35, ""accuracy"": 0.8}}",0.4215724192873669
corr,tube,raddino_518,i2e_rank1,1.0,456,clean,0.9105658241858839,,0.9105658241858839,1551,428,0,0.8291424887169568,0.8444170737593728,,"{""y0_a0"": {""n"": 1123, ""accuracy"": 0.8103294746215495}, ""y0_a1"": {""n"": 0, ""accuracy"": NaN}, ""y1_a0"": {""n"": 428, ""accuracy"": 0.8785046728971962}, ""y1_a1"": {""n"": 0, ""accuracy"": NaN}}",0.38397931186243883
corr,tube,raddino_518,i2e_rank1,1.0,456,test_corr,0.9313088273233412,0.8954824561403508,0.9225448654037885,1551,428,500,0.8246292714377821,0.8478073168498931,0.6583333333333333,"{""y0_a0"": {""n"": 1003, ""accuracy"": 0.8125623130608175}, ""y0_a1"": {""n"": 120, ""accuracy"": 0.6583333333333333}, ""y1_a0"": {""n"": 48, ""accuracy"": 0.8958333333333334}, ""y1_a1"": {""n"": 380, ""accuracy"": 0.9}}",0.38397931186243883
corr,tube,raddino_518,i2e_rank1,1.0,456,test_rev,0.8689799518978704,0.8968127490039842,0.8988603074817714,1551,428,1039,0.7253384912959381,0.7741800584216176,0.6533864541832669,"{""y0_a0"": {""n"": 119, ""accuracy"": 0.7647058823529411}, ""y0_a1"": {""n"": 1004, ""accuracy"": 0.6533864541832669}, ""y1_a0"": {""n"": 393, ""accuracy"": 0.8829516539440203}, ""y1_a1"": {""n"": 35, ""accuracy"": 0.8857142857142857}}",0.38397931186243883
corr,tube,raddino_518,insert_aug,1.0,456,clean,0.9102516623530098,,0.9102516623530098,1551,428,0,0.8110896196002579,0.835565408077496,,"{""y0_a0"": {""n"": 1123, ""accuracy"": 0.7809439002671416}, ""y0_a1"": {""n"": 0, ""accuracy"": NaN}, ""y1_a0"": {""n"": 428, ""accuracy"": 0.8901869158878505}, ""y1_a1"": {""n"": 0, ""accuracy"": NaN}}",0.2671946336594983
corr,tube,raddino_518,insert_aug,1.0,456,test_corr,0.961611920673097,0.8851096491228069,0.9206962445995348,1551,428,500,0.781431334622824,0.8440040861843694,0.09166666666666666,"{""y0_a0"": {""n"": 1003, ""accuracy"": 0.7776669990029911}, ""y0_a1"": {""n"": 120, ""accuracy"": 0.09166666666666666}, ""y1_a0"": {""n"": 48, ""accuracy"": 0.9166666666666666}, ""y1_a1"": {""n"": 380, ""accuracy"": 0.9921052631578947}}",0.2671946336594983
corr,tube,raddino_518,insert_aug,1.0,456,test_rev,0.722191476435782,0.8899260102447353,0.9014048367438577,1551,428,1039,0.34558349451966475,0.5177199756992702,0.061752988047808766,"{""y0_a0"": {""n"": 119, ""accuracy"": 0.7394957983193278}, ""y0_a1"": {""n"": 1004, ""accuracy"": 0.061752988047808766}, ""y1_a0"": {""n"": 393, ""accuracy"": 0.8956743002544529}, ""y1_a1"": {""n"": 35, ""accuracy"": 0.9714285714285714}}",0.2671946336594983
corr,tube,raddino_518,mte,1.0,456,clean,0.9023039921438737,,0.9023039921438737,1551,428,0,0.8330109606705351,0.83841262972179,,"{""y0_a0"": {""n"": 1123, ""accuracy"": 0.8263579697239537}, ""y0_a1"": {""n"": 0, ""accuracy"": NaN}, ""y1_a0"": {""n"": 428, ""accuracy"": 0.8504672897196262}, ""y1_a1"": {""n"": 0, ""accuracy"": NaN}}",0.3849871233070772
corr,tube,raddino_518,mte,1.0,456,test_corr,0.9031778197584908,0.9069736842105263,0.9063850116317712,1551,428,500,0.8349451966473244,0.8419173026189861,0.8083333333333333,"{""y0_a0"": {""n"": 1003, ""accuracy"": 0.8285144566301097}, ""y0_a1"": {""n"": 120, ""accuracy"": 0.8083333333333333}, ""y1_a0"": {""n"": 48, ""accuracy"": 0.8333333333333334}, ""y1_a1"": {""n"": 380, ""accuracy"": 0.8605263157894737}}",0.3849871233070772
corr,tube,raddino_518,mte,1.0,456,test_rev,0.9021375487887084,0.8883892999430848,0.8848333226420338,1551,428,1039,0.8291424887169568,0.8357412138713892,0.7563025210084033,"{""y0_a0"": {""n"": 119, ""accuracy"": 0.7563025210084033}, ""y0_a1"": {""n"": 1004, ""accuracy"": 0.8286852589641435}, ""y1_a0"": {""n"": 393, ""accuracy"": 0.8549618320610687}, ""y1_a1"": {""n"": 35, ""accuracy"": 0.8}}",0.3849871233070772
corr,tube,raddino_518,mte_balanced,1.0,456,clean,0.8927584657251522,,0.8927584657251522,1551,428,0,0.807865892972276,0.8174334850741921,,"{""y0_a0"": {""n"": 1123, ""accuracy"": 0.7960819234194123}, ""y0_a1"": {""n"": 0, ""accuracy"": NaN}, ""y1_a0"": {""n"": 428, ""accuracy"": 0.8387850467289719}, ""y1_a1"": {""n"": 0, ""accuracy"": NaN}}",0.41816751569352634
corr,tube,raddino_518,mte_balanced,1.0,456,test_corr,0.894907665548722,0.8999342105263158,0.9002575606513792,1551,428,500,0.807865892972276,0.8174334850741921,0.7916666666666666,"{""y0_a0"": {""n"": 1003, ""accuracy"": 0.7966101694915254}, ""y0_a1"": {""n"": 120, ""accuracy"": 0.7916666666666666}, ""y1_a0"": {""n"": 48, ""accuracy"": 0.8333333333333334}, ""y1_a1"": {""n"": 380, ""accuracy"": 0.8394736842105263}}",0.41816751569352634
corr,tube,raddino_518,mte_balanced,1.0,456,test_rev,0.8929269896222568,0.8909220261809904,0.8722175893258066,1551,428,1039,0.807865892972276,0.8167104967501935,0.7647058823529411,"{""y0_a0"": {""n"": 119, ""accuracy"": 0.7647058823529411}, ""y0_a1"": {""n"": 1004, ""accuracy"": 0.8007968127490039}, ""y1_a0"": {""n"": 393, ""accuracy"": 0.8422391857506362}, ""y1_a1"": {""n"": 35, ""accuracy"": 0.7714285714285715}}",0.41816751569352634
corr,tube,raddino_518,ui2e,1.0,456,clean,0.9007664716505355,,0.9007664716505355,1551,428,0,0.8401031592520954,0.8360803422075382,,"{""y0_a0"": {""n"": 1123, ""accuracy"": 0.8450578806767587}, ""y0_a1"": {""n"": 0, ""accuracy"": NaN}, ""y1_a0"": {""n"": 428, ""accuracy"": 0.8271028037383178}, ""y1_a1"": {""n"": 0, ""accuracy"": NaN}}",0.43540650346808984
corr,tube,raddino_518,ui2e,1.0,456,test_corr,0.9240061251154701,0.8986842105263158,0.9152126952475906,1551,428,500,0.8523533204384268,0.8633375221577717,0.8,"{""y0_a0"": {""n"": 1003, ""accuracy"": 0.843469591226321}, ""y0_a1"": {""n"": 120, ""accuracy"": 0.8}, ""y1_a0"": {""n"": 48, ""accuracy"": 0.8333333333333334}, ""y1_a1"": {""n"": 380, ""accuracy"": 0.8947368421052632}}",0.43540650346808984
corr,tube,raddino_518,ui2e,1.0,456,test_rev,0.867721224024434,0.8968412066021627,0.8877627386832595,1551,428,1039,0.7865892972275951,0.8005717329249923,0.7659362549800797,"{""y0_a0"": {""n"": 119, ""accuracy"": 0.7983193277310925}, ""y0_a1"": {""n"": 1004, ""accuracy"": 0.7659362549800797}, ""y1_a0"": {""n"": 393, ""accuracy"": 0.8295165394402035}, ""y1_a1"": {""n"": 35, ""accuracy"": 0.8571428571428571}}",0.43540650346808984
corr,tube,raddino_518,ui2e_balanced,1.0,456,clean,0.8995015021512803,,0.8995015021512803,1551,428,0,0.8355899419729207,0.834409667030068,,"{""y0_a0"": {""n"": 1123, ""accuracy"": 0.8370436331255565}, ""y0_a1"": {""n"": 0, ""accuracy"": NaN}, ""y1_a0"": {""n"": 428, ""accuracy"": 0.8317757009345794}, ""y1_a1"": {""n"": 0, ""accuracy"": NaN}}",0.45039156102519906
corr,tube,raddino_518,ui2e_balanced,1.0,456,test_corr,0.8960269971122078,0.895,0.9218801927550682,1551,428,500,0.8323662153449387,0.8278455572107423,0.8157894736842105,"{""y0_a0"": {""n"": 1003, ""accuracy"": 0.8364905284147557}, ""y0_a1"": {""n"": 120, ""accuracy"": 0.85}, ""y1_a0"": {""n"": 48, ""accuracy"": 0.8333333333333334}, ""y1_a1"": {""n"": 380, ""accuracy"": 0.8157894736842105}}",0.45039156102519906
corr,tube,raddino_518,ui2e_balanced,1.0,456,test_rev,0.8999966711328967,0.8904382470119522,0.8831654799324311,1551,428,1039,0.8343004513217279,0.8327962067559358,0.7714285714285715,"{""y0_a0"": {""n"": 119, ""accuracy"": 0.7983193277310925}, ""y0_a1"": {""n"": 1004, ""accuracy"": 0.8406374501992032}, ""y1_a0"": {""n"": 393, ""accuracy"": 0.8346055979643766}, ""y1_a1"": {""n"": 35, ""accuracy"": 0.7714285714285715}}",0.45039156102519906
corr,tube,raddino_518,umte,1.0,456,clean,0.8881958372516874,,0.8881958372516874,1551,428,0,0.8433268858800773,0.8317996271668844,,"{""y0_a0"": {""n"": 1123, ""accuracy"": 0.8575244879786287}, ""y0_a1"": {""n"": 0, ""accuracy"": NaN}, ""y1_a0"": {""n"": 428, ""accuracy"": 0.8060747663551402}, ""y1_a1"": {""n"": 0, ""accuracy"": NaN}}",0.42797419656196073
corr,tube,raddino_518,umte,1.0,456,test_corr,0.9112357586904237,0.8943640350877193,0.8957917912927883,1551,428,500,0.8517085751128304,0.8506014846747281,0.7916666666666666,"{""y0_a0"": {""n"": 1003, ""accuracy"": 0.8584247258225324}, ""y0_a1"": {""n"": 120, ""accuracy"": 0.8083333333333333}, ""y1_a0"": {""n"": 48, ""accuracy"": 0.7916666666666666}, ""y1_a1"": {""n"": 380, ""accuracy"": 0.8552631578947368}}",0.42797419656196073
corr,tube,raddino_518,umte,1.0,456,test_rev,0.8603353001389803,0.8782583949914626,0.8662518442491499,1551,428,1039,0.8065764023210832,0.8078671532360748,0.7983193277310925,"{""y0_a0"": {""n"": 119, ""accuracy"": 0.7983193277310925}, ""y0_a1"": {""n"": 1004, ""accuracy"": 0.8057768924302788}, ""y1_a0"": {""n"": 393, ""accuracy"": 0.806615776081425}, ""y1_a1"": {""n"": 35, ""accuracy"": 0.8571428571428571}}",0.42797419656196073
corr,tube,raddino_518,umte_balanced,1.0,456,clean,0.8847941511804995,,0.8847941511804995,1551,428,0,0.7956157317859446,0.8176498614359068,,"{""y0_a0"": {""n"": 1123, ""accuracy"": 0.7684772929652716}, ""y0_a1"": {""n"": 0, ""accuracy"": NaN}, ""y1_a0"": {""n"": 428, ""accuracy"": 0.866822429906542}, ""y1_a1"": {""n"": 0, ""accuracy"": NaN}}",0.3546190581153719
corr,tube,raddino_518,umte_balanced,1.0,456,test_corr,0.8800505155582927,0.8911842105263157,0.8879818876703223,1551,428,500,0.793036750483559,0.8115309875916479,0.769690927218345,"{""y0_a0"": {""n"": 1003, ""accuracy"": 0.769690927218345}, ""y0_a1"": {""n"": 120, ""accuracy"": 0.775}, ""y1_a0"": {""n"": 48, ""accuracy"": 0.8541666666666666}, ""y1_a1"": {""n"": 380, ""accuracy"": 0.8526315789473684}}",0.3546190581153719
corr,tube,raddino_518,umte_balanced,1.0,456,test_rev,0.8924651093116736,0.8737620944792259,0.8642418799580901,1551,428,1039,0.8091553836234687,0.8269998169123093,0.7058823529411765,"{""y0_a0"": {""n"": 119, ""accuracy"": 0.7058823529411765}, ""y0_a1"": {""n"": 1004, ""accuracy"": 0.796812749003984}, ""y1_a0"": {""n"": 393, ""accuracy"": 0.8651399491094147}, ""y1_a1"": {""n"": 35, ""accuracy"": 0.8857142857142857}}",0.3546190581153719
