phase,artifact,backbone,method,overlap,seed,env,auc,auc_artifact_present,auc_artifact_absent,n,n_pos,n_artifact_present,accuracy,balanced_accuracy,worst_group_accuracy,group_details_json,threshold_clean_val,fold
corr,transplant_neutral,dinov2_b14_518,erm,0.0,42,clean,0.7732385466034756,,0.7732385466034756,361,150,0,0.6537396121883656,0.6893364928909953,,"{""y0_a0"": {""n"": 211, ""accuracy"": 0.4786729857819905}, ""y0_a1"": {""n"": 0, ""accuracy"": NaN}, ""y1_a0"": {""n"": 150, ""accuracy"": 0.9}, ""y1_a1"": {""n"": 0, ""accuracy"": NaN}}",0.3329943722570838,0
corr,transplant_neutral,dinov2_b14_518,erm,0.0,42,test_corr,0.8342812006319116,0.7132505175983437,0.8310564663023681,361,150,166,0.6565096952908587,0.6965244865718799,0.2857142857142857,"{""y0_a0"": {""n"": 183, ""accuracy"": 0.48633879781420764}, ""y0_a1"": {""n"": 28, ""accuracy"": 0.2857142857142857}, ""y1_a0"": {""n"": 12, ""accuracy"": 0.9166666666666666}, ""y1_a1"": {""n"": 138, ""accuracy"": 0.9347826086956522}}",0.3329943722570838,0
corr,transplant_neutral,dinov2_b14_518,erm,0.0,42,test_rev,0.6745655608214849,0.7608598298253472,0.7652877697841728,361,150,214,0.5761772853185596,0.6229857819905213,0.3448275862068966,"{""y0_a0"": {""n"": 8, ""accuracy"": 0.375}, ""y0_a1"": {""n"": 203, ""accuracy"": 0.3448275862068966}, ""y1_a0"": {""n"": 139, ""accuracy"": 0.9064748201438849}, ""y1_a1"": {""n"": 11, ""accuracy"": 0.8181818181818182}}",0.3329943722570838,0
corr,transplant_neutral,dinov2_b14_518,mask,0.0,42,clean,0.8575987361769352,,0.8575987361769352,361,150,0,0.7977839335180056,0.7923222748815166,,"{""y0_a0"": {""n"": 211, ""accuracy"": 0.8246445497630331}, ""y0_a1"": {""n"": 0, ""accuracy"": NaN}, ""y1_a0"": {""n"": 150, ""accuracy"": 0.76}, ""y1_a1"": {""n"": 0, ""accuracy"": NaN}}",0.5354171534018195,0
corr,transplant_neutral,dinov2_b14_518,mask,0.0,42,test_corr,0.8575987361769352,0.8110766045548654,0.9089253187613844,361,150,166,0.7977839335180056,0.7923222748815166,0.7463768115942029,"{""y0_a0"": {""n"": 183, ""accuracy"": 0.8306010928961749}, ""y0_a1"": {""n"": 28, ""accuracy"": 0.7857142857142857}, ""y1_a0"": {""n"": 12, ""accuracy"": 0.9166666666666666}, ""y1_a1"": {""n"": 138, ""accuracy"": 0.7463768115942029}}",0.5354171534018195,0
corr,transplant_neutral,dinov2_b14_518,mask,0.0,42,test_rev,0.8575987361769352,0.7850425436632332,0.8525179856115108,361,150,214,0.7977839335180056,0.7923222748815166,0.7553956834532374,"{""y0_a0"": {""n"": 8, ""accuracy"": 0.875}, ""y0_a1"": {""n"": 203, ""accuracy"": 0.8226600985221675}, ""y1_a0"": {""n"": 139, ""accuracy"": 0.7553956834532374}, ""y1_a1"": {""n"": 11, ""accuracy"": 0.8181818181818182}}",0.5354171534018195,0
corr,transplant_neutral,dinov2_b14_518,erm,0.0,123,clean,0.767993680884676,,0.767993680884676,361,150,0,0.6592797783933518,0.6834755134281201,,"{""y0_a0"": {""n"": 211, ""accuracy"": 0.5402843601895735}, ""y0_a1"": {""n"": 0, ""accuracy"": NaN}, ""y1_a0"": {""n"": 150, ""accuracy"": 0.8266666666666667}, ""y1_a1"": {""n"": 0, ""accuracy"": NaN}}",0.3897263908123609,0
corr,transplant_neutral,dinov2_b14_518,erm,0.0,123,test_corr,0.8386729857819905,0.789751552795031,0.7345744680851064,361,150,163,0.6952908587257618,0.7277725118483412,0.5319148936170213,"{""y0_a0"": {""n"": 188, ""accuracy"": 0.5319148936170213}, ""y0_a1"": {""n"": 23, ""accuracy"": 0.5652173913043478}, ""y1_a0"": {""n"": 10, ""accuracy"": 0.8}, ""y1_a1"": {""n"": 140, ""accuracy"": 0.9285714285714286}}",0.3897263908123609,0
corr,transplant_neutral,dinov2_b14_518,erm,0.0,123,test_rev,0.6695734597156398,0.7788600288600289,0.8099547511312217,361,150,212,0.592797783933518,0.627567140600316,0.404040404040404,"{""y0_a0"": {""n"": 13, ""accuracy"": 0.6923076923076923}, ""y0_a1"": {""n"": 198, ""accuracy"": 0.40404040404040403}, ""y1_a0"": {""n"": 136, ""accuracy"": 0.8161764705882353}, ""y1_a1"": {""n"": 14, ""accuracy"": 1.0}}",0.3897263908123609,0
corr,transplant_neutral,dinov2_b14_518,mask,0.0,123,clean,0.8575987361769352,,0.8575987361769352,361,150,0,0.7977839335180056,0.7923222748815166,,"{""y0_a0"": {""n"": 211, ""accuracy"": 0.8246445497630331}, ""y0_a1"": {""n"": 0, ""accuracy"": NaN}, ""y1_a0"": {""n"": 150, ""accuracy"": 0.76}, ""y1_a1"": {""n"": 0, ""accuracy"": NaN}}",0.5352050576171893,0
corr,transplant_neutral,dinov2_b14_518,mask,0.0,123,test_corr,0.8575987361769352,0.8770186335403727,0.9175531914893617,361,150,163,0.7977839335180056,0.7923222748815166,0.7428571428571429,"{""y0_a0"": {""n"": 188, ""accuracy"": 0.8138297872340425}, ""y0_a1"": {""n"": 23, ""accuracy"": 0.9130434782608695}, ""y1_a0"": {""n"": 10, ""accuracy"": 1.0}, ""y1_a1"": {""n"": 140, ""accuracy"": 0.7428571428571429}}",0.5352050576171893,0
corr,transplant_neutral,dinov2_b14_518,mask,0.0,123,test_rev,0.8575987361769352,0.8593073593073592,0.8733031674208145,361,150,212,0.7977839335180056,0.7923222748815166,0.7573529411764706,"{""y0_a0"": {""n"": 13, ""accuracy"": 0.9230769230769231}, ""y0_a1"": {""n"": 198, ""accuracy"": 0.8181818181818182}, ""y1_a0"": {""n"": 136, ""accuracy"": 0.7573529411764706}, ""y1_a1"": {""n"": 14, ""accuracy"": 0.7857142857142857}}",0.5352050576171893,0
corr,transplant_neutral,dinov2_b14_518,erm,0.0,456,clean,0.7763349131121642,,0.7763349131121642,361,150,0,0.6648199445983379,0.6988151658767773,,"{""y0_a0"": {""n"": 211, ""accuracy"": 0.4976303317535545}, ""y0_a1"": {""n"": 0, ""accuracy"": NaN}, ""y1_a0"": {""n"": 150, ""accuracy"": 0.9}, ""y1_a1"": {""n"": 0, ""accuracy"": NaN}}",0.3473498770636769,0
corr,transplant_neutral,dinov2_b14_518,erm,0.0,456,test_corr,0.8336808846761452,0.7407407407407408,0.7943262411347518,361,150,158,0.6592797783933518,0.6969668246445497,0.3478260869565217,"{""y0_a0"": {""n"": 188, ""accuracy"": 0.48936170212765956}, ""y0_a1"": {""n"": 23, ""accuracy"": 0.34782608695652173}, ""y1_a0"": {""n"": 15, ""accuracy"": 0.8}, ""y1_a1"": {""n"": 135, ""accuracy"": 0.9333333333333333}}",0.3473498770636769,0
corr,transplant_neutral,dinov2_b14_518,erm,0.0,456,test_rev,0.6936808846761453,0.7620320855614973,0.7834595959595959,361,150,205,0.6066481994459834,0.6500157977883096,0.374331550802139,"{""y0_a0"": {""n"": 24, ""accuracy"": 0.5416666666666666}, ""y0_a1"": {""n"": 187, ""accuracy"": 0.37433155080213903}, ""y1_a0"": {""n"": 132, ""accuracy"": 0.9015151515151515}, ""y1_a1"": {""n"": 18, ""accuracy"": 0.9444444444444444}}",0.3473498770636769,0
corr,transplant_neutral,dinov2_b14_518,mask,0.0,456,clean,0.8575987361769352,,0.8575987361769352,361,150,0,0.7977839335180056,0.7923222748815166,,"{""y0_a0"": {""n"": 211, ""accuracy"": 0.8246445497630331}, ""y0_a1"": {""n"": 0, ""accuracy"": NaN}, ""y1_a0"": {""n"": 150, ""accuracy"": 0.76}, ""y1_a1"": {""n"": 0, ""accuracy"": NaN}}",0.5354171534018195,0
corr,transplant_neutral,dinov2_b14_518,mask,0.0,456,test_corr,0.8575987361769352,0.8789049919484703,0.9067375886524822,361,150,158,0.7977839335180056,0.7923222748815166,0.7481481481481481,"{""y0_a0"": {""n"": 188, ""accuracy"": 0.8191489361702128}, ""y0_a1"": {""n"": 23, ""accuracy"": 0.8695652173913043}, ""y1_a0"": {""n"": 15, ""accuracy"": 0.8666666666666667}, ""y1_a1"": {""n"": 135, ""accuracy"": 0.7481481481481481}}",0.5354171534018195,0
corr,transplant_neutral,dinov2_b14_518,mask,0.0,456,test_rev,0.8575987361769352,0.7950089126559715,0.945391414141414,361,150,205,0.7977839335180056,0.7923222748815166,0.6666666666666666,"{""y0_a0"": {""n"": 24, ""accuracy"": 0.9583333333333334}, ""y0_a1"": {""n"": 187, ""accuracy"": 0.8074866310160428}, ""y1_a0"": {""n"": 132, ""accuracy"": 0.7727272727272727}, ""y1_a1"": {""n"": 18, ""accuracy"": 0.6666666666666666}}",0.5354171534018195,0
corr,transplant_neutral,dinov2_b14_518,erm,0.0,789,clean,0.7718483412322275,,0.7718483412322275,361,150,0,0.6592797783933518,0.6863665086887836,,"{""y0_a0"": {""n"": 211, ""accuracy"": 0.5260663507109005}, ""y0_a1"": {""n"": 0, ""accuracy"": NaN}, ""y1_a0"": {""n"": 150, ""accuracy"": 0.8466666666666667}, ""y1_a1"": {""n"": 0, ""accuracy"": NaN}}",0.363748317097333,0
corr,transplant_neutral,dinov2_b14_518,erm,0.0,789,test_corr,0.8374723538704582,0.7981520966595593,0.8325657894736842,361,150,155,0.6897506925207756,0.7230331753554502,0.4761904761904761,"{""y0_a0"": {""n"": 190, ""accuracy"": 0.531578947368421}, ""y0_a1"": {""n"": 21, ""accuracy"": 0.47619047619047616}, ""y1_a0"": {""n"": 16, ""accuracy"": 1.0}, ""y1_a1"": {""n"": 134, ""accuracy"": 0.9104477611940298}}",0.363748317097333,0
corr,transplant_neutral,dinov2_b14_518,erm,0.0,789,test_rev,0.6791153238546603,0.8272189349112427,0.760492700729927,361,150,208,0.5844875346260388,0.6243127962085309,0.3794871794871794,"{""y0_a0"": {""n"": 16, ""accuracy"": 0.5}, ""y0_a1"": {""n"": 195, ""accuracy"": 0.37948717948717947}, ""y1_a0"": {""n"": 137, ""accuracy"": 0.8467153284671532}, ""y1_a1"": {""n"": 13, ""accuracy"": 1.0}}",0.363748317097333,0
corr,transplant_neutral,dinov2_b14_518,mask,0.0,789,clean,0.8575987361769352,,0.8575987361769352,361,150,0,0.7977839335180056,0.7923222748815166,,"{""y0_a0"": {""n"": 211, ""accuracy"": 0.8246445497630331}, ""y0_a1"": {""n"": 0, ""accuracy"": NaN}, ""y1_a0"": {""n"": 150, ""accuracy"": 0.76}, ""y1_a1"": {""n"": 0, ""accuracy"": NaN}}",0.5354861211663066,0
corr,transplant_neutral,dinov2_b14_518,mask,0.0,789,test_corr,0.8575987361769352,0.7999289267945985,0.8901315789473684,361,150,155,0.7977839335180056,0.7923222748815166,0.7142857142857143,"{""y0_a0"": {""n"": 190, ""accuracy"": 0.8368421052631579}, ""y0_a1"": {""n"": 21, ""accuracy"": 0.7142857142857143}, ""y1_a0"": {""n"": 16, ""accuracy"": 0.8125}, ""y1_a1"": {""n"": 134, ""accuracy"": 0.753731343283582}}",0.5354861211663066,0
corr,transplant_neutral,dinov2_b14_518,mask,0.0,789,test_rev,0.8575987361769352,0.8019723865877713,0.8065693430656934,361,150,208,0.7977839335180056,0.7923222748815166,0.5384615384615384,"{""y0_a0"": {""n"": 16, ""accuracy"": 0.6875}, ""y0_a1"": {""n"": 195, ""accuracy"": 0.8358974358974359}, ""y1_a0"": {""n"": 137, ""accuracy"": 0.781021897810219}, ""y1_a1"": {""n"": 13, ""accuracy"": 0.5384615384615384}}",0.5354861211663066,0
corr,transplant_neutral,dinov2_b14_518,erm,0.0,2026,clean,0.7747551342812007,,0.7747551342812007,361,150,0,0.6565096952908587,0.6859241706161137,,"{""y0_a0"": {""n"": 211, ""accuracy"": 0.5118483412322274}, ""y0_a1"": {""n"": 0, ""accuracy"": NaN}, ""y1_a0"": {""n"": 150, ""accuracy"": 0.86}, ""y1_a1"": {""n"": 0, ""accuracy"": NaN}}",0.3685510614970889,0
corr,transplant_neutral,dinov2_b14_518,erm,0.0,2026,test_corr,0.8376619273301738,0.77733860342556,0.8289241622574957,361,150,160,0.667590027700831,0.7040758293838862,0.2272727272727272,"{""y0_a0"": {""n"": 189, ""accuracy"": 0.5185185185185185}, ""y0_a1"": {""n"": 22, ""accuracy"": 0.22727272727272727}, ""y1_a0"": {""n"": 12, ""accuracy"": 1.0}, ""y1_a1"": {""n"": 138, ""accuracy"": 0.9130434782608695}}",0.3685510614970889,0
corr,transplant_neutral,dinov2_b14_518,erm,0.0,2026,test_rev,0.6829383886255924,0.8609293193717278,0.8582089552238806,361,150,207,0.6011080332409973,0.6385308056872038,0.3769633507853403,"{""y0_a0"": {""n"": 20, ""accuracy"": 0.8}, ""y0_a1"": {""n"": 191, ""accuracy"": 0.3769633507853403}, ""y1_a0"": {""n"": 134, ""accuracy"": 0.8432835820895522}, ""y1_a1"": {""n"": 16, ""accuracy"": 1.0}}",0.3685510614970889,0
corr,transplant_neutral,dinov2_b14_518,mask,0.0,2026,clean,0.8575987361769352,,0.8575987361769352,361,150,0,0.7977839335180056,0.7923222748815166,,"{""y0_a0"": {""n"": 211, ""accuracy"": 0.8246445497630331}, ""y0_a1"": {""n"": 0, ""accuracy"": NaN}, ""y1_a0"": {""n"": 150, ""accuracy"": 0.76}, ""y1_a1"": {""n"": 0, ""accuracy"": NaN}}",0.5354340167335041,0
corr,transplant_neutral,dinov2_b14_518,mask,0.0,2026,test_corr,0.8575987361769352,0.8554018445322793,0.91005291005291,361,150,160,0.7977839335180056,0.7923222748815166,0.75,"{""y0_a0"": {""n"": 189, ""accuracy"": 0.8201058201058201}, ""y0_a1"": {""n"": 22, ""accuracy"": 0.8636363636363636}, ""y1_a0"": {""n"": 12, ""accuracy"": 0.75}, ""y1_a1"": {""n"": 138, ""accuracy"": 0.7608695652173914}}",0.5354340167335041,0
corr,transplant_neutral,dinov2_b14_518,mask,0.0,2026,test_rev,0.8575987361769352,0.8838350785340314,0.8503731343283583,361,150,207,0.7977839335180056,0.7923222748815166,0.753731343283582,"{""y0_a0"": {""n"": 20, ""accuracy"": 0.8}, ""y0_a1"": {""n"": 191, ""accuracy"": 0.8272251308900523}, ""y1_a0"": {""n"": 134, ""accuracy"": 0.753731343283582}, ""y1_a1"": {""n"": 16, ""accuracy"": 0.8125}}",0.5354340167335041,0
corr,transplant_neutral,dinov2_b14_518,erm,1.0,42,clean,0.7671406003159558,,0.7671406003159558,361,150,0,0.6565096952908587,0.6811058451816745,,"{""y0_a0"": {""n"": 211, ""accuracy"": 0.5355450236966824}, ""y0_a1"": {""n"": 0, ""accuracy"": NaN}, ""y1_a0"": {""n"": 150, ""accuracy"": 0.8266666666666667}, ""y1_a1"": {""n"": 0, ""accuracy"": NaN}}",0.4014944232463135,0
corr,transplant_neutral,dinov2_b14_518,erm,1.0,42,test_corr,0.8110584518167456,0.6959109730848861,0.8342440801457195,361,150,166,0.6648199445983379,0.6939968404423381,0.3214285714285714,"{""y0_a0"": {""n"": 183, ""accuracy"": 0.5519125683060109}, ""y0_a1"": {""n"": 28, ""accuracy"": 0.32142857142857145}, ""y1_a0"": {""n"": 12, ""accuracy"": 0.8333333333333334}, ""y1_a1"": {""n"": 138, ""accuracy"": 0.8695652173913043}}",0.4014944232463135,0
corr,transplant_neutral,dinov2_b14_518,erm,1.0,42,test_rev,0.6852764612954186,0.7568293775190328,0.7679856115107914,361,150,214,0.5872576177285319,0.621864139020537,0.4137931034482758,"{""y0_a0"": {""n"": 8, ""accuracy"": 0.5}, ""y0_a1"": {""n"": 203, ""accuracy"": 0.41379310344827586}, ""y1_a0"": {""n"": 139, ""accuracy"": 0.8273381294964028}, ""y1_a1"": {""n"": 11, ""accuracy"": 0.8181818181818182}}",0.4014944232463135,0
corr,transplant_neutral,dinov2_b14_518,mask,1.0,42,clean,0.8358609794628752,,0.8358609794628752,361,150,0,0.7562326869806094,0.7606319115323854,,"{""y0_a0"": {""n"": 211, ""accuracy"": 0.7345971563981043}, ""y0_a1"": {""n"": 0, ""accuracy"": NaN}, ""y1_a0"": {""n"": 150, ""accuracy"": 0.7866666666666666}, ""y1_a1"": {""n"": 0, ""accuracy"": NaN}}",0.35318134146698,0
corr,transplant_neutral,dinov2_b14_518,mask,1.0,42,test_corr,0.8915323854660347,0.7743271221532092,0.9189435336976322,361,150,166,0.7811634349030471,0.7973775671406003,0.4285714285714285,"{""y0_a0"": {""n"": 183, ""accuracy"": 0.7431693989071039}, ""y0_a1"": {""n"": 28, ""accuracy"": 0.42857142857142855}, ""y1_a0"": {""n"": 12, ""accuracy"": 0.9166666666666666}, ""y1_a1"": {""n"": 138, ""accuracy"": 0.8913043478260869}}",0.35318134146698,0
corr,transplant_neutral,dinov2_b14_518,mask,1.0,42,test_rev,0.7043601895734597,0.7313031795790417,0.849820143884892,361,150,214,0.6426592797783933,0.6634755134281201,0.5320197044334976,"{""y0_a0"": {""n"": 8, ""accuracy"": 0.75}, ""y0_a1"": {""n"": 203, ""accuracy"": 0.5320197044334976}, ""y1_a0"": {""n"": 139, ""accuracy"": 0.7841726618705036}, ""y1_a1"": {""n"": 11, ""accuracy"": 0.8181818181818182}}",0.35318134146698,0
corr,transplant_neutral,dinov2_b14_518,erm,1.0,123,clean,0.7661927330173776,,0.7661927330173776,361,150,0,0.667590027700831,0.6886571879936809,,"{""y0_a0"": {""n"": 211, ""accuracy"": 0.5639810426540285}, ""y0_a1"": {""n"": 0, ""accuracy"": NaN}, ""y1_a0"": {""n"": 150, ""accuracy"": 0.8133333333333334}, ""y1_a1"": {""n"": 0, ""accuracy"": NaN}}",0.4190525078308186,0
corr,transplant_neutral,dinov2_b14_518,erm,1.0,123,test_corr,0.8168404423380726,0.7860248447204968,0.7297872340425532,361,150,163,0.6814404432132964,0.708214849921011,0.4782608695652174,"{""y0_a0"": {""n"": 188, ""accuracy"": 0.5585106382978723}, ""y0_a1"": {""n"": 23, ""accuracy"": 0.4782608695652174}, ""y1_a0"": {""n"": 10, ""accuracy"": 0.7}, ""y1_a1"": {""n"": 140, ""accuracy"": 0.8785714285714286}}",0.4190525078308186,0
corr,transplant_neutral,dinov2_b14_518,erm,1.0,123,test_rev,0.6828436018957346,0.788961038961039,0.8105203619909502,361,150,212,0.6066481994459834,0.6374881516587677,0.4393939393939394,"{""y0_a0"": {""n"": 13, ""accuracy"": 0.6923076923076923}, ""y0_a1"": {""n"": 198, ""accuracy"": 0.4393939393939394}, ""y1_a0"": {""n"": 136, ""accuracy"": 0.8014705882352942}, ""y1_a1"": {""n"": 14, ""accuracy"": 1.0}}",0.4190525078308186,0
corr,transplant_neutral,dinov2_b14_518,mask,1.0,123,clean,0.837345971563981,,0.837345971563981,361,150,0,0.7534626038781164,0.7582622432859399,,"{""y0_a0"": {""n"": 211, ""accuracy"": 0.7298578199052133}, ""y0_a1"": {""n"": 0, ""accuracy"": NaN}, ""y1_a0"": {""n"": 150, ""accuracy"": 0.7866666666666666}, ""y1_a1"": {""n"": 0, ""accuracy"": NaN}}",0.3581830295872523,0
corr,transplant_neutral,dinov2_b14_518,mask,1.0,123,test_corr,0.8985150078988942,0.8295031055900622,0.8595744680851064,361,150,163,0.7867036011080333,0.8030805687203791,0.5652173913043478,"{""y0_a0"": {""n"": 188, ""accuracy"": 0.723404255319149}, ""y0_a1"": {""n"": 23, ""accuracy"": 0.5652173913043478}, ""y1_a0"": {""n"": 10, ""accuracy"": 0.9}, ""y1_a1"": {""n"": 140, ""accuracy"": 0.9}}",0.3581830295872523,0
corr,transplant_neutral,dinov2_b14_518,mask,1.0,123,test_rev,0.6905529225908373,0.7297979797979798,0.8552036199095023,361,150,212,0.6343490304709142,0.6563665086887835,0.5050505050505051,"{""y0_a0"": {""n"": 13, ""accuracy"": 0.8461538461538461}, ""y0_a1"": {""n"": 198, ""accuracy"": 0.5050505050505051}, ""y1_a0"": {""n"": 136, ""accuracy"": 0.7867647058823529}, ""y1_a1"": {""n"": 14, ""accuracy"": 0.7857142857142857}}",0.3581830295872523,0
corr,transplant_neutral,dinov2_b14_518,erm,1.0,456,clean,0.7634755134281201,,0.7634755134281201,361,150,0,0.6537396121883656,0.6768088467614535,,"{""y0_a0"": {""n"": 211, ""accuracy"": 0.5402843601895735}, ""y0_a1"": {""n"": 0, ""accuracy"": NaN}, ""y1_a0"": {""n"": 150, ""accuracy"": 0.8133333333333334}, ""y1_a1"": {""n"": 0, ""accuracy"": NaN}}",0.393016537701279,0
corr,transplant_neutral,dinov2_b14_518,erm,1.0,456,test_corr,0.8125750394944709,0.7143317230273751,0.7783687943262412,361,150,158,0.6731301939058172,0.7030331753554502,0.3478260869565217,"{""y0_a0"": {""n"": 188, ""accuracy"": 0.5478723404255319}, ""y0_a1"": {""n"": 23, ""accuracy"": 0.34782608695652173}, ""y1_a0"": {""n"": 15, ""accuracy"": 0.8666666666666667}, ""y1_a1"": {""n"": 135, ""accuracy"": 0.8814814814814815}}",0.393016537701279,0
corr,transplant_neutral,dinov2_b14_518,erm,1.0,456,test_rev,0.6903633491311216,0.7474747474747474,0.7733585858585857,361,150,205,0.592797783933518,0.6266034755134281,0.4010695187165775,"{""y0_a0"": {""n"": 24, ""accuracy"": 0.625}, ""y0_a1"": {""n"": 187, ""accuracy"": 0.40106951871657753}, ""y1_a0"": {""n"": 132, ""accuracy"": 0.8181818181818182}, ""y1_a1"": {""n"": 18, ""accuracy"": 0.8888888888888888}}",0.393016537701279,0
corr,transplant_neutral,dinov2_b14_518,mask,1.0,456,clean,0.834218009478673,,0.834218009478673,361,150,0,0.7506925207756233,0.7549289099526066,,"{""y0_a0"": {""n"": 211, ""accuracy"": 0.7298578199052133}, ""y0_a1"": {""n"": 0, ""accuracy"": NaN}, ""y1_a0"": {""n"": 150, ""accuracy"": 0.78}, ""y1_a1"": {""n"": 0, ""accuracy"": NaN}}",0.3476918587756362,0
corr,transplant_neutral,dinov2_b14_518,mask,1.0,456,test_corr,0.8948183254344392,0.8135265700483092,0.8886524822695036,361,150,158,0.775623268698061,0.7916745655608215,0.4782608695652174,"{""y0_a0"": {""n"": 188, ""accuracy"": 0.723404255319149}, ""y0_a1"": {""n"": 23, ""accuracy"": 0.4782608695652174}, ""y1_a0"": {""n"": 15, ""accuracy"": 0.9333333333333333}, ""y1_a1"": {""n"": 135, ""accuracy"": 0.8814814814814815}}",0.3476918587756362,0
corr,transplant_neutral,dinov2_b14_518,mask,1.0,456,test_rev,0.7053712480252766,0.7370766488413547,0.9232954545454544,361,150,205,0.6426592797783933,0.6654028436018957,0.4866310160427807,"{""y0_a0"": {""n"": 24, ""accuracy"": 0.875}, ""y0_a1"": {""n"": 187, ""accuracy"": 0.48663101604278075}, ""y1_a0"": {""n"": 132, ""accuracy"": 0.7954545454545454}, ""y1_a1"": {""n"": 18, ""accuracy"": 0.8333333333333334}}",0.3476918587756362,0
corr,transplant_neutral,dinov2_b14_518,erm,1.0,789,clean,0.7639810426540284,,0.7639810426540284,361,150,0,0.6537396121883656,0.6806635071090048,,"{""y0_a0"": {""n"": 211, ""accuracy"": 0.5213270142180095}, ""y0_a1"": {""n"": 0, ""accuracy"": NaN}, ""y1_a0"": {""n"": 150, ""accuracy"": 0.84}, ""y1_a1"": {""n"": 0, ""accuracy"": NaN}}",0.386815631581375,0
corr,transplant_neutral,dinov2_b14_518,erm,1.0,789,test_corr,0.8117219589257505,0.7675906183368871,0.8223684210526316,361,150,155,0.6731301939058172,0.7049605055292258,0.4285714285714285,"{""y0_a0"": {""n"": 190, ""accuracy"": 0.5263157894736842}, ""y0_a1"": {""n"": 21, ""accuracy"": 0.42857142857142855}, ""y1_a0"": {""n"": 16, ""accuracy"": 1.0}, ""y1_a1"": {""n"": 134, ""accuracy"": 0.8805970149253731}}",0.386815631581375,0
corr,transplant_neutral,dinov2_b14_518,erm,1.0,789,test_rev,0.680821484992101,0.7925049309664695,0.7518248175182483,361,150,208,0.5761772853185596,0.6162401263823065,0.3743589743589743,"{""y0_a0"": {""n"": 16, ""accuracy"": 0.4375}, ""y0_a1"": {""n"": 195, ""accuracy"": 0.37435897435897436}, ""y1_a0"": {""n"": 137, ""accuracy"": 0.8394160583941606}, ""y1_a1"": {""n"": 13, ""accuracy"": 1.0}}",0.386815631581375,0
corr,transplant_neutral,dinov2_b14_518,mask,1.0,789,clean,0.8396208530805688,,0.8396208530805688,361,150,0,0.7534626038781164,0.7563349131121643,,"{""y0_a0"": {""n"": 211, ""accuracy"": 0.7393364928909952}, ""y0_a1"": {""n"": 0, ""accuracy"": NaN}, ""y1_a0"": {""n"": 150, ""accuracy"": 0.7733333333333333}, ""y1_a1"": {""n"": 0, ""accuracy"": NaN}}",0.376576413113238,0
corr,transplant_neutral,dinov2_b14_518,mask,1.0,789,test_corr,0.8930173775671406,0.7523098791755509,0.8792763157894737,361,150,155,0.7839335180055401,0.7978199052132702,0.4761904761904761,"{""y0_a0"": {""n"": 190, ""accuracy"": 0.7421052631578947}, ""y0_a1"": {""n"": 21, ""accuracy"": 0.47619047619047616}, ""y1_a0"": {""n"": 16, ""accuracy"": 0.75}, ""y1_a1"": {""n"": 134, ""accuracy"": 0.8955223880597015}}",0.376576413113238,0
corr,transplant_neutral,dinov2_b14_518,mask,1.0,789,test_rev,0.7196524486571879,0.8193293885601578,0.7819343065693432,361,150,208,0.6509695290858726,0.6715481832543444,0.5487179487179488,"{""y0_a0"": {""n"": 16, ""accuracy"": 0.5625}, ""y0_a1"": {""n"": 195, ""accuracy"": 0.5487179487179488}, ""y1_a0"": {""n"": 137, ""accuracy"": 0.781021897810219}, ""y1_a1"": {""n"": 13, ""accuracy"": 0.9230769230769231}}",0.376576413113238,0
corr,transplant_neutral,dinov2_b14_518,erm,1.0,2026,clean,0.7635071090047392,,0.7635071090047392,361,150,0,0.6703601108033241,0.6794628751974723,,"{""y0_a0"": {""n"": 211, ""accuracy"": 0.6255924170616114}, ""y0_a1"": {""n"": 0, ""accuracy"": NaN}, ""y1_a0"": {""n"": 150, ""accuracy"": 0.7333333333333333}, ""y1_a1"": {""n"": 0, ""accuracy"": NaN}}",0.4431500667203311,0
corr,transplant_neutral,dinov2_b14_518,erm,1.0,2026,test_corr,0.8153554502369669,0.7753623188405797,0.8284832451499119,361,150,160,0.6980609418282548,0.7176145339652449,0.4545454545454545,"{""y0_a0"": {""n"": 189, ""accuracy"": 0.6190476190476191}, ""y0_a1"": {""n"": 22, ""accuracy"": 0.45454545454545453}, ""y1_a0"": {""n"": 12, ""accuracy"": 0.8333333333333334}, ""y1_a1"": {""n"": 138, ""accuracy"": 0.8333333333333334}}",0.4431500667203311,0
corr,transplant_neutral,dinov2_b14_518,erm,1.0,2026,test_rev,0.6814533965244866,0.8350785340314136,0.8507462686567164,361,150,207,0.6038781163434903,0.6225908372827804,0.4816753926701571,"{""y0_a0"": {""n"": 20, ""accuracy"": 0.8}, ""y0_a1"": {""n"": 191, ""accuracy"": 0.4816753926701571}, ""y1_a0"": {""n"": 134, ""accuracy"": 0.7089552238805971}, ""y1_a1"": {""n"": 16, ""accuracy"": 0.9375}}",0.4431500667203311,0
corr,transplant_neutral,dinov2_b14_518,mask,1.0,2026,clean,0.8393364928909953,,0.8393364928909953,361,150,0,0.7534626038781164,0.7553712480252766,,"{""y0_a0"": {""n"": 211, ""accuracy"": 0.7440758293838863}, ""y0_a1"": {""n"": 0, ""accuracy"": NaN}, ""y1_a0"": {""n"": 150, ""accuracy"": 0.7666666666666667}, ""y1_a1"": {""n"": 0, ""accuracy"": NaN}}",0.3726590473691166,0
corr,transplant_neutral,dinov2_b14_518,mask,1.0,2026,test_corr,0.8992733017377567,0.7938076416337286,0.892416225749559,361,150,160,0.7894736842105263,0.8044865718799368,0.5454545454545454,"{""y0_a0"": {""n"": 189, ""accuracy"": 0.7354497354497355}, ""y0_a1"": {""n"": 22, ""accuracy"": 0.5454545454545454}, ""y1_a0"": {""n"": 12, ""accuracy"": 0.8333333333333334}, ""y1_a1"": {""n"": 138, ""accuracy"": 0.8985507246376812}}",0.3726590473691166,0
corr,transplant_neutral,dinov2_b14_518,mask,1.0,2026,test_rev,0.7054344391785151,0.831479057591623,0.8208955223880596,361,150,207,0.6509695290858726,0.6686571879936809,0.5445026178010471,"{""y0_a0"": {""n"": 20, ""accuracy"": 0.75}, ""y0_a1"": {""n"": 191, ""accuracy"": 0.5445026178010471}, ""y1_a0"": {""n"": 134, ""accuracy"": 0.7611940298507462}, ""y1_a1"": {""n"": 16, ""accuracy"": 0.875}}",0.3726590473691166,0
corr,transplant_neutral,dinov2_b14_518,erm,0.0,42,clean,0.6964444444444444,,0.6964444444444444,360,150,0,0.6305555555555555,0.631904761904762,,"{""y0_a0"": {""n"": 210, ""accuracy"": 0.6238095238095238}, ""y0_a1"": {""n"": 0, ""accuracy"": NaN}, ""y1_a0"": {""n"": 150, ""accuracy"": 0.64}, ""y1_a1"": {""n"": 0, ""accuracy"": NaN}}",0.4335046654424883,1
corr,transplant_neutral,dinov2_b14_518,erm,0.0,42,test_corr,0.7791746031746032,0.7232808616404308,0.4792746113989637,360,150,159,0.6722222222222223,0.6838095238095239,0.25,"{""y0_a0"": {""n"": 193, ""accuracy"": 0.6269430051813472}, ""y0_a1"": {""n"": 17, ""accuracy"": 0.47058823529411764}, ""y1_a0"": {""n"": 8, ""accuracy"": 0.25}, ""y1_a1"": {""n"": 142, ""accuracy"": 0.7816901408450704}}",0.4335046654424883,1
corr,transplant_neutral,dinov2_b14_518,erm,0.0,42,test_rev,0.6146666666666666,0.7225534028812717,0.6576967592592593,360,150,205,0.5638888888888889,0.5785714285714285,0.4754098360655737,"{""y0_a0"": {""n"": 27, ""accuracy"": 0.5925925925925926}, ""y0_a1"": {""n"": 183, ""accuracy"": 0.47540983606557374}, ""y1_a0"": {""n"": 128, ""accuracy"": 0.6484375}, ""y1_a1"": {""n"": 22, ""accuracy"": 0.7727272727272727}}",0.4335046654424883,1
corr,transplant_neutral,dinov2_b14_518,mask,0.0,42,clean,0.8395873015873015,,0.8395873015873015,360,150,0,0.7694444444444445,0.7595238095238095,,"{""y0_a0"": {""n"": 210, ""accuracy"": 0.819047619047619}, ""y0_a1"": {""n"": 0, ""accuracy"": NaN}, ""y1_a0"": {""n"": 150, ""accuracy"": 0.7}, ""y1_a1"": {""n"": 0, ""accuracy"": NaN}}",0.5491493589314766,1
corr,transplant_neutral,dinov2_b14_518,mask,0.0,42,test_corr,0.8395873015873015,0.8285004142502072,0.8005181347150259,360,150,159,0.7694444444444445,0.7595238095238095,0.625,"{""y0_a0"": {""n"": 193, ""accuracy"": 0.8238341968911918}, ""y0_a1"": {""n"": 17, ""accuracy"": 0.7647058823529411}, ""y1_a0"": {""n"": 8, ""accuracy"": 0.625}, ""y1_a1"": {""n"": 142, ""accuracy"": 0.704225352112676}}",0.5491493589314766,1
corr,transplant_neutral,dinov2_b14_518,mask,0.0,42,test_rev,0.8395873015873015,0.8785394932935917,0.7853009259259259,360,150,205,0.7694444444444445,0.7595238095238095,0.6796875,"{""y0_a0"": {""n"": 27, ""accuracy"": 0.7777777777777778}, ""y0_a1"": {""n"": 183, ""accuracy"": 0.825136612021858}, ""y1_a0"": {""n"": 128, ""accuracy"": 0.6796875}, ""y1_a1"": {""n"": 22, ""accuracy"": 0.8181818181818182}}",0.5491493589314766,1
corr,transplant_neutral,dinov2_b14_518,erm,0.0,123,clean,0.6876825396825397,,0.6876825396825397,360,150,0,0.6222222222222222,0.6161904761904762,,"{""y0_a0"": {""n"": 210, ""accuracy"": 0.6523809523809524}, ""y0_a1"": {""n"": 0, ""accuracy"": NaN}, ""y1_a0"": {""n"": 150, ""accuracy"": 0.58}, ""y1_a1"": {""n"": 0, ""accuracy"": NaN}}",0.4520485911592393,1
corr,transplant_neutral,dinov2_b14_518,erm,0.0,123,test_corr,0.775079365079365,0.704323211528564,0.7572513812154695,360,150,163,0.6916666666666667,0.7004761904761905,0.5862068965517241,"{""y0_a0"": {""n"": 181, ""accuracy"": 0.6574585635359116}, ""y0_a1"": {""n"": 29, ""accuracy"": 0.5862068965517241}, ""y1_a0"": {""n"": 16, ""accuracy"": 0.6875}, ""y1_a1"": {""n"": 134, ""accuracy"": 0.7611940298507462}}",0.4520485911592393,1
corr,transplant_neutral,dinov2_b14_518,erm,0.0,123,test_rev,0.5826031746031746,0.5354066985645933,0.6420863309352518,360,150,201,0.5388888888888889,0.5466666666666666,0.4947368421052631,"{""y0_a0"": {""n"": 20, ""accuracy"": 0.55}, ""y0_a1"": {""n"": 190, ""accuracy"": 0.49473684210526314}, ""y1_a0"": {""n"": 139, ""accuracy"": 0.5971223021582733}, ""y1_a1"": {""n"": 11, ""accuracy"": 0.5454545454545454}}",0.4520485911592393,1
corr,transplant_neutral,dinov2_b14_518,mask,0.0,123,clean,0.8395873015873015,,0.8395873015873015,360,150,0,0.7694444444444445,0.7595238095238095,,"{""y0_a0"": {""n"": 210, ""accuracy"": 0.819047619047619}, ""y0_a1"": {""n"": 0, ""accuracy"": NaN}, ""y1_a0"": {""n"": 150, ""accuracy"": 0.7}, ""y1_a1"": {""n"": 0, ""accuracy"": NaN}}",0.5491545389076768,1
corr,transplant_neutral,dinov2_b14_518,mask,0.0,123,test_corr,0.8395873015873015,0.8674729799279465,0.8297651933701657,360,150,163,0.7694444444444445,0.7595238095238095,0.625,"{""y0_a0"": {""n"": 181, ""accuracy"": 0.8176795580110497}, ""y0_a1"": {""n"": 29, ""accuracy"": 0.8275862068965517}, ""y1_a0"": {""n"": 16, ""accuracy"": 0.625}, ""y1_a1"": {""n"": 134, ""accuracy"": 0.7089552238805971}}",0.5491545389076768,1
corr,transplant_neutral,dinov2_b14_518,mask,0.0,123,test_rev,0.8395873015873015,0.7794258373205742,0.8884892086330936,360,150,201,0.7694444444444445,0.7595238095238095,0.6363636363636364,"{""y0_a0"": {""n"": 20, ""accuracy"": 0.9}, ""y0_a1"": {""n"": 190, ""accuracy"": 0.8105263157894737}, ""y1_a0"": {""n"": 139, ""accuracy"": 0.7050359712230215}, ""y1_a1"": {""n"": 11, ""accuracy"": 0.6363636363636364}}",0.5491545389076768,1
corr,transplant_neutral,dinov2_b14_518,erm,0.0,456,clean,0.6925079365079365,,0.6925079365079365,360,150,0,0.6527777777777778,0.6442857142857144,,"{""y0_a0"": {""n"": 210, ""accuracy"": 0.6952380952380952}, ""y0_a1"": {""n"": 0, ""accuracy"": NaN}, ""y1_a0"": {""n"": 150, ""accuracy"": 0.5933333333333334}, ""y1_a1"": {""n"": 0, ""accuracy"": NaN}}",0.4728633553015128,1
corr,transplant_neutral,dinov2_b14_518,erm,0.0,456,test_corr,0.7667936507936509,0.6148325358851674,0.6664580725907385,360,150,155,0.6944444444444444,0.6971428571428572,0.4545454545454545,"{""y0_a0"": {""n"": 188, ""accuracy"": 0.7074468085106383}, ""y0_a1"": {""n"": 22, ""accuracy"": 0.45454545454545453}, ""y1_a0"": {""n"": 17, ""accuracy"": 0.5294117647058824}, ""y1_a1"": {""n"": 133, ""accuracy"": 0.7368421052631579}}",0.4728633553015128,1
corr,transplant_neutral,dinov2_b14_518,erm,0.0,456,test_rev,0.5987301587301588,0.7949604743083005,0.7158273381294963,360,150,195,0.575,0.5795238095238096,0.5217391304347826,"{""y0_a0"": {""n"": 26, ""accuracy"": 0.7692307692307693}, ""y0_a1"": {""n"": 184, ""accuracy"": 0.5217391304347826}, ""y1_a0"": {""n"": 139, ""accuracy"": 0.5827338129496403}, ""y1_a1"": {""n"": 11, ""accuracy"": 0.9090909090909091}}",0.4728633553015128,1
corr,transplant_neutral,dinov2_b14_518,mask,0.0,456,clean,0.8395873015873015,,0.8395873015873015,360,150,0,0.7694444444444445,0.7595238095238095,,"{""y0_a0"": {""n"": 210, ""accuracy"": 0.819047619047619}, ""y0_a1"": {""n"": 0, ""accuracy"": NaN}, ""y1_a0"": {""n"": 150, ""accuracy"": 0.7}, ""y1_a1"": {""n"": 0, ""accuracy"": NaN}}",0.5491493589314766,1
corr,transplant_neutral,dinov2_b14_518,mask,0.0,456,test_corr,0.8395873015873015,0.7238550922761449,0.8995619524405508,360,150,155,0.7694444444444445,0.7595238095238095,0.5454545454545454,"{""y0_a0"": {""n"": 188, ""accuracy"": 0.851063829787234}, ""y0_a1"": {""n"": 22, ""accuracy"": 0.5454545454545454}, ""y1_a0"": {""n"": 17, ""accuracy"": 0.7058823529411765}, ""y1_a1"": {""n"": 133, ""accuracy"": 0.6992481203007519}}",0.5491493589314766,1
corr,transplant_neutral,dinov2_b14_518,mask,0.0,456,test_rev,0.8395873015873015,0.8562252964426877,0.8580520199225236,360,150,195,0.7694444444444445,0.7595238095238095,0.6363636363636364,"{""y0_a0"": {""n"": 26, ""accuracy"": 0.8076923076923077}, ""y0_a1"": {""n"": 184, ""accuracy"": 0.8206521739130435}, ""y1_a0"": {""n"": 139, ""accuracy"": 0.7050359712230215}, ""y1_a1"": {""n"": 11, ""accuracy"": 0.6363636363636364}}",0.5491493589314766,1
corr,transplant_neutral,dinov2_b14_518,erm,0.0,789,clean,0.6902857142857144,,0.6902857142857144,360,150,0,0.6333333333333333,0.638095238095238,,"{""y0_a0"": {""n"": 210, ""accuracy"": 0.6095238095238096}, ""y0_a1"": {""n"": 0, ""accuracy"": NaN}, ""y1_a0"": {""n"": 150, ""accuracy"": 0.6666666666666666}, ""y1_a1"": {""n"": 0, ""accuracy"": NaN}}",0.4052825524715654,1
corr,transplant_neutral,dinov2_b14_518,erm,0.0,789,test_corr,0.7668253968253967,0.6693899782135077,0.6088992974238876,360,150,163,0.6583333333333333,0.6728571428571428,0.3703703703703703,"{""y0_a0"": {""n"": 183, ""accuracy"": 0.6174863387978142}, ""y0_a1"": {""n"": 27, ""accuracy"": 0.37037037037037035}, ""y1_a0"": {""n"": 14, ""accuracy"": 0.42857142857142855}, ""y1_a1"": {""n"": 136, ""accuracy"": 0.7941176470588235}}",0.4052825524715654,1
corr,transplant_neutral,dinov2_b14_518,erm,0.0,789,test_rev,0.5846031746031746,0.5886807493025109,0.6462000858737655,360,150,206,0.5472222222222223,0.5652380952380952,0.4559585492227979,"{""y0_a0"": {""n"": 17, ""accuracy"": 0.47058823529411764}, ""y0_a1"": {""n"": 193, ""accuracy"": 0.45595854922279794}, ""y1_a0"": {""n"": 137, ""accuracy"": 0.6715328467153284}, ""y1_a1"": {""n"": 13, ""accuracy"": 0.6923076923076923}}",0.4052825524715654,1
corr,transplant_neutral,dinov2_b14_518,mask,0.0,789,clean,0.8395873015873015,,0.8395873015873015,360,150,0,0.7694444444444445,0.7595238095238095,,"{""y0_a0"": {""n"": 210, ""accuracy"": 0.819047619047619}, ""y0_a1"": {""n"": 0, ""accuracy"": NaN}, ""y1_a0"": {""n"": 150, ""accuracy"": 0.7}, ""y1_a1"": {""n"": 0, ""accuracy"": NaN}}",0.5491504012994907,1
corr,transplant_neutral,dinov2_b14_518,mask,0.0,789,test_corr,0.8395873015873015,0.8003812636165578,0.8200624512099922,360,150,163,0.7694444444444445,0.7595238095238095,0.6666666666666666,"{""y0_a0"": {""n"": 183, ""accuracy"": 0.8415300546448088}, ""y0_a1"": {""n"": 27, ""accuracy"": 0.6666666666666666}, ""y1_a0"": {""n"": 14, ""accuracy"": 0.7142857142857143}, ""y1_a1"": {""n"": 136, ""accuracy"": 0.6985294117647058}}",0.5491504012994907,1
corr,transplant_neutral,dinov2_b14_518,mask,0.0,789,test_rev,0.8395873015873015,0.7807891590275011,0.8226706741090597,360,150,206,0.7694444444444445,0.7595238095238095,0.5384615384615384,"{""y0_a0"": {""n"": 17, ""accuracy"": 0.8235294117647058}, ""y0_a1"": {""n"": 193, ""accuracy"": 0.8186528497409327}, ""y1_a0"": {""n"": 137, ""accuracy"": 0.7153284671532847}, ""y1_a1"": {""n"": 13, ""accuracy"": 0.5384615384615384}}",0.5491504012994907,1
corr,transplant_neutral,dinov2_b14_518,erm,0.0,2026,clean,0.6940634920634919,,0.6940634920634919,360,150,0,0.6305555555555555,0.6328571428571428,,"{""y0_a0"": {""n"": 210, ""accuracy"": 0.6190476190476191}, ""y0_a1"": {""n"": 0, ""accuracy"": NaN}, ""y1_a0"": {""n"": 150, ""accuracy"": 0.6466666666666666}, ""y1_a1"": {""n"": 0, ""accuracy"": NaN}}",0.4337957699132896,1
corr,transplant_neutral,dinov2_b14_518,erm,0.0,2026,test_corr,0.7619682539682539,0.6617283950617283,0.6591397849462366,360,150,159,0.6638888888888889,0.6747619047619048,0.4166666666666667,"{""y0_a0"": {""n"": 186, ""accuracy"": 0.6344086021505376}, ""y0_a1"": {""n"": 24, ""accuracy"": 0.4166666666666667}, ""y1_a0"": {""n"": 15, ""accuracy"": 0.6}, ""y1_a1"": {""n"": 135, ""accuracy"": 0.7555555555555555}}",0.4337957699132896,1
corr,transplant_neutral,dinov2_b14_518,erm,0.0,2026,test_rev,0.6033015873015872,0.7214285714285714,0.6518518518518518,360,150,211,0.5638888888888889,0.5776190476190477,0.4897959183673469,"{""y0_a0"": {""n"": 14, ""accuracy"": 0.5714285714285714}, ""y0_a1"": {""n"": 196, ""accuracy"": 0.4897959183673469}, ""y1_a0"": {""n"": 135, ""accuracy"": 0.6296296296296297}, ""y1_a1"": {""n"": 15, ""accuracy"": 0.9333333333333333}}",0.4337957699132896,1
corr,transplant_neutral,dinov2_b14_518,mask,0.0,2026,clean,0.8395873015873015,,0.8395873015873015,360,150,0,0.7694444444444445,0.7595238095238095,,"{""y0_a0"": {""n"": 210, ""accuracy"": 0.819047619047619}, ""y0_a1"": {""n"": 0, ""accuracy"": NaN}, ""y1_a0"": {""n"": 150, ""accuracy"": 0.7}, ""y1_a1"": {""n"": 0, ""accuracy"": NaN}}",0.5491051270796853,1
corr,transplant_neutral,dinov2_b14_518,mask,0.0,2026,test_corr,0.8395873015873015,0.8246913580246914,0.86415770609319,360,150,159,0.7694444444444445,0.7595238095238095,0.6962962962962963,"{""y0_a0"": {""n"": 186, ""accuracy"": 0.8064516129032258}, ""y0_a1"": {""n"": 24, ""accuracy"": 0.9166666666666666}, ""y1_a0"": {""n"": 15, ""accuracy"": 0.7333333333333333}, ""y1_a1"": {""n"": 135, ""accuracy"": 0.6962962962962963}}",0.5491051270796853,1
corr,transplant_neutral,dinov2_b14_518,mask,0.0,2026,test_rev,0.8395873015873015,0.7738095238095238,0.7513227513227513,360,150,211,0.7694444444444445,0.7595238095238095,0.6,"{""y0_a0"": {""n"": 14, ""accuracy"": 0.6428571428571429}, ""y0_a1"": {""n"": 196, ""accuracy"": 0.8316326530612245}, ""y1_a0"": {""n"": 135, ""accuracy"": 0.7111111111111111}, ""y1_a1"": {""n"": 15, ""accuracy"": 0.6}}",0.5491051270796853,1
corr,transplant_neutral,dinov2_b14_518,erm,1.0,42,clean,0.7096825396825398,,0.7096825396825398,360,150,0,0.6333333333333333,0.641904761904762,,"{""y0_a0"": {""n"": 210, ""accuracy"": 0.5904761904761905}, ""y0_a1"": {""n"": 0, ""accuracy"": NaN}, ""y1_a0"": {""n"": 150, ""accuracy"": 0.6933333333333334}, ""y1_a1"": {""n"": 0, ""accuracy"": NaN}}",0.4144065836550999,1
corr,transplant_neutral,dinov2_b14_518,erm,1.0,42,test_corr,0.7879999999999999,0.743993371996686,0.4838082901554404,360,150,159,0.6666666666666666,0.6847619047619047,0.3529411764705882,"{""y0_a0"": {""n"": 193, ""accuracy"": 0.5958549222797928}, ""y0_a1"": {""n"": 17, ""accuracy"": 0.35294117647058826}, ""y1_a0"": {""n"": 8, ""accuracy"": 0.375}, ""y1_a1"": {""n"": 142, ""accuracy"": 0.8169014084507042}}",0.4144065836550999,1
corr,transplant_neutral,dinov2_b14_518,erm,1.0,42,test_rev,0.6369841269841269,0.7369597615499255,0.6759259259259259,360,150,205,0.5805555555555556,0.5995238095238096,0.4754098360655737,"{""y0_a0"": {""n"": 27, ""accuracy"": 0.5555555555555556}, ""y0_a1"": {""n"": 183, ""accuracy"": 0.47540983606557374}, ""y1_a0"": {""n"": 128, ""accuracy"": 0.6953125}, ""y1_a1"": {""n"": 22, ""accuracy"": 0.8181818181818182}}",0.4144065836550999,1
corr,transplant_neutral,dinov2_b14_518,mask,1.0,42,clean,0.8284761904761904,,0.8284761904761904,360,150,0,0.7583333333333333,0.7347619047619047,,"{""y0_a0"": {""n"": 210, ""accuracy"": 0.8761904761904762}, ""y0_a1"": {""n"": 0, ""accuracy"": NaN}, ""y1_a0"": {""n"": 150, ""accuracy"": 0.5933333333333334}, ""y1_a1"": {""n"": 0, ""accuracy"": NaN}}",0.528517827140737,1
corr,transplant_neutral,dinov2_b14_518,mask,1.0,42,test_corr,0.8913650793650795,0.7613918806959404,0.7901554404145079,360,150,159,0.8083333333333333,0.8014285714285714,0.375,"{""y0_a0"": {""n"": 193, ""accuracy"": 0.8756476683937824}, ""y0_a1"": {""n"": 17, ""accuracy"": 0.47058823529411764}, ""y1_a0"": {""n"": 8, ""accuracy"": 0.375}, ""y1_a1"": {""n"": 142, ""accuracy"": 0.7816901408450704}}",0.528517827140737,1
corr,transplant_neutral,dinov2_b14_518,mask,1.0,42,test_rev,0.7084444444444444,0.8656234475906607,0.7670717592592593,360,150,205,0.6527777777777778,0.6461904761904762,0.5703125,"{""y0_a0"": {""n"": 27, ""accuracy"": 0.8518518518518519}, ""y0_a1"": {""n"": 183, ""accuracy"": 0.6612021857923497}, ""y1_a0"": {""n"": 128, ""accuracy"": 0.5703125}, ""y1_a1"": {""n"": 22, ""accuracy"": 0.8181818181818182}}",0.528517827140737,1
corr,transplant_neutral,dinov2_b14_518,erm,1.0,123,clean,0.7064761904761906,,0.7064761904761906,360,150,0,0.6333333333333333,0.641904761904762,,"{""y0_a0"": {""n"": 210, ""accuracy"": 0.5904761904761905}, ""y0_a1"": {""n"": 0, ""accuracy"": NaN}, ""y1_a0"": {""n"": 150, ""accuracy"": 0.6933333333333334}, ""y1_a1"": {""n"": 0, ""accuracy"": NaN}}",0.4109169460347083,1
corr,transplant_neutral,dinov2_b14_518,erm,1.0,123,test_corr,0.7765714285714287,0.7084405558414822,0.7462016574585636,360,150,163,0.6694444444444444,0.69,0.4137931034482758,"{""y0_a0"": {""n"": 181, ""accuracy"": 0.5911602209944752}, ""y0_a1"": {""n"": 29, ""accuracy"": 0.41379310344827586}, ""y1_a0"": {""n"": 16, ""accuracy"": 0.75}, ""y1_a1"": {""n"": 134, ""accuracy"": 0.8208955223880597}}",0.4109169460347083,1
corr,transplant_neutral,dinov2_b14_518,erm,1.0,123,test_rev,0.6223809523809524,0.5976076555023924,0.6636690647482014,360,150,201,0.5583333333333333,0.5804761904761905,0.4421052631578947,"{""y0_a0"": {""n"": 20, ""accuracy"": 0.5}, ""y0_a1"": {""n"": 190, ""accuracy"": 0.4421052631578947}, ""y1_a0"": {""n"": 139, ""accuracy"": 0.7122302158273381}, ""y1_a1"": {""n"": 11, ""accuracy"": 0.7272727272727273}}",0.4109169460347083,1
corr,transplant_neutral,dinov2_b14_518,mask,1.0,123,clean,0.8288571428571428,,0.8288571428571428,360,150,0,0.7555555555555555,0.7504761904761905,,"{""y0_a0"": {""n"": 210, ""accuracy"": 0.780952380952381}, ""y0_a1"": {""n"": 0, ""accuracy"": NaN}, ""y1_a0"": {""n"": 150, ""accuracy"": 0.72}, ""y1_a1"": {""n"": 0, ""accuracy"": NaN}}",0.4061155743422301,1
corr,transplant_neutral,dinov2_b14_518,mask,1.0,123,test_corr,0.8779047619047619,0.7493566649511065,0.8632596685082873,360,150,163,0.7777777777777778,0.7885714285714286,0.4482758620689655,"{""y0_a0"": {""n"": 181, ""accuracy"": 0.7679558011049724}, ""y0_a1"": {""n"": 29, ""accuracy"": 0.4482758620689655}, ""y1_a0"": {""n"": 16, ""accuracy"": 0.875}, ""y1_a1"": {""n"": 134, ""accuracy"": 0.8507462686567164}}",0.4061155743422301,1
corr,transplant_neutral,dinov2_b14_518,mask,1.0,123,test_rev,0.6915238095238094,0.7397129186602871,0.8906474820143885,360,150,201,0.6222222222222222,0.64,0.5,"{""y0_a0"": {""n"": 20, ""accuracy"": 0.85}, ""y0_a1"": {""n"": 190, ""accuracy"": 0.5}, ""y1_a0"": {""n"": 139, ""accuracy"": 0.7410071942446043}, ""y1_a1"": {""n"": 11, ""accuracy"": 0.8181818181818182}}",0.4061155743422301,1
corr,transplant_neutral,dinov2_b14_518,erm,1.0,456,clean,0.7079047619047619,,0.7079047619047619,360,150,0,0.6472222222222223,0.6499999999999999,,"{""y0_a0"": {""n"": 210, ""accuracy"": 0.6333333333333333}, ""y0_a1"": {""n"": 0, ""accuracy"": NaN}, ""y1_a0"": {""n"": 150, ""accuracy"": 0.6666666666666666}, ""y1_a1"": {""n"": 0, ""accuracy"": NaN}}",0.426466230459999,1
corr,transplant_neutral,dinov2_b14_518,erm,1.0,456,test_corr,0.7808571428571429,0.6247436773752563,0.7105757196495619,360,150,155,0.6916666666666667,0.7080952380952381,0.3636363636363636,"{""y0_a0"": {""n"": 188, ""accuracy"": 0.6382978723404256}, ""y0_a1"": {""n"": 22, ""accuracy"": 0.36363636363636365}, ""y1_a0"": {""n"": 17, ""accuracy"": 0.7058823529411765}, ""y1_a1"": {""n"": 133, ""accuracy"": 0.8195488721804511}}",0.426466230459999,1
corr,transplant_neutral,dinov2_b14_518,erm,1.0,456,test_rev,0.6197142857142858,0.8028656126482213,0.738240177089098,360,150,195,0.5611111111111111,0.5771428571428572,0.4510869565217391,"{""y0_a0"": {""n"": 26, ""accuracy"": 0.6923076923076923}, ""y0_a1"": {""n"": 184, ""accuracy"": 0.45108695652173914}, ""y1_a0"": {""n"": 139, ""accuracy"": 0.6546762589928058}, ""y1_a1"": {""n"": 11, ""accuracy"": 0.9090909090909091}}",0.426466230459999,1
corr,transplant_neutral,dinov2_b14_518,mask,1.0,456,clean,0.8327619047619047,,0.8327619047619047,360,150,0,0.7472222222222222,0.75,,"{""y0_a0"": {""n"": 210, ""accuracy"": 0.7333333333333333}, ""y0_a1"": {""n"": 0, ""accuracy"": NaN}, ""y1_a0"": {""n"": 150, ""accuracy"": 0.7666666666666667}, ""y1_a1"": {""n"": 0, ""accuracy"": NaN}}",0.3451084232957447,1
corr,transplant_neutral,dinov2_b14_518,mask,1.0,456,test_corr,0.8880634920634921,0.6910457963089542,0.8785982478097621,360,150,155,0.7694444444444445,0.7852380952380953,0.0909090909090909,"{""y0_a0"": {""n"": 188, ""accuracy"": 0.7606382978723404}, ""y0_a1"": {""n"": 22, ""accuracy"": 0.09090909090909091}, ""y1_a0"": {""n"": 17, ""accuracy"": 0.7647058823529411}, ""y1_a1"": {""n"": 133, ""accuracy"": 0.8947368421052632}}",0.3451084232957447,1
corr,transplant_neutral,dinov2_b14_518,mask,1.0,456,test_rev,0.6878412698412698,0.8162055335968379,0.8522412838959602,360,150,195,0.5972222222222222,0.6223809523809524,0.4347826086956521,"{""y0_a0"": {""n"": 26, ""accuracy"": 0.7307692307692307}, ""y0_a1"": {""n"": 184, ""accuracy"": 0.43478260869565216}, ""y1_a0"": {""n"": 139, ""accuracy"": 0.762589928057554}, ""y1_a1"": {""n"": 11, ""accuracy"": 0.9090909090909091}}",0.3451084232957447,1
corr,transplant_neutral,dinov2_b14_518,erm,1.0,789,clean,0.7052063492063492,,0.7052063492063492,360,150,0,0.6388888888888888,0.6466666666666667,,"{""y0_a0"": {""n"": 210, ""accuracy"": 0.6}, ""y0_a1"": {""n"": 0, ""accuracy"": NaN}, ""y1_a0"": {""n"": 150, ""accuracy"": 0.6933333333333334}, ""y1_a1"": {""n"": 0, ""accuracy"": NaN}}",0.4138340453379717,1
corr,transplant_neutral,dinov2_b14_518,erm,1.0,789,test_corr,0.7672063492063492,0.6911764705882353,0.6237314597970336,360,150,163,0.6583333333333333,0.6738095238095239,0.4074074074074074,"{""y0_a0"": {""n"": 183, ""accuracy"": 0.6065573770491803}, ""y0_a1"": {""n"": 27, ""accuracy"": 0.4074074074074074}, ""y1_a0"": {""n"": 14, ""accuracy"": 0.42857142857142855}, ""y1_a1"": {""n"": 136, ""accuracy"": 0.8014705882352942}}",0.4138340453379717,1
corr,transplant_neutral,dinov2_b14_518,erm,1.0,789,test_rev,0.6131746031746032,0.59386209645277,0.6792614856161443,360,150,206,0.5638888888888889,0.5833333333333333,0.4611398963730569,"{""y0_a0"": {""n"": 17, ""accuracy"": 0.5294117647058824}, ""y0_a1"": {""n"": 193, ""accuracy"": 0.46113989637305697}, ""y1_a0"": {""n"": 137, ""accuracy"": 0.7007299270072993}, ""y1_a1"": {""n"": 13, ""accuracy"": 0.6923076923076923}}",0.4138340453379717,1
corr,transplant_neutral,dinov2_b14_518,mask,1.0,789,clean,0.8300952380952381,,0.8300952380952381,360,150,0,0.7611111111111111,0.76,,"{""y0_a0"": {""n"": 210, ""accuracy"": 0.7666666666666667}, ""y0_a1"": {""n"": 0, ""accuracy"": NaN}, ""y1_a0"": {""n"": 150, ""accuracy"": 0.7533333333333333}, ""y1_a1"": {""n"": 0, ""accuracy"": NaN}}",0.3828543588181342,1
corr,transplant_neutral,dinov2_b14_518,mask,1.0,789,test_corr,0.8794285714285714,0.7369281045751634,0.7864949258391881,360,150,163,0.7861111111111111,0.7966666666666666,0.4444444444444444,"{""y0_a0"": {""n"": 183, ""accuracy"": 0.7759562841530054}, ""y0_a1"": {""n"": 27, ""accuracy"": 0.4444444444444444}, ""y1_a0"": {""n"": 14, ""accuracy"": 0.7142857142857143}, ""y1_a1"": {""n"": 136, ""accuracy"": 0.875}}",0.3828543588181342,1
corr,transplant_neutral,dinov2_b14_518,mask,1.0,789,test_rev,0.687968253968254,0.6823435631725787,0.8218119364534134,360,150,206,0.625,0.6433333333333333,0.5077720207253886,"{""y0_a0"": {""n"": 17, ""accuracy"": 0.8235294117647058}, ""y0_a1"": {""n"": 193, ""accuracy"": 0.5077720207253886}, ""y1_a0"": {""n"": 137, ""accuracy"": 0.7591240875912408}, ""y1_a1"": {""n"": 13, ""accuracy"": 0.6923076923076923}}",0.3828543588181342,1
corr,transplant_neutral,dinov2_b14_518,erm,1.0,2026,clean,0.7082857142857142,,0.7082857142857142,360,150,0,0.6416666666666667,0.6490476190476191,,"{""y0_a0"": {""n"": 210, ""accuracy"": 0.6047619047619047}, ""y0_a1"": {""n"": 0, ""accuracy"": NaN}, ""y1_a0"": {""n"": 150, ""accuracy"": 0.6933333333333334}, ""y1_a1"": {""n"": 0, ""accuracy"": NaN}}",0.4203172141128189,1
corr,transplant_neutral,dinov2_b14_518,erm,1.0,2026,test_corr,0.7752380952380953,0.6669753086419753,0.6878136200716846,360,150,159,0.6722222222222223,0.6895238095238095,0.2916666666666667,"{""y0_a0"": {""n"": 186, ""accuracy"": 0.6236559139784946}, ""y0_a1"": {""n"": 24, ""accuracy"": 0.2916666666666667}, ""y1_a0"": {""n"": 15, ""accuracy"": 0.6666666666666666}, ""y1_a1"": {""n"": 135, ""accuracy"": 0.8074074074074075}}",0.4203172141128189,1
corr,transplant_neutral,dinov2_b14_518,erm,1.0,2026,test_rev,0.6204761904761904,0.7207482993197278,0.6544973544973546,360,150,211,0.5638888888888889,0.5833333333333333,0.4591836734693877,"{""y0_a0"": {""n"": 14, ""accuracy"": 0.5714285714285714}, ""y0_a1"": {""n"": 196, ""accuracy"": 0.45918367346938777}, ""y1_a0"": {""n"": 135, ""accuracy"": 0.6814814814814815}, ""y1_a1"": {""n"": 15, ""accuracy"": 0.8666666666666667}}",0.4203172141128189,1
corr,transplant_neutral,dinov2_b14_518,mask,1.0,2026,clean,0.8291428571428572,,0.8291428571428572,360,150,0,0.7611111111111111,0.7523809523809524,,"{""y0_a0"": {""n"": 210, ""accuracy"": 0.8047619047619048}, ""y0_a1"": {""n"": 0, ""accuracy"": NaN}, ""y1_a0"": {""n"": 150, ""accuracy"": 0.7}, ""y1_a1"": {""n"": 0, ""accuracy"": NaN}}",0.4257174042115418,1
corr,transplant_neutral,dinov2_b14_518,mask,1.0,2026,test_corr,0.8849523809523808,0.7805555555555556,0.8566308243727598,360,150,159,0.8027777777777778,0.8071428571428572,0.5833333333333334,"{""y0_a0"": {""n"": 186, ""accuracy"": 0.8064516129032258}, ""y0_a1"": {""n"": 24, ""accuracy"": 0.5833333333333334}, ""y1_a0"": {""n"": 15, ""accuracy"": 0.6666666666666666}, ""y1_a1"": {""n"": 135, ""accuracy"": 0.8518518518518519}}",0.4257174042115418,1
corr,transplant_neutral,dinov2_b14_518,mask,1.0,2026,test_rev,0.6926666666666668,0.8054421768707483,0.701058201058201,360,150,211,0.6111111111111112,0.6257142857142857,0.5357142857142857,"{""y0_a0"": {""n"": 14, ""accuracy"": 0.5714285714285714}, ""y0_a1"": {""n"": 196, ""accuracy"": 0.5357142857142857}, ""y1_a0"": {""n"": 135, ""accuracy"": 0.6962962962962963}, ""y1_a1"": {""n"": 15, ""accuracy"": 0.8666666666666667}}",0.4257174042115418,1
corr,transplant_neutral,dinov2_b14_518,erm,0.0,42,clean,0.7162222222222221,,0.7162222222222221,360,150,0,0.6472222222222223,0.6499999999999999,,"{""y0_a0"": {""n"": 210, ""accuracy"": 0.6333333333333333}, ""y0_a1"": {""n"": 0, ""accuracy"": NaN}, ""y1_a0"": {""n"": 150, ""accuracy"": 0.6666666666666666}, ""y1_a1"": {""n"": 0, ""accuracy"": NaN}}",0.4593161246638935,2
corr,transplant_neutral,dinov2_b14_518,erm,0.0,42,test_corr,0.7820952380952381,0.72289972899729,0.7146555157307846,360,150,147,0.6833333333333333,0.6952380952380952,0.5833333333333334,"{""y0_a0"": {""n"": 186, ""accuracy"": 0.6290322580645161}, ""y0_a1"": {""n"": 24, ""accuracy"": 0.5833333333333334}, ""y1_a0"": {""n"": 27, ""accuracy"": 0.6296296296296297}, ""y1_a1"": {""n"": 123, ""accuracy"": 0.7967479674796748}}",0.4593161246638935,2
corr,transplant_neutral,dinov2_b14_518,erm,0.0,42,test_rev,0.6295873015873015,0.6878306878306879,0.6833507125477929,360,150,202,0.5944444444444444,0.6076190476190476,0.5238095238095238,"{""y0_a0"": {""n"": 21, ""accuracy"": 0.5714285714285714}, ""y0_a1"": {""n"": 189, ""accuracy"": 0.5238095238095238}, ""y1_a0"": {""n"": 137, ""accuracy"": 0.6861313868613139}, ""y1_a1"": {""n"": 13, ""accuracy"": 0.6923076923076923}}",0.4593161246638935,2
corr,transplant_neutral,dinov2_b14_518,mask,0.0,42,clean,0.8467936507936508,,0.8467936507936508,360,150,0,0.775,0.7804761904761905,,"{""y0_a0"": {""n"": 210, ""accuracy"": 0.7476190476190476}, ""y0_a1"": {""n"": 0, ""accuracy"": NaN}, ""y1_a0"": {""n"": 150, ""accuracy"": 0.8133333333333334}, ""y1_a1"": {""n"": 0, ""accuracy"": NaN}}",0.436640800991,2
corr,transplant_neutral,dinov2_b14_518,mask,0.0,42,test_corr,0.8467936507936508,0.8624661246612466,0.8518518518518519,360,150,147,0.775,0.7804761904761905,0.7473118279569892,"{""y0_a0"": {""n"": 186, ""accuracy"": 0.7473118279569892}, ""y0_a1"": {""n"": 24, ""accuracy"": 0.75}, ""y1_a0"": {""n"": 27, ""accuracy"": 0.8518518518518519}, ""y1_a1"": {""n"": 123, ""accuracy"": 0.8048780487804879}}",0.436640800991,2
corr,transplant_neutral,dinov2_b14_518,mask,0.0,42,test_rev,0.8467619047619047,0.8498168498168499,0.8394160583941607,360,150,202,0.775,0.7804761904761905,0.746031746031746,"{""y0_a0"": {""n"": 21, ""accuracy"": 0.7619047619047619}, ""y0_a1"": {""n"": 189, ""accuracy"": 0.746031746031746}, ""y1_a0"": {""n"": 137, ""accuracy"": 0.8102189781021898}, ""y1_a1"": {""n"": 13, ""accuracy"": 0.8461538461538461}}",0.436640800991,2
corr,transplant_neutral,dinov2_b14_518,erm,0.0,123,clean,0.7198730158730158,,0.7198730158730158,360,150,0,0.6666666666666666,0.6714285714285715,,"{""y0_a0"": {""n"": 210, ""accuracy"": 0.6428571428571429}, ""y0_a1"": {""n"": 0, ""accuracy"": NaN}, ""y1_a0"": {""n"": 150, ""accuracy"": 0.7}, ""y1_a1"": {""n"": 0, ""accuracy"": NaN}}",0.4580400983102412,2
corr,transplant_neutral,dinov2_b14_518,erm,0.0,123,test_corr,0.7888253968253969,0.7361466325660698,0.7327288428324698,360,150,155,0.6972222222222222,0.7119047619047619,0.3529411764705882,"{""y0_a0"": {""n"": 193, ""accuracy"": 0.6476683937823834}, ""y0_a1"": {""n"": 17, ""accuracy"": 0.35294117647058826}, ""y1_a0"": {""n"": 12, ""accuracy"": 0.75}, ""y1_a1"": {""n"": 138, ""accuracy"": 0.8043478260869565}}",0.4580400983102412,2
corr,transplant_neutral,dinov2_b14_518,erm,0.0,123,test_rev,0.6312698412698412,0.7169502617801047,0.7325216025137471,360,150,207,0.6055555555555555,0.62,0.5130890052356021,"{""y0_a0"": {""n"": 19, ""accuracy"": 0.7368421052631579}, ""y0_a1"": {""n"": 191, ""accuracy"": 0.5130890052356021}, ""y1_a0"": {""n"": 134, ""accuracy"": 0.7089552238805971}, ""y1_a1"": {""n"": 16, ""accuracy"": 0.6875}}",0.4580400983102412,2
corr,transplant_neutral,dinov2_b14_518,mask,0.0,123,clean,0.8467936507936508,,0.8467936507936508,360,150,0,0.775,0.7804761904761905,,"{""y0_a0"": {""n"": 210, ""accuracy"": 0.7476190476190476}, ""y0_a1"": {""n"": 0, ""accuracy"": NaN}, ""y1_a0"": {""n"": 150, ""accuracy"": 0.8133333333333334}, ""y1_a1"": {""n"": 0, ""accuracy"": NaN}}",0.4366391911653607,2
corr,transplant_neutral,dinov2_b14_518,mask,0.0,123,test_corr,0.8467936507936508,0.8665814151747656,0.8354922279792747,360,150,155,0.775,0.7804761904761905,0.6470588235294118,"{""y0_a0"": {""n"": 193, ""accuracy"": 0.7564766839378239}, ""y0_a1"": {""n"": 17, ""accuracy"": 0.6470588235294118}, ""y1_a0"": {""n"": 12, ""accuracy"": 0.75}, ""y1_a1"": {""n"": 138, ""accuracy"": 0.8188405797101449}}",0.4366391911653607,2
corr,transplant_neutral,dinov2_b14_518,mask,0.0,123,test_rev,0.8467619047619047,0.8867801047120418,0.8350353495679497,360,150,207,0.775,0.7804761904761905,0.743455497382199,"{""y0_a0"": {""n"": 19, ""accuracy"": 0.7894736842105263}, ""y0_a1"": {""n"": 191, ""accuracy"": 0.743455497382199}, ""y1_a0"": {""n"": 134, ""accuracy"": 0.8059701492537313}, ""y1_a1"": {""n"": 16, ""accuracy"": 0.875}}",0.4366391911653607,2
corr,transplant_neutral,dinov2_b14_518,erm,0.0,456,clean,0.7181587301587301,,0.7181587301587301,360,150,0,0.6583333333333333,0.6576190476190475,,"{""y0_a0"": {""n"": 210, ""accuracy"": 0.6619047619047619}, ""y0_a1"": {""n"": 0, ""accuracy"": NaN}, ""y1_a0"": {""n"": 150, ""accuracy"": 0.6533333333333333}, ""y1_a1"": {""n"": 0, ""accuracy"": NaN}}",0.4819054218566216,2
corr,transplant_neutral,dinov2_b14_518,erm,0.0,456,test_corr,0.7807936507936508,0.6402363184079601,0.783266129032258,360,150,158,0.6888888888888889,0.7,0.3333333333333333,"{""y0_a0"": {""n"": 186, ""accuracy"": 0.6720430107526881}, ""y0_a1"": {""n"": 24, ""accuracy"": 0.3333333333333333}, ""y1_a0"": {""n"": 16, ""accuracy"": 0.8125}, ""y1_a1"": {""n"": 134, ""accuracy"": 0.7611940298507462}}",0.4819054218566216,2
corr,transplant_neutral,dinov2_b14_518,erm,0.0,456,test_rev,0.6328888888888887,0.7853618421052633,0.6700593723494487,360,150,211,0.5972222222222222,0.6071428571428572,0.5416666666666666,"{""y0_a0"": {""n"": 18, ""accuracy"": 0.6111111111111112}, ""y0_a1"": {""n"": 192, ""accuracy"": 0.5416666666666666}, ""y1_a0"": {""n"": 131, ""accuracy"": 0.6335877862595419}, ""y1_a1"": {""n"": 19, ""accuracy"": 0.8947368421052632}}",0.4819054218566216,2
corr,transplant_neutral,dinov2_b14_518,mask,0.0,456,clean,0.8467936507936508,,0.8467936507936508,360,150,0,0.775,0.7804761904761905,,"{""y0_a0"": {""n"": 210, ""accuracy"": 0.7476190476190476}, ""y0_a1"": {""n"": 0, ""accuracy"": NaN}, ""y1_a0"": {""n"": 150, ""accuracy"": 0.8133333333333334}, ""y1_a1"": {""n"": 0, ""accuracy"": NaN}}",0.4366391911653607,2
corr,transplant_neutral,dinov2_b14_518,mask,0.0,456,test_corr,0.8467936507936508,0.8162313432835822,0.7459677419354838,360,150,158,0.775,0.7804761904761905,0.625,"{""y0_a0"": {""n"": 186, ""accuracy"": 0.7580645161290323}, ""y0_a1"": {""n"": 24, ""accuracy"": 0.6666666666666666}, ""y1_a0"": {""n"": 16, ""accuracy"": 0.625}, ""y1_a1"": {""n"": 134, ""accuracy"": 0.835820895522388}}",0.4366391911653607,2
corr,transplant_neutral,dinov2_b14_518,mask,0.0,456,test_rev,0.8467619047619047,0.8791118421052632,0.8647158608990669,360,150,211,0.775,0.7804761904761905,0.7395833333333334,"{""y0_a0"": {""n"": 18, ""accuracy"": 0.8333333333333334}, ""y0_a1"": {""n"": 192, ""accuracy"": 0.7395833333333334}, ""y1_a0"": {""n"": 131, ""accuracy"": 0.8091603053435115}, ""y1_a1"": {""n"": 19, ""accuracy"": 0.8421052631578947}}",0.4366391911653607,2
corr,transplant_neutral,dinov2_b14_518,erm,0.0,789,clean,0.7167619047619047,,0.7167619047619047,360,150,0,0.6694444444444444,0.670952380952381,,"{""y0_a0"": {""n"": 210, ""accuracy"": 0.6619047619047619}, ""y0_a1"": {""n"": 0, ""accuracy"": NaN}, ""y1_a0"": {""n"": 150, ""accuracy"": 0.68}, ""y1_a1"": {""n"": 0, ""accuracy"": NaN}}",0.4580450566904236,2
corr,transplant_neutral,dinov2_b14_518,erm,0.0,789,test_corr,0.7826031746031746,0.695223880597015,0.7195945945945946,360,150,159,0.6944444444444444,0.7047619047619048,0.4,"{""y0_a0"": {""n"": 185, ""accuracy"": 0.6756756756756757}, ""y0_a1"": {""n"": 25, ""accuracy"": 0.4}, ""y1_a0"": {""n"": 16, ""accuracy"": 0.625}, ""y1_a1"": {""n"": 134, ""accuracy"": 0.7835820895522388}}",0.4580450566904236,2
corr,transplant_neutral,dinov2_b14_518,erm,0.0,789,test_rev,0.6305079365079365,0.8089561855670104,0.6711753731343284,360,150,210,0.5944444444444444,0.6095238095238096,0.5103092783505154,"{""y0_a0"": {""n"": 16, ""accuracy"": 0.625}, ""y0_a1"": {""n"": 194, ""accuracy"": 0.5103092783505154}, ""y1_a0"": {""n"": 134, ""accuracy"": 0.664179104477612}, ""y1_a1"": {""n"": 16, ""accuracy"": 1.0}}",0.4580450566904236,2
corr,transplant_neutral,dinov2_b14_518,mask,0.0,789,clean,0.8467936507936508,,0.8467936507936508,360,150,0,0.775,0.7804761904761905,,"{""y0_a0"": {""n"": 210, ""accuracy"": 0.7476190476190476}, ""y0_a1"": {""n"": 0, ""accuracy"": NaN}, ""y1_a0"": {""n"": 150, ""accuracy"": 0.8133333333333334}, ""y1_a1"": {""n"": 0, ""accuracy"": NaN}}",0.4366412123349102,2
corr,transplant_neutral,dinov2_b14_518,mask,0.0,789,test_corr,0.8467619047619047,0.8053731343283582,0.8567567567567567,360,150,159,0.775,0.7804761904761905,0.6,"{""y0_a0"": {""n"": 185, ""accuracy"": 0.7675675675675676}, ""y0_a1"": {""n"": 25, ""accuracy"": 0.6}, ""y1_a0"": {""n"": 16, ""accuracy"": 0.8125}, ""y1_a1"": {""n"": 134, ""accuracy"": 0.8134328358208955}}",0.4366412123349102,2
corr,transplant_neutral,dinov2_b14_518,mask,0.0,789,test_rev,0.8467619047619047,0.950708762886598,0.7989738805970148,360,150,210,0.775,0.7804761904761905,0.7474226804123711,"{""y0_a0"": {""n"": 16, ""accuracy"": 0.75}, ""y0_a1"": {""n"": 194, ""accuracy"": 0.7474226804123711}, ""y1_a0"": {""n"": 134, ""accuracy"": 0.7910447761194029}, ""y1_a1"": {""n"": 16, ""accuracy"": 1.0}}",0.4366412123349102,2
corr,transplant_neutral,dinov2_b14_518,erm,0.0,2026,clean,0.717968253968254,,0.717968253968254,360,150,0,0.6583333333333333,0.6757142857142857,,"{""y0_a0"": {""n"": 210, ""accuracy"": 0.5714285714285714}, ""y0_a1"": {""n"": 0, ""accuracy"": NaN}, ""y1_a0"": {""n"": 150, ""accuracy"": 0.78}, ""y1_a1"": {""n"": 0, ""accuracy"": NaN}}",0.4032592165153461,2
corr,transplant_neutral,dinov2_b14_518,erm,0.0,2026,test_corr,0.7901904761904762,0.7147562582345192,0.8036347517730497,360,150,160,0.675,0.7004761904761905,0.4090909090909091,"{""y0_a0"": {""n"": 188, ""accuracy"": 0.5638297872340425}, ""y0_a1"": {""n"": 22, ""accuracy"": 0.4090909090909091}, ""y1_a0"": {""n"": 12, ""accuracy"": 0.8333333333333334}, ""y1_a1"": {""n"": 138, ""accuracy"": 0.855072463768116}}",0.4032592165153461,2
corr,transplant_neutral,dinov2_b14_518,erm,0.0,2026,test_rev,0.6233015873015874,0.851823708206687,0.8091577540106951,360,150,202,0.5833333333333334,0.6114285714285714,0.4148936170212766,"{""y0_a0"": {""n"": 22, ""accuracy"": 0.6818181818181818}, ""y0_a1"": {""n"": 188, ""accuracy"": 0.4148936170212766}, ""y1_a0"": {""n"": 136, ""accuracy"": 0.7647058823529411}, ""y1_a1"": {""n"": 14, ""accuracy"": 0.9285714285714286}}",0.4032592165153461,2
corr,transplant_neutral,dinov2_b14_518,mask,0.0,2026,clean,0.8467936507936508,,0.8467936507936508,360,150,0,0.775,0.7804761904761905,,"{""y0_a0"": {""n"": 210, ""accuracy"": 0.7476190476190476}, ""y0_a1"": {""n"": 0, ""accuracy"": NaN}, ""y1_a0"": {""n"": 150, ""accuracy"": 0.8133333333333334}, ""y1_a1"": {""n"": 0, ""accuracy"": NaN}}",0.4366384529804326,2
corr,transplant_neutral,dinov2_b14_518,mask,0.0,2026,test_corr,0.8467936507936508,0.8293807641633729,0.9038120567375886,360,150,160,0.775,0.7804761904761905,0.6818181818181818,"{""y0_a0"": {""n"": 188, ""accuracy"": 0.7553191489361702}, ""y0_a1"": {""n"": 22, ""accuracy"": 0.6818181818181818}, ""y1_a0"": {""n"": 12, ""accuracy"": 0.9166666666666666}, ""y1_a1"": {""n"": 138, ""accuracy"": 0.8043478260869565}}",0.4366384529804326,2
corr,transplant_neutral,dinov2_b14_518,mask,0.0,2026,test_rev,0.8467619047619047,0.8487841945288755,0.8622994652406416,360,150,202,0.775,0.7804761904761905,0.7446808510638298,"{""y0_a0"": {""n"": 22, ""accuracy"": 0.7727272727272727}, ""y0_a1"": {""n"": 188, ""accuracy"": 0.7446808510638298}, ""y1_a0"": {""n"": 136, ""accuracy"": 0.8014705882352942}, ""y1_a1"": {""n"": 14, ""accuracy"": 0.9285714285714286}}",0.4366384529804326,2
corr,transplant_neutral,dinov2_b14_518,erm,1.0,42,clean,0.7157460317460318,,0.7157460317460318,360,150,0,0.6555555555555556,0.6580952380952381,,"{""y0_a0"": {""n"": 210, ""accuracy"": 0.6428571428571429}, ""y0_a1"": {""n"": 0, ""accuracy"": NaN}, ""y1_a0"": {""n"": 150, ""accuracy"": 0.6733333333333333}, ""y1_a1"": {""n"": 0, ""accuracy"": NaN}}",0.4615194166031751,2
corr,transplant_neutral,dinov2_b14_518,erm,1.0,42,test_corr,0.7602222222222221,0.7042682926829268,0.7031063321385902,360,150,147,0.6638888888888889,0.6728571428571428,0.5,"{""y0_a0"": {""n"": 186, ""accuracy"": 0.6344086021505376}, ""y0_a1"": {""n"": 24, ""accuracy"": 0.5}, ""y1_a0"": {""n"": 27, ""accuracy"": 0.6296296296296297}, ""y1_a1"": {""n"": 123, ""accuracy"": 0.7479674796747967}}",0.4615194166031751,2
corr,transplant_neutral,dinov2_b14_518,erm,1.0,42,test_rev,0.6342222222222222,0.6174196174196174,0.721584984358707,360,150,202,0.5805555555555556,0.5966666666666667,0.4867724867724867,"{""y0_a0"": {""n"": 21, ""accuracy"": 0.6190476190476191}, ""y0_a1"": {""n"": 189, ""accuracy"": 0.48677248677248675}, ""y1_a0"": {""n"": 137, ""accuracy"": 0.7007299270072993}, ""y1_a1"": {""n"": 13, ""accuracy"": 0.6153846153846154}}",0.4615194166031751,2
corr,transplant_neutral,dinov2_b14_518,mask,1.0,42,clean,0.8249523809523809,,0.8249523809523809,360,150,0,0.75,0.7552380952380953,,"{""y0_a0"": {""n"": 210, ""accuracy"": 0.7238095238095238}, ""y0_a1"": {""n"": 0, ""accuracy"": NaN}, ""y1_a0"": {""n"": 150, ""accuracy"": 0.7866666666666666}, ""y1_a1"": {""n"": 0, ""accuracy"": NaN}}",0.3124114167289488,2
corr,transplant_neutral,dinov2_b14_518,mask,1.0,42,test_corr,0.8695555555555555,0.8258807588075882,0.8524492234169654,360,150,147,0.7638888888888888,0.7776190476190477,0.5,"{""y0_a0"": {""n"": 186, ""accuracy"": 0.7204301075268817}, ""y0_a1"": {""n"": 24, ""accuracy"": 0.5}, ""y1_a0"": {""n"": 27, ""accuracy"": 0.8518518518518519}, ""y1_a1"": {""n"": 123, ""accuracy"": 0.8617886178861789}}",0.3124114167289488,2
corr,transplant_neutral,dinov2_b14_518,mask,1.0,42,test_rev,0.7094603174603175,0.8241758241758241,0.8234271810914147,360,150,202,0.6194444444444445,0.6442857142857144,0.4708994708994709,"{""y0_a0"": {""n"": 21, ""accuracy"": 0.7142857142857143}, ""y0_a1"": {""n"": 189, ""accuracy"": 0.4708994708994709}, ""y1_a0"": {""n"": 137, ""accuracy"": 0.781021897810219}, ""y1_a1"": {""n"": 13, ""accuracy"": 0.9230769230769231}}",0.3124114167289488,2
corr,transplant_neutral,dinov2_b14_518,erm,1.0,123,clean,0.716984126984127,,0.716984126984127,360,150,0,0.6638888888888889,0.6680952380952381,,"{""y0_a0"": {""n"": 210, ""accuracy"": 0.6428571428571429}, ""y0_a1"": {""n"": 0, ""accuracy"": NaN}, ""y1_a0"": {""n"": 150, ""accuracy"": 0.6933333333333334}, ""y1_a1"": {""n"": 0, ""accuracy"": NaN}}",0.4585062331695324,2
corr,transplant_neutral,dinov2_b14_518,erm,1.0,123,test_corr,0.7776507936507937,0.717391304347826,0.7275474956822108,360,150,155,0.6861111111111111,0.6995238095238095,0.3529411764705882,"{""y0_a0"": {""n"": 193, ""accuracy"": 0.6424870466321243}, ""y0_a1"": {""n"": 17, ""accuracy"": 0.35294117647058826}, ""y1_a0"": {""n"": 12, ""accuracy"": 0.8333333333333334}, ""y1_a1"": {""n"": 138, ""accuracy"": 0.7753623188405797}}",0.4585062331695324,2
corr,transplant_neutral,dinov2_b14_518,erm,1.0,123,test_rev,0.6263809523809525,0.6737565445026179,0.7313432835820896,360,150,207,0.5694444444444444,0.588095238095238,0.4554973821989528,"{""y0_a0"": {""n"": 19, ""accuracy"": 0.6842105263157895}, ""y0_a1"": {""n"": 191, ""accuracy"": 0.45549738219895286}, ""y1_a0"": {""n"": 134, ""accuracy"": 0.6940298507462687}, ""y1_a1"": {""n"": 16, ""accuracy"": 0.75}}",0.4585062331695324,2
corr,transplant_neutral,dinov2_b14_518,mask,1.0,123,clean,0.8269523809523809,,0.8269523809523809,360,150,0,0.7305555555555555,0.729047619047619,,"{""y0_a0"": {""n"": 210, ""accuracy"": 0.7380952380952381}, ""y0_a1"": {""n"": 0, ""accuracy"": NaN}, ""y1_a0"": {""n"": 150, ""accuracy"": 0.72}, ""y1_a1"": {""n"": 0, ""accuracy"": NaN}}",0.3709250926261335,2
corr,transplant_neutral,dinov2_b14_518,mask,1.0,123,test_corr,0.8785079365079365,0.7612958226768969,0.7763385146804835,360,150,155,0.7694444444444445,0.7804761904761905,0.4117647058823529,"{""y0_a0"": {""n"": 193, ""accuracy"": 0.7409326424870466}, ""y0_a1"": {""n"": 17, ""accuracy"": 0.4117647058823529}, ""y1_a0"": {""n"": 12, ""accuracy"": 0.6666666666666666}, ""y1_a1"": {""n"": 138, ""accuracy"": 0.8623188405797102}}",0.3709250926261335,2
corr,transplant_neutral,dinov2_b14_518,mask,1.0,123,test_rev,0.6893333333333335,0.8268979057591623,0.7937941869599371,360,150,207,0.6138888888888889,0.6309523809523809,0.5078534031413613,"{""y0_a0"": {""n"": 19, ""accuracy"": 0.7368421052631579}, ""y0_a1"": {""n"": 191, ""accuracy"": 0.5078534031413613}, ""y1_a0"": {""n"": 134, ""accuracy"": 0.7089552238805971}, ""y1_a1"": {""n"": 16, ""accuracy"": 0.9375}}",0.3709250926261335,2
corr,transplant_neutral,dinov2_b14_518,erm,1.0,456,clean,0.7166984126984126,,0.7166984126984126,360,150,0,0.6611111111111111,0.660952380952381,,"{""y0_a0"": {""n"": 210, ""accuracy"": 0.6619047619047619}, ""y0_a1"": {""n"": 0, ""accuracy"": NaN}, ""y1_a0"": {""n"": 150, ""accuracy"": 0.66}, ""y1_a1"": {""n"": 0, ""accuracy"": NaN}}",0.4788492630158431,2
corr,transplant_neutral,dinov2_b14_518,erm,1.0,456,test_corr,0.7719999999999999,0.6651119402985076,0.7815860215053764,360,150,158,0.6916666666666667,0.7014285714285715,0.4166666666666667,"{""y0_a0"": {""n"": 186, ""accuracy"": 0.6720430107526881}, ""y0_a1"": {""n"": 24, ""accuracy"": 0.4166666666666667}, ""y1_a0"": {""n"": 16, ""accuracy"": 0.875}, ""y1_a1"": {""n"": 134, ""accuracy"": 0.746268656716418}}",0.4788492630158431,2
corr,transplant_neutral,dinov2_b14_518,erm,1.0,456,test_rev,0.6229206349206349,0.7335526315789473,0.6717557251908397,360,150,211,0.5777777777777777,0.5904761904761904,0.5052083333333334,"{""y0_a0"": {""n"": 18, ""accuracy"": 0.6111111111111112}, ""y0_a1"": {""n"": 192, ""accuracy"": 0.5052083333333334}, ""y1_a0"": {""n"": 131, ""accuracy"": 0.6412213740458015}, ""y1_a1"": {""n"": 19, ""accuracy"": 0.8421052631578947}}",0.4788492630158431,2
corr,transplant_neutral,dinov2_b14_518,mask,1.0,456,clean,0.824984126984127,,0.824984126984127,360,150,0,0.7638888888888888,0.7557142857142858,,"{""y0_a0"": {""n"": 210, ""accuracy"": 0.8047619047619048}, ""y0_a1"": {""n"": 0, ""accuracy"": NaN}, ""y1_a0"": {""n"": 150, ""accuracy"": 0.7066666666666667}, ""y1_a1"": {""n"": 0, ""accuracy"": NaN}}",0.4172706752060707,2
corr,transplant_neutral,dinov2_b14_518,mask,1.0,456,test_corr,0.8666031746031745,0.7409825870646766,0.7278225806451613,360,150,158,0.8,0.8028571428571428,0.5,"{""y0_a0"": {""n"": 186, ""accuracy"": 0.8225806451612904}, ""y0_a1"": {""n"": 24, ""accuracy"": 0.5}, ""y1_a0"": {""n"": 16, ""accuracy"": 0.5}, ""y1_a1"": {""n"": 134, ""accuracy"": 0.8582089552238806}}",0.4172706752060707,2
corr,transplant_neutral,dinov2_b14_518,mask,1.0,456,test_rev,0.6936825396825397,0.8081140350877193,0.8456318914334181,360,150,211,0.6416666666666667,0.6538095238095238,0.5572916666666666,"{""y0_a0"": {""n"": 18, ""accuracy"": 0.8333333333333334}, ""y0_a1"": {""n"": 192, ""accuracy"": 0.5572916666666666}, ""y1_a0"": {""n"": 131, ""accuracy"": 0.6946564885496184}, ""y1_a1"": {""n"": 19, ""accuracy"": 0.9473684210526315}}",0.4172706752060707,2
corr,transplant_neutral,dinov2_b14_518,erm,1.0,789,clean,0.7159682539682539,,0.7159682539682539,360,150,0,0.6416666666666667,0.6528571428571428,,"{""y0_a0"": {""n"": 210, ""accuracy"": 0.5857142857142857}, ""y0_a1"": {""n"": 0, ""accuracy"": NaN}, ""y1_a0"": {""n"": 150, ""accuracy"": 0.72}, ""y1_a1"": {""n"": 0, ""accuracy"": NaN}}",0.4272727229735719,2
corr,transplant_neutral,dinov2_b14_518,erm,1.0,789,test_corr,0.767015873015873,0.6480597014925373,0.7135135135135136,360,150,159,0.6583333333333333,0.6776190476190476,0.32,"{""y0_a0"": {""n"": 185, ""accuracy"": 0.5945945945945946}, ""y0_a1"": {""n"": 25, ""accuracy"": 0.32}, ""y1_a0"": {""n"": 16, ""accuracy"": 0.6875}, ""y1_a1"": {""n"": 134, ""accuracy"": 0.8059701492537313}}",0.4272727229735719,2
corr,transplant_neutral,dinov2_b14_518,erm,1.0,789,test_rev,0.633047619047619,0.7683634020618557,0.6767723880597015,360,150,210,0.5666666666666667,0.5904761904761905,0.4381443298969072,"{""y0_a0"": {""n"": 16, ""accuracy"": 0.5625}, ""y0_a1"": {""n"": 194, ""accuracy"": 0.4381443298969072}, ""y1_a0"": {""n"": 134, ""accuracy"": 0.7089552238805971}, ""y1_a1"": {""n"": 16, ""accuracy"": 0.9375}}",0.4272727229735719,2
corr,transplant_neutral,dinov2_b14_518,mask,1.0,789,clean,0.8294285714285715,,0.8294285714285715,360,150,0,0.7722222222222223,0.7657142857142858,,"{""y0_a0"": {""n"": 210, ""accuracy"": 0.8047619047619048}, ""y0_a1"": {""n"": 0, ""accuracy"": NaN}, ""y1_a0"": {""n"": 150, ""accuracy"": 0.7266666666666667}, ""y1_a1"": {""n"": 0, ""accuracy"": NaN}}",0.4281509204624528,2
corr,transplant_neutral,dinov2_b14_518,mask,1.0,789,test_corr,0.8741904761904763,0.7770149253731344,0.8425675675675676,360,150,159,0.7944444444444444,0.7971428571428572,0.52,"{""y0_a0"": {""n"": 185, ""accuracy"": 0.8162162162162162}, ""y0_a1"": {""n"": 25, ""accuracy"": 0.52}, ""y1_a0"": {""n"": 16, ""accuracy"": 0.6875}, ""y1_a1"": {""n"": 134, ""accuracy"": 0.8283582089552238}}",0.4281509204624528,2
corr,transplant_neutral,dinov2_b14_518,mask,1.0,789,test_rev,0.7107301587301588,0.8843427835051546,0.8409514925373134,360,150,210,0.6472222222222223,0.6595238095238095,0.5670103092783505,"{""y0_a0"": {""n"": 16, ""accuracy"": 0.8125}, ""y0_a1"": {""n"": 194, ""accuracy"": 0.5670103092783505}, ""y1_a0"": {""n"": 134, ""accuracy"": 0.7014925373134329}, ""y1_a1"": {""n"": 16, ""accuracy"": 1.0}}",0.4281509204624528,2
corr,transplant_neutral,dinov2_b14_518,erm,1.0,2026,clean,0.7156825396825397,,0.7156825396825397,360,150,0,0.6666666666666666,0.660952380952381,,"{""y0_a0"": {""n"": 210, ""accuracy"": 0.6952380952380952}, ""y0_a1"": {""n"": 0, ""accuracy"": NaN}, ""y1_a0"": {""n"": 150, ""accuracy"": 0.6266666666666667}, ""y1_a1"": {""n"": 0, ""accuracy"": NaN}}",0.4967149743776367,2
corr,transplant_neutral,dinov2_b14_518,erm,1.0,2026,test_corr,0.7795873015873016,0.7164031620553359,0.7801418439716312,360,150,160,0.7083333333333334,0.7119047619047618,0.5909090909090909,"{""y0_a0"": {""n"": 188, ""accuracy"": 0.7021276595744681}, ""y0_a1"": {""n"": 22, ""accuracy"": 0.5909090909090909}, ""y1_a0"": {""n"": 12, ""accuracy"": 0.6666666666666666}, ""y1_a1"": {""n"": 138, ""accuracy"": 0.7391304347826086}}",0.4967149743776367,2
corr,transplant_neutral,dinov2_b14_518,erm,1.0,2026,test_rev,0.6267936507936508,0.821048632218845,0.8068181818181818,360,150,202,0.5888888888888889,0.5942857142857143,0.526595744680851,"{""y0_a0"": {""n"": 22, ""accuracy"": 0.8636363636363636}, ""y0_a1"": {""n"": 188, ""accuracy"": 0.526595744680851}, ""y1_a0"": {""n"": 136, ""accuracy"": 0.5955882352941176}, ""y1_a1"": {""n"": 14, ""accuracy"": 0.9285714285714286}}",0.4967149743776367,2
corr,transplant_neutral,dinov2_b14_518,mask,1.0,2026,clean,0.8249523809523809,,0.8249523809523809,360,150,0,0.7472222222222222,0.7471428571428571,,"{""y0_a0"": {""n"": 210, ""accuracy"": 0.7476190476190476}, ""y0_a1"": {""n"": 0, ""accuracy"": NaN}, ""y1_a0"": {""n"": 150, ""accuracy"": 0.7466666666666667}, ""y1_a1"": {""n"": 0, ""accuracy"": NaN}}",0.3566347473288788,2
corr,transplant_neutral,dinov2_b14_518,mask,1.0,2026,test_corr,0.876031746031746,0.7822793148880106,0.8785460992907802,360,150,160,0.7638888888888888,0.7738095238095238,0.4545454545454545,"{""y0_a0"": {""n"": 188, ""accuracy"": 0.7446808510638298}, ""y0_a1"": {""n"": 22, ""accuracy"": 0.45454545454545453}, ""y1_a0"": {""n"": 12, ""accuracy"": 0.75}, ""y1_a1"": {""n"": 138, ""accuracy"": 0.8405797101449275}}",0.3566347473288788,2
corr,transplant_neutral,dinov2_b14_518,mask,1.0,2026,test_rev,0.7025714285714285,0.7982522796352584,0.7931149732620321,360,150,202,0.625,0.6423809523809524,0.5212765957446809,"{""y0_a0"": {""n"": 22, ""accuracy"": 0.6818181818181818}, ""y0_a1"": {""n"": 188, ""accuracy"": 0.5212765957446809}, ""y1_a0"": {""n"": 136, ""accuracy"": 0.7279411764705882}, ""y1_a1"": {""n"": 14, ""accuracy"": 0.9285714285714286}}",0.3566347473288788,2
corr,transplant_neutral,dinov2_b14_518,erm,0.0,42,clean,0.7661503228474188,,0.7661503228474188,360,149,0,0.625,0.6564299118928719,,"{""y0_a0"": {""n"": 211, ""accuracy"": 0.47393364928909953}, ""y0_a1"": {""n"": 0, ""accuracy"": NaN}, ""y1_a0"": {""n"": 149, ""accuracy"": 0.8389261744966443}, ""y1_a1"": {""n"": 0, ""accuracy"": NaN}}",0.3214149667009202,3
corr,transplant_neutral,dinov2_b14_518,erm,0.0,42,test_corr,0.8257260090969815,0.7974624060150375,0.7650641025641026,360,149,149,0.6388888888888888,0.675180508285887,0.4375,"{""y0_a0"": {""n"": 195, ""accuracy"": 0.4666666666666667}, ""y0_a1"": {""n"": 16, ""accuracy"": 0.4375}, ""y1_a0"": {""n"": 16, ""accuracy"": 0.8125}, ""y1_a1"": {""n"": 133, ""accuracy"": 0.8947368421052632}}",0.3214149667009202,3
corr,transplant_neutral,dinov2_b14_518,erm,0.0,42,test_rev,0.6693279048315786,0.6771025168815225,0.8391857506361324,360,149,199,0.5472222222222223,0.590079200992398,0.287292817679558,"{""y0_a0"": {""n"": 30, ""accuracy"": 0.6666666666666666}, ""y0_a1"": {""n"": 181, ""accuracy"": 0.287292817679558}, ""y1_a0"": {""n"": 131, ""accuracy"": 0.8396946564885496}, ""y1_a1"": {""n"": 18, ""accuracy"": 0.8333333333333334}}",0.3214149667009202,3
corr,transplant_neutral,dinov2_b14_518,mask,0.0,42,clean,0.8409618626546647,,0.8409618626546647,360,149,0,0.7694444444444445,0.7599319316772162,,"{""y0_a0"": {""n"": 211, ""accuracy"": 0.8151658767772512}, ""y0_a1"": {""n"": 0, ""accuracy"": NaN}, ""y1_a0"": {""n"": 149, ""accuracy"": 0.7046979865771812}, ""y1_a1"": {""n"": 0, ""accuracy"": NaN}}",0.5154185916823009,3
corr,transplant_neutral,dinov2_b14_518,mask,0.0,42,test_corr,0.8409618626546647,0.8435150375939849,0.8894230769230769,360,149,149,0.7694444444444445,0.7599319316772162,0.6917293233082706,"{""y0_a0"": {""n"": 195, ""accuracy"": 0.8102564102564103}, ""y0_a1"": {""n"": 16, ""accuracy"": 0.875}, ""y1_a0"": {""n"": 16, ""accuracy"": 0.8125}, ""y1_a1"": {""n"": 133, ""accuracy"": 0.6917293233082706}}",0.5154185916823009,3
corr,transplant_neutral,dinov2_b14_518,mask,0.0,42,test_rev,0.8409618626546647,0.8314917127071824,0.8539440203562341,360,149,199,0.7694444444444445,0.7599319316772162,0.6666666666666666,"{""y0_a0"": {""n"": 30, ""accuracy"": 0.8333333333333334}, ""y0_a1"": {""n"": 181, ""accuracy"": 0.8121546961325967}, ""y1_a0"": {""n"": 131, ""accuracy"": 0.7099236641221374}, ""y1_a1"": {""n"": 18, ""accuracy"": 0.6666666666666666}}",0.5154185916823009,3
corr,transplant_neutral,dinov2_b14_518,erm,0.0,123,clean,0.7640510194344603,,0.7640510194344603,360,149,0,0.675,0.688237539361939,,"{""y0_a0"": {""n"": 211, ""accuracy"": 0.6113744075829384}, ""y0_a1"": {""n"": 0, ""accuracy"": NaN}, ""y1_a0"": {""n"": 149, ""accuracy"": 0.7651006711409396}, ""y1_a1"": {""n"": 0, ""accuracy"": NaN}}",0.3797080543322313,3
corr,transplant_neutral,dinov2_b14_518,erm,0.0,123,test_corr,0.8199370208976113,0.667948717948718,0.8003817834742297,360,149,148,0.6972222222222222,0.7190273227519959,0.3333333333333333,"{""y0_a0"": {""n"": 193, ""accuracy"": 0.616580310880829}, ""y0_a1"": {""n"": 18, ""accuracy"": 0.3333333333333333}, ""y1_a0"": {""n"": 19, ""accuracy"": 0.7894736842105263}, ""y1_a1"": {""n"": 130, ""accuracy"": 0.8538461538461538}}",0.3797080543322313,3
corr,transplant_neutral,dinov2_b14_518,erm,0.0,123,test_rev,0.6634753013772703,0.735248447204969,0.7858796296296298,360,149,205,0.5666666666666667,0.5958204777505646,0.4021739130434782,"{""y0_a0"": {""n"": 27, ""accuracy"": 0.5925925925925926}, ""y0_a1"": {""n"": 184, ""accuracy"": 0.40217391304347827}, ""y1_a0"": {""n"": 128, ""accuracy"": 0.7578125}, ""y1_a1"": {""n"": 21, ""accuracy"": 0.8095238095238095}}",0.3797080543322313,3
corr,transplant_neutral,dinov2_b14_518,mask,0.0,123,clean,0.8410254779096027,,0.8410254779096027,360,149,0,0.7694444444444445,0.7599319316772162,,"{""y0_a0"": {""n"": 211, ""accuracy"": 0.8151658767772512}, ""y0_a1"": {""n"": 0, ""accuracy"": NaN}, ""y1_a0"": {""n"": 149, ""accuracy"": 0.7046979865771812}, ""y1_a1"": {""n"": 0, ""accuracy"": NaN}}",0.5154577817723806,3
corr,transplant_neutral,dinov2_b14_518,mask,0.0,123,test_corr,0.8410254779096027,0.8495726495726496,0.8489228251977092,360,149,148,0.7694444444444445,0.7599319316772162,0.6923076923076923,"{""y0_a0"": {""n"": 193, ""accuracy"": 0.8186528497409327}, ""y0_a1"": {""n"": 18, ""accuracy"": 0.7777777777777778}, ""y1_a0"": {""n"": 19, ""accuracy"": 0.7894736842105263}, ""y1_a1"": {""n"": 130, ""accuracy"": 0.6923076923076923}}",0.5154577817723806,3
corr,transplant_neutral,dinov2_b14_518,mask,0.0,123,test_rev,0.8409936702821338,0.8392857142857143,0.8530092592592592,360,149,205,0.7694444444444445,0.7599319316772162,0.703125,"{""y0_a0"": {""n"": 27, ""accuracy"": 0.8518518518518519}, ""y0_a1"": {""n"": 184, ""accuracy"": 0.8097826086956522}, ""y1_a0"": {""n"": 128, ""accuracy"": 0.703125}, ""y1_a1"": {""n"": 21, ""accuracy"": 0.7142857142857143}}",0.5154577817723806,3
corr,transplant_neutral,dinov2_b14_518,erm,0.0,456,clean,0.7737205381850568,,0.7737205381850568,360,149,0,0.625,0.657415948344413,,"{""y0_a0"": {""n"": 211, ""accuracy"": 0.46919431279620855}, ""y0_a1"": {""n"": 0, ""accuracy"": NaN}, ""y1_a0"": {""n"": 149, ""accuracy"": 0.8456375838926175}, ""y1_a1"": {""n"": 0, ""accuracy"": NaN}}",0.3253779564666716,3
corr,transplant_neutral,dinov2_b14_518,erm,0.0,456,test_corr,0.824930818410255,0.7809230769230769,0.7144878324844369,360,149,155,0.6388888888888888,0.6771525811889691,0.28,"{""y0_a0"": {""n"": 186, ""accuracy"": 0.478494623655914}, ""y0_a1"": {""n"": 25, ""accuracy"": 0.28}, ""y1_a0"": {""n"": 19, ""accuracy"": 0.7894736842105263}, ""y1_a1"": {""n"": 130, ""accuracy"": 0.9153846153846154}}",0.3253779564666716,3
corr,transplant_neutral,dinov2_b14_518,erm,0.0,456,test_rev,0.6753395464232324,0.8562091503267975,0.6922619047619047,360,149,196,0.5472222222222223,0.591065237443939,0.320855614973262,"{""y0_a0"": {""n"": 24, ""accuracy"": 0.4583333333333333}, ""y0_a1"": {""n"": 187, ""accuracy"": 0.32085561497326204}, ""y1_a0"": {""n"": 140, ""accuracy"": 0.8357142857142857}, ""y1_a1"": {""n"": 9, ""accuracy"": 1.0}}",0.3253779564666716,3
corr,transplant_neutral,dinov2_b14_518,mask,0.0,456,clean,0.8409936702821336,,0.8409936702821336,360,149,0,0.7694444444444445,0.7599319316772162,,"{""y0_a0"": {""n"": 211, ""accuracy"": 0.8151658767772512}, ""y0_a1"": {""n"": 0, ""accuracy"": NaN}, ""y1_a0"": {""n"": 149, ""accuracy"": 0.7046979865771812}, ""y1_a1"": {""n"": 0, ""accuracy"": NaN}}",0.5154097227992815,3
corr,transplant_neutral,dinov2_b14_518,mask,0.0,456,test_corr,0.8409936702821336,0.836923076923077,0.8180531975099037,360,149,155,0.7694444444444445,0.7599319316772162,0.6842105263157895,"{""y0_a0"": {""n"": 186, ""accuracy"": 0.8064516129032258}, ""y0_a1"": {""n"": 25, ""accuracy"": 0.88}, ""y1_a0"": {""n"": 19, ""accuracy"": 0.6842105263157895}, ""y1_a1"": {""n"": 130, ""accuracy"": 0.7076923076923077}}",0.5154097227992815,3
corr,transplant_neutral,dinov2_b14_518,mask,0.0,456,test_rev,0.8409618626546647,0.7950089126559715,0.8020833333333334,360,149,196,0.7694444444444445,0.7599319316772162,0.6666666666666666,"{""y0_a0"": {""n"": 24, ""accuracy"": 0.75}, ""y0_a1"": {""n"": 187, ""accuracy"": 0.8235294117647058}, ""y1_a0"": {""n"": 140, ""accuracy"": 0.7071428571428572}, ""y1_a1"": {""n"": 9, ""accuracy"": 0.6666666666666666}}",0.5154097227992815,3
corr,transplant_neutral,dinov2_b14_518,erm,0.0,789,clean,0.7632876363752028,,0.7632876363752028,360,149,0,0.6777777777777778,0.6896211711568434,,"{""y0_a0"": {""n"": 211, ""accuracy"": 0.6208530805687204}, ""y0_a1"": {""n"": 0, ""accuracy"": NaN}, ""y1_a0"": {""n"": 149, ""accuracy"": 0.7583892617449665}, ""y1_a1"": {""n"": 0, ""accuracy"": NaN}}",0.3934054896938027,3
corr,transplant_neutral,dinov2_b14_518,erm,0.0,789,test_corr,0.8225452463500748,0.7293080054274085,0.783068783068783,360,149,156,0.6944444444444444,0.7136995451509272,0.4545454545454545,"{""y0_a0"": {""n"": 189, ""accuracy"": 0.6190476190476191}, ""y0_a1"": {""n"": 22, ""accuracy"": 0.45454545454545453}, ""y1_a0"": {""n"": 15, ""accuracy"": 0.6666666666666666}, ""y1_a1"": {""n"": 134, ""accuracy"": 0.8432835820895522}}",0.3934054896938027,3
corr,transplant_neutral,dinov2_b14_518,erm,0.0,789,test_rev,0.6571455835109259,0.867283950617284,0.7276045122760451,360,149,201,0.5777777777777777,0.6062851871878876,0.4232804232804232,"{""y0_a0"": {""n"": 22, ""accuracy"": 0.5909090909090909}, ""y0_a1"": {""n"": 189, ""accuracy"": 0.42328042328042326}, ""y1_a0"": {""n"": 137, ""accuracy"": 0.7518248175182481}, ""y1_a1"": {""n"": 12, ""accuracy"": 1.0}}",0.3934054896938027,3
corr,transplant_neutral,dinov2_b14_518,mask,0.0,789,clean,0.8409618626546647,,0.8409618626546647,360,149,0,0.7694444444444445,0.7599319316772162,,"{""y0_a0"": {""n"": 211, ""accuracy"": 0.8151658767772512}, ""y0_a1"": {""n"": 0, ""accuracy"": NaN}, ""y1_a0"": {""n"": 149, ""accuracy"": 0.7046979865771812}, ""y1_a1"": {""n"": 0, ""accuracy"": NaN}}",0.5153026084694183,3
corr,transplant_neutral,dinov2_b14_518,mask,0.0,789,test_corr,0.8409618626546647,0.8585481682496606,0.9174603174603176,360,149,156,0.7694444444444445,0.7599319316772162,0.6865671641791045,"{""y0_a0"": {""n"": 189, ""accuracy"": 0.8095238095238095}, ""y0_a1"": {""n"": 22, ""accuracy"": 0.8636363636363636}, ""y1_a0"": {""n"": 15, ""accuracy"": 0.8666666666666667}, ""y1_a1"": {""n"": 134, ""accuracy"": 0.6865671641791045}}",0.5153026084694183,3
corr,transplant_neutral,dinov2_b14_518,mask,0.0,789,test_rev,0.8409300550271955,0.8906525573192239,0.7903118779031189,360,149,201,0.7694444444444445,0.7599319316772162,0.6934306569343066,"{""y0_a0"": {""n"": 22, ""accuracy"": 0.7727272727272727}, ""y0_a1"": {""n"": 189, ""accuracy"": 0.8201058201058201}, ""y1_a0"": {""n"": 137, ""accuracy"": 0.6934306569343066}, ""y1_a1"": {""n"": 12, ""accuracy"": 0.8333333333333334}}",0.5153026084694183,3
corr,transplant_neutral,dinov2_b14_518,erm,0.0,2026,clean,0.7580711854702757,,0.7580711854702757,360,149,0,0.6138888888888889,0.6430070931009256,,"{""y0_a0"": {""n"": 211, ""accuracy"": 0.47393364928909953}, ""y0_a1"": {""n"": 0, ""accuracy"": NaN}, ""y1_a0"": {""n"": 149, ""accuracy"": 0.8120805369127517}, ""y1_a1"": {""n"": 0, ""accuracy"": NaN}}",0.3290457245843943,3
corr,transplant_neutral,dinov2_b14_518,erm,0.0,2026,test_corr,0.8153249149145964,0.7802666666666667,0.7200255102040816,360,149,140,0.6333333333333333,0.6684690988899138,0.2666666666666666,"{""y0_a0"": {""n"": 196, ""accuracy"": 0.47959183673469385}, ""y0_a1"": {""n"": 15, ""accuracy"": 0.26666666666666666}, ""y1_a0"": {""n"": 24, ""accuracy"": 0.75}, ""y1_a1"": {""n"": 125, ""accuracy"": 0.896}}",0.3290457245843943,3
corr,transplant_neutral,dinov2_b14_518,erm,0.0,2026,test_rev,0.6535513216069213,0.7812946216087577,0.6244094488188977,360,149,213,0.5388888888888889,0.5809981233499794,0.3350785340314136,"{""y0_a0"": {""n"": 20, ""accuracy"": 0.35}, ""y0_a1"": {""n"": 191, ""accuracy"": 0.33507853403141363}, ""y1_a0"": {""n"": 127, ""accuracy"": 0.8110236220472441}, ""y1_a1"": {""n"": 22, ""accuracy"": 0.9090909090909091}}",0.3290457245843943,3
corr,transplant_neutral,dinov2_b14_518,mask,0.0,2026,clean,0.8409936702821336,,0.8409936702821336,360,149,0,0.7694444444444445,0.7599319316772162,,"{""y0_a0"": {""n"": 211, ""accuracy"": 0.8151658767772512}, ""y0_a1"": {""n"": 0, ""accuracy"": NaN}, ""y1_a0"": {""n"": 149, ""accuracy"": 0.7046979865771812}, ""y1_a1"": {""n"": 0, ""accuracy"": NaN}}",0.515395366390298,3
corr,transplant_neutral,dinov2_b14_518,mask,0.0,2026,test_corr,0.8409936702821336,0.8714666666666666,0.8779761904761905,360,149,140,0.7694444444444445,0.7599319316772162,0.696,"{""y0_a0"": {""n"": 196, ""accuracy"": 0.8112244897959183}, ""y0_a1"": {""n"": 15, ""accuracy"": 0.8666666666666667}, ""y1_a0"": {""n"": 24, ""accuracy"": 0.75}, ""y1_a1"": {""n"": 125, ""accuracy"": 0.696}}",0.515395366390298,3
corr,transplant_neutral,dinov2_b14_518,mask,0.0,2026,test_rev,0.8409936702821336,0.8450737743931461,0.8106299212598425,360,149,213,0.7694444444444445,0.7599319316772162,0.6929133858267716,"{""y0_a0"": {""n"": 20, ""accuracy"": 0.75}, ""y0_a1"": {""n"": 191, ""accuracy"": 0.8219895287958116}, ""y1_a0"": {""n"": 127, ""accuracy"": 0.6929133858267716}, ""y1_a1"": {""n"": 22, ""accuracy"": 0.7727272727272727}}",0.515395366390298,3
corr,transplant_neutral,dinov2_b14_518,erm,1.0,42,clean,0.7752791119310412,,0.7752791119310412,360,149,0,0.7083333333333334,0.7206177041254493,,"{""y0_a0"": {""n"": 211, ""accuracy"": 0.6492890995260664}, ""y0_a1"": {""n"": 0, ""accuracy"": NaN}, ""y1_a0"": {""n"": 149, ""accuracy"": 0.7919463087248322}, ""y1_a1"": {""n"": 0, ""accuracy"": NaN}}",0.404086855943856,3
corr,transplant_neutral,dinov2_b14_518,erm,1.0,42,test_corr,0.829320271000986,0.824718045112782,0.7522435897435897,360,149,149,0.7222222222222222,0.7393683005184644,0.625,"{""y0_a0"": {""n"": 195, ""accuracy"": 0.6410256410256411}, ""y0_a1"": {""n"": 16, ""accuracy"": 0.625}, ""y1_a0"": {""n"": 16, ""accuracy"": 0.6875}, ""y1_a1"": {""n"": 133, ""accuracy"": 0.8571428571428571}}",0.404086855943856,3
corr,transplant_neutral,dinov2_b14_518,erm,1.0,42,test_rev,0.686535831292344,0.6494782074892571,0.8320610687022899,360,149,199,0.6027777777777777,0.6305703107605204,0.4198895027624309,"{""y0_a0"": {""n"": 30, ""accuracy"": 0.7666666666666667}, ""y0_a1"": {""n"": 181, ""accuracy"": 0.4198895027624309}, ""y1_a0"": {""n"": 131, ""accuracy"": 0.7862595419847328}, ""y1_a1"": {""n"": 18, ""accuracy"": 0.8333333333333334}}",0.404086855943856,3
corr,transplant_neutral,dinov2_b14_518,mask,1.0,42,clean,0.8338051464741245,,0.8338051464741245,360,149,0,0.7361111111111112,0.7443143865899042,,"{""y0_a0"": {""n"": 211, ""accuracy"": 0.6966824644549763}, ""y0_a1"": {""n"": 0, ""accuracy"": NaN}, ""y1_a0"": {""n"": 149, ""accuracy"": 0.7919463087248322}, ""y1_a1"": {""n"": 0, ""accuracy"": NaN}}",0.2634359983194909,3
corr,transplant_neutral,dinov2_b14_518,mask,1.0,42,test_corr,0.9063265371035976,0.8439849624060151,0.8842948717948719,360,149,149,0.7833333333333333,0.8053055122618404,0.3125,"{""y0_a0"": {""n"": 195, ""accuracy"": 0.7076923076923077}, ""y0_a1"": {""n"": 16, ""accuracy"": 0.3125}, ""y1_a0"": {""n"": 16, ""accuracy"": 0.875}, ""y1_a1"": {""n"": 133, ""accuracy"": 0.9398496240601504}}",0.2634359983194909,3
corr,transplant_neutral,dinov2_b14_518,mask,1.0,42,test_rev,0.7571805719011417,0.8029465930018417,0.833587786259542,360,149,199,0.6277777777777778,0.6548554343331531,0.4696132596685083,"{""y0_a0"": {""n"": 30, ""accuracy"": 0.6666666666666666}, ""y0_a1"": {""n"": 181, ""accuracy"": 0.4696132596685083}, ""y1_a0"": {""n"": 131, ""accuracy"": 0.8015267175572519}, ""y1_a1"": {""n"": 18, ""accuracy"": 0.8888888888888888}}",0.2634359983194909,3
corr,transplant_neutral,dinov2_b14_518,erm,1.0,123,clean,0.7746111517541906,,0.7746111517541906,360,149,0,0.7138888888888889,0.7233849677152582,,"{""y0_a0"": {""n"": 211, ""accuracy"": 0.6682464454976303}, ""y0_a1"": {""n"": 0, ""accuracy"": NaN}, ""y1_a0"": {""n"": 149, ""accuracy"": 0.7785234899328859}, ""y1_a1"": {""n"": 0, ""accuracy"": NaN}}",0.4123778339374679,3
corr,transplant_neutral,dinov2_b14_518,erm,1.0,123,test_corr,0.8213365565062503,0.7017094017094018,0.8063812380692664,360,149,148,0.7333333333333333,0.7508190464073285,0.3888888888888889,"{""y0_a0"": {""n"": 193, ""accuracy"": 0.6735751295336787}, ""y0_a1"": {""n"": 18, ""accuracy"": 0.3888888888888889}, ""y1_a0"": {""n"": 19, ""accuracy"": 0.8421052631578947}, ""y1_a1"": {""n"": 130, ""accuracy"": 0.8538461538461538}}",0.4123778339374679,3
corr,transplant_neutral,dinov2_b14_518,erm,1.0,123,test_rev,0.6795381532491491,0.732919254658385,0.7931134259259258,360,149,205,0.5944444444444444,0.6214892331181017,0.4347826086956521,"{""y0_a0"": {""n"": 27, ""accuracy"": 0.6666666666666666}, ""y0_a1"": {""n"": 184, ""accuracy"": 0.43478260869565216}, ""y1_a0"": {""n"": 128, ""accuracy"": 0.765625}, ""y1_a1"": {""n"": 21, ""accuracy"": 0.8571428571428571}}",0.4123778339374679,3
corr,transplant_neutral,dinov2_b14_518,mask,1.0,123,clean,0.8294475015108623,,0.8294475015108623,360,149,0,0.725,0.7387798594102866,,"{""y0_a0"": {""n"": 211, ""accuracy"": 0.6587677725118484}, ""y0_a1"": {""n"": 0, ""accuracy"": NaN}, ""y1_a0"": {""n"": 149, ""accuracy"": 0.8187919463087249}, ""y1_a1"": {""n"": 0, ""accuracy"": NaN}}",0.2518832093097856,3
corr,transplant_neutral,dinov2_b14_518,mask,1.0,123,test_corr,0.896625210725532,0.8051282051282052,0.8652849740932641,360,149,148,0.7527777777777778,0.780225198002481,0.2777777777777778,"{""y0_a0"": {""n"": 193, ""accuracy"": 0.6528497409326425}, ""y0_a1"": {""n"": 18, ""accuracy"": 0.2777777777777778}, ""y1_a0"": {""n"": 19, ""accuracy"": 0.8947368421052632}, ""y1_a1"": {""n"": 130, ""accuracy"": 0.9461538461538461}}",0.2518832093097856,3
corr,transplant_neutral,dinov2_b14_518,mask,1.0,123,test_rev,0.7545723464486784,0.8341097308488613,0.8370949074074074,360,149,205,0.6194444444444445,0.6507045389484398,0.4510869565217391,"{""y0_a0"": {""n"": 27, ""accuracy"": 0.5925925925925926}, ""y0_a1"": {""n"": 184, ""accuracy"": 0.45108695652173914}, ""y1_a0"": {""n"": 128, ""accuracy"": 0.8125}, ""y1_a1"": {""n"": 21, ""accuracy"": 0.9523809523809523}}",0.2518832093097856,3
corr,transplant_neutral,dinov2_b14_518,erm,1.0,456,clean,0.7826902891313336,,0.7826902891313336,360,149,0,0.7222222222222222,0.7245777537453482,,"{""y0_a0"": {""n"": 211, ""accuracy"": 0.7109004739336493}, ""y0_a1"": {""n"": 0, ""accuracy"": NaN}, ""y1_a0"": {""n"": 149, ""accuracy"": 0.738255033557047}, ""y1_a1"": {""n"": 0, ""accuracy"": NaN}}",0.4447884376139708,3
corr,transplant_neutral,dinov2_b14_518,erm,1.0,456,test_corr,0.8237857438213684,0.7461538461538463,0.7255234861346915,360,149,155,0.7305555555555555,0.7435191959031776,0.4,"{""y0_a0"": {""n"": 186, ""accuracy"": 0.7043010752688172}, ""y0_a1"": {""n"": 25, ""accuracy"": 0.4}, ""y1_a0"": {""n"": 19, ""accuracy"": 0.6842105263157895}, ""y1_a1"": {""n"": 130, ""accuracy"": 0.8384615384615385}}",0.4447884376139708,3
corr,transplant_neutral,dinov2_b14_518,erm,1.0,456,test_rev,0.6935971245904767,0.9073083778966132,0.6964285714285714,360,149,196,0.625,0.6426254015712969,0.5294117647058824,"{""y0_a0"": {""n"": 24, ""accuracy"": 0.625}, ""y0_a1"": {""n"": 187, ""accuracy"": 0.5294117647058824}, ""y1_a0"": {""n"": 140, ""accuracy"": 0.7285714285714285}, ""y1_a1"": {""n"": 9, ""accuracy"": 1.0}}",0.4447884376139708,3
corr,transplant_neutral,dinov2_b14_518,mask,1.0,456,clean,0.8351728744552943,,0.8351728744552943,360,149,0,0.7555555555555555,0.7559718820573174,,"{""y0_a0"": {""n"": 211, ""accuracy"": 0.7535545023696683}, ""y0_a1"": {""n"": 0, ""accuracy"": NaN}, ""y1_a0"": {""n"": 149, ""accuracy"": 0.7583892617449665}, ""y1_a1"": {""n"": 0, ""accuracy"": NaN}}",0.3126371720461178,3
corr,transplant_neutral,dinov2_b14_518,mask,1.0,456,test_corr,0.8940487929005375,0.8526153846153847,0.8030560271646859,360,149,155,0.7916666666666666,0.8084703711950125,0.48,"{""y0_a0"": {""n"": 186, ""accuracy"": 0.7419354838709677}, ""y0_a1"": {""n"": 25, ""accuracy"": 0.48}, ""y1_a0"": {""n"": 19, ""accuracy"": 0.7368421052631579}, ""y1_a1"": {""n"": 130, ""accuracy"": 0.9307692307692308}}",0.3126371720461178,3
corr,transplant_neutral,dinov2_b14_518,mask,1.0,456,test_rev,0.7577531091955851,0.797979797979798,0.7955357142857142,360,149,196,0.6555555555555556,0.6736219345399026,0.5508021390374331,"{""y0_a0"": {""n"": 24, ""accuracy"": 0.7083333333333334}, ""y0_a1"": {""n"": 187, ""accuracy"": 0.5508021390374331}, ""y1_a0"": {""n"": 140, ""accuracy"": 0.7714285714285715}, ""y1_a1"": {""n"": 9, ""accuracy"": 0.8888888888888888}}",0.3126371720461178,3
corr,transplant_neutral,dinov2_b14_518,erm,1.0,789,clean,0.772861732243392,,0.772861732243392,360,149,0,0.7138888888888889,0.7164827125544706,,"{""y0_a0"": {""n"": 211, ""accuracy"": 0.7014218009478673}, ""y0_a1"": {""n"": 0, ""accuracy"": NaN}, ""y1_a0"": {""n"": 149, ""accuracy"": 0.7315436241610739}, ""y1_a1"": {""n"": 0, ""accuracy"": NaN}}",0.437910315706977,3
corr,transplant_neutral,dinov2_b14_518,erm,1.0,789,test_corr,0.8214955946435956,0.7259158751696064,0.8038800705467373,360,149,156,0.7388888888888889,0.749642164190973,0.5909090909090909,"{""y0_a0"": {""n"": 189, ""accuracy"": 0.6984126984126984}, ""y0_a1"": {""n"": 22, ""accuracy"": 0.5909090909090909}, ""y1_a0"": {""n"": 15, ""accuracy"": 0.7333333333333333}, ""y1_a1"": {""n"": 134, ""accuracy"": 0.8208955223880597}}",0.437910315706977,3
corr,transplant_neutral,dinov2_b14_518,erm,1.0,789,test_rev,0.680905881230319,0.7888007054673721,0.7415394824153949,360,149,201,0.6194444444444445,0.6378860650784058,0.5079365079365079,"{""y0_a0"": {""n"": 22, ""accuracy"": 0.7272727272727273}, ""y0_a1"": {""n"": 189, ""accuracy"": 0.5079365079365079}, ""y1_a0"": {""n"": 137, ""accuracy"": 0.7372262773722628}, ""y1_a1"": {""n"": 12, ""accuracy"": 0.8333333333333334}}",0.437910315706977,3
corr,transplant_neutral,dinov2_b14_518,mask,1.0,789,clean,0.829320271000986,,0.829320271000986,360,149,0,0.7666666666666667,0.7624924456884761,,"{""y0_a0"": {""n"": 211, ""accuracy"": 0.7867298578199052}, ""y0_a1"": {""n"": 0, ""accuracy"": NaN}, ""y1_a0"": {""n"": 149, ""accuracy"": 0.738255033557047}, ""y1_a1"": {""n"": 0, ""accuracy"": NaN}}",0.3439730827356298,3
corr,transplant_neutral,dinov2_b14_518,mask,1.0,789,test_corr,0.9050224243773658,0.8758480325644504,0.9047619047619048,360,149,156,0.8027777777777778,0.8120328254715481,0.5,"{""y0_a0"": {""n"": 189, ""accuracy"": 0.7883597883597884}, ""y0_a1"": {""n"": 22, ""accuracy"": 0.5}, ""y1_a0"": {""n"": 15, ""accuracy"": 0.8}, ""y1_a1"": {""n"": 134, ""accuracy"": 0.8731343283582089}}",0.3439730827356298,3
corr,transplant_neutral,dinov2_b14_518,mask,1.0,789,test_rev,0.750119278603009,0.8597883597883598,0.8069011280690113,360,149,201,0.6722222222222223,0.6838957982124114,0.6031746031746031,"{""y0_a0"": {""n"": 22, ""accuracy"": 0.7272727272727273}, ""y0_a1"": {""n"": 189, ""accuracy"": 0.6031746031746031}, ""y1_a0"": {""n"": 137, ""accuracy"": 0.7372262773722628}, ""y1_a1"": {""n"": 12, ""accuracy"": 0.9166666666666666}}",0.3439730827356298,3
corr,transplant_neutral,dinov2_b14_518,erm,1.0,2026,clean,0.7694901237316709,,0.7694901237316709,360,149,0,0.7194444444444444,0.7231941219504437,,"{""y0_a0"": {""n"": 211, ""accuracy"": 0.7014218009478673}, ""y0_a1"": {""n"": 0, ""accuracy"": NaN}, ""y1_a0"": {""n"": 149, ""accuracy"": 0.7449664429530202}, ""y1_a1"": {""n"": 0, ""accuracy"": NaN}}",0.44146259719606,3
corr,transplant_neutral,dinov2_b14_518,erm,1.0,2026,test_corr,0.8089951970482523,0.7637333333333334,0.7568027210884353,360,149,140,0.7305555555555555,0.7405610865485543,0.5333333333333333,"{""y0_a0"": {""n"": 196, ""accuracy"": 0.6938775510204082}, ""y0_a1"": {""n"": 15, ""accuracy"": 0.5333333333333333}, ""y1_a0"": {""n"": 24, ""accuracy"": 0.75}, ""y1_a1"": {""n"": 125, ""accuracy"": 0.808}}",0.44146259719606,3
corr,transplant_neutral,dinov2_b14_518,erm,1.0,2026,test_rev,0.6705047870479341,0.7629700142789148,0.6196850393700788,360,149,213,0.6166666666666667,0.6384745061865835,0.45,"{""y0_a0"": {""n"": 20, ""accuracy"": 0.45}, ""y0_a1"": {""n"": 191, ""accuracy"": 0.518324607329843}, ""y1_a0"": {""n"": 127, ""accuracy"": 0.7480314960629921}, ""y1_a1"": {""n"": 22, ""accuracy"": 0.8636363636363636}}",0.44146259719606,3
corr,transplant_neutral,dinov2_b14_518,mask,1.0,2026,clean,0.8315149972963517,,0.8315149972963517,360,149,0,0.7666666666666667,0.7654505550430993,,"{""y0_a0"": {""n"": 211, ""accuracy"": 0.7725118483412322}, ""y0_a1"": {""n"": 0, ""accuracy"": NaN}, ""y1_a0"": {""n"": 149, ""accuracy"": 0.7583892617449665}, ""y1_a1"": {""n"": 0, ""accuracy"": NaN}}",0.3199969751392347,3
corr,transplant_neutral,dinov2_b14_518,mask,1.0,2026,test_corr,0.8954165208817075,0.8922666666666668,0.8492772108843538,360,149,140,0.8,0.8096631572251025,0.6666666666666666,"{""y0_a0"": {""n"": 196, ""accuracy"": 0.7602040816326531}, ""y0_a1"": {""n"": 15, ""accuracy"": 0.6666666666666666}, ""y1_a0"": {""n"": 24, ""accuracy"": 0.75}, ""y1_a1"": {""n"": 125, ""accuracy"": 0.888}}",0.3199969751392347,3
corr,transplant_neutral,dinov2_b14_518,mask,1.0,2026,test_rev,0.7507554311523904,0.8419800095192765,0.7921259842519686,360,149,213,0.6583333333333333,0.6750055663348071,0.5654450261780105,"{""y0_a0"": {""n"": 20, ""accuracy"": 0.7}, ""y0_a1"": {""n"": 191, ""accuracy"": 0.5654450261780105}, ""y1_a0"": {""n"": 127, ""accuracy"": 0.7480314960629921}, ""y1_a1"": {""n"": 22, ""accuracy"": 0.9090909090909091}}",0.3199969751392347,3
corr,transplant_neutral,dinov2_b14_518,erm,0.0,42,clean,0.7525087887503995,,0.7525087887503995,359,149,0,0.6740947075208914,0.669766698625759,,"{""y0_a0"": {""n"": 210, ""accuracy"": 0.6952380952380952}, ""y0_a1"": {""n"": 0, ""accuracy"": NaN}, ""y1_a0"": {""n"": 149, ""accuracy"": 0.6442953020134228}, ""y1_a1"": {""n"": 0, ""accuracy"": NaN}}",0.4704308166710385,4
corr,transplant_neutral,dinov2_b14_518,erm,0.0,42,test_corr,0.8123681687440076,0.8464566929133859,0.741600790513834,359,149,153,0.724233983286908,0.7350431447746884,0.6363636363636364,"{""y0_a0"": {""n"": 184, ""accuracy"": 0.6630434782608695}, ""y0_a1"": {""n"": 26, ""accuracy"": 0.7307692307692307}, ""y1_a0"": {""n"": 22, ""accuracy"": 0.6363636363636364}, ""y1_a1"": {""n"": 127, ""accuracy"": 0.8267716535433071}}",0.4704308166710385,4
corr,transplant_neutral,dinov2_b14_518,erm,0.0,42,test_rev,0.6640140620006393,0.7781954887218044,0.6468309859154929,359,149,197,0.596100278551532,0.6050495365931607,0.5,"{""y0_a0"": {""n"": 20, ""accuracy"": 0.5}, ""y0_a1"": {""n"": 190, ""accuracy"": 0.5578947368421052}, ""y1_a0"": {""n"": 142, ""accuracy"": 0.6549295774647887}, ""y1_a1"": {""n"": 7, ""accuracy"": 0.7142857142857143}}",0.4704308166710385,4
corr,transplant_neutral,dinov2_b14_518,mask,0.0,42,clean,0.8478427612655801,,0.8478427612655801,359,149,0,0.7855153203342619,0.7913231064237776,,"{""y0_a0"": {""n"": 210, ""accuracy"": 0.7571428571428571}, ""y0_a1"": {""n"": 0, ""accuracy"": NaN}, ""y1_a0"": {""n"": 149, ""accuracy"": 0.825503355704698}, ""y1_a1"": {""n"": 0, ""accuracy"": NaN}}",0.4860814828468542,4
corr,transplant_neutral,dinov2_b14_518,mask,0.0,42,test_corr,0.8478427612655801,0.868564506359782,0.8747529644268774,359,149,153,0.7855153203342619,0.7913231064237776,0.7445652173913043,"{""y0_a0"": {""n"": 184, ""accuracy"": 0.7445652173913043}, ""y0_a1"": {""n"": 26, ""accuracy"": 0.8461538461538461}, ""y1_a0"": {""n"": 22, ""accuracy"": 0.9090909090909091}, ""y1_a1"": {""n"": 127, ""accuracy"": 0.8110236220472441}}",0.4860814828468542,4
corr,transplant_neutral,dinov2_b14_518,mask,0.0,42,test_rev,0.8478747203579419,0.8157894736842105,0.8524647887323944,359,149,197,0.7855153203342619,0.7913231064237776,0.7142857142857143,"{""y0_a0"": {""n"": 20, ""accuracy"": 0.75}, ""y0_a1"": {""n"": 190, ""accuracy"": 0.7578947368421053}, ""y1_a0"": {""n"": 142, ""accuracy"": 0.8309859154929577}, ""y1_a1"": {""n"": 7, ""accuracy"": 0.7142857142857143}}",0.4860814828468542,4
corr,transplant_neutral,dinov2_b14_518,erm,0.0,123,clean,0.7526685842122085,,0.7526685842122085,359,149,0,0.6740947075208914,0.6658676893576223,,"{""y0_a0"": {""n"": 210, ""accuracy"": 0.7142857142857143}, ""y0_a1"": {""n"": 0, ""accuracy"": NaN}, ""y1_a0"": {""n"": 149, ""accuracy"": 0.6174496644295302}, ""y1_a1"": {""n"": 0, ""accuracy"": NaN}}",0.4768572774586571,4
corr,transplant_neutral,dinov2_b14_518,erm,0.0,123,test_corr,0.816331096196868,0.7120441051738762,0.744212962962963,359,149,149,0.7381615598885793,0.7469479066794502,0.4444444444444444,"{""y0_a0"": {""n"": 192, ""accuracy"": 0.71875}, ""y0_a1"": {""n"": 18, ""accuracy"": 0.4444444444444444}, ""y1_a0"": {""n"": 18, ""accuracy"": 0.6666666666666666}, ""y1_a1"": {""n"": 131, ""accuracy"": 0.816793893129771}}",0.4768572774586571,4
corr,transplant_neutral,dinov2_b14_518,erm,0.0,123,test_rev,0.6608820709491849,0.7331399564902102,0.8165242165242166,359,149,211,0.5905292479108635,0.5993128795142217,0.5279187817258884,"{""y0_a0"": {""n"": 13, ""accuracy"": 0.8461538461538461}, ""y0_a1"": {""n"": 197, ""accuracy"": 0.5279187817258884}, ""y1_a0"": {""n"": 135, ""accuracy"": 0.6296296296296297}, ""y1_a1"": {""n"": 14, ""accuracy"": 0.8571428571428571}}",0.4768572774586571,4
corr,transplant_neutral,dinov2_b14_518,mask,0.0,123,clean,0.8478108021732184,,0.8478108021732184,359,149,0,0.7855153203342619,0.7913231064237776,,"{""y0_a0"": {""n"": 210, ""accuracy"": 0.7571428571428571}, ""y0_a1"": {""n"": 0, ""accuracy"": NaN}, ""y1_a0"": {""n"": 149, ""accuracy"": 0.825503355704698}, ""y1_a1"": {""n"": 0, ""accuracy"": NaN}}",0.4861427415745676,4
corr,transplant_neutral,dinov2_b14_518,mask,0.0,123,test_corr,0.8478108021732184,0.916030534351145,0.782986111111111,359,149,149,0.7855153203342619,0.7913231064237776,0.7447916666666666,"{""y0_a0"": {""n"": 192, ""accuracy"": 0.7447916666666666}, ""y0_a1"": {""n"": 18, ""accuracy"": 0.8888888888888888}, ""y1_a0"": {""n"": 18, ""accuracy"": 0.7777777777777778}, ""y1_a1"": {""n"": 131, ""accuracy"": 0.8320610687022901}}",0.4861427415745676,4
corr,transplant_neutral,dinov2_b14_518,mask,0.0,123,test_rev,0.8478427612655801,0.7915155910079767,0.7635327635327634,359,149,211,0.7855153203342619,0.7913231064237776,0.6923076923076923,"{""y0_a0"": {""n"": 13, ""accuracy"": 0.6923076923076923}, ""y0_a1"": {""n"": 197, ""accuracy"": 0.7614213197969543}, ""y1_a0"": {""n"": 135, ""accuracy"": 0.837037037037037}, ""y1_a1"": {""n"": 14, ""accuracy"": 0.7142857142857143}}",0.4861427415745676,4
corr,transplant_neutral,dinov2_b14_518,erm,0.0,456,clean,0.7531799296899968,,0.7531799296899968,359,149,0,0.6740947075208914,0.6551454138702462,,"{""y0_a0"": {""n"": 210, ""accuracy"": 0.7666666666666667}, ""y0_a1"": {""n"": 0, ""accuracy"": NaN}, ""y1_a0"": {""n"": 149, ""accuracy"": 0.5436241610738255}, ""y1_a1"": {""n"": 0, ""accuracy"": NaN}}",0.5289735040910084,4
corr,transplant_neutral,dinov2_b14_518,erm,0.0,456,test_corr,0.815755832534356,0.8211517165005537,0.7275510204081632,359,149,143,0.724233983286908,0.7184723553851071,0.4,"{""y0_a0"": {""n"": 196, ""accuracy"": 0.7551020408163265}, ""y0_a1"": {""n"": 14, ""accuracy"": 0.7142857142857143}, ""y1_a0"": {""n"": 20, ""accuracy"": 0.4}, ""y1_a1"": {""n"": 129, ""accuracy"": 0.7286821705426356}}",0.5289735040910084,4
corr,transplant_neutral,dinov2_b14_518,erm,0.0,456,test_rev,0.6770533716842441,0.7556818181818181,0.7475845410628019,359,149,203,0.6267409470752089,0.6195429849792267,0.5652173913043478,"{""y0_a0"": {""n"": 18, ""accuracy"": 0.8333333333333334}, ""y0_a1"": {""n"": 192, ""accuracy"": 0.6458333333333334}, ""y1_a0"": {""n"": 138, ""accuracy"": 0.5652173913043478}, ""y1_a1"": {""n"": 11, ""accuracy"": 0.7272727272727273}}",0.5289735040910084,4
corr,transplant_neutral,dinov2_b14_518,mask,0.0,456,clean,0.8478427612655801,,0.8478427612655801,359,149,0,0.7855153203342619,0.7913231064237776,,"{""y0_a0"": {""n"": 210, ""accuracy"": 0.7571428571428571}, ""y0_a1"": {""n"": 0, ""accuracy"": NaN}, ""y1_a0"": {""n"": 149, ""accuracy"": 0.825503355704698}, ""y1_a1"": {""n"": 0, ""accuracy"": NaN}}",0.4860867997770873,4
corr,transplant_neutral,dinov2_b14_518,mask,0.0,456,test_corr,0.8478427612655801,0.9435215946843852,0.8262755102040816,359,149,143,0.7855153203342619,0.7913231064237776,0.7448979591836735,"{""y0_a0"": {""n"": 196, ""accuracy"": 0.7448979591836735}, ""y0_a1"": {""n"": 14, ""accuracy"": 0.9285714285714286}, ""y1_a0"": {""n"": 20, ""accuracy"": 0.8}, ""y1_a1"": {""n"": 129, ""accuracy"": 0.8294573643410853}}",0.4860867997770873,4
corr,transplant_neutral,dinov2_b14_518,mask,0.0,456,test_rev,0.8478747203579419,0.8039772727272727,0.8051529790660226,359,149,203,0.7855153203342619,0.7913231064237776,0.6666666666666666,"{""y0_a0"": {""n"": 18, ""accuracy"": 0.6666666666666666}, ""y0_a1"": {""n"": 192, ""accuracy"": 0.765625}, ""y1_a0"": {""n"": 138, ""accuracy"": 0.8333333333333334}, ""y1_a1"": {""n"": 11, ""accuracy"": 0.7272727272727273}}",0.4860867997770873,4
corr,transplant_neutral,dinov2_b14_518,erm,0.0,789,clean,0.7507510386705017,,0.7507510386705017,359,149,0,0.6824512534818942,0.6817833173537872,,"{""y0_a0"": {""n"": 210, ""accuracy"": 0.6857142857142857}, ""y0_a1"": {""n"": 0, ""accuracy"": NaN}, ""y1_a0"": {""n"": 149, ""accuracy"": 0.6778523489932886}, ""y1_a1"": {""n"": 0, ""accuracy"": NaN}}",0.4532134009650067,4
corr,transplant_neutral,dinov2_b14_518,erm,0.0,789,test_corr,0.8173857462448066,0.7649753347427767,0.7664893617021277,359,149,151,0.7270194986072424,0.738398849472675,0.5454545454545454,"{""y0_a0"": {""n"": 188, ""accuracy"": 0.6861702127659575}, ""y0_a1"": {""n"": 22, ""accuracy"": 0.5454545454545454}, ""y1_a0"": {""n"": 20, ""accuracy"": 0.65}, ""y1_a1"": {""n"": 129, ""accuracy"": 0.8294573643410853}}",0.4532134009650067,4
corr,transplant_neutral,dinov2_b14_518,erm,0.0,789,test_rev,0.6592521572387344,0.8306878306878307,0.7918871252204586,359,149,203,0.5988857938718662,0.6142537551933525,0.5026455026455027,"{""y0_a0"": {""n"": 21, ""accuracy"": 0.7142857142857143}, ""y0_a1"": {""n"": 189, ""accuracy"": 0.5026455026455027}, ""y1_a0"": {""n"": 135, ""accuracy"": 0.674074074074074}, ""y1_a1"": {""n"": 14, ""accuracy"": 1.0}}",0.4532134009650067,4
corr,transplant_neutral,dinov2_b14_518,mask,0.0,789,clean,0.8478747203579419,,0.8478747203579419,359,149,0,0.7855153203342619,0.7913231064237776,,"{""y0_a0"": {""n"": 210, ""accuracy"": 0.7571428571428571}, ""y0_a1"": {""n"": 0, ""accuracy"": NaN}, ""y1_a0"": {""n"": 149, ""accuracy"": 0.825503355704698}, ""y1_a1"": {""n"": 0, ""accuracy"": NaN}}",0.4860743989587748,4
corr,transplant_neutral,dinov2_b14_518,mask,0.0,789,test_corr,0.8478747203579419,0.864693446088795,0.8183510638297873,359,149,151,0.7855153203342619,0.7913231064237776,0.7272727272727273,"{""y0_a0"": {""n"": 188, ""accuracy"": 0.7606382978723404}, ""y0_a1"": {""n"": 22, ""accuracy"": 0.7272727272727273}, ""y1_a0"": {""n"": 20, ""accuracy"": 0.8}, ""y1_a1"": {""n"": 129, ""accuracy"": 0.8294573643410853}}",0.4860743989587748,4
corr,transplant_neutral,dinov2_b14_518,mask,0.0,789,test_rev,0.8479066794503036,0.8189720332577475,0.8673721340388008,359,149,203,0.7855153203342619,0.7913231064237776,0.7513227513227513,"{""y0_a0"": {""n"": 21, ""accuracy"": 0.8095238095238095}, ""y0_a1"": {""n"": 189, ""accuracy"": 0.7513227513227513}, ""y1_a0"": {""n"": 135, ""accuracy"": 0.8296296296296296}, ""y1_a1"": {""n"": 14, ""accuracy"": 0.7857142857142857}}",0.4860743989587748,4
corr,transplant_neutral,dinov2_b14_518,erm,0.0,2026,clean,0.7460530520933206,,0.7460530520933206,359,149,0,0.6685236768802229,0.6679290508149569,,"{""y0_a0"": {""n"": 210, ""accuracy"": 0.6714285714285714}, ""y0_a1"": {""n"": 0, ""accuracy"": NaN}, ""y1_a0"": {""n"": 149, ""accuracy"": 0.6644295302013423}, ""y1_a1"": {""n"": 0, ""accuracy"": NaN}}",0.4524619867362086,4
corr,transplant_neutral,dinov2_b14_518,erm,0.0,2026,test_corr,0.8162991371045063,0.5637204522096608,0.7479591836734695,359,149,153,0.724233983286908,0.7399169063598594,0.1428571428571428,"{""y0_a0"": {""n"": 196, ""accuracy"": 0.6836734693877551}, ""y0_a1"": {""n"": 14, ""accuracy"": 0.14285714285714285}, ""y1_a0"": {""n"": 10, ""accuracy"": 0.8}, ""y1_a1"": {""n"": 139, ""accuracy"": 0.8345323741007195}}",0.4524619867362086,4
corr,transplant_neutral,dinov2_b14_518,erm,0.0,2026,test_rev,0.656599552572707,0.7089151450053706,0.7291208791208792,359,149,215,0.6044568245125348,0.6190156599552572,0.5204081632653061,"{""y0_a0"": {""n"": 14, ""accuracy"": 0.7142857142857143}, ""y0_a1"": {""n"": 196, ""accuracy"": 0.5204081632653061}, ""y1_a0"": {""n"": 130, ""accuracy"": 0.6923076923076923}, ""y1_a1"": {""n"": 19, ""accuracy"": 0.7894736842105263}}",0.4524619867362086,4
corr,transplant_neutral,dinov2_b14_518,mask,0.0,2026,clean,0.8478108021732184,,0.8478108021732184,359,149,0,0.7855153203342619,0.7913231064237776,,"{""y0_a0"": {""n"": 210, ""accuracy"": 0.7571428571428571}, ""y0_a1"": {""n"": 0, ""accuracy"": NaN}, ""y1_a0"": {""n"": 149, ""accuracy"": 0.825503355704698}, ""y1_a1"": {""n"": 0, ""accuracy"": NaN}}",0.4860203324882513,4
corr,transplant_neutral,dinov2_b14_518,mask,0.0,2026,test_corr,0.8478108021732184,0.8756423432682426,0.8408163265306123,359,149,153,0.7855153203342619,0.7913231064237776,0.75,"{""y0_a0"": {""n"": 196, ""accuracy"": 0.75}, ""y0_a1"": {""n"": 14, ""accuracy"": 0.8571428571428571}, ""y1_a0"": {""n"": 10, ""accuracy"": 0.8}, ""y1_a1"": {""n"": 139, ""accuracy"": 0.8273381294964028}}",0.4860203324882513,4
corr,transplant_neutral,dinov2_b14_518,mask,0.0,2026,test_rev,0.8478427612655801,0.8786251342642319,0.789010989010989,359,149,215,0.7855153203342619,0.7913231064237776,0.7142857142857143,"{""y0_a0"": {""n"": 14, ""accuracy"": 0.7142857142857143}, ""y0_a1"": {""n"": 196, ""accuracy"": 0.7602040816326531}, ""y1_a0"": {""n"": 130, ""accuracy"": 0.8307692307692308}, ""y1_a1"": {""n"": 19, ""accuracy"": 0.7894736842105263}}",0.4860203324882513,4
corr,transplant_neutral,dinov2_b14_518,erm,1.0,42,clean,0.7456056248002556,,0.7456056248002556,359,149,0,0.6768802228412256,0.6809204218600191,,"{""y0_a0"": {""n"": 210, ""accuracy"": 0.6571428571428571}, ""y0_a1"": {""n"": 0, ""accuracy"": NaN}, ""y1_a0"": {""n"": 149, ""accuracy"": 0.7046979865771812}, ""y1_a1"": {""n"": 0, ""accuracy"": NaN}}",0.443937095663601,4
corr,transplant_neutral,dinov2_b14_518,erm,1.0,42,test_corr,0.7899328859060403,0.8073894609327681,0.7156620553359684,359,149,153,0.6852367688022284,0.6987855544902525,0.5769230769230769,"{""y0_a0"": {""n"": 184, ""accuracy"": 0.625}, ""y0_a1"": {""n"": 26, ""accuracy"": 0.5769230769230769}, ""y1_a0"": {""n"": 22, ""accuracy"": 0.7272727272727273}, ""y1_a1"": {""n"": 127, ""accuracy"": 0.7874015748031497}}",0.443937095663601,4
corr,transplant_neutral,dinov2_b14_518,erm,1.0,42,test_rev,0.663023330137424,0.8150375939849623,0.6390845070422535,359,149,197,0.6128133704735376,0.629082774049217,0.45,"{""y0_a0"": {""n"": 20, ""accuracy"": 0.45}, ""y0_a1"": {""n"": 190, ""accuracy"": 0.5421052631578948}, ""y1_a0"": {""n"": 142, ""accuracy"": 0.7183098591549296}, ""y1_a1"": {""n"": 7, ""accuracy"": 0.8571428571428571}}",0.443937095663601,4
corr,transplant_neutral,dinov2_b14_518,mask,1.0,42,clean,0.8192074145094279,,0.8192074145094279,359,149,0,0.7270194986072424,0.7169542984979227,,"{""y0_a0"": {""n"": 210, ""accuracy"": 0.7761904761904762}, ""y0_a1"": {""n"": 0, ""accuracy"": NaN}, ""y1_a0"": {""n"": 149, ""accuracy"": 0.6577181208053692}, ""y1_a1"": {""n"": 0, ""accuracy"": NaN}}",0.4397765529968898,4
corr,transplant_neutral,dinov2_b14_518,mask,1.0,42,test_corr,0.8831255992329818,0.8131435493640218,0.8386857707509882,359,149,153,0.8133704735376045,0.8239054010866091,0.6153846153846154,"{""y0_a0"": {""n"": 184, ""accuracy"": 0.782608695652174}, ""y0_a1"": {""n"": 26, ""accuracy"": 0.6153846153846154}, ""y1_a0"": {""n"": 22, ""accuracy"": 0.6818181818181818}, ""y1_a1"": {""n"": 127, ""accuracy"": 0.9212598425196851}}",0.4397765529968898,4
corr,transplant_neutral,dinov2_b14_518,mask,1.0,42,test_rev,0.6902205177372962,0.8894736842105263,0.7943661971830986,359,149,197,0.6239554317548747,0.6298338127197187,0.5842105263157895,"{""y0_a0"": {""n"": 20, ""accuracy"": 0.7}, ""y0_a1"": {""n"": 190, ""accuracy"": 0.5842105263157895}, ""y1_a0"": {""n"": 142, ""accuracy"": 0.647887323943662}, ""y1_a1"": {""n"": 7, ""accuracy"": 1.0}}",0.4397765529968898,4
corr,transplant_neutral,dinov2_b14_518,erm,1.0,123,clean,0.744550974752317,,0.744550974752317,359,149,0,0.6880222841225627,0.6904442313838287,,"{""y0_a0"": {""n"": 210, ""accuracy"": 0.6761904761904762}, ""y0_a1"": {""n"": 0, ""accuracy"": NaN}, ""y1_a0"": {""n"": 149, ""accuracy"": 0.7046979865771812}, ""y1_a1"": {""n"": 0, ""accuracy"": NaN}}",0.4483496634857095,4
corr,transplant_neutral,dinov2_b14_518,erm,1.0,123,test_corr,0.7976030680728667,0.7120441051738762,0.7219328703703703,359,149,149,0.7103064066852368,0.7192393736017897,0.4444444444444444,"{""y0_a0"": {""n"": 192, ""accuracy"": 0.6875}, ""y0_a1"": {""n"": 18, ""accuracy"": 0.4444444444444444}, ""y1_a0"": {""n"": 18, ""accuracy"": 0.6666666666666666}, ""y1_a1"": {""n"": 131, ""accuracy"": 0.7862595419847328}}",0.4483496634857095,4
corr,transplant_neutral,dinov2_b14_518,erm,1.0,123,test_rev,0.6549057206775328,0.6530094271211022,0.8205128205128206,359,149,211,0.6044568245125348,0.6199904122722915,0.5076142131979695,"{""y0_a0"": {""n"": 13, ""accuracy"": 0.8461538461538461}, ""y0_a1"": {""n"": 197, ""accuracy"": 0.5076142131979695}, ""y1_a0"": {""n"": 135, ""accuracy"": 0.7111111111111111}, ""y1_a1"": {""n"": 14, ""accuracy"": 0.7142857142857143}}",0.4483496634857095,4
corr,transplant_neutral,dinov2_b14_518,mask,1.0,123,clean,0.8154362416107384,,0.8154362416107384,359,149,0,0.7325905292479109,0.7197666986257589,,"{""y0_a0"": {""n"": 210, ""accuracy"": 0.7952380952380952}, ""y0_a1"": {""n"": 0, ""accuracy"": NaN}, ""y1_a0"": {""n"": 149, ""accuracy"": 0.6442953020134228}, ""y1_a1"": {""n"": 0, ""accuracy"": NaN}}",0.4543929679588683,4
corr,transplant_neutral,dinov2_b14_518,mask,1.0,123,test_corr,0.8754873761585171,0.8265479219677693,0.748263888888889,359,149,149,0.8022284122562674,0.8095078299776286,0.4444444444444444,"{""y0_a0"": {""n"": 192, ""accuracy"": 0.78125}, ""y0_a1"": {""n"": 18, ""accuracy"": 0.6111111111111112}, ""y1_a0"": {""n"": 18, ""accuracy"": 0.4444444444444444}, ""y1_a1"": {""n"": 131, ""accuracy"": 0.9083969465648855}}",0.4543929679588683,4
corr,transplant_neutral,dinov2_b14_518,mask,1.0,123,test_rev,0.6911792905081495,0.73821609862219,0.7783475783475784,359,149,211,0.6350974930362117,0.6422818791946309,0.5888324873096447,"{""y0_a0"": {""n"": 13, ""accuracy"": 0.7692307692307693}, ""y0_a1"": {""n"": 197, ""accuracy"": 0.5888324873096447}, ""y1_a0"": {""n"": 135, ""accuracy"": 0.6666666666666666}, ""y1_a1"": {""n"": 14, ""accuracy"": 0.8571428571428571}}",0.4543929679588683,4
corr,transplant_neutral,dinov2_b14_518,erm,1.0,456,clean,0.7460210930009588,,0.7460210930009588,359,149,0,0.6796657381615598,0.6764781080217321,,"{""y0_a0"": {""n"": 210, ""accuracy"": 0.6952380952380952}, ""y0_a1"": {""n"": 0, ""accuracy"": NaN}, ""y1_a0"": {""n"": 149, ""accuracy"": 0.6577181208053692}, ""y1_a1"": {""n"": 0, ""accuracy"": NaN}}",0.4639783266249812,4
corr,transplant_neutral,dinov2_b14_518,erm,1.0,456,test_corr,0.8017577500798977,0.8161683277962347,0.7295918367346939,359,149,143,0.7103064066852368,0.7163151166506871,0.6,"{""y0_a0"": {""n"": 196, ""accuracy"": 0.6785714285714286}, ""y0_a1"": {""n"": 14, ""accuracy"": 0.7142857142857143}, ""y1_a0"": {""n"": 20, ""accuracy"": 0.6}, ""y1_a1"": {""n"": 129, ""accuracy"": 0.7751937984496124}}",0.4639783266249812,4
corr,transplant_neutral,dinov2_b14_518,erm,1.0,456,test_rev,0.663598593799936,0.703125,0.7419484702093397,359,149,203,0.6295264623955432,0.6384947267497603,0.5833333333333334,"{""y0_a0"": {""n"": 18, ""accuracy"": 0.6111111111111112}, ""y0_a1"": {""n"": 192, ""accuracy"": 0.5833333333333334}, ""y1_a0"": {""n"": 138, ""accuracy"": 0.6739130434782609}, ""y1_a1"": {""n"": 11, ""accuracy"": 0.9090909090909091}}",0.4639783266249812,4
corr,transplant_neutral,dinov2_b14_518,mask,1.0,456,clean,0.8147651006711409,,0.8147651006711409,359,149,0,0.7409470752089137,0.7298338127197188,,"{""y0_a0"": {""n"": 210, ""accuracy"": 0.7952380952380952}, ""y0_a1"": {""n"": 0, ""accuracy"": NaN}, ""y1_a0"": {""n"": 149, ""accuracy"": 0.6644295302013423}, ""y1_a1"": {""n"": 0, ""accuracy"": NaN}}",0.4348515970564426,4
corr,transplant_neutral,dinov2_b14_518,mask,1.0,456,test_corr,0.8782038990092681,0.8261351052048727,0.7862244897959183,359,149,143,0.8189415041782729,0.8286673058485139,0.6428571428571429,"{""y0_a0"": {""n"": 196, ""accuracy"": 0.7806122448979592}, ""y0_a1"": {""n"": 14, ""accuracy"": 0.6428571428571429}, ""y1_a0"": {""n"": 20, ""accuracy"": 0.65}, ""y1_a1"": {""n"": 129, ""accuracy"": 0.9224806201550387}}",0.4348515970564426,4
corr,transplant_neutral,dinov2_b14_518,mask,1.0,456,test_rev,0.6857782038990093,0.8200757575757576,0.7431561996779388,359,149,203,0.6183844011142061,0.629945669542985,0.5520833333333334,"{""y0_a0"": {""n"": 18, ""accuracy"": 0.6666666666666666}, ""y0_a1"": {""n"": 192, ""accuracy"": 0.5520833333333334}, ""y1_a0"": {""n"": 138, ""accuracy"": 0.6811594202898551}, ""y1_a1"": {""n"": 11, ""accuracy"": 0.9090909090909091}}",0.4348515970564426,4
corr,transplant_neutral,dinov2_b14_518,erm,1.0,789,clean,0.74298497922659,,0.74298497922659,359,149,0,0.6796657381615598,0.6794023649728348,,"{""y0_a0"": {""n"": 210, ""accuracy"": 0.680952380952381}, ""y0_a1"": {""n"": 0, ""accuracy"": NaN}, ""y1_a0"": {""n"": 149, ""accuracy"": 0.6778523489932886}, ""y1_a1"": {""n"": 0, ""accuracy"": NaN}}",0.4465338152365671,4
corr,transplant_neutral,dinov2_b14_518,erm,1.0,789,test_corr,0.8004793863854267,0.7448907681465821,0.7438829787234043,359,149,151,0.713091922005571,0.7225950782997763,0.5454545454545454,"{""y0_a0"": {""n"": 188, ""accuracy"": 0.6808510638297872}, ""y0_a1"": {""n"": 22, ""accuracy"": 0.5454545454545454}, ""y1_a0"": {""n"": 20, ""accuracy"": 0.65}, ""y1_a1"": {""n"": 129, ""accuracy"": 0.7984496124031008}}",0.4465338152365671,4
corr,transplant_neutral,dinov2_b14_518,erm,1.0,789,test_rev,0.6528922978587408,0.8012093726379441,0.7964726631393297,359,149,203,0.596100278551532,0.6089485458612975,0.5079365079365079,"{""y0_a0"": {""n"": 21, ""accuracy"": 0.7619047619047619}, ""y0_a1"": {""n"": 189, ""accuracy"": 0.5079365079365079}, ""y1_a0"": {""n"": 135, ""accuracy"": 0.6592592592592592}, ""y1_a1"": {""n"": 14, ""accuracy"": 0.9285714285714286}}",0.4465338152365671,4
corr,transplant_neutral,dinov2_b14_518,mask,1.0,789,clean,0.8162671780121444,,0.8162671780121444,359,149,0,0.7353760445682451,0.7250719079578141,,"{""y0_a0"": {""n"": 210, ""accuracy"": 0.7857142857142857}, ""y0_a1"": {""n"": 0, ""accuracy"": NaN}, ""y1_a0"": {""n"": 149, ""accuracy"": 0.6644295302013423}, ""y1_a1"": {""n"": 0, ""accuracy"": NaN}}",0.4445008626886088,4
corr,transplant_neutral,dinov2_b14_518,mask,1.0,789,test_corr,0.8833173537871525,0.8403805496828752,0.813031914893617,359,149,151,0.8161559888579387,0.8272611057845958,0.5909090909090909,"{""y0_a0"": {""n"": 188, ""accuracy"": 0.7819148936170213}, ""y0_a1"": {""n"": 22, ""accuracy"": 0.5909090909090909}, ""y1_a0"": {""n"": 20, ""accuracy"": 0.75}, ""y1_a1"": {""n"": 129, ""accuracy"": 0.9147286821705426}}",0.4445008626886088,4
corr,transplant_neutral,dinov2_b14_518,mask,1.0,789,test_rev,0.6880472994566954,0.7962962962962963,0.817989417989418,359,149,203,0.6155988857938719,0.6236657078938959,0.5555555555555556,"{""y0_a0"": {""n"": 21, ""accuracy"": 0.7619047619047619}, ""y0_a1"": {""n"": 189, ""accuracy"": 0.5555555555555556}, ""y1_a0"": {""n"": 135, ""accuracy"": 0.6518518518518519}, ""y1_a1"": {""n"": 14, ""accuracy"": 0.8571428571428571}}",0.4445008626886088,4
corr,transplant_neutral,dinov2_b14_518,erm,1.0,2026,clean,0.739245765420262,,0.739245765420262,359,149,0,0.6824512534818942,0.6866570789389581,,"{""y0_a0"": {""n"": 210, ""accuracy"": 0.6619047619047619}, ""y0_a1"": {""n"": 0, ""accuracy"": NaN}, ""y1_a0"": {""n"": 149, ""accuracy"": 0.7114093959731543}, ""y1_a1"": {""n"": 0, ""accuracy"": NaN}}",0.4354547361531842,4
corr,transplant_neutral,dinov2_b14_518,erm,1.0,2026,test_corr,0.8084052412911473,0.5991778006166495,0.7663265306122449,359,149,153,0.7270194986072424,0.7422978587408118,0.2857142857142857,"{""y0_a0"": {""n"": 196, ""accuracy"": 0.6785714285714286}, ""y0_a1"": {""n"": 14, ""accuracy"": 0.2857142857142857}, ""y1_a0"": {""n"": 10, ""accuracy"": 0.8}, ""y1_a1"": {""n"": 139, ""accuracy"": 0.8345323741007195}}",0.4354547361531842,4
corr,transplant_neutral,dinov2_b14_518,erm,1.0,2026,test_rev,0.6459252157238735,0.6823308270676691,0.7087912087912088,359,149,215,0.596100278551532,0.6177213167146053,0.4846938775510204,"{""y0_a0"": {""n"": 14, ""accuracy"": 0.5714285714285714}, ""y0_a1"": {""n"": 196, ""accuracy"": 0.4846938775510204}, ""y1_a0"": {""n"": 130, ""accuracy"": 0.7384615384615385}, ""y1_a1"": {""n"": 19, ""accuracy"": 0.7894736842105263}}",0.4354547361531842,4
corr,transplant_neutral,dinov2_b14_518,mask,1.0,2026,clean,0.8138702460850112,,0.8138702460850112,359,149,0,0.7353760445682451,0.7250719079578141,,"{""y0_a0"": {""n"": 210, ""accuracy"": 0.7857142857142857}, ""y0_a1"": {""n"": 0, ""accuracy"": NaN}, ""y1_a0"": {""n"": 149, ""accuracy"": 0.6644295302013423}, ""y1_a1"": {""n"": 0, ""accuracy"": NaN}}",0.4281485641739769,4
corr,transplant_neutral,dinov2_b14_518,mask,1.0,2026,test_corr,0.8909555768616172,0.7589928057553956,0.7928571428571428,359,149,153,0.83008356545961,0.8420901246404602,0.5,"{""y0_a0"": {""n"": 196, ""accuracy"": 0.7908163265306123}, ""y0_a1"": {""n"": 14, ""accuracy"": 0.5}, ""y1_a0"": {""n"": 10, ""accuracy"": 0.6}, ""y1_a1"": {""n"": 139, ""accuracy"": 0.935251798561151}}",0.4281485641739769,4
corr,transplant_neutral,dinov2_b14_518,mask,1.0,2026,test_rev,0.665612016618728,0.8254564983888293,0.6807692307692308,359,149,215,0.6100278551532033,0.6208533077660594,0.5,"{""y0_a0"": {""n"": 14, ""accuracy"": 0.5}, ""y0_a1"": {""n"": 196, ""accuracy"": 0.5612244897959183}, ""y1_a0"": {""n"": 130, ""accuracy"": 0.6538461538461539}, ""y1_a1"": {""n"": 19, ""accuracy"": 0.8947368421052632}}",0.4281485641739769,4
