file,key,old_est,old_lo,old_hi,new_est,new_lo,new_hi,old_excludes_0,new_excludes_0,verdict_changed,width_ratio,est_diff
PRIMARY_CLAIMS.csv,P1 location crossover|ISIC hair (DINOv2),0.1448228208100459,0.1048201919579473,0.1805600498802621,0.1474504004676915,0.111239074491783,0.1853445168335895,True,True,False,0.978420667461712,0.0026275796576455956
PRIMARY_CLAIMS.csv,P1 location crossover|Thyroid (DINOv2),0.2299537417686947,0.2035162178892433,0.2554512362430768,0.2385752065741104,0.1963638470688494,0.2803443292065414,True,True,False,1.617029988620252,0.008621464805415702
PRIMARY_CLAIMS.csv,P1 location crossover|Capsule (DINOv2),0.368436623473971,0.3398485774213536,0.3967276508611075,0.3767533432268978,0.3267289257854225,0.4258013029504009,True,True,False,1.7418071563685982,0.008316719752926804
PRIMARY_CLAIMS.csv,P1 location crossover|Ovary (DINOv2),0.1704932062355172,0.1155959959173248,0.2243913757239709,0.1698994907632317,0.0867967392655524,0.2522140986102408,True,True,False,1.5204447067391313,-0.0005937154722855109
PRIMARY_CLAIMS.csv,P2 U-MtE (protected) > mask|ISIC hair,0.0408082888068956,0.029723064342022,0.053932198990042,0.0415045329128892,0.0242956226974097,0.058430984333207,True,True,False,1.4100199008389236,0.0006962441059936014
PRIMARY_CLAIMS.csv,P2 U-MtE (protected) > mask|Thyroid,0.2166984584266306,0.1743408586693384,0.2565107996390776,0.2834712804590165,0.2370372525568949,0.3286528069664502,True,True,False,1.1149521750696485,0.06677282203238588
PRIMARY_CLAIMS.csv,P2 U-MtE (protected) > mask|Capsule,-0.0104890620804609,-0.0205468842427061,-0.0008130262374354,-0.0062615829151076,-0.0177158793888646,0.0058797086293718,True,False,True,1.1956905746425393,0.004227479165353301
PRIMARY_CLAIMS.csv,P2 U-MtE (protected) > mask|Ovary,0.0430742509769865,0.0255605184740462,0.0611357343190083,0.0431556665219279,0.0228140387176851,0.0653555539031692,True,True,False,1.1958188917498447,8.141554494139891e-05
PRIMARY_CLAIMS.csv,P3 erase > augment|ISIC hair,0.0452768804446009,0.0365411770529861,0.0539926421261209,0.0348427276310603,0.0168210563915771,0.0545227954482778,True,True,False,2.160376730475177,-0.010434152813540605
PRIMARY_CLAIMS.csv,P3 erase > augment|Thyroid,0.206589564792535,0.1816801178797659,0.2351935627060957,0.2154278850231065,0.1886218865161684,0.2442882192952968,True,True,False,1.0402307861096491,0.00883832023057149
PRIMARY_CLAIMS.csv,P3 erase > augment|Capsule,-0.1298589446667692,-0.146875149845758,-0.1100813930947285,-0.1387139021096345,-0.1579837851343919,-0.1198962924163243,True,True,False,1.0351618339978808,-0.008854957442865297
PRIMARY_CLAIMS.csv,P3 erase > augment|Ovary,0.0348621363438992,0.010449896714033,0.0593987338648213,0.0352800694745983,0.003035559672548,0.0669145145218941,True,True,False,1.3050147576042543,0.00041793313069909965
PRIMARY_CLAIMS.csv,P4 U-MtE+balanced > balanced|ISIC hair,-0.0126437221550285,-0.0405825647626995,0.0177503930476491,-0.0276689002759164,-0.0635228205907898,0.0066338875864114,False,False,False,1.2026941682829428,-0.0150251781208879
PRIMARY_CLAIMS.csv,P4 U-MtE+balanced > balanced|Thyroid,0.1124203043654917,0.0897841627577809,0.1341708361552457,0.1099487745510653,0.0792753074224487,0.1418267942779004,True,True,False,1.4092402531572552,-0.0024715298144264014
PRIMARY_CLAIMS.csv,P4 U-MtE+balanced > balanced|Capsule,0.081548542702139,0.0636807720765801,0.1002714646636186,0.0789366279489773,0.0424480376395869,0.1145995921650341,True,True,False,1.9718553933850764,-0.0026119147531617065
PRIMARY_CLAIMS.csv,P4 U-MtE+balanced > balanced|Ovary,0.0282267694311766,8.436256496894855e-05,0.0571578635589044,0.0311631567520625,-0.0144640030440278,0.0771720916941342,True,False,True,1.6055804032049679,0.0029363873208859
adhoc_bootstraps.json,finetune|thyroid_resnet50|crossover mask-erm (B-A),0.057,-0.021,0.13,0.063,-0.022,0.144,False,False,False,1.0993377483443707,0.005999999999999998
adhoc_bootstraps.json,finetune|capsule_resnet50|crossover mask-erm (B-A),0.584,0.469,0.691,0.606,0.495,0.716,True,True,False,0.9954954954954955,0.02200000000000002
adhoc_bootstraps.json,finetune|thyroid_vit_s|crossover mask-erm (B-A),0.168,0.074,0.265,0.122,0.039,0.211,True,True,False,0.900523560209424,-0.04600000000000001
adhoc_bootstraps.json,sweep|capsule_dino518|r=0.5|umte-mask,0.036,0.011,0.062,0.055,0.007,0.11,True,True,False,2.019607843137255,0.019000000000000003
adhoc_bootstraps.json,sweep|capsule_dino518|r=0.5|umte_balanced-balanced,0.055,0.01,0.101,0.089,0.02,0.16,True,True,False,1.5384615384615383,0.033999999999999996
adhoc_bootstraps.json,sweep|capsule_dino518|r=0.5|umte_balanced-mask,0.076,0.047,0.105,0.091,0.034,0.157,True,True,False,2.1206896551724137,0.015
adhoc_bootstraps.json,sweep|capsule_dino518|r=1.0|umte-mask,0.081,0.05,0.112,0.121,0.078,0.17,True,True,False,1.4838709677419357,0.039999999999999994
adhoc_bootstraps.json,sweep|capsule_dino518|r=1.0|umte_balanced-balanced,0.047,0.004,0.091,0.057,-0.008,0.121,True,False,True,1.4827586206896552,0.010000000000000002
adhoc_bootstraps.json,sweep|capsule_dino518|r=1.0|umte_balanced-mask,0.193,0.15,0.235,0.211,0.134,0.297,True,True,False,1.9176470588235293,0.017999999999999988
adhoc_bootstraps.json,sweep|capsule_medsiglip|r=0.5|umte-mask,-0.051,-0.084,-0.018,-0.091,-0.159,-0.03,True,True,False,1.9545454545454546,-0.04
adhoc_bootstraps.json,sweep|capsule_medsiglip|r=0.5|umte_balanced-balanced,0.018,-0.031,0.066,0.029,-0.06,0.124,False,False,False,1.8969072164948453,0.011000000000000003
adhoc_bootstraps.json,sweep|capsule_medsiglip|r=0.5|umte_balanced-mask,0.123,0.075,0.173,0.09,0.009,0.176,True,True,False,1.7040816326530612,-0.033
adhoc_bootstraps.json,sweep|capsule_medsiglip|r=1.0|umte-mask,-0.114,-0.147,-0.082,-0.19,-0.265,-0.12,True,True,False,2.2307692307692313,-0.076
adhoc_bootstraps.json,sweep|capsule_medsiglip|r=1.0|umte_balanced-balanced,-0.026,-0.08,0.031,-0.018,-0.101,0.065,False,False,False,1.4954954954954955,0.008
adhoc_bootstraps.json,sweep|capsule_medsiglip|r=1.0|umte_balanced-mask,0.309,0.253,0.369,0.299,0.195,0.398,True,True,False,1.7500000000000002,-0.010000000000000009
adhoc_bootstraps.json,sweep|thyroid_dino518|r=0.5|umte-mask,0.227,0.189,0.264,0.227,0.172,0.283,True,True,False,1.4799999999999995,0.0
adhoc_bootstraps.json,sweep|thyroid_dino518|r=0.5|umte_balanced-balanced,0.095,0.046,0.145,0.095,0.016,0.173,True,True,False,1.5858585858585856,0.0
adhoc_bootstraps.json,sweep|thyroid_dino518|r=0.5|umte_balanced-mask,0.321,0.281,0.362,0.321,0.262,0.382,True,True,False,1.481481481481482,0.0
adhoc_bootstraps.json,sweep|thyroid_dino518|r=1.0|umte-mask,0.278,0.232,0.325,0.278,0.214,0.344,True,True,False,1.3978494623655913,0.0
adhoc_bootstraps.json,sweep|thyroid_dino518|r=1.0|umte_balanced-balanced,0.091,0.042,0.142,0.091,0.013,0.172,True,True,False,1.59,0.0
adhoc_bootstraps.json,sweep|thyroid_dino518|r=1.0|umte_balanced-mask,0.471,0.402,0.534,0.47,0.391,0.55,True,True,False,1.2045454545454548,-0.0010000000000000009
adhoc_bootstraps.json,sweep|thyroid_medsiglip|r=0.5|umte-mask,-0.062,-0.087,-0.035,-0.062,-0.101,-0.022,True,True,False,1.5192307692307698,0.0
adhoc_bootstraps.json,sweep|thyroid_medsiglip|r=0.5|umte_balanced-balanced,0.101,0.055,0.148,0.1,0.031,0.169,True,True,False,1.4838709677419357,-0.0010000000000000009
adhoc_bootstraps.json,sweep|thyroid_medsiglip|r=0.5|umte_balanced-mask,0.413,0.359,0.473,0.412,0.343,0.485,True,True,False,1.245614035087719,-0.0010000000000000009
adhoc_bootstraps.json,sweep|thyroid_medsiglip|r=1.0|umte-mask,-0.076,-0.11,-0.043,-0.076,-0.12,-0.034,True,True,False,1.2835820895522387,0.0
adhoc_bootstraps.json,sweep|thyroid_medsiglip|r=1.0|umte_balanced-balanced,0.068,0.022,0.115,0.069,0.002,0.136,True,True,False,1.4408602150537635,0.0010000000000000009
adhoc_bootstraps.json,sweep|thyroid_medsiglip|r=1.0|umte_balanced-mask,0.458,0.409,0.508,0.458,0.393,0.525,True,True,False,1.333333333333333,0.0
adhoc_bootstraps.json,sweep|ovary_dino518|r=0.5|umte-mask,0.143,0.09,0.201,0.142,0.061,0.233,True,True,False,1.5495495495495495,-0.0010000000000000009
adhoc_bootstraps.json,sweep|ovary_dino518|r=0.5|umte_balanced-balanced,0.005,-0.079,0.09,0.004,-0.127,0.14,False,False,False,1.579881656804734,-0.001
adhoc_bootstraps.json,sweep|ovary_dino518|r=0.5|umte_balanced-mask,0.198,0.136,0.265,0.198,0.113,0.296,True,True,False,1.4186046511627906,0.0
adhoc_bootstraps.json,sweep|ovary_dino518|r=0.5|umte_protect-mask,0.108,0.064,0.157,0.108,0.041,0.185,True,True,False,1.5483870967741935,0.0
adhoc_bootstraps.json,sweep|ovary_dino518|r=0.5|umte_protect-umte,-0.034,-0.074,0.006,-0.034,-0.099,0.033,False,False,False,1.6500000000000001,0.0
adhoc_bootstraps.json,sweep|ovary_dino518|r=0.5|umte_protect_balanced-balanced,-0.045,-0.138,0.048,-0.046,-0.19,0.101,False,False,False,1.5645161290322582,-0.0010000000000000009
adhoc_bootstraps.json,sweep|ovary_dino518|r=1.0|umte-mask,0.141,0.091,0.195,0.14,0.061,0.225,True,True,False,1.5769230769230769,-0.0009999999999999731
adhoc_bootstraps.json,sweep|ovary_dino518|r=1.0|umte_balanced-balanced,-0.031,-0.116,0.054,-0.032,-0.165,0.104,False,False,False,1.5823529411764705,-0.0010000000000000009
adhoc_bootstraps.json,sweep|ovary_dino518|r=1.0|umte_balanced-mask,0.253,0.187,0.325,0.251,0.157,0.355,True,True,False,1.4347826086956519,-0.0020000000000000018
adhoc_bootstraps.json,sweep|ovary_dino518|r=1.0|umte_protect-mask,0.115,0.067,0.165,0.114,0.043,0.192,True,True,False,1.5204081632653064,-0.0010000000000000009
adhoc_bootstraps.json,sweep|ovary_dino518|r=1.0|umte_protect-umte,-0.027,-0.064,0.01,-0.026,-0.087,0.035,False,False,False,1.6486486486486487,0.0010000000000000009
adhoc_bootstraps.json,sweep|ovary_dino518|r=1.0|umte_protect_balanced-balanced,-0.068,-0.165,0.028,-0.067,-0.217,0.083,False,False,False,1.5544041450777202,0.0010000000000000009
adhoc_bootstraps.json,sweep|cxr_raddino518|r=0.5|umte-mask,0.044,0.036,0.053,0.044,0.032,0.057,True,True,False,1.4705882352941175,0.0
adhoc_bootstraps.json,sweep|cxr_raddino518|r=0.5|umte_balanced-balanced,-0.03,-0.037,-0.024,-0.03,-0.041,-0.02,True,True,False,1.6153846153846159,0.0
adhoc_bootstraps.json,sweep|cxr_raddino518|r=0.5|umte_balanced-mask,0.047,0.039,0.056,0.047,0.034,0.061,True,True,False,1.5882352941176467,0.0
adhoc_bootstraps.json,sweep|cxr_raddino518|r=1.0|umte-mask,0.134,0.12,0.151,0.134,0.113,0.156,True,True,False,1.3870967741935483,0.0
adhoc_bootstraps.json,sweep|cxr_raddino518|r=1.0|umte_balanced-balanced,-0.031,-0.038,-0.025,-0.031,-0.042,-0.021,True,True,False,1.6153846153846159,0.0
adhoc_bootstraps.json,sweep|cxr_raddino518|r=1.0|umte_balanced-mask,0.168,0.152,0.185,0.168,0.145,0.191,True,True,False,1.3939393939393943,0.0
analysis/E14_area_ratio.json,tertile_medians,0.005965206327722933,0.03312141417273996,0.11510022153758126,0.006070416835289356,0.03290205640087923,0.11335439623950065,True,True,False,0.9813797300145337,0.00010521050756642347
analysis/E14_area_ratio.json,T1,-0.04279496032319445,-0.06592673944894535,-0.02078577554058645,-0.05748191246656158,-0.09539581757865763,-0.021622765623683322,True,True,False,1.6342817159319343,-0.014686952143367127
analysis/E14_area_ratio.json,T2,-0.033032752357203786,-0.055100448821791,-0.012416089713713831,-0.04631344678711138,-0.08223447006592065,-0.012902885445944043,True,True,False,1.6242854776014892,-0.013280694429907591
analysis/E14_area_ratio.json,T3,-0.025948852251083343,-0.04384473714379773,-0.0072499872310414805,-0.0374813722559609,-0.0708966325659699,-0.00486547552804428,True,True,False,1.8043888042778609,-0.011532520004877554
zero_shot/boot.json,medsiglip448|thyroid|crossover (zs_mask-zs)_B-(zs_mask-zs)_A,0.103,0.079,0.127,0.103,0.064,0.143,True,True,False,1.645833333333333,0.0
zero_shot/boot.json,medsiglip448|thyroid|trapA|zs_mask-zs,0.013,-0.001,0.028,0.017,-0.011,0.045,False,False,False,1.9310344827586203,0.004000000000000002
zero_shot/boot.json,medsiglip448|thyroid|trapB|zs_mask-zs,0.116,0.097,0.136,0.12,0.078,0.162,True,True,False,2.1538461538461537,0.00399999999999999
zero_shot/boot.json,medsiglip448|capsule|crossover (zs_mask-zs)_B-(zs_mask-zs)_A,0.049,0.024,0.076,0.045,0.001,0.09,True,True,False,1.7115384615384615,-0.0040000000000000036
zero_shot/boot.json,medsiglip448|capsule|trapA|zs_mask-zs,0.007,-0.006,0.02,0.004,-0.021,0.029,False,False,False,1.923076923076923,-0.003
zero_shot/boot.json,medsiglip448|capsule|trapB|zs_mask-zs,0.056,0.034,0.079,0.049,0.001,0.098,True,True,False,2.155555555555556,-0.006999999999999999
zero_shot/boot.json,medsiglip448|ovary|crossover (zs_mask-zs)_B-(zs_mask-zs)_A,0.181,0.135,0.228,0.181,0.103,0.261,True,True,False,1.698924731182796,0.0
zero_shot/boot.json,medsiglip448|ovary|trapA|zs_mask-zs,-0.235,-0.26,-0.208,-0.235,-0.289,-0.18,True,True,False,2.096153846153845,0.0
zero_shot/boot.json,medsiglip448|ovary|trapB|zs_mask-zs,-0.054,-0.094,-0.014,-0.054,-0.135,0.03,True,False,True,2.0625,0.0
zero_shot/boot.json,dermlip224|isic|crossover (zs_mask-zs)_B-(zs_mask-zs)_A,0.051,0.031,0.071,0.04,0.021,0.058,True,True,False,0.9250000000000003,-0.010999999999999996
zero_shot/boot.json,dermlip224|isic|trapA|zs_mask-zs,-0.078,-0.093,-0.063,-0.079,-0.114,-0.044,True,True,False,2.3333333333333335,-0.0010000000000000009
zero_shot/boot.json,dermlip224|isic|trapB|zs_mask-zs,-0.027,-0.04,-0.014,-0.039,-0.07,-0.008,True,True,False,2.3846153846153846,-0.012
thyroid/dino518_repro/bootstrap_vs_erm.csv,trapA|mask|test_rev|mask|erm,0.1092822234907985,0.0954608579287229,0.1229268832665847,0.1092822234907985,0.0847610737933959,0.1330341989444368,True,True,False,1.7575577302223122,0.0
thyroid/dino518_repro/bootstrap_vs_erm.csv,trapA|mask|clean|mask|erm,0.0809751891943672,0.0704983476011755,0.0914126950341297,0.0809751891943672,0.0622897151439109,0.0998919976701983,True,True,False,1.7979180391274578,0.0
thyroid/dino518_repro/bootstrap_vs_erm.csv,trapB|mask|test_rev|mask|erm,0.347857430064909,0.3245550965913626,0.3704776619861613,0.3478574300649089,0.3065161623649827,0.3883246323995806,True,True,False,1.781443813760975,-1.1102230246251565e-16
thyroid/dino518_repro/bootstrap_vs_erm.csv,trapB|mask|clean|mask|erm,0.1660748453699995,0.137580675704817,0.1936079694425761,0.1660748453699995,0.1187165401951327,0.211485918154108,True,True,False,1.6557890229928094,0.0
thyroid/dino518_repro/T3_crossover.json,T3_crossover,0.2385752065741104,0.2115140968384701,0.26392907782869235,0.2385752065741104,0.19636384706884946,0.2803443292065414,True,True,False,1.6022228864941894,0.0
thyroid/dino518_matched/bootstrap_vs_erm.csv,trapA|mask|test_rev|mask|erm,0.1378573460040994,0.1154844161288602,0.1612458071359026,0.1378573460040993,0.1003037921788705,0.1762483997345275,True,True,False,1.6595782139570356,-1.1102230246251565e-16
thyroid/dino518_matched/bootstrap_vs_erm.csv,trapA|mask|clean|mask|erm,0.0590361155311249,0.0317393543630184,0.0883102884162259,0.059036115531125,0.0195670459812983,0.0996615964461936,True,True,False,1.4158251371554653,9.71445146547012e-17
thyroid/dino518_matched/bootstrap_vs_erm.csv,trapB|mask|test_rev|mask|erm,0.3760373454156737,0.353960686545196,0.3984942115543109,0.3760373454156737,0.3348625202394862,0.4161359463592872,True,True,False,1.8249942285764793,0.0
thyroid/dino518_matched/bootstrap_vs_erm.csv,trapB|mask|clean|mask|erm,0.1714234051786488,0.1434753442109362,0.1997410868591092,0.1714234051786489,0.1237273109683205,0.2190534191369352,True,True,False,1.6942122094554812,1.1102230246251565e-16
thyroid/dino518_matched/T3_crossover.json,T3_crossover,0.23817999941157436,0.2071535899268834,0.26909448657793494,0.23817999941157436,0.1863670003603954,0.28971645827137643,True,True,False,1.6685173043781971,0.0
thyroid/dino518_matched05/bootstrap_vs_erm.csv,trapA|mask|test_rev|mask|erm,0.1293935360425939,0.108181379495971,0.1504455995913089,0.1293935360425939,0.0922213135726738,0.1662514770785161,True,True,False,1.7516036812899436,0.0
thyroid/dino518_matched05/bootstrap_vs_erm.csv,trapA|mask|clean|mask|erm,0.0478231403166341,0.0253203331635317,0.0706351081506554,0.0478231403166341,0.0104960073706052,0.0855951123468018,True,True,False,1.65727635186396,0.0
thyroid/dino518_matched05/bootstrap_vs_erm.csv,trapB|mask|test_rev|mask|erm,0.3469520818601556,0.3225895089486193,0.3710990183449463,0.3469520818601556,0.3042001057789372,0.3898062351913922,True,True,False,1.7647288228179212,0.0
thyroid/dino518_matched05/bootstrap_vs_erm.csv,trapB|mask|clean|mask|erm,0.1694507698980698,0.1413585490526788,0.1975706208668484,0.1694507698980698,0.1225067331785059,0.2174971305955482,True,True,False,1.6898576115655233,0.0
thyroid/dino518_matched05/T3_crossover.json,T3_crossover,0.21755854581756165,0.1858098043773987,0.24963365862421383,0.21755854581756165,0.16537038404493895,0.2709052578173312,True,True,False,1.6535333852492704,0.0
thyroid/dino518_universal/bootstrap_vs_erm.csv,trapA|mask|test_rev|mask|erm,0.1111370733269454,0.0974671513368354,0.1243852873218636,0.1092822234907985,0.0847610737933959,0.1330341989444368,True,True,False,1.793330904409216,-0.0018548498361469073
thyroid/dino518_universal/bootstrap_vs_erm.csv,trapA|mask|clean|mask|erm,0.077311444263499,0.0657915218697687,0.0889819965125604,0.0809751891943672,0.0622897151439109,0.0998919976701983,True,True,False,1.621453769510289,0.0036637449308682124
thyroid/dino518_universal/bootstrap_vs_erm.csv,trapA|balanced|test_rev|balanced|erm,0.3865122772730897,0.3643038903807881,0.4089269653106132,0.3881980211053406,0.3597644445160882,0.4180652683453632,True,True,False,1.306517399819706,0.0016857438322508966
thyroid/dino518_universal/bootstrap_vs_erm.csv,trapA|balanced|clean|balanced|erm,0.1117074991218826,0.0995709816756633,0.1243133670624428,0.1085255212823705,0.0869148297914744,0.1302032989757977,True,True,False,1.749567331832664,-0.0031819778395121012
thyroid/dino518_universal/bootstrap_vs_erm.csv,trapA|dfr|test_rev|dfr|erm,0.4490293492583259,0.4236324368439226,0.4709177206596239,0.4631537510268506,0.4356950503295275,0.4920965100515932,True,True,False,1.1927909736546272,0.014124401768524697
thyroid/dino518_universal/bootstrap_vs_erm.csv,trapA|dfr|clean|dfr|erm,0.0928545199093143,0.0775078635700888,0.1085357938852418,0.0997429511128141,0.0718333700261381,0.1285741139304629,True,True,False,1.8286989601950512,0.006888431203499801
thyroid/dino518_universal/bootstrap_vs_erm.csv,trapA|mte|test_rev|mte|erm,0.3328466894588481,0.3086877223543156,0.3592089681198332,0.3334140046605413,0.3024828558663493,0.3638049039244415,True,True,False,1.2137873310310652,0.0005673152016931748
thyroid/dino518_universal/bootstrap_vs_erm.csv,trapA|mte|clean|mte|erm,0.1182999648753073,0.0977510159135588,0.139987240674635,0.1207998052176134,0.0959337062032466,0.1453192451722551,True,True,False,1.1692697263634446,0.0024998403423060894
thyroid/dino518_universal/bootstrap_vs_erm.csv,trapA|mte_balanced|test_rev|mte_balanced|erm,0.4989325816385814,0.4845157524737973,0.5129603923739707,0.4981467956564059,0.4709662638643181,0.5244638588936207,True,True,False,1.8807619016114312,-0.0007857859821754909
thyroid/dino518_universal/bootstrap_vs_erm.csv,trapA|mte_balanced|clean|mte_balanced|erm,0.1969166107864737,0.1827842893785563,0.2111211621049883,0.1896058849825972,0.1626060729370144,0.2172862863544648,True,True,False,1.9296488340594469,-0.007310725803876511
thyroid/dino518_universal/bootstrap_vs_erm.csv,trapB|mask|test_rev|mask|erm,0.3410908150956402,0.3197203692283409,0.3629843445358692,0.3478574300649089,0.3065161623649827,0.3883246323995806,True,True,False,1.8909143104185007,0.0067666149692686695
thyroid/dino518_universal/bootstrap_vs_erm.csv,trapB|mask|clean|mask|erm,0.1515329506518934,0.1194615060294015,0.1821943362067473,0.1660748453699995,0.1187165401951327,0.211485918154108,True,True,False,1.478801095004261,0.014541894718106102
thyroid/dino518_universal/bootstrap_vs_erm.csv,trapB|balanced|test_rev|balanced|erm,0.2685545790491509,0.2328187782445816,0.3010559943822919,0.2540295249583549,0.2178801354401761,0.2916140342946886,True,True,False,1.080552563951455,-0.014525054090796019
thyroid/dino518_universal/bootstrap_vs_erm.csv,trapB|balanced|clean|balanced|erm,0.0608040760023139,0.0364341449980792,0.0846370633597867,0.0567547723935389,0.0205174563109991,0.0930718625960993,True,True,False,1.5051870042527875,-0.004049303608775
thyroid/dino518_universal/bootstrap_vs_erm.csv,trapB|dfr|test_rev|dfr|erm,0.3171960863155073,0.2869544209283137,0.349742089826684,0.3118185995749325,0.2621939955333223,0.3617239987100538,True,True,False,1.5851839210312664,-0.005377486740574755
thyroid/dino518_universal/bootstrap_vs_erm.csv,trapB|dfr|clean|dfr|erm,0.0271970809415743,-0.007402417547031,0.0617858891001551,0.0528523116628843,0.002374721758272,0.1054768980405911,False,True,True,1.4901676493987772,0.025655230721310002
thyroid/dino518_universal/bootstrap_vs_erm.csv,trapB|mte|test_rev|mte|erm,0.3338005246328527,0.3115854422093028,0.3567692719656771,0.3467459360101097,0.3075666608601413,0.3864230316570991,True,True,False,1.7452343287884575,0.012945411377257021
thyroid/dino518_universal/bootstrap_vs_erm.csv,trapB|mte|clean|mte|erm,0.1489498509322297,0.1185504268541061,0.1775798981483563,0.1636853112624037,0.1176760164535115,0.2090422207490638,True,True,False,1.5478065835980455,0.014735460330174005
thyroid/dino518_universal/bootstrap_vs_erm.csv,trapB|mte_balanced|test_rev|mte_balanced|erm,0.3650190514484846,0.3418828677778496,0.3882029012037841,0.3710417983035594,0.3290682798871224,0.4123410214761699,True,True,False,1.797769462368809,0.0060227468550747565
thyroid/dino518_universal/bootstrap_vs_erm.csv,trapB|mte_balanced|clean|mte_balanced|erm,0.15521737195746,0.1246198687938064,0.1861986676287612,0.1656854892537712,0.1169773305669485,0.2128452222027869,True,True,False,1.5568327646790607,0.010468117296311197
thyroid/dino518_universal/T3_crossover.json,T3_crossover,0.22995374176869476,0.2035162178892433,0.25545123624307686,0.2385752065741104,0.19636384706884946,0.2803443292065414,True,True,False,1.6170299886202493,0.008621464805415646
thyroid/dino518_universal/EXTRA.json,trapA_mte_minus_mask,0.22170961613190268,0.1968283967785935,0.25100209496329356,0.2241317811697427,0.1953805285032623,0.2534515812278407,True,True,False,1.0719418217783605,0.002422165037840013
thyroid/dino518_universal/EXTRA.json,trapB_mte_minus_mask,-0.007290290462787419,-0.016370913518185627,0.002131067053277155,-0.0011114940547992448,-0.018677982088197077,0.01856597943968815,False,False,False,2.0129716050685857,0.006178796407988175
thyroid/dino518_main/bootstrap_vs_erm.csv,trapA|prevcal|test_rev|prevcal|erm,0.6031365619584906,0.5904399749587989,0.6161064185723433,0.6023224228738654,0.5796300164105033,0.6245411248576582,True,True,False,1.7497986524106888,-0.0008141390846252428
thyroid/dino518_main/bootstrap_vs_erm.csv,trapA|prevcal|clean|prevcal|erm,-0.0040507152664686,-0.0208365689425988,0.0126748610456188,-0.0072027572883737,-0.0411088014633021,0.0274968198757291,False,False,False,2.0472304930930276,-0.0031520420219051
thyroid/dino518_main/bootstrap_vs_erm.csv,trapA|mask|test_rev|mask|erm,0.1111370733269454,0.0974671513368354,0.1243852873218636,0.1092822234907985,0.0847610737933959,0.1330341989444368,True,True,False,1.793330904409216,-0.0018548498361469073
thyroid/dino518_main/bootstrap_vs_erm.csv,trapA|mask|clean|mask|erm,0.077311444263499,0.0657915218697687,0.0889819965125604,0.0809751891943672,0.0622897151439109,0.0998919976701983,True,True,False,1.621453769510289,0.0036637449308682124
thyroid/dino518_main/bootstrap_vs_erm.csv,trapA|inpaint|test_rev|inpaint|erm,0.1014496789390876,0.0964812795322105,0.1067061467629934,0.1023022972341801,0.0921517268119315,0.11243082822494,True,True,False,1.9833119545998985,0.0008526182950925054
thyroid/dino518_main/bootstrap_vs_erm.csv,trapA|inpaint|clean|inpaint|erm,0.0268657997253887,0.0222436015241385,0.0314620827918767,0.0283296612063735,0.0201512325383586,0.0365778563128354,True,True,False,1.7819229976595876,0.001463861480984801
thyroid/dino518_main/bootstrap_vs_erm.csv,trapA|balanced|test_rev|balanced|erm,0.3865122772730897,0.3643038903807881,0.4089269653106132,0.3881980211053406,0.3597644445160882,0.4180652683453632,True,True,False,1.306517399819706,0.0016857438322508966
thyroid/dino518_main/bootstrap_vs_erm.csv,trapA|balanced|clean|balanced|erm,0.1117074991218826,0.0995709816756633,0.1243133670624428,0.1085255212823705,0.0869148297914744,0.1302032989757977,True,True,False,1.749567331832664,-0.0031819778395121012
thyroid/dino518_main/bootstrap_vs_erm.csv,trapA|dfr|test_rev|dfr|erm,0.4490293492583259,0.4236324368439226,0.4709177206596239,0.4631537510268506,0.4356950503295275,0.4920965100515932,True,True,False,1.1927909736546272,0.014124401768524697
thyroid/dino518_main/bootstrap_vs_erm.csv,trapA|dfr|clean|dfr|erm,0.0928545199093143,0.0775078635700888,0.1085357938852418,0.0997429511128141,0.0718333700261381,0.1285741139304629,True,True,False,1.8286989601950512,0.006888431203499801
thyroid/dino518_main/bootstrap_vs_erm.csv,trapA|leace_paired|test_rev|leace_paired|erm,0.0502391660137436,0.0473510965402706,0.053236207839632,0.0518241550712181,0.0451398467424488,0.058707383979948,True,True,False,2.305400280020437,0.0015849890574744993
thyroid/dino518_main/bootstrap_vs_erm.csv,trapA|leace_paired|clean|leace_paired|erm,0.0190529504741833,0.0164763670049095,0.0216740789716631,0.020420219050356,0.0157196203277459,0.0252879128096077,True,True,False,1.8408662394268809,0.0013672685761727012
thyroid/dino518_main/bootstrap_vs_erm.csv,trapA|leace_unpaired|test_rev|leace_unpaired|erm,0.5036779290083881,0.4901491948824559,0.5172564558653046,0.5151062545171935,0.491471010998026,0.5384413693922708,True,True,False,1.7327592936801692,0.011428325508805348
thyroid/dino518_main/bootstrap_vs_erm.csv,trapA|leace_unpaired|clean|leace_unpaired|erm,0.1034166746495513,0.0861248531041819,0.1204940440241746,0.1028700466200466,0.0695414627864928,0.1355201482354971,True,True,False,1.919704353896333,-0.0005466280295046977
thyroid/dino518_main/bootstrap_vs_erm.csv,trapA|mte|test_rev|mte|erm,0.4143795796905715,0.3959325748670436,0.4318135930540342,0.4211233144776763,0.3939846801892278,0.4485248412000724,True,True,False,1.5200282424153515,0.006743734787104827
thyroid/dino518_main/bootstrap_vs_erm.csv,trapA|mte|clean|mte|erm,0.1726693968132324,0.1578575553601061,0.187764734466414,0.1703525641025641,0.1451087518897072,0.195818374770387,True,True,False,1.695566897179691,-0.002316832710668293
thyroid/dino518_main/bootstrap_vs_erm.csv,trapA|mte_balanced|test_rev|mte_balanced|erm,0.5286871374378669,0.5105423194274361,0.5491133433547816,0.5222514894872012,0.4967336539094933,0.547966424504333,True,True,False,1.3282709500101573,-0.006435647950665646
thyroid/dino518_main/bootstrap_vs_erm.csv,trapA|mte_balanced|clean|mte_balanced|erm,0.2029043730242359,0.1872505997127802,0.2182824738952911,0.1967916786409937,0.1678376516515806,0.2263885649459842,True,True,False,1.8867991327253462,-0.00611269438324219
thyroid/dino518_main/bootstrap_vs_erm.csv,trapA|i2e|test_rev|i2e|erm,0.3148022181239612,0.3025570533868732,0.3268123141120425,0.3138139099814312,0.2928246193856609,0.3350874571756219,True,True,False,1.742419439181933,-0.0009883081425299811
thyroid/dino518_main/bootstrap_vs_erm.csv,trapA|i2e|clean|i2e|erm,0.088965058913689,0.0744476554051802,0.1030784866179862,0.0959295270939106,0.0760332023324655,0.1165270113493799,True,True,False,1.4143427662275598,0.006964468180221603
thyroid/dino518_main/bootstrap_vs_erm.csv,trapA|i2e_balanced|test_rev|i2e_balanced|erm,0.4439242719011894,0.4320660771914152,0.4556993987078395,0.4421387859049639,0.4177613823529272,0.466655340402862,True,True,False,2.0688568052508116,-0.0017854859962254666
thyroid/dino518_main/bootstrap_vs_erm.csv,trapA|i2e_balanced|clean|i2e_balanced|erm,0.1285026902321422,0.115363433488893,0.1412633352470804,0.1206325637832487,0.0924738799843088,0.1482835426019955,True,True,False,2.154821401978651,-0.007870126448893497
thyroid/dino518_main/bootstrap_vs_erm.csv,trapA|i2e_rank1|test_rev|i2e_rank1|erm,0.107278519866791,0.1006330479663104,0.1141895620663254,0.1092455163492343,0.096797049791059,0.1220404689858657,True,True,False,1.862087776294848,0.0019669964824432923
thyroid/dino518_main/bootstrap_vs_erm.csv,trapA|i2e_rank1|clean|i2e_rank1|erm,0.0266508605549701,0.0207461355471336,0.0325588382838235,0.028714037104448,0.018661860336125,0.0390710729692494,True,True,False,1.7277343795111344,0.0020631765494779006
thyroid/dino518_main/bootstrap_vs_erm.csv,trapA|insert_aug|test_rev|insert_aug|erm,0.0633532353547998,0.0596492104243444,0.0670707604086253,0.0606513365829701,0.0516604081878818,0.0700006184257145,True,True,False,2.4712102292213793,-0.0027018987718296916
thyroid/dino518_main/bootstrap_vs_erm.csv,trapA|insert_aug|clean|insert_aug|erm,0.0275928409490053,0.0244728826759486,0.0306827493505213,0.0248175910847143,0.0193202223288516,0.0302871262079926,True,True,False,1.7660449819392665,-0.002775249864290997
thyroid/dino518_main/bootstrap_vs_erm.csv,trapB|prevcal|test_rev|prevcal|erm,0.5022095850805139,0.4817227613187785,0.5220112870338579,0.5005121871828748,0.4634682028124174,0.5379392733813088,True,True,False,1.8484436758880438,-0.001697397897639119
thyroid/dino518_main/bootstrap_vs_erm.csv,trapB|prevcal|clean|prevcal|erm,-0.0414163663062341,-0.0705926055802742,-0.0121592231084264,-0.0315645441196102,-0.0835213662084743,0.0213194698521556,True,False,True,1.7941942024516622,0.0098518221866239
thyroid/dino518_main/bootstrap_vs_erm.csv,trapB|mask|test_rev|mask|erm,0.3410908150956402,0.3197203692283409,0.3629843445358692,0.3478574300649089,0.3065161623649827,0.3883246323995806,True,True,False,1.8909143104185007,0.0067666149692686695
thyroid/dino518_main/bootstrap_vs_erm.csv,trapB|mask|clean|mask|erm,0.1515329506518934,0.1194615060294015,0.1821943362067473,0.1660748453699995,0.1187165401951327,0.211485918154108,True,True,False,1.478801095004261,0.014541894718106102
thyroid/dino518_main/bootstrap_vs_erm.csv,trapB|inpaint|test_rev|inpaint|erm,0.035964156470791,0.0225147585809916,0.0467563383490346,0.0389262258984816,0.0253110682619417,0.0533286945772246,True,True,False,1.1557673461618931,0.002962069427690603
thyroid/dino518_main/bootstrap_vs_erm.csv,trapB|inpaint|clean|inpaint|erm,-0.0012058915142615,-0.0126288007655795,0.0092448296989056,0.004340764472923,-0.010179978474129,0.0185768081507965,False,False,False,1.3146782685030802,0.0055466559871845
thyroid/dino518_main/bootstrap_vs_erm.csv,trapB|balanced|test_rev|balanced|erm,0.2685545790491509,0.2328187782445816,0.3010559943822919,0.2540295249583549,0.2178801354401761,0.2916140342946886,True,True,False,1.080552563951455,-0.014525054090796019
thyroid/dino518_main/bootstrap_vs_erm.csv,trapB|balanced|clean|balanced|erm,0.0608040760023139,0.0364341449980792,0.0846370633597867,0.0567547723935389,0.0205174563109991,0.0930718625960993,True,True,False,1.5051870042527875,-0.004049303608775
thyroid/dino518_main/bootstrap_vs_erm.csv,trapB|dfr|test_rev|dfr|erm,0.3171960863155073,0.2869544209283137,0.349742089826684,0.3118185995749325,0.2621939955333223,0.3617239987100538,True,True,False,1.5851839210312664,-0.005377486740574755
thyroid/dino518_main/bootstrap_vs_erm.csv,trapB|dfr|clean|dfr|erm,0.0271970809415743,-0.007402417547031,0.0617858891001551,0.0528523116628843,0.002374721758272,0.1054768980405911,False,True,True,1.4901676493987772,0.025655230721310002
thyroid/dino518_main/bootstrap_vs_erm.csv,trapB|leace_paired|test_rev|leace_paired|erm,0.0276121546326613,0.01965747790193,0.0351085433148325,0.022725793172114,0.014480653475288,0.0321049125093591,True,True,False,1.1406500822495946,-0.0048863614605473005
thyroid/dino518_main/bootstrap_vs_erm.csv,trapB|leace_paired|clean|leace_paired|erm,0.0089930138388288,0.003382128505217,0.014581105930811,0.008281048369154,-0.0011864121274584,0.018381060757868,True,False,True,1.7472553199908365,-0.0007119654696747992
thyroid/dino518_main/bootstrap_vs_erm.csv,trapB|leace_unpaired|test_rev|leace_unpaired|erm,0.3514101901315412,0.3203741339044751,0.3818361199905315,0.3382838378616424,0.3024144311348485,0.3753609818610689,True,True,False,1.1868563867116793,-0.013126352269898778
thyroid/dino518_main/bootstrap_vs_erm.csv,trapB|leace_unpaired|clean|leace_unpaired|erm,0.0753059226627508,0.0446582601423785,0.1066296801980758,0.0731789258220976,0.0292571828865808,0.1166907341254404,True,True,False,1.4108689321670864,-0.002126996840653192
thyroid/dino518_main/bootstrap_vs_erm.csv,trapB|mte|test_rev|mte|erm,0.3497673617094605,0.3278363394804401,0.371944094636304,0.3616816972064257,0.3225634417686038,0.4008272240339751,True,True,False,1.7743769092036077,0.01191433549696519
thyroid/dino518_main/bootstrap_vs_erm.csv,trapB|mte|clean|mte|erm,0.1625261424820895,0.1325494216665167,0.190711885538244,0.1701419481155164,0.1231568751141314,0.2164749032623572,True,True,False,1.6044373284122093,0.0076158056334268975
thyroid/dino518_main/bootstrap_vs_erm.csv,trapB|mte_balanced|test_rev|mte_balanced|erm,0.371099239856779,0.3474191500635709,0.3948666619102741,0.388391062094319,0.3486389708017388,0.4284300183379369,True,True,False,1.681669795330738,0.01729182223754
thyroid/dino518_main/bootstrap_vs_erm.csv,trapB|mte_balanced|clean|mte_balanced|erm,0.1616606594580162,0.1339492071149383,0.1895761846955871,0.183168691318471,0.1360339765876987,0.2288520277648706,True,True,False,1.6685798009176922,0.0215080318604548
thyroid/dino518_main/bootstrap_vs_erm.csv,trapB|i2e|test_rev|i2e|erm,0.1726137821433358,0.152801090483531,0.1950863591283374,0.1732217052482432,0.1407451170821349,0.2076223691834842,True,True,False,1.581573305424969,0.0006079231049073985
thyroid/dino518_main/bootstrap_vs_erm.csv,trapB|i2e|clean|i2e|erm,0.0296689360566012,0.0049868015885564,0.0529648067509606,0.0347238908912917,0.0010245267538247,0.0688611095531274,True,True,False,1.4139100316838469,0.005054954834690501
thyroid/dino518_main/bootstrap_vs_erm.csv,trapB|i2e_balanced|test_rev|i2e_balanced|erm,0.2661736266681985,0.2406237069512491,0.2925171619388184,0.2675005265475711,0.2267580742355014,0.3080588721786559,True,True,False,1.5666869350408361,0.0013268998793726228
thyroid/dino518_main/bootstrap_vs_erm.csv,trapB|i2e_balanced|clean|i2e_balanced|erm,0.0435989854492058,0.0168902791444402,0.0712749487829625,0.0480331953900235,0.0078818101997044,0.0867379974918741,True,True,False,1.4499708799612434,0.004434209940817703
thyroid/dino518_main/bootstrap_vs_erm.csv,trapB|i2e_rank1|test_rev|i2e_rank1|erm,0.1275011009631033,0.1068965689001496,0.1468155703164984,0.130167346391713,0.1066139353852212,0.1556062794362706,True,True,False,1.2272938278206686,0.002666245428609715
thyroid/dino518_main/bootstrap_vs_erm.csv,trapB|i2e_rank1|clean|i2e_rank1|erm,0.0391625506162951,0.0216847799940919,0.0548772765468392,0.0357295421172073,0.0131594118759022,0.0598420904758867,True,True,False,1.4064226390985535,-0.0034330084990878
thyroid/dino518_main/bootstrap_vs_erm.csv,trapB|insert_aug|test_rev|insert_aug|erm,0.0627319202711241,0.0459948331857561,0.0784613999263195,0.0743513891282286,0.060293932275113,0.0885889048631407,True,True,False,0.8715110782772186,0.011619468857104492
thyroid/dino518_main/bootstrap_vs_erm.csv,trapB|insert_aug|clean|insert_aug|erm,0.0286410359097583,0.0185949353143229,0.038404904896329,0.0277644284252214,0.0142110188210123,0.0418593915628998,True,True,False,1.3956797170956396,-0.0008766074845368982
thyroid/dino518_main/T3_crossover.json,T3_crossover,0.22995374176869476,0.2035162178892433,0.25545123624307686,0.2385752065741104,0.19636384706884946,0.2803443292065414,True,True,False,1.6170299886202493,0.008621464805415646
thyroid/dino518_main/EXTRA.json,trapA_mte_minus_mask,0.30324250636362604,0.28439030053765735,0.3223948826733951,0.31184109098687784,0.2925038430010268,0.33211158775371097,True,True,False,1.0421834033385908,0.008598584623251804
thyroid/dino518_main/EXTRA.json,trapB_mte_minus_mask,0.00867654661382038,0.0006815820166906389,0.016748968865500702,0.013824267141516832,-0.0029679537865060336,0.03285288941949119,True,False,True,2.229413130029298,0.005147720527696452
thyroid/medsiglip448_main/bootstrap_vs_erm.csv,trapA|prevcal|test_rev|prevcal|erm,0.6046013034832547,0.590848875501254,0.6190306366259419,0.6021497727321632,0.5790930511745711,0.6248257212129774,True,True,False,1.622775448137033,-0.002451530751091502
thyroid/medsiglip448_main/bootstrap_vs_erm.csv,trapA|prevcal|clean|prevcal|erm,0.0225203164415492,-0.0019379298797206,0.0430080744042994,0.0173154756202701,-0.015885603117162,0.0508830313858343,False,False,False,1.485529927890277,-0.005204840821279099
thyroid/medsiglip448_main/bootstrap_vs_erm.csv,trapA|mask|test_rev|mask|erm,0.06430736788277,0.0497742837462013,0.0782219915891222,0.0526605715934823,0.0316297660759647,0.0733786353587939,True,True,False,1.4675653136397853,-0.011646796289287699
thyroid/medsiglip448_main/bootstrap_vs_erm.csv,trapA|mask|clean|mask|erm,0.0489781907590126,0.0390011620015849,0.059843948354253,0.05230984768656,0.035243481023726,0.0703619566647962,True,True,False,1.6849223058209126,0.0033316569275474023
thyroid/medsiglip448_main/bootstrap_vs_erm.csv,trapA|inpaint|test_rev|inpaint|erm,0.0945446858818004,0.0862663527245445,0.1024251132375973,0.0974901175514564,0.0855009968196402,0.1102028078860417,True,True,False,1.5286946697704784,0.0029454316696559957
thyroid/medsiglip448_main/bootstrap_vs_erm.csv,trapA|inpaint|clean|inpaint|erm,0.011723464891273,-0.0019232816164399,0.0238914008670716,0.0149830762844461,0.0033028459278549,0.0251629967426164,False,True,True,0.8468107569684089,0.0032596113931731008
thyroid/medsiglip448_main/bootstrap_vs_erm.csv,trapA|balanced|test_rev|balanced|erm,0.4111764385718645,0.3940246177464246,0.4277263400574638,0.4091823547504737,0.3823206326146369,0.4362848156237671,True,True,False,1.6012292342535246,-0.0019940838213907686
thyroid/medsiglip448_main/bootstrap_vs_erm.csv,trapA|balanced|clean|balanced|erm,0.1157228901235751,0.1033839886065838,0.1276145102040868,0.1122215968962544,0.0887958968481223,0.1352993592019652,True,True,False,1.919210123757104,-0.0035012932273207065
thyroid/medsiglip448_main/bootstrap_vs_erm.csv,trapA|dfr|test_rev|dfr|erm,0.4725834359656573,0.4494594126161392,0.4938195578840513,0.4625309953837605,0.4372296192229132,0.4885182198124043,True,True,False,1.156186488563884,-0.010052440581896749
thyroid/medsiglip448_main/bootstrap_vs_erm.csv,trapA|dfr|clean|dfr|erm,0.1139175607497524,0.0969571853135358,0.1303683872661424,0.1105360107928601,0.0838754122100555,0.1376335078167405,True,True,False,1.6089841868885844,-0.003381549956892299
thyroid/medsiglip448_main/bootstrap_vs_erm.csv,trapA|leace_paired|test_rev|leace_paired|erm,0.0682735112406127,0.0528283125977634,0.0848749709058234,0.070972878485438,0.0541336520788883,0.0877428541486297,True,True,False,1.0487583992895886,0.002699367244825293
thyroid/medsiglip448_main/bootstrap_vs_erm.csv,trapA|leace_paired|clean|leace_paired|erm,-0.0053421464380368,-0.0248738095745837,0.0220398958244601,0.0036170450554012,-0.0121845833355216,0.0191640603782565,False,False,False,0.6682193070687836,0.008959191493438
thyroid/medsiglip448_main/bootstrap_vs_erm.csv,trapA|leace_unpaired|test_rev|leace_unpaired|erm,0.5403840579618422,0.5268433532084071,0.5539873259812349,0.5376601349050741,0.5132872630523911,0.5615275496073678,True,True,False,1.7772006684027923,-0.0027239230567680517
thyroid/medsiglip448_main/bootstrap_vs_erm.csv,trapA|leace_unpaired|clean|leace_unpaired|erm,0.1108469441517386,0.0943095872986199,0.1274545877141926,0.1159420203084586,0.0888241641376437,0.1433788857218936,True,True,False,1.6459411947576315,0.005095076156720002
thyroid/medsiglip448_main/bootstrap_vs_erm.csv,trapA|mte|test_rev|mte|erm,0.3741338696795213,0.3484436473676089,0.3978943416447201,0.3927869201062735,0.3626584864497786,0.4228779455642081,True,True,False,1.2177677178195405,0.018653050426752193
thyroid/medsiglip448_main/bootstrap_vs_erm.csv,trapA|mte|clean|mte|erm,0.1295342785068812,0.1136117607741608,0.1461296978924564,0.1379009403838171,0.112431848367653,0.1646382061015529,True,True,False,1.6054633952941306,0.008366661876935882
thyroid/medsiglip448_main/bootstrap_vs_erm.csv,trapA|mte_balanced|test_rev|mte_balanced|erm,0.529761770651248,0.515408633671592,0.5433696701176053,0.5269110180915577,0.500319397333938,0.5532980134709006,True,True,False,1.8947300554917803,-0.0028507525596902505
thyroid/medsiglip448_main/bootstrap_vs_erm.csv,trapA|mte_balanced|clean|mte_balanced|erm,0.1773164335664335,0.160755984815294,0.1936606765678999,0.1819858223967813,0.154758454848181,0.2090407142704972,True,True,False,1.6496814445319121,0.004669388830347787
thyroid/medsiglip448_main/bootstrap_vs_erm.csv,trapA|i2e|test_rev|i2e|erm,0.1397306708419985,0.1290638663985948,0.1500665990895074,0.1433484760840315,0.1241572558225972,0.1623761471968421,True,True,False,1.8197104127683976,0.0036178052420330065
thyroid/medsiglip448_main/bootstrap_vs_erm.csv,trapA|i2e|clean|i2e|erm,0.031565922661813,0.0162432070733404,0.0444894207551043,0.0422518121148258,0.0242267190163445,0.0604970459433974,True,True,False,1.2840774815234604,0.010685889453012798
thyroid/medsiglip448_main/bootstrap_vs_erm.csv,trapA|i2e_balanced|test_rev|i2e_balanced|erm,0.4104349543122664,0.3912309978287384,0.4309003231191791,0.4169543958067786,0.3956604798859828,0.4388507548376684,True,True,False,1.0887574879448063,0.006519441494512224
thyroid/medsiglip448_main/bootstrap_vs_erm.csv,trapA|i2e_balanced|clean|i2e_balanced|erm,0.1109207858351694,0.098990275121007,0.1230653773667404,0.1182327090717501,0.0937600905366061,0.1421354544550691,True,True,False,2.0093523767707397,0.007311923236580697
thyroid/medsiglip448_main/bootstrap_vs_erm.csv,trapA|i2e_rank1|test_rev|i2e_rank1|erm,0.0350965840840365,0.0277217435244632,0.0434286488229469,0.0434969501428414,0.0323443463881242,0.0574447560169431,True,True,False,1.5980493389262378,0.008400366058804898
thyroid/medsiglip448_main/bootstrap_vs_erm.csv,trapA|i2e_rank1|clean|i2e_rank1|erm,-0.0084143596129897,-0.0202876479390108,0.0042879103019763,-0.0034607800874923,-0.0164905087047261,0.0072742231105407,False,False,False,0.9670067952162323,0.0049535795254974
thyroid/medsiglip448_main/bootstrap_vs_erm.csv,trapA|insert_aug|test_rev|insert_aug|erm,0.0366856235847181,0.0303343327036767,0.0429718794679434,0.0381711236309185,0.0311747696990831,0.0460372421060041,True,True,False,1.1760567683077061,0.0014855000462003984
thyroid/medsiglip448_main/bootstrap_vs_erm.csv,trapA|insert_aug|clean|insert_aug|erm,0.0120595443369415,0.0087537244271371,0.0160769885680634,0.0126708337324775,0.0067998438614552,0.0179326990308678,True,True,False,1.5202039630383233,0.0006112893955360008
thyroid/medsiglip448_main/bootstrap_vs_erm.csv,trapB|prevcal|test_rev|prevcal|erm,0.4216277021463993,0.3977518754890115,0.4472859886773646,0.4383163880751335,0.3952834187363131,0.4801927299261827,True,True,False,1.7141582986860504,0.016688685928734237
thyroid/medsiglip448_main/bootstrap_vs_erm.csv,trapB|prevcal|clean|prevcal|erm,-0.0775041160503715,-0.1062750347495327,-0.0493586503363399,-0.0573755172874115,-0.1102810409125492,-0.0035308544877636,True,True,False,1.875561624747929,0.02012859876296
thyroid/medsiglip448_main/bootstrap_vs_erm.csv,trapB|mask|test_rev|mask|erm,0.2277586305933712,0.2028398159013699,0.2520927623570542,0.2477703103758592,0.2002565517999086,0.2930315802560921,True,True,False,1.8836442311052102,0.020011679782487996
thyroid/medsiglip448_main/bootstrap_vs_erm.csv,trapB|mask|clean|mask|erm,0.120286566101544,0.09392789603214,0.1458262166269479,0.1371935211142259,0.095197229109953,0.1801237179295038,True,True,False,1.6364014836358147,0.016906955012681885
thyroid/medsiglip448_main/bootstrap_vs_erm.csv,trapB|inpaint|test_rev|inpaint|erm,0.0644187872173396,0.0433517108314317,0.0829049436426119,0.0753010894747927,0.0547633425552292,0.0982963613799734,True,True,False,1.1006184761827877,0.01088230225745311
thyroid/medsiglip448_main/bootstrap_vs_erm.csv,trapB|inpaint|clean|inpaint|erm,0.0234192141681128,0.0107190616920669,0.0380416410124406,0.0271726071285542,0.0107346047816202,0.0462823326288814,True,True,False,1.301038508496679,0.0037533929604414012
thyroid/medsiglip448_main/bootstrap_vs_erm.csv,trapB|balanced|test_rev|balanced|erm,0.1917571371129875,0.1722813215790775,0.2108669740994759,0.201145958986731,0.1614659227829065,0.2405634309001936,True,True,False,2.04992018925874,0.009388821873743486
thyroid/medsiglip448_main/bootstrap_vs_erm.csv,trapB|balanced|clean|balanced|erm,0.0351644195256529,0.0128685720371737,0.0586545599631643,0.0590419614648689,0.0223592510212312,0.0942636539274766,True,True,False,1.570445591836374,0.023877541939216
thyroid/medsiglip448_main/bootstrap_vs_erm.csv,trapB|dfr|test_rev|dfr|erm,0.2276724682635419,0.2075467499785152,0.2484282917604827,0.2433319930304248,0.2065121559456025,0.2817344033678226,True,True,False,1.840005150084627,0.0156595247668829
thyroid/medsiglip448_main/bootstrap_vs_erm.csv,trapB|dfr|clean|dfr|erm,0.0392893694655809,0.0149719470052823,0.0625661568030633,0.0512125661905397,0.0120644142604494,0.0892872096681525,True,True,False,1.6225250032684333,0.011923196724958805
thyroid/medsiglip448_main/bootstrap_vs_erm.csv,trapB|leace_paired|test_rev|leace_paired|erm,0.0342926072721006,0.0111816087065965,0.0544910153048484,0.0508664100943955,0.0355028554803515,0.0675082513858571,True,True,False,0.738994098958572,0.016573802822294897
thyroid/medsiglip448_main/bootstrap_vs_erm.csv,trapB|leace_paired|clean|leace_paired|erm,0.0134650469452231,0.0010046347993231,0.0264911271296576,0.0175766475325946,0.0053181912166185,0.0312083257878433,True,True,False,1.0158374968064898,0.0041116005873715
thyroid/medsiglip448_main/bootstrap_vs_erm.csv,trapB|leace_unpaired|test_rev|leace_unpaired|erm,0.2683841691079327,0.2415441692353256,0.2964825317989547,0.2726482470752676,0.2333843775673612,0.3117183990403073,True,True,False,1.4258528615995862,0.004264077967334856
thyroid/medsiglip448_main/bootstrap_vs_erm.csv,trapB|leace_unpaired|clean|leace_unpaired|erm,0.0514862279179459,0.0281611631004132,0.0751438256706077,0.0563654162773105,0.0180260772336511,0.0952503617968422,True,True,False,1.6436762060433263,0.0048791883593646
thyroid/medsiglip448_main/bootstrap_vs_erm.csv,trapB|mte|test_rev|mte|erm,0.2636701323070441,0.2408303447785928,0.2865308303287284,0.2935081471269649,0.2510359212658503,0.3356121646528446,True,True,False,1.8506639999308145,0.029838014819920766
thyroid/medsiglip448_main/bootstrap_vs_erm.csv,trapB|mte|clean|mte|erm,0.1452320562452721,0.1208732102575368,0.169267164486515,0.1728807902816713,0.1324660148250447,0.2125297349020962,True,True,False,1.654415749914264,0.027648734036399197
thyroid/medsiglip448_main/bootstrap_vs_erm.csv,trapB|mte_balanced|test_rev|mte_balanced|erm,0.2824745821127004,0.2600126292566613,0.3052884605425781,0.3120876175158442,0.2688835160482145,0.3549283277595482,True,True,False,1.9004579102691876,0.029613035403143806
thyroid/medsiglip448_main/bootstrap_vs_erm.csv,trapB|mte_balanced|clean|mte_balanced|erm,0.140557557958439,0.1178914107647084,0.1631663106472704,0.1649735237840965,0.12300837374929,0.2067324842479758,True,True,False,1.8492389981172064,0.0244159658256575
thyroid/medsiglip448_main/bootstrap_vs_erm.csv,trapB|i2e|test_rev|i2e|erm,0.0333285465372316,0.0111256164273147,0.0553079303244464,0.0475434162406418,0.00842545400307,0.0879624459228104,True,True,False,1.8001997836718986,0.014214869703410203
thyroid/medsiglip448_main/bootstrap_vs_erm.csv,trapB|i2e|clean|i2e|erm,-0.0113336003203845,-0.0344604844252079,0.0125877405917141,0.0037244693632358,-0.0307983184892841,0.0388513466595477,False,False,False,1.4803887951943067,0.0150580696836203
thyroid/medsiglip448_main/bootstrap_vs_erm.csv,trapB|i2e_balanced|test_rev|i2e_balanced|erm,0.1786298274838685,0.1482631994262728,0.2125493219228264,0.2135274857832156,0.1642341175779952,0.2588268305367644,True,True,False,1.4714328580610903,0.0348976582993471
thyroid/medsiglip448_main/bootstrap_vs_erm.csv,trapB|i2e_balanced|clean|i2e_balanced|erm,0.015870155297468,-0.0140203787722185,0.0477301905365182,0.0499822008632581,0.001635419725344,0.0968721936175741,False,True,True,1.5422817142959628,0.0341120455657901
thyroid/medsiglip448_main/bootstrap_vs_erm.csv,trapB|i2e_rank1|test_rev|i2e_rank1|erm,0.0891579068298006,0.0688770513376748,0.1085764680419903,0.1085999578761943,0.0864740292880609,0.132207546361557,True,True,False,1.151994685819267,0.019442051046393696
thyroid/medsiglip448_main/bootstrap_vs_erm.csv,trapB|i2e_rank1|clean|i2e_rank1|erm,0.0250923330218484,0.0115972125502724,0.0392769714137386,0.0215547545944021,-0.0050993275814034,0.0475449427470376,True,False,True,1.9019049475147276,-0.0035375784274463
thyroid/medsiglip448_main/bootstrap_vs_erm.csv,trapB|insert_aug|test_rev|insert_aug|erm,0.0424311180040974,0.0277295883264084,0.0594569689147886,0.0480316694430084,0.0300215424164955,0.0660363720272027,True,True,False,1.1351340369994876,0.005600551438911
thyroid/medsiglip448_main/bootstrap_vs_erm.csv,trapB|insert_aug|clean|insert_aug|erm,0.0106216348507097,-0.0021033750322741,0.0234649808724899,0.016446402349486,-0.0042862111328368,0.0361968833060454,False,False,False,1.5833280242840813,0.005824767498776301
thyroid/medsiglip448_main/T3_crossover.json,T3_crossover,0.16345126271060118,0.13222234318163137,0.193644065303188,0.19510973878237686,0.15338648865626028,0.23773949038808612,True,True,False,1.3733415283421564,0.03165847607177569
thyroid/medsiglip448_main/EXTRA.json,trapA_mte_minus_mask,0.30982650179675125,0.2899225291232814,0.32989683293444766,0.3401263485127911,0.30894217308042904,0.36887650551958673,True,True,False,1.4993214821771559,0.030299846716039858
thyroid/medsiglip448_main/EXTRA.json,trapB_mte_minus_mask,0.035911501713672966,0.023727928010587485,0.04758428830659851,0.045737836751105765,0.02598360765999039,0.0660072240767193,True,True,False,1.677691647850455,0.009826335037432798
thyroid/medsiglip448_universal/bootstrap_vs_erm.csv,trapA|mask|test_rev|mask|erm,0.06430736788277,0.0497742837462013,0.0782219915891222,0.0526605715934823,0.0316297660759647,0.0733786353587939,True,True,False,1.4675653136397853,-0.011646796289287699
thyroid/medsiglip448_universal/bootstrap_vs_erm.csv,trapA|mask|clean|mask|erm,0.0489781907590126,0.0390011620015849,0.059843948354253,0.05230984768656,0.035243481023726,0.0703619566647962,True,True,False,1.6849223058209126,0.0033316569275474023
thyroid/medsiglip448_universal/bootstrap_vs_erm.csv,trapA|balanced|test_rev|balanced|erm,0.4111764385718645,0.3940246177464246,0.4277263400574638,0.4091823547504737,0.3823206326146369,0.4362848156237671,True,True,False,1.6012292342535246,-0.0019940838213907686
thyroid/medsiglip448_universal/bootstrap_vs_erm.csv,trapA|balanced|clean|balanced|erm,0.1157228901235751,0.1033839886065838,0.1276145102040868,0.1122215968962544,0.0887958968481223,0.1352993592019652,True,True,False,1.919210123757104,-0.0035012932273207065
thyroid/medsiglip448_universal/bootstrap_vs_erm.csv,trapA|dfr|test_rev|dfr|erm,0.4725834359656573,0.4494594126161392,0.4938195578840513,0.4625309953837605,0.4372296192229132,0.4885182198124043,True,True,False,1.156186488563884,-0.010052440581896749
thyroid/medsiglip448_universal/bootstrap_vs_erm.csv,trapA|dfr|clean|dfr|erm,0.1139175607497524,0.0969571853135358,0.1303683872661424,0.1105360107928601,0.0838754122100555,0.1376335078167405,True,True,False,1.6089841868885844,-0.003381549956892299
thyroid/medsiglip448_universal/bootstrap_vs_erm.csv,trapA|mte|test_rev|mte|erm,0.2683805948329002,0.2430653286670497,0.2926329856713766,0.298712338789196,0.2701793072159209,0.3278300295191573,True,True,False,1.1630713611943346,0.030331743956295787
thyroid/medsiglip448_universal/bootstrap_vs_erm.csv,trapA|mte|clean|mte|erm,0.0586526487211418,0.0409431685638762,0.0791085139244553,0.0856395887217805,0.0619934034221036,0.1104165885266836,True,True,False,1.2687736648807113,0.0269869400006387
thyroid/medsiglip448_universal/bootstrap_vs_erm.csv,trapA|mte_balanced|test_rev|mte_balanced|erm,0.5075228122227188,0.4938117692695626,0.5207925243375373,0.5045642166126397,0.4781334544813379,0.530742489110121,True,True,False,1.949872584968103,-0.002958595610079051
thyroid/medsiglip448_universal/bootstrap_vs_erm.csv,trapA|mte_balanced|clean|mte_balanced|erm,0.1699554155889772,0.1521494506329618,0.1883258605131334,0.1783843439665357,0.1518042616251596,0.205144198937468,True,True,False,1.4744397658305004,0.008428928377558514
thyroid/medsiglip448_universal/bootstrap_vs_erm.csv,trapA|mte_protect|test_rev|mte_protect|erm,0.3266345753426738,0.3081861999558022,0.3446134794888966,0.3584943489988443,0.3302340112759399,0.3878214403828286,True,True,False,1.5808874515202336,0.03185977365617049
thyroid/medsiglip448_universal/bootstrap_vs_erm.csv,trapA|mte_protect|clean|mte_protect|erm,0.0769316585241242,0.0571502659251574,0.0976620764357583,0.0878316888590861,0.062175552192975,0.1139423490456107,True,True,False,1.2778198801825864,0.010900030334961897
thyroid/medsiglip448_universal/bootstrap_vs_erm.csv,trapA|mte_protect_balanced|test_rev|mte_protect_balanced|erm,0.4961577748890241,0.4818487441729188,0.5102558652643565,0.4975569498643734,0.4709481209127291,0.5237290015527934,True,True,False,1.8580158288540265,0.0013991749753493044
thyroid/medsiglip448_universal/bootstrap_vs_erm.csv,trapA|mte_protect_balanced|clean|mte_protect_balanced|erm,0.1486943992080978,0.133553951988157,0.1638947291331857,0.1584211450649807,0.1301630653809512,0.1871973675136428,True,True,False,1.8797904173669657,0.009726745856882907
thyroid/medsiglip448_universal/bootstrap_vs_erm.csv,trapA|mte_dfr|test_rev|mte_dfr|erm,0.5315670025581081,0.5142772005025776,0.5485589623064229,0.5201422211871091,0.4953661910976215,0.5445540078434371,True,True,False,1.4348100610248813,-0.011424781370999004
thyroid/medsiglip448_universal/bootstrap_vs_erm.csv,trapA|mte_dfr|clean|mte_dfr|erm,0.1490893524283935,0.1280062852922587,0.1684556969853705,0.1526630903343232,0.1245996806949197,0.1810892826775704,True,True,False,1.3965494087092103,0.0035737379059297136
thyroid/medsiglip448_universal/bootstrap_vs_erm.csv,trapA|mask_dfr|test_rev|mask_dfr|erm,0.5217353111309977,0.5036727770447121,0.5408346366135381,0.5172378002549248,0.4895635488153892,0.5450187387388862,True,True,False,1.492260897783939,-0.004497510876072863
thyroid/medsiglip448_universal/bootstrap_vs_erm.csv,trapA|mask_dfr|clean|mask_dfr|erm,0.1527205671041287,0.1316843011174453,0.1724327015324152,0.1663639157646007,0.1377103065412441,0.1945709244752604,True,True,False,1.3954073621286789,0.013643348660471982
thyroid/medsiglip448_universal/bootstrap_vs_erm.csv,trapA|mte_aug|test_rev|mte_aug|erm,0.0910985181706679,0.0754690407341131,0.1059965114962035,0.0737854049873613,0.0526044611220007,0.094555394815925,True,True,False,1.3742027310700033,-0.017313113183306597
thyroid/medsiglip448_universal/bootstrap_vs_erm.csv,trapA|mte_aug|clean|mte_aug|erm,0.0499786457834403,0.0390927141564027,0.0607469754541744,0.0590266468691126,0.0414141064584802,0.0772804819215186,True,True,False,1.656319510041618,0.009048001085672303
thyroid/medsiglip448_universal/bootstrap_vs_erm.csv,trapB|mask|test_rev|mask|erm,0.2277586305933712,0.2028398159013699,0.2520927623570542,0.2477703103758592,0.2002565517999086,0.2930315802560921,True,True,False,1.8836442311052102,0.020011679782487996
thyroid/medsiglip448_universal/bootstrap_vs_erm.csv,trapB|mask|clean|mask|erm,0.120286566101544,0.09392789603214,0.1458262166269479,0.1371935211142259,0.095197229109953,0.1801237179295038,True,True,False,1.6364014836358147,0.016906955012681885
thyroid/medsiglip448_universal/bootstrap_vs_erm.csv,trapB|balanced|test_rev|balanced|erm,0.1917571371129875,0.1722813215790775,0.2108669740994759,0.201145958986731,0.1614659227829065,0.2405634309001936,True,True,False,2.04992018925874,0.009388821873743486
thyroid/medsiglip448_universal/bootstrap_vs_erm.csv,trapB|balanced|clean|balanced|erm,0.0351644195256529,0.0128685720371737,0.0586545599631643,0.0590419614648689,0.0223592510212312,0.0942636539274766,True,True,False,1.570445591836374,0.023877541939216
thyroid/medsiglip448_universal/bootstrap_vs_erm.csv,trapB|dfr|test_rev|dfr|erm,0.2276724682635419,0.2075467499785152,0.2484282917604827,0.2433319930304248,0.2065121559456025,0.2817344033678226,True,True,False,1.840005150084627,0.0156595247668829
thyroid/medsiglip448_universal/bootstrap_vs_erm.csv,trapB|dfr|clean|dfr|erm,0.0392893694655809,0.0149719470052823,0.0625661568030633,0.0512125661905397,0.0120644142604494,0.0892872096681525,True,True,False,1.6225250032684333,0.011923196724958805
thyroid/medsiglip448_universal/bootstrap_vs_erm.csv,trapB|mte|test_rev|mte|erm,0.2532511919122292,0.2292737200667341,0.276758812060105,0.2756361652019071,0.2318373281274896,0.3184808489343486,True,True,False,1.824646792701902,0.022384973289677867
thyroid/medsiglip448_universal/bootstrap_vs_erm.csv,trapB|mte|clean|mte|erm,0.1426400569572376,0.1161207571099197,0.1691879014904683,0.1605726872246696,0.12019420158399,0.2003867834473318,True,True,False,1.5111531400347187,0.017932630267431998
thyroid/medsiglip448_universal/bootstrap_vs_erm.csv,trapB|mte_balanced|test_rev|mte_balanced|erm,0.2857927891703524,0.2601703983879513,0.310258258206102,0.3128314856300381,0.2690793614830637,0.357755175777301,True,True,False,1.7704053360671486,0.027038696459685707
thyroid/medsiglip448_universal/bootstrap_vs_erm.csv,trapB|mte_balanced|clean|mte_balanced|erm,0.1432986250166866,0.1193379427527675,0.1670091671971687,0.1659057535709518,0.1207894999689278,0.2102147450925429,True,True,False,1.8758747266479692,0.022607128554265193
thyroid/medsiglip448_universal/bootstrap_vs_erm.csv,trapB|mte_protect|test_rev|mte_protect|erm,0.2454965822275834,0.2251779194336238,0.2658788004116965,0.270861814770138,0.2240640818792726,0.3175309277993517,True,True,False,2.2964329929475915,0.0253652325425546
thyroid/medsiglip448_universal/bootstrap_vs_erm.csv,trapB|mte_protect|clean|mte_protect|erm,0.1292551061273528,0.1051440505160404,0.1530985638254874,0.1497708361144484,0.1099401104881108,0.1901567831340473,True,True,False,1.6727658589360324,0.02051572998709561
thyroid/medsiglip448_universal/bootstrap_vs_erm.csv,trapB|mte_protect_balanced|test_rev|mte_protect_balanced|erm,0.2583433856051468,0.2334233362569794,0.2831157376443375,0.2917667107051908,0.2465347674301674,0.3369371412634783,True,True,False,1.8192393868956696,0.03342332510004398
thyroid/medsiglip448_universal/bootstrap_vs_erm.csv,trapB|mte_protect_balanced|clean|mte_protect_balanced|erm,0.1090286121123124,0.0821974876384146,0.1356969622820912,0.139914564143639,0.0966571132513858,0.182399977736708,True,True,False,1.602686102179447,0.030885952031326602
thyroid/medsiglip448_universal/bootstrap_vs_erm.csv,trapB|mte_dfr|test_rev|mte_dfr|erm,0.2521875658184464,0.2238314959841819,0.285162835652516,0.2677791180806862,0.2280438799082464,0.3068442659491214,True,True,False,1.2848306667848692,0.015591552262239794
thyroid/medsiglip448_universal/bootstrap_vs_erm.csv,trapB|mte_dfr|clean|mte_dfr|erm,0.1000088995683708,0.0691124482323141,0.133305722497291,0.1201753214969073,0.0767865560003693,0.1637750191495726,True,True,False,1.3551024487414751,0.0201664219285365
thyroid/medsiglip448_universal/bootstrap_vs_erm.csv,trapB|mask_dfr|test_rev|mask_dfr|erm,0.2572251900358052,0.2269446766193683,0.2912139950089558,0.2787753460853581,0.2344365842013953,0.3235246390403624,True,True,False,1.3861677246821489,0.021550156049552904
thyroid/medsiglip448_universal/bootstrap_vs_erm.csv,trapB|mask_dfr|clean|mask_dfr|erm,0.0969340986962132,0.0655530849454065,0.1288541376815565,0.1206047256708049,0.0758850574497365,0.1638954639363701,True,True,False,1.390346648000888,0.0236706269745917
thyroid/medsiglip448_universal/bootstrap_vs_erm.csv,trapB|mte_aug|test_rev|mte_aug|erm,0.2256629712600761,0.1963263354823972,0.2539037094001944,0.2484040821797155,0.2023033575973724,0.2931238928162114,True,True,False,1.5773650140505329,0.0227411109196394
thyroid/medsiglip448_universal/bootstrap_vs_erm.csv,trapB|mte_aug|clean|mte_aug|erm,0.1180194010590486,0.0882646474454905,0.1471110091719162,0.1371067503226093,0.0953511242665436,0.179150571549457,True,True,False,1.424037864439157,0.019087349263560704
thyroid/medsiglip448_universal/T3_crossover.json,T3_crossover,0.16345126271060118,0.13222234318163137,0.193644065303188,0.19510973878237686,0.15338648865626028,0.23773949038808612,True,True,False,1.3733415283421564,0.03165847607177569
thyroid/medsiglip448_universal/EXTRA.json,trapA_mte_minus_mask,0.2040732269501302,0.17426958290713476,0.23641235605080832,0.24605176719571364,0.2235793923152644,0.26896333831626024,True,True,False,0.7303173596078265,0.04197854024558345
thyroid/medsiglip448_universal/EXTRA.json,trapB_mte_minus_mask,0.02549256131885804,0.014449234894740875,0.03604656486351513,0.027865854826047864,0.007013591532982755,0.04818360952798554,True,True,False,1.9062549886734619,0.0023732935071898234
thyroid/convnext384_universal/bootstrap_vs_erm.csv,trapA|mask|test_rev|mask|erm,0.0039603208457325,-0.0088610696507098,0.0166225142076969,-0.0043197976803618,-0.028731041609051,0.0197443731599955,False,False,False,1.9022212510763121,-0.0082801185260943
thyroid/convnext384_universal/bootstrap_vs_erm.csv,trapA|mask|clean|mask|erm,0.018498139987866,0.0054482448270118,0.031111055501911,0.0207664766740109,-0.000220633434791,0.040942833793008,True,False,True,1.6040124267471993,0.0022683366861449006
thyroid/convnext384_universal/bootstrap_vs_erm.csv,trapA|balanced|test_rev|balanced|erm,0.3074415502058764,0.2916969779939701,0.3255037577674239,0.3263687650072085,0.3046843168915082,0.348400857139478,True,True,False,1.2931293823583114,0.018927214801332137
thyroid/convnext384_universal/bootstrap_vs_erm.csv,trapA|balanced|clean|balanced|erm,0.0748459303253824,0.0635356587007604,0.0858771297681614,0.077781037455695,0.0560655738854245,0.0987508870985167,True,True,False,1.9105865090224703,0.0029351071303126003
thyroid/convnext384_universal/bootstrap_vs_erm.csv,trapA|dfr|test_rev|dfr|erm,0.3560450966220569,0.3363420272686968,0.3762900492865217,0.3691687857657299,0.334814919043421,0.4049001953855479,True,True,False,1.7544116780263772,0.013123689143673012
thyroid/convnext384_universal/bootstrap_vs_erm.csv,trapA|dfr|clean|dfr|erm,0.0636152089919212,0.0479968439434087,0.0791547171298766,0.0678052255963215,0.0405900294581264,0.0961481456893937,True,True,False,1.7831164501753163,0.0041900166044002984
thyroid/convnext384_universal/bootstrap_vs_erm.csv,trapA|mte|test_rev|mte|erm,0.13212798894229,0.1142670481388491,0.1521116022900047,0.1309574108554409,0.0873066271564743,0.1711597873343727,True,True,False,2.2157259362332296,-0.001170578086849089
thyroid/convnext384_universal/bootstrap_vs_erm.csv,trapA|mte|clean|mte|erm,0.0368487961809879,0.0199180194590437,0.0539604124842222,0.0364602292684484,0.0095066262436859,0.0626168225288093,True,True,False,1.5601193560582516,-0.0003885669125395022
thyroid/convnext384_universal/bootstrap_vs_erm.csv,trapA|mte_balanced|test_rev|mte_balanced|erm,0.3914474891682288,0.369811113597578,0.4128887406389801,0.3974682198428682,0.3615470409893613,0.4344553055946625,True,True,False,1.6924856268250041,0.006020730674639374
thyroid/convnext384_universal/bootstrap_vs_erm.csv,trapA|mte_balanced|clean|mte_balanced|erm,0.1283548072931634,0.112177512688736,0.1446124112483133,0.1283556055816329,0.0987322509155094,0.1587137693149489,True,True,False,1.849289532669998,7.982884694945902e-07
thyroid/convnext384_universal/bootstrap_vs_erm.csv,trapA|mte_protect|test_rev|mte_protect|erm,0.1986317096541048,0.1596255963411351,0.2447162536750879,0.1787670704030317,0.1123578913959656,0.2359779851925234,True,True,False,1.4528045459960386,-0.019864639251073096
thyroid/convnext384_universal/bootstrap_vs_erm.csv,trapA|mte_protect|clean|mte_protect|erm,0.0490745840917073,0.0267220756405757,0.0758895535537485,0.0520224638375323,0.0188109804581753,0.08432616952643,True,True,False,1.3324903340364764,0.0029478797458249995
thyroid/convnext384_universal/bootstrap_vs_erm.csv,trapA|mte_protect_balanced|test_rev|mte_protect_balanced|erm,0.379547540178498,0.3566038244215311,0.4035630600322518,0.3920882186530504,0.3629167405187792,0.4210574177773823,True,True,False,1.2381095327141511,0.01254067847455237
thyroid/convnext384_universal/bootstrap_vs_erm.csv,trapA|mte_protect_balanced|clean|mte_protect_balanced|erm,0.1068810470351565,0.088867915309833,0.1243382821238177,0.110715426126385,0.0832181095028798,0.1397978590075931,True,True,False,1.595127273462701,0.0038343790912285097
thyroid/convnext384_universal/bootstrap_vs_erm.csv,trapA|mte_dfr|test_rev|mte_dfr|erm,0.4296102587600328,0.4123818323443396,0.4466955973375217,0.4251046469975456,0.3944063345178011,0.4552636650972372,True,True,False,1.7735544494032667,-0.004505611762487205
thyroid/convnext384_universal/bootstrap_vs_erm.csv,trapA|mte_dfr|clean|mte_dfr|erm,0.1199021298336366,0.1019371189972617,0.1372251209579976,0.1151427339783504,0.086381049477126,0.1440394774043535,True,True,False,1.6339385831870732,-0.004759395855286203
thyroid/convnext384_universal/bootstrap_vs_erm.csv,trapA|mask_dfr|test_rev|mask_dfr|erm,0.4131819142647749,0.3967880228784323,0.4305113788668684,0.4076241998792461,0.3718480288134128,0.4420488868346071,True,True,False,2.0816688008532265,-0.0055577143855288225
thyroid/convnext384_universal/bootstrap_vs_erm.csv,trapA|mask_dfr|clean|mask_dfr|erm,0.1128071414886483,0.0952861251213084,0.1312027406725512,0.1061334498834498,0.0762897458526405,0.1367021991910254,True,True,False,1.6820196561169156,-0.006673691605198498
thyroid/convnext384_universal/bootstrap_vs_erm.csv,trapA|mte_aug|test_rev|mte_aug|erm,0.0117708411125049,-0.0019890336956612,0.02582939893158,0.003332755301334,-0.0209905621315226,0.0273069885902315,False,False,False,1.7361708105171503,-0.0084380858111709
thyroid/convnext384_universal/bootstrap_vs_erm.csv,trapA|mte_aug|clean|mte_aug|erm,0.0214420282913433,0.0074811462178626,0.0348087556519447,0.0216735319475045,0.0015917312573876,0.0423587444597412,True,True,False,1.4917884896111808,0.00023150365616120272
thyroid/convnext384_universal/bootstrap_vs_erm.csv,trapB|mask|test_rev|mask|erm,0.2884427594922166,0.2623814703580772,0.3134058773846703,0.2711136002450839,0.2280112255842063,0.3138709337185681,True,True,False,1.6827183918004787,-0.017329159247132686
thyroid/convnext384_universal/bootstrap_vs_erm.csv,trapB|mask|clean|mask|erm,0.1309905219596849,0.1027296318660171,0.1595808875158718,0.1153895786054376,0.063105371453236,0.1659269031616068,True,True,False,1.8086061694335434,-0.015600943354247318
thyroid/convnext384_universal/bootstrap_vs_erm.csv,trapB|balanced|test_rev|balanced|erm,0.2398941160702318,0.2168271878935472,0.2626272691502277,0.2217770501847703,0.1859102950521262,0.2579573973231548,True,True,False,1.573078044714597,-0.018117065885461497
thyroid/convnext384_universal/bootstrap_vs_erm.csv,trapB|balanced|clean|balanced|erm,0.0621723846393449,0.0407963229996916,0.0838234651788489,0.0391936991055933,-0.0017641185989474,0.0802575114268014,True,False,True,1.9062765006382592,-0.022978685533751597
thyroid/convnext384_universal/bootstrap_vs_erm.csv,trapB|dfr|test_rev|dfr|erm,0.2822888544239569,0.2475865957455948,0.3165777170402811,0.2597545330959082,0.2120313805576532,0.3046593903003839,True,True,False,1.3426076863873924,-0.022534321328048723
thyroid/convnext384_universal/bootstrap_vs_erm.csv,trapB|dfr|clean|dfr|erm,0.0383393405419837,0.0058677661258969,0.0715378435821016,0.0520669247541494,-0.0005722586071231,0.1025573798234641,True,False,True,1.570420538933645,0.013727584212165703
thyroid/convnext384_universal/bootstrap_vs_erm.csv,trapB|mte|test_rev|mte|erm,0.2869665115744729,0.2634773923790098,0.3102278442914805,0.2759358186378692,0.2306348616796604,0.3198077969737952,True,True,False,1.9074240279236296,-0.011030692936603692
thyroid/convnext384_universal/bootstrap_vs_erm.csv,trapB|mte|clean|mte|erm,0.1369910559337872,0.1087800991202791,0.1648395770979192,0.1424264673163351,0.0922487170667605,0.1915500842789573,True,True,False,1.7713573296526985,0.005435411382547911
thyroid/convnext384_universal/bootstrap_vs_erm.csv,trapB|mte_balanced|test_rev|mte_balanced|erm,0.3355955731709651,0.3133815943178638,0.357838603648193,0.3125155570873302,0.2664807101250964,0.3582061711634245,True,True,False,2.0632395750415835,-0.023080016083634913
thyroid/convnext384_universal/bootstrap_vs_erm.csv,trapB|mte_balanced|clean|mte_balanced|erm,0.1562719708094157,0.1244176776759532,0.1869470344227755,0.1498976549637342,0.0992574230827011,0.1991781037794112,True,True,False,1.5979803070945235,-0.006374315845681516
thyroid/convnext384_universal/bootstrap_vs_erm.csv,trapB|mte_protect|test_rev|mte_protect|erm,0.2897083883814885,0.2656569260003615,0.3136821294175109,0.2858464012866908,0.2410611075667966,0.3315378718860047,True,True,False,1.8839433855869858,-0.003861987094797681
thyroid/convnext384_universal/bootstrap_vs_erm.csv,trapB|mte_protect|clean|mte_protect|erm,0.1307502336136697,0.100458701973482,0.1603128997691542,0.1409869621323365,0.0864044552517449,0.1948586959386887,True,True,False,1.811973841119389,0.010236728518666804
thyroid/convnext384_universal/bootstrap_vs_erm.csv,trapB|mte_protect_balanced|test_rev|mte_protect_balanced|erm,0.3177025293430601,0.2922320035511506,0.3426320758294315,0.3090116223409347,0.2652151800304059,0.3520443747329967,True,True,False,1.722799011540474,-0.008690907002125381
thyroid/convnext384_universal/bootstrap_vs_erm.csv,trapB|mte_protect_balanced|clean|mte_protect_balanced|erm,0.1313109064210386,0.0979440996067581,0.1648157347099892,0.141434165442976,0.0904674139503774,0.1902875037388268,True,True,False,1.4927119642633997,0.010123259021937392
thyroid/convnext384_universal/bootstrap_vs_erm.csv,trapB|mte_dfr|test_rev|mte_dfr|erm,0.3153512550979379,0.2842406176519436,0.3482994578161794,0.3146715300515059,0.2702275256904163,0.357198731866006,True,True,False,1.357676878829066,-0.0006797250464319893
thyroid/convnext384_universal/bootstrap_vs_erm.csv,trapB|mte_dfr|clean|mte_dfr|erm,0.1181907177501891,0.09161214954981,0.1449060121775078,0.1395363324878743,0.0966141942390952,0.1836001304057616,True,True,False,1.6321942504775069,0.021345614737685203
thyroid/convnext384_universal/bootstrap_vs_erm.csv,trapB|mask_dfr|test_rev|mask_dfr|erm,0.3018639784019759,0.2724221972874773,0.331609153210948,0.3071466865797384,0.2592664780696638,0.3543785232873554,True,True,False,1.6069764652311627,0.005282708177762552
thyroid/convnext384_universal/bootstrap_vs_erm.csv,trapB|mask_dfr|clean|mask_dfr|erm,0.0895274329195034,0.0616770788302515,0.1167431072693683,0.1184955279668936,0.0708839605387074,0.1660189971592949,True,True,False,1.7276538605970577,0.028968095047390202
thyroid/convnext384_universal/bootstrap_vs_erm.csv,trapB|mte_aug|test_rev|mte_aug|erm,0.2889606908304134,0.2634440867953584,0.3141740688049297,0.2702165546556379,0.2268649641828169,0.3134229818435489,True,True,False,1.7062497212082781,-0.01874413617477555
thyroid/convnext384_universal/bootstrap_vs_erm.csv,trapB|mte_aug|clean|mte_aug|erm,0.1310683931829306,0.1018103040323412,0.1611324807831232,0.1194166332932852,0.0682336890993922,0.1691908416124119,True,True,False,1.7018450441754713,-0.011651759889645397
thyroid/convnext384_universal/T3_crossover.json,T3_crossover,0.28448243864648415,0.2531502925797936,0.3148635631893092,0.2754333979254458,0.23052112258469365,0.32038549284213297,True,True,False,1.456159580749608,-0.009049040721038348
thyroid/convnext384_universal/EXTRA.json,trapA_mte_minus_mask,0.1281676680965575,0.11160370508840914,0.14556780710313122,0.13527720853580277,0.10195637032903836,0.16838711499136366,True,True,False,1.9559105267535186,0.0071095404392452766
thyroid/convnext384_universal/EXTRA.json,trapB_mte_minus_mask,-0.0014762479177437226,-0.016227275970831043,0.013209342699510171,0.004822218392785338,-0.015105605594274766,0.024465835761333196,False,False,False,1.3442930317087696,0.00629846631052906
thyroid/dino518_ablation/bootstrap_vs_erm.csv,trapA|mask|test_rev|mask|erm,0.1111370733269454,0.0974671513368354,0.1243852873218636,0.1092822234907985,0.0847610737933959,0.1330341989444368,True,True,False,1.793330904409216,-0.0018548498361469073
thyroid/dino518_ablation/bootstrap_vs_erm.csv,trapA|mask|clean|mask|erm,0.077311444263499,0.0657915218697687,0.0889819965125604,0.0809751891943672,0.0622897151439109,0.0998919976701983,True,True,False,1.621453769510289,0.0036637449308682124
thyroid/dino518_ablation/bootstrap_vs_erm.csv,trapA|mte|test_rev|mte|erm,0.3328466894588481,0.3086877223543156,0.3592089681198332,0.3334140046605413,0.3024828558663493,0.3638049039244415,True,True,False,1.2137873310310652,0.0005673152016931748
thyroid/dino518_ablation/bootstrap_vs_erm.csv,trapA|mte|clean|mte|erm,0.1182999648753073,0.0977510159135588,0.139987240674635,0.1207998052176134,0.0959337062032466,0.1453192451722551,True,True,False,1.1692697263634446,0.0024998403423060894
thyroid/dino518_ablation/bootstrap_vs_erm.csv,trapA|mte_aug|test_rev|mte_aug|erm,0.126257124666313,0.1131940642092181,0.1393046278146606,0.1179861196374346,0.0942087249631402,0.1426557057553978,True,True,False,1.8554551914061046,-0.008271005028878398
thyroid/dino518_ablation/bootstrap_vs_erm.csv,trapA|mte_aug|clean|mte_aug|erm,0.0805499010122297,0.0687316784976419,0.0923048570257909,0.0807937781396685,0.0614874909605479,0.0999919086324279,True,True,False,1.6333994851776756,0.00024387712743879908
thyroid/dino518_ablation/bootstrap_vs_erm.csv,trapA|insert_aug|test_rev|insert_aug|erm,0.029123699269781,0.0257152609343299,0.0324422827518424,0.0298267043189116,0.0228069808607888,0.037090961079778,True,True,False,2.123373553182722,0.000703005049130602
thyroid/dino518_ablation/bootstrap_vs_erm.csv,trapA|insert_aug|clean|insert_aug|erm,0.0120218252067567,0.0094748292528398,0.0146732355503044,0.0120421815627295,0.0076098984701665,0.0164809620821737,True,True,False,1.7064967808179694,2.0356355972799e-05
thyroid/dino518_ablation/bootstrap_vs_erm.csv,trapB|mask|test_rev|mask|erm,0.3410908150956402,0.3197203692283409,0.3629843445358692,0.3478574300649089,0.3065161623649827,0.3883246323995806,True,True,False,1.8909143104185007,0.0067666149692686695
thyroid/dino518_ablation/bootstrap_vs_erm.csv,trapB|mask|clean|mask|erm,0.1515329506518934,0.1194615060294015,0.1821943362067473,0.1660748453699995,0.1187165401951327,0.211485918154108,True,True,False,1.478801095004261,0.014541894718106102
thyroid/dino518_ablation/bootstrap_vs_erm.csv,trapB|mte|test_rev|mte|erm,0.3338005246328527,0.3115854422093028,0.3567692719656771,0.3467459360101097,0.3075666608601413,0.3864230316570991,True,True,False,1.7452343287884575,0.012945411377257021
thyroid/dino518_ablation/bootstrap_vs_erm.csv,trapB|mte|clean|mte|erm,0.1489498509322297,0.1185504268541061,0.1775798981483563,0.1636853112624037,0.1176760164535115,0.2090422207490638,True,True,False,1.5478065835980455,0.014735460330174005
thyroid/dino518_ablation/bootstrap_vs_erm.csv,trapB|mte_aug|test_rev|mte_aug|erm,0.3366122886629522,0.3132178140664456,0.359737893266328,0.3447852643268807,0.3046083741049956,0.384563488918452,True,True,False,1.7187226717717747,0.00817297566392855
thyroid/dino518_ablation/bootstrap_vs_erm.csv,trapB|mte_aug|clean|mte_aug|erm,0.1439327192631158,0.1048841424886154,0.1783328040845333,0.1641903617674542,0.118231698798339,0.2107254031159276,True,True,False,1.2592973419508733,0.020257642504338397
thyroid/dino518_ablation/bootstrap_vs_erm.csv,trapB|insert_aug|test_rev|insert_aug|erm,0.035574511268118,0.025624693344168,0.0451730534217017,0.0429576655752771,0.0292131508524923,0.0560636271746061,True,True,False,1.3735411162684785,0.0073831543071591
thyroid/dino518_ablation/bootstrap_vs_erm.csv,trapB|insert_aug|clean|insert_aug|erm,0.0145752680994971,0.0071523138871154,0.0219921823559944,0.0168090597606015,0.0060340750515759,0.0271989207531256,True,True,False,1.4262151814845896,0.0022337916611043993
thyroid/dino518_ablation/T3_crossover.json,T3_crossover,0.22995374176869476,0.2035162178892433,0.25545123624307686,0.2385752065741104,0.19636384706884946,0.2803443292065414,True,True,False,1.6170299886202493,0.008621464805415646
thyroid/dino518_ablation/EXTRA.json,trapA_mte_minus_mask,0.22170961613190268,0.1968283967785935,0.25100209496329356,0.2241317811697427,0.1953805285032623,0.2534515812278407,True,True,False,1.0719418217783605,0.002422165037840013
thyroid/dino518_ablation/EXTRA.json,trapB_mte_minus_mask,-0.007290290462787419,-0.016370913518185627,0.002131067053277155,-0.0011114940547992448,-0.018677982088197077,0.01856597943968815,False,False,False,2.0129716050685857,0.006178796407988175
thyroid/dinos518_scale/bootstrap_vs_erm.csv,trapA|mask|test_rev|mask|erm,0.0891363315895331,0.072633223295158,0.1055203276467326,0.0852332232541007,0.0623018297986663,0.1083493692776147,True,True,False,1.4001700784199234,-0.0039031083354324064
thyroid/dinos518_scale/bootstrap_vs_erm.csv,trapA|mask|clean|mask|erm,0.0709407031324839,0.0504966942001287,0.0881127490886466,0.0729332311524092,0.0546246774797426,0.0916842417463464,True,True,False,0.9852060344030399,0.001992528019925291
thyroid/dinos518_scale/bootstrap_vs_erm.csv,trapA|balanced|test_rev|balanced|erm,0.3452845879370206,0.329239315722469,0.3613954789347319,0.3526452558551055,0.3306605632823259,0.3747294102200269,True,True,False,1.370463467510178,0.007360667918084873
thyroid/dinos518_scale/bootstrap_vs_erm.csv,trapA|balanced|clean|balanced|erm,0.0913319842258198,0.0802354296888226,0.1022188982817745,0.0860552974422837,0.0649578265643497,0.1072531431424564,True,True,False,1.9239601066260745,-0.0052766867835361
thyroid/dinos518_scale/bootstrap_vs_erm.csv,trapA|mte|test_rev|mte|erm,0.2711890708916165,0.2419748885812875,0.2971741862596989,0.277090566644347,0.240732901271614,0.3141938550550628,True,True,False,1.3308313125907687,0.005901495752730523
thyroid/dinos518_scale/bootstrap_vs_erm.csv,trapA|mte|clean|mte|erm,0.104473808155315,0.0884417147322763,0.119629844184942,0.0985215697544464,0.0740525624648164,0.1232574673854333,True,True,False,1.5776805401329153,-0.005952238400868601
thyroid/dinos518_scale/bootstrap_vs_erm.csv,trapA|mte_balanced|test_rev|mte_balanced|erm,0.4699749505402912,0.4552668648500996,0.4843632020743219,0.4604500801861179,0.4323586980600119,0.4875902593018626,True,True,False,1.8982307228647053,-0.00952487035417332
thyroid/dinos518_scale/bootstrap_vs_erm.csv,trapA|mte_balanced|clean|mte_balanced|erm,0.1773958632691509,0.1628178174224194,0.1918146214908466,0.1724323051377845,0.1450762399810529,0.2005174671825694,True,True,False,1.9119771637827836,-0.0049635581313664245
thyroid/dinos518_scale/bootstrap_vs_erm.csv,trapA|mte_protect|test_rev|mte_protect|erm,0.2699893802442164,0.2418036056734138,0.3055502025983584,0.310092565284917,0.2505682454272412,0.3631748257597396,True,True,False,1.7664720277551698,0.040103185040700595
thyroid/dinos518_scale/bootstrap_vs_erm.csv,trapA|mte_protect|clean|mte_protect|erm,0.092135461570393,0.0760386312125378,0.1085382790169062,0.0994551681195517,0.070466825305791,0.1293348224096316,True,True,False,1.811342616947619,0.0073197065491587
thyroid/dinos518_scale/bootstrap_vs_erm.csv,trapA|mte_aug|test_rev|mte_aug|erm,0.1013901880544835,0.0842197700003003,0.1184959385792682,0.0949102383812403,0.0709239501034249,0.1188167317893433,True,True,False,1.397261819843708,-0.006479949673243196
thyroid/dinos518_scale/bootstrap_vs_erm.csv,trapA|mte_aug|clean|mte_aug|erm,0.0790846425264233,0.0641965307102194,0.0934193285033715,0.0758529712296835,0.0575214301645743,0.0945668665601261,True,True,False,1.2676895846103011,-0.003231671296739805
thyroid/dinos518_scale/bootstrap_vs_erm.csv,trapB|mask|test_rev|mask|erm,0.3326612671606639,0.3062393782161783,0.3578982344105076,0.3319413330269783,0.2921339976208574,0.3721459415274864,True,True,False,1.5488524098489833,-0.0007199341336855958
thyroid/dinos518_scale/bootstrap_vs_erm.csv,trapB|mask|clean|mask|erm,0.1829373025408268,0.1550118404270306,0.2116297402666441,0.1734058648155564,0.1313931061403873,0.2161602148912955,True,True,False,1.4971786129657831,-0.009531437725270403
thyroid/dinos518_scale/bootstrap_vs_erm.csv,trapB|balanced|test_rev|balanced|erm,0.2732963792674286,0.247725597912897,0.3005017517482801,0.2609588909950792,0.2271434665471905,0.2956325000462798,True,True,False,1.2977268808317686,-0.012337488272349428
thyroid/dinos518_scale/bootstrap_vs_erm.csv,trapB|balanced|clean|balanced|erm,0.0541382992924843,0.0256870060607515,0.0810169734487646,0.0591020335513727,0.0214631719840615,0.0947978121393365,True,True,False,1.3254054469434315,0.004963734258888401
thyroid/dinos518_scale/bootstrap_vs_erm.csv,trapB|mte|test_rev|mte|erm,0.3359689432668926,0.3103479739367083,0.3605109059348891,0.3334147088670611,0.2932165149233451,0.3735421882952741,True,True,False,1.6012954221823015,-0.00255423439983149
thyroid/dinos518_scale/bootstrap_vs_erm.csv,trapB|mte|clean|mte|erm,0.1764962399323633,0.1494171279823536,0.2042454195400391,0.1664731010545988,0.1221122895698512,0.211535206333626,True,True,False,1.630963034288454,-0.010023138877764487
thyroid/dinos518_scale/bootstrap_vs_erm.csv,trapB|mte_balanced|test_rev|mte_balanced|erm,0.3628649932027495,0.334615046713043,0.3888213249625633,0.3514054033354395,0.3072033240071203,0.395341266523636,True,True,False,1.6259729566896743,-0.011459589867309994
thyroid/dinos518_scale/bootstrap_vs_erm.csv,trapB|mte_balanced|clean|mte_balanced|erm,0.1772816268410982,0.1451453662141285,0.2084989160479007,0.160310149957727,0.1090769979042444,0.2104898851436989,True,True,False,1.6007451438087188,-0.016971476883371195
thyroid/dinos518_scale/bootstrap_vs_erm.csv,trapB|mte_protect|test_rev|mte_protect|erm,0.3463897983801481,0.3179771345333768,0.3729943447902583,0.3465496773699427,0.3062786882157502,0.3859158101062079,True,True,False,1.447494729714994,0.00015987898979458182
thyroid/dinos518_scale/bootstrap_vs_erm.csv,trapB|mte_protect|clean|mte_protect|erm,0.1777332799359231,0.1492658693395372,0.2069898406300753,0.1728785653895786,0.1301747472472783,0.2176040856130357,True,True,False,1.5146105926375946,-0.004854714546344507
thyroid/dinos518_scale/bootstrap_vs_erm.csv,trapB|mte_aug|test_rev|mte_aug|erm,0.3315009477856281,0.3057804407443661,0.3562061331433689,0.3300811840618837,0.290357758566507,0.3690442770894412,True,True,False,1.5604449791251713,-0.001419763723744416
thyroid/dinos518_scale/bootstrap_vs_erm.csv,trapB|mte_aug|clean|mte_aug|erm,0.181933876207004,0.1548807334382399,0.2091915429172197,0.1700062296978596,0.125819745327796,0.2158220366190317,True,True,False,1.6571708680952324,-0.01192764650914438
thyroid/dinos518_scale/T3_crossover.json,T3_crossover,0.24352493557113086,0.20859343186157614,0.2747867019097957,0.2467081097728777,0.20546214166460922,0.28802271915282307,True,True,False,1.247265430882494,0.0031831742017468245
thyroid/dinos518_scale/EXTRA.json,trapA_mte_minus_mask,0.18205273930208332,0.14373480096704983,0.2140587999111794,0.1918573433902463,0.15950723079133206,0.2265650269201403,True,True,False,0.9535549333888672,0.009804604088162971
thyroid/dinos518_scale/EXTRA.json,trapB_mte_minus_mask,0.0033076761062286407,-0.006672870321591998,0.014244937982460374,0.001473375840082669,-0.015796448469327835,0.019287472518718672,False,False,False,1.6772273881700006,-0.0018343002661459717
thyroid/dinol518_scale/bootstrap_vs_erm.csv,trapA|mask|test_rev|mask|erm,0.1267669742050055,0.1086020516962904,0.1450504665180129,0.1228876622234148,0.0987698261248363,0.1472564503051052,True,True,False,1.330280738337402,-0.003879311981590694
thyroid/dinol518_scale/bootstrap_vs_erm.csv,trapA|mask|clean|mask|erm,0.0914461394769613,0.0798648694709175,0.1038575554117205,0.0860704649232046,0.0671120837437689,0.1060272084252373,True,True,False,1.621957824042021,-0.005375674553756704
thyroid/dinol518_scale/bootstrap_vs_erm.csv,trapA|balanced|test_rev|balanced|erm,0.3998683605957695,0.3775412117983503,0.4241800594125025,0.3972854435931482,0.3718521806823182,0.4229449135501472,True,True,False,1.0954973264031798,-0.00258291700262131
thyroid/dinol518_scale/bootstrap_vs_erm.csv,trapA|balanced|clean|balanced|erm,0.1158991123032218,0.1050166692146703,0.1267387627021755,0.1075997062298432,0.0869777128697729,0.1276933217480377,True,True,False,1.8743869646673292,-0.00829940607337859
thyroid/dinol518_scale/bootstrap_vs_erm.csv,trapA|mte|test_rev|mte|erm,0.3394365074040836,0.3235843281547599,0.3548792205648811,0.3690961309407027,0.3379019354302217,0.4011671675511604,True,True,False,2.021583307967466,0.029659623536619106
thyroid/dinol518_scale/bootstrap_vs_erm.csv,trapA|mte|clean|mte|erm,0.1277984002299071,0.1136054749103939,0.14245334613883,0.1308777980010856,0.1054327980054409,0.1564229152828234,True,True,False,1.7675521661064606,0.0030793977711784937
thyroid/dinol518_scale/bootstrap_vs_erm.csv,trapA|mte_balanced|test_rev|mte_balanced|erm,0.5276773113157992,0.5125407939461386,0.5427573282629599,0.5422540969600158,0.5131165053062845,0.5723678183612199,True,True,False,1.9608904328234205,0.014576785644216605
thyroid/dinol518_scale/bootstrap_vs_erm.csv,trapA|mte_balanced|clean|mte_balanced|erm,0.2052279911868952,0.1894274575296645,0.2205408860470031,0.2055036002809975,0.1780522663191122,0.2338785852395209,True,True,False,1.794283741160135,0.00027560909410231926
thyroid/dinol518_scale/bootstrap_vs_erm.csv,trapA|mte_protect|test_rev|mte_protect|erm,0.3485859523034997,0.3270398738994025,0.373881047327639,0.3973345552170341,0.3583967943166919,0.4340120784827636,True,True,False,1.6142909887157035,0.04874860291353439
thyroid/dinol518_scale/bootstrap_vs_erm.csv,trapA|mte_protect|clean|mte_protect|erm,0.0971403311300571,0.0798986096579228,0.1148393998366945,0.1111345275728837,0.0787461879784556,0.1435861508951075,True,True,False,1.855709690161657,0.013994196442826595
thyroid/dinol518_scale/bootstrap_vs_erm.csv,trapA|mte_aug|test_rev|mte_aug|erm,0.1535462263159827,0.1355651002549548,0.1722710899827743,0.1460248064331164,0.121977481891188,0.170476878146525,True,True,False,1.3212937892416858,-0.0075214198828662815
thyroid/dinol518_scale/bootstrap_vs_erm.csv,trapA|mte_aug|clean|mte_aug|erm,0.0999572915668806,0.0874347318999881,0.1128973602825282,0.0927902576875179,0.073082644043865,0.1123476680996168,True,True,False,1.5420648436544007,-0.007167033879362697
thyroid/dinol518_scale/bootstrap_vs_erm.csv,trapB|mask|test_rev|mask|erm,0.3976180902598273,0.3709508603295903,0.4248822502138121,0.3860282995385528,0.3430898915286935,0.4284157287894163,True,True,False,1.582118269970375,-0.011589790721274529
thyroid/dinol518_scale/bootstrap_vs_erm.csv,trapB|mask|clean|mask|erm,0.1787411560539314,0.1503820549052389,0.2076238731685863,0.1664597517020424,0.1179839080157814,0.2134595152852324,True,True,False,1.6679345654291549,-0.012281404351888986
thyroid/dinol518_scale/bootstrap_vs_erm.csv,trapB|balanced|test_rev|balanced|erm,0.2499674497865089,0.2296138769896971,0.2694131351605022,0.2403976870201237,0.2049014997357194,0.2737353621917437,True,True,False,1.7295262680679229,-0.009569762766385187
thyroid/dinol518_scale/bootstrap_vs_erm.csv,trapB|balanced|clean|balanced|erm,0.050967828060339,0.0262333768731303,0.0735710944556559,0.0358207626930094,-0.0024657109889614,0.0729723574624819,True,False,True,1.5936144010308335,-0.015147065367329599
thyroid/dinol518_scale/bootstrap_vs_erm.csv,trapB|mte|test_rev|mte|erm,0.4015135849273364,0.3769428905812833,0.4273308505923659,0.3883326631818791,0.3445080124750418,0.431888983707843,True,True,False,1.7341637012806645,-0.013180921745457319
thyroid/dinol518_scale/bootstrap_vs_erm.csv,trapB|mte|clean|mte|erm,0.1771347839629778,0.1504419112821754,0.2041747033848431,0.1613758732701464,0.1136174967329099,0.2085703733951296,True,True,False,1.76713088872792,-0.01575891069283139
thyroid/dinol518_scale/bootstrap_vs_erm.csv,trapB|mte_balanced|test_rev|mte_balanced|erm,0.4277011890401517,0.4046372964446123,0.4509652530566687,0.4125825722327532,0.3681468849238523,0.4560716962439118,True,True,False,1.8978780362865828,-0.01511861680739851
thyroid/dinol518_scale/bootstrap_vs_erm.csv,trapB|mte_balanced|clean|mte_balanced|erm,0.1806523383615895,0.1528832631290162,0.2078759789003797,0.1604703421884039,0.1054847550566369,0.2130858658322323,True,True,False,1.9566429710973976,-0.020181996173185612
thyroid/dinol518_scale/bootstrap_vs_erm.csv,trapB|mte_protect|test_rev|mte_protect|erm,0.3908313707469317,0.3650949884385866,0.4166303858513007,0.3844419553104716,0.3394065807892952,0.4283146071142476,True,True,False,1.725183675463776,-0.0063894154364601
thyroid/dinol518_scale/bootstrap_vs_erm.csv,trapB|mte_protect|clean|mte_protect|erm,0.1667712365950251,0.1403315009322481,0.1930054438166396,0.1552240466337383,0.1078835294104956,0.2019107346171406,True,True,False,1.7850800615593836,-0.011547189961286813
thyroid/dinol518_scale/bootstrap_vs_erm.csv,trapB|mte_aug|test_rev|mte_aug|erm,0.4015116702088958,0.3751736373267584,0.4275517102156305,0.3882158653569992,0.3436603668583082,0.4323582527285688,True,True,False,1.6934163663952748,-0.013295804851896575
thyroid/dinol518_scale/bootstrap_vs_erm.csv,trapB|mte_aug|clean|mte_aug|erm,0.1809927468517776,0.1549883564611321,0.2082958883338701,0.1717572197748409,0.1247046155856763,0.2182429855953322,True,True,False,1.7546933186282505,-0.0092355270769367
thyroid/dinol518_scale/T3_crossover.json,T3_crossover,0.2708511160548217,0.2344778226487359,0.3082063919990213,0.26314063731513804,0.2175719657357393,0.30714360585334466,True,True,False,1.2148837405490582,-0.007710478739683668
thyroid/dinol518_scale/EXTRA.json,trapA_mte_minus_mask,0.212669533199078,0.18782919820488347,0.23510958554723754,0.2462084687172879,0.2157797361894933,0.2787079478368568,True,True,False,1.3309580395715586,0.03353893551820991
thyroid/dinol518_scale/EXTRA.json,trapB_mte_minus_mask,0.0038954946675090916,-0.0035785436577892463,0.0115728141066186,0.002304363643326246,-0.01173475598931149,0.01673209367552419,False,False,False,1.878831594334558,-0.0015911310241828458
thyroid/dino518_sens_px50/bootstrap_vs_erm.csv,trapA|mask|test_rev|mask|erm,0.1089698431845597,0.0955495350448789,0.1235489739570382,0.1086588929097976,0.086348827416157,0.1309511520317147,True,True,False,1.5929720861723504,-0.00031095027476209236
thyroid/dino518_sens_px50/bootstrap_vs_erm.csv,trapA|mask|clean|mask|erm,0.0779082440193551,0.0658525486576157,0.0902389120981262,0.0759254737032514,0.0567883022504959,0.0956916033842954,True,True,False,1.5952891552978958,-0.0019827703161037075
thyroid/dino518_sens_px50/bootstrap_vs_erm.csv,trapA|balanced|test_rev|balanced|erm,0.3879798954563732,0.3697763098267622,0.4044174634785555,0.3811309475941563,0.3583492353770232,0.4054866379615313,True,True,False,1.3607342023976696,-0.006848947862216903
thyroid/dino518_sens_px50/bootstrap_vs_erm.csv,trapA|balanced|clean|balanced|erm,0.1025774431329986,0.0903656693918195,0.114847971695464,0.1067094017094016,0.0871126030867699,0.1258378095179328,True,True,False,1.5817632651892457,0.004131958576403
thyroid/dino518_sens_px50/bootstrap_vs_erm.csv,trapA|mte|test_rev|mte|erm,0.359196354376089,0.3266096976721618,0.3883446655414974,0.3505015413483446,0.3174537117880725,0.3839942313978692,True,True,False,1.0778416496568402,-0.008694813027744386
thyroid/dino518_sens_px50/bootstrap_vs_erm.csv,trapA|mte|clean|mte|erm,0.1193978655089766,0.1041320609704788,0.1348243325316409,0.1214808031474698,0.0943296528995238,0.1494016745438242,True,True,False,1.794328632032188,0.002082937638493196
thyroid/dino518_sens_px50/bootstrap_vs_erm.csv,trapA|mte_balanced|test_rev|mte_balanced|erm,0.5198091408658356,0.5007731646426626,0.538308624578806,0.5263160434258143,0.4981153069933658,0.5545222402516703,True,True,False,1.5027638759260151,0.006506902559978656
thyroid/dino518_sens_px50/bootstrap_vs_erm.csv,trapA|mte_balanced|clean|mte_balanced|erm,0.1970298014742459,0.1820260280035251,0.2123365078709713,0.1993709582598471,0.1707137100503065,0.2285527068046254,True,True,False,1.9082177849793343,0.002341156785601206
thyroid/dino518_sens_px50/bootstrap_vs_erm.csv,trapA|mte_protect|test_rev|mte_protect|erm,0.3914603940490551,0.3498663136681939,0.4287818560845653,0.344212840101863,0.2997284311496514,0.3955894766529221,True,True,False,1.2147296029151262,-0.0472475539471921
thyroid/dino518_sens_px50/bootstrap_vs_erm.csv,trapA|mte_protect|clean|mte_protect|erm,0.1101216478994256,0.0939507895292046,0.1258132803404885,0.0934158639714195,0.0648217213677018,0.1233143440101191,True,True,False,1.8357831152893584,-0.016705783928006104
thyroid/dino518_sens_px50/bootstrap_vs_erm.csv,trapB|mask|test_rev|mask|erm,0.3709258483452031,0.340982552635773,0.3987851037228733,0.3525537135675384,0.3096878798481017,0.3954863355117161,True,True,False,1.4843368337554546,-0.018372134777664695
thyroid/dino518_sens_px50/bootstrap_vs_erm.csv,trapB|mask|clean|mask|erm,0.1742105610125914,0.142167189898337,0.2065713291298326,0.1598754037840332,0.105099438574102,0.2143046500273543,True,True,False,1.6956241129273193,-0.014335157228558187
thyroid/dino518_sens_px50/bootstrap_vs_erm.csv,trapB|balanced|test_rev|balanced|erm,0.2346208630079598,0.2146914653177561,0.2552129892839364,0.2419989227362499,0.2044833151669005,0.2835088361213033,True,True,False,1.9502109797340887,0.007378059728290087
thyroid/dino518_sens_px50/bootstrap_vs_erm.csv,trapB|balanced|clean|balanced|erm,0.0446370887995253,0.017662112085274,0.0720375775862881,0.0472575647702551,0.010704988923041,0.0832991124906126,True,True,False,1.335052912167119,0.002620475970729799
thyroid/dino518_sens_px50/bootstrap_vs_erm.csv,trapB|mte|test_rev|mte|erm,0.3677551020408163,0.3408577909933494,0.3943764302935681,0.353853611825962,0.3082777744300021,0.3972690311846361,True,True,False,1.6628086572871874,-0.013901490214854317
thyroid/dino518_sens_px50/bootstrap_vs_erm.csv,trapB|mte|clean|mte|erm,0.1746094007515327,0.142452059971437,0.2075953760238628,0.1646120377084844,0.1082732915300026,0.2214156298406557,True,True,False,1.7368219054062095,-0.009997363043048296
thyroid/dino518_sens_px50/bootstrap_vs_erm.csv,trapB|mte_balanced|test_rev|mte_balanced|erm,0.4067041714046323,0.3772308818374086,0.4384446189532811,0.3993907475013465,0.3540363290087304,0.4447837735216798,True,True,False,1.4824686220541006,-0.007313423903285765
thyroid/dino518_sens_px50/bootstrap_vs_erm.csv,trapB|mte_balanced|clean|mte_balanced|erm,0.1811523501878832,0.1422583608374076,0.2190402248601814,0.1793031841255191,0.1238289500365964,0.2352792660576067,True,True,False,1.4515187595335495,-0.0018491660623640993
thyroid/dino518_sens_px50/bootstrap_vs_erm.csv,trapB|mte_protect|test_rev|mte_protect|erm,0.3759602609372194,0.3478282090301401,0.4053271135589534,0.3560248967622239,0.3141776556741745,0.3975489772803136,True,True,False,1.4499636521659445,-0.01993536417499553
thyroid/dino518_sens_px50/bootstrap_vs_erm.csv,trapB|mte_protect|clean|mte_protect|erm,0.172143846001714,0.137675589944624,0.2065734818808319,0.1580229415254795,0.1010372506071966,0.2155969444611373,True,True,False,1.6627459946091059,-0.014120904476234514
thyroid/dino518_sens_px50/T3_crossover.json,T3_crossover,0.2619560051606435,0.22832923710333577,0.2943695151831692,0.24389482065774085,0.19900416861170508,0.28920996116539927,True,True,False,1.3659208467391382,-0.018061184502902644
thyroid/dino518_sens_px50/EXTRA.json,trapA_mte_minus_mask,0.2502265111915293,0.2236285902699253,0.2745420597798677,0.2418426484385471,0.2106967397093009,0.2757247682598906,True,True,False,1.277226423115617,-0.008383862752982169
thyroid/dino518_sens_px50/EXTRA.json,trapB_mte_minus_mask,-0.003170746304386829,-0.015224148207157881,0.008911921995801361,0.001299898258423604,-0.021573609968839877,0.022943731269033114,False,False,False,1.844432041485149,0.004470644562810433
thyroid/dino518_sens_strictloc/bootstrap_vs_erm.csv,trapA|mask|test_rev|mask|erm,0.1134004190210145,0.1000420772149911,0.1274890420404096,0.1209018475017459,0.0951404020894844,0.1472309121703739,True,True,False,1.8978604888453368,0.0075014284807314036
thyroid/dino518_sens_strictloc/bootstrap_vs_erm.csv,trapA|mask|clean|mask|erm,0.0921220912096825,0.0798880244359259,0.1048957639565703,0.0889194584815022,0.0687435573286851,0.1094442632730057,True,True,False,1.6275243874289929,-0.0032026327281802908
thyroid/dino518_sens_strictloc/bootstrap_vs_erm.csv,trapA|balanced|test_rev|balanced|erm,0.3797479525109516,0.354962193500572,0.4049486021765121,0.3611173893721033,0.3403433199666252,0.3819866012418778,True,True,False,0.8330920819942145,-0.01863056313884831
thyroid/dino518_sens_strictloc/bootstrap_vs_erm.csv,trapA|balanced|clean|balanced|erm,0.1076620500343128,0.0935601940604303,0.1220075329536158,0.0951712521055586,0.0669945218936493,0.1223592641351879,True,True,False,1.9462186761799751,-0.012490797928754196
thyroid/dino518_sens_strictloc/bootstrap_vs_erm.csv,trapA|mte|test_rev|mte|erm,0.335837724588915,0.2986098852840516,0.3722990863590375,0.3224541298965145,0.2875752800520234,0.3572473077619606,True,True,False,0.9454849108628436,-0.013383594692400469
thyroid/dino518_sens_strictloc/bootstrap_vs_erm.csv,trapA|mte|clean|mte|erm,0.1256400898371702,0.107056790278617,0.1445530809694992,0.1116080229583879,0.0829930986756224,0.1398729075587353,True,True,False,1.5169449520227902,-0.014032066878782307
thyroid/dino518_sens_strictloc/bootstrap_vs_erm.csv,trapA|mte_balanced|test_rev|mte_balanced|erm,0.5157364611770681,0.4987844374065693,0.5338482543626621,0.5262935686623071,0.4940718549413821,0.5578736766413275,True,True,False,1.819591454627956,0.010557107485239081
thyroid/dino518_sens_strictloc/bootstrap_vs_erm.csv,trapA|mte_balanced|clean|mte_balanced|erm,0.202523551063697,0.1851663715850923,0.2200503442853088,0.1959591989518996,0.1657103956213485,0.2257192620721572,True,True,False,1.7202417559063232,-0.0065643521117974
thyroid/dino518_sens_strictloc/bootstrap_vs_erm.csv,trapA|mte_protect|test_rev|mte_protect|erm,0.3653422004952066,0.3355984421187421,0.3915770836170104,0.2671274839692718,0.2194046597657454,0.32301696104409,True,True,False,1.8509256120756328,-0.09821471652593483
thyroid/dino518_sens_strictloc/bootstrap_vs_erm.csv,trapA|mte_protect|clean|mte_protect|erm,0.1101360034936677,0.0850333405084075,0.1330197262289307,0.083939110362468,0.0560534271341922,0.1130805460662363,True,True,False,1.1884020452003798,-0.026196893131199703
thyroid/dino518_sens_strictloc/bootstrap_vs_erm.csv,trapB|mask|test_rev|mask|erm,0.3281608363490149,0.299541933254391,0.355099937025727,0.3326320868516285,0.2874841749709496,0.3768198854818608,True,True,False,1.6079719292758696,0.0044712505026136
thyroid/dino518_sens_strictloc/bootstrap_vs_erm.csv,trapB|mask|clean|mask|erm,0.1612509834775767,0.1196191939290148,0.2051138390134603,0.1618541830579596,0.1095295804325646,0.2143668956494597,True,True,False,1.226244229838539,0.0006031995803829071
thyroid/dino518_sens_strictloc/bootstrap_vs_erm.csv,trapB|balanced|test_rev|balanced|erm,0.2503653665728454,0.2275628436314683,0.2732117327299462,0.2485060983782335,0.1987666029467098,0.2948295583879881,True,True,False,2.104387583979155,-0.0018592681946119072
thyroid/dino518_sens_strictloc/bootstrap_vs_erm.csv,trapB|balanced|clean|balanced|erm,0.0705140309467611,0.0467292957811141,0.0957479876582074,0.0430133752950432,-0.0081528367873161,0.0913075201724119,True,False,True,2.029029195824101,-0.027500655651717908
thyroid/dino518_sens_strictloc/bootstrap_vs_erm.csv,trapB|mte|test_rev|mte|erm,0.3237088862082831,0.299150465298129,0.3476892173941711,0.3260517356922664,0.282435134068284,0.3700547167151761,True,True,False,1.8051469982895727,0.0023428494839833336
thyroid/dino518_sens_strictloc/bootstrap_vs_erm.csv,trapB|mte|clean|mte|erm,0.1520561237870443,0.110523599568879,0.1926675774198069,0.1521505376344086,0.0921388520568647,0.209543265922295,True,True,False,1.4292516254629384,9.441384736430525e-05
thyroid/dino518_sens_strictloc/bootstrap_vs_erm.csv,trapB|mte_balanced|test_rev|mte_balanced|erm,0.3533971317517759,0.3252035614986684,0.3811422642727227,0.3682476879774829,0.3245888926690696,0.4111427534684492,True,True,False,1.547298319537102,0.014850556225707023
thyroid/dino518_sens_strictloc/bootstrap_vs_erm.csv,trapB|mte_balanced|clean|mte_balanced|erm,0.1554445318646734,0.1063025517317293,0.2022619258506334,0.1760818253343823,0.1265921322739215,0.2252327109648101,True,True,False,1.0279410385551513,0.020637293469708884
thyroid/dino518_sens_strictloc/bootstrap_vs_erm.csv,trapB|mte_protect|test_rev|mte_protect|erm,0.3301745074386811,0.302205220208126,0.3575156738814221,0.3318697225572979,0.2854808014358639,0.3788700600414212,True,True,False,1.6884558415879658,0.0016952151186168107
thyroid/dino518_sens_strictloc/bootstrap_vs_erm.csv,trapB|mte_protect|clean|mte_protect|erm,0.1483346446367688,0.1018724241499929,0.1929047502968735,0.1478022554419092,0.0888090642945169,0.2056380193231874,True,True,False,1.2833787729445365,-0.0005323891948595949
thyroid/dino518_sens_strictloc/T3_crossover.json,T3_crossover,0.21476041732800036,0.18403909545258598,0.24415897328291114,0.2117302393498826,0.16423407704093998,0.25933904380146516,True,True,False,1.58192215607852,-0.0030301779781177485
thyroid/dino518_sens_strictloc/EXTRA.json,trapA_mte_minus_mask,0.22243730556790045,0.18169195992970602,0.26289375546685917,0.20155228239476858,0.161510184568078,0.237062758154225,True,True,False,0.930429839468003,-0.020885023173131873
thyroid/dino518_sens_strictloc/EXTRA.json,trapB_mte_minus_mask,-0.004451950140731786,-0.015013336585253235,0.005636389241227088,-0.006580351159362041,-0.02573216098601456,0.013164624748317168,False,False,False,1.883646594689996,-0.0021284010186302547
thyroid/dino518_emb_groups/bootstrap_vs_erm.csv,trapA|mask|test_rev|mask|erm,0.1212338156314198,0.1061590898417142,0.1352469752079332,0.1212074877505736,0.0973980098960566,0.1450003667322053,True,True,False,1.6365011150460371,-2.6327880846194196e-05
thyroid/dino518_emb_groups/bootstrap_vs_erm.csv,trapA|mask|clean|mask|erm,0.0893667975859756,0.0750822196397527,0.103523410499447,0.0893198981383913,0.0683410092359408,0.1098434443872074,True,True,False,1.4592368989050375,-4.6899447584305975e-05
thyroid/dino518_emb_groups/bootstrap_vs_erm.csv,trapA|balanced|test_rev|balanced|erm,0.348985427264799,0.3307590338441603,0.3671104968127799,0.3490001101214247,0.3253926611680798,0.3728486853348882,True,True,False,1.3054776972188096,1.46828566257029e-05
thyroid/dino518_emb_groups/bootstrap_vs_erm.csv,trapA|balanced|clean|balanced|erm,0.0998816537343934,0.0869338791069305,0.1129313291874923,0.099879857585337,0.0797994587368711,0.1203721519207967,True,True,False,1.5606412574386157,-1.7961490563905835e-06
thyroid/dino518_emb_groups/bootstrap_vs_erm.csv,trapA|mte|test_rev|mte|erm,0.3282226022325537,0.2997626991006474,0.3544042221289691,0.3287456157116692,0.2932560446833618,0.3628127386085124,True,True,False,1.2729640403525733,0.0005230134791155416
thyroid/dino518_emb_groups/bootstrap_vs_erm.csv,trapA|mte|clean|mte|erm,0.1239634224223265,0.1054131415853104,0.1439218615085695,0.1252774052431586,0.098206492911617,0.1532673916509111,True,True,False,1.429829369790024,0.0013139828208321158
thyroid/dino518_emb_groups/bootstrap_vs_erm.csv,trapA|mte_balanced|test_rev|mte_balanced|erm,0.5010788102329384,0.4837530044676659,0.5182751090476221,0.5010552670317973,0.4727249943192372,0.5293473569658389,True,True,False,1.6401770209420283,-2.354320114117403e-05
thyroid/dino518_emb_groups/bootstrap_vs_erm.csv,trapA|mte_balanced|clean|mte_balanced|erm,0.2078178385541399,0.1898186619242299,0.2257014442554884,0.2077521793275218,0.1794907827107902,0.2368104371846442,True,True,False,1.5974138779065974,-6.565922661810886e-05
thyroid/dino518_emb_groups/bootstrap_vs_erm.csv,trapA|mte_protect|test_rev|mte_protect|erm,0.3718628368038458,0.3318469253145684,0.4033115427898092,0.3718686593159561,0.3261780899615693,0.4127209439459223,True,True,False,1.2109888367391897,5.822512110287281e-06
thyroid/dino518_emb_groups/bootstrap_vs_erm.csv,trapA|mte_protect|clean|mte_protect|erm,0.1165884343966535,0.0992080141359092,0.1338304598550971,0.1165624900213941,0.0888483455357598,0.1449381507469427,True,True,False,1.6200416823846069,-2.594437525940685e-05
thyroid/dino518_emb_groups/bootstrap_vs_erm.csv,trapA|mte_aug|test_rev|mte_aug|erm,0.1364903162763263,0.124742907916703,0.1484258762814919,0.1364837343061147,0.1143605812978177,0.1585006587025148,True,True,False,1.8637899069410242,-6.5819702115832435e-06
thyroid/dino518_emb_groups/bootstrap_vs_erm.csv,trapA|mte_aug|clean|mte_aug|erm,0.0829441677044416,0.0697802418457502,0.0964366276716033,0.0829028562761439,0.0626219074376705,0.1031181071655502,True,True,False,1.519193186669884,-4.1311428297705066e-05
thyroid/dino518_emb_groups/bootstrap_vs_erm.csv,trapB|mask|test_rev|mask|erm,0.3566029065425929,0.3323471547898556,0.3798638509740007,0.3565473797078139,0.3137382791349664,0.3978227763235105,True,True,False,1.7695779366201088,-5.5526834778996115e-05
thyroid/dino518_emb_groups/bootstrap_vs_erm.csv,trapB|mask|clean|mask|erm,0.1616384105370889,0.1293453031604743,0.1921830226001989,0.1615405152850086,0.1118996212400106,0.2107354519834426,True,True,False,1.5728742485353502,-9.789525208031558e-05
thyroid/dino518_emb_groups/bootstrap_vs_erm.csv,trapB|balanced|test_rev|balanced|erm,0.2468952840484806,0.2248014390709592,0.2700282372473815,0.2468837957378367,0.214053888108452,0.2803769740380472,True,True,False,1.4664554778094112,-1.1488310643903432e-05
thyroid/dino518_emb_groups/bootstrap_vs_erm.csv,trapB|balanced|clean|balanced|erm,0.0555132826057936,0.0271729367456356,0.0836312918861688,0.0555488808792773,0.0151423103496308,0.0948343850779591,True,True,False,1.4115195975859187,3.559827348369876e-05
thyroid/dino518_emb_groups/bootstrap_vs_erm.csv,trapB|mte|test_rev|mte|erm,0.3460767419151014,0.3256086573839867,0.366482452531543,0.3460154709250004,0.3059055473221629,0.3854185130497032,True,True,False,1.9453286742886198,-6.127099010100334e-05
thyroid/dino518_emb_groups/bootstrap_vs_erm.csv,trapB|mte|clean|mte|erm,0.1571930761358075,0.1274999163218282,0.1859140239864115,0.1567169492279624,0.1096860706004165,0.2052150244362652,True,True,False,1.6353747006524635,-0.00047612690784509804
thyroid/dino518_emb_groups/bootstrap_vs_erm.csv,trapB|mte_balanced|test_rev|mte_balanced|erm,0.3845893886304019,0.3616322172543533,0.4070660275621437,0.3847195894843663,0.3443244438455287,0.425221512136141,True,True,False,1.7805477406049985,0.00013020085396442393
thyroid/dino518_emb_groups/bootstrap_vs_erm.csv,trapB|mte_balanced|clean|mte_balanced|erm,0.1701219240866818,0.1396615441412886,0.2009827357324224,0.1700907755973835,0.1223142539260309,0.2194443114855237,True,True,False,1.5839558077592293,-3.114848929830494e-05
thyroid/dino518_emb_groups/bootstrap_vs_erm.csv,trapB|mte_protect|test_rev|mte_protect|erm,0.3548748731499033,0.3348595721002302,0.3748710024784809,0.3551371895762727,0.3154474324642932,0.3931993875180954,True,True,False,1.9432435761173505,0.0002623164263694244
thyroid/dino518_emb_groups/bootstrap_vs_erm.csv,trapB|mte_protect|clean|mte_protect|erm,0.1575779824678502,0.1293048516866172,0.1857949307220263,0.1585658345570239,0.1120164854977711,0.2055563986002102,True,True,False,1.6558644402640406,0.0009878520891736797
thyroid/dino518_emb_groups/bootstrap_vs_erm.csv,trapB|mte_aug|test_rev|mte_aug|erm,0.355436843012235,0.3324483004230137,0.3776972518251735,0.3584314626534168,0.3189177845346831,0.3980081212458897,True,True,False,1.7478932496860358,0.002994619641181806
thyroid/dino518_emb_groups/bootstrap_vs_erm.csv,trapB|mte_aug|clean|mte_aug|erm,0.1596960797401326,0.1243455573348994,0.1922387992431618,0.16269745917323,0.1142401493248054,0.2113824978069223,True,True,False,1.4308102802540492,0.0030013794330973897
thyroid/dino518_emb_groups/T3_crossover.json,T3_crossover,0.2353690909111731,0.2110678668151282,0.2586436452347937,0.23533989195724025,0.19290459684806657,0.2753861199743343,True,True,False,1.7336873061476574,-2.919895393285743e-05
thyroid/dino518_emb_groups/EXTRA.json,trapA_mte_minus_mask,0.2069887866011339,0.17661874096784103,0.2334136521675358,0.2075381279610955,0.17481270438754123,0.23846771686947774,True,True,False,1.1207872525431224,0.000549341359961597
thyroid/dino518_emb_groups/EXTRA.json,trapB_mte_minus_mask,-0.010526164627491475,-0.02357014866590671,0.0032238741327404196,-0.010531908782813492,-0.028698285605141535,0.00712700991085437,False,False,False,1.337062963080138,-5.7441553220176356e-06
thyroid/dino518_jtt/bootstrap_vs_erm.csv,trapA|mask|test_rev|mask|erm,0.1111370733269454,0.0974671513368354,0.1243852873218636,0.1092822234907985,0.0847610737933959,0.1330341989444368,True,True,False,1.793330904409216,-0.0018548498361469073
thyroid/dino518_jtt/bootstrap_vs_erm.csv,trapA|mask|clean|mask|erm,0.077311444263499,0.0657915218697687,0.0889819965125604,0.0809751891943672,0.0622897151439109,0.0998919976701983,True,True,False,1.621453769510289,0.0036637449308682124
thyroid/dino518_jtt/bootstrap_vs_erm.csv,trapA|jtt|test_rev|jtt|erm,0.134363327287203,0.121982310690005,0.1477602036504427,0.1274613720623211,0.1084069374315978,0.1485333615748325,True,True,False,1.5566215673568902,-0.006901955224881878
thyroid/dino518_jtt/bootstrap_vs_erm.csv,trapA|jtt|clean|jtt|erm,0.0287840869176485,0.0192881473550946,0.0377388901956957,0.0202200482166235,0.0050157683752571,0.0349332473394189,True,True,False,1.6214782907454546,-0.008564038701024998
thyroid/dino518_jtt/bootstrap_vs_erm.csv,trapA|mask_jtt|test_rev|mask_jtt|erm,0.1901171717274,0.1740800702890753,0.2070764483486915,0.1664109402471023,0.134901591220564,0.1971459495867502,True,True,False,1.8863997210156285,-0.023706231480297713
thyroid/dino518_jtt/bootstrap_vs_erm.csv,trapA|mask_jtt|clean|mask_jtt|erm,0.0850468595331608,0.0689444306039128,0.1011900262544363,0.0904574592074592,0.0706775212699139,0.1103919828728643,True,True,False,1.231624375414682,0.005410599674298411
thyroid/dino518_jtt/bootstrap_vs_erm.csv,trapA|mte|test_rev|mte|erm,0.3328466894588481,0.3086877223543156,0.3592089681198332,0.3334140046605413,0.3024828558663493,0.3638049039244415,True,True,False,1.2137873310310652,0.0005673152016931748
thyroid/dino518_jtt/bootstrap_vs_erm.csv,trapA|mte|clean|mte|erm,0.1182999648753073,0.0977510159135588,0.139987240674635,0.1207998052176134,0.0959337062032466,0.1453192451722551,True,True,False,1.1692697263634446,0.0024998403423060894
thyroid/dino518_jtt/bootstrap_vs_erm.csv,trapA|umte_jtt|test_rev|umte_jtt|erm,0.0800532126976331,0.0639986523332166,0.096677386328431,0.0741863988648633,0.0416678634341223,0.1090567285147871,True,True,False,2.0621626618256843,-0.005866813832769796
thyroid/dino518_jtt/bootstrap_vs_erm.csv,trapA|umte_jtt|clean|umte_jtt|erm,0.0171001373056167,-0.0004892515877002,0.036833598628692,0.0208231551553469,-0.002673323003741,0.0446300010214768,False,False,False,1.2674092077898749,0.0037230178497302015
thyroid/dino518_jtt/bootstrap_vs_erm.csv,trapB|mask|test_rev|mask|erm,0.3410908150956402,0.3197203692283409,0.3629843445358692,0.3478574300649089,0.3065161623649827,0.3883246323995806,True,True,False,1.8909143104185007,0.0067666149692686695
thyroid/dino518_jtt/bootstrap_vs_erm.csv,trapB|mask|clean|mask|erm,0.1515329506518934,0.1194615060294015,0.1821943362067473,0.1660748453699995,0.1187165401951327,0.211485918154108,True,True,False,1.478801095004261,0.014541894718106102
thyroid/dino518_jtt/bootstrap_vs_erm.csv,trapB|jtt|test_rev|jtt|erm,0.0866524977502058,0.0595363222675774,0.1163636930135357,0.0711183870411855,0.0453375323012526,0.1008273245540851,True,True,False,0.9764624251383135,-0.01553411070902029
thyroid/dino518_jtt/bootstrap_vs_erm.csv,trapB|jtt|clean|jtt|erm,-0.0095069639122502,-0.0401089259664236,0.0160838306025749,-0.0111355849241311,-0.0405521120299142,0.0183702917156414,False,False,False,1.0485764953211612,-0.001628621011880901
thyroid/dino518_jtt/bootstrap_vs_erm.csv,trapB|mask_jtt|test_rev|mask_jtt|erm,0.3018247266739426,0.2759259197495343,0.3264479541297341,0.2896633924981331,0.2465470482001524,0.3339841238789995,True,True,False,1.730672106765256,-0.012161334175809502
thyroid/dino518_jtt/bootstrap_vs_erm.csv,trapB|mask_jtt|clean|mask_jtt|erm,0.1048725136830863,0.0678831500987059,0.1437871821789363,0.1168824811996617,0.0686119569940388,0.1663181301451887,True,True,False,1.2872329766075494,0.012009967516575404
thyroid/dino518_jtt/bootstrap_vs_erm.csv,trapB|mte|test_rev|mte|erm,0.3338005246328527,0.3115854422093028,0.3567692719656771,0.3467459360101097,0.3075666608601413,0.3864230316570991,True,True,False,1.7452343287884575,0.012945411377257021
thyroid/dino518_jtt/bootstrap_vs_erm.csv,trapB|mte|clean|mte|erm,0.1489498509322297,0.1185504268541061,0.1775798981483563,0.1636853112624037,0.1176760164535115,0.2090422207490638,True,True,False,1.5478065835980455,0.014735460330174005
thyroid/dino518_jtt/bootstrap_vs_erm.csv,trapB|umte_jtt|test_rev|umte_jtt|erm,0.298903823692726,0.2718354829496566,0.3250550113980534,0.309692304746587,0.2632862195883055,0.356433464640911,True,True,False,1.7502455915768556,0.010788481053860988
thyroid/dino518_jtt/bootstrap_vs_erm.csv,trapB|umte_jtt|clean|umte_jtt|erm,0.1019089574155653,0.0675467977959191,0.1394373717780974,0.1287033328883549,0.0745172953030388,0.1807529634984937,True,True,False,1.4777412713632079,0.026794375472789594
thyroid/dino518_jtt/T3_crossover.json,T3_crossover,0.22995374176869476,0.2035162178892433,0.25545123624307686,0.2385752065741104,0.19636384706884946,0.2803443292065414,True,True,False,1.6170299886202493,0.008621464805415646
thyroid/dino518_jtt/EXTRA.json,trapA_mte_minus_mask,0.22170961613190268,0.1968283967785935,0.25100209496329356,0.2241317811697427,0.1953805285032623,0.2534515812278407,True,True,False,1.0719418217783605,0.002422165037840013
thyroid/dino518_jtt/EXTRA.json,trapB_mte_minus_mask,-0.007290290462787419,-0.016370913518185627,0.002131067053277155,-0.0011114940547992448,-0.018677982088197077,0.01856597943968815,False,False,False,2.0129716050685857,0.006178796407988175
thyroid/dino518_splice_v2/bootstrap_vs_erm.csv,trapA|mask|test_rev|mask|erm,0.1111370733269454,0.0974671513368354,0.1243852873218636,0.1092822234907985,0.0847610737933959,0.1330341989444368,True,True,False,1.793330904409216,-0.0018548498361469073
thyroid/dino518_splice_v2/bootstrap_vs_erm.csv,trapA|mask|clean|mask|erm,0.077311444263499,0.0657915218697687,0.0889819965125604,0.0809751891943672,0.0622897151439109,0.0998919976701983,True,True,False,1.621453769510289,0.0036637449308682124
thyroid/dino518_splice_v2/bootstrap_vs_erm.csv,trapA|splice|test_rev|splice|erm,0.2738079355777007,0.2558607315983228,0.2923364174454474,0.2979652851701883,0.2681519647506949,0.3264982489487384,True,True,False,1.5995938895455457,0.024157349592487554
thyroid/dino518_splice_v2/bootstrap_vs_erm.csv,trapA|splice|clean|splice|erm,-0.0479627678257815,-0.0664776109754708,-0.029403517749092,-0.0310007344253919,-0.059967455303224,-0.0010606632301033,True,True,False,1.5888936706672463,0.0169620334003896
thyroid/dino518_splice_v2/bootstrap_vs_erm.csv,trapA|mask_splice|test_rev|mask_splice|erm,0.3388861534333202,0.3199131341150446,0.3576728864414958,0.3212166012477896,0.2921567051981097,0.3491733564171514,True,True,False,1.5099847776040825,-0.017669552185530568
thyroid/dino518_splice_v2/bootstrap_vs_erm.csv,trapA|mask_splice|clean|mask_splice|erm,0.0061785531819778,-0.0124802772910631,0.025546981030223,-0.0052894593990484,-0.0361894359117651,0.0262962052770929,False,False,False,1.6431802855974262,-0.011468012581026199
thyroid/dino518_splice_v2/bootstrap_vs_erm.csv,trapA|balanced|test_rev|balanced|erm,0.3865122772730897,0.3643038903807881,0.4089269653106132,0.3881980211053406,0.3597644445160882,0.4180652683453632,True,True,False,1.306517399819706,0.0016857438322508966
thyroid/dino518_splice_v2/bootstrap_vs_erm.csv,trapA|balanced|clean|balanced|erm,0.1117074991218826,0.0995709816756633,0.1243133670624428,0.1085255212823705,0.0869148297914744,0.1302032989757977,True,True,False,1.749567331832664,-0.0031819778395121012
thyroid/dino518_splice_v2/bootstrap_vs_erm.csv,trapA|mte_balanced|test_rev|mte_balanced|erm,0.4989325816385814,0.4845157524737973,0.5129603923739707,0.4981467956564059,0.4709662638643181,0.5244638588936207,True,True,False,1.8807619016114312,-0.0007857859821754909
thyroid/dino518_splice_v2/bootstrap_vs_erm.csv,trapA|mte_balanced|clean|mte_balanced|erm,0.1969166107864737,0.1827842893785563,0.2111211621049883,0.1896058849825972,0.1626060729370144,0.2172862863544648,True,True,False,1.9296488340594469,-0.007310725803876511
thyroid/dino518_splice_v2/bootstrap_vs_erm.csv,trapA|mte_protect|test_rev|mte_protect|erm,0.327835531753576,0.2895597774168761,0.3629946424371819,0.392753503949815,0.3472508707121516,0.4344021766711269,True,True,False,1.1867837700100183,0.06491797219623902
thyroid/dino518_splice_v2/bootstrap_vs_erm.csv,trapA|mte_protect|clean|mte_protect|erm,0.0938451958999904,0.0760068669004665,0.1131427278810808,0.1200102979212568,0.0871880793873638,0.1527612500416655,True,True,False,1.7657641137910405,0.0261651020212664
thyroid/dino518_splice_v2/bootstrap_vs_erm.csv,trapB|mask|test_rev|mask|erm,0.3410908150956402,0.3197203692283409,0.3629843445358692,0.3478574300649089,0.3065161623649827,0.3883246323995806,True,True,False,1.8909143104185007,0.0067666149692686695
thyroid/dino518_splice_v2/bootstrap_vs_erm.csv,trapB|mask|clean|mask|erm,0.1515329506518934,0.1194615060294015,0.1821943362067473,0.1660748453699995,0.1187165401951327,0.211485918154108,True,True,False,1.478801095004261,0.014541894718106102
thyroid/dino518_splice_v2/bootstrap_vs_erm.csv,trapB|splice|test_rev|splice|erm,0.1370277825645738,0.1090411487480563,0.1667292913808716,0.1454889233538208,0.104139162219121,0.1874876197508512,True,True,False,1.4448109044217743,0.008461140789247007
thyroid/dino518_splice_v2/bootstrap_vs_erm.csv,trapB|splice|clean|splice|erm,-0.0291839095803853,-0.0627999243323446,0.0050076770289749,-0.0265941351844435,-0.0749117224772373,0.0219353015048344,False,False,False,1.4282620537779058,0.0025897743959417997
thyroid/dino518_splice_v2/bootstrap_vs_erm.csv,trapB|mask_splice|test_rev|mask_splice|erm,0.2409883776590653,0.2026609292781548,0.2769151373404801,0.2506615352212457,0.2064924346205559,0.2957983596173013,True,True,False,1.2027052382241608,0.009673157562180373
thyroid/dino518_splice_v2/bootstrap_vs_erm.csv,trapB|mask_splice|clean|mask_splice|erm,0.047261157833845,0.0140335981258375,0.0796574387735216,0.0528901348284608,0.0017541722489887,0.1044590987665676,True,True,False,1.5650551004622342,0.0056289769946158
thyroid/dino518_splice_v2/bootstrap_vs_erm.csv,trapB|balanced|test_rev|balanced|erm,0.2685545790491509,0.2328187782445816,0.3010559943822919,0.2540295249583549,0.2178801354401761,0.2916140342946886,True,True,False,1.080552563951455,-0.014525054090796019
thyroid/dino518_splice_v2/bootstrap_vs_erm.csv,trapB|balanced|clean|balanced|erm,0.0608040760023139,0.0364341449980792,0.0846370633597867,0.0567547723935389,0.0205174563109991,0.0930718625960993,True,True,False,1.5051870042527875,-0.004049303608775
thyroid/dino518_splice_v2/bootstrap_vs_erm.csv,trapB|mte_balanced|test_rev|mte_balanced|erm,0.3650190514484846,0.3418828677778496,0.3882029012037841,0.3710417983035594,0.3290682798871224,0.4123410214761699,True,True,False,1.797769462368809,0.0060227468550747565
thyroid/dino518_splice_v2/bootstrap_vs_erm.csv,trapB|mte_balanced|clean|mte_balanced|erm,0.15521737195746,0.1246198687938064,0.1861986676287612,0.1656854892537712,0.1169773305669485,0.2128452222027869,True,True,False,1.5568327646790607,0.010468117296311197
thyroid/dino518_splice_v2/bootstrap_vs_erm.csv,trapB|mte_protect|test_rev|mte_protect|erm,0.3356558868018459,0.3142704771702926,0.3569943618166087,0.3493949489727536,0.3104943090952058,0.3888992152165941,True,True,False,1.835153960611323,0.013739062170907701
thyroid/dino518_splice_v2/bootstrap_vs_erm.csv,trapB|mte_protect|clean|mte_protect|erm,0.1383482401103546,0.1014853538366637,0.173746229782617,0.1599207938414986,0.1129681857783915,0.2078626261004083,True,True,False,1.313220177305794,0.021572553731144
thyroid/dino518_splice_v2/T3_crossover.json,T3_crossover,0.22995374176869476,0.2035162178892433,0.25545123624307686,0.2385752065741104,0.19636384706884946,0.2803443292065414,True,True,False,1.6170299886202493,0.008621464805415646
synthetic/isic2018/dino518_ruler_fixed_corr_main/bootstrap_vs_erm.csv,0.0|mask|erm|test_rev,0.1839553382706487,0.1457878058728683,0.223822532158092,0.1838746631815028,0.1168883248611169,0.2503801537566074,True,True,False,1.7106720975423975,-8.067508914588739e-05
synthetic/isic2018/dino518_ruler_fixed_corr_main/bootstrap_vs_erm.csv,0.25|mask|erm|test_rev,-0.0585378446843183,-0.0998307696146452,-0.0187054740585629,-0.0585378446843184,-0.1268202431697959,0.0081517176762753,True,False,True,1.6637469228418953,-9.71445146547012e-17
synthetic/isic2018/dino518_ruler_fixed_corr_main/bootstrap_vs_erm.csv,0.5|mask|erm|test_rev,-0.097213482420898,-0.1382388281047896,-0.0558487731767313,-0.0971328073317521,-0.1644741058347928,-0.0304961723447639,True,True,False,1.6261420581284516,8.067508914590127e-05
synthetic/isic2018/dino518_ruler_fixed_corr_main/bootstrap_vs_erm.csv,0.75|mask|erm|test_rev,-0.1115897833067105,-0.154867713778333,-0.0681928940098431,-0.1114768381819062,-0.1809296435309783,-0.0425067329392719,True,True,False,1.5970371898255644,0.00011294512480430896
synthetic/isic2018/dino518_ruler_fixed_corr_main/bootstrap_vs_erm.csv,1.0|mask|erm|test_rev,-0.1287574422769737,-0.1703353664467849,-0.0865830913963193,-0.1288542523839488,-0.1951655694304843,-0.0637906472397348,True,True,False,1.5686131763177595,-9.681010697509818e-05
synthetic/isic2018/dino518_ruler_fixed_corr_main/bootstrap_vs_erm.csv,0.0|inpaint|erm|test_rev,0.1406650854349193,0.1203215377413257,0.1618756158669516,0.1406005453636026,0.1094134085068551,0.1747918498989292,True,True,False,1.5733339383543206,-6.45400713166766e-05
synthetic/isic2018/dino518_ruler_fixed_corr_main/bootstrap_vs_erm.csv,0.25|inpaint|erm|test_rev,0.2114010035981089,0.1868247434056405,0.2363198672381312,0.2112073833841586,0.1745913261738158,0.2509699115988688,True,True,False,1.543153739417758,-0.00019362021395030737
synthetic/isic2018/dino518_ruler_fixed_corr_main/bootstrap_vs_erm.csv,0.5|inpaint|erm|test_rev,0.2105619826709908,0.1870808699795607,0.2341220631944096,0.2108201429562579,0.1747727196602189,0.2488164656111656,True,True,False,1.57401929863408,0.000258160285267095
synthetic/isic2018/dino518_ruler_fixed_corr_main/bootstrap_vs_erm.csv,0.75|inpaint|erm|test_rev,0.209416396405118,0.1860628817553728,0.2323087712267317,0.2093518563338012,0.1739230004363565,0.2470118182183934,True,True,False,1.5804392264376805,-6.454007131678763e-05
synthetic/isic2018/dino518_ruler_fixed_corr_main/bootstrap_vs_erm.csv,1.0|inpaint|erm|test_rev,0.2434128789712312,0.2182962264101628,0.269188405210895,0.2431869887216226,0.204845017529775,0.2841570376335381,True,True,False,1.558432395168392,-0.00022589024960861792
synthetic/isic2018/dino518_ruler_fixed_corr_main/bootstrap_vs_erm.csv,0.0|balanced|erm|test_rev,0.1374703519047388,0.1092643571664889,0.1680052534055172,0.1373896768155929,0.0993611717950433,0.1791800986118574,True,True,False,1.358830592097457,-8.067508914591515e-05
synthetic/isic2018/dino518_ruler_fixed_corr_main/bootstrap_vs_erm.csv,0.25|balanced|erm|test_rev,0.2106265227423076,0.1800449414960926,0.2443112691489373,0.2106103877244784,0.1686102582846003,0.2557253771567964,True,True,False,1.3555328591790166,-1.613501782918303e-05
synthetic/isic2018/dino518_ruler_fixed_corr_main/bootstrap_vs_erm.csv,0.5|balanced|erm|test_rev,0.2187585717282218,0.187955866943622,0.2517253797637108,0.2187263016925633,0.1765690017623357,0.2647688415004475,True,True,False,1.3831035527423214,-3.2270035658504836e-05
synthetic/isic2018/dino518_ruler_fixed_corr_main/bootstrap_vs_erm.csv,0.75|balanced|erm|test_rev,0.2330219274892299,0.2032548508117228,0.2641717337634349,0.233038062507059,0.1924837167421796,0.2766526699921654,True,True,False,1.3817015771589183,1.6135017829099763e-05
synthetic/isic2018/dino518_ruler_fixed_corr_main/bootstrap_vs_erm.csv,1.0|balanced|erm|test_rev,0.2809267954241089,0.2483678083563754,0.3151535587832308,0.2808299853171338,0.2362329341287817,0.3287053059334994,True,True,False,1.3846123044764551,-9.681010697509818e-05
synthetic/isic2018/dino518_ruler_fixed_corr_main/bootstrap_vs_erm.csv,0.0|groupdro|erm|test_rev,0.0804976039498523,0.0557673961121798,0.1046735687549018,0.0804007938428772,0.0436764826379661,0.1176579297568103,True,True,False,1.5127220782396225,-9.681010697509818e-05
synthetic/isic2018/dino518_ruler_fixed_corr_main/bootstrap_vs_erm.csv,0.25|groupdro|erm|test_rev,0.1437307388224663,0.1143876987771444,0.1727158271401261,0.143537118608516,0.1034595869439673,0.186943345289168,True,True,False,1.431277853211285,-0.00019362021395027962
synthetic/isic2018/dino518_ruler_fixed_corr_main/bootstrap_vs_erm.csv,0.5|groupdro|erm|test_rev,0.1520402730045017,0.1244468326552438,0.1795177902370419,0.1520402730045016,0.1120410791487075,0.1931071677020642,True,True,False,1.4720297614754105,-1.1102230246251565e-16
synthetic/isic2018/dino518_ruler_fixed_corr_main/bootstrap_vs_erm.csv,0.75|groupdro|erm|test_rev,0.1583329299578876,0.130198609122342,0.1869904226668635,0.1585104151540087,0.1158179427874435,0.2011105750072565,True,True,False,1.5018473067944638,0.0001774851961210966
synthetic/isic2018/dino518_ruler_fixed_corr_main/bootstrap_vs_erm.csv,1.0|groupdro|erm|test_rev,0.1969762976588089,0.1675719505180156,0.2259627225618118,0.1968956225696629,0.1547000618429189,0.2401519992403703,True,True,False,1.4634493500678136,-8.067508914599841e-05
synthetic/isic2018/dino518_ruler_fixed_corr_main/bootstrap_vs_erm.csv,0.0|dfr|erm|test_rev,0.1242719073204575,0.0908175856607327,0.16044757516907,0.1243525824096035,0.0747415179477178,0.1787750273025117,True,True,False,1.4940905504852509,8.067508914599841e-05
synthetic/isic2018/dino518_ruler_fixed_corr_main/bootstrap_vs_erm.csv,0.25|dfr|erm|test_rev,0.2173064201235942,0.1813888471725756,0.2547448622934625,0.2172257450344482,0.1626119769168657,0.2756544508003362,True,True,False,1.541011649790169,-8.067508914599841e-05
synthetic/isic2018/dino518_ruler_fixed_corr_main/bootstrap_vs_erm.csv,0.5|dfr|erm|test_rev,0.2210820142956258,0.1841959016836581,0.2605060650812752,0.2213563095987221,0.1656223203879454,0.2805664476324378,True,True,False,1.5062754700913366,0.0002742953030963058
synthetic/isic2018/dino518_ruler_fixed_corr_main/bootstrap_vs_erm.csv,0.75|dfr|erm|test_rev,0.2268583506784775,0.1900157222858482,0.2654656558096147,0.2267454055536731,0.1720473575638832,0.2849203182232379,True,True,False,1.4959981458936618,-0.00011294512480441998
synthetic/isic2018/dino518_ruler_fixed_corr_main/bootstrap_vs_erm.csv,1.0|dfr|erm|test_rev,0.2791358084450683,0.2401242227450601,0.3195418554943559,0.2788131080884844,0.220237894415526,0.3391451239738536,True,True,False,1.497239661294009,-0.00032270035658388263
synthetic/isic2018/dino518_ruler_fixed_corr_main/bootstrap_vs_erm.csv,0.0|leace|erm|test_rev,0.1669490294786775,0.1385605115595252,0.1966755456736629,0.1669006244251899,0.1257135366753688,0.2110425848225451,True,True,False,1.4682783800761496,-4.84050534876046e-05
synthetic/isic2018/dino518_ruler_fixed_corr_main/bootstrap_vs_erm.csv,0.25|leace|erm|test_rev,0.239992255191442,0.2118780329985246,0.2692178067915717,0.2397986349774916,0.1987946836591729,0.2832596637914514,True,True,False,1.4730609234199754,-0.00019362021395039064
synthetic/isic2018/dino518_ruler_fixed_corr_main/bootstrap_vs_erm.csv,0.5|leace|erm|test_rev,0.2373945173209416,0.2117622453166705,0.2632619945480121,0.2374590573922584,0.1965456237169345,0.2796058974670516,True,True,False,1.6128287028545092,6.454007131678763e-05
synthetic/isic2018/dino518_ruler_fixed_corr_main/bootstrap_vs_erm.csv,0.75|leace|erm|test_rev,0.2508672572083192,0.2209358690741577,0.2839010213342707,0.2508349871726608,0.2063861627397682,0.2981483803416007,True,True,False,1.4573492528495282,-3.227003565842157e-05
synthetic/isic2018/dino518_ruler_fixed_corr_main/bootstrap_vs_erm.csv,1.0|leace|erm|test_rev,0.294109104990561,0.2652117385635281,0.3250168726602258,0.2939316197944399,0.24947525187285,0.3388671373555841,True,True,False,1.4947192550090802,-0.0001774851961210966
synthetic/isic2018/dino518_ruler_fixed_corr_main/bootstrap_vs_erm.csv,0.0|inpaint_consistency|erm|test_rev,0.0419671813737353,0.0147127767745184,0.0687822660580151,0.044258353905481,-0.0020499114211936,0.0914284398561712,True,False,True,1.7288558208352935,0.002291172531745704
synthetic/isic2018/dino518_ruler_fixed_corr_main/bootstrap_vs_erm.csv,0.25|inpaint_consistency|erm|test_rev,0.0471303870790777,0.0189266179483498,0.0766118794195385,0.0500185552705035,-0.0001722295168513,0.1014945937294879,True,False,True,1.762440191020325,0.0028881681914258023
synthetic/isic2018/dino518_ruler_fixed_corr_main/bootstrap_vs_erm.csv,0.5|inpaint_consistency|erm|test_rev,0.0432741178179001,0.0144027217094499,0.0720147803186919,0.0435161430853381,-0.0066754297598963,0.0924600813296862,True,False,True,1.7207423841938427,0.00024202526743799524
synthetic/isic2018/dino518_ruler_fixed_corr_main/bootstrap_vs_erm.csv,0.75|inpaint_consistency|erm|test_rev,0.0335931071203833,-0.0002539429577145,0.0663402425761742,0.0311083143746873,-0.0227247484158064,0.0836456613063965,False,False,False,1.5972927496511349,-0.0024847927456959976
synthetic/isic2018/dino518_ruler_fixed_corr_main/bootstrap_vs_erm.csv,1.0|inpaint_consistency|erm|test_rev,0.0424512319086113,0.0120901175531125,0.0731917274554192,0.0422253416590025,-0.0088962628161588,0.0919852141477893,True,False,True,1.6510444998952414,-0.00022589024960880527
synthetic/isic2018/dino518_ruler_fixed_corr_main/bootstrap_vs_erm.csv,0.0|inpaint_consistency_lam0|erm|test_rev,0.0299627281088145,0.0033230218141447,0.056676260867111,0.0297691078948642,-0.0164469136368517,0.0765078710592778,True,False,True,1.7422519484496313,-0.00019362021395030043
synthetic/isic2018/dino518_ruler_fixed_corr_main/bootstrap_vs_erm.csv,0.25|inpaint_consistency_lam0|erm|test_rev,0.0414185907675428,0.0113063716948463,0.0723249491063379,0.0412088355357633,-0.0097300842559386,0.089288724082607,True,False,True,1.6227649437120022,-0.00020975523177949734
synthetic/isic2018/dino518_ruler_fixed_corr_main/bootstrap_vs_erm.csv,0.5|inpaint_consistency_lam0|erm|test_rev,0.0353356890459364,0.0046993623111334,0.065739066225831,0.0354647691885699,-0.0154928323547514,0.0862719861652506,True,False,True,1.667190566032518,0.00012908014263350587
synthetic/isic2018/dino518_ruler_fixed_corr_main/bootstrap_vs_erm.csv,0.75|inpaint_consistency_lam0|erm|test_rev,0.0212336834632202,-0.0126110849906595,0.0531158182576895,0.0209109831066363,-0.0325399445461174,0.072507448097197,False,False,False,1.5982404076819656,-0.0003227003565839
synthetic/isic2018/dino518_ruler_fixed_corr_main/bootstrap_vs_erm.csv,1.0|inpaint_consistency_lam0|erm|test_rev,0.0404666247156202,0.0090127814664227,0.0703323596032793,0.0402084644303532,-0.0110090039296147,0.0907904751368446,True,False,True,1.660146435437917,-0.0002581602852670048
synthetic/isic2018/dino518_ruler_fixed_corr_main/location_interaction.csv,mask|erm|test_rev|0.0|1.0,0.3127127805476224,0.0,1.0,0.3127289155654517,0.0,1.0,False,False,False,1.0,1.6135017829266296e-05
synthetic/isic2018/dino518_ruler_fixed_corr_main/location_interaction.csv,inpaint|erm|test_rev|0.0|1.0,-0.1027477935363118,0.0,1.0,-0.1025864433580199,0.0,1.0,False,False,False,1.0,0.00016135017829189968
synthetic/isic2018/dino518_ruler_fixed_corr_main/location_interaction.csv,balanced|erm|test_rev|0.0|1.0,-0.1434564435193701,0.0,1.0,-0.1434403085015409,0.0,1.0,False,False,False,1.0,1.613501782918303e-05
synthetic/isic2018/dino518_ruler_fixed_corr_main/location_interaction.csv,groupdro|erm|test_rev|0.0|1.0,-0.1164786937089566,0.0,1.0,-0.1164948287267857,0.0,1.0,False,False,False,1.0,-1.6135017829099763e-05
synthetic/isic2018/dino518_ruler_fixed_corr_main/location_interaction.csv,dfr|erm|test_rev|0.0|1.0,-0.1548639011246108,0.0,1.0,-0.1544605256788808,0.0,1.0,False,False,False,1.0,0.00040337544572999207
synthetic/isic2018/dino518_ruler_fixed_corr_main/location_interaction.csv,leace|erm|test_rev|0.0|1.0,-0.1271600755118835,0.0,1.0,-0.1270309953692499,0.0,1.0,False,False,False,1.0,0.000129080142633603
synthetic/isic2018/dino518_ruler_fixed_corr_main/location_interaction.csv,inpaint_consistency|erm|test_rev|0.0|1.0,-0.0004840505348759,0.0,1.0,0.0020330122464784,0.0,1.0,False,False,False,1.0,0.0025170627813543
synthetic/isic2018/dino518_ruler_fixed_corr_main/location_interaction.csv,inpaint_consistency_lam0|erm|test_rev|0.0|1.0,-0.0105038966068057,0.0,1.0,-0.0104393565354889,0.0,1.0,False,False,False,1.0,6.454007131679977e-05
synthetic/isic2018/dino518_ruler_fixed_corr_proposed/bootstrap_vs_erm.csv,0.0|i2e|erm|test_rev,0.1787114574761605,0.1521987778738502,0.2056153253901724,0.1786146473691853,0.1361215384082956,0.2248247768854979,True,True,False,1.6605947520306832,-9.681010697518144e-05
synthetic/isic2018/dino518_ruler_fixed_corr_proposed/bootstrap_vs_erm.csv,0.25|i2e|erm|test_rev,0.2524323539377511,0.2227853955860109,0.2831375556050039,0.2522225987059716,0.203923150990361,0.3019297609104522,True,True,False,1.6239122160540433,-0.00020975523177951816
synthetic/isic2018/dino518_ruler_fixed_corr_proposed/bootstrap_vs_erm.csv,0.5|i2e|erm|test_rev,0.260128757442277,0.2291725484904257,0.2909821212544208,0.2603385126740565,0.212470316123728,0.3113016532000059,True,True,False,1.5989648958364666,0.00020975523177951816
synthetic/isic2018/dino518_ruler_fixed_corr_proposed/bootstrap_vs_erm.csv,0.75|i2e|erm|test_rev,0.2597899220678638,0.2306370267977572,0.2903742498358929,0.2597415170143762,0.2106896270794706,0.3104693514722579,True,True,False,1.670310726179703,-4.8405053487576843e-05
synthetic/isic2018/dino518_ruler_fixed_corr_proposed/bootstrap_vs_erm.csv,1.0|i2e|erm|test_rev,0.3031608499927392,0.2712934610698608,0.3362691197145641,0.3029188247253013,0.2503064621559304,0.3573054202273535,True,True,False,1.6467544970418782,-0.00024202526743788422
synthetic/isic2018/dino518_ruler_fixed_corr_proposed/bootstrap_vs_erm.csv,0.0|i2e_balanced|erm|test_rev,0.177097955693241,0.1508442573615604,0.2047132034660526,0.1769527405327783,0.1348300193533679,0.2213195553856086,True,True,False,1.6055546337304012,-0.00014521516046270277
synthetic/isic2018/dino518_ruler_fixed_corr_proposed/bootstrap_vs_erm.csv,0.25|i2e_balanced|erm|test_rev,0.2571921841973635,0.2269010208479714,0.2880372951070877,0.2571437791438759,0.2096756303133434,0.3061144565311232,True,True,False,1.5774403557704426,-4.8405053487632355e-05
synthetic/isic2018/dino518_ruler_fixed_corr_proposed/bootstrap_vs_erm.csv,0.5|i2e_balanced|erm|test_rev,0.2672281652871226,0.2378284919581483,0.2975746017994329,0.2673733804475853,0.2193598635529232,0.3162221800534357,True,True,False,1.6212321899756663,0.00014521516046267502
synthetic/isic2018/dino518_ruler_fixed_corr_proposed/bootstrap_vs_erm.csv,0.75|i2e_balanced|erm|test_rev,0.2695354728366974,0.2399668531149917,0.3004612530542662,0.2693579876405763,0.2222553981074523,0.3184099516146744,True,True,False,1.5894785898156523,-0.0001774851961210966
synthetic/isic2018/dino518_ruler_fixed_corr_proposed/bootstrap_vs_erm.csv,1.0|i2e_balanced|erm|test_rev,0.3267825160946803,0.2927732336657634,0.3618106800297787,0.3265404908272424,0.275531767293635,0.3797453261922879,True,True,False,1.5095222142076894,-0.00024202526743788422
synthetic/isic2018/dino518_ruler_fixed_corr_proposed/bootstrap_vs_erm.csv,0.0|i2e_rank1|erm|test_rev,0.1340497281249495,0.1147259973140673,0.1539386428919613,0.1340335931071203,0.10353081638103,0.1662276045157968,True,True,False,1.598892071952215,-1.6135017829210785e-05
synthetic/isic2018/dino518_ruler_fixed_corr_proposed/bootstrap_vs_erm.csv,0.25|i2e_rank1|erm|test_rev,0.1941203995030414,0.1718142853763504,0.217871184123906,0.1939429143069203,0.1591929763446579,0.2327015787280547,True,True,False,1.596038908010457,-0.00017748519612112434
synthetic/isic2018/dino518_ruler_fixed_corr_proposed/bootstrap_vs_erm.csv,0.5|i2e_rank1|erm|test_rev,0.1968472175161753,0.1744896992277347,0.2200648557806197,0.1970085676944672,0.1612533079876253,0.2346020060166103,True,True,False,1.609400901209671,0.00016135017829191356
synthetic/isic2018/dino518_ruler_fixed_corr_proposed/bootstrap_vs_erm.csv,0.75|i2e_rank1|erm|test_rev,0.1969117575874921,0.1742327449658732,0.2198957842422014,0.1969278926053213,0.160790410774209,0.2346288848693212,True,True,False,1.6170293363146813,1.613501782918303e-05
synthetic/isic2018/dino518_ruler_fixed_corr_proposed/bootstrap_vs_erm.csv,1.0|i2e_rank1|erm|test_rev,0.2149507075205318,0.1904970198908427,0.2404214971844736,0.2147893573422398,0.1776199854392789,0.2535997306255008,True,True,False,1.5218936542759756,-0.00016135017829199683
synthetic/isic2018/dino518_ruler_fixed_corr_proposed/bootstrap_vs_erm.csv,0.0|insert_aug|erm|test_rev,0.0612162576439646,0.049008377788018,0.0735689841329315,0.0611517175726479,0.0448382658991092,0.0790004394783114,True,True,False,1.3909336398071936,-6.454007131669742e-05
synthetic/isic2018/dino518_ruler_fixed_corr_proposed/bootstrap_vs_erm.csv,0.25|insert_aug|erm|test_rev,0.0809171144134114,0.06843513893033,0.0939867384756388,0.0807396292172903,0.0636650064420836,0.0994527726114539,True,True,False,1.4006076647338823,-0.0001774851961210966
synthetic/isic2018/dino518_ruler_fixed_corr_proposed/bootstrap_vs_erm.csv,0.5|insert_aug|erm|test_rev,0.0807718992529486,0.0681308131635917,0.0936672479067862,0.0808203043064362,0.0637270871990014,0.0989678652337683,True,True,False,1.3800195050391135,4.84050534876046e-05
synthetic/isic2018/dino518_ruler_fixed_corr_proposed/bootstrap_vs_erm.csv,0.75|insert_aug|erm|test_rev,0.0805137389676815,0.0682444125301897,0.0929332150465499,0.0806105490746567,0.0641044979206404,0.0986708721168311,True,True,False,1.4000830608647405,9.681010697519532e-05
synthetic/isic2018/dino518_ruler_fixed_corr_proposed/bootstrap_vs_erm.csv,1.0|insert_aug|erm|test_rev,0.0875647417590396,0.0769009505443216,0.0985736462173243,0.0875324717233812,0.0720268189845517,0.1046021156832381,True,True,False,1.5030569888574075,-3.2270035658393814e-05
synthetic/isic2018/dino518_ruler_fixed_corr_proposed/location_interaction.csv,i2e|erm|test_rev|0.0|1.0,-0.1244493925165787,0.0,1.0,-0.1243041773561159,0.0,1.0,False,False,False,1.0,0.00014521516046279992
synthetic/isic2018/dino518_ruler_fixed_corr_proposed/location_interaction.csv,i2e_balanced|erm|test_rev|0.0|1.0,-0.1496845604014393,0.0,1.0,-0.149587750294464,0.0,1.0,False,False,False,1.0,9.681010697529246e-05
synthetic/isic2018/dino518_ruler_fixed_corr_proposed/location_interaction.csv,i2e_rank1|erm|test_rev|0.0|1.0,-0.0809009793955822,0.0,1.0,-0.0807557642351194,0.0,1.0,False,False,False,1.0,0.00014521516046279992
synthetic/isic2018/dino518_ruler_fixed_corr_proposed/location_interaction.csv,insert_aug|erm|test_rev|0.0|1.0,-0.0263484841150749,0.0,1.0,-0.0263807541507333,0.0,1.0,False,False,False,1.0,-3.227003565840075e-05
synthetic/isic2018/dino518_ruler_fixed_occlusion_occlusion/bootstrap_vs_erm.csv,0.0|mask|erm|test_uncorr,0.0357067944560078,0.0072477655714733,0.0649983569527676,0.0357874695451538,-0.0159378694616422,0.085728433032889,True,False,True,1.760437426922375,8.067508914599841e-05
synthetic/isic2018/dino518_ruler_fixed_occlusion_occlusion/bootstrap_vs_erm.csv,0.25|mask|erm|test_uncorr,0.0216531939267792,-0.0109725340038982,0.0535717287625973,0.0216854639624376,-0.0299371678383222,0.0729289633341854,False,False,False,1.593730050719624,3.227003565840075e-05
synthetic/isic2018/dino518_ruler_fixed_occlusion_occlusion/bootstrap_vs_erm.csv,0.5|mask|erm|test_uncorr,0.0404988947512787,0.010991265822342,0.070323798695004,0.0405311647869371,-0.0103863963792469,0.0901032221218382,True,False,True,1.6936681047605604,3.227003565840075e-05
synthetic/isic2018/dino518_ruler_fixed_occlusion_occlusion/bootstrap_vs_erm.csv,0.75|mask|erm|test_uncorr,0.0370137309001726,0.0088824404696903,0.0665639037860184,0.0371428110428061,-0.0132594180094366,0.0859823563238129,True,False,True,1.7205141587515305,0.00012908014263349893
synthetic/isic2018/dino518_ruler_fixed_occlusion_occlusion/bootstrap_vs_erm.csv,1.0|mask|erm|test_uncorr,0.0389176630040176,0.0105857635541697,0.0680603214749353,0.0390467431466512,-0.0098943394106099,0.0905956244445816,True,False,True,1.748425172642944,0.000129080142633603
synthetic/isic2018/dino518_ruler_fixed_occlusion_occlusion/bootstrap_vs_erm.csv,0.0|inpaint|erm|test_uncorr,-0.0008067508914597,-0.0037279026783602,0.0022780309087597,-0.0008874259806056,-0.0052162696036084,0.003453145837508,False,False,False,1.443475075999592,-8.067508914590008e-05
synthetic/isic2018/dino518_ruler_fixed_occlusion_occlusion/bootstrap_vs_erm.csv,0.25|inpaint|erm|test_uncorr,-0.0100843861432467,-0.0305269312825645,0.0014159877122102,-0.0101327911967343,-0.0338537827088094,0.0023654649371623,False,False,False,1.133874072432032,-4.8405053487599395e-05
synthetic/isic2018/dino518_ruler_fixed_occlusion_occlusion/bootstrap_vs_erm.csv,0.5|inpaint|erm|test_uncorr,-0.001581231747261,-0.0051148351202744,0.0018237538799325,-0.0015166916759442,-0.006522228330231,0.003265768341096,False,False,False,1.410660967386184,6.454007131679999e-05
synthetic/isic2018/dino518_ruler_fixed_occlusion_occlusion/bootstrap_vs_erm.csv,0.75|inpaint|erm|test_uncorr,-0.0035335689045936,-0.0072377466081832,0.0002079300729312,-0.003485163851106,-0.008487243821123,0.0013804108644887,False,False,False,1.3252864861350386,4.840505348760026e-05
synthetic/isic2018/dino518_ruler_fixed_occlusion_occlusion/bootstrap_vs_erm.csv,1.0|inpaint|erm|test_uncorr,-0.0040337544572986,-0.00905794289797,0.0006791779089698,-0.0039046743146651,-0.010415309914664,0.0023962480076403,False,False,False,1.3157439633667993,0.0001290801426334998
synthetic/isic2018/dino518_ruler_fixed_corr_dilation/bootstrap_vs_erm.csv,0.5|dilate0|erm|test_rev,-0.097213482420898,-0.1377209092572367,-0.0570732702962824,-0.0971328073317521,-0.1639430026603214,-0.0306681717856775,True,True,False,1.652557131141423,8.067508914590127e-05
synthetic/isic2018/dino518_ruler_fixed_corr_dilation/bootstrap_vs_erm.csv,0.75|dilate0|erm|test_rev,-0.1115897833067105,-0.1543397983723688,-0.0691321264434215,-0.1114768381819062,-0.1810939764094091,-0.0439413816776831,True,True,False,1.609627297951461,0.00011294512480430896
synthetic/isic2018/dino518_ruler_fixed_corr_dilation/bootstrap_vs_erm.csv,1.0|dilate0|erm|test_rev,-0.1287574422769737,-0.1700429453231411,-0.0863675760824629,-0.1288542523839488,-0.1949775995193622,-0.065576610871966,True,True,False,1.5464645070784915,-9.681010697509818e-05
synthetic/isic2018/dino518_ruler_fixed_corr_dilation/bootstrap_vs_erm.csv,0.5|dilate10|erm|test_rev,-0.1376317020830308,-0.1775540990873211,-0.0988814052936514,-0.1376639721186892,-0.2031673033237891,-0.0739233370898697,True,True,False,1.6428059089076072,-3.2270035658393814e-05
synthetic/isic2018/dino518_ruler_fixed_corr_dilation/bootstrap_vs_erm.csv,0.75|dilate10|erm|test_rev,-0.1524436484502316,-0.192811518260405,-0.1111257650241042,-0.1523791083789147,-0.2174180906094132,-0.0907519000970751,True,True,False,1.550652169980214,6.454007131689865e-05
synthetic/isic2018/dino518_ruler_fixed_corr_dilation/bootstrap_vs_erm.csv,1.0|dilate10|erm|test_rev,-0.143617793697662,-0.1840905301403209,-0.1031816760548116,-0.1436016586798328,-0.206393427890866,-0.0819867684940663,True,True,False,1.5376148976886923,1.6135017829210785e-05
synthetic/isic2018/dino518_ruler_fixed_corr_dilation/bootstrap_vs_erm.csv,0.5|dilate25|erm|test_rev,-0.1535085596269584,-0.1944887374929048,-0.1145359040919197,-0.1533472094486664,-0.22100111677664,-0.0889263168658057,True,True,False,1.6519089354650318,0.00016135017829199683
synthetic/isic2018/dino518_ruler_fixed_corr_dilation/bootstrap_vs_erm.csv,0.75|dilate25|erm|test_rev,-0.1600109718121238,-0.2011017292886376,-0.1202232560125289,-0.1601239169369282,-0.2258859772967092,-0.0964118667162145,True,True,False,1.600847609208531,-0.00011294512480441998
synthetic/isic2018/dino518_ruler_fixed_corr_dilation/bootstrap_vs_erm.csv,1.0|dilate25|erm|test_rev,-0.144360004517805,-0.184409885201669,-0.1057346896763511,-0.1442631944108298,-0.2086468713256908,-0.0823234904172248,True,True,False,1.605631610636605,9.68101069752092e-05
synthetic/isic2018/dino518_ruler_fixed_corr_dilation/bootstrap_vs_erm.csv,0.5|dilate50|erm|test_rev,-0.1420688319860593,-0.1817861152043097,-0.1045474801129277,-0.1419881568969133,-0.2059686097597397,-0.0834469319781345,True,True,False,1.5862745067497406,8.067508914599841e-05
synthetic/isic2018/dino518_ruler_fixed_corr_dilation/bootstrap_vs_erm.csv,0.75|dilate50|erm|test_rev,-0.1395356341868758,-0.1789166410884131,-0.1007312510304912,-0.1396485793116801,-0.2012491376366479,-0.0788140867098495,True,True,False,1.5659581775584304,-0.0001129451248042812
synthetic/isic2018/dino518_ruler_fixed_corr_dilation/bootstrap_vs_erm.csv,1.0|dilate50|erm|test_rev,-0.1385675331171241,-0.1769428619315199,-0.0993053861579125,-0.1384707230101489,-0.1996488763289501,-0.0817096914523385,True,True,False,1.5191012291605779,9.68101069752092e-05
synthetic/isic2018/dino518_ruler_variable_corr_stress/bootstrap_vs_erm.csv,0.0|mask|erm|test_rev,0.1465382319247463,0.1095305086196491,0.1848950451013077,0.1463768817464543,0.081782816209656,0.2110385237684502,True,True,False,1.715073343418639,-0.00016135017829199683
synthetic/isic2018/dino518_ruler_variable_corr_stress/bootstrap_vs_erm.csv,0.5|mask|erm|test_rev,-0.0942607741581555,-0.140837154151606,-0.0473404468126888,-0.0941962340868386,-0.1680912384716732,-0.0208049787554895,True,True,False,1.5753095901258232,6.454007131689865e-05
synthetic/isic2018/dino518_ruler_variable_corr_stress/bootstrap_vs_erm.csv,1.0|mask|erm|test_rev,-0.1551866014811946,-0.1992138423038116,-0.1108490672586191,-0.1552027364990238,-0.2276516637605347,-0.0840942099961404,True,True,False,1.6246004552263564,-1.6135017829210785e-05
synthetic/isic2018/dino518_ruler_variable_corr_stress/bootstrap_vs_erm.csv,0.0|balanced|erm|test_rev,0.1026348484115075,0.0770281279636,0.1299554692243044,0.1024734982332155,0.0680776193266866,0.1397763804409373,True,True,False,1.3546639488479846,-0.00016135017829199683
synthetic/isic2018/dino518_ruler_variable_corr_stress/bootstrap_vs_erm.csv,0.5|balanced|erm|test_rev,0.1710311889894638,0.1432421007573133,0.2008355148367312,0.1711441341142681,0.131791650134039,0.2133544940898558,True,True,False,1.416183521319755,0.00011294512480430896
synthetic/isic2018/dino518_ruler_variable_corr_stress/bootstrap_vs_erm.csv,1.0|balanced|erm|test_rev,0.2221146554366942,0.1934357166257458,0.2520703692246921,0.2220339803475483,0.1808841057400008,0.2653083900226757,True,True,False,1.4398360106288415,-8.067508914591515e-05
synthetic/isic2018/dino518_ruler_variable_corr_stress/location_interaction.csv,mask|erm|test_rev|0.0|1.0,0.301724833405941,0.0,1.0,0.3015796182454782,0.0,1.0,False,False,False,1.0,-0.00014521516046278604
synthetic/isic2018/dino518_ruler_variable_corr_stress/location_interaction.csv,balanced|erm|test_rev|0.0|1.0,-0.1194798070251867,0.0,1.0,-0.1195604821143327,0.0,1.0,False,False,False,1.0,-8.067508914601229e-05
synthetic/isic2018/dino224_ruler_fixed_corr_main/bootstrap_vs_erm.csv,0.0|mask|erm|test_rev,0.3606983235716476,0.3082026399752579,0.4134320475146755,0.3605853784468432,0.2750891941377991,0.4438247393985939,True,True,False,1.603501808157464,-0.00011294512480441998
synthetic/isic2018/dino224_ruler_fixed_corr_main/bootstrap_vs_erm.csv,0.25|mask|erm|test_rev,-0.0496797198960905,-0.0901027098457303,-0.0081604187471694,-0.0493086144860189,-0.1165235347429506,0.0177108690454152,True,False,True,1.6381578058014938,0.00037110541007159825
synthetic/isic2018/dino224_ruler_fixed_corr_main/bootstrap_vs_erm.csv,0.5|mask|erm|test_rev,-0.0805621440211691,-0.1189000040719738,-0.0432175969835074,-0.0805621440211691,-0.1433998384827301,-0.0187376618449652,True,True,False,1.6471751022935257,0.0
synthetic/isic2018/dino224_ruler_fixed_corr_main/bootstrap_vs_erm.csv,0.75|mask|erm|test_rev,-0.1060877422269551,-0.1449478990385377,-0.0687855178501083,-0.1058779869951756,-0.1660636830935864,-0.0440676825324271,True,True,False,1.6017881617873175,0.00020975523177950428
synthetic/isic2018/dino224_ruler_fixed_corr_main/bootstrap_vs_erm.csv,1.0|mask|erm|test_rev,-0.0953256853348823,-0.1308703181418653,-0.0585935788133171,-0.0951804701744195,-0.1558442924792405,-0.0349376656829487,True,True,False,1.67282901690801,0.00014521516046279992
synthetic/isic2018/dino224_ruler_fixed_corr_main/bootstrap_vs_erm.csv,0.0|balanced|erm|test_rev,0.293786404633977,0.2639290956029501,0.3283133519799139,0.2934959743130516,0.2501163784857299,0.3408579123422874,True,True,False,1.4093745732695009,-0.00029043032092540555
synthetic/isic2018/dino224_ruler_fixed_corr_main/bootstrap_vs_erm.csv,0.25|balanced|erm|test_rev,0.3177791761459896,0.2852731744478817,0.3561950368511803,0.3181018765025735,0.2728806293538436,0.3682418906577885,True,True,False,1.3445961241354767,0.00032270035658388263
synthetic/isic2018/dino224_ruler_fixed_corr_main/bootstrap_vs_erm.csv,0.5|balanced|erm|test_rev,0.2992077706245865,0.2713665633195862,0.327465200990683,0.3183600367878406,0.26431273011135,0.3784754496690534,True,True,False,2.035035507048016,0.019152266163254106
synthetic/isic2018/dino224_ruler_fixed_corr_main/bootstrap_vs_erm.csv,0.75|balanced|erm|test_rev,0.3333494683511626,0.3027882910818939,0.3667580263699551,0.3334785484937961,0.290497021044435,0.3821046296296296,True,True,False,1.4320460788633527,0.00012908014263351975
synthetic/isic2018/dino224_ruler_fixed_corr_main/bootstrap_vs_erm.csv,1.0|balanced|erm|test_rev,0.3176339609855269,0.288416734492891,0.3469845177991314,0.3176016909498685,0.2757020775457104,0.3621901736329903,True,True,False,1.4767179361228198,-3.227003565836606e-05
synthetic/isic2018/dino224_ruler_fixed_corr_main/bootstrap_vs_erm.csv,0.0|dfr|erm|test_rev,0.2913338819239395,0.228957084768294,0.356592115296765,0.2911563967278184,0.2066985814471884,0.3789237077037763,True,True,False,1.3493562507369041,-0.0001774851961210966
synthetic/isic2018/dino224_ruler_fixed_corr_main/bootstrap_vs_erm.csv,0.25|dfr|erm|test_rev,0.3249431240621521,0.2672236269736261,0.3887806992479601,0.3250076641334689,0.2432406628693757,0.4075122797246319,True,True,False,1.3513949767112077,6.454007131678763e-05
synthetic/isic2018/dino224_ruler_fixed_corr_main/bootstrap_vs_erm.csv,0.5|dfr|erm|test_rev,0.3243138583668135,0.2582196760106057,0.3963194418862341,0.3242654533133258,0.237871412361888,0.4135710836801489,True,True,False,1.2722662504474822,-4.8405053487687866e-05
synthetic/isic2018/dino224_ruler_fixed_corr_main/bootstrap_vs_erm.csv,0.75|dfr|erm|test_rev,0.3251690143117608,0.2701410236140915,0.3828558789622546,0.3254271745970279,0.2485313063432295,0.4045019794812852,True,True,False,1.3837632373858828,0.000258160285267095
synthetic/isic2018/dino224_ruler_fixed_corr_main/bootstrap_vs_erm.csv,1.0|dfr|erm|test_rev,0.3351727253658615,0.2690922590794262,0.404748383845681,0.335221130419349,0.249952274017613,0.4262342313281315,True,True,False,1.2994765817928595,4.840505348746582e-05
synthetic/isic2018/dino224_ruler_fixed_corr_main/bootstrap_vs_erm.csv,0.0|leace|erm|test_rev,0.3922100133920647,0.3507798060798711,0.4336173253866629,0.3921293383029188,0.3344873768988092,0.4519735246105185,True,True,False,1.4182721633248692,-8.067508914588739e-05
synthetic/isic2018/dino224_ruler_fixed_corr_main/bootstrap_vs_erm.csv,0.25|leace|erm|test_rev,0.4180905819900931,0.376642888339407,0.4594195940103539,0.418332607257531,0.361840891666473,0.4771701323711577,True,True,False,1.393257194398872,0.00024202526743793973
synthetic/isic2018/dino224_ruler_fixed_corr_main/bootstrap_vs_erm.csv,0.5|leace|erm|test_rev,0.4148797134420833,0.3730813729510248,0.4564027285367146,0.4147183632637914,0.3559124783655647,0.473383897061602,True,True,False,1.409859667672193,-0.0001613501782918858
synthetic/isic2018/dino224_ruler_fixed_corr_main/bootstrap_vs_erm.csv,0.75|leace|erm|test_rev,0.4290623941139455,0.3863975800525063,0.4700009308305654,0.4291430692030915,0.3710288544863891,0.4873361987548451,True,True,False,1.3911804154502827,8.067508914599841e-05
synthetic/isic2018/dino224_ruler_fixed_corr_main/bootstrap_vs_erm.csv,1.0|leace|erm|test_rev,0.4256417703341561,0.3830421278059461,0.4688168312194948,0.4257063104054729,0.36856638578783,0.4840417001224276,True,True,False,1.3462630558785174,6.454007131678763e-05
synthetic/isic2018/dino224_ruler_fixed_corr_main/bootstrap_vs_erm.csv,0.0|i2e|erm|test_rev,0.3570840795779079,0.3153628306553607,0.3995847360125005,0.3570518095422495,0.2981950760350371,0.4183621794085199,True,True,False,1.4267915557587867,-3.227003565836606e-05
synthetic/isic2018/dino224_ruler_fixed_corr_main/bootstrap_vs_erm.csv,0.25|i2e|erm|test_rev,0.381625441696113,0.3391401126170668,0.4243310414730699,0.3816738467496006,0.3228446437873764,0.4437056092937164,True,True,False,1.4187069812400968,4.8405053487576843e-05
synthetic/isic2018/dino224_ruler_fixed_corr_main/bootstrap_vs_erm.csv,0.5|i2e|erm|test_rev,0.3754941349210191,0.3337110592244779,0.4179814487596358,0.3755425399745066,0.3179711914245954,0.435234847382826,True,True,False,1.3915167190405333,4.840505348752133e-05
synthetic/isic2018/dino224_ruler_fixed_corr_main/bootstrap_vs_erm.csv,0.75|i2e|erm|test_rev,0.3895638704680769,0.3471811649463962,0.4314657154570284,0.3895638704680769,0.3312133919143592,0.4502577660589409,True,True,False,1.4124103815391968,0.0
synthetic/isic2018/dino224_ruler_fixed_corr_main/bootstrap_vs_erm.csv,1.0|i2e|erm|test_rev,0.3781725478806654,0.3364186150892851,0.4189281410689158,0.3782854930054697,0.3187641574546213,0.4388004527888894,True,True,False,1.4548174154327558,0.00011294512480430896
synthetic/isic2018/dino224_ruler_fixed_corr_main/bootstrap_vs_erm.csv,0.0|i2e_balanced|erm|test_rev,0.3734611226745405,0.3370107384194817,0.4104697693150126,0.3736547428884909,0.3202837706503029,0.4290676081333215,True,True,False,1.4808776559783992,0.00019362021395036288
synthetic/isic2018/dino224_ruler_fixed_corr_main/bootstrap_vs_erm.csv,0.25|i2e_balanced|erm|test_rev,0.4029882053019668,0.3664098106541841,0.4406823416034425,0.4033754457298675,0.3493195246006992,0.4583630206642201,True,True,False,1.4681537665387672,0.00038724042790072577
synthetic/isic2018/dino224_ruler_fixed_corr_main/bootstrap_vs_erm.csv,0.5|i2e_balanced|erm|test_rev,0.39811542991755,0.360480448556107,0.4366695089201933,0.398196105006696,0.3434374797986579,0.4538821055756924,True,True,False,1.4496126510715635,8.067508914599841e-05
synthetic/isic2018/dino224_ruler_fixed_corr_main/bootstrap_vs_erm.csv,0.75|i2e_balanced|erm|test_rev,0.4145408780676703,0.3784801740117018,0.4512495146774143,0.4147022282459622,0.3607396647682083,0.4698711378537503,True,True,False,1.4996902828468615,0.0001613501782918858
synthetic/isic2018/dino224_ruler_fixed_corr_main/bootstrap_vs_erm.csv,1.0|i2e_balanced|erm|test_rev,0.4139277473901608,0.3761586299049289,0.4517076822270337,0.4140729625506236,0.3594676264996741,0.4707789841517561,True,True,False,1.4733653729699199,0.00014521516046278604
synthetic/isic2018/dino224_ruler_fixed_corr_main/bootstrap_vs_erm.csv,0.0|i2e_rank1|erm|test_rev,0.3212159349436081,0.2823239241915373,0.3600295320088106,0.3209577746583409,0.2627319047620851,0.3776255495050394,True,True,False,1.4785759737331907,-0.000258160285267206
synthetic/isic2018/dino224_ruler_fixed_corr_main/bootstrap_vs_erm.csv,0.25|i2e_rank1|erm|test_rev,0.3512109330880811,0.3097089371279967,0.3920797841359989,0.3513884182842022,0.2943858382892245,0.4095283299937003,True,True,False,1.3978548951097935,0.0001774851961210966
synthetic/isic2018/dino224_ruler_fixed_corr_main/bootstrap_vs_erm.csv,0.5|i2e_rank1|erm|test_rev,0.3543088565112864,0.3127922809964997,0.395715494416538,0.3541959113864821,0.29391351745304,0.412653596946947,True,True,False,1.431928100668775,-0.00011294512480430896
synthetic/isic2018/dino224_ruler_fixed_corr_main/bootstrap_vs_erm.csv,0.75|i2e_rank1|erm|test_rev,0.3700889039482389,0.3279145975761107,0.4111706506130222,0.3700404988947512,0.3125780046451707,0.4254554849980986,True,True,False,1.3557870717566172,-4.8405053487687866e-05
synthetic/isic2018/dino224_ruler_fixed_corr_main/bootstrap_vs_erm.csv,1.0|i2e_rank1|erm|test_rev,0.3660390144731109,0.3232242177632503,0.4072282507469129,0.3661196895622569,0.307723922204667,0.4216994418205238,True,True,False,1.3567862823684096,8.067508914599841e-05
synthetic/isic2018/dino224_ruler_fixed_corr_main/bootstrap_vs_erm.csv,0.0|insert_aug|erm|test_rev,0.154976846249415,0.1299405949232707,0.179069725304386,0.1550252513029026,0.1228734661311739,0.1888629991822878,True,True,False,1.343185449023937,4.84050534876046e-05
synthetic/isic2018/dino224_ruler_fixed_corr_main/bootstrap_vs_erm.csv,0.25|insert_aug|erm|test_rev,0.1473772528518644,0.1242492447760015,0.169614673620972,0.1474740629588396,0.1175625476199929,0.1789843750122413,True,True,False,1.353934680131609,9.68101069752092e-05
synthetic/isic2018/dino224_ruler_fixed_corr_main/bootstrap_vs_erm.csv,0.5|insert_aug|erm|test_rev,0.1471674976200848,0.1242109888693776,0.1698551466783185,0.1471997676557432,0.1175529657953399,0.1791775392817059,True,True,False,1.350108676433829,3.2270035658393814e-05
synthetic/isic2018/dino224_ruler_fixed_corr_main/bootstrap_vs_erm.csv,0.75|insert_aug|erm|test_rev,0.1519273278796973,0.1303210656376033,0.173458603103347,0.1520241379866725,0.1231306215925009,0.1835431119642576,True,True,False,1.4004621942022386,9.68101069752092e-05
synthetic/isic2018/dino224_ruler_fixed_corr_main/bootstrap_vs_erm.csv,1.0|insert_aug|erm|test_rev,0.1355664198008938,0.114696534996436,0.1563941997775735,0.1357923100505025,0.1084887827638041,0.1648241916445119,True,True,False,1.3510446970208247,0.0002258902496087012
synthetic/isic2018/dino224_ruler_fixed_corr_main/location_interaction.csv,mask|erm|test_rev|0.0|1.0,0.4560240089065299,0.0,1.0,0.4557658486212627,0.0,1.0,False,False,False,1.0,-0.000258160285267206
synthetic/isic2018/dino224_ruler_fixed_corr_main/location_interaction.csv,balanced|erm|test_rev|0.0|1.0,-0.0238475563515498,0.0,1.0,-0.0241057166368169,0.0,1.0,False,False,False,1.0,-0.00025816028526710194
synthetic/isic2018/dino224_ruler_fixed_corr_main/location_interaction.csv,dfr|erm|test_rev|0.0|1.0,-0.043838843441922,0.0,1.0,-0.0440647336915306,0.0,1.0,False,False,False,1.0,-0.0002258902496085971
synthetic/isic2018/dino224_ruler_fixed_corr_main/location_interaction.csv,leace|erm|test_rev|0.0|1.0,-0.0334317569420913,0.0,1.0,-0.0335769721025541,0.0,1.0,False,False,False,1.0,-0.00014521516046279992
synthetic/isic2018/dino224_ruler_fixed_corr_main/location_interaction.csv,i2e|erm|test_rev|0.0|1.0,-0.0210884683027575,0.0,1.0,-0.0212336834632202,0.0,1.0,False,False,False,1.0,-0.00014521516046270277
synthetic/isic2018/dino224_ruler_fixed_corr_main/location_interaction.csv,i2e_balanced|erm|test_rev|0.0|1.0,-0.0404666247156202,0.0,1.0,-0.0404182196621327,0.0,1.0,False,False,False,1.0,4.8405053487500516e-05
synthetic/isic2018/dino224_ruler_fixed_corr_main/location_interaction.csv,i2e_rank1|erm|test_rev|0.0|1.0,-0.0448230795295028,0.0,1.0,-0.0451619149039159,0.0,1.0,False,False,False,1.0,-0.00033883537441310035
synthetic/isic2018/dino224_ruler_fixed_corr_main/location_interaction.csv,insert_aug|erm|test_rev|0.0|1.0,0.0194104264485212,0.0,1.0,0.0192329412524001,0.0,1.0,False,False,False,1.0,-0.00017748519612110006
synthetic/isic2018/dermlip224_ruler_fixed_corr_main/bootstrap_vs_erm.csv,0.0|mask|erm|test_rev,0.1607370476144377,0.1212590511114396,0.2018138991095819,0.1608015876857544,0.1022749845036082,0.2221627368777561,True,True,False,1.488274825829386,6.454007131670436e-05
synthetic/isic2018/dermlip224_ruler_fixed_corr_main/bootstrap_vs_erm.csv,0.25|mask|erm|test_rev,-0.2891879245526566,-0.3426670514041255,-0.2386949314177499,-0.2892685996418025,-0.3661423246304598,-0.2146841075920632,True,True,False,1.4567195230629473,-8.06750891459429e-05
synthetic/isic2018/dermlip224_ruler_fixed_corr_main/bootstrap_vs_erm.csv,0.5|mask|erm|test_rev,-0.2822498668861029,-0.3431877969190264,-0.2269684957605253,-0.2975297287703503,-0.3714938620315046,-0.2245562722198619,True,True,False,1.2643131420249005,-0.015279861884247403
synthetic/isic2018/dermlip224_ruler_fixed_corr_main/bootstrap_vs_erm.csv,0.75|mask|erm|test_rev,-0.3090017264469077,-0.3563428349221804,-0.2608930124259913,-0.3090501315003953,-0.3778001766471319,-0.2392743216609964,True,True,False,1.4512950507756703,-4.8405053487576843e-05
synthetic/isic2018/dermlip224_ruler_fixed_corr_main/bootstrap_vs_erm.csv,1.0|mask|erm|test_rev,-0.2631137357406779,-0.3284406062019409,-0.1946590151171446,-0.2630814657050196,-0.3480247302828576,-0.1803178124398831,True,True,False,1.2535874067806154,3.227003565831055e-05
synthetic/isic2018/dermlip224_ruler_fixed_corr_main/bootstrap_vs_erm.csv,0.0|balanced|erm|test_rev,0.2225987059715701,0.1929630628840553,0.2515998507529637,0.2227116510963744,0.178956303747445,0.2683283425737285,True,True,False,1.5241632782833958,0.0001129451248042812
synthetic/isic2018/dermlip224_ruler_fixed_corr_main/bootstrap_vs_erm.csv,0.25|balanced|erm|test_rev,0.2763605853784468,0.2324865062365586,0.3259768057490538,0.2762476402536425,0.2201135584565222,0.3388848138079397,True,True,False,1.2704126093375436,-0.00011294512480430896
synthetic/isic2018/dermlip224_ruler_fixed_corr_main/bootstrap_vs_erm.csv,0.5|balanced|erm|test_rev,0.2905916711037965,0.2426385571619362,0.3420664897141985,0.27529567420172,0.2250580116525896,0.3278867343010385,True,True,False,1.0342035684428923,-0.015295996902076503
synthetic/isic2018/dermlip224_ruler_fixed_corr_main/bootstrap_vs_erm.csv,0.75|balanced|erm|test_rev,0.2761831001823256,0.2385689645506407,0.3135555976665264,0.2760540200396921,0.2248271401598843,0.3297807235272814,True,True,False,1.3996305608920978,-0.00012908014263351975
synthetic/isic2018/dermlip224_ruler_fixed_corr_main/bootstrap_vs_erm.csv,1.0|balanced|erm|test_rev,0.3393678300014522,0.2938449673139081,0.3905148876262655,0.3393032899301353,0.2798122819353552,0.4049173692747836,True,True,False,1.2941469997615804,-6.454007131689865e-05
synthetic/isic2018/dermlip224_ruler_fixed_corr_main/bootstrap_vs_erm.csv,0.0|dfr|erm|test_rev,0.2366361714829695,0.1995181689945781,0.2782028515054589,0.2366200364651402,0.1860480172068116,0.2950061970811052,True,True,False,1.3847444813573015,-1.613501782929405e-05
synthetic/isic2018/dermlip224_ruler_fixed_corr_main/bootstrap_vs_erm.csv,0.25|dfr|erm|test_rev,0.2851864401310163,0.2328698582533088,0.3489239123415697,0.2851380350775288,0.2178314494155213,0.3588393816496721,True,True,False,1.215019443671585,-4.840505348752133e-05
synthetic/isic2018/dermlip224_ruler_fixed_corr_main/bootstrap_vs_erm.csv,0.5|dfr|erm|test_rev,0.2976104038594962,0.2465160861367368,0.3623417489971312,0.2822337318682737,0.229868904085322,0.342834246774743,True,True,False,0.975304953148242,-0.015376671991222501
synthetic/isic2018/dermlip224_ruler_fixed_corr_main/bootstrap_vs_erm.csv,0.75|dfr|erm|test_rev,0.2856059505945754,0.2505836408971338,0.3242929440227346,0.2854284653984543,0.2344272489847432,0.3404721306044118,True,True,False,1.4386906010896328,-0.0001774851961210966
synthetic/isic2018/dermlip224_ruler_fixed_corr_main/bootstrap_vs_erm.csv,1.0|dfr|erm|test_rev,0.3484357100214595,0.3103004113558016,0.3859282474581739,0.3484034399858012,0.2935768185242702,0.4028974998657834,True,True,False,1.4455085187619698,-3.227003565831055e-05
synthetic/isic2018/dermlip224_ruler_fixed_corr_main/bootstrap_vs_erm.csv,0.0|leace|erm|test_rev,0.2488665149974991,0.2135014975592272,0.2875634919819962,0.2490278651757909,0.1971367906397335,0.3038235180312645,True,True,False,1.4405057306792177,0.00016135017829180254
synthetic/isic2018/dermlip224_ruler_fixed_corr_main/bootstrap_vs_erm.csv,0.25|leace|erm|test_rev,0.3039030608128821,0.2523179565257173,0.3638563847725857,0.3038223857237362,0.2394351775055972,0.3755394553211355,True,True,False,1.2202456135951478,-8.067508914588739e-05
synthetic/isic2018/dermlip224_ruler_fixed_corr_main/bootstrap_vs_erm.csv,0.5|leace|erm|test_rev,0.3180696064669152,0.2619708285544759,0.3781248282024957,0.3027574745470093,0.2461659532571547,0.3632393118359578,True,True,False,1.0079150002029136,-0.01531213191990588
synthetic/isic2018/dermlip224_ruler_fixed_corr_main/bootstrap_vs_erm.csv,0.75|leace|erm|test_rev,0.3077916001097181,0.266494303977464,0.3486748393984354,0.3076625199670845,0.2510633489937294,0.3647321036906396,True,True,False,1.3831590913181537,-0.00012908014263363077
synthetic/isic2018/dermlip224_ruler_fixed_corr_main/bootstrap_vs_erm.csv,1.0|leace|erm|test_rev,0.3639898672088033,0.3177384047323133,0.4145340153827364,0.363973732190974,0.301558504360876,0.4300051497184431,True,True,False,1.326988326169578,-1.6135017829266296e-05
synthetic/isic2018/dermlip224_ruler_fixed_corr_main/bootstrap_vs_erm.csv,0.0|i2e|erm|test_rev,0.1825031866660213,0.146651292663282,0.2202809512778294,0.1825999967729964,0.1305629188879458,0.2388576071178682,True,True,False,1.4708025307688448,9.681010697509818e-05
synthetic/isic2018/dermlip224_ruler_fixed_corr_main/bootstrap_vs_erm.csv,0.25|i2e|erm|test_rev,0.2142891717895348,0.1678725637965142,0.2683748574260631,0.2139826064507801,0.1507098035329663,0.2841299120234604,True,True,False,1.32753297135964,-0.0003065653387546996
synthetic/isic2018/dermlip224_ruler_fixed_corr_main/bootstrap_vs_erm.csv,0.5|i2e|erm|test_rev,0.2232602417025671,0.1706583836696391,0.2819577268577253,0.2079158397470029,0.1513321676879956,0.2695748078062058,True,True,False,1.062383988361822,-0.015344401955564219
synthetic/isic2018/dermlip224_ruler_fixed_corr_main/bootstrap_vs_erm.csv,0.75|i2e|erm|test_rev,0.1967342723913709,0.1578914328431456,0.2360017824616916,0.1964438420704455,0.1414908931132863,0.2541019522821248,True,True,False,1.4416919104674046,-0.00029043032092540555
synthetic/isic2018/dermlip224_ruler_fixed_corr_main/bootstrap_vs_erm.csv,1.0|i2e|erm|test_rev,0.2513029026897075,0.2050015949347445,0.3001340786416071,0.2514803878858286,0.1874472346914896,0.3165085341907329,True,True,False,1.3566480603715503,0.0001774851961210966
synthetic/isic2018/dermlip224_ruler_fixed_corr_main/bootstrap_vs_erm.csv,0.0|i2e_balanced|erm|test_rev,0.2139664714329509,0.1811590150505945,0.2484371183180771,0.2142891717895347,0.1658035386907556,0.267281276794895,True,True,False,1.50833232769192,0.00032270035658379936
synthetic/isic2018/dermlip224_ruler_fixed_corr_main/bootstrap_vs_erm.csv,0.25|i2e_balanced|erm|test_rev,0.2741823579715055,0.2292326596239868,0.3237884719140943,0.2743759781854559,0.2155454066121027,0.3411146495742099,True,True,False,1.3279907381774387,0.0001936202139504184
synthetic/isic2018/dermlip224_ruler_fixed_corr_main/bootstrap_vs_erm.csv,0.5|i2e_balanced|erm|test_rev,0.2807170401923294,0.2325317197063205,0.3315841292957884,0.2654694483437404,0.2090048878580116,0.3256386428390099,True,True,False,1.1774953831451243,-0.015247591848588982
synthetic/isic2018/dermlip224_ruler_fixed_corr_main/bootstrap_vs_erm.csv,0.75|i2e_balanced|erm|test_rev,0.2636300563112122,0.2237534568688265,0.3056560888876972,0.2635977862755538,0.2072554417546903,0.3232175487670269,True,True,False,1.4158532412684672,-3.227003565842157e-05
synthetic/isic2018/dermlip224_ruler_fixed_corr_main/bootstrap_vs_erm.csv,1.0|i2e_balanced|erm|test_rev,0.3253949045613696,0.268895499927291,0.3838682865328146,0.3256369298288074,0.256925463083652,0.3996380170437716,True,True,False,1.2412724625851885,0.0002420252674377732
synthetic/isic2018/dermlip224_ruler_fixed_corr_main/bootstrap_vs_erm.csv,0.0|i2e_rank1|erm|test_rev,0.1593817061167853,0.1247756983462418,0.1965118158383707,0.1595107862594187,0.1168743371212121,0.207198069174895,True,True,False,1.2591109640634437,0.00012908014263340872
synthetic/isic2018/dermlip224_ruler_fixed_corr_main/bootstrap_vs_erm.csv,0.25|i2e_rank1|erm|test_rev,0.1745970279297158,0.1313340112931929,0.2252914410540341,0.1743872726979363,0.1243239609169309,0.2351228826369703,True,True,False,1.1792459840809442,-0.0002097552317794904
synthetic/isic2018/dermlip224_ruler_fixed_corr_main/bootstrap_vs_erm.csv,0.5|i2e_rank1|erm|test_rev,0.2227923261855204,0.1370473768411259,0.3024795405690472,0.2074156541942978,0.1349075957852075,0.2788700069126295,True,True,False,0.8702202031534227,-0.015376671991222585
synthetic/isic2018/dermlip224_ruler_fixed_corr_main/bootstrap_vs_erm.csv,0.75|i2e_rank1|erm|test_rev,0.2204043435467995,0.183164952946507,0.2573716344308128,0.2202591283863368,0.173745277459361,0.2703992825196121,True,True,False,1.3024973375300817,-0.00014521516046270277
synthetic/isic2018/dermlip224_ruler_fixed_corr_main/bootstrap_vs_erm.csv,1.0|i2e_rank1|erm|test_rev,0.2480436290882102,0.2101556547427657,0.2894752656576918,0.2481565742130144,0.1997185574229692,0.3000312019875126,True,True,False,1.264663850559394,0.00011294512480419794
synthetic/isic2018/dermlip224_ruler_fixed_corr_main/bootstrap_vs_erm.csv,0.0|insert_aug|erm|test_rev,0.1112348129144683,0.0884069767917381,0.138444146105355,0.1113961630927601,0.082573880196726,0.1427372494273278,True,True,False,1.2023735566158258,0.00016135017829180254
synthetic/isic2018/dermlip224_ruler_fixed_corr_main/bootstrap_vs_erm.csv,0.25|insert_aug|erm|test_rev,0.1011504267712215,0.0675045839405695,0.1476305452380401,0.1009890765929296,0.0628749052902601,0.1489485629520282,True,True,False,1.0742293292709024,-0.00016135017829189968
synthetic/isic2018/dermlip224_ruler_fixed_corr_main/bootstrap_vs_erm.csv,0.5|insert_aug|erm|test_rev,0.1052003162463494,0.0688297896483154,0.1526876835267465,0.0897591041838101,0.0639606984868291,0.1198817044469218,True,True,False,0.6668544053963656,-0.015441212062539303
synthetic/isic2018/dermlip224_ruler_fixed_corr_main/bootstrap_vs_erm.csv,0.75|insert_aug|erm|test_rev,0.0771253852235506,0.0570353910765392,0.0993539322382124,0.0771253852235506,0.0530810423554504,0.1038725451804204,True,True,False,1.2002186613883217,0.0
synthetic/isic2018/dermlip224_ruler_fixed_corr_main/bootstrap_vs_erm.csv,1.0|insert_aug|erm|test_rev,0.1264985397808865,0.1001897780785649,0.1534296356287648,0.1264017296739112,0.0963479419962496,0.1578631126164616,True,True,False,1.1554345456730288,-9.681010697529246e-05
synthetic/isic2018/dermlip224_ruler_fixed_corr_main/bootstrap_vs_erm.csv,0.0|mte|erm|test_rev,0.1380834825822482,0.0981309337893065,0.1785558421471171,0.1380189425109314,0.0766718289474923,0.2013733559936207,True,True,False,1.5505336542173107,-6.454007131678763e-05
synthetic/isic2018/dermlip224_ruler_fixed_corr_main/bootstrap_vs_erm.csv,0.25|mte|erm|test_rev,-0.0216854639624376,-0.0760739048732729,0.0347078024097047,-0.0219436242477047,-0.1013614832575067,0.0574616799211669,False,False,False,1.4336587427108367,-0.00025816028526709847
synthetic/isic2018/dermlip224_ruler_fixed_corr_main/bootstrap_vs_erm.csv,0.5|mte|erm|test_rev,0.0378204817916323,-0.0165001362946118,0.094762599381783,0.0223308646756054,-0.0483068995969583,0.0949981298687035,False,False,False,1.2879876500831446,-0.015489617116026897
synthetic/isic2018/dermlip224_ruler_fixed_corr_main/bootstrap_vs_erm.csv,0.75|mte|erm|test_rev,0.0110040821595107,-0.0357985178238858,0.0584875394682752,0.0108911370347064,-0.0664623297628071,0.0886034560389253,False,False,False,1.6446311390584012,-0.00011294512480430029
synthetic/isic2018/dermlip224_ruler_fixed_corr_main/bootstrap_vs_erm.csv,1.0|mte|erm|test_rev,0.0216531939267793,-0.0375932891956727,0.0785662277975853,0.0217338690159252,-0.0642555142384947,0.1066044926347826,False,False,False,1.470908379235032,8.067508914590127e-05
synthetic/isic2018/dermlip224_ruler_fixed_corr_main/bootstrap_vs_erm.csv,0.0|mte_balanced|erm|test_rev,0.1270794004227375,0.0821503475493577,0.1702560225048189,0.1271762105297126,0.061409099599819,0.1920130520396124,True,True,False,1.482355733677947,9.681010697509818e-05
synthetic/isic2018/dermlip224_ruler_fixed_corr_main/bootstrap_vs_erm.csv,0.25|mte_balanced|erm|test_rev,0.1718540748987526,0.1230125846250949,0.2237270546401045,0.1717249947561192,0.102420107724807,0.24160188093612,True,True,False,1.3819441554979197,-0.00012908014263340872
synthetic/isic2018/dermlip224_ruler_fixed_corr_main/bootstrap_vs_erm.csv,0.5|mte_balanced|erm|test_rev,0.175855559320393,0.1265513910831051,0.2258190285255236,0.1602368620617326,0.0954405834098954,0.2255235902717795,True,True,False,1.3104271463833363,-0.015618697258660413
synthetic/isic2018/dermlip224_ruler_fixed_corr_main/bootstrap_vs_erm.csv,0.75|mte_balanced|erm|test_rev,0.1640447262694224,0.1211068701794188,0.2058393989090889,0.1635445407167175,0.0942476588326696,0.2304519165879736,True,True,False,1.6074612642548276,-0.000500185552704896
synthetic/isic2018/dermlip224_ruler_fixed_corr_main/bootstrap_vs_erm.csv,1.0|mte_balanced|erm|test_rev,0.202204043435468,0.1500664532880131,0.2552521175371063,0.2018652080610549,0.1297959353656505,0.2759127905597371,True,True,False,1.389132789503169,-0.0003388353744130934
synthetic/isic2018/dermlip224_ruler_fixed_corr_main/bootstrap_vs_erm.csv,0.0|ui2e|erm|test_rev,-0.0541652548526065,-0.095239515055869,-0.0135218016634223,-0.0537618794068767,-0.116169852176067,0.0103025382858457,True,False,True,1.5476741236570473,0.0004033754457298047
synthetic/isic2018/dermlip224_ruler_fixed_corr_main/bootstrap_vs_erm.csv,0.25|ui2e|erm|test_rev,-0.0776901108475724,-0.1278486986684519,-0.0279234521032479,-0.0776417057940848,-0.145088580435915,-0.0073336863871502,True,True,False,1.3785794759973486,4.840505348759072e-05
synthetic/isic2018/dermlip224_ruler_fixed_corr_main/bootstrap_vs_erm.csv,0.5|ui2e|erm|test_rev,-0.0784807267212029,-0.1351534141257289,-0.0228528969769452,-0.0937767236232796,-0.1596664081779195,-0.0272046364631629,True,True,False,1.179529489960067,-0.015295996902076697
synthetic/isic2018/dermlip224_ruler_fixed_corr_main/bootstrap_vs_erm.csv,0.75|ui2e|erm|test_rev,-0.1081691595269213,-0.1528754128395261,-0.064819674968024,-0.1081046194556045,-0.1718020245085007,-0.0428313584786569,True,True,False,1.4646480643663222,6.45400713168015e-05
synthetic/isic2018/dermlip224_ruler_fixed_corr_main/bootstrap_vs_erm.csv,1.0|ui2e|erm|test_rev,-0.0630233796408344,-0.1177283953418607,-0.0077220929429552,-0.0628942994982009,-0.136755444989497,0.0087543350673603,True,False,True,1.3227403965384532,0.00012908014263350587
synthetic/isic2018/dermlip224_ruler_fixed_corr_main/bootstrap_vs_erm.csv,0.0|ui2e_balanced|erm|test_rev,0.1666908691934105,0.1312260447281768,0.2025877279608768,0.1668522193717024,0.1117743474024685,0.2252267691778096,True,True,False,1.5898226700369356,0.0001613501782918858
synthetic/isic2018/dermlip224_ruler_fixed_corr_main/bootstrap_vs_erm.csv,0.25|ui2e_balanced|erm|test_rev,0.2127240750601029,0.1648412770019909,0.2626044184318937,0.2126756700066153,0.15141822838679,0.2818138348377174,True,True,False,1.333791084694454,-4.84050534876046e-05
synthetic/isic2018/dermlip224_ruler_fixed_corr_main/bootstrap_vs_erm.csv,0.5|ui2e_balanced|erm|test_rev,0.2211626893847717,0.1739002027952556,0.2709546180422996,0.2057053423044032,0.1465478832533887,0.2683061718414114,True,True,False,1.2545363163344714,-0.0154573470803685
synthetic/isic2018/dermlip224_ruler_fixed_corr_main/bootstrap_vs_erm.csv,0.75|ui2e_balanced|erm|test_rev,0.1976216983719766,0.1561160386753119,0.2407172176271407,0.1973474030688804,0.1385020612036395,0.2590642634864715,True,True,False,1.4250652742260137,-0.00027429530309619476
synthetic/isic2018/dermlip224_ruler_fixed_corr_main/bootstrap_vs_erm.csv,1.0|ui2e_balanced|erm|test_rev,0.2649853978088646,0.2092848379415208,0.3235177876142696,0.264775642577085,0.192969993833009,0.3415791962038529,True,True,False,1.3009311481194805,-0.00020975523177957367
synthetic/isic2018/dermlip224_ruler_fixed_corr_main/bootstrap_vs_erm.csv,0.0|umte|erm|test_rev,0.1120092937702696,0.0685117427972646,0.1555885618162469,0.1122835890733659,0.0474260065797299,0.1792139387417173,True,True,False,1.5134674606482619,0.0002742953030963058
synthetic/isic2018/dermlip224_ruler_fixed_corr_main/bootstrap_vs_erm.csv,0.25|umte|erm|test_rev,-0.2582570953740904,-0.3156362510954016,-0.1999101922378651,-0.2581118802136276,-0.3394447819566428,-0.1718021981262621,True,True,False,1.4486156833246653,0.00014521516046284155
synthetic/isic2018/dermlip224_ruler_fixed_corr_main/bootstrap_vs_erm.csv,0.5|umte|erm|test_rev,-0.2960775771657227,-0.3541652480229817,-0.2401058313715074,-0.3114381141391161,-0.3851519867451877,-0.2387987493475262,True,True,False,1.2831315615515182,-0.015360536973393402
synthetic/isic2018/dermlip224_ruler_fixed_corr_main/bootstrap_vs_erm.csv,0.75|umte|erm|test_rev,-0.3347693499201316,-0.3843759630421711,-0.2852305056642299,-0.3350113751875696,-0.4030319331018871,-0.2656909313408375,True,True,False,1.3852475483320184,-0.00024202526743805075
synthetic/isic2018/dermlip224_ruler_fixed_corr_main/bootstrap_vs_erm.csv,1.0|umte|erm|test_rev,-0.3092437517143456,-0.3712599444633973,-0.2437081654258822,-0.3091630766251996,-0.3870350367089497,-0.2283296767353803,True,True,False,1.24424262186803,8.067508914599841e-05
synthetic/isic2018/dermlip224_ruler_fixed_corr_main/bootstrap_vs_erm.csv,0.0|umte_balanced|erm|test_rev,0.0958258708875873,0.0530592018585422,0.1381659642304328,0.0962131113154879,0.0313928280391694,0.1627230518813938,True,True,False,1.5431232511037303,0.00038724042790060087
synthetic/isic2018/dermlip224_ruler_fixed_corr_main/bootstrap_vs_erm.csv,0.25|umte_balanced|erm|test_rev,0.0984720138115752,0.0434275716975262,0.1531308213475022,0.0986494990076964,0.02078992266162,0.1759387349950984,True,True,False,1.414259038164348,0.0001774851961212076
synthetic/isic2018/dermlip224_ruler_fixed_corr_main/bootstrap_vs_erm.csv,0.5|umte_balanced|erm|test_rev,0.1014892621456347,0.0440802902446489,0.1567133507683089,0.0863384804040208,0.0120833474519855,0.1593062979907782,True,True,False,1.30710246045269,-0.015150781741613897
synthetic/isic2018/dermlip224_ruler_fixed_corr_main/bootstrap_vs_erm.csv,0.75|umte_balanced|erm|test_rev,0.0822885909288928,0.034054287017332,0.1282816380234273,0.0824983461606724,0.0113940824047637,0.1523840618336886,True,True,False,1.4962744672701738,0.00020975523177960143
synthetic/isic2018/dermlip224_ruler_fixed_corr_main/bootstrap_vs_erm.csv,1.0|umte_balanced|erm|test_rev,0.1224970553592462,0.0647303616737473,0.1761393695642961,0.1226906755731964,0.0450346044172075,0.1984629282557975,True,True,False,1.3771626437004278,0.00019362021395021023
synthetic/isic2018/dermlip224_ruler_fixed_corr_main/location_interaction.csv,mask|erm|test_rev|0.0|1.0,0.4238507833551156,0.0,1.0,0.423883053390774,0.0,1.0,False,False,False,1.0,3.227003565836606e-05
synthetic/isic2018/dermlip224_ruler_fixed_corr_main/location_interaction.csv,balanced|erm|test_rev|0.0|1.0,-0.116769124029882,0.0,1.0,-0.1165916388337608,0.0,1.0,False,False,False,1.0,0.0001774851961212076
synthetic/isic2018/dermlip224_ruler_fixed_corr_main/location_interaction.csv,dfr|erm|test_rev|0.0|1.0,-0.11179953853849,0.0,1.0,-0.1117834035206609,0.0,1.0,False,False,False,1.0,1.6135017829099763e-05
synthetic/isic2018/dermlip224_ruler_fixed_corr_main/location_interaction.csv,leace|erm|test_rev|0.0|1.0,-0.1151233522113041,0.0,1.0,-0.114945867015183,0.0,1.0,False,False,False,1.0,0.0001774851961210966
synthetic/isic2018/dermlip224_ruler_fixed_corr_main/location_interaction.csv,i2e|erm|test_rev|0.0|1.0,-0.0687997160236861,0.0,1.0,-0.0688803911128322,0.0,1.0,False,False,False,1.0,-8.067508914609556e-05
synthetic/isic2018/dermlip224_ruler_fixed_corr_main/location_interaction.csv,i2e_balanced|erm|test_rev|0.0|1.0,-0.1114284331284186,0.0,1.0,-0.1113477580392726,0.0,1.0,False,False,False,1.0,8.067508914599841e-05
synthetic/isic2018/dermlip224_ruler_fixed_corr_main/location_interaction.csv,i2e_rank1|erm|test_rev|0.0|1.0,-0.0886619229714249,0.0,1.0,-0.0886457879535957,0.0,1.0,False,False,False,1.0,1.6135017829196907e-05
synthetic/isic2018/dermlip224_ruler_fixed_corr_main/location_interaction.csv,insert_aug|erm|test_rev|0.0|1.0,-0.0152637268664182,0.0,1.0,-0.0150055665811511,0.0,1.0,False,False,False,1.0,0.0002581602852671002
synthetic/isic2018/dermlip224_ruler_fixed_corr_main/location_interaction.csv,mte|erm|test_rev|0.0|1.0,0.1164302886554689,0.0,1.0,0.1162850734950062,0.0,1.0,False,False,False,1.0,-0.0001452151604626889
synthetic/isic2018/dermlip224_ruler_fixed_corr_main/location_interaction.csv,mte_balanced|erm|test_rev|0.0|1.0,-0.0751246430127305,0.0,1.0,-0.0746889975313423,0.0,1.0,False,False,False,1.0,0.00043564548138820547
synthetic/isic2018/dermlip224_ruler_fixed_corr_main/location_interaction.csv,ui2e|erm|test_rev|0.0|1.0,0.0088581247882278,0.0,1.0,0.0091324200913241,0.0,1.0,False,False,False,1.0,0.0002742953030963006
synthetic/isic2018/dermlip224_ruler_fixed_corr_main/location_interaction.csv,ui2e_balanced|erm|test_rev|0.0|1.0,-0.098294528615454,0.0,1.0,-0.0979234232053826,0.0,1.0,False,False,False,1.0,0.00037110541007140396
synthetic/isic2018/dermlip224_ruler_fixed_corr_main/location_interaction.csv,umte|erm|test_rev|0.0|1.0,0.4212530454846153,0.0,1.0,0.4214466656985656,0.0,1.0,False,False,False,1.0,0.00019362021395030737
synthetic/isic2018/dermlip224_ruler_fixed_corr_main/location_interaction.csv,umte_balanced|erm|test_rev|0.0|1.0,-0.0266711844716588,0.0,1.0,-0.0264775642577084,0.0,1.0,False,False,False,1.0,0.00019362021395040105
synthetic/thyroid/dino518_caliper_corr_main/bootstrap_vs_erm.csv,0.0|mask|erm|test_rev,0.4018848774829635,0.3472078716774834,0.4577895720734443,0.4021748586341887,0.3150957054752784,0.4892603615520282,True,True,False,1.5749862359967053,0.00028998115122524926
synthetic/thyroid/dino518_caliper_corr_main/bootstrap_vs_erm.csv,0.25|mask|erm|test_rev,0.2440191387559809,0.1817377293305658,0.3094912414854547,0.2441061331013484,0.157349477055462,0.3339920185350259,True,True,False,1.3826824679810112,8.699434536749151e-05
synthetic/thyroid/dino518_caliper_corr_main/bootstrap_vs_erm.csv,0.5|mask|erm|test_rev,0.1018703784254023,0.0556608554099731,0.1479409485174852,0.1017253878497897,0.0279671717171717,0.1751946688203773,True,True,False,1.5954415751583204,-0.00014499057561259687
synthetic/thyroid/dino518_caliper_corr_main/bootstrap_vs_erm.csv,0.75|mask|erm|test_rev,0.0376395534290271,-0.0135343440626651,0.0879031558146567,0.0373495722778019,-0.040171987975178,0.1161469831888608,False,False,False,1.541037302310196,-0.0002899811512252007
synthetic/thyroid/dino518_caliper_corr_main/bootstrap_vs_erm.csv,1.0|mask|erm|test_rev,-0.0304480208786429,-0.0789667102690499,0.0161756488860932,-0.0304770189937654,-0.1047707285721597,0.0422933695348278,False,False,False,1.545726839368978,-2.899811512250064e-05
synthetic/thyroid/dino518_caliper_corr_main/bootstrap_vs_erm.csv,0.0|inpaint|erm|test_rev,0.3211831230969987,0.279830604383506,0.362298664745246,0.3212701174423662,0.2613512857517712,0.3831648349018959,True,True,False,1.4770997234056265,8.699434536751927e-05
synthetic/thyroid/dino518_caliper_corr_main/bootstrap_vs_erm.csv,0.25|inpaint|erm|test_rev,0.3918805277656952,0.3437107353367017,0.4388914404843836,0.3920545164564303,0.3256683303698554,0.4587081835861022,True,True,False,1.3977607437329118,0.00017398869073509404
synthetic/thyroid/dino518_caliper_corr_main/bootstrap_vs_erm.csv,0.5|inpaint|erm|test_rev,0.3890967087139336,0.3464829572552542,0.431027573858833,0.3889227200231984,0.3259138775070482,0.4521297013987213,True,True,False,1.4928901325969264,-0.00017398869073520506
synthetic/thyroid/dino518_caliper_corr_main/bootstrap_vs_erm.csv,0.75|inpaint|erm|test_rev,0.3977671451355662,0.3519908140935602,0.4434165863268504,0.3977091489053211,0.3316546072079926,0.4644147746231997,True,True,False,1.452108789154598,-5.799623024510536e-05
synthetic/thyroid/dino518_caliper_corr_main/bootstrap_vs_erm.csv,1.0|inpaint|erm|test_rev,0.4146440481368711,0.3659245356913229,0.462017847042183,0.4147310424822386,0.3481289323636459,0.4838025667138312,True,True,False,1.411894672406571,8.699434536746375e-05
synthetic/thyroid/dino518_caliper_corr_main/bootstrap_vs_erm.csv,0.0|balanced|erm|test_rev,0.2724952878062925,0.2330127386363251,0.313789735370468,0.2726982746121502,0.2197207019740867,0.3281696274486242,True,True,False,1.342571893722043,0.00020298680585767448
synthetic/thyroid/dino518_caliper_corr_main/bootstrap_vs_erm.csv,0.25|balanced|erm|test_rev,0.3219370740901841,0.2787856341134893,0.3675775646099538,0.3219660722053066,0.2649476568405139,0.3851088199414467,True,True,False,1.3532892283011837,2.8998115122469414e-05
synthetic/thyroid/dino518_caliper_corr_main/bootstrap_vs_erm.csv,0.5|balanced|erm|test_rev,0.3279106858054227,0.2867977797558458,0.370726784138967,0.3276787008844425,0.2712947626804117,0.3858513963860371,True,True,False,1.3649230626243876,-0.0002319849209801994
synthetic/thyroid/dino518_caliper_corr_main/bootstrap_vs_erm.csv,0.75|balanced|erm|test_rev,0.3278816876903002,0.2842167110716759,0.3736222941703076,0.3274757140785849,0.2686823612789813,0.3886460580088909,True,True,False,1.3417920064070978,-0.00040597361171529345
synthetic/thyroid/dino518_caliper_corr_main/bootstrap_vs_erm.csv,1.0|balanced|erm|test_rev,0.3486443381180223,0.3011467411961229,0.4013261581558869,0.3486153400028998,0.2859077314983281,0.4151005122431936,True,True,False,1.2896140211791651,-2.8998115122524926e-05
synthetic/thyroid/dino518_caliper_corr_main/bootstrap_vs_erm.csv,0.0|dfr|erm|test_rev,0.2991735537190083,0.2499713495690129,0.3514715743904157,0.2992895461794984,0.2284860868435627,0.3744242724522387,True,True,False,1.4378114518018565,0.0001159924604900997
synthetic/thyroid/dino518_caliper_corr_main/bootstrap_vs_erm.csv,0.25|dfr|erm|test_rev,0.3716398434101783,0.3071446888153296,0.4363517601913299,0.3716978396404234,0.2886271602006566,0.4564127321823091,True,True,False,1.2985788641040124,5.799623024510536e-05
synthetic/thyroid/dino518_caliper_corr_main/bootstrap_vs_erm.csv,0.5|dfr|erm|test_rev,0.3552849064810787,0.2963813691409421,0.4163734256371019,0.3548209366391184,0.2749021278096409,0.4368101794570815,True,True,False,1.3493230833377898,-0.0004639698419602878
synthetic/thyroid/dino518_caliper_corr_main/bootstrap_vs_erm.csv,0.75|dfr|erm|test_rev,0.3723068000579962,0.3104992980678898,0.4346136561983534,0.371900826446281,0.2894071703321297,0.4540882172012751,True,True,False,1.3268492811769599,-0.00040597361171523794
synthetic/thyroid/dino518_caliper_corr_main/bootstrap_vs_erm.csv,1.0|dfr|erm|test_rev,0.3840510366826156,0.318008554007351,0.4529193711479552,0.3841960272582281,0.2982158544352774,0.4716318972162113,True,True,False,1.2854124410216823,0.0001449905756125136
synthetic/thyroid/dino518_caliper_corr_main/bootstrap_vs_erm.csv,0.0|leace|erm|test_rev,0.3244599101058431,0.2825951011513944,0.3655710933996345,0.3243149195302305,0.2638422421048861,0.3863867187965126,True,True,False,1.4768666619256443,-0.00014499057561256912
synthetic/thyroid/dino518_caliper_corr_main/bootstrap_vs_erm.csv,0.25|leace|erm|test_rev,0.3969551979121357,0.3494277980199144,0.4436316433140124,0.3972451790633609,0.3330136098341839,0.4623151159659293,True,True,False,1.3725714245323524,0.00028998115122519375
synthetic/thyroid/dino518_caliper_corr_main/bootstrap_vs_erm.csv,0.5|leace|erm|test_rev,0.3971291866028708,0.3527854559876495,0.4408441949147524,0.3969551979121357,0.3351211017211197,0.4594337960837328,True,True,False,1.4117019602736085,-0.00017398869073509404
synthetic/thyroid/dino518_caliper_corr_main/bootstrap_vs_erm.csv,0.75|leace|erm|test_rev,0.400840945338553,0.3517754499742058,0.4482850625654883,0.4007539509931854,0.336038657090096,0.4666215911284852,True,True,False,1.3530562451991908,-8.699434536763029e-05
synthetic/thyroid/dino518_caliper_corr_main/bootstrap_vs_erm.csv,1.0|leace|erm|test_rev,0.4201536900101493,0.3698630178249667,0.4685421165303117,0.4202116862403943,0.3527296948893974,0.4876211118447253,True,True,False,1.366970500593166,5.799623024499434e-05
synthetic/thyroid/dino518_caliper_corr_main/bootstrap_vs_erm.csv,0.0|i2e|erm|test_rev,0.1977961432506887,0.1668082082730323,0.2296400554449935,0.1979121357111788,0.1495804864712662,0.2488399390039594,True,True,False,1.5797634002552112,0.0001159924604900997
synthetic/thyroid/dino518_caliper_corr_main/bootstrap_vs_erm.csv,0.25|i2e|erm|test_rev,0.1901696389734667,0.1558257147962654,0.2249447215938805,0.1910685805422648,0.1386553853997739,0.245542465153405,True,True,False,1.546420944192722,0.0008989415687981062
synthetic/thyroid/dino518_caliper_corr_main/bootstrap_vs_erm.csv,0.5|i2e|erm|test_rev,0.188110772799768,0.154637196051897,0.2225345220930075,0.187269827461215,0.1351399675457229,0.2415761825572801,True,True,False,1.567605400941889,-0.0008409453385530008
synthetic/thyroid/dino518_caliper_corr_main/bootstrap_vs_erm.csv,0.75|i2e|erm|test_rev,0.2083514571552849,0.1750851467310105,0.2426124767794683,0.2078584891982021,0.1559620227645814,0.2626133285952205,True,True,False,1.579379871144111,-0.0004929679570828127
synthetic/thyroid/dino518_caliper_corr_main/bootstrap_vs_erm.csv,1.0|i2e|erm|test_rev,0.2079454835435696,0.1716723492281855,0.2451896344950054,0.2073365231259968,0.1527206178160919,0.2628472913540888,True,True,False,1.4979698058532598,-0.0006089604175728014
synthetic/thyroid/dino518_caliper_corr_main/bootstrap_vs_erm.csv,0.0|i2e_balanced|erm|test_rev,0.3090329128606641,0.2693533967336123,0.3493411197103586,0.3092648977816442,0.2516676383756895,0.3689690838415048,True,True,False,1.4664931204494558,0.00023198492098008838
synthetic/thyroid/dino518_caliper_corr_main/bootstrap_vs_erm.csv,0.25|i2e_balanced|erm|test_rev,0.3619834710743801,0.3197120990702207,0.4049371014813979,0.3620704654197477,0.3025301526373788,0.4248772877805135,True,True,False,1.4355779604775807,8.699434536757478e-05
synthetic/thyroid/dino518_caliper_corr_main/bootstrap_vs_erm.csv,0.5|i2e_balanced|erm|test_rev,0.3638393504422212,0.3245080633110523,0.4040678554530174,0.363433376830506,0.3023975550964187,0.4243759633372355,True,True,False,1.533166502284982,-0.0004059736117151824
synthetic/thyroid/dino518_caliper_corr_main/bootstrap_vs_erm.csv,0.75|i2e_balanced|erm|test_rev,0.3673191242569233,0.3267802713096426,0.4104450010114479,0.3671451355661881,0.3065998569861866,0.4293819944537093,True,True,False,1.467549562463636,-0.00017398869073520506
synthetic/thyroid/dino518_caliper_corr_main/bootstrap_vs_erm.csv,1.0|i2e_balanced|erm|test_rev,0.3852689575177613,0.3441554873595338,0.4290596415467563,0.3853559518631289,0.3237157171504366,0.4508547168965632,True,True,False,1.4974414498703068,8.699434536757478e-05
synthetic/thyroid/dino518_caliper_corr_main/bootstrap_vs_erm.csv,0.0|i2e_rank1|erm|test_rev,0.0846454980426272,0.0680064270064572,0.1029336415229343,0.0850514716543424,0.0597432255600611,0.1131618289323388,True,True,False,1.5294263831739916,0.0004059736117151963
synthetic/thyroid/dino518_caliper_corr_main/bootstrap_vs_erm.csv,0.25|i2e_rank1|erm|test_rev,0.0786718863273887,0.0609358662177459,0.0980220161188443,0.0787298825576337,0.0509899372793723,0.1074698503968386,True,True,False,1.522938166083223,5.799623024500822e-05
synthetic/thyroid/dino518_caliper_corr_main/bootstrap_vs_erm.csv,0.5|i2e_rank1|erm|test_rev,0.0769319994200377,0.0593829451281293,0.09621400062243,0.0764100333478324,0.0482690431788633,0.1056816154560625,True,True,False,1.558808769031431,-0.000521966072205296
synthetic/thyroid/dino518_caliper_corr_main/bootstrap_vs_erm.csv,0.75|i2e_rank1|erm|test_rev,0.0873133246338988,0.069967038919334,0.1057596053290458,0.0871683340582862,0.0592502991039609,0.1168842261025902,True,True,False,1.610220578734224,-0.00014499057561261075
synthetic/thyroid/dino518_caliper_corr_main/bootstrap_vs_erm.csv,1.0|i2e_rank1|erm|test_rev,0.0914020588661736,0.0718567524134635,0.112406935244586,0.0914600550964187,0.0606740300198244,0.1237728747605363,True,True,False,1.556068070111959,5.799623024510536e-05
synthetic/thyroid/dino518_caliper_corr_main/bootstrap_vs_erm.csv,0.0|insert_aug|erm|test_rev,0.0793098448600841,0.0656594081125225,0.0938121352159054,0.079251848629839,0.0595992873486619,0.0996536055162642,True,True,False,1.422750912212312,-5.799623024510536e-05
synthetic/thyroid/dino518_caliper_corr_main/bootstrap_vs_erm.csv,0.25|insert_aug|erm|test_rev,0.0897781644193127,0.0736748590344659,0.1069617811905081,0.0897781644193127,0.0671174677344932,0.1134960244306833,True,True,False,1.393296637002875,0.0
synthetic/thyroid/dino518_caliper_corr_main/bootstrap_vs_erm.csv,0.5|insert_aug|erm|test_rev,0.0851094678845875,0.0693461094419102,0.1018579445257776,0.0846744961577497,0.0623570449861941,0.1083298387096774,True,True,False,1.4140325701361391,-0.0004349717268377906
synthetic/thyroid/dino518_caliper_corr_main/bootstrap_vs_erm.csv,0.75|insert_aug|erm|test_rev,0.0926489778164419,0.0760670353982783,0.1112650649333787,0.0923299985500942,0.0688263387013776,0.1171812362726422,True,True,False,1.3737955848648806,-0.0003189792663476909
synthetic/thyroid/dino518_caliper_corr_main/bootstrap_vs_erm.csv,1.0|insert_aug|erm|test_rev,0.1000724952878063,0.080485264442546,0.1206143128650739,0.0999855009424387,0.0740516001939518,0.1279806346291195,True,True,False,1.3438901881583782,-8.699434536760253e-05
synthetic/thyroid/dino518_caliper_corr_main/bootstrap_vs_erm.csv,0.0|mte|erm|test_rev,0.4080614760040597,0.3535336429189598,0.4612532728743864,0.4082644628099173,0.3221637237610401,0.4922466299740993,True,True,False,1.5789406841022193,0.00020298680585761897
synthetic/thyroid/dino518_caliper_corr_main/bootstrap_vs_erm.csv,0.25|mte|erm|test_rev,0.3666521676091054,0.312907883588176,0.4211017049203863,0.3933304335218211,0.3083293158861341,0.4764039731957791,True,True,False,1.5534589243647283,0.026678265912715715
synthetic/thyroid/dino518_caliper_corr_main/bootstrap_vs_erm.csv,0.5|mte|erm|test_rev,0.3210091344062636,0.2717415872284593,0.3695410405105644,0.320864143830651,0.2396898381489585,0.4020895127311474,True,True,False,1.6605376526363882,-0.00014499057561262463
synthetic/thyroid/dino518_caliper_corr_main/bootstrap_vs_erm.csv,0.75|mte|erm|test_rev,0.2832825866318689,0.2333299620396975,0.332500685919933,0.2837755545889517,0.2023553943268141,0.3658108711782942,True,True,False,1.648223088992259,0.0004929679570828127
synthetic/thyroid/dino518_caliper_corr_main/bootstrap_vs_erm.csv,1.0|mte|erm|test_rev,0.2257213281136726,0.1736695246264958,0.278206336447256,0.2262432941858778,0.1430443937493348,0.3128325286256821,True,True,False,1.624194691985323,0.0005219660722051989
synthetic/thyroid/dino518_caliper_corr_main/bootstrap_vs_erm.csv,0.0|mte_balanced|erm|test_rev,0.3900536465129767,0.3386818928981533,0.4395478358016155,0.3905176163549369,0.3053053150587387,0.4714055230559515,True,True,False,1.6467422324717245,0.0004639698419602323
synthetic/thyroid/dino518_caliper_corr_main/bootstrap_vs_erm.csv,0.25|mte_balanced|erm|test_rev,0.4384225025373351,0.3862235697995351,0.4910882245293235,0.4388284761490502,0.3551569957819956,0.5211332388430754,True,True,False,1.582766314243456,0.0004059736117150714
synthetic/thyroid/dino518_caliper_corr_main/bootstrap_vs_erm.csv,0.5|mte_balanced|erm|test_rev,0.4438451500652458,0.3927904424563693,0.4967579417390597,0.4433811802232855,0.3599846680613774,0.5253706297445826,True,True,False,1.5907467509006479,-0.0004639698419602878
synthetic/thyroid/dino518_caliper_corr_main/bootstrap_vs_erm.csv,0.75|mte_balanced|erm|test_rev,0.4568943018703784,0.4017404661497206,0.5131431478086692,0.4568653037552559,0.3729719526367932,0.5379951935952504,True,True,False,1.4813219798753505,-2.8998115122469414e-05
synthetic/thyroid/dino518_caliper_corr_main/bootstrap_vs_erm.csv,1.0|mte_balanced|erm|test_rev,0.4706394084384515,0.4124205446633068,0.5274672215232223,0.470784399014064,0.3838196775506052,0.5569653060301428,True,True,False,1.5050033013153887,0.0001449905756125136
synthetic/thyroid/dino518_caliper_corr_main/bootstrap_vs_erm.csv,0.0|ui2e|erm|test_rev,0.2069305495142816,0.1765951216745727,0.2379955749929971,0.2073655212411193,0.1592410197038047,0.2572378406913992,True,True,False,1.5960276462354501,0.0004349717268376796
synthetic/thyroid/dino518_caliper_corr_main/bootstrap_vs_erm.csv,0.25|ui2e|erm|test_rev,0.2224735392199507,0.1864031855244065,0.2606017610999695,0.2223865448745831,0.1684119358613957,0.2786059207626674,True,True,False,1.4851226461760216,-8.699434536760253e-05
synthetic/thyroid/dino518_caliper_corr_main/bootstrap_vs_erm.csv,0.5|ui2e|erm|test_rev,0.2135421197622155,0.1786946784108438,0.2483239404448838,0.2130201536900101,0.1593435524178205,0.2683943534556548,True,True,False,1.5661633895318627,-0.0005219660722053932
synthetic/thyroid/dino518_caliper_corr_main/bootstrap_vs_erm.csv,0.75|ui2e|erm|test_rev,0.2329128606640568,0.1982281294095683,0.2692255367209001,0.2327098738581992,0.1795051102290107,0.2860931756007867,True,True,False,1.5012951797574106,-0.00020298680585761897
synthetic/thyroid/dino518_caliper_corr_main/bootstrap_vs_erm.csv,1.0|ui2e|erm|test_rev,0.2277221980571262,0.1899584563064456,0.2656737925587929,0.2278091924024937,0.1714100837243673,0.284502726009634,True,True,False,1.4936556830223493,8.699434536749151e-05
synthetic/thyroid/dino518_caliper_corr_main/bootstrap_vs_erm.csv,0.0|ui2e_balanced|erm|test_rev,0.2954617949833261,0.2586233484988844,0.3338230393870793,0.2956067855589386,0.2396121269028199,0.35291260936846,True,True,False,1.5066615451131644,0.0001449905756125136
synthetic/thyroid/dino518_caliper_corr_main/bootstrap_vs_erm.csv,0.25|ui2e_balanced|erm|test_rev,0.3548789328693635,0.3138586844448626,0.3958595263782039,0.3548789328693635,0.2950892530088958,0.4138903967627319,True,True,False,1.4487795607075582,0.0
synthetic/thyroid/dino518_caliper_corr_main/bootstrap_vs_erm.csv,0.5|ui2e_balanced|erm|test_rev,0.3576917500362476,0.3187461815348419,0.3970236722212513,0.3574017688850224,0.2981251602564103,0.4169646852002742,True,True,False,1.5181826078195548,-0.00028998115122519375
synthetic/thyroid/dino518_caliper_corr_main/bootstrap_vs_erm.csv,0.75|ui2e_balanced|erm|test_rev,0.3626794258373205,0.3207286451592758,0.4047180294990141,0.3622734522256053,0.3028602083923346,0.423113323203276,True,True,False,1.4317656422449272,-0.0004059736117151824
synthetic/thyroid/dino518_caliper_corr_main/bootstrap_vs_erm.csv,1.0|ui2e_balanced|erm|test_rev,0.3804842685225461,0.3388616673655292,0.4228972479487884,0.380484268522546,0.3196220624399838,0.4435394818061266,True,True,False,1.4745827720363067,-5.551115123125783e-17
synthetic/thyroid/dino518_caliper_corr_main/bootstrap_vs_erm.csv,0.0|umte|erm|test_rev,0.4035377700449471,0.3505417219356447,0.456756641659575,0.4040017398869073,0.3200496674948667,0.4865602080702298,True,True,False,1.5676756241792662,0.00046396984196017677
synthetic/thyroid/dino518_caliper_corr_main/bootstrap_vs_erm.csv,0.25|umte|erm|test_rev,0.3821371610845295,0.3274711091075721,0.435494745135822,0.3823981441206321,0.2999868772121276,0.4662423510073885,True,True,False,1.5390657073585496,0.0002609830361026133
synthetic/thyroid/dino518_caliper_corr_main/bootstrap_vs_erm.csv,0.5|umte|erm|test_rev,0.3291286066405683,0.2811377446933435,0.3778763464348264,0.3286646367986081,0.2454117498814041,0.4100740540026963,True,True,False,1.702136491090946,-0.0004639698419602323
synthetic/thyroid/dino518_caliper_corr_main/bootstrap_vs_erm.csv,0.75|umte|erm|test_rev,0.3103668261562998,0.2615768896923402,0.3612705951158578,0.3105698129621574,0.2289882672367192,0.3918162528038296,True,True,False,1.6332825114222262,0.00020298680585761897
synthetic/thyroid/dino518_caliper_corr_main/bootstrap_vs_erm.csv,1.0|umte|erm|test_rev,0.2476439031462955,0.1958589697978971,0.2990572870669263,0.247788893721908,0.1648879761853061,0.3339628050051002,True,True,False,1.6383486988361495,0.00014499057561248585
synthetic/thyroid/dino518_caliper_corr_main/bootstrap_vs_erm.csv,0.0|umte_balanced|erm|test_rev,0.3861678990865595,0.3348222410249004,0.4363801192312891,0.3866608670436422,0.3041361762942746,0.4690785984987564,True,True,False,1.624122373542319,0.0004929679570827017
synthetic/thyroid/dino518_caliper_corr_main/bootstrap_vs_erm.csv,0.25|umte_balanced|erm|test_rev,0.4293750906191099,0.3797177865072965,0.4789001277437179,0.4296070755400898,0.3501438028117242,0.5076313062432627,True,True,False,1.5878582968326471,0.00023198492097992185
synthetic/thyroid/dino518_caliper_corr_main/bootstrap_vs_erm.csv,0.5|umte_balanced|erm|test_rev,0.4226765260258083,0.3723663716989133,0.4729564150463386,0.4225605335653182,0.3417745735948291,0.5042853681111257,True,True,False,1.61557535028596,-0.0001159924604900997
synthetic/thyroid/dino518_caliper_corr_main/bootstrap_vs_erm.csv,0.75|umte_balanced|erm|test_rev,0.439263447875888,0.3878563805793982,0.4889768055509756,0.4391764535305205,0.359354911683973,0.5211369709124376,True,True,False,1.5998949695270541,-8.699434536751927e-05
synthetic/thyroid/dino518_caliper_corr_main/bootstrap_vs_erm.csv,1.0|umte_balanced|erm|test_rev,0.4401333913295636,0.375098327223853,0.5037246613976747,0.4399884007539509,0.3482641699151048,0.531072076444697,True,True,False,1.4212323448676631,-0.00014499057561268014
synthetic/thyroid/dino518_caliper_corr_main/location_interaction.csv,mask|erm|test_rev|0.0|1.0,0.4323328983616064,0.0,1.0,0.4326518776279542,0.0,1.0,False,False,False,1.0,0.0003189792663478297
synthetic/thyroid/dino518_caliper_corr_main/location_interaction.csv,inpaint|erm|test_rev|0.0|1.0,-0.0934609250398724,0.0,1.0,-0.0934609250398724,0.0,1.0,False,False,False,1.0,0.0
synthetic/thyroid/dino518_caliper_corr_main/location_interaction.csv,balanced|erm|test_rev|0.0|1.0,-0.0761490503117298,0.0,1.0,-0.0759170653907495,0.0,1.0,False,False,False,1.0,0.00023198492098031043
synthetic/thyroid/dino518_caliper_corr_main/location_interaction.csv,dfr|erm|test_rev|0.0|1.0,-0.0848774829636073,0.0,1.0,-0.0849064810787297,0.0,1.0,False,False,False,1.0,-2.8998115122400026e-05
synthetic/thyroid/dino518_caliper_corr_main/location_interaction.csv,leace|erm|test_rev|0.0|1.0,-0.0956937799043062,0.0,1.0,-0.0958967667101638,0.0,1.0,False,False,False,1.0,-0.0002029868058575912
synthetic/thyroid/dino518_caliper_corr_main/location_interaction.csv,i2e|erm|test_rev|0.0|1.0,-0.0101493402928809,0.0,1.0,-0.0094243874148179,0.0,1.0,False,False,False,1.0,0.000724952878063
synthetic/thyroid/dino518_caliper_corr_main/location_interaction.csv,i2e_balanced|erm|test_rev|0.0|1.0,-0.0762360446570971,0.0,1.0,-0.0760910540814846,0.0,1.0,False,False,False,1.0,0.00014499057561249973
synthetic/thyroid/dino518_caliper_corr_main/location_interaction.csv,i2e_rank1|erm|test_rev|0.0|1.0,-0.0067565608235464,0.0,1.0,-0.0064085834420762,0.0,1.0,False,False,False,1.0,0.00034797738147020023
synthetic/thyroid/dino518_caliper_corr_main/location_interaction.csv,insert_aug|erm|test_rev|0.0|1.0,-0.0207626504277221,0.0,1.0,-0.0207336523125996,0.0,1.0,False,False,False,1.0,2.899811512250064e-05
synthetic/thyroid/dino518_caliper_corr_main/location_interaction.csv,mte|erm|test_rev|0.0|1.0,0.1823401478903871,0.0,1.0,0.1820211686240394,0.0,1.0,False,False,False,1.0,-0.00031897926634771867
synthetic/thyroid/dino518_caliper_corr_main/location_interaction.csv,mte_balanced|erm|test_rev|0.0|1.0,-0.0805857619254748,0.0,1.0,-0.0802667826591271,0.0,1.0,False,False,False,1.0,0.0003189792663477048
synthetic/thyroid/dino518_caliper_corr_main/location_interaction.csv,ui2e|erm|test_rev|0.0|1.0,-0.0207916485428446,0.0,1.0,-0.0204436711613744,0.0,1.0,False,False,False,1.0,0.0003479773814701985
synthetic/thyroid/dino518_caliper_corr_main/location_interaction.csv,ui2e_balanced|erm|test_rev|0.0|1.0,-0.0850224735392199,0.0,1.0,-0.0848774829636073,0.0,1.0,False,False,False,1.0,0.00014499057561261075
synthetic/thyroid/dino518_caliper_corr_main/location_interaction.csv,umte|erm|test_rev|0.0|1.0,0.1558938668986515,0.0,1.0,0.1562128461649992,0.0,1.0,False,False,False,1.0,0.0003189792663476909
synthetic/thyroid/dino518_caliper_corr_main/location_interaction.csv,umte_balanced|erm|test_rev|0.0|1.0,-0.0539654922430041,0.0,1.0,-0.0533275337103087,0.0,1.0,False,False,False,1.0,0.0006379585326954026
synthetic/thyroid/medsiglip448_caliper_corr_main/bootstrap_vs_erm.csv,0.0|mask|erm|test_rev,0.5143105698129622,0.4541714502832376,0.5731177643966392,0.5142235754675946,0.4299652860601695,0.5997204435871051,True,True,False,1.4271577794759878,-8.699434536763029e-05
synthetic/thyroid/medsiglip448_caliper_corr_main/bootstrap_vs_erm.csv,0.25|mask|erm|test_rev,0.1823401478903871,0.1416146955018083,0.2237336450111575,0.1822531535450195,0.1205365726883661,0.2479573259852809,True,True,False,1.551660780590088,-8.699434536760253e-05
synthetic/thyroid/medsiglip448_caliper_corr_main/bootstrap_vs_erm.csv,0.5|mask|erm|test_rev,0.1120197187182833,0.0736543581866908,0.152730683815209,0.1122227055241409,0.0550604734219731,0.1707630184842298,True,True,False,1.4631755350621602,0.0002029868058576051
synthetic/thyroid/medsiglip448_caliper_corr_main/bootstrap_vs_erm.csv,0.75|mask|erm|test_rev,0.0683195592286501,0.0287642281468872,0.111256350780287,0.0685515441496302,0.0135701005053523,0.1282193477506563,True,True,False,1.3898205499549634,0.00023198492098010226
synthetic/thyroid/medsiglip448_caliper_corr_main/bootstrap_vs_erm.csv,1.0|mask|erm|test_rev,0.0438161519501232,0.001382070523603,0.089007557149843,0.0441931274467159,-0.0114600582831851,0.1042094557998873,True,False,True,1.3200441850491753,0.00037697549659269913
synthetic/thyroid/medsiglip448_caliper_corr_main/bootstrap_vs_erm.csv,0.0|inpaint|erm|test_rev,0.457155284906481,0.4033843058814547,0.5087547081944757,0.4572422792518485,0.3880475513863019,0.5271382068866556,True,True,False,1.3200163655744699,8.699434536751927e-05
synthetic/thyroid/medsiglip448_caliper_corr_main/bootstrap_vs_erm.csv,0.25|inpaint|erm|test_rev,0.4916340437871538,0.4355072885402134,0.5435233556711946,0.492040017398869,0.4183879019950867,0.565934203517466,True,True,False,1.365966244109439,0.0004059736117151824
synthetic/thyroid/medsiglip448_caliper_corr_main/bootstrap_vs_erm.csv,0.5|inpaint|erm|test_rev,0.5055531390459621,0.4509169942934118,0.5562444314297491,0.505495142815717,0.4322884554080408,0.5754858225598349,True,True,False,1.359544778123078,-5.7996230245160874e-05
synthetic/thyroid/medsiglip448_caliper_corr_main/bootstrap_vs_erm.csv,0.75|inpaint|erm|test_rev,0.5067420617659852,0.4541475552571675,0.5581612156137723,0.5072640278381905,0.4357453993426751,0.5782404743325241,True,True,False,1.369965007493371,0.0005219660722052266
synthetic/thyroid/medsiglip448_caliper_corr_main/bootstrap_vs_erm.csv,1.0|inpaint|erm|test_rev,0.5157894736842105,0.4569657237916485,0.5707805432798675,0.5160504567203131,0.4421252213641465,0.588873909661188,True,True,False,1.2893636255534504,0.0002609830361026688
synthetic/thyroid/medsiglip448_caliper_corr_main/bootstrap_vs_erm.csv,0.0|balanced|erm|test_rev,0.3815571987820791,0.3404241627523142,0.4223405917253959,0.3812672176308539,0.3237747030925388,0.4416863865800036,True,True,False,1.4394143514997626,-0.00028998115122519375
synthetic/thyroid/medsiglip448_caliper_corr_main/bootstrap_vs_erm.csv,0.25|balanced|erm|test_rev,0.4020878642888212,0.358480176606187,0.4445704420623283,0.4018558793678411,0.3402045037499853,0.4639202511163218,True,True,False,1.437046879932824,-0.00023198492098008838
synthetic/thyroid/medsiglip448_caliper_corr_main/bootstrap_vs_erm.csv,0.5|balanced|erm|test_rev,0.4249673771204872,0.3821016410033532,0.4687150801822327,0.4248803827751196,0.3616373587324794,0.486160071720174,True,True,False,1.4376835069500307,-8.699434536763029e-05
synthetic/thyroid/medsiglip448_caliper_corr_main/bootstrap_vs_erm.csv,0.75|balanced|erm|test_rev,0.4073655212411193,0.3673143663693761,0.446085473212819,0.4073655212411193,0.3509219105976699,0.4671666079387349,True,True,False,1.4757276112940827,0.0
synthetic/thyroid/medsiglip448_caliper_corr_main/bootstrap_vs_erm.csv,1.0|balanced|erm|test_rev,0.4332318399304045,0.3916164447190042,0.4763385682239011,0.4334928229665071,0.3732900238948626,0.4944266215406099,True,True,False,1.4298106873908287,0.0002609830361026133
synthetic/thyroid/medsiglip448_caliper_corr_main/bootstrap_vs_erm.csv,0.0|dfr|erm|test_rev,0.4369435986660866,0.3900009042650721,0.483992607488318,0.4368566043207191,0.3699375218837535,0.504932484562894,True,True,False,1.4362433922333018,-8.699434536751927e-05
synthetic/thyroid/medsiglip448_caliper_corr_main/bootstrap_vs_erm.csv,0.25|dfr|erm|test_rev,0.4501667391619544,0.3986892118779359,0.5035652315307212,0.4499927504712193,0.3807736946999762,0.5233959677419353,True,True,False,1.3599131003840623,-0.00017398869073509404
synthetic/thyroid/medsiglip448_caliper_corr_main/bootstrap_vs_erm.csv,0.5|dfr|erm|test_rev,0.4661157024793388,0.4151077531730762,0.5190798385995599,0.4657677250978686,0.3948750574597173,0.5379288360187608,True,True,False,1.3758864023189539,-0.0003479773814701881
synthetic/thyroid/medsiglip448_caliper_corr_main/bootstrap_vs_erm.csv,0.75|dfr|erm|test_rev,0.4653037552559083,0.4147702195474287,0.520360911566084,0.465564738292011,0.3952518467378067,0.540265383355481,True,True,False,1.3733553009772297,0.00026098303610272433
synthetic/thyroid/medsiglip448_caliper_corr_main/bootstrap_vs_erm.csv,1.0|dfr|erm|test_rev,0.4835725677830941,0.4281720236878191,0.5430388403115898,0.4836885602435841,0.4093272738291121,0.5610821531371887,True,True,False,1.321137677255628,0.00011599246048998868
synthetic/thyroid/medsiglip448_caliper_corr_main/bootstrap_vs_erm.csv,0.0|leace|erm|test_rev,0.4600260983036102,0.406683812983016,0.5107627081725111,0.4601710888792228,0.388897341859741,0.531248267457372,True,True,False,1.3677213361888056,0.00014499057561262463
synthetic/thyroid/medsiglip448_caliper_corr_main/bootstrap_vs_erm.csv,0.25|leace|erm|test_rev,0.491982021168624,0.4362750230080981,0.5439803117666879,0.4916630419022763,0.4207784731873634,0.5629802608722798,True,True,False,1.320286026098931,-0.00031897926634771867
synthetic/thyroid/medsiglip448_caliper_corr_main/bootstrap_vs_erm.csv,0.5|leace|erm|test_rev,0.511207771494853,0.4591848916049694,0.5612017134223193,0.5112657677250979,0.4427091704671514,0.5820135592519988,True,True,False,1.365504103178757,5.799623024493883e-05
synthetic/thyroid/medsiglip448_caliper_corr_main/bootstrap_vs_erm.csv,0.75|leace|erm|test_rev,0.504828186167899,0.4546988040087097,0.5540712817099643,0.5053501522401044,0.4352313794823366,0.5727129576992054,True,True,False,1.3834975377204772,0.0005219660722053376
synthetic/thyroid/medsiglip448_caliper_corr_main/bootstrap_vs_erm.csv,1.0|leace|erm|test_rev,0.5168334058286211,0.4594658091758852,0.569347816749935,0.5171523850949687,0.4416544709205147,0.5866697083977063,True,True,False,1.3197359665954906,0.00031897926634760765
synthetic/thyroid/medsiglip448_caliper_corr_main/bootstrap_vs_erm.csv,0.0|i2e|erm|test_rev,0.0182978106423082,-0.0015566299988078,0.0389352935976065,0.0181238219515731,-0.0093692626354479,0.0473291460908073,False,False,False,1.4002399414602285,-0.00017398869073510098
synthetic/thyroid/medsiglip448_caliper_corr_main/bootstrap_vs_erm.csv,0.25|i2e|erm|test_rev,-0.0028128171668841,-0.018479189409482,0.0133528148620667,-0.0020878642888212,-0.0253062575497488,0.0212266717472785,False,False,False,1.4618284447334728,0.0007249528780628998
synthetic/thyroid/medsiglip448_caliper_corr_main/bootstrap_vs_erm.csv,0.5|i2e|erm|test_rev,0.0039727417717848,-0.0172354057574435,0.024521311483885,0.0045237059591126,-0.0245654977797834,0.0323370596229856,False,False,False,1.3627162564984872,0.0005509641873278001
synthetic/thyroid/medsiglip448_caliper_corr_main/bootstrap_vs_erm.csv,0.75|i2e|erm|test_rev,-0.0109032912860664,-0.0295709181322055,0.007439654239716,-0.0106133101348412,-0.03744645563433,0.0158566642296184,False,False,False,1.4402133349439208,0.0002899811512252007
synthetic/thyroid/medsiglip448_caliper_corr_main/bootstrap_vs_erm.csv,1.0|i2e|erm|test_rev,-0.0116282441641293,-0.0278029757753749,0.0042884109111581,-0.0110482818616789,-0.0344793215246188,0.0117079478803296,False,False,False,1.4392419329243467,0.0005799623024503996
synthetic/thyroid/medsiglip448_caliper_corr_main/bootstrap_vs_erm.csv,0.0|i2e_balanced|erm|test_rev,0.4048426852254603,0.3644598102622072,0.4463222548960023,0.40414673046252,0.3441421546911737,0.465390980316858,True,True,False,1.4811288151493753,-0.0006959547629403207
synthetic/thyroid/medsiglip448_caliper_corr_main/bootstrap_vs_erm.csv,0.25|i2e_balanced|erm|test_rev,0.4265912715673481,0.3842671318234849,0.4697311000608072,0.4260983036102653,0.3644762524965488,0.4887349533331349,True,True,False,1.4539308599799137,-0.0004929679570828127
synthetic/thyroid/medsiglip448_caliper_corr_main/bootstrap_vs_erm.csv,0.5|i2e_balanced|erm|test_rev,0.4503117297375671,0.4057041204210187,0.4955356977180419,0.4503697259678121,0.3866095552439515,0.515442926749953,True,True,False,1.4341657508697745,5.799623024499434e-05
synthetic/thyroid/medsiglip448_caliper_corr_main/bootstrap_vs_erm.csv,0.75|i2e_balanced|erm|test_rev,0.4259533130346527,0.3829935953684305,0.4691756688192275,0.4253153545019574,0.3629660462131328,0.4877726375041054,True,True,False,1.4481734575836938,-0.0006379585326953263
synthetic/thyroid/medsiglip448_caliper_corr_main/bootstrap_vs_erm.csv,1.0|i2e_balanced|erm|test_rev,0.4514716543424678,0.4068177625913087,0.4966700091351,0.4520226185297956,0.3885622138477049,0.5185185185185185,True,True,False,1.4463333936506169,0.000550964187327807
synthetic/thyroid/medsiglip448_caliper_corr_main/bootstrap_vs_erm.csv,0.0|i2e_rank1|erm|test_rev,-0.0037407568508046,-0.0145118426673921,0.0068245857360895,-0.0039437436566623,-0.0211902621992138,0.0128093706232493,False,False,False,1.5935016010887353,-0.00020298680585769963
synthetic/thyroid/medsiglip448_caliper_corr_main/bootstrap_vs_erm.csv,0.25|i2e_rank1|erm|test_rev,0.0016238944468609,-0.0056159692997376,0.0087270552679662,0.0017688850224735,-0.0098471850303622,0.0132949584802388,False,False,False,1.6134772273004525,0.00014499057561260013
synthetic/thyroid/medsiglip448_caliper_corr_main/bootstrap_vs_erm.csv,0.5|i2e_rank1|erm|test_rev,0.0054516456430332,-0.0017502069559107,0.0127728271600166,0.005219660722053,-0.0058885818566942,0.0160972989715931,False,False,False,1.5138627818945596,-0.00023198492098020027
synthetic/thyroid/medsiglip448_caliper_corr_main/bootstrap_vs_erm.csv,0.75|i2e_rank1|erm|test_rev,0.0101203421777584,0.0020617168774956,0.0188930957171815,0.010323328983616,-0.0017544602893035,0.0233183419923715,True,False,True,1.489646363526501,0.00020298680585760162
synthetic/thyroid/medsiglip448_caliper_corr_main/bootstrap_vs_erm.csv,1.0|i2e_rank1|erm|test_rev,0.0047556908800927,-0.0015657880309478,0.0111155461018627,0.0044657097288676,-0.0059899093581588,0.0146669200346063,False,False,False,1.628916104285869,-0.00028998115122510007
synthetic/thyroid/medsiglip448_caliper_corr_main/bootstrap_vs_erm.csv,0.0|insert_aug|erm|test_rev,0.0644048136871103,0.0448481610226067,0.083840923168122,0.0642308249963752,0.040757693386963,0.0892091480653441,True,True,False,1.2425755964034384,-0.00017398869073510792
synthetic/thyroid/medsiglip448_caliper_corr_main/bootstrap_vs_erm.csv,0.25|insert_aug|erm|test_rev,0.0701754385964911,0.0484529986928814,0.0918730627731048,0.0705524140930839,0.0451386716940042,0.0982010441197572,True,True,False,1.2220703389040233,0.0003769754965927963
synthetic/thyroid/medsiglip448_caliper_corr_main/bootstrap_vs_erm.csv,0.5|insert_aug|erm|test_rev,0.0752211106278092,0.0535293133356908,0.0986396079942984,0.0751921125126866,0.0492110116135714,0.1063905206515064,True,True,False,1.2675490034074617,-2.8998115122594315e-05
synthetic/thyroid/medsiglip448_caliper_corr_main/bootstrap_vs_erm.csv,0.75|insert_aug|erm|test_rev,0.0684645498042627,0.0501203988619641,0.0868802419494097,0.0689285196462229,0.0463630059781693,0.0949548323255538,True,True,False,1.3218725181114772,0.0004639698419602045
synthetic/thyroid/medsiglip448_caliper_corr_main/bootstrap_vs_erm.csv,1.0|insert_aug|erm|test_rev,0.0704364216325938,0.046721561480762,0.0938812788068953,0.0703494272872263,0.043402699291742,0.1006518758065023,True,True,False,1.213942316889927,-8.699434536749151e-05
synthetic/thyroid/medsiglip448_caliper_corr_main/bootstrap_vs_erm.csv,0.0|mte|erm|test_rev,0.5137016093953891,0.4538740090688456,0.5715055335574255,0.513353632013919,0.430812327868804,0.5953474842296482,True,True,False,1.3987335204247726,-0.00034797738147007706
synthetic/thyroid/medsiglip448_caliper_corr_main/bootstrap_vs_erm.csv,0.25|mte|erm|test_rev,0.1424677395969261,0.1037480299637726,0.1815570363269279,0.1419457735247209,0.0802157164335127,0.2058288605497343,True,True,False,1.614377949127787,-0.0005219660722051989
synthetic/thyroid/medsiglip448_caliper_corr_main/bootstrap_vs_erm.csv,0.5|mte|erm|test_rev,0.0547194432361896,0.0180507632960149,0.0923604757806707,0.0546904451210671,0.0010748671018926,0.1106181742634277,True,True,False,1.47414521599925,-2.899811512250411e-05
synthetic/thyroid/medsiglip448_caliper_corr_main/bootstrap_vs_erm.csv,0.75|mte|erm|test_rev,0.0025228360156589,-0.0289966356177025,0.0370111715845405,0.0027258228215166,-0.0453374792336503,0.0513527679008515,False,False,False,1.464830468284609,0.00020298680585770007
synthetic/thyroid/medsiglip448_caliper_corr_main/bootstrap_vs_erm.csv,1.0|mte|erm|test_rev,-0.0208496447730897,-0.0501192847563124,0.0110012849674636,-0.020472669276497,-0.0640005291005291,0.0251326688851088,False,False,False,1.458317525318566,0.00037697549659269913
synthetic/thyroid/medsiglip448_caliper_corr_main/bootstrap_vs_erm.csv,0.0|mte_balanced|erm|test_rev,0.503871248368856,0.4504775913999864,0.5577072949397441,0.5044222125561839,0.4259003155837014,0.5808829507628736,True,True,False,1.4453330566348994,0.0005509641873279181
synthetic/thyroid/medsiglip448_caliper_corr_main/bootstrap_vs_erm.csv,0.25|mte_balanced|erm|test_rev,0.485979411338263,0.4351664565552613,0.5362627154912734,0.4869073510221835,0.4121362573151327,0.5612601348391567,True,True,False,1.4750682081956228,0.0009279396839205201
synthetic/thyroid/medsiglip448_caliper_corr_main/bootstrap_vs_erm.csv,0.5|mte_balanced|erm|test_rev,0.5195592286501377,0.4676447225857553,0.5692745811417471,0.5204871683340583,0.4463379421407893,0.5934872384719839,True,True,False,1.4478943336334997,0.0009279396839205756
synthetic/thyroid/medsiglip448_caliper_corr_main/bootstrap_vs_erm.csv,0.75|mte_balanced|erm|test_rev,0.4986515876468029,0.4484622384492133,0.5485669098607688,0.499608525445846,0.4277236355459963,0.5729127905403576,True,True,False,1.4503734236082957,0.0009569377990431005
synthetic/thyroid/medsiglip448_caliper_corr_main/bootstrap_vs_erm.csv,1.0|mte_balanced|erm|test_rev,0.5112657677250979,0.4588081806754269,0.563405867469141,0.512222705524141,0.4378445370852875,0.5869212982843499,True,True,False,1.4252395609194421,0.000956937799043045
synthetic/thyroid/medsiglip448_caliper_corr_main/bootstrap_vs_erm.csv,0.0|ui2e|erm|test_rev,0.0020298680585761,-0.0199074511038263,0.0242167937189176,0.0020008699434536,-0.0328975865750872,0.0377401433957327,False,False,False,1.6008824684611846,-2.8998115122499772e-05
synthetic/thyroid/medsiglip448_caliper_corr_main/bootstrap_vs_erm.csv,0.25|ui2e|erm|test_rev,-0.0260983036102653,-0.0474483155749525,-0.0056386443343219,-0.0259823111497752,-0.0570800046810582,0.0043247816417958,True,False,True,1.4686742205994885,0.0001159924604900997
synthetic/thyroid/medsiglip448_caliper_corr_main/bootstrap_vs_erm.csv,0.5|ui2e|erm|test_rev,-0.014586051906626,-0.0358136321570829,0.0070790129244407,-0.0141800782949108,-0.0452843175322108,0.0176682922285978,False,False,False,1.4676784246147137,0.00040597361171519977
synthetic/thyroid/medsiglip448_caliper_corr_main/bootstrap_vs_erm.csv,0.75|ui2e|erm|test_rev,-0.0054516456430332,-0.0436517220567432,0.0443434594777758,-0.0269392489488183,-0.0580523445063432,0.0030791276232404,False,False,False,0.6947138589128631,-0.0214876033057851
synthetic/thyroid/medsiglip448_caliper_corr_main/bootstrap_vs_erm.csv,1.0|ui2e|erm|test_rev,-0.0240104393214441,-0.0468761736217646,-0.0021801236060213,-0.0233144845585037,-0.0550652260374802,0.0077795197814471,True,False,True,1.4060469727591471,0.000695954762940397
synthetic/thyroid/medsiglip448_caliper_corr_main/bootstrap_vs_erm.csv,0.0|ui2e_balanced|erm|test_rev,0.3899376540524865,0.348234422440819,0.435136301761713,0.3899376540524866,0.3286852612886115,0.4518511166693725,True,True,False,1.4172979496330411,1.1102230246251565e-16
synthetic/thyroid/medsiglip448_caliper_corr_main/bootstrap_vs_erm.csv,0.25|ui2e_balanced|erm|test_rev,0.412005219660722,0.3672226303595969,0.4574774093166019,0.4114252573582717,0.348312170263977,0.4757787741027403,True,True,False,1.4122975571131253,-0.000579962302450332
synthetic/thyroid/medsiglip448_caliper_corr_main/bootstrap_vs_erm.csv,0.5|ui2e_balanced|erm|test_rev,0.441670291431057,0.3936784845514498,0.491215246574699,0.4412933159344642,0.3749143706684552,0.5093712181544203,True,True,False,1.3785248217888921,-0.00037697549659282403
synthetic/thyroid/medsiglip448_caliper_corr_main/bootstrap_vs_erm.csv,0.75|ui2e_balanced|erm|test_rev,0.4215455995360302,0.3765266973512886,0.4681855882952549,0.4215166014209076,0.3591306771195657,0.4887888364096633,True,True,False,1.414572639432887,-2.8998115122635948e-05
synthetic/thyroid/medsiglip448_caliper_corr_main/bootstrap_vs_erm.csv,1.0|ui2e_balanced|erm|test_rev,0.4432361896476728,0.3958564147992255,0.4924905448002625,0.444077134986226,0.380158702870162,0.5114889744703691,True,True,False,1.3590464528298416,0.0008409453385531673
synthetic/thyroid/medsiglip448_caliper_corr_main/bootstrap_vs_erm.csv,0.0|umte|erm|test_rev,0.5113527620704653,0.4522254725292958,0.5690569818785666,0.5110917790343628,0.427572121557737,0.5927996887764534,True,True,False,1.4142380607680447,-0.0002609830361025578
synthetic/thyroid/medsiglip448_caliper_corr_main/bootstrap_vs_erm.csv,0.25|umte|erm|test_rev,0.1297085689430187,0.0923761056680627,0.1674083953812129,0.1290416122952008,0.0687773631905787,0.1913064607218599,True,True,False,1.633018237877481,-0.000666956647817879
synthetic/thyroid/medsiglip448_caliper_corr_main/bootstrap_vs_erm.csv,0.5|umte|erm|test_rev,0.0505147165434246,0.0171701570948035,0.0857201010818844,0.050369725967812,-0.0019583157606997,0.1036132341867469,True,False,True,1.5400676325474882,-0.00014499057561259687
synthetic/thyroid/medsiglip448_caliper_corr_main/bootstrap_vs_erm.csv,0.75|umte|erm|test_rev,-0.0072495287806292,-0.0374100837206898,0.022963362329745,-0.0070755400898941,-0.0540625358916932,0.0412531517684442,False,False,False,1.57876838073004,0.00017398869073510011
synthetic/thyroid/medsiglip448_caliper_corr_main/bootstrap_vs_erm.csv,1.0|umte|erm|test_rev,-0.0321879077859939,-0.0594661745483913,-0.0045581755247189,-0.0314919530230535,-0.0765901295032651,0.0117845640023059,True,False,True,1.6095049005058473,0.000695954762940397
synthetic/thyroid/medsiglip448_caliper_corr_main/bootstrap_vs_erm.csv,0.0|umte_balanced|erm|test_rev,0.5032912860664056,0.4507368374791108,0.5557183392735594,0.5036682615629984,0.4260090107917647,0.579167282180512,True,True,False,1.458907224328223,0.0003769754965927685
synthetic/thyroid/medsiglip448_caliper_corr_main/bootstrap_vs_erm.csv,0.25|umte_balanced|erm|test_rev,0.4822096563723357,0.4302990545241516,0.5330504470850846,0.4822386544874583,0.4084930467582746,0.5534254210564401,True,True,False,1.410514939855619,2.8998115122580437e-05
synthetic/thyroid/medsiglip448_caliper_corr_main/bootstrap_vs_erm.csv,0.5|umte_balanced|erm|test_rev,0.5255038422502537,0.4730274373778212,0.5769781862376552,0.5244889082209656,0.4490497462361384,0.5984739616019128,True,True,False,1.4374520338209043,-0.0010149340292880948
synthetic/thyroid/medsiglip448_caliper_corr_main/bootstrap_vs_erm.csv,0.75|umte_balanced|erm|test_rev,0.5119907206031608,0.4620668993885598,0.5620155315686747,0.511439756415833,0.437477851084669,0.5844740301487853,True,True,False,1.4707172660374006,-0.000550964187327807
synthetic/thyroid/medsiglip448_caliper_corr_main/bootstrap_vs_erm.csv,1.0|umte_balanced|erm|test_rev,0.5015224010439322,0.4470437211888803,0.5565850374629577,0.5020443671161375,0.4258579711890821,0.5808238462034182,True,True,False,1.4146796869466527,0.0005219660722053376
synthetic/thyroid/medsiglip448_caliper_corr_main/location_interaction.csv,mask|erm|test_rev|0.0|1.0,0.4704944178628389,0.0,1.0,0.4700304480208786,0.0,1.0,False,False,False,1.0,-0.0004639698419602878
synthetic/thyroid/medsiglip448_caliper_corr_main/location_interaction.csv,inpaint|erm|test_rev|0.0|1.0,-0.0586341887777294,0.0,1.0,-0.0588081774684645,0.0,1.0,False,False,False,1.0,-0.00017398869073510098
synthetic/thyroid/medsiglip448_caliper_corr_main/location_interaction.csv,balanced|erm|test_rev|0.0|1.0,-0.0516746411483253,0.0,1.0,-0.0522256053356531,0.0,1.0,False,False,False,1.0,-0.0005509641873278001
synthetic/thyroid/medsiglip448_caliper_corr_main/location_interaction.csv,dfr|erm|test_rev|0.0|1.0,-0.0466289691170074,0.0,1.0,-0.0468319559228649,0.0,1.0,False,False,False,1.0,-0.00020298680585749407
synthetic/thyroid/medsiglip448_caliper_corr_main/location_interaction.csv,leace|erm|test_rev|0.0|1.0,-0.0568073075250109,0.0,1.0,-0.0569812962157459,0.0,1.0,False,False,False,1.0,-0.00017398869073500384
synthetic/thyroid/medsiglip448_caliper_corr_main/location_interaction.csv,i2e|erm|test_rev|0.0|1.0,0.0299260548064375,0.0,1.0,0.0291721038132521,0.0,1.0,False,False,False,1.0,-0.0007539509931854017
synthetic/thyroid/medsiglip448_caliper_corr_main/location_interaction.csv,i2e_balanced|erm|test_rev|0.0|1.0,-0.0466289691170074,0.0,1.0,-0.0478758880672756,0.0,1.0,False,False,False,1.0,-0.001246918950268197
synthetic/thyroid/medsiglip448_caliper_corr_main/location_interaction.csv,i2e_rank1|erm|test_rev|0.0|1.0,-0.0084964477308974,0.0,1.0,-0.0084094533855299,0.0,1.0,False,False,False,1.0,8.699434536750018e-05
synthetic/thyroid/medsiglip448_caliper_corr_main/location_interaction.csv,insert_aug|erm|test_rev|0.0|1.0,-0.0060316079454835,0.0,1.0,-0.0061186022908511,0.0,1.0,False,False,False,1.0,-8.699434536759993e-05
synthetic/thyroid/medsiglip448_caliper_corr_main/location_interaction.csv,mte|erm|test_rev|0.0|1.0,0.534551254168479,0.0,1.0,0.533826301290416,0.0,1.0,False,False,False,1.0,-0.0007249528780630676
synthetic/thyroid/medsiglip448_caliper_corr_main/location_interaction.csv,mte_balanced|erm|test_rev|0.0|1.0,-0.0073945193562418,0.0,1.0,-0.007800492967957,0.0,1.0,False,False,False,1.0,-0.00040597361171519977
synthetic/thyroid/medsiglip448_caliper_corr_main/location_interaction.csv,ui2e|erm|test_rev|0.0|1.0,0.0260403073800202,0.0,1.0,0.0253153545019573,0.0,1.0,False,False,False,1.0,-0.0007249528780629011
synthetic/thyroid/medsiglip448_caliper_corr_main/location_interaction.csv,ui2e_balanced|erm|test_rev|0.0|1.0,-0.0532985355951863,0.0,1.0,-0.0541394809337393,0.0,1.0,False,False,False,1.0,-0.0008409453385530008
synthetic/thyroid/medsiglip448_caliper_corr_main/location_interaction.csv,umte|erm|test_rev|0.0|1.0,0.5435406698564592,0.0,1.0,0.5425837320574164,0.0,1.0,False,False,False,1.0,-0.0009569377990428229
synthetic/thyroid/medsiglip448_caliper_corr_main/location_interaction.csv,umte_balanced|erm|test_rev|0.0|1.0,0.0017688850224734,0.0,1.0,0.0016238944468608,0.0,1.0,False,False,False,1.0,-0.00014499057561260013
synthetic/capsule/dino518_debris_corr_main/bootstrap_vs_erm.csv,0.0|mask|erm|test_rev,0.1031746031746033,0.0604117117841028,0.1489044251526665,0.1161076604554865,0.052363511082555,0.1905559857423795,True,True,False,1.5616254649607824,0.012933057280883203
synthetic/capsule/dino518_debris_corr_main/bootstrap_vs_erm.csv,0.25|mask|erm|test_rev,0.0304967666078777,-0.0159896986069578,0.0764858485980753,0.0725465838509316,-0.020662431284491,0.1759688969927593,False,False,False,2.1263061881784506,0.0420498172430539
synthetic/capsule/dino518_debris_corr_main/bootstrap_vs_erm.csv,0.5|mask|erm|test_rev,0.0174162257495591,-0.0313915190439439,0.0649937798465944,0.0267494824016563,-0.0665681059925897,0.1175119672775337,False,False,False,1.9098355806229044,0.0093332566520972
synthetic/capsule/dino518_debris_corr_main/bootstrap_vs_erm.csv,0.75|mask|erm|test_rev,-0.0425485008818341,-0.0946270163956057,0.0098504364858033,-0.0078674948240166,-0.1059409888357256,0.0865058171606237,False,False,False,1.841993661683092,0.0346810060578175
synthetic/capsule/dino518_debris_corr_main/bootstrap_vs_erm.csv,1.0|mask|erm|test_rev,-0.1020723104056437,-0.1624730014814437,-0.0403555522298394,-0.1123809523809524,-0.2086257830520813,-0.0186262638360274,True,True,False,1.5558752690992506,-0.010308641975308702
synthetic/capsule/dino518_debris_corr_main/bootstrap_vs_erm.csv,0.0|inpaint|erm|test_rev,0.031305114638448,0.0154528898945047,0.048546791805941,0.0244306418219461,-0.0164824708429359,0.0685216278620592,True,False,True,2.568572872805311,-0.006874472816501897
synthetic/capsule/dino518_debris_corr_main/bootstrap_vs_erm.csv,0.25|inpaint|erm|test_rev,0.0462962962962963,0.0207139942014506,0.0730613915774556,0.073623188405797,0.0184157034982277,0.1480813530989212,True,True,False,2.4770218979430987,0.0273268921095007
synthetic/capsule/dino518_debris_corr_main/bootstrap_vs_erm.csv,0.5|inpaint|erm|test_rev,0.0324074074074074,0.0134214442477402,0.049411158294596,0.0489440993788819,0.0268535019116722,0.0740435748248247,True,True,False,1.31120999882674,0.016536691971474504
synthetic/capsule/dino518_debris_corr_main/bootstrap_vs_erm.csv,0.75|inpaint|erm|test_rev,0.0296884185773075,0.0051418363956416,0.0548485312099023,0.0362732919254658,-0.0053939305405729,0.0736965986394557,True,False,True,1.5911444016860634,0.006584873348158299
synthetic/capsule/dino518_debris_corr_main/bootstrap_vs_erm.csv,1.0|inpaint|erm|test_rev,0.0360817166372721,0.0096160476049281,0.0635514795349618,0.0262525879917184,-0.0199792035853832,0.0744055081472116,True,False,True,1.749957464974654,-0.009829128645553704
synthetic/capsule/dino518_debris_corr_main/bootstrap_vs_erm.csv,0.0|balanced|erm|test_rev,0.0190329218106996,-0.0150839541943845,0.0498463151775483,0.0093581780538302,-0.0321795964057558,0.0527769865315967,False,False,False,1.308428006831532,-0.009674743756869398
synthetic/capsule/dino518_debris_corr_main/bootstrap_vs_erm.csv,0.25|balanced|erm|test_rev,0.0247648442092886,-0.0045829608579266,0.0510980950537444,0.0539958592132505,-0.0075419161027242,0.1228548564471151,False,False,False,2.341851648012794,0.0292310150039619
synthetic/capsule/dino518_debris_corr_main/bootstrap_vs_erm.csv,0.5|balanced|erm|test_rev,0.0376249265138154,0.0162788342250801,0.0592445185048022,0.0295652173913043,-0.017861802483513,0.0759668620277056,True,False,True,2.183804728917155,-0.008059709122511104
synthetic/capsule/dino518_debris_corr_main/bootstrap_vs_erm.csv,0.75|balanced|erm|test_rev,0.0346119929453263,0.0141539059101185,0.0563716104653705,0.0276604554865423,-0.0226100384070798,0.076404736037341,True,False,True,2.3453377081370257,-0.006951537458783998
synthetic/capsule/dino518_debris_corr_main/bootstrap_vs_erm.csv,1.0|balanced|erm|test_rev,0.0432098765432098,0.0238029528244722,0.0638245738511285,0.0409937888198757,0.0038361159384309,0.0809449554555788,True,True,False,1.9266795681711582,-0.0022160877233340995
synthetic/capsule/dino518_debris_corr_main/bootstrap_vs_erm.csv,0.0|dfr|erm|test_rev,0.0394620811287478,0.0094716574610828,0.0717174326008885,0.0298964803312629,-0.0341195737548403,0.0901595630021555,True,False,True,1.9965875029728761,-0.009565600797484902
synthetic/capsule/dino518_debris_corr_main/bootstrap_vs_erm.csv,0.25|dfr|erm|test_rev,0.0513668430335097,0.0207314112046185,0.084040325670639,0.0838923395445134,0.0069514824415157,0.1752897186851318,True,True,False,2.6589973570620535,0.032525496511003706
synthetic/capsule/dino518_debris_corr_main/bootstrap_vs_erm.csv,0.5|dfr|erm|test_rev,0.0570987654320987,0.0259456360074633,0.0903011302529939,0.0477018633540372,-0.0140887783431643,0.1100531429401712,True,False,True,1.9290026863861276,-0.0093969020780615
synthetic/capsule/dino518_debris_corr_main/bootstrap_vs_erm.csv,0.75|dfr|erm|test_rev,0.0557025279247502,0.0229575685426169,0.0912574529415329,0.0549896480331262,-0.01028773810931,0.1219441775784198,True,False,True,1.936048894539981,-0.0007128798916240034
synthetic/capsule/dino518_debris_corr_main/bootstrap_vs_erm.csv,1.0|dfr|erm|test_rev,0.0669459141681364,0.0331111666496154,0.1036804581362424,0.0486128364389233,-0.0159784220656219,0.1138177506775067,True,False,True,1.8392727205958304,-0.018333077729213103
synthetic/capsule/dino518_debris_corr_main/bootstrap_vs_erm.csv,0.0|leace|erm|test_rev,0.0468106995884773,0.0267499518519212,0.0699452351647604,0.0353623188405796,0.0144779526029525,0.0606908971718753,True,True,False,1.0698608974092931,-0.011448380747897696
synthetic/capsule/dino518_debris_corr_main/bootstrap_vs_erm.csv,0.25|leace|erm|test_rev,0.0502645502645502,0.0363976281599791,0.0655288654419662,0.0891097308488612,0.0377574225937042,0.1640702647171252,True,True,False,4.3359930407598855,0.038845180584311
synthetic/capsule/dino518_debris_corr_main/bootstrap_vs_erm.csv,0.5|leace|erm|test_rev,0.0535714285714286,0.0383657575481562,0.0701088901912867,0.060455486542443,0.0342943701259899,0.0912816816587678,True,True,False,1.7952642599409754,0.0068840579710144
synthetic/capsule/dino518_debris_corr_main/bootstrap_vs_erm.csv,0.75|leace|erm|test_rev,0.0534244562022339,0.0377675171771804,0.0704444336333453,0.0597101449275362,0.0290590659340659,0.0972227133427628,True,True,False,2.0859877491848535,0.006285688725302302
synthetic/capsule/dino518_debris_corr_main/bootstrap_vs_erm.csv,1.0|leace|erm|test_rev,0.0666519694297472,0.0498146911041425,0.0847900648508095,0.0587163561076604,0.0297512423778885,0.0938629437907096,True,True,False,1.8330526466191277,-0.007935613322086803
synthetic/capsule/dino518_debris_corr_main/bootstrap_vs_erm.csv,0.0|i2e|erm|test_rev,0.0570987654320988,0.0288189755751806,0.0865694979526075,0.0170600414078675,-0.0477234299516908,0.0778929656400586,True,False,True,2.175156005876224,-0.040038724024231295
synthetic/capsule/dino518_debris_corr_main/bootstrap_vs_erm.csv,0.25|i2e|erm|test_rev,0.0551146384479718,0.0256953630297743,0.0855781714501245,0.0547412008281573,-0.0283466149626289,0.1498613224817486,True,False,True,2.9759448854408848,-0.00037343761981449564
synthetic/capsule/dino518_debris_corr_main/bootstrap_vs_erm.csv,0.5|i2e|erm|test_rev,0.0521017048794826,0.022903856806928,0.0830687464293234,0.0255072463768116,-0.0373119773243201,0.085283270879464,True,False,True,2.0376543358296133,-0.026594458502670996
synthetic/capsule/dino518_debris_corr_main/bootstrap_vs_erm.csv,0.75|i2e|erm|test_rev,0.0564373897707231,0.0266591776453996,0.0879288683476466,0.0306418219461697,-0.0384019458147365,0.0937800108095807,True,False,True,2.1573792051062135,-0.0257955678245534
synthetic/capsule/dino518_debris_corr_main/bootstrap_vs_erm.csv,1.0|i2e|erm|test_rev,0.0557760141093474,0.0231825965959566,0.0887309569041433,0.0272463768115942,-0.0418356306210663,0.0903707264957265,True,False,True,2.0169285165212716,-0.028529637297753197
synthetic/capsule/dino518_debris_corr_main/bootstrap_vs_erm.csv,0.0|i2e_balanced|erm|test_rev,0.0726043503821281,0.0401866006276845,0.1051040692348429,0.0215320910973084,-0.0410662352417079,0.0839502731188894,True,False,True,1.925776082199419,-0.051072259284819704
synthetic/capsule/dino518_debris_corr_main/bootstrap_vs_erm.csv,0.25|i2e_balanced|erm|test_rev,0.0756907701352146,0.0444347321894565,0.1106337690061803,0.0651759834368529,-0.0256277953457249,0.1727717443799108,True,False,True,2.9970155045445344,-0.0105147866983617
synthetic/capsule/dino518_debris_corr_main/bootstrap_vs_erm.csv,0.5|i2e_balanced|erm|test_rev,0.0816431510875955,0.0490202366166459,0.1150873038873418,0.0407453416149068,-0.0221792520812129,0.107145953525641,True,False,True,1.9574836745359245,-0.040897809472688694
synthetic/capsule/dino518_debris_corr_main/bootstrap_vs_erm.csv,0.75|i2e_balanced|erm|test_rev,0.0806143445032335,0.0500334685992455,0.1142273298975761,0.0391718426501034,-0.0288889668069191,0.1076435203711113,True,False,True,2.1268776237577875,-0.0414425018531301
synthetic/capsule/dino518_debris_corr_main/bootstrap_vs_erm.csv,1.0|i2e_balanced|erm|test_rev,0.0900940623162845,0.0536288271789675,0.1281981578055927,0.0377639751552794,-0.0246186351172541,0.101043507996633,True,False,True,1.685171934063453,-0.0523300871610051
synthetic/capsule/dino518_debris_corr_main/bootstrap_vs_erm.csv,0.0|i2e_rank1|erm|test_rev,0.0041887125220459,-0.0176854869006664,0.0266248483166687,0.0067080745341614,-0.0042858708098517,0.0196013767372368,False,False,False,0.5390897502789219,0.0025193620121154994
synthetic/capsule/dino518_debris_corr_main/bootstrap_vs_erm.csv,0.25|i2e_rank1|erm|test_rev,0.0036008230452675,-0.0190271522433487,0.0263282425798692,0.0432298136645962,0.0024772689356023,0.1151369840163928,False,True,True,2.4839319670770195,0.0396289906193287
synthetic/capsule/dino518_debris_corr_main/bootstrap_vs_erm.csv,0.5|i2e_rank1|erm|test_rev,0.0014697236919458,-0.0245866975691226,0.0242705946081004,0.0130020703933747,0.001963454627389,0.0261734560966652,False,True,True,0.4955248314101774,0.0115323467014289
synthetic/capsule/dino518_debris_corr_main/bootstrap_vs_erm.csv,0.75|i2e_rank1|erm|test_rev,0.0068342151675485,-0.0185934170663826,0.0283914022633204,0.0158178053830227,0.0029233409610984,0.0316667577685019,False,True,True,0.6117596538087017,0.0089835902154742
synthetic/capsule/dino518_debris_corr_main/bootstrap_vs_erm.csv,1.0|i2e_rank1|erm|test_rev,0.0268224573780128,0.0171391647034324,0.0376572020372055,0.0151552795031055,0.0020544346364018,0.030482858692127,True,True,False,1.3855333038570625,-0.011667177874907298
synthetic/capsule/dino518_debris_corr_main/bootstrap_vs_erm.csv,0.0|insert_aug|erm|test_rev,0.0135949441504997,0.0023672148029288,0.0249641595563634,0.0128364389233954,-0.0013787180561374,0.0276786486203003,True,False,True,1.2858980270782472,-0.0007585052271043002
synthetic/capsule/dino518_debris_corr_main/bootstrap_vs_erm.csv,0.25|insert_aug|erm|test_rev,0.0113903586125808,-0.0014169866283466,0.0244110492911042,0.0479503105590061,0.0036047592810461,0.124668601980686,False,True,True,4.687303482045574,0.0365599519464253
synthetic/capsule/dino518_debris_corr_main/bootstrap_vs_erm.csv,0.5|insert_aug|erm|test_rev,0.0110229276895943,-0.0010427937196306,0.0235179908230418,0.0144927536231884,0.0008183986125162,0.0288165989910175,False,True,True,1.1399554574430089,0.0034698259335941006
synthetic/capsule/dino518_debris_corr_main/bootstrap_vs_erm.csv,0.75|insert_aug|erm|test_rev,0.0152851263962375,0.0030995956746358,0.0277117587489311,0.0147412008281572,0.0010486408068597,0.0300106107575147,True,True,False,1.1767340344377366,-0.0005439255680803005
synthetic/capsule/dino518_debris_corr_main/bootstrap_vs_erm.csv,1.0|insert_aug|erm|test_rev,0.0135214579659023,0.0014194996219338,0.0258700462537672,0.0150724637681159,0.0016563230589393,0.0295994211964337,True,True,False,1.1428414488334537,0.0015510058022136005
synthetic/capsule/dino518_debris_corr_main/bootstrap_vs_erm.csv,0.0|mte|erm|test_rev,0.1086860670194004,0.064783855684949,0.1543390443281258,0.1230641821946169,0.0612032607067984,0.1957906832384778,True,True,False,1.502843381503318,0.014378115175216505
synthetic/capsule/dino518_debris_corr_main/bootstrap_vs_erm.csv,0.25|mte|erm|test_rev,0.0642269253380364,0.0199684830199471,0.109467390570642,0.1233126293995859,0.0383553564610265,0.2186035939574047,True,True,False,2.0139713704804736,0.059085704061549504
synthetic/capsule/dino518_debris_corr_main/bootstrap_vs_erm.csv,0.5|mte|erm|test_rev,0.0363756613756613,-0.0149124054372079,0.0860235934626994,0.0583022774327122,-0.0363128183777429,0.1450171866967337,False,False,False,1.7964849711775444,0.0219266160570509
synthetic/capsule/dino518_debris_corr_main/bootstrap_vs_erm.csv,0.75|mte|erm|test_rev,-0.0200617283950616,-0.0744515338285916,0.0319941565218539,0.002815734989648,-0.0968519325655597,0.0979693389701558,False,False,False,1.8302410449339541,0.022877463384709598
synthetic/capsule/dino518_debris_corr_main/bootstrap_vs_erm.csv,1.0|mte|erm|test_rev,-0.0764256319811875,-0.1353682527997072,-0.0154522104912681,-0.0943271221532091,-0.2018594986870603,0.0081663728946337,True,False,True,1.7514409876993864,-0.017901490172021597
synthetic/capsule/dino518_debris_corr_main/bootstrap_vs_erm.csv,0.0|mte_balanced|erm|test_rev,0.1092004703115814,0.0653142432937177,0.1556087956909464,0.1143685300207039,0.0497325900468883,0.1856160362767153,True,True,False,1.5048908557854206,0.005168059709122513
synthetic/capsule/dino518_debris_corr_main/bootstrap_vs_erm.csv,0.25|mte_balanced|erm|test_rev,0.1037624926513816,0.0578724339584009,0.150871524862758,0.1447619047619047,0.063645286600419,0.2391060155924619,True,True,False,1.8866929481331347,0.040999412110523104
synthetic/capsule/dino518_debris_corr_main/bootstrap_vs_erm.csv,0.5|mte_balanced|erm|test_rev,0.1036890064667842,0.0563989942609822,0.1526047318650782,0.1135403726708074,0.0389677803488545,0.1897083885148806,True,True,False,1.5668567376547846,0.009851366204023201
synthetic/capsule/dino518_debris_corr_main/bootstrap_vs_erm.csv,0.75|mte_balanced|erm|test_rev,0.0669459141681364,0.0190861292901081,0.1155315866831734,0.0990476190476189,0.0190985222482484,0.1782797663090392,True,True,False,1.6504794353563443,0.032101704879482496
synthetic/capsule/dino518_debris_corr_main/bootstrap_vs_erm.csv,1.0|mte_balanced|erm|test_rev,0.0870811287477953,0.0376806437396909,0.1358628263515737,0.0897722567287784,0.017854040429975,0.1642171466009914,True,True,False,1.4907298073581667,0.002691127980983088
synthetic/capsule/dino518_debris_corr_main/bootstrap_vs_erm.csv,0.0|ui2e|erm|test_rev,0.0587889476778366,0.029509508237768,0.0893019235556723,0.0434782608695651,-0.0195937896856761,0.102420898053108,True,False,True,2.0406382162362307,-0.015310686808271502
synthetic/capsule/dino518_debris_corr_main/bootstrap_vs_erm.csv,0.25|ui2e|erm|test_rev,0.0639329805996472,0.0329871364322352,0.0965888228064138,0.0867080745341615,0.0034884104300854,0.1809070948067336,True,True,False,2.7895279903879673,0.02277509393451431
synthetic/capsule/dino518_debris_corr_main/bootstrap_vs_erm.csv,0.5|ui2e|erm|test_rev,0.0705467372134038,0.0391441176381269,0.1017784567238019,0.0599585921325051,-0.0035387281220614,0.1221230001931756,True,False,True,2.0062753139831067,-0.010588145080898705
synthetic/capsule/dino518_debris_corr_main/bootstrap_vs_erm.csv,0.75|ui2e|erm|test_rev,0.0665784832451499,0.036127528659239,0.0981714780458438,0.0628571428571427,-0.0018520066889631,0.1266379068462401,True,False,True,2.070949944442834,-0.0037213403880071994
synthetic/capsule/dino518_debris_corr_main/bootstrap_vs_erm.csv,1.0|ui2e|erm|test_rev,0.0794385655496766,0.0466135968691414,0.1135210020291837,0.0579710144927536,-0.0130802077031659,0.1236569448409299,True,False,True,2.043677410848933,-0.021467551056922995
synthetic/capsule/dino518_debris_corr_main/bootstrap_vs_erm.csv,0.0|ui2e_balanced|erm|test_rev,0.0525426219870665,0.0204508312223192,0.0858338650567587,0.0390890269151138,-0.0282209141355482,0.1008493370174156,True,False,True,1.9740633553314568,-0.0134535950719527
synthetic/capsule/dino518_debris_corr_main/bootstrap_vs_erm.csv,0.25|ui2e_balanced|erm|test_rev,0.0615814226925337,0.0281459799475585,0.0951748941476027,0.0855486542443064,-0.005625617937853,0.191688133427548,True,False,True,2.9437109898055143,0.023967231551772696
synthetic/capsule/dino518_debris_corr_main/bootstrap_vs_erm.csv,0.5|ui2e_balanced|erm|test_rev,0.0691504997060552,0.0371777542004876,0.102127471493444,0.0610351966873706,-0.0022051275744457,0.1260023782521603,True,False,True,1.9739501751535675,-0.008115303018684607
synthetic/capsule/dino518_debris_corr_main/bootstrap_vs_erm.csv,0.75|ui2e_balanced|erm|test_rev,0.0640064667842446,0.0312192977052094,0.0974705003729751,0.0602898550724637,-0.00695690063465,0.1280468489282505,True,False,True,2.0377554538883276,-0.0037166117117808997
synthetic/capsule/dino518_debris_corr_main/bootstrap_vs_erm.csv,1.0|ui2e_balanced|erm|test_rev,0.0745149911816577,0.0404609042921918,0.1104896359833635,0.0592960662525879,-0.0066583040553131,0.123751975400316,True,False,True,1.862239630880956,-0.015218924929069802
synthetic/capsule/dino518_debris_corr_main/bootstrap_vs_erm.csv,0.0|umte|erm|test_rev,0.0875220458553793,0.0439600467796009,0.1332975916399862,0.1287784679089027,0.0625253396969498,0.2001797432352987,True,True,False,1.5408348612385991,0.04125642205352341
synthetic/capsule/dino518_debris_corr_main/bootstrap_vs_erm.csv,0.25|umte|erm|test_rev,0.0472516166960611,-0.0004160429733959,0.0955435765953767,0.1349068322981366,0.051816549208668,0.2325843434343433,False,True,True,1.8837902342466266,0.08765521560207551
synthetic/capsule/dino518_debris_corr_main/bootstrap_vs_erm.csv,0.5|umte|erm|test_rev,0.0537184009406231,0.0057105853518865,0.1030096165200684,0.0818219461697722,0.0033507915242828,0.1615677656088984,True,True,False,1.6260899228393826,0.028103545229149103
synthetic/capsule/dino518_debris_corr_main/bootstrap_vs_erm.csv,0.75|umte|erm|test_rev,-0.0031599059376837,-0.0534989813860782,0.0475606942154821,0.0554037267080744,-0.0324625223487864,0.1403346833800947,False,False,False,1.7098531605242282,0.0585636326457581
synthetic/capsule/dino518_debris_corr_main/bootstrap_vs_erm.csv,1.0|umte|erm|test_rev,-0.0213109935332157,-0.0718948451421509,0.0295294097321121,0.0083643892339544,-0.0848320654296359,0.1008494289047462,False,False,False,1.8307405320805552,0.029675382767170102
synthetic/capsule/dino518_debris_corr_main/bootstrap_vs_erm.csv,0.0|umte_balanced|erm|test_rev,0.0903145208700764,0.0465300126447639,0.1349301952599189,0.1190890269151138,0.0521957341187148,0.1928267793443179,True,True,False,1.590845641550675,0.02877450604503741
synthetic/capsule/dino518_debris_corr_main/bootstrap_vs_erm.csv,0.25|umte_balanced|erm|test_rev,0.0870076425631981,0.0381362225698235,0.1346779738999864,0.1508902691511387,0.0641076172057255,0.2498714273612036,True,True,False,1.9241810677349833,0.06388262658794061
synthetic/capsule/dino518_debris_corr_main/bootstrap_vs_erm.csv,0.5|umte_balanced|erm|test_rev,0.0930335097001763,0.0461257817687617,0.1405239390335013,0.1181780538302277,0.0473705469007168,0.1948464361625972,True,True,False,1.56227508603038,0.02514454413005139
synthetic/capsule/dino518_debris_corr_main/bootstrap_vs_erm.csv,0.75|umte_balanced|erm|test_rev,0.0568048206937095,0.006470766186941,0.105973385976379,0.106086956521739,0.0272266889314944,0.1851179562910366,True,True,False,1.5868051282836881,0.0492821358280295
synthetic/capsule/dino518_debris_corr_main/bootstrap_vs_erm.csv,1.0|umte_balanced|erm|test_rev,0.0905349794238683,0.0431767361709538,0.1375537250026739,0.0982194616977225,0.0233363444500507,0.1755085933432615,True,True,False,1.6123872013393343,0.007684482273854196
synthetic/capsule/dino518_debris_corr_main/location_interaction.csv,mask|erm|test_rev|0.0|1.0,0.205246913580247,0.0,1.0,0.2284886128364389,0.0,1.0,False,False,False,1.0,0.023241699256191906
synthetic/capsule/dino518_debris_corr_main/location_interaction.csv,inpaint|erm|test_rev|0.0|1.0,-0.0047766019988241,0.0,1.0,-0.0018219461697723,0.0,1.0,False,False,False,1.0,0.0029546558290518
synthetic/capsule/dino518_debris_corr_main/location_interaction.csv,balanced|erm|test_rev|0.0|1.0,-0.0241769547325102,0.0,1.0,-0.0316356107660455,0.0,1.0,False,False,False,1.0,-0.0074586560335353005
synthetic/capsule/dino518_debris_corr_main/location_interaction.csv,dfr|erm|test_rev|0.0|1.0,-0.0274838330393885,0.0,1.0,-0.0187163561076604,0.0,1.0,False,False,False,1.0,0.008767476931728097
synthetic/capsule/dino518_debris_corr_main/location_interaction.csv,leace|erm|test_rev|0.0|1.0,-0.0198412698412698,0.0,1.0,-0.0233540372670807,0.0,1.0,False,False,False,1.0,-0.0035127674258109004
synthetic/capsule/dino518_debris_corr_main/location_interaction.csv,i2e|erm|test_rev|0.0|1.0,0.0013227513227514,0.0,1.0,-0.0101863354037267,0.0,1.0,False,False,False,1.0,-0.011509086726478102
synthetic/capsule/dino518_debris_corr_main/location_interaction.csv,i2e_balanced|erm|test_rev|0.0|1.0,-0.0174897119341563,0.0,1.0,-0.016231884057971,0.0,1.0,False,False,False,1.0,0.0012578278761852975
synthetic/capsule/dino518_debris_corr_main/location_interaction.csv,i2e_rank1|erm|test_rev|0.0|1.0,-0.0226337448559669,0.0,1.0,-0.008447204968944,0.0,1.0,False,False,False,1.0,0.0141865398870229
synthetic/capsule/dino518_debris_corr_main/location_interaction.csv,insert_aug|erm|test_rev|0.0|1.0,7.348618459731189e-05,0.0,1.0,-0.0022360248447205,0.0,1.0,False,False,False,1.0,-0.002309511029317812
synthetic/capsule/dino518_debris_corr_main/location_interaction.csv,mte|erm|test_rev|0.0|1.0,0.185111699000588,0.0,1.0,0.217391304347826,0.0,1.0,False,False,False,1.0,0.032279605347238005
synthetic/capsule/dino518_debris_corr_main/location_interaction.csv,mte_balanced|erm|test_rev|0.0|1.0,0.0221193415637861,0.0,1.0,0.0245962732919254,0.0,1.0,False,False,False,1.0,0.0024769317281393005
synthetic/capsule/dino518_debris_corr_main/location_interaction.csv,ui2e|erm|test_rev|0.0|1.0,-0.02064961787184,0.0,1.0,-0.0144927536231884,0.0,1.0,False,False,False,1.0,0.006156864248651601
synthetic/capsule/dino518_debris_corr_main/location_interaction.csv,ui2e_balanced|erm|test_rev|0.0|1.0,-0.0219723691945912,0.0,1.0,-0.0202070393374741,0.0,1.0,False,False,False,1.0,0.001765329857117099
synthetic/capsule/dino518_debris_corr_main/location_interaction.csv,umte|erm|test_rev|0.0|1.0,0.108833039388595,0.0,1.0,0.1204140786749482,0.0,1.0,False,False,False,1.0,0.011581039286353206
synthetic/capsule/dino518_debris_corr_main/location_interaction.csv,umte_balanced|erm|test_rev|0.0|1.0,-0.0002204585537918,0.0,1.0,0.0208695652173913,0.0,1.0,False,False,False,1.0,0.0210900237711831
synthetic/capsule/medsiglip448_debris_corr_main/bootstrap_vs_erm.csv,0.0|mask|erm|test_rev,0.33450911228689,0.2573704902241843,0.4089881928261054,0.3740786749482401,0.2476312522512125,0.5090865133801388,True,True,False,1.7244375600083355,0.03956956266135009
synthetic/capsule/medsiglip448_debris_corr_main/bootstrap_vs_erm.csv,0.25|mask|erm|test_rev,0.3198118753674309,0.2516753062638711,0.3863975485390668,0.3967701863354038,0.2849083742833743,0.509044991000636,True,True,False,1.6636942269667705,0.0769583109679729
synthetic/capsule/medsiglip448_debris_corr_main/bootstrap_vs_erm.csv,0.5|mask|erm|test_rev,0.2734420928865373,0.2192883255329975,0.3295969203512848,0.3713457556935817,0.2527744134131281,0.4922220906834607,True,True,False,2.170707347553268,0.09790366280704438
synthetic/capsule/medsiglip448_debris_corr_main/bootstrap_vs_erm.csv,0.75|mask|erm|test_rev,0.156819517930629,0.0996964756957029,0.2137433990232221,0.3074120082815735,0.1924281113505433,0.4276041279573888,True,True,False,2.06209873747728,0.1505924903509445
synthetic/capsule/medsiglip448_debris_corr_main/bootstrap_vs_erm.csv,1.0|mask|erm|test_rev,0.140432098765432,0.0949047447724715,0.1857593315114188,0.2163146997929606,0.1183454276867816,0.3167015853062364,True,True,False,2.1832266783557337,0.07588260102752861
synthetic/capsule/medsiglip448_debris_corr_main/bootstrap_vs_erm.csv,0.0|inpaint|erm|test_rev,0.2486772486772486,0.18497135525414,0.3114719533057685,0.3031055900621118,0.200895521019524,0.4139205336573758,True,True,False,1.6839842334256019,0.05442834138486319
synthetic/capsule/medsiglip448_debris_corr_main/bootstrap_vs_erm.csv,0.25|inpaint|erm|test_rev,0.3629482657260434,0.299942174610066,0.4280465099151159,0.4116770186335404,0.3031549881072393,0.5292735535074246,True,True,False,1.7651125144339408,0.04872875290749701
synthetic/capsule/medsiglip448_debris_corr_main/bootstrap_vs_erm.csv,0.5|inpaint|erm|test_rev,0.3925631981187537,0.3330182863365861,0.4509091877433871,0.4869565217391304,0.3715269009539843,0.6033987048092553,True,True,False,1.966833751276199,0.09439332362037672
synthetic/capsule/medsiglip448_debris_corr_main/bootstrap_vs_erm.csv,0.75|inpaint|erm|test_rev,0.3658142269253381,0.3039180661642899,0.4273863077063338,0.515776397515528,0.4097543351803851,0.6207545575916107,True,True,False,1.708943285949164,0.14996217059018985
synthetic/capsule/medsiglip448_debris_corr_main/bootstrap_vs_erm.csv,1.0|inpaint|erm|test_rev,0.4825102880658436,0.4101420693933839,0.5571028427505662,0.5703519668737059,0.4593573348694316,0.6752846071324299,True,True,False,1.4692850842462268,0.08784167880786231
synthetic/capsule/medsiglip448_debris_corr_main/bootstrap_vs_erm.csv,0.0|balanced|erm|test_rev,0.2433862433862434,0.193871631252771,0.2918910934063314,0.2876190476190476,0.185476403823178,0.4016737155388471,True,True,False,2.2056569885781205,0.04423280423280421
synthetic/capsule/medsiglip448_debris_corr_main/bootstrap_vs_erm.csv,0.25|balanced|erm|test_rev,0.3581716637272192,0.2971163326270391,0.4201522266857151,0.3713457556935818,0.2733822546017668,0.4716162652280729,True,True,False,1.6111884433640804,0.0131740919663626
synthetic/capsule/medsiglip448_debris_corr_main/bootstrap_vs_erm.csv,0.5|balanced|erm|test_rev,0.3789682539682539,0.3183047368476554,0.4395300288767223,0.4322153209109731,0.3288492504514176,0.5398445562660459,True,True,False,1.7405221491570975,0.05324706694271919
synthetic/capsule/medsiglip448_debris_corr_main/bootstrap_vs_erm.csv,0.75|balanced|erm|test_rev,0.3595679012345679,0.3017212577211904,0.4149779428478168,0.4616149068322981,0.3655641922548683,0.565090675352772,True,True,False,1.7617192563496233,0.10204700559773022
synthetic/capsule/medsiglip448_debris_corr_main/bootstrap_vs_erm.csv,1.0|balanced|erm|test_rev,0.4748677248677248,0.4127239657638955,0.5364326005102024,0.5329192546583851,0.4303363914768806,0.6364128625134264,True,True,False,1.66582123761331,0.05805152979066025
synthetic/capsule/medsiglip448_debris_corr_main/bootstrap_vs_erm.csv,0.0|dfr|erm|test_rev,0.2427248677248677,0.1565381950577007,0.322158099043223,0.2935817805383022,0.1856174588911161,0.4161198868731461,True,True,False,1.3917555947996407,0.05085691281343449
synthetic/capsule/medsiglip448_debris_corr_main/bootstrap_vs_erm.csv,0.25|dfr|erm|test_rev,0.3603762492651381,0.2850071320836477,0.4360807084147911,0.4027329192546584,0.2818579786456048,0.5304565799187893,True,True,False,1.6455465430186984,0.04235666998952026
synthetic/capsule/medsiglip448_debris_corr_main/bootstrap_vs_erm.csv,0.5|dfr|erm|test_rev,0.4049823633156966,0.3188847540886373,0.4829408972400844,0.4774327122153208,0.3512048850290794,0.6036757392473119,True,True,False,1.538929596712304,0.0724503488996242
synthetic/capsule/medsiglip448_debris_corr_main/bootstrap_vs_erm.csv,0.75|dfr|erm|test_rev,0.3775720164609054,0.2966768411606284,0.4555942077112032,0.5014492753623189,0.3870138722793589,0.6123261408247163,True,True,False,1.4177951311171062,0.12387725890141349
synthetic/capsule/medsiglip448_debris_corr_main/bootstrap_vs_erm.csv,1.0|dfr|erm|test_rev,0.5050705467372133,0.4129850909744548,0.5973205315061556,0.5747412008281574,0.4525978599359894,0.6951773277709957,True,True,False,1.3159676030572596,0.06967065409094408
synthetic/capsule/medsiglip448_debris_corr_main/bootstrap_vs_erm.csv,0.0|leace|erm|test_rev,0.2807907113462668,0.214198295808554,0.3445835956583662,0.3185093167701863,0.2115689553974199,0.4332476943346508,True,True,False,1.7001819928517825,0.03771860542391947
synthetic/capsule/medsiglip448_debris_corr_main/bootstrap_vs_erm.csv,0.25|leace|erm|test_rev,0.396898883009994,0.3313677369006926,0.4636275506692209,0.4363561076604554,0.3204062316735159,0.5593356117640579,True,True,False,1.8065153222482164,0.03945722465046142
synthetic/capsule/medsiglip448_debris_corr_main/bootstrap_vs_erm.csv,0.5|leace|erm|test_rev,0.4231334509112287,0.3578213415893095,0.4870533929976597,0.5069979296066253,0.3893670436287232,0.6246344833824331,True,True,False,1.8205037929043377,0.08386447869539654
synthetic/capsule/medsiglip448_debris_corr_main/bootstrap_vs_erm.csv,0.75|leace|erm|test_rev,0.4035861258083481,0.3389821050505722,0.4685938651667233,0.5296894409937888,0.4235427922205283,0.634943991665506,True,True,False,1.6310340917794128,0.1261033151854407
synthetic/capsule/medsiglip448_debris_corr_main/bootstrap_vs_erm.csv,1.0|leace|erm|test_rev,0.5184450323339211,0.4366947814695469,0.5941281993972863,0.6075362318840579,0.4986147586168878,0.7106920958694543,True,True,False,1.347092250451604,0.08909119955013678
synthetic/capsule/medsiglip448_debris_corr_main/bootstrap_vs_erm.csv,0.0|i2e|erm|test_rev,-0.0578336272780716,-0.0821221146457331,-0.0336333421725293,0.0180538302277432,-0.0435925763660064,0.0838522054936051,True,False,True,2.6283359086898086,0.0758874575058148
synthetic/capsule/medsiglip448_debris_corr_main/bootstrap_vs_erm.csv,0.25|i2e|erm|test_rev,-0.0404908877131099,-0.065005705163335,-0.0165480374582241,-0.0438923395445134,-0.1003642579642579,0.012625362680316,True,False,True,2.3317180953109866,-0.0034014518314035014
synthetic/capsule/medsiglip448_debris_corr_main/bootstrap_vs_erm.csv,0.5|i2e|erm|test_rev,-0.0468106995884773,-0.0715598039629136,-0.0224465190695895,-0.0337888198757764,-0.0924916443506648,0.0274217497556206,True,False,True,2.4415673756447323,0.013021879712700898
synthetic/capsule/medsiglip448_debris_corr_main/bootstrap_vs_erm.csv,0.75|i2e|erm|test_rev,-0.0387272192827747,-0.0642667287447867,-0.0132715313912535,-0.0342857142857143,-0.0774201880128339,0.0110191787707998,True,False,True,1.7342685463203955,0.004441504997060398
synthetic/capsule/medsiglip448_debris_corr_main/bootstrap_vs_erm.csv,1.0|i2e|erm|test_rev,-0.0262345679012345,-0.0479559992119404,-0.004757136217033,-0.0515942028985507,-0.0931411396574439,-0.0150009179839552,True,True,False,1.8088490357419926,-0.025359634997316197
synthetic/capsule/medsiglip448_debris_corr_main/bootstrap_vs_erm.csv,0.0|i2e_balanced|erm|test_rev,0.1922398589065256,0.144886596152541,0.2435264189454479,0.2412422360248446,0.1454136506260158,0.3512025597545218,True,True,False,2.0862660059777,0.04900237711831901
synthetic/capsule/medsiglip448_debris_corr_main/bootstrap_vs_erm.csv,0.25|i2e_balanced|erm|test_rev,0.297986478542034,0.2419091362555857,0.3592012453389622,0.3137888198757764,0.2184408598302375,0.4153863011002099,True,True,False,1.6791022244299036,0.01580234133374242
synthetic/capsule/medsiglip448_debris_corr_main/bootstrap_vs_erm.csv,0.5|i2e_balanced|erm|test_rev,0.2996031746031746,0.2428846471357602,0.3596169222558811,0.3523809523809523,0.2532355082799493,0.4564504730183609,True,True,False,1.7408635660471579,0.0527777777777777
synthetic/capsule/medsiglip448_debris_corr_main/bootstrap_vs_erm.csv,0.75|i2e_balanced|erm|test_rev,0.3040123456790123,0.2520671768135601,0.3619195291657791,0.4050517598343685,0.2994541706264353,0.5125130899641666,True,True,False,1.9395025666323618,0.10103941415535617
synthetic/capsule/medsiglip448_debris_corr_main/bootstrap_vs_erm.csv,1.0|i2e_balanced|erm|test_rev,0.3923427395649617,0.3325410448784209,0.4577777767498853,0.4575569358178054,0.3500907722926071,0.5737658465003725,True,True,False,1.7860181343388326,0.06521419625284369
synthetic/capsule/medsiglip448_debris_corr_main/bootstrap_vs_erm.csv,0.0|i2e_rank1|erm|test_rev,0.0608465608465608,0.0452628736016109,0.076932366503639,0.0481159420289855,0.0268173765182826,0.0725516895564436,True,True,False,1.444112577982965,-0.012730618817575298
synthetic/capsule/medsiglip448_debris_corr_main/bootstrap_vs_erm.csv,0.25|i2e_rank1|erm|test_rev,0.0425485008818341,0.0315528974363526,0.0544427592465842,0.059296066252588,0.0398273280718479,0.0813299584750991,True,True,False,1.8131446466269119,0.0167475653707539
synthetic/capsule/medsiglip448_debris_corr_main/bootstrap_vs_erm.csv,0.5|i2e_rank1|erm|test_rev,0.0357142857142857,0.0211336556717517,0.0514165235198316,0.0451345755693581,0.026205165678212,0.0665847192165865,True,True,False,1.3334124674369234,0.0094202898550724
synthetic/capsule/medsiglip448_debris_corr_main/bootstrap_vs_erm.csv,0.75|i2e_rank1|erm|test_rev,0.0254262198706643,-0.0024655458406894,0.0471806610173706,0.0504347826086956,0.032258064516129,0.070553588502274,False,True,True,0.7713685779788386,0.025008562738031297
synthetic/capsule/medsiglip448_debris_corr_main/bootstrap_vs_erm.csv,1.0|i2e_rank1|erm|test_rev,0.0324808935920046,0.0233494019217099,0.0426150642349635,0.0390062111801242,0.0221236551441036,0.0586928228971619,True,True,False,1.8981526385366436,0.006525317588119597
synthetic/capsule/medsiglip448_debris_corr_main/bootstrap_vs_erm.csv,0.0|insert_aug|erm|test_rev,0.0840681951793063,0.0649870246283883,0.1032947045972722,0.0993788819875776,0.0660703003664855,0.1373151220231511,True,True,False,1.85980518043733,0.015310686808271301
synthetic/capsule/medsiglip448_debris_corr_main/bootstrap_vs_erm.csv,0.25|insert_aug|erm|test_rev,0.1095679012345678,0.0872855443988407,0.1341446723900489,0.1599999999999999,0.1164884911584694,0.2075571213489912,True,True,False,1.943455503645059,0.05043209876543209
synthetic/capsule/medsiglip448_debris_corr_main/bootstrap_vs_erm.csv,0.5|insert_aug|erm|test_rev,0.111845972957084,0.0927971767688756,0.1319053253045813,0.1639751552795031,0.1171872505587484,0.2140141927641927,True,True,False,2.475876405067895,0.0521291823224191
synthetic/capsule/medsiglip448_debris_corr_main/bootstrap_vs_erm.csv,0.75|insert_aug|erm|test_rev,0.103395061728395,0.0810039662653215,0.126022811851872,0.171511387163561,0.1268939591391245,0.2186582542475351,True,True,False,2.038352914492002,0.06811632543516602
synthetic/capsule/medsiglip448_debris_corr_main/bootstrap_vs_erm.csv,1.0|insert_aug|erm|test_rev,0.1428571428571428,0.1106814645285572,0.1775970084569673,0.217639751552795,0.1644207760331144,0.2771428571428571,True,True,False,1.6845425515832155,0.0747826086956522
synthetic/capsule/medsiglip448_debris_corr_main/bootstrap_vs_erm.csv,0.0|mte|erm|test_rev,0.3508230452674897,0.2746694649349882,0.4248049429684207,0.3708488612836438,0.243242869735407,0.5049388227513227,True,True,False,1.743065372980267,0.020025816016154108
synthetic/capsule/medsiglip448_debris_corr_main/bootstrap_vs_erm.csv,0.25|mte|erm|test_rev,0.2883597883597883,0.2179745771849687,0.3588676987958467,0.2913457556935818,0.1778468048995634,0.4137758932353595,True,True,False,1.674525240397404,0.002985967333793471
synthetic/capsule/medsiglip448_debris_corr_main/bootstrap_vs_erm.csv,0.5|mte|erm|test_rev,0.1674015285126396,0.1071808438090986,0.2252110825181041,0.1324223602484472,0.0035678329346092,0.260533440860215,True,True,False,2.177116734967679,-0.034979168264192395
synthetic/capsule/medsiglip448_debris_corr_main/bootstrap_vs_erm.csv,0.75|mte|erm|test_rev,-0.0254997060552615,-0.0830435743234461,0.0317306752654806,0.0365217391304347,-0.0846549144114167,0.1610028685246708,False,False,False,2.140356254263746,0.0620214451856962
synthetic/capsule/medsiglip448_debris_corr_main/bootstrap_vs_erm.csv,1.0|mte|erm|test_rev,-0.0542328042328042,-0.095228009536611,-0.0123537337083236,-0.0823188405797101,-0.1551356857589874,-0.0164062666127969,True,True,False,1.6739744360920028,-0.0280860363469059
synthetic/capsule/medsiglip448_debris_corr_main/bootstrap_vs_erm.csv,0.0|mte_balanced|erm|test_rev,0.3351704879482657,0.2570712317945726,0.4121252766098078,0.3626501035196687,0.2343717609867329,0.4973726859519222,True,True,False,1.696188740374914,0.027479615571402993
synthetic/capsule/medsiglip448_debris_corr_main/bootstrap_vs_erm.csv,0.25|mte_balanced|erm|test_rev,0.400352733686067,0.3158072081791792,0.4815744317627698,0.4110144927536232,0.2915001795614919,0.5327232136055665,True,True,False,1.455191375166118,0.010661759067556176
synthetic/capsule/medsiglip448_debris_corr_main/bootstrap_vs_erm.csv,0.5|mte_balanced|erm|test_rev,0.4259259259259259,0.3555825002102697,0.4961105876422553,0.4622774327122153,0.3255015559498481,0.5965923929465595,True,True,False,1.9290865047026071,0.0363515067862894
synthetic/capsule/medsiglip448_debris_corr_main/bootstrap_vs_erm.csv,0.75|mte_balanced|erm|test_rev,0.3525867136978248,0.2685804148365369,0.432843861253005,0.4587991718426501,0.3470361058897243,0.5672225885008315,True,True,False,1.3404472353079315,0.10621245814482533
synthetic/capsule/medsiglip448_debris_corr_main/bootstrap_vs_erm.csv,1.0|mte_balanced|erm|test_rev,0.4320987654320987,0.3589126939331429,0.5035266375634945,0.5076604554865425,0.3833120991216792,0.6280455294479684,True,True,False,1.6923224979733185,0.0755616900544438
synthetic/capsule/medsiglip448_debris_corr_main/bootstrap_vs_erm.csv,0.0|ui2e|erm|test_rev,0.0992063492063492,0.058062634657934,0.1429883180599567,0.2285714285714285,0.13587463160201,0.334609742992844,True,True,False,2.340106119017709,0.1293650793650793
synthetic/capsule/medsiglip448_debris_corr_main/bootstrap_vs_erm.csv,0.25|ui2e|erm|test_rev,0.1543944738389181,0.1114275547856366,0.2015694180450774,0.3089855072463768,0.2026501623376623,0.4224107340455496,True,True,False,2.437941304534452,0.1545910334074587
synthetic/capsule/medsiglip448_debris_corr_main/bootstrap_vs_erm.csv,0.5|ui2e|erm|test_rev,0.1685038212815991,0.1314586525959168,0.2071284416078174,0.3580124223602484,0.2512799329501916,0.4690272309180993,True,True,False,2.877598851685215,0.18950860107864928
synthetic/capsule/medsiglip448_debris_corr_main/bootstrap_vs_erm.csv,0.75|ui2e|erm|test_rev,0.1862874779541446,0.1422912590249789,0.2336110634296016,0.3915527950310558,0.2831839163513205,0.4997846679464326,True,True,False,2.3718924170642173,0.20526531707691117
synthetic/capsule/medsiglip448_debris_corr_main/bootstrap_vs_erm.csv,1.0|ui2e|erm|test_rev,0.2280276308054085,0.1792036362122332,0.2808296325160489,0.4500207039337474,0.3305299138523334,0.5665001549423532,True,True,False,2.321947628287703,0.22199307312833888
synthetic/capsule/medsiglip448_debris_corr_main/bootstrap_vs_erm.csv,0.0|ui2e_balanced|erm|test_rev,0.2491916519694297,0.1922062200008978,0.310630775728772,0.2874534161490683,0.1850898756241627,0.4040182838368321,True,True,False,1.8486740935363208,0.038261764179638585
synthetic/capsule/medsiglip448_debris_corr_main/bootstrap_vs_erm.csv,0.25|ui2e_balanced|erm|test_rev,0.3514109347442681,0.2854749547484334,0.4269873666387562,0.3829399585921325,0.2716046760439283,0.4976217306134797,True,True,False,1.5971535750851502,0.03152902384786438
synthetic/capsule/medsiglip448_debris_corr_main/bootstrap_vs_erm.csv,0.5|ui2e_balanced|erm|test_rev,0.3764697236919458,0.3161717097597781,0.4439498897396799,0.4569772256728777,0.3395890519823157,0.577008413688788,True,True,False,1.8580587213232798,0.08050750198093187
synthetic/capsule/medsiglip448_debris_corr_main/bootstrap_vs_erm.csv,0.75|ui2e_balanced|erm|test_rev,0.3672104644326867,0.3092810537584408,0.4252221059550826,0.4773498964803312,0.3666928050032134,0.5894661692566664,True,True,False,1.9214364544114908,0.11013943204764454
synthetic/capsule/medsiglip448_debris_corr_main/bootstrap_vs_erm.csv,1.0|ui2e_balanced|erm|test_rev,0.471413874191652,0.4029790457703228,0.5419914995428848,0.5678674948240165,0.4494018248746866,0.6830401777149591,True,True,False,1.6807008760706261,0.09645362063236457
synthetic/capsule/medsiglip448_debris_corr_main/bootstrap_vs_erm.csv,0.0|umte|erm|test_rev,0.3162110523221634,0.2407210829157841,0.3913944294061189,0.3594202898550724,0.2316443084387836,0.4937677030354996,True,True,False,1.7396799148781785,0.043209237532909006
synthetic/capsule/medsiglip448_debris_corr_main/bootstrap_vs_erm.csv,0.25|umte|erm|test_rev,0.3150352733686066,0.2411878497385206,0.389699449771024,0.3867494824016563,0.2688670992883933,0.5092358046822333,True,True,False,1.61851805071949,0.0717142090330497
synthetic/capsule/medsiglip448_debris_corr_main/bootstrap_vs_erm.csv,0.5|umte|erm|test_rev,0.2227366255144033,0.1602038998715678,0.2849891866798006,0.2804140786749482,0.1326862797619047,0.4227833908389463,True,True,False,2.3247701591843617,0.05767745316054493
synthetic/capsule/medsiglip448_debris_corr_main/bootstrap_vs_erm.csv,0.75|umte|erm|test_rev,0.0654027042915931,0.007669205621374,0.1232358883565108,0.2211180124223602,0.0830679068147349,0.3514545677264807,True,True,False,2.322353247145215,0.15571530813076712
synthetic/capsule/medsiglip448_debris_corr_main/bootstrap_vs_erm.csv,1.0|umte|erm|test_rev,0.0260141093474426,-0.0208703321004463,0.0721158244811654,0.0265010351966873,-0.0651522443277762,0.1185810505355405,False,False,False,1.9759209501476538,0.0004869258492447015
synthetic/capsule/medsiglip448_debris_corr_main/bootstrap_vs_erm.csv,0.0|umte_balanced|erm|test_rev,0.3141534391534392,0.2421563183808005,0.3875291950782408,0.3502277432712214,0.2216258298595028,0.4851333333333333,True,True,False,1.8126318296793416,0.03607430411778223
synthetic/capsule/medsiglip448_debris_corr_main/bootstrap_vs_erm.csv,0.25|umte_balanced|erm|test_rev,0.3835243974132863,0.3054548243893801,0.4604648253732662,0.4260041407867495,0.2974669926178547,0.5572514411213538,True,True,False,1.6759205654769638,0.042479743373463164
synthetic/capsule/medsiglip448_debris_corr_main/bootstrap_vs_erm.csv,0.5|umte_balanced|erm|test_rev,0.3965314520870076,0.3270225044606135,0.4679420880024198,0.4608695652173913,0.3125717365903098,0.6063055222088833,True,True,False,2.084407136581071,0.06433811313038373
synthetic/capsule/medsiglip448_debris_corr_main/bootstrap_vs_erm.csv,0.75|umte_balanced|erm|test_rev,0.3697089947089947,0.3030604852232828,0.4406197506908584,0.5018633540372671,0.3847107407556324,0.6156663232989964,True,True,False,1.678953298844149,0.1321543593282724
synthetic/capsule/medsiglip448_debris_corr_main/bootstrap_vs_erm.csv,1.0|umte_balanced|erm|test_rev,0.4490005878894768,0.37150374689337,0.5293631064263736,0.5150310559006211,0.382253618711952,0.6379667532879655,True,True,False,1.6198794631657656,0.06603046801114437
synthetic/capsule/medsiglip448_debris_corr_main/location_interaction.csv,mask|erm|test_rev|0.0|1.0,0.1940770135214579,0.0,1.0,0.1577639751552794,0.0,1.0,False,False,False,1.0,-0.036313038366178496
synthetic/capsule/medsiglip448_debris_corr_main/location_interaction.csv,inpaint|erm|test_rev|0.0|1.0,-0.233833039388595,0.0,1.0,-0.2672463768115942,0.0,1.0,False,False,False,1.0,-0.03341333742299918
synthetic/capsule/medsiglip448_debris_corr_main/location_interaction.csv,balanced|erm|test_rev|0.0|1.0,-0.2314814814814814,0.0,1.0,-0.2453002070393375,0.0,1.0,False,False,False,1.0,-0.013818725557856099
synthetic/capsule/medsiglip448_debris_corr_main/location_interaction.csv,dfr|erm|test_rev|0.0|1.0,-0.2623456790123455,0.0,1.0,-0.2811594202898551,0.0,1.0,False,False,False,1.0,-0.018813741277509566
synthetic/capsule/medsiglip448_debris_corr_main/location_interaction.csv,leace|erm|test_rev|0.0|1.0,-0.2376543209876543,0.0,1.0,-0.2890269151138716,0.0,1.0,False,False,False,1.0,-0.05137259412621728
synthetic/capsule/medsiglip448_debris_corr_main/location_interaction.csv,i2e|erm|test_rev|0.0|1.0,-0.0315990593768371,0.0,1.0,0.0696480331262939,0.0,1.0,False,False,False,1.0,0.101247092503131
synthetic/capsule/medsiglip448_debris_corr_main/location_interaction.csv,i2e_balanced|erm|test_rev|0.0|1.0,-0.2001028806584361,0.0,1.0,-0.2163146997929607,0.0,1.0,False,False,False,1.0,-0.016211819134524602
synthetic/capsule/medsiglip448_debris_corr_main/location_interaction.csv,i2e_rank1|erm|test_rev|0.0|1.0,0.0283656672545561,0.0,1.0,0.0091097308488612,0.0,1.0,False,False,False,1.0,-0.0192559364056949
synthetic/capsule/medsiglip448_debris_corr_main/location_interaction.csv,insert_aug|erm|test_rev|0.0|1.0,-0.0587889476778364,0.0,1.0,-0.1182608695652173,0.0,1.0,False,False,False,1.0,-0.059471921887380895
synthetic/capsule/medsiglip448_debris_corr_main/location_interaction.csv,mte|erm|test_rev|0.0|1.0,0.405055849500294,0.0,1.0,0.453167701863354,0.0,1.0,False,False,False,1.0,0.04811185236305998
synthetic/capsule/medsiglip448_debris_corr_main/location_interaction.csv,mte_balanced|erm|test_rev|0.0|1.0,-0.096928277483833,0.0,1.0,-0.1450103519668737,0.0,1.0,False,False,False,1.0,-0.04808207448304071
synthetic/capsule/medsiglip448_debris_corr_main/location_interaction.csv,ui2e|erm|test_rev|0.0|1.0,-0.1288212815990593,0.0,1.0,-0.2214492753623188,0.0,1.0,False,False,False,1.0,-0.09262799376325948
synthetic/capsule/medsiglip448_debris_corr_main/location_interaction.csv,ui2e_balanced|erm|test_rev|0.0|1.0,-0.2222222222222223,0.0,1.0,-0.2804140786749483,0.0,1.0,False,False,False,1.0,-0.05819185645272598
synthetic/capsule/medsiglip448_debris_corr_main/location_interaction.csv,umte|erm|test_rev|0.0|1.0,0.2901969429747208,0.0,1.0,0.332919254658385,0.0,1.0,False,False,False,1.0,0.042722311683664194
synthetic/capsule/medsiglip448_debris_corr_main/location_interaction.csv,umte_balanced|erm|test_rev|0.0|1.0,-0.1348471487360376,0.0,1.0,-0.1648033126293996,0.0,1.0,False,False,False,1.0,-0.029956163893362003
synthetic/ovary/dino518_caliper_corr_main/bootstrap_vs_erm.csv,0.0|mask|erm|test_rev,0.0419921875,-0.0340562060723412,0.1192412261275801,0.041015625,-0.0959639498432601,0.1753642257818459,False,False,False,1.7699459914713778,-0.0009765625
synthetic/ovary/dino518_caliper_corr_main/bootstrap_vs_erm.csv,0.25|mask|erm|test_rev,-0.0169270833333333,-0.106940435379328,0.0704893563698486,-0.0166015625,-0.1716312974465149,0.1384418485135989,False,False,False,1.7475822008428454,0.00032552083333330095
synthetic/ovary/dino518_caliper_corr_main/bootstrap_vs_erm.csv,0.5|mask|erm|test_rev,-0.107421875,-0.2017002819921574,-0.0097837900348003,-0.107421875,-0.2686516955266955,0.0539244066047471,True,False,True,1.6808149150783636,0.0
synthetic/ovary/dino518_caliper_corr_main/bootstrap_vs_erm.csv,0.75|mask|erm|test_rev,-0.1682942708333333,-0.2597370651819756,-0.0763872790495509,-0.1686197916666666,-0.3258900836320191,-0.0136900584795323,True,True,False,1.7027564184176347,-0.00032552083333331483
synthetic/ovary/dino518_caliper_corr_main/bootstrap_vs_erm.csv,1.0|mask|erm|test_rev,-0.197265625,-0.292254171543394,-0.1004418049996579,-0.1969401041666666,-0.3565379901960783,-0.035270891882535,True,True,False,1.6749029486599318,0.0003255208333333981
synthetic/ovary/dino518_caliper_corr_main/bootstrap_vs_erm.csv,0.0|inpaint|erm|test_rev,0.0572916666666666,0.0374636699486879,0.0794851398001433,0.056640625,0.0247552149851,0.0921320812807881,True,True,False,1.6033914695003115,-0.0006510416666666019
synthetic/ovary/dino518_caliper_corr_main/bootstrap_vs_erm.csv,0.25|inpaint|erm|test_rev,0.0719401041666666,0.0479279919255943,0.0972825323598568,0.0712890625,0.0327139707056194,0.1151053503787878,True,True,False,1.6693779123099954,-0.0006510416666666019
synthetic/ovary/dino518_caliper_corr_main/bootstrap_vs_erm.csv,0.5|inpaint|erm|test_rev,0.0712890625,0.048011086326259,0.0956756677838667,0.0709635416666666,0.032935528848876,0.1124128898635477,True,True,False,1.6674301668914873,-0.0003255208333333981
synthetic/ovary/dino518_caliper_corr_main/bootstrap_vs_erm.csv,0.75|inpaint|erm|test_rev,0.080078125,0.0540426063783234,0.107316697798465,0.080078125,0.03937569213732,0.124454721600356,True,True,False,1.5970057338391273,0.0
synthetic/ovary/dino518_caliper_corr_main/bootstrap_vs_erm.csv,1.0|inpaint|erm|test_rev,0.078125,0.0496481075981787,0.1076849881813209,0.0771484375,0.0342261904761905,0.1218640793010753,True,True,False,1.51003789218714,-0.0009765625
synthetic/ovary/dino518_caliper_corr_main/bootstrap_vs_erm.csv,0.0|balanced|erm|test_rev,0.0690104166666666,0.034947121652423,0.1046085050834748,0.0686848958333333,0.0203366348779654,0.1206079434697856,True,True,False,1.4394102392621149,-0.00032552083333330095
synthetic/ovary/dino518_caliper_corr_main/bootstrap_vs_erm.csv,0.25|balanced|erm|test_rev,0.0836588541666666,0.0499788862824799,0.1185601904557811,0.0836588541666666,0.0337805353430353,0.133950727471064,True,True,False,1.4606049467199418,0.0
synthetic/ovary/dino518_caliper_corr_main/bootstrap_vs_erm.csv,0.5|balanced|erm|test_rev,0.0859375,0.0502822276748389,0.1212241897589319,0.0862630208333333,0.0339099520551133,0.137096818847569,True,True,False,1.4545251323911834,0.00032552083333330095
synthetic/ovary/dino518_caliper_corr_main/bootstrap_vs_erm.csv,0.75|balanced|erm|test_rev,0.0817057291666666,0.0466990349230036,0.117493466705314,0.0823567708333333,0.032258064516129,0.1348153629316419,True,True,False,1.4486633458810976,0.000651041666666699
synthetic/ovary/dino518_caliper_corr_main/bootstrap_vs_erm.csv,1.0|balanced|erm|test_rev,0.0872395833333333,0.0505210754276957,0.1265616752302285,0.0865885416666666,0.0343563928761296,0.1432660792717718,True,True,False,1.4322570663364833,-0.000651041666666699
synthetic/ovary/dino518_caliper_corr_main/bootstrap_vs_erm.csv,0.0|dfr|erm|test_rev,0.0149739583333333,-0.0423522729032647,0.0713653359570179,0.0126953125,-0.0793034437946719,0.1017065108884534,False,False,False,1.5917495671714346,-0.0022786458333332992
synthetic/ovary/dino518_caliper_corr_main/bootstrap_vs_erm.csv,0.25|dfr|erm|test_rev,0.046875,-0.0101313655770801,0.1044052546003277,0.046875,-0.0470117845117844,0.1403693526724603,False,False,False,1.6359932473475012,0.0
synthetic/ovary/dino518_caliper_corr_main/bootstrap_vs_erm.csv,0.5|dfr|erm|test_rev,0.0524088541666666,-0.0049736165568957,0.1105548084274251,0.0520833333333333,-0.0432954147568118,0.1455448717948718,False,False,False,1.6345785600151002,-0.00032552083333330095
synthetic/ovary/dino518_caliper_corr_main/bootstrap_vs_erm.csv,0.75|dfr|erm|test_rev,0.0540364583333333,-0.0060150394206575,0.1135878389006865,0.0524088541666666,-0.0446060267155343,0.1479476686507936,False,False,False,1.6099419852504109,-0.001627604166666699
synthetic/ovary/dino518_caliper_corr_main/bootstrap_vs_erm.csv,1.0|dfr|erm|test_rev,0.0478515625,-0.0130238622509602,0.1063760996045776,0.046875,-0.0488759140724866,0.1416671785421785,False,False,False,1.59583880642444,-0.0009765625
synthetic/ovary/dino518_caliper_corr_main/bootstrap_vs_erm.csv,0.0|leace|erm|test_rev,0.0576171875,0.0366215343686429,0.080940211391448,0.0559895833333333,0.0225337263283691,0.0927088068181817,True,True,False,1.583420020721795,-0.001627604166666699
synthetic/ovary/dino518_caliper_corr_main/bootstrap_vs_erm.csv,0.25|leace|erm|test_rev,0.0703125,0.0475680627833482,0.0951649437090238,0.0696614583333333,0.0323782096171801,0.1111111111111111,True,True,False,1.6541609442197593,-0.000651041666666699
synthetic/ovary/dino518_caliper_corr_main/bootstrap_vs_erm.csv,0.5|leace|erm|test_rev,0.0680338541666666,0.0437123809961162,0.0929652588886756,0.0680338541666666,0.0307182686594451,0.1092266281512604,True,True,False,1.5939852217991002,0.0
synthetic/ovary/dino518_caliper_corr_main/bootstrap_vs_erm.csv,0.75|leace|erm|test_rev,0.0751953125,0.0496486911091788,0.1019889004594616,0.0745442708333333,0.0345027590309544,0.1196311668811668,True,True,False,1.626443778252722,-0.000651041666666699
synthetic/ovary/dino518_caliper_corr_main/bootstrap_vs_erm.csv,1.0|leace|erm|test_rev,0.0732421875,0.0443799973432203,0.1034083363280476,0.0729166666666666,0.0311448523050302,0.1193380823593805,True,True,False,1.4940828688576102,-0.0003255208333333981
synthetic/ovary/dino518_caliper_corr_main/bootstrap_vs_erm.csv,0.0|umte_protect|erm|test_rev,0.0973307291666666,0.0175439453812774,0.1773647658271314,0.0963541666666666,-0.0424579552329098,0.2366666666666667,True,False,True,1.7464847265888093,-0.0009765625
synthetic/ovary/dino518_caliper_corr_main/bootstrap_vs_erm.csv,0.25|umte_protect|erm|test_rev,0.0227864583333333,-0.0652140157108596,0.110843518827577,0.0231119791666666,-0.1278932823129251,0.174495514147688,False,False,False,1.7175566910747355,0.0003255208333332975
synthetic/ovary/dino518_caliper_corr_main/bootstrap_vs_erm.csv,0.5|umte_protect|erm|test_rev,0.0009765625,-0.0899820224650564,0.0908076069760259,0.0003255208333333,-0.1477370147011045,0.1530691117172675,False,False,False,1.66384613624313,-0.0006510416666667
synthetic/ovary/dino518_caliper_corr_main/bootstrap_vs_erm.csv,0.75|umte_protect|erm|test_rev,-0.0455729166666666,-0.1328562300495757,0.0423437429849156,-0.0455729166666666,-0.199433366914017,0.104047488459253,False,False,False,1.7321969296965833,0.0
synthetic/ovary/dino518_caliper_corr_main/bootstrap_vs_erm.csv,1.0|umte_protect|erm|test_rev,-0.0826822916666666,-0.1733355368834514,0.010568697314939,-0.0830078125,-0.2415806340603088,0.0774360269360269,False,False,False,1.7346890482803676,-0.0003255208333333981
synthetic/ovary/dino518_caliper_corr_main/bootstrap_vs_erm.csv,0.0|umte_protect_balanced|erm|test_rev,0.0748697916666666,-0.0113000792759172,0.1612097304118667,0.0732421875,-0.0715425263818805,0.2186790251490795,False,False,False,1.6823481056307241,-0.001627604166666602
synthetic/ovary/dino518_caliper_corr_main/bootstrap_vs_erm.csv,0.25|umte_protect_balanced|erm|test_rev,0.0423177083333333,-0.0510040486830508,0.1361408464930502,0.0419921875,-0.1102990858505564,0.1997367216117216,False,False,False,1.6566618457347617,-0.00032552083333330095
synthetic/ovary/dino518_caliper_corr_main/bootstrap_vs_erm.csv,0.5|umte_protect_balanced|erm|test_rev,0.0406901041666666,-0.0565810410231382,0.139423633034581,0.0406901041666666,-0.1136076905147,0.1941708662714096,False,False,False,1.5702613127249985,0.0
synthetic/ovary/dino518_caliper_corr_main/bootstrap_vs_erm.csv,0.75|umte_protect_balanced|erm|test_rev,0.02734375,-0.0721004396898907,0.1279505245749521,0.0276692708333333,-0.1273566324945635,0.1858686340541179,False,False,False,1.5657273520262056,0.00032552083333330095
synthetic/ovary/dino518_caliper_corr_main/bootstrap_vs_erm.csv,1.0|umte_protect_balanced|erm|test_rev,0.0192057291666666,-0.0795707948780291,0.1235751026578797,0.0192057291666666,-0.1370228687739463,0.1798042560103964,False,False,False,1.5596038543103694,0.0
synthetic/ovary/dino518_caliper_corr_main/bootstrap_vs_erm.csv,0.0|i2e|erm|test_rev,0.0286458333333333,-0.0029718681754374,0.062142476741885,0.0283203125,-0.0251340085765488,0.0855772038792633,False,False,False,1.7002584084411108,-0.00032552083333330095
synthetic/ovary/dino518_caliper_corr_main/bootstrap_vs_erm.csv,0.25|i2e|erm|test_rev,0.0315755208333333,-0.0032692392343843,0.0684063308795078,0.033203125,-0.0270063848188848,0.0959595959595959,False,False,False,1.7155912479396873,0.001627604166666699
synthetic/ovary/dino518_caliper_corr_main/bootstrap_vs_erm.csv,0.5|i2e|erm|test_rev,0.0289713541666666,-0.0067881226052849,0.0658490704250852,0.0305989583333333,-0.027074194499111,0.0938079744689866,False,False,False,1.664191083451641,0.0016276041666667025
synthetic/ovary/dino518_caliper_corr_main/bootstrap_vs_erm.csv,0.75|i2e|erm|test_rev,0.0397135416666666,0.0011770163609175,0.0808598887898435,0.0403645833333333,-0.0205730158730158,0.1061307813355227,True,False,True,1.5901007750637166,0.000651041666666699
synthetic/ovary/dino518_caliper_corr_main/bootstrap_vs_erm.csv,1.0|i2e|erm|test_rev,0.0328776041666666,-0.0028800318234197,0.0705278103500414,0.0322265625,-0.0285901889350164,0.0962965560230638,False,False,False,1.7012725243029976,-0.0006510416666666019
synthetic/ovary/dino518_caliper_corr_main/bootstrap_vs_erm.csv,0.0|i2e_balanced|erm|test_rev,0.0416666666666666,-0.0072306893713354,0.0930685055268947,0.0426432291666666,-0.0279282591414944,0.1196605644546147,False,False,False,1.4714856260397906,0.0009765625
synthetic/ovary/dino518_caliper_corr_main/bootstrap_vs_erm.csv,0.25|i2e_balanced|erm|test_rev,0.0511067708333333,-0.0078966271951562,0.1066851546261718,0.0569661458333333,-0.0157474685276409,0.1382358511586452,False,False,False,1.3438726230178415,0.005859375
synthetic/ovary/dino518_caliper_corr_main/bootstrap_vs_erm.csv,0.5|i2e_balanced|erm|test_rev,0.0559895833333333,0.0054999206719254,0.1083886557248843,0.0618489583333333,-0.0118439287528434,0.1429266624579123,True,False,True,1.5042520556899854,0.005859375
synthetic/ovary/dino518_caliper_corr_main/bootstrap_vs_erm.csv,0.75|i2e_balanced|erm|test_rev,0.0631510416666666,0.0043414734147492,0.1239380561988199,0.06640625,-0.0108589641677877,0.1563840801585898,True,False,True,1.398393168376153,0.003255208333333398
synthetic/ovary/dino518_caliper_corr_main/bootstrap_vs_erm.csv,1.0|i2e_balanced|erm|test_rev,0.0638020833333333,0.0054121095308944,0.1234932011197306,0.064453125,-0.0117524509803921,0.1501280902490579,True,False,True,1.3709268694189032,0.000651041666666699
synthetic/ovary/dino518_caliper_corr_main/bootstrap_vs_erm.csv,0.0|i2e_rank1|erm|test_rev,-0.00390625,-0.0144021097385559,0.0059333216196307,-0.0045572916666666,-0.0223171889838556,0.0116666666666666,False,False,False,1.6711647297730443,-0.0006510416666666002
synthetic/ovary/dino518_caliper_corr_main/bootstrap_vs_erm.csv,0.25|i2e_rank1|erm|test_rev,0.0052083333333333,-0.0055881684445081,0.0159926785046863,0.0042317708333333,-0.0135138399268834,0.0214287378511516,False,False,False,1.6191476571932868,-0.0009765625
synthetic/ovary/dino518_caliper_corr_main/bootstrap_vs_erm.csv,0.5|i2e_rank1|erm|test_rev,0.0052083333333333,-0.0049098451985987,0.015247470489835,0.0052083333333333,-0.0104166666666666,0.0219113921657592,False,False,False,1.6037878918062336,0.0
synthetic/ovary/dino518_caliper_corr_main/bootstrap_vs_erm.csv,0.75|i2e_rank1|erm|test_rev,0.0071614583333333,-0.0026337021241497,0.0180634210077418,0.0071614583333333,-0.0080287929125138,0.0249999999999999,False,False,False,1.595815645587031,0.0
synthetic/ovary/dino518_caliper_corr_main/bootstrap_vs_erm.csv,1.0|i2e_rank1|erm|test_rev,0.0120442708333333,0.0006558032165653,0.0244056246304822,0.0113932291666666,-0.0057476235930478,0.0305088251229473,True,False,True,1.5265987934860672,-0.000651041666666699
synthetic/ovary/dino518_caliper_corr_main/bootstrap_vs_erm.csv,0.0|insert_aug|erm|test_rev,0.0231119791666666,0.0007258849496753,0.0480810901001631,0.0224609375,-0.0050930464762862,0.0561131199106329,True,False,True,1.2924907872833622,-0.0006510416666665984
synthetic/ovary/dino518_caliper_corr_main/bootstrap_vs_erm.csv,0.25|insert_aug|erm|test_rev,0.0296223958333333,0.0051670036241438,0.0573777867571554,0.0286458333333333,0.0007209702062642,0.0640059509263138,True,True,False,1.212105563688357,-0.0009765625
synthetic/ovary/dino518_caliper_corr_main/bootstrap_vs_erm.csv,0.5|insert_aug|erm|test_rev,0.0283203125,0.0045767329920474,0.0562305636758614,0.0283203125,-0.0003971674876847,0.0656565656565656,True,False,True,1.2787770484745207,0.0
synthetic/ovary/dino518_caliper_corr_main/bootstrap_vs_erm.csv,0.75|insert_aug|erm|test_rev,0.0276692708333333,0.0022369816897578,0.056959663150147,0.02734375,-0.0008928571428571,0.0639207337801087,True,False,True,1.1844008588994466,-0.00032552083333330095
synthetic/ovary/dino518_caliper_corr_main/bootstrap_vs_erm.csv,1.0|insert_aug|erm|test_rev,0.0276692708333333,0.0015138771439881,0.0568617336088613,0.0270182291666666,-0.0042858018207282,0.0641058016058015,True,False,True,1.2356685117504917,-0.0006510416666667025
synthetic/ovary/dino518_caliper_corr_main/bootstrap_vs_erm.csv,0.0|mte|erm|test_rev,0.04296875,-0.0346130165482763,0.1186458612183621,0.04296875,-0.0885418329608344,0.1739339981006647,False,False,False,1.7126305169816085,0.0
synthetic/ovary/dino518_caliper_corr_main/bootstrap_vs_erm.csv,0.25|mte|erm|test_rev,0.0048828125,-0.0754217698809729,0.089347162667943,0.0026041666666666,-0.1415065461737515,0.1479948751807834,False,False,False,1.7570146075237147,-0.0022786458333334
synthetic/ovary/dino518_caliper_corr_main/bootstrap_vs_erm.csv,0.5|mte|erm|test_rev,-0.0172526041666666,-0.1017090957564032,0.0668595363365287,-0.017578125,-0.1635711058857861,0.1319789397240376,False,False,False,1.753292068282828,-0.00032552083333340157
synthetic/ovary/dino518_caliper_corr_main/bootstrap_vs_erm.csv,0.75|mte|erm|test_rev,-0.0205078125,-0.1073022109972627,0.0663401407074457,-0.0218098958333333,-0.1732166105499438,0.1292111797626503,False,False,False,1.7416706658459387,-0.001302083333333301
synthetic/ovary/dino518_caliper_corr_main/bootstrap_vs_erm.csv,1.0|mte|erm|test_rev,-0.0638020833333333,-0.1513868881809062,0.0227360299365754,-0.0654296875,-0.2191470630484471,0.0872442433494425,False,False,False,1.7596265311334023,-0.001627604166666699
synthetic/ovary/dino518_caliper_corr_main/bootstrap_vs_erm.csv,0.0|mte_balanced|erm|test_rev,0.0345052083333333,-0.046815506941432,0.1158210303562876,0.0335286458333333,-0.100491963612368,0.172308465128338,False,False,False,1.6773624996781769,-0.0009765625
synthetic/ovary/dino518_caliper_corr_main/bootstrap_vs_erm.csv,0.25|mte_balanced|erm|test_rev,0.0384114583333333,-0.0460328517618147,0.1267225242865486,0.0377604166666666,-0.1093783386752136,0.1813754403757872,False,False,False,1.6830375164105085,-0.000651041666666699
synthetic/ovary/dino518_caliper_corr_main/bootstrap_vs_erm.csv,0.5|mte_balanced|erm|test_rev,0.0315755208333333,-0.0553793580870212,0.1196170351585547,0.0309244791666666,-0.1118684387774061,0.1788290885194656,False,False,False,1.6611629640213792,-0.0006510416666667025
synthetic/ovary/dino518_caliper_corr_main/bootstrap_vs_erm.csv,0.75|mte_balanced|erm|test_rev,0.0397135416666666,-0.0459591050510454,0.1285720303413552,0.0387369791666666,-0.1058219954648526,0.188840540101505,False,False,False,1.6883092801972783,-0.0009765625
synthetic/ovary/dino518_caliper_corr_main/bootstrap_vs_erm.csv,1.0|mte_balanced|erm|test_rev,0.0094401041666666,-0.0777610905455205,0.0988124242993509,0.0087890625,-0.1343410265666363,0.1576851135190918,False,False,False,1.653850184396497,-0.0006510416666666002
synthetic/ovary/dino518_caliper_corr_main/bootstrap_vs_erm.csv,0.0|ui2e|erm|test_rev,0.0257161458333333,-0.0120135939318831,0.0633709369279259,0.01953125,-0.0491465053763441,0.0846564383329089,False,False,False,1.7749389985338433,-0.006184895833333301
synthetic/ovary/dino518_caliper_corr_main/bootstrap_vs_erm.csv,0.25|ui2e|erm|test_rev,0.0403645833333333,-0.0012034322338698,0.0830881086364957,0.0364583333333333,-0.0324329806479907,0.1086958306561005,False,False,False,1.674293883429388,-0.00390625
synthetic/ovary/dino518_caliper_corr_main/bootstrap_vs_erm.csv,0.5|ui2e|erm|test_rev,0.0393880208333333,-0.001978724698495,0.0810669303289955,0.03515625,-0.0359496930085165,0.1080748314950979,False,False,False,1.7342812752327397,-0.004231770833333301
synthetic/ovary/dino518_caliper_corr_main/bootstrap_vs_erm.csv,0.75|ui2e|erm|test_rev,0.0380859375,-0.0047685824770926,0.0817713371308276,0.0338541666666666,-0.0397520821569734,0.1097312532349896,False,False,False,1.727333883243892,-0.004231770833333398
synthetic/ovary/dino518_caliper_corr_main/bootstrap_vs_erm.csv,1.0|ui2e|erm|test_rev,0.0338541666666666,-0.0108479113817335,0.0794772226508511,0.0309244791666666,-0.0469159544159544,0.1085875582750582,False,False,False,1.7215973644159224,-0.0029296875000000035
synthetic/ovary/dino518_caliper_corr_main/bootstrap_vs_erm.csv,0.0|ui2e_balanced|erm|test_rev,0.0465494791666666,-0.007100435808302,0.0979572478213451,0.0439453125,-0.032258064516129,0.1227674638830161,False,False,False,1.4756229439214208,-0.002604166666666602
synthetic/ovary/dino518_caliper_corr_main/bootstrap_vs_erm.csv,0.25|ui2e_balanced|erm|test_rev,0.0677083333333333,0.0137100941039344,0.1230318204903582,0.0660807291666666,-0.0166666666666666,0.1479053141059719,True,False,True,1.5053913454578962,-0.001627604166666699
synthetic/ovary/dino518_caliper_corr_main/bootstrap_vs_erm.csv,0.5|ui2e_balanced|erm|test_rev,0.068359375,0.0133030381211495,0.1241432557142263,0.0654296875,-0.015766501367989,0.1502320776950244,True,False,True,1.4976385166658301,-0.0029296875
synthetic/ovary/dino518_caliper_corr_main/bootstrap_vs_erm.csv,0.75|ui2e_balanced|erm|test_rev,0.0755208333333333,0.018970733413926,0.1341227317729599,0.0732421875,-0.0082782007264765,0.162309453561989,True,False,True,1.4814128866143341,-0.002278645833333301
synthetic/ovary/dino518_caliper_corr_main/bootstrap_vs_erm.csv,1.0|ui2e_balanced|erm|test_rev,0.0738932291666666,0.0174635496096397,0.1305019068259706,0.0738932291666666,-0.0094282135076252,0.1611368721662839,True,False,True,1.5089133447638885,0.0
synthetic/ovary/dino518_caliper_corr_main/bootstrap_vs_erm.csv,0.0|umte|erm|test_rev,0.103515625,0.0282440923328626,0.1801362726827123,0.1005859375,-0.0314307844932845,0.2350538038038036,True,False,True,1.7544325697563916,-0.0029296875
synthetic/ovary/dino518_caliper_corr_main/bootstrap_vs_erm.csv,0.25|umte|erm|test_rev,0.0533854166666666,-0.0276689283729132,0.1341047898795052,0.0524088541666666,-0.0858585858585858,0.193509837962963,False,False,False,1.7269085908357826,-0.0009765625
synthetic/ovary/dino518_caliper_corr_main/bootstrap_vs_erm.csv,0.5|umte|erm|test_rev,0.03515625,-0.0473358343910591,0.1177557325989246,0.0341796875,-0.1086779670239973,0.1748339792895146,False,False,False,1.7173012012825155,-0.0009765625
synthetic/ovary/dino518_caliper_corr_main/bootstrap_vs_erm.csv,0.75|umte|erm|test_rev,-0.0026041666666666,-0.0849924076959106,0.0804824259776044,-0.0022786458333333,-0.1469145758661887,0.137463653009761,False,False,False,1.7185587836095566,0.0003255208333333001
synthetic/ovary/dino518_caliper_corr_main/bootstrap_vs_erm.csv,1.0|umte|erm|test_rev,-0.0559895833333333,-0.1441617164107022,0.0344370636645878,-0.0569661458333333,-0.2157796835839599,0.1005291005291004,False,False,False,1.771057920886791,-0.0009765625
synthetic/ovary/dino518_caliper_corr_main/bootstrap_vs_erm.csv,0.0|umte_balanced|erm|test_rev,0.0787760416666666,-0.0017449798471593,0.1595286088269666,0.078125,-0.0581497873471557,0.2128189545008766,False,False,False,1.6801805185569452,-0.0006510416666666019
synthetic/ovary/dino518_caliper_corr_main/bootstrap_vs_erm.csv,0.25|umte_balanced|erm|test_rev,0.0771484375,-0.0099560725112124,0.1646441550758234,0.0768229166666666,-0.0666051136363636,0.227090126811594,False,False,False,1.682101131864531,-0.0003255208333333981
synthetic/ovary/dino518_caliper_corr_main/bootstrap_vs_erm.csv,0.5|umte_balanced|erm|test_rev,0.0904947916666666,-0.0006642790253155,0.1810248248860802,0.0904947916666666,-0.0502610609035809,0.2369986559139783,False,False,False,1.581050875553039,0.0
synthetic/ovary/dino518_caliper_corr_main/bootstrap_vs_erm.csv,0.75|umte_balanced|erm|test_rev,0.0836588541666666,-0.002659286070955,0.1719994247367205,0.0833333333333333,-0.059004627027837,0.230066413662239,False,False,False,1.655062260297942,-0.00032552083333330095
synthetic/ovary/dino518_caliper_corr_main/bootstrap_vs_erm.csv,1.0|umte_balanced|erm|test_rev,0.0559895833333333,-0.0336781047132201,0.1464360203846517,0.0543619791666666,-0.0931385726333544,0.1995340501792113,False,False,False,1.6249287647680655,-0.001627604166666699
synthetic/ovary/dino518_caliper_corr_main/location_interaction.csv,mask|erm|test_rev|0.0|1.0,0.2392578125,0.0,1.0,0.2379557291666666,0.0,1.0,False,False,False,1.0,-0.001302083333333398
synthetic/ovary/dino518_caliper_corr_main/location_interaction.csv,inpaint|erm|test_rev|0.0|1.0,-0.0208333333333333,0.0,1.0,-0.0205078125,0.0,1.0,False,False,False,1.0,0.00032552083333330095
synthetic/ovary/dino518_caliper_corr_main/location_interaction.csv,balanced|erm|test_rev|0.0|1.0,-0.0182291666666666,0.0,1.0,-0.0179036458333333,0.0,1.0,False,False,False,1.0,0.0003255208333332975
synthetic/ovary/dino518_caliper_corr_main/location_interaction.csv,dfr|erm|test_rev|0.0|1.0,-0.0328776041666666,0.0,1.0,-0.0341796875,0.0,1.0,False,False,False,1.0,-0.001302083333333398
synthetic/ovary/dino518_caliper_corr_main/location_interaction.csv,leace|erm|test_rev|0.0|1.0,-0.015625,0.0,1.0,-0.0169270833333333,0.0,1.0,False,False,False,1.0,-0.001302083333333301
synthetic/ovary/dino518_caliper_corr_main/location_interaction.csv,umte_protect|erm|test_rev|0.0|1.0,0.1800130208333333,0.0,1.0,0.1793619791666666,0.0,1.0,False,False,False,1.0,-0.0006510416666666852
synthetic/ovary/dino518_caliper_corr_main/location_interaction.csv,umte_protect_balanced|erm|test_rev|0.0|1.0,0.0556640625,0.0,1.0,0.0540364583333333,0.0,1.0,False,False,False,1.0,-0.001627604166666699
synthetic/ovary/dino518_caliper_corr_main/location_interaction.csv,i2e|erm|test_rev|0.0|1.0,-0.0042317708333333,0.0,1.0,-0.00390625,0.0,1.0,False,False,False,1.0,0.0003255208333333001
synthetic/ovary/dino518_caliper_corr_main/location_interaction.csv,i2e_balanced|erm|test_rev|0.0|1.0,-0.0221354166666666,0.0,1.0,-0.0218098958333333,0.0,1.0,False,False,False,1.0,0.0003255208333332975
synthetic/ovary/dino518_caliper_corr_main/location_interaction.csv,i2e_rank1|erm|test_rev|0.0|1.0,-0.0159505208333333,0.0,1.0,-0.0159505208333333,0.0,1.0,False,False,False,1.0,0.0
synthetic/ovary/dino518_caliper_corr_main/location_interaction.csv,insert_aug|erm|test_rev|0.0|1.0,-0.0045572916666666,0.0,1.0,-0.0045572916666666,0.0,1.0,False,False,False,1.0,0.0
synthetic/ovary/dino518_caliper_corr_main/location_interaction.csv,mte|erm|test_rev|0.0|1.0,0.1067708333333333,0.0,1.0,0.1083984375,0.0,1.0,False,False,False,1.0,0.001627604166666699
synthetic/ovary/dino518_caliper_corr_main/location_interaction.csv,mte_balanced|erm|test_rev|0.0|1.0,0.0250651041666666,0.0,1.0,0.0247395833333333,0.0,1.0,False,False,False,1.0,-0.0003255208333332975
synthetic/ovary/dino518_caliper_corr_main/location_interaction.csv,ui2e|erm|test_rev|0.0|1.0,-0.0081380208333333,0.0,1.0,-0.0113932291666666,0.0,1.0,False,False,False,1.0,-0.003255208333333301
synthetic/ovary/dino518_caliper_corr_main/location_interaction.csv,ui2e_balanced|erm|test_rev|0.0|1.0,-0.02734375,0.0,1.0,-0.0299479166666666,0.0,1.0,False,False,False,1.0,-0.0026041666666665984
synthetic/ovary/dino518_caliper_corr_main/location_interaction.csv,umte|erm|test_rev|0.0|1.0,0.1595052083333333,0.0,1.0,0.1575520833333333,0.0,1.0,False,False,False,1.0,-0.001953125
synthetic/ovary/dino518_caliper_corr_main/location_interaction.csv,umte_balanced|erm|test_rev|0.0|1.0,0.0227864583333333,0.0,1.0,0.0237630208333333,0.0,1.0,False,False,False,1.0,0.0009765625
synthetic/nih_ptx/raddino518_tube_corr_main/bootstrap_vs_erm.csv,0.0|mask|erm|test_rev,-0.0024640551704241,-0.0069492382047349,0.0018939688712187,-0.0024758449080816,-0.0102642430332925,0.0050630715803056,False,False,False,1.7332303181360584,-1.1789737657500084e-05
synthetic/nih_ptx/raddino518_tube_corr_main/bootstrap_vs_erm.csv,0.25|mask|erm|test_rev,0.0317026045611027,0.0261165465317963,0.0372579149969646,0.0313974584099666,0.0217431131582572,0.0412882103657977,True,True,False,1.7542815560444944,-0.00030514615113610283
synthetic/nih_ptx/raddino518_tube_corr_main/bootstrap_vs_erm.csv,0.5|mask|erm|test_rev,0.070046298993295,0.0622593993977163,0.0779788236202681,0.0697113317410252,0.0572165220601703,0.0825345210560117,True,True,False,1.6106187247952146,-0.00033496725226979385
synthetic/nih_ptx/raddino518_tube_corr_main/bootstrap_vs_erm.csv,0.75|mask|erm|test_rev,0.1353829445493963,0.0933527024791349,0.2033118003439769,0.1014923033818515,0.0856770505421114,0.1171674772358207,True,True,False,0.28638309430672365,-0.03389064116754481
synthetic/nih_ptx/raddino518_tube_corr_main/bootstrap_vs_erm.csv,1.0|mask|erm|test_rev,0.1104483429176965,0.100734511936226,0.120216865894859,0.1105863521996876,0.0946776464865915,0.1273072820675258,True,True,False,1.6748302412643268,0.00013800928199110551
synthetic/nih_ptx/raddino518_tube_corr_main/bootstrap_vs_erm.csv,0.0|inpaint|erm|test_rev,0.0027352191365473,0.0022102572975558,0.0032960076675507,0.0027317515666481,0.0018687836347369,0.0036987311357278,True,True,False,1.6854219455614787,-3.4675698991999335e-06
synthetic/nih_ptx/raddino518_tube_corr_main/bootstrap_vs_erm.csv,0.25|inpaint|erm|test_rev,0.0560380101142079,0.050607447448502,0.0614403923261205,0.056008882527054,0.0473282560009113,0.0654425345129996,True,True,False,1.6721472062055311,-2.9127587153898737e-05
synthetic/nih_ptx/raddino518_tube_corr_main/bootstrap_vs_erm.csv,0.5|inpaint|erm|test_rev,0.140322844627902,0.1274772775090764,0.1534267028092415,0.1399150584077474,0.121547731549371,0.1589703133583867,True,True,False,1.442135283388245,-0.0004077862201546101
synthetic/nih_ptx/raddino518_tube_corr_main/bootstrap_vs_erm.csv,0.75|inpaint|erm|test_rev,0.2586467323008297,0.2110775308024221,0.3307521561131505,0.2237990418410854,0.2008188541349312,0.2477361162328639,True,True,False,0.3920401837575399,-0.034847690459744285
synthetic/nih_ptx/raddino518_tube_corr_main/bootstrap_vs_erm.csv,1.0|inpaint|erm|test_rev,0.2993698731979039,0.2796465730449924,0.3212082067146275,0.29938859807536,0.2711797393759933,0.3289651228689534,True,True,False,1.390353996964706,1.872487745607776e-05
synthetic/nih_ptx/raddino518_tube_corr_main/bootstrap_vs_erm.csv,0.0|balanced|erm|test_rev,3.7007434154171876e-17,-0.0032210736708403,0.0028956064457434,1.2483251637385171e-05,-0.0035030540582121,0.0036771217689232,False,False,False,1.173868126219029,1.2483251637348165e-05
synthetic/nih_ptx/raddino518_tube_corr_main/bootstrap_vs_erm.csv,0.25|balanced|erm|test_rev,0.0578779027027626,0.0518031003239972,0.0644187931187605,0.0575450159924324,0.0478557025759031,0.0677881366599478,True,True,False,1.5799714219672925,-0.0003328867103302019
synthetic/nih_ptx/raddino518_tube_corr_main/bootstrap_vs_erm.csv,0.5|balanced|erm|test_rev,0.1472420336049134,0.1339833263442197,0.1606777292971977,0.146933419883878,0.1274994132608312,0.1669988153361443,True,True,False,1.4796885378890476,-0.0003086137210353834
synthetic/nih_ptx/raddino518_tube_corr_main/bootstrap_vs_erm.csv,0.75|balanced|erm|test_rev,0.2656727224307387,0.2184472627721057,0.3380420000791638,0.2311537575974456,0.2074030171044614,0.2561485867977241,True,True,False,0.40758958789389726,-0.034518964833293087
synthetic/nih_ptx/raddino518_tube_corr_main/bootstrap_vs_erm.csv,1.0|balanced|erm|test_rev,0.3093641031615916,0.2894642922751724,0.3297888727363822,0.3093772799272087,0.280475111354374,0.3388526692240731,True,True,False,1.4476916362677443,1.3176765617128883e-05
synthetic/nih_ptx/raddino518_tube_corr_main/bootstrap_vs_erm.csv,0.0|dfr|erm|test_rev,-0.0144022048196447,-0.0194652620453891,-0.0096414087530727,-0.0143945761658663,-0.0220723755449597,-0.0071371332461232,True,True,False,1.5203038822371167,7.628653778398581e-06
synthetic/nih_ptx/raddino518_tube_corr_main/bootstrap_vs_erm.csv,0.25|dfr|erm|test_rev,0.0381127542769007,0.0308108889679822,0.0456481611124117,0.0380004050121642,0.0265999621460817,0.0497688557919319,True,True,False,1.5615332400941857,-0.00011234926473650125
synthetic/nih_ptx/raddino518_tube_corr_main/bootstrap_vs_erm.csv,0.5|dfr|erm|test_rev,0.1164000798928105,0.1046266787237135,0.1282041226291022,0.115852897362705,0.0974124226079637,0.1351726690756578,True,True,False,1.6015411432731224,-0.0005471825301054944
synthetic/nih_ptx/raddino518_tube_corr_main/bootstrap_vs_erm.csv,0.75|dfr|erm|test_rev,0.2359112634992496,0.1884069860830666,0.3077408347118671,0.2011634390526044,0.1770226713780896,0.2259379894673797,True,True,False,0.4099031301793168,-0.034747824446645204
synthetic/nih_ptx/raddino518_tube_corr_main/bootstrap_vs_erm.csv,1.0|dfr|erm|test_rev,0.2798543898047897,0.2561190514196634,0.3064279719996892,0.279871727654286,0.2481425907266915,0.3128575289713486,True,True,False,1.286351157976364,1.7337849496257274e-05
synthetic/nih_ptx/raddino518_tube_corr_main/bootstrap_vs_erm.csv,0.0|leace|erm|test_rev,0.0027955548527947,0.0021738650729487,0.0034304854749535,0.0027983289087141,0.0017737353627484,0.0039163880680311,True,True,False,1.7050914515348725,2.774055919400279e-06
synthetic/nih_ptx/raddino518_tube_corr_main/bootstrap_vs_erm.csv,0.25|leace|erm|test_rev,0.0578293567241728,0.0521466131478574,0.0638153141148258,0.057728103683114,0.0484487054775767,0.0674035811063108,True,True,False,1.6244203774174437,-0.00010125304105879779
synthetic/nih_ptx/raddino518_tube_corr_main/bootstrap_vs_erm.csv,0.5|leace|erm|test_rev,0.1394927083940158,0.1267758791865726,0.1532741386753433,0.1390835351459014,0.1202250469264009,0.1587154341488088,True,True,False,1.4525628462019977,-0.0004091732481144028
synthetic/nih_ptx/raddino518_tube_corr_main/bootstrap_vs_erm.csv,0.75|leace|erm|test_rev,0.2520146581114783,0.2042526868516805,0.3254314328929719,0.2172286903959409,0.1941223389719417,0.2407516285666814,True,True,False,0.38479759131069785,-0.03478596771553738
synthetic/nih_ptx/raddino518_tube_corr_main/bootstrap_vs_erm.csv,1.0|leace|erm|test_rev,0.2867617890441435,0.266403053595074,0.3085955629799055,0.2867763528377204,0.2587275736665246,0.3159185252310603,True,True,False,1.3554764198285927,1.4563793576893858e-05
synthetic/nih_ptx/raddino518_tube_corr_main/bootstrap_vs_erm.csv,0.0|i2e|erm|test_rev,-0.002397477828358,-0.006222463944885,0.0014011946172421,-0.0023947037724386,-0.0089497978233553,0.0041126700921773,False,False,False,1.7134119804924737,2.774055919400279e-06
synthetic/nih_ptx/raddino518_tube_corr_main/bootstrap_vs_erm.csv,0.25|i2e|erm|test_rev,0.0496979053103752,0.0435530001488745,0.0558725365239879,0.0496625360974026,0.0399638940470015,0.059817866489011,True,True,False,1.6115843841426007,-3.536921297259826e-05
synthetic/nih_ptx/raddino518_tube_corr_main/bootstrap_vs_erm.csv,0.5|i2e|erm|test_rev,0.1349106615291151,0.1220989032775854,0.1486830678936655,0.1346138375457372,0.1157125310267446,0.1544116018881743,True,True,False,1.455718899589629,-0.0002968239833779085
synthetic/nih_ptx/raddino518_tube_corr_main/bootstrap_vs_erm.csv,0.75|i2e|erm|test_rev,0.251705350876463,0.2042577498860404,0.3246745256792289,0.2169422691222609,0.1930687746688958,0.2408618984569388,True,True,False,0.39689755412589683,-0.03476308175420212
synthetic/nih_ptx/raddino518_tube_corr_main/bootstrap_vs_erm.csv,1.0|i2e|erm|test_rev,0.2906440803033707,0.2708323755931288,0.3117336654065847,0.2906801430303232,0.2627858542109138,0.319214502356215,True,True,False,1.3796300410735944,3.606272695250157e-05
synthetic/nih_ptx/raddino518_tube_corr_main/bootstrap_vs_erm.csv,0.0|i2e_balanced|erm|test_rev,-0.0058761439513098,-0.0102980785452199,-0.0013141554414774,-0.0058705958394709,-0.0122145410567947,0.0005254381385002,True,False,True,1.4180864025859385,5.548111838900305e-06
synthetic/nih_ptx/raddino518_tube_corr_main/bootstrap_vs_erm.csv,0.25|i2e_balanced|erm|test_rev,0.049474593808862,0.0425707675122946,0.0569070339769966,0.0494003878130175,0.0390110408413261,0.0606836599428303,True,True,False,1.511733836341936,-7.420599584450488e-05
synthetic/nih_ptx/raddino518_tube_corr_main/bootstrap_vs_erm.csv,0.5|i2e_balanced|erm|test_rev,0.1340111738972433,0.1197377245106075,0.1495714123301511,0.1337219785676439,0.1140541952899284,0.1550678171243682,True,True,False,1.3747419387948554,-0.0002891953295993954
synthetic/nih_ptx/raddino518_tube_corr_main/bootstrap_vs_erm.csv,0.75|i2e_balanced|erm|test_rev,0.251065237473057,0.2022547761826688,0.3256494166295045,0.216311171400593,0.1924688153971164,0.2409762525236612,True,True,False,0.3931081362277166,-0.03475406607246398
synthetic/nih_ptx/raddino518_tube_corr_main/bootstrap_vs_erm.csv,1.0|i2e_balanced|erm|test_rev,0.2922454040828556,0.2703756756891958,0.3155380986522017,0.2922551132785734,0.2627324468328945,0.3224766626487483,True,True,False,1.3228744583697896,9.709195717799712e-06
synthetic/nih_ptx/raddino518_tube_corr_main/bootstrap_vs_erm.csv,0.0|i2e_rank1|erm|test_rev,0.0021429581977513,0.0010428801178331,0.0032370655382662,0.0021498933375498,0.0002551763164764,0.0040341529620723,True,True,False,1.7222685969948637,6.935139798500047e-06
synthetic/nih_ptx/raddino518_tube_corr_main/bootstrap_vs_erm.csv,0.25|i2e_rank1|erm|test_rev,0.045648477182003,0.040247129175736,0.0511629096740713,0.0453981186352754,0.0366754569836077,0.0546575519078209,True,True,False,1.6473485269290227,-0.00025035854672759983
synthetic/nih_ptx/raddino518_tube_corr_main/bootstrap_vs_erm.csv,0.5|i2e_rank1|erm|test_rev,0.1375363054568454,0.1249453061765031,0.1508524593806605,0.1374031507727132,0.118727172170369,0.1563422201725266,True,True,False,1.451917457149302,-0.00013315468413219178
synthetic/nih_ptx/raddino518_tube_corr_main/bootstrap_vs_erm.csv,0.75|i2e_rank1|erm|test_rev,0.2465268819888872,0.1988374538569914,0.3204126383708705,0.2117520104970276,0.1885505005956844,0.235464128006296,True,True,False,0.3858816056763287,-0.034774871491859594
synthetic/nih_ptx/raddino518_tube_corr_main/bootstrap_vs_erm.csv,1.0|i2e_rank1|erm|test_rev,0.2527650402376811,0.235368384557614,0.2712510406227844,0.2527782170032983,0.2275845544932721,0.2779061841084608,True,True,False,1.4023942242122243,1.3176765617184394e-05
synthetic/nih_ptx/raddino518_tube_corr_main/bootstrap_vs_erm.csv,0.0|insert_aug|erm|test_rev,0.0022740323399439,0.0012574653391304,0.0033278244641125,0.0022691777420849,0.0006443680805063,0.0038999874766757,True,True,False,1.5724901814788037,-4.8545978590000365e-06
synthetic/nih_ptx/raddino518_tube_corr_main/bootstrap_vs_erm.csv,0.25|insert_aug|erm|test_rev,0.0389290202311898,0.0351824841582972,0.0426956711377534,0.0387258206350924,0.0326635521296185,0.0452821821594536,True,True,False,1.67953094530178,-0.0002031995960973948
synthetic/nih_ptx/raddino518_tube_corr_main/bootstrap_vs_erm.csv,0.5|insert_aug|erm|test_rev,0.0835122599401358,0.0744720112946147,0.0926183141774567,0.0831051672339611,0.0706339641132931,0.096014192482399,True,True,False,1.398644590744919,-0.00040709270617469984
synthetic/nih_ptx/raddino518_tube_corr_main/bootstrap_vs_erm.csv,0.75|insert_aug|erm|test_rev,0.1394864667681971,0.0962567981847163,0.2135174908966064,0.1053489346238241,0.0914075283511008,0.1204358328301137,True,True,False,0.24755358174742786,-0.034137532144373
synthetic/nih_ptx/raddino518_tube_corr_main/bootstrap_vs_erm.csv,1.0|insert_aug|erm|test_rev,0.1118131784300507,0.0978716338022654,0.1245005281058314,0.1118187265418896,0.0962043425060572,0.1280151259618485,True,True,False,1.1945964820451211,5.548111838893366e-06
synthetic/nih_ptx/raddino518_tube_corr_main/bootstrap_vs_erm.csv,0.0|mte|erm|test_rev,-0.0101204495080211,-0.0154575397472046,-0.004740454958666,-0.0102903604330856,-0.0198304796831633,-0.0009091319673309,True,True,False,1.7655312138677728,-0.00016991092506450124
synthetic/nih_ptx/raddino518_tube_corr_main/bootstrap_vs_erm.csv,0.25|mte|erm|test_rev,0.0433376886011268,0.0358575967385499,0.050939848808171,0.0430041083768166,0.0306158325876246,0.0560407799628459,True,True,False,1.6857527150360134,-0.00033358022431020234
synthetic/nih_ptx/raddino518_tube_corr_main/bootstrap_vs_erm.csv,0.5|mte|erm|test_rev,0.1282064618858588,0.1152778261449953,0.1424805990675921,0.1278493021862334,0.1082108705137457,0.1481471258364788,True,True,False,1.4680950150327807,-0.00035715969962540894
synthetic/nih_ptx/raddino518_tube_corr_main/bootstrap_vs_erm.csv,0.75|mte|erm|test_rev,0.2468819611465728,0.1993143197991193,0.3175246091213914,0.2118775365273812,0.1876473062087155,0.2371874593300481,True,True,False,0.41908494941817787,-0.03500442461919159
synthetic/nih_ptx/raddino518_tube_corr_main/bootstrap_vs_erm.csv,1.0|mte|erm|test_rev,0.2877555945772755,0.2674082158258544,0.3094209792494317,0.2876536480222368,0.2586825340569073,0.3172628148764513,True,True,False,1.3943448620346919,-0.00010194655503870109
synthetic/nih_ptx/raddino518_tube_corr_main/bootstrap_vs_erm.csv,0.0|mte_balanced|erm|test_rev,-0.015805183600891,-0.0225113077892937,-0.0094577428016444,-0.0159348707151238,-0.0260086279883064,-0.0055395897528421,True,True,False,1.5680803102318173,-0.00012968711423280016
synthetic/nih_ptx/raddino518_tube_corr_main/bootstrap_vs_erm.csv,0.25|mte_balanced|erm|test_rev,0.0392535847737619,0.0308451314570996,0.0474094456520973,0.038990049461417,0.0260963175537156,0.0525204331923441,True,True,False,1.5952435656290789,-0.0002635353123449022
synthetic/nih_ptx/raddino518_tube_corr_main/bootstrap_vs_erm.csv,0.5|mte_balanced|erm|test_rev,0.1236174798811594,0.1088049396583807,0.1391339309297892,0.1232624007234737,0.1029397220902579,0.1445292307860175,True,True,False,1.3712789958486529,-0.0003550791576856921
synthetic/nih_ptx/raddino518_tube_corr_main/bootstrap_vs_erm.csv,0.75|mte_balanced|erm|test_rev,0.2414316347788938,0.1931383969268112,0.3147398031229405,0.2064168074500046,0.18243660274145,0.2315373166206172,True,True,False,0.4037840960488016,-0.03501482732888919
synthetic/nih_ptx/raddino518_tube_corr_main/bootstrap_vs_erm.csv,1.0|mte_balanced|erm|test_rev,0.2826007051650147,0.2611248434732596,0.3051434484120037,0.282513322403553,0.2521321431734127,0.3135147420692714,True,True,False,1.394469429035249,-8.738276146169621e-05
synthetic/nih_ptx/raddino518_tube_corr_main/bootstrap_vs_erm.csv,0.0|ui2e|erm|test_rev,-0.0097417908750203,-0.0139600016502566,-0.0055942782685588,-0.009619732414566,-0.0170265911541551,-0.0025349451873126,True,True,False,1.7322645401528278,0.00012205846045429923
synthetic/nih_ptx/raddino518_tube_corr_main/bootstrap_vs_erm.csv,0.25|ui2e|erm|test_rev,0.0421067012868845,0.0357049070670277,0.0485670816170989,0.0422363884011174,0.0314351629304204,0.0535901692316711,True,True,False,1.7224930523997635,0.00012968711423290424
synthetic/nih_ptx/raddino518_tube_corr_main/bootstrap_vs_erm.csv,0.5|ui2e|erm|test_rev,0.1218337619249729,0.1095434658602182,0.1352848652327789,0.1216714796536868,0.1031124612808718,0.1411543386884597,True,True,False,1.4778480710003274,-0.0001622822712861044
synthetic/nih_ptx/raddino518_tube_corr_main/bootstrap_vs_erm.csv,0.75|ui2e|erm|test_rev,0.2254454440292607,0.1788391190708343,0.2972102412714578,0.190475695109062,0.1677035095481215,0.2134199305905372,True,True,False,0.3862126183524086,-0.03496974892019869
synthetic/nih_ptx/raddino518_tube_corr_main/bootstrap_vs_erm.csv,1.0|ui2e|erm|test_rev,0.2514806523469901,0.2331459004676275,0.2711747770714751,0.2513031127681471,0.2242724388971282,0.2794182603315975,True,True,False,1.4501038778750022,-0.00017753957884297789
synthetic/nih_ptx/raddino518_tube_corr_main/bootstrap_vs_erm.csv,0.0|ui2e_balanced|erm|test_rev,-0.0122856001531279,-0.0172649298960533,-0.0073367780549253,-0.0121358011334792,-0.0205419764417321,-0.0042110356364062,True,True,False,1.644912473807455,0.00014979901964870014
synthetic/nih_ptx/raddino518_tube_corr_main/bootstrap_vs_erm.csv,0.25|ui2e_balanced|erm|test_rev,0.0430582024672453,0.0360131653721803,0.0505580790216757,0.0430963457361373,0.0318409231679566,0.0550536732966235,True,True,False,1.5959359187720037,3.8143268891996374e-05
synthetic/nih_ptx/raddino518_tube_corr_main/bootstrap_vs_erm.csv,0.5|ui2e_balanced|erm|test_rev,0.1277022772225042,0.1148347954830338,0.14135729243984,0.1277785637602882,0.1086508976760888,0.1478274963052368,True,True,False,1.477108233547917,7.628653778399275e-05
synthetic/nih_ptx/raddino518_tube_corr_main/bootstrap_vs_erm.csv,0.75|ui2e_balanced|erm|test_rev,0.2458451577466899,0.1986828291712637,0.3157978698366963,0.2111611365861913,0.1879486396200096,0.2348156324394864,True,True,False,0.40017911066917256,-0.034684021160498624
synthetic/nih_ptx/raddino518_tube_corr_main/bootstrap_vs_erm.csv,1.0|ui2e_balanced|erm|test_rev,0.2853310697037031,0.2659368157405238,0.3058006793090136,0.285388631364031,0.2576626854863422,0.3130446325360478,True,True,False,1.3892769564233105,5.756166032788723e-05
synthetic/nih_ptx/raddino518_tube_corr_main/bootstrap_vs_erm.csv,0.0|umte|erm|test_rev,-0.0220273910281482,-0.0286167916468634,-0.0156160347136257,-0.0215336090744917,-0.0330544822019184,-0.0105705828658494,True,True,False,1.7294300210002946,0.0004937819536564997
synthetic/nih_ptx/raddino518_tube_corr_main/bootstrap_vs_erm.csv,0.25|umte|erm|test_rev,0.0323219125451131,0.0241639293545825,0.0404091824303552,0.0323898769151388,0.0190380483363968,0.0463331970487969,True,True,False,1.6801922743269921,6.796437002570127e-05
synthetic/nih_ptx/raddino518_tube_corr_main/bootstrap_vs_erm.csv,0.5|umte|erm|test_rev,0.1137827581328384,0.100727471270867,0.1274812305538775,0.113693988343417,0.0944789745437633,0.1339210781551737,True,True,False,1.474263978911457,-8.876978942140568e-05
synthetic/nih_ptx/raddino518_tube_corr_main/bootstrap_vs_erm.csv,0.75|umte|erm|test_rev,0.2184666128499818,0.1715995876962868,0.2896283947345832,0.1837590122141682,0.1611302095301937,0.2068779871923713,True,True,False,0.3875984076271651,-0.0347076006358136
synthetic/nih_ptx/raddino518_tube_corr_main/bootstrap_vs_erm.csv,1.0|umte|erm|test_rev,0.2447826943295522,0.2262869666368339,0.264912912339481,0.2446107028625483,0.2172566388718927,0.2727251957399025,True,True,False,1.4360439818100932,-0.00017199146700389023
synthetic/nih_ptx/raddino518_tube_corr_main/bootstrap_vs_erm.csv,0.0|umte_balanced|erm|test_rev,-0.0267266417556445,-0.0344042111055179,-0.0196781277491511,-0.0264832183487154,-0.0388624031617379,-0.0148448344765179,True,True,False,1.6309542805104416,0.00024342340692910108
synthetic/nih_ptx/raddino518_tube_corr_main/bootstrap_vs_erm.csv,0.25|umte_balanced|erm|test_rev,0.0305104540297323,0.0220514952135497,0.0391480273632817,0.030392556653157,0.0164222257169696,0.0449582410722205,True,True,False,1.6691113206661754,-0.00011789737657530094
synthetic/nih_ptx/raddino518_tube_corr_main/bootstrap_vs_erm.csv,0.5|umte_balanced|erm|test_rev,0.1170762560231689,0.1036250038552016,0.1310178688610546,0.1167482239106976,0.0967540709185929,0.1375370297244237,True,True,False,1.4888168432588833,-0.00032803211247130204
synthetic/nih_ptx/raddino518_tube_corr_main/bootstrap_vs_erm.csv,0.75|umte_balanced|erm|test_rev,0.2361394295986219,0.1900029026760315,0.3048583185966552,0.2011419401192289,0.177127902067711,0.2257564669135098,True,True,False,0.4233893931428179,-0.03499748947939302
synthetic/nih_ptx/raddino518_tube_corr_main/bootstrap_vs_erm.csv,1.0|umte_balanced|erm|test_rev,0.2783668023180011,0.259303727124044,0.2986718575399959,0.2781088151174951,0.2496017107067741,0.3074226713041793,True,True,False,1.4687250826108869,-0.00025798720050601576
synthetic/nih_ptx/raddino518_tube_corr_main/location_interaction.csv,mask|erm|test_rev|0.0|1.0,-0.1129123980881207,0.0,1.0,-0.1130621971077692,0.0,1.0,False,False,False,1.0,-0.00014979901964849718
synthetic/nih_ptx/raddino518_tube_corr_main/location_interaction.csv,inpaint|erm|test_rev|0.0|1.0,-0.2966346540613566,0.0,1.0,-0.2966568465087119,0.0,1.0,False,False,False,1.0,-2.2192447355295908e-05
synthetic/nih_ptx/raddino518_tube_corr_main/location_interaction.csv,balanced|erm|test_rev|0.0|1.0,-0.3093641031615916,0.0,1.0,-0.3093647966755714,0.0,1.0,False,False,False,1.0,-6.935139797992207e-07
synthetic/nih_ptx/raddino518_tube_corr_main/location_interaction.csv,dfr|erm|test_rev|0.0|1.0,-0.2942565946244344,0.0,1.0,-0.2942663038201524,0.0,1.0,False,False,False,1.0,-9.709195718021757e-06
synthetic/nih_ptx/raddino518_tube_corr_main/location_interaction.csv,leace|erm|test_rev|0.0|1.0,-0.2839662341913488,0.0,1.0,-0.2839780239290063,0.0,1.0,False,False,False,1.0,-1.178973765747493e-05
synthetic/nih_ptx/raddino518_tube_corr_main/location_interaction.csv,i2e|erm|test_rev|0.0|1.0,-0.2930415581317287,0.0,1.0,-0.2930748468027618,0.0,1.0,False,False,False,1.0,-3.328867103308264e-05
synthetic/nih_ptx/raddino518_tube_corr_main/location_interaction.csv,i2e_balanced|erm|test_rev|0.0|1.0,-0.2981215480341654,0.0,1.0,-0.2981257091180443,0.0,1.0,False,False,False,1.0,-4.1610838789063465e-06
synthetic/nih_ptx/raddino518_tube_corr_main/location_interaction.csv,i2e_rank1|erm|test_rev|0.0|1.0,-0.2506220820399298,0.0,1.0,-0.2506283236657484,0.0,1.0,False,False,False,1.0,-6.241625818581564e-06
synthetic/nih_ptx/raddino518_tube_corr_main/location_interaction.csv,insert_aug|erm|test_rev|0.0|1.0,-0.1095391460901068,0.0,1.0,-0.1095495487998046,0.0,1.0,False,False,False,1.0,-1.0402709697793222e-05
synthetic/nih_ptx/raddino518_tube_corr_main/location_interaction.csv,mte|erm|test_rev|0.0|1.0,-0.2978760440852967,0.0,1.0,-0.2979440084553224,0.0,1.0,False,False,False,1.0,-6.79643700256527e-05
synthetic/nih_ptx/raddino518_tube_corr_main/location_interaction.csv,mte_balanced|erm|test_rev|0.0|1.0,-0.2984058887659057,0.0,1.0,-0.2984481931186768,0.0,1.0,False,False,False,1.0,-4.230435277113864e-05
synthetic/nih_ptx/raddino518_tube_corr_main/location_interaction.csv,ui2e|erm|test_rev|0.0|1.0,-0.2612224432220104,0.0,1.0,-0.2609228451827132,0.0,1.0,False,False,False,1.0,0.00029959803929718865
synthetic/nih_ptx/raddino518_tube_corr_main/location_interaction.csv,ui2e_balanced|erm|test_rev|0.0|1.0,-0.297616669856831,0.0,1.0,-0.2975244324975102,0.0,1.0,False,False,False,1.0,9.223735932079036e-05
synthetic/nih_ptx/raddino518_tube_corr_main/location_interaction.csv,umte|erm|test_rev|0.0|1.0,-0.2668100853577005,0.0,1.0,-0.2661443119370401,0.0,1.0,False,False,False,1.0,0.0006657734206604315
synthetic/nih_ptx/raddino518_tube_corr_main/location_interaction.csv,umte_balanced|erm|test_rev|0.0|1.0,-0.3050934440736456,0.0,1.0,-0.3045920334662106,0.0,1.0,False,False,False,1.0,0.0005014106074349711
ovary/dino518_repro/bootstrap_vs_erm.csv,trapA|mask|test_rev|mask|erm,0.1323029743812418,0.0906281845493354,0.1740953425990686,0.1323029743812419,0.0720814905734614,0.1955099122504044,True,True,False,1.4787663143316707,8.326672684688674e-17
ovary/dino518_repro/bootstrap_vs_erm.csv,trapA|mask|clean|mask|erm,0.0550016523463317,0.031576533041499,0.0780421186386289,0.0550016523463318,0.0154236006318461,0.0960339165723989,True,True,False,1.7348391267349481,1.0408340855860843e-16
ovary/dino518_repro/bootstrap_vs_erm.csv,trapB|mask|test_rev|mask|erm,0.3022024651444737,0.2612847074850505,0.3431659314696801,0.3022024651444736,0.2252010949472968,0.3783758057901139,True,True,False,1.8706939563039555,-1.1102230246251565e-16
ovary/dino518_repro/bootstrap_vs_erm.csv,trapB|mask|clean|mask|erm,0.0970180305131761,0.0542000874053876,0.1370788477816847,0.0970180305131761,0.0335414253813217,0.157608079673632,True,True,False,1.4969656125285473,0.0
ovary/dino518_repro/T3_crossover.json,T3_crossover,0.16989949076323174,0.11619412340278121,0.2229183122347636,0.16989949076323174,0.08679673926555243,0.2522140986102408,True,True,False,1.549951900830163,0.0
ovary/dino518_matched/bootstrap_vs_erm.csv,trapA|mask|test_rev|mask|erm,0.1273291925465838,0.0727680991616357,0.1823274057992976,0.1273291925465838,0.038266799247215,0.2113127390685853,True,True,False,1.5794727543655733,0.0
ovary/dino518_matched/bootstrap_vs_erm.csv,trapA|mask|clean|mask|erm,0.0770880220055013,0.0334181070439792,0.1227224228939055,0.0770880220055014,0.0138684396578961,0.1426078785326555,True,True,False,1.4415813799089265,9.71445146547012e-17
ovary/dino518_matched/bootstrap_vs_erm.csv,trapB|mask|test_rev|mask|erm,0.2900177462289264,0.248684103054283,0.3307358923944895,0.2900177462289264,0.2111711703081336,0.3659013983839593,True,True,False,1.885762995786441,0.0
ovary/dino518_matched/bootstrap_vs_erm.csv,trapB|mask|clean|mask|erm,0.1224368592148037,0.0778711276249299,0.1634049013394093,0.1224368592148037,0.0574047835318861,0.1866630552461972,True,True,False,1.5111957078590803,0.0
ovary/dino518_matched/T3_crossover.json,T3_crossover,0.1626885536823425,0.08722243056171279,0.2366806074736623,0.1626885536823425,0.0497804862274741,0.2729582421055401,True,True,False,1.49324553857998,0.0
ovary/dino518_matched05/bootstrap_vs_erm.csv,trapA|mask|test_rev|mask|erm,0.1177339901477833,0.0617636083296566,0.1728355646762601,0.1177339901477832,0.0356236915914026,0.2035874834468204,True,True,False,1.5122070176857383,-9.71445146547012e-17
ovary/dino518_matched05/bootstrap_vs_erm.csv,trapA|mask|clean|mask|erm,0.0808624742873934,0.0418237835093844,0.1207324441114852,0.0808624742873934,0.0220491628743967,0.1416859005955061,True,True,False,1.5161420407879065,0.0
ovary/dino518_matched05/bootstrap_vs_erm.csv,trapB|mask|test_rev|mask|erm,0.2696575181796857,0.2193228341988646,0.3194245264227693,0.2696575181796857,0.1837034066444558,0.3534896974485094,True,True,False,1.6961380675191815,0.0
ovary/dino518_matched05/bootstrap_vs_erm.csv,trapB|mask|clean|mask|erm,0.0961357625624448,0.0620412373202394,0.1302578583165682,0.0961357625624448,0.0360640637327089,0.1567962794700488,True,True,False,1.7698357669143023,0.0
ovary/dino518_matched05/T3_crossover.json,T3_crossover,0.1519235280319024,0.0740114302694312,0.23280656905277933,0.1519235280319024,0.03734692052204719,0.26705323123223984,True,True,False,1.4465575739292125,0.0
ovary/dino518_universal/bootstrap_vs_erm.csv,trapA|mask|test_rev|mask|erm,0.131608228397742,0.0891213402668209,0.1744163953259344,0.1323029743812419,0.0720814905734614,0.1955099122504044,True,True,False,1.4470759364819132,0.0006947459834998893
ovary/dino518_universal/bootstrap_vs_erm.csv,trapA|mask|clean|mask|erm,0.0582105089226702,0.0360906390491699,0.0798856187825218,0.0550016523463318,0.0154236006318461,0.0960339165723989,True,True,False,1.840629141316038,-0.0032088565763383967
ovary/dino518_universal/bootstrap_vs_erm.csv,trapA|jtt|test_rev|jtt|erm,0.0141934433347807,-0.0138863386582439,0.0437895368536694,0.0269322622666087,-0.021415963875275,0.0748547872968977,False,False,False,1.6691684403176055,0.012738818931828
ovary/dino518_universal/bootstrap_vs_erm.csv,trapA|jtt|clean|jtt|erm,-0.0077230667547918,-0.0320042410819472,0.0166549624139984,-0.0039805023132848,-0.0416577035533387,0.0327899333304842,False,False,False,1.529980590208922,0.0037425644415069997
ovary/dino518_universal/bootstrap_vs_erm.csv,trapA|mask_balanced|test_rev|mask_balanced|erm,0.2738384715588363,0.2411646355077909,0.3064252162690722,0.2745006513243595,0.2192208820858782,0.3295508873722642,True,True,False,1.6906071628440684,0.0006621797655232409
ovary/dino518_universal/bootstrap_vs_erm.csv,trapA|mask_balanced|clean|mask_balanced|erm,0.1189309319233311,0.0955770399969725,0.1418963456023672,0.1156906807666886,0.0730478362049308,0.1580723445907663,True,True,False,1.8356170774704554,-0.00324025115664249
ovary/dino518_universal/bootstrap_vs_erm.csv,trapA|mask_jtt|test_rev|mask_jtt|erm,-0.0164676508901432,-0.0464628462297196,0.0129542918557484,-0.0157946157186278,-0.0619212741819724,0.0315642716609016,False,False,False,1.5733767874918618,0.000673035171515398
ovary/dino518_universal/bootstrap_vs_erm.csv,trapA|mask_jtt|clean|mask_jtt|erm,0.0190284203569067,-0.0007120157928954,0.0392925369121717,0.0183955717118308,-0.0163525963018553,0.0541626066876943,False,False,False,1.762679450747063,-0.0006328486450759008
ovary/dino518_universal/bootstrap_vs_erm.csv,trapA|balanced|test_rev|balanced|erm,0.2937689969604863,0.2667379998392821,0.3197671524500909,0.2900510204081633,0.2484206542123067,0.3324953213592448,True,True,False,1.5854424030490988,-0.0037179765523230324
ovary/dino518_universal/bootstrap_vs_erm.csv,trapA|balanced|clean|balanced|erm,0.0838747521480502,0.0661659998195747,0.1016342073177946,0.0751189689358889,0.0408856515431509,0.1073233329919883,True,True,False,1.8731615194303752,-0.008755783212161292
ovary/dino518_universal/bootstrap_vs_erm.csv,trapA|dfr|test_rev|dfr|erm,0.3092189535388623,0.2764922989027421,0.3422174591595264,0.309965262700825,0.2631705938873838,0.3573055958914472,True,True,False,1.4322521487400495,0.0007463091619626661
ovary/dino518_universal/bootstrap_vs_erm.csv,trapA|dfr|clean|dfr|erm,0.0759633179114342,0.0561487104632126,0.095999262530825,0.0727990746860542,0.0377508489772711,0.1080085526937382,True,True,False,1.763029621202347,-0.0031642432253799896
ovary/dino518_universal/bootstrap_vs_erm.csv,trapA|mte|test_rev|mte|erm,0.1507381676074685,0.1195805789647098,0.1827186414337625,0.1518942683456361,0.0979947511467821,0.2033960754310091,True,True,False,1.6693785042246068,0.0011561007381676036
ovary/dino518_universal/bootstrap_vs_erm.csv,trapA|mte|clean|mte|erm,0.086969596827495,0.0652455361922472,0.1084391019021102,0.0829444811632518,0.0468757588994493,0.1191340214199437,True,True,False,1.672894129784581,-0.004025115664243198
ovary/dino518_universal/bootstrap_vs_erm.csv,trapA|mte_balanced|test_rev|mte_balanced|erm,0.321995766391663,0.2950155811675582,0.3486418365461799,0.3212141771602258,0.2706818651930142,0.3721368059923371,True,True,False,1.891889338217121,-0.0007815892314371742
ovary/dino518_universal/bootstrap_vs_erm.csv,trapA|mte_balanced|clean|mte_balanced|erm,0.1443307997356246,0.1149081195612725,0.1708649060105123,0.1387623925974884,0.0945943342247494,0.183031850836913,True,True,False,1.5804609632539948,-0.005568407138136194
ovary/dino518_universal/bootstrap_vs_erm.csv,trapA|mte_protect|test_rev|mte_protect|erm,0.1746824793747286,0.1393762186724887,0.2094432874703458,0.1754586409031698,0.1158811578721464,0.2346008121872309,True,True,False,1.6943716406574634,0.0007761615284411771
ovary/dino518_universal/bootstrap_vs_erm.csv,trapA|mte_protect|clean|mte_protect|erm,0.0823925974884335,0.0595753651914986,0.1051008404175928,0.0792283542630535,0.0378089337466376,0.1210784973739301,True,True,False,1.829076208732561,-0.0031642432253800035
ovary/dino518_universal/bootstrap_vs_erm.csv,trapA|mte_protect_balanced|test_rev|mte_protect_balanced|erm,0.2629993486756405,0.2340774342553225,0.2914493446303866,0.2637863656100738,0.2072013951109864,0.3174073777085053,True,True,False,1.9209048797060524,0.0007870169344332822
ovary/dino518_universal/bootstrap_vs_erm.csv,trapA|mte_protect_balanced|clean|mte_protect_balanced|erm,0.1174504296100462,0.0913427325043326,0.1436817258584213,0.1142250495703899,0.0710362436471326,0.1578099355053119,True,True,False,1.6579167136656552,-0.003225380039656306
ovary/dino518_universal/bootstrap_vs_erm.csv,trapA|mask_dfr|test_rev|mask_dfr|erm,0.3380454841511072,0.3093806157795758,0.3664158243775335,0.3387022362136344,0.2840955638086928,0.392814667863027,True,True,False,1.9061752683451607,0.0006567520625271883
ovary/dino518_universal/bootstrap_vs_erm.csv,trapA|mask_dfr|clean|mask_dfr|erm,0.1225760079312624,0.0976146866738765,0.1479863637411761,0.119398545935228,0.0747463436416631,0.1641290163286206,True,True,False,1.7744629103282952,-0.0031774619960344003
ovary/dino518_universal/bootstrap_vs_erm.csv,trapA|umte_jtt|test_rev|umte_jtt|erm,0.0646547980894485,0.0394197130183307,0.0903233202155096,0.0663238167607468,0.0179313489810796,0.1144290949047613,True,True,False,1.8956956341009497,0.001669018671298303
ovary/dino518_universal/bootstrap_vs_erm.csv,trapA|umte_jtt|clean|umte_jtt|erm,0.0469282881692002,0.0247613802520293,0.0698553049583264,0.0454362194315928,0.0084334354659467,0.0817554822930704,True,True,False,1.6259850368908946,-0.001492068737607398
ovary/dino518_universal/bootstrap_vs_erm.csv,trapA|mte_aug|test_rev|mte_aug|erm,0.1158760312635692,0.0716704223885035,0.1611249111140734,0.1166141988710377,0.0541249083736126,0.1780497554967249,True,True,False,1.3853396166992937,0.000738167607468504
ovary/dino518_universal/bootstrap_vs_erm.csv,trapA|mte_aug|clean|mte_aug|erm,0.0519167217448776,0.0278776736811114,0.0757034336199092,0.0487343027098479,0.0087733695172072,0.0892848577263754,True,True,False,1.683433536909775,-0.0031824190350297
ovary/dino518_universal/bootstrap_vs_erm.csv,trapB|mask|test_rev|mask|erm,0.3021014346332593,0.2612049178280816,0.3432526117261743,0.3022024651444736,0.2252010949472968,0.3783758057901139,True,True,False,1.8668984290170019,0.00010103051121429507
ovary/dino518_universal/bootstrap_vs_erm.csv,trapB|mask|clean|mask|erm,0.0969166755574522,0.0542093714041521,0.1369526722124362,0.0970180305131761,0.0335414253813217,0.157608079673632,True,True,False,1.4994163041642758,0.00010135495572390074
ovary/dino518_universal/bootstrap_vs_erm.csv,trapB|jtt|test_rev|jtt|erm,0.1102343907860173,0.0666132332420461,0.1537064459847658,0.1102444938371388,0.0500446362588925,0.1705814005316221,True,True,False,1.3839972194940704,1.0103051121507223e-05
ovary/dino518_universal/bootstrap_vs_erm.csv,trapB|jtt|clean|jtt|erm,0.0190707350901525,-0.0053792656544039,0.0443243175104859,0.0180305131761442,-0.019897130582705,0.0570579756213539,False,False,False,1.548280854295015,-0.001040221914008297
ovary/dino518_universal/bootstrap_vs_erm.csv,trapB|mask_balanced|test_rev|mask_balanced|erm,0.3316831683168316,0.2907229823963527,0.3718955269865261,0.3315013133966458,0.2540891346333284,0.4104840308372174,True,True,False,1.9266969760958048,-0.00018185492018579774
ovary/dino518_universal/bootstrap_vs_erm.csv,trapB|mask_balanced|clean|mask_balanced|erm,0.1084284647391444,0.0660897271082378,0.1487270908860864,0.1084231302677904,0.0441250378129296,0.1736724017402722,True,True,False,1.5676608982300144,-5.334471354007109e-06
ovary/dino518_universal/bootstrap_vs_erm.csv,trapB|mask_jtt|test_rev|mask_jtt|erm,0.132451000202061,0.0858852490890595,0.1776278861256542,0.1287330773893715,0.0540492566853243,0.2018022754210698,True,True,False,1.6105163695786195,-0.0037179228126894837
ovary/dino518_universal/bootstrap_vs_erm.csv,trapB|mask_jtt|clean|mask_jtt|erm,0.0195561719833564,-0.0096958713886325,0.0488074045004459,0.018329243571962,-0.0305461336930805,0.0684040493139136,False,False,False,1.6913614067458822,-0.0012269284113943998
ovary/dino518_universal/bootstrap_vs_erm.csv,trapB|balanced|test_rev|balanced|erm,0.2557284299858557,0.2078297479856087,0.3012314028353973,0.2559405940594059,0.1901311888581144,0.3196694834558109,True,True,False,1.38689506953623,0.00021216407355018063
ovary/dino518_universal/bootstrap_vs_erm.csv,trapB|balanced|clean|balanced|erm,0.057964365731356,0.032862799519136,0.0830887115347043,0.0580497172730182,0.0149798784305983,0.1018224397428269,True,True,False,1.7290390124784674,8.53515416621986e-05
ovary/dino518_universal/bootstrap_vs_erm.csv,trapB|dfr|test_rev|dfr|erm,0.2783693675489998,0.2331932479691743,0.3213187027748538,0.2784602950090927,0.2092683813907347,0.3485607560716089,True,True,False,1.5806145339961082,9.092746009287112e-05
ovary/dino518_universal/bootstrap_vs_erm.csv,trapB|dfr|clean|dfr|erm,0.0354208897898218,0.0017776166713583,0.0678104831123853,0.035458231089299,-0.018410073955339,0.088876093331382,True,False,True,1.624738907594398,3.734129947719628e-05
ovary/dino518_universal/bootstrap_vs_erm.csv,trapB|mte|test_rev|mte|erm,0.3127399474641342,0.2756190748232649,0.3502897832473923,0.3168417862194382,0.242189812211377,0.3883500637584819,True,True,False,1.9573974136808652,0.00410183875530401
ovary/dino518_universal/bootstrap_vs_erm.csv,trapB|mte|clean|mte|erm,0.1264643123866425,0.0948198311841981,0.1577312963560032,0.1289021657953696,0.0744539593149589,0.1829094658499375,True,True,False,1.7239386531341647,0.0024378534087270975
ovary/dino518_universal/bootstrap_vs_erm.csv,trapB|mte_balanced|test_rev|mte_balanced|erm,0.3423014750454637,0.3033698888492969,0.3813320850616293,0.3425237421701353,0.2649362306213613,0.4189160921729127,True,True,False,1.9750580285370947,0.0002222671246716046
ovary/dino518_universal/bootstrap_vs_erm.csv,trapB|mte_balanced|clean|mte_balanced|erm,0.1263309506027953,0.0925263744932481,0.1598292392826141,0.1264803158007041,0.0687428152830134,0.1854187423174012,True,True,False,1.7335952548162976,0.0001493651979087851
ovary/dino518_universal/bootstrap_vs_erm.csv,trapB|mte_protect|test_rev|mte_protect|erm,0.3221155789048293,0.2754143874320977,0.3663566521283486,0.322226712467165,0.2434599949858709,0.3980828660811497,True,True,False,1.7002311478796177,0.00011113356233571903
ovary/dino518_universal/bootstrap_vs_erm.csv,trapB|mte_protect|clean|mte_protect|erm,0.1128720793769337,0.0761179875123333,0.1489540757277519,0.1129947722180731,0.0539413606166841,0.1717983734877073,True,True,False,1.6181128855032902,0.00012269284113938794
ovary/dino518_universal/bootstrap_vs_erm.csv,trapB|mte_protect_balanced|test_rev|mte_protect_balanced|erm,0.3525863810870883,0.3104610899039915,0.3941178813637971,0.3528995756718528,0.2707136608284951,0.4325475519958816,True,True,False,1.9344979450370448,0.0003131945847645312
ovary/dino518_universal/bootstrap_vs_erm.csv,trapB|mte_protect_balanced|clean|mte_protect_balanced|erm,0.1073509015256588,0.0664636456920185,0.1429117144874526,0.1094420142963832,0.0450382328507186,0.173975617523556,True,True,False,1.686600939755044,0.002091112770724393
ovary/dino518_universal/bootstrap_vs_erm.csv,trapB|mask_dfr|test_rev|mask_dfr|erm,0.3469084663568397,0.3052807536042211,0.3875105032240771,0.3468579511012325,0.2638744287635799,0.4278465468684476,True,True,False,1.9940729342227417,-5.051525560717529e-05
ovary/dino518_universal/bootstrap_vs_erm.csv,trapB|mask_dfr|clean|mask_dfr|erm,0.0906273338312173,0.0540851936133719,0.1270677020719251,0.0906753440734023,0.0217308407879727,0.1562513307255503,True,True,False,1.843188084086913,4.8010242185009266e-05
ovary/dino518_universal/bootstrap_vs_erm.csv,trapB|umte_jtt|test_rev|umte_jtt|erm,0.2273893715902201,0.1828427438556837,0.2732056459005333,0.2291877146898363,0.1534536498974714,0.3044578911838749,True,True,False,1.6710866723985458,0.001798343099616212
ovary/dino518_universal/bootstrap_vs_erm.csv,trapB|umte_jtt|clean|umte_jtt|erm,0.0712632028166009,0.0372616772378122,0.1058148517665817,0.0751520324335858,0.0238330445731774,0.1278140405533457,True,True,False,1.5167933023514604,0.003888829616984904
ovary/dino518_universal/bootstrap_vs_erm.csv,trapB|mte_aug|test_rev|mte_aug|erm,0.3053950292988482,0.2628669210932574,0.3484777552569734,0.3053344109921195,0.224247677408706,0.382841785740262,True,True,False,1.8525004443745057,-6.061830672871027e-05
ovary/dino518_universal/bootstrap_vs_erm.csv,trapB|mte_aug|clean|mte_aug|erm,0.1037501333617838,0.0721702138013558,0.1354260390885572,0.1037714712471993,0.0440563810533547,0.161565943974141,True,True,False,1.8576876103861715,2.133788541550108e-05
ovary/dino518_universal/T3_crossover.json,T3_crossover,0.1704932062355172,0.11559599591732483,0.22439137572397094,0.16989949076323174,0.08679673926555243,0.2522140986102408,True,True,False,1.5204447067391307,-0.0005937154722854554
ovary/dino518_universal/EXTRA.json,trapA_mte_minus_mask,0.01912993920972641,-0.00742242010700349,0.04358756170116655,0.01959129396439423,-0.015337358475492373,0.05276416865981649,False,False,False,1.3350627606850343,0.0004613547546678219
ovary/dino518_universal/EXTRA.json,trapB_mte_minus_mask,0.01063851283087489,-0.01778124740885866,0.037331415437248376,0.014639321074964618,-0.02293489238201523,0.05144028754894167,False,False,False,1.349511638344118,0.004000808244089727
ovary/dino518_main/bootstrap_vs_erm.csv,trapA|prevcal|test_rev|prevcal|erm,0.5133467216673904,0.4884415423704734,0.5390139763891029,0.5143535605731655,0.4675636017936525,0.5613595032565174,True,True,False,1.8546843410446314,0.0010068389057751315
ovary/dino518_main/bootstrap_vs_erm.csv,trapA|prevcal|clean|prevcal|erm,-0.0571959682749504,-0.0842507191729983,-0.0310779417030847,-0.0579230006609385,-0.1129818261609901,-0.0043347881325857,True,True,False,2.0432831083514387,-0.0007270323859880981
ovary/dino518_main/bootstrap_vs_erm.csv,trapA|mask|test_rev|mask|erm,0.131608228397742,0.0891213402668209,0.1744163953259344,0.1323029743812419,0.0720814905734614,0.1955099122504044,True,True,False,1.4470759364819132,0.0006947459834998893
ovary/dino518_main/bootstrap_vs_erm.csv,trapA|mask|clean|mask|erm,0.0582105089226702,0.0360906390491699,0.0798856187825218,0.0550016523463318,0.0154236006318461,0.0960339165723989,True,True,False,1.840629141316038,-0.0032088565763383967
ovary/dino518_main/bootstrap_vs_erm.csv,trapA|inpaint|test_rev|inpaint|erm,0.1563341293964394,0.1421681155271109,0.1710641295501316,0.1603153495440729,0.1353887953762766,0.1855616705260133,True,True,False,1.7363251246267146,0.003981220147633496
ovary/dino518_main/bootstrap_vs_erm.csv,trapA|inpaint|clean|inpaint|erm,0.0502775941837409,0.0350285249055157,0.0650568223825459,0.0500611368142762,0.0305072028223921,0.0699081516949524,True,True,False,1.3121272993482103,-0.00021645736946469818
ovary/dino518_main/bootstrap_vs_erm.csv,trapA|balanced|test_rev|balanced|erm,0.2937689969604863,0.2667379998392821,0.3197671524500909,0.2900510204081633,0.2484206542123067,0.3324953213592448,True,True,False,1.5854424030490988,-0.0037179765523230324
ovary/dino518_main/bootstrap_vs_erm.csv,trapA|balanced|clean|balanced|erm,0.0838747521480502,0.0661659998195747,0.1016342073177946,0.0751189689358889,0.0408856515431509,0.1073233329919883,True,True,False,1.8731615194303752,-0.008755783212161292
ovary/dino518_main/bootstrap_vs_erm.csv,trapA|dfr|test_rev|dfr|erm,0.3092189535388623,0.2764922989027421,0.3422174591595264,0.309965262700825,0.2631705938873838,0.3573055958914472,True,True,False,1.4322521487400495,0.0007463091619626661
ovary/dino518_main/bootstrap_vs_erm.csv,trapA|dfr|clean|dfr|erm,0.0759633179114342,0.0561487104632126,0.095999262530825,0.0727990746860542,0.0377508489772711,0.1080085526937382,True,True,False,1.763029621202347,-0.0031642432253799896
ovary/dino518_main/bootstrap_vs_erm.csv,trapA|leace_paired|test_rev|leace_paired|erm,0.1416114850195397,0.1276933057630712,0.1557026773671458,0.1420457012592271,0.119311595516768,0.1659515198392832,True,True,False,1.6651542555753145,0.0004342162396873961
ovary/dino518_main/bootstrap_vs_erm.csv,trapA|leace_paired|clean|leace_paired|erm,0.0530485789821547,0.0389695150493546,0.0672855012700836,0.0496844018506279,0.0300445264554356,0.0701257502374105,True,True,False,1.4154980677534383,-0.0033641771315267993
ovary/dino518_main/bootstrap_vs_erm.csv,trapA|leace_unpaired|test_rev|leace_unpaired|erm,0.3682967867998263,0.3372185252048005,0.3994037716578563,0.3688639817629179,0.3197165786239456,0.4175322960736288,True,True,False,1.5729730607970684,0.0005671949630915996
ovary/dino518_main/bootstrap_vs_erm.csv,trapA|leace_unpaired|clean|leace_unpaired|erm,0.0659434897554527,0.0440684359671585,0.0874917501470084,0.0625809649702577,0.0232617554728715,0.1022979901141884,True,True,False,1.8201336340650107,-0.003362524785194998
ovary/dino518_main/bootstrap_vs_erm.csv,trapA|mte|test_rev|mte|erm,0.2014844767694311,0.1720145227461178,0.2307067424413345,0.2037776812852801,0.1483822091644356,0.2562086451827106,True,True,False,1.8371504192243502,0.0022932045158489955
ovary/dino518_main/bootstrap_vs_erm.csv,trapA|mte|clean|mte|erm,0.107673496364838,0.084107526058638,0.1304769295606032,0.1056411103767349,0.066817575782453,0.1458078160838923,True,True,False,1.7034991683274854,-0.002032385988103097
ovary/dino518_main/bootstrap_vs_erm.csv,trapA|mte_balanced|test_rev|mte_balanced|erm,0.3154906643508467,0.2858400728471723,0.3442958160744237,0.3171081198436821,0.2650844524625594,0.3693685099800602,True,True,False,1.783983091483211,0.0016174554928353735
ovary/dino518_main/bootstrap_vs_erm.csv,trapA|mte_balanced|clean|mte_balanced|erm,0.1316011235955056,0.1050215362962923,0.1583325359438135,0.1293836748182419,0.086032555557457,0.1737774932298884,True,True,False,1.6459068157149304,-0.0022174487772637086
ovary/dino518_main/bootstrap_vs_erm.csv,trapA|i2e|test_rev|i2e|erm,0.1062310030395136,0.0849848884727871,0.1269774655294281,0.1073328267477203,0.0678939387943486,0.1473767007937708,True,True,False,1.8927812382701155,0.0011018237082066895
ovary/dino518_main/bootstrap_vs_erm.csv,trapA|i2e|clean|i2e|erm,0.0202544613350958,0.0028513047761236,0.0375437102643424,0.0174900859220092,-0.011437133513466,0.0470366255797403,True,False,True,1.6854916305259782,-0.002764375413086599
ovary/dino518_main/bootstrap_vs_erm.csv,trapA|i2e_balanced|test_rev|i2e_balanced|erm,0.2861892097264437,0.2589244360167779,0.3129526581951428,0.2871444854537559,0.240882547702733,0.3326936248671897,True,True,False,1.6993170136407258,0.0009552757273122436
ovary/dino518_main/bootstrap_vs_erm.csv,trapA|i2e_balanced|clean|i2e_balanced|erm,0.0561186384666225,0.033723674557409,0.0777093969542142,0.0529097818902841,0.0167845297245449,0.0897038589479437,True,True,False,1.65779542201392,-0.0032088565763384036
ovary/dino518_main/bootstrap_vs_erm.csv,trapA|i2e_rank1|test_rev|i2e_rank1|erm,0.0276487190620929,0.0162244288494373,0.0384290906091649,0.0259308510638297,0.0086735475171491,0.0435241964848789,True,True,False,1.5695194704986735,-0.0017178679982631992
ovary/dino518_main/bootstrap_vs_erm.csv,trapA|i2e_rank1|clean|i2e_rank1|erm,0.0062772637144745,-0.007864028688841,0.0206608332095333,-0.0007005948446794,-0.0201732298287161,0.0149336848169968,False,False,False,1.230747926871251,-0.0069778585591539
ovary/dino518_main/bootstrap_vs_erm.csv,trapA|insert_aug|test_rev|insert_aug|erm,0.0374158706035605,0.0229787057708139,0.0500841990656034,0.0388135041250542,0.021403494614246,0.0538786326667657,True,True,False,1.1981017168487542,0.0013976335214937047
ovary/dino518_main/bootstrap_vs_erm.csv,trapA|insert_aug|clean|insert_aug|erm,0.0265565102445472,0.0171301647031982,0.0368539584108712,0.0221777924653007,0.010541714151512,0.0357992045427807,True,True,False,1.2805594484312102,-0.004378717779246501
ovary/dino518_main/bootstrap_vs_erm.csv,trapB|prevcal|test_rev|prevcal|erm,0.5066882198423924,0.4728629015386436,0.54039538311591,0.5066174984845423,0.4402335239115684,0.5714888720924164,True,True,False,1.9435884053908778,-7.072135785013423e-05
ovary/dino518_main/bootstrap_vs_erm.csv,trapB|prevcal|clean|prevcal|erm,-0.0560012802731248,-0.0918625618194173,-0.0202136354939872,-0.0560332871012482,-0.1292204403615068,0.0169211627235458,True,False,True,2.0396900634808683,-3.2006828123397335e-05
ovary/dino518_main/bootstrap_vs_erm.csv,trapB|mask|test_rev|mask|erm,0.3021014346332593,0.2612049178280816,0.3432526117261743,0.3022024651444736,0.2252010949472968,0.3783758057901139,True,True,False,1.8668984290170019,0.00010103051121429507
ovary/dino518_main/bootstrap_vs_erm.csv,trapB|mask|clean|mask|erm,0.0969166755574522,0.0542093714041521,0.1369526722124362,0.0970180305131761,0.0335414253813217,0.157608079673632,True,True,False,1.4994163041642758,0.00010135495572390074
ovary/dino518_main/bootstrap_vs_erm.csv,trapB|inpaint|test_rev|inpaint|erm,0.0460497070115174,0.038665576343451,0.0538432103170029,0.0458880581935744,0.031813842397098,0.0614335449259068,True,True,False,1.9515362262934541,-0.0001616488179429984
ovary/dino518_main/bootstrap_vs_erm.csv,trapB|inpaint|clean|inpaint|erm,0.0158700522778193,0.0112086953923216,0.0206243226945453,0.015880721220527,0.0068616673528726,0.025297595452302,True,True,False,1.9580137900185752,1.0668942707698498e-05
ovary/dino518_main/bootstrap_vs_erm.csv,trapB|balanced|test_rev|balanced|erm,0.2557284299858557,0.2078297479856087,0.3012314028353973,0.2559405940594059,0.1901311888581144,0.3196694834558109,True,True,False,1.38689506953623,0.00021216407355018063
ovary/dino518_main/bootstrap_vs_erm.csv,trapB|balanced|clean|balanced|erm,0.057964365731356,0.032862799519136,0.0830887115347043,0.0580497172730182,0.0149798784305983,0.1018224397428269,True,True,False,1.7290390124784674,8.53515416621986e-05
ovary/dino518_main/bootstrap_vs_erm.csv,trapB|dfr|test_rev|dfr|erm,0.2783693675489998,0.2331932479691743,0.3213187027748538,0.2784602950090927,0.2092683813907347,0.3485607560716089,True,True,False,1.5806145339961082,9.092746009287112e-05
ovary/dino518_main/bootstrap_vs_erm.csv,trapB|dfr|clean|dfr|erm,0.0354208897898218,0.0017776166713583,0.0678104831123853,0.035458231089299,-0.018410073955339,0.088876093331382,True,False,True,1.624738907594398,3.734129947719628e-05
ovary/dino518_main/bootstrap_vs_erm.csv,trapB|leace_paired|test_rev|leace_paired|erm,0.0316124469589816,0.0254116793375213,0.037988525170934,0.0313093554253384,0.0202002046213313,0.0434840399217731,True,True,False,1.8513254920072262,-0.00030309153364319746
ovary/dino518_main/bootstrap_vs_erm.csv,trapB|leace_paired|clean|leace_paired|erm,0.0076442974501227,0.0031211894902901,0.0121147811637065,0.007580283793876,-8.438795023489751e-05,0.0154276646666744,True,False,True,1.7247895146007588,-6.401365624670013e-05
ovary/dino518_main/bootstrap_vs_erm.csv,trapB|leace_unpaired|test_rev|leace_unpaired|erm,0.305021216407355,0.2594508258848713,0.348398608822012,0.304697918771469,0.2302444544429105,0.3750960467688414,True,True,False,1.6285014369419113,-0.0003232976358860107
ovary/dino518_main/bootstrap_vs_erm.csv,trapB|leace_unpaired|clean|leace_unpaired|erm,0.0212258615171236,-0.0099658320243663,0.0520160023326876,0.0211725168035847,-0.0352988907021804,0.0780591369981987,False,False,False,1.8288911400615604,-5.3344713538898414e-05
ovary/dino518_main/bootstrap_vs_erm.csv,trapB|mte|test_rev|mte|erm,0.3225904223075369,0.2837121840680698,0.3627394533077971,0.3204889876742776,0.2423226052471722,0.3966737582250017,True,True,False,1.9531378783899145,-0.0021014346332592915
ovary/dino518_main/bootstrap_vs_erm.csv,trapB|mte|clean|mte|erm,0.130614531099968,0.0947495512577738,0.1674251611690059,0.1336925210711618,0.0765642751827641,0.1918249730761152,True,True,False,1.5859612053360619,0.0030779899711937952
ovary/dino518_main/bootstrap_vs_erm.csv,trapB|mte_balanced|test_rev|mte_balanced|erm,0.3470701151747828,0.3057293773202369,0.3894874895397348,0.3469791877146898,0.2676821490975031,0.4252097859061739,True,True,False,1.880744833358366,-9.092746009303765e-05
ovary/dino518_main/bootstrap_vs_erm.csv,trapB|mte_balanced|clean|mte_balanced|erm,0.1300490771364558,0.0968190855575269,0.1637926567063544,0.1299583911234396,0.0724143062415894,0.1897082928154372,True,True,False,1.7513473533194033,-9.068601301620571e-05
ovary/dino518_main/bootstrap_vs_erm.csv,trapB|i2e|test_rev|i2e|erm,-0.0126894322085269,-0.0324554023136358,0.0068134812902502,-0.0127702566174985,-0.0509136067703637,0.024955788048396,False,False,False,1.932048682210353,-8.082440897159981e-05
ovary/dino518_main/bootstrap_vs_erm.csv,trapB|i2e|clean|i2e|erm,-0.0166328816814253,-0.0312937566544293,-0.0022917116384885,-0.0164461751840392,-0.0440156461035184,0.0097980629407926,True,False,True,1.8555142926897954,0.00018670649738609935
ovary/dino518_main/bootstrap_vs_erm.csv,trapB|i2e_balanced|test_rev|i2e_balanced|erm,0.2414326126490199,0.1970384543000194,0.2868085781435071,0.2455243483532026,0.1785200891288435,0.3129252959791123,True,True,False,1.4972153439890694,0.004091735704182697
ovary/dino518_main/bootstrap_vs_erm.csv,trapB|i2e_balanced|clean|i2e_balanced|erm,0.0241278139336392,-0.0068001093515902,0.0551544509089547,0.035794302784594,-0.0138087122932935,0.084992929489373,False,False,False,1.594743653528718,0.011666488850954802
ovary/dino518_main/bootstrap_vs_erm.csv,trapB|i2e_rank1|test_rev|i2e_rank1|erm,0.0083552232774297,0.0020822115920653,0.0148404397750781,0.0084259446352798,-0.003256908823318,0.0200639110242714,True,False,True,1.8279042758178896,7.072135785010127e-05
ovary/dino518_main/bootstrap_vs_erm.csv,trapB|i2e_rank1|clean|i2e_rank1|erm,0.0016696895337672,-0.0031802960621913,0.0063379363379308,0.0016643550624132,-0.0063418119697431,0.0095817247245717,False,False,False,1.6729510296586718,-5.334471353999953e-06
ovary/dino518_main/bootstrap_vs_erm.csv,trapB|insert_aug|test_rev|insert_aug|erm,0.0167407557082238,0.0026265648978136,0.0283461574309315,0.0167710648615881,0.0002253201677611,0.0311429203709611,True,True,False,1.202103033451594,3.0309153364303093e-05
ovary/dino518_main/bootstrap_vs_erm.csv,trapB|insert_aug|clean|insert_aug|erm,0.0035260855649205,-0.0101310781287192,0.0134555330367247,0.0034940787367971,-0.0112265483997941,0.0150665580512089,False,False,False,1.1147471023528939,-3.200682812339994e-05
ovary/dino518_main/T3_crossover.json,T3_crossover,0.1704932062355172,0.11559599591732483,0.22439137572397094,0.16989949076323174,0.08679673926555243,0.2522140986102408,True,True,False,1.5204447067391307,-0.0005937154722854554
ovary/dino518_main/EXTRA.json,trapA_mte_minus_mask,0.06987624837168911,0.030008797634891785,0.10619955607773748,0.0714747069040382,0.023356584879961326,0.11451096265695426,True,True,False,1.1963967761965797,0.0015984585323490924
ovary/dino518_main/EXTRA.json,trapB_mte_minus_mask,0.020488987674277582,-0.0021894700976449848,0.04365769258071387,0.018286522529803985,-0.014721967219948076,0.050196357858945134,False,False,False,1.4159725768490463,-0.002202465144473597
ovary/dinos518_scale/bootstrap_vs_erm.csv,trapA|mask|test_rev|mask|erm,0.0028006947459834,-0.0383703586429408,0.0463079678494658,0.0029770950933564,-0.0556678468023904,0.0654554212334207,False,False,False,1.430392794154625,0.00017640034737300032
ovary/dinos518_scale/bootstrap_vs_erm.csv,trapA|mask|clean|mask|erm,-0.0074867812293456,-0.0285071276120552,0.0133179980649888,-0.0066655651024454,-0.0427831963818398,0.030703067009662,False,False,False,1.7569884657115384,0.0008212161269002
ovary/dinos518_scale/bootstrap_vs_erm.csv,trapA|balanced|test_rev|balanced|erm,0.1940051020408163,0.1711836185673372,0.2153590715917847,0.1940675206252713,0.1594406318218083,0.2282976009409918,True,True,False,1.558715630625832,6.241858445499293e-05
ovary/dinos518_scale/bootstrap_vs_erm.csv,trapA|balanced|clean|balanced|erm,0.0412756113681428,0.025224211146085,0.0572237605065415,0.0412673496364838,0.0161881462270695,0.0662437532636267,True,True,False,1.5642597485580065,-8.261731658999738e-06
ovary/dinos518_scale/bootstrap_vs_erm.csv,trapA|mte|test_rev|mte|erm,0.1223702778983933,0.0950851662708817,0.1512553361534839,0.1239470256187581,0.0714528370775766,0.1748469923972734,True,True,False,1.8407306856253864,0.001576747720364799
ovary/dinos518_scale/bootstrap_vs_erm.csv,trapA|mte|clean|mte|erm,0.0597884996695307,0.0381204526288762,0.0818451008160357,0.061716787838731,0.0259578793223408,0.0969749660447184,True,True,False,1.6241888652458731,0.0019282881692003068
ovary/dinos518_scale/bootstrap_vs_erm.csv,trapA|mte_balanced|test_rev|mte_balanced|erm,0.2595419018671298,0.2275862781424585,0.2936949079089263,0.2596911636995224,0.2075135743867467,0.3134073780846846,True,True,False,1.6018151347564358,0.00014926183239261093
ovary/dinos518_scale/bootstrap_vs_erm.csv,trapA|mte_balanced|clean|mte_balanced|erm,0.1033575677461996,0.0796428981721781,0.1258561443228619,0.1033344348975545,0.0648401690324723,0.1418739243721826,True,True,False,1.6669193739070511,-2.3132848645093795e-05
ovary/dinos518_scale/bootstrap_vs_erm.csv,trapA|mte_protect|test_rev|mte_protect|erm,0.1054032783326096,0.0686291679707173,0.1472736713368597,0.1054955492835432,0.0467397818513129,0.1667465225792454,True,True,False,1.5259393294051515,9.227095093360116e-05
ovary/dinos518_scale/bootstrap_vs_erm.csv,trapA|mte_protect|clean|mte_protect|erm,0.0438697951090548,0.0221599488158279,0.0660367508263265,0.0438962326503635,0.007605766544941,0.0812168760313733,True,True,False,1.6776771805023314,2.6437541308696466e-05
ovary/dinos518_scale/bootstrap_vs_erm.csv,trapA|mte_aug|test_rev|mte_aug|erm,0.0068986105080329,-0.0322375484803067,0.0504606585522652,0.0070967216673903,-0.0504242147173615,0.0674782659058767,False,False,False,1.4256957297369286,0.00019811115935740049
ovary/dinos518_scale/bootstrap_vs_erm.csv,trapA|mte_aug|clean|mte_aug|erm,-0.005181758096497,-0.0264085207399894,0.0159866699272687,-0.0051173165895571,-0.0402407255284979,0.0315376985137907,False,False,False,1.693079401520966,6.444150693989993e-05
ovary/dinos518_scale/bootstrap_vs_erm.csv,trapB|mask|test_rev|mask|erm,0.3006061830672863,0.2535985056261335,0.3477107763777095,0.2990503131945848,0.2227539692296484,0.3752934450405661,True,True,False,1.6208245172786178,-0.0015558698727015097
ovary/dinos518_scale/bootstrap_vs_erm.csv,trapB|mask|clean|mask|erm,0.1213218820014937,0.0800194013748954,0.162964448596738,0.1185266190120559,0.0570181213985815,0.1781506509624828,True,True,False,1.4603949677661099,-0.0027952629894378023
ovary/dinos518_scale/bootstrap_vs_erm.csv,trapB|balanced|test_rev|balanced|erm,0.2003738128914933,0.1675500646995396,0.2321386049233339,0.2005152556071933,0.1506443876109014,0.2511148912211531,True,True,False,1.5555469013872916,0.0001414427156999909
ovary/dinos518_scale/bootstrap_vs_erm.csv,trapB|balanced|clean|balanced|erm,0.0384722074042462,0.0133306614921295,0.0622673295415737,0.0384668729328923,-0.0003040009679645,0.0770969224187669,True,False,True,1.5816549526528396,-5.334471353903025e-06
ovary/dinos518_scale/bootstrap_vs_erm.csv,trapB|mte|test_rev|mte|erm,0.2872196403313801,0.2454920376491344,0.3287889017257288,0.2847342897555062,0.2117502814833843,0.3553169786095218,True,True,False,1.7235546465965748,-0.0024853505758739014
ovary/dinos518_scale/bootstrap_vs_erm.csv,trapB|mte|clean|mte|erm,0.1257281553398058,0.0947643691130317,0.1571504387586196,0.1233063053451402,0.0709597067573023,0.1766461808278229,True,True,False,1.6940716841262822,-0.0024218499946656036
ovary/dinos518_scale/bootstrap_vs_erm.csv,trapB|mte_balanced|test_rev|mte_balanced|erm,0.3187411598302688,0.2757186998934983,0.3630070748495568,0.3184077591432612,0.2430732526305123,0.3936656494069832,True,True,False,1.7252285525109154,-0.00033340068700760117
ovary/dinos518_scale/bootstrap_vs_erm.csv,trapB|mte_balanced|clean|mte_balanced|erm,0.1261815854048864,0.0918201525435266,0.1619390762200767,0.1258988584231302,0.0711532993370938,0.1832962801970433,True,True,False,1.5993254742079497,-0.00028272698175618727
ovary/dinos518_scale/bootstrap_vs_erm.csv,trapB|mte_protect|test_rev|mte_protect|erm,0.3198929076581127,0.2746530521502281,0.3658315321194454,0.3189432208526975,0.240990903794835,0.3933950672802152,True,True,False,1.6714926980229685,-0.0009496868054151841
ovary/dinos518_scale/bootstrap_vs_erm.csv,trapB|mte_protect|clean|mte_protect|erm,0.1323535687613358,0.0916456916592728,0.1730537237545827,0.1325989544436146,0.0733366135690708,0.193756637458632,True,True,False,1.4792155121570478,0.00024538568227880364
ovary/dinos518_scale/bootstrap_vs_erm.csv,trapB|mte_aug|test_rev|mte_aug|erm,0.2977470195999192,0.2491023243740307,0.3476353614252973,0.2985047484340271,0.2199613215370059,0.3764590793412356,True,True,False,1.5882770133514126,0.0007577288341078514
ovary/dinos518_scale/bootstrap_vs_erm.csv,trapB|mte_aug|clean|mte_aug|erm,0.1243411927877948,0.0877042454896152,0.1618835208436273,0.1222234076603008,0.0668473298462611,0.1785668254044083,True,True,False,1.5060742373793579,-0.0021177851274939985
ovary/dinos518_scale/T3_crossover.json,T3_crossover,0.2978054883213028,0.228613521702153,0.36474198019392046,0.2960732181012283,0.20784854785868215,0.38382248399275143,True,True,False,1.2927049794272922,-0.00173227022007455
ovary/dinos518_scale/EXTRA.json,trapA_mte_minus_mask,0.11956958315240991,0.09093560414295093,0.14779095140578657,0.12096993052540164,0.08329779574607056,0.1578139780408432,True,True,False,1.3106275114334105,0.001400347372991731
ovary/dinos518_scale/EXTRA.json,trapB_mte_minus_mask,-0.01338654273590616,-0.036422874720059985,0.012511213668386008,-0.014316023439078607,-0.04651875741140566,0.020267460544878005,False,False,False,1.3648199068535793,-0.0009294807031724472
ovary/dinol518_scale/bootstrap_vs_erm.csv,trapA|mask|test_rev|mask|erm,0.1664893617021276,0.1354408320569805,0.1966083927377326,0.1645760963960052,0.1144807785149268,0.2144931095701851,True,True,False,1.635055083808985,-0.0019132653061224025
ovary/dinol518_scale/bootstrap_vs_erm.csv,trapA|mask|clean|mask|erm,0.0502709847984137,0.0245823711707358,0.0755015823820444,0.0537326503635162,0.0166034301062087,0.0918547516622802,True,True,False,1.4778571734700992,0.003461665565102502
ovary/dinol518_scale/bootstrap_vs_erm.csv,trapA|balanced|test_rev|balanced|erm,0.3116234259661311,0.2722049363417059,0.3485873424550205,0.309609748154581,0.2561608795136437,0.3639198948867445,True,True,False,1.4107832006920344,-0.0020136778115500964
ovary/dinol518_scale/bootstrap_vs_erm.csv,trapA|balanced|clean|balanced|erm,0.0755799735624587,0.0556978480644248,0.0957192712423526,0.079066424322538,0.0447684324270752,0.1147799528318692,True,True,False,1.749351093626426,0.003486450760079307
ovary/dinol518_scale/bootstrap_vs_erm.csv,trapA|mte|test_rev|mte|erm,0.2609015414676509,0.2264930723454535,0.2967596759440317,0.2584210811984368,0.2033915804925336,0.3122884790534593,True,True,False,1.5497674995512256,-0.0024804602692140576
ovary/dinol518_scale/bootstrap_vs_erm.csv,trapA|mte|clean|mte|erm,0.0955006609385327,0.0677072798007986,0.1240013764637105,0.0986500330469266,0.0576223565937096,0.1391995035247018,True,True,False,1.4491243623549872,0.0031493721083939025
ovary/dinol518_scale/bootstrap_vs_erm.csv,trapA|mte_balanced|test_rev|mte_balanced|erm,0.409322079895788,0.3826151908822433,0.4365479810957347,0.4071672818063396,0.3575529840131063,0.4563947804288415,True,True,False,1.8326846436921342,-0.0021547980894484065
ovary/dinol518_scale/bootstrap_vs_erm.csv,trapA|mte_balanced|clean|mte_balanced|erm,0.1422851949768671,0.1158721918490776,0.1686250130764337,0.145624586913417,0.1018936237001039,0.1899531370343876,True,True,False,1.6692853820037694,0.003339391936549918
ovary/dinol518_scale/bootstrap_vs_erm.csv,trapA|mte_protect|test_rev|mte_protect|erm,0.2265360399478941,0.1994308612788152,0.2536200978754934,0.2250759878419452,0.1741940843696273,0.2754752460769099,True,True,False,1.869027284165342,-0.001460052105948878
ovary/dinol518_scale/bootstrap_vs_erm.csv,trapA|mte_protect|clean|mte_protect|erm,0.090712161269002,0.0680336757128967,0.1133488464680712,0.0944596827495043,0.0571343265235153,0.1322022310550754,True,True,False,1.65657335679328,0.0037475214805022944
ovary/dinol518_scale/bootstrap_vs_erm.csv,trapA|mte_aug|test_rev|mte_aug|erm,0.1656942032132002,0.1357603186090436,0.1963565980374933,0.1641283108988276,0.1131330474271437,0.2137045958909269,True,True,False,1.6596984074333334,-0.0015658923143725967
ovary/dinol518_scale/bootstrap_vs_erm.csv,trapA|mte_aug|clean|mte_aug|erm,0.0542828816920026,0.0292815035526482,0.0782212027893457,0.0579907468605419,0.0205273424443296,0.0950622522799325,True,True,False,1.5229948487242189,0.0037078651685392983
ovary/dinol518_scale/bootstrap_vs_erm.csv,trapB|mask|test_rev|mask|erm,0.3689533239038189,0.326047834571859,0.410130872078041,0.3716205293998788,0.2958922724666588,0.4456770673963802,True,True,False,1.7813913408957047,0.0026672054960598657
ovary/dinol518_scale/bootstrap_vs_erm.csv,trapB|mask|clean|mask|erm,0.1639069668195882,0.1188028183638649,0.2083776239022313,0.1644724207831004,0.098382188250816,0.2282846627048439,True,True,False,1.4502121849250178,0.000565453963512208
ovary/dinol518_scale/bootstrap_vs_erm.csv,trapB|balanced|test_rev|balanced|erm,0.2204586785209133,0.185481754483042,0.2554798273338217,0.2210345524348353,0.1664003756031433,0.2748240626166542,True,True,False,1.548952458229044,0.0005758739139219982
ovary/dinol518_scale/bootstrap_vs_erm.csv,trapB|balanced|clean|balanced|erm,0.0430971940680678,0.0147532759644654,0.0711938761917765,0.0426971087165261,-0.0022890335920398,0.0870746038165623,True,False,True,1.5833218826287365,-0.00040008535154169994
ovary/dinol518_scale/bootstrap_vs_erm.csv,trapB|mte|test_rev|mte|erm,0.3927561123459285,0.3514887490975549,0.43283271157008,0.3934734289755506,0.3211895649472983,0.4619684504861475,True,True,False,1.7306617634516996,0.0007173166296221001
ovary/dinol518_scale/bootstrap_vs_erm.csv,trapB|mte|clean|mte|erm,0.1996212525338739,0.1642768064834615,0.2361243586035449,0.198127600554785,0.1392903963240949,0.2560847172352367,True,True,False,1.6255852491110063,-0.001493651979088878
ovary/dinol518_scale/bootstrap_vs_erm.csv,trapB|mte_balanced|test_rev|mte_balanced|erm,0.4020812285310164,0.3627492096765135,0.4414594751477459,0.403293594665589,0.331226714875485,0.4735312049743102,True,True,False,1.807953374910616,0.0012123661345725956
ovary/dinol518_scale/bootstrap_vs_erm.csv,trapB|mte_balanced|clean|mte_balanced|erm,0.180657206870799,0.1416938468372834,0.2199393881032165,0.1806572068707991,0.1183530304721775,0.2435798050896185,True,True,False,1.6004333613315134,8.326672684688674e-17
ovary/dinol518_scale/bootstrap_vs_erm.csv,trapB|mte_protect|test_rev|mte_protect|erm,0.3891796322489392,0.3500818748630517,0.4271633612789688,0.3900687007476258,0.3208967280000111,0.4586481898447379,True,True,False,1.787088810164427,0.0008890684986865849
ovary/dinol518_scale/bootstrap_vs_erm.csv,trapB|mte_protect|clean|mte_protect|erm,0.1826576336285074,0.1440969610474109,0.2206494136403479,0.1824442547743518,0.1226935767280105,0.2430887972080358,True,True,False,1.5727153918924004,-0.00021337885415559366
ovary/dinol518_scale/bootstrap_vs_erm.csv,trapB|mte_aug|test_rev|mte_aug|erm,0.3544756516467974,0.3145335487157709,0.3935843374285382,0.355112143867448,0.2820148394980529,0.4245079891973582,True,True,False,1.8025519039039208,0.0006364922206505974
ovary/dinol518_scale/bootstrap_vs_erm.csv,trapB|mte_aug|clean|mte_aug|erm,0.1571748639709804,0.118787495216524,0.1944717110342057,0.156812119918916,0.0956778679525968,0.2176282138927582,True,True,False,1.611304875430456,-0.0003627440520644065
ovary/dinol518_scale/T3_crossover.json,T3_crossover,0.20246396220169133,0.15287227191757155,0.2503969596221263,0.2070444330038736,0.12690520707837952,0.28582536804310593,True,True,False,1.6295377581332593,0.004580470802182268
ovary/dinol518_scale/EXTRA.json,trapA_mte_minus_mask,0.09441217976552323,0.07139103887735698,0.11777770354075828,0.09384498480243161,0.06008136803088702,0.12818872117852867,True,True,False,1.4682528619346458,-0.0005671949630916134
ovary/dinol518_scale/EXTRA.json,trapB_mte_minus_mask,0.023802788442109524,0.0038260449596245853,0.04422501967389128,0.021852899575671825,-0.006568106315019756,0.052095753791067574,True,False,True,1.4521125974360554,-0.0019498888664376997
ovary/dino518_sens_px50/bootstrap_vs_erm.csv,trapA|mask|test_rev|mask|erm,0.1074610489357033,0.0726040264825739,0.1402621551317756,0.1057932850559578,0.0509315110344567,0.1605973658800163,True,True,False,1.6208821768358734,-0.0016677638797455013
ovary/dino518_sens_px50/bootstrap_vs_erm.csv,trapA|mask|clean|mask|erm,0.0768076668869795,0.0521408161886066,0.101362144695015,0.0787623925974884,0.0374153689035364,0.1178122875247271,True,True,False,1.6333756333034237,0.001954725710508906
ovary/dino518_sens_px50/bootstrap_vs_erm.csv,trapA|balanced|test_rev|balanced|erm,0.2848612025455344,0.2629572458416164,0.3074566206201103,0.2866002852754005,0.250233880288809,0.3223237342038602,True,True,False,1.6200194783386364,0.001739082729866115
ovary/dino518_sens_px50/bootstrap_vs_erm.csv,trapA|balanced|clean|balanced|erm,0.0830584930601454,0.0609881396135103,0.1047885287041797,0.0856295439524124,0.052222190239353,0.1184257854737244,True,True,False,1.5114841810497626,0.0025710508922670017
ovary/dino518_sens_px50/bootstrap_vs_erm.csv,trapA|mte|test_rev|mte|erm,0.1574720210664911,0.1298303331348287,0.1848026696698547,0.1538402457757296,0.10452534516359,0.2038264903606647,True,True,False,1.8063839279198963,-0.003631775290761502
ovary/dino518_sens_px50/bootstrap_vs_erm.csv,trapA|mte|clean|mte|erm,0.1069332452081956,0.0861404425880207,0.1285584931398231,0.1034005287508262,0.0637229825777736,0.1420914379419761,True,True,False,1.8475260966671774,-0.0035327164573693975
ovary/dino518_sens_px50/bootstrap_vs_erm.csv,trapA|mte_balanced|test_rev|mte_balanced|erm,0.309663704191354,0.276498478766005,0.3417581424709882,0.3113451832345841,0.2581871422047145,0.3642181451808909,True,True,False,1.624755583410705,0.0016814790432301274
ovary/dino518_sens_px50/bootstrap_vs_erm.csv,trapA|mte_balanced|clean|mte_balanced|erm,0.149438202247191,0.1182015446116189,0.1817233086339252,0.1520109054857898,0.1054330709599856,0.1981873363201025,True,True,False,1.4601966237515904,0.002572703238598789
ovary/dino518_sens_px50/bootstrap_vs_erm.csv,trapA|mte_protect|test_rev|mte_protect|erm,0.1740783410138248,0.1376560528620617,0.2090211086817802,0.1704273644941847,0.1131663474391522,0.2276275297724715,True,True,False,1.6038827549223766,-0.003650976519640109
ovary/dino518_sens_px50/bootstrap_vs_erm.csv,trapA|mte_protect|clean|mte_protect|erm,0.1052280237937871,0.0829972858925574,0.1284885939704048,0.1070389953734302,0.0671582260822584,0.1459107296546714,True,True,False,1.731154959045079,0.0018109715796431058
ovary/dino518_sens_px50/bootstrap_vs_erm.csv,trapB|mask|test_rev|mask|erm,0.2936172428154935,0.2549757603621258,0.3325362565355941,0.2937213660974594,0.2196522128550951,0.3688135239223983,True,True,False,1.923160867017867,0.00010412328196590659
ovary/dino518_sens_px50/bootstrap_vs_erm.csv,trapB|mask|clean|mask|erm,0.1072615347836481,0.0737317090747265,0.140064853512745,0.1073392302175471,0.0511790077225359,0.1632444230168421,True,True,False,1.689433182215865,7.769543389900269e-05
ovary/dino518_sens_px50/bootstrap_vs_erm.csv,trapB|balanced|test_rev|balanced|erm,0.257496876301541,0.2139035171941231,0.2986312876954877,0.2575801749271137,0.1970630360775114,0.3180738931352664,True,True,False,1.4282313383403147,8.329862557271417e-05
ovary/dino518_sens_px50/bootstrap_vs_erm.csv,trapB|balanced|clean|balanced|erm,0.0671467846043509,0.0381131300957831,0.0955213986372886,0.0671049486014822,0.0232690968185909,0.1133731647779931,True,True,False,1.56953118859974,-4.18360028687087e-05
ovary/dino518_sens_px50/bootstrap_vs_erm.csv,trapB|mte|test_rev|mte|erm,0.3376093294460641,0.3006380294336093,0.3752477577640745,0.3396501457725948,0.2650250244600872,0.4119239330637327,True,True,False,1.9688975136458535,0.0020408163265306922
ovary/dino518_sens_px50/bootstrap_vs_erm.csv,trapB|mte|clean|mte|erm,0.1458343294286397,0.1129224122952967,0.1788384036923943,0.1465216351900549,0.0908700495302043,0.2020754670502576,True,True,False,1.6870779785457328,0.0006873057614152078
ovary/dino518_sens_px50/bootstrap_vs_erm.csv,trapB|mte_balanced|test_rev|mte_balanced|erm,0.3416597251145356,0.3018029299449259,0.3805166087443714,0.3462203248646397,0.2703869098875635,0.4211511430697815,True,True,False,1.9153498538208351,0.004560599750104144
ovary/dino518_sens_px50/bootstrap_vs_erm.csv,trapB|mte_balanced|clean|mte_balanced|erm,0.1227109729858952,0.0877163948882171,0.1596288873590177,0.1256693760459,0.0654888824916779,0.187211624152181,True,True,False,1.6926508521440484,0.002958403060004805
ovary/dino518_sens_px50/bootstrap_vs_erm.csv,trapB|mte_protect|test_rev|mte_protect|erm,0.3373281965847562,0.2981348987159083,0.3762884667759731,0.3374010828821324,0.2602318927493952,0.4106189394091727,True,True,False,1.9242505542958426,7.288629737617347e-05
ovary/dino518_sens_px50/bootstrap_vs_erm.csv,trapB|mte_protect|clean|mte_protect|erm,0.1302593832177862,0.1005952983942744,0.1601959005372451,0.1303729380827157,0.0729791620793717,0.1858621700301655,True,True,False,1.8939910653924026,0.00011355486492947708
ovary/dino518_sens_px50/T3_crossover.json,T3_crossover,0.18615619387979018,0.13497702154663793,0.2383913325138706,0.18792808104150152,0.10771156192348669,0.26601667947215013,True,True,False,1.5307854016338531,0.0017718871617113385
ovary/dino518_sens_px50/EXTRA.json,trapA_mte_minus_mask,0.05001097213078778,0.02744146673390181,0.07572681417371357,0.04804696071977177,0.013735322867033651,0.08282768262080464,True,True,False,1.4309177300607687,-0.0019640114110160076
ovary/dino518_sens_px50/EXTRA.json,trapB_mte_minus_mask,0.04399208663057066,0.023379401099117333,0.06502657523708606,0.04592877967513533,0.015931049333804057,0.07637705297450033,True,True,False,1.4513830744062202,0.0019366930445646746
ovary/dino518_sens_strictloc/bootstrap_vs_erm.csv,trapA|mask|test_rev|mask|erm,0.1088091305886516,0.0668814422853914,0.1491185988045929,0.1073463489442019,0.0450451650156264,0.1716898303553864,True,True,False,1.5399932427161414,-0.0014627816444496983
ovary/dino518_sens_strictloc/bootstrap_vs_erm.csv,trapA|mask|clean|mask|erm,0.0516721744877727,0.0259809379830207,0.077569966072423,0.0519117647058823,0.0081396084584111,0.095052457263563,True,True,False,1.684715762710909,0.00023959021810960462
ovary/dino518_sens_strictloc/bootstrap_vs_erm.csv,trapA|balanced|test_rev|balanced|erm,0.2959419605992686,0.2700461332579287,0.3220207150952654,0.2959419605992686,0.2546509956982979,0.3357528293952481,True,True,False,1.5604133949701056,0.0
ovary/dino518_sens_strictloc/bootstrap_vs_erm.csv,trapA|balanced|clean|balanced|erm,0.0822521480502313,0.0644794431449939,0.1009158444271521,0.0822290152015862,0.0500051946348703,0.1141360151315621,True,True,False,1.7600755903436252,-2.3132848645107673e-05
ovary/dino518_sens_strictloc/bootstrap_vs_erm.csv,trapA|mte|test_rev|mte|erm,0.1264362392355786,0.093778446764926,0.1596956734903685,0.1290816326530612,0.0723258695386513,0.1851993245355891,True,True,False,1.7123513928623955,0.0026453934174826
ovary/dino518_sens_strictloc/bootstrap_vs_erm.csv,trapA|mte|clean|mte|erm,0.067230667547918,0.0427219954710295,0.0919404774494334,0.0728701255783212,0.0323858638889274,0.1122916109756132,True,True,False,1.6234906863187464,0.005639458030403208
ovary/dino518_sens_strictloc/bootstrap_vs_erm.csv,trapA|mte_balanced|test_rev|mte_balanced|erm,0.2838445204671464,0.2553157882875285,0.3135399287539337,0.2833431638551373,0.2308965534751519,0.3361926662223763,True,True,False,1.8084614371933798,-0.0005013566120091184
ovary/dino518_sens_strictloc/bootstrap_vs_erm.csv,trapA|mte_balanced|clean|mte_balanced|erm,0.1104064771976206,0.0866704380835386,0.1349794775958058,0.112460343688037,0.068989001381634,0.155674229327066,True,True,False,1.7943893900730494,0.0020538664904164033
ovary/dino518_sens_strictloc/bootstrap_vs_erm.csv,trapA|mte_protect|test_rev|mte_protect|erm,0.1547304470921316,0.1233622274811747,0.1866946572150628,0.1547451928748378,0.093754968334864,0.212837332449306,True,True,False,1.8802746809936945,1.4745782706188093e-05
ovary/dino518_sens_strictloc/bootstrap_vs_erm.csv,trapA|mte_protect|clean|mte_protect|erm,0.0854610046265698,0.0614765003148983,0.1102092898035845,0.0854890945142101,0.04351706318731,0.1286526795851276,True,True,False,1.746988368428667,2.8089887640303512e-05
ovary/dino518_sens_strictloc/bootstrap_vs_erm.csv,trapB|mask|test_rev|mask|erm,0.3034881299458559,0.2621397673748242,0.3438826223589185,0.3034256559766763,0.2279908547729014,0.3809274542503748,True,True,False,1.8709476137973422,-6.247396917957726e-05
ovary/dino518_sens_strictloc/bootstrap_vs_erm.csv,trapB|mask|clean|mask|erm,0.1169408085254256,0.0804367328477048,0.1517840363841858,0.1169755589018881,0.0564731990133019,0.1769526711089043,True,True,False,1.6886338533312524,3.475037646250012e-05
ovary/dino518_sens_strictloc/bootstrap_vs_erm.csv,trapB|balanced|test_rev|balanced|erm,0.2632653061224489,0.2192614419174613,0.3066036079748434,0.2660037484381508,0.2053293558408395,0.3276382955890442,True,True,False,1.4003424150009078,0.002738442315701861
ovary/dino518_sens_strictloc/bootstrap_vs_erm.csv,trapB|balanced|clean|balanced|erm,0.0796073207459747,0.0492038913461008,0.1068278776783114,0.0793003590872234,0.0320691141356439,0.1234361897694185,True,True,False,1.5855736725159941,-0.000306961658751298
ovary/dino518_sens_strictloc/bootstrap_vs_erm.csv,trapB|mte|test_rev|mte|erm,0.3314244064972927,0.291761059475608,0.3704555058998869,0.3312786339025406,0.255339387595482,0.4090212221629132,True,True,False,1.952893012791015,-0.0001457725947521249
ovary/dino518_sens_strictloc/bootstrap_vs_erm.csv,trapB|mte|clean|mte|erm,0.1383470404262712,0.103432399815275,0.1727532990594098,0.1384570832850689,0.0800609562688458,0.1969926188437273,True,True,False,1.6868168741301346,0.00011004285879770426
ovary/dino518_sens_strictloc/bootstrap_vs_erm.csv,trapB|mte_balanced|test_rev|mte_balanced|erm,0.3571324448146605,0.3066676620933356,0.4051073176485833,0.3573094543940025,0.2719566159000709,0.441319054687034,True,True,False,1.7204696403261088,0.00017700957934202455
ovary/dino518_sens_strictloc/bootstrap_vs_erm.csv,trapB|mte_balanced|clean|mte_balanced|erm,0.1360650990385729,0.0907395861323247,0.1796480286283611,0.136383644156145,0.068123301580677,0.2033217070195994,True,True,False,1.5206475520583957,0.0003185451175721221
ovary/dino518_sens_strictloc/bootstrap_vs_erm.csv,trapB|mte_protect|test_rev|mte_protect|erm,0.3442419825072886,0.3056022415638461,0.3823757364073336,0.3423677634319034,0.2677071509245552,0.4183749979063136,True,True,False,1.9624982201072636,-0.0018742190753852084
ovary/dino518_sens_strictloc/bootstrap_vs_erm.csv,trapB|mte_protect|clean|mte_protect|erm,0.1373103208618093,0.1001735250847385,0.1742461529336217,0.1340379937449322,0.0715594869573384,0.1948029031115031,True,True,False,1.6638186025423003,-0.0032723271168771106
ovary/dino518_sens_strictloc/T3_crossover.json,T3_crossover,0.19467899935720423,0.14346744450939325,0.24616788506247375,0.1960793070324744,0.11720062154637051,0.2766818590051846,True,True,False,1.5528778318763545,0.0014003076752701626
ovary/dino518_sens_strictloc/EXTRA.json,trapA_mte_minus_mask,0.01762710864692695,-0.022598349486849793,0.05726489227858918,0.02173528370885929,-0.022945999787222105,0.06326034422746342,False,False,False,1.0794245526355726,0.00410817506193234
ovary/dino518_sens_strictloc/EXTRA.json,trapB_mte_minus_mask,0.027936276551436868,0.004317761173250291,0.05062225537491199,0.02785297792586421,-0.0034880533464887852,0.05802375541004588,True,False,True,1.3284198395223425,-8.329862557265866e-05
ovary/dino518_emb_groups/bootstrap_vs_erm.csv,trapA|mask|test_rev|mask|erm,0.1370142205818497,0.0888075890355249,0.1856814731716935,0.1369382327399045,0.0690655044467973,0.2055541289097651,True,True,False,1.4089310620715447,-7.598784194520758e-05
ovary/dino518_emb_groups/bootstrap_vs_erm.csv,trapA|mask|clean|mask|erm,0.067151354923992,0.0404500300097794,0.0931043367000279,0.067199272967614,0.0220716927471612,0.1120130199333767,True,True,False,1.7081475920918827,4.7918043621988926e-05
ovary/dino518_emb_groups/bootstrap_vs_erm.csv,trapA|balanced|test_rev|balanced|erm,0.2718085106382978,0.251142673966074,0.2925686897937363,0.2717705167173253,0.2347742706137479,0.3089335354421375,True,True,False,1.790161649551381,-3.79939209725344e-05
ovary/dino518_emb_groups/bootstrap_vs_erm.csv,trapA|balanced|clean|balanced|erm,0.0752329808327825,0.0528998376251164,0.0965118226999795,0.0752181097157964,0.0407406912184109,0.1085246239329157,True,True,False,1.5542501126272703,-1.4871116986100996e-05
ovary/dino518_emb_groups/bootstrap_vs_erm.csv,trapA|mte|test_rev|mte|erm,0.1608038428137212,0.1293511069434894,0.1921926471126888,0.1645869518019974,0.1096057901186546,0.2214291910692089,True,True,False,1.7794503548046783,0.0037831089882761904
ovary/dino518_emb_groups/bootstrap_vs_erm.csv,trapA|mte|clean|mte|erm,0.0950198281559814,0.0703766501773727,0.1193250713423123,0.0964838070059484,0.0556918042697064,0.1369226226507176,True,True,False,1.6595186616395832,0.0014639788499670042
ovary/dino518_emb_groups/bootstrap_vs_erm.csv,trapA|mte_balanced|test_rev|mte_balanced|erm,0.311262483716891,0.2829385064009139,0.3409105952843221,0.3102176508901433,0.2563195151274789,0.3639331091654027,True,True,False,1.8563000939012764,-0.0010448328267477214
ovary/dino518_emb_groups/bootstrap_vs_erm.csv,trapA|mte_balanced|clean|mte_balanced|erm,0.1352726371447455,0.1080278314728778,0.1603408096254401,0.1348645076007931,0.0924816004702284,0.1773944967683094,True,True,False,1.623170756030107,-0.0004081295439523902
ovary/dino518_emb_groups/bootstrap_vs_erm.csv,trapA|mte_protect|test_rev|mte_protect|erm,0.1844686278766825,0.1425898318753537,0.2258426535050851,0.1884281372123317,0.1265717362808204,0.2526172487017077,True,True,False,1.5140088942748064,0.003959509335649203
ovary/dino518_emb_groups/bootstrap_vs_erm.csv,trapA|mte_protect|clean|mte_protect|erm,0.0950991407799074,0.0673011616964898,0.1239344405910891,0.094730667547918,0.0496877207001217,0.1400961531482124,True,True,False,1.5963835082964315,-0.00036847323198940796
ovary/dino518_emb_groups/bootstrap_vs_erm.csv,trapA|mte_aug|test_rev|mte_aug|erm,0.1403359748154581,0.0939504769546146,0.1854672327462239,0.140273556231003,0.0751692499652271,0.2093996709883166,True,True,False,1.4667305441720697,-6.241858445510395e-05
ovary/dino518_emb_groups/bootstrap_vs_erm.csv,trapA|mte_aug|clean|mte_aug|erm,0.0706890284203568,0.043578957891779,0.0967198100277236,0.0707815598149372,0.0265587985737638,0.1151685385956229,True,True,False,1.6674504916702917,9.253139458038906e-05
ovary/dino518_emb_groups/bootstrap_vs_erm.csv,trapB|mask|test_rev|mask|erm,0.2938674479692867,0.2474346205937771,0.3396369534577452,0.2937765205091938,0.2147264122021887,0.3708981121807385,True,True,False,1.6937933686445845,-9.092746009292663e-05
ovary/dino518_emb_groups/bootstrap_vs_erm.csv,trapB|mask|clean|mask|erm,0.1167769124079804,0.0819584638059724,0.1529233309544122,0.1166062093246559,0.0595631152887651,0.1751374129425659,True,True,False,1.6286128939274953,-0.00017070308332449435
ovary/dino518_emb_groups/bootstrap_vs_erm.csv,trapB|balanced|test_rev|balanced|erm,0.2684178621943827,0.2278006844094084,0.3083519946889513,0.2685694079612043,0.2091467676574681,0.3296786734563388,True,True,False,1.4963369978784988,0.0001515457668216369
ovary/dino518_emb_groups/bootstrap_vs_erm.csv,trapB|balanced|clean|balanced|erm,0.0763469540168569,0.0452522253677499,0.1090017846950431,0.0762029232903019,0.0301451464045424,0.1268394795391797,True,True,False,1.5167843378838763,-0.00014403072655500004
ovary/dino518_emb_groups/bootstrap_vs_erm.csv,trapB|mte|test_rev|mte|erm,0.3272681349767629,0.28278575596345,0.3730445634808572,0.3324712063043039,0.2535453262547699,0.4083124313960616,True,True,False,1.7147036327888951,0.005203071327540998
ovary/dino518_emb_groups/bootstrap_vs_erm.csv,trapB|mte|clean|mte|erm,0.1413901632348235,0.1048844203548992,0.1780474935888993,0.1482769657526939,0.0909842162097467,0.2060415154369057,True,True,False,1.5726143550472118,0.006886802517870383
ovary/dino518_emb_groups/bootstrap_vs_erm.csv,trapB|mte_balanced|test_rev|mte_balanced|erm,0.345877955142453,0.2975937521064922,0.3946288841195646,0.3456152758132956,0.2623403260003427,0.4259653389790356,True,True,False,1.686245070049986,-0.00026267932915741143
ovary/dino518_emb_groups/bootstrap_vs_erm.csv,trapB|mte_balanced|clean|mte_balanced|erm,0.1405846580603862,0.1056877222271906,0.1749545231488088,0.1403606102635229,0.0804547493997203,0.2016158452882735,True,True,False,1.7491943366297253,-0.00022404779686330256
ovary/dino518_emb_groups/bootstrap_vs_erm.csv,trapB|mte_protect|test_rev|mte_protect|erm,0.3246413416851889,0.2805477323341986,0.3702231268316421,0.3247827844008891,0.2453383183689574,0.4034772061094266,True,True,False,1.7634590695330312,0.00014144271570021294
ovary/dino518_emb_groups/bootstrap_vs_erm.csv,trapB|mte_protect|clean|mte_protect|erm,0.1280166435506242,0.0961100216387406,0.1600669774660526,0.1279526298943774,0.0714434065322603,0.1862049646854749,True,True,False,1.7943561676556083,-6.401365624680855e-05
ovary/dino518_emb_groups/bootstrap_vs_erm.csv,trapB|mte_aug|test_rev|mte_aug|erm,0.3174984845423317,0.272925417322849,0.3644874606931044,0.3174479692867246,0.238176416870741,0.3951741472725157,True,True,False,1.7146595316458013,-5.051525560711978e-05
ovary/dino518_emb_groups/bootstrap_vs_erm.csv,trapB|mte_aug|clean|mte_aug|erm,0.1263682919022725,0.0944250104122804,0.1588053120839834,0.1262562680038408,0.0706109121713668,0.183741867219038,True,True,False,1.757229340498656,-0.00011202389843170679
ovary/dino518_emb_groups/T3_crossover.json,T3_crossover,0.15685322738743696,0.07988096585714206,0.2346316340437996,0.15683828776928932,0.05264712835344615,0.2554402576635643,True,True,False,1.3104507507877938,-1.493961814763578e-05
ovary/dino518_emb_groups/EXTRA.json,trapA_mte_minus_mask,0.023789622231871487,-0.005205403245602096,0.05262468866475178,0.027648719062092895,-0.009201642531201966,0.06388737588194718,False,False,False,1.263857898176076,0.0038590968302214083
ovary/dino518_emb_groups/EXTRA.json,trapB_mte_minus_mask,0.033400687007476206,0.01147219358871778,0.057048584580219074,0.03869468579511013,0.010447524558782036,0.06696813829929682,True,True,False,1.2401292096834582,0.0052939987876339245
capsule/dino518_repro/bootstrap_vs_erm.csv,trapA|mask|test_rev|mask|erm,0.0840332804503508,0.0667661201695308,0.1004673581408362,0.0840332804503509,0.0553408813920165,0.1120358583895114,True,True,False,1.682281732373372,9.71445146547012e-17
capsule/dino518_repro/bootstrap_vs_erm.csv,trapA|mask|clean|mask|erm,0.0642386048496054,0.0500406225825736,0.0795023252230501,0.0642386048496053,0.043929440723142,0.0859100695859614,True,True,False,1.4249220208048512,-1.1102230246251565e-16
capsule/dino518_repro/bootstrap_vs_erm.csv,trapB|mask|test_rev|mask|erm,0.4607907572751323,0.429874386161934,0.4905615779173616,0.4607907572751323,0.4152509347275337,0.5063755359336173,True,True,False,1.501545854573734,0.0
capsule/dino518_repro/bootstrap_vs_erm.csv,trapB|mask|clean|mask|erm,0.2174687122235654,0.1983671852601551,0.2382092933623945,0.2174687122235654,0.1859040041418202,0.25053243086349,True,True,False,1.6221136330393424,0.0
capsule/dino518_repro/T3_crossover.json,T3_crossover,0.37675747682478133,0.3392255728677482,0.4119420035852188,0.37675747682478133,0.3267310179927549,0.4258641480577053,True,True,False,1.3632837735135555,0.0
capsule/dino518_matched/bootstrap_vs_erm.csv,trapA|mask|test_rev|mask|erm,0.0111111111111111,-0.0701659357356488,0.1015382011636823,0.0111111111111111,-0.137830561426635,0.1618060665481178,False,False,False,1.745075182145597,0.0
capsule/dino518_matched/bootstrap_vs_erm.csv,trapA|mask|clean|mask|erm,0.0173076923076922,-0.0289731243778055,0.0647490660153889,0.0173076923076923,-0.0633454852871381,0.0966746704293658,False,False,False,1.707388133431031,1.0061396160665481e-16
capsule/dino518_matched/bootstrap_vs_erm.csv,trapB|mask|test_rev|mask|erm,0.2412976886661097,0.1684101524007522,0.3134555818560149,0.2412976886661097,0.1120334138255895,0.380588008932719,True,True,False,1.8515205623212103,0.0
capsule/dino518_matched/bootstrap_vs_erm.csv,trapB|mask|clean|mask|erm,0.0898785425101214,0.0403326444110976,0.1377897916304766,0.0898785425101214,0.0132802532870977,0.1689787224432744,True,True,False,1.5976095504385603,0.0
capsule/dino518_matched/T3_crossover.json,T3_crossover,0.23018657755499863,0.12548257187310766,0.3369419913649955,0.23018657755499863,0.03605310261870246,0.4338586819486163,True,True,False,1.8812383968791457,0.0
capsule/dino518_matched05/bootstrap_vs_erm.csv,trapA|mask|test_rev|mask|erm,-0.0725348725348726,-0.1650837323441067,0.0191873730305257,-0.0725348725348725,-0.2379996908059167,0.0973762641408327,False,False,False,1.8200138012137785,1.1102230246251565e-16
capsule/dino518_matched05/bootstrap_vs_erm.csv,trapA|mask|clean|mask|erm,-0.0396969696969696,-0.0978658072183798,0.0176906380440552,-0.0396969696969696,-0.1273229226601228,0.045158546401815,False,False,False,1.492616605419308,0.0
capsule/dino518_matched05/bootstrap_vs_erm.csv,trapB|mask|test_rev|mask|erm,0.2557960557960557,0.1618619754117503,0.3474638385963137,0.2557960557960558,0.0899667051763313,0.4236766507245134,True,True,False,1.797988122653377,1.1102230246251565e-16
capsule/dino518_matched05/bootstrap_vs_erm.csv,trapB|mask|clean|mask|erm,0.1243434343434344,0.0514866726466271,0.1958197105702822,0.1243434343434343,0.0126713333350829,0.2371303257562226,True,True,False,1.5551463175040159,-9.71445146547012e-17
capsule/dino518_matched05/T3_crossover.json,T3_crossover,0.32833092833092836,0.18624233769412155,0.465745986663089,0.32833092833092836,0.08830695728000575,0.5698264010732089,True,True,False,1.722766216360435,0.0
capsule/dino518_universal/bootstrap_vs_erm.csv,trapA|mask|test_rev|mask|erm,0.0964889996287505,0.0806245002461988,0.1127148750442103,0.0840332804503509,0.0553408813920165,0.1120358583895114,True,True,False,1.7667284148082947,-0.012455719178399605
capsule/dino518_universal/bootstrap_vs_erm.csv,trapA|mask|clean|mask|erm,0.0745473016325659,0.0611191950346707,0.0879006103285407,0.0642386048496053,0.043929440723142,0.0859100695859614,True,True,False,1.5675283924381826,-0.010308696782960605
capsule/dino518_universal/bootstrap_vs_erm.csv,trapA|balanced|test_rev|balanced|erm,0.187687158158136,0.1737920713994036,0.2014982237316957,0.1786063654167906,0.1502833460509854,0.2054124921493932,True,True,False,1.9897799390265258,-0.009080792741345406
capsule/dino518_universal/bootstrap_vs_erm.csv,trapA|balanced|clean|balanced|erm,0.0597927211805803,0.0485736484446724,0.071371414230014,0.0510666287420891,0.0362352272557403,0.0655226441064954,True,True,False,1.2846617131923597,-0.0087260924384912
capsule/dino518_universal/bootstrap_vs_erm.csv,trapA|dfr|test_rev|dfr|erm,0.2174939892924264,0.1998138814982679,0.2349237930918691,0.2342884038177023,0.1990041664521728,0.2725889604758652,True,True,False,2.0958410512518437,0.016794414525275914
capsule/dino518_universal/bootstrap_vs_erm.csv,trapA|dfr|clean|dfr|erm,0.0548192771084338,0.0375939809128747,0.0714050970457319,0.0461014719476641,0.0236769948435149,0.068927075552297,True,True,False,1.3383196381620972,-0.008717805160769705
capsule/dino518_universal/bootstrap_vs_erm.csv,trapA|mte|test_rev|mte|erm,-0.0187408356162478,-0.037445651497628,0.0010847521093373,-0.0423549376479222,-0.0757810210164191,-0.0088334578359237,False,True,True,1.7375256138867186,-0.023614102031674397
capsule/dino518_universal/bootstrap_vs_erm.csv,trapA|mte|clean|mte|erm,0.0348176730591003,0.0182850444705033,0.0532247036401643,0.0192393159354334,-0.003130896775631,0.0428817215703659,True,False,True,1.3169166339765221,-0.0155783571236669
capsule/dino518_universal/bootstrap_vs_erm.csv,trapA|mte_balanced|test_rev|mte_balanced|erm,0.269235700860275,0.252334995836234,0.2858876682908673,0.257542993365768,0.2214574646102488,0.2931769506658905,True,True,False,2.1375193332994216,-0.01169270749450696
capsule/dino518_universal/bootstrap_vs_erm.csv,trapA|mte_balanced|clean|mte_balanced|erm,0.1086110715049548,0.0913517143610238,0.1259931965495429,0.1030256701983929,0.0745573607040795,0.1313247854118197,True,True,False,1.6387123506670869,-0.005585401306561905
capsule/dino518_universal/bootstrap_vs_erm.csv,trapA|mte_aug|test_rev|mte_aug|erm,0.1111181090505214,0.0932643692574608,0.1294929312066164,0.0963589644617122,0.0670371078544478,0.1259777792263385,True,True,False,1.6269117017288748,-0.014759144588809198
capsule/dino518_universal/bootstrap_vs_erm.csv,trapA|mte_aug|clean|mte_aug|erm,0.080671205532188,0.0674728721458772,0.0940158034490958,0.0695237502666572,0.0486228285887095,0.0919492680664542,True,True,False,1.6323155488290377,-0.011147455265530792
capsule/dino518_universal/bootstrap_vs_erm.csv,trapB|mask|test_rev|mask|erm,0.4649256231027216,0.4403895648522939,0.4901663922314171,0.4607866236772486,0.4152449816955714,0.5063733293687764,True,True,False,1.8307383670544057,-0.004138999425473022
capsule/dino518_universal/bootstrap_vs_erm.csv,trapB|mask|clean|mask|erm,0.206115883652955,0.1883558191780479,0.224417261651889,0.2174687122235654,0.1859040041418202,0.2505310845162272,True,True,False,1.792137971776568,0.011352828570610402
capsule/dino518_universal/bootstrap_vs_erm.csv,trapB|balanced|test_rev|balanced|erm,0.2386576005883519,0.2148291622344136,0.2615726182708381,0.2442315641534391,0.2163684907214062,0.2716220505646611,True,True,False,1.182059790362932,0.005573963565087214
capsule/dino518_universal/bootstrap_vs_erm.csv,trapB|balanced|clean|balanced|erm,0.0548575960647322,0.0408435750003463,0.067567281272921,0.0695753039891915,0.0489417944861388,0.0907105854199206,True,True,False,1.5629864550878996,0.014717707924459297
capsule/dino518_universal/bootstrap_vs_erm.csv,trapB|dfr|test_rev|dfr|erm,0.312901810629453,0.2589733958992126,0.36642091090716,0.2868716931216931,0.2385632419807659,0.3352865078342251,True,True,False,0.9001908126614655,-0.02603011750775991
capsule/dino518_universal/bootstrap_vs_erm.csv,trapB|dfr|clean|dfr|erm,0.0567797818492906,0.030609172866357,0.0806468434592923,0.0474925335988053,0.0137835422772988,0.0838683283114967,True,True,False,1.4006404615504426,-0.009287248250485297
capsule/dino518_universal/bootstrap_vs_erm.csv,trapB|mte|test_rev|mte|erm,0.4527358297430653,0.4280976965057171,0.4780214693677733,0.4405547288359788,0.3963492172662344,0.483383487516726,True,True,False,1.7433432062711889,-0.012181100907086517
capsule/dino518_universal/bootstrap_vs_erm.csv,trapB|mte|clean|mte|erm,0.1981499964354459,0.1804999627895958,0.2162693718345772,0.2043847329872715,0.1727757548636461,0.2379408917164338,True,True,False,1.8218119502852288,0.006234736551825604
capsule/dino518_universal/bootstrap_vs_erm.csv,trapB|mte_balanced|test_rev|mte_balanced|erm,0.4810644693227693,0.4537355112983423,0.5101314508864678,0.4714099702380953,0.4281780988600416,0.514393710954404,True,True,False,1.5287556643974336,-0.009654499084674029
capsule/dino518_universal/bootstrap_vs_erm.csv,trapB|mte_balanced|clean|mte_balanced|erm,0.2005542881585513,0.1794895236510829,0.2217379226870371,0.2070895257057527,0.1710193022562653,0.2430560006241236,True,True,False,1.7050752220587977,0.006535237547201395
capsule/dino518_universal/bootstrap_vs_erm.csv,trapB|mte_aug|test_rev|mte_aug|erm,0.4662691129604323,0.4414217916538206,0.4916656752842197,0.4621589781746031,0.4172174898125028,0.5052868484459586,True,True,False,1.752837405669237,-0.004110134785829167
capsule/dino518_universal/bootstrap_vs_erm.csv,trapB|mte_aug|clean|mte_aug|erm,0.2060802381122121,0.1893740351017747,0.222727314701727,0.2188668847329872,0.1877037455210401,0.2524405804501156,True,True,False,1.9409436105098363,0.01278664662077511
capsule/dino518_universal/T3_crossover.json,T3_crossover,0.368436623473971,0.3398485774213536,0.3967276508611075,0.3767533432268978,0.3267289257854225,0.4258013029504009,True,True,False,1.7418071563685982,0.008316719752926804
capsule/dino518_universal/EXTRA.json,trapA_mte_minus_mask,-0.11522983524499837,-0.12784185708862375,-0.10117073345228275,-0.1263882180982732,-0.14591138970836834,-0.10685252465623624,True,True,False,1.4644626744901015,-0.01115838285327482
capsule/dino518_universal/EXTRA.json,trapB_mte_minus_mask,-0.012189793359656198,-0.01984663132834864,-0.0048845130211416544,-0.02023189484126984,-0.03378996214480338,-0.00677261720136048,True,True,False,1.805716569586883,-0.00804210148161364
capsule/dino518_main/bootstrap_vs_erm.csv,trapA|prevcal|test_rev|prevcal|erm,0.3470615404513434,0.3295352138220179,0.365473784661194,0.3465497795109256,0.3160820211856123,0.3756861359715226,True,True,False,1.6584998622409528,-0.0005117609404178269
capsule/dino518_main/bootstrap_vs_erm.csv,trapA|prevcal|clean|prevcal|erm,-0.0042409282098808,-0.0277242064311449,0.018787004044725,0.0052931451326175,-0.0397424103100776,0.0449502704579827,False,False,False,1.8209089787503816,0.009534073342498301
capsule/dino518_main/bootstrap_vs_erm.csv,trapA|mask|test_rev|mask|erm,0.0964889996287505,0.0806245002461988,0.1127148750442103,0.0840332804503509,0.0553408813920165,0.1120358583895114,True,True,False,1.7667284148082947,-0.012455719178399605
capsule/dino518_main/bootstrap_vs_erm.csv,trapA|mask|clean|mask|erm,0.0745473016325659,0.0611191950346707,0.0879006103285407,0.0642386048496053,0.043929440723142,0.0859100695859614,True,True,False,1.5675283924381826,-0.010308696782960605
capsule/dino518_main/bootstrap_vs_erm.csv,trapA|inpaint|test_rev|inpaint|erm,-0.1690474325204834,-0.1925238367723111,-0.1480498433229637,-0.1719685319980261,-0.2024397525920695,-0.1421380338726355,True,True,False,1.3558872060390352,-0.0029210994775426824
capsule/dino518_main/bootstrap_vs_erm.csv,trapA|inpaint|clean|inpaint|erm,-0.0579338062308404,-0.0755646919177783,-0.0405089414060834,-0.072500533314371,-0.1007601690172757,-0.0448690086299702,True,True,False,1.5943507005693611,-0.014566727083530594
capsule/dino518_main/bootstrap_vs_erm.csv,trapA|balanced|test_rev|balanced|erm,0.187687158158136,0.1737920713994036,0.2014982237316957,0.1786063654167906,0.1502833460509854,0.2054124921493932,True,True,False,1.9897799390265258,-0.009080792741345406
capsule/dino518_main/bootstrap_vs_erm.csv,trapA|balanced|clean|balanced|erm,0.0597927211805803,0.0485736484446724,0.071371414230014,0.0510666287420891,0.0362352272557403,0.0655226441064954,True,True,False,1.2846617131923597,-0.0087260924384912
capsule/dino518_main/bootstrap_vs_erm.csv,trapA|dfr|test_rev|dfr|erm,0.2174939892924264,0.1998138814982679,0.2349237930918691,0.2342884038177023,0.1990041664521728,0.2725889604758652,True,True,False,2.0958410512518437,0.016794414525275914
capsule/dino518_main/bootstrap_vs_erm.csv,trapA|dfr|clean|dfr|erm,0.0548192771084338,0.0375939809128747,0.0714050970457319,0.0461014719476641,0.0236769948435149,0.068927075552297,True,True,False,1.3383196381620972,-0.008717805160769705
capsule/dino518_main/bootstrap_vs_erm.csv,trapA|leace_paired|test_rev|leace_paired|erm,0.0104551704421016,0.0046352652377219,0.0170599454116236,0.0116101979069846,0.0035749994422601,0.0199385163186146,True,True,False,1.317017150326848,0.0011550274648829996
capsule/dino518_main/bootstrap_vs_erm.csv,trapA|leace_paired|clean|leace_paired|erm,-0.004506487488415,-0.0109822680465572,0.0008650298636143,-0.007512621773448,-0.0229950560708588,0.0048121558479409,False,False,False,2.347135366193992,-0.0030061342850329995
capsule/dino518_main/bootstrap_vs_erm.csv,trapA|leace_unpaired|test_rev|leace_unpaired|erm,0.2910315481332789,0.2731032800195658,0.3090963998403065,0.281654825454045,0.2468648022839723,0.3161853310380699,True,True,False,1.9259383209718943,-0.009376722679233895
capsule/dino518_main/bootstrap_vs_erm.csv,trapA|leace_unpaired|clean|leace_unpaired|erm,0.0070640550367149,-0.0109500612543677,0.0251388395566878,0.0073357391737182,-0.0232101387859392,0.03767784051901,False,False,False,1.687166356873267,0.00027168413700330053
capsule/dino518_main/bootstrap_vs_erm.csv,trapA|mte|test_rev|mte|erm,-0.2984824979034711,-0.3214338531603577,-0.2760676028295431,-0.3081312588214605,-0.3480716390714504,-0.2685080927190867,True,True,False,1.7538047727590327,-0.009648760917989385
capsule/dino518_main/bootstrap_vs_erm.csv,trapA|mte|clean|mte|erm,-0.1127031795822342,-0.1348369888831421,-0.0909008891771333,-0.1347765412785323,-0.1649822573843129,-0.1044225847231129,True,True,False,1.3783579577255405,-0.022073361696298102
capsule/dino518_main/bootstrap_vs_erm.csv,trapA|mte_balanced|test_rev|mte_balanced|erm,0.1232594043771172,0.0977372401527651,0.147507385313243,0.0879240332215322,0.0469393592309625,0.1288081113289881,True,True,False,1.6449369764554542,-0.03533537115558501
capsule/dino518_main/bootstrap_vs_erm.csv,trapA|mte_balanced|clean|mte_balanced|erm,0.0069597918300421,-0.0178185496305318,0.0335517015401008,-0.0324797340539003,-0.0655405400831054,-0.0016690279704888,False,True,True,1.2433560408427735,-0.039439525883942395
capsule/dino518_main/bootstrap_vs_erm.csv,trapA|i2e|test_rev|i2e|erm,0.0363182368660468,0.0116047415208967,0.058298697374543,0.0043143580402436,-0.0360936816587384,0.0446062104477335,True,False,True,1.7282727631689856,-0.0320038788258032
capsule/dino518_main/bootstrap_vs_erm.csv,trapA|i2e|clean|i2e|erm,-0.0163550652313395,-0.0462664665955956,0.0114542730631407,-0.0368884661878688,-0.0586899123225242,-0.0134798289322834,False,True,True,0.7832554408958972,-0.020533400956529297
capsule/dino518_main/bootstrap_vs_erm.csv,trapA|i2e_balanced|test_rev|i2e_balanced|erm,0.1672469953904007,0.144340641852392,0.1887108333768638,0.1229608562425247,0.0870333909404847,0.1592319703518081,True,True,False,1.627186562210425,-0.04428613914787599
capsule/dino518_main/bootstrap_vs_erm.csv,trapA|i2e_balanced|clean|i2e_balanced|erm,0.0094175518642618,-0.0120869675290315,0.0300314059393849,-0.0150634644101542,-0.0380446109684763,0.0071174695426611,False,False,False,1.0722655409521784,-0.024481016274415998
capsule/dino518_main/bootstrap_vs_erm.csv,trapA|i2e_rank1|test_rev|i2e_rank1|erm,0.010966165078377,0.0045383428283953,0.0228707845309217,0.0049067451094918,0.0002927484200988,0.0095173709774001,True,True,False,0.503185702536834,-0.006059419968885199
capsule/dino518_main/bootstrap_vs_erm.csv,trapA|i2e_rank1|clean|i2e_rank1|erm,0.008583446210879,0.0017449649637102,0.0218009555642357,0.0007706392661594,-0.0079053556930656,0.0081797721914273,True,False,True,0.8020111399569285,-0.0078128069447196
capsule/dino518_main/bootstrap_vs_erm.csv,trapA|insert_aug|test_rev|insert_aug|erm,0.0399032854243949,0.027803806169609,0.0536971246514807,0.0231475019067438,0.0140172310023537,0.0322850411284498,True,True,False,0.7055028554522924,-0.0167557835176511
capsule/dino518_main/bootstrap_vs_erm.csv,trapA|insert_aug|clean|insert_aug|erm,0.0275700434875598,0.0143631338768329,0.040921851522307,0.0083899239138164,0.0021235352929195,0.0155692638193618,True,True,False,0.5062642220127522,-0.019180119573743402
capsule/dino518_main/bootstrap_vs_erm.csv,trapB|prevcal|test_rev|prevcal|erm,0.4697643837822472,0.4509644936249807,0.4887180673703575,0.4646866732804232,0.4302064049805931,0.4982341534682162,True,True,False,1.8018889800055975,-0.00507771050182404
capsule/dino518_main/bootstrap_vs_erm.csv,trapB|prevcal|clean|prevcal|erm,0.0568867184715192,0.0359754405975381,0.0756308601431576,0.0410225414207494,-0.0082676077027687,0.0848256384274414,True,False,True,2.3475541854529074,-0.015864177050769798
capsule/dino518_main/bootstrap_vs_erm.csv,trapB|mask|test_rev|mask|erm,0.4649256231027216,0.4403895648522939,0.4901663922314171,0.4607866236772486,0.4152449816955714,0.5063733293687764,True,True,False,1.8307383670544057,-0.004138999425473022
capsule/dino518_main/bootstrap_vs_erm.csv,trapB|mask|clean|mask|erm,0.206115883652955,0.1883558191780479,0.224417261651889,0.2174687122235654,0.1859040041418202,0.2505310845162272,True,True,False,1.792137971776568,0.011352828570610402
capsule/dino518_main/bootstrap_vs_erm.csv,trapB|inpaint|test_rev|inpaint|erm,-0.1130928668853861,-0.1361581074184185,-0.089924884418907,-0.1147342096560846,-0.1436488071449045,-0.0866825519217354,True,True,False,1.232149772984051,-0.001641342770698495
capsule/dino518_main/bootstrap_vs_erm.csv,trapB|inpaint|clean|inpaint|erm,-0.0475065944250373,-0.0604799502277625,-0.0341603153241067,-0.0433389035056531,-0.0645287341539833,-0.0217698751917556,True,True,False,1.62459924382494,0.004167690919384202
capsule/dino518_main/bootstrap_vs_erm.csv,trapB|balanced|test_rev|balanced|erm,0.2386576005883519,0.2148291622344136,0.2615726182708381,0.2442315641534391,0.2163684907214062,0.2716220505646611,True,True,False,1.182059790362932,0.005573963565087214
capsule/dino518_main/bootstrap_vs_erm.csv,trapB|balanced|clean|balanced|erm,0.0548575960647322,0.0408435750003463,0.067567281272921,0.0695753039891915,0.0489417944861388,0.0907105854199206,True,True,False,1.5629864550878996,0.014717707924459297
capsule/dino518_main/bootstrap_vs_erm.csv,trapB|dfr|test_rev|dfr|erm,0.312901810629453,0.2589733958992126,0.36642091090716,0.2868716931216931,0.2385632419807659,0.3352865078342251,True,True,False,0.9001908126614655,-0.02603011750775991
capsule/dino518_main/bootstrap_vs_erm.csv,trapB|dfr|clean|dfr|erm,0.0567797818492906,0.030609172866357,0.0806468434592923,0.0474925335988053,0.0137835422772988,0.0838683283114967,True,True,False,1.4006404615504426,-0.009287248250485297
capsule/dino518_main/bootstrap_vs_erm.csv,trapB|leace_paired|test_rev|leace_paired|erm,0.0103539157608412,-0.0033511273307603,0.0267736723295516,0.0097284226190476,0.0008295374873644,0.0236630008557022,False,True,True,0.7579623308970875,-0.0006254931417936007
capsule/dino518_main/bootstrap_vs_erm.csv,trapB|leace_paired|clean|leace_paired|erm,-0.0101821487131959,-0.0230545758719632,0.000313765120313,-0.0015137239564815,-0.0105483823628957,0.0039847698598351,False,False,False,0.6219163023825421,0.0086684247567144
capsule/dino518_main/bootstrap_vs_erm.csv,trapB|leace_unpaired|test_rev|leace_unpaired|erm,0.4302547764471474,0.4070349157355252,0.4537748846906526,0.415635333994709,0.3739529554146872,0.4573756213477821,True,True,False,1.7848250180308132,-0.014619442452438403
capsule/dino518_main/bootstrap_vs_erm.csv,trapB|leace_unpaired|clean|leace_unpaired|erm,0.0652545091609039,0.0460657233468966,0.0840711463724911,0.0658749911114271,0.0319352434121106,0.1008798986491653,True,True,False,1.8140741438563746,0.000620481950523194
capsule/dino518_main/bootstrap_vs_erm.csv,trapB|mte|test_rev|mte|erm,0.3415245202037324,0.3113271092389176,0.3703553457598403,0.338661541005291,0.2867016079185739,0.3891084035448486,True,True,False,1.734878113629167,-0.0028629791984414177
capsule/dino518_main/bootstrap_vs_erm.csv,trapB|mte|clean|mte|erm,0.1112862693377058,0.0882230380325077,0.1344920316141271,0.1236773803598094,0.0893944879937281,0.1583634303236443,True,True,False,1.4906082235883014,0.012391111022103593
capsule/dino518_main/bootstrap_vs_erm.csv,trapB|mte_balanced|test_rev|mte_balanced|erm,0.3700383237187177,0.3339051120267713,0.4057622964494936,0.3777219742063492,0.3259445156618202,0.4275634738447219,True,True,False,1.4141795145367304,0.007683650487631477
capsule/dino518_main/bootstrap_vs_erm.csv,trapB|mte_balanced|clean|mte_balanced|erm,0.1062370784914807,0.0834601581942534,0.1291976938034923,0.1331863755955344,0.0980845810015041,0.1692679562160168,True,True,False,1.5563447891611761,0.026949297104053693
capsule/dino518_main/bootstrap_vs_erm.csv,trapB|i2e|test_rev|i2e|erm,0.0874248830989661,0.0685116884748751,0.1065901494657199,0.1013041501322751,0.0644578198431452,0.1358716862660541,True,True,False,1.8754399354553457,0.013879267033309009
capsule/dino518_main/bootstrap_vs_erm.csv,trapB|i2e|clean|i2e|erm,-0.0026244029371925,-0.0180109245660175,0.0133662568415949,0.0027999004479841,-0.0210748663055034,0.0260137458824101,False,False,False,1.5007279199555308,0.0054243033851766
capsule/dino518_main/bootstrap_vs_erm.csv,trapB|i2e_balanced|test_rev|i2e_balanced|erm,0.2448496635101866,0.2196730023629828,0.2718020296909468,0.2423569775132275,0.1998619113147175,0.2843040404126324,True,True,False,1.6198677287158378,-0.002492685996959121
capsule/dino518_main/bootstrap_vs_erm.csv,trapB|i2e_balanced|clean|i2e_balanced|erm,0.035876345619163,0.0149017534440506,0.0575746704840031,0.0254248737822655,-0.0035980074292827,0.0535234265392191,True,False,True,1.3385875147701263,-0.010451471836897503
capsule/dino518_main/bootstrap_vs_erm.csv,trapB|i2e_rank1|test_rev|i2e_rank1|erm,0.0036434427191454,-0.0041565149478494,0.0108752014708849,0.0024863591269841,-0.0089270744525126,0.0085291451259028,False,False,False,1.1612925026086443,-0.0011570835921613002
capsule/dino518_main/bootstrap_vs_erm.csv,trapB|i2e_rank1|clean|i2e_rank1|erm,-1.6040493334279483e-05,-0.0101978183138078,0.0085762250312078,0.0035927611462703,-0.0005771036569039,0.009250444901411,False,False,False,0.5234646782108372,0.0036088016396045794
capsule/dino518_main/bootstrap_vs_erm.csv,trapB|insert_aug|test_rev|insert_aug|erm,0.0199946488274689,0.0118121671482596,0.0286485266821946,0.009703621031746,-0.0117484441376177,0.0274485259200048,True,False,True,2.3281143396004307,-0.010291027795722898
capsule/dino518_main/bootstrap_vs_erm.csv,trapB|insert_aug|clean|insert_aug|erm,0.0025744991801525,-0.0076641993799018,0.0104118195546881,0.0082645950366209,-0.0006843394119351,0.0196986575123922,False,False,False,1.1276264424199518,0.005690095856468401
capsule/dino518_main/T3_crossover.json,T3_crossover,0.368436623473971,0.3398485774213536,0.3967276508611075,0.3767533432268978,0.3267289257854225,0.4258013029504009,True,True,False,1.7418071563685982,0.008316719752926804
capsule/dino518_main/EXTRA.json,trapA_mte_minus_mask,-0.39497149753222166,-0.4198358127135828,-0.37291587492880324,-0.3921645392718115,-0.4249794211340042,-0.3595298040537074,True,True,False,1.3949212247576377,0.002806958260410164
capsule/dino518_main/EXTRA.json,trapB_mte_minus_mask,-0.1234011028989892,-0.1439172143880485,-0.10343463595630516,-0.12212508267195768,-0.15099405774659116,-0.09473011909762831,True,True,False,1.3898309057519167,0.0012760202270315213
capsule/medsiglip448_main/bootstrap_vs_erm.csv,trapA|prevcal|test_rev|prevcal|erm,0.3540086586475122,0.3374504436896399,0.3704472802875119,0.3617309402178133,0.3301781051494263,0.393614008154156,True,True,False,1.9224843816943566,0.007722281570301137
capsule/medsiglip448_main/bootstrap_vs_erm.csv,trapA|prevcal|clean|prevcal|erm,0.022102017537606,0.0073635441848241,0.0369581252204965,0.0243866884732987,-0.0040886247253241,0.0534545272270068,True,False,True,1.9443813677568251,0.0022846709356926995
capsule/medsiglip448_main/bootstrap_vs_erm.csv,trapA|mask|test_rev|mask|erm,0.109212451560962,0.0904798503255289,0.126679989223503,0.1169682318341541,0.0880025476786088,0.1465910742134688,True,True,False,1.6184613738633715,0.007755780273192098
capsule/medsiglip448_main/bootstrap_vs_erm.csv,trapA|mask|clean|mask|erm,0.0576441862123048,0.0469464034774744,0.0678874875905405,0.0577055038043091,0.0404120291707927,0.0752475684689028,True,True,False,1.6635021907187038,6.131759200429798e-05
capsule/medsiglip448_main/bootstrap_vs_erm.csv,trapA|inpaint|test_rev|inpaint|erm,-0.2429351014742774,-0.2616974837312681,-0.2236073427929961,-0.2361513466051944,-0.2695674261292849,-0.203616029222937,True,True,False,1.7314558382240486,0.006783754869083003
capsule/medsiglip448_main/bootstrap_vs_erm.csv,trapA|inpaint|clean|inpaint|erm,-0.0932050687958937,-0.1026914267004939,-0.0839090868093338,-0.0992880253146554,-0.1197364646087367,-0.0799118655031918,True,True,False,2.1203215007459386,-0.006082956518761701
capsule/medsiglip448_main/bootstrap_vs_erm.csv,trapA|balanced|test_rev|balanced|erm,0.2170490834956349,0.2014562781628936,0.2330962795860769,0.2253316571927942,0.2034831467552555,0.2481222798817049,True,True,False,1.4108448520404102,0.00828257369715929
capsule/medsiglip448_main/bootstrap_vs_erm.csv,trapA|balanced|clean|balanced|erm,0.0603122549369073,0.0497653996389696,0.0713169051973396,0.0633435255635355,0.0463261884716792,0.0802568961786807,True,True,False,1.5744008053221028,0.0030312706266281964
capsule/medsiglip448_main/bootstrap_vs_erm.csv,trapA|dfr|test_rev|dfr|erm,0.2083077433952262,0.1911205892965041,0.2259829584309685,0.2543221792863149,0.2224351736072858,0.2863711920110228,True,True,False,1.833955063614161,0.046014435891088695
capsule/medsiglip448_main/bootstrap_vs_erm.csv,trapA|dfr|clean|dfr|erm,0.0417097383617309,0.0214744195076357,0.0616154179197891,0.0527661238711512,0.0318860393331048,0.0743101935213395,True,True,False,1.0568784002988334,0.0110563855094203
capsule/medsiglip448_main/bootstrap_vs_erm.csv,trapA|leace_paired|test_rev|leace_paired|erm,0.0022230509950448,0.0004137283867715,0.0039887109782564,0.00609260472123,0.0029098228040113,0.0093141822961084,True,True,False,1.7914379519920949,0.0038695537261852
capsule/medsiglip448_main/bootstrap_vs_erm.csv,trapA|leace_paired|clean|leace_paired|erm,0.0001069366222285,-0.0010479867750482,0.0012465701559362,0.0014159496551234,-0.0006873415989357,0.0034012216246525,False,False,False,1.7818530315716088,0.0013090130328949
capsule/medsiglip448_main/bootstrap_vs_erm.csv,trapA|leace_unpaired|test_rev|leace_unpaired|erm,0.3080039939384806,0.290687966613871,0.3247405463345257,0.3262994534575879,0.2911944999137486,0.3627706701089021,True,True,False,2.1019309192524624,0.01829545951910727
capsule/medsiglip448_main/bootstrap_vs_erm.csv,trapA|leace_unpaired|clean|leace_unpaired|erm,-0.0073358522848792,-0.0257377473215211,0.0113351832637711,-0.0001671051695939,-0.0327913328617395,0.0323801418055688,False,False,False,1.7579261644118183,0.007168747115285299
capsule/medsiglip448_main/bootstrap_vs_erm.csv,trapA|mte|test_rev|mte|erm,-0.3711085893202687,-0.3933739953727344,-0.3489723806435461,-0.3581510176192212,-0.396936280884249,-0.3180972424349609,True,True,False,1.7755894448915535,0.012957571701047499
capsule/medsiglip448_main/bootstrap_vs_erm.csv,trapA|mte|clean|mte|erm,-0.2089505952805304,-0.2253260256626938,-0.1927477399273503,-0.2142261608476142,-0.244415893114169,-0.1847003658488998,True,True,False,1.8329855582451688,-0.005275565567083806
capsule/medsiglip448_main/bootstrap_vs_erm.csv,trapA|mte_balanced|test_rev|mte_balanced|erm,0.0825099585871192,0.0428802654530844,0.1210142837637094,0.047411464794918,-0.0019522034701297,0.0974157790003279,True,False,True,1.2717633704107743,-0.035098493792201195
capsule/medsiglip448_main/bootstrap_vs_erm.csv,trapA|mte_balanced|clean|mte_balanced|erm,-0.0454935125115848,-0.0741795840779352,-0.0205475990095807,-0.0824441797624973,-0.1112766144884396,-0.0538509819637241,True,True,False,1.0707347947596189,-0.03695066725091249
capsule/medsiglip448_main/bootstrap_vs_erm.csv,trapA|i2e|test_rev|i2e|erm,-0.0474424850667155,-0.0712080397137854,-0.0261613566885488,-0.0520613853430538,-0.0866757116457599,-0.0175677719248388,True,True,False,1.5341404756084838,-0.004618900276338302
capsule/medsiglip448_main/bootstrap_vs_erm.csv,trapA|i2e|clean|i2e|erm,-0.0778445141512797,-0.0931573647033725,-0.0617549996834454,-0.072691637630662,-0.0961879195289693,-0.0490523263575564,True,True,False,1.501020484969903,0.005152876520617702
capsule/medsiglip448_main/bootstrap_vs_erm.csv,trapA|i2e_balanced|test_rev|i2e_balanced|erm,0.0890702739551309,0.0692456673835535,0.1092193992105151,0.069320667320286,0.0302192683704803,0.1082285105464141,True,True,False,1.951512621178839,-0.019749606634844902
capsule/medsiglip448_main/bootstrap_vs_erm.csv,trapA|i2e_balanced|clean|i2e_balanced|erm,-0.0804484209025451,-0.1012256675610939,-0.0600439587934634,-0.0852138590627888,-0.1234008770783601,-0.0513271511561179,True,True,False,1.750139274912588,-0.004765438160243704
capsule/medsiglip448_main/bootstrap_vs_erm.csv,trapA|i2e_rank1|test_rev|i2e_rank1|erm,0.0050410834979517,0.0032812422327315,0.0069179163989865,0.0022009150990601,-0.000898326623053,0.0052607755409069,True,False,True,1.6936084681742232,-0.0028401683988916
capsule/medsiglip448_main/bootstrap_vs_erm.csv,trapA|i2e_rank1|clean|i2e_rank1|erm,0.0014783988023098,0.0003487965163515,0.0026126933789026,0.0001991040318566,-0.0018093199458095,0.0022042792183705,True,False,True,1.7728719141636278,-0.0012792947704532002
capsule/medsiglip448_main/bootstrap_vs_erm.csv,trapA|insert_aug|test_rev|insert_aug|erm,0.0348066352465783,0.0266505205659871,0.0435690820091139,0.0501240703877113,0.0379589123443894,0.0619728571913304,True,True,False,1.419384557467604,0.015317435141132998
capsule/medsiglip448_main/bootstrap_vs_erm.csv,trapA|insert_aug|clean|insert_aug|erm,0.0112532972125186,0.0070371391990537,0.0153878931420094,0.0159683211263599,0.0095859534314606,0.0225365124925379,True,True,False,1.5508251290294308,0.004715023913841298
capsule/medsiglip448_main/bootstrap_vs_erm.csv,trapB|prevcal|test_rev|prevcal|erm,0.4573284087767705,0.4342487591084639,0.4809648621805654,0.4411313657407407,0.4058828298085092,0.475811924380231,True,True,False,1.496894860082688,-0.016197043036029812
capsule/medsiglip448_main/bootstrap_vs_erm.csv,trapB|prevcal|clean|prevcal|erm,0.0615545020317958,0.0451185231031423,0.0772801181991452,0.0607800611533812,0.0305525742218376,0.0907596654256717,True,True,False,1.872018195121073,-0.0007744408784145992
capsule/medsiglip448_main/bootstrap_vs_erm.csv,trapB|mask|test_rev|mask|erm,0.4407808082796967,0.4142668076651926,0.4661755430147645,0.4516575727513228,0.4072117292441772,0.4949553539944145,True,True,False,1.690344104115434,0.01087676447162611
capsule/medsiglip448_main/bootstrap_vs_erm.csv,trapB|mask|clean|mask|erm,0.177149426106794,0.1582392105728186,0.1958415490149806,0.1840885657398848,0.1557378202941571,0.2130669208369498,True,True,False,1.5246153010130845,0.006939139633090813
capsule/medsiglip448_main/bootstrap_vs_erm.csv,trapB|inpaint|test_rev|inpaint|erm,-0.1421516326373603,-0.1617724412497311,-0.1207651571474503,-0.1355096726190476,-0.1635547750312437,-0.1080237970564968,True,True,False,1.3541735130822348,0.006641960018312715
capsule/medsiglip448_main/bootstrap_vs_erm.csv,trapB|inpaint|clean|inpaint|erm,-0.0479655307621016,-0.0569800154357144,-0.0387431576980829,-0.0472783189931024,-0.0649849142129631,-0.0299050120361818,True,True,False,1.9235716306759585,0.0006872117689992047
capsule/medsiglip448_main/bootstrap_vs_erm.csv,trapB|balanced|test_rev|balanced|erm,0.2487830768638966,0.2267933929063353,0.2740701193435022,0.2403191137566137,0.2113947253371525,0.2692283078231474,True,True,False,1.2232992181228648,-0.008463963107282924
capsule/medsiglip448_main/bootstrap_vs_erm.csv,trapB|balanced|clean|balanced|erm,0.0564678833677906,0.0424129015457538,0.0727442752266523,0.0616840290123018,0.0394281742134294,0.0835790798524733,True,True,False,1.4556184003907606,0.0052161456445112
capsule/medsiglip448_main/bootstrap_vs_erm.csv,trapB|dfr|test_rev|dfr|erm,0.2824313980659497,0.2441498418555237,0.316219811093837,0.2793485449735449,0.2415428184118511,0.3195342817870376,True,True,False,1.0821631284077924,-0.0030828530924048025
capsule/medsiglip448_main/bootstrap_vs_erm.csv,trapB|dfr|clean|dfr|erm,0.0569464247522634,0.0392150432395206,0.0737431352105469,0.0425442650927967,0.0125104472761519,0.0722968962724063,True,True,False,1.7315306344301695,-0.014402159659466701
capsule/medsiglip448_main/bootstrap_vs_erm.csv,trapB|leace_paired|test_rev|leace_paired|erm,0.0041375745219641,0.0020491304271692,0.0061484717439664,0.0056113591269841,0.0024011111401644,0.0089296332858243,True,True,False,1.5925783293303837,0.00147378460502
capsule/medsiglip448_main/bootstrap_vs_erm.csv,trapB|leace_paired|clean|leace_paired|erm,0.0018072289156626,0.0008356243353836,0.0027494786001078,0.0026327952783901,0.0008471844440075,0.0044066548931957,True,True,False,1.859844040790193,0.0008255663627275
capsule/medsiglip448_main/bootstrap_vs_erm.csv,trapB|leace_unpaired|test_rev|leace_unpaired|erm,0.402093599391306,0.3772790987035529,0.4273577616589905,0.3982287533068783,0.3556273375625395,0.4406164667668243,True,True,False,1.6971125862508007,-0.00386484608442772
capsule/medsiglip448_main/bootstrap_vs_erm.csv,trapB|leace_unpaired|clean|leace_unpaired|erm,0.0503983389178013,0.0291728700330359,0.0705697572745358,0.0492089170162839,0.0121091730380018,0.0855344187950652,True,True,False,1.773690019945641,-0.0011894219015173985
capsule/medsiglip448_main/bootstrap_vs_erm.csv,trapB|mte|test_rev|mte|erm,0.2277741665014969,0.187568704792622,0.2635115909005817,0.2477657903439153,0.1955757740878459,0.2997901580448612,True,True,False,1.3722731554982663,0.0199916238424184
capsule/medsiglip448_main/bootstrap_vs_erm.csv,trapB|mte|clean|mte|erm,0.0135479788978398,-0.0114570771535241,0.0381387214884154,0.0253217663371969,-0.0087717692511297,0.0595285750009828,False,False,False,1.3771397199430508,0.011773787439357102
capsule/medsiglip448_main/bootstrap_vs_erm.csv,trapB|mte_balanced|test_rev|mte_balanced|erm,0.2868835393825434,0.2489770134881371,0.3208045007141166,0.3036437665343915,0.251160265084865,0.3547080756633535,True,True,False,1.4416181684417329,0.016760227151848106
capsule/medsiglip448_main/bootstrap_vs_erm.csv,trapB|mte_balanced|clean|mte_balanced|erm,0.0112639908747415,-0.0139144890661986,0.0355139093389453,0.0308486809357889,-0.0054118803589429,0.0672444165312086,False,False,False,1.469930227045154,0.0195846900610474
capsule/medsiglip448_main/bootstrap_vs_erm.csv,trapB|i2e|test_rev|i2e|erm,0.0755363723255547,0.0432677650248723,0.1064803167901226,0.113979828042328,0.0734841067372802,0.1556371207494693,True,True,False,1.29963135038872,0.038443455716773295
capsule/medsiglip448_main/bootstrap_vs_erm.csv,trapB|i2e|clean|i2e|erm,-0.0582733300064161,-0.0789665796594317,-0.03805168141649,-0.026519945957477,-0.0550630245015257,0.0012783970236186,True,False,True,1.3770392679606347,0.0317533840489391
capsule/medsiglip448_main/bootstrap_vs_erm.csv,trapB|i2e_balanced|test_rev|i2e_balanced|erm,0.2336281748443058,0.2054131204533884,0.2616075134231614,0.2541997354497355,0.2142551957200289,0.2942690441363453,True,True,False,1.4238760165868483,0.020571560605429695
capsule/medsiglip448_main/bootstrap_vs_erm.csv,trapB|i2e_balanced|clean|i2e_balanced|erm,-0.0032847365794539,-0.0276499232340317,0.0196336157594076,0.0039705254924269,-0.025949341202531,0.0334337962411655,False,False,False,1.2558945186386332,0.0072552620718808
capsule/medsiglip448_main/bootstrap_vs_erm.csv,trapB|i2e_rank1|test_rev|i2e_rank1|erm,0.0070079089123835,0.0008816918689493,0.017719209146864,0.0003162202380952,-0.0017084175581792,0.0025059704368998,True,False,True,0.25029747114836787,-0.0066916886742883
capsule/medsiglip448_main/bootstrap_vs_erm.csv,trapB|i2e_rank1|clean|i2e_rank1|erm,0.0031029443216654,0.0002171121871763,0.0077413621096698,-2.666571855223232e-05,-0.0010277810216176,0.0011045814586205,True,False,True,0.28339867790189577,-0.0031296100402176323
capsule/medsiglip448_main/bootstrap_vs_erm.csv,trapB|insert_aug|test_rev|insert_aug|erm,0.0404991015637224,0.0332365106547001,0.0477957738783957,0.0484147652116401,0.033269292795545,0.064526604934992,True,True,False,2.146902055357778,0.007915663647917702
capsule/medsiglip448_main/bootstrap_vs_erm.csv,trapB|insert_aug|clean|insert_aug|erm,0.01242514436444,0.0084403172489099,0.0165432617383117,0.0136235156083339,0.0050622573668423,0.0224600406843048,True,True,False,2.1470939780246345,0.0011983712438939
capsule/medsiglip448_main/T3_crossover.json,T3_crossover,0.3315683567187346,0.2960347347359342,0.3649349599808341,0.3346893409171686,0.2858114674274151,0.3830496788942441,True,True,False,1.4112901825967081,0.0031209841984340403
capsule/medsiglip448_main/EXTRA.json,trapA_mte_minus_mask,-0.4803210408812307,-0.5006698838432715,-0.4600293297149199,-0.4751192494533753,-0.5121771887021219,-0.43865699068831615,True,True,False,1.8090353242136705,0.005201791427855373
capsule/medsiglip448_main/EXTRA.json,trapB_mte_minus_mask,-0.21300664177819972,-0.23496998900395397,-0.19116537112184218,-0.2038917824074074,-0.23915054748404344,-0.16942750036401147,True,True,False,1.5916825780257364,0.009114859370792316
capsule/medsiglip448_universal/bootstrap_vs_erm.csv,trapA|mask|test_rev|mask|erm,0.109212451560962,0.0904798503255289,0.126679989223503,0.1169682318341541,0.0880025476786088,0.1465910742134688,True,True,False,1.6184613738633715,0.007755780273192098
capsule/medsiglip448_universal/bootstrap_vs_erm.csv,trapA|mask|clean|mask|erm,0.0576441862123048,0.0469464034774744,0.0678874875905405,0.0577055038043091,0.0404120291707927,0.0752475684689028,True,True,False,1.6635021907187038,6.131759200429798e-05
capsule/medsiglip448_universal/bootstrap_vs_erm.csv,trapA|balanced|test_rev|balanced|erm,0.2170490834956349,0.2014562781628936,0.2330962795860769,0.2253316571927942,0.2034831467552555,0.2481222798817049,True,True,False,1.4108448520404102,0.00828257369715929
capsule/medsiglip448_universal/bootstrap_vs_erm.csv,trapA|balanced|clean|balanced|erm,0.0603122549369073,0.0497653996389696,0.0713169051973396,0.0633435255635355,0.0463261884716792,0.0802568961786807,True,True,False,1.5744008053221028,0.0030312706266281964
capsule/medsiglip448_universal/bootstrap_vs_erm.csv,trapA|dfr|test_rev|dfr|erm,0.2083077433952262,0.1911205892965041,0.2259829584309685,0.2543221792863149,0.2224351736072858,0.2863711920110228,True,True,False,1.833955063614161,0.046014435891088695
capsule/medsiglip448_universal/bootstrap_vs_erm.csv,trapA|dfr|clean|dfr|erm,0.0417097383617309,0.0214744195076357,0.0616154179197891,0.0527661238711512,0.0318860393331048,0.0743101935213395,True,True,False,1.0568784002988334,0.0110563855094203
capsule/medsiglip448_universal/bootstrap_vs_erm.csv,trapA|mte|test_rev|mte|erm,-0.127172197478282,-0.1492554527488355,-0.1066950810119739,-0.1132201829656711,-0.1464860747576112,-0.0798023644879891,True,True,False,1.5668028155841327,0.01395201451261091
capsule/medsiglip448_universal/bootstrap_vs_erm.csv,trapA|mte|clean|mte|erm,-0.0356286091110002,-0.0477135487546083,-0.0243343847495251,-0.0347427647016994,-0.0544772229992469,-0.0154081745910131,True,True,False,1.6711054509793095,0.0008858444093007983
capsule/medsiglip448_universal/bootstrap_vs_erm.csv,trapA|mte_balanced|test_rev|mte_balanced|erm,0.2613466451709409,0.224093894639677,0.2899813309192854,0.2687873655585656,0.2319835738572058,0.3083848094190336,True,True,False,1.1595721411530067,0.007440720387624666
capsule/medsiglip448_universal/bootstrap_vs_erm.csv,trapA|mte_balanced|clean|mte_balanced|erm,0.0846011263990875,0.0574912373087693,0.1053620644389415,0.0860858280594468,0.058871551489874,0.1142163272684223,True,True,False,1.1561274182301606,0.0014847016603593
capsule/medsiglip448_universal/bootstrap_vs_erm.csv,trapA|mte_protect|test_rev|mte_protect|erm,0.0742004762811139,0.0516416690543498,0.0973000624920635,0.0881450716675082,0.0554968886000062,0.1209335595429722,True,True,False,1.4331794444811874,0.01394459538639431
capsule/medsiglip448_universal/bootstrap_vs_erm.csv,trapA|mte_protect|clean|mte_protect|erm,0.0403837242460968,0.0286397001069658,0.0518401052689712,0.0403238995946811,0.021427691877819,0.059264898818193,True,True,False,1.630885610667647,-5.982465141569915e-05
capsule/medsiglip448_universal/bootstrap_vs_erm.csv,trapA|mte_protect_balanced|test_rev|mte_protect_balanced|erm,0.278645146448807,0.2457363010627228,0.3059063147242543,0.3020569452532414,0.2703521868233134,0.3345401829305915,True,True,False,1.066777156946458,0.02341179880443439
capsule/medsiglip448_universal/bootstrap_vs_erm.csv,trapA|mte_protect_balanced|clean|mte_protect_balanced|erm,0.092360269480288,0.0671690923446441,0.1127418219940353,0.1007368626893266,0.0761652616801835,0.1255645914717277,True,True,False,1.0839668848364474,0.008376593209038607
capsule/medsiglip448_universal/bootstrap_vs_erm.csv,trapA|mte_dfr|test_rev|mte_dfr|erm,0.2781774568816885,0.2465085032516592,0.3080608888776544,0.311126392663496,0.2768078600178728,0.3464876119230199,True,True,False,1.1320398258572046,0.03294893578180752
capsule/medsiglip448_universal/bootstrap_vs_erm.csv,trapA|mte_dfr|clean|mte_dfr|erm,0.0559091395166464,0.0320786055321936,0.0796446302249493,0.0616431415771883,0.032940621227081,0.0898802050119334,True,True,False,1.1970641682302343,0.0057340020605419
capsule/medsiglip448_universal/bootstrap_vs_erm.csv,trapA|mask_dfr|test_rev|mask_dfr|erm,0.3087444306515302,0.2840290679629057,0.3313031399733661,0.344791562332518,0.3119183015623552,0.37776843323255,True,True,False,1.3929439303562443,0.03604713168098783
capsule/medsiglip448_universal/bootstrap_vs_erm.csv,trapA|mask_dfr|clean|mask_dfr|erm,0.0972089541598345,0.0801675706718431,0.1151518378195104,0.1080174927113703,0.0830177227665166,0.133253282667234,True,True,False,1.4359471841635256,0.010808538551535796
capsule/medsiglip448_universal/bootstrap_vs_erm.csv,trapA|mte_aug|test_rev|mte_aug|erm,0.1282237680334506,0.1108357806090809,0.1448308412070856,0.1360712737123487,0.1059067937180456,0.1664596309031945,True,True,False,1.7812245696865445,0.007847505678898109
capsule/medsiglip448_universal/bootstrap_vs_erm.csv,trapA|mte_aug|clean|mte_aug|erm,0.0647456690667997,0.0542102902565524,0.0750399499242147,0.065431451326175,0.0480494452614832,0.083226912696488,True,True,False,1.688816235899295,0.0006857822593753088
capsule/medsiglip448_universal/bootstrap_vs_erm.csv,trapB|mask|test_rev|mask|erm,0.4407808082796967,0.4142668076651926,0.4661755430147645,0.4516575727513228,0.4072117292441772,0.4949553539944145,True,True,False,1.690344104115434,0.01087676447162611
capsule/medsiglip448_universal/bootstrap_vs_erm.csv,trapB|mask|clean|mask|erm,0.177149426106794,0.1582392105728186,0.1958415490149806,0.1840885657398848,0.1557378202941571,0.2130669208369498,True,True,False,1.5246153010130845,0.006939139633090813
capsule/medsiglip448_universal/bootstrap_vs_erm.csv,trapB|balanced|test_rev|balanced|erm,0.2487830768638966,0.2267933929063353,0.2740701193435022,0.2403191137566137,0.2113947253371525,0.2692283078231474,True,True,False,1.2232992181228648,-0.008463963107282924
capsule/medsiglip448_universal/bootstrap_vs_erm.csv,trapB|balanced|clean|balanced|erm,0.0564678833677906,0.0424129015457538,0.0727442752266523,0.0616840290123018,0.0394281742134294,0.0835790798524733,True,True,False,1.4556184003907606,0.0052161456445112
capsule/medsiglip448_universal/bootstrap_vs_erm.csv,trapB|dfr|test_rev|dfr|erm,0.2824313980659497,0.2441498418555237,0.316219811093837,0.2793485449735449,0.2415428184118511,0.3195342817870376,True,True,False,1.0821631284077924,-0.0030828530924048025
capsule/medsiglip448_universal/bootstrap_vs_erm.csv,trapB|dfr|clean|dfr|erm,0.0569464247522634,0.0392150432395206,0.0737431352105469,0.0425442650927967,0.0125104472761519,0.0722968962724063,True,True,False,1.7315306344301695,-0.014402159659466701
capsule/medsiglip448_universal/bootstrap_vs_erm.csv,trapB|mte|test_rev|mte|erm,0.3914177982964917,0.3641397614362887,0.4166895848667147,0.405787037037037,0.3620260852324622,0.4497061671868333,True,True,False,1.668513350391295,0.014369238740545298
capsule/medsiglip448_universal/bootstrap_vs_erm.csv,trapB|mte|clean|mte|erm,0.1510800598845084,0.133010356923712,0.1691124134097946,0.1575552869231316,0.1292919886649455,0.1866230795629316,True,True,False,1.5880283972212852,0.006475227038623188
capsule/medsiglip448_universal/bootstrap_vs_erm.csv,trapB|mte_balanced|test_rev|mte_balanced|erm,0.4347924012372079,0.408020332296955,0.460200622481361,0.4532924107142856,0.4097097445313413,0.4964764824933201,True,True,False,1.6628258994985219,0.018500009477077695
capsule/medsiglip448_universal/bootstrap_vs_erm.csv,trapB|mte_balanced|clean|mte_balanced|erm,0.1607239609324873,0.1428671038512317,0.1782509515694878,0.1720712152456802,0.1418896324669774,0.2016563389136725,True,True,False,1.6890957400276956,0.01134725431319289
capsule/medsiglip448_universal/bootstrap_vs_erm.csv,trapB|mte_protect|test_rev|mte_protect|erm,0.4338063625327296,0.4052687754275127,0.4595738531841567,0.4476624503968254,0.4038568151327055,0.4906211772659169,True,True,False,1.597720981489547,0.013856087864095812
capsule/medsiglip448_universal/bootstrap_vs_erm.csv,trapB|mte_protect|clean|mte_protect|erm,0.1679885221358807,0.1496833416324578,0.1862666248405644,0.1763546185024532,0.1474072658665503,0.2060091560347598,True,True,False,1.6018761857662833,0.008366096366572512
capsule/medsiglip448_universal/bootstrap_vs_erm.csv,trapB|mte_protect_balanced|test_rev|mte_protect_balanced|erm,0.4489021783493808,0.4212863070209838,0.4753312256113253,0.4663463128306878,0.4226692876813431,0.5092265145067791,True,True,False,1.6015793729200825,0.017444134481306994
capsule/medsiglip448_universal/bootstrap_vs_erm.csv,trapB|mte_protect_balanced|clean|mte_protect_balanced|erm,0.1663630854780066,0.148238559285176,0.1843862401776473,0.1812237787100903,0.1514789726958335,0.2113013633175976,True,True,False,1.654944083403805,0.014860693232083694
capsule/medsiglip448_universal/bootstrap_vs_erm.csv,trapB|mte_dfr|test_rev|mte_dfr|erm,0.4085967980330895,0.3731917457518445,0.4441584816954669,0.4030877976190476,0.3527027479538387,0.452763621871554,True,True,False,1.4099686647164655,-0.005509000414041898
capsule/medsiglip448_universal/bootstrap_vs_erm.csv,trapB|mte_dfr|clean|mte_dfr|erm,0.1223167819205817,0.0935137759587507,0.149310412209431,0.1030914456374884,0.0641067916887493,0.1403499626529224,True,True,False,1.3664474435632936,-0.019225336283093294
capsule/medsiglip448_universal/bootstrap_vs_erm.csv,trapB|mask_dfr|test_rev|mask_dfr|erm,0.4405209838333628,0.4069108055311398,0.471744784777621,0.4375144675925925,0.3909335398570696,0.4830873689980721,True,True,False,1.4213816614688826,-0.003006516240770307
capsule/medsiglip448_universal/bootstrap_vs_erm.csv,trapB|mask_dfr|clean|mask_dfr|erm,0.159065552149426,0.1337156014416779,0.1820407421180254,0.1477218587783545,0.1168068235494499,0.1793713398188916,True,True,False,1.2946577163315658,-0.011343693371071495
capsule/medsiglip448_universal/bootstrap_vs_erm.csv,trapB|mte_aug|test_rev|mte_aug|erm,0.4420800120095763,0.4158019231488305,0.4677077502321203,0.451490162037037,0.4068160890693775,0.4948984755824379,True,True,False,1.6969652823703305,0.009410150027460706
capsule/medsiglip448_universal/bootstrap_vs_erm.csv,trapB|mte_aug|clean|mte_aug|erm,0.1783783061239039,0.1595528689337764,0.1970232406479793,0.1839676811491147,0.1553130358411343,0.2134701421471499,True,True,False,1.55208244929077,0.0055893750252107854
capsule/medsiglip448_universal/T3_crossover.json,T3_crossover,0.3315683567187346,0.2960347347359342,0.3649349599808341,0.3346893409171686,0.2858114674274151,0.3830496788942441,True,True,False,1.4112901825967081,0.0031209841984340403
capsule/medsiglip448_universal/EXTRA.json,trapA_mte_minus_mask,-0.23638464903924405,-0.2517321489369869,-0.22068842388395774,-0.23018841479982521,-0.253930674975872,-0.20754006185069324,True,True,False,1.4943636128052897,0.006196234239418841
capsule/medsiglip448_universal/EXTRA.json,trapB_mte_minus_mask,-0.049363009983204906,-0.05995169045966757,-0.039628063765525044,-0.04587053571428572,-0.06303962570755665,-0.02910609594514213,True,True,False,1.6696591741765514,0.003492474268919188
capsule/convnext384_universal/bootstrap_vs_erm.csv,trapA|mask|test_rev|mask|erm,0.0943491666316737,0.0720338302408531,0.114199018877505,0.0836528313680428,0.0487940990019277,0.1183180865461245,True,True,False,1.6488480140170267,-0.010696335263630896
capsule/convnext384_universal/bootstrap_vs_erm.csv,trapA|mask|clean|mask|erm,0.0549903757039994,0.0435765412692107,0.0665854445368659,0.0527990115906989,0.0331187292624168,0.073231882385488,True,True,False,1.7433752776674196,-0.002191364113300502
capsule/convnext384_universal/bootstrap_vs_erm.csv,trapA|balanced|test_rev|balanced|erm,0.1709158716569164,0.1473322337015036,0.1939897741910715,0.1969945262954963,0.1718243257518028,0.2211051389880324,True,True,False,1.0562239826432402,0.02607865463857989
capsule/convnext384_universal/bootstrap_vs_erm.csv,trapA|balanced|clean|balanced|erm,0.0265176088971269,0.0103386912130964,0.0429632488247187,0.0466898954703832,0.0276427152555371,0.0650423680532385,True,True,False,1.1463650555181168,0.0201722865732563
capsule/convnext384_universal/bootstrap_vs_erm.csv,trapA|dfr|test_rev|dfr|erm,0.2297982613800759,0.202135813487204,0.2579653351318222,0.2553071281515017,0.222562702300421,0.2910777523816287,True,True,False,1.2272190064127546,0.025508866771425803
capsule/convnext384_universal/bootstrap_vs_erm.csv,trapA|dfr|clean|dfr|erm,0.0393660440578883,0.0220678853438562,0.0575460151762513,0.042165611889355,0.0180040944419223,0.0668135730082514,True,True,False,1.375762442860253,0.002799567831466697
capsule/convnext384_universal/bootstrap_vs_erm.csv,trapA|mte|test_rev|mte|erm,0.0135339574947452,-0.013173821725385,0.0411207045616096,0.008648650040189,-0.0239248830788864,0.040089138920905,False,False,False,1.1790142833445245,-0.0048853074545562
capsule/convnext384_universal/bootstrap_vs_erm.csv,trapA|mte|clean|mte|erm,0.0282597847009339,0.0160863644715052,0.0403184488835721,0.026495057953495,0.0079092648733452,0.0456669249749464,True,True,False,1.5581680659216812,-0.0017647267474389002
capsule/convnext384_universal/bootstrap_vs_erm.csv,trapA|mte_balanced|test_rev|mte_balanced|erm,0.2577614106257674,0.2373304485227681,0.2796823684894153,0.2726635241552829,0.2311836071549892,0.3115264723712523,True,True,False,1.8970300586026414,0.014902113529515482
capsule/convnext384_universal/bootstrap_vs_erm.csv,trapA|mte_balanced|clean|mte_balanced|erm,0.071139587937549,0.0562416983473441,0.0863417293329213,0.0897648083623693,0.0645646564749866,0.115046043307939,True,True,False,1.6771207596809843,0.018625220424820302
capsule/convnext384_universal/bootstrap_vs_erm.csv,trapA|mte_protect|test_rev|mte_protect|erm,0.0977779710559911,0.069824302894234,0.1241487905899552,0.1081912491323512,0.0743804131153657,0.1421393166791886,True,True,False,1.247299448884814,0.010413278076360097
capsule/convnext384_universal/bootstrap_vs_erm.csv,trapA|mte_protect|clean|mte_protect|erm,0.0409870250231695,0.0209473836969404,0.0588442436658297,0.0409052122591196,0.0182908330801844,0.0636754089141149,True,True,False,1.1975814321077813,-8.181276404990029e-05
capsule/convnext384_universal/bootstrap_vs_erm.csv,trapA|mte_protect_balanced|test_rev|mte_protect_balanced|erm,0.2435529729294511,0.2235675874121693,0.26418721246095,0.2712784868386236,0.235481594371114,0.3084077793143731,True,True,False,1.7953436265273492,0.027725513909172494
capsule/convnext384_universal/bootstrap_vs_erm.csv,trapA|mte_protect_balanced|clean|mte_protect_balanced|erm,0.0759579739074642,0.0607729629670789,0.0902169889966645,0.0882519732631728,0.0611692518725053,0.115020348537937,True,True,False,1.828931159459025,0.012293999355708601
capsule/convnext384_universal/bootstrap_vs_erm.csv,trapA|mte_dfr|test_rev|mte_dfr|erm,0.3242450393368211,0.2944388023277388,0.3538637471910325,0.3358973193269599,0.3024154591568991,0.3697405129871559,True,True,False,1.1329426385693278,0.011652279990138792
capsule/convnext384_universal/bootstrap_vs_erm.csv,trapA|mte_dfr|clean|mte_dfr|erm,0.0796437228202752,0.0589618889840232,0.1007298445701459,0.0760817393159354,0.0460632440799575,0.1040826034494206,True,True,False,1.3890878439053858,-0.003561983504339797
capsule/convnext384_universal/bootstrap_vs_erm.csv,trapA|mask_dfr|test_rev|mask_dfr|erm,0.3189804044175142,0.2916702880533278,0.3456353384500829,0.3301669866556856,0.2964737693094363,0.3644830527470974,True,True,False,1.260246825262865,0.011186582238171427
capsule/convnext384_universal/bootstrap_vs_erm.csv,trapA|mask_dfr|clean|mask_dfr|erm,0.0918273686461823,0.0717535834329442,0.110690453329352,0.0861933797909407,0.0592735938397845,0.1139132720819865,True,True,False,1.4032889235208632,-0.005633988855241592
capsule/convnext384_universal/bootstrap_vs_erm.csv,trapA|mte_aug|test_rev|mte_aug|erm,0.109843443131944,0.0879490021753003,0.1290892464989076,0.0987123261829574,0.0662887036939664,0.1305664644531348,True,True,False,1.5624059073048386,-0.011131116948986594
capsule/convnext384_universal/bootstrap_vs_erm.csv,trapA|mte_aug|clean|mte_aug|erm,0.0608505026021244,0.0488027070937054,0.0731610588845262,0.058887683993458,0.0390796472772976,0.0790269224741903,True,True,False,1.6399826860184532,-0.0019628186086664
capsule/convnext384_universal/bootstrap_vs_erm.csv,trapB|mask|test_rev|mask|erm,0.3860381258410615,0.3546283463713588,0.4163034740041603,0.403453621031746,0.3580434421606397,0.4484871500292923,True,True,False,1.4664535176502942,0.01741549519068447
capsule/convnext384_universal/bootstrap_vs_erm.csv,trapB|mask|clean|mask|erm,0.1903694660297996,0.1728649283500787,0.2086079814406911,0.1851125293322904,0.1477700944659623,0.2246986095728514,True,True,False,2.1522648026699684,-0.005256936697509207
capsule/convnext384_universal/bootstrap_vs_erm.csv,trapB|balanced|test_rev|balanced|erm,0.2155703147004516,0.1887525660477658,0.2448798607928496,0.2264674272486772,0.1976172042045064,0.255909144969815,True,True,False,1.0385667264039016,0.01089711254822559
capsule/convnext384_universal/bootstrap_vs_erm.csv,trapB|balanced|clean|balanced|erm,0.0645335780993797,0.0447139598470303,0.0869240548598738,0.0685033421033919,0.0457036442479994,0.0929277157542049,True,True,False,1.1187861930146419,0.003969764004012208
capsule/convnext384_universal/bootstrap_vs_erm.csv,trapB|dfr|test_rev|dfr|erm,0.285629338964751,0.2440837960956413,0.3294189471664899,0.292937748015873,0.2341010879224221,0.3464295934642415,True,True,False,1.3163216345461188,0.007308409051122011
capsule/convnext384_universal/bootstrap_vs_erm.csv,trapB|dfr|clean|dfr|erm,0.0828019177300919,0.0652082467414451,0.1009922470879472,0.0573108511697362,0.0198023247905175,0.0984402866024788,True,True,False,2.197573246436887,-0.025491066560355706
capsule/convnext384_universal/bootstrap_vs_erm.csv,trapB|mte|test_rev|mte|erm,0.3646698246680088,0.3385856198084658,0.3907891002669693,0.3779927248677249,0.3336077352836298,0.4216056165013697,True,True,False,1.6856707722330764,0.013322900199716103
capsule/convnext384_universal/bootstrap_vs_erm.csv,trapB|mte|clean|mte|erm,0.1783453339987167,0.1618667611888089,0.1954808505893805,0.1707281518879328,0.1389115707825221,0.2053635691703866,True,True,False,1.976909075119391,-0.007617182110783882
capsule/convnext384_universal/bootstrap_vs_erm.csv,trapB|mte_balanced|test_rev|mte_balanced|erm,0.4126120029913103,0.3886390444701145,0.4365076825119733,0.4325644841269841,0.3841292481735071,0.4800552413107573,True,True,False,2.003942394462269,0.019952481135673827
capsule/convnext384_universal/bootstrap_vs_erm.csv,trapB|mte_balanced|clean|mte_balanced|erm,0.1860964568332502,0.1643735552085865,0.2083941346739846,0.1819330868235796,0.1466422736896105,0.2197290874859877,True,True,False,1.660287408388759,-0.004163370009670625
capsule/convnext384_universal/bootstrap_vs_erm.csv,trapB|mte_protect|test_rev|mte_protect|erm,0.3698605598209908,0.3384690637771072,0.4011580586519656,0.3832795965608466,0.3373172433921371,0.4285395109155321,True,True,False,1.4551560079324233,0.013419036739855783
capsule/convnext384_universal/bootstrap_vs_erm.csv,trapB|mte_protect|clean|mte_protect|erm,0.1756585513652241,0.1570131109604866,0.1944916345028068,0.16567055393586,0.1286797283252526,0.2025330357495906,True,True,False,1.9705500762575114,-0.009987997429364098
capsule/convnext384_universal/bootstrap_vs_erm.csv,trapB|mte_protect_balanced|test_rev|mte_protect_balanced|erm,0.4174535264601872,0.3866374496967286,0.4458416837909024,0.4234933035714285,0.3756560987923221,0.4710888203034888,True,True,False,1.6119239269165397,0.006039777111241318
capsule/convnext384_universal/bootstrap_vs_erm.csv,trapB|mte_protect_balanced|clean|mte_protect_balanced|erm,0.1912160476224424,0.173649670214554,0.2086055837787195,0.1801091516746071,0.1406476773709407,0.2194671006744085,True,True,False,2.2548237270007525,-0.011106895947835316
capsule/convnext384_universal/bootstrap_vs_erm.csv,trapB|mte_dfr|test_rev|mte_dfr|erm,0.426485231546197,0.3964311025677465,0.4573499445046776,0.4298983134920635,0.38114127348712,0.4776559778109879,True,True,False,1.5843161369316405,0.0034130819458664807
capsule/convnext384_universal/bootstrap_vs_erm.csv,trapB|mte_dfr|clean|mte_dfr|erm,0.1762190774934056,0.1544213834841238,0.1994006620842585,0.1488667069615303,0.1051566446653805,0.1952372866984092,True,True,False,2.0027142461275256,-0.02735237053187531
capsule/convnext384_universal/bootstrap_vs_erm.csv,trapB|mask_dfr|test_rev|mask_dfr|erm,0.4388678496729639,0.4108625127854884,0.4686452780778598,0.4526248346560846,0.4029873451821854,0.5021733384218956,True,True,False,1.7165324770776422,0.013756984983120724
capsule/convnext384_universal/bootstrap_vs_erm.csv,trapB|mask_dfr|clean|mask_dfr|erm,0.1938564910529692,0.1742369658820444,0.213905230022195,0.180024710232525,0.1408418340500476,0.2225563132856411,True,True,False,2.0599459292418456,-0.0138317808204442
capsule/convnext384_universal/bootstrap_vs_erm.csv,trapB|mte_aug|test_rev|mte_aug|erm,0.3829365973258155,0.3510522384141355,0.4136133597967366,0.4055121527777777,0.3611195602320223,0.4485325515876308,True,True,False,1.3972414404310693,0.022575555451962215
capsule/convnext384_universal/bootstrap_vs_erm.csv,trapB|mte_aug|clean|mte_aug|erm,0.18682629927996,0.1685446704004952,0.205552377441381,0.1859702766123871,0.1521375896043428,0.2217811286743802,True,True,False,1.8818658230593925,-0.0008560226675728977
capsule/convnext384_universal/T3_crossover.json,T3_crossover,0.29168895920938775,0.2479808720017688,0.33659265255978144,0.31980078966370307,0.26842263265908256,0.3716903088127575,True,True,False,1.165394437436762,0.028111830454315312
capsule/convnext384_universal/EXTRA.json,trapA_mte_minus_mask,-0.08081520913692855,-0.0965629161037045,-0.06430751978000637,-0.07500418132785384,-0.09436039721679415,-0.05626261905761812,True,True,False,1.1811288187826572,0.005811027809074706
capsule/convnext384_universal/EXTRA.json,trapB_mte_minus_mask,-0.021368301173052617,-0.04525954639797364,0.003067955191241107,-0.02546089616402114,-0.04466750307180843,-0.0055090427638753905,False,True,True,0.8102728057572924,-0.004092594990968524
capsule/dinos518_scale/bootstrap_vs_erm.csv,trapA|mask|test_rev|mask|erm,0.0449924792234874,0.0255791338115978,0.0641061749150427,0.0393096384875159,0.0137923760179359,0.0657243288492204,True,True,False,1.3479351474681767,-0.0056828407359715005
capsule/dinos518_scale/bootstrap_vs_erm.csv,trapA|mask|clean|mask|erm,0.0411403008483638,0.0258134151770073,0.0597951997908353,0.0355925122662305,0.0190538511819396,0.0525711081760585,True,True,False,0.9863300993462222,-0.005547788582133298
capsule/dinos518_scale/bootstrap_vs_erm.csv,trapA|balanced|test_rev|balanced|erm,0.1781262053002891,0.1633508991598683,0.1922516018809559,0.1833607090215671,0.1565069606201366,0.2092463986880966,True,True,False,1.8248496784639872,0.005234503721277983
capsule/dinos518_scale/bootstrap_vs_erm.csv,trapA|balanced|clean|balanced|erm,0.0370268054466387,0.0240156222971883,0.0506279093540524,0.0367675815970987,0.0182687207295558,0.0549463874687043,True,True,False,1.3782230238527446,-0.0002592238495400037
capsule/dinos518_scale/bootstrap_vs_erm.csv,trapA|mte|test_rev|mte|erm,-0.1080428185141738,-0.127793993232814,-0.0861916836345852,-0.1137599232557148,-0.1437355704682098,-0.0830582509578905,True,True,False,1.458508436101408,-0.005717104741540996
capsule/dinos518_scale/bootstrap_vs_erm.csv,trapA|mte|clean|mte|erm,-0.0152678762386825,-0.032012901677372,0.005640919786793,-0.0188055535803171,-0.0377069261836393,0.0001639385711148,False,False,False,1.005764176971935,-0.0035376773416345986
capsule/dinos518_scale/bootstrap_vs_erm.csv,trapA|mte_balanced|test_rev|mte_balanced|erm,0.230739432557092,0.2085667488840573,0.252259121278766,0.2314939153253375,0.1981194547453603,0.2634459694391631,True,True,False,1.495146889797041,0.0007544827682454958
capsule/dinos518_scale/bootstrap_vs_erm.csv,trapA|mte_balanced|clean|mte_balanced|erm,0.0848060882583589,0.0648328204116165,0.1048544274952336,0.0817419825072886,0.0545045402312121,0.1077331225937859,True,True,False,1.329996125626924,-0.0030641057510703007
capsule/dinos518_scale/bootstrap_vs_erm.csv,trapA|mte_protect|test_rev|mte_protect|erm,0.0367634230238698,0.0160055630628602,0.056223244349606,0.0371501385716732,0.0064396230005311,0.0685155813761512,True,True,False,1.5434991871616912,0.0003867155478034026
capsule/dinos518_scale/bootstrap_vs_erm.csv,trapA|mte_protect|clean|mte_protect|erm,0.0327840949597206,0.0183059813373403,0.0502762355618048,0.0272025883524141,0.0084942608572772,0.046648860436709,True,True,False,1.193440606119262,-0.0055815066073065
capsule/dinos518_scale/bootstrap_vs_erm.csv,trapA|mte_aug|test_rev|mte_aug|erm,0.0552128582763274,0.0365723346753621,0.0751587797136377,0.0496739148147139,0.0229863328016782,0.076689407170922,True,True,False,1.3917600938872017,-0.005538943461613502
capsule/dinos518_scale/bootstrap_vs_erm.csv,trapA|mte_aug|clean|mte_aug|erm,0.044391174164112,0.0290787454109801,0.0636654579193438,0.0396972552087037,0.0224516462150988,0.0572283919047797,True,True,False,1.0054943984997489,-0.004693918955408299
capsule/dinos518_scale/bootstrap_vs_erm.csv,trapB|mask|test_rev|mask|erm,0.4154888979877113,0.3931496197598066,0.4377119559266939,0.4089451058201058,0.365290345062439,0.4515516678971901,True,True,False,1.935745076552986,-0.006543792167605533
capsule/dinos518_scale/bootstrap_vs_erm.csv,trapB|mask|clean|mask|erm,0.1899123119697726,0.168716994381035,0.2113400876791316,0.1784887648439166,0.1476000018626138,0.2110150279120569,True,True,False,1.4878090993052113,-0.011423547125855998
capsule/dinos518_scale/bootstrap_vs_erm.csv,trapB|balanced|test_rev|balanced|erm,0.2459535078785951,0.2220093534158744,0.2696150828297205,0.2490782076719576,0.2206692798365725,0.2777410163444821,True,True,False,1.198841761498361,0.0031246997933624954
capsule/dinos518_scale/bootstrap_vs_erm.csv,trapB|balanced|clean|balanced|erm,0.0576976545234191,0.0414009224945587,0.0725562056906189,0.0663149754675389,0.0467152728977223,0.086435612654827,True,True,False,1.2749150603813997,0.008617320944119794
capsule/dinos518_scale/bootstrap_vs_erm.csv,trapB|mte|test_rev|mte|erm,0.4009997304039182,0.3753031338777367,0.4251240414898666,0.4056196263227513,0.3618666965382583,0.4493671433729075,True,True,False,1.756299734959977,0.004619895918833106
capsule/dinos518_scale/bootstrap_vs_erm.csv,trapB|mte|clean|mte|erm,0.1819089969344835,0.1599432497926516,0.2045406225468969,0.1753884306335774,0.144220925890118,0.2077158611187737,True,True,False,1.4237371241249068,-0.006520566300906111
capsule/dinos518_scale/bootstrap_vs_erm.csv,trapB|mte_balanced|test_rev|mte_balanced|erm,0.4268825923733322,0.3970996182931887,0.455113185282034,0.4353877314814814,0.3920031915091582,0.4791438840165344,True,True,False,1.502074377259571,0.008505139108149207
capsule/dinos518_scale/bootstrap_vs_erm.csv,trapB|mte_balanced|clean|mte_balanced|erm,0.1809198331788694,0.1556193179364055,0.2059858200241677,0.1800700419540638,0.1482581373783181,0.2129030236196335,True,True,False,1.2834896917930392,-0.0008497912248056072
capsule/dinos518_scale/bootstrap_vs_erm.csv,trapB|mte_protect|test_rev|mte_protect|erm,0.4065823089551539,0.3825273688133179,0.4306357404471811,0.4001343419312169,0.3537046158055003,0.4450516655914752,True,True,False,1.8987765888479213,-0.006447967023937018
capsule/dinos518_scale/bootstrap_vs_erm.csv,trapB|mte_protect|clean|mte_protect|erm,0.1753894275326157,0.153126394900842,0.1980558550594235,0.1639897248097845,0.1315204148042462,0.1977728391042162,True,True,False,1.474587588324625,-0.011399702722831195
capsule/dinos518_scale/bootstrap_vs_erm.csv,trapB|mte_aug|test_rev|mte_aug|erm,0.4094341025025819,0.3875040142929203,0.4318414125906671,0.4046523644179894,0.3602927678449444,0.4491822977396739,True,True,False,2.0048431641792295,-0.0047817380845924795
capsule/dinos518_scale/bootstrap_vs_erm.csv,trapB|mte_aug|clean|mte_aug|erm,0.1856562344050759,0.1662890262691916,0.2062203591302679,0.1757244186873355,0.1449169106333314,0.2076870781131415,True,True,False,1.5719527243979452,-0.009931815717740405
capsule/dinos518_scale/T3_crossover.json,T3_crossover,0.370496418764224,0.34104544594575037,0.4012368400127983,0.3696354673325899,0.32452612740315034,0.41517234916066753,True,True,False,1.5059664784727407,-0.000860951431634116
capsule/dinos518_scale/EXTRA.json,trapA_mte_minus_mask,-0.15303529773766134,-0.16656490176980254,-0.1396396316337248,-0.15306956174323072,-0.17261289884651948,-0.13443588585107194,True,True,False,1.417887835572478,-3.426400556938436e-05
capsule/dinos518_scale/EXTRA.json,trapB_mte_minus_mask,-0.014489167583793127,-0.02699905786794513,-0.0017811750493655384,-0.003325479497354489,-0.0197611169152653,0.012829829236361003,True,False,True,1.2923743989965135,0.011163688086438639
capsule/dinol518_scale/bootstrap_vs_erm.csv,trapA|mask|test_rev|mask|erm,0.0077020433069273,-0.0110815367080579,0.0277754797243067,0.0078260762944905,-0.0218897473752309,0.0374519237050419,False,False,False,1.5271803274851083,0.00012403298756319923
capsule/dinol518_scale/bootstrap_vs_erm.csv,trapA|mask|clean|mask|erm,0.0198019890211734,0.0099469245022036,0.030078553243634,0.0122422313873284,-0.0061321595997424,0.0311353188740097,True,False,True,1.8511904303627722,-0.007559757633844999
capsule/dinol518_scale/bootstrap_vs_erm.csv,trapA|balanced|test_rev|balanced|erm,0.1601618090519558,0.1468957339288343,0.1750993082628859,0.1719533964139254,0.1525992179124108,0.1913559154834869,True,True,False,1.3741768015652962,0.011791587361969613
capsule/dinol518_scale/bootstrap_vs_erm.csv,trapA|balanced|clean|balanced|erm,0.0487568617665929,0.0402888613787362,0.0586452393212144,0.0518239351489724,0.0398823954973349,0.0645085330805985,True,True,False,1.3415575589276059,0.0030670733823794996
capsule/dinol518_scale/bootstrap_vs_erm.csv,trapA|mte|test_rev|mte|erm,-0.0852933088095452,-0.1040026862791375,-0.0651647971350335,-0.0890802028842377,-0.1243704026468991,-0.055386486511414,True,True,False,1.7762014789096119,-0.0037868940746924873
capsule/dinol518_scale/bootstrap_vs_erm.csv,trapA|mte|clean|mte|erm,-0.0097624224709488,-0.0204898484879229,0.0006143366258016,-0.0150376875488871,-0.0339570381556295,0.0043804675583198,False,False,False,1.816583085646723,-0.005275265077938299
capsule/dinol518_scale/bootstrap_vs_erm.csv,trapA|mte_balanced|test_rev|mte_balanced|erm,0.2243465137007082,0.2006253460180826,0.249917775751969,0.2296956179100218,0.1959101982338042,0.2632191106028787,True,True,False,1.3655020199339571,0.005349104209313588
capsule/dinol518_scale/bootstrap_vs_erm.csv,trapA|mte_balanced|clean|mte_balanced|erm,0.0740117273829044,0.0598758905600335,0.0888301544436207,0.077907452179478,0.0536986770706076,0.1018146246968813,True,True,False,1.6617914314702484,0.003895724796573602
capsule/dinol518_scale/bootstrap_vs_erm.csv,trapA|mte_protect|test_rev|mte_protect|erm,-0.0326304381510338,-0.0515767772319019,-0.0115796783309393,-0.0364077226458222,-0.0681514038719088,-0.0049503287904474,True,True,False,1.580141480709751,-0.0037772844947883966
capsule/dinol518_scale/bootstrap_vs_erm.csv,trapA|mte_protect|clean|mte_protect|erm,0.0008644043630141,-0.009945920108406,0.0118742239409627,-0.0069890848325392,-0.0258783838403467,0.0122765797374777,False,False,False,1.7486119015299673,-0.007853489195553301
capsule/dinol518_scale/bootstrap_vs_erm.csv,trapA|mte_aug|test_rev|mte_aug|erm,0.0258640731301676,0.0073719041737519,0.0451608751396245,0.025460701118048,-0.0046030759937901,0.0553853443238092,True,False,True,1.5874584246227588,-0.0004033720121195995
capsule/dinol518_scale/bootstrap_vs_erm.csv,trapA|mte_aug|clean|mte_aug|erm,0.0274746916660726,0.0175262833713875,0.0375548191185042,0.020909478774088,0.0024870516568363,0.0397003007704182,True,True,False,1.8580114684089728,-0.006565212891984598
capsule/dinol518_scale/bootstrap_vs_erm.csv,trapB|mask|test_rev|mask|erm,0.4152398313052232,0.3897843510789477,0.4400620180218211,0.4245163690476191,0.3791852940198728,0.4713072003606212,True,True,False,1.8322629497788625,0.009276537742395896
capsule/dinol518_scale/bootstrap_vs_erm.csv,trapB|mask|clean|mask|erm,0.1854904826406216,0.1652059867904493,0.2062446823353294,0.1881550878190997,0.1570501968255513,0.2197352567701061,True,True,False,1.527462291680352,0.0026646051784781077
capsule/dinol518_scale/bootstrap_vs_erm.csv,trapB|balanced|test_rev|balanced|erm,0.2235204244296429,0.2066530663835512,0.2417113180897888,0.2290302579365079,0.2016515081253103,0.2570307568752107,True,True,False,1.5796352086789105,0.005509833506865014
capsule/dinol518_scale/bootstrap_vs_erm.csv,trapB|balanced|clean|balanced|erm,0.0587732587153346,0.0452956043253706,0.0733394161388348,0.0663949726231956,0.0492779010047385,0.0834678252466004,True,True,False,1.2191610922680234,0.007621713907861004
capsule/dinol518_scale/bootstrap_vs_erm.csv,trapB|mte|test_rev|mte|erm,0.4052855501716026,0.3747471173319291,0.4362128434564554,0.4190021494708994,0.3754206067377587,0.4626480066389333,True,True,False,1.4191225810048445,0.013716599299296806
capsule/dinol518_scale/bootstrap_vs_erm.csv,trapB|mte|clean|mte|erm,0.1782134454979681,0.1594076206916568,0.1959629099677395,0.1859924980445139,0.156117013252223,0.2173981054910217,True,True,False,1.676394673722184,0.007779052546545789
capsule/dinol518_scale/bootstrap_vs_erm.csv,trapB|mte_balanced|test_rev|mte_balanced|erm,0.4337466569433868,0.4055008996866031,0.4632134271956834,0.4498801256613756,0.4017108062792093,0.49739637175796,True,True,False,1.6579687220195953,0.016133468717988764
capsule/dinol518_scale/bootstrap_vs_erm.csv,trapB|mte_balanced|clean|mte_balanced|erm,0.1828856847508376,0.1606747667123225,0.2041424055672716,0.1926873711156936,0.1610654565180844,0.2237589276574023,True,True,False,1.4423021997703889,0.009801686364855983
capsule/dinol518_scale/bootstrap_vs_erm.csv,trapB|mte_protect|test_rev|mte_protect|erm,0.3903049809750577,0.3623698414161003,0.418021690151291,0.4051173941798941,0.3589650810742361,0.4509396641844092,True,True,False,1.6526779469235173,0.014812413204836394
capsule/dinol518_scale/bootstrap_vs_erm.csv,trapB|mte_protect|clean|mte_protect|erm,0.1651760889712696,0.1461625941198201,0.1840002124185823,0.1739662589774585,0.1423015756322496,0.2067894386710392,True,True,False,1.7043319833082415,0.008790170006188897
capsule/dinol518_scale/bootstrap_vs_erm.csv,trapB|mte_aug|test_rev|mte_aug|erm,0.4186844265394686,0.3945071965600269,0.4434628191364955,0.427354083994709,0.3814764292805677,0.4724098831588296,True,True,False,1.8574670097642831,0.008669657455240398
capsule/dinol518_scale/bootstrap_vs_erm.csv,trapB|mte_aug|clean|mte_aug|erm,0.1879420047052113,0.1682787206894737,0.2081733759461937,0.1901959041456303,0.1584641897095281,0.2209003140630581,True,True,False,1.5650247871991076,0.0022538994404190105
capsule/dinol518_scale/T3_crossover.json,T3_crossover,0.4075377879982959,0.3781560423771634,0.4384260602983778,0.4166902927531285,0.3694868285915955,0.4639115356212342,True,True,False,1.56669452385217,0.009152504754832647
capsule/dinol518_scale/EXTRA.json,trapA_mte_minus_mask,-0.09299535211647254,-0.10273436396845505,-0.08311348939937191,-0.0969062791787283,-0.11411307482468706,-0.07944160734542399,True,True,False,1.7670704410849933,-0.003910927062255751
capsule/dinol518_scale/EXTRA.json,trapB_mte_minus_mask,-0.009954281133620535,-0.023882359553476628,0.0019146234700154817,-0.005514219576719581,-0.017127442042610016,0.006049613370088858,False,False,False,0.8984405421204723,0.0044400615569009545
capsule/dino518_sens_strictB/bootstrap_vs_erm.csv,trapA|mask|test_rev|mask|erm,0.0964889996287505,0.0806245002461988,0.1127148750442103,0.0840332804503509,0.0553408813920165,0.1120358583895114,True,True,False,1.7667284148082947,-0.012455719178399605
capsule/dino518_sens_strictB/bootstrap_vs_erm.csv,trapA|mask|clean|mask|erm,0.0745473016325659,0.0611191950346707,0.0879006103285407,0.0642386048496053,0.043929440723142,0.0859100695859614,True,True,False,1.5675283924381826,-0.010308696782960605
capsule/dino518_sens_strictB/bootstrap_vs_erm.csv,trapA|balanced|test_rev|balanced|erm,0.187687158158136,0.1737920713994036,0.2014982237316957,0.1786063654167906,0.1502833460509854,0.2054124921493932,True,True,False,1.9897799390265258,-0.009080792741345406
capsule/dino518_sens_strictB/bootstrap_vs_erm.csv,trapA|balanced|clean|balanced|erm,0.0597927211805803,0.0485736484446724,0.071371414230014,0.0510666287420891,0.0362352272557403,0.0655226441064954,True,True,False,1.2846617131923597,-0.0087260924384912
capsule/dino518_sens_strictB/bootstrap_vs_erm.csv,trapA|mte|test_rev|mte|erm,-0.0187408356162478,-0.037445651497628,0.0010847521093373,-0.0423549376479222,-0.0757810210164191,-0.0088334578359237,False,True,True,1.7375256138867186,-0.023614102031674397
capsule/dino518_sens_strictB/bootstrap_vs_erm.csv,trapA|mte|clean|mte|erm,0.0348176730591003,0.0182850444705033,0.0532247036401643,0.0192393159354334,-0.003130896775631,0.0428817215703659,True,False,True,1.3169166339765221,-0.0155783571236669
capsule/dino518_sens_strictB/bootstrap_vs_erm.csv,trapA|mte_balanced|test_rev|mte_balanced|erm,0.269235700860275,0.252334995836234,0.2858876682908673,0.257542993365768,0.2214574646102488,0.2931769506658905,True,True,False,2.1375193332994216,-0.01169270749450696
capsule/dino518_sens_strictB/bootstrap_vs_erm.csv,trapA|mte_balanced|clean|mte_balanced|erm,0.1086110715049548,0.0913517143610238,0.1259931965495429,0.1030256701983929,0.0745573607040795,0.1313247854118197,True,True,False,1.6387123506670869,-0.005585401306561905
capsule/dino518_sens_strictB/bootstrap_vs_erm.csv,trapA|mte_protect|test_rev|mte_protect|erm,0.0859999375482895,0.0662596131917234,0.1048274172733499,0.0777716975352432,0.0473731288661421,0.1073717521316273,True,True,False,1.5556660456608211,-0.008228240013046298
capsule/dino518_sens_strictB/bootstrap_vs_erm.csv,trapA|mte_protect|clean|mte_protect|erm,0.0670287659513796,0.0518313152328629,0.0816384652495054,0.0591703406101116,0.0366389159529953,0.0830620576478661,True,True,False,1.5574498624977882,-0.007858425341268002
capsule/dino518_sens_strictB/bootstrap_vs_erm.csv,trapB|mask|test_rev|mask|erm,0.3551105898123324,0.3108322771359414,0.3999692331142076,0.3385912698412698,0.2416471077767134,0.4318769978302969,True,True,False,2.134130428460742,-0.016519319971062596
capsule/dino518_sens_strictB/bootstrap_vs_erm.csv,trapB|mask|clean|mask|erm,0.1864575881817861,0.1523962850049467,0.2215598044760835,0.1821199273331033,0.1282660380953295,0.2358551483975823,True,True,False,1.5555759904200896,-0.004337660848682784
capsule/dino518_sens_strictB/bootstrap_vs_erm.csv,trapB|balanced|test_rev|balanced|erm,0.1579591152815013,0.1109525274217287,0.2000430369102694,0.2151455026455026,0.1440202769781071,0.2854881629586347,True,True,False,1.5879119649520468,0.057186387364001307
capsule/dino518_sens_strictB/bootstrap_vs_erm.csv,trapB|balanced|clean|balanced|erm,0.0454589222790376,0.020657236820551,0.0707841319538069,0.0941997611911333,0.0524832913650974,0.1356803295629038,True,True,False,1.659728534485086,0.0487408389120957
capsule/dino518_sens_strictB/bootstrap_vs_erm.csv,trapB|mte|test_rev|mte|erm,0.3416052278820375,0.2926399361562967,0.390477054954456,0.3255291005291005,0.221675366245997,0.4232932623586593,True,True,False,2.0607505473316885,-0.01607612735293701
capsule/dino518_sens_strictB/bootstrap_vs_erm.csv,trapB|mte|clean|mte|erm,0.1818347369780627,0.1487289884481682,0.2160313435692644,0.1735558397662583,0.1149195314594169,0.231823422713049,True,True,False,1.7369955485701587,-0.008278897211804415
capsule/dino518_sens_strictB/bootstrap_vs_erm.csv,trapB|mte_balanced|test_rev|mte_balanced|erm,0.3587801608579088,0.3053794339247742,0.4104025058934465,0.320271164021164,0.2103988370330793,0.4212464651231029,True,True,False,2.007631505512598,-0.0385089968367448
capsule/dino518_sens_strictB/bootstrap_vs_erm.csv,trapB|mte_balanced|clean|mte_balanced|erm,0.1871867603680938,0.1518431389124046,0.2223106780555135,0.1619373975763325,0.100198801595784,0.2222133513901402,True,True,False,1.7315000818541877,-0.02524936279176132
capsule/dino518_sens_strictB/bootstrap_vs_erm.csv,trapB|mte_protect|test_rev|mte_protect|erm,0.3274966487935656,0.2819281134303456,0.374237781575409,0.318667328042328,0.2259816733465746,0.4077208069573664,True,True,False,1.9687984721729384,-0.008829320751237602
capsule/dino518_sens_strictB/bootstrap_vs_erm.csv,trapB|mte_protect|clean|mte_protect|erm,0.1693042547601384,0.1303682901016527,0.2080140525476452,0.1678145080429532,0.1165173974551531,0.2204938501459195,True,True,False,1.339113036118211,-0.0014897467171852141
capsule/dino518_sens_strictB/T3_crossover.json,T3_crossover,0.2586215901835819,0.21346261513584355,0.30247155039460105,0.25455798939091895,0.15278834633097704,0.34852774839909556,True,True,False,2.1990983433189637,-0.004063600792662936
capsule/dino518_sens_strictB/EXTRA.json,trapA_mte_minus_mask,-0.11522983524499837,-0.12784185708862375,-0.10117073345228275,-0.1263882180982732,-0.14591138970836834,-0.10685252465623624,True,True,False,1.4644626744901015,-0.01115838285327482
capsule/dino518_sens_strictB/EXTRA.json,trapB_mte_minus_mask,-0.013505361930294968,-0.03560243802511182,0.006328176110900095,-0.013062169312169303,-0.0403755793002921,0.010727566153793172,False,False,False,1.2187549957727801,0.0004431926181256655
capsule/dino518_emb_groups/bootstrap_vs_erm.csv,trapA|mask|test_rev|mask|erm,0.0730703678000727,0.0549446562834432,0.093653927613347,0.1012630025230219,0.0561903484123226,0.143426709849332,True,True,False,2.2536296458160745,0.028192634722949195
capsule/dino518_emb_groups/bootstrap_vs_erm.csv,trapA|mask|clean|mask|erm,0.057891031581949,0.0442667879411841,0.0747240886131828,0.0826130626466614,0.0528647496014295,0.1144653771156521,True,True,False,2.0225241946951624,0.024722031064712408
capsule/dino518_emb_groups/bootstrap_vs_erm.csv,trapA|balanced|test_rev|balanced|erm,0.1803880757560893,0.1676971801231517,0.1932840519037819,0.19349136443668,0.1611399974402277,0.2300084506908494,True,True,False,2.691554240825822,0.013103288680590686
capsule/dino518_emb_groups/bootstrap_vs_erm.csv,trapA|balanced|clean|balanced|erm,0.0528774862764667,0.0414827514025121,0.0650342296924017,0.071735227191922,0.0464796175235017,0.1008567329062054,True,True,False,2.308862089818252,0.018857740915455307
capsule/dino518_emb_groups/bootstrap_vs_erm.csv,trapA|mte|test_rev|mte|erm,-0.0523544130575463,-0.0759846110146896,-0.0259244649395568,-0.0135414166959797,-0.0729937337890893,0.0438397406168649,True,False,True,2.333862035292598,0.0388129963615666
capsule/dino518_emb_groups/bootstrap_vs_erm.csv,trapA|mte|clean|mte|erm,0.0092223925286946,-0.0063998853248573,0.0279703875621543,0.0425851525279101,0.0070777437724112,0.0789729899647979,False,True,True,2.09178572508674,0.0333627599992155
capsule/dino518_emb_groups/bootstrap_vs_erm.csv,trapA|mte_balanced|test_rev|mte_balanced|erm,0.2480973338725909,0.229931155407266,0.2662624753421658,0.2941794775067917,0.2553703535275076,0.3342760497146949,True,True,False,2.1718367603647293,0.046082143634200795
capsule/dino518_emb_groups/bootstrap_vs_erm.csv,trapA|mte_balanced|clean|mte_balanced|erm,0.0933191345262706,0.0746383401494843,0.109135415152473,0.132285074308469,0.0989777613936027,0.1678653360537812,True,True,False,1.9969105976147346,0.03896593978219841
capsule/dino518_emb_groups/bootstrap_vs_erm.csv,trapA|mte_protect|test_rev|mte_protect|erm,0.0660775919394857,0.0445824946835385,0.0890841618611015,0.0948356712940736,0.0578886111434264,0.1323041727759729,True,True,False,1.6721971636618946,0.028758079354587893
capsule/dino518_emb_groups/bootstrap_vs_erm.csv,trapA|mte_protect|clean|mte_protect|erm,0.0515149354815712,0.0363231706413263,0.0705955671083138,0.0719245537936428,0.0400179704705564,0.1038295826009047,True,True,False,1.8618952483178153,0.02040961831207161
capsule/dino518_emb_groups/bootstrap_vs_erm.csv,trapA|mte_aug|test_rev|mte_aug|erm,0.0839742199917622,0.0626701787822695,0.1058166958935944,0.1149282693273022,0.0744315518333139,0.1535647940004554,True,True,False,1.8340586324259989,0.030954049335539996
capsule/dino518_emb_groups/bootstrap_vs_erm.csv,trapA|mte_aug|clean|mte_aug|erm,0.0627210023526056,0.04797689149918,0.0799142929431194,0.0874377799900448,0.0576774091586353,0.1179520647461793,True,True,False,1.8872748834417776,0.024716777637439208
capsule/dino518_emb_groups/bootstrap_vs_erm.csv,trapB|mask|test_rev|mask|erm,0.4670867193123376,0.4365957355747172,0.4945941889325764,0.4543015921646437,0.4138190793358336,0.4954244297047217,True,True,False,1.4070263195704686,-0.012785127147693864
capsule/dino518_emb_groups/bootstrap_vs_erm.csv,trapB|mask|clean|mask|erm,0.2141183075497255,0.1909367145022041,0.238128901903415,0.2122164545260612,0.1803206963640044,0.2459141483235062,True,True,False,1.389921840279408,-0.0019018530236643016
capsule/dino518_emb_groups/bootstrap_vs_erm.csv,trapB|balanced|test_rev|balanced|erm,0.2601975777427734,0.2387982071349942,0.2817185958530273,0.2602096139381679,0.2337479123228824,0.2893957051941613,True,True,False,1.296535155747515,1.2036195394471427e-05
capsule/dino518_emb_groups/bootstrap_vs_erm.csv,trapB|balanced|clean|balanced|erm,0.0791295358950595,0.0682409854161381,0.089982941629949,0.0780541136315153,0.055616480756253,0.1027067274755019,True,True,False,2.1658698166881725,-0.001075422263544193
capsule/dino518_emb_groups/bootstrap_vs_erm.csv,trapB|mte|test_rev|mte|erm,0.4568135112298014,0.4256943363233064,0.4857187656054504,0.4383580052391327,0.395871367049375,0.4793617465278298,True,True,False,1.3909399968804272,-0.018455505990668697
capsule/dino518_emb_groups/bootstrap_vs_erm.csv,trapB|mte|clean|mte|erm,0.2069089969344835,0.1838242063185435,0.2311317096388364,0.2016621631230889,0.1711392934039872,0.2326811253438192,True,True,False,1.3008894492521905,-0.005246833811394597
capsule/dino518_emb_groups/bootstrap_vs_erm.csv,trapB|mte_balanced|test_rev|mte_balanced|erm,0.4878417708974452,0.4578914065011826,0.5172016840240309,0.4703609360410831,0.4278965609912885,0.5113162038066592,True,True,False,1.4064955737769853,-0.017480834856362093
capsule/dino518_emb_groups/bootstrap_vs_erm.csv,trapB|mte_balanced|clean|mte_balanced|erm,0.2100903614457832,0.1842845035966188,0.2377080982033861,0.2067482045082841,0.1765601164184876,0.2379767874188077,True,True,False,1.1496169707857942,-0.003342156937499091
capsule/dino518_emb_groups/bootstrap_vs_erm.csv,trapB|mte_protect|test_rev|mte_protect|erm,0.4483491722389709,0.4136339351076611,0.478616641597785,0.428348895113601,0.3888934344411285,0.4681907340902555,True,True,False,1.2202831173425912,-0.020000277125369892
capsule/dino518_emb_groups/bootstrap_vs_erm.csv,trapB|mte_protect|clean|mte_protect|erm,0.1992006487488415,0.1725690142747964,0.2252933982045923,0.1948179620280167,0.1639482663537676,0.2265271769360114,True,True,False,1.1869064352761238,-0.0043826867208247855
capsule/dino518_emb_groups/bootstrap_vs_erm.csv,trapB|mte_aug|test_rev|mte_aug|erm,0.470349777281689,0.4403451609560285,0.4974346694507385,0.4524882395087665,0.411841006406381,0.493811902611561,True,True,False,1.4358311775056802,-0.017861537772922487
capsule/dino518_emb_groups/bootstrap_vs_erm.csv,trapB|mte_aug|clean|mte_aug|erm,0.2151689598631211,0.1925748623657612,0.2395660526114292,0.2097783189931024,0.1774253598028233,0.2430431943889817,True,True,False,1.3963858809089766,-0.005390640870018698
capsule/dino518_emb_groups/T3_crossover.json,T3_crossover,0.3940163515122649,0.3590593998737112,0.4301008027424816,0.35303858964162166,0.295825617398571,0.4097997795237123,True,True,False,1.6043343391694775,-0.040977761870643226
capsule/dino518_emb_groups/EXTRA.json,trapA_mte_minus_mask,-0.12542478085761904,-0.13993284898904412,-0.11180643881538775,-0.11480441921900171,-0.141034336176712,-0.08778772611404359,True,True,False,1.8931178822294212,0.010620361638617334
capsule/dino518_emb_groups/EXTRA.json,trapB_mte_minus_mask,-0.0102732080825362,-0.01774332809726336,-0.003195078746089835,-0.015943586925510966,-0.03547616072175673,0.00010739170805622523,True,False,True,2.4458992673879782,-0.005670378842974765
capsule/dino518_jtt/bootstrap_vs_erm.csv,trapA|mask|test_rev|mask|erm,0.0964889996287505,0.0806245002461988,0.1127148750442103,0.0840332804503509,0.0553408813920165,0.1120358583895114,True,True,False,1.7667284148082947,-0.012455719178399605
capsule/dino518_jtt/bootstrap_vs_erm.csv,trapA|mask|clean|mask|erm,0.0745473016325659,0.0611191950346707,0.0879006103285407,0.0642386048496053,0.043929440723142,0.0859100695859614,True,True,False,1.5675283924381826,-0.010308696782960605
capsule/dino518_jtt/bootstrap_vs_erm.csv,trapA|jtt|test_rev|jtt|erm,0.0190590941946055,0.0024085026241446,0.0378217402295335,0.0142900853723377,-0.0078210606275069,0.0359572746739348,True,False,True,1.236213864128025,-0.004769008822267801
capsule/dino518_jtt/bootstrap_vs_erm.csv,trapA|jtt|clean|jtt|erm,-0.0144890211734511,-0.0242520847148302,-0.0048090356231898,-0.0096752115480338,-0.0243069582350695,0.0040685921454754,True,False,True,1.4594187489216934,0.0048138096254173
capsule/dino518_jtt/bootstrap_vs_erm.csv,trapA|mask_jtt|test_rev|mask_jtt|erm,0.1811942400691372,0.1366609022271434,0.2309587679646389,0.1790194131979427,0.1399214815868274,0.220726620212741,True,True,False,0.8569137593300076,-0.0021748268711944962
capsule/dino518_jtt/bootstrap_vs_erm.csv,trapA|mask_jtt|clean|mask_jtt|erm,0.0944107792115207,0.0753274823971788,0.1145546315183462,0.0829294958401479,0.0579853043521558,0.1075730252847679,True,True,False,1.264117378997956,-0.011481283371372802
capsule/dino518_jtt/bootstrap_vs_erm.csv,trapA|mte|test_rev|mte|erm,-0.0187408356162478,-0.037445651497628,0.0010847521093373,-0.0423549376479222,-0.0757810210164191,-0.0088334578359237,False,True,True,1.7375256138867186,-0.023614102031674397
capsule/dino518_jtt/bootstrap_vs_erm.csv,trapA|mte|clean|mte|erm,0.0348176730591003,0.0182850444705033,0.0532247036401643,0.0192393159354334,-0.003130896775631,0.0428817215703659,True,False,True,1.3169166339765221,-0.0155783571236669
capsule/dino518_jtt/bootstrap_vs_erm.csv,trapA|umte_jtt|test_rev|umte_jtt|erm,0.1835024920130988,0.1165781112944853,0.2365439370835163,0.2061642910726487,0.1592876380706117,0.2556001505800511,True,True,False,0.8028329057544459,0.022661799059549903
capsule/dino518_jtt/bootstrap_vs_erm.csv,trapA|umte_jtt|clean|umte_jtt|erm,0.0883136094674557,0.0555883346314765,0.119666643193555,0.08534718765555,0.0579138614627146,0.114347515262417,True,True,False,0.8806982435410258,-0.002966421811905706
capsule/dino518_jtt/bootstrap_vs_erm.csv,trapB|mask|test_rev|mask|erm,0.4649256231027216,0.4403895648522939,0.4901663922314171,0.4607866236772486,0.4152449816955714,0.5063733293687764,True,True,False,1.8307383670544057,-0.004138999425473022
capsule/dino518_jtt/bootstrap_vs_erm.csv,trapB|mask|clean|mask|erm,0.206115883652955,0.1883558191780479,0.224417261651889,0.2174687122235654,0.1859040041418202,0.2505310845162272,True,True,False,1.792137971776568,0.011352828570610402
capsule/dino518_jtt/bootstrap_vs_erm.csv,trapB|jtt|test_rev|jtt|erm,0.087616175699711,0.0629731546710968,0.1147496746912462,0.0742538855820105,0.0365967392091999,0.1075554433544203,True,True,False,1.3704803667300556,-0.013362290117700501
capsule/dino518_jtt/bootstrap_vs_erm.csv,trapB|jtt|clean|jtt|erm,0.0047738290439865,-0.0101451551449146,0.0199078034215989,0.0190277679015857,0.0031824169909231,0.0353592470025081,False,True,True,1.0706709604104676,0.0142539388575992
capsule/dino518_jtt/bootstrap_vs_erm.csv,trapB|mask_jtt|test_rev|mask_jtt|erm,0.4599118450151782,0.4248384607494375,0.493407432931405,0.4704716435185185,0.4234625398696712,0.5169460773965423,True,True,False,1.3633504273446835,0.010559798503340323
capsule/dino518_jtt/bootstrap_vs_erm.csv,trapB|mask_jtt|clean|mask_jtt|erm,0.1989021173451201,0.1813413233575342,0.2164450972363962,0.2200330654910048,0.1868989354437357,0.2545281911477657,True,True,False,1.9265522828801445,0.021130948145884704
capsule/dino518_jtt/bootstrap_vs_erm.csv,trapB|mte|test_rev|mte|erm,0.4527358297430653,0.4280976965057171,0.4780214693677733,0.4405547288359788,0.3963492172662344,0.483383487516726,True,True,False,1.7433432062711889,-0.012181100907086517
capsule/dino518_jtt/bootstrap_vs_erm.csv,trapB|mte|clean|mte|erm,0.1981499964354459,0.1804999627895958,0.2162693718345772,0.2043847329872715,0.1727757548636461,0.2379408917164338,True,True,False,1.8218119502852288,0.006234736551825604
capsule/dino518_jtt/bootstrap_vs_erm.csv,trapB|umte_jtt|test_rev|umte_jtt|erm,0.4443654011407141,0.4151987053971951,0.4738423142869274,0.4450458829365079,0.4023046166051338,0.4857973148884808,True,True,False,1.4237305627001664,0.0006804817957937748
capsule/dino518_jtt/bootstrap_vs_erm.csv,trapB|umte_jtt|clean|umte_jtt|erm,0.1880195337563271,0.170413624581712,0.2067944530358021,0.2045145061508924,0.1701804014427613,0.2399321378141017,True,True,False,1.9172663002812562,0.016494972394565294
capsule/dino518_jtt/T3_crossover.json,T3_crossover,0.368436623473971,0.3398485774213536,0.3967276508611075,0.3767533432268978,0.3267289257854225,0.4258013029504009,True,True,False,1.7418071563685982,0.008316719752926804
capsule/dino518_jtt/EXTRA.json,trapA_mte_minus_mask,-0.11522983524499837,-0.12784185708862375,-0.10117073345228275,-0.1263882180982732,-0.14591138970836834,-0.10685252465623624,True,True,False,1.4644626744901015,-0.01115838285327482
capsule/dino518_jtt/EXTRA.json,trapB_mte_minus_mask,-0.012189793359656198,-0.01984663132834864,-0.0048845130211416544,-0.02023189484126984,-0.03378996214480338,-0.00677261720136048,True,True,False,1.805716569586883,-0.00804210148161364
capsule/dino518_splice_v2/bootstrap_vs_erm.csv,trapA|mask|test_rev|mask|erm,0.0964889996287505,0.0806245002461988,0.1127148750442103,0.0840332804503509,0.0553408813920165,0.1120358583895114,True,True,False,1.7667284148082947,-0.012455719178399605
capsule/dino518_splice_v2/bootstrap_vs_erm.csv,trapA|mask|clean|mask|erm,0.0745473016325659,0.0611191950346707,0.0879006103285407,0.0642386048496053,0.043929440723142,0.0859100695859614,True,True,False,1.5675283924381826,-0.010308696782960605
capsule/dino518_splice_v2/bootstrap_vs_erm.csv,trapA|splice|test_rev|splice|erm,0.2079298093770525,0.1744748925152965,0.2391429686083264,0.2068106519055044,0.1694015382328574,0.2446879464829127,True,True,False,1.1641974340128833,-0.0011191574715480879
capsule/dino518_splice_v2/bootstrap_vs_erm.csv,trapA|splice|clean|splice|erm,-0.0787802095957794,-0.1114914072132576,-0.0477232570560093,-0.0543056246888999,-0.0861204611210108,-0.0221341725401907,True,True,False,1.0034208052614646,0.024474584906879503
capsule/dino518_splice_v2/bootstrap_vs_erm.csv,trapA|mask_splice|test_rev|mask_splice|erm,0.2809580851406987,0.2604861283674133,0.3020079158278919,0.270499252403527,0.2319431903051476,0.3107113034101795,True,True,False,1.897030882401324,-0.010458832737171686
capsule/dino518_splice_v2/bootstrap_vs_erm.csv,trapA|mask_splice|clean|mask_splice|erm,-0.0005222071718826,-0.0266950644188085,0.0243326076872099,-0.0092574486240489,-0.045871017572613,0.0278366728866964,False,False,False,1.4444650797741572,-0.0087352414521663
capsule/dino518_splice_v2/bootstrap_vs_erm.csv,trapA|balanced|test_rev|balanced|erm,0.187687158158136,0.1737920713994036,0.2014982237316957,0.1786063654167906,0.1502833460509854,0.2054124921493932,True,True,False,1.9897799390265258,-0.009080792741345406
capsule/dino518_splice_v2/bootstrap_vs_erm.csv,trapA|balanced|clean|balanced|erm,0.0597927211805803,0.0485736484446724,0.071371414230014,0.0510666287420891,0.0362352272557403,0.0655226441064954,True,True,False,1.2846617131923597,-0.0087260924384912
capsule/dino518_splice_v2/bootstrap_vs_erm.csv,trapA|mte_balanced|test_rev|mte_balanced|erm,0.269235700860275,0.252334995836234,0.2858876682908673,0.257542993365768,0.2214574646102488,0.2931769506658905,True,True,False,2.1375193332994216,-0.01169270749450696
capsule/dino518_splice_v2/bootstrap_vs_erm.csv,trapA|mte_balanced|clean|mte_balanced|erm,0.1086110715049548,0.0913517143610238,0.1259931965495429,0.1030256701983929,0.0745573607040795,0.1313247854118197,True,True,False,1.6387123506670869,-0.005585401306561905
capsule/dino518_splice_v2/bootstrap_vs_erm.csv,trapA|mte_protect|test_rev|mte_protect|erm,0.0859999375482895,0.0662596131917234,0.1048274172733499,0.0777716975352432,0.0473731288661421,0.1073717521316273,True,True,False,1.5556660456608211,-0.008228240013046298
capsule/dino518_splice_v2/bootstrap_vs_erm.csv,trapA|mte_protect|clean|mte_protect|erm,0.0670287659513796,0.0518313152328629,0.0816384652495054,0.0591703406101116,0.0366389159529953,0.0830620576478661,True,True,False,1.5574498624977882,-0.007858425341268002
capsule/dino518_splice_v2/bootstrap_vs_erm.csv,trapB|mask|test_rev|mask|erm,0.4649256231027216,0.4403895648522939,0.4901663922314171,0.4607866236772486,0.4152449816955714,0.5063733293687764,True,True,False,1.8307383670544057,-0.004138999425473022
capsule/dino518_splice_v2/bootstrap_vs_erm.csv,trapB|mask|clean|mask|erm,0.206115883652955,0.1883558191780479,0.224417261651889,0.2174687122235654,0.1859040041418202,0.2505310845162272,True,True,False,1.792137971776568,0.011352828570610402
capsule/dino518_splice_v2/bootstrap_vs_erm.csv,trapB|splice|test_rev|splice|erm,0.195135420687245,0.1644613689146394,0.2264011275674156,0.19119957010582,0.1318676908143048,0.249956073655223,True,True,False,1.9065037612255105,-0.003935850581424982
capsule/dino518_splice_v2/bootstrap_vs_erm.csv,trapB|splice|clean|splice|erm,-0.1267368289726955,-0.1538056584055302,-0.1002932771856181,-0.1037394225983076,-0.1474708053155727,-0.060374907050327,True,True,False,1.6275840521340335,0.022997406374387908
capsule/dino518_splice_v2/bootstrap_vs_erm.csv,trapB|mask_splice|test_rev|mask_splice|erm,0.1974556014046379,0.158465415473192,0.2382661149228448,0.1985429067460317,0.1496652276525325,0.2476187923132657,True,True,False,1.2274775200752877,0.0010873053413938127
capsule/dino518_splice_v2/bootstrap_vs_erm.csv,trapB|mask_splice|clean|mask_splice|erm,-0.0969531974050045,-0.1268159996640111,-0.0678739374445462,-0.0839854582948161,-0.127057993452862,-0.0403605015075683,True,True,False,1.4708934278967745,0.012967739110188392
capsule/dino518_splice_v2/bootstrap_vs_erm.csv,trapB|balanced|test_rev|balanced|erm,0.2386576005883519,0.2148291622344136,0.2615726182708381,0.2442315641534391,0.2163684907214062,0.2716220505646611,True,True,False,1.182059790362932,0.005573963565087214
capsule/dino518_splice_v2/bootstrap_vs_erm.csv,trapB|balanced|clean|balanced|erm,0.0548575960647322,0.0408435750003463,0.067567281272921,0.0695753039891915,0.0489417944861388,0.0907105854199206,True,True,False,1.5629864550878996,0.014717707924459297
capsule/dino518_splice_v2/bootstrap_vs_erm.csv,trapB|mte_balanced|test_rev|mte_balanced|erm,0.4810644693227693,0.4537355112983423,0.5101314508864678,0.4714099702380953,0.4281780988600416,0.514393710954404,True,True,False,1.5287556643974336,-0.009654499084674029
capsule/dino518_splice_v2/bootstrap_vs_erm.csv,trapB|mte_balanced|clean|mte_balanced|erm,0.2005542881585513,0.1794895236510829,0.2217379226870371,0.2070895257057527,0.1710193022562653,0.2430560006241236,True,True,False,1.7050752220587977,0.006535237547201395
capsule/dino518_splice_v2/bootstrap_vs_erm.csv,trapB|mte_protect|test_rev|mte_protect|erm,0.4397088541612334,0.4164594638899105,0.464027562190094,0.4418030753968254,0.3969268906565158,0.485689444059729,True,True,False,1.8660101323174152,0.0020942212355919976
capsule/dino518_splice_v2/bootstrap_vs_erm.csv,trapB|mte_protect|clean|mte_protect|erm,0.1877815997718685,0.1700218090185321,0.2064770059165427,0.2038087534665434,0.1733740524760066,0.2355169458537341,True,True,False,1.7046374362366614,0.01602715369467489
capsule/dino518_splice_v2/T3_crossover.json,T3_crossover,0.368436623473971,0.3398485774213536,0.3967276508611075,0.3767533432268978,0.3267289257854225,0.4258013029504009,True,True,False,1.7418071563685982,0.008316719752926804
spec_e13/dino518_repro/bootstrap_vs_erm.csv,trapA|mask|test_rev|all|mask|erm,-0.0494461962948364,-0.0662587136053182,-0.0328940329264248,-0.0494461962948364,-0.082923389212467,-0.0179506336270934,True,True,False,1.9473513387009749,0.0
spec_e13/dino518_repro/bootstrap_vs_erm.csv,trapA|mask|clean|all|mask|erm,-0.0227517547500045,-0.0378776721777819,-0.0083732945301769,-0.0227517547500045,-0.045202545396657,-0.0007047762976692,True,True,False,1.5081751471073608,0.0
spec_e13/dino518_repro/bootstrap_vs_erm.csv,trapA|mask|test_rev|HAM|mask|erm,-0.0111578089289888,-0.0425635279984299,0.0196935343146652,-0.0111578089289888,-0.0637389277261406,0.0429927201974121,False,False,False,1.7143701285934732,0.0
spec_e13/dino518_repro/bootstrap_vs_erm.csv,trapA|mask|test_rev|BCN|mask|erm,-0.0667036836303835,-0.0890243276424838,-0.0445569535177787,-0.0667036836303835,-0.1099724476307689,-0.025224042302994,True,True,False,1.9058558549039784,0.0
spec_e13/dino518_repro/bootstrap_vs_erm.csv,trapB|mask|test_rev|all|mask|erm,0.0980042041728551,0.0762700211860439,0.1201465649328101,0.098004204172855,0.0600830855269595,0.1358267787788081,True,True,False,1.7262912431982766,-9.71445146547012e-17
spec_e13/dino518_repro/bootstrap_vs_erm.csv,trapB|mask|clean|all|mask|erm,-0.0141119792136555,-0.0320639452358371,0.0054862285441554,-0.0141119792136554,-0.042104510435216,0.0131539417924535,False,False,False,1.471589786812447,9.8879238130678e-17
spec_e13/dino518_repro/bootstrap_vs_erm.csv,trapB|mask|test_rev|HAM|mask|erm,0.1803849494083777,0.139021875356524,0.2208875227771067,0.1803849494083777,0.1092149049480929,0.2493060760231022,True,True,False,1.7112326780400873,0.0
spec_e13/dino518_repro/bootstrap_vs_erm.csv,trapB|mask|test_rev|BCN|mask|erm,0.0488089305587125,0.0217985541983704,0.0754428422260187,0.0488089305587126,0.0016664417976401,0.0967706744961622,True,True,False,1.772867833561428,9.71445146547012e-17
spec_e13/dino518_repro/SUMMARY.json,crossover_B_minus_A_mask,0.1474504004676915,0.11921986288454928,0.1766617444302765,0.1474504004676915,0.11123907449178308,0.18534451683358955,True,True,False,1.2900942717695285,0.0
spec_e13/dino518_matched/bootstrap_vs_erm.csv,trapA|mask|test_rev|all|mask|erm,-0.0604019984353886,-0.086173317285117,-0.0362994174602184,-0.0604019984353886,-0.0997624696960775,-0.0234798499914361,True,True,False,1.5295098232233835,0.0
spec_e13/dino518_matched/bootstrap_vs_erm.csv,trapA|mask|clean|all|mask|erm,-0.027631222821674,-0.0422969923129502,-0.0130992923973391,-0.027631222821674,-0.0518706487393175,-0.0037225734063557,True,True,False,1.649036584118687,0.0
spec_e13/dino518_matched/bootstrap_vs_erm.csv,trapA|mask|test_rev|HAM|mask|erm,0.004138656745665,-0.0272112126210668,0.0367005480170895,0.004138656745665,-0.0541724012808316,0.0625307736604509,False,False,False,1.8260046942222543,0.0
spec_e13/dino518_matched/bootstrap_vs_erm.csv,trapA|mask|test_rev|BCN|mask|erm,-0.0881553496428069,-0.1204817957514496,-0.0577583221236477,-0.0881553496428068,-0.1380590259811935,-0.0397410883387064,True,True,False,1.567482346814863,9.71445146547012e-17
spec_e13/dino518_matched/bootstrap_vs_erm.csv,trapB|mask|test_rev|all|mask|erm,0.0937371097361496,0.0728193838591167,0.1137611512150068,0.0937371097361496,0.0550152885162031,0.1318946402543255,True,True,False,1.8777731569289995,0.0
spec_e13/dino518_matched/bootstrap_vs_erm.csv,trapB|mask|clean|all|mask|erm,0.007727215315494,-0.0079796621256115,0.0236668785068477,0.0077272153154941,-0.0181291710100991,0.0333967981450843,False,False,False,1.6281706665383284,1.0061396160665481e-16
spec_e13/dino518_matched/bootstrap_vs_erm.csv,trapB|mask|test_rev|HAM|mask|erm,0.1329925434692314,0.0953516951133691,0.1698766562895457,0.1329925434692314,0.0564059081819116,0.20573909549705,True,True,False,2.0038009407628614,0.0
spec_e13/dino518_matched/bootstrap_vs_erm.csv,trapB|mask|test_rev|BCN|mask|erm,0.0712043793705208,0.0464702709041522,0.0950349217222522,0.0712043793705208,0.0233275401743105,0.1174761944801165,True,True,False,1.938625167067337,0.0
spec_e13/dino518_matched/SUMMARY.json,crossover_B_minus_A_mask,0.15413910817153828,0.12539492505507688,0.18375369797306754,0.15413910817153828,0.1226523608176249,0.18611073336411402,True,True,False,1.0873835993033083,0.0
spec_e13/dino518_matched05/bootstrap_vs_erm.csv,trapA|mask|test_rev|all|mask|erm,-0.0456374731980867,-0.065318312336419,-0.0264146509616606,-0.0456374731980867,-0.083824704134135,-0.0088260410183841,True,True,False,1.927804748074735,0.0
spec_e13/dino518_matched05/bootstrap_vs_erm.csv,trapA|mask|clean|all|mask|erm,-0.0256482199888129,-0.0450384253959147,-0.0082002468782291,-0.0256482199888129,-0.0525647229360424,0.0003452527667389,True,False,True,1.4362809952012099,0.0
spec_e13/dino518_matched05/bootstrap_vs_erm.csv,trapA|mask|test_rev|HAM|mask|erm,-0.0109492028053239,-0.0482702722734993,0.0280881799978916,-0.010949202805324,-0.0764610661006805,0.0568314770610012,False,False,False,1.745616093526063,-1.0061396160665481e-16
spec_e13/dino518_matched05/bootstrap_vs_erm.csv,trapA|mask|test_rev|BCN|mask|erm,-0.0631606974558703,-0.0874396627669483,-0.0393282722937775,-0.0631606974558703,-0.1107554349571897,-0.0168870136756222,True,True,False,1.9510644019717742,0.0
spec_e13/dino518_matched05/bootstrap_vs_erm.csv,trapB|mask|test_rev|all|mask|erm,0.0787215716458666,0.0528501464312808,0.1034685348085651,0.0787215716458665,0.0368177678114471,0.1192923681720844,True,True,False,1.6293407001801923,-9.71445146547012e-17
spec_e13/dino518_matched05/bootstrap_vs_erm.csv,trapB|mask|clean|all|mask|erm,0.0030191624113603,-0.0143957496614568,0.0210919630490226,0.0030191624113603,-0.0240855603904063,0.0305793313901418,False,False,False,1.540389267308449,0.0
spec_e13/dino518_matched05/bootstrap_vs_erm.csv,trapB|mask|test_rev|HAM|mask|erm,0.0961989302762656,0.0513364486416945,0.1412491768365427,0.0961989302762656,0.023915833740684,0.167340358288903,True,True,False,1.5951526266382041,0.0
spec_e13/dino518_matched05/bootstrap_vs_erm.csv,trapB|mask|test_rev|BCN|mask|erm,0.0584880556188277,0.026527604138472,0.0897960954071156,0.0584880556188277,0.0047983015930018,0.1112036634588539,True,True,False,1.6818065316911943,0.0
spec_e13/dino518_matched05/SUMMARY.json,crossover_B_minus_A_mask,0.12435904484395328,0.09151556620580853,0.1577694681255675,0.12435904484395328,0.08522575203854871,0.16184198755910964,True,True,False,1.156403370979598,0.0
spec_e13/dinos518_spec_scale/bootstrap_vs_erm.csv,trapA|mask|test_rev|all|mask|erm,-0.0354209696491919,-0.0514759501872689,-0.0199971137638487,-0.0354209696491919,-0.0659552959636765,-0.0061394191367766,True,True,False,1.9001933877834505,0.0
spec_e13/dinos518_spec_scale/bootstrap_vs_erm.csv,trapA|mask|clean|all|mask|erm,-0.0089248660255137,-0.0191055767233524,0.0011862298619027,-0.0089248660255137,-0.0267806082239503,0.0089881956549914,False,False,False,1.7627215067648463,0.0
spec_e13/dinos518_spec_scale/bootstrap_vs_erm.csv,trapA|balanced|test_rev|all|balanced|erm,0.2217591643673629,0.2051390861092689,0.2384667037626692,0.221759164367363,0.1946059625479907,0.2489629953057303,True,True,False,1.6309906493479507,1.1102230246251565e-16
spec_e13/dinos518_spec_scale/bootstrap_vs_erm.csv,trapA|balanced|clean|all|balanced|erm,0.0381777665505854,0.0259197306078078,0.0501049124118963,0.0381777665505855,0.0184243213747792,0.0574081289263704,True,True,False,1.6118881332949495,1.0408340855860843e-16
spec_e13/dinos518_spec_scale/bootstrap_vs_erm.csv,trapA|dfr|test_rev|all|dfr|erm,0.199601497832085,0.1678336901111413,0.2281826144169892,0.1996014978320851,0.1585360645918271,0.237146523413177,True,True,False,1.302599171825378,1.1102230246251565e-16
spec_e13/dinos518_spec_scale/bootstrap_vs_erm.csv,trapA|dfr|clean|all|dfr|erm,-0.013729452734523,-0.0363839551996234,0.0081819451902358,-0.013729452734523,-0.0430263019045898,0.0156404595432502,False,False,False,1.316404716041357,0.0
spec_e13/dinos518_spec_scale/bootstrap_vs_erm.csv,trapA|mte|test_rev|all|mte|erm,0.0122479306267244,-0.0083232134655738,0.0316507233783923,0.0122479306267244,-0.0239435169300779,0.0469257519226947,False,False,False,1.772886897014999,0.0
spec_e13/dinos518_spec_scale/bootstrap_vs_erm.csv,trapA|mte|clean|all|mte|erm,0.0029799173598455,-0.0093449217747109,0.015663499833036,0.0029799173598455,-0.0178527442191107,0.0234236670923925,False,False,False,1.6505004577624738,0.0
spec_e13/dinos518_spec_scale/bootstrap_vs_erm.csv,trapA|mte_balanced|test_rev|all|mte_balanced|erm,0.1943728813559321,0.1625682210314733,0.2216200227645557,0.1943728813559322,0.1509707649605241,0.2355691051769849,True,True,False,1.4326123460017401,1.1102230246251565e-16
spec_e13/dinos518_spec_scale/bootstrap_vs_erm.csv,trapA|mte_balanced|clean|all|mte_balanced|erm,0.0402595586510527,0.0184083937306824,0.0601103282976075,0.0402595586510528,0.0105729778222847,0.067283028832185,True,True,False,1.359890172934052,1.0408340855860843e-16
spec_e13/dinos518_spec_scale/bootstrap_vs_erm.csv,trapA|mte_protect|test_rev|all|mte_protect|erm,0.0155841545132045,-0.0033921629687151,0.0334468849763318,0.0155841545132045,-0.0196872802698104,0.0486961475104138,False,False,False,1.8562756530036362,0.0
spec_e13/dinos518_spec_scale/bootstrap_vs_erm.csv,trapA|mte_protect|clean|all|mte_protect|erm,0.0004226737157394,-0.0148488755476921,0.0145969226767575,0.0004226737157394,-0.0218743615654834,0.0216112288761102,False,False,False,1.4768012098067833,0.0
spec_e13/dinos518_spec_scale/bootstrap_vs_erm.csv,trapA|mte_aug|test_rev|all|mte_aug|erm,-0.025,-0.0418493822344903,-0.0081133746832701,-0.025,-0.0565792955120852,0.0057884663148488,True,False,True,1.8487001383386346,0.0
spec_e13/dinos518_spec_scale/bootstrap_vs_erm.csv,trapA|mte_aug|clean|all|mte_aug|erm,-0.0061596687176341,-0.0175011675008826,0.0050720369502947,-0.0061596687176341,-0.0251297830126782,0.0122800236254829,False,False,False,1.6572661058855558,0.0
spec_e13/dinos518_spec_scale/bootstrap_vs_erm.csv,trapA|mask|test_rev|HAM|mask|erm,0.0511190283362829,0.0246598918638355,0.0777420225571859,0.0511190283362829,0.0046075898094484,0.0992167513096303,True,True,False,1.7823165774322163,0.0
spec_e13/dinos518_spec_scale/bootstrap_vs_erm.csv,trapA|mask|test_rev|BCN|mask|erm,-0.0724553927726359,-0.0939087827934432,-0.0523070782777924,-0.0724553927726359,-0.1123215304352032,-0.0352331812835629,True,True,False,1.8530093910608694,0.0
spec_e13/dinos518_spec_scale/bootstrap_vs_erm.csv,trapB|mask|test_rev|all|mask|erm,0.1276006795006239,0.1089428090220705,0.1465377001956025,0.1276006795006239,0.0896695473778532,0.1647946150333376,True,True,False,1.9982786306979612,0.0
spec_e13/dinos518_spec_scale/bootstrap_vs_erm.csv,trapB|mask|clean|all|mask|erm,0.0276767831688349,0.0096650494749235,0.0461968005364471,0.0276767831688349,-3.23008901063883e-05,0.0548755666335046,True,False,True,1.5030176744372294,0.0
spec_e13/dinos518_spec_scale/bootstrap_vs_erm.csv,trapB|balanced|test_rev|all|balanced|erm,0.2078659789411747,0.1828615730627577,0.2317744074321476,0.2078659789411748,0.1766171547443097,0.2394527733454313,True,True,False,1.284644805626817,1.1102230246251565e-16
spec_e13/dinos518_spec_scale/bootstrap_vs_erm.csv,trapB|balanced|clean|all|balanced|erm,0.0318304433337543,0.0174934502396916,0.0461969442200013,0.0318304433337543,0.0106476191387659,0.052181466907043,True,True,False,1.4469962366521962,0.0
spec_e13/dinos518_spec_scale/bootstrap_vs_erm.csv,trapB|dfr|test_rev|all|dfr|erm,0.2093132393484006,0.1665736589661769,0.2630892008237719,0.2093132393484006,0.1579983541247312,0.2684942814217265,True,True,False,1.1448511314377512,0.0
spec_e13/dinos518_spec_scale/bootstrap_vs_erm.csv,trapB|dfr|clean|all|dfr|erm,-0.0133622634019595,-0.0554911735777086,0.0352973188254079,-0.0133622634019595,-0.0620536037777574,0.038836517360829,False,False,False,1.1112655190992369,0.0
spec_e13/dinos518_spec_scale/bootstrap_vs_erm.csv,trapB|mte|test_rev|all|mte|erm,0.1271814484941374,0.1042683748225858,0.1491101539149256,0.1271814484941374,0.0839121786656644,0.1696088285249383,True,True,False,1.9110894258411175,0.0
spec_e13/dinos518_spec_scale/bootstrap_vs_erm.csv,trapB|mte|clean|all|mte|erm,0.0190951985709387,0.0039711209310006,0.0344058269869609,0.0190951985709387,-0.0079740036353609,0.0459478809236913,True,False,True,1.771723520506688,0.0
spec_e13/dinos518_spec_scale/bootstrap_vs_erm.csv,trapB|mte_balanced|test_rev|all|mte_balanced|erm,0.2531533668971211,0.2246363354557615,0.281565961826033,0.2531533668971211,0.2070675913077667,0.2987540075672024,True,True,False,1.6105220094561188,0.0
spec_e13/dinos518_spec_scale/bootstrap_vs_erm.csv,trapB|mte_balanced|clean|all|mte_balanced|erm,0.0428375525522816,0.0192481405788777,0.0684614700176924,0.0428375525522815,0.0094986493502973,0.0776798976078733,True,True,False,1.3854223852573009,-1.0408340855860843e-16
spec_e13/dinos518_spec_scale/bootstrap_vs_erm.csv,trapB|mte_protect|test_rev|all|mte_protect|erm,0.1339505938512785,0.1096473720343776,0.1587930155139532,0.1339505938512785,0.0907455238879092,0.1765124712183873,True,True,False,1.7451587009156153,0.0
spec_e13/dinos518_spec_scale/bootstrap_vs_erm.csv,trapB|mte_protect|clean|all|mte_protect|erm,0.0032780895328485,-0.0193510210028755,0.0264734387988768,0.0032780895328485,-0.0285251418049749,0.0361064596362552,False,False,False,1.4104170942951002,0.0
spec_e13/dinos518_spec_scale/bootstrap_vs_erm.csv,trapB|mte_aug|test_rev|all|mte_aug|erm,0.1308814527647419,0.1072336835292143,0.1531405374209181,0.1308814527647418,0.0902681473302353,0.1707073247338874,True,True,False,1.7522258788069311,-8.326672684688674e-17
spec_e13/dinos518_spec_scale/bootstrap_vs_erm.csv,trapB|mte_aug|clean|all|mte_aug|erm,0.0244465094458778,0.0059589994973964,0.0424405811889666,0.0244465094458778,-0.0024536383608283,0.051030975323418,True,False,True,1.4660716779339915,0.0
spec_e13/dinos518_spec_scale/bootstrap_vs_erm.csv,trapB|mask|test_rev|HAM|mask|erm,0.215211180105993,0.1723480071275171,0.2567649849208931,0.215211180105993,0.1406150431625594,0.2897154588558985,True,True,False,1.766237309019592,0.0
spec_e13/dinos518_spec_scale/bootstrap_vs_erm.csv,trapB|mask|test_rev|BCN|mask|erm,0.0787976742382458,0.0528262197024046,0.1045083167057825,0.0787976742382458,0.031998258116911,0.1252421025582064,True,True,False,1.8041807482231424,0.0
spec_e13/dinos518_spec_scale/SUMMARY.json,crossover_B_minus_A_mask,0.16302164914981593,0.13874397798396135,0.1871168641757726,0.16302164914981593,0.1304016527882828,0.195136898257827,True,True,False,1.3382547655488628,0.0
spec_e13/dinol518_spec_scale/bootstrap_vs_erm.csv,trapA|mask|test_rev|all|mask|erm,-0.067103271580607,-0.0834253067448224,-0.051329234490597,-0.067103271580607,-0.0975288021802866,-0.038764728594041,True,True,False,1.8308805239715709,0.0
spec_e13/dinol518_spec_scale/bootstrap_vs_erm.csv,trapA|mask|clean|all|mask|erm,-0.0448751375832265,-0.0592842613528847,-0.0317830811011492,-0.0448751375832265,-0.0654850802338098,-0.0259418255303192,True,True,False,1.4378748236085312,0.0
spec_e13/dinol518_spec_scale/bootstrap_vs_erm.csv,trapA|balanced|test_rev|all|balanced|erm,0.2045179345683877,0.1908619020091585,0.2181946750117518,0.2045179345683878,0.1806289649233673,0.2282748417220201,True,True,False,1.7431775690718325,8.326672684688674e-17
spec_e13/dinol518_spec_scale/bootstrap_vs_erm.csv,trapA|balanced|clean|all|balanced|erm,0.053033597372837,0.0418302575886554,0.064151363073382,0.053033597372837,0.0363909904534091,0.0698503582914179,True,True,False,1.4990013761148009,0.0
spec_e13/dinol518_spec_scale/bootstrap_vs_erm.csv,trapA|dfr|test_rev|all|dfr|erm,0.1776578636184469,0.1492802081046531,0.2071704954596122,0.177657863618447,0.1380488405683073,0.2188368580581982,True,True,False,1.3955366466663477,8.326672684688674e-17
spec_e13/dinol518_spec_scale/bootstrap_vs_erm.csv,trapA|dfr|clean|all|dfr|erm,-0.0438660435574962,-0.063085766728392,-0.0258406981808034,-0.0438660435574962,-0.070674740641476,-0.0167603482373248,True,True,False,1.4475578783071357,0.0
spec_e13/dinol518_spec_scale/bootstrap_vs_erm.csv,trapA|mte|test_rev|all|mte|erm,-0.0404016554986204,-0.0605557346549358,-0.0220094209076779,-0.0404016554986204,-0.0731574891873788,-0.0085436162152067,True,True,False,1.6762659432451847,0.0
spec_e13/dinol518_spec_scale/bootstrap_vs_erm.csv,trapA|mte|clean|all|mte|erm,-0.0315670052868046,-0.0460097163581448,-0.0181350646182665,-0.0315670052868046,-0.0523951574072412,-0.0114988430153742,True,True,False,1.4671506849127565,0.0
spec_e13/dinol518_spec_scale/bootstrap_vs_erm.csv,trapA|mte_balanced|test_rev|all|mte_balanced|erm,0.1397970043358297,0.1082424033369933,0.1668645613172607,0.1397970043358297,0.0958542611084161,0.1800408598809895,True,True,False,1.4360883610069615,0.0
spec_e13/dinol518_spec_scale/bootstrap_vs_erm.csv,trapA|mte_balanced|clean|all|mte_balanced|erm,0.0033511665253243,-0.0189634405382327,0.0237093249779835,0.0033511665253243,-0.0255584695016627,0.0304530561929423,False,False,False,1.312582510578554,0.0
spec_e13/dinol518_spec_scale/bootstrap_vs_erm.csv,trapA|mte_protect|test_rev|all|mte_protect|erm,-0.0455230587307844,-0.0639649215421606,-0.0272341438917864,-0.0455230587307843,-0.0802507045025947,-0.0130675521488947,True,True,False,1.829069697167589,1.0408340855860843e-16
spec_e13/dinol518_spec_scale/bootstrap_vs_erm.csv,trapA|mte_protect|clean|all|mte_protect|erm,-0.0509463921618159,-0.0681766430703152,-0.0349865444356241,-0.0509463921618158,-0.0748611345283358,-0.0278821579100061,True,True,False,1.4154515518440232,1.0408340855860843e-16
spec_e13/dinol518_spec_scale/bootstrap_vs_erm.csv,trapA|mte_aug|test_rev|all|mte_aug|erm,-0.0582230981474182,-0.0744886208750892,-0.0429778043869719,-0.0582230981474182,-0.0879077166496509,-0.0311451081541627,True,True,False,1.8013690161565101,0.0
spec_e13/dinol518_spec_scale/bootstrap_vs_erm.csv,trapA|mte_aug|clean|all|mte_aug|erm,-0.0400601757456559,-0.0551248373691664,-0.0264655847675003,-0.0400601757456559,-0.060948380125098,-0.0204514953308989,True,True,False,1.4130474844220053,0.0
spec_e13/dinol518_spec_scale/bootstrap_vs_erm.csv,trapA|mask|test_rev|HAM|mask|erm,-0.043845487169877,-0.0725749365778228,-0.0164968557785544,-0.0438454871698769,-0.0898947048060783,0.0024744041065602,True,False,True,1.6471517497767785,9.71445146547012e-17
spec_e13/dinol518_spec_scale/bootstrap_vs_erm.csv,trapA|mask|test_rev|BCN|mask|erm,-0.0790250067364237,-0.1006098874284657,-0.0581059297594806,-0.0790250067364236,-0.1177567845808726,-0.0411870508274019,True,True,False,1.8014730381058892,9.71445146547012e-17
spec_e13/dinol518_spec_scale/bootstrap_vs_erm.csv,trapB|mask|test_rev|all|mask|erm,0.0855727117863938,0.0546297891378517,0.1141239181647693,0.0855727117863938,0.0433900709088008,0.126417564966917,True,True,False,1.3955577704238873,0.0
spec_e13/dinol518_spec_scale/bootstrap_vs_erm.csv,trapB|mask|clean|all|mask|erm,-0.0250820988433987,-0.047987895875249,-0.0046624117588422,-0.0250820988433986,-0.0554636106781537,0.002817929911919,True,False,True,1.3452022932619059,9.71445146547012e-17
spec_e13/dinol518_spec_scale/bootstrap_vs_erm.csv,trapB|balanced|test_rev|all|balanced|erm,0.2065323640642868,0.1882151797312811,0.2256588991531188,0.2065323640642868,0.1796948667395158,0.2335489592994424,True,True,False,1.4382677092841945,0.0
spec_e13/dinol518_spec_scale/bootstrap_vs_erm.csv,trapB|balanced|clean|all|balanced|erm,0.0461039136789303,0.0302676588449667,0.0597308284619941,0.0461039136789303,0.0258269392730442,0.064816818876065,True,True,False,1.3233430112857818,0.0
spec_e13/dinol518_spec_scale/bootstrap_vs_erm.csv,trapB|dfr|test_rev|all|dfr|erm,0.188710182544616,0.1511685884870297,0.2322701668600522,0.1887101825446159,0.1394326088357267,0.2393426766581669,True,True,False,1.2319127423502045,-8.326672684688674e-17
spec_e13/dinol518_spec_scale/bootstrap_vs_erm.csv,trapB|dfr|clean|all|dfr|erm,-0.0534589776438533,-0.0911105722653669,-0.008728203162943,-0.0534589776438533,-0.0990815571025945,-0.0048324643360126,True,True,False,1.1440444574907092,0.0
spec_e13/dinol518_spec_scale/bootstrap_vs_erm.csv,trapB|mte|test_rev|all|mte|erm,0.1062322354716408,0.0787005958696152,0.1345218084118592,0.1062322354716408,0.0651133403183284,0.1472001484435812,True,True,False,1.470530724554428,0.0
spec_e13/dinol518_spec_scale/bootstrap_vs_erm.csv,trapB|mte|clean|all|mte|erm,-0.0150791216325941,-0.0353606525307565,0.0050375777691007,-0.0150791216325941,-0.0428453797772206,0.0124934232921253,False,False,False,1.3698323579669656,0.0
spec_e13/dinol518_spec_scale/bootstrap_vs_erm.csv,trapB|mte_balanced|test_rev|all|mte_balanced|erm,0.2238247533725912,0.1944065908404851,0.25157881470807,0.2238247533725912,0.1805697392155715,0.2667674804658297,True,True,False,1.5076856455662555,0.0
spec_e13/dinol518_spec_scale/bootstrap_vs_erm.csv,trapB|mte_balanced|clean|all|mte_balanced|erm,0.0047662438425867,-0.0181789789221478,0.0274306810234123,0.0047662438425867,-0.0268101665397275,0.0365117705012944,False,False,False,1.3883448619569463,0.0
spec_e13/dinol518_spec_scale/bootstrap_vs_erm.csv,trapB|mte_protect|test_rev|all|mte_protect|erm,0.1212835064509853,0.0720388122831544,0.1746678527665444,0.1212835064509853,0.0613178940372052,0.1833707302834298,True,True,False,1.1892621783400406,0.0
spec_e13/dinol518_spec_scale/bootstrap_vs_erm.csv,trapB|mte_protect|clean|all|mte_protect|erm,-0.0325715883870734,-0.0593006335705177,-0.0069631509327643,-0.0325715883870734,-0.066456376323856,-0.0001691737108332,True,True,False,1.2665340263271818,0.0
spec_e13/dinol518_spec_scale/bootstrap_vs_erm.csv,trapB|mte_aug|test_rev|all|mte_aug|erm,0.1011160513041951,0.0735106398574846,0.1260470151354723,0.1011160513041951,0.0618329500637874,0.1396901760932346,True,True,False,1.4819679815647413,0.0
spec_e13/dinol518_spec_scale/bootstrap_vs_erm.csv,trapB|mte_aug|clean|all|mte_aug|erm,-0.0159380018404575,-0.0362930189139559,0.0039017279772214,-0.0159380018404575,-0.0427781637196699,0.011300079032678,False,False,False,1.3454057292302048,0.0
spec_e13/dinol518_spec_scale/bootstrap_vs_erm.csv,trapB|mask|test_rev|HAM|mask|erm,0.13570344325028,0.0848846178398389,0.1836695758562385,0.13570344325028,0.0507780242034455,0.2143228442940328,True,True,False,1.6555639985536736,0.0
spec_e13/dinol518_spec_scale/bootstrap_vs_erm.csv,trapB|mask|test_rev|BCN|mask|erm,0.0542596670650311,0.0193603009327365,0.0898050097329685,0.054259667065031,0.0034741891281402,0.1037004839943083,True,True,False,1.4227654081215824,-1.0408340855860843e-16
spec_e13/dinol518_spec_scale/SUMMARY.json,crossover_B_minus_A_mask,0.15267598336700083,0.11795017011917136,0.18722729687414721,0.15267598336700083,0.110251136069819,0.19515459995188736,True,True,False,1.2255627197467474,0.0
spec_e13/dino518_spec_universal/bootstrap_vs_erm.csv,trapA|mask|test_rev|all|mask|erm,-0.0374492857908355,-0.0574283911716787,-0.0185857293022101,-0.0494461962948364,-0.082923389212467,-0.0179506336270934,True,True,False,1.6727163499688977,-0.011996910504000903
spec_e13/dino518_spec_universal/bootstrap_vs_erm.csv,trapA|mask|clean|all|mask|erm,-0.0105683627678054,-0.0225867333575685,0.0017724344122363,-0.0227517547500045,-0.045202545396657,-0.0007047762976692,False,True,True,1.8267360165787956,-0.012183391982199098
spec_e13/dino518_spec_universal/bootstrap_vs_erm.csv,trapA|balanced|test_rev|all|balanced|erm,0.2248779031492566,0.1991344347366914,0.2480795945237484,0.2126444619629484,0.183302607943414,0.2427066661594011,True,True,False,1.2136860615928737,-0.012233441186308203
spec_e13/dino518_spec_universal/bootstrap_vs_erm.csv,trapA|balanced|clean|all|balanced|erm,0.0525301281123335,0.0357335556491921,0.0685806292711908,0.05043665758467,0.0253635727841871,0.0754688094373474,True,True,False,1.5254094544240704,-0.0020934705276634963
spec_e13/dino518_spec_universal/bootstrap_vs_erm.csv,trapA|dfr|test_rev|all|dfr|erm,0.2514364560527887,0.2234626443207054,0.2770891011389126,0.1955234528971225,0.1569327068962258,0.235221244995235,True,True,False,1.4598864579922934,-0.05591300315566619
spec_e13/dino518_spec_universal/bootstrap_vs_erm.csv,trapA|dfr|clean|all|dfr|erm,0.0174182107701216,-0.0087566015678005,0.0424663606682708,-0.0192476678515364,-0.0450072466797614,0.0064808839669882,False,False,False,1.005176748846664,-0.036665878621658
spec_e13/dino518_spec_universal/bootstrap_vs_erm.csv,trapA|mte|test_rev|all|mte|erm,0.0149738965353582,-0.003627572687847,0.0329092682401466,-0.0092723689396925,-0.0431659897363754,0.0236880977683149,False,False,False,1.8297719727998814,-0.0242462654750507
spec_e13/dino518_spec_universal/bootstrap_vs_erm.csv,trapA|mte|clean|all|mte|erm,0.0122027902431963,0.001333542093949,0.0232765698613326,-0.0035870879269591,-0.0236691041466103,0.0162585157480157,True,False,True,1.8196039451754662,-0.0157898781701554
spec_e13/dino518_spec_universal/bootstrap_vs_erm.csv,trapA|mte_balanced|test_rev|all|mte_balanced|erm,0.212234180994228,0.1892129780144801,0.2371040588085327,0.1849755616870319,0.1449601757076931,0.224078272397509,True,True,False,1.6520424132846308,-0.027258619307196114
spec_e13/dino518_spec_universal/bootstrap_vs_erm.csv,trapA|mte_balanced|clean|all|mte_balanced|erm,0.0564603539374638,0.0394600729014678,0.0738045123082545,0.0440203172082784,0.0198124472558559,0.0674933323735778,True,True,False,1.388314555173663,-0.012440036729185401
spec_e13/dino518_spec_universal/bootstrap_vs_erm.csv,trapA|mask|test_rev|HAM|mask|erm,-0.0087891596615174,-0.0364843988474356,0.0174834713203853,-0.0111578089289888,-0.0637389277261406,0.0429927201974121,False,False,False,1.9776887172248083,-0.0023686492674714014
spec_e13/dino518_spec_universal/bootstrap_vs_erm.csv,trapA|mask|test_rev|BCN|mask|erm,-0.0507732713883304,-0.0751681960915714,-0.0273778143431939,-0.0667036836303835,-0.1099724476307689,-0.025224042302994,True,True,False,1.77333601924308,-0.015930412242053098
spec_e13/dino518_spec_universal/bootstrap_vs_erm.csv,trapB|mask|test_rev|all|mask|erm,0.1073735350192105,0.0780826048235152,0.135390870102371,0.098004204172855,0.0600830855269595,0.1358267787788081,True,True,False,1.3216888154490112,-0.009369330846355495
spec_e13/dino518_spec_universal/bootstrap_vs_erm.csv,trapB|mask|clean|all|mask|erm,-0.0002673530689056,-0.0174103721266945,0.0160439604133219,-0.0141119792136554,-0.042104510435216,0.0131539417924535,False,False,False,1.6517577255971887,-0.013844626144749801
spec_e13/dino518_spec_universal/bootstrap_vs_erm.csv,trapB|balanced|test_rev|all|balanced|erm,0.2087216560694481,0.1923022187371465,0.2255295953116839,0.2038594401712037,0.1661952795420581,0.2446016478906873,True,True,False,2.3596918093351107,-0.004862215898244399
spec_e13/dino518_spec_universal/bootstrap_vs_erm.csv,trapB|balanced|clean|all|balanced|erm,0.0402925050665895,0.0239180338610615,0.0548475358350969,0.036805543025207,0.0104767279619997,0.0609308571904921,True,True,False,1.6312622579842209,-0.003486962041382498
spec_e13/dino518_spec_universal/bootstrap_vs_erm.csv,trapB|dfr|test_rev|all|dfr|erm,0.2146899708697461,0.1783309148998244,0.2523508979112298,0.1955815851534807,0.1471639728353662,0.2505966649107311,True,True,False,1.3973617375652123,-0.019108385716265386
spec_e13/dino518_spec_universal/bootstrap_vs_erm.csv,trapB|dfr|clean|all|dfr|erm,-0.0113640887376954,-0.0339540688259771,0.0122559955580561,-0.0321904151855794,-0.073069075138041,0.0089980416669991,False,False,False,1.7759576382108757,-0.020826326447884
spec_e13/dino518_spec_universal/bootstrap_vs_erm.csv,trapB|mte|test_rev|all|mte|erm,0.1323834547900395,0.104578549697024,0.1598590677382823,0.1211712844554742,0.0826390918388188,0.1595679483673306,True,True,False,1.3916088208706074,-0.011212170334565286
spec_e13/dino518_spec_universal/bootstrap_vs_erm.csv,trapB|mte|clean|all|mte|erm,0.004526907209033,-0.0130129202197959,0.0215829071787239,-0.001613558037567,-0.0286026977210578,0.025487845591984,False,False,False,1.563499051199339,-0.0061404652466
spec_e13/dino518_spec_universal/bootstrap_vs_erm.csv,trapB|mte_balanced|test_rev|all|mte_balanced|erm,0.2540141199469655,0.2270504154387309,0.282775197270829,0.2403875810821711,0.1970346840461059,0.2833461282023967,True,True,False,1.5488879690251993,-0.013626538864794396
spec_e13/dino518_spec_universal/bootstrap_vs_erm.csv,trapB|mte_balanced|clean|all|mte_balanced|erm,0.0369684604806021,0.0175687835873021,0.055972931982224,0.0224594467801014,-0.0085170510924629,0.054169081840755,True,False,True,1.6322750419719436,-0.0145090137005007
spec_e13/dino518_spec_universal/bootstrap_vs_erm.csv,trapB|mask|test_rev|HAM|mask|erm,0.1714291841763934,0.1332573382540247,0.212274635718897,0.1803849494083777,0.1092149049480929,0.2493060760231022,True,True,False,1.7729177733177703,0.008955765231984297
spec_e13/dino518_spec_universal/bootstrap_vs_erm.csv,trapB|mask|test_rev|BCN|mask|erm,0.0651400693315105,0.026023941699285,0.1025427422450048,0.0488089305587126,0.0016664417976401,0.0967706744961622,True,True,False,1.2428871338841432,-0.016331138772797897
spec_e13/dino518_spec_universal/SUMMARY.json,crossover_B_minus_A_mask,0.14482282081004594,0.10482019195794733,0.1805600498802621,0.1474504004676915,0.11123907449178308,0.18534451683358955,True,True,False,0.978420667461712,0.002627579657645568
spec_e13/dino518_spec/bootstrap_vs_erm.csv,trapA|prevcal|test_rev|all|prevcal|erm,0.4267147143928839,0.4045776072273142,0.4489883853894409,0.4153397713835238,0.3766610254030029,0.4553665653269892,True,True,False,1.772217087407533,-0.011374943009360095
spec_e13/dino518_spec/bootstrap_vs_erm.csv,trapA|prevcal|clean|all|prevcal|erm,-0.01667631731326,-0.035696740145564,0.0023313605718923,-0.0145987080709478,-0.0489319657050375,0.018415053808245,False,False,False,1.770980360383019,0.002077609242312201
spec_e13/dino518_spec/bootstrap_vs_erm.csv,trapA|mask|test_rev|all|mask|erm,-0.0374492857908355,-0.0574283911716787,-0.0185857293022101,-0.0494461962948364,-0.082923389212467,-0.0179506336270934,True,True,False,1.6727163499688977,-0.011996910504000903
spec_e13/dino518_spec/bootstrap_vs_erm.csv,trapA|mask|clean|all|mask|erm,-0.0105683627678054,-0.0225867333575685,0.0017724344122363,-0.0227517547500045,-0.045202545396657,-0.0007047762976692,False,True,True,1.8267360165787956,-0.012183391982199098
spec_e13/dino518_spec/bootstrap_vs_erm.csv,trapA|inpaint|test_rev|all|inpaint|erm,0.1027148368724833,0.0934713725485323,0.1141070696865393,0.0977934568387859,0.083808890836278,0.1120408238584242,True,True,False,1.368111425232559,-0.004921380033697395
spec_e13/dino518_spec/bootstrap_vs_erm.csv,trapA|inpaint|clean|all|inpaint|erm,0.0387386001737116,0.0292299347182535,0.0508406591969513,0.0313067248876779,0.0191992052566662,0.0442408559208557,True,True,False,1.1587603501619599,-0.007431875286033701
spec_e13/dino518_spec/bootstrap_vs_erm.csv,trapA|balanced|test_rev|all|balanced|erm,0.2248779031492566,0.1991344347366914,0.2480795945237484,0.2126444619629484,0.183302607943414,0.2427066661594011,True,True,False,1.2136860615928737,-0.012233441186308203
spec_e13/dino518_spec/bootstrap_vs_erm.csv,trapA|balanced|clean|all|balanced|erm,0.0525301281123335,0.0357335556491921,0.0685806292711908,0.05043665758467,0.0253635727841871,0.0754688094373474,True,True,False,1.5254094544240704,-0.0020934705276634963
spec_e13/dino518_spec/bootstrap_vs_erm.csv,trapA|dfr|test_rev|all|dfr|erm,0.2514364560527887,0.2234626443207054,0.2770891011389126,0.1955234528971225,0.1569327068962258,0.235221244995235,True,True,False,1.4598864579922934,-0.05591300315566619
spec_e13/dino518_spec/bootstrap_vs_erm.csv,trapA|dfr|clean|all|dfr|erm,0.0174182107701216,-0.0087566015678005,0.0424663606682708,-0.0192476678515364,-0.0450072466797614,0.0064808839669882,False,False,False,1.005176748846664,-0.036665878621658
spec_e13/dino518_spec/bootstrap_vs_erm.csv,trapA|leace_paired|test_rev|all|leace_paired|erm,0.0857682532878116,0.0775209006967762,0.0949341213666955,0.0741009065825778,0.062159857757838,0.0862974535558606,True,True,False,1.3861649292551266,-0.011667346705233797
spec_e13/dino518_spec/bootstrap_vs_erm.csv,trapA|leace_paired|clean|all|leace_paired|erm,0.0347735415460335,0.0264499334265183,0.0440540715470211,0.0281869688385268,0.0182002145763759,0.0400188204233267,True,True,False,1.2394021052095463,-0.006586572707506701
spec_e13/dino518_spec/bootstrap_vs_erm.csv,trapA|leace_unpaired|test_rev|all|leace_unpaired|erm,0.3255542201876999,0.3007628714737689,0.3501591227183952,0.3201308632242806,0.2800352044532624,0.3614817370260054,True,True,False,1.6488403577306552,-0.005423356963419335
spec_e13/dino518_spec/bootstrap_vs_erm.csv,trapA|leace_unpaired|clean|all|leace_unpaired|erm,-0.0054732737405905,-0.0256992732948214,0.0145163357405252,-0.0078675050973458,-0.0433568351851975,0.0268757754617128,False,False,False,1.7464017661694726,-0.0023942313567553
spec_e13/dino518_spec/bootstrap_vs_erm.csv,trapA|i2e|test_rev|all|i2e|erm,0.0500715740159529,0.0303794311762763,0.0681011433913041,0.0545518328734726,0.0331323234768462,0.0762676226790523,True,True,False,1.1435138192115677,0.004480258857519702
spec_e13/dino518_spec/bootstrap_vs_erm.csv,trapA|i2e|clean|all|i2e|erm,0.0265647618702953,0.0083568252196142,0.0426839055705705,0.0181194853936233,0.0010911815882338,0.0344807226612754,True,True,False,0.9726880565335181,-0.008445276476672002
spec_e13/dino518_spec/bootstrap_vs_erm.csv,trapA|i2e_balanced|test_rev|all|i2e_balanced|erm,0.226464779460171,0.2087355875801781,0.2443204367754659,0.2211884115096571,0.1902077975156371,0.2525854837524347,True,True,False,1.7529282165697022,-0.005276367950513894
spec_e13/dino518_spec/bootstrap_vs_erm.csv,trapA|i2e_balanced|clean|all|i2e_balanced|erm,0.0689721156629994,0.0552853577139459,0.0829531359767576,0.0525622056621136,0.027688239844807,0.0773657571616051,True,True,False,1.7955007751225809,-0.016409910000885805
spec_e13/dino518_spec/bootstrap_vs_erm.csv,trapA|i2e_rank1|test_rev|all|i2e_rank1|erm,0.0023240504003551,-0.0072435531408685,0.0112540411499474,0.0025187229010642,0.0001842764025136,0.0049090946483625,False,True,True,0.25542879639190613,0.00019467250070909995
spec_e13/dino518_spec/bootstrap_vs_erm.csv,trapA|i2e_rank1|clean|all|i2e_rank1|erm,0.0010843406195715,-0.01082909052632,0.0127425075948523,0.0018332401075404,0.0003439689622548,0.0033980579495306,False,True,True,0.12956647960719217,0.0007488994879689
spec_e13/dino518_spec/bootstrap_vs_erm.csv,trapA|insert_aug|test_rev|all|insert_aug|erm,0.0147113308939479,0.0021022827766023,0.0283092089297463,0.0165656286953094,0.0096822642013141,0.0238732852208669,True,True,False,0.5414988746343427,0.0018542978013614993
spec_e13/dino518_spec/bootstrap_vs_erm.csv,trapA|insert_aug|clean|all|insert_aug|erm,0.0097898270121598,-0.0022609571443486,0.0243851886119867,0.0102925786254307,0.0038480067503294,0.0191716582100418,False,True,True,0.5750794730254413,0.0005027516132709003
spec_e13/dino518_spec/bootstrap_vs_erm.csv,trapA|mask|test_rev|HAM|mask|erm,-0.0087891596615174,-0.0364843988474356,0.0174834713203853,-0.0111578089289888,-0.0637389277261406,0.0429927201974121,False,False,False,1.9776887172248083,-0.0023686492674714014
spec_e13/dino518_spec/bootstrap_vs_erm.csv,trapA|mask|test_rev|BCN|mask|erm,-0.0507732713883304,-0.0751681960915714,-0.0273778143431939,-0.0667036836303835,-0.1099724476307689,-0.025224042302994,True,True,False,1.77333601924308,-0.015930412242053098
spec_e13/dino518_spec/bootstrap_vs_erm.csv,trapB|prevcal|test_rev|all|prevcal|erm,0.4104871333313977,0.3896319672358318,0.4323661975586374,0.4288166154984981,0.3907432244225075,0.4664741841430766,True,True,False,1.772138146598477,0.018329482167100397
spec_e13/dino518_spec/bootstrap_vs_erm.csv,trapB|prevcal|clean|all|prevcal|erm,-0.0399039157498552,-0.0597254729289609,-0.0204378302676386,-0.0349668898071128,-0.0706799259955076,-0.0006710850573515,True,True,False,1.7819557549345675,0.004937025942742396
spec_e13/dino518_spec/bootstrap_vs_erm.csv,trapB|mask|test_rev|all|mask|erm,0.1073735350192105,0.0780826048235152,0.135390870102371,0.098004204172855,0.0600830855269595,0.1358267787788081,True,True,False,1.3216888154490112,-0.009369330846355495
spec_e13/dino518_spec/bootstrap_vs_erm.csv,trapB|mask|clean|all|mask|erm,-0.0002673530689055,-0.0174103721266945,0.0160439604133219,-0.0141119792136554,-0.042104510435216,0.0131539417924535,False,False,False,1.6517577255971887,-0.0138446261447499
spec_e13/dino518_spec/bootstrap_vs_erm.csv,trapB|inpaint|test_rev|all|inpaint|erm,0.0955554587773035,0.0835621322355016,0.1067875092481649,0.0998457837270988,0.0829659847374465,0.1173540164359343,True,True,False,1.4806231855671592,0.00429032494979531
spec_e13/dino518_spec/bootstrap_vs_erm.csv,trapB|inpaint|clean|all|inpaint|erm,0.020320190359004,0.0106102502817622,0.0309759588330104,0.0224585445950091,0.0097147480745832,0.0357703523773374,True,True,False,1.2793860934024448,0.002138354236005103
spec_e13/dino518_spec/bootstrap_vs_erm.csv,trapB|balanced|test_rev|all|balanced|erm,0.2087216560694481,0.1923022187371465,0.2255295953116839,0.2038594401712037,0.1661952795420581,0.2446016478906873,True,True,False,2.3596918093351107,-0.004862215898244399
spec_e13/dino518_spec/bootstrap_vs_erm.csv,trapB|balanced|clean|all|balanced|erm,0.0402925050665895,0.0239180338610615,0.0548475358350969,0.036805543025207,0.0104767279619997,0.0609308571904921,True,True,False,1.6312622579842209,-0.003486962041382498
spec_e13/dino518_spec/bootstrap_vs_erm.csv,trapB|dfr|test_rev|all|dfr|erm,0.2146899708697461,0.1783309148998244,0.2523508979112298,0.1955815851534807,0.1471639728353662,0.2505966649107311,True,True,False,1.3973617375652123,-0.019108385716265386
spec_e13/dino518_spec/bootstrap_vs_erm.csv,trapB|dfr|clean|all|dfr|erm,-0.0113640887376954,-0.0339540688259771,0.0122559955580561,-0.0321904151855794,-0.073069075138041,0.0089980416669991,False,False,False,1.7759576382108757,-0.020826326447884
spec_e13/dino518_spec/bootstrap_vs_erm.csv,trapB|leace_paired|test_rev|all|leace_paired|erm,0.0806097513766706,0.0694139848396681,0.0937209956058198,0.0778564412578353,0.0590526412234122,0.0969097926463542,True,True,False,1.5574581254417061,-0.0027533101188353115
spec_e13/dino518_spec/bootstrap_vs_erm.csv,trapB|leace_paired|clean|all|leace_paired|erm,0.01765525477707,0.0111786468706495,0.0241635216601113,0.02131818263835,0.0096444536757335,0.0328356790864854,True,True,False,1.7860184088623883,0.0036629278612799986
spec_e13/dino518_spec/bootstrap_vs_erm.csv,trapB|leace_unpaired|test_rev|all|leace_unpaired|erm,0.2828462967801876,0.2568451103437507,0.306293967164218,0.2953471764186711,0.2529006767467339,0.3356646063597259,True,True,False,1.6737278662170272,0.012500879638483509
spec_e13/dino518_spec/bootstrap_vs_erm.csv,trapB|leace_unpaired|clean|all|leace_unpaired|erm,-0.0093849522292993,-0.0336910644418938,0.0164728842365998,-0.0020114216632684,-0.0375613472190109,0.0319876842714681,False,False,False,1.386434547571735,0.007373530566030901
spec_e13/dino518_spec/bootstrap_vs_erm.csv,trapB|i2e|test_rev|all|i2e|erm,0.0362185349708213,0.01887242161546,0.0540101661668517,0.0431191071589566,0.0218830090656571,0.064639396829999,True,True,False,1.2168222038784346,0.0069005721881353
spec_e13/dino518_spec/bootstrap_vs_erm.csv,trapB|i2e|clean|all|i2e|erm,0.0031155001447596,-0.0105542589762913,0.0171896589861319,0.0012585482037494,-0.0180730682915244,0.0174772214455048,False,False,False,1.2813723636718894,-0.0018569519410102
spec_e13/dino518_spec/bootstrap_vs_erm.csv,trapB|i2e_balanced|test_rev|all|i2e_balanced|erm,0.1924145206089287,0.1706092232239657,0.2138242518910478,0.1939326573124611,0.1643687602583393,0.2222905107092311,True,True,False,1.3403149838706956,0.0015181367035324023
spec_e13/dino518_spec/bootstrap_vs_erm.csv,trapB|i2e_balanced|clean|all|i2e_balanced|erm,0.0306107954545454,0.0099089029860329,0.0530877747870086,0.0310744122264123,0.0048727321820339,0.0565916827154811,True,True,False,1.197783739506564,0.0004636167718669003
spec_e13/dino518_spec/bootstrap_vs_erm.csv,trapB|i2e_rank1|test_rev|all|i2e_rank1|erm,0.0023081613099904,0.0009889186563052,0.0036881592520957,0.0023248696279354,-0.0029762485094366,0.0087071483934485,True,False,True,4.328401447838887,1.6708317945000016e-05
spec_e13/dino518_spec/bootstrap_vs_erm.csv,trapB|i2e_rank1|clean|all|i2e_rank1|erm,0.0017656159525188,0.0008348510382638,0.0027605405817466,0.0029902924884069,-0.0002435228896631,0.0097324011405897,True,False,True,5.180442540187633,0.0012246765358880998
spec_e13/dino518_spec/bootstrap_vs_erm.csv,trapB|insert_aug|test_rev|all|insert_aug|erm,0.0162868120276011,0.0115583576840956,0.0209731499788985,0.0109438984924766,4.3596683804462585e-05,0.0199080063788235,True,True,False,2.109914809908709,-0.0053429135351245
spec_e13/dino518_spec/bootstrap_vs_erm.csv,trapB|insert_aug|clean|all|insert_aug|erm,0.0086801534452808,0.0040594248909867,0.0132417780149412,0.0057658649248479,-3.9033238281491134e-05,0.0124065822144937,True,False,True,1.3553841030473597,-0.002914288520432899
spec_e13/dino518_spec/bootstrap_vs_erm.csv,trapB|mask|test_rev|HAM|mask|erm,0.1714291841763934,0.1332573382540247,0.212274635718897,0.1803849494083777,0.1092149049480929,0.2493060760231022,True,True,False,1.7729177733177703,0.008955765231984297
spec_e13/dino518_spec/bootstrap_vs_erm.csv,trapB|mask|test_rev|BCN|mask|erm,0.0651400693315105,0.026023941699285,0.1025427422450048,0.0488089305587126,0.0016664417976401,0.0967706744961622,True,True,False,1.2428871338841432,-0.016331138772797897
spec_e13/dermlip224_spec/bootstrap_vs_erm.csv,trapA|prevcal|test_rev|all|prevcal|erm,0.2713087710703187,0.2547821287486797,0.2885671222937054,0.2818841150965707,0.2460843836706097,0.3177497566208246,True,True,False,2.1212190807349303,0.010575344026251987
spec_e13/dermlip224_spec/bootstrap_vs_erm.csv,trapA|prevcal|clean|all|prevcal|erm,-0.0365776092935727,-0.0514509646624468,-0.0220652605189975,-0.0447068800635138,-0.0776259084210715,-0.0142284206930656,True,True,False,2.157426189909373,-0.008129270769941105
spec_e13/dermlip224_spec/bootstrap_vs_erm.csv,trapA|mask|test_rev|all|mask|erm,-0.0849966318110139,-0.1067586719977878,-0.0625092895773143,-0.1042861647615293,-0.1432243051771214,-0.0666477831956257,True,True,False,1.7305670224691079,-0.0192895329505154
spec_e13/dermlip224_spec/bootstrap_vs_erm.csv,trapA|mask|clean|all|mask|erm,-0.0598413976548928,-0.0735195662732916,-0.0449844306535936,-0.0657025315313689,-0.0887165581294861,-0.0427429604465739,True,True,False,1.611122452530988,-0.0058611338764761045
spec_e13/dermlip224_spec/bootstrap_vs_erm.csv,trapA|inpaint|test_rev|all|inpaint|erm,0.0441351409280891,0.0341862732856882,0.0528930016183121,0.0334887662593614,0.0254523186155726,0.0418402760174919,True,True,False,0.8760461535831071,-0.010646374668727705
spec_e13/dermlip224_spec/bootstrap_vs_erm.csv,trapA|inpaint|clean|all|inpaint|erm,0.0166432940069484,0.0107544088839926,0.0219598536715734,0.0109155374316594,0.00463931394197,0.01705573329411,True,True,False,1.108070191546644,-0.005727756575288999
spec_e13/dermlip224_spec/bootstrap_vs_erm.csv,trapA|balanced|test_rev|all|balanced|erm,0.1433332823001669,0.1299339129102238,0.1568344548679468,0.145629483642097,0.1220592723866388,0.1703004889411064,True,True,False,1.7933176450602242,0.002296201341930093
spec_e13/dermlip224_spec/bootstrap_vs_erm.csv,trapA|balanced|clean|all|balanced|erm,0.0343641430225824,0.0242110286406078,0.0445607325342237,0.0345929340863571,0.0201152793532806,0.0496538611297138,True,True,False,1.451548481042028,0.00022879106377469982
spec_e13/dermlip224_spec/bootstrap_vs_erm.csv,trapA|dfr|test_rev|all|dfr|erm,0.1100567233645146,0.0778313707880923,0.1384918544984784,0.1163579030350808,0.0896562064280458,0.1445037398275297,True,True,False,0.9041723712811919,0.006301179670566204
spec_e13/dermlip224_spec/bootstrap_vs_erm.csv,trapA|dfr|clean|all|dfr|erm,0.0016366893456861,-0.0152882862722829,0.0174305363929949,0.0004005701809783,-0.0225542026624324,0.0208144233805945,False,False,False,1.3254947003044515,-0.0012361191647077998
spec_e13/dermlip224_spec/bootstrap_vs_erm.csv,trapA|leace_paired|test_rev|all|leace_paired|erm,0.0411355389867875,0.0338716429145016,0.0482416084936201,0.0339223492313756,0.0258494624954395,0.0422643727062439,True,True,False,1.1423068566467187,-0.0072131897554119015
spec_e13/dermlip224_spec/bootstrap_vs_erm.csv,trapA|leace_paired|clean|all|leace_paired|erm,0.0147351802258251,0.0101676978397005,0.019420847227773,0.0131150646866711,0.0078912089182082,0.0180780008300988,True,True,False,1.1008999730428628,-0.001620115539154001
spec_e13/dermlip224_spec/bootstrap_vs_erm.csv,trapA|leace_unpaired|test_rev|all|leace_unpaired|erm,0.1975052436578532,0.1775366347993804,0.2174448092328067,0.2027698068584943,0.164998246197643,0.243271131433834,True,True,False,1.9613246245268274,0.005264563200641087
spec_e13/dermlip224_spec/bootstrap_vs_erm.csv,trapA|leace_unpaired|clean|all|leace_unpaired|erm,-0.047583417776491,-0.0685911609449271,-0.0268739049913003,-0.0448683711950343,-0.0742224061734277,-0.0153397071583147,True,True,False,1.4114710488285094,0.002715046581456701
spec_e13/dermlip224_spec/bootstrap_vs_erm.csv,trapA|mte|test_rev|all|mte|erm,-0.1455482493072247,-0.1666120473338915,-0.1240987281005912,-0.1587508868742609,-0.1983028376182972,-0.119225488243736,True,True,False,1.8600605833811394,-0.013202637567036185
spec_e13/dermlip224_spec/bootstrap_vs_erm.csv,trapA|mte|clean|all|mte|erm,-0.1011843152866242,-0.1136910139086434,-0.0884941703876021,-0.1091851464246404,-0.1332473231872588,-0.0859063661208243,True,True,False,1.8788447460453188,-0.00800083113801621
spec_e13/dermlip224_spec/bootstrap_vs_erm.csv,trapA|mte_balanced|test_rev|all|mte_balanced|erm,-0.0393465713367117,-0.061212549123551,-0.0175166514742923,-0.0456937327552227,-0.0919678041869672,-2.69151768865603e-05,True,True,False,2.104108027441803,-0.006347161418511001
spec_e13/dermlip224_spec/bootstrap_vs_erm.csv,trapA|mte_balanced|clean|all|mte_balanced|erm,-0.0909353286045165,-0.1068699988436,-0.07502401549821,-0.0942941303837895,-0.1220887063934314,-0.0666197208713934,True,True,False,1.7417890639595417,-0.003358801779273002
spec_e13/dermlip224_spec/bootstrap_vs_erm.csv,trapA|i2e|test_rev|all|i2e|erm,-0.0216268352802486,-0.0391401910226096,-0.0024463602664792,-0.0034241229798975,-0.0346896670296118,0.0295642694700061,True,False,True,1.7510828162546934,0.0182027123003511
spec_e13/dermlip224_spec/bootstrap_vs_erm.csv,trapA|i2e|clean|all|i2e|erm,-0.0349110632599884,-0.0459074608689023,-0.0237957252123789,-0.0295853557315818,-0.0486849471819281,-0.0106426336005206,True,True,False,1.72045804871877,0.005325707528406599
spec_e13/dermlip224_spec/bootstrap_vs_erm.csv,trapA|i2e_balanced|test_rev|all|i2e_balanced|erm,0.0635672948849457,0.0339710197471175,0.0920041473000477,0.0896247536460386,0.0517101423603216,0.1291919617597673,True,True,False,1.3351308582977361,0.026057458761092903
spec_e13/dermlip224_spec/bootstrap_vs_erm.csv,trapA|i2e_balanced|clean|all|i2e_balanced|erm,-0.0314608063115229,-0.0484936688993077,-0.0157933267314267,-0.0160570902726403,-0.0420077034441159,0.0094005333735442,True,False,True,1.5721008836462391,0.0154037160388826
spec_e13/dermlip224_spec/bootstrap_vs_erm.csv,trapA|i2e_rank1|test_rev|all|i2e_rank1|erm,0.0015696526172359,-0.0030477547522983,0.0051394046792047,-0.0003504138746551,-0.0062155666035455,0.0038007051152012,False,False,False,1.2234123205425245,-0.001920066491891
spec_e13/dermlip224_spec/bootstrap_vs_erm.csv,trapA|i2e_rank1|clean|all|i2e_rank1|erm,0.0001298313549507,-0.0028635583684357,0.0022341422907798,-0.0013780877284783,-0.0066504426264611,0.0024980710050297,False,False,False,1.7946353156206494,-0.0015079190834290002
spec_e13/dermlip224_spec/bootstrap_vs_erm.csv,trapA|insert_aug|test_rev|all|insert_aug|erm,0.0002522314252032,-0.0053612140983183,0.0057076623777826,0.0004083563263697,-0.0099892703704629,0.0096021135073463,False,False,False,1.7699523452185473,0.00015612490116649998
spec_e13/dermlip224_spec/bootstrap_vs_erm.csv,trapA|insert_aug|clean|all|insert_aug|erm,0.0006174905906195,-0.0027222785561079,0.0040466612384911,-0.0025094278342144,-0.0098040238624694,0.0047086650910353,False,False,False,2.144012119162961,-0.0031269184248339
spec_e13/dermlip224_spec/bootstrap_vs_erm.csv,trapA|mask|test_rev|HAM|mask|erm,-0.0098055902625899,-0.0531776359199965,0.0326194562961479,-0.0305752456581116,-0.100795757163589,0.0387831502111079,False,False,False,1.6268489265704091,-0.0207696553955217
spec_e13/dermlip224_spec/bootstrap_vs_erm.csv,trapA|mask|test_rev|BCN|mask|erm,-0.1070714858688107,-0.1310741151306959,-0.0827106133674071,-0.1251426684826871,-0.1724460024680801,-0.076717168177187,True,True,False,1.9793611049801572,-0.0180711826138764
spec_e13/dermlip224_spec/bootstrap_vs_erm.csv,trapB|prevcal|test_rev|all|prevcal|erm,0.2184200466471174,0.1956982813911824,0.2414898488064014,0.2198039792543524,0.1890238771270288,0.2526663871116007,True,True,False,1.3898303459999073,0.0013839326072350167
spec_e13/dermlip224_spec/bootstrap_vs_erm.csv,trapB|prevcal|clean|all|prevcal|erm,-0.1219066661841344,-0.1422972330355043,-0.1017320357325411,-0.1219091138738023,-0.1535441516508418,-0.0908742377608348,True,True,False,1.5449182564540147,-2.447689667894881e-06
spec_e13/dermlip224_spec/bootstrap_vs_erm.csv,trapB|mask|test_rev|all|mask|erm,-0.0874338278702009,-0.114875722562423,-0.0595926516821598,-0.0903159298292232,-0.1347888415973912,-0.0460508850367967,True,True,False,1.6051560658196933,-0.00288210195902229
spec_e13/dermlip224_spec/bootstrap_vs_erm.csv,trapB|mask|clean|all|mask|erm,-0.0812377859004053,-0.0984024087152063,-0.0636884339986306,-0.0632697894299994,-0.0936695643054989,-0.0326702775708012,True,True,False,1.7571968416964634,0.017967996470405895
spec_e13/dermlip224_spec/bootstrap_vs_erm.csv,trapB|inpaint|test_rev|all|inpaint|erm,0.0448997861200631,0.0262087169342613,0.0592289695912231,0.0400630151416654,0.0150379208413911,0.0641073114169906,True,True,False,1.486039222212129,-0.0048367709783977
spec_e13/dermlip224_spec/bootstrap_vs_erm.csv,trapB|inpaint|clean|all|inpaint|erm,0.0240558953387376,0.01095743286502,0.0373807888049916,0.0265711553382291,0.0145285513756578,0.0389254572687953,True,True,False,0.9233083772009213,0.002515259999491499
spec_e13/dermlip224_spec/bootstrap_vs_erm.csv,trapB|balanced|test_rev|all|balanced|erm,0.1193021804140174,0.1040621913413874,0.1348697380545512,0.1098985494180115,0.0889112014214411,0.1319387459177601,True,True,False,1.3966559848770326,-0.009403630996005899
spec_e13/dermlip224_spec/bootstrap_vs_erm.csv,trapB|balanced|clean|all|balanced|erm,0.0395062789519397,0.0234817962000051,0.057072129073926,0.0489331661283628,0.0346677495284049,0.06332016796423,True,True,False,0.8529959659337123,0.0094268871764231
spec_e13/dermlip224_spec/bootstrap_vs_erm.csv,trapB|dfr|test_rev|all|dfr|erm,0.0786705571523967,0.0457878671131939,0.1116111043987245,0.0769736124094276,0.0313623589410563,0.128258781678379,True,True,False,1.4720701492848434,-0.0016969447429690948
spec_e13/dermlip224_spec/bootstrap_vs_erm.csv,trapB|dfr|clean|all|dfr|erm,-0.0144266611175448,-0.0357388365551849,0.0086105380402789,-0.0137393767705382,-0.0455655881491671,0.0159507645182917,False,False,False,1.387085009170589,0.0006872843470066003
spec_e13/dermlip224_spec/bootstrap_vs_erm.csv,trapB|leace_paired|test_rev|all|leace_paired|erm,0.0497706355427808,0.0336506645332327,0.0640240945495446,0.0375008897092667,0.020373382583947,0.054531314685374,True,True,False,1.1245991013554495,-0.012269745833514097
spec_e13/dermlip224_spec/bootstrap_vs_erm.csv,trapB|leace_paired|clean|all|leace_paired|erm,0.0215900043427909,0.0100801898251915,0.0323107241405806,0.0204615578932173,0.0091803498091957,0.0324804630683039,True,True,False,1.0481130560581569,-0.0011284464495735988
spec_e13/dermlip224_spec/bootstrap_vs_erm.csv,trapB|leace_unpaired|test_rev|all|leace_unpaired|erm,0.1445864665292416,0.1191655462380274,0.1705546200439238,0.1404630284279905,0.1071753794442601,0.1759771762841757,True,True,False,1.3388409586790657,-0.004123438101251098
spec_e13/dermlip224_spec/bootstrap_vs_erm.csv,trapB|leace_unpaired|clean|all|leace_unpaired|erm,-0.0307510314128546,-0.0484939143758281,-0.0125178530204127,-0.0194723119395175,-0.0463076327987122,0.0067236560099058,True,False,True,1.4740715578815111,0.011278719473337098
spec_e13/dermlip224_spec/bootstrap_vs_erm.csv,trapB|mte|test_rev|all|mte|erm,-0.1200998751560548,-0.1505662188651345,-0.0902612624644191,-0.1222852004574291,-0.1702636699032971,-0.0732852582811356,True,True,False,1.6081333510592015,-0.0021853253013743024
spec_e13/dermlip224_spec/bootstrap_vs_erm.csv,trapB|mte|clean|all|mte|erm,-0.1076672879270411,-0.1298734650670646,-0.0857939284210993,-0.1025716786055827,-0.1348331033665963,-0.0701518624289081,True,True,False,1.4673756999124132,0.0050956093214584025
spec_e13/dermlip224_spec/bootstrap_vs_erm.csv,trapB|mte_balanced|test_rev|all|mte_balanced|erm,0.009262162606819,-0.0226448990500512,0.0387214958869582,0.0211383058986537,-0.0240573518903384,0.0659005932982406,False,False,False,1.4659154294613184,0.0118761432918347
spec_e13/dermlip224_spec/bootstrap_vs_erm.csv,trapB|mte_balanced|clean|all|mte_balanced|erm,-0.0938020230167921,-0.1166928247870909,-0.0717649768446895,-0.0795262626080366,-0.1107253490475933,-0.0485578279424321,True,True,False,1.3837190952226661,0.0142757604087555
spec_e13/dermlip224_spec/bootstrap_vs_erm.csv,trapB|i2e|test_rev|all|i2e|erm,-0.0676148515905505,-0.0918046039315573,-0.0425289294225624,-0.07620561537038,-0.1159570799729835,-0.0365586945997744,True,True,False,1.6113099650967848,-0.008590763779829494
spec_e13/dermlip224_spec/bootstrap_vs_erm.csv,trapB|i2e|clean|all|i2e|erm,-0.0451021460625361,-0.0640370579068262,-0.025356237391524,-0.0380879991339023,-0.0613172893035633,-0.0143339461424625,True,True,False,1.2146418440765518,0.007014146928633794
spec_e13/dermlip224_spec/bootstrap_vs_erm.csv,trapB|i2e_balanced|test_rev|all|i2e_balanced|erm,0.0432218931761654,0.0182194612561901,0.0695268889323535,0.0157362284868299,-0.0345283978690028,0.063178428264842,True,False,True,1.904340766224728,-0.0274856646893355
spec_e13/dermlip224_spec/bootstrap_vs_erm.csv,trapB|i2e_balanced|clean|all|i2e_balanced|erm,-0.0283267588303416,-0.0528651032707265,-0.0029029727495729,-0.0215545551325309,-0.0561477073544638,0.0105356257184566,True,False,True,1.3346775323099396,0.0067722036978107025
spec_e13/dermlip224_spec/bootstrap_vs_erm.csv,trapB|i2e_rank1|test_rev|all|i2e_rank1|erm,0.0034119172739502,-0.0146237329243065,0.0146508106450883,-0.0028121930503029,-0.0187737084485934,0.0094115640561495,False,False,False,0.9627911853836489,-0.0062241103242531
spec_e13/dermlip224_spec/bootstrap_vs_erm.csv,trapB|i2e_rank1|clean|all|i2e_rank1|erm,-0.0001293789808917,-0.0096563943001012,0.0063970622163972,0.0019324804676926,-0.0054126845861163,0.0088581366724451,False,False,False,0.8889562969753613,0.0020618594485843
spec_e13/dermlip224_spec/bootstrap_vs_erm.csv,trapB|insert_aug|test_rev|all|insert_aug|erm,0.0137725130408695,-0.0053200628270583,0.0290979198483315,-0.0003262267311369,-0.02161396041656,0.0208051278107334,False,False,False,1.2324687541209294,-0.0140987397720064
spec_e13/dermlip224_spec/bootstrap_vs_erm.csv,trapB|insert_aug|clean|all|insert_aug|erm,0.006702826433121,-0.0053424574345904,0.0185013069759121,0.0059363779072914,-0.0031142169374548,0.0152431342121869,False,False,False,0.7699015488324406,-0.0007664485258296007
spec_e13/dermlip224_spec/bootstrap_vs_erm.csv,trapB|mask|test_rev|HAM|mask|erm,-0.0136492612388002,-0.0727829963550535,0.0434797879215,-0.0218607963534236,-0.1206677874215971,0.0723630445010677,False,False,False,1.6602976878955835,-0.008211535114623402
spec_e13/dermlip224_spec/bootstrap_vs_erm.csv,trapB|mask|test_rev|BCN|mask|erm,-0.1291860285241321,-0.1603427819756493,-0.0972284931052697,-0.1296226739865954,-0.182990573897537,-0.0763965163276917,True,True,False,1.6889053093628588,-0.00043664546246330316
spec_e13/dermlip224_spec/SUMMARY.json,crossover_B_minus_A_mask,-0.0024371960591869747,-0.0326792362935461,0.02773963881574501,0.013970234932306114,-0.03742017190227238,0.06346403703323954,False,False,False,1.6697465610378126,0.01640743099149309
spec_e13/dino518_e12_contrast/E12.json,mask,-0.08340390863588024,-0.09682972926304925,-0.07163587044975506,-0.10286094915421495,-0.12101641831300938,-0.08461731560022015,True,True,False,1.4447609229905782,-0.019457040518334717
spec_e13/dino518_e12_contrast/E12.json,balanced,0.16889060177641613,0.15696876110166774,0.18160742290537935,0.1600087168902083,0.1442389630616317,0.1768381243138298,True,True,False,1.3230897648543285,-0.008881884886207836
spec_e13/dino518_e12_contrast/E12.json,dfr,0.21411489789347363,0.1937243634528899,0.23462435668015807,0.17851516821131058,0.14805101526260292,0.21132473726993428,True,True,False,1.5470350240827557,-0.035599729682163045
spec_e13/dermlip224_spec_universal/bootstrap_vs_erm.csv,trapA|mask|test_rev|all|mask|erm,-0.0849966318110139,-0.1067586719977878,-0.0625092895773143,-0.1042861647615293,-0.1432243051771214,-0.0666477831956257,True,True,False,1.7305670224691079,-0.0192895329505154
spec_e13/dermlip224_spec_universal/bootstrap_vs_erm.csv,trapA|mask|clean|all|mask|erm,-0.0598413976548928,-0.0735195662732916,-0.0449844306535936,-0.0657025315313689,-0.0887165581294861,-0.0427429604465739,True,True,False,1.611122452530988,-0.0058611338764761045
spec_e13/dermlip224_spec_universal/bootstrap_vs_erm.csv,trapA|balanced|test_rev|all|balanced|erm,0.1433332823001669,0.1299339129102238,0.1568344548679468,0.145629483642097,0.1220592723866388,0.1703004889411064,True,True,False,1.7933176450602242,0.002296201341930093
spec_e13/dermlip224_spec_universal/bootstrap_vs_erm.csv,trapA|balanced|clean|all|balanced|erm,0.0343641430225824,0.0242110286406078,0.0445607325342237,0.0345929340863571,0.0201152793532806,0.0496538611297138,True,True,False,1.451548481042028,0.00022879106377469982
spec_e13/dermlip224_spec_universal/bootstrap_vs_erm.csv,trapA|dfr|test_rev|all|dfr|erm,0.1100567233645146,0.0778313707880923,0.1384918544984784,0.1163579030350808,0.0896562064280458,0.1445037398275297,True,True,False,0.9041723712811919,0.006301179670566204
spec_e13/dermlip224_spec_universal/bootstrap_vs_erm.csv,trapA|dfr|clean|all|dfr|erm,0.0016366893456861,-0.0152882862722829,0.0174305363929949,0.0004005701809783,-0.0225542026624324,0.0208144233805945,False,False,False,1.3254947003044515,-0.0012361191647077998
spec_e13/dermlip224_spec_universal/bootstrap_vs_erm.csv,trapA|mte|test_rev|all|mte|erm,-0.1612095625947303,-0.1813344749896102,-0.1404343451395115,-0.1652940480882932,-0.2021706263211565,-0.1284173470763955,True,True,False,1.8032529362393468,-0.004084485493562912
spec_e13/dermlip224_spec_universal/bootstrap_vs_erm.csv,trapA|mte|clean|all|mte|erm,-0.1081196619861031,-0.1234818957200946,-0.0932500781859528,-0.1058804424315692,-0.1288564649447868,-0.0833377251891865,True,True,False,1.5056567374486984,0.0022392195545338917
spec_e13/dermlip224_spec_universal/bootstrap_vs_erm.csv,trapA|mte_balanced|test_rev|all|mte_balanced|erm,-0.0218534225393082,-0.0439359832774469,0.0002699335118472,-0.0311734331888056,-0.0718794800580049,0.0087678439496712,False,False,False,1.82435587507615,-0.0093200106494974
spec_e13/dermlip224_spec_universal/bootstrap_vs_erm.csv,trapA|mte_balanced|clean|all|mte_balanced|erm,-0.0790781521424436,-0.0945201284561321,-0.064156127357957,-0.0854364771476516,-0.1124042056850452,-0.0588099652435682,True,True,False,1.7650585727550268,-0.006358325005207999
spec_e13/dermlip224_spec_universal/bootstrap_vs_erm.csv,trapA|mask|test_rev|HAM|mask|erm,-0.0098055902625899,-0.0531776359199965,0.0326194562961479,-0.0305752456581116,-0.100795757163589,0.0387831502111079,False,False,False,1.6268489265704091,-0.0207696553955217
spec_e13/dermlip224_spec_universal/bootstrap_vs_erm.csv,trapA|mask|test_rev|BCN|mask|erm,-0.1070714858688107,-0.1310741151306959,-0.0827106133674071,-0.1251426684826871,-0.1724460024680801,-0.076717168177187,True,True,False,1.9793611049801572,-0.0180711826138764
spec_e13/dermlip224_spec_universal/bootstrap_vs_erm.csv,trapB|mask|test_rev|all|mask|erm,-0.0874338278702009,-0.114875722562423,-0.0595926516821598,-0.0903159298292232,-0.1347888415973912,-0.0460508850367967,True,True,False,1.6051560658196933,-0.00288210195902229
spec_e13/dermlip224_spec_universal/bootstrap_vs_erm.csv,trapB|mask|clean|all|mask|erm,-0.0812377859004053,-0.0984024087152063,-0.0636884339986306,-0.0632697894299994,-0.0936695643054989,-0.0326702775708012,True,True,False,1.7571968416964634,0.017967996470405895
spec_e13/dermlip224_spec_universal/bootstrap_vs_erm.csv,trapB|balanced|test_rev|all|balanced|erm,0.1193021804140174,0.1040621913413874,0.1348697380545512,0.1098985494180115,0.0889112014214411,0.1319387459177601,True,True,False,1.3966559848770326,-0.009403630996005899
spec_e13/dermlip224_spec_universal/bootstrap_vs_erm.csv,trapB|balanced|clean|all|balanced|erm,0.0395062789519397,0.0234817962000051,0.057072129073926,0.0489331661283628,0.0346677495284049,0.06332016796423,True,True,False,0.8529959659337123,0.0094268871764231
spec_e13/dermlip224_spec_universal/bootstrap_vs_erm.csv,trapB|dfr|test_rev|all|dfr|erm,0.0786705571523967,0.0457878671131939,0.1116111043987245,0.0769736124094276,0.0313623589410563,0.128258781678379,True,True,False,1.4720701492848434,-0.0016969447429690948
spec_e13/dermlip224_spec_universal/bootstrap_vs_erm.csv,trapB|dfr|clean|all|dfr|erm,-0.0144266611175448,-0.0357388365551849,0.0086105380402789,-0.0137393767705382,-0.0455655881491671,0.0159507645182917,False,False,False,1.387085009170589,0.0006872843470066003
spec_e13/dermlip224_spec_universal/bootstrap_vs_erm.csv,trapB|mte|test_rev|all|mte|erm,-0.1297493927164687,-0.1586150227735758,-0.09935914749202,-0.1462271581974253,-0.1948968969873603,-0.0974301956712191,True,True,False,1.644844512936914,-0.016477765480956585
spec_e13/dermlip224_spec_universal/bootstrap_vs_erm.csv,trapB|mte|clean|all|mte|erm,-0.1122625036189924,-0.1325159298851713,-0.0913161726483355,-0.1064100250807456,-0.1370586711498868,-0.0754556858089429,True,True,False,1.4952269011397479,0.0058524785382468025
spec_e13/dermlip224_spec_universal/bootstrap_vs_erm.csv,trapB|mte_balanced|test_rev|all|mte_balanced|erm,0.0228372480136264,-0.0102603322788026,0.0547904866965711,0.0117035915783679,-0.0330561375600858,0.0576758563501926,False,False,False,1.3947863430378462,-0.0111336564352585
spec_e13/dermlip224_spec_universal/bootstrap_vs_erm.csv,trapB|mte_balanced|clean|all|mte_balanced|erm,-0.0767764729299363,-0.0976973507351973,-0.0566181693583184,-0.0752210353476119,-0.1048867554795711,-0.0461988678134242,True,True,False,1.4286528041471376,0.0015554375823244038
spec_e13/dermlip224_spec_universal/bootstrap_vs_erm.csv,trapB|mask|test_rev|HAM|mask|erm,-0.0136492612388002,-0.0727829963550535,0.0434797879215,-0.0218607963534236,-0.1206677874215971,0.0723630445010677,False,False,False,1.6602976878955835,-0.008211535114623402
spec_e13/dermlip224_spec_universal/bootstrap_vs_erm.csv,trapB|mask|test_rev|BCN|mask|erm,-0.1291860285241321,-0.1603427819756493,-0.0972284931052697,-0.1296226739865954,-0.182990573897537,-0.0763965163276917,True,True,False,1.6889053093628588,-0.00043664546246330316
spec_e13/dermlip224_spec_universal/SUMMARY.json,crossover_B_minus_A_mask,-0.0024371960591869747,-0.0326792362935461,0.02773963881574501,0.013970234932306114,-0.03742017190227238,0.06346403703323954,False,False,False,1.6697465610378126,0.01640743099149309
spec_e13/dino518_spec_ablation/bootstrap_vs_erm.csv,trapA|mask|test_rev|all|mask|erm,-0.0374492857908355,-0.0574283911716787,-0.0185857293022101,-0.0494461962948364,-0.082923389212467,-0.0179506336270934,True,True,False,1.6727163499688977,-0.011996910504000903
spec_e13/dino518_spec_ablation/bootstrap_vs_erm.csv,trapA|mask|clean|all|mask|erm,-0.0105683627678054,-0.0225867333575685,0.0017724344122363,-0.0227517547500045,-0.045202545396657,-0.0007047762976692,False,True,True,1.8267360165787956,-0.012183391982199098
spec_e13/dino518_spec_ablation/bootstrap_vs_erm.csv,trapA|mte|test_rev|all|mte|erm,0.0149738965353582,-0.003627572687847,0.0329092682401466,-0.0092723689396925,-0.0431659897363754,0.0236880977683149,False,False,False,1.8297719727998814,-0.0242462654750507
spec_e13/dino518_spec_ablation/bootstrap_vs_erm.csv,trapA|mte|clean|all|mte|erm,0.0122027902431963,0.001333542093949,0.0232765698613326,-0.0035870879269591,-0.0236691041466103,0.0162585157480157,True,False,True,1.8196039451754662,-0.0157898781701554
spec_e13/dino518_spec_ablation/bootstrap_vs_erm.csv,trapA|mte_aug|test_rev|all|mte_aug|erm,-0.0303029839092426,-0.0475819269161287,-0.0135635781709541,-0.0441150965707528,-0.0784692398776725,-0.0115757154945752,True,True,False,1.9663953969131422,-0.013812112661510199
spec_e13/dino518_spec_ablation/bootstrap_vs_erm.csv,trapA|mte_aug|clean|all|mte_aug|erm,-0.0048236645917775,-0.0170093338344427,0.0072858500621685,-0.0235267317442847,-0.0489619951120061,0.0013121143747963,False,False,False,2.069303517139249,-0.018703067152507198
spec_e13/dino518_spec_ablation/bootstrap_vs_erm.csv,trapA|insert_aug|test_rev|all|insert_aug|erm,0.0096965567922592,0.0005663045614111,0.0229932647878023,0.0077075285770595,0.001308193701042,0.0139473658439086,True,True,False,0.5635704533864246,-0.0019890282151996995
spec_e13/dino518_spec_ablation/bootstrap_vs_erm.csv,trapA|insert_aug|clean|all|insert_aug|erm,0.0077016683555298,-0.0015312645775076,0.0221642977481683,0.0068981072156763,0.0012605733584745,0.0155673720971812,False,True,True,0.603775447152154,-0.0008035611398534998
spec_e13/dino518_spec_ablation/bootstrap_vs_erm.csv,trapA|mask|test_rev|HAM|mask|erm,-0.0087891596615174,-0.0364843988474356,0.0174834713203853,-0.0111578089289888,-0.0637389277261406,0.0429927201974121,False,False,False,1.9776887172248083,-0.0023686492674714014
spec_e13/dino518_spec_ablation/bootstrap_vs_erm.csv,trapA|mask|test_rev|BCN|mask|erm,-0.0507732713883304,-0.0751681960915714,-0.0273778143431939,-0.0667036836303835,-0.1099724476307689,-0.025224042302994,True,True,False,1.77333601924308,-0.015930412242053098
spec_e13/dino518_spec_ablation/bootstrap_vs_erm.csv,trapB|mask|test_rev|all|mask|erm,0.1073735350192105,0.0780826048235152,0.135390870102371,0.098004204172855,0.0600830855269595,0.1358267787788081,True,True,False,1.3216888154490112,-0.009369330846355495
spec_e13/dino518_spec_ablation/bootstrap_vs_erm.csv,trapB|mask|clean|all|mask|erm,-0.0002673530689056,-0.0174103721266945,0.0160439604133219,-0.0141119792136554,-0.042104510435216,0.0131539417924535,False,False,False,1.6517577255971887,-0.013844626144749801
spec_e13/dino518_spec_ablation/bootstrap_vs_erm.csv,trapB|mte|test_rev|all|mte|erm,0.1323834547900395,0.104578549697024,0.1598590677382823,0.1211712844554742,0.0826390918388188,0.1595679483673306,True,True,False,1.3916088208706074,-0.011212170334565286
spec_e13/dino518_spec_ablation/bootstrap_vs_erm.csv,trapB|mte|clean|all|mte|erm,0.004526907209033,-0.0130129202197959,0.0215829071787239,-0.001613558037567,-0.0286026977210578,0.025487845591984,False,False,False,1.563499051199339,-0.0061404652466
spec_e13/dino518_spec_ablation/bootstrap_vs_erm.csv,trapB|mte_aug|test_rev|all|mte_aug|erm,0.1174583127679547,0.0837850473380359,0.1495129867269736,0.1073978732389687,0.069659750801068,0.1446483495240625,True,True,False,1.1408938028508377,-0.010060439528985998
spec_e13/dino518_spec_ablation/bootstrap_vs_erm.csv,trapB|mte_aug|clean|all|mte_aug|erm,-0.0001239504921829,-0.0176732029463218,0.0174123566298269,-0.0084408437234983,-0.0356848587759512,0.0186033926489611,False,False,False,1.5473104057835139,-0.0083168932313154
spec_e13/dino518_spec_ablation/bootstrap_vs_erm.csv,trapB|insert_aug|test_rev|all|insert_aug|erm,0.0082024407475151,0.0029304750122114,0.0124495551849668,0.0122307739758853,0.0060943358064,0.0184552893905656,True,True,False,1.2985449602099097,0.0040283332283702
spec_e13/dino518_spec_ablation/bootstrap_vs_erm.csv,trapB|insert_aug|clean|all|insert_aug|erm,0.0034868992472496,-0.001443748256522,0.0073546768582747,0.0065521192327817,0.0028942555438902,0.0103791023578896,False,True,True,0.8507030197269966,0.0030652199855320996
spec_e13/dino518_spec_ablation/bootstrap_vs_erm.csv,trapB|mask|test_rev|HAM|mask|erm,0.1714291841763934,0.1332573382540247,0.212274635718897,0.1803849494083777,0.1092149049480929,0.2493060760231022,True,True,False,1.7729177733177703,0.008955765231984297
spec_e13/dino518_spec_ablation/bootstrap_vs_erm.csv,trapB|mask|test_rev|BCN|mask|erm,0.0651400693315105,0.026023941699285,0.1025427422450048,0.0488089305587126,0.0016664417976401,0.0967706744961622,True,True,False,1.2428871338841432,-0.016331138772797897
spec_e13/dino518_spec_ablation/SUMMARY.json,crossover_B_minus_A_mask,0.14482282081004594,0.10482019195794733,0.1805600498802621,0.1474504004676915,0.11123907449178308,0.18534451683358955,True,True,False,0.978420667461712,0.002627579657645568
spec_e13/dino518_spec_splice_v2/bootstrap_vs_erm.csv,trapA|mask|test_rev|all|mask|erm,-0.0374492857908355,-0.0574283911716787,-0.0185857293022101,-0.0494461962948364,-0.082923389212467,-0.0179506336270934,True,True,False,1.6727163499688977,-0.011996910504000903
spec_e13/dino518_spec_splice_v2/bootstrap_vs_erm.csv,trapA|mask|clean|all|mask|erm,-0.0105683627678054,-0.0225867333575685,0.0017724344122363,-0.0227517547500045,-0.045202545396657,-0.0007047762976692,False,True,True,1.8267360165787956,-0.012183391982199098
spec_e13/dino518_spec_splice_v2/bootstrap_vs_erm.csv,trapA|splice|test_rev|all|splice|erm,0.1471634490255216,0.1158062836054547,0.1784320882318807,0.1276685061095782,0.0811110417775928,0.1754924463725109,True,True,False,1.5070689336116299,-0.019494942915943392
spec_e13/dino518_spec_splice_v2/bootstrap_vs_erm.csv,trapA|splice|clean|all|splice|erm,-0.1166455558772437,-0.1391433596064381,-0.0944972364830188,-0.1344869273380127,-0.1680584342049081,-0.1006355890116911,True,True,False,1.5101612520046583,-0.017841371460769
spec_e13/dino518_spec_splice_v2/bootstrap_vs_erm.csv,trapA|mask_splice|test_rev|all|mask_splice|erm,0.1360664145628243,0.1042575421165778,0.1682073006545688,0.1116105636578636,0.0621965068551459,0.1608021820878254,True,True,False,1.5419241211692813,-0.024455850904960705
spec_e13/dino518_spec_splice_v2/bootstrap_vs_erm.csv,trapA|mask_splice|clean|all|mask_splice|erm,-0.1304551787782281,-0.1516988048134866,-0.1099334450268242,-0.135865015066491,-0.1716169248718116,-0.1009758052288813,True,True,False,1.6913806083262628,-0.005409836288262915
spec_e13/dino518_spec_splice_v2/bootstrap_vs_erm.csv,trapA|balanced|test_rev|all|balanced|erm,0.2248779031492566,0.1991344347366914,0.2480795945237484,0.2126444619629484,0.183302607943414,0.2427066661594011,True,True,False,1.2136860615928737,-0.012233441186308203
spec_e13/dino518_spec_splice_v2/bootstrap_vs_erm.csv,trapA|balanced|clean|all|balanced|erm,0.0525301281123335,0.0357335556491921,0.0685806292711908,0.05043665758467,0.0253635727841871,0.0754688094373474,True,True,False,1.5254094544240704,-0.0020934705276634963
spec_e13/dino518_spec_splice_v2/bootstrap_vs_erm.csv,trapA|mte_balanced|test_rev|all|mte_balanced|erm,0.212234180994228,0.1892129780144801,0.2371040588085327,0.1849755616870319,0.1449601757076931,0.224078272397509,True,True,False,1.6520424132846308,-0.027258619307196114
spec_e13/dino518_spec_splice_v2/bootstrap_vs_erm.csv,trapA|mte_balanced|clean|all|mte_balanced|erm,0.0564603539374638,0.0394600729014678,0.0738045123082545,0.0440203172082784,0.0198124472558559,0.0674933323735778,True,True,False,1.388314555173663,-0.012440036729185401
spec_e13/dino518_spec_splice_v2/bootstrap_vs_erm.csv,trapA|mte_protect|test_rev|all|mte_protect|erm,0.0033590030160601,-0.0160365771042518,0.022091766309738,-0.0079416633819471,-0.0458889649215505,0.0277868579974026,False,False,False,1.9323111449924795,-0.011300666398007201
spec_e13/dino518_spec_splice_v2/bootstrap_vs_erm.csv,trapA|mte_protect|clean|all|mte_protect|erm,-0.0076681926751592,-0.021662668224324,0.0063307125496248,-0.0160570902726403,-0.0416979831643394,0.0093550553850242,False,False,False,1.8237539424632332,-0.008388897597481099
spec_e13/dino518_spec_splice_v2/bootstrap_vs_erm.csv,trapA|mask|test_rev|HAM|mask|erm,-0.0087891596615174,-0.0364843988474356,0.0174834713203853,-0.0111578089289888,-0.0637389277261406,0.0429927201974121,False,False,False,1.9776887172248083,-0.0023686492674714014
spec_e13/dino518_spec_splice_v2/bootstrap_vs_erm.csv,trapA|mask|test_rev|BCN|mask|erm,-0.0507732713883304,-0.0751681960915714,-0.0273778143431939,-0.0667036836303835,-0.1099724476307689,-0.025224042302994,True,True,False,1.77333601924308,-0.015930412242053098
spec_e13/dino518_spec_splice_v2/bootstrap_vs_erm.csv,trapB|mask|test_rev|all|mask|erm,0.1073735350192105,0.0780826048235152,0.135390870102371,0.098004204172855,0.0600830855269595,0.1358267787788081,True,True,False,1.3216888154490112,-0.009369330846355495
spec_e13/dino518_spec_splice_v2/bootstrap_vs_erm.csv,trapB|mask|clean|all|mask|erm,-0.0002673530689056,-0.0174103721266945,0.0160439604133219,-0.0141119792136554,-0.042104510435216,0.0131539417924535,False,False,False,1.6517577255971887,-0.013844626144749801
spec_e13/dino518_spec_splice_v2/bootstrap_vs_erm.csv,trapB|splice|test_rev|all|splice|erm,0.0888339672308838,0.0432869229810139,0.1258685809155593,0.1174527742321216,0.0708175759359619,0.1644118639074643,True,True,False,1.1333544313882102,0.028618807001237798
spec_e13/dino518_spec_splice_v2/bootstrap_vs_erm.csv,trapB|splice|clean|all|splice|erm,-0.1225825130283729,-0.1566098149008029,-0.093363463087702,-0.1064817487955828,-0.1409068172403544,-0.0722516281282407,True,True,False,1.085520146916876,0.01610076423279011
spec_e13/dino518_spec_splice_v2/bootstrap_vs_erm.csv,trapB|mask_splice|test_rev|all|mask_splice|erm,0.0820769096768573,0.0515304538422369,0.1128146570798562,0.0894812639091215,0.0289132254020346,0.1513954279956552,True,True,False,1.9985933751755935,0.00740435423226421
spec_e13/dino518_spec_splice_v2/bootstrap_vs_erm.csv,trapB|mask_splice|clean|all|mask_splice|erm,-0.1374674290677475,-0.1628753906250243,-0.1121888620340074,-0.117393226394327,-0.1571879368248405,-0.0796256747055689,True,True,False,1.5302342510987792,0.0200742026734205
spec_e13/dino518_spec_splice_v2/bootstrap_vs_erm.csv,trapB|balanced|test_rev|all|balanced|erm,0.2087216560694481,0.1923022187371465,0.2255295953116839,0.2038594401712037,0.1661952795420581,0.2446016478906873,True,True,False,2.3596918093351107,-0.004862215898244399
spec_e13/dino518_spec_splice_v2/bootstrap_vs_erm.csv,trapB|balanced|clean|all|balanced|erm,0.0402925050665895,0.0239180338610615,0.0548475358350969,0.036805543025207,0.0104767279619997,0.0609308571904921,True,True,False,1.6312622579842209,-0.003486962041382498
spec_e13/dino518_spec_splice_v2/bootstrap_vs_erm.csv,trapB|mte_balanced|test_rev|all|mte_balanced|erm,0.2540141199469655,0.2270504154387309,0.282775197270829,0.2403875810821711,0.1970346840461059,0.2833461282023967,True,True,False,1.5488879690251993,-0.013626538864794396
spec_e13/dino518_spec_splice_v2/bootstrap_vs_erm.csv,trapB|mte_balanced|clean|all|mte_balanced|erm,0.0369684604806021,0.0175687835873021,0.055972931982224,0.0224594467801014,-0.0085170510924629,0.054169081840755,True,False,True,1.6322750419719436,-0.0145090137005007
spec_e13/dino518_spec_splice_v2/bootstrap_vs_erm.csv,trapB|mte_protect|test_rev|all|mte_protect|erm,0.1312378422320936,0.0997612370562953,0.1655635952634313,0.1236840606805445,0.0773920442986745,0.1695636571872213,True,True,False,1.400734189470905,-0.007553781551549094
spec_e13/dino518_spec_splice_v2/bootstrap_vs_erm.csv,trapB|mte_protect|clean|all|mte_protect|erm,-0.0158896388245512,-0.0356111765667481,0.0044758393420514,-0.0164946500424026,-0.0464817441923986,0.0129577507830502,False,False,False,1.482761777795519,-0.0006050112178513992
spec_e13/dino518_spec_splice_v2/bootstrap_vs_erm.csv,trapB|mask|test_rev|HAM|mask|erm,0.1714291841763934,0.1332573382540247,0.212274635718897,0.1803849494083777,0.1092149049480929,0.2493060760231022,True,True,False,1.7729177733177703,0.008955765231984297
spec_e13/dino518_spec_splice_v2/bootstrap_vs_erm.csv,trapB|mask|test_rev|BCN|mask|erm,0.0651400693315105,0.026023941699285,0.1025427422450048,0.0488089305587126,0.0016664417976401,0.0967706744961622,True,True,False,1.2428871338841432,-0.016331138772797897
spec_e13/dino518_spec_splice_v2/SUMMARY.json,crossover_B_minus_A_mask,0.14482282081004594,0.10482019195794733,0.1805600498802621,0.1474504004676915,0.11123907449178308,0.18534451683358955,True,True,False,0.978420667461712,0.002627579657645568
natural/thyroid_dino518_repro/natural_boot.json,hard | mask-erm,-0.095,-0.128,-0.061,-0.095,-0.165,-0.022,True,True,False,2.1343283582089554,0.0
natural/thyroid_dino518_repro/natural_boot.json,hard | mte-mask,0.03,0.012,0.047,0.03,0.0,0.061,True,False,True,1.7428571428571427,0.0
natural/thyroid_dino518_repro/natural_boot.json,hard | mte_protect-mask,-0.078,-0.094,-0.064,-0.078,-0.105,-0.054,True,True,False,1.7,0.0
natural/thyroid_dino518_repro/natural_boot.json,hard | balanced-mask,0.136,0.101,0.171,0.136,0.063,0.207,True,True,False,2.057142857142857,0.0
natural/thyroid_dino518_repro/natural_boot.json,hard | mte_balanced-mask,0.069,0.05,0.088,0.069,0.037,0.103,True,True,False,1.7368421052631584,0.0
natural/thyroid_dino518_repro/natural_boot.json,easy | mask-erm,0.042,0.015,0.072,0.042,-0.011,0.097,True,False,True,1.8947368421052633,0.0
natural/thyroid_dino518_repro/natural_boot.json,easy | mte-mask,-0.008,-0.023,0.005,-0.008,-0.029,0.013,False,False,False,1.5,0.0
natural/thyroid_dino518_repro/natural_boot.json,easy | mte_protect-mask,0.016,0.008,0.024,0.016,0.002,0.031,True,True,False,1.8124999999999998,0.0
natural/thyroid_dino518_repro/natural_boot.json,easy | balanced-mask,-0.109,-0.141,-0.079,-0.109,-0.17,-0.049,True,True,False,1.9516129032258072,0.0
natural/thyroid_dino518_repro/natural_boot.json,easy | mte_balanced-mask,-0.043,-0.054,-0.033,-0.043,-0.065,-0.022,True,True,False,2.047619047619048,0.0
natural/thyroid_dino518_repro/natural_boot.json,all | mask-erm,-0.004,-0.025,0.017,-0.004,-0.048,0.041,False,False,False,2.1190476190476186,0.0
natural/thyroid_dino518_repro/natural_boot.json,all | mte-mask,0.004,-0.005,0.013,0.004,-0.012,0.02,False,False,False,1.777777777777778,0.0
natural/thyroid_dino518_repro/natural_boot.json,all | mte_protect-mask,-0.021,-0.028,-0.014,-0.021,-0.035,-0.007,True,True,False,2.0000000000000004,0.0
natural/thyroid_dino518_repro/natural_boot.json,all | balanced-mask,-0.017,-0.04,0.006,-0.017,-0.065,0.03,False,False,False,2.0652173913043477,0.0
natural/thyroid_dino518_repro/natural_boot.json,all | mte_balanced-mask,-0.005,-0.014,0.005,-0.005,-0.022,0.013,False,False,False,1.8421052631578947,0.0
natural/isic_BCN_dino518_repro/natural_boot.json,hard | mask-erm,-0.025,-0.036,-0.013,-0.025,-0.043,-0.008,True,True,False,1.5217391304347825,0.0
natural/isic_BCN_dino518_repro/natural_boot.json,hard | mte-mask,0.005,-0.0,0.009,0.005,-0.002,0.011,False,False,False,1.4444444444444444,0.0
natural/isic_BCN_dino518_repro/natural_boot.json,hard | mte_protect-mask,-0.009,-0.014,-0.004,-0.009,-0.017,-0.002,True,True,False,1.5,0.0
natural/isic_BCN_dino518_repro/natural_boot.json,hard | balanced-mask,0.043,0.032,0.053,0.043,0.026,0.059,True,True,False,1.5714285714285716,0.0
natural/isic_BCN_dino518_repro/natural_boot.json,hard | mte_balanced-mask,0.037,0.031,0.045,0.037,0.029,0.047,True,True,False,1.2857142857142858,0.0
natural/isic_BCN_dino518_repro/natural_boot.json,easy | mask-erm,-0.022,-0.03,-0.014,-0.022,-0.035,-0.008,True,True,False,1.6875000000000002,0.0
natural/isic_BCN_dino518_repro/natural_boot.json,easy | mte-mask,0.006,0.003,0.009,0.006,0.001,0.01,True,True,False,1.5000000000000004,0.0
natural/isic_BCN_dino518_repro/natural_boot.json,easy | mte_protect-mask,-0.027,-0.03,-0.024,-0.027,-0.032,-0.021,True,True,False,1.8333333333333337,0.0
natural/isic_BCN_dino518_repro/natural_boot.json,easy | balanced-mask,0.004,-0.004,0.012,0.004,-0.01,0.018,False,False,False,1.7499999999999998,0.0
natural/isic_BCN_dino518_repro/natural_boot.json,easy | mte_balanced-mask,-0.011,-0.015,-0.007,-0.011,-0.018,-0.005,True,True,False,1.6249999999999998,0.0
natural/isic_BCN_dino518_repro/natural_boot.json,all | mask-erm,-0.025,-0.03,-0.021,-0.025,-0.035,-0.016,True,True,False,2.111111111111112,0.0
natural/isic_BCN_dino518_repro/natural_boot.json,all | mte-mask,0.007,0.005,0.009,0.007,0.003,0.01,True,True,False,1.7500000000000004,0.0
natural/isic_BCN_dino518_repro/natural_boot.json,all | mte_protect-mask,-0.019,-0.022,-0.016,-0.019,-0.024,-0.014,True,True,False,1.6666666666666672,0.0
natural/isic_BCN_dino518_repro/natural_boot.json,all | balanced-mask,0.022,0.017,0.026,0.022,0.012,0.031,True,True,False,2.1111111111111116,0.0
natural/isic_BCN_dino518_repro/natural_boot.json,all | mte_balanced-mask,0.01,0.008,0.013,0.01,0.006,0.015,True,True,False,1.8,0.0
natural/isic_HAM_dino518_repro/natural_boot.json,hard | mask-erm,0.05,0.041,0.059,0.05,0.03,0.07,True,True,False,2.222222222222223,0.0
natural/isic_HAM_dino518_repro/natural_boot.json,hard | mte-mask,0.02,0.016,0.024,0.02,0.013,0.027,True,True,False,1.75,0.0
natural/isic_HAM_dino518_repro/natural_boot.json,hard | mte_protect-mask,-0.042,-0.05,-0.035,-0.042,-0.054,-0.031,True,True,False,1.5333333333333334,0.0
natural/isic_HAM_dino518_repro/natural_boot.json,hard | balanced-mask,-0.018,-0.034,0.001,-0.018,-0.041,0.007,False,False,False,1.3714285714285712,0.0
natural/isic_HAM_dino518_repro/natural_boot.json,hard | mte_balanced-mask,0.06,0.055,0.065,0.06,0.05,0.07,True,True,False,2.0,0.0
natural/isic_HAM_dino518_repro/natural_boot.json,easy | mask-erm,0.004,-0.007,0.015,0.004,-0.019,0.027,False,False,False,2.090909090909091,0.0
natural/isic_HAM_dino518_repro/natural_boot.json,easy | mte-mask,0.007,0.004,0.01,0.007,0.001,0.013,True,True,False,2.0,0.0
natural/isic_HAM_dino518_repro/natural_boot.json,easy | mte_protect-mask,0.022,0.012,0.033,0.022,0.01,0.036,True,True,False,1.2380952380952377,0.0
natural/isic_HAM_dino518_repro/natural_boot.json,easy | balanced-mask,-0.029,-0.042,-0.015,-0.029,-0.054,-0.005,True,True,False,1.8148148148148147,0.0
natural/isic_HAM_dino518_repro/natural_boot.json,easy | mte_balanced-mask,-0.012,-0.024,0.0,-0.012,-0.026,0.002,False,False,False,1.1666666666666665,0.0
natural/isic_HAM_dino518_repro/natural_boot.json,all | mask-erm,0.031,0.024,0.037,0.031,0.017,0.045,True,True,False,2.153846153846154,0.0
natural/isic_HAM_dino518_repro/natural_boot.json,all | mte-mask,0.013,0.011,0.016,0.013,0.009,0.017,True,True,False,1.6,0.0
natural/isic_HAM_dino518_repro/natural_boot.json,all | mte_protect-mask,-0.006,-0.015,0.002,-0.006,-0.016,0.004,False,False,False,1.1764705882352942,0.0
natural/isic_HAM_dino518_repro/natural_boot.json,all | balanced-mask,-0.032,-0.043,-0.017,-0.032,-0.049,-0.013,True,True,False,1.384615384615385,0.0
natural/isic_HAM_dino518_repro/natural_boot.json,all | mte_balanced-mask,0.018,0.01,0.027,0.018,0.009,0.028,True,True,False,1.1176470588235294,0.0
natural/isic_MSK_dino518_repro/natural_boot.json,hard | mask-erm,-0.065,-0.092,-0.039,-0.065,-0.111,-0.019,True,True,False,1.7358490566037736,0.0
natural/isic_MSK_dino518_repro/natural_boot.json,hard | mte-mask,-0.013,-0.019,-0.007,-0.013,-0.025,-0.001,True,True,False,2.0,0.0
natural/isic_MSK_dino518_repro/natural_boot.json,hard | mte_protect-mask,0.036,0.026,0.046,0.036,0.017,0.055,True,True,False,1.9,0.0
natural/isic_MSK_dino518_repro/natural_boot.json,hard | balanced-mask,0.1,0.075,0.124,0.1,0.055,0.144,True,True,False,1.8163265306122447,0.0
natural/isic_MSK_dino518_repro/natural_boot.json,hard | mte_balanced-mask,0.038,0.029,0.048,0.038,0.023,0.054,True,True,False,1.631578947368421,0.0
natural/isic_MSK_dino518_repro/natural_boot.json,easy | mask-erm,0.1,0.079,0.123,0.1,0.056,0.147,True,True,False,2.0681818181818183,0.0
natural/isic_MSK_dino518_repro/natural_boot.json,easy | mte-mask,-0.001,-0.007,0.004,-0.001,-0.012,0.01,False,False,False,2.0,0.0
natural/isic_MSK_dino518_repro/natural_boot.json,easy | mte_protect-mask,-0.02,-0.027,-0.013,-0.02,-0.034,-0.006,True,True,False,2.0000000000000004,0.0
natural/isic_MSK_dino518_repro/natural_boot.json,easy | balanced-mask,-0.129,-0.153,-0.106,-0.129,-0.179,-0.081,True,True,False,2.085106382978723,0.0
natural/isic_MSK_dino518_repro/natural_boot.json,easy | mte_balanced-mask,-0.033,-0.04,-0.027,-0.033,-0.047,-0.02,True,True,False,2.0769230769230766,0.0
natural/isic_MSK_dino518_repro/natural_boot.json,all | mask-erm,0.016,0.004,0.027,0.016,-0.007,0.038,True,False,True,1.9565217391304348,0.0
natural/isic_MSK_dino518_repro/natural_boot.json,all | mte-mask,-0.008,-0.011,-0.005,-0.008,-0.014,-0.002,True,True,False,2.0000000000000004,0.0
natural/isic_MSK_dino518_repro/natural_boot.json,all | mte_protect-mask,-0.003,-0.008,0.002,-0.003,-0.012,0.006,False,False,False,1.8000000000000003,0.0
natural/isic_MSK_dino518_repro/natural_boot.json,all | balanced-mask,-0.018,-0.029,-0.007,-0.018,-0.041,0.005,True,False,True,2.090909090909091,0.0
natural/isic_MSK_dino518_repro/natural_boot.json,all | mte_balanced-mask,-0.016,-0.021,-0.011,-0.016,-0.024,-0.008,True,True,False,1.5999999999999996,0.0
natural/capsule_dino518_repro/natural_boot.json,hard | mask-erm,0.021,0.0,0.044,0.021,-0.003,0.048,False,False,False,1.1590909090909092,0.0
natural/capsule_dino518_repro/natural_boot.json,hard | mte-mask,-0.0,-0.01,0.009,-0.0,-0.014,0.012,False,False,False,1.3684210526315792,0.0
natural/capsule_dino518_repro/natural_boot.json,hard | mte_protect-mask,-0.026,-0.037,-0.015,-0.026,-0.042,-0.011,True,True,False,1.4090909090909094,0.0
natural/capsule_dino518_repro/natural_boot.json,hard | balanced-mask,-0.009,-0.031,0.011,-0.009,-0.035,0.015,False,False,False,1.1904761904761907,0.0
natural/capsule_dino518_repro/natural_boot.json,hard | mte_balanced-mask,0.014,0.003,0.025,0.014,0.001,0.029,True,True,False,1.2727272727272727,0.0
natural/capsule_dino518_repro/natural_boot.json,easy | mask-erm,0.071,0.042,0.104,0.071,0.04,0.108,True,True,False,1.0967741935483872,0.0
natural/capsule_dino518_repro/natural_boot.json,easy | mte-mask,-0.001,-0.009,0.006,-0.001,-0.01,0.007,False,False,False,1.1333333333333335,0.0
natural/capsule_dino518_repro/natural_boot.json,easy | mte_protect-mask,-0.022,-0.032,-0.015,-0.022,-0.034,-0.013,True,True,False,1.235294117647059,0.0
natural/capsule_dino518_repro/natural_boot.json,easy | balanced-mask,-0.079,-0.123,-0.046,-0.079,-0.126,-0.043,True,True,False,1.077922077922078,0.0
natural/capsule_dino518_repro/natural_boot.json,easy | mte_balanced-mask,-0.008,-0.016,0.0,-0.008,-0.018,0.002,False,False,False,1.2499999999999998,0.0
natural/capsule_dino518_repro/natural_boot.json,all | mask-erm,0.077,0.062,0.093,0.077,0.059,0.097,True,True,False,1.2258064516129035,0.0
natural/capsule_dino518_repro/natural_boot.json,all | mte-mask,-0.005,-0.01,0.0,-0.005,-0.011,0.001,False,False,False,1.2,0.0
natural/capsule_dino518_repro/natural_boot.json,all | mte_protect-mask,-0.023,-0.027,-0.019,-0.023,-0.029,-0.017,True,True,False,1.5,0.0
natural/capsule_dino518_repro/natural_boot.json,all | balanced-mask,-0.086,-0.106,-0.067,-0.086,-0.11,-0.065,True,True,False,1.153846153846154,0.0
natural/capsule_dino518_repro/natural_boot.json,all | mte_balanced-mask,-0.008,-0.013,-0.003,-0.008,-0.013,-0.002,True,True,False,1.1,0.0
finetune/thyroid/resnet50/paired_deltas.csv,trapA|mask|erm,0.1045438131694593,0.0672035040638723,0.1411401237764907,0.0784207231491159,0.0317477713993604,0.1234661641719932,True,True,False,1.2405002166602925,-0.026123090020343395
finetune/thyroid/resnet50/paired_deltas.csv,trapA|mte_ft|mask,0.1434472864780095,0.0990495659611548,0.1884085250381175,0.1394512411730139,0.095695561025999,0.1836373796280869,True,True,False,0.9841410364499182,-0.003996045304995588
finetune/thyroid/resnet50/paired_deltas.csv,trapA|mask_balanced|balanced,0.1474549210142506,0.1041172402512933,0.1921957687931319,0.0854384702315361,0.0350272688130124,0.136790517180139,True,True,False,1.1553695327549385,-0.06201645078271449
finetune/thyroid/resnet50/paired_deltas.csv,trapA|mte_ft|erm,0.2479910996474688,0.2094885662014782,0.2882859842618877,0.2178719643221298,0.1662682813866053,0.2675181767614537,True,True,False,1.2849392514006728,-0.030119135325338997
finetune/thyroid/resnet50/paired_deltas.csv,trapA|mte_post|mask,-0.0274000669629091,-0.0525684216778892,-0.0008920108725493,-0.0317218124734716,-0.0589776809910675,-0.0032814681017617,True,True,False,1.0777879504656025,-0.004321745510562497
finetune/thyroid/resnet50/paired_deltas.csv,trapA|mte_post|mask_post,0.0043567853417225,0.0001155134223224,0.0123405541742119,-0.0002923138230418,-0.0012164442209163,0.0006455162519598,True,False,True,0.15230709742937387,-0.004649099164764301
finetune/thyroid/resnet50/paired_deltas.csv,trapA|umte_ft|mask,0.1596635058483388,0.1144086485552109,0.2068726922608683,0.1855190178786742,0.1436848279298968,0.2295794765598169,True,True,False,0.9289518951101706,0.025855512030335398
finetune/thyroid/resnet50/paired_deltas.csv,trapA|umte_ft|mte_ft,0.0162162193703293,0.0019635761121126,0.0295450822010941,0.0460677767056603,0.0136395133754601,0.0785291868819139,True,True,False,2.352651566492103,0.029851557335331
finetune/thyroid/resnet50/paired_deltas.csv,trapA|cons_ft|mask,0.0068273047097078,-0.0142365338795239,0.0285677081223872,0.0424227268049124,0.0105499283062393,0.0737434657752315,False,True,True,1.4763381971854745,0.0355954220952046
finetune/thyroid/resnet50/paired_deltas.csv,trapA|umte_cons_ft|mask,0.157188833995266,0.1138133408042685,0.2051661922268727,0.1950817760382445,0.1532914293110567,0.2368810551440437,True,True,False,0.9150193401878173,0.037892942042978495
finetune/thyroid/resnet50/paired_deltas.csv,trapB|mask|erm,0.1613320877091252,0.0963835030200703,0.2263389834095729,0.1418938470459377,0.0734745506538655,0.2107326491091018,True,True,False,1.0561932289723086,-0.0194382406631875
finetune/thyroid/resnet50/paired_deltas.csv,trapB|mte_ft|mask,-0.0335557846358696,-0.0623512242741573,-0.0077793721139894,-0.0415306831604492,-0.0888561123100751,0.0031025275737325,True,False,True,1.6850928866022326,-0.007974898524579603
finetune/thyroid/resnet50/paired_deltas.csv,trapB|mask_balanced|balanced,0.1227045150298162,0.0607117476544223,0.1850299282555175,0.0693018276313811,-0.0042135772601613,0.1427537257302742,True,False,True,1.1821867266704575,-0.05340268739843511
finetune/thyroid/resnet50/paired_deltas.csv,trapB|mte_ft|erm,0.1277763030732556,0.0662668854937712,0.1919649387246657,0.1003631638854884,0.019267862150079,0.1764184993561946,True,True,False,1.2502233182358513,-0.027413139187767208
finetune/thyroid/vit_small_patch16_224.augreg_in21k_ft_in1k/paired_deltas.csv,trapA|mask|erm,0.0884558550341549,0.0509322987455381,0.1264150303239954,0.12200719207399,0.0678194131227633,0.1704609524040027,True,True,False,1.3598016014371848,0.033551337039835094
finetune/thyroid/vit_small_patch16_224.augreg_in21k_ft_in1k/paired_deltas.csv,trapA|mte_ft|mask,0.0094123486606563,-0.020775132421787,0.0399138019880938,-0.0003238490674539,-0.0258578609128274,0.0264515618475551,False,False,False,0.8619268614455352,-0.009736197728110199
finetune/thyroid/vit_small_patch16_224.augreg_in21k_ft_in1k/paired_deltas.csv,trapA|mask_balanced|balanced,0.0168682083226566,-0.0230128704795976,0.0550428161990501,0.0593594191893201,0.0029285713522619,0.1215357777026329,False,True,True,1.5195203757372908,0.0424912108666635
finetune/thyroid/vit_small_patch16_224.augreg_in21k_ft_in1k/paired_deltas.csv,trapA|mte_ft|erm,0.0978682036948113,0.0660157450978819,0.1294836597818665,0.121683343006536,0.075792292547064,0.1695606289138436,True,True,False,1.4774132226285508,0.023815139311724687
finetune/thyroid/vit_small_patch16_224.augreg_in21k_ft_in1k/paired_deltas.csv,trapA|umte_ft|mask,0.061331032690596,-0.0047230870484373,0.1411025358684045,0.0316849305586785,-0.0928357384064241,0.1439194809234376,False,False,False,1.623550200535562,-0.0296461021319175
finetune/thyroid/vit_small_patch16_224.augreg_in21k_ft_in1k/paired_deltas.csv,trapA|umte_ft|mte_ft,0.0519186840299397,0.0071680923027233,0.1065357895198351,0.0320087796261324,-0.0720562137382202,0.1254294593048683,True,False,True,1.9874232630307964,-0.019909904403807306
finetune/thyroid/vit_small_patch16_224.augreg_in21k_ft_in1k/paired_deltas.csv,trapA|cons_ft|mask,0.0623539751329776,0.0307931397271134,0.0871113867032263,0.0608534637057712,0.0364400505163295,0.0844840561897254,True,True,False,0.8530806311100828,-0.0015005114272063982
finetune/thyroid/vit_small_patch16_224.augreg_in21k_ft_in1k/paired_deltas.csv,trapA|umte_cons_ft|mask,0.1430402191948737,0.1026194689737194,0.187460541637259,0.1189007504252335,0.0362435548055521,0.1978851777721073,True,True,False,1.9052284217054762,-0.024139468769640196
finetune/thyroid/vit_small_patch16_224.augreg_in21k_ft_in1k/paired_deltas.csv,trapB|mask|erm,0.2563576373229101,0.1638532853419459,0.3538576275633522,0.2441176599445912,0.1629702627471368,0.3285912250362232,True,True,False,0.8716693542513533,-0.012239977378318917
finetune/thyroid/vit_small_patch16_224.augreg_in21k_ft_in1k/paired_deltas.csv,trapB|mte_ft|mask,-0.0001947182670074,-0.0201379475448314,0.0190277596355858,0.0185467731890127,-0.010865235024265,0.0480333284351862,False,False,False,1.503829949709178,0.0187414914560201
finetune/thyroid/vit_small_patch16_224.augreg_in21k_ft_in1k/paired_deltas.csv,trapB|mask_balanced|balanced,0.0687367222902304,0.0092945409516971,0.1410842105832719,0.1063798896119236,0.0391350045300564,0.1741147847660219,True,True,False,1.024206074825962,0.037643167321693205
finetune/thyroid/vit_small_patch16_224.augreg_in21k_ft_in1k/paired_deltas.csv,trapB|mte_ft|erm,0.2561629190559027,0.1608536671729378,0.3579125191361779,0.262664433133604,0.1894666182785542,0.3362543183028548,True,True,False,0.7448926986121018,0.006501514077701276
finetune/isic/resnet50/paired_deltas.csv,trapA|mask|erm,-0.0019796325309784,-0.0448539236587728,0.0399415487033356,-0.0019796325309785,-0.0539971164532645,0.0487626035089084,False,False,False,1.2118538537452854,-1.0018028073766061e-16
finetune/isic/resnet50/paired_deltas.csv,trapA|mask_balanced|balanced,-0.0078981626548924,-0.0652253012917385,0.0484272227289685,-0.0078981626548924,-0.0723556681389544,0.0590556527203959,False,False,False,1.156255190913382,0.0
finetune/isic/resnet50/paired_deltas.csv,trapB|mask|erm,0.1411347664904964,0.0812430547692692,0.201279564356496,0.1411347664904964,0.0712716847328014,0.2144870221325389,True,True,False,1.1930981489899735,0.0
finetune/isic/resnet50/paired_deltas.csv,trapB|mask_balanced|balanced,0.0289238794675064,-0.0292741849520926,0.0801706167109073,0.0289238794675064,-0.0407644988736386,0.0903617009698038,False,False,False,1.19810349921601,0.0
finetune/ovary/resnet50_power/paired_deltas.csv,trapA|mask|erm,0.1524927362265312,0.0866488796387002,0.2162901266837411,0.1524927362265312,0.0702650830744904,0.2319203425129419,True,True,False,1.2469431074069204,0.0
finetune/ovary/resnet50_power/paired_deltas.csv,trapB|mask|erm,0.210891395154553,0.1122610319787166,0.3091319162383747,0.210891395154553,0.0897365366122174,0.327626480033845,True,True,False,1.2083551324322208,0.0
finetune/ovary/resnet50_power_g4/paired_deltas.csv,trapA|umte_cons_ft|mask,0.0452622960911049,-0.0222442323239377,0.1118822812552427,0.0452622960911049,-0.0356369125466131,0.1304180441966074,False,False,False,1.238047216109822,0.0
finetune/capsule/resnet50/paired_deltas.csv,trapA|mask|erm,-0.2839432614432614,-0.3471565281632697,-0.2256863279443362,-0.279386361250835,-0.377265186732621,-0.1850937350454801,True,True,False,1.5820460601923603,0.004556900192426383
finetune/capsule/resnet50/paired_deltas.csv,trapA|mte_ft|mask,-0.0211285239785239,-0.0390325679373286,-0.0032794810690481,-0.0274167877444193,-0.051264587846921,-0.0056042434700578,True,True,False,1.2771021575027202,-0.006288263765895398
finetune/capsule/resnet50/paired_deltas.csv,trapA|mask_balanced|balanced,0.0169673764673764,-0.069876200376161,0.1049424019572647,-0.0197869671264408,-0.1074602990234013,0.0739845197450412,False,False,False,1.0379033829728188,-0.0367543435938172
finetune/capsule/resnet50/paired_deltas.csv,trapA|mte_ft|erm,-0.3050717854217853,-0.3670432932382356,-0.245718994609677,-0.3068031489952542,-0.4039612385330077,-0.2117264029135571,True,True,False,1.5844710234673496,-0.0017313635734688693
finetune/capsule/resnet50/paired_deltas.csv,trapA|umte_cons_ft|mask,-0.0216729866229866,-0.0464881200863281,0.0006015041050532,-0.0256730000019473,-0.0563548332011316,0.0056401113400421,False,False,False,1.3165308835172334,-0.0040000133789607
finetune/capsule/resnet50/paired_deltas.csv,trapB|mask|erm,0.3005310688046537,0.2252690382055705,0.3796545384228338,0.3268964593531075,0.2352625501324705,0.415514168428408,True,True,False,1.1675424054867418,0.026365390548453826
finetune/capsule/resnet50/paired_deltas.csv,trapB|mte_ft|mask,-0.2048709394598173,-0.2855926591579441,-0.1110741267809337,-0.2068302805513904,-0.3134246156492485,-0.0959807965645049,True,True,False,1.2459640596507093,-0.0019593410915731135
finetune/capsule/resnet50/paired_deltas.csv,trapB|mask_balanced|balanced,-0.0235712857842947,-0.1172697449956544,0.0652389691671687,0.0042329127726685,-0.0880851791024438,0.0992196329395083,False,False,False,1.0262787335998116,0.0278041985569632
finetune/capsule/resnet50/paired_deltas.csv,trapB|mte_ft|erm,0.0956601293448364,-0.0026178748576238,0.193543051871607,0.120066178801717,0.0202419424837578,0.2167630450111811,False,True,True,1.0018361240650624,0.024406049456880588
review2/transplant/isic_dino518/bootstrap_vs_erm.csv,0.0|mask|erm|test_rev,0.1777662441724942,0.15358887898936,0.2025797249741125,0.1777662441724941,0.1276218782308371,0.2286039182965595,True,True,False,2.0612430350182396,-1.1102230246251565e-16
review2/transplant/isic_dino518/bootstrap_vs_erm.csv,1.0|mask|erm|test_rev,-0.0751930361305361,-0.0948012307723765,-0.0551738036596371,-0.0751930361305361,-0.1151301320861443,-0.0360247845616148,True,True,False,1.9962271913206995,0.0
review2/transplant/isic_dino518/bootstrap_vs_erm.csv,0.0|inpaint|erm|test_rev,0.1773510343822844,0.1538617666362209,0.1973663466983251,0.1773510343822844,0.1483863833320291,0.2055980324527831,True,True,False,1.3150718622977744,0.0
review2/transplant/isic_dino518/bootstrap_vs_erm.csv,1.0|inpaint|erm|test_rev,0.2032688665501166,0.1889261404354117,0.2175638805983566,0.2032688665501165,0.1788888366828564,0.2277832703518308,True,True,False,1.7073425972430651,-1.1102230246251565e-16
review2/transplant/isic_dino518/bootstrap_vs_erm.csv,0.0|balanced|erm|test_rev,0.1687827797202797,0.1525969652940278,0.184231216684349,0.1687827797202797,0.1444586302594729,0.1925835026386891,True,True,False,1.521290065803184,0.0
review2/transplant/isic_dino518/bootstrap_vs_erm.csv,1.0|balanced|erm|test_rev,0.2211866258741258,0.2075415814566504,0.2349944957071127,0.2211866258741258,0.1975081136952217,0.2453910673614747,True,True,False,1.7441847240478903,0.0
review2/transplant/isic_dino518/bootstrap_vs_erm.csv,0.0|dfr|erm|test_rev,0.1937536421911422,0.1650651431083769,0.2219307301464836,0.1937536421911422,0.1410211752241991,0.2464533808444169,True,True,False,1.8540599176364023,0.0
review2/transplant/isic_dino518/bootstrap_vs_erm.csv,1.0|dfr|erm|test_rev,0.2743334790209789,0.243039225106226,0.3063627005818096,0.2743334790209791,0.2215366344712268,0.3275740808830681,True,True,False,1.6745361118520332,2.220446049250313e-16
review2/transplant/isic_dino518/location_interaction.csv,mask|erm|test_rev|0.0|1.0,0.2529592803030304,0.0,1.0,0.2529592803030303,0.0,1.0,False,False,False,1.0,-1.1102230246251565e-16
review2/transplant/isic_dino518/location_interaction.csv,inpaint|erm|test_rev|0.0|1.0,-0.0259178321678321,0.0,1.0,-0.0259178321678321,0.0,1.0,False,False,False,1.0,0.0
review2/transplant/isic_dino518/location_interaction.csv,balanced|erm|test_rev|0.0|1.0,-0.0524038461538461,0.0,1.0,-0.0524038461538461,0.0,1.0,False,False,False,1.0,0.0
review2/transplant/isic_dino518/location_interaction.csv,dfr|erm|test_rev|0.0|1.0,-0.0805798368298367,0.0,1.0,-0.0805798368298368,0.0,1.0,False,False,False,1.0,-9.71445146547012e-17
review2/transplant/isic_dino518_neutral/bootstrap_vs_erm.csv,0.0|mask|erm|test_rev,0.1287496357808857,0.1045374694735654,0.1530283214623053,0.1287496357808857,0.0773571109924342,0.1801440449598728,True,True,False,2.1197180447831037,0.0
review2/transplant/isic_dino518_neutral/bootstrap_vs_erm.csv,1.0|mask|erm|test_rev,-0.075457094988345,-0.0953130500609823,-0.0555257699879432,-0.0754570949883449,-0.1168220749540312,-0.0350348308320998,True,True,False,2.055612848422694,1.1102230246251565e-16
review2/transplant/isic_dino518_neutral/location_interaction.csv,mask|erm|test_rev|0.0|1.0,0.2042067307692308,0.0,1.0,0.2042067307692307,0.0,1.0,False,False,False,1.0,-8.326672684688674e-17
review2/transplant/thyroid_dino518/bootstrap_vs_erm.csv,0.0|mask|erm|test_rev,0.3494835403916146,0.3338590307821077,0.3648754581480925,0.3494835403916146,0.3206266665256176,0.3778268521516175,True,True,False,1.8441900142480738,0.0
review2/transplant/thyroid_dino518/bootstrap_vs_erm.csv,1.0|mask|erm|test_rev,0.0722585957991907,0.058283301066806,0.0861702906833535,0.0722585957991907,0.0441108486549027,0.1001613288830457,True,True,False,2.0099150535375085,0.0
review2/transplant/thyroid_dino518/bootstrap_vs_erm.csv,0.0|inpaint|erm|test_rev,0.2684474187186109,0.2564986751102203,0.2807532872876698,0.2684474187186109,0.2497212174826733,0.2879193969146933,True,True,False,1.5748831254261155,0.0
review2/transplant/thyroid_dino518/bootstrap_vs_erm.csv,1.0|inpaint|erm|test_rev,0.2820870864764848,0.2712911417621785,0.2934295767327295,0.2820870864764848,0.2629481556901925,0.3017722637121115,True,True,False,1.7536970464969022,0.0
review2/transplant/thyroid_dino518/bootstrap_vs_erm.csv,0.0|balanced|erm|test_rev,0.2168891441816962,0.2061649550331303,0.2275265949756827,0.2168891441816962,0.1993615856505748,0.2350800680116608,True,True,False,1.6720852171061422,0.0
review2/transplant/thyroid_dino518/bootstrap_vs_erm.csv,1.0|balanced|erm|test_rev,0.2324393566621256,0.2209595379200749,0.2440890355317645,0.2324393566621256,0.2137851474449015,0.2510255338152474,True,True,False,1.6100819393294838,0.0
review2/transplant/thyroid_dino518/bootstrap_vs_erm.csv,0.0|dfr|erm|test_rev,0.237569386551717,0.2217661168276939,0.2537906464931672,0.2375693865517171,0.210978453919907,0.2647037046626428,True,True,False,1.677628096460658,1.1102230246251565e-16
review2/transplant/thyroid_dino518/bootstrap_vs_erm.csv,1.0|dfr|erm|test_rev,0.254484963705496,0.2399156440722875,0.2694339335911163,0.254484963705496,0.2282809764590893,0.2805874642089317,True,True,False,1.772002666905132,0.0
review2/transplant/thyroid_dino518/location_interaction.csv,mask|erm|test_rev|0.0|1.0,0.2772249445924239,0.0,1.0,0.2772249445924238,0.0,1.0,False,False,False,1.0,-1.1102230246251565e-16
review2/transplant/thyroid_dino518/location_interaction.csv,inpaint|erm|test_rev|0.0|1.0,-0.0136396677578739,0.0,1.0,-0.0136396677578739,0.0,1.0,False,False,False,1.0,0.0
review2/transplant/thyroid_dino518/location_interaction.csv,balanced|erm|test_rev|0.0|1.0,-0.0155502124804294,0.0,1.0,-0.0155502124804294,0.0,1.0,False,False,False,1.0,0.0
review2/transplant/thyroid_dino518/location_interaction.csv,dfr|erm|test_rev|0.0|1.0,-0.0169155771537789,0.0,1.0,-0.0169155771537789,0.0,1.0,False,False,False,1.0,0.0
review2/transplant/thyroid_dino518_neutral/bootstrap_vs_erm.csv,0.0|mask|erm|test_rev,0.2002534007035238,0.187575840498996,0.2129521377743767,0.2002534007035237,0.1743241040417333,0.2265553696881385,True,True,False,2.058269773544874,-8.326672684688674e-17
review2/transplant/thyroid_dino518_neutral/bootstrap_vs_erm.csv,1.0|mask|erm|test_rev,0.0550115898416055,0.0426801243912617,0.0672702621399624,0.0550115898416055,0.0284844156031394,0.0813189881327912,True,True,False,2.148608237562374,0.0
review2/transplant/thyroid_dino518_neutral/location_interaction.csv,mask|erm|test_rev|0.0|1.0,0.1452418108619182,0.0,1.0,0.1452418108619181,0.0,1.0,False,False,False,1.0,-1.1102230246251565e-16
review2/transplant/ovary_dino518/bootstrap_vs_erm.csv,0.0|mask|erm|test_rev,0.0640052875082618,0.035401933289185,0.0922514059961179,0.0640052875082617,0.0024110782381951,0.1270097731891995,True,True,False,2.1917300023753667,-9.71445146547012e-17
review2/transplant/ovary_dino518/bootstrap_vs_erm.csv,1.0|mask|erm|test_rev,-0.0096761401189689,-0.0407375693475825,0.0217104026528902,-0.0096761401189689,-0.0745899998444438,0.0565982820371118,False,False,False,2.1007612846188595,0.0
review2/transplant/ovary_dino518/bootstrap_vs_erm.csv,0.0|inpaint|erm|test_rev,0.0297554527428949,0.0219357449941891,0.0376953549260417,0.0297554527428949,0.0148570755901557,0.0447743431995622,True,True,False,1.8983507674856273,0.0
review2/transplant/ovary_dino518/bootstrap_vs_erm.csv,1.0|inpaint|erm|test_rev,0.0526834104428287,0.0412542055288302,0.0642772653320562,0.0526834104428288,0.0329833697853212,0.0732183948530101,True,True,False,1.7475967752145238,1.0408340855860843e-16
review2/transplant/ovary_dino518/bootstrap_vs_erm.csv,0.0|balanced|erm|test_rev,0.0189028420356907,0.0012216108190748,0.0363616520836743,0.0189028420356906,-0.0059496784935991,0.0458885232677767,True,False,True,1.4751889837305976,-1.0061396160665481e-16
review2/transplant/ovary_dino518/bootstrap_vs_erm.csv,1.0|balanced|erm|test_rev,0.0301189689358889,0.0114290711415214,0.0498408934048992,0.0301189689358889,0.0031864411569971,0.0593515362917933,True,True,False,1.4621825215604138,0.0
review2/transplant/ovary_dino518/bootstrap_vs_erm.csv,0.0|dfr|erm|test_rev,0.0125974884335756,-0.0136360129717649,0.0394013582414573,0.0125974884335756,-0.0405059563260616,0.0658307734905574,False,False,False,2.0049396752550446,0.0
review2/transplant/ovary_dino518/bootstrap_vs_erm.csv,1.0|dfr|erm|test_rev,0.0266820885657633,-0.002573422110336,0.0553699201748245,0.0266820885657633,-0.0302893250045001,0.0824356703440538,False,False,False,1.9454348144743314,0.0
review2/transplant/ovary_dino518/location_interaction.csv,mask|erm|test_rev|0.0|1.0,0.0736814276272308,0.0,1.0,0.0736814276272306,0.0,1.0,False,False,False,1.0,-2.0816681711721685e-16
review2/transplant/ovary_dino518/location_interaction.csv,inpaint|erm|test_rev|0.0|1.0,-0.0229279576999338,0.0,1.0,-0.0229279576999339,0.0,1.0,False,False,False,1.0,-1.0061396160665481e-16
review2/transplant/ovary_dino518/location_interaction.csv,balanced|erm|test_rev|0.0|1.0,-0.0112161269001982,0.0,1.0,-0.0112161269001982,0.0,1.0,False,False,False,1.0,0.0
review2/transplant/ovary_dino518/location_interaction.csv,dfr|erm|test_rev|0.0|1.0,-0.0140846001321876,0.0,1.0,-0.0140846001321877,0.0,1.0,False,False,False,1.0,-9.8879238130678e-17
review2/transplant/ovary_dino518_neutral/bootstrap_vs_erm.csv,0.0|mask|erm|test_rev,0.0715069398545936,0.0430730244134063,0.0997906547834474,0.0715069398545935,0.0101446161310598,0.1350489002793806,True,True,False,2.2022126688546684,-9.71445146547012e-17
review2/transplant/ovary_dino518_neutral/bootstrap_vs_erm.csv,1.0|mask|erm|test_rev,0.0193258426966292,-0.0092021336775638,0.0475282264738003,0.0193258426966292,-0.0425916077187958,0.0825849030419352,False,False,False,2.2065171175847205,0.0
review2/transplant/ovary_dino518_neutral/location_interaction.csv,mask|erm|test_rev|0.0|1.0,0.0521810971579644,0.0,1.0,0.0521810971579642,0.0,1.0,False,False,False,1.0,-2.0122792321330962e-16
review2/transplant/capsule_dino518/bootstrap_vs_erm.csv,0.0|mask|erm|test_rev,0.3216812687146501,0.2888129691952596,0.35562944805377,0.3216812687146501,0.2637468118292406,0.3825167228971444,True,True,False,1.777554176708552,0.0
review2/transplant/capsule_dino518/bootstrap_vs_erm.csv,1.0|mask|erm|test_rev,-0.175032346308824,-0.2104728680791692,-0.1406849871144065,-0.175032346308824,-0.2407441224777543,-0.1079435538854581,True,True,False,1.9029173368847503,0.0
review2/transplant/capsule_dino518/bootstrap_vs_erm.csv,0.0|inpaint|erm|test_rev,0.2016857047798603,0.1750585914533173,0.2310451523164947,0.2016857047798602,0.1584187503890526,0.248427796827344,True,True,False,1.6076902215562017,-1.1102230246251565e-16
review2/transplant/capsule_dino518/bootstrap_vs_erm.csv,1.0|inpaint|erm|test_rev,0.2052789176000888,0.1730391905467602,0.2365694080844529,0.2052789176000887,0.1557922319457084,0.2544971812602109,True,True,False,1.5536693110792599,-8.326672684688674e-17
review2/transplant/capsule_dino518/bootstrap_vs_erm.csv,0.0|balanced|erm|test_rev,0.2121769990018853,0.1896836576717772,0.2361769242129284,0.2121769990018853,0.1756240096727268,0.2517253941233558,True,True,False,1.6368259344236795,0.0
review2/transplant/capsule_dino518/bootstrap_vs_erm.csv,1.0|balanced|erm|test_rev,0.24391704558057,0.219484309391306,0.2691262407994893,0.24391704558057,0.2051168768635062,0.2856454353476637,True,True,False,1.622188263023195,0.0
review2/transplant/capsule_dino518/bootstrap_vs_erm.csv,0.0|dfr|erm|test_rev,0.2638645521422498,0.2324842007526545,0.2963322303164207,0.2638645521422498,0.2094828826349458,0.3214641990291261,True,True,False,1.7538727061630381,0.0
review2/transplant/capsule_dino518/bootstrap_vs_erm.csv,1.0|dfr|erm|test_rev,0.3109977450001848,0.2770622176652411,0.3441789708432317,0.3109977450001848,0.2515379723610901,0.3722823562584439,True,True,False,1.799020038665237,0.0
review2/transplant/capsule_dino518/location_interaction.csv,mask|erm|test_rev|0.0|1.0,0.4967136150234741,0.0,1.0,0.4967136150234742,0.0,1.0,False,False,False,1.0,1.1102230246251565e-16
review2/transplant/capsule_dino518/location_interaction.csv,inpaint|erm|test_rev|0.0|1.0,-0.0035932128202284,0.0,1.0,-0.0035932128202284,0.0,1.0,False,False,False,1.0,0.0
review2/transplant/capsule_dino518/location_interaction.csv,balanced|erm|test_rev|0.0|1.0,-0.0317400465786847,0.0,1.0,-0.0317400465786847,0.0,1.0,False,False,False,1.0,0.0
review2/transplant/capsule_dino518/location_interaction.csv,dfr|erm|test_rev|0.0|1.0,-0.047133192857935,0.0,1.0,-0.0471331928579349,0.0,1.0,False,False,False,1.0,9.71445146547012e-17
review2/transplant/capsule_dino518_neutral/bootstrap_vs_erm.csv,0.0|mask|erm|test_rev,0.2152822446489962,0.1771110722090087,0.2586507350870904,0.2152822446489963,0.1527011516392612,0.2827566651653858,True,True,False,1.5949969491606053,1.1102230246251565e-16
review2/transplant/capsule_dino518_neutral/bootstrap_vs_erm.csv,1.0|mask|erm|test_rev,-0.2440131603267901,-0.2855882843453395,-0.2043346399155501,-0.2440131603267901,-0.3164933332332959,-0.1731054146577725,True,True,False,1.7646952279097305,0.0
review2/transplant/capsule_dino518_neutral/location_interaction.csv,mask|erm|test_rev|0.0|1.0,0.4592954049757864,0.0,1.0,0.4592954049757865,0.0,1.0,False,False,False,1.0,1.1102230246251565e-16
review3/crossed_ci.csv,real-trap crossover (repro)|ISIC hair,0.1474504004676915,0.111239074491783,0.1853445168335895,0.1474504004676915,0.1094797277682574,0.1845423553265165,True,True,False,1.0129165306380286,0.0
review3/crossed_ci.csv,real-trap crossover (matched)|ISIC hair,0.1541391081715382,0.1226523608176249,0.186110733364114,0.1541391081715382,0.121875641848765,0.1871101428462743,True,True,False,1.0279888749072321,0.0
review3/crossed_ci.csv,real-trap crossover (matched05)|ISIC hair,0.1243590448439532,0.0852257520385487,0.1618419875591096,0.1243590448439532,0.0856501450155089,0.1620195326252376,True,True,False,0.9967781253000095,0.0
review3/crossed_ci.csv,real-trap crossover (repro)|Thyroid,0.2385752065741104,0.1963638470688494,0.2803443292065414,0.2385752065741104,0.196369191573484,0.280498901034918,True,True,False,1.0017769286379818,0.0
review3/crossed_ci.csv,real-trap crossover (matched)|Thyroid,0.2381799994115743,0.1863670003603954,0.2897164582713764,0.2381799994115743,0.1861814224522163,0.291228189719872,True,True,False,1.0164230117020712,0.0
review3/crossed_ci.csv,real-trap crossover (matched05)|Thyroid,0.2175585458175616,0.1653703840449389,0.2709052578173312,0.2175585458175616,0.1652799511385798,0.2703905337280671,True,True,False,0.9959796115943618,0.0
review3/crossed_ci.csv,real-trap crossover (repro)|Ovary,0.1698994907632317,0.0867967392655524,0.2522140986102408,0.1698994907632317,0.0870181439661679,0.2529248944394051,True,True,False,1.002958523400975,0.0
review3/crossed_ci.csv,real-trap crossover (matched)|Ovary,0.1626885536823425,0.0497804862274741,0.2729582421055401,0.1626885536823425,0.0493905048952574,0.2736236392929547,True,True,False,1.0047288696648062,0.0
review3/crossed_ci.csv,real-trap crossover (matched05)|Ovary,0.1519235280319024,0.0373469205220471,0.2670532312322398,0.1519235280319024,0.0410960562001466,0.2654060640025617,True,True,False,0.9765078160408672,0.0
review3/crossed_ci.csv,real-trap crossover (repro)|Capsule,0.3767574768247813,0.3267310179927549,0.4258641480577053,0.3767574768247813,0.3263749906502732,0.4253981598411175,True,True,False,0.998890775727206,0.0
review3/crossed_ci.csv,real-trap crossover (matched)|Capsule,0.2301865775549986,0.0360531026187024,0.4338586819486163,0.2301865775549986,0.0289604018502514,0.4223560274696126,True,True,False,0.9889142989950491,0.0
review3/crossed_ci.csv,real-trap crossover (matched05)|Capsule,0.3283309283309283,0.0883069572800057,0.5698264010732089,0.3283309283309283,0.087038945897195,0.5725005531602674,True,True,False,1.0081869247871165,0.0
review3/crossed_ci.csv,transplant interaction (artifact)|ISIC hair,0.2529592803030303,0.2131981486580734,0.2919213478030025,0.2529592803030303,0.2143394216626666,0.2931257887704617,True,True,False,1.0008024059432559,0.0
review3/crossed_ci.csv,transplant interaction (balanced)|ISIC hair,-0.0524038461538461,-0.0710224198972971,-0.0333612924071705,-0.0524038461538461,-0.0709106090456285,-0.0333494850162416,True,True,False,0.9973446503754854,0.0
review3/crossed_ci.csv,transplant interaction (neutral paste)|ISIC hair,0.2042067307692307,0.163770978883284,0.2431166907670977,0.2042067307692307,0.1637941765147693,0.2437116672078101,True,True,False,1.0072061715201999,0.0
review3/crossed_ci.csv,transplant interaction (artifact)|Thyroid,0.2772249445924238,0.2558611919855126,0.2989783146914967,0.2772249445924238,0.2560802807700955,0.2981092129341125,True,True,False,0.9747619861049762,0.0
review3/crossed_ci.csv,transplant interaction (balanced)|Thyroid,-0.0155502124804294,-0.0245035178207301,-0.0065224963251608,-0.0155502124804294,-0.0245043655527482,-0.00672337413046,True,True,False,0.988875488896424,0.0
review3/crossed_ci.csv,transplant interaction (neutral paste)|Thyroid,0.1452418108619181,0.1300257398010532,0.1603609955334522,0.1452418108619181,0.1299025901909907,0.1612153094052829,True,True,False,1.032222028735008,0.0
review3/crossed_ci.csv,transplant interaction (artifact)|Ovary,0.0736814276272306,0.0434892925525709,0.104769723971159,0.0736814276272306,0.0439238894696229,0.1037360486735967,True,True,False,0.9760401129589809,0.0
review3/crossed_ci.csv,transplant interaction (balanced)|Ovary,-0.0112161269001982,-0.0255747122233669,0.0019774472877662,-0.0112161269001982,-0.0249282178614658,0.0019739407430884,False,False,False,0.9764083499038886,0.0
review3/crossed_ci.csv,transplant interaction (neutral paste)|Ovary,0.0521810971579642,0.0211019903159915,0.0837886282871357,0.0521810971579642,0.0213294403133804,0.0836172674811666,True,True,False,0.993638025323011,0.0
review3/crossed_ci.csv,transplant interaction (artifact)|Capsule,0.4967136150234742,0.4275976948313962,0.5653266805178082,0.4967136150234742,0.4272716368958466,0.5667048085395383,True,True,False,1.0123734735196548,0.0
review3/crossed_ci.csv,transplant interaction (balanced)|Capsule,-0.0317400465786847,-0.0678588572696801,0.0041061616814556,-0.0317400465786847,-0.0679983462436276,0.0036568024738965,False,False,False,0.9956941547695277,0.0
review3/crossed_ci.csv,transplant interaction (neutral paste)|Capsule,0.4592954049757865,0.3834950191856696,0.5342579053683383,0.4592954049757865,0.3829897949390718,0.5353858966642263,True,True,False,1.0108330079360974,0.0
review3/crossed_ci.csv,natural mte - mask (all pairs)|Thyroid (official split),0.004,-0.012,0.02,0.0043067886288225,-0.0117189587526871,0.0201934774601575,False,False,False,0.9972636316513936,0.0003067886288224998
review3/crossed_ci.csv,natural mte_protect - mask (all pairs)|Thyroid (official split),-0.021,-0.035,-0.007,-0.0207851313783517,-0.0342606420027424,-0.0076083945200176,True,True,False,0.9518659815258855,0.00021486862164830228
review3/crossed_ci.csv,natural balanced - mask (all pairs)|Thyroid (official split),-0.017,-0.065,0.03,-0.0168168774100977,-0.0636234059894099,0.0295928775797186,False,False,False,0.9812240375697736,0.00018312258990230146
review3/crossed_ci.csv,natural mte_balanced - mask (all pairs)|Thyroid (official split),-0.005,-0.022,0.013,-0.0049412608734642,-0.022881082096147,0.0125536554498622,False,False,False,1.0124210727431202,5.873912653580043e-05
review3/crossed_ci.csv,natural mask - ERM (hard pairs)|Thyroid (official split),-0.095,-0.165,-0.022,-0.0946081955427749,-0.1668623302866907,-0.0233026147755202,True,True,False,1.0039140944837097,0.0003918044572251006
review3/crossed_ci.csv,natural mask - ERM (all pairs)|Thyroid (official split),-0.004,-0.048,0.041,-0.0041565778853914,-0.0480559197049457,0.0412732003770607,False,False,False,1.0036979784495101,-0.0001565778853913997
review3/crossed_ci.csv,"natural mte - mask (all pairs)|ISIC, BCN held out",0.007,0.003,0.01,0.0067331660024049,0.0035759624139867,0.009899703593306,True,True,False,0.9033915970456143,-0.00026683399759510045
review3/crossed_ci.csv,"natural mte_protect - mask (all pairs)|ISIC, BCN held out",-0.019,-0.024,-0.014,-0.018946390043526,-0.0237050279643595,-0.0143147094020016,True,True,False,0.9390318562357898,5.36099564740003e-05
review3/crossed_ci.csv,"natural balanced - mask (all pairs)|ISIC, BCN held out",0.022,0.012,0.031,0.0217373716740066,0.0124991538089943,0.0310063894532291,True,True,False,0.9740650339070949,-0.0002626283259933998
review3/crossed_ci.csv,"natural mte_balanced - mask (all pairs)|ISIC, BCN held out",0.01,0.006,0.015,0.0104488279592869,0.0063237012337128,0.0146953290320921,True,True,False,0.9301808664865889,0.0004488279592869005
review3/crossed_ci.csv,"natural mask - ERM (hard pairs)|ISIC, BCN held out",-0.025,-0.043,-0.008,-0.0248611443108035,-0.0424205045638444,-0.0076475689003381,True,True,False,0.9935124475287515,0.00013885568919650218
review3/crossed_ci.csv,"natural mask - ERM (all pairs)|ISIC, BCN held out",-0.025,-0.035,-0.016,-0.0253839271221992,-0.0346708102133241,-0.0161976486665553,True,True,False,0.9722716603562525,-0.00038392712219919786
review3/crossed_ci.csv,"natural mte - mask (all pairs)|ISIC, HAM held out",0.013,0.009,0.017,0.0130742801268398,0.0089704432313457,0.0173249074655305,True,True,False,1.0443080292730997,7.42801268398003e-05
review3/crossed_ci.csv,"natural mte_protect - mask (all pairs)|ISIC, HAM held out",-0.006,-0.016,0.004,-0.0064505931917537,-0.0162113058053086,0.0038552388069491,False,False,False,1.003327230612885,-0.0004505931917536997
review3/crossed_ci.csv,"natural balanced - mask (all pairs)|ISIC, HAM held out",-0.032,-0.049,-0.013,-0.0317638827742556,-0.0489386095525548,-0.0131876741250875,True,True,False,0.9930815396518694,0.0002361172257444033
review3/crossed_ci.csv,"natural mte_balanced - mask (all pairs)|ISIC, HAM held out",0.018,0.009,0.028,0.0178832179408687,0.0087208672274697,0.0282157918461183,True,True,False,1.0260486641394,-0.00011678205913129985
review3/crossed_ci.csv,"natural mask - ERM (hard pairs)|ISIC, HAM held out",0.05,0.03,0.07,0.0500526423757549,0.0304691083978625,0.0703345010215469,True,True,False,0.9966348155921096,5.2642375754897996e-05
review3/crossed_ci.csv,"natural mask - ERM (all pairs)|ISIC, HAM held out",0.031,0.017,0.045,0.0307084853076213,0.0168820719810549,0.0445990038459139,True,True,False,0.9898904237449644,-0.0002915146923786992
review3/crossed_ci.csv,"natural mte - mask (all pairs)|ISIC, MSK held out",-0.008,-0.014,-0.002,-0.0079321450385918,-0.0141489230361997,-0.0018792074256383,True,True,False,1.0224763008801168,6.785496140820045e-05
review3/crossed_ci.csv,"natural mte_protect - mask (all pairs)|ISIC, MSK held out",-0.003,-0.012,0.006,-0.0031897631431198,-0.012279734578401,0.0061964817075789,False,False,False,1.0264564603322166,-0.00018976314311979978
review3/crossed_ci.csv,"natural balanced - mask (all pairs)|ISIC, MSK held out",-0.018,-0.041,0.005,-0.018122883002943,-0.0405195811303111,0.0044143976458464,False,False,False,0.9768256255686413,-0.00012288300294300072
review3/crossed_ci.csv,"natural mte_balanced - mask (all pairs)|ISIC, MSK held out",-0.016,-0.024,-0.008,-0.0159222857706949,-0.0241144868193652,-0.007694473568308,True,True,False,1.026250828191075,7.771422930509878e-05
review3/crossed_ci.csv,"natural mask - ERM (hard pairs)|ISIC, MSK held out",-0.065,-0.111,-0.019,-0.0653954603129846,-0.1111132182638053,-0.0199408580069717,True,True,False,0.9910039158351477,-0.00039546031298459683
review3/crossed_ci.csv,"natural mask - ERM (all pairs)|ISIC, MSK held out",0.016,-0.007,0.038,0.0155994533597398,-0.0063408625851846,0.0376696368677883,False,False,False,0.9780110989549533,-0.00040054664026020065
review3/crossed_ci.csv,natural mte - mask (all pairs)|Capsule (held-out frames),-0.005,-0.011,0.001,-0.0049775948215368,-0.0111024464597664,0.0006941908236256,False,False,False,0.9830531069493335,2.2405178463200462e-05
review3/crossed_ci.csv,natural mte_protect - mask (all pairs)|Capsule (held-out frames),-0.023,-0.029,-0.017,-0.0226577930232921,-0.0285483003136395,-0.0172488710416834,True,True,False,0.9416191059963416,0.00034220697670789973
review3/crossed_ci.csv,natural balanced - mask (all pairs)|Capsule (held-out frames),-0.086,-0.11,-0.065,-0.0857368804527776,-0.1088785398079736,-0.0647257681751512,True,True,False,0.9811727029516089,0.0002631195472223985
review3/crossed_ci.csv,natural mte_balanced - mask (all pairs)|Capsule (held-out frames),-0.008,-0.013,-0.002,-0.0076380879724497,-0.013425310839058,-0.0014903552160184,True,True,False,1.0849959657308728,0.0003619120275503004
review3/crossed_ci.csv,natural mask - ERM (hard pairs)|Capsule (held-out frames),0.021,-0.003,0.048,0.0214395967153766,-0.0025161193112606,0.0483283905693096,False,False,False,0.9969511741288273,0.00043959671537659867
review3/crossed_ci.csv,natural mask - ERM (all pairs)|Capsule (held-out frames),0.077,0.059,0.097,0.0773980830811926,0.0593567686144351,0.096956265160427,True,True,False,0.9894604354208395,0.0003980830811926017
review3/crossed_ci.csv,fine-tuned crossover (ResNet-50)|ISIC hair,0.1431143990214749,0.0537531082789325,0.2322893620152512,0.1431143990214749,0.0555344910935194,0.2305700427866021,True,True,False,0.9803922062327677,0.0
