source,cell,env,arm,arm_minus_mask,ci95_lo,ci95_hi
trap/thyroid,trapA,clean,afr,0.0000,0.0000,0.0000
trap/thyroid,trapA,clean,balanced,0.0259,-0.0004,0.0512
trap/thyroid,trapA,clean,ens,0.0939,0.0814,0.1064
trap/thyroid,trapA,clean,erm,-0.0777,-0.0969,-0.0580
trap/thyroid,trapA,clean,full_cmc,-0.0025,-0.0110,0.0064
trap/thyroid,trapA,clean,groupdro,0.0814,0.0688,0.0943
trap/thyroid,trapA,clean,locrand,0.0207,0.0144,0.0276
trap/thyroid,trapA,clean,locrand_loc,0.0295,0.0134,0.0464
trap/thyroid,trapA,clean,mask_bal,0.1071,0.0888,0.1251
trap/thyroid,trapA,clean,mask_balanced,0.1080,0.0896,0.1260
trap/thyroid,trapA,clean,mask_cfs,0.0086,-0.0086,0.0263
trap/thyroid,trapA,clean,mask_cmc,0.0954,0.0793,0.1112
trap/thyroid,trapA,clean,mask_dfr,0.1015,0.0760,0.1266
trap/thyroid,trapA,clean,selector_v2,0.1026,0.0832,0.1214
trap/thyroid,trapA,clean,umte,0.0384,0.0190,0.0577
trap/thyroid,trapA,clean,umte_balanced,0.1150,0.0959,0.1341
trap/thyroid,trapA,clean,umte_protect,0.0196,-0.0035,0.0425
trap/thyroid,trapA,test_corr,afr,0.0000,0.0000,0.0000
trap/thyroid,trapA,test_corr,balanced,-0.1566,-0.1974,-0.1193
trap/thyroid,trapA,test_corr,ens,-0.0420,-0.0548,-0.0304
trap/thyroid,trapA,test_corr,erm,-0.0331,-0.0503,-0.0162
trap/thyroid,trapA,test_corr,full_cmc,-0.0237,-0.0369,-0.0130
trap/thyroid,trapA,test_corr,groupdro,-0.0360,-0.0458,-0.0266
trap/thyroid,trapA,test_corr,locrand,-0.0134,-0.0197,-0.0077
trap/thyroid,trapA,test_corr,locrand_loc,-0.0601,-0.0821,-0.0404
trap/thyroid,trapA,test_corr,mask_bal,-0.1005,-0.1276,-0.0771
trap/thyroid,trapA,test_corr,mask_balanced,-0.1013,-0.1287,-0.0774
trap/thyroid,trapA,test_corr,mask_cfs,-0.0735,-0.0917,-0.0564
trap/thyroid,trapA,test_corr,mask_cmc,-0.0753,-0.0944,-0.0573
trap/thyroid,trapA,test_corr,mask_dfr,-0.1739,-0.2003,-0.1488
trap/thyroid,trapA,test_corr,selector_v2,-0.1001,-0.1228,-0.0791
trap/thyroid,trapA,test_corr,umte,-0.0908,-0.1110,-0.0721
trap/thyroid,trapA,test_corr,umte_balanced,-0.0999,-0.1218,-0.0794
trap/thyroid,trapA,test_corr,umte_protect,-0.1589,-0.1936,-0.1264
trap/thyroid,trapA,test_rev,afr,0.0000,0.0000,0.0000
trap/thyroid,trapA,test_rev,balanced,0.2701,0.2354,0.3064
trap/thyroid,trapA,test_rev,ens,0.2854,0.2671,0.3053
trap/thyroid,trapA,test_rev,erm,-0.1108,-0.1339,-0.0874
trap/thyroid,trapA,test_rev,full_cmc,0.0406,0.0258,0.0582
trap/thyroid,trapA,test_rev,groupdro,0.2461,0.2304,0.2627
trap/thyroid,trapA,test_rev,locrand,0.0708,0.0563,0.0863
trap/thyroid,trapA,test_rev,locrand_loc,0.1644,0.1374,0.1928
trap/thyroid,trapA,test_rev,mask_bal,0.3804,0.3560,0.4077
trap/thyroid,trapA,test_rev,mask_balanced,0.3832,0.3586,0.4100
trap/thyroid,trapA,test_rev,mask_cfs,0.1443,0.1166,0.1789
trap/thyroid,trapA,test_rev,mask_cmc,0.3300,0.3106,0.3510
trap/thyroid,trapA,test_rev,mask_dfr,0.4319,0.4074,0.4560
trap/thyroid,trapA,test_rev,selector_v2,0.3728,0.3489,0.3987
trap/thyroid,trapA,test_rev,umte,0.2243,0.1870,0.2588
trap/thyroid,trapA,test_rev,umte_balanced,0.3932,0.3717,0.4159
trap/thyroid,trapA,test_rev,umte_protect,0.2604,0.2087,0.3076
trap/thyroid,trapB,clean,afr,0.0000,0.0000,0.0000
trap/thyroid,trapB,clean,balanced,-0.1283,-0.1725,-0.0853
trap/thyroid,trapB,clean,ens,0.0134,0.0028,0.0246
trap/thyroid,trapB,clean,erm,-0.1638,-0.2098,-0.1186
trap/thyroid,trapB,clean,full_cmc,0.0000,0.0000,0.0000
trap/thyroid,trapB,clean,groupdro,0.0090,-0.0068,0.0241
trap/thyroid,trapB,clean,locrand,0.0066,-0.0039,0.0197
trap/thyroid,trapB,clean,locrand_loc,0.0000,0.0000,0.0000
trap/thyroid,trapB,clean,mask_bal,0.0113,-0.0020,0.0252
trap/thyroid,trapB,clean,mask_balanced,0.0162,-0.0008,0.0339
trap/thyroid,trapB,clean,mask_cfs,0.0147,0.0046,0.0267
trap/thyroid,trapB,clean,mask_cmc,0.0086,-0.0026,0.0228
trap/thyroid,trapB,clean,mask_dfr,-0.0061,-0.0391,0.0259
trap/thyroid,trapB,clean,selector_v2,0.0137,-0.0003,0.0284
trap/thyroid,trapB,clean,umte,-0.0013,-0.0195,0.0178
trap/thyroid,trapB,clean,umte_balanced,0.0067,-0.0126,0.0265
trap/thyroid,trapB,clean,umte_protect,-0.0044,-0.0217,0.0147
trap/thyroid,trapB,test_corr,afr,0.0000,0.0000,0.0000
trap/thyroid,trapB,test_corr,balanced,-0.1546,-0.2142,-0.0968
trap/thyroid,trapB,test_corr,ens,-0.0050,-0.0172,0.0053
trap/thyroid,trapB,test_corr,erm,-0.0002,-0.0528,0.0521
trap/thyroid,trapB,test_corr,full_cmc,0.0000,0.0000,0.0000
trap/thyroid,trapB,test_corr,groupdro,-0.0057,-0.0257,0.0138
trap/thyroid,trapB,test_corr,locrand,-0.0031,-0.0152,0.0117
trap/thyroid,trapB,test_corr,locrand_loc,0.0000,0.0000,0.0000
trap/thyroid,trapB,test_corr,mask_bal,-0.0105,-0.0255,0.0029
trap/thyroid,trapB,test_corr,mask_balanced,-0.0188,-0.0386,0.0000
trap/thyroid,trapB,test_corr,mask_cfs,0.0107,-0.0009,0.0243
trap/thyroid,trapB,test_corr,mask_cmc,-0.0016,-0.0128,0.0120
trap/thyroid,trapB,test_corr,mask_dfr,-0.0604,-0.0958,-0.0261
trap/thyroid,trapB,test_corr,selector_v2,-0.0097,-0.0254,0.0049
trap/thyroid,trapB,test_corr,umte,0.0015,-0.0190,0.0228
trap/thyroid,trapB,test_corr,umte_balanced,-0.0190,-0.0453,0.0064
trap/thyroid,trapB,test_corr,umte_protect,-0.0176,-0.0365,0.0029
trap/thyroid,trapB,test_rev,afr,0.0000,0.0000,0.0000
trap/thyroid,trapB,test_rev,balanced,-0.0895,-0.1328,-0.0462
trap/thyroid,trapB,test_rev,ens,0.0294,0.0203,0.0392
trap/thyroid,trapB,test_rev,erm,-0.3354,-0.3771,-0.2922
trap/thyroid,trapB,test_rev,full_cmc,0.0000,0.0000,0.0000
trap/thyroid,trapB,test_rev,groupdro,0.0192,0.0053,0.0329
trap/thyroid,trapB,test_rev,locrand,0.0127,0.0045,0.0224
trap/thyroid,trapB,test_rev,locrand_loc,0.0000,0.0000,0.0000
trap/thyroid,trapB,test_rev,mask_bal,0.0308,0.0200,0.0424
trap/thyroid,trapB,test_rev,mask_balanced,0.0452,0.0317,0.0591
trap/thyroid,trapB,test_rev,mask_cfs,0.0162,0.0081,0.0247
trap/thyroid,trapB,test_rev,mask_cmc,0.0151,0.0057,0.0267
trap/thyroid,trapB,test_rev,mask_dfr,0.0331,0.0019,0.0660
trap/thyroid,trapB,test_rev,selector_v2,0.0299,0.0168,0.0426
trap/thyroid,trapB,test_rev,umte,-0.0001,-0.0169,0.0168
trap/thyroid,trapB,test_rev,umte_balanced,0.0308,0.0121,0.0494
trap/thyroid,trapB,test_rev,umte_protect,0.0060,-0.0121,0.0248
trap/thyroid,trapA,min_rev_corr,afr,0.0000,0.0000,0.0000
trap/thyroid,trapA,min_rev_corr,balanced,0.2701,0.2354,0.3062
trap/thyroid,trapA,min_rev_corr,ens,0.2854,0.2671,0.3053
trap/thyroid,trapA,min_rev_corr,erm,-0.1108,-0.1339,-0.0874
trap/thyroid,trapA,min_rev_corr,full_cmc,0.0406,0.0258,0.0582
trap/thyroid,trapA,min_rev_corr,groupdro,0.2461,0.2304,0.2627
trap/thyroid,trapA,min_rev_corr,locrand,0.0708,0.0563,0.0863
trap/thyroid,trapA,min_rev_corr,locrand_loc,0.1644,0.1374,0.1928
trap/thyroid,trapA,min_rev_corr,mask_bal,0.3804,0.3554,0.4037
trap/thyroid,trapA,min_rev_corr,mask_balanced,0.3832,0.3575,0.4049
trap/thyroid,trapA,min_rev_corr,mask_cfs,0.1443,0.1166,0.1789
trap/thyroid,trapA,min_rev_corr,mask_cmc,0.3300,0.3106,0.3510
trap/thyroid,trapA,min_rev_corr,mask_dfr,0.3342,0.2988,0.3701
trap/thyroid,trapA,min_rev_corr,selector_v2,0.3728,0.3487,0.3979
trap/thyroid,trapA,min_rev_corr,umte,0.2243,0.1870,0.2588
trap/thyroid,trapA,min_rev_corr,umte_balanced,0.3932,0.3695,0.4137
trap/thyroid,trapA,min_rev_corr,umte_protect,0.2604,0.2087,0.3072
trap/thyroid,trapB,min_rev_corr,afr,0.0000,0.0000,0.0000
trap/thyroid,trapB,min_rev_corr,balanced,-0.1092,-0.1663,-0.0711
trap/thyroid,trapB,min_rev_corr,ens,0.0294,-0.0055,0.0382
trap/thyroid,trapB,min_rev_corr,erm,-0.3354,-0.3767,-0.2922
trap/thyroid,trapB,min_rev_corr,full_cmc,0.0000,0.0000,0.0000
trap/thyroid,trapB,min_rev_corr,groupdro,0.0192,-0.0056,0.0324
trap/thyroid,trapB,min_rev_corr,locrand,0.0127,-0.0023,0.0223
trap/thyroid,trapB,min_rev_corr,locrand_loc,0.0000,0.0000,0.0000
trap/thyroid,trapB,min_rev_corr,mask_bal,0.0308,-0.0115,0.0406
trap/thyroid,trapB,min_rev_corr,mask_balanced,0.0267,-0.0219,0.0552
trap/thyroid,trapB,min_rev_corr,mask_cfs,0.0162,0.0076,0.0246
trap/thyroid,trapB,min_rev_corr,mask_cmc,0.0151,-0.0003,0.0262
trap/thyroid,trapB,min_rev_corr,mask_dfr,-0.0149,-0.0645,0.0343
trap/thyroid,trapB,min_rev_corr,selector_v2,0.0299,-0.0092,0.0413
trap/thyroid,trapB,min_rev_corr,umte,-0.0001,-0.0169,0.0169
trap/thyroid,trapB,min_rev_corr,umte_balanced,0.0265,-0.0214,0.0471
trap/thyroid,trapB,min_rev_corr,umte_protect,0.0060,-0.0198,0.0242
trap/capsule,trapA,clean,afr,0.0000,0.0000,0.0000
trap/capsule,trapA,clean,balanced,-0.0075,-0.0305,0.0152
trap/capsule,trapA,clean,ens,0.0432,0.0347,0.0524
trap/capsule,trapA,clean,erm,-0.0603,-0.0835,-0.0380
trap/capsule,trapA,clean,full_cmc,-0.0027,-0.0113,0.0055
trap/capsule,trapA,clean,groupdro,0.0538,0.0430,0.0652
trap/capsule,trapA,clean,locrand,-0.0009,-0.0027,0.0010
trap/capsule,trapA,clean,locrand_loc,-0.0009,-0.0037,0.0008
trap/capsule,trapA,clean,mask_bal,0.0510,0.0399,0.0625
trap/capsule,trapA,clean,mask_balanced,0.0535,0.0417,0.0662
trap/capsule,trapA,clean,mask_cfs,0.0001,-0.0003,0.0005
trap/capsule,trapA,clean,mask_cmc,0.0483,0.0369,0.0612
trap/capsule,trapA,clean,mask_dfr,0.0414,0.0212,0.0625
trap/capsule,trapA,clean,selector_v2,0.0532,0.0422,0.0651
trap/capsule,trapA,clean,umte,-0.0395,-0.0516,-0.0281
trap/capsule,trapA,clean,umte_balanced,0.0490,0.0313,0.0669
trap/capsule,trapA,clean,umte_protect,-0.0043,-0.0094,0.0006
trap/capsule,trapA,test_corr,afr,0.0000,0.0000,0.0000
trap/capsule,trapA,test_corr,balanced,-0.0521,-0.0774,-0.0284
trap/capsule,trapA,test_corr,ens,-0.0045,-0.0120,0.0014
trap/capsule,trapA,test_corr,erm,-0.0239,-0.0414,-0.0077
trap/capsule,trapA,test_corr,full_cmc,-0.0085,-0.0156,-0.0020
trap/capsule,trapA,test_corr,groupdro,-0.0037,-0.0109,0.0026
trap/capsule,trapA,test_corr,locrand,-0.0010,-0.0025,0.0003
trap/capsule,trapA,test_corr,locrand_loc,-0.0006,-0.0020,0.0003
trap/capsule,trapA,test_corr,mask_bal,-0.0099,-0.0219,-0.0007
trap/capsule,trapA,test_corr,mask_balanced,-0.0138,-0.0270,-0.0036
trap/capsule,trapA,test_corr,mask_cfs,0.0002,-0.0001,0.0005
trap/capsule,trapA,test_corr,mask_cmc,-0.0041,-0.0110,0.0019
trap/capsule,trapA,test_corr,mask_dfr,-0.0710,-0.0947,-0.0494
trap/capsule,trapA,test_corr,selector_v2,-0.0094,-0.0224,0.0004
trap/capsule,trapA,test_corr,umte,0.0004,-0.0058,0.0068
trap/capsule,trapA,test_corr,umte_balanced,-0.0246,-0.0404,-0.0102
trap/capsule,trapA,test_corr,umte_protect,-0.0017,-0.0050,0.0014
trap/capsule,trapA,test_rev,afr,0.0000,0.0000,0.0000
trap/capsule,trapA,test_rev,balanced,0.0993,0.0709,0.1282
trap/capsule,trapA,test_rev,ens,0.1350,0.1208,0.1498
trap/capsule,trapA,test_rev,erm,-0.0806,-0.1107,-0.0511
trap/capsule,trapA,test_rev,full_cmc,0.0195,0.0057,0.0344
trap/capsule,trapA,test_rev,groupdro,0.1610,0.1438,0.1784
trap/capsule,trapA,test_rev,locrand,0.0020,-0.0017,0.0058
trap/capsule,trapA,test_rev,locrand_loc,0.0012,-0.0015,0.0050
trap/capsule,trapA,test_rev,mask_bal,0.1663,0.1484,0.1847
trap/capsule,trapA,test_rev,mask_balanced,0.1800,0.1623,0.1976
trap/capsule,trapA,test_rev,mask_cfs,-0.0001,-0.0007,0.0005
trap/capsule,trapA,test_rev,mask_cmc,0.1527,0.1305,0.1770
trap/capsule,trapA,test_rev,mask_dfr,0.2197,0.1916,0.2483
trap/capsule,trapA,test_rev,selector_v2,0.1744,0.1569,0.1925
trap/capsule,trapA,test_rev,umte,-0.1191,-0.1410,-0.0975
trap/capsule,trapA,test_rev,umte_balanced,0.1873,0.1586,0.2165
trap/capsule,trapA,test_rev,umte_protect,-0.0030,-0.0131,0.0070
trap/capsule,trapB,clean,afr,0.0000,0.0000,0.0000
trap/capsule,trapB,clean,balanced,-0.1537,-0.1808,-0.1278
trap/capsule,trapB,clean,ens,0.0049,0.0006,0.0093
trap/capsule,trapB,clean,erm,-0.2250,-0.2583,-0.1936
trap/capsule,trapB,clean,full_cmc,0.0000,0.0000,0.0000
trap/capsule,trapB,clean,groupdro,0.0052,-0.0004,0.0107
trap/capsule,trapB,clean,locrand,0.0007,-0.0021,0.0034
trap/capsule,trapB,clean,locrand_loc,0.0000,0.0000,0.0000
trap/capsule,trapB,clean,mask_bal,0.0033,-0.0029,0.0098
trap/capsule,trapB,clean,mask_balanced,0.0046,-0.0017,0.0106
trap/capsule,trapB,clean,mask_cfs,-0.0019,-0.0040,-0.0001
trap/capsule,trapB,clean,mask_cmc,0.0072,0.0023,0.0121
trap/capsule,trapB,clean,mask_dfr,-0.0264,-0.0427,-0.0112
trap/capsule,trapB,clean,selector_v2,0.0033,-0.0027,0.0095
trap/capsule,trapB,clean,umte,-0.0125,-0.0207,-0.0047
trap/capsule,trapB,clean,umte_balanced,-0.0133,-0.0298,0.0005
trap/capsule,trapB,clean,umte_protect,-0.0157,-0.0231,-0.0090
trap/capsule,trapB,test_corr,afr,0.0000,0.0000,0.0000
trap/capsule,trapB,test_corr,balanced,-0.0867,-0.1133,-0.0616
trap/capsule,trapB,test_corr,ens,-0.0061,-0.0111,-0.0020
trap/capsule,trapB,test_corr,erm,-0.0459,-0.0661,-0.0265
trap/capsule,trapB,test_corr,full_cmc,0.0000,0.0000,0.0000
trap/capsule,trapB,test_corr,groupdro,-0.0075,-0.0139,-0.0018
trap/capsule,trapB,test_corr,locrand,-0.0032,-0.0063,-0.0007
trap/capsule,trapB,test_corr,locrand_loc,0.0000,0.0000,0.0000
trap/capsule,trapB,test_corr,mask_bal,-0.0107,-0.0177,-0.0050
trap/capsule,trapB,test_corr,mask_balanced,-0.0116,-0.0186,-0.0060
trap/capsule,trapB,test_corr,mask_cfs,-0.0010,-0.0024,0.0004
trap/capsule,trapB,test_corr,mask_cmc,-0.0026,-0.0059,0.0004
trap/capsule,trapB,test_corr,mask_dfr,-0.0552,-0.0727,-0.0387
trap/capsule,trapB,test_corr,selector_v2,-0.0098,-0.0161,-0.0045
trap/capsule,trapB,test_corr,umte,-0.0057,-0.0119,0.0000
trap/capsule,trapB,test_corr,umte_balanced,-0.0257,-0.0418,-0.0128
trap/capsule,trapB,test_corr,umte_protect,-0.0109,-0.0178,-0.0048
trap/capsule,trapB,test_rev,afr,0.0000,0.0000,0.0000
trap/capsule,trapB,test_rev,balanced,-0.2242,-0.2635,-0.1854
trap/capsule,trapB,test_rev,ens,0.0204,0.0147,0.0270
trap/capsule,trapB,test_rev,erm,-0.4682,-0.5087,-0.4281
trap/capsule,trapB,test_rev,full_cmc,0.0000,0.0000,0.0000
trap/capsule,trapB,test_rev,groupdro,0.0233,0.0159,0.0314
trap/capsule,trapB,test_rev,locrand,0.0051,-0.0007,0.0109
trap/capsule,trapB,test_rev,locrand_loc,0.0000,0.0000,0.0000
trap/capsule,trapB,test_rev,mask_bal,0.0224,0.0131,0.0324
trap/capsule,trapB,test_rev,mask_balanced,0.0269,0.0190,0.0353
trap/capsule,trapB,test_rev,mask_cfs,-0.0029,-0.0063,0.0002
trap/capsule,trapB,test_rev,mask_cmc,0.0216,0.0136,0.0296
trap/capsule,trapB,test_rev,mask_dfr,0.0012,-0.0222,0.0249
trap/capsule,trapB,test_rev,selector_v2,0.0208,0.0117,0.0303
trap/capsule,trapB,test_rev,umte,-0.0202,-0.0341,-0.0064
trap/capsule,trapB,test_rev,umte_balanced,0.0038,-0.0191,0.0238
trap/capsule,trapB,test_rev,umte_protect,-0.0239,-0.0356,-0.0127
trap/capsule,trapA,min_rev_corr,afr,0.0000,0.0000,0.0000
trap/capsule,trapA,min_rev_corr,balanced,0.0993,0.0709,0.1282
trap/capsule,trapA,min_rev_corr,ens,0.1350,0.1208,0.1498
trap/capsule,trapA,min_rev_corr,erm,-0.0806,-0.1107,-0.0511
trap/capsule,trapA,min_rev_corr,full_cmc,0.0195,0.0057,0.0344
trap/capsule,trapA,min_rev_corr,groupdro,0.1610,0.1438,0.1784
trap/capsule,trapA,min_rev_corr,locrand,0.0020,-0.0017,0.0058
trap/capsule,trapA,min_rev_corr,locrand_loc,0.0012,-0.0015,0.0050
trap/capsule,trapA,min_rev_corr,mask_bal,0.1663,0.1484,0.1847
trap/capsule,trapA,min_rev_corr,mask_balanced,0.1800,0.1623,0.1976
trap/capsule,trapA,min_rev_corr,mask_cfs,-0.0001,-0.0007,0.0005
trap/capsule,trapA,min_rev_corr,mask_cmc,0.1527,0.1305,0.1770
trap/capsule,trapA,min_rev_corr,mask_dfr,0.2197,0.1815,0.2475
trap/capsule,trapA,min_rev_corr,selector_v2,0.1744,0.1569,0.1925
trap/capsule,trapA,min_rev_corr,umte,-0.1191,-0.1410,-0.0975
trap/capsule,trapA,min_rev_corr,umte_balanced,0.1873,0.1586,0.2165
trap/capsule,trapA,min_rev_corr,umte_protect,-0.0030,-0.0131,0.0070
trap/capsule,trapB,min_rev_corr,afr,0.0000,0.0000,0.0000
trap/capsule,trapB,min_rev_corr,balanced,-0.2242,-0.2635,-0.1854
trap/capsule,trapB,min_rev_corr,ens,0.0204,0.0147,0.0270
trap/capsule,trapB,min_rev_corr,erm,-0.4682,-0.5087,-0.4281
trap/capsule,trapB,min_rev_corr,full_cmc,0.0000,0.0000,0.0000
trap/capsule,trapB,min_rev_corr,groupdro,0.0233,0.0159,0.0314
trap/capsule,trapB,min_rev_corr,locrand,0.0051,-0.0007,0.0109
trap/capsule,trapB,min_rev_corr,locrand_loc,0.0000,0.0000,0.0000
trap/capsule,trapB,min_rev_corr,mask_bal,0.0224,0.0131,0.0324
trap/capsule,trapB,min_rev_corr,mask_balanced,0.0269,0.0190,0.0353
trap/capsule,trapB,min_rev_corr,mask_cfs,-0.0029,-0.0063,0.0002
trap/capsule,trapB,min_rev_corr,mask_cmc,0.0216,0.0136,0.0296
trap/capsule,trapB,min_rev_corr,mask_dfr,0.0012,-0.0225,0.0241
trap/capsule,trapB,min_rev_corr,selector_v2,0.0208,0.0117,0.0303
trap/capsule,trapB,min_rev_corr,umte,-0.0202,-0.0341,-0.0064
trap/capsule,trapB,min_rev_corr,umte_balanced,0.0038,-0.0191,0.0238
trap/capsule,trapB,min_rev_corr,umte_protect,-0.0239,-0.0356,-0.0127
trap/ovary,trapA,clean,afr,0.0000,0.0000,0.0000
trap/ovary,trapA,clean,balanced,0.0076,-0.0317,0.0480
trap/ovary,trapA,clean,ens,0.0466,0.0306,0.0632
trap/ovary,trapA,clean,erm,-0.0772,-0.1182,-0.0364
trap/ovary,trapA,clean,full_cmc,0.0000,0.0000,0.0000
trap/ovary,trapA,clean,groupdro,0.0307,0.0106,0.0508
trap/ovary,trapA,clean,locrand,0.0206,0.0088,0.0338
trap/ovary,trapA,clean,locrand_loc,0.0000,0.0000,0.0000
trap/ovary,trapA,clean,mask_bal,0.0505,0.0304,0.0712
trap/ovary,trapA,clean,mask_balanced,0.0505,0.0304,0.0712
trap/ovary,trapA,clean,mask_cfs,0.0279,0.0121,0.0428
trap/ovary,trapA,clean,mask_cmc,0.0429,0.0233,0.0623
trap/ovary,trapA,clean,mask_dfr,0.0619,0.0286,0.0958
trap/ovary,trapA,clean,selector_v2,0.0000,0.0000,0.0000
trap/ovary,trapA,clean,umte,0.0341,0.0163,0.0522
trap/ovary,trapA,clean,umte_balanced,0.0660,0.0400,0.0925
trap/ovary,trapA,clean,umte_protect,0.0344,0.0181,0.0515
trap/ovary,trapA,test_corr,afr,0.0000,0.0000,0.0000
trap/ovary,trapA,test_corr,balanced,-0.1349,-0.1812,-0.0896
trap/ovary,trapA,test_corr,ens,-0.0199,-0.0387,-0.0013
trap/ovary,trapA,test_corr,erm,-0.0548,-0.0974,-0.0121
trap/ovary,trapA,test_corr,full_cmc,0.0000,0.0000,0.0000
trap/ovary,trapA,test_corr,groupdro,0.0108,-0.0095,0.0315
trap/ovary,trapA,test_corr,locrand,0.0077,-0.0052,0.0226
trap/ovary,trapA,test_corr,locrand_loc,0.0000,0.0000,0.0000
trap/ovary,trapA,test_corr,mask_bal,-0.0361,-0.0603,-0.0124
trap/ovary,trapA,test_corr,mask_balanced,-0.0361,-0.0603,-0.0124
trap/ovary,trapA,test_corr,mask_cfs,0.0087,-0.0068,0.0243
trap/ovary,trapA,test_corr,mask_cmc,-0.0182,-0.0338,-0.0028
trap/ovary,trapA,test_corr,mask_dfr,-0.0734,-0.1066,-0.0415
trap/ovary,trapA,test_corr,selector_v2,0.0000,0.0000,0.0000
trap/ovary,trapA,test_corr,umte,0.0064,-0.0112,0.0238
trap/ovary,trapA,test_corr,umte_balanced,-0.0491,-0.0758,-0.0222
trap/ovary,trapA,test_corr,umte_protect,0.0058,-0.0095,0.0209
trap/ovary,trapA,test_rev,afr,0.0000,0.0000,0.0000
trap/ovary,trapA,test_rev,balanced,0.1777,0.1255,0.2320
trap/ovary,trapA,test_rev,ens,0.1323,0.1109,0.1533
trap/ovary,trapA,test_rev,erm,-0.0887,-0.1393,-0.0373
trap/ovary,trapA,test_rev,full_cmc,0.0000,0.0000,0.0000
trap/ovary,trapA,test_rev,groupdro,0.0611,0.0309,0.0919
trap/ovary,trapA,test_rev,locrand,0.0336,0.0146,0.0525
trap/ovary,trapA,test_rev,locrand_loc,0.0000,0.0000,0.0000
trap/ovary,trapA,test_rev,mask_bal,0.1614,0.1351,0.1874
trap/ovary,trapA,test_rev,mask_balanced,0.1614,0.1351,0.1874
trap/ovary,trapA,test_rev,mask_cfs,0.0487,0.0274,0.0711
trap/ovary,trapA,test_rev,mask_cmc,0.1183,0.0886,0.1471
trap/ovary,trapA,test_rev,mask_dfr,0.2142,0.1786,0.2505
trap/ovary,trapA,test_rev,selector_v2,0.0000,0.0000,0.0000
trap/ovary,trapA,test_rev,umte,0.0678,0.0423,0.0930
trap/ovary,trapA,test_rev,umte_balanced,0.2127,0.1781,0.2467
trap/ovary,trapA,test_rev,umte_protect,0.0658,0.0444,0.0873
trap/ovary,trapB,clean,afr,0.0000,0.0000,0.0000
trap/ovary,trapB,clean,balanced,-0.0545,-0.1010,-0.0075
trap/ovary,trapB,clean,ens,0.0143,-0.0030,0.0325
trap/ovary,trapB,clean,erm,-0.1158,-0.1721,-0.0607
trap/ovary,trapB,clean,full_cmc,0.0000,0.0000,0.0000
trap/ovary,trapB,clean,groupdro,0.0172,-0.0093,0.0473
trap/ovary,trapB,clean,locrand,-0.0118,-0.0238,-0.0000
trap/ovary,trapB,clean,locrand_loc,0.0000,0.0000,0.0000
trap/ovary,trapB,clean,mask_bal,0.0118,-0.0086,0.0332
trap/ovary,trapB,clean,mask_balanced,0.0118,-0.0086,0.0332
trap/ovary,trapB,clean,mask_cfs,0.0202,-0.0005,0.0421
trap/ovary,trapB,clean,mask_cmc,-0.0024,-0.0152,0.0110
trap/ovary,trapB,clean,mask_dfr,-0.0122,-0.0508,0.0295
trap/ovary,trapB,clean,selector_v2,0.0000,0.0000,0.0000
trap/ovary,trapB,clean,umte,0.0155,-0.0110,0.0420
trap/ovary,trapB,clean,umte_balanced,0.0075,-0.0274,0.0412
trap/ovary,trapB,clean,umte_protect,0.0037,-0.0165,0.0259
trap/ovary,trapB,test_corr,afr,0.0000,0.0000,0.0000
trap/ovary,trapB,test_corr,balanced,-0.0440,-0.1012,0.0141
trap/ovary,trapB,test_corr,ens,-0.0053,-0.0281,0.0198
trap/ovary,trapB,test_corr,erm,0.0445,-0.0112,0.0988
trap/ovary,trapB,test_corr,full_cmc,0.0000,0.0000,0.0000
trap/ovary,trapB,test_corr,groupdro,0.0393,0.0014,0.0821
trap/ovary,trapB,test_corr,locrand,-0.0048,-0.0213,0.0127
trap/ovary,trapB,test_corr,locrand_loc,0.0000,0.0000,0.0000
trap/ovary,trapB,test_corr,mask_bal,-0.0145,-0.0431,0.0155
trap/ovary,trapB,test_corr,mask_balanced,-0.0145,-0.0431,0.0155
trap/ovary,trapB,test_corr,mask_cfs,0.0314,0.0021,0.0647
trap/ovary,trapB,test_corr,mask_cmc,-0.0016,-0.0202,0.0185
trap/ovary,trapB,test_corr,mask_dfr,-0.0725,-0.1198,-0.0274
trap/ovary,trapB,test_corr,selector_v2,0.0000,0.0000,0.0000
trap/ovary,trapB,test_corr,umte,0.0248,-0.0081,0.0625
trap/ovary,trapB,test_corr,umte_balanced,-0.0092,-0.0522,0.0352
trap/ovary,trapB,test_corr,umte_protect,-0.0062,-0.0343,0.0255
trap/ovary,trapB,test_rev,afr,0.0000,0.0000,0.0000
trap/ovary,trapB,test_rev,balanced,-0.0369,-0.1059,0.0336
trap/ovary,trapB,test_rev,ens,0.0399,0.0187,0.0612
trap/ovary,trapB,test_rev,erm,-0.2741,-0.3506,-0.1969
trap/ovary,trapB,test_rev,full_cmc,0.0000,0.0000,0.0000
trap/ovary,trapB,test_rev,groupdro,0.0007,-0.0308,0.0327
trap/ovary,trapB,test_rev,locrand,-0.0167,-0.0316,-0.0029
trap/ovary,trapB,test_rev,locrand_loc,0.0000,0.0000,0.0000
trap/ovary,trapB,test_rev,mask_bal,0.0434,0.0176,0.0692
trap/ovary,trapB,test_rev,mask_balanced,0.0434,0.0176,0.0692
trap/ovary,trapB,test_rev,mask_cfs,0.0186,-0.0095,0.0468
trap/ovary,trapB,test_rev,mask_cmc,-0.0024,-0.0172,0.0108
trap/ovary,trapB,test_rev,mask_dfr,0.0564,0.0076,0.1131
trap/ovary,trapB,test_rev,selector_v2,0.0000,0.0000,0.0000
trap/ovary,trapB,test_rev,umte,0.0207,-0.0119,0.0554
trap/ovary,trapB,test_rev,umte_balanced,0.0366,-0.0060,0.0797
trap/ovary,trapB,test_rev,umte_protect,0.0226,-0.0005,0.0474
trap/ovary,trapA,min_rev_corr,afr,0.0000,0.0000,0.0000
trap/ovary,trapA,min_rev_corr,balanced,0.1777,0.1241,0.2283
trap/ovary,trapA,min_rev_corr,ens,0.1323,0.1109,0.1533
trap/ovary,trapA,min_rev_corr,erm,-0.0887,-0.1393,-0.0373
trap/ovary,trapA,min_rev_corr,full_cmc,0.0000,0.0000,0.0000
trap/ovary,trapA,min_rev_corr,groupdro,0.0611,0.0309,0.0919
trap/ovary,trapA,min_rev_corr,locrand,0.0336,0.0146,0.0525
trap/ovary,trapA,min_rev_corr,locrand_loc,0.0000,0.0000,0.0000
trap/ovary,trapA,min_rev_corr,mask_bal,0.1614,0.1351,0.1874
trap/ovary,trapA,min_rev_corr,mask_balanced,0.1614,0.1351,0.1874
trap/ovary,trapA,min_rev_corr,mask_cfs,0.0487,0.0274,0.0711
trap/ovary,trapA,min_rev_corr,mask_cmc,0.1183,0.0886,0.1471
trap/ovary,trapA,min_rev_corr,mask_dfr,0.2142,0.1785,0.2504
trap/ovary,trapA,min_rev_corr,selector_v2,0.0000,0.0000,0.0000
trap/ovary,trapA,min_rev_corr,umte,0.0678,0.0423,0.0930
trap/ovary,trapA,min_rev_corr,umte_balanced,0.2127,0.1781,0.2467
trap/ovary,trapA,min_rev_corr,umte_protect,0.0658,0.0444,0.0873
trap/ovary,trapB,min_rev_corr,afr,0.0000,0.0000,0.0000
trap/ovary,trapB,min_rev_corr,balanced,-0.0369,-0.1034,0.0279
trap/ovary,trapB,min_rev_corr,ens,0.0399,-0.0115,0.0583
trap/ovary,trapB,min_rev_corr,erm,-0.2741,-0.3480,-0.1964
trap/ovary,trapB,min_rev_corr,full_cmc,0.0000,0.0000,0.0000
trap/ovary,trapB,min_rev_corr,groupdro,0.0007,-0.0294,0.0348
trap/ovary,trapB,min_rev_corr,locrand,-0.0167,-0.0313,-0.0002
trap/ovary,trapB,min_rev_corr,locrand_loc,0.0000,0.0000,0.0000
trap/ovary,trapB,min_rev_corr,mask_bal,0.0358,-0.0230,0.0642
trap/ovary,trapB,min_rev_corr,mask_balanced,0.0358,-0.0230,0.0642
trap/ovary,trapB,min_rev_corr,mask_cfs,0.0186,-0.0088,0.0478
trap/ovary,trapB,min_rev_corr,mask_cmc,-0.0024,-0.0170,0.0117
trap/ovary,trapB,min_rev_corr,mask_dfr,-0.0223,-0.0876,0.0499
trap/ovary,trapB,min_rev_corr,selector_v2,0.0000,0.0000,0.0000
trap/ovary,trapB,min_rev_corr,umte,0.0207,-0.0111,0.0554
trap/ovary,trapB,min_rev_corr,umte_balanced,0.0366,-0.0242,0.0728
trap/ovary,trapB,min_rev_corr,umte_protect,0.0226,-0.0168,0.0457
trap/isic,trapA,clean,afr,0.0000,0.0000,0.0000
trap/isic,trapA,clean,balanced,0.0829,0.0559,0.1098
trap/isic,trapA,clean,ens,0.0400,0.0288,0.0517
trap/isic,trapA,clean,erm,0.0251,0.0045,0.0466
trap/isic,trapA,clean,full_cmc,0.0723,0.0444,0.1015
trap/isic,trapA,clean,groupdro,0.0400,0.0262,0.0535
trap/isic,trapA,clean,locrand,0.0045,0.0013,0.0077
trap/isic,trapA,clean,locrand_loc,0.0073,0.0021,0.0123
trap/isic,trapA,clean,mask_bal,0.0438,0.0264,0.0617
trap/isic,trapA,clean,mask_balanced,0.0438,0.0264,0.0617
trap/isic,trapA,clean,mask_cfs,0.0067,0.0031,0.0103
trap/isic,trapA,clean,mask_cmc,0.0394,0.0227,0.0564
trap/isic,trapA,clean,mask_cmc_uncontra,0.0356,0.0189,0.0522
trap/isic,trapA,clean,mask_dfr,0.0028,-0.0231,0.0289
trap/isic,trapA,clean,selector_v2,0.0623,0.0397,0.0853
trap/isic,trapA,clean,umte,0.0156,0.0062,0.0243
trap/isic,trapA,clean,umte_balanced,0.0576,0.0379,0.0768
trap/isic,trapA,clean,umte_protect,-0.0023,-0.0166,0.0110
trap/isic,trapA,test_corr,afr,0.0000,0.0000,0.0000
trap/isic,trapA,test_corr,balanced,-0.0699,-0.0903,-0.0509
trap/isic,trapA,test_corr,ens,-0.0297,-0.0368,-0.0227
trap/isic,trapA,test_corr,erm,-0.0015,-0.0109,0.0075
trap/isic,trapA,test_corr,full_cmc,-0.0483,-0.0658,-0.0325
trap/isic,trapA,test_corr,groupdro,-0.0471,-0.0559,-0.0385
trap/isic,trapA,test_corr,locrand,-0.0018,-0.0034,-0.0003
trap/isic,trapA,test_corr,locrand_loc,-0.0042,-0.0066,-0.0018
trap/isic,trapA,test_corr,mask_bal,-0.0718,-0.0859,-0.0590
trap/isic,trapA,test_corr,mask_balanced,-0.0718,-0.0859,-0.0590
trap/isic,trapA,test_corr,mask_cfs,0.0006,-0.0009,0.0020
trap/isic,trapA,test_corr,mask_cmc,-0.0624,-0.0841,-0.0443
trap/isic,trapA,test_corr,mask_cmc_uncontra,-0.0433,-0.0523,-0.0347
trap/isic,trapA,test_corr,mask_dfr,-0.1490,-0.1715,-0.1280
trap/isic,trapA,test_corr,selector_v2,-0.0668,-0.0832,-0.0515
trap/isic,trapA,test_corr,umte,-0.0056,-0.0100,-0.0014
trap/isic,trapA,test_corr,umte_balanced,-0.0640,-0.0809,-0.0491
trap/isic,trapA,test_corr,umte_protect,-0.0199,-0.0309,-0.0093
trap/isic,trapA,test_rev,afr,0.0000,0.0000,0.0000
trap/isic,trapA,test_rev,balanced,0.2864,0.2458,0.3260
trap/isic,trapA,test_rev,ens,0.1457,0.1274,0.1650
trap/isic,trapA,test_rev,erm,0.0545,0.0230,0.0874
trap/isic,trapA,test_rev,full_cmc,0.2397,0.1914,0.2877
trap/isic,trapA,test_rev,groupdro,0.1716,0.1507,0.1925
trap/isic,trapA,test_rev,locrand,0.0169,0.0120,0.0221
trap/isic,trapA,test_rev,locrand_loc,0.0287,0.0205,0.0372
trap/isic,trapA,test_rev,mask_bal,0.2127,0.1869,0.2393
trap/isic,trapA,test_rev,mask_balanced,0.2127,0.1869,0.2393
trap/isic,trapA,test_rev,mask_cfs,0.0126,0.0077,0.0175
trap/isic,trapA,test_rev,mask_cmc,0.1932,0.1662,0.2210
trap/isic,trapA,test_rev,mask_cmc_uncontra,0.1597,0.1310,0.1882
trap/isic,trapA,test_rev,mask_dfr,0.2098,0.1772,0.2419
trap/isic,trapA,test_rev,selector_v2,0.2524,0.2208,0.2842
trap/isic,trapA,test_rev,umte,0.0408,0.0277,0.0537
trap/isic,trapA,test_rev,umte_balanced,0.2278,0.1998,0.2555
trap/isic,trapA,test_rev,umte_protect,0.0294,0.0132,0.0446
trap/isic,trapB,clean,afr,0.0000,0.0000,0.0000
trap/isic,trapB,clean,balanced,0.0303,0.0002,0.0601
trap/isic,trapB,clean,ens,0.0185,0.0062,0.0309
trap/isic,trapB,clean,erm,-0.0039,-0.0301,0.0226
trap/isic,trapB,clean,full_cmc,0.0207,-0.0028,0.0458
trap/isic,trapB,clean,groupdro,0.0127,-0.0014,0.0288
trap/isic,trapB,clean,locrand,0.0077,-0.0009,0.0155
trap/isic,trapB,clean,locrand_loc,-0.0000,-0.0000,0.0000
trap/isic,trapB,clean,mask_bal,0.0119,-0.0063,0.0291
trap/isic,trapB,clean,mask_balanced,0.0121,-0.0065,0.0312
trap/isic,trapB,clean,mask_cfs,0.0047,-0.0040,0.0138
trap/isic,trapB,clean,mask_cmc,0.0128,0.0031,0.0216
trap/isic,trapB,clean,mask_cmc_uncontra,0.0123,0.0019,0.0229
trap/isic,trapB,clean,mask_dfr,-0.0476,-0.0786,-0.0183
trap/isic,trapB,clean,selector_v2,0.0158,-0.0046,0.0365
trap/isic,trapB,clean,umte,-0.0022,-0.0217,0.0166
trap/isic,trapB,clean,umte_balanced,0.0240,0.0047,0.0440
trap/isic,trapB,clean,umte_protect,-0.0244,-0.0464,-0.0019
trap/isic,trapB,test_corr,afr,0.0000,0.0000,0.0000
trap/isic,trapB,test_corr,balanced,-0.0184,-0.0449,0.0059
trap/isic,trapB,test_corr,ens,-0.0306,-0.0417,-0.0191
trap/isic,trapB,test_corr,erm,0.0861,0.0687,0.1038
trap/isic,trapB,test_corr,full_cmc,0.0164,-0.0022,0.0351
trap/isic,trapB,test_corr,groupdro,-0.0082,-0.0184,0.0034
trap/isic,trapB,test_corr,locrand,-0.0054,-0.0173,0.0046
trap/isic,trapB,test_corr,locrand_loc,-0.0000,-0.0000,0.0000
trap/isic,trapB,test_corr,mask_bal,-0.0523,-0.0700,-0.0353
trap/isic,trapB,test_corr,mask_balanced,-0.0660,-0.0847,-0.0482
trap/isic,trapB,test_corr,mask_cfs,-0.0020,-0.0094,0.0056
trap/isic,trapB,test_corr,mask_cmc,-0.0186,-0.0334,-0.0048
trap/isic,trapB,test_corr,mask_cmc_uncontra,-0.0230,-0.0373,-0.0079
trap/isic,trapB,test_corr,mask_dfr,-0.1636,-0.1886,-0.1384
trap/isic,trapB,test_corr,selector_v2,-0.0378,-0.0683,-0.0045
trap/isic,trapB,test_corr,umte,-0.0135,-0.0309,0.0035
trap/isic,trapB,test_corr,umte_balanced,-0.0571,-0.0782,-0.0377
trap/isic,trapB,test_corr,umte_protect,-0.0473,-0.0690,-0.0230
trap/isic,trapB,test_rev,afr,0.0000,0.0000,0.0000
trap/isic,trapB,test_rev,balanced,0.0974,0.0615,0.1331
trap/isic,trapB,test_rev,ens,0.0730,0.0562,0.0900
trap/isic,trapB,test_rev,erm,-0.1148,-0.1556,-0.0744
trap/isic,trapB,test_rev,full_cmc,0.0287,-0.0028,0.0655
trap/isic,trapB,test_rev,groupdro,0.0401,0.0192,0.0619
trap/isic,trapB,test_rev,locrand,0.0233,0.0140,0.0349
trap/isic,trapB,test_rev,locrand_loc,0.0000,-0.0000,0.0000
trap/isic,trapB,test_rev,mask_bal,0.0846,0.0635,0.1055
trap/isic,trapB,test_rev,mask_balanced,0.0982,0.0741,0.1232
trap/isic,trapB,test_rev,mask_cfs,0.0101,0.0005,0.0193
trap/isic,trapB,test_rev,mask_cmc,0.0450,0.0325,0.0579
trap/isic,trapB,test_rev,mask_cmc_uncontra,0.0488,0.0348,0.0643
trap/isic,trapB,test_rev,mask_dfr,0.0762,0.0345,0.1164
trap/isic,trapB,test_rev,selector_v2,0.0789,0.0568,0.1015
trap/isic,trapB,test_rev,umte,0.0097,-0.0119,0.0309
trap/isic,trapB,test_rev,umte_balanced,0.1197,0.0920,0.1481
trap/isic,trapB,test_rev,umte_protect,0.0025,-0.0199,0.0248
trap/isic,trapA,min_rev_corr,afr,0.0000,0.0000,0.0000
trap/isic,trapA,min_rev_corr,balanced,0.2864,0.2458,0.3260
trap/isic,trapA,min_rev_corr,ens,0.1457,0.1274,0.1650
trap/isic,trapA,min_rev_corr,erm,0.0545,0.0230,0.0874
trap/isic,trapA,min_rev_corr,full_cmc,0.2397,0.1914,0.2877
trap/isic,trapA,min_rev_corr,groupdro,0.1716,0.1507,0.1925
trap/isic,trapA,min_rev_corr,locrand,0.0169,0.0120,0.0221
trap/isic,trapA,min_rev_corr,locrand_loc,0.0287,0.0205,0.0372
trap/isic,trapA,min_rev_corr,mask_bal,0.2127,0.1869,0.2393
trap/isic,trapA,min_rev_corr,mask_balanced,0.2127,0.1869,0.2393
trap/isic,trapA,min_rev_corr,mask_cfs,0.0126,0.0077,0.0175
trap/isic,trapA,min_rev_corr,mask_cmc,0.1932,0.1662,0.2210
trap/isic,trapA,min_rev_corr,mask_cmc_uncontra,0.1597,0.1310,0.1882
trap/isic,trapA,min_rev_corr,mask_dfr,0.2098,0.1772,0.2419
trap/isic,trapA,min_rev_corr,selector_v2,0.2524,0.2208,0.2842
trap/isic,trapA,min_rev_corr,umte,0.0408,0.0277,0.0537
trap/isic,trapA,min_rev_corr,umte_balanced,0.2278,0.1998,0.2555
trap/isic,trapA,min_rev_corr,umte_protect,0.0294,0.0132,0.0446
trap/isic,trapB,min_rev_corr,afr,0.0000,0.0000,0.0000
trap/isic,trapB,min_rev_corr,balanced,0.0974,0.0615,0.1330
trap/isic,trapB,min_rev_corr,ens,0.0730,0.0562,0.0900
trap/isic,trapB,min_rev_corr,erm,-0.1148,-0.1556,-0.0744
trap/isic,trapB,min_rev_corr,full_cmc,0.0287,-0.0028,0.0655
trap/isic,trapB,min_rev_corr,groupdro,0.0401,0.0192,0.0619
trap/isic,trapB,min_rev_corr,locrand,0.0233,0.0140,0.0349
trap/isic,trapB,min_rev_corr,locrand_loc,0.0000,-0.0000,0.0000
trap/isic,trapB,min_rev_corr,mask_bal,0.0846,0.0633,0.1055
trap/isic,trapB,min_rev_corr,mask_balanced,0.0982,0.0664,0.1200
trap/isic,trapB,min_rev_corr,mask_cfs,0.0101,0.0005,0.0193
trap/isic,trapB,min_rev_corr,mask_cmc,0.0450,0.0325,0.0579
trap/isic,trapB,min_rev_corr,mask_cmc_uncontra,0.0488,0.0348,0.0643
trap/isic,trapB,min_rev_corr,mask_dfr,0.0135,-0.0287,0.0553
trap/isic,trapB,min_rev_corr,selector_v2,0.0789,0.0568,0.1014
trap/isic,trapB,min_rev_corr,umte,0.0097,-0.0119,0.0309
trap/isic,trapB,min_rev_corr,umte_balanced,0.1197,0.0770,0.1413
trap/isic,trapB,min_rev_corr,umte_protect,0.0025,-0.0199,0.0248
natural/thyroid,all,clean,afr,0.0000,0.0000,0.0000
natural/thyroid,all,clean,balanced,-0.0092,-0.0550,0.0386
natural/thyroid,all,clean,ens,-0.0048,-0.0119,0.0020
natural/thyroid,all,clean,erm,0.0088,-0.0345,0.0529
natural/thyroid,all,clean,full_cmc,0.0000,0.0000,0.0000
natural/thyroid,all,clean,groupdro,-0.0136,-0.0270,-0.0001
natural/thyroid,all,clean,locrand,-0.0005,-0.0048,0.0037
natural/thyroid,all,clean,locrand_loc,-0.0010,-0.0071,0.0052
natural/thyroid,all,clean,mask_bal,-0.0076,-0.0174,0.0013
natural/thyroid,all,clean,mask_balanced,-0.0083,-0.0181,0.0013
natural/thyroid,all,clean,mask_cfs,0.0033,0.0000,0.0084
natural/thyroid,all,clean,mask_cmc,-0.0019,-0.0113,0.0074
natural/thyroid,all,clean,mask_dfr,-0.0396,-0.0708,-0.0088
natural/thyroid,all,clean,selector_v2,-0.0019,-0.0113,0.0074
natural/thyroid,all,clean,umte,0.0091,-0.0057,0.0246
natural/thyroid,all,clean,umte_balanced,0.0011,-0.0153,0.0181
natural/thyroid,all,clean,umte_protect,-0.0199,-0.0359,-0.0043
natural/thyroid,easy,clean,afr,0.0000,0.0000,0.0000
natural/thyroid,easy,clean,balanced,-0.0988,-0.1579,-0.0388
natural/thyroid,easy,clean,ens,-0.0305,-0.0406,-0.0211
natural/thyroid,easy,clean,erm,-0.0332,-0.0858,0.0208
natural/thyroid,easy,clean,full_cmc,0.0000,0.0000,0.0000
natural/thyroid,easy,clean,groupdro,-0.0779,-0.0977,-0.0600
natural/thyroid,easy,clean,locrand,-0.0092,-0.0146,-0.0038
natural/thyroid,easy,clean,locrand_loc,-0.0170,-0.0290,-0.0064
natural/thyroid,easy,clean,mask_bal,-0.0417,-0.0571,-0.0271
natural/thyroid,easy,clean,mask_balanced,-0.0461,-0.0592,-0.0339
natural/thyroid,easy,clean,mask_cfs,0.0021,-0.0007,0.0068
natural/thyroid,easy,clean,mask_cmc,-0.0598,-0.0738,-0.0465
natural/thyroid,easy,clean,mask_dfr,-0.0767,-0.1237,-0.0263
natural/thyroid,easy,clean,selector_v2,-0.0598,-0.0738,-0.0465
natural/thyroid,easy,clean,umte,-0.0025,-0.0186,0.0142
natural/thyroid,easy,clean,umte_balanced,-0.0387,-0.0579,-0.0204
natural/thyroid,easy,clean,umte_protect,0.0138,-0.0015,0.0302
natural/thyroid,hard,clean,afr,0.0000,0.0000,0.0000
natural/thyroid,hard,clean,balanced,0.1396,0.0663,0.2142
natural/thyroid,hard,clean,ens,0.0378,0.0259,0.0512
natural/thyroid,hard,clean,erm,0.0920,0.0174,0.1676
natural/thyroid,hard,clean,full_cmc,0.0000,0.0000,0.0000
natural/thyroid,hard,clean,groupdro,0.0809,0.0598,0.1035
natural/thyroid,hard,clean,locrand,0.0154,0.0084,0.0228
natural/thyroid,hard,clean,locrand_loc,0.0243,0.0098,0.0397
natural/thyroid,hard,clean,mask_bal,0.0477,0.0320,0.0657
natural/thyroid,hard,clean,mask_balanced,0.0529,0.0366,0.0702
natural/thyroid,hard,clean,mask_cfs,0.0060,0.0000,0.0167
natural/thyroid,hard,clean,mask_cmc,0.0844,0.0688,0.1013
natural/thyroid,hard,clean,mask_dfr,0.0299,-0.0213,0.0789
natural/thyroid,hard,clean,selector_v2,0.0844,0.0688,0.1013
natural/thyroid,hard,clean,umte,0.0346,0.0042,0.0669
natural/thyroid,hard,clean,umte_balanced,0.0749,0.0433,0.1096
natural/thyroid,hard,clean,umte_protect,-0.0723,-0.1047,-0.0414
natural/capsule,all,clean,afr,0.0000,0.0000,0.0000
natural/capsule,all,clean,balanced,-0.0682,-0.0867,-0.0521
natural/capsule,all,clean,ens,-0.0008,-0.0023,0.0003
natural/capsule,all,clean,erm,-0.0645,-0.0794,-0.0504
natural/capsule,all,clean,full_cmc,0.0000,0.0000,0.0000
natural/capsule,all,clean,groupdro,-0.0058,-0.0088,-0.0029
natural/capsule,all,clean,locrand,-0.0002,-0.0009,0.0001
natural/capsule,all,clean,locrand_loc,-0.0016,-0.0030,-0.0003
natural/capsule,all,clean,mask_bal,-0.0014,-0.0036,0.0002
natural/capsule,all,clean,mask_balanced,-0.0027,-0.0047,-0.0007
natural/capsule,all,clean,mask_cfs,0.0004,-0.0002,0.0013
natural/capsule,all,clean,mask_cmc,-0.0000,-0.0009,0.0008
natural/capsule,all,clean,mask_dfr,-0.1113,-0.1507,-0.0763
natural/capsule,all,clean,selector_v2,-0.0036,-0.0109,0.0002
natural/capsule,all,clean,umte,-0.0071,-0.0136,-0.0018
natural/capsule,all,clean,umte_balanced,-0.0084,-0.0131,-0.0041
natural/capsule,all,clean,umte_protect,-0.0152,-0.0206,-0.0100
natural/capsule,easy,clean,afr,0.0000,0.0000,0.0000
natural/capsule,easy,clean,balanced,-0.0728,-0.1039,-0.0460
natural/capsule,easy,clean,ens,-0.0023,-0.0047,-0.0003
natural/capsule,easy,clean,erm,-0.0761,-0.1074,-0.0493
natural/capsule,easy,clean,full_cmc,0.0000,0.0000,0.0000
natural/capsule,easy,clean,groupdro,-0.0116,-0.0179,-0.0066
natural/capsule,easy,clean,locrand,-0.0000,-0.0008,0.0006
natural/capsule,easy,clean,locrand_loc,-0.0020,-0.0052,0.0001
natural/capsule,easy,clean,mask_bal,-0.0032,-0.0067,-0.0005
natural/capsule,easy,clean,mask_balanced,-0.0071,-0.0117,-0.0035
natural/capsule,easy,clean,mask_cfs,0.0012,-0.0000,0.0034
natural/capsule,easy,clean,mask_cmc,-0.0042,-0.0069,-0.0015
natural/capsule,easy,clean,mask_dfr,-0.1196,-0.2096,-0.0537
natural/capsule,easy,clean,selector_v2,-0.0056,-0.0112,-0.0015
natural/capsule,easy,clean,umte,-0.0015,-0.0096,0.0051
natural/capsule,easy,clean,umte_balanced,-0.0078,-0.0152,-0.0009
natural/capsule,easy,clean,umte_protect,-0.0190,-0.0296,-0.0081
natural/capsule,hard,clean,afr,0.0000,0.0000,0.0000
natural/capsule,hard,clean,balanced,-0.0194,-0.0439,0.0040
natural/capsule,hard,clean,ens,0.0044,0.0005,0.0097
natural/capsule,hard,clean,erm,-0.0214,-0.0465,0.0022
natural/capsule,hard,clean,full_cmc,0.0000,0.0000,0.0000
natural/capsule,hard,clean,groupdro,0.0041,-0.0027,0.0112
natural/capsule,hard,clean,locrand,-0.0005,-0.0016,0.0001
natural/capsule,hard,clean,locrand_loc,-0.0002,-0.0027,0.0027
natural/capsule,hard,clean,mask_bal,0.0048,0.0003,0.0108
natural/capsule,hard,clean,mask_balanced,0.0070,0.0012,0.0135
natural/capsule,hard,clean,mask_cfs,0.0002,-0.0013,0.0018
natural/capsule,hard,clean,mask_cmc,0.0066,0.0028,0.0106
natural/capsule,hard,clean,mask_dfr,-0.0676,-0.1437,-0.0100
natural/capsule,hard,clean,selector_v2,0.0005,-0.0136,0.0096
natural/capsule,hard,clean,umte,-0.0076,-0.0187,0.0011
natural/capsule,hard,clean,umte_balanced,0.0035,-0.0033,0.0110
natural/capsule,hard,clean,umte_protect,-0.0120,-0.0242,-0.0026
natural/isic_BCN,all,clean,afr,0.0000,0.0000,0.0000
natural/isic_BCN,all,clean,balanced,0.0227,0.0127,0.0330
natural/isic_BCN,all,clean,ens,0.0036,0.0010,0.0062
natural/isic_BCN,all,clean,erm,0.0270,0.0170,0.0375
natural/isic_BCN,all,clean,full_cmc,0.0038,0.0000,0.0125
natural/isic_BCN,all,clean,groupdro,0.0017,-0.0029,0.0063
natural/isic_BCN,all,clean,locrand,0.0010,0.0000,0.0021
natural/isic_BCN,all,clean,locrand_loc,-0.0018,-0.0026,-0.0008
natural/isic_BCN,all,clean,mask_bal,0.0033,0.0001,0.0066
natural/isic_BCN,all,clean,mask_balanced,0.0035,0.0001,0.0069
natural/isic_BCN,all,clean,mask_cfs,0.0019,0.0000,0.0041
natural/isic_BCN,all,clean,mask_cmc,-0.0046,-0.0063,-0.0030
natural/isic_BCN,all,clean,mask_dfr,-0.0375,-0.0481,-0.0277
natural/isic_BCN,all,clean,selector_v2,0.0009,-0.0053,0.0111
natural/isic_BCN,all,clean,umte,0.0051,0.0006,0.0094
natural/isic_BCN,all,clean,umte_balanced,0.0095,0.0045,0.0147
natural/isic_BCN,all,clean,umte_protect,-0.0137,-0.0195,-0.0079
natural/isic_BCN,easy,clean,afr,0.0000,0.0000,0.0000
natural/isic_BCN,easy,clean,balanced,-0.0043,-0.0178,0.0094
natural/isic_BCN,easy,clean,ens,-0.0146,-0.0174,-0.0117
natural/isic_BCN,easy,clean,erm,0.0154,0.0018,0.0290
natural/isic_BCN,easy,clean,full_cmc,-0.0058,-0.0185,0.0000
natural/isic_BCN,easy,clean,groupdro,-0.0284,-0.0342,-0.0225
natural/isic_BCN,easy,clean,locrand,0.0007,0.0000,0.0017
natural/isic_BCN,easy,clean,locrand_loc,-0.0025,-0.0037,-0.0012
natural/isic_BCN,easy,clean,mask_bal,-0.0193,-0.0237,-0.0151
natural/isic_BCN,easy,clean,mask_balanced,-0.0205,-0.0243,-0.0168
natural/isic_BCN,easy,clean,mask_cfs,0.0012,0.0000,0.0029
natural/isic_BCN,easy,clean,mask_cmc,-0.0369,-0.0408,-0.0335
natural/isic_BCN,easy,clean,mask_dfr,-0.0686,-0.1118,-0.0384
natural/isic_BCN,easy,clean,selector_v2,-0.0324,-0.0398,-0.0236
natural/isic_BCN,easy,clean,umte,0.0046,0.0001,0.0092
natural/isic_BCN,easy,clean,umte_balanced,-0.0134,-0.0192,-0.0075
natural/isic_BCN,easy,clean,umte_protect,-0.0227,-0.0308,-0.0147
natural/isic_BCN,hard,clean,afr,0.0000,0.0000,0.0000
natural/isic_BCN,hard,clean,balanced,0.0541,0.0388,0.0695
natural/isic_BCN,hard,clean,ens,0.0275,0.0223,0.0325
natural/isic_BCN,hard,clean,erm,0.0345,0.0174,0.0515
natural/isic_BCN,hard,clean,full_cmc,0.0143,0.0000,0.0449
natural/isic_BCN,hard,clean,groupdro,0.0384,0.0304,0.0465
natural/isic_BCN,hard,clean,locrand,0.0012,0.0000,0.0027
natural/isic_BCN,hard,clean,locrand_loc,-0.0002,-0.0012,0.0007
natural/isic_BCN,hard,clean,mask_bal,0.0328,0.0264,0.0397
natural/isic_BCN,hard,clean,mask_balanced,0.0348,0.0281,0.0412
natural/isic_BCN,hard,clean,mask_cfs,0.0022,0.0000,0.0049
natural/isic_BCN,hard,clean,mask_cmc,0.0363,0.0333,0.0397
natural/isic_BCN,hard,clean,mask_dfr,-0.0070,-0.0331,0.0212
natural/isic_BCN,hard,clean,selector_v2,0.0414,0.0294,0.0588
natural/isic_BCN,hard,clean,umte,0.0030,-0.0045,0.0105
natural/isic_BCN,hard,clean,umte_balanced,0.0377,0.0291,0.0465
natural/isic_BCN,hard,clean,umte_protect,-0.0017,-0.0084,0.0051
natural/isic_HAM,all,clean,afr,0.0000,0.0000,0.0000
natural/isic_HAM,all,clean,balanced,-0.0414,-0.0567,-0.0259
natural/isic_HAM,all,clean,ens,0.0032,-0.0006,0.0077
natural/isic_HAM,all,clean,erm,-0.0368,-0.0518,-0.0221
natural/isic_HAM,all,clean,full_cmc,-0.0378,-0.0527,-0.0232
natural/isic_HAM,all,clean,groupdro,-0.0006,-0.0068,0.0055
natural/isic_HAM,all,clean,locrand,-0.0000,-0.0004,0.0004
natural/isic_HAM,all,clean,locrand_loc,0.0005,-0.0007,0.0018
natural/isic_HAM,all,clean,mask_bal,0.0029,-0.0010,0.0078
natural/isic_HAM,all,clean,mask_balanced,0.0022,-0.0024,0.0075
natural/isic_HAM,all,clean,mask_cfs,0.0000,0.0000,0.0000
natural/isic_HAM,all,clean,mask_cmc,-0.0027,-0.0083,0.0017
natural/isic_HAM,all,clean,mask_dfr,-0.0567,-0.1073,-0.0216
natural/isic_HAM,all,clean,selector_v2,-0.0378,-0.0527,-0.0232
natural/isic_HAM,all,clean,umte,0.0104,0.0036,0.0173
natural/isic_HAM,all,clean,umte_balanced,0.0156,0.0060,0.0254
natural/isic_HAM,all,clean,umte_protect,-0.0092,-0.0166,-0.0023
natural/isic_HAM,easy,clean,afr,0.0000,0.0000,0.0000
natural/isic_HAM,easy,clean,balanced,-0.0516,-0.0784,-0.0247
natural/isic_HAM,easy,clean,ens,-0.0183,-0.0263,-0.0079
natural/isic_HAM,easy,clean,erm,-0.0216,-0.0470,0.0041
natural/isic_HAM,easy,clean,full_cmc,-0.0478,-0.0746,-0.0208
natural/isic_HAM,easy,clean,groupdro,-0.0604,-0.0746,-0.0462
natural/isic_HAM,easy,clean,locrand,-0.0004,-0.0011,0.0001
natural/isic_HAM,easy,clean,locrand_loc,-0.0018,-0.0040,-0.0002
natural/isic_HAM,easy,clean,mask_bal,-0.0209,-0.0289,-0.0112
natural/isic_HAM,easy,clean,mask_balanced,-0.0270,-0.0370,-0.0144
natural/isic_HAM,easy,clean,mask_cfs,0.0000,0.0000,0.0000
natural/isic_HAM,easy,clean,mask_cmc,-0.0500,-0.0721,-0.0236
natural/isic_HAM,easy,clean,mask_dfr,-0.0835,-0.1343,-0.0349
natural/isic_HAM,easy,clean,selector_v2,-0.0478,-0.0746,-0.0208
natural/isic_HAM,easy,clean,umte,0.0017,-0.0090,0.0120
natural/isic_HAM,easy,clean,umte_balanced,-0.0195,-0.0337,-0.0039
natural/isic_HAM,easy,clean,umte_protect,0.0108,0.0015,0.0217
natural/isic_HAM,hard,clean,afr,0.0000,0.0000,0.0000
natural/isic_HAM,hard,clean,balanced,-0.0072,-0.0300,0.0146
natural/isic_HAM,hard,clean,ens,0.0378,0.0307,0.0445
natural/isic_HAM,hard,clean,erm,-0.0384,-0.0599,-0.0175
natural/isic_HAM,hard,clean,full_cmc,-0.0065,-0.0274,0.0143
natural/isic_HAM,hard,clean,groupdro,0.0812,0.0692,0.0939
natural/isic_HAM,hard,clean,locrand,0.0004,-0.0003,0.0011
natural/isic_HAM,hard,clean,locrand_loc,0.0034,0.0008,0.0065
natural/isic_HAM,hard,clean,mask_bal,0.0410,0.0338,0.0486
natural/isic_HAM,hard,clean,mask_balanced,0.0484,0.0390,0.0573
natural/isic_HAM,hard,clean,mask_cfs,0.0000,0.0000,0.0000
natural/isic_HAM,hard,clean,mask_cmc,0.0616,0.0292,0.0870
natural/isic_HAM,hard,clean,mask_dfr,-0.0207,-0.0878,0.0279
natural/isic_HAM,hard,clean,selector_v2,-0.0065,-0.0274,0.0143
natural/isic_HAM,hard,clean,umte,0.0213,0.0113,0.0333
natural/isic_HAM,hard,clean,umte_balanced,0.0650,0.0517,0.0791
natural/isic_HAM,hard,clean,umte_protect,-0.0317,-0.0441,-0.0210
natural/isic_MSK,all,clean,afr,0.0000,0.0000,0.0000
natural/isic_MSK,all,clean,balanced,-0.0172,-0.0396,0.0052
natural/isic_MSK,all,clean,ens,-0.0022,-0.0060,0.0017
natural/isic_MSK,all,clean,erm,-0.0145,-0.0369,0.0078
natural/isic_MSK,all,clean,full_cmc,-0.0202,-0.0439,0.0034
natural/isic_MSK,all,clean,groupdro,-0.0104,-0.0189,-0.0020
natural/isic_MSK,all,clean,locrand,0.0001,-0.0000,0.0003
natural/isic_MSK,all,clean,locrand_loc,0.0011,-0.0006,0.0028
natural/isic_MSK,all,clean,mask_bal,-0.0056,-0.0112,-0.0003
natural/isic_MSK,all,clean,mask_balanced,-0.0056,-0.0112,-0.0003
natural/isic_MSK,all,clean,mask_cfs,0.0003,-0.0003,0.0012
natural/isic_MSK,all,clean,mask_cmc,-0.0021,-0.0060,0.0017
natural/isic_MSK,all,clean,mask_dfr,-0.0451,-0.0834,-0.0131
natural/isic_MSK,all,clean,selector_v2,-0.0202,-0.0439,0.0034
natural/isic_MSK,all,clean,umte,-0.0060,-0.0121,0.0002
natural/isic_MSK,all,clean,umte_balanced,-0.0133,-0.0220,-0.0050
natural/isic_MSK,all,clean,umte_protect,-0.0023,-0.0111,0.0066
natural/isic_MSK,easy,clean,afr,0.0000,0.0000,0.0000
natural/isic_MSK,easy,clean,balanced,-0.1146,-0.1627,-0.0697
natural/isic_MSK,easy,clean,ens,-0.0180,-0.0266,-0.0091
natural/isic_MSK,easy,clean,erm,-0.0840,-0.1311,-0.0411
natural/isic_MSK,easy,clean,full_cmc,-0.1413,-0.1915,-0.0955
natural/isic_MSK,easy,clean,groupdro,-0.0558,-0.0775,-0.0353
natural/isic_MSK,easy,clean,locrand,0.0001,-0.0002,0.0004
natural/isic_MSK,easy,clean,locrand_loc,-0.0018,-0.0052,0.0014
natural/isic_MSK,easy,clean,mask_bal,-0.0285,-0.0400,-0.0170
natural/isic_MSK,easy,clean,mask_balanced,-0.0285,-0.0400,-0.0170
natural/isic_MSK,easy,clean,mask_cfs,0.0013,-0.0000,0.0036
natural/isic_MSK,easy,clean,mask_cmc,-0.0451,-0.0576,-0.0337
natural/isic_MSK,easy,clean,mask_dfr,-0.0923,-0.1490,-0.0465
natural/isic_MSK,easy,clean,selector_v2,-0.1413,-0.1915,-0.0955
natural/isic_MSK,easy,clean,umte,-0.0004,-0.0119,0.0113
natural/isic_MSK,easy,clean,umte_balanced,-0.0261,-0.0431,-0.0090
natural/isic_MSK,easy,clean,umte_protect,-0.0206,-0.0345,-0.0065
natural/isic_MSK,hard,clean,afr,0.0000,0.0000,0.0000
natural/isic_MSK,hard,clean,balanced,0.1016,0.0617,0.1424
natural/isic_MSK,hard,clean,ens,0.0338,0.0229,0.0438
natural/isic_MSK,hard,clean,erm,0.0650,0.0229,0.1081
natural/isic_MSK,hard,clean,full_cmc,0.1261,0.0852,0.1676
natural/isic_MSK,hard,clean,groupdro,0.0803,0.0608,0.1001
natural/isic_MSK,hard,clean,locrand,0.0003,-0.0001,0.0009
natural/isic_MSK,hard,clean,locrand_loc,0.0054,0.0017,0.0091
natural/isic_MSK,hard,clean,mask_bal,0.0445,0.0298,0.0577
natural/isic_MSK,hard,clean,mask_balanced,0.0445,0.0298,0.0577
natural/isic_MSK,hard,clean,mask_cfs,0.0003,-0.0014,0.0021
natural/isic_MSK,hard,clean,mask_cmc,0.0704,0.0590,0.0822
natural/isic_MSK,hard,clean,mask_dfr,0.0390,-0.0020,0.0780
natural/isic_MSK,hard,clean,selector_v2,0.1261,0.0852,0.1676
natural/isic_MSK,hard,clean,umte,-0.0097,-0.0222,0.0027
natural/isic_MSK,hard,clean,umte_balanced,0.0292,0.0068,0.0488
natural/isic_MSK,hard,clean,umte_protect,0.0403,0.0203,0.0605
natural/isic2020,all,clean,afr,0.0000,0.0000,0.0000
natural/isic2020,all,clean,balanced,-0.0254,-0.0456,-0.0057
natural/isic2020,all,clean,ens,-0.0081,-0.0134,-0.0023
natural/isic2020,all,clean,erm,-0.0118,-0.0311,0.0067
natural/isic2020,all,clean,full_cmc,-0.0324,-0.0531,-0.0123
natural/isic2020,all,clean,groupdro,-0.0260,-0.0335,-0.0188
natural/isic2020,all,clean,locrand,-0.0000,-0.0001,0.0001
natural/isic2020,all,clean,locrand_loc,-0.0009,-0.0025,0.0005
natural/isic2020,all,clean,mask_bal,-0.0110,-0.0164,-0.0054
natural/isic2020,all,clean,mask_balanced,-0.0135,-0.0198,-0.0065
natural/isic2020,all,clean,mask_cfs,0.0010,-0.0001,0.0027
natural/isic2020,all,clean,mask_cmc,-0.0211,-0.0267,-0.0158
natural/isic2020,all,clean,mask_dfr,-0.0478,-0.0624,-0.0333
natural/isic2020,all,clean,selector_v2,-0.0324,-0.0531,-0.0123
natural/isic2020,all,clean,umte,-0.0158,-0.0213,-0.0103
natural/isic2020,all,clean,umte_balanced,-0.0347,-0.0429,-0.0268
natural/isic2020,all,clean,umte_protect,-0.0022,-0.0118,0.0080
natural/isic2020,easy,clean,afr,0.0000,0.0000,0.0000
natural/isic2020,easy,clean,balanced,-0.1083,-0.1549,-0.0627
natural/isic2020,easy,clean,ens,-0.0334,-0.0506,-0.0162
natural/isic2020,easy,clean,erm,-0.0561,-0.0989,-0.0142
natural/isic2020,easy,clean,full_cmc,-0.1274,-0.1787,-0.0769
natural/isic2020,easy,clean,groupdro,-0.0907,-0.1117,-0.0719
natural/isic2020,easy,clean,locrand,-0.0001,-0.0005,0.0001
natural/isic2020,easy,clean,locrand_loc,-0.0046,-0.0093,-0.0011
natural/isic2020,easy,clean,mask_bal,-0.0427,-0.0629,-0.0235
natural/isic2020,easy,clean,mask_balanced,-0.0488,-0.0711,-0.0266
natural/isic2020,easy,clean,mask_cfs,0.0019,-0.0018,0.0076
natural/isic2020,easy,clean,mask_cmc,-0.1163,-0.1389,-0.0944
natural/isic2020,easy,clean,mask_dfr,-0.0707,-0.1159,-0.0313
natural/isic2020,easy,clean,selector_v2,-0.1274,-0.1787,-0.0769
natural/isic2020,easy,clean,umte,-0.0239,-0.0379,-0.0102
natural/isic2020,easy,clean,umte_balanced,-0.0830,-0.1095,-0.0563
natural/isic2020,easy,clean,umte_protect,0.0097,-0.0144,0.0347
natural/isic2020,hard,clean,afr,0.0000,0.0000,0.0000
natural/isic2020,hard,clean,balanced,0.0868,0.0644,0.1091
natural/isic2020,hard,clean,ens,0.0302,0.0211,0.0378
natural/isic2020,hard,clean,erm,0.0551,0.0326,0.0777
natural/isic2020,hard,clean,full_cmc,0.0907,0.0677,0.1138
natural/isic2020,hard,clean,groupdro,0.0598,0.0490,0.0712
natural/isic2020,hard,clean,locrand,0.0002,0.0000,0.0005
natural/isic2020,hard,clean,locrand_loc,0.0027,0.0005,0.0053
natural/isic2020,hard,clean,mask_bal,0.0352,0.0242,0.0456
natural/isic2020,hard,clean,mask_balanced,0.0384,0.0261,0.0484
natural/isic2020,hard,clean,mask_cfs,0.0020,0.0002,0.0044
natural/isic2020,hard,clean,mask_cmc,0.0779,0.0686,0.0878
natural/isic2020,hard,clean,mask_dfr,-0.0043,-0.0334,0.0228
natural/isic2020,hard,clean,selector_v2,0.0907,0.0677,0.1138
natural/isic2020,hard,clean,umte,0.0029,-0.0046,0.0105
natural/isic2020,hard,clean,umte_balanced,0.0426,0.0303,0.0545
natural/isic2020,hard,clean,umte_protect,-0.0399,-0.0609,-0.0212
trap_medsiglip448/thyroid,trapA,clean,afr,-0.0002,-0.0022,0.0014
trap_medsiglip448/thyroid,trapA,clean,balanced,0.0641,0.0372,0.0903
trap_medsiglip448/thyroid,trapA,clean,ens,0.0999,0.0870,0.1130
trap_medsiglip448/thyroid,trapA,clean,erm,-0.0500,-0.0679,-0.0323
trap_medsiglip448/thyroid,trapA,clean,full_cmc,0.0160,0.0004,0.0346
trap_medsiglip448/thyroid,trapA,clean,groupdro,0.0957,0.0818,0.1101
trap_medsiglip448/thyroid,trapA,clean,mask_bal,0.1167,0.0975,0.1358
trap_medsiglip448/thyroid,trapA,clean,mask_balanced,0.1167,0.0975,0.1358
trap_medsiglip448/thyroid,trapA,clean,mask_cfs,-0.0093,-0.0219,0.0021
trap_medsiglip448/thyroid,trapA,clean,mask_cmc,0.1157,0.0979,0.1341
trap_medsiglip448/thyroid,trapA,clean,mask_dfr,0.1149,0.0916,0.1387
trap_medsiglip448/thyroid,trapA,clean,selector_v2,0.1177,0.0977,0.1381
trap_medsiglip448/thyroid,trapA,clean,umte,0.0240,0.0038,0.0447
trap_medsiglip448/thyroid,trapA,clean,umte_balanced,0.1242,0.1025,0.1461
trap_medsiglip448/thyroid,trapA,clean,umte_protect,0.0387,0.0176,0.0601
trap_medsiglip448/thyroid,trapA,test_corr,afr,-0.0004,-0.0029,0.0013
trap_medsiglip448/thyroid,trapA,test_corr,balanced,-0.1398,-0.1795,-0.1021
trap_medsiglip448/thyroid,trapA,test_corr,ens,-0.0415,-0.0540,-0.0297
trap_medsiglip448/thyroid,trapA,test_corr,erm,-0.0098,-0.0244,0.0046
trap_medsiglip448/thyroid,trapA,test_corr,full_cmc,-0.0392,-0.0609,-0.0171
trap_medsiglip448/thyroid,trapA,test_corr,groupdro,-0.0471,-0.0593,-0.0355
trap_medsiglip448/thyroid,trapA,test_corr,mask_bal,-0.1052,-0.1332,-0.0776
trap_medsiglip448/thyroid,trapA,test_corr,mask_balanced,-0.1052,-0.1332,-0.0776
trap_medsiglip448/thyroid,trapA,test_corr,mask_cfs,-0.0395,-0.0585,-0.0185
trap_medsiglip448/thyroid,trapA,test_corr,mask_cmc,-0.0796,-0.0973,-0.0629
trap_medsiglip448/thyroid,trapA,test_corr,mask_dfr,-0.1568,-0.1815,-0.1331
trap_medsiglip448/thyroid,trapA,test_corr,selector_v2,-0.1062,-0.1289,-0.0850
trap_medsiglip448/thyroid,trapA,test_corr,umte,-0.1073,-0.1312,-0.0847
trap_medsiglip448/thyroid,trapA,test_corr,umte_balanced,-0.1124,-0.1360,-0.0902
trap_medsiglip448/thyroid,trapA,test_corr,umte_protect,-0.1401,-0.1664,-0.1143
trap_medsiglip448/thyroid,trapA,test_rev,afr,0.0037,0.0000,0.0118
trap_medsiglip448/thyroid,trapA,test_rev,balanced,0.3635,0.3353,0.3914
trap_medsiglip448/thyroid,trapA,test_rev,ens,0.3137,0.2961,0.3310
trap_medsiglip448/thyroid,trapA,test_rev,erm,-0.0621,-0.0814,-0.0428
trap_medsiglip448/thyroid,trapA,test_rev,full_cmc,0.1191,0.0559,0.1697
trap_medsiglip448/thyroid,trapA,test_rev,groupdro,0.3109,0.2940,0.3281
trap_medsiglip448/thyroid,trapA,test_rev,mask_bal,0.4284,0.4000,0.4569
trap_medsiglip448/thyroid,trapA,test_rev,mask_balanced,0.4284,0.4000,0.4569
trap_medsiglip448/thyroid,trapA,test_rev,mask_cfs,0.0708,0.0378,0.1011
trap_medsiglip448/thyroid,trapA,test_rev,mask_cmc,0.3970,0.3729,0.4236
trap_medsiglip448/thyroid,trapA,test_rev,mask_dfr,0.4745,0.4517,0.4968
trap_medsiglip448/thyroid,trapA,test_rev,selector_v2,0.4299,0.4012,0.4592
trap_medsiglip448/thyroid,trapA,test_rev,umte,0.2397,0.2089,0.2685
trap_medsiglip448/thyroid,trapA,test_rev,umte_balanced,0.4534,0.4310,0.4761
trap_medsiglip448/thyroid,trapA,test_rev,umte_protect,0.3022,0.2668,0.3384
trap_medsiglip448/thyroid,trapB,clean,afr,0.0000,0.0000,0.0000
trap_medsiglip448/thyroid,trapB,clean,balanced,-0.1026,-0.1501,-0.0562
trap_medsiglip448/thyroid,trapB,clean,ens,0.0088,-0.0014,0.0200
trap_medsiglip448/thyroid,trapB,clean,erm,-0.1354,-0.1847,-0.0891
trap_medsiglip448/thyroid,trapB,clean,full_cmc,0.0000,0.0000,0.0000
trap_medsiglip448/thyroid,trapB,clean,groupdro,0.0132,-0.0038,0.0309
trap_medsiglip448/thyroid,trapB,clean,mask_bal,0.0044,-0.0068,0.0163
trap_medsiglip448/thyroid,trapB,clean,mask_balanced,0.0010,-0.0164,0.0183
trap_medsiglip448/thyroid,trapB,clean,mask_cfs,0.0151,0.0045,0.0253
trap_medsiglip448/thyroid,trapB,clean,mask_cmc,0.0030,-0.0102,0.0160
trap_medsiglip448/thyroid,trapB,clean,mask_dfr,-0.0263,-0.0548,0.0011
trap_medsiglip448/thyroid,trapB,clean,selector_v2,0.0115,-0.0023,0.0260
trap_medsiglip448/thyroid,trapB,clean,umte,0.0177,-0.0027,0.0372
trap_medsiglip448/thyroid,trapB,clean,umte_balanced,0.0250,0.0045,0.0456
trap_medsiglip448/thyroid,trapB,clean,umte_protect,0.0022,-0.0171,0.0213
trap_medsiglip448/thyroid,trapB,test_corr,afr,0.0000,0.0000,0.0000
trap_medsiglip448/thyroid,trapB,test_corr,balanced,-0.1352,-0.1880,-0.0814
trap_medsiglip448/thyroid,trapB,test_corr,ens,-0.0110,-0.0237,0.0026
trap_medsiglip448/thyroid,trapB,test_corr,erm,-0.0193,-0.0728,0.0333
trap_medsiglip448/thyroid,trapB,test_corr,full_cmc,0.0000,0.0000,0.0000
trap_medsiglip448/thyroid,trapB,test_corr,groupdro,-0.0015,-0.0238,0.0228
trap_medsiglip448/thyroid,trapB,test_corr,mask_bal,-0.0154,-0.0304,-0.0007
trap_medsiglip448/thyroid,trapB,test_corr,mask_balanced,-0.0352,-0.0564,-0.0127
trap_medsiglip448/thyroid,trapB,test_corr,mask_cfs,0.0110,-0.0002,0.0228
trap_medsiglip448/thyroid,trapB,test_corr,mask_cmc,-0.0123,-0.0259,0.0011
trap_medsiglip448/thyroid,trapB,test_corr,mask_dfr,-0.0740,-0.1067,-0.0416
trap_medsiglip448/thyroid,trapB,test_corr,selector_v2,-0.0102,-0.0270,0.0081
trap_medsiglip448/thyroid,trapB,test_corr,umte,0.0147,-0.0058,0.0358
trap_medsiglip448/thyroid,trapB,test_corr,umte_balanced,-0.0082,-0.0359,0.0206
trap_medsiglip448/thyroid,trapB,test_corr,umte_protect,0.0025,-0.0215,0.0263
trap_medsiglip448/thyroid,trapB,test_rev,afr,0.0000,0.0000,0.0000
trap_medsiglip448/thyroid,trapB,test_rev,balanced,-0.0470,-0.0955,0.0011
trap_medsiglip448/thyroid,trapB,test_rev,ens,0.0363,0.0234,0.0503
trap_medsiglip448/thyroid,trapB,test_rev,erm,-0.2470,-0.2924,-0.2009
trap_medsiglip448/thyroid,trapB,test_rev,full_cmc,0.0000,0.0000,0.0000
trap_medsiglip448/thyroid,trapB,test_rev,groupdro,0.0349,0.0197,0.0497
trap_medsiglip448/thyroid,trapB,test_rev,mask_bal,0.0314,0.0173,0.0478
trap_medsiglip448/thyroid,trapB,test_rev,mask_balanced,0.0438,0.0277,0.0617
trap_medsiglip448/thyroid,trapB,test_rev,mask_cfs,0.0172,0.0066,0.0283
trap_medsiglip448/thyroid,trapB,test_rev,mask_cmc,0.0249,0.0148,0.0366
trap_medsiglip448/thyroid,trapB,test_rev,mask_dfr,0.0348,0.0076,0.0626
trap_medsiglip448/thyroid,trapB,test_rev,selector_v2,0.0382,0.0216,0.0574
trap_medsiglip448/thyroid,trapB,test_rev,umte,0.0254,0.0053,0.0455
trap_medsiglip448/thyroid,trapB,test_rev,umte_balanced,0.0647,0.0425,0.0877
trap_medsiglip448/thyroid,trapB,test_rev,umte_protect,0.0091,-0.0084,0.0272
trap_medsiglip448/thyroid,trapA,min_rev_corr,afr,0.0037,0.0000,0.0118
trap_medsiglip448/thyroid,trapA,min_rev_corr,balanced,0.3635,0.3353,0.3911
trap_medsiglip448/thyroid,trapA,min_rev_corr,ens,0.3137,0.2961,0.3310
trap_medsiglip448/thyroid,trapA,min_rev_corr,erm,-0.0621,-0.0814,-0.0428
trap_medsiglip448/thyroid,trapA,min_rev_corr,full_cmc,0.1191,0.0559,0.1697
trap_medsiglip448/thyroid,trapA,min_rev_corr,groupdro,0.3109,0.2940,0.3281
trap_medsiglip448/thyroid,trapA,min_rev_corr,mask_bal,0.4284,0.3999,0.4549
trap_medsiglip448/thyroid,trapA,min_rev_corr,mask_balanced,0.4284,0.3999,0.4549
trap_medsiglip448/thyroid,trapA,min_rev_corr,mask_cfs,0.0708,0.0378,0.1011
trap_medsiglip448/thyroid,trapA,min_rev_corr,mask_cmc,0.3970,0.3729,0.4236
trap_medsiglip448/thyroid,trapA,min_rev_corr,mask_dfr,0.4146,0.3804,0.4482
trap_medsiglip448/thyroid,trapA,min_rev_corr,selector_v2,0.4299,0.4012,0.4582
trap_medsiglip448/thyroid,trapA,min_rev_corr,umte,0.2397,0.2089,0.2685
trap_medsiglip448/thyroid,trapA,min_rev_corr,umte_balanced,0.4534,0.4246,0.4726
trap_medsiglip448/thyroid,trapA,min_rev_corr,umte_protect,0.3022,0.2668,0.3384
trap_medsiglip448/thyroid,trapB,min_rev_corr,afr,0.0000,0.0000,0.0000
trap_medsiglip448/thyroid,trapB,min_rev_corr,balanced,-0.0729,-0.1245,-0.0325
trap_medsiglip448/thyroid,trapB,min_rev_corr,ens,0.0363,0.0034,0.0493
trap_medsiglip448/thyroid,trapB,min_rev_corr,erm,-0.2470,-0.2924,-0.2009
trap_medsiglip448/thyroid,trapB,min_rev_corr,full_cmc,0.0000,0.0000,0.0000
trap_medsiglip448/thyroid,trapB,min_rev_corr,groupdro,0.0349,0.0116,0.0494
trap_medsiglip448/thyroid,trapB,min_rev_corr,mask_bal,0.0314,-0.0016,0.0471
trap_medsiglip448/thyroid,trapB,min_rev_corr,mask_balanced,0.0270,-0.0227,0.0555
trap_medsiglip448/thyroid,trapB,min_rev_corr,mask_cfs,0.0172,0.0065,0.0282
trap_medsiglip448/thyroid,trapB,min_rev_corr,mask_cmc,0.0249,0.0006,0.0362
trap_medsiglip448/thyroid,trapB,min_rev_corr,mask_dfr,-0.0117,-0.0618,0.0347
trap_medsiglip448/thyroid,trapB,min_rev_corr,selector_v2,0.0382,0.0030,0.0566
trap_medsiglip448/thyroid,trapB,min_rev_corr,umte,0.0254,0.0052,0.0454
trap_medsiglip448/thyroid,trapB,min_rev_corr,umte_balanced,0.0540,0.0053,0.0817
trap_medsiglip448/thyroid,trapB,min_rev_corr,umte_protect,0.0091,-0.0085,0.0272
trap_medsiglip448/capsule,trapA,clean,afr,-0.0034,-0.0124,0.0048
trap_medsiglip448/capsule,trapA,clean,balanced,0.0017,-0.0184,0.0215
trap_medsiglip448/capsule,trapA,clean,ens,0.0393,0.0296,0.0500
trap_medsiglip448/capsule,trapA,clean,erm,-0.0564,-0.0755,-0.0379
trap_medsiglip448/capsule,trapA,clean,full_cmc,-0.0077,-0.0178,0.0010
trap_medsiglip448/capsule,trapA,clean,groupdro,0.0512,0.0406,0.0625
trap_medsiglip448/capsule,trapA,clean,mask_bal,0.0426,0.0286,0.0573
trap_medsiglip448/capsule,trapA,clean,mask_balanced,0.0449,0.0313,0.0593
trap_medsiglip448/capsule,trapA,clean,mask_cfs,0.0001,-0.0002,0.0005
trap_medsiglip448/capsule,trapA,clean,mask_cmc,0.0466,0.0300,0.0629
trap_medsiglip448/capsule,trapA,clean,mask_dfr,0.0480,0.0301,0.0667
trap_medsiglip448/capsule,trapA,clean,selector_v2,0.0494,0.0336,0.0646
trap_medsiglip448/capsule,trapA,clean,umte,-0.0883,-0.1020,-0.0753
trap_medsiglip448/capsule,trapA,clean,umte_balanced,0.0344,0.0172,0.0514
trap_medsiglip448/capsule,trapA,clean,umte_protect,-0.0147,-0.0214,-0.0083
trap_medsiglip448/capsule,trapA,test_corr,afr,-0.0079,-0.0177,-0.0006
trap_medsiglip448/capsule,trapA,test_corr,balanced,-0.0426,-0.0617,-0.0257
trap_medsiglip448/capsule,trapA,test_corr,ens,-0.0053,-0.0125,0.0005
trap_medsiglip448/capsule,trapA,test_corr,erm,-0.0164,-0.0276,-0.0064
trap_medsiglip448/capsule,trapA,test_corr,full_cmc,-0.0138,-0.0259,-0.0040
trap_medsiglip448/capsule,trapA,test_corr,groupdro,-0.0063,-0.0133,0.0003
trap_medsiglip448/capsule,trapA,test_corr,mask_bal,-0.0171,-0.0311,-0.0055
trap_medsiglip448/capsule,trapA,test_corr,mask_balanced,-0.0213,-0.0348,-0.0100
trap_medsiglip448/capsule,trapA,test_corr,mask_cfs,0.0001,-0.0001,0.0005
trap_medsiglip448/capsule,trapA,test_corr,mask_cmc,-0.0103,-0.0195,-0.0026
trap_medsiglip448/capsule,trapA,test_corr,mask_dfr,-0.0496,-0.0692,-0.0310
trap_medsiglip448/capsule,trapA,test_corr,selector_v2,-0.0119,-0.0220,-0.0035
trap_medsiglip448/capsule,trapA,test_corr,umte,-0.0107,-0.0170,-0.0042
trap_medsiglip448/capsule,trapA,test_corr,umte_balanced,-0.0411,-0.0604,-0.0238
trap_medsiglip448/capsule,trapA,test_corr,umte_protect,-0.0050,-0.0094,-0.0012
trap_medsiglip448/capsule,trapA,test_rev,afr,0.0188,-0.0017,0.0478
trap_medsiglip448/capsule,trapA,test_rev,balanced,0.0978,0.0679,0.1289
trap_medsiglip448/capsule,trapA,test_rev,ens,0.1305,0.1106,0.1494
trap_medsiglip448/capsule,trapA,test_rev,erm,-0.1090,-0.1373,-0.0805
trap_medsiglip448/capsule,trapA,test_rev,full_cmc,0.0227,0.0055,0.0416
trap_medsiglip448/capsule,trapA,test_rev,groupdro,0.1588,0.1427,0.1758
trap_medsiglip448/capsule,trapA,test_rev,mask_bal,0.1616,0.1345,0.1875
trap_medsiglip448/capsule,trapA,test_rev,mask_balanced,0.1745,0.1536,0.1952
trap_medsiglip448/capsule,trapA,test_rev,mask_cfs,-0.0001,-0.0007,0.0004
trap_medsiglip448/capsule,trapA,test_rev,mask_cmc,0.1591,0.1276,0.1888
trap_medsiglip448/capsule,trapA,test_rev,mask_dfr,0.2045,0.1777,0.2323
trap_medsiglip448/capsule,trapA,test_rev,selector_v2,0.1704,0.1403,0.1969
trap_medsiglip448/capsule,trapA,test_rev,umte,-0.2231,-0.2446,-0.2016
trap_medsiglip448/capsule,trapA,test_rev,umte_balanced,0.1683,0.1438,0.1939
trap_medsiglip448/capsule,trapA,test_rev,umte_protect,-0.0229,-0.0343,-0.0117
trap_medsiglip448/capsule,trapB,clean,afr,-0.0012,-0.0039,0.0000
trap_medsiglip448/capsule,trapB,clean,balanced,-0.1255,-0.1544,-0.0971
trap_medsiglip448/capsule,trapB,clean,ens,0.0048,0.0012,0.0086
trap_medsiglip448/capsule,trapB,clean,erm,-0.1885,-0.2196,-0.1580
trap_medsiglip448/capsule,trapB,clean,full_cmc,0.0000,0.0000,0.0000
trap_medsiglip448/capsule,trapB,clean,groupdro,0.0082,0.0040,0.0129
trap_medsiglip448/capsule,trapB,clean,mask_bal,0.0037,-0.0013,0.0088
trap_medsiglip448/capsule,trapB,clean,mask_balanced,0.0045,-0.0006,0.0096
trap_medsiglip448/capsule,trapB,clean,mask_cfs,0.0003,-0.0020,0.0027
trap_medsiglip448/capsule,trapB,clean,mask_cmc,0.0042,-0.0001,0.0083
trap_medsiglip448/capsule,trapB,clean,mask_dfr,-0.0166,-0.0281,-0.0050
trap_medsiglip448/capsule,trapB,clean,selector_v2,0.0051,0.0011,0.0092
trap_medsiglip448/capsule,trapB,clean,umte,-0.0238,-0.0335,-0.0142
trap_medsiglip448/capsule,trapB,clean,umte_balanced,-0.0099,-0.0200,0.0005
trap_medsiglip448/capsule,trapB,clean,umte_protect,-0.0057,-0.0130,0.0014
trap_medsiglip448/capsule,trapB,test_corr,afr,-0.0011,-0.0035,0.0000
trap_medsiglip448/capsule,trapB,test_corr,balanced,-0.0507,-0.0710,-0.0299
trap_medsiglip448/capsule,trapB,test_corr,ens,-0.0047,-0.0089,-0.0013
trap_medsiglip448/capsule,trapB,test_corr,erm,-0.0123,-0.0279,0.0044
trap_medsiglip448/capsule,trapB,test_corr,full_cmc,0.0000,0.0000,0.0000
trap_medsiglip448/capsule,trapB,test_corr,groupdro,-0.0021,-0.0057,0.0014
trap_medsiglip448/capsule,trapB,test_corr,mask_bal,-0.0077,-0.0130,-0.0035
trap_medsiglip448/capsule,trapB,test_corr,mask_balanced,-0.0093,-0.0153,-0.0043
trap_medsiglip448/capsule,trapB,test_corr,mask_cfs,0.0004,-0.0013,0.0024
trap_medsiglip448/capsule,trapB,test_corr,mask_cmc,-0.0052,-0.0103,-0.0007
trap_medsiglip448/capsule,trapB,test_corr,mask_dfr,-0.0405,-0.0556,-0.0265
trap_medsiglip448/capsule,trapB,test_corr,selector_v2,-0.0071,-0.0122,-0.0030
trap_medsiglip448/capsule,trapB,test_corr,umte,-0.0115,-0.0191,-0.0036
trap_medsiglip448/capsule,trapB,test_corr,umte_balanced,-0.0241,-0.0346,-0.0140
trap_medsiglip448/capsule,trapB,test_corr,umte_protect,-0.0097,-0.0187,-0.0020
trap_medsiglip448/capsule,trapB,test_rev,afr,-0.0012,-0.0041,0.0000
trap_medsiglip448/capsule,trapB,test_rev,balanced,-0.2077,-0.2487,-0.1674
trap_medsiglip448/capsule,trapB,test_rev,ens,0.0174,0.0109,0.0246
trap_medsiglip448/capsule,trapB,test_rev,erm,-0.4497,-0.4944,-0.4058
trap_medsiglip448/capsule,trapB,test_rev,full_cmc,0.0000,0.0000,0.0000
trap_medsiglip448/capsule,trapB,test_rev,groupdro,0.0225,0.0147,0.0309
trap_medsiglip448/capsule,trapB,test_rev,mask_bal,0.0191,0.0115,0.0278
trap_medsiglip448/capsule,trapB,test_rev,mask_balanced,0.0220,0.0145,0.0303
trap_medsiglip448/capsule,trapB,test_rev,mask_cfs,0.0000,-0.0028,0.0029
trap_medsiglip448/capsule,trapB,test_rev,mask_cmc,0.0172,0.0104,0.0243
trap_medsiglip448/capsule,trapB,test_rev,mask_dfr,0.0066,-0.0088,0.0233
trap_medsiglip448/capsule,trapB,test_rev,selector_v2,0.0212,0.0135,0.0297
trap_medsiglip448/capsule,trapB,test_rev,umte,-0.0403,-0.0563,-0.0242
trap_medsiglip448/capsule,trapB,test_rev,umte_balanced,0.0070,-0.0084,0.0236
trap_medsiglip448/capsule,trapB,test_rev,umte_protect,-0.0028,-0.0118,0.0057
trap_medsiglip448/capsule,trapA,min_rev_corr,afr,0.0188,-0.0017,0.0478
trap_medsiglip448/capsule,trapA,min_rev_corr,balanced,0.0978,0.0679,0.1289
trap_medsiglip448/capsule,trapA,min_rev_corr,ens,0.1305,0.1106,0.1494
trap_medsiglip448/capsule,trapA,min_rev_corr,erm,-0.1090,-0.1373,-0.0805
trap_medsiglip448/capsule,trapA,min_rev_corr,full_cmc,0.0227,0.0055,0.0416
trap_medsiglip448/capsule,trapA,min_rev_corr,groupdro,0.1588,0.1427,0.1758
trap_medsiglip448/capsule,trapA,min_rev_corr,mask_bal,0.1616,0.1345,0.1875
trap_medsiglip448/capsule,trapA,min_rev_corr,mask_balanced,0.1745,0.1536,0.1952
trap_medsiglip448/capsule,trapA,min_rev_corr,mask_cfs,-0.0001,-0.0007,0.0004
trap_medsiglip448/capsule,trapA,min_rev_corr,mask_cmc,0.1591,0.1276,0.1888
trap_medsiglip448/capsule,trapA,min_rev_corr,mask_dfr,0.2045,0.1770,0.2317
trap_medsiglip448/capsule,trapA,min_rev_corr,selector_v2,0.1704,0.1403,0.1969
trap_medsiglip448/capsule,trapA,min_rev_corr,umte,-0.2231,-0.2446,-0.2016
trap_medsiglip448/capsule,trapA,min_rev_corr,umte_balanced,0.1683,0.1438,0.1939
trap_medsiglip448/capsule,trapA,min_rev_corr,umte_protect,-0.0229,-0.0343,-0.0117
trap_medsiglip448/capsule,trapB,min_rev_corr,afr,-0.0012,-0.0041,0.0000
trap_medsiglip448/capsule,trapB,min_rev_corr,balanced,-0.2077,-0.2487,-0.1674
trap_medsiglip448/capsule,trapB,min_rev_corr,ens,0.0174,0.0109,0.0246
trap_medsiglip448/capsule,trapB,min_rev_corr,erm,-0.4497,-0.4944,-0.4058
trap_medsiglip448/capsule,trapB,min_rev_corr,full_cmc,0.0000,0.0000,0.0000
trap_medsiglip448/capsule,trapB,min_rev_corr,groupdro,0.0225,0.0147,0.0309
trap_medsiglip448/capsule,trapB,min_rev_corr,mask_bal,0.0191,0.0114,0.0278
trap_medsiglip448/capsule,trapB,min_rev_corr,mask_balanced,0.0220,0.0143,0.0303
trap_medsiglip448/capsule,trapB,min_rev_corr,mask_cfs,0.0000,-0.0028,0.0029
trap_medsiglip448/capsule,trapB,min_rev_corr,mask_cmc,0.0172,0.0104,0.0243
trap_medsiglip448/capsule,trapB,min_rev_corr,mask_dfr,0.0066,-0.0107,0.0225
trap_medsiglip448/capsule,trapB,min_rev_corr,selector_v2,0.0212,0.0134,0.0297
trap_medsiglip448/capsule,trapB,min_rev_corr,umte,-0.0403,-0.0563,-0.0242
trap_medsiglip448/capsule,trapB,min_rev_corr,umte_balanced,0.0070,-0.0085,0.0235
trap_medsiglip448/capsule,trapB,min_rev_corr,umte_protect,-0.0028,-0.0118,0.0057
trap_medsiglip448/ovary,trapA,clean,afr,0.0000,0.0000,0.0000
trap_medsiglip448/ovary,trapA,clean,balanced,0.0810,0.0422,0.1195
trap_medsiglip448/ovary,trapA,clean,ens,0.0976,0.0749,0.1217
trap_medsiglip448/ovary,trapA,clean,erm,-0.0276,-0.0599,0.0044
trap_medsiglip448/ovary,trapA,clean,full_cmc,0.0000,0.0000,0.0000
trap_medsiglip448/ovary,trapA,clean,groupdro,0.0819,0.0594,0.1062
trap_medsiglip448/ovary,trapA,clean,mask_bal,0.1057,0.0807,0.1313
trap_medsiglip448/ovary,trapA,clean,mask_balanced,0.1057,0.0807,0.1313
trap_medsiglip448/ovary,trapA,clean,mask_cfs,0.0367,0.0135,0.0610
trap_medsiglip448/ovary,trapA,clean,mask_cmc,0.0917,0.0672,0.1170
trap_medsiglip448/ovary,trapA,clean,mask_dfr,0.0951,0.0571,0.1319
trap_medsiglip448/ovary,trapA,clean,selector_v2,0.0000,0.0000,0.0000
trap_medsiglip448/ovary,trapA,clean,umte,0.0672,0.0397,0.0958
trap_medsiglip448/ovary,trapA,clean,umte_balanced,0.1315,0.0998,0.1640
trap_medsiglip448/ovary,trapA,clean,umte_protect,0.0361,0.0026,0.0667
trap_medsiglip448/ovary,trapA,test_corr,afr,0.0000,0.0000,0.0000
trap_medsiglip448/ovary,trapA,test_corr,balanced,-0.0929,-0.1372,-0.0511
trap_medsiglip448/ovary,trapA,test_corr,ens,-0.0234,-0.0428,-0.0052
trap_medsiglip448/ovary,trapA,test_corr,erm,-0.0460,-0.0847,-0.0077
trap_medsiglip448/ovary,trapA,test_corr,full_cmc,0.0000,0.0000,0.0000
trap_medsiglip448/ovary,trapA,test_corr,groupdro,0.0089,-0.0120,0.0333
trap_medsiglip448/ovary,trapA,test_corr,mask_bal,-0.0373,-0.0595,-0.0148
trap_medsiglip448/ovary,trapA,test_corr,mask_balanced,-0.0373,-0.0595,-0.0148
trap_medsiglip448/ovary,trapA,test_corr,mask_cfs,-0.0396,-0.0620,-0.0174
trap_medsiglip448/ovary,trapA,test_corr,mask_cmc,-0.0318,-0.0541,-0.0110
trap_medsiglip448/ovary,trapA,test_corr,mask_dfr,-0.0923,-0.1392,-0.0482
trap_medsiglip448/ovary,trapA,test_corr,selector_v2,0.0000,0.0000,0.0000
trap_medsiglip448/ovary,trapA,test_corr,umte,-0.0184,-0.0449,0.0069
trap_medsiglip448/ovary,trapA,test_corr,umte_balanced,-0.0501,-0.0817,-0.0186
trap_medsiglip448/ovary,trapA,test_corr,umte_protect,-0.0408,-0.0781,-0.0091
trap_medsiglip448/ovary,trapA,test_rev,afr,0.0000,0.0000,0.0000
trap_medsiglip448/ovary,trapA,test_rev,balanced,0.3073,0.2623,0.3549
trap_medsiglip448/ovary,trapA,test_rev,ens,0.2487,0.2172,0.2818
trap_medsiglip448/ovary,trapA,test_rev,erm,0.0164,-0.0405,0.0713
trap_medsiglip448/ovary,trapA,test_rev,full_cmc,0.0000,0.0000,0.0000
trap_medsiglip448/ovary,trapA,test_rev,groupdro,0.1731,0.1380,0.2063
trap_medsiglip448/ovary,trapA,test_rev,mask_bal,0.2858,0.2501,0.3227
trap_medsiglip448/ovary,trapA,test_rev,mask_balanced,0.2858,0.2501,0.3227
trap_medsiglip448/ovary,trapA,test_rev,mask_cfs,0.1438,0.1056,0.1812
trap_medsiglip448/ovary,trapA,test_rev,mask_cmc,0.2484,0.2121,0.2852
trap_medsiglip448/ovary,trapA,test_rev,mask_dfr,0.3282,0.2847,0.3725
trap_medsiglip448/ovary,trapA,test_rev,selector_v2,0.0000,0.0000,0.0000
trap_medsiglip448/ovary,trapA,test_rev,umte,0.1873,0.1463,0.2282
trap_medsiglip448/ovary,trapA,test_rev,umte_balanced,0.3578,0.3161,0.4006
trap_medsiglip448/ovary,trapA,test_rev,umte_protect,0.1448,0.1133,0.1774
trap_medsiglip448/ovary,trapB,clean,afr,0.0000,0.0000,0.0000
trap_medsiglip448/ovary,trapB,clean,balanced,-0.0745,-0.1114,-0.0375
trap_medsiglip448/ovary,trapB,clean,ens,-0.0029,-0.0192,0.0137
trap_medsiglip448/ovary,trapB,clean,erm,-0.1010,-0.1410,-0.0609
trap_medsiglip448/ovary,trapB,clean,full_cmc,0.0000,0.0000,0.0000
trap_medsiglip448/ovary,trapB,clean,groupdro,0.0056,-0.0095,0.0215
trap_medsiglip448/ovary,trapB,clean,mask_bal,-0.0189,-0.0406,0.0034
trap_medsiglip448/ovary,trapB,clean,mask_balanced,-0.0189,-0.0406,0.0034
trap_medsiglip448/ovary,trapB,clean,mask_cfs,-0.0018,-0.0169,0.0116
trap_medsiglip448/ovary,trapB,clean,mask_cmc,-0.0070,-0.0248,0.0146
trap_medsiglip448/ovary,trapB,clean,mask_dfr,-0.0462,-0.0837,-0.0078
trap_medsiglip448/ovary,trapB,clean,selector_v2,0.0000,0.0000,0.0000
trap_medsiglip448/ovary,trapB,clean,umte,-0.0016,-0.0176,0.0142
trap_medsiglip448/ovary,trapB,clean,umte_balanced,-0.0048,-0.0328,0.0225
trap_medsiglip448/ovary,trapB,clean,umte_protect,-0.0316,-0.0548,-0.0083
trap_medsiglip448/ovary,trapB,test_corr,afr,0.0000,0.0000,0.0000
trap_medsiglip448/ovary,trapB,test_corr,balanced,-0.0812,-0.1327,-0.0267
trap_medsiglip448/ovary,trapB,test_corr,ens,-0.0232,-0.0409,-0.0051
trap_medsiglip448/ovary,trapB,test_corr,erm,-0.0054,-0.0449,0.0369
trap_medsiglip448/ovary,trapB,test_corr,full_cmc,0.0000,0.0000,0.0000
trap_medsiglip448/ovary,trapB,test_corr,groupdro,-0.0047,-0.0214,0.0138
trap_medsiglip448/ovary,trapB,test_corr,mask_bal,-0.0512,-0.0765,-0.0264
trap_medsiglip448/ovary,trapB,test_corr,mask_balanced,-0.0512,-0.0765,-0.0264
trap_medsiglip448/ovary,trapB,test_corr,mask_cfs,-0.0026,-0.0211,0.0132
trap_medsiglip448/ovary,trapB,test_corr,mask_cmc,-0.0226,-0.0412,-0.0013
trap_medsiglip448/ovary,trapB,test_corr,mask_dfr,-0.0992,-0.1389,-0.0596
trap_medsiglip448/ovary,trapB,test_corr,selector_v2,0.0000,0.0000,0.0000
trap_medsiglip448/ovary,trapB,test_corr,umte,-0.0003,-0.0205,0.0180
trap_medsiglip448/ovary,trapB,test_corr,umte_balanced,-0.0370,-0.0638,-0.0106
trap_medsiglip448/ovary,trapB,test_corr,umte_protect,-0.0331,-0.0633,-0.0069
trap_medsiglip448/ovary,trapB,test_rev,afr,0.0000,0.0000,0.0000
trap_medsiglip448/ovary,trapB,test_rev,balanced,-0.0448,-0.0947,0.0063
trap_medsiglip448/ovary,trapB,test_rev,ens,0.0191,-0.0020,0.0416
trap_medsiglip448/ovary,trapB,test_rev,erm,-0.1927,-0.2526,-0.1336
trap_medsiglip448/ovary,trapB,test_rev,full_cmc,0.0000,0.0000,0.0000
trap_medsiglip448/ovary,trapB,test_rev,groupdro,0.0203,-0.0004,0.0419
trap_medsiglip448/ovary,trapB,test_rev,mask_bal,0.0153,-0.0128,0.0447
trap_medsiglip448/ovary,trapB,test_rev,mask_balanced,0.0153,-0.0128,0.0447
trap_medsiglip448/ovary,trapB,test_rev,mask_cfs,0.0029,-0.0128,0.0171
trap_medsiglip448/ovary,trapB,test_rev,mask_cmc,0.0100,-0.0140,0.0386
trap_medsiglip448/ovary,trapB,test_rev,mask_dfr,0.0220,-0.0202,0.0647
trap_medsiglip448/ovary,trapB,test_rev,selector_v2,0.0000,0.0000,0.0000
trap_medsiglip448/ovary,trapB,test_rev,umte,0.0038,-0.0163,0.0227
trap_medsiglip448/ovary,trapB,test_rev,umte_balanced,0.0338,-0.0003,0.0679
trap_medsiglip448/ovary,trapB,test_rev,umte_protect,-0.0227,-0.0475,0.0020
trap_medsiglip448/ovary,trapA,min_rev_corr,afr,0.0000,0.0000,0.0000
trap_medsiglip448/ovary,trapA,min_rev_corr,balanced,0.3073,0.2620,0.3544
trap_medsiglip448/ovary,trapA,min_rev_corr,ens,0.2487,0.2172,0.2818
trap_medsiglip448/ovary,trapA,min_rev_corr,erm,0.0164,-0.0405,0.0713
trap_medsiglip448/ovary,trapA,min_rev_corr,full_cmc,0.0000,0.0000,0.0000
trap_medsiglip448/ovary,trapA,min_rev_corr,groupdro,0.1731,0.1380,0.2063
trap_medsiglip448/ovary,trapA,min_rev_corr,mask_bal,0.2858,0.2501,0.3227
trap_medsiglip448/ovary,trapA,min_rev_corr,mask_balanced,0.2858,0.2501,0.3227
trap_medsiglip448/ovary,trapA,min_rev_corr,mask_cfs,0.1438,0.1056,0.1812
trap_medsiglip448/ovary,trapA,min_rev_corr,mask_cmc,0.2484,0.2121,0.2852
trap_medsiglip448/ovary,trapA,min_rev_corr,mask_dfr,0.3282,0.2826,0.3707
trap_medsiglip448/ovary,trapA,min_rev_corr,selector_v2,0.0000,0.0000,0.0000
trap_medsiglip448/ovary,trapA,min_rev_corr,umte,0.1873,0.1463,0.2282
trap_medsiglip448/ovary,trapA,min_rev_corr,umte_balanced,0.3578,0.3159,0.4001
trap_medsiglip448/ovary,trapA,min_rev_corr,umte_protect,0.1448,0.1133,0.1774
trap_medsiglip448/ovary,trapB,min_rev_corr,afr,0.0000,0.0000,0.0000
trap_medsiglip448/ovary,trapB,min_rev_corr,balanced,-0.0448,-0.0950,0.0057
trap_medsiglip448/ovary,trapB,min_rev_corr,ens,0.0191,-0.0030,0.0415
trap_medsiglip448/ovary,trapB,min_rev_corr,erm,-0.1927,-0.2526,-0.1336
trap_medsiglip448/ovary,trapB,min_rev_corr,full_cmc,0.0000,0.0000,0.0000
trap_medsiglip448/ovary,trapB,min_rev_corr,groupdro,0.0203,-0.0007,0.0419
trap_medsiglip448/ovary,trapB,min_rev_corr,mask_bal,0.0153,-0.0187,0.0440
trap_medsiglip448/ovary,trapB,min_rev_corr,mask_balanced,0.0153,-0.0187,0.0440
trap_medsiglip448/ovary,trapB,min_rev_corr,mask_cfs,0.0029,-0.0129,0.0171
trap_medsiglip448/ovary,trapB,min_rev_corr,mask_cmc,0.0100,-0.0143,0.0386
trap_medsiglip448/ovary,trapB,min_rev_corr,mask_dfr,0.0068,-0.0623,0.0534
trap_medsiglip448/ovary,trapB,min_rev_corr,selector_v2,0.0000,0.0000,0.0000
trap_medsiglip448/ovary,trapB,min_rev_corr,umte,0.0038,-0.0163,0.0227
trap_medsiglip448/ovary,trapB,min_rev_corr,umte_balanced,0.0338,-0.0050,0.0667
trap_medsiglip448/ovary,trapB,min_rev_corr,umte_protect,-0.0227,-0.0475,0.0020
trap_convnext384/thyroid,trapA,clean,afr,-0.0055,-0.0183,0.0039
trap_convnext384/thyroid,trapA,clean,balanced,0.0603,0.0347,0.0856
trap_convnext384/thyroid,trapA,clean,ens,0.0819,0.0680,0.0965
trap_convnext384/thyroid,trapA,clean,erm,-0.0167,-0.0372,0.0033
trap_convnext384/thyroid,trapA,clean,full_cmc,0.0166,-0.0019,0.0370
trap_convnext384/thyroid,trapA,clean,groupdro,0.0570,0.0454,0.0685
trap_convnext384/thyroid,trapA,clean,mask_bal,0.1022,0.0820,0.1234
trap_convnext384/thyroid,trapA,clean,mask_balanced,0.1022,0.0820,0.1234
trap_convnext384/thyroid,trapA,clean,mask_cfs,-0.0153,-0.0301,0.0005
trap_convnext384/thyroid,trapA,clean,mask_cmc,0.0887,0.0715,0.1062
trap_convnext384/thyroid,trapA,clean,mask_dfr,0.0966,0.0712,0.1220
trap_convnext384/thyroid,trapA,clean,selector_v2,0.0968,0.0748,0.1192
trap_convnext384/thyroid,trapA,clean,umte,0.0164,-0.0026,0.0358
trap_convnext384/thyroid,trapA,clean,umte_balanced,0.1023,0.0804,0.1247
trap_convnext384/thyroid,trapA,clean,umte_protect,0.0444,0.0190,0.0698
trap_convnext384/thyroid,trapA,test_corr,afr,-0.0257,-0.0569,-0.0017
trap_convnext384/thyroid,trapA,test_corr,balanced,-0.1523,-0.1925,-0.1134
trap_convnext384/thyroid,trapA,test_corr,ens,-0.0449,-0.0563,-0.0338
trap_convnext384/thyroid,trapA,test_corr,erm,-0.0302,-0.0486,-0.0124
trap_convnext384/thyroid,trapA,test_corr,full_cmc,-0.0588,-0.0787,-0.0416
trap_convnext384/thyroid,trapA,test_corr,groupdro,-0.0416,-0.0512,-0.0322
trap_convnext384/thyroid,trapA,test_corr,mask_bal,-0.1183,-0.1403,-0.0974
trap_convnext384/thyroid,trapA,test_corr,mask_balanced,-0.1183,-0.1403,-0.0974
trap_convnext384/thyroid,trapA,test_corr,mask_cfs,-0.0385,-0.0577,-0.0165
trap_convnext384/thyroid,trapA,test_corr,mask_cmc,-0.0890,-0.1099,-0.0691
trap_convnext384/thyroid,trapA,test_corr,mask_dfr,-0.1858,-0.2154,-0.1580
trap_convnext384/thyroid,trapA,test_corr,selector_v2,-0.1313,-0.1527,-0.1098
trap_convnext384/thyroid,trapA,test_corr,umte,-0.0636,-0.0813,-0.0473
trap_convnext384/thyroid,trapA,test_corr,umte_balanced,-0.1376,-0.1610,-0.1153
trap_convnext384/thyroid,trapA,test_corr,umte_protect,-0.1014,-0.1224,-0.0810
trap_convnext384/thyroid,trapA,test_rev,afr,0.0313,0.0006,0.0808
trap_convnext384/thyroid,trapA,test_rev,balanced,0.3245,0.2895,0.3614
trap_convnext384/thyroid,trapA,test_rev,ens,0.2512,0.2300,0.2737
trap_convnext384/thyroid,trapA,test_rev,erm,0.0065,-0.0167,0.0292
trap_convnext384/thyroid,trapA,test_rev,full_cmc,0.1247,0.0902,0.1611
trap_convnext384/thyroid,trapA,test_rev,groupdro,0.1906,0.1786,0.2029
trap_convnext384/thyroid,trapA,test_rev,mask_bal,0.3829,0.3512,0.4154
trap_convnext384/thyroid,trapA,test_rev,mask_balanced,0.3829,0.3512,0.4154
trap_convnext384/thyroid,trapA,test_rev,mask_cfs,0.0337,0.0187,0.0498
trap_convnext384/thyroid,trapA,test_rev,mask_cmc,0.3181,0.2960,0.3406
trap_convnext384/thyroid,trapA,test_rev,mask_dfr,0.4331,0.4099,0.4562
trap_convnext384/thyroid,trapA,test_rev,selector_v2,0.3838,0.3582,0.4101
trap_convnext384/thyroid,trapA,test_rev,umte,0.1316,0.1017,0.1631
trap_convnext384/thyroid,trapA,test_rev,umte_balanced,0.3980,0.3714,0.4278
trap_convnext384/thyroid,trapA,test_rev,umte_protect,0.2483,0.2014,0.2933
trap_convnext384/thyroid,trapB,clean,afr,0.0000,0.0000,0.0000
trap_convnext384/thyroid,trapB,clean,balanced,-0.0847,-0.1270,-0.0416
trap_convnext384/thyroid,trapB,clean,ens,0.0093,-0.0050,0.0272
trap_convnext384/thyroid,trapB,clean,erm,-0.1436,-0.1909,-0.0974
trap_convnext384/thyroid,trapB,clean,full_cmc,0.0000,0.0000,0.0000
trap_convnext384/thyroid,trapB,clean,groupdro,0.0189,-0.0072,0.0472
trap_convnext384/thyroid,trapB,clean,mask_bal,0.0090,-0.0053,0.0247
trap_convnext384/thyroid,trapB,clean,mask_balanced,0.0132,-0.0123,0.0392
trap_convnext384/thyroid,trapB,clean,mask_cfs,0.0201,0.0029,0.0389
trap_convnext384/thyroid,trapB,clean,mask_cmc,0.0060,-0.0043,0.0153
trap_convnext384/thyroid,trapB,clean,mask_dfr,-0.0173,-0.0519,0.0168
trap_convnext384/thyroid,trapB,clean,selector_v2,0.0209,0.0067,0.0366
trap_convnext384/thyroid,trapB,clean,umte,0.0111,-0.0134,0.0341
trap_convnext384/thyroid,trapB,clean,umte_balanced,0.0160,-0.0109,0.0401
trap_convnext384/thyroid,trapB,clean,umte_protect,0.0100,-0.0141,0.0334
trap_convnext384/thyroid,trapB,test_corr,afr,0.0000,0.0000,0.0000
trap_convnext384/thyroid,trapB,test_corr,balanced,-0.0925,-0.1463,-0.0387
trap_convnext384/thyroid,trapB,test_corr,ens,-0.0081,-0.0263,0.0099
trap_convnext384/thyroid,trapB,test_corr,erm,0.0060,-0.0487,0.0605
trap_convnext384/thyroid,trapB,test_corr,full_cmc,0.0000,0.0000,0.0000
trap_convnext384/thyroid,trapB,test_corr,groupdro,0.0170,-0.0135,0.0514
trap_convnext384/thyroid,trapB,test_corr,mask_bal,-0.0110,-0.0299,0.0063
trap_convnext384/thyroid,trapB,test_corr,mask_balanced,-0.0108,-0.0397,0.0182
trap_convnext384/thyroid,trapB,test_corr,mask_cfs,0.0209,-0.0013,0.0435
trap_convnext384/thyroid,trapB,test_corr,mask_cmc,-0.0018,-0.0122,0.0089
trap_convnext384/thyroid,trapB,test_corr,mask_dfr,-0.0608,-0.1050,-0.0203
trap_convnext384/thyroid,trapB,test_corr,selector_v2,-0.0012,-0.0195,0.0165
trap_convnext384/thyroid,trapB,test_corr,umte,0.0148,-0.0123,0.0400
trap_convnext384/thyroid,trapB,test_corr,umte_balanced,-0.0087,-0.0385,0.0199
trap_convnext384/thyroid,trapB,test_corr,umte_protect,0.0088,-0.0192,0.0344
trap_convnext384/thyroid,trapB,test_rev,afr,0.0000,0.0000,0.0000
trap_convnext384/thyroid,trapB,test_rev,balanced,-0.0329,-0.0733,0.0091
trap_convnext384/thyroid,trapB,test_rev,ens,0.0281,0.0124,0.0468
trap_convnext384/thyroid,trapB,test_rev,erm,-0.2698,-0.3169,-0.2233
trap_convnext384/thyroid,trapB,test_rev,full_cmc,0.0000,0.0000,0.0000
trap_convnext384/thyroid,trapB,test_rev,groupdro,0.0254,0.0034,0.0483
trap_convnext384/thyroid,trapB,test_rev,mask_bal,0.0279,0.0124,0.0430
trap_convnext384/thyroid,trapB,test_rev,mask_balanced,0.0458,0.0224,0.0693
trap_convnext384/thyroid,trapB,test_rev,mask_cfs,0.0089,-0.0081,0.0250
trap_convnext384/thyroid,trapB,test_rev,mask_cmc,0.0141,0.0058,0.0214
trap_convnext384/thyroid,trapB,test_rev,mask_dfr,0.0378,0.0011,0.0760
trap_convnext384/thyroid,trapB,test_rev,selector_v2,0.0395,0.0242,0.0555
trap_convnext384/thyroid,trapB,test_rev,umte,0.0022,-0.0249,0.0280
trap_convnext384/thyroid,trapB,test_rev,umte_balanced,0.0351,0.0105,0.0589
trap_convnext384/thyroid,trapB,test_rev,umte_protect,0.0126,-0.0070,0.0316
trap_convnext384/thyroid,trapA,min_rev_corr,afr,0.0313,0.0006,0.0808
trap_convnext384/thyroid,trapA,min_rev_corr,balanced,0.3245,0.2895,0.3598
trap_convnext384/thyroid,trapA,min_rev_corr,ens,0.2512,0.2300,0.2737
trap_convnext384/thyroid,trapA,min_rev_corr,erm,0.0065,-0.0167,0.0292
trap_convnext384/thyroid,trapA,min_rev_corr,full_cmc,0.1247,0.0902,0.1611
trap_convnext384/thyroid,trapA,min_rev_corr,groupdro,0.1906,0.1786,0.2029
trap_convnext384/thyroid,trapA,min_rev_corr,mask_bal,0.3829,0.3512,0.4128
trap_convnext384/thyroid,trapA,min_rev_corr,mask_balanced,0.3829,0.3512,0.4128
trap_convnext384/thyroid,trapA,min_rev_corr,mask_cfs,0.0337,0.0187,0.0498
trap_convnext384/thyroid,trapA,min_rev_corr,mask_cmc,0.3181,0.2960,0.3406
trap_convnext384/thyroid,trapA,min_rev_corr,mask_dfr,0.3546,0.3154,0.3920
trap_convnext384/thyroid,trapA,min_rev_corr,selector_v2,0.3838,0.3580,0.4097
trap_convnext384/thyroid,trapA,min_rev_corr,umte,0.1316,0.1017,0.1631
trap_convnext384/thyroid,trapA,min_rev_corr,umte_balanced,0.3980,0.3659,0.4183
trap_convnext384/thyroid,trapA,min_rev_corr,umte_protect,0.2483,0.2014,0.2933
trap_convnext384/thyroid,trapB,min_rev_corr,afr,0.0000,0.0000,0.0000
trap_convnext384/thyroid,trapB,min_rev_corr,balanced,-0.0654,-0.1195,-0.0122
trap_convnext384/thyroid,trapB,min_rev_corr,ens,0.0190,-0.0160,0.0405
trap_convnext384/thyroid,trapB,min_rev_corr,erm,-0.2698,-0.3132,-0.2220
trap_convnext384/thyroid,trapB,min_rev_corr,full_cmc,0.0000,0.0000,0.0000
trap_convnext384/thyroid,trapB,min_rev_corr,groupdro,0.0254,-0.0002,0.0493
trap_convnext384/thyroid,trapB,min_rev_corr,mask_bal,0.0161,-0.0206,0.0394
trap_convnext384/thyroid,trapB,min_rev_corr,mask_balanced,0.0163,-0.0235,0.0562
trap_convnext384/thyroid,trapB,min_rev_corr,mask_cfs,0.0089,-0.0070,0.0298
trap_convnext384/thyroid,trapB,min_rev_corr,mask_cmc,0.0141,-0.0073,0.0206
trap_convnext384/thyroid,trapB,min_rev_corr,mask_dfr,-0.0338,-0.0767,0.0163
trap_convnext384/thyroid,trapB,min_rev_corr,selector_v2,0.0259,-0.0108,0.0519
trap_convnext384/thyroid,trapB,min_rev_corr,umte,0.0022,-0.0231,0.0295
trap_convnext384/thyroid,trapB,min_rev_corr,umte_balanced,0.0184,-0.0231,0.0527
trap_convnext384/thyroid,trapB,min_rev_corr,umte_protect,0.0126,-0.0082,0.0321
trap_convnext384/capsule,trapA,clean,afr,-0.0032,-0.0116,0.0056
trap_convnext384/capsule,trapA,clean,balanced,-0.0076,-0.0403,0.0218
trap_convnext384/capsule,trapA,clean,ens,0.0329,0.0207,0.0442
trap_convnext384/capsule,trapA,clean,erm,-0.0491,-0.0686,-0.0303
trap_convnext384/capsule,trapA,clean,full_cmc,-0.0041,-0.0136,0.0041
trap_convnext384/capsule,trapA,clean,groupdro,0.0456,0.0369,0.0546
trap_convnext384/capsule,trapA,clean,mask_bal,0.0343,0.0164,0.0506
trap_convnext384/capsule,trapA,clean,mask_balanced,0.0413,0.0271,0.0550
trap_convnext384/capsule,trapA,clean,mask_cfs,-0.0005,-0.0017,0.0000
trap_convnext384/capsule,trapA,clean,mask_cmc,0.0277,0.0057,0.0469
trap_convnext384/capsule,trapA,clean,mask_dfr,0.0390,0.0183,0.0593
trap_convnext384/capsule,trapA,clean,selector_v2,0.0312,0.0103,0.0485
trap_convnext384/capsule,trapA,clean,umte,-0.0298,-0.0399,-0.0198
trap_convnext384/capsule,trapA,clean,umte_balanced,0.0378,0.0188,0.0562
trap_convnext384/capsule,trapA,clean,umte_protect,-0.0052,-0.0140,0.0023
trap_convnext384/capsule,trapA,test_corr,afr,-0.0131,-0.0293,-0.0015
trap_convnext384/capsule,trapA,test_corr,balanced,-0.0618,-0.0880,-0.0370
trap_convnext384/capsule,trapA,test_corr,ens,-0.0081,-0.0162,-0.0006
trap_convnext384/capsule,trapA,test_corr,erm,-0.0153,-0.0280,-0.0030
trap_convnext384/capsule,trapA,test_corr,full_cmc,-0.0157,-0.0282,-0.0042
trap_convnext384/capsule,trapA,test_corr,groupdro,-0.0066,-0.0136,-0.0000
trap_convnext384/capsule,trapA,test_corr,mask_bal,-0.0235,-0.0370,-0.0114
trap_convnext384/capsule,trapA,test_corr,mask_balanced,-0.0308,-0.0460,-0.0175
trap_convnext384/capsule,trapA,test_corr,mask_cfs,0.0000,-0.0005,0.0007
trap_convnext384/capsule,trapA,test_corr,mask_cmc,-0.0226,-0.0379,-0.0098
trap_convnext384/capsule,trapA,test_corr,mask_dfr,-0.0776,-0.1074,-0.0488
trap_convnext384/capsule,trapA,test_corr,selector_v2,-0.0276,-0.0435,-0.0138
trap_convnext384/capsule,trapA,test_corr,umte,-0.0006,-0.0054,0.0044
trap_convnext384/capsule,trapA,test_corr,umte_balanced,-0.0478,-0.0719,-0.0258
trap_convnext384/capsule,trapA,test_corr,umte_protect,-0.0052,-0.0130,0.0007
trap_convnext384/capsule,trapA,test_rev,afr,0.0237,-0.0056,0.0636
trap_convnext384/capsule,trapA,test_rev,balanced,0.1046,0.0583,0.1468
trap_convnext384/capsule,trapA,test_rev,ens,0.1182,0.0916,0.1401
trap_convnext384/capsule,trapA,test_rev,erm,-0.0824,-0.1128,-0.0524
trap_convnext384/capsule,trapA,test_rev,full_cmc,0.0353,0.0130,0.0590
trap_convnext384/capsule,trapA,test_rev,groupdro,0.1426,0.1297,0.1555
trap_convnext384/capsule,trapA,test_rev,mask_bal,0.1489,0.1158,0.1792
trap_convnext384/capsule,trapA,test_rev,mask_balanced,0.1768,0.1569,0.1967
trap_convnext384/capsule,trapA,test_rev,mask_cfs,-0.0011,-0.0039,0.0000
trap_convnext384/capsule,trapA,test_rev,mask_cmc,0.1319,0.0908,0.1682
trap_convnext384/capsule,trapA,test_rev,mask_dfr,0.2267,0.1994,0.2548
trap_convnext384/capsule,trapA,test_rev,selector_v2,0.1480,0.1112,0.1783
trap_convnext384/capsule,trapA,test_rev,umte,-0.0867,-0.1055,-0.0679
trap_convnext384/capsule,trapA,test_rev,umte_balanced,0.1941,0.1682,0.2212
trap_convnext384/capsule,trapA,test_rev,umte_protect,0.0073,-0.0039,0.0181
trap_convnext384/capsule,trapB,clean,afr,-0.0122,-0.0274,-0.0019
trap_convnext384/capsule,trapB,clean,balanced,-0.1219,-0.1562,-0.0906
trap_convnext384/capsule,trapB,clean,ens,0.0138,0.0055,0.0240
trap_convnext384/capsule,trapB,clean,erm,-0.1938,-0.2251,-0.1643
trap_convnext384/capsule,trapB,clean,full_cmc,0.0000,0.0000,0.0000
trap_convnext384/capsule,trapB,clean,groupdro,0.0241,0.0075,0.0440
trap_convnext384/capsule,trapB,clean,mask_bal,0.0136,0.0046,0.0251
trap_convnext384/capsule,trapB,clean,mask_balanced,0.0156,0.0051,0.0281
trap_convnext384/capsule,trapB,clean,mask_cfs,-0.0029,-0.0089,0.0028
trap_convnext384/capsule,trapB,clean,mask_cmc,0.0122,-0.0035,0.0277
trap_convnext384/capsule,trapB,clean,mask_dfr,0.0164,-0.0069,0.0391
trap_convnext384/capsule,trapB,clean,selector_v2,0.0147,0.0053,0.0262
trap_convnext384/capsule,trapB,clean,umte,-0.0083,-0.0242,0.0093
trap_convnext384/capsule,trapB,clean,umte_balanced,-0.0069,-0.0207,0.0080
trap_convnext384/capsule,trapB,clean,umte_protect,-0.0175,-0.0322,-0.0048
trap_convnext384/capsule,trapB,test_corr,afr,-0.0124,-0.0233,-0.0040
trap_convnext384/capsule,trapB,test_corr,balanced,-0.0672,-0.0979,-0.0386
trap_convnext384/capsule,trapB,test_corr,ens,-0.0042,-0.0103,0.0032
trap_convnext384/capsule,trapB,test_corr,erm,-0.0317,-0.0570,-0.0084
trap_convnext384/capsule,trapB,test_corr,full_cmc,0.0000,0.0000,0.0000
trap_convnext384/capsule,trapB,test_corr,groupdro,0.0086,-0.0051,0.0253
trap_convnext384/capsule,trapB,test_corr,mask_bal,-0.0107,-0.0175,-0.0032
trap_convnext384/capsule,trapB,test_corr,mask_balanced,-0.0108,-0.0179,-0.0029
trap_convnext384/capsule,trapB,test_corr,mask_cfs,-0.0020,-0.0068,0.0026
trap_convnext384/capsule,trapB,test_corr,mask_cmc,-0.0065,-0.0187,0.0053
trap_convnext384/capsule,trapB,test_corr,mask_dfr,-0.0338,-0.0581,-0.0104
trap_convnext384/capsule,trapB,test_corr,selector_v2,-0.0099,-0.0166,-0.0025
trap_convnext384/capsule,trapB,test_corr,umte,-0.0016,-0.0143,0.0139
trap_convnext384/capsule,trapB,test_corr,umte_balanced,-0.0248,-0.0415,-0.0081
trap_convnext384/capsule,trapB,test_corr,umte_protect,-0.0157,-0.0275,-0.0052
trap_convnext384/capsule,trapB,test_rev,afr,-0.0108,-0.0282,0.0019
trap_convnext384/capsule,trapB,test_rev,balanced,-0.1736,-0.2156,-0.1329
trap_convnext384/capsule,trapB,test_rev,ens,0.0394,0.0281,0.0530
trap_convnext384/capsule,trapB,test_rev,erm,-0.3973,-0.4417,-0.3529
trap_convnext384/capsule,trapB,test_rev,full_cmc,0.0000,0.0000,0.0000
trap_convnext384/capsule,trapB,test_rev,groupdro,0.0445,0.0274,0.0657
trap_convnext384/capsule,trapB,test_rev,mask_bal,0.0475,0.0334,0.0649
trap_convnext384/capsule,trapB,test_rev,mask_balanced,0.0519,0.0368,0.0697
trap_convnext384/capsule,trapB,test_rev,mask_cfs,-0.0031,-0.0110,0.0063
trap_convnext384/capsule,trapB,test_rev,mask_cmc,0.0384,0.0198,0.0583
trap_convnext384/capsule,trapB,test_rev,mask_dfr,0.0687,0.0425,0.0943
trap_convnext384/capsule,trapB,test_rev,selector_v2,0.0482,0.0336,0.0655
trap_convnext384/capsule,trapB,test_rev,umte,-0.0208,-0.0426,0.0021
trap_convnext384/capsule,trapB,test_rev,umte_balanced,0.0190,-0.0010,0.0397
trap_convnext384/capsule,trapB,test_rev,umte_protect,-0.0196,-0.0407,-0.0016
trap_convnext384/capsule,trapA,min_rev_corr,afr,0.0237,-0.0056,0.0636
trap_convnext384/capsule,trapA,min_rev_corr,balanced,0.1046,0.0583,0.1468
trap_convnext384/capsule,trapA,min_rev_corr,ens,0.1182,0.0916,0.1401
trap_convnext384/capsule,trapA,min_rev_corr,erm,-0.0824,-0.1128,-0.0524
trap_convnext384/capsule,trapA,min_rev_corr,full_cmc,0.0353,0.0130,0.0590
trap_convnext384/capsule,trapA,min_rev_corr,groupdro,0.1426,0.1297,0.1555
trap_convnext384/capsule,trapA,min_rev_corr,mask_bal,0.1489,0.1158,0.1792
trap_convnext384/capsule,trapA,min_rev_corr,mask_balanced,0.1768,0.1569,0.1967
trap_convnext384/capsule,trapA,min_rev_corr,mask_cfs,-0.0011,-0.0039,0.0000
trap_convnext384/capsule,trapA,min_rev_corr,mask_cmc,0.1319,0.0908,0.1682
trap_convnext384/capsule,trapA,min_rev_corr,mask_dfr,0.2267,0.1987,0.2544
trap_convnext384/capsule,trapA,min_rev_corr,selector_v2,0.1480,0.1112,0.1783
trap_convnext384/capsule,trapA,min_rev_corr,umte,-0.0867,-0.1055,-0.0679
trap_convnext384/capsule,trapA,min_rev_corr,umte_balanced,0.1941,0.1682,0.2212
trap_convnext384/capsule,trapA,min_rev_corr,umte_protect,0.0073,-0.0039,0.0181
trap_convnext384/capsule,trapB,min_rev_corr,afr,-0.0108,-0.0282,0.0019
trap_convnext384/capsule,trapB,min_rev_corr,balanced,-0.1736,-0.2156,-0.1329
trap_convnext384/capsule,trapB,min_rev_corr,ens,0.0394,0.0281,0.0530
trap_convnext384/capsule,trapB,min_rev_corr,erm,-0.3973,-0.4417,-0.3529
trap_convnext384/capsule,trapB,min_rev_corr,full_cmc,0.0000,0.0000,0.0000
trap_convnext384/capsule,trapB,min_rev_corr,groupdro,0.0445,0.0274,0.0657
trap_convnext384/capsule,trapB,min_rev_corr,mask_bal,0.0475,0.0334,0.0649
trap_convnext384/capsule,trapB,min_rev_corr,mask_balanced,0.0519,0.0368,0.0697
trap_convnext384/capsule,trapB,min_rev_corr,mask_cfs,-0.0031,-0.0110,0.0063
trap_convnext384/capsule,trapB,min_rev_corr,mask_cmc,0.0384,0.0198,0.0583
trap_convnext384/capsule,trapB,min_rev_corr,mask_dfr,0.0687,0.0406,0.0942
trap_convnext384/capsule,trapB,min_rev_corr,selector_v2,0.0482,0.0336,0.0655
trap_convnext384/capsule,trapB,min_rev_corr,umte,-0.0208,-0.0426,0.0021
trap_convnext384/capsule,trapB,min_rev_corr,umte_balanced,0.0190,-0.0010,0.0397
trap_convnext384/capsule,trapB,min_rev_corr,umte_protect,-0.0196,-0.0407,-0.0016
sweep/thyroid,r=0,clean,erm,-0.1489,-0.1757,-0.1221
sweep/thyroid,r=0,clean,full_cmc,0.0000,0.0000,0.0000
sweep/thyroid,r=0,clean,mask_bal,-0.0021,-0.0055,0.0004
sweep/thyroid,r=0,clean,mask_balanced,-0.0118,-0.0191,-0.0049
sweep/thyroid,r=0,clean,mask_cmc,-0.0002,-0.0021,0.0018
sweep/thyroid,r=0,test_corr,erm,0.0599,0.0389,0.0812
sweep/thyroid,r=0,test_corr,full_cmc,0.0000,0.0000,0.0000
sweep/thyroid,r=0,test_corr,mask_bal,-0.0021,-0.0055,0.0004
sweep/thyroid,r=0,test_corr,mask_balanced,-0.0118,-0.0191,-0.0049
sweep/thyroid,r=0,test_corr,mask_cmc,-0.0002,-0.0021,0.0018
sweep/thyroid,r=0,test_rev,erm,-0.4972,-0.5239,-0.4700
sweep/thyroid,r=0,test_rev,full_cmc,0.0000,0.0000,0.0000
sweep/thyroid,r=0,test_rev,mask_bal,-0.0021,-0.0055,0.0004
sweep/thyroid,r=0,test_rev,mask_balanced,-0.0118,-0.0191,-0.0049
sweep/thyroid,r=0,test_rev,mask_cmc,-0.0002,-0.0021,0.0018
sweep/thyroid,r=1,clean,erm,-0.1185,-0.1473,-0.0902
sweep/thyroid,r=1,clean,full_cmc,-0.0099,-0.0308,0.0000
sweep/thyroid,r=1,clean,mask_bal,0.0280,0.0152,0.0420
sweep/thyroid,r=1,clean,mask_balanced,0.0275,0.0147,0.0411
sweep/thyroid,r=1,clean,mask_cmc,0.0284,0.0155,0.0423
sweep/thyroid,r=1,test_corr,erm,-0.0240,-0.0331,-0.0153
sweep/thyroid,r=1,test_corr,full_cmc,-0.0042,-0.0133,0.0000
sweep/thyroid,r=1,test_corr,mask_bal,-0.0961,-0.1149,-0.0773
sweep/thyroid,r=1,test_corr,mask_balanced,-0.0987,-0.1193,-0.0786
sweep/thyroid,r=1,test_corr,mask_cmc,-0.0724,-0.0882,-0.0568
sweep/thyroid,r=1,test_rev,erm,-0.0641,-0.0905,-0.0376
sweep/thyroid,r=1,test_rev,full_cmc,0.0071,0.0000,0.0229
sweep/thyroid,r=1,test_rev,mask_bal,0.4668,0.4315,0.5034
sweep/thyroid,r=1,test_rev,mask_balanced,0.4700,0.4328,0.5071
sweep/thyroid,r=1,test_rev,mask_cmc,0.4331,0.3905,0.4742
sweep/thyroid,r=0,min_rev_corr,erm,-0.4972,-0.5239,-0.4700
sweep/thyroid,r=0,min_rev_corr,full_cmc,0.0000,0.0000,0.0000
sweep/thyroid,r=0,min_rev_corr,mask_bal,-0.0021,-0.0055,0.0004
sweep/thyroid,r=0,min_rev_corr,mask_balanced,-0.0118,-0.0191,-0.0049
sweep/thyroid,r=0,min_rev_corr,mask_cmc,-0.0002,-0.0021,0.0018
sweep/thyroid,r=1,min_rev_corr,erm,-0.0641,-0.0905,-0.0376
sweep/thyroid,r=1,min_rev_corr,full_cmc,0.0071,0.0000,0.0229
sweep/thyroid,r=1,min_rev_corr,mask_bal,0.4668,0.4315,0.5034
sweep/thyroid,r=1,min_rev_corr,mask_balanced,0.4700,0.4328,0.5071
sweep/thyroid,r=1,min_rev_corr,mask_cmc,0.4331,0.3905,0.4742
sweep/capsule,r=0,clean,erm,-0.0912,-0.1196,-0.0641
sweep/capsule,r=0,clean,full_cmc,0.0000,0.0000,0.0000
sweep/capsule,r=0,clean,mask_bal,-0.0007,-0.0025,0.0008
sweep/capsule,r=0,clean,mask_balanced,-0.0072,-0.0126,-0.0024
sweep/capsule,r=0,clean,mask_cmc,-0.0001,-0.0007,0.0006
sweep/capsule,r=0,test_corr,erm,-0.0565,-0.0817,-0.0318
sweep/capsule,r=0,test_corr,full_cmc,0.0000,0.0000,0.0000
sweep/capsule,r=0,test_corr,mask_bal,-0.0007,-0.0025,0.0008
sweep/capsule,r=0,test_corr,mask_balanced,-0.0072,-0.0126,-0.0024
sweep/capsule,r=0,test_corr,mask_cmc,-0.0001,-0.0007,0.0006
sweep/capsule,r=0,test_rev,erm,-0.1427,-0.1751,-0.1116
sweep/capsule,r=0,test_rev,full_cmc,0.0000,0.0000,0.0000
sweep/capsule,r=0,test_rev,mask_bal,-0.0007,-0.0025,0.0008
sweep/capsule,r=0,test_rev,mask_balanced,-0.0072,-0.0126,-0.0024
sweep/capsule,r=0,test_rev,mask_cmc,-0.0001,-0.0007,0.0006
sweep/capsule,r=1,clean,erm,-0.0741,-0.1049,-0.0440
sweep/capsule,r=1,clean,full_cmc,-0.0182,-0.0449,0.0000
sweep/capsule,r=1,clean,mask_bal,0.0122,0.0054,0.0195
sweep/capsule,r=1,clean,mask_balanced,0.0120,0.0054,0.0192
sweep/capsule,r=1,clean,mask_cmc,0.0132,0.0056,0.0212
sweep/capsule,r=1,test_corr,erm,-0.0740,-0.0989,-0.0512
sweep/capsule,r=1,test_corr,full_cmc,-0.0142,-0.0335,0.0000
sweep/capsule,r=1,test_corr,mask_bal,-0.0184,-0.0251,-0.0123
sweep/capsule,r=1,test_corr,mask_balanced,-0.0199,-0.0269,-0.0134
sweep/capsule,r=1,test_corr,mask_cmc,-0.0150,-0.0220,-0.0086
sweep/capsule,r=1,test_rev,erm,0.0573,0.0163,0.0997
sweep/capsule,r=1,test_rev,full_cmc,0.0027,-0.0138,0.0213
sweep/capsule,r=1,test_rev,mask_bal,0.1561,0.1358,0.1771
sweep/capsule,r=1,test_rev,mask_balanced,0.1609,0.1392,0.1842
sweep/capsule,r=1,test_rev,mask_cmc,0.1520,0.1266,0.1805
sweep/capsule,r=0,min_rev_corr,erm,-0.1427,-0.1751,-0.1116
sweep/capsule,r=0,min_rev_corr,full_cmc,0.0000,0.0000,0.0000
sweep/capsule,r=0,min_rev_corr,mask_bal,-0.0007,-0.0025,0.0008
sweep/capsule,r=0,min_rev_corr,mask_balanced,-0.0072,-0.0126,-0.0024
sweep/capsule,r=0,min_rev_corr,mask_cmc,-0.0001,-0.0007,0.0006
sweep/capsule,r=1,min_rev_corr,erm,0.0573,0.0163,0.0997
sweep/capsule,r=1,min_rev_corr,full_cmc,0.0027,-0.0138,0.0213
sweep/capsule,r=1,min_rev_corr,mask_bal,0.1561,0.1358,0.1771
sweep/capsule,r=1,min_rev_corr,mask_balanced,0.1609,0.1392,0.1842
sweep/capsule,r=1,min_rev_corr,mask_cmc,0.1520,0.1266,0.1805
sweep/ovary,r=0,clean,erm,-0.0495,-0.1029,0.0049
sweep/ovary,r=0,clean,full_cmc,-0.0163,-0.0335,-0.0024
sweep/ovary,r=0,clean,mask_bal,-0.0032,-0.0116,0.0057
sweep/ovary,r=0,clean,mask_balanced,-0.0251,-0.0453,-0.0052
sweep/ovary,r=0,clean,mask_cmc,-0.0032,-0.0100,0.0015
sweep/ovary,r=0,test_corr,erm,-0.0340,-0.0876,0.0207
sweep/ovary,r=0,test_corr,full_cmc,-0.0150,-0.0320,-0.0015
sweep/ovary,r=0,test_corr,mask_bal,-0.0032,-0.0116,0.0057
sweep/ovary,r=0,test_corr,mask_balanced,-0.0251,-0.0453,-0.0052
sweep/ovary,r=0,test_corr,mask_cmc,-0.0032,-0.0100,0.0015
sweep/ovary,r=0,test_rev,erm,-0.0691,-0.1237,-0.0142
sweep/ovary,r=0,test_rev,full_cmc,-0.0171,-0.0345,-0.0028
sweep/ovary,r=0,test_rev,mask_bal,-0.0032,-0.0116,0.0057
sweep/ovary,r=0,test_rev,mask_balanced,-0.0251,-0.0453,-0.0052
sweep/ovary,r=0,test_rev,mask_cmc,-0.0032,-0.0100,0.0015
sweep/ovary,r=1,clean,erm,-0.0116,-0.0710,0.0487
sweep/ovary,r=1,clean,full_cmc,-0.0267,-0.0607,0.0042
sweep/ovary,r=1,clean,mask_bal,0.0081,-0.0101,0.0278
sweep/ovary,r=1,clean,mask_balanced,0.0012,-0.0197,0.0226
sweep/ovary,r=1,clean,mask_cmc,0.0049,-0.0160,0.0254
sweep/ovary,r=1,test_corr,erm,-0.1011,-0.1558,-0.0493
sweep/ovary,r=1,test_corr,full_cmc,-0.0590,-0.0946,-0.0264
sweep/ovary,r=1,test_corr,mask_bal,-0.0571,-0.0819,-0.0376
sweep/ovary,r=1,test_corr,mask_balanced,-0.0755,-0.0983,-0.0550
sweep/ovary,r=1,test_corr,mask_cmc,-0.0463,-0.0651,-0.0303
sweep/ovary,r=1,test_rev,erm,0.1108,0.0463,0.1750
sweep/ovary,r=1,test_rev,full_cmc,0.0270,-0.0054,0.0611
sweep/ovary,r=1,test_rev,mask_bal,0.1140,0.0763,0.1519
sweep/ovary,r=1,test_rev,mask_balanced,0.1323,0.1024,0.1633
sweep/ovary,r=1,test_rev,mask_cmc,0.0901,0.0509,0.1252
sweep/ovary,r=0,min_rev_corr,erm,-0.0691,-0.1237,-0.0142
sweep/ovary,r=0,min_rev_corr,full_cmc,-0.0171,-0.0345,-0.0028
sweep/ovary,r=0,min_rev_corr,mask_bal,-0.0032,-0.0116,0.0057
sweep/ovary,r=0,min_rev_corr,mask_balanced,-0.0251,-0.0453,-0.0052
sweep/ovary,r=0,min_rev_corr,mask_cmc,-0.0032,-0.0100,0.0015
sweep/ovary,r=1,min_rev_corr,erm,0.1108,0.0463,0.1750
sweep/ovary,r=1,min_rev_corr,full_cmc,0.0270,-0.0054,0.0611
sweep/ovary,r=1,min_rev_corr,mask_bal,0.1140,0.0763,0.1519
sweep/ovary,r=1,min_rev_corr,mask_balanced,0.1323,0.1024,0.1633
sweep/ovary,r=1,min_rev_corr,mask_cmc,0.0901,0.0509,0.1252
sweep/isic2018,r=0,clean,erm,-0.0654,-0.0855,-0.0452
sweep/isic2018,r=0,clean,full_cmc,0.0000,0.0000,0.0000
sweep/isic2018,r=0,clean,mask_bal,-0.0010,-0.0030,0.0008
sweep/isic2018,r=0,clean,mask_balanced,-0.0153,-0.0235,-0.0077
sweep/isic2018,r=0,clean,mask_cmc,-0.0022,-0.0055,0.0001
sweep/isic2018,r=0,test_corr,erm,0.0525,0.0358,0.0701
sweep/isic2018,r=0,test_corr,full_cmc,0.0000,0.0000,0.0000
sweep/isic2018,r=0,test_corr,mask_bal,-0.0010,-0.0030,0.0008
sweep/isic2018,r=0,test_corr,mask_balanced,-0.0153,-0.0235,-0.0077
sweep/isic2018,r=0,test_corr,mask_cmc,-0.0022,-0.0055,0.0001
sweep/isic2018,r=0,test_rev,erm,-0.2688,-0.2955,-0.2417
sweep/isic2018,r=0,test_rev,full_cmc,0.0000,0.0000,0.0000
sweep/isic2018,r=0,test_rev,mask_bal,-0.0010,-0.0030,0.0008
sweep/isic2018,r=0,test_rev,mask_balanced,-0.0153,-0.0235,-0.0077
sweep/isic2018,r=0,test_rev,mask_cmc,-0.0022,-0.0055,0.0001
sweep/isic2018,r=1,clean,erm,-0.0475,-0.0694,-0.0252
sweep/isic2018,r=1,clean,full_cmc,-0.0296,-0.0517,-0.0060
sweep/isic2018,r=1,clean,mask_bal,-0.0052,-0.0156,0.0044
sweep/isic2018,r=1,clean,mask_balanced,-0.0041,-0.0148,0.0056
sweep/isic2018,r=1,clean,mask_cmc,0.0073,-0.0017,0.0161
sweep/isic2018,r=1,test_corr,erm,-0.0204,-0.0302,-0.0107
sweep/isic2018,r=1,test_corr,full_cmc,-0.0696,-0.0922,-0.0481
sweep/isic2018,r=1,test_corr,mask_bal,-0.0656,-0.0807,-0.0506
sweep/isic2018,r=1,test_corr,mask_balanced,-0.0679,-0.0813,-0.0553
sweep/isic2018,r=1,test_corr,mask_cmc,-0.0636,-0.0773,-0.0510
sweep/isic2018,r=1,test_rev,erm,0.0800,0.0525,0.1059
sweep/isic2018,r=1,test_rev,full_cmc,0.3111,0.2256,0.3931
sweep/isic2018,r=1,test_rev,mask_bal,0.3685,0.3433,0.3930
sweep/isic2018,r=1,test_rev,mask_balanced,0.3755,0.3566,0.3952
sweep/isic2018,r=1,test_rev,mask_cmc,0.3909,0.3690,0.4134
sweep/isic2018,r=0,min_rev_corr,erm,-0.2688,-0.2955,-0.2417
sweep/isic2018,r=0,min_rev_corr,full_cmc,0.0000,0.0000,0.0000
sweep/isic2018,r=0,min_rev_corr,mask_bal,-0.0010,-0.0030,0.0008
sweep/isic2018,r=0,min_rev_corr,mask_balanced,-0.0153,-0.0235,-0.0077
sweep/isic2018,r=0,min_rev_corr,mask_cmc,-0.0022,-0.0055,0.0001
sweep/isic2018,r=1,min_rev_corr,erm,0.0800,0.0525,0.1059
sweep/isic2018,r=1,min_rev_corr,full_cmc,0.3111,0.2256,0.3931
sweep/isic2018,r=1,min_rev_corr,mask_bal,0.3685,0.3433,0.3930
sweep/isic2018,r=1,min_rev_corr,mask_balanced,0.3755,0.3566,0.3952
sweep/isic2018,r=1,min_rev_corr,mask_cmc,0.3909,0.3690,0.4134
ft/natural,all,clean,erm,0.0103,-0.0316,0.0521
ft/natural,all,clean,locrand_ft,-0.0063,-0.0231,0.0099
ft/natural,easy,clean,erm,-0.0230,-0.0740,0.0288
ft/natural,easy,clean,locrand_ft,-0.0100,-0.0309,0.0098
ft/natural,hard,clean,erm,0.0851,0.0115,0.1596
ft/natural,hard,clean,locrand_ft,0.0007,-0.0258,0.0281
ft/traps,trapA,clean,erm,-0.0490,-0.0752,-0.0230
ft/traps,trapA,clean,locrand_ft,0.0366,0.0165,0.0558
ft/traps,trapA,test_corr,erm,-0.0171,-0.0426,0.0067
ft/traps,trapA,test_corr,locrand_ft,-0.0324,-0.0527,-0.0134
ft/traps,trapA,test_rev,erm,-0.0868,-0.1153,-0.0587
ft/traps,trapA,test_rev,locrand_ft,0.1193,0.0880,0.1496
ft/traps,trapB,clean,erm,-0.1234,-0.1914,-0.0577
ft/traps,trapB,clean,locrand_ft,0.0126,-0.0123,0.0380
ft/traps,trapB,test_corr,erm,-0.0046,-0.0841,0.0729
ft/traps,trapB,test_corr,locrand_ft,0.0070,-0.0199,0.0340
ft/traps,trapB,test_rev,erm,-0.2567,-0.3221,-0.1894
ft/traps,trapB,test_rev,locrand_ft,0.0098,-0.0122,0.0333
ft/traps,trapA,min_rev_corr,erm,-0.0868,-0.1153,-0.0587
ft/traps,trapA,min_rev_corr,locrand_ft,0.1193,0.0880,0.1496
ft/traps,trapB,min_rev_corr,erm,-0.2567,-0.3141,-0.1621
ft/traps,trapB,min_rev_corr,locrand_ft,0.0070,-0.0146,0.0339
